layer,source,target,edge_type,edge_subtype,mean_attention,head_1_attention,head_2_attention,head_3_attention,head_4_attention
1,RASGRF1,fu:ea3af571,gene_to_fu,,0.33333224058151245,0.33333125710487366,0.33333808183670044,0.3333338797092438,0.33332574367523193
1,RASGRF2,fu:ea3af571,gene_to_fu,,0.33333447575569153,0.33333200216293335,0.3333348035812378,0.33333027362823486,0.3333408236503601
1,DUSP10,fu:bd9bd64d,gene_to_fu,,0.10000178217887878,0.10000137984752655,0.1000017449259758,0.09999855607748032,0.10000545531511307
1,DUSP1,fu:bd9bd64d,gene_to_fu,,0.09999926388263702,0.10000057518482208,0.099996417760849,0.10000739991664886,0.09999265521764755
1,DUSP2,fu:bd9bd64d,gene_to_fu,,0.10000111907720566,0.10000099241733551,0.09999586641788483,0.10000141710042953,0.10000620037317276
1,DUSP4,fu:bd9bd64d,gene_to_fu,,0.10000254958868027,0.09999914467334747,0.10000533610582352,0.10000832378864288,0.09999736398458481
1,DUSP5,fu:bd9bd64d,gene_to_fu,,0.09999893605709076,0.10000041127204895,0.10000006854534149,0.09999165683984756,0.10000358521938324
1,DUSP6,fu:bd9bd64d,gene_to_fu,,0.10000067204236984,0.10000082105398178,0.10001232475042343,0.09999103099107742,0.09999851137399673
1,DUSP7,fu:bd9bd64d,gene_to_fu,,0.10000115633010864,0.09999914467334747,0.10000509768724442,0.10000122338533401,0.09999915957450867
1,DUSP8,fu:bd9bd64d,gene_to_fu,,0.10000137239694595,0.10000073164701462,0.09999090433120728,0.10000727325677872,0.1000065803527832
1,DUSP9,fu:bd9bd64d,gene_to_fu,,0.09999632090330124,0.09999804198741913,0.09999485313892365,0.10000189393758774,0.09999048709869385
1,DUSP16,fu:bd9bd64d,gene_to_fu,,0.09999686479568481,0.09999879449605942,0.0999973937869072,0.09999126195907593,0.1000000387430191
1,DUSP3,fu:645ada17,gene_to_fu,,0.24998784065246582,0.2499985247850418,0.24997149407863617,0.24999167025089264,0.24998965859413147
1,PTPN7,fu:645ada17,gene_to_fu,,0.2500026226043701,0.249998077750206,0.2500147819519043,0.24999335408210754,0.25000426173210144
1,PTPRR,fu:645ada17,gene_to_fu,,0.2500006854534149,0.24999894201755524,0.2499900460243225,0.2500152289867401,0.24999861419200897
1,PTPN5,fu:645ada17,gene_to_fu,,0.25000885128974915,0.25000447034835815,0.2500236928462982,0.2499997317790985,0.2500075101852417
1,PPM1B,fu:3c67a02d,gene_to_fu,,1.0,1.0,1.0,1.0,1.0
1,FASLG,fu:d4ebbf2b,gene_to_fu,,1.0,1.0,1.0,1.0,1.0
1,MAP4K4,fu:f0d46f11,gene_to_fu,,1.0,1.0,1.0,1.0,1.0
1,PLA2G4B,fu:0c2b138c,gene_to_fu,,0.12500089406967163,0.12500184774398804,0.12500353157520294,0.1250043511390686,0.12499387562274933
1,PLA2G4E,fu:0c2b138c,gene_to_fu,,0.12500111758708954,0.12499900907278061,0.12499895691871643,0.12500408291816711,0.1250024288892746
1,PLA2G4F,fu:0c2b138c,gene_to_fu,,0.12499970197677612,0.12499788403511047,0.12499760091304779,0.1250036358833313,0.12499969452619553
1,PLA2G4D,fu:0c2b138c,gene_to_fu,,0.12499885261058807,0.12500044703483582,0.12499729543924332,0.12499698251485825,0.12500067055225372
1,PLA2G4A,fu:0c2b138c,gene_to_fu,,0.12500068545341492,0.12499885261058807,0.12500277161598206,0.12499576807022095,0.1250053495168686
1,PLA2G4C,fu:0c2b138c,gene_to_fu,,0.1249956265091896,0.12500028312206268,0.12499134242534637,0.12500043213367462,0.12499043345451355
1,JMJD7-PLA2G4B,fu:0c2b138c,gene_to_fu,,0.12500253319740295,0.1250017136335373,0.12500694394111633,0.12500138580799103,0.12500010430812836
1,STMN1,fu:e661480b,gene_to_fu,,0.49999329447746277,0.4999936819076538,0.4999774098396301,0.5000334978103638,0.49996867775917053
1,MAPT,fu:7e702847,gene_to_fu,,0.4999995529651642,0.5000013709068298,0.4999708831310272,0.5000256896018982,0.5000003576278687
1,NFKB1,fu:3c93b301,gene_to_fu,,0.16666418313980103,0.16666465997695923,0.1666656732559204,0.16666279733181,0.16666355729103088
1,NFKB2,fu:3c93b301,gene_to_fu,,0.16666960716247559,0.16666612029075623,0.16665203869342804,0.16667670011520386,0.16668352484703064
1,RELA,fu:3c93b301,gene_to_fu,,0.16667060554027557,0.16666997969150543,0.1666729897260666,0.16667267680168152,0.16666680574417114
1,RELB,fu:3c93b301,gene_to_fu,,0.16666683554649353,0.16666582226753235,0.16667838394641876,0.1666647493839264,0.16665838658809662
1,CHUK,fu:523a744b,gene_to_fu,,0.14286012947559357,0.1428542137145996,0.14285945892333984,0.14287078380584717,0.14285606145858765
1,IKBKB,fu:523a744b,gene_to_fu,,0.142854243516922,0.14285747706890106,0.14284054934978485,0.14286449551582336,0.1428544521331787
1,IKBKG,fu:523a744b,gene_to_fu,,0.14285829663276672,0.14285914599895477,0.14286281168460846,0.1428535431623459,0.14285767078399658
1,MAP3K14,fu:b9ec221f,gene_to_fu,,0.33331432938575745,0.33331865072250366,0.3333413600921631,0.3332615792751312,0.3333357870578766
1,MAPK1,fu:7c6d4d4a,gene_to_fu,,0.16666820645332336,0.166665181517601,0.16665475070476532,0.166672021150589,0.16668090224266052
1,MAPK3,fu:7c6d4d4a,gene_to_fu,,0.16666585206985474,0.16666622459888458,0.1666695773601532,0.16666407883167267,0.1666635125875473
1,LAMTOR3,fu:93eeec94,gene_to_fu,,0.5000055432319641,0.4999978244304657,0.4999913275241852,0.49998319149017334,0.5000498294830322
1,MAP2K2,fu:4781eb07,gene_to_fu,,0.14285418391227722,0.14285807311534882,0.14285072684288025,0.14286461472511292,0.1428433060646057
1,MAP2K1,fu:ee804b17,gene_to_fu,,0.14285624027252197,0.1428556591272354,0.142856627702713,0.14287231862545013,0.14284031093120575
1,RAF1,fu:5324c493,gene_to_fu,,0.3333317041397095,0.3333356976509094,0.3333289623260498,0.3333384692668915,0.33332374691963196
1,BRAF,fu:7cec7b64,gene_to_fu,,0.33333849906921387,0.33333736658096313,0.3333355188369751,0.3333507776260376,0.3333304226398468
1,RASA1,fu:30ad397b,gene_to_fu,,1.0,1.0,1.0,1.0,1.0
1,NF1,fu:3968d652,gene_to_fu,,1.0,1.0,1.0,1.0,1.0
1,PRKCA,fu:6fc31f40,gene_to_fu,,0.3333349823951721,0.3333335518836975,0.33333268761634827,0.33332785964012146,0.33334577083587646
1,PRKCB,fu:6fc31f40,gene_to_fu,,0.33333414793014526,0.33333486318588257,0.33335772156715393,0.33331766724586487,0.3333263695240021
1,PRKCG,fu:6fc31f40,gene_to_fu,,0.3333308696746826,0.3333315849304199,0.3333095908164978,0.33335447311401367,0.3333277702331543
1,RAP1A,fu:5264ac6f,gene_to_fu,,0.33333393931388855,0.3333365023136139,0.3333373963832855,0.3333339989185333,0.33332785964012146
1,RAP1B,fu:5264ac6f,gene_to_fu,,0.3333381712436676,0.3333360254764557,0.33335134387016296,0.3333432376384735,0.33332204818725586
1,PRKACA,fu:0ddd2c17,gene_to_fu,,0.3333345949649811,0.33333954215049744,0.3333348035812378,0.33332860469818115,0.33333539962768555
1,PRKACB,fu:0ddd2c17,gene_to_fu,,0.3333350121974945,0.33333173394203186,0.3333447575569153,0.33333826065063477,0.3333252966403961
1,PRKACG,fu:0ddd2c17,gene_to_fu,,0.3333303928375244,0.3333287537097931,0.33332040905952454,0.3333331346511841,0.33333930373191833
1,RAPGEF2,fu:cbc27d79,gene_to_fu,,1.0,1.0,1.0,1.0,1.0
1,RASA2,fu:7d8d1672,gene_to_fu,,0.5000039339065552,0.4999938905239105,0.5000016689300537,0.5000231266021729,0.4999971091747284
1,RRAS2,fu:cb603216,gene_to_fu,,0.07143137603998184,0.07143127918243408,0.07142861932516098,0.07144193351268768,0.07142365723848343
1,MRAS,fu:cb603216,gene_to_fu,,0.07143339514732361,0.07143092900514603,0.07142447680234909,0.0714365690946579,0.07144159078598022
1,HRAS,fu:cb603216,gene_to_fu,,0.07142733037471771,0.07142812758684158,0.07143534719944,0.07141264528036118,0.0714331790804863
1,KRAS,fu:cb603216,gene_to_fu,,0.07142435014247894,0.07142609357833862,0.07142519950866699,0.07141954451799393,0.07142657786607742
1,NRAS,fu:cb603216,gene_to_fu,,0.07142563164234161,0.07142806053161621,0.0714234709739685,0.07141917198896408,0.07143182307481766
1,RRAS,fu:cb603216,gene_to_fu,,0.07143427431583405,0.07143022865056992,0.07144962251186371,0.07143121212720871,0.07142601907253265
1,RASGRP1,fu:a6602c7f,gene_to_fu,,0.2000005692243576,0.19999778270721436,0.1999959498643875,0.20000040531158447,0.20000813901424408
1,RASGRP2,fu:a6602c7f,gene_to_fu,,0.199997216463089,0.19999808073043823,0.20000535249710083,0.20000335574150085,0.19998206198215485
1,RASGRP4,fu:a6602c7f,gene_to_fu,,0.19999954104423523,0.1999988853931427,0.19999095797538757,0.19999542832374573,0.2000129073858261
1,RASGRP3,fu:a6602c7f,gene_to_fu,,0.20000484585762024,0.2000037133693695,0.2000090479850769,0.2000066041946411,0.20000003278255463
1,SOS1,fu:9bd0df30,gene_to_fu,,0.49999508261680603,0.4999972879886627,0.49999329447746277,0.5000027418136597,0.4999869763851166
1,SOS2,fu:9bd0df30,gene_to_fu,,0.5000049471855164,0.5000026822090149,0.5000067353248596,0.4999972879886627,0.5000130534172058
1,GNA12,fu:c3d880e8,gene_to_fu,,0.499950110912323,0.5000025629997253,0.4999717175960541,0.49995312094688416,0.4998731017112732
1,GNG12,fu:c3d880e8,gene_to_fu,,0.500049889087677,0.49999743700027466,0.5000282526016235,0.5000469088554382,0.5001268982887268
1,GRB2,fu:0d65318d,gene_to_fu,,0.49999237060546875,0.49999305605888367,0.5000123381614685,0.49998489022254944,0.4999792277812958
1,CSF1R,fu:727cb396,gene_to_fu,,0.03703778609633446,0.03703702241182327,0.03703835979104042,0.03703811392188072,0.037037644535303116
1,EGFR,fu:727cb396,gene_to_fu,,0.03703673556447029,0.037036750465631485,0.037037353962659836,0.03703485429286957,0.037037987262010574
1,EPHA2,fu:727cb396,gene_to_fu,,0.03703790158033371,0.037037309259176254,0.037039004266262054,0.037036992609500885,0.03703830763697624
1,ERBB2,fu:727cb396,gene_to_fu,,0.03703652322292328,0.03703702986240387,0.0370374396443367,0.03703508898615837,0.03703653812408447
1,ERBB3,fu:727cb396,gene_to_fu,,0.03703765571117401,0.037037577480077744,0.03703857958316803,0.03703808784484863,0.03703637793660164
1,ERBB4,fu:727cb396,gene_to_fu,,0.03703717514872551,0.03703746944665909,0.03703836724162102,0.03703560680150986,0.03703726455569267
1,FGFR1,fu:727cb396,gene_to_fu,,0.0370374470949173,0.03703751415014267,0.03703776374459267,0.03703732788562775,0.03703718259930611
1,FGFR3,fu:727cb396,gene_to_fu,,0.03703645244240761,0.03703707084059715,0.037038952112197876,0.03703615814447403,0.037033628672361374
1,FGFR2,fu:727cb396,gene_to_fu,,0.03703751787543297,0.037036970257759094,0.0370364785194397,0.03703877329826355,0.03703784570097923
1,FGFR4,fu:727cb396,gene_to_fu,,0.037037916481494904,0.037037093192338943,0.037039514631032944,0.03703903406858444,0.03703601658344269
1,FLT1,fu:727cb396,gene_to_fu,,0.037037692964076996,0.03703717514872551,0.037036485970020294,0.03703906014561653,0.037038061767816544
1,FLT3,fu:727cb396,gene_to_fu,,0.03703814744949341,0.03703688830137253,0.03704172745347023,0.03703552111983299,0.037038445472717285
1,FLT4,fu:727cb396,gene_to_fu,,0.03703738749027252,0.03703698515892029,0.037039294838905334,0.03703765571117401,0.03703560680150986
1,IGF1R,fu:727cb396,gene_to_fu,,0.03703566640615463,0.03703702986240387,0.03703625127673149,0.037033192813396454,0.037036195397377014
1,INSR,fu:727cb396,gene_to_fu,,0.037036824971437454,0.037036996334791183,0.037037983536720276,0.037036117166280746,0.037036191672086716
1,KDR,fu:727cb396,gene_to_fu,,0.03703711926937103,0.037037018686532974,0.037036724388599396,0.03703807294368744,0.03703665733337402
1,KIT,fu:727cb396,gene_to_fu,,0.037038594484329224,0.03703752160072327,0.03703715652227402,0.037038590759038925,0.03704111650586128
1,MET,fu:727cb396,gene_to_fu,,0.03703713417053223,0.03703681752085686,0.03703751042485237,0.03703729435801506,0.03703690320253372
1,NGFR,fu:727cb396,gene_to_fu,,0.03703581541776657,0.03703629970550537,0.0370354987680912,0.037035778164863586,0.03703568875789642
1,NTRK1,fu:727cb396,gene_to_fu,,0.03703709691762924,0.03703693300485611,0.03703451156616211,0.037040501832962036,0.03703644499182701
1,NTRK2,fu:727cb396,gene_to_fu,,0.0370359905064106,0.03703697770833969,0.03703191503882408,0.03703749552369118,0.03703758120536804
1,PDGFRA,fu:727cb396,gene_to_fu,,0.03703790158033371,0.03703707829117775,0.037035029381513596,0.03704075142741203,0.03703875094652176
1,PDGFRB,fu:727cb396,gene_to_fu,,0.03703520819544792,0.03703681007027626,0.03703257814049721,0.03703593090176582,0.0370355099439621
1,RET,fu:727cb396,gene_to_fu,,0.03703644499182701,0.03703682869672775,0.03703579306602478,0.03703765198588371,0.037035513669252396
1,TEK,fu:727cb396,gene_to_fu,,0.03703637421131134,0.03703637793660164,0.037034545093774796,0.03703588619828224,0.03703868389129639
1,CACNG3,fu:bd379c39,gene_to_fu,,0.03846137970685959,0.03846164047718048,0.03845813497900963,0.03846556320786476,0.03846018388867378
1,CACNG2,fu:bd379c39,gene_to_fu,,0.0384603776037693,0.038462571799755096,0.038452573120594025,0.03846411406993866,0.03846224769949913
1,CACNG5,fu:bd379c39,gene_to_fu,,0.0384613536298275,0.03846162557601929,0.03845389559864998,0.03846459463238716,0.038465309888124466
1,CACNG4,fu:bd379c39,gene_to_fu,,0.03846180811524391,0.038461897522211075,0.03846081346273422,0.03846243396401405,0.038462091237306595
1,CACNA2D3,fu:bd379c39,gene_to_fu,,0.03846084326505661,0.03846104443073273,0.0384611152112484,0.038460686802864075,0.03846052661538124
1,CACNG8,fu:bd379c39,gene_to_fu,,0.038463689386844635,0.03846175596117973,0.038460832089185715,0.03846687078475952,0.03846530616283417
1,CACNG7,fu:bd379c39,gene_to_fu,,0.03846000134944916,0.03846224024891853,0.03846043720841408,0.03845798596739769,0.03845933824777603
1,CACNG6,fu:bd379c39,gene_to_fu,,0.03846200928092003,0.03846020624041557,0.03846602886915207,0.03846365585923195,0.03845815360546112
1,CACNA1A,fu:bd379c39,gene_to_fu,,0.038462068885564804,0.038461629301309586,0.03846168518066406,0.03846319764852524,0.03846177086234093
1,CACNA1B,fu:bd379c39,gene_to_fu,,0.03846064582467079,0.038461197167634964,0.038460079580545425,0.03846258670091629,0.03845871612429619
1,CACNA1C,fu:bd379c39,gene_to_fu,,0.038460515439510345,0.03846152871847153,0.03846017271280289,0.038460277020931244,0.038460083305835724
1,CACNA1D,fu:bd379c39,gene_to_fu,,0.038460828363895416,0.03846132010221481,0.038461294025182724,0.038460422307252884,0.03846028447151184
1,CACNA1E,fu:bd379c39,gene_to_fu,,0.038461703807115555,0.038461316376924515,0.03846292942762375,0.03846236318349838,0.038460202515125275
1,CACNA1F,fu:bd379c39,gene_to_fu,,0.03846124932169914,0.038461364805698395,0.03845914453268051,0.038463346660137177,0.03846113756299019
1,CACNA1S,fu:bd379c39,gene_to_fu,,0.03846055269241333,0.03846163675189018,0.03846025466918945,0.038461845368146896,0.03845847025513649
1,CACNA2D1,fu:bd379c39,gene_to_fu,,0.038461290299892426,0.038461823016405106,0.03846268355846405,0.03845805674791336,0.038462601602077484
1,CACNB1,fu:bd379c39,gene_to_fu,,0.038462258875370026,0.038461316376924515,0.03846248239278793,0.038464244455099106,0.038460977375507355
1,CACNB2,fu:bd379c39,gene_to_fu,,0.03846278414130211,0.03846178203821182,0.03846192732453346,0.03846266120672226,0.03846476599574089
1,CACNB3,fu:bd379c39,gene_to_fu,,0.03846243768930435,0.03846206143498421,0.038463812321424484,0.03845836594700813,0.038465507328510284
1,CACNB4,fu:bd379c39,gene_to_fu,,0.038463495671749115,0.03846122324466705,0.0384688563644886,0.03845949098467827,0.03846440464258194
1,CACNG1,fu:bd379c39,gene_to_fu,,0.03846383094787598,0.0384618416428566,0.0384683832526207,0.03846132382750511,0.0384637713432312
1,CACNA1I,fu:bd379c39,gene_to_fu,,0.0384615920484066,0.038461580872535706,0.03846164420247078,0.03846019133925438,0.03846294805407524
1,CACNA1H,fu:bd379c39,gene_to_fu,,0.03846098855137825,0.038461461663246155,0.038460854440927505,0.03846035152673721,0.03846128657460213
1,CACNA1G,fu:bd379c39,gene_to_fu,,0.03846149146556854,0.038461580872535706,0.038462888449430466,0.038460392504930496,0.0384611040353775
1,CACNA2D2,fu:bd379c39,gene_to_fu,,0.03846094012260437,0.03846077620983124,0.03846585378050804,0.03845721110701561,0.038459908217191696
1,CACNA2D4,fu:bd379c39,gene_to_fu,,0.038459815084934235,0.038461409509181976,0.03846114128828049,0.03845783323049545,0.03845888003706932
1,NR4A1,fu:14d50a78,gene_to_fu,,0.5000002980232239,0.5000038743019104,0.5000093579292297,0.5000041723251343,0.4999837577342987
1,MAPK7,fu:f05aba10,gene_to_fu,,0.5000033378601074,0.4999956786632538,0.4999886453151703,0.5000274181365967,0.5000017881393433
1,MAP2K5,fu:faf1b7e0,gene_to_fu,,1.0,1.0,1.0,1.0,1.0
1,NLK,fu:db8a4a8a,gene_to_fu,,0.5000157356262207,0.5000008940696716,0.5000078678131104,0.5000359416007996,0.5000180602073669
1,CDC25B,fu:e45fbd5c,gene_to_fu,,0.5000010132789612,0.4999980628490448,0.5000060200691223,0.49999257922172546,0.5000073909759521
1,RPS6KA4,fu:b8ada536,gene_to_fu,,0.3333367109298706,0.3333306908607483,0.3333093225955963,0.33337095379829407,0.33333590626716614
1,RPS6KA5,fu:b8ada536,gene_to_fu,,0.3333379328250885,0.3333345353603363,0.3333471715450287,0.3333185613155365,0.3333514630794525
1,MAPKAPK3,fu:8c7ba104,gene_to_fu,,0.3333320617675781,0.33333003520965576,0.33328571915626526,0.3333571255207062,0.33335545659065247
1,MAPKAPK2,fu:8c7ba104,gene_to_fu,,0.3333398699760437,0.3333299160003662,0.33334118127822876,0.33336058259010315,0.3333278000354767
1,ATF4,fu:7bca3a7b,gene_to_fu,,0.33332473039627075,0.3333292603492737,0.33330968022346497,0.3333447277545929,0.3333151936531067
1,MEF2C,fu:f101a6f1,gene_to_fu,,0.49999719858169556,0.5000020861625671,0.5000117421150208,0.4999898076057434,0.4999851882457733
1,MAX,fu:45df5340,gene_to_fu,,0.5000103712081909,0.500005304813385,0.5000125765800476,0.5000308752059937,0.49999260902404785
1,DDIT3,fu:dda08e08,gene_to_fu,,0.5000178217887878,0.5000084638595581,0.500006377696991,0.5000544190406799,0.5000022053718567
1,ELK4,fu:0a37beb9,gene_to_fu,,0.4999876320362091,0.4999954402446747,0.4999556839466095,0.500007152557373,0.4999922811985016
1,TP53,fu:31725aa3,gene_to_fu,,0.3333383798599243,0.33333587646484375,0.33334895968437195,0.3333292603492737,0.3333394229412079
1,ELK1,fu:5fde3828,gene_to_fu,,0.33334746956825256,0.33333128690719604,0.3333485424518585,0.33336448669433594,0.33334553241729736
1,ATF2,fu:bfc9ae48,gene_to_fu,,0.49999743700027466,0.4999968111515045,0.5000035166740417,0.5000049471855164,0.4999844431877136
1,MAPK14,fu:5800992d,gene_to_fu,,0.12499692291021347,0.12499882280826569,0.12498804926872253,0.12500107288360596,0.12499972432851791
1,MAPK11,fu:5800992d,gene_to_fu,,0.12500081956386566,0.12499932199716568,0.1250026673078537,0.12500694394111633,0.12499435991048813
1,MAPK13,fu:5800992d,gene_to_fu,,0.12499716132879257,0.12499900162220001,0.12499772012233734,0.12500117719173431,0.12499072402715683
1,MAPK12,fu:5800992d,gene_to_fu,,0.1250040978193283,0.12500333786010742,0.12499772012233734,0.12500619888305664,0.12500913441181183
1,PPP5C,fu:306b6021,gene_to_fu,,1.0,1.0,1.0,1.0,1.0
1,MAP2K6,fu:5e60e9dc,gene_to_fu,,0.14285145699977875,0.14285467565059662,0.14284515380859375,0.1428491622209549,0.14285683631896973
1,MAP2K3,fu:416a5afd,gene_to_fu,,0.1428506076335907,0.1428551971912384,0.14284704625606537,0.14283989369869232,0.1428602933883667
1,DUSP10,fu:da3df1ca,gene_to_fu,,0.12500222027301788,0.1250019371509552,0.12500356137752533,0.12499794363975525,0.12500543892383575
1,DUSP2,fu:da3df1ca,gene_to_fu,,0.12500140070915222,0.125001460313797,0.12499621510505676,0.12500151991844177,0.12500637769699097
1,DUSP4,fu:da3df1ca,gene_to_fu,,0.1250031739473343,0.12499914318323135,0.12500804662704468,0.1250101625919342,0.12499532848596573
1,DUSP5,fu:da3df1ca,gene_to_fu,,0.12499865889549255,0.1250007301568985,0.125001460313797,0.12498932331800461,0.12500309944152832
1,DUSP7,fu:da3df1ca,gene_to_fu,,0.1250014305114746,0.12499913573265076,0.1250077486038208,0.12500128149986267,0.1249975711107254
1,DUSP8,fu:da3df1ca,gene_to_fu,,0.1250016987323761,0.12500113248825073,0.12499000132083893,0.12500883638858795,0.12500685453414917
1,DUSP9,fu:da3df1ca,gene_to_fu,,0.1249953880906105,0.12499776482582092,0.12499494105577469,0.12500211596488953,0.12498673051595688
1,DUSP16,fu:da3df1ca,gene_to_fu,,0.12499607354402542,0.12499870359897614,0.12499811500310898,0.12498882412910461,0.12499866634607315
1,DUSP3,fu:7da6eba5,gene_to_fu,,0.24998784065246582,0.2499985247850418,0.24997149407863617,0.24999167025089264,0.24998965859413147
1,PTPN7,fu:7da6eba5,gene_to_fu,,0.2500026226043701,0.249998077750206,0.2500147819519043,0.24999335408210754,0.25000426173210144
1,PTPRR,fu:7da6eba5,gene_to_fu,,0.2500006854534149,0.24999894201755524,0.2499900460243225,0.2500152289867401,0.24999861419200897
1,PTPN5,fu:7da6eba5,gene_to_fu,,0.25000885128974915,0.25000447034835815,0.2500236928462982,0.2499997317790985,0.2500075101852417
1,PPM1A,fu:5dc42453,gene_to_fu,,1.0,1.0,1.0,1.0,1.0
1,AKT3,fu:41203a8a,gene_to_fu,,0.3333340883255005,0.3333355188369751,0.3333207070827484,0.333340585231781,0.33333948254585266
1,AKT1,fu:41203a8a,gene_to_fu,,0.3333284854888916,0.33333373069763184,0.3333134055137634,0.33333253860473633,0.3333342671394348
1,AKT2,fu:41203a8a,gene_to_fu,,0.3333374261856079,0.3333306908607483,0.33336585760116577,0.33332690596580505,0.3333262801170349
1,TAOK3,fu:0c8f7154,gene_to_fu,,0.3333325982093811,0.33333244919776917,0.3333365321159363,0.3333231806755066,0.3333381712436676
1,TAOK1,fu:0c8f7154,gene_to_fu,,0.3333369195461273,0.33333879709243774,0.33334338665008545,0.3333253264427185,0.3333401679992676
1,TAOK2,fu:0c8f7154,gene_to_fu,,0.33333051204681396,0.3333287835121155,0.33332011103630066,0.3333514630794525,0.33332163095474243
1,MAP3K4,fu:8cf03d63,gene_to_fu,,0.4999987483024597,0.49999818205833435,0.5000025629997253,0.4999915659427643,0.5000028014183044
1,HSPB1,fu:6953fac9,gene_to_fu,,0.33334997296333313,0.333333820104599,0.33332160115242004,0.3333772122859955,0.333367258310318
1,MAP3K7,fu:cabad419,gene_to_fu,,0.25000491738319397,0.25000104308128357,0.24999256432056427,0.25001081824302673,0.2500152885913849
1,MAP3K5,fu:aacf07bb,gene_to_fu,,0.1999988704919815,0.19999822974205017,0.1999993920326233,0.20000141859054565,0.19999639689922333
1,MAP3K6,fu:e9c5128e,gene_to_fu,,1.0,1.0,1.0,1.0,1.0
1,MAP3K20,fu:8ce177b4,gene_to_fu,,1.0,1.0,1.0,1.0,1.0
1,MAP3K12,fu:1ee1c600,gene_to_fu,,0.49999213218688965,0.49999678134918213,0.4999997913837433,0.4999925196170807,0.49997952580451965
1,MAP3K13,fu:1ee1c600,gene_to_fu,,0.5000078082084656,0.5000032186508179,0.5000001788139343,0.5000075101852417,0.500020444393158
1,MAP3K9,fu:e7b77b07,gene_to_fu,,0.3333263695240021,0.33333200216293335,0.3333381414413452,0.3333143889904022,0.3333210051059723
1,MAP3K10,fu:e7b77b07,gene_to_fu,,0.33333954215049744,0.33333420753479004,0.3333236873149872,0.33334970474243164,0.3333505094051361
1,MAP3K21,fu:e7b77b07,gene_to_fu,,0.3333341181278229,0.333333820104599,0.3333381712436676,0.3333359658718109,0.3333284556865692
1,MAP4K2,fu:b8f9f795,gene_to_fu,,0.49999070167541504,0.49999508261680603,0.49997320771217346,0.49999943375587463,0.4999951422214508
1,STK3,fu:b9db94ef,gene_to_fu,,0.33332857489585876,0.33333346247673035,0.33331191539764404,0.333331823348999,0.33333706855773926
1,STK4,fu:b9db94ef,gene_to_fu,,0.33333542943000793,0.33333244919776917,0.33330896496772766,0.33335575461387634,0.33334460854530334
1,ECSIT,fu:3285e573,gene_to_fu,,1.0,1.0,1.0,1.0,1.0
1,TAB2,fu:545ebf7d,gene_to_fu,,1.0,1.0,1.0,1.0,1.0
1,TAB1,fu:d7d24a4c,gene_to_fu,,0.2500135898590088,0.2500012218952179,0.25001761317253113,0.25001436471939087,0.25002115964889526
1,GADD45G,fu:41822415,gene_to_fu,,0.33334723114967346,0.333324134349823,0.3333371579647064,0.333351194858551,0.33337652683258057
1,GADD45A,fu:41822415,gene_to_fu,,0.33334094285964966,0.3333304226398468,0.33335328102111816,0.3333152234554291,0.3333648443222046
1,GADD45B,fu:41822415,gene_to_fu,,0.3333117961883545,0.3333454728126526,0.3333095908164978,0.3333335518836975,0.33325859904289246
1,TRAF6,fu:4d346bcc,gene_to_fu,,0.24999886751174927,0.2500007748603821,0.24998100101947784,0.2500058114528656,0.25000783801078796
1,DAXX,fu:02465256,gene_to_fu,,0.33332645893096924,0.3333372473716736,0.333308607339859,0.33333921432495117,0.3333207666873932
1,TRAF2,fu:af1b2d2f,gene_to_fu,,0.4999954104423523,0.499993234872818,0.49999961256980896,0.5000108480453491,0.4999779164791107
1,CASP3,fu:eda4acea,gene_to_fu,,0.5000084638595581,0.5000030994415283,0.5000337958335876,0.4999963641166687,0.5000005960464478
1,CD14,fu:cec976f1,gene_to_fu,,1.0,1.0,1.0,1.0,1.0
1,TGFBR1,fu:e1dd59a5,gene_to_fu,,0.33334383368492126,0.3333330452442169,0.33331984281539917,0.333374559879303,0.3333479166030884
1,TGFBR2,fu:e1dd59a5,gene_to_fu,,0.3333233892917633,0.33333295583724976,0.3333362936973572,0.333310604095459,0.3333136737346649
1,FAS,fu:12950895,gene_to_fu,,0.4999944567680359,0.49999523162841797,0.5000023245811462,0.49999335408210754,0.499986857175827
1,IL1R1,fu:9274968e,gene_to_fu,,0.3333185315132141,0.33333033323287964,0.3333096504211426,0.3333212435245514,0.3333129286766052
1,IL1RAP,fu:9274968e,gene_to_fu,,0.33334410190582275,0.333333283662796,0.3333604037761688,0.33333897590637207,0.3333437740802765
1,TNFRSF1A,fu:cb1c88d1,gene_to_fu,,0.49998947978019714,0.49999895691871643,0.4999862313270569,0.499998539686203,0.4999741017818451
1,TGFB1,fu:619d8916,gene_to_fu,,0.3333321213722229,0.3333372175693512,0.333300918340683,0.3333500027656555,0.33334028720855713
1,TGFB2,fu:619d8916,gene_to_fu,,0.33333420753479004,0.3333342969417572,0.3333529531955719,0.33333760499954224,0.33331209421157837
1,TGFB3,fu:619d8916,gene_to_fu,,0.33333367109298706,0.3333284854888916,0.33334609866142273,0.33331239223480225,0.3333476185798645
1,IL1A,fu:5b3ce1d9,gene_to_fu,,0.5000094771385193,0.49999719858169556,0.4999972879886627,0.5000165104866028,0.5000269412994385
1,IL1B,fu:5b3ce1d9,gene_to_fu,,0.4999905228614807,0.5000028014183044,0.5000026822090149,0.4999834895133972,0.4999730885028839
1,TNF,fu:93677f06,gene_to_fu,,1.0,1.0,1.0,1.0,1.0
1,MAPKAPK5,fu:9ac97dd2,gene_to_fu,,0.4999902546405792,0.4999931752681732,0.49995115399360657,0.5000237226486206,0.4999929666519165
1,RAC1,fu:e2794b69,gene_to_fu,,0.25000572204589844,0.24999600648880005,0.25000467896461487,0.25001469254493713,0.2500075399875641
1,RAC2,fu:e2794b69,gene_to_fu,,0.24999848008155823,0.24999701976776123,0.2500206530094147,0.2499932050704956,0.24998310208320618
1,RAC3,fu:e2794b69,gene_to_fu,,0.24999746680259705,0.24999535083770752,0.2500101625919342,0.24998800456523895,0.2499963790178299
1,CDC42,fu:e2794b69,gene_to_fu,,0.2499982863664627,0.2500116229057312,0.24996449053287506,0.2500040531158447,0.25001299381256104
1,PAK1,fu:9a263ecd,gene_to_fu,,0.2500033974647522,0.2499997317790985,0.24999570846557617,0.25000324845314026,0.2500149607658386
1,PAK2,fu:9a263ecd,gene_to_fu,,0.25001052021980286,0.2499997466802597,0.2500090003013611,0.2500154674053192,0.2500178813934326
1,MAP3K2,fu:6dc0c7f6,gene_to_fu,,0.3333396911621094,0.33333516120910645,0.33333855867385864,0.33335021138191223,0.3333348035812378
1,MAP3K3,fu:6dc0c7f6,gene_to_fu,,0.33333268761634827,0.33333155512809753,0.33334052562713623,0.3333269953727722,0.3333316743373871
1,MAPK8IP2,fu:92589075,gene_to_fu,,0.4999866485595703,0.5000023245811462,0.49999701976776123,0.4999862611293793,0.4999609887599945
1,MAPK8IP1,fu:92589075,gene_to_fu,,0.5000133514404297,0.49999764561653137,0.5000029802322388,0.5000137686729431,0.5000389814376831
1,MAP3K11,fu:28d07664,gene_to_fu,,0.3333387076854706,0.3333330750465393,0.33332741260528564,0.3333507776260376,0.33334359526634216
1,MAP2K7,fu:66672553,gene_to_fu,,0.14285758137702942,0.1428583562374115,0.14284805953502655,0.14286179840564728,0.14286217093467712
1,MAPK8,fu:fefb3eac,gene_to_fu,,0.10000116378068924,0.09999903291463852,0.09999402612447739,0.10000844299793243,0.10000315308570862
1,MAPK9,fu:fefb3eac,gene_to_fu,,0.0999985858798027,0.09999781101942062,0.09999015927314758,0.10001151263713837,0.09999486804008484
1,MAPK10,fu:fefb3eac,gene_to_fu,,0.09999945759773254,0.09999766945838928,0.09999124705791473,0.10000959038734436,0.09999929368495941
1,MAP2K4,fu:d7921de4,gene_to_fu,,0.2500080466270447,0.25000467896461487,0.2499919831752777,0.2500172257423401,0.25001823902130127
1,CRK,fu:5d3f8d6d,gene_to_fu,,0.2500056326389313,0.25000035762786865,0.25002312660217285,0.25000831484794617,0.24999070167541504
1,CRKL,fu:5d3f8d6d,gene_to_fu,,0.24999235570430756,0.2500011920928955,0.24996571242809296,0.24999812245368958,0.2500043511390686
1,ARRB1,fu:05519816,gene_to_fu,,0.3333347737789154,0.33333203196525574,0.33333078026771545,0.33334505558013916,0.33333125710487366
1,ARRB2,fu:05519816,gene_to_fu,,0.3333374559879303,0.3333371579647064,0.3333375155925751,0.3333202004432678,0.3333549499511719
1,MECOM,fu:6a22a160,gene_to_fu,,1.0,1.0,1.0,1.0,1.0
1,HSPA1A,fu:5fff24cf,gene_to_fu,,0.19999954104423523,0.20000045001506805,0.1999926120042801,0.2000037431716919,0.20000138878822327
1,HSPA1B,fu:5fff24cf,gene_to_fu,,0.19999954104423523,0.20000040531158447,0.1999926120042801,0.2000037133693695,0.20000144839286804
1,HSPA1L,fu:5fff24cf,gene_to_fu,,0.1999940276145935,0.1999989002943039,0.20000019669532776,0.199989452958107,0.19998762011528015
1,HSPA6,fu:5fff24cf,gene_to_fu,,0.20000462234020233,0.20000050961971283,0.20000450313091278,0.20000165700912476,0.20001178979873657
1,HSPA8,fu:5fff24cf,gene_to_fu,,0.2000022530555725,0.19999969005584717,0.20001010596752167,0.20000144839286804,0.19999779760837555
1,JUND,fu:f5686479,gene_to_fu,,0.5000078082084656,0.4999958574771881,0.5000255703926086,0.4999825060367584,0.5000272989273071
1,FOS,fu:1b813b45,gene_to_fu,,0.33333104848861694,0.33333927392959595,0.3333181142807007,0.33333444595336914,0.3333323895931244
1,JUN,fu:1b813b45,gene_to_fu,,0.33333760499954224,0.33332663774490356,0.33334222435951233,0.3333544135093689,0.3333270251750946
1,NFATC3,fu:55bfa81d,gene_to_fu,,0.3333309292793274,0.3333320915699005,0.33332931995391846,0.333344042301178,0.33331820368766785
1,NFATC1,fu:73b76124,gene_to_fu,,0.3333301544189453,0.3333362936973572,0.3333164155483246,0.3333594501018524,0.3333083987236023
1,PPP3CA,fu:ff2e7a0f,gene_to_fu,,0.19999215006828308,0.19999995827674866,0.19997453689575195,0.20001006126403809,0.19998404383659363
1,PPP3CB,fu:ff2e7a0f,gene_to_fu,,0.19999556243419647,0.20000016689300537,0.19999366998672485,0.20000967383384705,0.1999787539243698
1,PPP3CC,fu:ff2e7a0f,gene_to_fu,,0.2000013142824173,0.19999806582927704,0.200002983212471,0.2000168263912201,0.19998733699321747
1,PPP3R1,fu:ff2e7a0f,gene_to_fu,,0.2000001221895218,0.1999991536140442,0.2000138908624649,0.19998368620872498,0.20000378787517548
1,PPP3R2,fu:ff2e7a0f,gene_to_fu,,0.20001086592674255,0.20000261068344116,0.20001491904258728,0.19997979700565338,0.200046107172966
1,MAPK8IP3,fu:be5424aa,gene_to_fu,,0.20000039041042328,0.20000037550926208,0.20000989735126495,0.19999778270721436,0.19999350607395172
1,FLNA,fu:d00c086a,gene_to_fu,,0.5000011324882507,0.49999746680259705,0.4999880790710449,0.5000067353248596,0.5000120997428894
1,MAP3K1,fu:210acb65,gene_to_fu,,0.12499949336051941,0.125,0.12500381469726562,0.12499898672103882,0.1249951720237732
1,MAP3K8,fu:eadbb23d,gene_to_fu,,1.0,1.0,1.0,1.0,1.0
1,MAP4K1,fu:c7fdd986,gene_to_fu,,0.5000110268592834,0.5000049471855164,0.49997976422309875,0.5000364780426025,0.500022828578949
1,MAP4K3,fu:d0d79cd1,gene_to_fu,,1.0,1.0,1.0,1.0,1.0
1,FOS,fu:5926e68e,gene_to_fu,,0.4999997615814209,0.5000038743019104,0.49998387694358826,0.500017523765564,0.49999383091926575
1,SRF,fu:dc542d4d,gene_to_fu,,1.0,1.0,1.0,1.0,1.0
1,MYC,fu:fc6a389a,gene_to_fu,,1.0,1.0,1.0,1.0,1.0
1,ELK4,fu:f449b983,gene_to_fu,,0.33332234621047974,0.3333292603492737,0.33329394459724426,0.3333396911621094,0.3333264887332916
1,ELK1,fu:7b593a5c,gene_to_fu,,0.33334746956825256,0.33333128690719604,0.3333485424518585,0.33336448669433594,0.33334553241729736
1,ATF4,fu:f64183b7,gene_to_fu,,0.33332473039627075,0.3333292603492737,0.33330968022346497,0.3333447277545929,0.3333151936531067
1,RPS6KA6,fu:99084968,gene_to_fu,,0.20000633597373962,0.2000008076429367,0.20000702142715454,0.20000867545604706,0.200008824467659
1,RPS6KA1,fu:99084968,gene_to_fu,,0.20000092685222626,0.1999988704919815,0.19999366998672485,0.20000649988651276,0.2000047117471695
1,RPS6KA2,fu:99084968,gene_to_fu,,0.1999971717596054,0.20000019669532776,0.19999264180660248,0.19999678432941437,0.19999907910823822
1,RPS6KA3,fu:99084968,gene_to_fu,,0.1999976933002472,0.1999996304512024,0.19998687505722046,0.20000459253787994,0.19999969005584717
1,MKNK2,fu:642e62d6,gene_to_fu,,0.333342581987381,0.3333301544189453,0.3333299160003662,0.3333547115325928,0.33335554599761963
1,MKNK1,fu:642e62d6,gene_to_fu,,0.33332833647727966,0.3333319127559662,0.3333316445350647,0.3333263099193573,0.3333234488964081
1,EFNA4-EFNA3,fu:0d329cca,gene_to_fu,,0.01818200573325157,0.018181858584284782,0.01818239502608776,0.01817968860268593,0.018184084445238113
1,CSF1,fu:0d329cca,gene_to_fu,,0.018182164058089256,0.01818256638944149,0.01818166859447956,0.018182817846536636,0.018181603401899338
1,EFNA1,fu:0d329cca,gene_to_fu,,0.018181780353188515,0.018181312829256058,0.018179861828684807,0.01818162389099598,0.018184324726462364
1,EFNA2,fu:0d329cca,gene_to_fu,,0.018182596191763878,0.01818191446363926,0.018179673701524734,0.018184330314397812,0.018184462562203407
1,EFNA3,fu:0d329cca,gene_to_fu,,0.01818184368312359,0.018181603401899338,0.018184002488851547,0.01817960850894451,0.018182160332798958
1,EFNA4,fu:0d329cca,gene_to_fu,,0.018182866275310516,0.01818155124783516,0.01817919872701168,0.018185364082455635,0.018185356631875038
1,EFNA5,fu:0d329cca,gene_to_fu,,0.01818189211189747,0.018182292580604553,0.018182501196861267,0.01818220131099224,0.018180571496486664
1,EGF,fu:0d329cca,gene_to_fu,,0.018181530758738518,0.018181921914219856,0.018182169646024704,0.01818053424358368,0.018181493505835533
1,EREG,fu:0d329cca,gene_to_fu,,0.01818212866783142,0.01818179339170456,0.018186017870903015,0.018182508647441864,0.018178192898631096
1,FGF1,fu:0d329cca,gene_to_fu,,0.01818322390317917,0.01818169094622135,0.018186025321483612,0.01818333938717842,0.018181845545768738
1,FGF2,fu:0d329cca,gene_to_fu,,0.01818183995783329,0.018181046470999718,0.018184946849942207,0.018179286271333694,0.01818207837641239
1,FGF3,fu:0d329cca,gene_to_fu,,0.018182123079895973,0.018182147294282913,0.018181156367063522,0.0181838758289814,0.01818131096661091
1,FGF4,fu:0d329cca,gene_to_fu,,0.01818103715777397,0.01818202994763851,0.01818089187145233,0.01817893795669079,0.018182288855314255
1,FGF5,fu:0d329cca,gene_to_fu,,0.018182389438152313,0.018182504922151566,0.018182050436735153,0.018180865794420242,0.01818414032459259
1,FGF6,fu:0d329cca,gene_to_fu,,0.018181949853897095,0.01818188838660717,0.018182696774601936,0.01818099245429039,0.018182221800088882
1,FGF7,fu:0d329cca,gene_to_fu,,0.018182232975959778,0.01818157732486725,0.01818186230957508,0.01818068139255047,0.018184812739491463
1,FGF8,fu:0d329cca,gene_to_fu,,0.018181804567575455,0.01818171702325344,0.01818212866783142,0.018181979656219482,0.018181387335062027
1,FGF9,fu:0d329cca,gene_to_fu,,0.018180524930357933,0.018182160332798958,0.01818023808300495,0.01817965880036354,0.018180040642619133
1,FGF10,fu:0d329cca,gene_to_fu,,0.01818174123764038,0.018181724473834038,0.01818177103996277,0.018179766833782196,0.01818370260298252
1,VEGFD,fu:0d329cca,gene_to_fu,,0.018182728439569473,0.018181942403316498,0.018183188512921333,0.018181296065449715,0.018184492364525795
1,FLT3LG,fu:0d329cca,gene_to_fu,,0.018180476501584053,0.018181180581450462,0.018177229911088943,0.01818397454917431,0.018179520964622498
1,FGF20,fu:0d329cca,gene_to_fu,,0.018181832507252693,0.018182408064603806,0.018182244151830673,0.018182693049311638,0.018179982900619507
1,FGF21,fu:0d329cca,gene_to_fu,,0.01818189024925232,0.01818130537867546,0.018179595470428467,0.01818285882472992,0.01818380318582058
1,GDNF,fu:0d329cca,gene_to_fu,,0.01818082109093666,0.01818172261118889,0.01818111725151539,0.018182450905442238,0.01817799173295498
1,FGF22,fu:0d329cca,gene_to_fu,,0.01818198338150978,0.018182124942541122,0.01818215474486351,0.018181519582867622,0.018182136118412018
1,ANGPT1,fu:0d329cca,gene_to_fu,,0.01818188652396202,0.01818203367292881,0.018182750791311264,0.018181631341576576,0.01818113401532173
1,ANGPT2,fu:0d329cca,gene_to_fu,,0.01818247139453888,0.01818196475505829,0.018183551728725433,0.018182797357439995,0.018181568011641502
1,HGF,fu:0d329cca,gene_to_fu,,0.018181905150413513,0.018181772902607918,0.0181826613843441,0.01818142831325531,0.018181759864091873
1,IGF1,fu:0d329cca,gene_to_fu,,0.018183045089244843,0.01818225532770157,0.018180325627326965,0.01818303018808365,0.018186572939157486
1,IGF2,fu:0d329cca,gene_to_fu,,0.018182041123509407,0.018181204795837402,0.01818043179810047,0.018182968720793724,0.01818355731666088
1,INS,fu:0d329cca,gene_to_fu,,0.01818053238093853,0.018180983141064644,0.01818413846194744,0.01817922852933407,0.018177777528762817
1,AREG,fu:0d329cca,gene_to_fu,,0.018182333558797836,0.018181776627898216,0.018182475119829178,0.01818307861685753,0.018182002007961273
1,KITLG,fu:0d329cca,gene_to_fu,,0.01818167418241501,0.018182268366217613,0.018180595710873604,0.018181631341576576,0.01818220317363739
1,NGF,fu:0d329cca,gene_to_fu,,0.01818101853132248,0.01818213425576687,0.01818036288022995,0.01818164996802807,0.018179919570684433
1,NRTN,fu:0d329cca,gene_to_fu,,0.01818123087286949,0.018181655555963516,0.018181126564741135,0.018183354288339615,0.018178783357143402
1,NTF3,fu:0d329cca,gene_to_fu,,0.01818128116428852,0.0181808490306139,0.01818271540105343,0.018182525411248207,0.018179038539528847
1,NTF4,fu:0d329cca,gene_to_fu,,0.01818264275789261,0.018181592226028442,0.0181799978017807,0.018183864653110504,0.018185120075941086
1,ANGPT4,fu:0d329cca,gene_to_fu,,0.01818237453699112,0.018181391060352325,0.01818402111530304,0.018183477222919464,0.0181806068867445
1,PDGFA,fu:0d329cca,gene_to_fu,,0.018180090934038162,0.018182208761572838,0.018177416175603867,0.018182214349508286,0.018178526312112808
1,PDGFB,fu:0d329cca,gene_to_fu,,0.018181532621383667,0.018182363361120224,0.01817851886153221,0.018184244632720947,0.018180999904870987
1,PGF,fu:0d329cca,gene_to_fu,,0.018180910497903824,0.01818232052028179,0.01818285882472992,0.018177378922700882,0.018181083723902702
1,PDGFC,fu:0d329cca,gene_to_fu,,0.018180467188358307,0.018181324005126953,0.018180422484874725,0.01818055845797062,0.018179569393396378
1,PSPN,fu:0d329cca,gene_to_fu,,0.018181968480348587,0.018181616440415382,0.018180537968873978,0.018182657659053802,0.018183063715696335
1,BDNF,fu:0d329cca,gene_to_fu,,0.018182583153247833,0.01818186789751053,0.018184512853622437,0.018182877451181412,0.018181070685386658
1,TGFA,fu:0d329cca,gene_to_fu,,0.018182404339313507,0.01818230003118515,0.01818513125181198,0.018181974068284035,0.018180210143327713
1,VEGFA,fu:0d329cca,gene_to_fu,,0.01818227767944336,0.018182437866926193,0.018181737512350082,0.018182385712862015,0.018182551488280296
1,VEGFB,fu:0d329cca,gene_to_fu,,0.018183577805757523,0.01818096823990345,0.01818474940955639,0.018182074651122093,0.01818651519715786
1,VEGFC,fu:0d329cca,gene_to_fu,,0.01818201318383217,0.01818130537867546,0.018183186650276184,0.01818137988448143,0.01818217895925045
1,PDGFD,fu:0d329cca,gene_to_fu,,0.018180739134550095,0.018181728199124336,0.01818288303911686,0.018179094418883324,0.018179254606366158
1,FGF23,fu:0d329cca,gene_to_fu,,0.018181005492806435,0.018181588500738144,0.018179964274168015,0.01818052865564823,0.018181942403316498
1,FGF18,fu:0d329cca,gene_to_fu,,0.018182974308729172,0.018181776627898216,0.018183963373303413,0.018182629719376564,0.018183529376983643
1,FGF17,fu:0d329cca,gene_to_fu,,0.018181584775447845,0.018182123079895973,0.018179478123784065,0.018181635066866875,0.018183106556534767
1,FGF16,fu:0d329cca,gene_to_fu,,0.01818091608583927,0.018182044848799706,0.018180271610617638,0.0181807279586792,0.018180618062615395
1,ARTN,fu:0d329cca,gene_to_fu,,0.018180742859840393,0.01818212680518627,0.018179748207330704,0.018181022256612778,0.018180077895522118
1,FGF19,fu:0d329cca,gene_to_fu,,0.018182391300797462,0.018182015046477318,0.01818270981311798,0.01818310283124447,0.018181733787059784
1,TRADD,fu:fd78464d,gene_to_fu,,0.49998271465301514,0.4999943673610687,0.49994388222694397,0.5000130534172058,0.4999794661998749
1,MYD88,fu:c2e0c4ae,gene_to_fu,,0.4999890923500061,0.500006377696991,0.499967098236084,0.4999985992908478,0.4999842345714569
1,IRAK1,fu:622bda7f,gene_to_fu,,0.3333243131637573,0.3333369493484497,0.3333165645599365,0.3333374261856079,0.3333062529563904
1,IRAK4,fu:622bda7f,gene_to_fu,,0.3333401679992676,0.3333308696746826,0.33332592248916626,0.3333553075790405,0.3333485424518585
1,ARAF,fu:d0ad993a,gene_to_fu,,0.4999951124191284,0.49999913573265076,0.49996742606163025,0.5000245571136475,0.49998924136161804
1,MAX,fu:0b389115,gene_to_fu,,1.0,1.0,1.0,1.0,1.0
1,MYC,fu:8f8c2fbf,gene_to_fu,,0.33332371711730957,0.33332696557044983,0.3333345949649811,0.33331936597824097,0.33331388235092163
1,MAX,fu:8f8c2fbf,gene_to_fu,,0.33334505558013916,0.333340048789978,0.3333410918712616,0.333360880613327,0.3333381414413452
1,SRF,fu:839c82c3,gene_to_fu,,0.33333390951156616,0.3333379030227661,0.33333495259284973,0.33331966400146484,0.33334317803382874
1,ELK4,fu:839c82c3,gene_to_fu,,0.3333142101764679,0.33332955837249756,0.33329159021377563,0.33332157135009766,0.3333141505718231
1,ELK1,fu:839c82c3,gene_to_fu,,0.33335191011428833,0.3333325982093811,0.333373486995697,0.3333587944507599,0.3333427309989929
1,fu:c3d880e8,fu:7d8d1672,protein_protein_interaction,activation,0.49999603629112244,0.5000060796737671,0.4999983608722687,0.49997690320014954,0.5000028610229492
1,fu:cbc27d79,fu:cb603216,protein_protein_interaction,activation,0.07142795622348785,0.07142817974090576,0.07142667472362518,0.07142984867095947,0.071427121758461
1,fu:ea3af571,fu:cb603216,protein_protein_interaction,activation,0.07142795622348785,0.07142817974090576,0.07142667472362518,0.07142984867095947,0.071427121758461
1,fu:a6602c7f,fu:cb603216,protein_protein_interaction,activation,0.07142795622348785,0.07142817974090576,0.07142667472362518,0.07142984867095947,0.071427121758461
1,fu:5264ac6f,fu:7cec7b64,protein_protein_interaction,activation,0.33333075046539307,0.3333313465118408,0.33333227038383484,0.3333246111869812,0.3333348035812378
1,fu:93677f06,fu:cb1c88d1,protein_protein_interaction,activation,0.5000105500221252,0.5000010132789612,0.5000137686729431,0.5000014305114746,0.5000259280204773
1,fu:5b3ce1d9,fu:9274968e,protein_protein_interaction,activation,0.33333736658096313,0.33333638310432434,0.333329975605011,0.33333975076675415,0.3333432674407959
1,fu:d4ebbf2b,fu:12950895,protein_protein_interaction,activation,0.5000056028366089,0.500004768371582,0.49999770522117615,0.5000066757202148,0.5000131130218506
1,fu:619d8916,fu:e1dd59a5,protein_protein_interaction,activation,0.33333277702331543,0.3333340287208557,0.33334386348724365,0.33331477642059326,0.3333383798599243
1,fu:12950895,fu:02465256,protein_protein_interaction,activation,0.333336740732193,0.3333313465118408,0.3333457112312317,0.333330363035202,0.3333396017551422
1,fu:e1dd59a5,fu:02465256,protein_protein_interaction,activation,0.333336740732193,0.3333313465118408,0.3333457112312317,0.333330363035202,0.3333396017551422
1,fu:0d65318d,fu:727cb396,protein_protein_interaction,binding/association,0.037036746740341187,0.03703721985220909,0.03703762963414192,0.037035271525382996,0.03703686594963074
1,fu:9bd0df30,fu:0d65318d,protein_protein_interaction,binding/association,0.5000076293945312,0.500006914138794,0.4999876618385315,0.500015139579773,0.5000208020210266
1,fu:545ebf7d,fu:4d346bcc,protein_protein_interaction,binding/association,0.25000038743019104,0.2499997317790985,0.2500063478946686,0.2499980479478836,0.24999740719795227
1,fu:3285e573,fu:4d346bcc,protein_protein_interaction,binding/association,0.25000038743019104,0.2499997317790985,0.2500063478946686,0.2499980479478836,0.24999740719795227
1,fu:dc542d4d,fu:7b593a5c,protein_protein_interaction,binding/association,0.3333262801170349,0.333334356546402,0.33332574367523193,0.33331772685050964,0.3333272635936737
1,fu:dc542d4d,fu:f449b983,protein_protein_interaction,binding/association,0.3333388566970825,0.33333536982536316,0.33335304260253906,0.3333301842212677,0.3333367705345154
1,fu:93eeec94,fu:ee804b17,protein_protein_interaction,binding/association,0.14285729825496674,0.1428574025630951,0.14285722374916077,0.14285461604595184,0.14285995066165924
1,fu:93eeec94,fu:4781eb07,protein_protein_interaction,binding/association,0.142857626080513,0.14285698533058167,0.14285820722579956,0.14285588264465332,0.14285944402217865
1,fu:7c6d4d4a,fu:93eeec94,protein_protein_interaction,binding/association,0.4999944567680359,0.5000021457672119,0.5000087022781372,0.5000168085098267,0.49995020031929016
1,fu:92589075,fu:fefb3eac,protein_protein_interaction,binding/association,0.10000011324882507,0.1000007838010788,0.10000351071357727,0.09999577701091766,0.10000038146972656
1,fu:92589075,fu:66672553,protein_protein_interaction,binding/association,0.14285705983638763,0.14285694062709808,0.14285865426063538,0.14285637438297272,0.14285629987716675
1,fu:92589075,fu:28d07664,protein_protein_interaction,binding/association,0.3333306312561035,0.33333346247673035,0.3333362936973572,0.3333246111869812,0.3333282172679901
1,fu:92589075,fu:c7fdd986,protein_protein_interaction,binding/association,0.49998903274536133,0.49999508261680603,0.5000202655792236,0.49996355175971985,0.4999772012233734
1,fu:fefb3eac,fu:be5424aa,protein_protein_interaction,binding/association,0.19999989867210388,0.19999989867210388,0.19999752938747406,0.2000005543231964,0.20000162720680237
1,fu:d7921de4,fu:be5424aa,protein_protein_interaction,binding/association,0.19999989867210388,0.19999989867210388,0.19999752938747406,0.2000005543231964,0.20000162720680237
1,fu:66672553,fu:be5424aa,protein_protein_interaction,binding/association,0.19999989867210388,0.19999989867210388,0.19999752938747406,0.2000005543231964,0.20000162720680237
1,fu:be5424aa,fu:210acb65,protein_protein_interaction,binding/association,0.12500007450580597,0.125,0.12499946355819702,0.12500014901161194,0.12500068545341492
1,fu:28d07664,fu:be5424aa,protein_protein_interaction,binding/association,0.19999989867210388,0.19999989867210388,0.19999752938747406,0.2000005543231964,0.20000162720680237
1,fu:fefb3eac,fu:5d3f8d6d,protein_protein_interaction,binding/association,0.2500010132789612,0.24999921023845673,0.2500055730342865,0.24999678134918213,0.25000250339508057
1,fu:d7921de4,fu:5d3f8d6d,protein_protein_interaction,binding/association,0.2500010132789612,0.24999921023845673,0.2500055730342865,0.24999678134918213,0.25000250339508057
1,fu:d7921de4,fu:d00c086a,protein_protein_interaction,binding/association,0.49999892711639404,0.5000025629997253,0.5000119209289551,0.499993234872818,0.4999879002571106
1,fu:d7921de4,fu:05519816,protein_protein_interaction,binding/association,0.3333277404308319,0.33333075046539307,0.3333316743373871,0.333334743976593,0.3333137333393097
1,fu:0ddd2c17,fu:5264ac6f,protein_protein_interaction,phosphorylation,0.33332788944244385,0.33332744240760803,0.3333112597465515,0.33332276344299316,0.3333500623703003
1,fu:6fc31f40,fu:cb603216,protein_protein_interaction,phosphorylation,0.07142795622348785,0.07142817974090576,0.07142667472362518,0.07142984867095947,0.071427121758461
1,fu:6fc31f40,fu:5324c493,protein_protein_interaction,phosphorylation,0.33333414793014526,0.3333321511745453,0.3333355188369751,0.33333075046539307,0.3333381116390228
1,fu:9bd0df30,fu:cb603216,protein_protein_interaction,activation,0.07142795622348785,0.07142817974090576,0.07142667472362518,0.07142984867095947,0.071427121758461
1,fu:cb603216,fu:7cec7b64,protein_protein_interaction,activation,0.33333075046539307,0.3333313465118408,0.33333227038383484,0.3333246111869812,0.3333348035812378
1,fu:cb603216,fu:5324c493,protein_protein_interaction,activation,0.33333414793014526,0.3333321511745453,0.3333355188369751,0.33333075046539307,0.3333381116390228
1,fu:7cec7b64,fu:ee804b17,protein_protein_interaction,phosphorylation,0.14285729825496674,0.1428574025630951,0.14285722374916077,0.14285461604595184,0.14285995066165924
1,fu:7cec7b64,fu:4781eb07,protein_protein_interaction,phosphorylation,0.142857626080513,0.14285698533058167,0.14285820722579956,0.14285588264465332,0.14285944402217865
1,fu:5324c493,fu:ee804b17,protein_protein_interaction,phosphorylation,0.14285729825496674,0.1428574025630951,0.14285722374916077,0.14285461604595184,0.14285995066165924
1,fu:5324c493,fu:4781eb07,protein_protein_interaction,phosphorylation,0.142857626080513,0.14285698533058167,0.14285820722579956,0.14285588264465332,0.14285944402217865
1,fu:ee804b17,fu:7c6d4d4a,protein_protein_interaction,phosphorylation,0.16666647791862488,0.1666671484708786,0.16666890680789948,0.1666659563779831,0.16666388511657715
1,fu:4781eb07,fu:7c6d4d4a,protein_protein_interaction,phosphorylation,0.16666647791862488,0.1666671484708786,0.16666890680789948,0.1666659563779831,0.16666388511657715
1,fu:7c6d4d4a,fu:7e702847,protein_protein_interaction,phosphorylation,0.5000003576278687,0.4999985992908478,0.5000290870666504,0.4999743103981018,0.49999961256980896
1,fu:7c6d4d4a,fu:e661480b,protein_protein_interaction,phosphorylation,0.5000066757202148,0.5000063180923462,0.5000225901603699,0.49996650218963623,0.5000312924385071
1,fu:7c6d4d4a,fu:0c2b138c,protein_protein_interaction,phosphorylation,0.12500059604644775,0.12499997019767761,0.12500156462192535,0.12499341368675232,0.12500745058059692
1,fu:7c6d4d4a,fu:642e62d6,protein_protein_interaction,phosphorylation,0.33332911133766174,0.3333379030227661,0.3333384692668915,0.33331891894340515,0.33332109451293945
1,fu:7c6d4d4a,fu:99084968,protein_protein_interaction,phosphorylation,0.19999787211418152,0.20000050961971283,0.20001977682113647,0.19998347759246826,0.1999877244234085
1,fu:7c6d4d4a,fu:7b593a5c,protein_protein_interaction,phosphorylation,0.3333262801170349,0.333334356546402,0.33332574367523193,0.33331772685050964,0.3333272635936737
1,fu:7c6d4d4a,fu:f449b983,protein_protein_interaction,phosphorylation,0.3333388566970825,0.33333536982536316,0.33335304260253906,0.3333301842212677,0.3333367705345154
1,fu:642e62d6,fu:f64183b7,protein_protein_interaction,phosphorylation,0.3333376348018646,0.33333536982536316,0.3333451449871063,0.33332765102386475,0.33334243297576904
1,fu:99084968,fu:f64183b7,protein_protein_interaction,phosphorylation,0.3333376348018646,0.33333536982536316,0.3333451449871063,0.33332765102386475,0.33334243297576904
1,fu:7c6d4d4a,fu:8f8c2fbf,protein_protein_interaction,phosphorylation,0.33333128690719604,0.33333301544189453,0.3333243131637573,0.333319753408432,0.33334800601005554
1,fu:e2794b69,fu:210acb65,protein_protein_interaction,activation,0.12500007450580597,0.125,0.12499946355819702,0.12500014901161194,0.12500068545341492
1,fu:e2794b69,fu:9a263ecd,protein_protein_interaction,activation,0.24999305605888367,0.2500002682209015,0.24999767541885376,0.24999065697193146,0.24998357892036438
1,fu:eda4acea,fu:b9db94ef,protein_protein_interaction,activation,0.3333360254764557,0.3333341181278229,0.33337917923927307,0.3333124816417694,0.3333183228969574
1,fu:af1b2d2f,fu:b8f9f795,protein_protein_interaction,activation,0.500009298324585,0.5000049471855164,0.5000268220901489,0.5000005960464478,0.5000048875808716
1,fu:af1b2d2f,fu:aacf07bb,protein_protein_interaction,activation,0.20000028610229492,0.20000046491622925,0.20000015199184418,0.19999966025352478,0.20000089704990387
1,fu:af1b2d2f,fu:210acb65,protein_protein_interaction,activation,0.12500007450580597,0.125,0.12499946355819702,0.12500014901161194,0.12500068545341492
1,fu:02465256,fu:aacf07bb,protein_protein_interaction,activation,0.20000028610229492,0.20000046491622925,0.20000015199184418,0.19999966025352478,0.20000089704990387
1,fu:41822415,fu:8cf03d63,protein_protein_interaction,activation,0.5000011920928955,0.5000017881393433,0.49999740719795227,0.5000084638595581,0.49999722838401794
1,fu:9a263ecd,fu:6dc0c7f6,protein_protein_interaction,phosphorylation,0.33332762122154236,0.33333325386047363,0.3333209156990051,0.33332282304763794,0.33333346247673035
1,fu:c7fdd986,fu:28d07664,protein_protein_interaction,phosphorylation,0.3333306312561035,0.33333346247673035,0.3333362936973572,0.3333246111869812,0.3333282172679901
1,fu:f0d46f11,fu:210acb65,protein_protein_interaction,phosphorylation,0.12500007450580597,0.125,0.12499946355819702,0.12500014901161194,0.12500068545341492
1,fu:d0d79cd1,fu:210acb65,protein_protein_interaction,phosphorylation,0.12500007450580597,0.125,0.12499946355819702,0.12500014901161194,0.12500068545341492
1,fu:1ee1c600,fu:66672553,protein_protein_interaction,phosphorylation,0.14285705983638763,0.14285694062709808,0.14285865426063538,0.14285637438297272,0.14285629987716675
1,fu:e7b77b07,fu:66672553,protein_protein_interaction,phosphorylation,0.14285705983638763,0.14285694062709808,0.14285865426063538,0.14285637438297272,0.14285629987716675
1,fu:8ce177b4,fu:66672553,protein_protein_interaction,phosphorylation,0.14285705983638763,0.14285694062709808,0.14285865426063538,0.14285637438297272,0.14285629987716675
1,fu:aacf07bb,fu:416a5afd,protein_protein_interaction,phosphorylation,0.14285823702812195,0.14285747706890106,0.1428588330745697,0.1428600251674652,0.142856627702713
1,fu:aacf07bb,fu:5e60e9dc,protein_protein_interaction,phosphorylation,0.14285808801651,0.14285755157470703,0.14285914599895477,0.14285847544670105,0.14285719394683838
1,fu:cabad419,fu:b9ec221f,protein_protein_interaction,phosphorylation,0.3333427906036377,0.33334067463874817,0.33332931995391846,0.3333691954612732,0.3333320915699005
1,fu:cabad419,fu:523a744b,protein_protein_interaction,phosphorylation,0.14285683631896973,0.14285728335380554,0.1428592950105667,0.1428528130054474,0.14285793900489807
1,fu:cabad419,fu:416a5afd,protein_protein_interaction,phosphorylation,0.14285823702812195,0.14285747706890106,0.1428588330745697,0.1428600251674652,0.142856627702713
1,fu:cabad419,fu:5e60e9dc,protein_protein_interaction,phosphorylation,0.14285808801651,0.14285755157470703,0.14285914599895477,0.14285847544670105,0.14285719394683838
1,fu:cabad419,fu:db8a4a8a,protein_protein_interaction,phosphorylation,0.4999842643737793,0.499999076128006,0.49999210238456726,0.49996402859687805,0.49998190999031067
1,fu:e9c5128e,fu:416a5afd,protein_protein_interaction,phosphorylation,0.14285823702812195,0.14285747706890106,0.1428588330745697,0.1428600251674652,0.142856627702713
1,fu:e9c5128e,fu:5e60e9dc,protein_protein_interaction,phosphorylation,0.14285808801651,0.14285755157470703,0.14285914599895477,0.14285847544670105,0.14285719394683838
1,fu:416a5afd,fu:5800992d,protein_protein_interaction,phosphorylation,0.1250002682209015,0.12499989569187164,0.12500347197055817,0.12499617040157318,0.12500153481960297
1,fu:5e60e9dc,fu:5800992d,protein_protein_interaction,phosphorylation,0.1250002682209015,0.12499989569187164,0.12500347197055817,0.12499617040157318,0.12500153481960297
1,fu:5800992d,fu:bfc9ae48,protein_protein_interaction,phosphorylation,0.5000025629997253,0.5000032186508179,0.49999651312828064,0.49999502301216125,0.5000155568122864
1,fu:5800992d,fu:5fde3828,protein_protein_interaction,phosphorylation,0.3333262801170349,0.333334356546402,0.33332574367523193,0.33331772685050964,0.3333272635936737
1,fu:5800992d,fu:31725aa3,protein_protein_interaction,phosphorylation,0.33333081007003784,0.3333320617675781,0.3333255350589752,0.33333536982536316,0.33333030343055725
1,fu:5800992d,fu:0a37beb9,protein_protein_interaction,phosphorylation,0.5000123977661133,0.5000045895576477,0.5000443458557129,0.49999287724494934,0.5000077486038208
1,fu:5800992d,fu:dda08e08,protein_protein_interaction,phosphorylation,0.49998217821121216,0.4999915361404419,0.4999936521053314,0.49994561076164246,0.4999978244304657
1,fu:5800992d,fu:45df5340,protein_protein_interaction,phosphorylation,0.49998965859413147,0.4999947249889374,0.49998739361763,0.49996915459632874,0.5000073909759521
1,fu:5800992d,fu:f101a6f1,protein_protein_interaction,phosphorylation,0.5000028014183044,0.49999794363975525,0.49998825788497925,0.5000101923942566,0.5000147819519043
1,fu:5800992d,fu:9ac97dd2,protein_protein_interaction,phosphorylation,0.5000097751617432,0.5000068545341492,0.5000488758087158,0.4999763071537018,0.5000070333480835
1,fu:5800992d,fu:8c7ba104,protein_protein_interaction,phosphorylation,0.3333280384540558,0.33334001898765564,0.333373099565506,0.3332822918891907,0.33331674337387085
1,fu:5800992d,fu:b8ada536,protein_protein_interaction,phosphorylation,0.3333253264427185,0.333334743976593,0.3333434760570526,0.33331042528152466,0.33331266045570374
1,fu:5800992d,fu:e45fbd5c,protein_protein_interaction,phosphorylation,0.4999989867210388,0.5000019669532776,0.4999940097332001,0.5000074505805969,0.49999263882637024
1,fu:9ac97dd2,fu:6953fac9,protein_protein_interaction,phosphorylation,0.33332499861717224,0.3333330750465393,0.33333921432495117,0.33331140875816345,0.3333163559436798
1,fu:8c7ba104,fu:6953fac9,protein_protein_interaction,phosphorylation,0.33332499861717224,0.3333330750465393,0.33333921432495117,0.33331140875816345,0.3333163559436798
1,fu:8c7ba104,fu:7bca3a7b,protein_protein_interaction,phosphorylation,0.3333376348018646,0.33333536982536316,0.3333451449871063,0.33332765102386475,0.33334243297576904
1,fu:b8ada536,fu:7bca3a7b,protein_protein_interaction,phosphorylation,0.3333376348018646,0.33333536982536316,0.3333451449871063,0.33332765102386475,0.33334243297576904
1,fu:faf1b7e0,fu:f05aba10,protein_protein_interaction,phosphorylation,0.4999966323375702,0.5000042915344238,0.5000113844871521,0.4999726116657257,0.49999818205833435
1,fu:f05aba10,fu:14d50a78,protein_protein_interaction,phosphorylation,0.4999997019767761,0.4999960958957672,0.49999067187309265,0.4999958574771881,0.5000162124633789
1,fu:eadbb23d,fu:b9ec221f,protein_protein_interaction,phosphorylation,0.3333427906036377,0.33334067463874817,0.33332931995391846,0.3333691954612732,0.3333320915699005
1,fu:eadbb23d,fu:523a744b,protein_protein_interaction,phosphorylation,0.14285683631896973,0.14285728335380554,0.1428592950105667,0.1428528130054474,0.14285793900489807
1,fu:eadbb23d,fu:ee804b17,protein_protein_interaction,phosphorylation,0.14285729825496674,0.1428574025630951,0.14285722374916077,0.14285461604595184,0.14285995066165924
1,fu:eadbb23d,fu:4781eb07,protein_protein_interaction,phosphorylation,0.142857626080513,0.14285698533058167,0.14285820722579956,0.14285588264465332,0.14285944402217865
1,fu:210acb65,fu:523a744b,protein_protein_interaction,phosphorylation,0.14285683631896973,0.14285728335380554,0.1428592950105667,0.1428528130054474,0.14285793900489807
1,fu:210acb65,fu:d7921de4,protein_protein_interaction,phosphorylation,0.2499973177909851,0.24999845027923584,0.2500026822090149,0.24999424815177917,0.24999390542507172
1,fu:28d07664,fu:66672553,protein_protein_interaction,phosphorylation,0.14285705983638763,0.14285694062709808,0.14285865426063538,0.14285637438297272,0.14285629987716675
1,fu:210acb65,fu:ee804b17,protein_protein_interaction,phosphorylation,0.14285729825496674,0.1428574025630951,0.14285722374916077,0.14285461604595184,0.14285995066165924
1,fu:210acb65,fu:4781eb07,protein_protein_interaction,phosphorylation,0.142857626080513,0.14285698533058167,0.14285820722579956,0.14285588264465332,0.14285944402217865
1,fu:d7921de4,fu:fefb3eac,protein_protein_interaction,phosphorylation,0.10000011324882507,0.1000007838010788,0.10000351071357727,0.09999577701091766,0.10000038146972656
1,fu:66672553,fu:fefb3eac,protein_protein_interaction,phosphorylation,0.10000011324882507,0.1000007838010788,0.10000351071357727,0.09999577701091766,0.10000038146972656
1,fu:fefb3eac,fu:1b813b45,protein_protein_interaction,phosphorylation,0.3333313465118408,0.3333340883255005,0.3333396017551422,0.33331114053726196,0.333340585231781
1,fu:fefb3eac,fu:f5686479,protein_protein_interaction,phosphorylation,0.4999921917915344,0.5000041127204895,0.49997439980506897,0.500017523765564,0.49997273087501526
1,fu:fefb3eac,fu:5fde3828,protein_protein_interaction,phosphorylation,0.3333262801170349,0.333334356546402,0.33332574367523193,0.33331772685050964,0.3333272635936737
1,fu:fefb3eac,fu:31725aa3,protein_protein_interaction,phosphorylation,0.33333081007003784,0.3333320617675781,0.3333255350589752,0.33333536982536316,0.33333030343055725
1,fu:fefb3eac,fu:73b76124,protein_protein_interaction,inhibition|phosphorylation,0.33333492279052734,0.3333318829536438,0.3333418071269989,0.333320289850235,0.33334577083587646
1,fu:fefb3eac,fu:55bfa81d,protein_protein_interaction,inhibition|phosphorylation,0.3333345353603363,0.33333393931388855,0.33333534002304077,0.333327978849411,0.3333408832550049
1,fu:ff2e7a0f,fu:73b76124,protein_protein_interaction,dephosphorylation,0.33333492279052734,0.3333318829536438,0.3333418071269989,0.333320289850235,0.33334577083587646
1,fu:41203a8a,fu:aacf07bb,protein_protein_interaction,inhibition|phosphorylation,0.20000028610229492,0.20000046491622925,0.20000015199184418,0.19999966025352478,0.20000089704990387
1,fu:41203a8a,fu:d7921de4,protein_protein_interaction,inhibition|phosphorylation,0.2499973177909851,0.24999845027923584,0.2500026822090149,0.24999424815177917,0.24999390542507172
1,fu:ff2e7a0f,fu:55bfa81d,protein_protein_interaction,dephosphorylation,0.3333345353603363,0.33333393931388855,0.33333534002304077,0.333327978849411,0.3333408832550049
1,fu:7d8d1672,fu:cb603216,protein_protein_interaction,inhibition,0.07142795622348785,0.07142817974090576,0.07142667472362518,0.07142984867095947,0.071427121758461
1,fu:3968d652,fu:cb603216,protein_protein_interaction,inhibition,0.07142795622348785,0.07142817974090576,0.07142667472362518,0.07142984867095947,0.071427121758461
1,fu:30ad397b,fu:cb603216,protein_protein_interaction,inhibition,0.07142795622348785,0.07142817974090576,0.07142667472362518,0.07142984867095947,0.071427121758461
1,fu:645ada17,fu:7c6d4d4a,protein_protein_interaction,inhibition|dephosphorylation,0.16666647791862488,0.1666671484708786,0.16666890680789948,0.1666659563779831,0.16666388511657715
1,fu:bd9bd64d,fu:7c6d4d4a,protein_protein_interaction,inhibition|dephosphorylation,0.16666647791862488,0.1666671484708786,0.16666890680789948,0.1666659563779831,0.16666388511657715
1,fu:da3df1ca,fu:fefb3eac,protein_protein_interaction,inhibition|dephosphorylation,0.10000011324882507,0.1000007838010788,0.10000351071357727,0.09999577701091766,0.10000038146972656
1,fu:da3df1ca,fu:5800992d,protein_protein_interaction,inhibition|dephosphorylation,0.1250002682209015,0.12499989569187164,0.12500347197055817,0.12499617040157318,0.12500153481960297
1,fu:7da6eba5,fu:fefb3eac,protein_protein_interaction,inhibition|dephosphorylation,0.10000011324882507,0.1000007838010788,0.10000351071357727,0.09999577701091766,0.10000038146972656
1,fu:7da6eba5,fu:5800992d,protein_protein_interaction,inhibition|dephosphorylation,0.1250002682209015,0.12499989569187164,0.12500347197055817,0.12499617040157318,0.12500153481960297
1,fu:5dc42453,fu:416a5afd,protein_protein_interaction,inhibition|dephosphorylation,0.14285823702812195,0.14285747706890106,0.1428588330745697,0.1428600251674652,0.142856627702713
1,fu:5dc42453,fu:5e60e9dc,protein_protein_interaction,inhibition|dephosphorylation,0.14285808801651,0.14285755157470703,0.14285914599895477,0.14285847544670105,0.14285719394683838
1,fu:5dc42453,fu:66672553,protein_protein_interaction,inhibition|dephosphorylation,0.14285705983638763,0.14285694062709808,0.14285865426063538,0.14285637438297272,0.14285629987716675
1,fu:5dc42453,fu:d7921de4,protein_protein_interaction,inhibition|dephosphorylation,0.2499973177909851,0.24999845027923584,0.2500026822090149,0.24999424815177917,0.24999390542507172
1,fu:306b6021,fu:aacf07bb,protein_protein_interaction,inhibition|dephosphorylation,0.20000028610229492,0.20000046491622925,0.20000015199184418,0.19999966025352478,0.20000089704990387
1,fu:3c67a02d,fu:cabad419,protein_protein_interaction,inhibition|dephosphorylation,0.24999836087226868,0.24999964237213135,0.2500024735927582,0.24999640882015228,0.2499949038028717
1,fu:6a22a160,fu:fefb3eac,protein_protein_interaction,inhibition,0.10000011324882507,0.1000007838010788,0.10000351071357727,0.09999577701091766,0.10000038146972656
1,fu:5fff24cf,fu:fefb3eac,protein_protein_interaction,inhibition,0.10000011324882507,0.1000007838010788,0.10000351071357727,0.09999577701091766,0.10000038146972656
1,fu:839c82c3,fu:5926e68e,gene_expression_regulation,expression,0.5000002384185791,0.4999960958957672,0.5000161528587341,0.4999825060367584,0.5000061392784119
1,fu:cec976f1,fu:d7d24a4c,protein_protein_interaction,indirect effect,0.24999547004699707,0.24999961256980896,0.24999414384365082,0.24999520182609558,0.2499929666519165
1,fu:b9ec221f,fu:3c93b301,protein_protein_interaction,indirect effect,0.16666439175605774,0.16666670143604279,0.1666654348373413,0.1666615605354309,0.16666390001773834
1,fu:523a744b,fu:3c93b301,protein_protein_interaction,indirect effect,0.16666439175605774,0.16666670143604279,0.1666654348373413,0.1666615605354309,0.16666390001773834
1,fu:bd379c39,fu:ea3af571,protein_protein_interaction,compound,0.33333325386047363,0.3333367109298706,0.33332711458206177,0.33333584666252136,0.33333343267440796
1,fu:bd379c39,fu:a6602c7f,protein_protein_interaction,compound,0.19999782741069794,0.2000015676021576,0.1999986469745636,0.19999420642852783,0.19999687373638153
1,fu:eda4acea,fu:9a263ecd,protein_protein_interaction,activation,0.24999305605888367,0.2500002682209015,0.24999767541885376,0.24999065697193146,0.24998357892036438
1,fu:eda4acea,fu:210acb65,protein_protein_interaction,activation,0.12500007450580597,0.125,0.12499946355819702,0.12500014901161194,0.12500068545341492
1,fu:b9ec221f,fu:523a744b,protein_protein_interaction,phosphorylation,0.14285683631896973,0.14285728335380554,0.1428592950105667,0.1428528130054474,0.14285793900489807
1,fu:d7d24a4c,fu:cabad419,protein_protein_interaction,activation,0.24999836087226868,0.24999964237213135,0.2500024735927582,0.24999640882015228,0.2499949038028717
1,fu:545ebf7d,fu:cabad419,protein_protein_interaction,activation,0.24999836087226868,0.24999964237213135,0.2500024735927582,0.24999640882015228,0.2499949038028717
1,fu:cb1c88d1,fu:fd78464d,protein_protein_interaction,,0.5000172853469849,0.5000056624412537,0.5000560879707336,0.4999869167804718,0.5000205039978027
1,fu:fd78464d,fu:af1b2d2f,protein_protein_interaction,activation,0.5000045895576477,0.5000067949295044,0.5000003576278687,0.49998918175697327,0.5000221133232117
1,fu:fd78464d,fu:eda4acea,protein_protein_interaction,activation|indirect effect,0.4999915063381195,0.4999968707561493,0.49996617436408997,0.5000036358833313,0.49999943375587463
1,fu:9274968e,fu:c2e0c4ae,protein_protein_interaction,activation,0.5000109672546387,0.4999936521053314,0.500032901763916,0.5000014305114746,0.5000157356262207
1,fu:c2e0c4ae,fu:622bda7f,protein_protein_interaction,activation,0.3333355188369751,0.3333321213722229,0.33335748314857483,0.33330729603767395,0.3333452343940735
1,fu:af1b2d2f,fu:d7d24a4c,protein_protein_interaction,activation,0.24999547004699707,0.24999961256980896,0.24999414384365082,0.24999520182609558,0.2499929666519165
1,fu:622bda7f,fu:4d346bcc,protein_protein_interaction,activation|indirect effect,0.25000038743019104,0.2499997317790985,0.2500063478946686,0.2499980479478836,0.24999740719795227
1,fu:4d346bcc,fu:d7d24a4c,protein_protein_interaction,binding/association,0.24999547004699707,0.24999961256980896,0.24999414384365082,0.24999520182609558,0.2499929666519165
1,fu:0d329cca,fu:727cb396,protein_protein_interaction,activation,0.037036746740341187,0.03703721985220909,0.03703762963414192,0.037035271525382996,0.03703686594963074
1,fu:cb603216,fu:d0ad993a,protein_protein_interaction,activation,0.5000048875808716,0.5000008940696716,0.5000325441360474,0.4999754726886749,0.5000107288360596
1,fu:d0ad993a,fu:ee804b17,protein_protein_interaction,activation|phosphorylation,0.14285729825496674,0.1428574025630951,0.14285722374916077,0.14285461604595184,0.14285995066165924
1,fu:d0ad993a,fu:4781eb07,protein_protein_interaction,activation|phosphorylation,0.142857626080513,0.14285698533058167,0.14285820722579956,0.14285588264465332,0.14285944402217865
1,fu:8cf03d63,fu:416a5afd,protein_protein_interaction,activation|phosphorylation,0.14285823702812195,0.14285747706890106,0.1428588330745697,0.1428600251674652,0.142856627702713
1,fu:8cf03d63,fu:5e60e9dc,protein_protein_interaction,activation|phosphorylation,0.14285808801651,0.14285755157470703,0.14285914599895477,0.14285847544670105,0.14285719394683838
1,fu:0c8f7154,fu:416a5afd,protein_protein_interaction,activation|phosphorylation,0.14285823702812195,0.14285747706890106,0.1428588330745697,0.1428600251674652,0.142856627702713
1,fu:0c8f7154,fu:5e60e9dc,protein_protein_interaction,activation|phosphorylation,0.14285808801651,0.14285755157470703,0.14285914599895477,0.14285847544670105,0.14285719394683838
1,fu:cb603216,fu:210acb65,protein_protein_interaction,,0.12500007450580597,0.125,0.12499946355819702,0.12500014901161194,0.12500068545341492
1,MIMAT0000680,FAS,mir_regulates_mrna,,0.5,0.5,0.5,0.5,0.5
1,MIMAT0002875,FAS,mir_regulates_mrna,,0.5,0.5,0.5,0.5,0.5
1,MIMAT0000456,FGFR2,mir_regulates_mrna,,1.0,1.0,1.0,1.0,1.0
1,MIMAT0002819,KIT,mir_regulates_mrna,,0.1666666716337204,0.1666666716337204,0.1666666716337204,0.1666666716337204,0.1666666716337204
1,MIMAT0019025,KIT,mir_regulates_mrna,,0.1666666716337204,0.1666666716337204,0.1666666716337204,0.1666666716337204,0.1666666716337204
1,MIMAT0000075,KIT,mir_regulates_mrna,,0.1666666716337204,0.1666666716337204,0.1666666716337204,0.1666666716337204,0.1666666716337204
1,MIMAT0000263,KIT,mir_regulates_mrna,,0.1666666716337204,0.1666666716337204,0.1666666716337204,0.1666666716337204,0.1666666716337204
1,MIMAT0000278,KIT,mir_regulates_mrna,,0.1666666716337204,0.1666666716337204,0.1666666716337204,0.1666666716337204,0.1666666716337204
1,MIMAT0000456,KIT,mir_regulates_mrna,,0.1666666716337204,0.1666666716337204,0.1666666716337204,0.1666666716337204,0.1666666716337204
1,MIMAT0000232,MET,mir_regulates_mrna,,0.1666666716337204,0.1666666716337204,0.1666666716337204,0.1666666716337204,0.1666666716337204
1,MIMAT0000243,MET,mir_regulates_mrna,,0.1666666716337204,0.1666666716337204,0.1666666716337204,0.1666666716337204,0.1666666716337204
1,MIMAT0004563,MET,mir_regulates_mrna,,0.1666666716337204,0.1666666716337204,0.1666666716337204,0.1666666716337204,0.1666666716337204
1,MIMAT0000646,MET,mir_regulates_mrna,,0.1666666716337204,0.1666666716337204,0.1666666716337204,0.1666666716337204,0.1666666716337204
1,MIMAT0019042,MET,mir_regulates_mrna,,0.1666666716337204,0.1666666716337204,0.1666666716337204,0.1666666716337204,0.1666666716337204
1,MIMAT0019799,MET,mir_regulates_mrna,,0.1666666716337204,0.1666666716337204,0.1666666716337204,0.1666666716337204,0.1666666716337204
1,MIMAT0000073,NF1,mir_regulates_mrna,,0.3333333432674408,0.3333333432674408,0.3333333432674408,0.3333333432674408,0.3333333432674408
1,MIMAT0000074,NF1,mir_regulates_mrna,,0.3333333432674408,0.3333333432674408,0.3333333432674408,0.3333333432674408,0.3333333432674408
1,MIMAT0000722,NF1,mir_regulates_mrna,,0.3333333432674408,0.3333333432674408,0.3333333432674408,0.3333333432674408,0.3333333432674408
1,MIMAT0001629,GDNF,mir_regulates_mrna,,0.125,0.125,0.125,0.125,0.125
1,MIMAT0002171,GDNF,mir_regulates_mrna,,0.125,0.125,0.125,0.125,0.125
1,MIMAT0003221,GDNF,mir_regulates_mrna,,0.125,0.125,0.125,0.125,0.125
1,MIMAT0016854,GDNF,mir_regulates_mrna,,0.125,0.125,0.125,0.125,0.125
1,MIMAT0016860,GDNF,mir_regulates_mrna,,0.125,0.125,0.125,0.125,0.125
1,MIMAT0004495,GDNF,mir_regulates_mrna,,0.125,0.125,0.125,0.125,0.125
1,MIMAT0004597,GDNF,mir_regulates_mrna,,0.125,0.125,0.125,0.125,0.125
1,MIMAT0002879,GDNF,mir_regulates_mrna,,0.125,0.125,0.125,0.125,0.125
1,MIMAT0000073,TP53,mir_regulates_mrna,,0.02083333395421505,0.02083333395421505,0.02083333395421505,0.02083333395421505,0.02083333395421505
1,MIMAT0004507,TP53,mir_regulates_mrna,,0.02083333395421505,0.02083333395421505,0.02083333395421505,0.02083333395421505,0.02083333395421505
1,MIMAT0000245,TP53,mir_regulates_mrna,,0.02083333395421505,0.02083333395421505,0.02083333395421505,0.02083333395421505,0.02083333395421505
1,MIMAT0000451,TP53,mir_regulates_mrna,,0.02083333395421505,0.02083333395421505,0.02083333395421505,0.02083333395421505,0.02083333395421505
1,MIMAT0000761,TP53,mir_regulates_mrna,,0.02083333395421505,0.02083333395421505,0.02083333395421505,0.02083333395421505,0.02083333395421505
1,MIMAT0005573,TP53,mir_regulates_mrna,,0.02083333395421505,0.02083333395421505,0.02083333395421505,0.02083333395421505,0.02083333395421505
1,MIMAT0005876,TP53,mir_regulates_mrna,,0.02083333395421505,0.02083333395421505,0.02083333395421505,0.02083333395421505,0.02083333395421505
1,MIMAT0022721,TP53,mir_regulates_mrna,,0.02083333395421505,0.02083333395421505,0.02083333395421505,0.02083333395421505,0.02083333395421505
1,MIMAT0032029,TP53,mir_regulates_mrna,,0.02083333395421505,0.02083333395421505,0.02083333395421505,0.02083333395421505,0.02083333395421505
1,MIMAT0016901,TP53,mir_regulates_mrna,,0.02083333395421505,0.02083333395421505,0.02083333395421505,0.02083333395421505,0.02083333395421505
1,MIMAT0016916,TP53,mir_regulates_mrna,,0.02083333395421505,0.02083333395421505,0.02083333395421505,0.02083333395421505,0.02083333395421505
1,MIMAT0019844,TP53,mir_regulates_mrna,,0.02083333395421505,0.02083333395421505,0.02083333395421505,0.02083333395421505,0.02083333395421505
1,MIMAT0021129,TP53,mir_regulates_mrna,,0.02083333395421505,0.02083333395421505,0.02083333395421505,0.02083333395421505,0.02083333395421505
1,MIMAT0022290,TP53,mir_regulates_mrna,,0.02083333395421505,0.02083333395421505,0.02083333395421505,0.02083333395421505,0.02083333395421505
1,MIMAT0022496,TP53,mir_regulates_mrna,,0.02083333395421505,0.02083333395421505,0.02083333395421505,0.02083333395421505,0.02083333395421505
1,MIMAT0024614,TP53,mir_regulates_mrna,,0.02083333395421505,0.02083333395421505,0.02083333395421505,0.02083333395421505,0.02083333395421505
1,MIMAT0027402,TP53,mir_regulates_mrna,,0.02083333395421505,0.02083333395421505,0.02083333395421505,0.02083333395421505,0.02083333395421505
1,MIMAT0027506,TP53,mir_regulates_mrna,,0.02083333395421505,0.02083333395421505,0.02083333395421505,0.02083333395421505,0.02083333395421505
1,MIMAT0027572,TP53,mir_regulates_mrna,,0.02083333395421505,0.02083333395421505,0.02083333395421505,0.02083333395421505,0.02083333395421505
1,MIMAT0028117,TP53,mir_regulates_mrna,,0.02083333395421505,0.02083333395421505,0.02083333395421505,0.02083333395421505,0.02083333395421505
1,MIMAT0031012,TP53,mir_regulates_mrna,,0.02083333395421505,0.02083333395421505,0.02083333395421505,0.02083333395421505,0.02083333395421505
1,MIMAT0000092,TP53,mir_regulates_mrna,,0.02083333395421505,0.02083333395421505,0.02083333395421505,0.02083333395421505,0.02083333395421505
1,MIMAT0002175,TP53,mir_regulates_mrna,,0.02083333395421505,0.02083333395421505,0.02083333395421505,0.02083333395421505,0.02083333395421505
1,MIMAT0003280,TP53,mir_regulates_mrna,,0.02083333395421505,0.02083333395421505,0.02083333395421505,0.02083333395421505,0.02083333395421505
1,MIMAT0022938,TP53,mir_regulates_mrna,,0.02083333395421505,0.02083333395421505,0.02083333395421505,0.02083333395421505,0.02083333395421505
1,MIMAT0005583,TP53,mir_regulates_mrna,,0.02083333395421505,0.02083333395421505,0.02083333395421505,0.02083333395421505,0.02083333395421505
1,MIMAT0019862,TP53,mir_regulates_mrna,,0.02083333395421505,0.02083333395421505,0.02083333395421505,0.02083333395421505,0.02083333395421505
1,MIMAT0021124,TP53,mir_regulates_mrna,,0.02083333395421505,0.02083333395421505,0.02083333395421505,0.02083333395421505,0.02083333395421505
1,MIMAT0027456,TP53,mir_regulates_mrna,,0.02083333395421505,0.02083333395421505,0.02083333395421505,0.02083333395421505,0.02083333395421505
1,MIMAT0027470,TP53,mir_regulates_mrna,,0.02083333395421505,0.02083333395421505,0.02083333395421505,0.02083333395421505,0.02083333395421505
1,MIMAT0027666,TP53,mir_regulates_mrna,,0.02083333395421505,0.02083333395421505,0.02083333395421505,0.02083333395421505,0.02083333395421505
1,MIMAT0028211,TP53,mir_regulates_mrna,,0.02083333395421505,0.02083333395421505,0.02083333395421505,0.02083333395421505,0.02083333395421505
1,MIMAT0030998,TP53,mir_regulates_mrna,,0.02083333395421505,0.02083333395421505,0.02083333395421505,0.02083333395421505,0.02083333395421505
1,MIMAT0004609,TP53,mir_regulates_mrna,,0.02083333395421505,0.02083333395421505,0.02083333395421505,0.02083333395421505,0.02083333395421505
1,MIMAT0019047,TP53,mir_regulates_mrna,,0.02083333395421505,0.02083333395421505,0.02083333395421505,0.02083333395421505,0.02083333395421505
1,MIMAT0024613,TP53,mir_regulates_mrna,,0.02083333395421505,0.02083333395421505,0.02083333395421505,0.02083333395421505,0.02083333395421505
1,MIMAT0027494,TP53,mir_regulates_mrna,,0.02083333395421505,0.02083333395421505,0.02083333395421505,0.02083333395421505,0.02083333395421505
1,MIMAT0000072,TP53,mir_regulates_mrna,,0.02083333395421505,0.02083333395421505,0.02083333395421505,0.02083333395421505,0.02083333395421505
1,MIMAT0000074,TP53,mir_regulates_mrna,,0.02083333395421505,0.02083333395421505,0.02083333395421505,0.02083333395421505,0.02083333395421505
1,MIMAT0004592,TP53,mir_regulates_mrna,,0.02083333395421505,0.02083333395421505,0.02083333395421505,0.02083333395421505,0.02083333395421505
1,MIMAT0004671,TP53,mir_regulates_mrna,,0.02083333395421505,0.02083333395421505,0.02083333395421505,0.02083333395421505,0.02083333395421505
1,MIMAT0019849,TP53,mir_regulates_mrna,,0.02083333395421505,0.02083333395421505,0.02083333395421505,0.02083333395421505,0.02083333395421505
1,MIMAT0024617,TP53,mir_regulates_mrna,,0.02083333395421505,0.02083333395421505,0.02083333395421505,0.02083333395421505,0.02083333395421505
1,MIMAT0004776,TP53,mir_regulates_mrna,,0.02083333395421505,0.02083333395421505,0.02083333395421505,0.02083333395421505,0.02083333395421505
1,MIMAT0022741,TP53,mir_regulates_mrna,,0.02083333395421505,0.02083333395421505,0.02083333395421505,0.02083333395421505,0.02083333395421505
1,MIMAT0027550,TP53,mir_regulates_mrna,,0.02083333395421505,0.02083333395421505,0.02083333395421505,0.02083333395421505,0.02083333395421505
1,MIMAT0004697,TP53,mir_regulates_mrna,,0.02083333395421505,0.02083333395421505,0.02083333395421505,0.02083333395421505,0.02083333395421505
1,MIMAT0021025,TP53,mir_regulates_mrna,,0.02083333395421505,0.02083333395421505,0.02083333395421505,0.02083333395421505,0.02083333395421505
1,MIMAT0000080,IL1B,mir_regulates_mrna,,1.0,1.0,1.0,1.0,1.0
1,MIMAT0000070,TNF,mir_regulates_mrna,,0.5,0.5,0.5,0.5,0.5
1,MIMAT0000255,TNF,mir_regulates_mrna,,0.5,0.5,0.5,0.5,0.5
1,MIMAT0000232,HGF,mir_regulates_mrna,,1.0,1.0,1.0,1.0,1.0
1,MIMAT0005459,IGF2,mir_regulates_mrna,,0.06666667014360428,0.06666667014360428,0.06666667014360428,0.06666667014360428,0.06666667014360428
1,MIMAT0006764,IGF2,mir_regulates_mrna,,0.06666667014360428,0.06666667014360428,0.06666667014360428,0.06666667014360428,0.06666667014360428
1,MIMAT0018004,IGF2,mir_regulates_mrna,,0.06666667014360428,0.06666667014360428,0.06666667014360428,0.06666667014360428,0.06666667014360428
1,MIMAT0027377,IGF2,mir_regulates_mrna,,0.06666667014360428,0.06666667014360428,0.06666667014360428,0.06666667014360428,0.06666667014360428
1,MIMAT0027481,IGF2,mir_regulates_mrna,,0.06666667014360428,0.06666667014360428,0.06666667014360428,0.06666667014360428,0.06666667014360428
1,MIMAT0027682,IGF2,mir_regulates_mrna,,0.06666667014360428,0.06666667014360428,0.06666667014360428,0.06666667014360428,0.06666667014360428
1,MIMAT0000093,IGF2,mir_regulates_mrna,,0.06666667014360428,0.06666667014360428,0.06666667014360428,0.06666667014360428,0.06666667014360428
1,MIMAT0004949,IGF2,mir_regulates_mrna,,0.06666667014360428,0.06666667014360428,0.06666667014360428,0.06666667014360428,0.06666667014360428
1,MIMAT0005867,IGF2,mir_regulates_mrna,,0.06666667014360428,0.06666667014360428,0.06666667014360428,0.06666667014360428,0.06666667014360428
1,MIMAT0019213,IGF2,mir_regulates_mrna,,0.06666667014360428,0.06666667014360428,0.06666667014360428,0.06666667014360428,0.06666667014360428
1,MIMAT0015085,IGF2,mir_regulates_mrna,,0.06666667014360428,0.06666667014360428,0.06666667014360428,0.06666667014360428,0.06666667014360428
1,MIMAT0027626,IGF2,mir_regulates_mrna,,0.06666667014360428,0.06666667014360428,0.06666667014360428,0.06666667014360428,0.06666667014360428
1,MIMAT0000423,IGF2,mir_regulates_mrna,,0.06666667014360428,0.06666667014360428,0.06666667014360428,0.06666667014360428,0.06666667014360428
1,MIMAT0005792,IGF2,mir_regulates_mrna,,0.06666667014360428,0.06666667014360428,0.06666667014360428,0.06666667014360428,0.06666667014360428
1,MIMAT0018943,IGF2,mir_regulates_mrna,,0.06666667014360428,0.06666667014360428,0.06666667014360428,0.06666667014360428,0.06666667014360428
1,MIMAT0000066,IGF1,mir_regulates_mrna,,0.024390242993831635,0.024390242993831635,0.024390242993831635,0.024390242993831635,0.024390242993831635
1,MIMAT0000242,IGF1,mir_regulates_mrna,,0.024390242993831635,0.024390242993831635,0.024390242993831635,0.024390242993831635,0.024390242993831635
1,MIMAT0004550,IGF1,mir_regulates_mrna,,0.024390242993831635,0.024390242993831635,0.024390242993831635,0.024390242993831635,0.024390242993831635
1,MIMAT0004589,IGF1,mir_regulates_mrna,,0.024390242993831635,0.024390242993831635,0.024390242993831635,0.024390242993831635,0.024390242993831635
1,MIMAT0000424,IGF1,mir_regulates_mrna,,0.024390242993831635,0.024390242993831635,0.024390242993831635,0.024390242993831635,0.024390242993831635
1,MIMAT0004609,IGF1,mir_regulates_mrna,,0.024390242993831635,0.024390242993831635,0.024390242993831635,0.024390242993831635,0.024390242993831635
1,MIMAT0001412,IGF1,mir_regulates_mrna,,0.024390242993831635,0.024390242993831635,0.024390242993831635,0.024390242993831635,0.024390242993831635
1,MIMAT0002876,IGF1,mir_regulates_mrna,,0.024390242993831635,0.024390242993831635,0.024390242993831635,0.024390242993831635,0.024390242993831635
1,MIMAT0026720,IGF1,mir_regulates_mrna,,0.024390242993831635,0.024390242993831635,0.024390242993831635,0.024390242993831635,0.024390242993831635
1,MIMAT0014984,IGF1,mir_regulates_mrna,,0.024390242993831635,0.024390242993831635,0.024390242993831635,0.024390242993831635,0.024390242993831635
1,MIMAT0018118,IGF1,mir_regulates_mrna,,0.024390242993831635,0.024390242993831635,0.024390242993831635,0.024390242993831635,0.024390242993831635
1,MIMAT0018181,IGF1,mir_regulates_mrna,,0.024390242993831635,0.024390242993831635,0.024390242993831635,0.024390242993831635,0.024390242993831635
1,MIMAT0018206,IGF1,mir_regulates_mrna,,0.024390242993831635,0.024390242993831635,0.024390242993831635,0.024390242993831635,0.024390242993831635
1,MIMAT0019006,IGF1,mir_regulates_mrna,,0.024390242993831635,0.024390242993831635,0.024390242993831635,0.024390242993831635,0.024390242993831635
1,MIMAT0019007,IGF1,mir_regulates_mrna,,0.024390242993831635,0.024390242993831635,0.024390242993831635,0.024390242993831635,0.024390242993831635
1,MIMAT0019849,IGF1,mir_regulates_mrna,,0.024390242993831635,0.024390242993831635,0.024390242993831635,0.024390242993831635,0.024390242993831635
1,MIMAT0023711,IGF1,mir_regulates_mrna,,0.024390242993831635,0.024390242993831635,0.024390242993831635,0.024390242993831635,0.024390242993831635
1,MIMAT0024618,IGF1,mir_regulates_mrna,,0.024390242993831635,0.024390242993831635,0.024390242993831635,0.024390242993831635,0.024390242993831635
1,MIMAT0025485,IGF1,mir_regulates_mrna,,0.024390242993831635,0.024390242993831635,0.024390242993831635,0.024390242993831635,0.024390242993831635
1,MIMAT0027380,IGF1,mir_regulates_mrna,,0.024390242993831635,0.024390242993831635,0.024390242993831635,0.024390242993831635,0.024390242993831635
1,MIMAT0027443,IGF1,mir_regulates_mrna,,0.024390242993831635,0.024390242993831635,0.024390242993831635,0.024390242993831635,0.024390242993831635
1,MIMAT0027458,IGF1,mir_regulates_mrna,,0.024390242993831635,0.024390242993831635,0.024390242993831635,0.024390242993831635,0.024390242993831635
1,MIMAT0027460,IGF1,mir_regulates_mrna,,0.024390242993831635,0.024390242993831635,0.024390242993831635,0.024390242993831635,0.024390242993831635
1,MIMAT0027470,IGF1,mir_regulates_mrna,,0.024390242993831635,0.024390242993831635,0.024390242993831635,0.024390242993831635,0.024390242993831635
1,MIMAT0027476,IGF1,mir_regulates_mrna,,0.024390242993831635,0.024390242993831635,0.024390242993831635,0.024390242993831635,0.024390242993831635
1,MIMAT0027498,IGF1,mir_regulates_mrna,,0.024390242993831635,0.024390242993831635,0.024390242993831635,0.024390242993831635,0.024390242993831635
1,MIMAT0027660,IGF1,mir_regulates_mrna,,0.024390242993831635,0.024390242993831635,0.024390242993831635,0.024390242993831635,0.024390242993831635
1,MIMAT0027666,IGF1,mir_regulates_mrna,,0.024390242993831635,0.024390242993831635,0.024390242993831635,0.024390242993831635,0.024390242993831635
1,MIMAT0027668,IGF1,mir_regulates_mrna,,0.024390242993831635,0.024390242993831635,0.024390242993831635,0.024390242993831635,0.024390242993831635
1,MIMAT0028109,IGF1,mir_regulates_mrna,,0.024390242993831635,0.024390242993831635,0.024390242993831635,0.024390242993831635,0.024390242993831635
1,MIMAT0030415,IGF1,mir_regulates_mrna,,0.024390242993831635,0.024390242993831635,0.024390242993831635,0.024390242993831635,0.024390242993831635
1,MIMAT0030417,IGF1,mir_regulates_mrna,,0.024390242993831635,0.024390242993831635,0.024390242993831635,0.024390242993831635,0.024390242993831635
1,MIMAT0030422,IGF1,mir_regulates_mrna,,0.024390242993831635,0.024390242993831635,0.024390242993831635,0.024390242993831635,0.024390242993831635
1,MIMAT0004952,IGF1,mir_regulates_mrna,,0.024390242993831635,0.024390242993831635,0.024390242993831635,0.024390242993831635,0.024390242993831635
1,MIMAT0016903,IGF1,mir_regulates_mrna,,0.024390242993831635,0.024390242993831635,0.024390242993831635,0.024390242993831635,0.024390242993831635
1,MIMAT0025482,IGF1,mir_regulates_mrna,,0.024390242993831635,0.024390242993831635,0.024390242993831635,0.024390242993831635,0.024390242993831635
1,MIMAT0027430,IGF1,mir_regulates_mrna,,0.024390242993831635,0.024390242993831635,0.024390242993831635,0.024390242993831635,0.024390242993831635
1,MIMAT0027583,IGF1,mir_regulates_mrna,,0.024390242993831635,0.024390242993831635,0.024390242993831635,0.024390242993831635,0.024390242993831635
1,MIMAT0027595,IGF1,mir_regulates_mrna,,0.024390242993831635,0.024390242993831635,0.024390242993831635,0.024390242993831635,0.024390242993831635
1,MIMAT0027634,IGF1,mir_regulates_mrna,,0.024390242993831635,0.024390242993831635,0.024390242993831635,0.024390242993831635,0.024390242993831635
1,MIMAT0002175,IGF1,mir_regulates_mrna,,0.024390242993831635,0.024390242993831635,0.024390242993831635,0.024390242993831635,0.024390242993831635
1,MIMAT0003271,FASLG,mir_regulates_mrna,,1.0,1.0,1.0,1.0,1.0
1,MIMAT0000070,TGFB1,mir_regulates_mrna,,0.5,0.5,0.5,0.5,0.5
1,MIMAT0000103,TGFB1,mir_regulates_mrna,,0.5,0.5,0.5,0.5,0.5
1,MIMAT0019778,CACNA1B,mir_regulates_mrna,,1.0,1.0,1.0,1.0,1.0
1,MIMAT0000427,CACNA1C,mir_regulates_mrna,,0.0555555559694767,0.0555555559694767,0.0555555559694767,0.0555555559694767,0.0555555559694767
1,MIMAT0015023,CACNA1C,mir_regulates_mrna,,0.0555555559694767,0.0555555559694767,0.0555555559694767,0.0555555559694767,0.0555555559694767
1,MIMAT0015052,CACNA1C,mir_regulates_mrna,,0.0555555559694767,0.0555555559694767,0.0555555559694767,0.0555555559694767,0.0555555559694767
1,MIMAT0016853,CACNA1C,mir_regulates_mrna,,0.0555555559694767,0.0555555559694767,0.0555555559694767,0.0555555559694767,0.0555555559694767
1,MIMAT0016900,CACNA1C,mir_regulates_mrna,,0.0555555559694767,0.0555555559694767,0.0555555559694767,0.0555555559694767,0.0555555559694767
1,MIMAT0018940,CACNA1C,mir_regulates_mrna,,0.0555555559694767,0.0555555559694767,0.0555555559694767,0.0555555559694767,0.0555555559694767
1,MIMAT0019023,CACNA1C,mir_regulates_mrna,,0.0555555559694767,0.0555555559694767,0.0555555559694767,0.0555555559694767,0.0555555559694767
1,MIMAT0019895,CACNA1C,mir_regulates_mrna,,0.0555555559694767,0.0555555559694767,0.0555555559694767,0.0555555559694767,0.0555555559694767
1,MIMAT0027353,CACNA1C,mir_regulates_mrna,,0.0555555559694767,0.0555555559694767,0.0555555559694767,0.0555555559694767,0.0555555559694767
1,MIMAT0027408,CACNA1C,mir_regulates_mrna,,0.0555555559694767,0.0555555559694767,0.0555555559694767,0.0555555559694767,0.0555555559694767
1,MIMAT0027456,CACNA1C,mir_regulates_mrna,,0.0555555559694767,0.0555555559694767,0.0555555559694767,0.0555555559694767,0.0555555559694767
1,MIMAT0027520,CACNA1C,mir_regulates_mrna,,0.0555555559694767,0.0555555559694767,0.0555555559694767,0.0555555559694767,0.0555555559694767
1,MIMAT0027573,CACNA1C,mir_regulates_mrna,,0.0555555559694767,0.0555555559694767,0.0555555559694767,0.0555555559694767,0.0555555559694767
1,MIMAT0028109,CACNA1C,mir_regulates_mrna,,0.0555555559694767,0.0555555559694767,0.0555555559694767,0.0555555559694767,0.0555555559694767
1,MIMAT0000086,CACNA1C,mir_regulates_mrna,,0.0555555559694767,0.0555555559694767,0.0555555559694767,0.0555555559694767,0.0555555559694767
1,MIMAT0019021,CACNA1C,mir_regulates_mrna,,0.0555555559694767,0.0555555559694767,0.0555555559694767,0.0555555559694767,0.0555555559694767
1,MIMAT0021034,CACNA1C,mir_regulates_mrna,,0.0555555559694767,0.0555555559694767,0.0555555559694767,0.0555555559694767,0.0555555559694767
1,MIMAT0019853,CACNA1C,mir_regulates_mrna,,0.0555555559694767,0.0555555559694767,0.0555555559694767,0.0555555559694767,0.0555555559694767
1,MIMAT0000088,CACNA1E,mir_regulates_mrna,,0.1666666716337204,0.1666666716337204,0.1666666716337204,0.1666666716337204,0.1666666716337204
1,MIMAT0004703,CACNA1E,mir_regulates_mrna,,0.1666666716337204,0.1666666716337204,0.1666666716337204,0.1666666716337204,0.1666666716337204
1,MIMAT0027582,CACNA1E,mir_regulates_mrna,,0.1666666716337204,0.1666666716337204,0.1666666716337204,0.1666666716337204,0.1666666716337204
1,MIMAT0003273,CACNA1E,mir_regulates_mrna,,0.1666666716337204,0.1666666716337204,0.1666666716337204,0.1666666716337204,0.1666666716337204
1,MIMAT0005459,CACNA1E,mir_regulates_mrna,,0.1666666716337204,0.1666666716337204,0.1666666716337204,0.1666666716337204,0.1666666716337204
1,MIMAT0004918,CACNA1E,mir_regulates_mrna,,0.1666666716337204,0.1666666716337204,0.1666666716337204,0.1666666716337204,0.1666666716337204
1,MIMAT0019233,CACNA2D1,mir_regulates_mrna,,0.3333333432674408,0.3333333432674408,0.3333333432674408,0.3333333432674408,0.3333333432674408
1,MIMAT0019977,CACNA2D1,mir_regulates_mrna,,0.3333333432674408,0.3333333432674408,0.3333333432674408,0.3333333432674408,0.3333333432674408
1,MIMAT0019854,CACNA2D1,mir_regulates_mrna,,0.3333333432674408,0.3333333432674408,0.3333333432674408,0.3333333432674408,0.3333333432674408
1,MIMAT0019849,CACNB1,mir_regulates_mrna,,0.09090909361839294,0.09090909361839294,0.09090909361839294,0.09090909361839294,0.09090909361839294
1,MIMAT0015089,CACNB1,mir_regulates_mrna,,0.09090909361839294,0.09090909361839294,0.09090909361839294,0.09090909361839294,0.09090909361839294
1,MIMAT0016901,CACNB1,mir_regulates_mrna,,0.09090909361839294,0.09090909361839294,0.09090909361839294,0.09090909361839294,0.09090909361839294
1,MIMAT0019882,CACNB1,mir_regulates_mrna,,0.09090909361839294,0.09090909361839294,0.09090909361839294,0.09090909361839294,0.09090909361839294
1,MIMAT0021128,CACNB1,mir_regulates_mrna,,0.09090909361839294,0.09090909361839294,0.09090909361839294,0.09090909361839294,0.09090909361839294
1,MIMAT0027408,CACNB1,mir_regulates_mrna,,0.09090909361839294,0.09090909361839294,0.09090909361839294,0.09090909361839294,0.09090909361839294
1,MIMAT0027470,CACNB1,mir_regulates_mrna,,0.09090909361839294,0.09090909361839294,0.09090909361839294,0.09090909361839294,0.09090909361839294
1,MIMAT0027491,CACNB1,mir_regulates_mrna,,0.09090909361839294,0.09090909361839294,0.09090909361839294,0.09090909361839294,0.09090909361839294
1,MIMAT0027507,CACNB1,mir_regulates_mrna,,0.09090909361839294,0.09090909361839294,0.09090909361839294,0.09090909361839294,0.09090909361839294
1,MIMAT0027666,CACNB1,mir_regulates_mrna,,0.09090909361839294,0.09090909361839294,0.09090909361839294,0.09090909361839294,0.09090909361839294
1,MIMAT0027675,CACNB1,mir_regulates_mrna,,0.09090909361839294,0.09090909361839294,0.09090909361839294,0.09090909361839294,0.09090909361839294
1,MIMAT0004491,CACNB2,mir_regulates_mrna,,0.06666667014360428,0.06666667014360428,0.06666667014360428,0.06666667014360428,0.06666667014360428
1,MIMAT0004492,CACNB2,mir_regulates_mrna,,0.06666667014360428,0.06666667014360428,0.06666667014360428,0.06666667014360428,0.06666667014360428
1,MIMAT0000731,CACNB2,mir_regulates_mrna,,0.06666667014360428,0.06666667014360428,0.06666667014360428,0.06666667014360428,0.06666667014360428
1,MIMAT0018971,CACNB2,mir_regulates_mrna,,0.06666667014360428,0.06666667014360428,0.06666667014360428,0.06666667014360428,0.06666667014360428
1,MIMAT0019814,CACNB2,mir_regulates_mrna,,0.06666667014360428,0.06666667014360428,0.06666667014360428,0.06666667014360428,0.06666667014360428
1,MIMAT0021124,CACNB2,mir_regulates_mrna,,0.06666667014360428,0.06666667014360428,0.06666667014360428,0.06666667014360428,0.06666667014360428
1,MIMAT0022260,CACNB2,mir_regulates_mrna,,0.06666667014360428,0.06666667014360428,0.06666667014360428,0.06666667014360428,0.06666667014360428
1,MIMAT0027426,CACNB2,mir_regulates_mrna,,0.06666667014360428,0.06666667014360428,0.06666667014360428,0.06666667014360428,0.06666667014360428
1,MIMAT0027520,CACNB2,mir_regulates_mrna,,0.06666667014360428,0.06666667014360428,0.06666667014360428,0.06666667014360428,0.06666667014360428
1,MIMAT0027614,CACNB2,mir_regulates_mrna,,0.06666667014360428,0.06666667014360428,0.06666667014360428,0.06666667014360428,0.06666667014360428
1,MIMAT0027631,CACNB2,mir_regulates_mrna,,0.06666667014360428,0.06666667014360428,0.06666667014360428,0.06666667014360428,0.06666667014360428
1,MIMAT0000069,CACNB2,mir_regulates_mrna,,0.06666667014360428,0.06666667014360428,0.06666667014360428,0.06666667014360428,0.06666667014360428
1,MIMAT0016881,CACNB2,mir_regulates_mrna,,0.06666667014360428,0.06666667014360428,0.06666667014360428,0.06666667014360428,0.06666667014360428
1,MIMAT0018349,CACNB2,mir_regulates_mrna,,0.06666667014360428,0.06666667014360428,0.06666667014360428,0.06666667014360428,0.06666667014360428
1,MIMAT0027543,CACNB2,mir_regulates_mrna,,0.06666667014360428,0.06666667014360428,0.06666667014360428,0.06666667014360428,0.06666667014360428
1,MIMAT0001080,CACNB3,mir_regulates_mrna,,1.0,1.0,1.0,1.0,1.0
1,MIMAT0000083,CACNB4,mir_regulates_mrna,,1.0,1.0,1.0,1.0,1.0
1,MIMAT0009206,CACNG1,mir_regulates_mrna,,0.5,0.5,0.5,0.5,0.5
1,MIMAT0019361,CACNG1,mir_regulates_mrna,,0.5,0.5,0.5,0.5,0.5
1,MIMAT0022714,CSF1,mir_regulates_mrna,,0.1428571492433548,0.1428571492433548,0.1428571492433548,0.1428571492433548,0.1428571492433548
1,MIMAT0005871,CSF1,mir_regulates_mrna,,0.1428571492433548,0.1428571492433548,0.1428571492433548,0.1428571492433548,0.1428571492433548
1,MIMAT0022273,CSF1,mir_regulates_mrna,,0.1428571492433548,0.1428571492433548,0.1428571492433548,0.1428571492433548,0.1428571492433548
1,MIMAT0027688,CSF1,mir_regulates_mrna,,0.1428571492433548,0.1428571492433548,0.1428571492433548,0.1428571492433548,0.1428571492433548
1,MIMAT0000454,CSF1,mir_regulates_mrna,,0.1428571492433548,0.1428571492433548,0.1428571492433548,0.1428571492433548,0.1428571492433548
1,MIMAT0003945,CSF1,mir_regulates_mrna,,0.1428571492433548,0.1428571492433548,0.1428571492433548,0.1428571492433548,0.1428571492433548
1,MIMAT0030422,CSF1,mir_regulates_mrna,,0.1428571492433548,0.1428571492433548,0.1428571492433548,0.1428571492433548,0.1428571492433548
1,MIMAT0000422,FGF1,mir_regulates_mrna,,0.0833333358168602,0.0833333358168602,0.0833333358168602,0.0833333358168602,0.0833333358168602
1,MIMAT0000756,FGF1,mir_regulates_mrna,,0.0833333358168602,0.0833333358168602,0.0833333358168602,0.0833333358168602,0.0833333358168602
1,MIMAT0019050,FGF1,mir_regulates_mrna,,0.0833333358168602,0.0833333358168602,0.0833333358168602,0.0833333358168602,0.0833333358168602
1,MIMAT0022293,FGF1,mir_regulates_mrna,,0.0833333358168602,0.0833333358168602,0.0833333358168602,0.0833333358168602,0.0833333358168602
1,MIMAT0027358,FGF1,mir_regulates_mrna,,0.0833333358168602,0.0833333358168602,0.0833333358168602,0.0833333358168602,0.0833333358168602
1,MIMAT0027539,FGF1,mir_regulates_mrna,,0.0833333358168602,0.0833333358168602,0.0833333358168602,0.0833333358168602,0.0833333358168602
1,MIMAT0027655,FGF1,mir_regulates_mrna,,0.0833333358168602,0.0833333358168602,0.0833333358168602,0.0833333358168602,0.0833333358168602
1,MIMAT0028116,FGF1,mir_regulates_mrna,,0.0833333358168602,0.0833333358168602,0.0833333358168602,0.0833333358168602,0.0833333358168602
1,MIMAT0003256,FGF1,mir_regulates_mrna,,0.0833333358168602,0.0833333358168602,0.0833333358168602,0.0833333358168602,0.0833333358168602
1,MIMAT0027032,FGF1,mir_regulates_mrna,,0.0833333358168602,0.0833333358168602,0.0833333358168602,0.0833333358168602,0.0833333358168602
1,MIMAT0019928,FGF1,mir_regulates_mrna,,0.0833333358168602,0.0833333358168602,0.0833333358168602,0.0833333358168602,0.0833333358168602
1,MIMAT0023694,FGF1,mir_regulates_mrna,,0.0833333358168602,0.0833333358168602,0.0833333358168602,0.0833333358168602,0.0833333358168602
1,MIMAT0010195,IGF1R,mir_regulates_mrna,,0.011627906933426857,0.011627906933426857,0.011627906933426857,0.011627906933426857,0.011627906933426857
1,MIMAT0000064,IGF1R,mir_regulates_mrna,,0.011627906933426857,0.011627906933426857,0.011627906933426857,0.011627906933426857,0.011627906933426857
1,MIMAT0000066,IGF1R,mir_regulates_mrna,,0.011627906933426857,0.011627906933426857,0.011627906933426857,0.011627906933426857,0.011627906933426857
1,MIMAT0000095,IGF1R,mir_regulates_mrna,,0.011627906933426857,0.011627906933426857,0.011627906933426857,0.011627906933426857,0.011627906933426857
1,MIMAT0004564,IGF1R,mir_regulates_mrna,,0.011627906933426857,0.011627906933426857,0.011627906933426857,0.011627906933426857,0.011627906933426857
1,MIMAT0004592,IGF1R,mir_regulates_mrna,,0.011627906933426857,0.011627906933426857,0.011627906933426857,0.011627906933426857,0.011627906933426857
1,MIMAT0000427,IGF1R,mir_regulates_mrna,,0.011627906933426857,0.011627906933426857,0.011627906933426857,0.011627906933426857,0.011627906933426857
1,MIMAT0000432,IGF1R,mir_regulates_mrna,,0.011627906933426857,0.011627906933426857,0.011627906933426857,0.011627906933426857,0.011627906933426857
1,MIMAT0000455,IGF1R,mir_regulates_mrna,,0.011627906933426857,0.011627906933426857,0.011627906933426857,0.011627906933426857,0.011627906933426857
1,MIMAT0003385,IGF1R,mir_regulates_mrna,,0.011627906933426857,0.011627906933426857,0.011627906933426857,0.011627906933426857,0.011627906933426857
1,MIMAT0000720,IGF1R,mir_regulates_mrna,,0.011627906933426857,0.011627906933426857,0.011627906933426857,0.011627906933426857,0.011627906933426857
1,MIMAT0004692,IGF1R,mir_regulates_mrna,,0.011627906933426857,0.011627906933426857,0.011627906933426857,0.011627906933426857,0.011627906933426857
1,MIMAT0000770,IGF1R,mir_regulates_mrna,,0.011627906933426857,0.011627906933426857,0.011627906933426857,0.011627906933426857,0.011627906933426857
1,MIMAT0002833,IGF1R,mir_regulates_mrna,,0.011627906933426857,0.011627906933426857,0.011627906933426857,0.011627906933426857,0.011627906933426857
1,MIMAT0002856,IGF1R,mir_regulates_mrna,,0.011627906933426857,0.011627906933426857,0.011627906933426857,0.011627906933426857,0.011627906933426857
1,MIMAT0002874,IGF1R,mir_regulates_mrna,,0.011627906933426857,0.011627906933426857,0.011627906933426857,0.011627906933426857,0.011627906933426857
1,MIMAT0003163,IGF1R,mir_regulates_mrna,,0.011627906933426857,0.011627906933426857,0.011627906933426857,0.011627906933426857,0.011627906933426857
1,MIMAT0003255,IGF1R,mir_regulates_mrna,,0.011627906933426857,0.011627906933426857,0.011627906933426857,0.011627906933426857,0.011627906933426857
1,MIMAT0003294,IGF1R,mir_regulates_mrna,,0.011627906933426857,0.011627906933426857,0.011627906933426857,0.011627906933426857,0.011627906933426857
1,MIMAT0003298,IGF1R,mir_regulates_mrna,,0.011627906933426857,0.011627906933426857,0.011627906933426857,0.011627906933426857,0.011627906933426857
1,MIMAT0004948,IGF1R,mir_regulates_mrna,,0.011627906933426857,0.011627906933426857,0.011627906933426857,0.011627906933426857,0.011627906933426857
1,MIMAT0005929,IGF1R,mir_regulates_mrna,,0.011627906933426857,0.011627906933426857,0.011627906933426857,0.011627906933426857,0.011627906933426857
1,MIMAT0006767,IGF1R,mir_regulates_mrna,,0.011627906933426857,0.011627906933426857,0.011627906933426857,0.011627906933426857,0.011627906933426857
1,MIMAT0026917,IGF1R,mir_regulates_mrna,,0.011627906933426857,0.011627906933426857,0.011627906933426857,0.011627906933426857,0.011627906933426857
1,MIMAT0013517,IGF1R,mir_regulates_mrna,,0.011627906933426857,0.011627906933426857,0.011627906933426857,0.011627906933426857,0.011627906933426857
1,MIMAT0019200,IGF1R,mir_regulates_mrna,,0.011627906933426857,0.011627906933426857,0.011627906933426857,0.011627906933426857,0.011627906933426857
1,MIMAT0014988,IGF1R,mir_regulates_mrna,,0.011627906933426857,0.011627906933426857,0.011627906933426857,0.011627906933426857,0.011627906933426857
1,MIMAT0015021,IGF1R,mir_regulates_mrna,,0.011627906933426857,0.011627906933426857,0.011627906933426857,0.011627906933426857,0.011627906933426857
1,MIMAT0016881,IGF1R,mir_regulates_mrna,,0.011627906933426857,0.011627906933426857,0.011627906933426857,0.011627906933426857,0.011627906933426857
1,MIMAT0018083,IGF1R,mir_regulates_mrna,,0.011627906933426857,0.011627906933426857,0.011627906933426857,0.011627906933426857,0.011627906933426857
1,MIMAT0018980,IGF1R,mir_regulates_mrna,,0.011627906933426857,0.011627906933426857,0.011627906933426857,0.011627906933426857,0.011627906933426857
1,MIMAT0019698,IGF1R,mir_regulates_mrna,,0.011627906933426857,0.011627906933426857,0.011627906933426857,0.011627906933426857,0.011627906933426857
1,MIMAT0019721,IGF1R,mir_regulates_mrna,,0.011627906933426857,0.011627906933426857,0.011627906933426857,0.011627906933426857,0.011627906933426857
1,MIMAT0019815,IGF1R,mir_regulates_mrna,,0.011627906933426857,0.011627906933426857,0.011627906933426857,0.011627906933426857,0.011627906933426857
1,MIMAT0019838,IGF1R,mir_regulates_mrna,,0.011627906933426857,0.011627906933426857,0.011627906933426857,0.011627906933426857,0.011627906933426857
1,MIMAT0019896,IGF1R,mir_regulates_mrna,,0.011627906933426857,0.011627906933426857,0.011627906933426857,0.011627906933426857,0.011627906933426857
1,MIMAT0019953,IGF1R,mir_regulates_mrna,,0.011627906933426857,0.011627906933426857,0.011627906933426857,0.011627906933426857,0.011627906933426857
1,MIMAT0019960,IGF1R,mir_regulates_mrna,,0.011627906933426857,0.011627906933426857,0.011627906933426857,0.011627906933426857,0.011627906933426857
1,MIMAT0019978,IGF1R,mir_regulates_mrna,,0.011627906933426857,0.011627906933426857,0.011627906933426857,0.011627906933426857,0.011627906933426857
1,MIMAT0022288,IGF1R,mir_regulates_mrna,,0.011627906933426857,0.011627906933426857,0.011627906933426857,0.011627906933426857,0.011627906933426857
1,MIMAT0022491,IGF1R,mir_regulates_mrna,,0.011627906933426857,0.011627906933426857,0.011627906933426857,0.011627906933426857,0.011627906933426857
1,MIMAT0024597,IGF1R,mir_regulates_mrna,,0.011627906933426857,0.011627906933426857,0.011627906933426857,0.011627906933426857,0.011627906933426857
1,MIMAT0027363,IGF1R,mir_regulates_mrna,,0.011627906933426857,0.011627906933426857,0.011627906933426857,0.011627906933426857,0.011627906933426857
1,MIMAT0027381,IGF1R,mir_regulates_mrna,,0.011627906933426857,0.011627906933426857,0.011627906933426857,0.011627906933426857,0.011627906933426857
1,MIMAT0027391,IGF1R,mir_regulates_mrna,,0.011627906933426857,0.011627906933426857,0.011627906933426857,0.011627906933426857,0.011627906933426857
1,MIMAT0027402,IGF1R,mir_regulates_mrna,,0.011627906933426857,0.011627906933426857,0.011627906933426857,0.011627906933426857,0.011627906933426857
1,MIMAT0027429,IGF1R,mir_regulates_mrna,,0.011627906933426857,0.011627906933426857,0.011627906933426857,0.011627906933426857,0.011627906933426857
1,MIMAT0027508,IGF1R,mir_regulates_mrna,,0.011627906933426857,0.011627906933426857,0.011627906933426857,0.011627906933426857,0.011627906933426857
1,MIMAT0027535,IGF1R,mir_regulates_mrna,,0.011627906933426857,0.011627906933426857,0.011627906933426857,0.011627906933426857,0.011627906933426857
1,MIMAT0027562,IGF1R,mir_regulates_mrna,,0.011627906933426857,0.011627906933426857,0.011627906933426857,0.011627906933426857,0.011627906933426857
1,MIMAT0027640,IGF1R,mir_regulates_mrna,,0.011627906933426857,0.011627906933426857,0.011627906933426857,0.011627906933426857,0.011627906933426857
1,MIMAT0027647,IGF1R,mir_regulates_mrna,,0.011627906933426857,0.011627906933426857,0.011627906933426857,0.011627906933426857,0.011627906933426857
1,MIMAT0028118,IGF1R,mir_regulates_mrna,,0.011627906933426857,0.011627906933426857,0.011627906933426857,0.011627906933426857,0.011627906933426857
1,MIMAT0028119,IGF1R,mir_regulates_mrna,,0.011627906933426857,0.011627906933426857,0.011627906933426857,0.011627906933426857,0.011627906933426857
1,MIMAT0028212,IGF1R,mir_regulates_mrna,,0.011627906933426857,0.011627906933426857,0.011627906933426857,0.011627906933426857,0.011627906933426857
1,MIMAT0028224,IGF1R,mir_regulates_mrna,,0.011627906933426857,0.011627906933426857,0.011627906933426857,0.011627906933426857,0.011627906933426857
1,MIMAT0030998,IGF1R,mir_regulates_mrna,,0.011627906933426857,0.011627906933426857,0.011627906933426857,0.011627906933426857,0.011627906933426857
1,MIMAT0031012,IGF1R,mir_regulates_mrna,,0.011627906933426857,0.011627906933426857,0.011627906933426857,0.011627906933426857,0.011627906933426857
1,MIMAT0033692,IGF1R,mir_regulates_mrna,,0.011627906933426857,0.011627906933426857,0.011627906933426857,0.011627906933426857,0.011627906933426857
1,MIMAT0000261,IGF1R,mir_regulates_mrna,,0.011627906933426857,0.011627906933426857,0.011627906933426857,0.011627906933426857,0.011627906933426857
1,MIMAT0000415,IGF1R,mir_regulates_mrna,,0.011627906933426857,0.011627906933426857,0.011627906933426857,0.011627906933426857,0.011627906933426857
1,MIMAT0000435,IGF1R,mir_regulates_mrna,,0.011627906933426857,0.011627906933426857,0.011627906933426857,0.011627906933426857,0.011627906933426857
1,MIMAT0000437,IGF1R,mir_regulates_mrna,,0.011627906933426857,0.011627906933426857,0.011627906933426857,0.011627906933426857,0.011627906933426857
1,MIMAT0002811,IGF1R,mir_regulates_mrna,,0.011627906933426857,0.011627906933426857,0.011627906933426857,0.011627906933426857,0.011627906933426857
1,MIMAT0002834,IGF1R,mir_regulates_mrna,,0.011627906933426857,0.011627906933426857,0.011627906933426857,0.011627906933426857,0.011627906933426857
1,MIMAT0002838,IGF1R,mir_regulates_mrna,,0.011627906933426857,0.011627906933426857,0.011627906933426857,0.011627906933426857,0.011627906933426857
1,MIMAT0004794,IGF1R,mir_regulates_mrna,,0.011627906933426857,0.011627906933426857,0.011627906933426857,0.011627906933426857,0.011627906933426857
1,MIMAT0003248,IGF1R,mir_regulates_mrna,,0.011627906933426857,0.011627906933426857,0.011627906933426857,0.011627906933426857,0.011627906933426857
1,MIMAT0003299,IGF1R,mir_regulates_mrna,,0.011627906933426857,0.011627906933426857,0.011627906933426857,0.011627906933426857,0.011627906933426857
1,MIMAT0022710,IGF1R,mir_regulates_mrna,,0.011627906933426857,0.011627906933426857,0.011627906933426857,0.011627906933426857,0.011627906933426857
1,MIMAT0015002,IGF1R,mir_regulates_mrna,,0.011627906933426857,0.011627906933426857,0.011627906933426857,0.011627906933426857,0.011627906933426857
1,MIMAT0016851,IGF1R,mir_regulates_mrna,,0.011627906933426857,0.011627906933426857,0.011627906933426857,0.011627906933426857,0.011627906933426857
1,MIMAT0018978,IGF1R,mir_regulates_mrna,,0.011627906933426857,0.011627906933426857,0.011627906933426857,0.011627906933426857,0.011627906933426857
1,MIMAT0019082,IGF1R,mir_regulates_mrna,,0.011627906933426857,0.011627906933426857,0.011627906933426857,0.011627906933426857,0.011627906933426857
1,MIMAT0019847,IGF1R,mir_regulates_mrna,,0.011627906933426857,0.011627906933426857,0.011627906933426857,0.011627906933426857,0.011627906933426857
1,MIMAT0021043,IGF1R,mir_regulates_mrna,,0.011627906933426857,0.011627906933426857,0.011627906933426857,0.011627906933426857,0.011627906933426857
1,MIMAT0021045,IGF1R,mir_regulates_mrna,,0.011627906933426857,0.011627906933426857,0.011627906933426857,0.011627906933426857,0.011627906933426857
1,MIMAT0025478,IGF1R,mir_regulates_mrna,,0.011627906933426857,0.011627906933426857,0.011627906933426857,0.011627906933426857,0.011627906933426857
1,MIMAT0027425,IGF1R,mir_regulates_mrna,,0.011627906933426857,0.011627906933426857,0.011627906933426857,0.011627906933426857,0.011627906933426857
1,MIMAT0027448,IGF1R,mir_regulates_mrna,,0.011627906933426857,0.011627906933426857,0.011627906933426857,0.011627906933426857,0.011627906933426857
1,MIMAT0027549,IGF1R,mir_regulates_mrna,,0.011627906933426857,0.011627906933426857,0.011627906933426857,0.011627906933426857,0.011627906933426857
1,MIMAT0027624,IGF1R,mir_regulates_mrna,,0.011627906933426857,0.011627906933426857,0.011627906933426857,0.011627906933426857,0.011627906933426857
1,MIMAT0027686,IGF1R,mir_regulates_mrna,,0.011627906933426857,0.011627906933426857,0.011627906933426857,0.011627906933426857,0.011627906933426857
1,MIMAT0028115,IGF1R,mir_regulates_mrna,,0.011627906933426857,0.011627906933426857,0.011627906933426857,0.011627906933426857,0.011627906933426857
1,MIMAT0030413,IGF1R,mir_regulates_mrna,,0.011627906933426857,0.011627906933426857,0.011627906933426857,0.011627906933426857,0.011627906933426857
1,MIMAT0031181,IGF1R,mir_regulates_mrna,,0.011627906933426857,0.011627906933426857,0.011627906933426857,0.011627906933426857,0.011627906933426857
1,MIMAT0004515,KITLG,mir_regulates_mrna,,0.3333333432674408,0.3333333432674408,0.3333333432674408,0.3333333432674408,0.3333333432674408
1,MIMAT0005457,KITLG,mir_regulates_mrna,,0.3333333432674408,0.3333333432674408,0.3333333432674408,0.3333333432674408,0.3333333432674408
1,MIMAT0002862,KITLG,mir_regulates_mrna,,0.3333333432674408,0.3333333432674408,0.3333333432674408,0.3333333432674408,0.3333333432674408
1,MIMAT0000265,PPP3R1,mir_regulates_mrna,,0.1666666716337204,0.1666666716337204,0.1666666716337204,0.1666666716337204,0.1666666716337204
1,MIMAT0000268,PPP3R1,mir_regulates_mrna,,0.1666666716337204,0.1666666716337204,0.1666666716337204,0.1666666716337204,0.1666666716337204
1,MIMAT0004780,PPP3R1,mir_regulates_mrna,,0.1666666716337204,0.1666666716337204,0.1666666716337204,0.1666666716337204,0.1666666716337204
1,MIMAT0019895,PPP3R1,mir_regulates_mrna,,0.1666666716337204,0.1666666716337204,0.1666666716337204,0.1666666716337204,0.1666666716337204
1,MIMAT0027370,PPP3R1,mir_regulates_mrna,,0.1666666716337204,0.1666666716337204,0.1666666716337204,0.1666666716337204,0.1666666716337204
1,MIMAT0027427,PPP3R1,mir_regulates_mrna,,0.1666666716337204,0.1666666716337204,0.1666666716337204,0.1666666716337204,0.1666666716337204
1,MIMAT0000762,CACNA1I,mir_regulates_mrna,,1.0,1.0,1.0,1.0,1.0
1,MIMAT0004762,CACNA2D2,mir_regulates_mrna,,0.20000000298023224,0.20000000298023224,0.20000000298023224,0.20000000298023224,0.20000000298023224
1,MIMAT0025852,CACNA2D2,mir_regulates_mrna,,0.20000000298023224,0.20000000298023224,0.20000000298023224,0.20000000298023224,0.20000000298023224
1,MIMAT0015024,CACNA2D2,mir_regulates_mrna,,0.20000000298023224,0.20000000298023224,0.20000000298023224,0.20000000298023224,0.20000000298023224
1,MIMAT0015026,CACNA2D2,mir_regulates_mrna,,0.20000000298023224,0.20000000298023224,0.20000000298023224,0.20000000298023224,0.20000000298023224
1,MIMAT0027448,CACNA2D2,mir_regulates_mrna,,0.20000000298023224,0.20000000298023224,0.20000000298023224,0.20000000298023224,0.20000000298023224
1,MIMAT0004920,ERBB2,mir_regulates_mrna,,0.20000000298023224,0.20000000298023224,0.20000000298023224,0.20000000298023224,0.20000000298023224
1,MIMAT0032026,ERBB2,mir_regulates_mrna,,0.20000000298023224,0.20000000298023224,0.20000000298023224,0.20000000298023224,0.20000000298023224
1,MIMAT0015008,ERBB2,mir_regulates_mrna,,0.20000000298023224,0.20000000298023224,0.20000000298023224,0.20000000298023224,0.20000000298023224
1,MIMAT0018090,ERBB2,mir_regulates_mrna,,0.20000000298023224,0.20000000298023224,0.20000000298023224,0.20000000298023224,0.20000000298023224
1,MIMAT0027683,ERBB2,mir_regulates_mrna,,0.20000000298023224,0.20000000298023224,0.20000000298023224,0.20000000298023224,0.20000000298023224
1,MIMAT0027402,ERBB3,mir_regulates_mrna,,0.1111111119389534,0.1111111119389534,0.1111111119389534,0.1111111119389534,0.1111111119389534
1,MIMAT0027503,ERBB3,mir_regulates_mrna,,0.1111111119389534,0.1111111119389534,0.1111111119389534,0.1111111119389534,0.1111111119389534
1,MIMAT0027553,ERBB3,mir_regulates_mrna,,0.1111111119389534,0.1111111119389534,0.1111111119389534,0.1111111119389534,0.1111111119389534
1,MIMAT0028116,ERBB3,mir_regulates_mrna,,0.1111111119389534,0.1111111119389534,0.1111111119389534,0.1111111119389534,0.1111111119389534
1,MIMAT0028117,ERBB3,mir_regulates_mrna,,0.1111111119389534,0.1111111119389534,0.1111111119389534,0.1111111119389534,0.1111111119389534
1,MIMAT0005930,ERBB3,mir_regulates_mrna,,0.1111111119389534,0.1111111119389534,0.1111111119389534,0.1111111119389534,0.1111111119389534
1,MIMAT0016863,ERBB3,mir_regulates_mrna,,0.1111111119389534,0.1111111119389534,0.1111111119389534,0.1111111119389534,0.1111111119389534
1,MIMAT0022696,ERBB3,mir_regulates_mrna,,0.1111111119389534,0.1111111119389534,0.1111111119389534,0.1111111119389534,0.1111111119389534
1,MIMAT0000760,ERBB3,mir_regulates_mrna,,0.1111111119389534,0.1111111119389534,0.1111111119389534,0.1111111119389534,0.1111111119389534
1,MIMAT0018944,RPS6KA1,mir_regulates_mrna,,0.5,0.5,0.5,0.5,0.5
1,MIMAT0019720,RPS6KA1,mir_regulates_mrna,,0.5,0.5,0.5,0.5,0.5
1,MIMAT0019896,RPS6KA2,mir_regulates_mrna,,0.1666666716337204,0.1666666716337204,0.1666666716337204,0.1666666716337204,0.1666666716337204
1,MIMAT0027550,RPS6KA2,mir_regulates_mrna,,0.1666666716337204,0.1666666716337204,0.1666666716337204,0.1666666716337204,0.1666666716337204
1,MIMAT0004982,RPS6KA2,mir_regulates_mrna,,0.1666666716337204,0.1666666716337204,0.1666666716337204,0.1666666716337204,0.1666666716337204
1,MIMAT0021033,RPS6KA2,mir_regulates_mrna,,0.1666666716337204,0.1666666716337204,0.1666666716337204,0.1666666716337204,0.1666666716337204
1,MIMAT0015052,RPS6KA2,mir_regulates_mrna,,0.1666666716337204,0.1666666716337204,0.1666666716337204,0.1666666716337204,0.1666666716337204
1,MIMAT0027038,RPS6KA2,mir_regulates_mrna,,0.1666666716337204,0.1666666716337204,0.1666666716337204,0.1666666716337204,0.1666666716337204
1,MIMAT0015023,RPS6KA4,mir_regulates_mrna,,0.05000000074505806,0.05000000074505806,0.05000000074505806,0.05000000074505806,0.05000000074505806
1,MIMAT0018190,RPS6KA4,mir_regulates_mrna,,0.05000000074505806,0.05000000074505806,0.05000000074505806,0.05000000074505806,0.05000000074505806
1,MIMAT0019015,RPS6KA4,mir_regulates_mrna,,0.05000000074505806,0.05000000074505806,0.05000000074505806,0.05000000074505806,0.05000000074505806
1,MIMAT0022491,RPS6KA4,mir_regulates_mrna,,0.05000000074505806,0.05000000074505806,0.05000000074505806,0.05000000074505806,0.05000000074505806
1,MIMAT0002830,RPS6KA4,mir_regulates_mrna,,0.05000000074505806,0.05000000074505806,0.05000000074505806,0.05000000074505806,0.05000000074505806
1,MIMAT0003292,RPS6KA4,mir_regulates_mrna,,0.05000000074505806,0.05000000074505806,0.05000000074505806,0.05000000074505806,0.05000000074505806
1,MIMAT0005929,RPS6KA4,mir_regulates_mrna,,0.05000000074505806,0.05000000074505806,0.05000000074505806,0.05000000074505806,0.05000000074505806
1,MIMAT0019715,RPS6KA4,mir_regulates_mrna,,0.05000000074505806,0.05000000074505806,0.05000000074505806,0.05000000074505806,0.05000000074505806
1,MIMAT0019939,RPS6KA4,mir_regulates_mrna,,0.05000000074505806,0.05000000074505806,0.05000000074505806,0.05000000074505806,0.05000000074505806
1,MIMAT0027426,RPS6KA4,mir_regulates_mrna,,0.05000000074505806,0.05000000074505806,0.05000000074505806,0.05000000074505806,0.05000000074505806
1,MIMAT0027526,RPS6KA4,mir_regulates_mrna,,0.05000000074505806,0.05000000074505806,0.05000000074505806,0.05000000074505806,0.05000000074505806
1,MIMAT0027550,RPS6KA4,mir_regulates_mrna,,0.05000000074505806,0.05000000074505806,0.05000000074505806,0.05000000074505806,0.05000000074505806
1,MIMAT0027662,RPS6KA4,mir_regulates_mrna,,0.05000000074505806,0.05000000074505806,0.05000000074505806,0.05000000074505806,0.05000000074505806
1,MIMAT0028119,RPS6KA4,mir_regulates_mrna,,0.05000000074505806,0.05000000074505806,0.05000000074505806,0.05000000074505806,0.05000000074505806
1,MIMAT0000422,RPS6KA4,mir_regulates_mrna,,0.05000000074505806,0.05000000074505806,0.05000000074505806,0.05000000074505806,0.05000000074505806
1,MIMAT0019737,RPS6KA4,mir_regulates_mrna,,0.05000000074505806,0.05000000074505806,0.05000000074505806,0.05000000074505806,0.05000000074505806
1,MIMAT0027470,RPS6KA4,mir_regulates_mrna,,0.05000000074505806,0.05000000074505806,0.05000000074505806,0.05000000074505806,0.05000000074505806
1,MIMAT0027614,RPS6KA4,mir_regulates_mrna,,0.05000000074505806,0.05000000074505806,0.05000000074505806,0.05000000074505806,0.05000000074505806
1,MIMAT0027666,RPS6KA4,mir_regulates_mrna,,0.05000000074505806,0.05000000074505806,0.05000000074505806,0.05000000074505806,0.05000000074505806
1,MIMAT0027672,RPS6KA4,mir_regulates_mrna,,0.05000000074505806,0.05000000074505806,0.05000000074505806,0.05000000074505806,0.05000000074505806
1,MIMAT0000265,NTRK2,mir_regulates_mrna,,0.3333333432674408,0.3333333432674408,0.3333333432674408,0.3333333432674408,0.3333333432674408
1,MIMAT0000617,NTRK2,mir_regulates_mrna,,0.3333333432674408,0.3333333432674408,0.3333333432674408,0.3333333432674408,0.3333333432674408
1,MIMAT0000765,NTRK2,mir_regulates_mrna,,0.3333333432674408,0.3333333432674408,0.3333333432674408,0.3333333432674408,0.3333333432674408
1,MIMAT0000072,RAP1A,mir_regulates_mrna,,0.0833333358168602,0.0833333358168602,0.0833333358168602,0.0833333358168602,0.0833333358168602
1,MIMAT0004595,RAP1A,mir_regulates_mrna,,0.0833333358168602,0.0833333358168602,0.0833333358168602,0.0833333358168602,0.0833333358168602
1,MIMAT0002830,RAP1A,mir_regulates_mrna,,0.0833333358168602,0.0833333358168602,0.0833333358168602,0.0833333358168602,0.0833333358168602
1,MIMAT0004794,RAP1A,mir_regulates_mrna,,0.0833333358168602,0.0833333358168602,0.0833333358168602,0.0833333358168602,0.0833333358168602
1,MIMAT0019908,RAP1A,mir_regulates_mrna,,0.0833333358168602,0.0833333358168602,0.0833333358168602,0.0833333358168602,0.0833333358168602
1,MIMAT0025841,RAP1A,mir_regulates_mrna,,0.0833333358168602,0.0833333358168602,0.0833333358168602,0.0833333358168602,0.0833333358168602
1,MIMAT0027400,RAP1A,mir_regulates_mrna,,0.0833333358168602,0.0833333358168602,0.0833333358168602,0.0833333358168602,0.0833333358168602
1,MIMAT0027544,RAP1A,mir_regulates_mrna,,0.0833333358168602,0.0833333358168602,0.0833333358168602,0.0833333358168602,0.0833333358168602
1,MIMAT0030986,RAP1A,mir_regulates_mrna,,0.0833333358168602,0.0833333358168602,0.0833333358168602,0.0833333358168602,0.0833333358168602
1,MIMAT0000066,RAP1A,mir_regulates_mrna,,0.0833333358168602,0.0833333358168602,0.0833333358168602,0.0833333358168602,0.0833333358168602
1,MIMAT0027443,RAP1A,mir_regulates_mrna,,0.0833333358168602,0.0833333358168602,0.0833333358168602,0.0833333358168602,0.0833333358168602
1,MIMAT0000717,RAP1A,mir_regulates_mrna,,0.0833333358168602,0.0833333358168602,0.0833333358168602,0.0833333358168602,0.0833333358168602
1,MIMAT0000098,RAP1B,mir_regulates_mrna,,0.05000000074505806,0.05000000074505806,0.05000000074505806,0.05000000074505806,0.05000000074505806
1,MIMAT0000099,RAP1B,mir_regulates_mrna,,0.05000000074505806,0.05000000074505806,0.05000000074505806,0.05000000074505806,0.05000000074505806
1,MIMAT0026474,RAP1B,mir_regulates_mrna,,0.05000000074505806,0.05000000074505806,0.05000000074505806,0.05000000074505806,0.05000000074505806
1,MIMAT0000244,RAP1B,mir_regulates_mrna,,0.05000000074505806,0.05000000074505806,0.05000000074505806,0.05000000074505806,0.05000000074505806
1,MIMAT0000250,RAP1B,mir_regulates_mrna,,0.05000000074505806,0.05000000074505806,0.05000000074505806,0.05000000074505806,0.05000000074505806
1,MIMAT0000420,RAP1B,mir_regulates_mrna,,0.05000000074505806,0.05000000074505806,0.05000000074505806,0.05000000074505806,0.05000000074505806
1,MIMAT0001339,RAP1B,mir_regulates_mrna,,0.05000000074505806,0.05000000074505806,0.05000000074505806,0.05000000074505806,0.05000000074505806
1,MIMAT0002821,RAP1B,mir_regulates_mrna,,0.05000000074505806,0.05000000074505806,0.05000000074505806,0.05000000074505806,0.05000000074505806
1,MIMAT0014999,RAP1B,mir_regulates_mrna,,0.05000000074505806,0.05000000074505806,0.05000000074505806,0.05000000074505806,0.05000000074505806
1,MIMAT0018074,RAP1B,mir_regulates_mrna,,0.05000000074505806,0.05000000074505806,0.05000000074505806,0.05000000074505806,0.05000000074505806
1,MIMAT0018984,RAP1B,mir_regulates_mrna,,0.05000000074505806,0.05000000074505806,0.05000000074505806,0.05000000074505806,0.05000000074505806
1,MIMAT0019031,RAP1B,mir_regulates_mrna,,0.05000000074505806,0.05000000074505806,0.05000000074505806,0.05000000074505806,0.05000000074505806
1,MIMAT0000084,RAP1B,mir_regulates_mrna,,0.05000000074505806,0.05000000074505806,0.05000000074505806,0.05000000074505806,0.05000000074505806
1,MIMAT0022844,RAP1B,mir_regulates_mrna,,0.05000000074505806,0.05000000074505806,0.05000000074505806,0.05000000074505806,0.05000000074505806
1,MIMAT0000419,RAP1B,mir_regulates_mrna,,0.05000000074505806,0.05000000074505806,0.05000000074505806,0.05000000074505806,0.05000000074505806
1,MIMAT0002877,RAP1B,mir_regulates_mrna,,0.05000000074505806,0.05000000074505806,0.05000000074505806,0.05000000074505806,0.05000000074505806
1,MIMAT0017986,RAP1B,mir_regulates_mrna,,0.05000000074505806,0.05000000074505806,0.05000000074505806,0.05000000074505806,0.05000000074505806
1,MIMAT0018109,RAP1B,mir_regulates_mrna,,0.05000000074505806,0.05000000074505806,0.05000000074505806,0.05000000074505806,0.05000000074505806
1,MIMAT0022736,RAP1B,mir_regulates_mrna,,0.05000000074505806,0.05000000074505806,0.05000000074505806,0.05000000074505806,0.05000000074505806
1,MIMAT0027667,RAP1B,mir_regulates_mrna,,0.05000000074505806,0.05000000074505806,0.05000000074505806,0.05000000074505806,0.05000000074505806
1,MIMAT0000255,AKT1,mir_regulates_mrna,,0.1666666716337204,0.1666666716337204,0.1666666716337204,0.1666666716337204,0.1666666716337204
1,MIMAT0000756,AKT1,mir_regulates_mrna,,0.1666666716337204,0.1666666716337204,0.1666666716337204,0.1666666716337204,0.1666666716337204
1,MIMAT0027633,AKT1,mir_regulates_mrna,,0.1666666716337204,0.1666666716337204,0.1666666716337204,0.1666666716337204,0.1666666716337204
1,MIMAT0027549,AKT1,mir_regulates_mrna,,0.1666666716337204,0.1666666716337204,0.1666666716337204,0.1666666716337204,0.1666666716337204
1,MIMAT0004609,AKT1,mir_regulates_mrna,,0.1666666716337204,0.1666666716337204,0.1666666716337204,0.1666666716337204,0.1666666716337204
1,MIMAT0027429,AKT1,mir_regulates_mrna,,0.1666666716337204,0.1666666716337204,0.1666666716337204,0.1666666716337204,0.1666666716337204
1,MIMAT0000092,TGFBR2,mir_regulates_mrna,,0.09090909361839294,0.09090909361839294,0.09090909361839294,0.09090909361839294,0.09090909361839294
1,MIMAT0000680,TGFBR2,mir_regulates_mrna,,0.09090909361839294,0.09090909361839294,0.09090909361839294,0.09090909361839294,0.09090909361839294
1,MIMAT0015004,TGFBR2,mir_regulates_mrna,,0.09090909361839294,0.09090909361839294,0.09090909361839294,0.09090909361839294,0.09090909361839294
1,MIMAT0019363,TGFBR2,mir_regulates_mrna,,0.09090909361839294,0.09090909361839294,0.09090909361839294,0.09090909361839294,0.09090909361839294
1,MIMAT0019855,TGFBR2,mir_regulates_mrna,,0.09090909361839294,0.09090909361839294,0.09090909361839294,0.09090909361839294,0.09090909361839294
1,MIMAT0027516,TGFBR2,mir_regulates_mrna,,0.09090909361839294,0.09090909361839294,0.09090909361839294,0.09090909361839294,0.09090909361839294
1,MIMAT0027536,TGFBR2,mir_regulates_mrna,,0.09090909361839294,0.09090909361839294,0.09090909361839294,0.09090909361839294,0.09090909361839294
1,MIMAT0027634,TGFBR2,mir_regulates_mrna,,0.09090909361839294,0.09090909361839294,0.09090909361839294,0.09090909361839294,0.09090909361839294
1,MIMAT0000255,TGFBR2,mir_regulates_mrna,,0.09090909361839294,0.09090909361839294,0.09090909361839294,0.09090909361839294,0.09090909361839294
1,MIMAT0018088,TGFBR2,mir_regulates_mrna,,0.09090909361839294,0.09090909361839294,0.09090909361839294,0.09090909361839294,0.09090909361839294
1,MIMAT0027416,TGFBR2,mir_regulates_mrna,,0.09090909361839294,0.09090909361839294,0.09090909361839294,0.09090909361839294,0.09090909361839294
1,MIMAT0000222,IRAK1,mir_regulates_mrna,,1.0,1.0,1.0,1.0,1.0
1,MIMAT0000255,VEGFA,mir_regulates_mrna,,0.03333333507180214,0.03333333507180214,0.03333333507180214,0.03333333507180214,0.03333333507180214
1,MIMAT0004598,VEGFA,mir_regulates_mrna,,0.03333333507180214,0.03333333507180214,0.03333333507180214,0.03333333507180214,0.03333333507180214
1,MIMAT0000680,VEGFA,mir_regulates_mrna,,0.03333333507180214,0.03333333507180214,0.03333333507180214,0.03333333507180214,0.03333333507180214
1,MIMAT0000685,VEGFA,mir_regulates_mrna,,0.03333333507180214,0.03333333507180214,0.03333333507180214,0.03333333507180214,0.03333333507180214
1,MIMAT0000738,VEGFA,mir_regulates_mrna,,0.03333333507180214,0.03333333507180214,0.03333333507180214,0.03333333507180214,0.03333333507180214
1,MIMAT0002875,VEGFA,mir_regulates_mrna,,0.03333333507180214,0.03333333507180214,0.03333333507180214,0.03333333507180214,0.03333333507180214
1,MIMAT0018083,VEGFA,mir_regulates_mrna,,0.03333333507180214,0.03333333507180214,0.03333333507180214,0.03333333507180214,0.03333333507180214
1,MIMAT0018357,VEGFA,mir_regulates_mrna,,0.03333333507180214,0.03333333507180214,0.03333333507180214,0.03333333507180214,0.03333333507180214
1,MIMAT0027396,VEGFA,mir_regulates_mrna,,0.03333333507180214,0.03333333507180214,0.03333333507180214,0.03333333507180214,0.03333333507180214
1,MIMAT0027418,VEGFA,mir_regulates_mrna,,0.03333333507180214,0.03333333507180214,0.03333333507180214,0.03333333507180214,0.03333333507180214
1,MIMAT0027486,VEGFA,mir_regulates_mrna,,0.03333333507180214,0.03333333507180214,0.03333333507180214,0.03333333507180214,0.03333333507180214
1,MIMAT0027620,VEGFA,mir_regulates_mrna,,0.03333333507180214,0.03333333507180214,0.03333333507180214,0.03333333507180214,0.03333333507180214
1,MIMAT0027643,VEGFA,mir_regulates_mrna,,0.03333333507180214,0.03333333507180214,0.03333333507180214,0.03333333507180214,0.03333333507180214
1,MIMAT0027650,VEGFA,mir_regulates_mrna,,0.03333333507180214,0.03333333507180214,0.03333333507180214,0.03333333507180214,0.03333333507180214
1,MIMAT0033692,VEGFA,mir_regulates_mrna,,0.03333333507180214,0.03333333507180214,0.03333333507180214,0.03333333507180214,0.03333333507180214
1,MIMAT0000069,VEGFA,mir_regulates_mrna,,0.03333333507180214,0.03333333507180214,0.03333333507180214,0.03333333507180214,0.03333333507180214
1,MIMAT0000443,VEGFA,mir_regulates_mrna,,0.03333333507180214,0.03333333507180214,0.03333333507180214,0.03333333507180214,0.03333333507180214
1,MIMAT0005883,VEGFA,mir_regulates_mrna,,0.03333333507180214,0.03333333507180214,0.03333333507180214,0.03333333507180214,0.03333333507180214
1,MIMAT0022724,VEGFA,mir_regulates_mrna,,0.03333333507180214,0.03333333507180214,0.03333333507180214,0.03333333507180214,0.03333333507180214
1,MIMAT0012735,VEGFA,mir_regulates_mrna,,0.03333333507180214,0.03333333507180214,0.03333333507180214,0.03333333507180214,0.03333333507180214
1,MIMAT0014989,VEGFA,mir_regulates_mrna,,0.03333333507180214,0.03333333507180214,0.03333333507180214,0.03333333507180214,0.03333333507180214
1,MIMAT0022487,VEGFA,mir_regulates_mrna,,0.03333333507180214,0.03333333507180214,0.03333333507180214,0.03333333507180214,0.03333333507180214
1,MIMAT0027391,VEGFA,mir_regulates_mrna,,0.03333333507180214,0.03333333507180214,0.03333333507180214,0.03333333507180214,0.03333333507180214
1,MIMAT0027412,VEGFA,mir_regulates_mrna,,0.03333333507180214,0.03333333507180214,0.03333333507180214,0.03333333507180214,0.03333333507180214
1,MIMAT0027432,VEGFA,mir_regulates_mrna,,0.03333333507180214,0.03333333507180214,0.03333333507180214,0.03333333507180214,0.03333333507180214
1,MIMAT0027646,VEGFA,mir_regulates_mrna,,0.03333333507180214,0.03333333507180214,0.03333333507180214,0.03333333507180214,0.03333333507180214
1,MIMAT0000075,VEGFA,mir_regulates_mrna,,0.03333333507180214,0.03333333507180214,0.03333333507180214,0.03333333507180214,0.03333333507180214
1,MIMAT0000251,VEGFA,mir_regulates_mrna,,0.03333333507180214,0.03333333507180214,0.03333333507180214,0.03333333507180214,0.03333333507180214
1,MIMAT0000461,VEGFA,mir_regulates_mrna,,0.03333333507180214,0.03333333507180214,0.03333333507180214,0.03333333507180214,0.03333333507180214
1,MIMAT0004602,VEGFA,mir_regulates_mrna,,0.03333333507180214,0.03333333507180214,0.03333333507180214,0.03333333507180214,0.03333333507180214
1,MIMAT0000680,PPM1B,mir_regulates_mrna,,1.0,1.0,1.0,1.0,1.0
1,MIMAT0004493,CDC42,mir_regulates_mrna,,0.0833333358168602,0.0833333358168602,0.0833333358168602,0.0833333358168602,0.0833333358168602
1,MIMAT0004509,CDC42,mir_regulates_mrna,,0.0833333358168602,0.0833333358168602,0.0833333358168602,0.0833333358168602,0.0833333358168602
1,MIMAT0000104,CDC42,mir_regulates_mrna,,0.0833333358168602,0.0833333358168602,0.0833333358168602,0.0833333358168602,0.0833333358168602
1,MIMAT0000273,CDC42,mir_regulates_mrna,,0.0833333358168602,0.0833333358168602,0.0833333358168602,0.0833333358168602,0.0833333358168602
1,MIMAT0000281,CDC42,mir_regulates_mrna,,0.0833333358168602,0.0833333358168602,0.0833333358168602,0.0833333358168602,0.0833333358168602
1,MIMAT0000427,CDC42,mir_regulates_mrna,,0.0833333358168602,0.0833333358168602,0.0833333358168602,0.0833333358168602,0.0833333358168602
1,MIMAT0000455,CDC42,mir_regulates_mrna,,0.0833333358168602,0.0833333358168602,0.0833333358168602,0.0833333358168602,0.0833333358168602
1,MIMAT0000680,CDC42,mir_regulates_mrna,,0.0833333358168602,0.0833333358168602,0.0833333358168602,0.0833333358168602,0.0833333358168602
1,MIMAT0000770,CDC42,mir_regulates_mrna,,0.0833333358168602,0.0833333358168602,0.0833333358168602,0.0833333358168602,0.0833333358168602
1,MIMAT0002174,CDC42,mir_regulates_mrna,,0.0833333358168602,0.0833333358168602,0.0833333358168602,0.0833333358168602,0.0833333358168602
1,MIMAT0000265,CDC42,mir_regulates_mrna,,0.0833333358168602,0.0833333358168602,0.0833333358168602,0.0833333358168602,0.0833333358168602
1,MIMAT0000751,CDC42,mir_regulates_mrna,,0.0833333358168602,0.0833333358168602,0.0833333358168602,0.0833333358168602,0.0833333358168602
1,MIMAT0004761,MAPK3,mir_regulates_mrna,,1.0,1.0,1.0,1.0,1.0
1,MIMAT0004748,MAPK8IP3,mir_regulates_mrna,,0.10000000149011612,0.10000000149011612,0.10000000149011612,0.10000000149011612,0.10000000149011612
1,MIMAT0021039,MAPK8IP3,mir_regulates_mrna,,0.10000000149011612,0.10000000149011612,0.10000000149011612,0.10000000149011612,0.10000000149011612
1,MIMAT0022294,MAPK8IP3,mir_regulates_mrna,,0.10000000149011612,0.10000000149011612,0.10000000149011612,0.10000000149011612,0.10000000149011612
1,MIMAT0027454,MAPK8IP3,mir_regulates_mrna,,0.10000000149011612,0.10000000149011612,0.10000000149011612,0.10000000149011612,0.10000000149011612
1,MIMAT0027587,MAPK8IP3,mir_regulates_mrna,,0.10000000149011612,0.10000000149011612,0.10000000149011612,0.10000000149011612,0.10000000149011612
1,MIMAT0015080,MAPK8IP3,mir_regulates_mrna,,0.10000000149011612,0.10000000149011612,0.10000000149011612,0.10000000149011612,0.10000000149011612
1,MIMAT0019041,MAPK8IP3,mir_regulates_mrna,,0.10000000149011612,0.10000000149011612,0.10000000149011612,0.10000000149011612,0.10000000149011612
1,MIMAT0022491,MAPK8IP3,mir_regulates_mrna,,0.10000000149011612,0.10000000149011612,0.10000000149011612,0.10000000149011612,0.10000000149011612
1,MIMAT0023252,MAPK8IP3,mir_regulates_mrna,,0.10000000149011612,0.10000000149011612,0.10000000149011612,0.10000000149011612,0.10000000149011612
1,MIMAT0027678,MAPK8IP3,mir_regulates_mrna,,0.10000000149011612,0.10000000149011612,0.10000000149011612,0.10000000149011612,0.10000000149011612
1,MIMAT0000278,ERBB4,mir_regulates_mrna,,0.5,0.5,0.5,0.5,0.5
1,MIMAT0000449,ERBB4,mir_regulates_mrna,,0.5,0.5,0.5,0.5,0.5
1,MIMAT0003322,MRAS,mir_regulates_mrna,,0.1666666716337204,0.1666666716337204,0.1666666716337204,0.1666666716337204,0.1666666716337204
1,MIMAT0017981,MRAS,mir_regulates_mrna,,0.1666666716337204,0.1666666716337204,0.1666666716337204,0.1666666716337204,0.1666666716337204
1,MIMAT0019043,MRAS,mir_regulates_mrna,,0.1666666716337204,0.1666666716337204,0.1666666716337204,0.1666666716337204,0.1666666716337204
1,MIMAT0021123,MRAS,mir_regulates_mrna,,0.1666666716337204,0.1666666716337204,0.1666666716337204,0.1666666716337204,0.1666666716337204
1,MIMAT0027456,MRAS,mir_regulates_mrna,,0.1666666716337204,0.1666666716337204,0.1666666716337204,0.1666666716337204,0.1666666716337204
1,MIMAT0023694,MRAS,mir_regulates_mrna,,0.1666666716337204,0.1666666716337204,0.1666666716337204,0.1666666716337204,0.1666666716337204
1,MIMAT0000092,TGFA,mir_regulates_mrna,,0.06666667014360428,0.06666667014360428,0.06666667014360428,0.06666667014360428,0.06666667014360428
1,MIMAT0000762,TGFA,mir_regulates_mrna,,0.06666667014360428,0.06666667014360428,0.06666667014360428,0.06666667014360428,0.06666667014360428
1,MIMAT0002876,TGFA,mir_regulates_mrna,,0.06666667014360428,0.06666667014360428,0.06666667014360428,0.06666667014360428,0.06666667014360428
1,MIMAT0015077,TGFA,mir_regulates_mrna,,0.06666667014360428,0.06666667014360428,0.06666667014360428,0.06666667014360428,0.06666667014360428
1,MIMAT0019806,TGFA,mir_regulates_mrna,,0.06666667014360428,0.06666667014360428,0.06666667014360428,0.06666667014360428,0.06666667014360428
1,MIMAT0019885,TGFA,mir_regulates_mrna,,0.06666667014360428,0.06666667014360428,0.06666667014360428,0.06666667014360428,0.06666667014360428
1,MIMAT0021022,TGFA,mir_regulates_mrna,,0.06666667014360428,0.06666667014360428,0.06666667014360428,0.06666667014360428,0.06666667014360428
1,MIMAT0027414,TGFA,mir_regulates_mrna,,0.06666667014360428,0.06666667014360428,0.06666667014360428,0.06666667014360428,0.06666667014360428
1,MIMAT0027591,TGFA,mir_regulates_mrna,,0.06666667014360428,0.06666667014360428,0.06666667014360428,0.06666667014360428,0.06666667014360428
1,MIMAT0027647,TGFA,mir_regulates_mrna,,0.06666667014360428,0.06666667014360428,0.06666667014360428,0.06666667014360428,0.06666667014360428
1,MIMAT0000438,TGFA,mir_regulates_mrna,,0.06666667014360428,0.06666667014360428,0.06666667014360428,0.06666667014360428,0.06666667014360428
1,MIMAT0027378,TGFA,mir_regulates_mrna,,0.06666667014360428,0.06666667014360428,0.06666667014360428,0.06666667014360428,0.06666667014360428
1,MIMAT0027528,TGFA,mir_regulates_mrna,,0.06666667014360428,0.06666667014360428,0.06666667014360428,0.06666667014360428,0.06666667014360428
1,MIMAT0019847,TGFA,mir_regulates_mrna,,0.06666667014360428,0.06666667014360428,0.06666667014360428,0.06666667014360428,0.06666667014360428
1,MIMAT0009451,TGFA,mir_regulates_mrna,,0.06666667014360428,0.06666667014360428,0.06666667014360428,0.06666667014360428,0.06666667014360428
1,MIMAT0004701,IKBKG,mir_regulates_mrna,,0.1666666716337204,0.1666666716337204,0.1666666716337204,0.1666666716337204,0.1666666716337204
1,MIMAT0024610,IKBKG,mir_regulates_mrna,,0.1666666716337204,0.1666666716337204,0.1666666716337204,0.1666666716337204,0.1666666716337204
1,MIMAT0024614,IKBKG,mir_regulates_mrna,,0.1666666716337204,0.1666666716337204,0.1666666716337204,0.1666666716337204,0.1666666716337204
1,MIMAT0024617,IKBKG,mir_regulates_mrna,,0.1666666716337204,0.1666666716337204,0.1666666716337204,0.1666666716337204,0.1666666716337204
1,MIMAT0019868,IKBKG,mir_regulates_mrna,,0.1666666716337204,0.1666666716337204,0.1666666716337204,0.1666666716337204,0.1666666716337204
1,MIMAT0027646,IKBKG,mir_regulates_mrna,,0.1666666716337204,0.1666666716337204,0.1666666716337204,0.1666666716337204,0.1666666716337204
1,MIMAT0004517,RRAS2,mir_regulates_mrna,,0.5,0.5,0.5,0.5,0.5
1,MIMAT0015035,RRAS2,mir_regulates_mrna,,0.5,0.5,0.5,0.5,0.5
1,MIMAT0004599,ELK1,mir_regulates_mrna,,0.05263157933950424,0.05263157933950424,0.05263157933950424,0.05263157933950424,0.05263157933950424
1,MIMAT0004602,ELK1,mir_regulates_mrna,,0.05263157933950424,0.05263157933950424,0.05263157933950424,0.05263157933950424,0.05263157933950424
1,MIMAT0026612,ELK1,mir_regulates_mrna,,0.05263157933950424,0.05263157933950424,0.05263157933950424,0.05263157933950424,0.05263157933950424
1,MIMAT0022939,ELK1,mir_regulates_mrna,,0.05263157933950424,0.05263157933950424,0.05263157933950424,0.05263157933950424,0.05263157933950424
1,MIMAT0011161,ELK1,mir_regulates_mrna,,0.05263157933950424,0.05263157933950424,0.05263157933950424,0.05263157933950424,0.05263157933950424
1,MIMAT0018072,ELK1,mir_regulates_mrna,,0.05263157933950424,0.05263157933950424,0.05263157933950424,0.05263157933950424,0.05263157933950424
1,MIMAT0018937,ELK1,mir_regulates_mrna,,0.05263157933950424,0.05263157933950424,0.05263157933950424,0.05263157933950424,0.05263157933950424
1,MIMAT0018985,ELK1,mir_regulates_mrna,,0.05263157933950424,0.05263157933950424,0.05263157933950424,0.05263157933950424,0.05263157933950424
1,MIMAT0019033,ELK1,mir_regulates_mrna,,0.05263157933950424,0.05263157933950424,0.05263157933950424,0.05263157933950424,0.05263157933950424
1,MIMAT0019077,ELK1,mir_regulates_mrna,,0.05263157933950424,0.05263157933950424,0.05263157933950424,0.05263157933950424,0.05263157933950424
1,MIMAT0019723,ELK1,mir_regulates_mrna,,0.05263157933950424,0.05263157933950424,0.05263157933950424,0.05263157933950424,0.05263157933950424
1,MIMAT0019820,ELK1,mir_regulates_mrna,,0.05263157933950424,0.05263157933950424,0.05263157933950424,0.05263157933950424,0.05263157933950424
1,MIMAT0025462,ELK1,mir_regulates_mrna,,0.05263157933950424,0.05263157933950424,0.05263157933950424,0.05263157933950424,0.05263157933950424
1,MIMAT0028112,ELK1,mir_regulates_mrna,,0.05263157933950424,0.05263157933950424,0.05263157933950424,0.05263157933950424,0.05263157933950424
1,MIMAT0000451,ELK1,mir_regulates_mrna,,0.05263157933950424,0.05263157933950424,0.05263157933950424,0.05263157933950424,0.05263157933950424
1,MIMAT0004780,ELK1,mir_regulates_mrna,,0.05263157933950424,0.05263157933950424,0.05263157933950424,0.05263157933950424,0.05263157933950424
1,MIMAT0005573,ELK1,mir_regulates_mrna,,0.05263157933950424,0.05263157933950424,0.05263157933950424,0.05263157933950424,0.05263157933950424
1,MIMAT0027027,ELK1,mir_regulates_mrna,,0.05263157933950424,0.05263157933950424,0.05263157933950424,0.05263157933950424,0.05263157933950424
1,MIMAT0018945,ELK1,mir_regulates_mrna,,0.05263157933950424,0.05263157933950424,0.05263157933950424,0.05263157933950424,0.05263157933950424
1,MIMAT0000070,IRAK4,mir_regulates_mrna,,0.03125,0.03125,0.03125,0.03125,0.03125
1,MIMAT0000075,IRAK4,mir_regulates_mrna,,0.03125,0.03125,0.03125,0.03125,0.03125
1,MIMAT0000103,IRAK4,mir_regulates_mrna,,0.03125,0.03125,0.03125,0.03125,0.03125
1,MIMAT0000451,IRAK4,mir_regulates_mrna,,0.03125,0.03125,0.03125,0.03125,0.03125
1,MIMAT0000684,IRAK4,mir_regulates_mrna,,0.03125,0.03125,0.03125,0.03125,0.03125
1,MIMAT0000715,IRAK4,mir_regulates_mrna,,0.03125,0.03125,0.03125,0.03125,0.03125
1,MIMAT0000722,IRAK4,mir_regulates_mrna,,0.03125,0.03125,0.03125,0.03125,0.03125
1,MIMAT0001413,IRAK4,mir_regulates_mrna,,0.03125,0.03125,0.03125,0.03125,0.03125
1,MIMAT0004809,IRAK4,mir_regulates_mrna,,0.03125,0.03125,0.03125,0.03125,0.03125
1,MIMAT0004952,IRAK4,mir_regulates_mrna,,0.03125,0.03125,0.03125,0.03125,0.03125
1,MIMAT0004983,IRAK4,mir_regulates_mrna,,0.03125,0.03125,0.03125,0.03125,0.03125
1,MIMAT0005871,IRAK4,mir_regulates_mrna,,0.03125,0.03125,0.03125,0.03125,0.03125
1,MIMAT0022720,IRAK4,mir_regulates_mrna,,0.03125,0.03125,0.03125,0.03125,0.03125
1,MIMAT0007883,IRAK4,mir_regulates_mrna,,0.03125,0.03125,0.03125,0.03125,0.03125
1,MIMAT0019208,IRAK4,mir_regulates_mrna,,0.03125,0.03125,0.03125,0.03125,0.03125
1,MIMAT0016889,IRAK4,mir_regulates_mrna,,0.03125,0.03125,0.03125,0.03125,0.03125
1,MIMAT0018206,IRAK4,mir_regulates_mrna,,0.03125,0.03125,0.03125,0.03125,0.03125
1,MIMAT0019006,IRAK4,mir_regulates_mrna,,0.03125,0.03125,0.03125,0.03125,0.03125
1,MIMAT0019913,IRAK4,mir_regulates_mrna,,0.03125,0.03125,0.03125,0.03125,0.03125
1,MIMAT0025481,IRAK4,mir_regulates_mrna,,0.03125,0.03125,0.03125,0.03125,0.03125
1,MIMAT0025844,IRAK4,mir_regulates_mrna,,0.03125,0.03125,0.03125,0.03125,0.03125
1,MIMAT0027457,IRAK4,mir_regulates_mrna,,0.03125,0.03125,0.03125,0.03125,0.03125
1,MIMAT0027668,IRAK4,mir_regulates_mrna,,0.03125,0.03125,0.03125,0.03125,0.03125
1,MIMAT0027686,IRAK4,mir_regulates_mrna,,0.03125,0.03125,0.03125,0.03125,0.03125
1,MIMAT0027687,IRAK4,mir_regulates_mrna,,0.03125,0.03125,0.03125,0.03125,0.03125
1,MIMAT0028111,IRAK4,mir_regulates_mrna,,0.03125,0.03125,0.03125,0.03125,0.03125
1,MIMAT0028214,IRAK4,mir_regulates_mrna,,0.03125,0.03125,0.03125,0.03125,0.03125
1,MIMAT0030426,IRAK4,mir_regulates_mrna,,0.03125,0.03125,0.03125,0.03125,0.03125
1,MIMAT0019853,IRAK4,mir_regulates_mrna,,0.03125,0.03125,0.03125,0.03125,0.03125
1,MIMAT0019927,IRAK4,mir_regulates_mrna,,0.03125,0.03125,0.03125,0.03125,0.03125
1,MIMAT0025854,IRAK4,mir_regulates_mrna,,0.03125,0.03125,0.03125,0.03125,0.03125
1,MIMAT0027516,IRAK4,mir_regulates_mrna,,0.03125,0.03125,0.03125,0.03125,0.03125
1,MIMAT0000423,ANGPT2,mir_regulates_mrna,,1.0,1.0,1.0,1.0,1.0
1,MIMAT0002858,MAPT,mir_regulates_mrna,,0.06666667014360428,0.06666667014360428,0.06666667014360428,0.06666667014360428,0.06666667014360428
1,MIMAT0005457,MAPT,mir_regulates_mrna,,0.06666667014360428,0.06666667014360428,0.06666667014360428,0.06666667014360428,0.06666667014360428
1,MIMAT0002867,MAPT,mir_regulates_mrna,,0.06666667014360428,0.06666667014360428,0.06666667014360428,0.06666667014360428,0.06666667014360428
1,MIMAT0002862,MAPT,mir_regulates_mrna,,0.06666667014360428,0.06666667014360428,0.06666667014360428,0.06666667014360428,0.06666667014360428
1,MIMAT0004911,MAPT,mir_regulates_mrna,,0.06666667014360428,0.06666667014360428,0.06666667014360428,0.06666667014360428,0.06666667014360428
1,MIMAT0011163,MAPT,mir_regulates_mrna,,0.06666667014360428,0.06666667014360428,0.06666667014360428,0.06666667014360428,0.06666667014360428
1,MIMAT0011775,MAPT,mir_regulates_mrna,,0.06666667014360428,0.06666667014360428,0.06666667014360428,0.06666667014360428,0.06666667014360428
1,MIMAT0018201,MAPT,mir_regulates_mrna,,0.06666667014360428,0.06666667014360428,0.06666667014360428,0.06666667014360428,0.06666667014360428
1,MIMAT0019066,MAPT,mir_regulates_mrna,,0.06666667014360428,0.06666667014360428,0.06666667014360428,0.06666667014360428,0.06666667014360428
1,MIMAT0019965,MAPT,mir_regulates_mrna,,0.06666667014360428,0.06666667014360428,0.06666667014360428,0.06666667014360428,0.06666667014360428
1,MIMAT0019971,MAPT,mir_regulates_mrna,,0.06666667014360428,0.06666667014360428,0.06666667014360428,0.06666667014360428,0.06666667014360428
1,MIMAT0027673,MAPT,mir_regulates_mrna,,0.06666667014360428,0.06666667014360428,0.06666667014360428,0.06666667014360428,0.06666667014360428
1,MIMAT0014987,MAPT,mir_regulates_mrna,,0.06666667014360428,0.06666667014360428,0.06666667014360428,0.06666667014360428,0.06666667014360428
1,MIMAT0019210,MAPT,mir_regulates_mrna,,0.06666667014360428,0.06666667014360428,0.06666667014360428,0.06666667014360428,0.06666667014360428
1,MIMAT0019927,MAPT,mir_regulates_mrna,,0.06666667014360428,0.06666667014360428,0.06666667014360428,0.06666667014360428,0.06666667014360428
1,MIMAT0022256,RASGRP1,mir_regulates_mrna,,0.25,0.25,0.25,0.25,0.25
1,MIMAT0019761,RASGRP1,mir_regulates_mrna,,0.25,0.25,0.25,0.25,0.25
1,MIMAT0022282,RASGRP1,mir_regulates_mrna,,0.25,0.25,0.25,0.25,0.25
1,MIMAT0015035,RASGRP1,mir_regulates_mrna,,0.25,0.25,0.25,0.25,0.25
1,MIMAT0000083,PAK1,mir_regulates_mrna,,0.25,0.25,0.25,0.25,0.25
1,MIMAT0000244,PAK1,mir_regulates_mrna,,0.25,0.25,0.25,0.25,0.25
1,MIMAT0000252,PAK1,mir_regulates_mrna,,0.25,0.25,0.25,0.25,0.25
1,MIMAT0000273,PAK1,mir_regulates_mrna,,0.25,0.25,0.25,0.25,0.25
1,MIMAT0000065,TGFBR1,mir_regulates_mrna,,0.04545454680919647,0.04545454680919647,0.04545454680919647,0.04545454680919647,0.04545454680919647
1,MIMAT0000099,TGFBR1,mir_regulates_mrna,,0.04545454680919647,0.04545454680919647,0.04545454680919647,0.04545454680919647,0.04545454680919647
1,MIMAT0022693,TGFBR1,mir_regulates_mrna,,0.04545454680919647,0.04545454680919647,0.04545454680919647,0.04545454680919647,0.04545454680919647
1,MIMAT0000424,TGFBR1,mir_regulates_mrna,,0.04545454680919647,0.04545454680919647,0.04545454680919647,0.04545454680919647,0.04545454680919647
1,MIMAT0002806,TGFBR1,mir_regulates_mrna,,0.04545454680919647,0.04545454680919647,0.04545454680919647,0.04545454680919647,0.04545454680919647
1,MIMAT0015030,TGFBR1,mir_regulates_mrna,,0.04545454680919647,0.04545454680919647,0.04545454680919647,0.04545454680919647,0.04545454680919647
1,MIMAT0019014,TGFBR1,mir_regulates_mrna,,0.04545454680919647,0.04545454680919647,0.04545454680919647,0.04545454680919647,0.04545454680919647
1,MIMAT0019776,TGFBR1,mir_regulates_mrna,,0.04545454680919647,0.04545454680919647,0.04545454680919647,0.04545454680919647,0.04545454680919647
1,MIMAT0027367,TGFBR1,mir_regulates_mrna,,0.04545454680919647,0.04545454680919647,0.04545454680919647,0.04545454680919647,0.04545454680919647
1,MIMAT0027467,TGFBR1,mir_regulates_mrna,,0.04545454680919647,0.04545454680919647,0.04545454680919647,0.04545454680919647,0.04545454680919647
1,MIMAT0027491,TGFBR1,mir_regulates_mrna,,0.04545454680919647,0.04545454680919647,0.04545454680919647,0.04545454680919647,0.04545454680919647
1,MIMAT0027604,TGFBR1,mir_regulates_mrna,,0.04545454680919647,0.04545454680919647,0.04545454680919647,0.04545454680919647,0.04545454680919647
1,MIMAT0031010,TGFBR1,mir_regulates_mrna,,0.04545454680919647,0.04545454680919647,0.04545454680919647,0.04545454680919647,0.04545454680919647
1,MIMAT0000265,TGFBR1,mir_regulates_mrna,,0.04545454680919647,0.04545454680919647,0.04545454680919647,0.04545454680919647,0.04545454680919647
1,MIMAT0000075,TGFBR1,mir_regulates_mrna,,0.04545454680919647,0.04545454680919647,0.04545454680919647,0.04545454680919647,0.04545454680919647
1,MIMAT0022939,TGFBR1,mir_regulates_mrna,,0.04545454680919647,0.04545454680919647,0.04545454680919647,0.04545454680919647,0.04545454680919647
1,MIMAT0019707,TGFBR1,mir_regulates_mrna,,0.04545454680919647,0.04545454680919647,0.04545454680919647,0.04545454680919647,0.04545454680919647
1,MIMAT0000419,TGFBR1,mir_regulates_mrna,,0.04545454680919647,0.04545454680919647,0.04545454680919647,0.04545454680919647,0.04545454680919647
1,MIMAT0000425,TGFBR1,mir_regulates_mrna,,0.04545454680919647,0.04545454680919647,0.04545454680919647,0.04545454680919647,0.04545454680919647
1,MIMAT0018202,TGFBR1,mir_regulates_mrna,,0.04545454680919647,0.04545454680919647,0.04545454680919647,0.04545454680919647,0.04545454680919647
1,MIMAT0019703,TGFBR1,mir_regulates_mrna,,0.04545454680919647,0.04545454680919647,0.04545454680919647,0.04545454680919647,0.04545454680919647
1,MIMAT0027562,TGFBR1,mir_regulates_mrna,,0.04545454680919647,0.04545454680919647,0.04545454680919647,0.04545454680919647,0.04545454680919647
1,MIMAT0000063,MEF2C,mir_regulates_mrna,,0.3333333432674408,0.3333333432674408,0.3333333432674408,0.3333333432674408,0.3333333432674408
1,MIMAT0000271,MEF2C,mir_regulates_mrna,,0.3333333432674408,0.3333333432674408,0.3333333432674408,0.3333333432674408,0.3333333432674408
1,MIMAT0000092,MEF2C,mir_regulates_mrna,,0.3333333432674408,0.3333333432674408,0.3333333432674408,0.3333333432674408,0.3333333432674408
1,MIMAT0000070,MAPK9,mir_regulates_mrna,,0.10000000149011612,0.10000000149011612,0.10000000149011612,0.10000000149011612,0.10000000149011612
1,MIMAT0000103,MAPK9,mir_regulates_mrna,,0.10000000149011612,0.10000000149011612,0.10000000149011612,0.10000000149011612,0.10000000149011612
1,MIMAT0000680,MAPK9,mir_regulates_mrna,,0.10000000149011612,0.10000000149011612,0.10000000149011612,0.10000000149011612,0.10000000149011612
1,MIMAT0018004,MAPK9,mir_regulates_mrna,,0.10000000149011612,0.10000000149011612,0.10000000149011612,0.10000000149011612,0.10000000149011612
1,MIMAT0000222,MAPK9,mir_regulates_mrna,,0.10000000149011612,0.10000000149011612,0.10000000149011612,0.10000000149011612,0.10000000149011612
1,MIMAT0000093,MAPK9,mir_regulates_mrna,,0.10000000149011612,0.10000000149011612,0.10000000149011612,0.10000000149011612,0.10000000149011612
1,MIMAT0000232,MAPK9,mir_regulates_mrna,,0.10000000149011612,0.10000000149011612,0.10000000149011612,0.10000000149011612,0.10000000149011612
1,MIMAT0019692,MAPK9,mir_regulates_mrna,,0.10000000149011612,0.10000000149011612,0.10000000149011612,0.10000000149011612,0.10000000149011612
1,MIMAT0000075,MAPK9,mir_regulates_mrna,,0.10000000149011612,0.10000000149011612,0.10000000149011612,0.10000000149011612,0.10000000149011612
1,MIMAT0001413,MAPK9,mir_regulates_mrna,,0.10000000149011612,0.10000000149011612,0.10000000149011612,0.10000000149011612,0.10000000149011612
1,MIMAT0000231,TGFB2,mir_regulates_mrna,,0.0833333358168602,0.0833333358168602,0.0833333358168602,0.0833333358168602,0.0833333358168602
1,MIMAT0004587,TGFB2,mir_regulates_mrna,,0.0833333358168602,0.0833333358168602,0.0833333358168602,0.0833333358168602,0.0833333358168602
1,MIMAT0001339,TGFB2,mir_regulates_mrna,,0.0833333358168602,0.0833333358168602,0.0833333358168602,0.0833333358168602,0.0833333358168602
1,MIMAT0018926,TGFB2,mir_regulates_mrna,,0.0833333358168602,0.0833333358168602,0.0833333358168602,0.0833333358168602,0.0833333358168602
1,MIMAT0018082,TGFB2,mir_regulates_mrna,,0.0833333358168602,0.0833333358168602,0.0833333358168602,0.0833333358168602,0.0833333358168602
1,MIMAT0018927,TGFB2,mir_regulates_mrna,,0.0833333358168602,0.0833333358168602,0.0833333358168602,0.0833333358168602,0.0833333358168602
1,MIMAT0018932,TGFB2,mir_regulates_mrna,,0.0833333358168602,0.0833333358168602,0.0833333358168602,0.0833333358168602,0.0833333358168602
1,MIMAT0018984,TGFB2,mir_regulates_mrna,,0.0833333358168602,0.0833333358168602,0.0833333358168602,0.0833333358168602,0.0833333358168602
1,MIMAT0021041,TGFB2,mir_regulates_mrna,,0.0833333358168602,0.0833333358168602,0.0833333358168602,0.0833333358168602,0.0833333358168602
1,MIMAT0003288,TGFB2,mir_regulates_mrna,,0.0833333358168602,0.0833333358168602,0.0833333358168602,0.0833333358168602,0.0833333358168602
1,MIMAT0018119,TGFB2,mir_regulates_mrna,,0.0833333358168602,0.0833333358168602,0.0833333358168602,0.0833333358168602,0.0833333358168602
1,MIMAT0019233,TGFB2,mir_regulates_mrna,,0.0833333358168602,0.0833333358168602,0.0833333358168602,0.0833333358168602,0.0833333358168602
1,MIMAT0000080,RASGRP3,mir_regulates_mrna,,0.25,0.25,0.25,0.25,0.25
1,MIMAT0004784,RASGRP3,mir_regulates_mrna,,0.25,0.25,0.25,0.25,0.25
1,MIMAT0004927,RASGRP3,mir_regulates_mrna,,0.25,0.25,0.25,0.25,0.25
1,MIMAT0018956,RASGRP3,mir_regulates_mrna,,0.25,0.25,0.25,0.25,0.25
1,MIMAT0027103,PPP3CB,mir_regulates_mrna,,1.0,1.0,1.0,1.0,1.0
1,MIMAT0003385,ECSIT,mir_regulates_mrna,,0.5,0.5,0.5,0.5,0.5
1,MIMAT0004984,ECSIT,mir_regulates_mrna,,0.5,0.5,0.5,0.5,0.5
1,MIMAT0000256,BDNF,mir_regulates_mrna,,0.20000000298023224,0.20000000298023224,0.20000000298023224,0.20000000298023224,0.20000000298023224
1,MIMAT0000259,BDNF,mir_regulates_mrna,,0.20000000298023224,0.20000000298023224,0.20000000298023224,0.20000000298023224,0.20000000298023224
1,MIMAT0000422,BDNF,mir_regulates_mrna,,0.20000000298023224,0.20000000298023224,0.20000000298023224,0.20000000298023224,0.20000000298023224
1,MIMAT0000265,BDNF,mir_regulates_mrna,,0.20000000298023224,0.20000000298023224,0.20000000298023224,0.20000000298023224,0.20000000298023224
1,MIMAT0000095,BDNF,mir_regulates_mrna,,0.20000000298023224,0.20000000298023224,0.20000000298023224,0.20000000298023224,0.20000000298023224
1,MIMAT0005913,RELA,mir_regulates_mrna,,0.1666666716337204,0.1666666716337204,0.1666666716337204,0.1666666716337204,0.1666666716337204
1,MIMAT0015028,RELA,mir_regulates_mrna,,0.1666666716337204,0.1666666716337204,0.1666666716337204,0.1666666716337204,0.1666666716337204
1,MIMAT0016853,RELA,mir_regulates_mrna,,0.1666666716337204,0.1666666716337204,0.1666666716337204,0.1666666716337204,0.1666666716337204
1,MIMAT0022736,RELA,mir_regulates_mrna,,0.1666666716337204,0.1666666716337204,0.1666666716337204,0.1666666716337204,0.1666666716337204
1,MIMAT0018952,RELA,mir_regulates_mrna,,0.1666666716337204,0.1666666716337204,0.1666666716337204,0.1666666716337204,0.1666666716337204
1,MIMAT0023702,RELA,mir_regulates_mrna,,0.1666666716337204,0.1666666716337204,0.1666666716337204,0.1666666716337204,0.1666666716337204
1,MIMAT0000278,STMN1,mir_regulates_mrna,,0.0625,0.0625,0.0625,0.0625,0.0625
1,MIMAT0004767,STMN1,mir_regulates_mrna,,0.0625,0.0625,0.0625,0.0625,0.0625
1,MIMAT0018949,STMN1,mir_regulates_mrna,,0.0625,0.0625,0.0625,0.0625,0.0625
1,MIMAT0019921,STMN1,mir_regulates_mrna,,0.0625,0.0625,0.0625,0.0625,0.0625
1,MIMAT0025482,STMN1,mir_regulates_mrna,,0.0625,0.0625,0.0625,0.0625,0.0625
1,MIMAT0027357,STMN1,mir_regulates_mrna,,0.0625,0.0625,0.0625,0.0625,0.0625
1,MIMAT0027439,STMN1,mir_regulates_mrna,,0.0625,0.0625,0.0625,0.0625,0.0625
1,MIMAT0004513,STMN1,mir_regulates_mrna,,0.0625,0.0625,0.0625,0.0625,0.0625
1,MIMAT0003298,STMN1,mir_regulates_mrna,,0.0625,0.0625,0.0625,0.0625,0.0625
1,MIMAT0019820,STMN1,mir_regulates_mrna,,0.0625,0.0625,0.0625,0.0625,0.0625
1,MIMAT0019841,STMN1,mir_regulates_mrna,,0.0625,0.0625,0.0625,0.0625,0.0625
1,MIMAT0027415,STMN1,mir_regulates_mrna,,0.0625,0.0625,0.0625,0.0625,0.0625
1,MIMAT0000099,STMN1,mir_regulates_mrna,,0.0625,0.0625,0.0625,0.0625,0.0625
1,MIMAT0002174,STMN1,mir_regulates_mrna,,0.0625,0.0625,0.0625,0.0625,0.0625
1,MIMAT0019938,STMN1,mir_regulates_mrna,,0.0625,0.0625,0.0625,0.0625,0.0625
1,MIMAT0027635,STMN1,mir_regulates_mrna,,0.0625,0.0625,0.0625,0.0625,0.0625
1,MIMAT0002173,RASGRF1,mir_regulates_mrna,,1.0,1.0,1.0,1.0,1.0
1,MIMAT0000098,FLT1,mir_regulates_mrna,,0.3333333432674408,0.3333333432674408,0.3333333432674408,0.3333333432674408,0.3333333432674408
1,MIMAT0002827,FLT1,mir_regulates_mrna,,0.3333333432674408,0.3333333432674408,0.3333333432674408,0.3333333432674408,0.3333333432674408
1,MIMAT0002829,FLT1,mir_regulates_mrna,,0.3333333432674408,0.3333333432674408,0.3333333432674408,0.3333333432674408,0.3333333432674408
1,MIMAT0000430,NFKB1,mir_regulates_mrna,,1.0,1.0,1.0,1.0,1.0
1,MIMAT0026613,IL1RAP,mir_regulates_mrna,,0.5,0.5,0.5,0.5,0.5
1,MIMAT0005583,IL1RAP,mir_regulates_mrna,,0.5,0.5,0.5,0.5,0.5
1,MIMAT0000450,MYD88,mir_regulates_mrna,,1.0,1.0,1.0,1.0,1.0
1,MIMAT0000271,FGFR1,mir_regulates_mrna,,0.03846153989434242,0.03846153989434242,0.03846153989434242,0.03846153989434242,0.03846153989434242
1,MIMAT0000455,FGFR1,mir_regulates_mrna,,0.03846153989434242,0.03846153989434242,0.03846153989434242,0.03846153989434242,0.03846153989434242
1,MIMAT0000690,FGFR1,mir_regulates_mrna,,0.03846153989434242,0.03846153989434242,0.03846153989434242,0.03846153989434242,0.03846153989434242
1,MIMAT0004945,FGFR1,mir_regulates_mrna,,0.03846153989434242,0.03846153989434242,0.03846153989434242,0.03846153989434242,0.03846153989434242
1,MIMAT0022720,FGFR1,mir_regulates_mrna,,0.03846153989434242,0.03846153989434242,0.03846153989434242,0.03846153989434242,0.03846153989434242
1,MIMAT0032029,FGFR1,mir_regulates_mrna,,0.03846153989434242,0.03846153989434242,0.03846153989434242,0.03846153989434242,0.03846153989434242
1,MIMAT0005939,FGFR1,mir_regulates_mrna,,0.03846153989434242,0.03846153989434242,0.03846153989434242,0.03846153989434242,0.03846153989434242
1,MIMAT0019047,FGFR1,mir_regulates_mrna,,0.03846153989434242,0.03846153989434242,0.03846153989434242,0.03846153989434242,0.03846153989434242
1,MIMAT0019927,FGFR1,mir_regulates_mrna,,0.03846153989434242,0.03846153989434242,0.03846153989434242,0.03846153989434242,0.03846153989434242
1,MIMAT0024613,FGFR1,mir_regulates_mrna,,0.03846153989434242,0.03846153989434242,0.03846153989434242,0.03846153989434242,0.03846153989434242
1,MIMAT0024617,FGFR1,mir_regulates_mrna,,0.03846153989434242,0.03846153989434242,0.03846153989434242,0.03846153989434242,0.03846153989434242
1,MIMAT0024618,FGFR1,mir_regulates_mrna,,0.03846153989434242,0.03846153989434242,0.03846153989434242,0.03846153989434242,0.03846153989434242
1,MIMAT0025486,FGFR1,mir_regulates_mrna,,0.03846153989434242,0.03846153989434242,0.03846153989434242,0.03846153989434242,0.03846153989434242
1,MIMAT0027363,FGFR1,mir_regulates_mrna,,0.03846153989434242,0.03846153989434242,0.03846153989434242,0.03846153989434242,0.03846153989434242
1,MIMAT0027602,FGFR1,mir_regulates_mrna,,0.03846153989434242,0.03846153989434242,0.03846153989434242,0.03846153989434242,0.03846153989434242
1,MIMAT0027681,FGFR1,mir_regulates_mrna,,0.03846153989434242,0.03846153989434242,0.03846153989434242,0.03846153989434242,0.03846153989434242
1,MIMAT0031012,FGFR1,mir_regulates_mrna,,0.03846153989434242,0.03846153989434242,0.03846153989434242,0.03846153989434242,0.03846153989434242
1,MIMAT0018087,FGFR1,mir_regulates_mrna,,0.03846153989434242,0.03846153989434242,0.03846153989434242,0.03846153989434242,0.03846153989434242
1,MIMAT0024610,FGFR1,mir_regulates_mrna,,0.03846153989434242,0.03846153989434242,0.03846153989434242,0.03846153989434242,0.03846153989434242
1,MIMAT0027420,FGFR1,mir_regulates_mrna,,0.03846153989434242,0.03846153989434242,0.03846153989434242,0.03846153989434242,0.03846153989434242
1,MIMAT0019069,FGFR1,mir_regulates_mrna,,0.03846153989434242,0.03846153989434242,0.03846153989434242,0.03846153989434242,0.03846153989434242
1,MIMAT0003222,FGFR1,mir_regulates_mrna,,0.03846153989434242,0.03846153989434242,0.03846153989434242,0.03846153989434242,0.03846153989434242
1,MIMAT0017999,FGFR1,mir_regulates_mrna,,0.03846153989434242,0.03846153989434242,0.03846153989434242,0.03846153989434242,0.03846153989434242
1,MIMAT0030422,FGFR1,mir_regulates_mrna,,0.03846153989434242,0.03846153989434242,0.03846153989434242,0.03846153989434242,0.03846153989434242
1,MIMAT0019704,FGFR1,mir_regulates_mrna,,0.03846153989434242,0.03846153989434242,0.03846153989434242,0.03846153989434242,0.03846153989434242
1,MIMAT0027384,FGFR1,mir_regulates_mrna,,0.03846153989434242,0.03846153989434242,0.03846153989434242,0.03846153989434242,0.03846153989434242
1,MIMAT0004952,EGF,mir_regulates_mrna,,0.1111111119389534,0.1111111119389534,0.1111111119389534,0.1111111119389534,0.1111111119389534
1,MIMAT0005892,EGF,mir_regulates_mrna,,0.1111111119389534,0.1111111119389534,0.1111111119389534,0.1111111119389534,0.1111111119389534
1,MIMAT0006767,EGF,mir_regulates_mrna,,0.1111111119389534,0.1111111119389534,0.1111111119389534,0.1111111119389534,0.1111111119389534
1,MIMAT0018949,EGF,mir_regulates_mrna,,0.1111111119389534,0.1111111119389534,0.1111111119389534,0.1111111119389534,0.1111111119389534
1,MIMAT0019836,EGF,mir_regulates_mrna,,0.1111111119389534,0.1111111119389534,0.1111111119389534,0.1111111119389534,0.1111111119389534
1,MIMAT0027430,EGF,mir_regulates_mrna,,0.1111111119389534,0.1111111119389534,0.1111111119389534,0.1111111119389534,0.1111111119389534
1,MIMAT0027516,EGF,mir_regulates_mrna,,0.1111111119389534,0.1111111119389534,0.1111111119389534,0.1111111119389534,0.1111111119389534
1,MIMAT0027668,EGF,mir_regulates_mrna,,0.1111111119389534,0.1111111119389534,0.1111111119389534,0.1111111119389534,0.1111111119389534
1,MIMAT0027583,EGF,mir_regulates_mrna,,0.1111111119389534,0.1111111119389534,0.1111111119389534,0.1111111119389534,0.1111111119389534
1,MIMAT0000226,IKBKB,mir_regulates_mrna,,0.3333333432674408,0.3333333432674408,0.3333333432674408,0.3333333432674408,0.3333333432674408
1,MIMAT0000617,IKBKB,mir_regulates_mrna,,0.3333333432674408,0.3333333432674408,0.3333333432674408,0.3333333432674408,0.3333333432674408
1,MIMAT0002874,IKBKB,mir_regulates_mrna,,0.3333333432674408,0.3333333432674408,0.3333333432674408,0.3333333432674408,0.3333333432674408
1,MIMAT0000095,DDIT3,mir_regulates_mrna,,1.0,1.0,1.0,1.0,1.0
1,MIMAT0015087,PLA2G4E,mir_regulates_mrna,,0.5,0.5,0.5,0.5,0.5
1,MIMAT0000772,PLA2G4E,mir_regulates_mrna,,0.5,0.5,0.5,0.5,0.5
1,MIMAT0000279,AKT3,mir_regulates_mrna,,0.05882352963089943,0.05882352963089943,0.05882352963089943,0.05882352963089943,0.05882352963089943
1,MIMAT0002874,AKT3,mir_regulates_mrna,,0.05882352963089943,0.05882352963089943,0.05882352963089943,0.05882352963089943,0.05882352963089943
1,MIMAT0004450,AKT3,mir_regulates_mrna,,0.05882352963089943,0.05882352963089943,0.05882352963089943,0.05882352963089943,0.05882352963089943
1,MIMAT0021129,AKT3,mir_regulates_mrna,,0.05882352963089943,0.05882352963089943,0.05882352963089943,0.05882352963089943,0.05882352963089943
1,MIMAT0027416,AKT3,mir_regulates_mrna,,0.05882352963089943,0.05882352963089943,0.05882352963089943,0.05882352963089943,0.05882352963089943
1,MIMAT0027578,AKT3,mir_regulates_mrna,,0.05882352963089943,0.05882352963089943,0.05882352963089943,0.05882352963089943,0.05882352963089943
1,MIMAT0030429,AKT3,mir_regulates_mrna,,0.05882352963089943,0.05882352963089943,0.05882352963089943,0.05882352963089943,0.05882352963089943
1,MIMAT0000422,AKT3,mir_regulates_mrna,,0.05882352963089943,0.05882352963089943,0.05882352963089943,0.05882352963089943,0.05882352963089943
1,MIMAT0002853,AKT3,mir_regulates_mrna,,0.05882352963089943,0.05882352963089943,0.05882352963089943,0.05882352963089943,0.05882352963089943
1,MIMAT0002867,AKT3,mir_regulates_mrna,,0.05882352963089943,0.05882352963089943,0.05882352963089943,0.05882352963089943,0.05882352963089943
1,MIMAT0026615,AKT3,mir_regulates_mrna,,0.05882352963089943,0.05882352963089943,0.05882352963089943,0.05882352963089943,0.05882352963089943
1,MIMAT0019062,AKT3,mir_regulates_mrna,,0.05882352963089943,0.05882352963089943,0.05882352963089943,0.05882352963089943,0.05882352963089943
1,MIMAT0019965,AKT3,mir_regulates_mrna,,0.05882352963089943,0.05882352963089943,0.05882352963089943,0.05882352963089943,0.05882352963089943
1,MIMAT0027612,AKT3,mir_regulates_mrna,,0.05882352963089943,0.05882352963089943,0.05882352963089943,0.05882352963089943,0.05882352963089943
1,MIMAT0000278,AKT3,mir_regulates_mrna,,0.05882352963089943,0.05882352963089943,0.05882352963089943,0.05882352963089943,0.05882352963089943
1,MIMAT0000417,AKT3,mir_regulates_mrna,,0.05882352963089943,0.05882352963089943,0.05882352963089943,0.05882352963089943,0.05882352963089943
1,MIMAT0002858,AKT3,mir_regulates_mrna,,0.05882352963089943,0.05882352963089943,0.05882352963089943,0.05882352963089943,0.05882352963089943
1,MIMAT0019363,MAP3K13,mir_regulates_mrna,,0.25,0.25,0.25,0.25,0.25
1,MIMAT0026480,MAP3K13,mir_regulates_mrna,,0.25,0.25,0.25,0.25,0.25
1,MIMAT0027421,MAP3K13,mir_regulates_mrna,,0.25,0.25,0.25,0.25,0.25
1,MIMAT0030425,MAP3K13,mir_regulates_mrna,,0.25,0.25,0.25,0.25,0.25
1,MIMAT0011777,PRKACB,mir_regulates_mrna,,0.1111111119389534,0.1111111119389534,0.1111111119389534,0.1111111119389534,0.1111111119389534
1,MIMAT0018081,PRKACB,mir_regulates_mrna,,0.1111111119389534,0.1111111119389534,0.1111111119389534,0.1111111119389534,0.1111111119389534
1,MIMAT0018122,PRKACB,mir_regulates_mrna,,0.1111111119389534,0.1111111119389534,0.1111111119389534,0.1111111119389534,0.1111111119389534
1,MIMAT0019065,PRKACB,mir_regulates_mrna,,0.1111111119389534,0.1111111119389534,0.1111111119389534,0.1111111119389534,0.1111111119389534
1,MIMAT0019841,PRKACB,mir_regulates_mrna,,0.1111111119389534,0.1111111119389534,0.1111111119389534,0.1111111119389534,0.1111111119389534
1,MIMAT0000070,PRKACB,mir_regulates_mrna,,0.1111111119389534,0.1111111119389534,0.1111111119389534,0.1111111119389534,0.1111111119389534
1,MIMAT0000103,PRKACB,mir_regulates_mrna,,0.1111111119389534,0.1111111119389534,0.1111111119389534,0.1111111119389534,0.1111111119389534
1,MIMAT0000726,PRKACB,mir_regulates_mrna,,0.1111111119389534,0.1111111119389534,0.1111111119389534,0.1111111119389534,0.1111111119389534
1,MIMAT0022471,PRKACB,mir_regulates_mrna,,0.1111111119389534,0.1111111119389534,0.1111111119389534,0.1111111119389534,0.1111111119389534
1,MIMAT0000086,AKT2,mir_regulates_mrna,,0.0555555559694767,0.0555555559694767,0.0555555559694767,0.0555555559694767,0.0555555559694767
1,MIMAT0000100,AKT2,mir_regulates_mrna,,0.0555555559694767,0.0555555559694767,0.0555555559694767,0.0555555559694767,0.0555555559694767
1,MIMAT0000414,AKT2,mir_regulates_mrna,,0.0555555559694767,0.0555555559694767,0.0555555559694767,0.0555555559694767,0.0555555559694767
1,MIMAT0000422,AKT2,mir_regulates_mrna,,0.0555555559694767,0.0555555559694767,0.0555555559694767,0.0555555559694767,0.0555555559694767
1,MIMAT0000681,AKT2,mir_regulates_mrna,,0.0555555559694767,0.0555555559694767,0.0555555559694767,0.0555555559694767,0.0555555559694767
1,MIMAT0001340,AKT2,mir_regulates_mrna,,0.0555555559694767,0.0555555559694767,0.0555555559694767,0.0555555559694767,0.0555555559694767
1,MIMAT0004792,AKT2,mir_regulates_mrna,,0.0555555559694767,0.0555555559694767,0.0555555559694767,0.0555555559694767,0.0555555559694767
1,MIMAT0010214,AKT2,mir_regulates_mrna,,0.0555555559694767,0.0555555559694767,0.0555555559694767,0.0555555559694767,0.0555555559694767
1,MIMAT0004945,AKT2,mir_regulates_mrna,,0.0555555559694767,0.0555555559694767,0.0555555559694767,0.0555555559694767,0.0555555559694767
1,MIMAT0004697,AKT2,mir_regulates_mrna,,0.0555555559694767,0.0555555559694767,0.0555555559694767,0.0555555559694767,0.0555555559694767
1,MIMAT0005794,AKT2,mir_regulates_mrna,,0.0555555559694767,0.0555555559694767,0.0555555559694767,0.0555555559694767,0.0555555559694767
1,MIMAT0013802,AKT2,mir_regulates_mrna,,0.0555555559694767,0.0555555559694767,0.0555555559694767,0.0555555559694767,0.0555555559694767
1,MIMAT0000450,AKT2,mir_regulates_mrna,,0.0555555559694767,0.0555555559694767,0.0555555559694767,0.0555555559694767,0.0555555559694767
1,MIMAT0003280,AKT2,mir_regulates_mrna,,0.0555555559694767,0.0555555559694767,0.0555555559694767,0.0555555559694767,0.0555555559694767
1,MIMAT0000063,AKT2,mir_regulates_mrna,,0.0555555559694767,0.0555555559694767,0.0555555559694767,0.0555555559694767,0.0555555559694767
1,MIMAT0000454,AKT2,mir_regulates_mrna,,0.0555555559694767,0.0555555559694767,0.0555555559694767,0.0555555559694767,0.0555555559694767
1,MIMAT0019890,AKT2,mir_regulates_mrna,,0.0555555559694767,0.0555555559694767,0.0555555559694767,0.0555555559694767,0.0555555559694767
1,MIMAT0027437,AKT2,mir_regulates_mrna,,0.0555555559694767,0.0555555559694767,0.0555555559694767,0.0555555559694767,0.0555555559694767
1,MIMAT0004680,VEGFB,mir_regulates_mrna,,0.3333333432674408,0.3333333432674408,0.3333333432674408,0.3333333432674408,0.3333333432674408
1,MIMAT0027370,VEGFB,mir_regulates_mrna,,0.3333333432674408,0.3333333432674408,0.3333333432674408,0.3333333432674408,0.3333333432674408
1,MIMAT0027686,VEGFB,mir_regulates_mrna,,0.3333333432674408,0.3333333432674408,0.3333333432674408,0.3333333432674408,0.3333333432674408
1,MIMAT0005878,LAMTOR3,mir_regulates_mrna,,0.1666666716337204,0.1666666716337204,0.1666666716337204,0.1666666716337204,0.1666666716337204
1,MIMAT0018201,LAMTOR3,mir_regulates_mrna,,0.1666666716337204,0.1666666716337204,0.1666666716337204,0.1666666716337204,0.1666666716337204
1,MIMAT0018985,LAMTOR3,mir_regulates_mrna,,0.1666666716337204,0.1666666716337204,0.1666666716337204,0.1666666716337204,0.1666666716337204
1,MIMAT0022492,LAMTOR3,mir_regulates_mrna,,0.1666666716337204,0.1666666716337204,0.1666666716337204,0.1666666716337204,0.1666666716337204
1,MIMAT0027599,LAMTOR3,mir_regulates_mrna,,0.1666666716337204,0.1666666716337204,0.1666666716337204,0.1666666716337204,0.1666666716337204
1,MIMAT0001629,LAMTOR3,mir_regulates_mrna,,0.1666666716337204,0.1666666716337204,0.1666666716337204,0.1666666716337204,0.1666666716337204
1,MIMAT0000422,MAPKAPK3,mir_regulates_mrna,,1.0,1.0,1.0,1.0,1.0
1,MIMAT0023711,PPP3CC,mir_regulates_mrna,,1.0,1.0,1.0,1.0,1.0
1,MIMAT0000722,MAP3K8,mir_regulates_mrna,,1.0,1.0,1.0,1.0,1.0
1,MIMAT0000760,TAOK2,mir_regulates_mrna,,1.0,1.0,1.0,1.0,1.0
1,MIMAT0000076,ATF2,mir_regulates_mrna,,1.0,1.0,1.0,1.0,1.0
1,MIMAT0000432,STK3,mir_regulates_mrna,,1.0,1.0,1.0,1.0,1.0
1,MIMAT0004602,ARRB2,mir_regulates_mrna,,0.07692307978868484,0.07692307978868484,0.07692307978868484,0.07692307978868484,0.07692307978868484
1,MIMAT0000451,ARRB2,mir_regulates_mrna,,0.07692307978868484,0.07692307978868484,0.07692307978868484,0.07692307978868484,0.07692307978868484
1,MIMAT0004748,ARRB2,mir_regulates_mrna,,0.07692307978868484,0.07692307978868484,0.07692307978868484,0.07692307978868484,0.07692307978868484
1,MIMAT0002807,ARRB2,mir_regulates_mrna,,0.07692307978868484,0.07692307978868484,0.07692307978868484,0.07692307978868484,0.07692307978868484
1,MIMAT0016852,ARRB2,mir_regulates_mrna,,0.07692307978868484,0.07692307978868484,0.07692307978868484,0.07692307978868484,0.07692307978868484
1,MIMAT0018971,ARRB2,mir_regulates_mrna,,0.07692307978868484,0.07692307978868484,0.07692307978868484,0.07692307978868484,0.07692307978868484
1,MIMAT0021125,ARRB2,mir_regulates_mrna,,0.07692307978868484,0.07692307978868484,0.07692307978868484,0.07692307978868484,0.07692307978868484
1,MIMAT0021128,ARRB2,mir_regulates_mrna,,0.07692307978868484,0.07692307978868484,0.07692307978868484,0.07692307978868484,0.07692307978868484
1,MIMAT0027614,ARRB2,mir_regulates_mrna,,0.07692307978868484,0.07692307978868484,0.07692307978868484,0.07692307978868484,0.07692307978868484
1,MIMAT0029310,ARRB2,mir_regulates_mrna,,0.07692307978868484,0.07692307978868484,0.07692307978868484,0.07692307978868484,0.07692307978868484
1,MIMAT0035542,ARRB2,mir_regulates_mrna,,0.07692307978868484,0.07692307978868484,0.07692307978868484,0.07692307978868484,0.07692307978868484
1,MIMAT0004671,ARRB2,mir_regulates_mrna,,0.07692307978868484,0.07692307978868484,0.07692307978868484,0.07692307978868484,0.07692307978868484
1,MIMAT0027369,ARRB2,mir_regulates_mrna,,0.07692307978868484,0.07692307978868484,0.07692307978868484,0.07692307978868484,0.07692307978868484
1,MIMAT0000077,MAX,mir_regulates_mrna,,0.0625,0.0625,0.0625,0.0625,0.0625
1,MIMAT0003276,MAX,mir_regulates_mrna,,0.0625,0.0625,0.0625,0.0625,0.0625
1,MIMAT0005792,MAX,mir_regulates_mrna,,0.0625,0.0625,0.0625,0.0625,0.0625
1,MIMAT0022713,MAX,mir_regulates_mrna,,0.0625,0.0625,0.0625,0.0625,0.0625
1,MIMAT0022838,MAX,mir_regulates_mrna,,0.0625,0.0625,0.0625,0.0625,0.0625
1,MIMAT0006764,MAX,mir_regulates_mrna,,0.0625,0.0625,0.0625,0.0625,0.0625
1,MIMAT0015045,MAX,mir_regulates_mrna,,0.0625,0.0625,0.0625,0.0625,0.0625
1,MIMAT0016880,MAX,mir_regulates_mrna,,0.0625,0.0625,0.0625,0.0625,0.0625
1,MIMAT0018943,MAX,mir_regulates_mrna,,0.0625,0.0625,0.0625,0.0625,0.0625
1,MIMAT0021085,MAX,mir_regulates_mrna,,0.0625,0.0625,0.0625,0.0625,0.0625
1,MIMAT0022260,MAX,mir_regulates_mrna,,0.0625,0.0625,0.0625,0.0625,0.0625
1,MIMAT0027394,MAX,mir_regulates_mrna,,0.0625,0.0625,0.0625,0.0625,0.0625
1,MIMAT0027538,MAX,mir_regulates_mrna,,0.0625,0.0625,0.0625,0.0625,0.0625
1,MIMAT0005793,MAX,mir_regulates_mrna,,0.0625,0.0625,0.0625,0.0625,0.0625
1,MIMAT0019072,MAX,mir_regulates_mrna,,0.0625,0.0625,0.0625,0.0625,0.0625
1,MIMAT0027610,MAX,mir_regulates_mrna,,0.0625,0.0625,0.0625,0.0625,0.0625
1,MIMAT0000264,MAPK8,mir_regulates_mrna,,0.0833333358168602,0.0833333358168602,0.0833333358168602,0.0833333358168602,0.0833333358168602
1,MIMAT0000271,MAPK8,mir_regulates_mrna,,0.0833333358168602,0.0833333358168602,0.0833333358168602,0.0833333358168602,0.0833333358168602
1,MIMAT0000443,MAPK8,mir_regulates_mrna,,0.0833333358168602,0.0833333358168602,0.0833333358168602,0.0833333358168602,0.0833333358168602
1,MIMAT0004918,MAPK8,mir_regulates_mrna,,0.0833333358168602,0.0833333358168602,0.0833333358168602,0.0833333358168602,0.0833333358168602
1,MIMAT0004949,MAPK8,mir_regulates_mrna,,0.0833333358168602,0.0833333358168602,0.0833333358168602,0.0833333358168602,0.0833333358168602
1,MIMAT0018107,MAPK8,mir_regulates_mrna,,0.0833333358168602,0.0833333358168602,0.0833333358168602,0.0833333358168602,0.0833333358168602
1,MIMAT0030987,MAPK8,mir_regulates_mrna,,0.0833333358168602,0.0833333358168602,0.0833333358168602,0.0833333358168602,0.0833333358168602
1,MIMAT0002819,MAPK8,mir_regulates_mrna,,0.0833333358168602,0.0833333358168602,0.0833333358168602,0.0833333358168602,0.0833333358168602
1,MIMAT0004768,MAPK8,mir_regulates_mrna,,0.0833333358168602,0.0833333358168602,0.0833333358168602,0.0833333358168602,0.0833333358168602
1,MIMAT0004909,MAPK8,mir_regulates_mrna,,0.0833333358168602,0.0833333358168602,0.0833333358168602,0.0833333358168602,0.0833333358168602
1,MIMAT0022255,MAPK8,mir_regulates_mrna,,0.0833333358168602,0.0833333358168602,0.0833333358168602,0.0833333358168602,0.0833333358168602
1,MIMAT0003284,MAPK8,mir_regulates_mrna,,0.0833333358168602,0.0833333358168602,0.0833333358168602,0.0833333358168602,0.0833333358168602
1,MIMAT0000063,NFATC1,mir_regulates_mrna,,0.20000000298023224,0.20000000298023224,0.20000000298023224,0.20000000298023224,0.20000000298023224
1,MIMAT0000422,NFATC1,mir_regulates_mrna,,0.20000000298023224,0.20000000298023224,0.20000000298023224,0.20000000298023224,0.20000000298023224
1,MIMAT0021034,NFATC1,mir_regulates_mrna,,0.20000000298023224,0.20000000298023224,0.20000000298023224,0.20000000298023224,0.20000000298023224
1,MIMAT0019200,NFATC1,mir_regulates_mrna,,0.20000000298023224,0.20000000298023224,0.20000000298023224,0.20000000298023224,0.20000000298023224
1,MIMAT0003292,NFATC1,mir_regulates_mrna,,0.20000000298023224,0.20000000298023224,0.20000000298023224,0.20000000298023224,0.20000000298023224
1,MIMAT0000417,MAP2K4,mir_regulates_mrna,,0.0833333358168602,0.0833333358168602,0.0833333358168602,0.0833333358168602,0.0833333358168602
1,MIMAT0022838,MAP2K4,mir_regulates_mrna,,0.0833333358168602,0.0833333358168602,0.0833333358168602,0.0833333358168602,0.0833333358168602
1,MIMAT0015065,MAP2K4,mir_regulates_mrna,,0.0833333358168602,0.0833333358168602,0.0833333358168602,0.0833333358168602,0.0833333358168602
1,MIMAT0017992,MAP2K4,mir_regulates_mrna,,0.0833333358168602,0.0833333358168602,0.0833333358168602,0.0833333358168602,0.0833333358168602
1,MIMAT0018949,MAP2K4,mir_regulates_mrna,,0.0833333358168602,0.0833333358168602,0.0833333358168602,0.0833333358168602,0.0833333358168602
1,MIMAT0019073,MAP2K4,mir_regulates_mrna,,0.0833333358168602,0.0833333358168602,0.0833333358168602,0.0833333358168602,0.0833333358168602
1,MIMAT0027485,MAP2K4,mir_regulates_mrna,,0.0833333358168602,0.0833333358168602,0.0833333358168602,0.0833333358168602,0.0833333358168602
1,MIMAT0027537,MAP2K4,mir_regulates_mrna,,0.0833333358168602,0.0833333358168602,0.0833333358168602,0.0833333358168602,0.0833333358168602
1,MIMAT0030018,MAP2K4,mir_regulates_mrna,,0.0833333358168602,0.0833333358168602,0.0833333358168602,0.0833333358168602,0.0833333358168602
1,MIMAT0030430,MAP2K4,mir_regulates_mrna,,0.0833333358168602,0.0833333358168602,0.0833333358168602,0.0833333358168602,0.0833333358168602
1,MIMAT0022713,MAP2K4,mir_regulates_mrna,,0.0833333358168602,0.0833333358168602,0.0833333358168602,0.0833333358168602,0.0833333358168602
1,MIMAT0027399,MAP2K4,mir_regulates_mrna,,0.0833333358168602,0.0833333358168602,0.0833333358168602,0.0833333358168602,0.0833333358168602
1,MIMAT0015083,GNA12,mir_regulates_mrna,,0.10000000149011612,0.10000000149011612,0.10000000149011612,0.10000000149011612,0.10000000149011612
1,MIMAT0016859,GNA12,mir_regulates_mrna,,0.10000000149011612,0.10000000149011612,0.10000000149011612,0.10000000149011612,0.10000000149011612
1,MIMAT0016900,GNA12,mir_regulates_mrna,,0.10000000149011612,0.10000000149011612,0.10000000149011612,0.10000000149011612,0.10000000149011612
1,MIMAT0000252,GNA12,mir_regulates_mrna,,0.10000000149011612,0.10000000149011612,0.10000000149011612,0.10000000149011612,0.10000000149011612
1,MIMAT0000422,GNA12,mir_regulates_mrna,,0.10000000149011612,0.10000000149011612,0.10000000149011612,0.10000000149011612,0.10000000149011612
1,MIMAT0000450,GNA12,mir_regulates_mrna,,0.10000000149011612,0.10000000149011612,0.10000000149011612,0.10000000149011612,0.10000000149011612
1,MIMAT0005920,GNA12,mir_regulates_mrna,,0.10000000149011612,0.10000000149011612,0.10000000149011612,0.10000000149011612,0.10000000149011612
1,MIMAT0035542,GNA12,mir_regulates_mrna,,0.10000000149011612,0.10000000149011612,0.10000000149011612,0.10000000149011612,0.10000000149011612
1,MIMAT0022694,GNA12,mir_regulates_mrna,,0.10000000149011612,0.10000000149011612,0.10000000149011612,0.10000000149011612,0.10000000149011612
1,MIMAT0019719,GNA12,mir_regulates_mrna,,0.10000000149011612,0.10000000149011612,0.10000000149011612,0.10000000149011612,0.10000000149011612
1,MIMAT0000070,MAP3K9,mir_regulates_mrna,,0.02083333395421505,0.02083333395421505,0.02083333395421505,0.02083333395421505,0.02083333395421505
1,MIMAT0009197,MAP3K9,mir_regulates_mrna,,0.02083333395421505,0.02083333395421505,0.02083333395421505,0.02083333395421505,0.02083333395421505
1,MIMAT0004603,MAP3K9,mir_regulates_mrna,,0.02083333395421505,0.02083333395421505,0.02083333395421505,0.02083333395421505,0.02083333395421505
1,MIMAT0000691,MAP3K9,mir_regulates_mrna,,0.02083333395421505,0.02083333395421505,0.02083333395421505,0.02083333395421505,0.02083333395421505
1,MIMAT0001340,MAP3K9,mir_regulates_mrna,,0.02083333395421505,0.02083333395421505,0.02083333395421505,0.02083333395421505,0.02083333395421505
1,MIMAT0002826,MAP3K9,mir_regulates_mrna,,0.02083333395421505,0.02083333395421505,0.02083333395421505,0.02083333395421505,0.02083333395421505
1,MIMAT0003310,MAP3K9,mir_regulates_mrna,,0.02083333395421505,0.02083333395421505,0.02083333395421505,0.02083333395421505,0.02083333395421505
1,MIMAT0005592,MAP3K9,mir_regulates_mrna,,0.02083333395421505,0.02083333395421505,0.02083333395421505,0.02083333395421505,0.02083333395421505
1,MIMAT0005878,MAP3K9,mir_regulates_mrna,,0.02083333395421505,0.02083333395421505,0.02083333395421505,0.02083333395421505,0.02083333395421505
1,MIMAT0018193,MAP3K9,mir_regulates_mrna,,0.02083333395421505,0.02083333395421505,0.02083333395421505,0.02083333395421505,0.02083333395421505
1,MIMAT0018200,MAP3K9,mir_regulates_mrna,,0.02083333395421505,0.02083333395421505,0.02083333395421505,0.02083333395421505,0.02083333395421505
1,MIMAT0018349,MAP3K9,mir_regulates_mrna,,0.02083333395421505,0.02083333395421505,0.02083333395421505,0.02083333395421505,0.02083333395421505
1,MIMAT0019025,MAP3K9,mir_regulates_mrna,,0.02083333395421505,0.02083333395421505,0.02083333395421505,0.02083333395421505,0.02083333395421505
1,MIMAT0019784,MAP3K9,mir_regulates_mrna,,0.02083333395421505,0.02083333395421505,0.02083333395421505,0.02083333395421505,0.02083333395421505
1,MIMAT0021080,MAP3K9,mir_regulates_mrna,,0.02083333395421505,0.02083333395421505,0.02083333395421505,0.02083333395421505,0.02083333395421505
1,MIMAT0027369,MAP3K9,mir_regulates_mrna,,0.02083333395421505,0.02083333395421505,0.02083333395421505,0.02083333395421505,0.02083333395421505
1,MIMAT0027377,MAP3K9,mir_regulates_mrna,,0.02083333395421505,0.02083333395421505,0.02083333395421505,0.02083333395421505,0.02083333395421505
1,MIMAT0027392,MAP3K9,mir_regulates_mrna,,0.02083333395421505,0.02083333395421505,0.02083333395421505,0.02083333395421505,0.02083333395421505
1,MIMAT0027409,MAP3K9,mir_regulates_mrna,,0.02083333395421505,0.02083333395421505,0.02083333395421505,0.02083333395421505,0.02083333395421505
1,MIMAT0027417,MAP3K9,mir_regulates_mrna,,0.02083333395421505,0.02083333395421505,0.02083333395421505,0.02083333395421505,0.02083333395421505
1,MIMAT0027442,MAP3K9,mir_regulates_mrna,,0.02083333395421505,0.02083333395421505,0.02083333395421505,0.02083333395421505,0.02083333395421505
1,MIMAT0027602,MAP3K9,mir_regulates_mrna,,0.02083333395421505,0.02083333395421505,0.02083333395421505,0.02083333395421505,0.02083333395421505
1,MIMAT0027637,MAP3K9,mir_regulates_mrna,,0.02083333395421505,0.02083333395421505,0.02083333395421505,0.02083333395421505,0.02083333395421505
1,MIMAT0027685,MAP3K9,mir_regulates_mrna,,0.02083333395421505,0.02083333395421505,0.02083333395421505,0.02083333395421505,0.02083333395421505
1,MIMAT0033692,MAP3K9,mir_regulates_mrna,,0.02083333395421505,0.02083333395421505,0.02083333395421505,0.02083333395421505,0.02083333395421505
1,MIMAT0004488,MAP3K9,mir_regulates_mrna,,0.02083333395421505,0.02083333395421505,0.02083333395421505,0.02083333395421505,0.02083333395421505
1,MIMAT0000080,MAP3K9,mir_regulates_mrna,,0.02083333395421505,0.02083333395421505,0.02083333395421505,0.02083333395421505,0.02083333395421505
1,MIMAT0000231,MAP3K9,mir_regulates_mrna,,0.02083333395421505,0.02083333395421505,0.02083333395421505,0.02083333395421505,0.02083333395421505
1,MIMAT0000425,MAP3K9,mir_regulates_mrna,,0.02083333395421505,0.02083333395421505,0.02083333395421505,0.02083333395421505,0.02083333395421505
1,MIMAT0004748,MAP3K9,mir_regulates_mrna,,0.02083333395421505,0.02083333395421505,0.02083333395421505,0.02083333395421505,0.02083333395421505
1,MIMAT0010313,MAP3K9,mir_regulates_mrna,,0.02083333395421505,0.02083333395421505,0.02083333395421505,0.02083333395421505,0.02083333395421505
1,MIMAT0019008,MAP3K9,mir_regulates_mrna,,0.02083333395421505,0.02083333395421505,0.02083333395421505,0.02083333395421505,0.02083333395421505
1,MIMAT0021021,MAP3K9,mir_regulates_mrna,,0.02083333395421505,0.02083333395421505,0.02083333395421505,0.02083333395421505,0.02083333395421505
1,MIMAT0027365,MAP3K9,mir_regulates_mrna,,0.02083333395421505,0.02083333395421505,0.02083333395421505,0.02083333395421505,0.02083333395421505
1,MIMAT0027378,MAP3K9,mir_regulates_mrna,,0.02083333395421505,0.02083333395421505,0.02083333395421505,0.02083333395421505,0.02083333395421505
1,MIMAT0027466,MAP3K9,mir_regulates_mrna,,0.02083333395421505,0.02083333395421505,0.02083333395421505,0.02083333395421505,0.02083333395421505
1,MIMAT0027483,MAP3K9,mir_regulates_mrna,,0.02083333395421505,0.02083333395421505,0.02083333395421505,0.02083333395421505,0.02083333395421505
1,MIMAT0027621,MAP3K9,mir_regulates_mrna,,0.02083333395421505,0.02083333395421505,0.02083333395421505,0.02083333395421505,0.02083333395421505
1,MIMAT0006765,MAP3K9,mir_regulates_mrna,,0.02083333395421505,0.02083333395421505,0.02083333395421505,0.02083333395421505,0.02083333395421505
1,MIMAT0026623,MAP3K9,mir_regulates_mrna,,0.02083333395421505,0.02083333395421505,0.02083333395421505,0.02083333395421505,0.02083333395421505
1,MIMAT0015032,MAP3K9,mir_regulates_mrna,,0.02083333395421505,0.02083333395421505,0.02083333395421505,0.02083333395421505,0.02083333395421505
1,MIMAT0018072,MAP3K9,mir_regulates_mrna,,0.02083333395421505,0.02083333395421505,0.02083333395421505,0.02083333395421505,0.02083333395421505
1,MIMAT0019027,MAP3K9,mir_regulates_mrna,,0.02083333395421505,0.02083333395421505,0.02083333395421505,0.02083333395421505,0.02083333395421505
1,MIMAT0019854,MAP3K9,mir_regulates_mrna,,0.02083333395421505,0.02083333395421505,0.02083333395421505,0.02083333395421505,0.02083333395421505
1,MIMAT0000074,MAP3K9,mir_regulates_mrna,,0.02083333395421505,0.02083333395421505,0.02083333395421505,0.02083333395421505,0.02083333395421505
1,MIMAT0000243,MAP3K9,mir_regulates_mrna,,0.02083333395421505,0.02083333395421505,0.02083333395421505,0.02083333395421505,0.02083333395421505
1,MIMAT0002828,MAP3K9,mir_regulates_mrna,,0.02083333395421505,0.02083333395421505,0.02083333395421505,0.02083333395421505,0.02083333395421505
1,MIMAT0021086,MAP3K9,mir_regulates_mrna,,0.02083333395421505,0.02083333395421505,0.02083333395421505,0.02083333395421505,0.02083333395421505
1,MIMAT0002838,CDC25B,mir_regulates_mrna,,0.125,0.125,0.125,0.125,0.125
1,MIMAT0004945,CDC25B,mir_regulates_mrna,,0.125,0.125,0.125,0.125,0.125
1,MIMAT0027508,CDC25B,mir_regulates_mrna,,0.125,0.125,0.125,0.125,0.125
1,MIMAT0018444,CDC25B,mir_regulates_mrna,,0.125,0.125,0.125,0.125,0.125
1,MIMAT0027357,CDC25B,mir_regulates_mrna,,0.125,0.125,0.125,0.125,0.125
1,MIMAT0015378,CDC25B,mir_regulates_mrna,,0.125,0.125,0.125,0.125,0.125
1,MIMAT0019809,CDC25B,mir_regulates_mrna,,0.125,0.125,0.125,0.125,0.125
1,MIMAT0025857,CDC25B,mir_regulates_mrna,,0.125,0.125,0.125,0.125,0.125
1,MIMAT0000077,CSF1R,mir_regulates_mrna,,1.0,1.0,1.0,1.0,1.0
1,MIMAT0015022,FGF5,mir_regulates_mrna,,0.1666666716337204,0.1666666716337204,0.1666666716337204,0.1666666716337204,0.1666666716337204
1,MIMAT0028223,FGF5,mir_regulates_mrna,,0.1666666716337204,0.1666666716337204,0.1666666716337204,0.1666666716337204,0.1666666716337204
1,MIMAT0004450,FGF5,mir_regulates_mrna,,0.1666666716337204,0.1666666716337204,0.1666666716337204,0.1666666716337204,0.1666666716337204
1,MIMAT0018083,FGF5,mir_regulates_mrna,,0.1666666716337204,0.1666666716337204,0.1666666716337204,0.1666666716337204,0.1666666716337204
1,MIMAT0019048,FGF5,mir_regulates_mrna,,0.1666666716337204,0.1666666716337204,0.1666666716337204,0.1666666716337204,0.1666666716337204
1,MIMAT0025844,FGF5,mir_regulates_mrna,,0.1666666716337204,0.1666666716337204,0.1666666716337204,0.1666666716337204,0.1666666716337204
1,MIMAT0000243,MAP3K4,mir_regulates_mrna,,0.5,0.5,0.5,0.5,0.5
1,MIMAT0014992,MAP3K4,mir_regulates_mrna,,0.5,0.5,0.5,0.5,0.5
1,MIMAT0010364,FGFR4,mir_regulates_mrna,,0.5,0.5,0.5,0.5,0.5
1,MIMAT0007883,FGFR4,mir_regulates_mrna,,0.5,0.5,0.5,0.5,0.5
1,MIMAT0002822,SRF,mir_regulates_mrna,,0.0416666679084301,0.0416666679084301,0.0416666679084301,0.0416666679084301,0.0416666679084301
1,MIMAT0004983,SRF,mir_regulates_mrna,,0.0416666679084301,0.0416666679084301,0.0416666679084301,0.0416666679084301,0.0416666679084301
1,MIMAT0013518,SRF,mir_regulates_mrna,,0.0416666679084301,0.0416666679084301,0.0416666679084301,0.0416666679084301,0.0416666679084301
1,MIMAT0016855,SRF,mir_regulates_mrna,,0.0416666679084301,0.0416666679084301,0.0416666679084301,0.0416666679084301,0.0416666679084301
1,MIMAT0018359,SRF,mir_regulates_mrna,,0.0416666679084301,0.0416666679084301,0.0416666679084301,0.0416666679084301,0.0416666679084301
1,MIMAT0018949,SRF,mir_regulates_mrna,,0.0416666679084301,0.0416666679084301,0.0416666679084301,0.0416666679084301,0.0416666679084301
1,MIMAT0019006,SRF,mir_regulates_mrna,,0.0416666679084301,0.0416666679084301,0.0416666679084301,0.0416666679084301,0.0416666679084301
1,MIMAT0019047,SRF,mir_regulates_mrna,,0.0416666679084301,0.0416666679084301,0.0416666679084301,0.0416666679084301,0.0416666679084301
1,MIMAT0019051,SRF,mir_regulates_mrna,,0.0416666679084301,0.0416666679084301,0.0416666679084301,0.0416666679084301,0.0416666679084301
1,MIMAT0019700,SRF,mir_regulates_mrna,,0.0416666679084301,0.0416666679084301,0.0416666679084301,0.0416666679084301,0.0416666679084301
1,MIMAT0019827,SRF,mir_regulates_mrna,,0.0416666679084301,0.0416666679084301,0.0416666679084301,0.0416666679084301,0.0416666679084301
1,MIMAT0019838,SRF,mir_regulates_mrna,,0.0416666679084301,0.0416666679084301,0.0416666679084301,0.0416666679084301,0.0416666679084301
1,MIMAT0019899,SRF,mir_regulates_mrna,,0.0416666679084301,0.0416666679084301,0.0416666679084301,0.0416666679084301,0.0416666679084301
1,MIMAT0019921,SRF,mir_regulates_mrna,,0.0416666679084301,0.0416666679084301,0.0416666679084301,0.0416666679084301,0.0416666679084301
1,MIMAT0022491,SRF,mir_regulates_mrna,,0.0416666679084301,0.0416666679084301,0.0416666679084301,0.0416666679084301,0.0416666679084301
1,MIMAT0027356,SRF,mir_regulates_mrna,,0.0416666679084301,0.0416666679084301,0.0416666679084301,0.0416666679084301,0.0416666679084301
1,MIMAT0027363,SRF,mir_regulates_mrna,,0.0416666679084301,0.0416666679084301,0.0416666679084301,0.0416666679084301,0.0416666679084301
1,MIMAT0027391,SRF,mir_regulates_mrna,,0.0416666679084301,0.0416666679084301,0.0416666679084301,0.0416666679084301,0.0416666679084301
1,MIMAT0027395,SRF,mir_regulates_mrna,,0.0416666679084301,0.0416666679084301,0.0416666679084301,0.0416666679084301,0.0416666679084301
1,MIMAT0027463,SRF,mir_regulates_mrna,,0.0416666679084301,0.0416666679084301,0.0416666679084301,0.0416666679084301,0.0416666679084301
1,MIMAT0027488,SRF,mir_regulates_mrna,,0.0416666679084301,0.0416666679084301,0.0416666679084301,0.0416666679084301,0.0416666679084301
1,MIMAT0027505,SRF,mir_regulates_mrna,,0.0416666679084301,0.0416666679084301,0.0416666679084301,0.0416666679084301,0.0416666679084301
1,MIMAT0027626,SRF,mir_regulates_mrna,,0.0416666679084301,0.0416666679084301,0.0416666679084301,0.0416666679084301,0.0416666679084301
1,MIMAT0029310,SRF,mir_regulates_mrna,,0.0416666679084301,0.0416666679084301,0.0416666679084301,0.0416666679084301,0.0416666679084301
1,MIMAT0004689,TAB2,mir_regulates_mrna,,0.25,0.25,0.25,0.25,0.25
1,MIMAT0027369,TAB2,mir_regulates_mrna,,0.25,0.25,0.25,0.25,0.25
1,MIMAT0030986,TAB2,mir_regulates_mrna,,0.25,0.25,0.25,0.25,0.25
1,MIMAT0019762,TAB2,mir_regulates_mrna,,0.25,0.25,0.25,0.25,0.25
1,MIMAT0000066,MAP2K7,mir_regulates_mrna,,0.0714285746216774,0.0714285746216774,0.0714285746216774,0.0714285746216774,0.0714285746216774
1,MIMAT0005871,MAP2K7,mir_regulates_mrna,,0.0714285746216774,0.0714285746216774,0.0714285746216774,0.0714285746216774,0.0714285746216774
1,MIMAT0016851,MAP2K7,mir_regulates_mrna,,0.0714285746216774,0.0714285746216774,0.0714285746216774,0.0714285746216774,0.0714285746216774
1,MIMAT0018072,MAP2K7,mir_regulates_mrna,,0.0714285746216774,0.0714285746216774,0.0714285746216774,0.0714285746216774,0.0714285746216774
1,MIMAT0018945,MAP2K7,mir_regulates_mrna,,0.0714285746216774,0.0714285746216774,0.0714285746216774,0.0714285746216774,0.0714285746216774
1,MIMAT0018980,MAP2K7,mir_regulates_mrna,,0.0714285746216774,0.0714285746216774,0.0714285746216774,0.0714285746216774,0.0714285746216774
1,MIMAT0027408,MAP2K7,mir_regulates_mrna,,0.0714285746216774,0.0714285746216774,0.0714285746216774,0.0714285746216774,0.0714285746216774
1,MIMAT0027416,MAP2K7,mir_regulates_mrna,,0.0714285746216774,0.0714285746216774,0.0714285746216774,0.0714285746216774,0.0714285746216774
1,MIMAT0027448,MAP2K7,mir_regulates_mrna,,0.0714285746216774,0.0714285746216774,0.0714285746216774,0.0714285746216774,0.0714285746216774
1,MIMAT0027562,MAP2K7,mir_regulates_mrna,,0.0714285746216774,0.0714285746216774,0.0714285746216774,0.0714285746216774,0.0714285746216774
1,MIMAT0027612,MAP2K7,mir_regulates_mrna,,0.0714285746216774,0.0714285746216774,0.0714285746216774,0.0714285746216774,0.0714285746216774
1,MIMAT0027640,MAP2K7,mir_regulates_mrna,,0.0714285746216774,0.0714285746216774,0.0714285746216774,0.0714285746216774,0.0714285746216774
1,MIMAT0027666,MAP2K7,mir_regulates_mrna,,0.0714285746216774,0.0714285746216774,0.0714285746216774,0.0714285746216774,0.0714285746216774
1,MIMAT0031012,MAP2K7,mir_regulates_mrna,,0.0714285746216774,0.0714285746216774,0.0714285746216774,0.0714285746216774,0.0714285746216774
1,MIMAT0000765,RASA2,mir_regulates_mrna,,1.0,1.0,1.0,1.0,1.0
1,MIMAT0004945,PRKACA,mir_regulates_mrna,,1.0,1.0,1.0,1.0,1.0
1,MIMAT0000417,MAP4K2,mir_regulates_mrna,,0.0555555559694767,0.0555555559694767,0.0555555559694767,0.0555555559694767,0.0555555559694767
1,MIMAT0000461,MAP4K2,mir_regulates_mrna,,0.0555555559694767,0.0555555559694767,0.0555555559694767,0.0555555559694767,0.0555555559694767
1,MIMAT0004761,MAP4K2,mir_regulates_mrna,,0.0555555559694767,0.0555555559694767,0.0555555559694767,0.0555555559694767,0.0555555559694767
1,MIMAT0004767,MAP4K2,mir_regulates_mrna,,0.0555555559694767,0.0555555559694767,0.0555555559694767,0.0555555559694767,0.0555555559694767
1,MIMAT0002874,MAP4K2,mir_regulates_mrna,,0.0555555559694767,0.0555555559694767,0.0555555559694767,0.0555555559694767,0.0555555559694767
1,MIMAT0026612,MAP4K2,mir_regulates_mrna,,0.0555555559694767,0.0555555559694767,0.0555555559694767,0.0555555559694767,0.0555555559694767
1,MIMAT0003315,MAP4K2,mir_regulates_mrna,,0.0555555559694767,0.0555555559694767,0.0555555559694767,0.0555555559694767,0.0555555559694767
1,MIMAT0003316,MAP4K2,mir_regulates_mrna,,0.0555555559694767,0.0555555559694767,0.0555555559694767,0.0555555559694767,0.0555555559694767
1,MIMAT0005891,MAP4K2,mir_regulates_mrna,,0.0555555559694767,0.0555555559694767,0.0555555559694767,0.0555555559694767,0.0555555559694767
1,MIMAT0018005,MAP4K2,mir_regulates_mrna,,0.0555555559694767,0.0555555559694767,0.0555555559694767,0.0555555559694767,0.0555555559694767
1,MIMAT0018945,MAP4K2,mir_regulates_mrna,,0.0555555559694767,0.0555555559694767,0.0555555559694767,0.0555555559694767,0.0555555559694767
1,MIMAT0018985,MAP4K2,mir_regulates_mrna,,0.0555555559694767,0.0555555559694767,0.0555555559694767,0.0555555559694767,0.0555555559694767
1,MIMAT0019856,MAP4K2,mir_regulates_mrna,,0.0555555559694767,0.0555555559694767,0.0555555559694767,0.0555555559694767,0.0555555559694767
1,MIMAT0022491,MAP4K2,mir_regulates_mrna,,0.0555555559694767,0.0555555559694767,0.0555555559694767,0.0555555559694767,0.0555555559694767
1,MIMAT0024615,MAP4K2,mir_regulates_mrna,,0.0555555559694767,0.0555555559694767,0.0555555559694767,0.0555555559694767,0.0555555559694767
1,MIMAT0027421,MAP4K2,mir_regulates_mrna,,0.0555555559694767,0.0555555559694767,0.0555555559694767,0.0555555559694767,0.0555555559694767
1,MIMAT0027588,MAP4K2,mir_regulates_mrna,,0.0555555559694767,0.0555555559694767,0.0555555559694767,0.0555555559694767,0.0555555559694767
1,MIMAT0015069,MAP4K2,mir_regulates_mrna,,0.0555555559694767,0.0555555559694767,0.0555555559694767,0.0555555559694767,0.0555555559694767
1,MIMAT0004612,MAPK14,mir_regulates_mrna,,0.0555555559694767,0.0555555559694767,0.0555555559694767,0.0555555559694767,0.0555555559694767
1,MIMAT0026740,MAPK14,mir_regulates_mrna,,0.0555555559694767,0.0555555559694767,0.0555555559694767,0.0555555559694767,0.0555555559694767
1,MIMAT0005788,MAPK14,mir_regulates_mrna,,0.0555555559694767,0.0555555559694767,0.0555555559694767,0.0555555559694767,0.0555555559694767
1,MIMAT0013518,MAPK14,mir_regulates_mrna,,0.0555555559694767,0.0555555559694767,0.0555555559694767,0.0555555559694767,0.0555555559694767
1,MIMAT0016917,MAPK14,mir_regulates_mrna,,0.0555555559694767,0.0555555559694767,0.0555555559694767,0.0555555559694767,0.0555555559694767
1,MIMAT0019063,MAPK14,mir_regulates_mrna,,0.0555555559694767,0.0555555559694767,0.0555555559694767,0.0555555559694767,0.0555555559694767
1,MIMAT0019772,MAPK14,mir_regulates_mrna,,0.0555555559694767,0.0555555559694767,0.0555555559694767,0.0555555559694767,0.0555555559694767
1,MIMAT0022256,MAPK14,mir_regulates_mrna,,0.0555555559694767,0.0555555559694767,0.0555555559694767,0.0555555559694767,0.0555555559694767
1,MIMAT0025458,MAPK14,mir_regulates_mrna,,0.0555555559694767,0.0555555559694767,0.0555555559694767,0.0555555559694767,0.0555555559694767
1,MIMAT0027419,MAPK14,mir_regulates_mrna,,0.0555555559694767,0.0555555559694767,0.0555555559694767,0.0555555559694767,0.0555555559694767
1,MIMAT0028111,MAPK14,mir_regulates_mrna,,0.0555555559694767,0.0555555559694767,0.0555555559694767,0.0555555559694767,0.0555555559694767
1,MIMAT0000080,MAPK14,mir_regulates_mrna,,0.0555555559694767,0.0555555559694767,0.0555555559694767,0.0555555559694767,0.0555555559694767
1,MIMAT0000266,MAPK14,mir_regulates_mrna,,0.0555555559694767,0.0555555559694767,0.0555555559694767,0.0555555559694767,0.0555555559694767
1,MIMAT0026476,MAPK14,mir_regulates_mrna,,0.0555555559694767,0.0555555559694767,0.0555555559694767,0.0555555559694767,0.0555555559694767
1,MIMAT0004602,MAPK14,mir_regulates_mrna,,0.0555555559694767,0.0555555559694767,0.0555555559694767,0.0555555559694767,0.0555555559694767
1,MIMAT0005921,MAPK14,mir_regulates_mrna,,0.0555555559694767,0.0555555559694767,0.0555555559694767,0.0555555559694767,0.0555555559694767
1,MIMAT0030982,MAPK14,mir_regulates_mrna,,0.0555555559694767,0.0555555559694767,0.0555555559694767,0.0555555559694767,0.0555555559694767
1,MIMAT0000271,MAPK14,mir_regulates_mrna,,0.0555555559694767,0.0555555559694767,0.0555555559694767,0.0555555559694767,0.0555555559694767
1,MIMAT0027558,RAC3,mir_regulates_mrna,,0.3333333432674408,0.3333333432674408,0.3333333432674408,0.3333333432674408,0.3333333432674408
1,MIMAT0027630,RAC3,mir_regulates_mrna,,0.3333333432674408,0.3333333432674408,0.3333333432674408,0.3333333432674408,0.3333333432674408
1,MIMAT0028110,RAC3,mir_regulates_mrna,,0.3333333432674408,0.3333333432674408,0.3333333432674408,0.3333333432674408,0.3333333432674408
1,MIMAT0000074,MAP2K3,mir_regulates_mrna,,0.0833333358168602,0.0833333358168602,0.0833333358168602,0.0833333358168602,0.0833333358168602
1,MIMAT0000422,MAP2K3,mir_regulates_mrna,,0.0833333358168602,0.0833333358168602,0.0833333358168602,0.0833333358168602,0.0833333358168602
1,MIMAT0010364,MAP2K3,mir_regulates_mrna,,0.0833333358168602,0.0833333358168602,0.0833333358168602,0.0833333358168602,0.0833333358168602
1,MIMAT0016900,MAP2K3,mir_regulates_mrna,,0.0833333358168602,0.0833333358168602,0.0833333358168602,0.0833333358168602,0.0833333358168602
1,MIMAT0017999,MAP2K3,mir_regulates_mrna,,0.0833333358168602,0.0833333358168602,0.0833333358168602,0.0833333358168602,0.0833333358168602
1,MIMAT0019015,MAP2K3,mir_regulates_mrna,,0.0833333358168602,0.0833333358168602,0.0833333358168602,0.0833333358168602,0.0833333358168602
1,MIMAT0027438,MAP2K3,mir_regulates_mrna,,0.0833333358168602,0.0833333358168602,0.0833333358168602,0.0833333358168602,0.0833333358168602
1,MIMAT0027620,MAP2K3,mir_regulates_mrna,,0.0833333358168602,0.0833333358168602,0.0833333358168602,0.0833333358168602,0.0833333358168602
1,MIMAT0013802,MAP2K3,mir_regulates_mrna,,0.0833333358168602,0.0833333358168602,0.0833333358168602,0.0833333358168602,0.0833333358168602
1,MIMAT0019878,MAP2K3,mir_regulates_mrna,,0.0833333358168602,0.0833333358168602,0.0833333358168602,0.0833333358168602,0.0833333358168602
1,MIMAT0031012,MAP2K3,mir_regulates_mrna,,0.0833333358168602,0.0833333358168602,0.0833333358168602,0.0833333358168602,0.0833333358168602
1,MIMAT0000075,MAP2K3,mir_regulates_mrna,,0.0833333358168602,0.0833333358168602,0.0833333358168602,0.0833333358168602,0.0833333358168602
1,MIMAT0004694,MAPK10,mir_regulates_mrna,,0.06666667014360428,0.06666667014360428,0.06666667014360428,0.06666667014360428,0.06666667014360428
1,MIMAT0031074,MAPK10,mir_regulates_mrna,,0.06666667014360428,0.06666667014360428,0.06666667014360428,0.06666667014360428,0.06666667014360428
1,MIMAT0017997,MAPK10,mir_regulates_mrna,,0.06666667014360428,0.06666667014360428,0.06666667014360428,0.06666667014360428,0.06666667014360428
1,MIMAT0018070,MAPK10,mir_regulates_mrna,,0.06666667014360428,0.06666667014360428,0.06666667014360428,0.06666667014360428,0.06666667014360428
1,MIMAT0018977,MAPK10,mir_regulates_mrna,,0.06666667014360428,0.06666667014360428,0.06666667014360428,0.06666667014360428,0.06666667014360428
1,MIMAT0027375,MAPK10,mir_regulates_mrna,,0.06666667014360428,0.06666667014360428,0.06666667014360428,0.06666667014360428,0.06666667014360428
1,MIMAT0027394,MAPK10,mir_regulates_mrna,,0.06666667014360428,0.06666667014360428,0.06666667014360428,0.06666667014360428,0.06666667014360428
1,MIMAT0027524,MAPK10,mir_regulates_mrna,,0.06666667014360428,0.06666667014360428,0.06666667014360428,0.06666667014360428,0.06666667014360428
1,MIMAT0027538,MAPK10,mir_regulates_mrna,,0.06666667014360428,0.06666667014360428,0.06666667014360428,0.06666667014360428,0.06666667014360428
1,MIMAT0000278,MAPK10,mir_regulates_mrna,,0.06666667014360428,0.06666667014360428,0.06666667014360428,0.06666667014360428,0.06666667014360428
1,MIMAT0003276,MAPK10,mir_regulates_mrna,,0.06666667014360428,0.06666667014360428,0.06666667014360428,0.06666667014360428,0.06666667014360428
1,MIMAT0004795,MAPK10,mir_regulates_mrna,,0.06666667014360428,0.06666667014360428,0.06666667014360428,0.06666667014360428,0.06666667014360428
1,MIMAT0019715,MAPK10,mir_regulates_mrna,,0.06666667014360428,0.06666667014360428,0.06666667014360428,0.06666667014360428,0.06666667014360428
1,MIMAT0021023,MAPK10,mir_regulates_mrna,,0.06666667014360428,0.06666667014360428,0.06666667014360428,0.06666667014360428,0.06666667014360428
1,MIMAT0027610,MAPK10,mir_regulates_mrna,,0.06666667014360428,0.06666667014360428,0.06666667014360428,0.06666667014360428,0.06666667014360428
1,MIMAT0004548,DUSP9,mir_regulates_mrna,,0.20000000298023224,0.20000000298023224,0.20000000298023224,0.20000000298023224,0.20000000298023224
1,MIMAT0004605,DUSP9,mir_regulates_mrna,,0.20000000298023224,0.20000000298023224,0.20000000298023224,0.20000000298023224,0.20000000298023224
1,MIMAT0019008,DUSP9,mir_regulates_mrna,,0.20000000298023224,0.20000000298023224,0.20000000298023224,0.20000000298023224,0.20000000298023224
1,MIMAT0019868,DUSP9,mir_regulates_mrna,,0.20000000298023224,0.20000000298023224,0.20000000298023224,0.20000000298023224,0.20000000298023224
1,MIMAT0030021,DUSP9,mir_regulates_mrna,,0.20000000298023224,0.20000000298023224,0.20000000298023224,0.20000000298023224,0.20000000298023224
1,MIMAT0000072,RPS6KA5,mir_regulates_mrna,,0.021276595070958138,0.021276595070958138,0.021276595070958138,0.021276595070958138,0.021276595070958138
1,MIMAT0000080,RPS6KA5,mir_regulates_mrna,,0.021276595070958138,0.021276595070958138,0.021276595070958138,0.021276595070958138,0.021276595070958138
1,MIMAT0000084,RPS6KA5,mir_regulates_mrna,,0.021276595070958138,0.021276595070958138,0.021276595070958138,0.021276595070958138,0.021276595070958138
1,MIMAT0000099,RPS6KA5,mir_regulates_mrna,,0.021276595070958138,0.021276595070958138,0.021276595070958138,0.021276595070958138,0.021276595070958138
1,MIMAT0000242,RPS6KA5,mir_regulates_mrna,,0.021276595070958138,0.021276595070958138,0.021276595070958138,0.021276595070958138,0.021276595070958138
1,MIMAT0000421,RPS6KA5,mir_regulates_mrna,,0.021276595070958138,0.021276595070958138,0.021276595070958138,0.021276595070958138,0.021276595070958138
1,MIMAT0000424,RPS6KA5,mir_regulates_mrna,,0.021276595070958138,0.021276595070958138,0.021276595070958138,0.021276595070958138,0.021276595070958138
1,MIMAT0004595,RPS6KA5,mir_regulates_mrna,,0.021276595070958138,0.021276595070958138,0.021276595070958138,0.021276595070958138,0.021276595070958138
1,MIMAT0004599,RPS6KA5,mir_regulates_mrna,,0.021276595070958138,0.021276595070958138,0.021276595070958138,0.021276595070958138,0.021276595070958138
1,MIMAT0000680,RPS6KA5,mir_regulates_mrna,,0.021276595070958138,0.021276595070958138,0.021276595070958138,0.021276595070958138,0.021276595070958138
1,MIMAT0004703,RPS6KA5,mir_regulates_mrna,,0.021276595070958138,0.021276595070958138,0.021276595070958138,0.021276595070958138,0.021276595070958138
1,MIMAT0026612,RPS6KA5,mir_regulates_mrna,,0.021276595070958138,0.021276595070958138,0.021276595070958138,0.021276595070958138,0.021276595070958138
1,MIMAT0003221,RPS6KA5,mir_regulates_mrna,,0.021276595070958138,0.021276595070958138,0.021276595070958138,0.021276595070958138,0.021276595070958138
1,MIMAT0003885,RPS6KA5,mir_regulates_mrna,,0.021276595070958138,0.021276595070958138,0.021276595070958138,0.021276595070958138,0.021276595070958138
1,MIMAT0004945,RPS6KA5,mir_regulates_mrna,,0.021276595070958138,0.021276595070958138,0.021276595070958138,0.021276595070958138,0.021276595070958138
1,MIMAT0018070,RPS6KA5,mir_regulates_mrna,,0.021276595070958138,0.021276595070958138,0.021276595070958138,0.021276595070958138,0.021276595070958138
1,MIMAT0018072,RPS6KA5,mir_regulates_mrna,,0.021276595070958138,0.021276595070958138,0.021276595070958138,0.021276595070958138,0.021276595070958138
1,MIMAT0018107,RPS6KA5,mir_regulates_mrna,,0.021276595070958138,0.021276595070958138,0.021276595070958138,0.021276595070958138,0.021276595070958138
1,MIMAT0019232,RPS6KA5,mir_regulates_mrna,,0.021276595070958138,0.021276595070958138,0.021276595070958138,0.021276595070958138,0.021276595070958138
1,MIMAT0018945,RPS6KA5,mir_regulates_mrna,,0.021276595070958138,0.021276595070958138,0.021276595070958138,0.021276595070958138,0.021276595070958138
1,MIMAT0018953,RPS6KA5,mir_regulates_mrna,,0.021276595070958138,0.021276595070958138,0.021276595070958138,0.021276595070958138,0.021276595070958138
1,MIMAT0019233,RPS6KA5,mir_regulates_mrna,,0.021276595070958138,0.021276595070958138,0.021276595070958138,0.021276595070958138,0.021276595070958138
1,MIMAT0019047,RPS6KA5,mir_regulates_mrna,,0.021276595070958138,0.021276595070958138,0.021276595070958138,0.021276595070958138,0.021276595070958138
1,MIMAT0019735,RPS6KA5,mir_regulates_mrna,,0.021276595070958138,0.021276595070958138,0.021276595070958138,0.021276595070958138,0.021276595070958138
1,MIMAT0019850,RPS6KA5,mir_regulates_mrna,,0.021276595070958138,0.021276595070958138,0.021276595070958138,0.021276595070958138,0.021276595070958138
1,MIMAT0019861,RPS6KA5,mir_regulates_mrna,,0.021276595070958138,0.021276595070958138,0.021276595070958138,0.021276595070958138,0.021276595070958138
1,MIMAT0019971,RPS6KA5,mir_regulates_mrna,,0.021276595070958138,0.021276595070958138,0.021276595070958138,0.021276595070958138,0.021276595070958138
1,MIMAT0021080,RPS6KA5,mir_regulates_mrna,,0.021276595070958138,0.021276595070958138,0.021276595070958138,0.021276595070958138,0.021276595070958138
1,MIMAT0022283,RPS6KA5,mir_regulates_mrna,,0.021276595070958138,0.021276595070958138,0.021276595070958138,0.021276595070958138,0.021276595070958138
1,MIMAT0022288,RPS6KA5,mir_regulates_mrna,,0.021276595070958138,0.021276595070958138,0.021276595070958138,0.021276595070958138,0.021276595070958138
1,MIMAT0024613,RPS6KA5,mir_regulates_mrna,,0.021276595070958138,0.021276595070958138,0.021276595070958138,0.021276595070958138,0.021276595070958138
1,MIMAT0024614,RPS6KA5,mir_regulates_mrna,,0.021276595070958138,0.021276595070958138,0.021276595070958138,0.021276595070958138,0.021276595070958138
1,MIMAT0024617,RPS6KA5,mir_regulates_mrna,,0.021276595070958138,0.021276595070958138,0.021276595070958138,0.021276595070958138,0.021276595070958138
1,MIMAT0025451,RPS6KA5,mir_regulates_mrna,,0.021276595070958138,0.021276595070958138,0.021276595070958138,0.021276595070958138,0.021276595070958138
1,MIMAT0025458,RPS6KA5,mir_regulates_mrna,,0.021276595070958138,0.021276595070958138,0.021276595070958138,0.021276595070958138,0.021276595070958138
1,MIMAT0027544,RPS6KA5,mir_regulates_mrna,,0.021276595070958138,0.021276595070958138,0.021276595070958138,0.021276595070958138,0.021276595070958138
1,MIMAT0027568,RPS6KA5,mir_regulates_mrna,,0.021276595070958138,0.021276595070958138,0.021276595070958138,0.021276595070958138,0.021276595070958138
1,MIMAT0028230,RPS6KA5,mir_regulates_mrna,,0.021276595070958138,0.021276595070958138,0.021276595070958138,0.021276595070958138,0.021276595070958138
1,MIMAT0031004,RPS6KA5,mir_regulates_mrna,,0.021276595070958138,0.021276595070958138,0.021276595070958138,0.021276595070958138,0.021276595070958138
1,MIMAT0035542,RPS6KA5,mir_regulates_mrna,,0.021276595070958138,0.021276595070958138,0.021276595070958138,0.021276595070958138,0.021276595070958138
1,MIMAT0000093,RPS6KA5,mir_regulates_mrna,,0.021276595070958138,0.021276595070958138,0.021276595070958138,0.021276595070958138,0.021276595070958138
1,MIMAT0001413,RPS6KA5,mir_regulates_mrna,,0.021276595070958138,0.021276595070958138,0.021276595070958138,0.021276595070958138,0.021276595070958138
1,MIMAT0002176,RPS6KA5,mir_regulates_mrna,,0.021276595070958138,0.021276595070958138,0.021276595070958138,0.021276595070958138,0.021276595070958138
1,MIMAT0022705,RPS6KA5,mir_regulates_mrna,,0.021276595070958138,0.021276595070958138,0.021276595070958138,0.021276595070958138,0.021276595070958138
1,MIMAT0018985,RPS6KA5,mir_regulates_mrna,,0.021276595070958138,0.021276595070958138,0.021276595070958138,0.021276595070958138,0.021276595070958138
1,MIMAT0021026,RPS6KA5,mir_regulates_mrna,,0.021276595070958138,0.021276595070958138,0.021276595070958138,0.021276595070958138,0.021276595070958138
1,MIMAT0027650,RPS6KA5,mir_regulates_mrna,,0.021276595070958138,0.021276595070958138,0.021276595070958138,0.021276595070958138,0.021276595070958138
1,MIMAT0004589,ANGPT4,mir_regulates_mrna,,0.0416666679084301,0.0416666679084301,0.0416666679084301,0.0416666679084301,0.0416666679084301
1,MIMAT0004609,ANGPT4,mir_regulates_mrna,,0.0416666679084301,0.0416666679084301,0.0416666679084301,0.0416666679084301,0.0416666679084301
1,MIMAT0002175,ANGPT4,mir_regulates_mrna,,0.0416666679084301,0.0416666679084301,0.0416666679084301,0.0416666679084301,0.0416666679084301
1,MIMAT0026720,ANGPT4,mir_regulates_mrna,,0.0416666679084301,0.0416666679084301,0.0416666679084301,0.0416666679084301,0.0416666679084301
1,MIMAT0004952,ANGPT4,mir_regulates_mrna,,0.0416666679084301,0.0416666679084301,0.0416666679084301,0.0416666679084301,0.0416666679084301
1,MIMAT0005914,ANGPT4,mir_regulates_mrna,,0.0416666679084301,0.0416666679084301,0.0416666679084301,0.0416666679084301,0.0416666679084301
1,MIMAT0015039,ANGPT4,mir_regulates_mrna,,0.0416666679084301,0.0416666679084301,0.0416666679084301,0.0416666679084301,0.0416666679084301
1,MIMAT0018118,ANGPT4,mir_regulates_mrna,,0.0416666679084301,0.0416666679084301,0.0416666679084301,0.0416666679084301,0.0416666679084301
1,MIMAT0018181,ANGPT4,mir_regulates_mrna,,0.0416666679084301,0.0416666679084301,0.0416666679084301,0.0416666679084301,0.0416666679084301
1,MIMAT0019006,ANGPT4,mir_regulates_mrna,,0.0416666679084301,0.0416666679084301,0.0416666679084301,0.0416666679084301,0.0416666679084301
1,MIMAT0019007,ANGPT4,mir_regulates_mrna,,0.0416666679084301,0.0416666679084301,0.0416666679084301,0.0416666679084301,0.0416666679084301
1,MIMAT0019060,ANGPT4,mir_regulates_mrna,,0.0416666679084301,0.0416666679084301,0.0416666679084301,0.0416666679084301,0.0416666679084301
1,MIMAT0019799,ANGPT4,mir_regulates_mrna,,0.0416666679084301,0.0416666679084301,0.0416666679084301,0.0416666679084301,0.0416666679084301
1,MIMAT0019972,ANGPT4,mir_regulates_mrna,,0.0416666679084301,0.0416666679084301,0.0416666679084301,0.0416666679084301,0.0416666679084301
1,MIMAT0027345,ANGPT4,mir_regulates_mrna,,0.0416666679084301,0.0416666679084301,0.0416666679084301,0.0416666679084301,0.0416666679084301
1,MIMAT0027452,ANGPT4,mir_regulates_mrna,,0.0416666679084301,0.0416666679084301,0.0416666679084301,0.0416666679084301,0.0416666679084301
1,MIMAT0027458,ANGPT4,mir_regulates_mrna,,0.0416666679084301,0.0416666679084301,0.0416666679084301,0.0416666679084301,0.0416666679084301
1,MIMAT0027476,ANGPT4,mir_regulates_mrna,,0.0416666679084301,0.0416666679084301,0.0416666679084301,0.0416666679084301,0.0416666679084301
1,MIMAT0027498,ANGPT4,mir_regulates_mrna,,0.0416666679084301,0.0416666679084301,0.0416666679084301,0.0416666679084301,0.0416666679084301
1,MIMAT0027516,ANGPT4,mir_regulates_mrna,,0.0416666679084301,0.0416666679084301,0.0416666679084301,0.0416666679084301,0.0416666679084301
1,MIMAT0027666,ANGPT4,mir_regulates_mrna,,0.0416666679084301,0.0416666679084301,0.0416666679084301,0.0416666679084301,0.0416666679084301
1,MIMAT0027668,ANGPT4,mir_regulates_mrna,,0.0416666679084301,0.0416666679084301,0.0416666679084301,0.0416666679084301,0.0416666679084301
1,MIMAT0028109,ANGPT4,mir_regulates_mrna,,0.0416666679084301,0.0416666679084301,0.0416666679084301,0.0416666679084301,0.0416666679084301
1,MIMAT0030018,ANGPT4,mir_regulates_mrna,,0.0416666679084301,0.0416666679084301,0.0416666679084301,0.0416666679084301,0.0416666679084301
1,MIMAT0019069,TRADD,mir_regulates_mrna,,0.5,0.5,0.5,0.5,0.5
1,MIMAT0022294,TRADD,mir_regulates_mrna,,0.5,0.5,0.5,0.5,0.5
1,MIMAT0022694,EPHA2,mir_regulates_mrna,,0.0833333358168602,0.0833333358168602,0.0833333358168602,0.0833333358168602,0.0833333358168602
1,MIMAT0026477,EPHA2,mir_regulates_mrna,,0.0833333358168602,0.0833333358168602,0.0833333358168602,0.0833333358168602,0.0833333358168602
1,MIMAT0026621,EPHA2,mir_regulates_mrna,,0.0833333358168602,0.0833333358168602,0.0833333358168602,0.0833333358168602,0.0833333358168602
1,MIMAT0005798,EPHA2,mir_regulates_mrna,,0.0833333358168602,0.0833333358168602,0.0833333358168602,0.0833333358168602,0.0833333358168602
1,MIMAT0005827,EPHA2,mir_regulates_mrna,,0.0833333358168602,0.0833333358168602,0.0833333358168602,0.0833333358168602,0.0833333358168602
1,MIMAT0018098,EPHA2,mir_regulates_mrna,,0.0833333358168602,0.0833333358168602,0.0833333358168602,0.0833333358168602,0.0833333358168602
1,MIMAT0018959,EPHA2,mir_regulates_mrna,,0.0833333358168602,0.0833333358168602,0.0833333358168602,0.0833333358168602,0.0833333358168602
1,MIMAT0019043,EPHA2,mir_regulates_mrna,,0.0833333358168602,0.0833333358168602,0.0833333358168602,0.0833333358168602,0.0833333358168602
1,MIMAT0019065,EPHA2,mir_regulates_mrna,,0.0833333358168602,0.0833333358168602,0.0833333358168602,0.0833333358168602,0.0833333358168602
1,MIMAT0021020,EPHA2,mir_regulates_mrna,,0.0833333358168602,0.0833333358168602,0.0833333358168602,0.0833333358168602,0.0833333358168602
1,MIMAT0021117,EPHA2,mir_regulates_mrna,,0.0833333358168602,0.0833333358168602,0.0833333358168602,0.0833333358168602,0.0833333358168602
1,MIMAT0027414,EPHA2,mir_regulates_mrna,,0.0833333358168602,0.0833333358168602,0.0833333358168602,0.0833333358168602,0.0833333358168602
1,MIMAT0000253,TGFB3,mir_regulates_mrna,,1.0,1.0,1.0,1.0,1.0
1,MIMAT0000259,MAP3K3,mir_regulates_mrna,,0.25,0.25,0.25,0.25,0.25
1,MIMAT0000426,MAP3K3,mir_regulates_mrna,,0.25,0.25,0.25,0.25,0.25
1,MIMAT0000457,MAP3K3,mir_regulates_mrna,,0.25,0.25,0.25,0.25,0.25
1,MIMAT0027508,MAP3K3,mir_regulates_mrna,,0.25,0.25,0.25,0.25,0.25
1,MIMAT0000100,MAP2K6,mir_regulates_mrna,,0.0714285746216774,0.0714285746216774,0.0714285746216774,0.0714285746216774,0.0714285746216774
1,MIMAT0000437,MAP2K6,mir_regulates_mrna,,0.0714285746216774,0.0714285746216774,0.0714285746216774,0.0714285746216774,0.0714285746216774
1,MIMAT0026623,MAP2K6,mir_regulates_mrna,,0.0714285746216774,0.0714285746216774,0.0714285746216774,0.0714285746216774,0.0714285746216774
1,MIMAT0004972,MAP2K6,mir_regulates_mrna,,0.0714285746216774,0.0714285746216774,0.0714285746216774,0.0714285746216774,0.0714285746216774
1,MIMAT0022940,MAP2K6,mir_regulates_mrna,,0.0714285746216774,0.0714285746216774,0.0714285746216774,0.0714285746216774,0.0714285746216774
1,MIMAT0005576,MAP2K6,mir_regulates_mrna,,0.0714285746216774,0.0714285746216774,0.0714285746216774,0.0714285746216774,0.0714285746216774
1,MIMAT0005892,MAP2K6,mir_regulates_mrna,,0.0714285746216774,0.0714285746216774,0.0714285746216774,0.0714285746216774,0.0714285746216774
1,MIMAT0022289,MAP2K6,mir_regulates_mrna,,0.0714285746216774,0.0714285746216774,0.0714285746216774,0.0714285746216774,0.0714285746216774
1,MIMAT0027508,MAP2K6,mir_regulates_mrna,,0.0714285746216774,0.0714285746216774,0.0714285746216774,0.0714285746216774,0.0714285746216774
1,MIMAT0027568,MAP2K6,mir_regulates_mrna,,0.0714285746216774,0.0714285746216774,0.0714285746216774,0.0714285746216774,0.0714285746216774
1,MIMAT0030982,MAP2K6,mir_regulates_mrna,,0.0714285746216774,0.0714285746216774,0.0714285746216774,0.0714285746216774,0.0714285746216774
1,MIMAT0004808,MAP2K6,mir_regulates_mrna,,0.0714285746216774,0.0714285746216774,0.0714285746216774,0.0714285746216774,0.0714285746216774
1,MIMAT0015040,MAP2K6,mir_regulates_mrna,,0.0714285746216774,0.0714285746216774,0.0714285746216774,0.0714285746216774,0.0714285746216774
1,MIMAT0027439,MAP2K6,mir_regulates_mrna,,0.0714285746216774,0.0714285746216774,0.0714285746216774,0.0714285746216774,0.0714285746216774
1,MIMAT0003879,RPS6KA6,mir_regulates_mrna,,0.5,0.5,0.5,0.5,0.5
1,MIMAT0009206,RPS6KA6,mir_regulates_mrna,,0.5,0.5,0.5,0.5,0.5
1,MIMAT0000062,EGFR,mir_regulates_mrna,,0.1666666716337204,0.1666666716337204,0.1666666716337204,0.1666666716337204,0.1666666716337204
1,MIMAT0000252,EGFR,mir_regulates_mrna,,0.1666666716337204,0.1666666716337204,0.1666666716337204,0.1666666716337204,0.1666666716337204
1,MIMAT0004553,EGFR,mir_regulates_mrna,,0.1666666716337204,0.1666666716337204,0.1666666716337204,0.1666666716337204,0.1666666716337204
1,MIMAT0000682,EGFR,mir_regulates_mrna,,0.1666666716337204,0.1666666716337204,0.1666666716337204,0.1666666716337204,0.1666666716337204
1,MIMAT0000646,EGFR,mir_regulates_mrna,,0.1666666716337204,0.1666666716337204,0.1666666716337204,0.1666666716337204,0.1666666716337204
1,MIMAT0004501,EGFR,mir_regulates_mrna,,0.1666666716337204,0.1666666716337204,0.1666666716337204,0.1666666716337204,0.1666666716337204
1,MIMAT0028109,PDGFRA,mir_regulates_mrna,,0.125,0.125,0.125,0.125,0.125
1,MIMAT0000242,PDGFRA,mir_regulates_mrna,,0.125,0.125,0.125,0.125,0.125
1,MIMAT0000255,PDGFRA,mir_regulates_mrna,,0.125,0.125,0.125,0.125,0.125
1,MIMAT0004761,PDGFRA,mir_regulates_mrna,,0.125,0.125,0.125,0.125,0.125
1,MIMAT0025478,PDGFRA,mir_regulates_mrna,,0.125,0.125,0.125,0.125,0.125
1,MIMAT0027460,PDGFRA,mir_regulates_mrna,,0.125,0.125,0.125,0.125,0.125
1,MIMAT0027470,PDGFRA,mir_regulates_mrna,,0.125,0.125,0.125,0.125,0.125
1,MIMAT0027671,PDGFRA,mir_regulates_mrna,,0.125,0.125,0.125,0.125,0.125
1,MIMAT0019833,RAPGEF2,mir_regulates_mrna,,0.25,0.25,0.25,0.25,0.25
1,MIMAT0000764,RAPGEF2,mir_regulates_mrna,,0.25,0.25,0.25,0.25,0.25
1,MIMAT0003283,RAPGEF2,mir_regulates_mrna,,0.25,0.25,0.25,0.25,0.25
1,MIMAT0027397,RAPGEF2,mir_regulates_mrna,,0.25,0.25,0.25,0.25,0.25
1,MIMAT0000062,STK4,mir_regulates_mrna,,0.012195121496915817,0.012195121496915817,0.012195121496915817,0.012195121496915817,0.012195121496915817
1,MIMAT0000066,STK4,mir_regulates_mrna,,0.012195121496915817,0.012195121496915817,0.012195121496915817,0.012195121496915817,0.012195121496915817
1,MIMAT0000072,STK4,mir_regulates_mrna,,0.012195121496915817,0.012195121496915817,0.012195121496915817,0.012195121496915817,0.012195121496915817
1,MIMAT0004513,STK4,mir_regulates_mrna,,0.012195121496915817,0.012195121496915817,0.012195121496915817,0.012195121496915817,0.012195121496915817
1,MIMAT0000415,STK4,mir_regulates_mrna,,0.012195121496915817,0.012195121496915817,0.012195121496915817,0.012195121496915817,0.012195121496915817
1,MIMAT0004589,STK4,mir_regulates_mrna,,0.012195121496915817,0.012195121496915817,0.012195121496915817,0.012195121496915817,0.012195121496915817
1,MIMAT0004602,STK4,mir_regulates_mrna,,0.012195121496915817,0.012195121496915817,0.012195121496915817,0.012195121496915817,0.012195121496915817
1,MIMAT0004609,STK4,mir_regulates_mrna,,0.012195121496915817,0.012195121496915817,0.012195121496915817,0.012195121496915817,0.012195121496915817
1,MIMAT0004763,STK4,mir_regulates_mrna,,0.012195121496915817,0.012195121496915817,0.012195121496915817,0.012195121496915817,0.012195121496915817
1,MIMAT0002811,STK4,mir_regulates_mrna,,0.012195121496915817,0.012195121496915817,0.012195121496915817,0.012195121496915817,0.012195121496915817
1,MIMAT0002844,STK4,mir_regulates_mrna,,0.012195121496915817,0.012195121496915817,0.012195121496915817,0.012195121496915817,0.012195121496915817
1,MIMAT0002863,STK4,mir_regulates_mrna,,0.012195121496915817,0.012195121496915817,0.012195121496915817,0.012195121496915817,0.012195121496915817
1,MIMAT0002864,STK4,mir_regulates_mrna,,0.012195121496915817,0.012195121496915817,0.012195121496915817,0.012195121496915817,0.012195121496915817
1,MIMAT0004773,STK4,mir_regulates_mrna,,0.012195121496915817,0.012195121496915817,0.012195121496915817,0.012195121496915817,0.012195121496915817
1,MIMAT0002872,STK4,mir_regulates_mrna,,0.012195121496915817,0.012195121496915817,0.012195121496915817,0.012195121496915817,0.012195121496915817
1,MIMAT0004778,STK4,mir_regulates_mrna,,0.012195121496915817,0.012195121496915817,0.012195121496915817,0.012195121496915817,0.012195121496915817
1,MIMAT0004780,STK4,mir_regulates_mrna,,0.012195121496915817,0.012195121496915817,0.012195121496915817,0.012195121496915817,0.012195121496915817
1,MIMAT0003322,STK4,mir_regulates_mrna,,0.012195121496915817,0.012195121496915817,0.012195121496915817,0.012195121496915817,0.012195121496915817
1,MIMAT0005459,STK4,mir_regulates_mrna,,0.012195121496915817,0.012195121496915817,0.012195121496915817,0.012195121496915817,0.012195121496915817
1,MIMAT0026720,STK4,mir_regulates_mrna,,0.012195121496915817,0.012195121496915817,0.012195121496915817,0.012195121496915817,0.012195121496915817
1,MIMAT0022943,STK4,mir_regulates_mrna,,0.012195121496915817,0.012195121496915817,0.012195121496915817,0.012195121496915817,0.012195121496915817
1,MIMAT0026736,STK4,mir_regulates_mrna,,0.012195121496915817,0.012195121496915817,0.012195121496915817,0.012195121496915817,0.012195121496915817
1,MIMAT0005876,STK4,mir_regulates_mrna,,0.012195121496915817,0.012195121496915817,0.012195121496915817,0.012195121496915817,0.012195121496915817
1,MIMAT0005929,STK4,mir_regulates_mrna,,0.012195121496915817,0.012195121496915817,0.012195121496915817,0.012195121496915817,0.012195121496915817
1,MIMAT0005930,STK4,mir_regulates_mrna,,0.012195121496915817,0.012195121496915817,0.012195121496915817,0.012195121496915817,0.012195121496915817
1,MIMAT0005788,STK4,mir_regulates_mrna,,0.012195121496915817,0.012195121496915817,0.012195121496915817,0.012195121496915817,0.012195121496915817
1,MIMAT0019199,STK4,mir_regulates_mrna,,0.012195121496915817,0.012195121496915817,0.012195121496915817,0.012195121496915817,0.012195121496915817
1,MIMAT0014984,STK4,mir_regulates_mrna,,0.012195121496915817,0.012195121496915817,0.012195121496915817,0.012195121496915817,0.012195121496915817
1,MIMAT0019209,STK4,mir_regulates_mrna,,0.012195121496915817,0.012195121496915817,0.012195121496915817,0.012195121496915817,0.012195121496915817
1,MIMAT0015039,STK4,mir_regulates_mrna,,0.012195121496915817,0.012195121496915817,0.012195121496915817,0.012195121496915817,0.012195121496915817
1,MIMAT0015065,STK4,mir_regulates_mrna,,0.012195121496915817,0.012195121496915817,0.012195121496915817,0.012195121496915817,0.012195121496915817
1,MIMAT0019216,STK4,mir_regulates_mrna,,0.012195121496915817,0.012195121496915817,0.012195121496915817,0.012195121496915817,0.012195121496915817
1,MIMAT0016886,STK4,mir_regulates_mrna,,0.012195121496915817,0.012195121496915817,0.012195121496915817,0.012195121496915817,0.012195121496915817
1,MIMAT0018118,STK4,mir_regulates_mrna,,0.012195121496915817,0.012195121496915817,0.012195121496915817,0.012195121496915817,0.012195121496915817
1,MIMAT0018181,STK4,mir_regulates_mrna,,0.012195121496915817,0.012195121496915817,0.012195121496915817,0.012195121496915817,0.012195121496915817
1,MIMAT0018349,STK4,mir_regulates_mrna,,0.012195121496915817,0.012195121496915817,0.012195121496915817,0.012195121496915817,0.012195121496915817
1,MIMAT0019007,STK4,mir_regulates_mrna,,0.012195121496915817,0.012195121496915817,0.012195121496915817,0.012195121496915817,0.012195121496915817
1,MIMAT0019064,STK4,mir_regulates_mrna,,0.012195121496915817,0.012195121496915817,0.012195121496915817,0.012195121496915817,0.012195121496915817
1,MIMAT0019079,STK4,mir_regulates_mrna,,0.012195121496915817,0.012195121496915817,0.012195121496915817,0.012195121496915817,0.012195121496915817
1,MIMAT0019080,STK4,mir_regulates_mrna,,0.012195121496915817,0.012195121496915817,0.012195121496915817,0.012195121496915817,0.012195121496915817
1,MIMAT0019705,STK4,mir_regulates_mrna,,0.012195121496915817,0.012195121496915817,0.012195121496915817,0.012195121496915817,0.012195121496915817
1,MIMAT0019710,STK4,mir_regulates_mrna,,0.012195121496915817,0.012195121496915817,0.012195121496915817,0.012195121496915817,0.012195121496915817
1,MIMAT0019739,STK4,mir_regulates_mrna,,0.012195121496915817,0.012195121496915817,0.012195121496915817,0.012195121496915817,0.012195121496915817
1,MIMAT0019755,STK4,mir_regulates_mrna,,0.012195121496915817,0.012195121496915817,0.012195121496915817,0.012195121496915817,0.012195121496915817
1,MIMAT0019767,STK4,mir_regulates_mrna,,0.012195121496915817,0.012195121496915817,0.012195121496915817,0.012195121496915817,0.012195121496915817
1,MIMAT0019838,STK4,mir_regulates_mrna,,0.012195121496915817,0.012195121496915817,0.012195121496915817,0.012195121496915817,0.012195121496915817
1,MIMAT0019841,STK4,mir_regulates_mrna,,0.012195121496915817,0.012195121496915817,0.012195121496915817,0.012195121496915817,0.012195121496915817
1,MIMAT0019896,STK4,mir_regulates_mrna,,0.012195121496915817,0.012195121496915817,0.012195121496915817,0.012195121496915817,0.012195121496915817
1,MIMAT0019908,STK4,mir_regulates_mrna,,0.012195121496915817,0.012195121496915817,0.012195121496915817,0.012195121496915817,0.012195121496915817
1,MIMAT0021043,STK4,mir_regulates_mrna,,0.012195121496915817,0.012195121496915817,0.012195121496915817,0.012195121496915817,0.012195121496915817
1,MIMAT0022491,STK4,mir_regulates_mrna,,0.012195121496915817,0.012195121496915817,0.012195121496915817,0.012195121496915817,0.012195121496915817
1,MIMAT0027345,STK4,mir_regulates_mrna,,0.012195121496915817,0.012195121496915817,0.012195121496915817,0.012195121496915817,0.012195121496915817
1,MIMAT0027399,STK4,mir_regulates_mrna,,0.012195121496915817,0.012195121496915817,0.012195121496915817,0.012195121496915817,0.012195121496915817
1,MIMAT0027431,STK4,mir_regulates_mrna,,0.012195121496915817,0.012195121496915817,0.012195121496915817,0.012195121496915817,0.012195121496915817
1,MIMAT0027456,STK4,mir_regulates_mrna,,0.012195121496915817,0.012195121496915817,0.012195121496915817,0.012195121496915817,0.012195121496915817
1,MIMAT0027458,STK4,mir_regulates_mrna,,0.012195121496915817,0.012195121496915817,0.012195121496915817,0.012195121496915817,0.012195121496915817
1,MIMAT0027523,STK4,mir_regulates_mrna,,0.012195121496915817,0.012195121496915817,0.012195121496915817,0.012195121496915817,0.012195121496915817
1,MIMAT0027622,STK4,mir_regulates_mrna,,0.012195121496915817,0.012195121496915817,0.012195121496915817,0.012195121496915817,0.012195121496915817
1,MIMAT0027630,STK4,mir_regulates_mrna,,0.012195121496915817,0.012195121496915817,0.012195121496915817,0.012195121496915817,0.012195121496915817
1,MIMAT0027640,STK4,mir_regulates_mrna,,0.012195121496915817,0.012195121496915817,0.012195121496915817,0.012195121496915817,0.012195121496915817
1,MIMAT0027652,STK4,mir_regulates_mrna,,0.012195121496915817,0.012195121496915817,0.012195121496915817,0.012195121496915817,0.012195121496915817
1,MIMAT0027680,STK4,mir_regulates_mrna,,0.012195121496915817,0.012195121496915817,0.012195121496915817,0.012195121496915817,0.012195121496915817
1,MIMAT0028109,STK4,mir_regulates_mrna,,0.012195121496915817,0.012195121496915817,0.012195121496915817,0.012195121496915817,0.012195121496915817
1,MIMAT0028119,STK4,mir_regulates_mrna,,0.012195121496915817,0.012195121496915817,0.012195121496915817,0.012195121496915817,0.012195121496915817
1,MIMAT0030415,STK4,mir_regulates_mrna,,0.012195121496915817,0.012195121496915817,0.012195121496915817,0.012195121496915817,0.012195121496915817
1,MIMAT0000065,STK4,mir_regulates_mrna,,0.012195121496915817,0.012195121496915817,0.012195121496915817,0.012195121496915817,0.012195121496915817
1,MIMAT0000067,STK4,mir_regulates_mrna,,0.012195121496915817,0.012195121496915817,0.012195121496915817,0.012195121496915817,0.012195121496915817
1,MIMAT0003385,STK4,mir_regulates_mrna,,0.012195121496915817,0.012195121496915817,0.012195121496915817,0.012195121496915817,0.012195121496915817
1,MIMAT0005907,STK4,mir_regulates_mrna,,0.012195121496915817,0.012195121496915817,0.012195121496915817,0.012195121496915817,0.012195121496915817
1,MIMAT0015031,STK4,mir_regulates_mrna,,0.012195121496915817,0.012195121496915817,0.012195121496915817,0.012195121496915817,0.012195121496915817
1,MIMAT0018089,STK4,mir_regulates_mrna,,0.012195121496915817,0.012195121496915817,0.012195121496915817,0.012195121496915817,0.012195121496915817
1,MIMAT0022975,STK4,mir_regulates_mrna,,0.012195121496915817,0.012195121496915817,0.012195121496915817,0.012195121496915817,0.012195121496915817
1,MIMAT0018949,STK4,mir_regulates_mrna,,0.012195121496915817,0.012195121496915817,0.012195121496915817,0.012195121496915817,0.012195121496915817
1,MIMAT0019069,STK4,mir_regulates_mrna,,0.012195121496915817,0.012195121496915817,0.012195121496915817,0.012195121496915817,0.012195121496915817
1,MIMAT0019359,STK4,mir_regulates_mrna,,0.012195121496915817,0.012195121496915817,0.012195121496915817,0.012195121496915817,0.012195121496915817
1,MIMAT0019849,STK4,mir_regulates_mrna,,0.012195121496915817,0.012195121496915817,0.012195121496915817,0.012195121496915817,0.012195121496915817
1,MIMAT0022469,STK4,mir_regulates_mrna,,0.012195121496915817,0.012195121496915817,0.012195121496915817,0.012195121496915817,0.012195121496915817
1,MIMAT0025481,STK4,mir_regulates_mrna,,0.012195121496915817,0.012195121496915817,0.012195121496915817,0.012195121496915817,0.012195121496915817
1,MIMAT0027460,STK4,mir_regulates_mrna,,0.012195121496915817,0.012195121496915817,0.012195121496915817,0.012195121496915817,0.012195121496915817
1,MIMAT0027470,STK4,mir_regulates_mrna,,0.012195121496915817,0.012195121496915817,0.012195121496915817,0.012195121496915817,0.012195121496915817
1,MIMAT0027530,STK4,mir_regulates_mrna,,0.012195121496915817,0.012195121496915817,0.012195121496915817,0.012195121496915817,0.012195121496915817
1,MIMAT0030417,STK4,mir_regulates_mrna,,0.012195121496915817,0.012195121496915817,0.012195121496915817,0.012195121496915817,0.012195121496915817
1,MIMAT0004945,BRAF,mir_regulates_mrna,,0.5,0.5,0.5,0.5,0.5
1,MIMAT0000437,BRAF,mir_regulates_mrna,,0.5,0.5,0.5,0.5,0.5
1,MIMAT0000456,RAF1,mir_regulates_mrna,,0.25,0.25,0.25,0.25,0.25
1,MIMAT0019777,RAF1,mir_regulates_mrna,,0.25,0.25,0.25,0.25,0.25
1,MIMAT0027387,RAF1,mir_regulates_mrna,,0.25,0.25,0.25,0.25,0.25
1,MIMAT0028120,RAF1,mir_regulates_mrna,,0.25,0.25,0.25,0.25,0.25
1,MIMAT0000087,CASP3,mir_regulates_mrna,,0.125,0.125,0.125,0.125,0.125
1,MIMAT0000245,CASP3,mir_regulates_mrna,,0.125,0.125,0.125,0.125,0.125
1,MIMAT0000692,CASP3,mir_regulates_mrna,,0.125,0.125,0.125,0.125,0.125
1,MIMAT0018107,CASP3,mir_regulates_mrna,,0.125,0.125,0.125,0.125,0.125
1,MIMAT0024597,CASP3,mir_regulates_mrna,,0.125,0.125,0.125,0.125,0.125
1,MIMAT0000281,CASP3,mir_regulates_mrna,,0.125,0.125,0.125,0.125,0.125
1,MIMAT0000737,CASP3,mir_regulates_mrna,,0.125,0.125,0.125,0.125,0.125
1,MIMAT0000226,CASP3,mir_regulates_mrna,,0.125,0.125,0.125,0.125,0.125
1,MIMAT0000064,MYC,mir_regulates_mrna,,0.05263157933950424,0.05263157933950424,0.05263157933950424,0.05263157933950424,0.05263157933950424
1,MIMAT0000070,MYC,mir_regulates_mrna,,0.05263157933950424,0.05263157933950424,0.05263157933950424,0.05263157933950424,0.05263157933950424
1,MIMAT0000075,MYC,mir_regulates_mrna,,0.05263157933950424,0.05263157933950424,0.05263157933950424,0.05263157933950424,0.05263157933950424
1,MIMAT0000244,MYC,mir_regulates_mrna,,0.05263157933950424,0.05263157933950424,0.05263157933950424,0.05263157933950424,0.05263157933950424
1,MIMAT0000443,MYC,mir_regulates_mrna,,0.05263157933950424,0.05263157933950424,0.05263157933950424,0.05263157933950424,0.05263157933950424
1,MIMAT0004602,MYC,mir_regulates_mrna,,0.05263157933950424,0.05263157933950424,0.05263157933950424,0.05263157933950424,0.05263157933950424
1,MIMAT0000686,MYC,mir_regulates_mrna,,0.05263157933950424,0.05263157933950424,0.05263157933950424,0.05263157933950424,0.05263157933950424
1,MIMAT0000723,MYC,mir_regulates_mrna,,0.05263157933950424,0.05263157933950424,0.05263157933950424,0.05263157933950424,0.05263157933950424
1,MIMAT0003291,MYC,mir_regulates_mrna,,0.05263157933950424,0.05263157933950424,0.05263157933950424,0.05263157933950424,0.05263157933950424
1,MIMAT0005884,MYC,mir_regulates_mrna,,0.05263157933950424,0.05263157933950424,0.05263157933950424,0.05263157933950424,0.05263157933950424
1,MIMAT0006767,MYC,mir_regulates_mrna,,0.05263157933950424,0.05263157933950424,0.05263157933950424,0.05263157933950424,0.05263157933950424
1,MIMAT0022292,MYC,mir_regulates_mrna,,0.05263157933950424,0.05263157933950424,0.05263157933950424,0.05263157933950424,0.05263157933950424
1,MIMAT0000066,MYC,mir_regulates_mrna,,0.05263157933950424,0.05263157933950424,0.05263157933950424,0.05263157933950424,0.05263157933950424
1,MIMAT0000082,MYC,mir_regulates_mrna,,0.05263157933950424,0.05263157933950424,0.05263157933950424,0.05263157933950424,0.05263157933950424
1,MIMAT0004551,MYC,mir_regulates_mrna,,0.05263157933950424,0.05263157933950424,0.05263157933950424,0.05263157933950424,0.05263157933950424
1,MIMAT0000269,MYC,mir_regulates_mrna,,0.05263157933950424,0.05263157933950424,0.05263157933950424,0.05263157933950424,0.05263157933950424
1,MIMAT0000685,MYC,mir_regulates_mrna,,0.05263157933950424,0.05263157933950424,0.05263157933950424,0.05263157933950424,0.05263157933950424
1,MIMAT0000762,MYC,mir_regulates_mrna,,0.05263157933950424,0.05263157933950424,0.05263157933950424,0.05263157933950424,0.05263157933950424
1,MIMAT0031001,MYC,mir_regulates_mrna,,0.05263157933950424,0.05263157933950424,0.05263157933950424,0.05263157933950424,0.05263157933950424
1,MIMAT0000760,FLT4,mir_regulates_mrna,,1.0,1.0,1.0,1.0,1.0
1,MIMAT0000080,PDGFRB,mir_regulates_mrna,,1.0,1.0,1.0,1.0,1.0
1,MIMAT0000081,FGF2,mir_regulates_mrna,,0.05000000074505806,0.05000000074505806,0.05000000074505806,0.05000000074505806,0.05000000074505806
1,MIMAT0000101,FGF2,mir_regulates_mrna,,0.05000000074505806,0.05000000074505806,0.05000000074505806,0.05000000074505806,0.05000000074505806
1,MIMAT0000104,FGF2,mir_regulates_mrna,,0.05000000074505806,0.05000000074505806,0.05000000074505806,0.05000000074505806,0.05000000074505806
1,MIMAT0000232,FGF2,mir_regulates_mrna,,0.05000000074505806,0.05000000074505806,0.05000000074505806,0.05000000074505806,0.05000000074505806
1,MIMAT0004563,FGF2,mir_regulates_mrna,,0.05000000074505806,0.05000000074505806,0.05000000074505806,0.05000000074505806,0.05000000074505806
1,MIMAT0000426,FGF2,mir_regulates_mrna,,0.05000000074505806,0.05000000074505806,0.05000000074505806,0.05000000074505806,0.05000000074505806
1,MIMAT0000431,FGF2,mir_regulates_mrna,,0.05000000074505806,0.05000000074505806,0.05000000074505806,0.05000000074505806,0.05000000074505806
1,MIMAT0000461,FGF2,mir_regulates_mrna,,0.05000000074505806,0.05000000074505806,0.05000000074505806,0.05000000074505806,0.05000000074505806
1,MIMAT0002874,FGF2,mir_regulates_mrna,,0.05000000074505806,0.05000000074505806,0.05000000074505806,0.05000000074505806,0.05000000074505806
1,MIMAT0004927,FGF2,mir_regulates_mrna,,0.05000000074505806,0.05000000074505806,0.05000000074505806,0.05000000074505806,0.05000000074505806
1,MIMAT0004979,FGF2,mir_regulates_mrna,,0.05000000074505806,0.05000000074505806,0.05000000074505806,0.05000000074505806,0.05000000074505806
1,MIMAT0011778,FGF2,mir_regulates_mrna,,0.05000000074505806,0.05000000074505806,0.05000000074505806,0.05000000074505806,0.05000000074505806
1,MIMAT0014984,FGF2,mir_regulates_mrna,,0.05000000074505806,0.05000000074505806,0.05000000074505806,0.05000000074505806,0.05000000074505806
1,MIMAT0015021,FGF2,mir_regulates_mrna,,0.05000000074505806,0.05000000074505806,0.05000000074505806,0.05000000074505806,0.05000000074505806
1,MIMAT0015026,FGF2,mir_regulates_mrna,,0.05000000074505806,0.05000000074505806,0.05000000074505806,0.05000000074505806,0.05000000074505806
1,MIMAT0018187,FGF2,mir_regulates_mrna,,0.05000000074505806,0.05000000074505806,0.05000000074505806,0.05000000074505806,0.05000000074505806
1,MIMAT0025482,FGF2,mir_regulates_mrna,,0.05000000074505806,0.05000000074505806,0.05000000074505806,0.05000000074505806,0.05000000074505806
1,MIMAT0027562,FGF2,mir_regulates_mrna,,0.05000000074505806,0.05000000074505806,0.05000000074505806,0.05000000074505806,0.05000000074505806
1,MIMAT0027607,FGF2,mir_regulates_mrna,,0.05000000074505806,0.05000000074505806,0.05000000074505806,0.05000000074505806,0.05000000074505806
1,MIMAT0028224,FGF2,mir_regulates_mrna,,0.05000000074505806,0.05000000074505806,0.05000000074505806,0.05000000074505806,0.05000000074505806
1,MIMAT0000069,KRAS,mir_regulates_mrna,,0.0476190485060215,0.0476190485060215,0.0476190485060215,0.0476190485060215,0.0476190485060215
1,MIMAT0002891,KRAS,mir_regulates_mrna,,0.0476190485060215,0.0476190485060215,0.0476190485060215,0.0476190485060215,0.0476190485060215
1,MIMAT0000084,KRAS,mir_regulates_mrna,,0.0476190485060215,0.0476190485060215,0.0476190485060215,0.0476190485060215,0.0476190485060215
1,MIMAT0022693,KRAS,mir_regulates_mrna,,0.0476190485060215,0.0476190485060215,0.0476190485060215,0.0476190485060215,0.0476190485060215
1,MIMAT0000435,KRAS,mir_regulates_mrna,,0.0476190485060215,0.0476190485060215,0.0476190485060215,0.0476190485060215,0.0476190485060215
1,MIMAT0004693,KRAS,mir_regulates_mrna,,0.0476190485060215,0.0476190485060215,0.0476190485060215,0.0476190485060215,0.0476190485060215
1,MIMAT0001635,KRAS,mir_regulates_mrna,,0.0476190485060215,0.0476190485060215,0.0476190485060215,0.0476190485060215,0.0476190485060215
1,MIMAT0003291,KRAS,mir_regulates_mrna,,0.0476190485060215,0.0476190485060215,0.0476190485060215,0.0476190485060215,0.0476190485060215
1,MIMAT0003312,KRAS,mir_regulates_mrna,,0.0476190485060215,0.0476190485060215,0.0476190485060215,0.0476190485060215,0.0476190485060215
1,MIMAT0003880,KRAS,mir_regulates_mrna,,0.0476190485060215,0.0476190485060215,0.0476190485060215,0.0476190485060215,0.0476190485060215
1,MIMAT0004949,KRAS,mir_regulates_mrna,,0.0476190485060215,0.0476190485060215,0.0476190485060215,0.0476190485060215,0.0476190485060215
1,MIMAT0015076,KRAS,mir_regulates_mrna,,0.0476190485060215,0.0476190485060215,0.0476190485060215,0.0476190485060215,0.0476190485060215
1,MIMAT0016868,KRAS,mir_regulates_mrna,,0.0476190485060215,0.0476190485060215,0.0476190485060215,0.0476190485060215,0.0476190485060215
1,MIMAT0027618,KRAS,mir_regulates_mrna,,0.0476190485060215,0.0476190485060215,0.0476190485060215,0.0476190485060215,0.0476190485060215
1,MIMAT0027632,KRAS,mir_regulates_mrna,,0.0476190485060215,0.0476190485060215,0.0476190485060215,0.0476190485060215,0.0476190485060215
1,MIMAT0000438,KRAS,mir_regulates_mrna,,0.0476190485060215,0.0476190485060215,0.0476190485060215,0.0476190485060215,0.0476190485060215
1,MIMAT0004918,KRAS,mir_regulates_mrna,,0.0476190485060215,0.0476190485060215,0.0476190485060215,0.0476190485060215,0.0476190485060215
1,MIMAT0025844,KRAS,mir_regulates_mrna,,0.0476190485060215,0.0476190485060215,0.0476190485060215,0.0476190485060215,0.0476190485060215
1,MIMAT0000063,KRAS,mir_regulates_mrna,,0.0476190485060215,0.0476190485060215,0.0476190485060215,0.0476190485060215,0.0476190485060215
1,MIMAT0000261,KRAS,mir_regulates_mrna,,0.0476190485060215,0.0476190485060215,0.0476190485060215,0.0476190485060215,0.0476190485060215
1,MIMAT0000693,KRAS,mir_regulates_mrna,,0.0476190485060215,0.0476190485060215,0.0476190485060215,0.0476190485060215,0.0476190485060215
1,MIMAT0000252,CACNG5,mir_regulates_mrna,,1.0,1.0,1.0,1.0,1.0
1,MIMAT0000075,MAPKAPK5,mir_regulates_mrna,,0.011363636702299118,0.011363636702299118,0.011363636702299118,0.011363636702299118,0.011363636702299118
1,MIMAT0004498,MAPKAPK5,mir_regulates_mrna,,0.011363636702299118,0.011363636702299118,0.011363636702299118,0.011363636702299118,0.011363636702299118
1,MIMAT0000093,MAPKAPK5,mir_regulates_mrna,,0.011363636702299118,0.011363636702299118,0.011363636702299118,0.011363636702299118,0.011363636702299118
1,MIMAT0004517,MAPKAPK5,mir_regulates_mrna,,0.011363636702299118,0.011363636702299118,0.011363636702299118,0.011363636702299118,0.011363636702299118
1,MIMAT0004589,MAPKAPK5,mir_regulates_mrna,,0.011363636702299118,0.011363636702299118,0.011363636702299118,0.011363636702299118,0.011363636702299118
1,MIMAT0004612,MAPKAPK5,mir_regulates_mrna,,0.011363636702299118,0.011363636702299118,0.011363636702299118,0.011363636702299118,0.011363636702299118
1,MIMAT0000684,MAPKAPK5,mir_regulates_mrna,,0.011363636702299118,0.011363636702299118,0.011363636702299118,0.011363636702299118,0.011363636702299118
1,MIMAT0000715,MAPKAPK5,mir_regulates_mrna,,0.011363636702299118,0.011363636702299118,0.011363636702299118,0.011363636702299118,0.011363636702299118
1,MIMAT0000718,MAPKAPK5,mir_regulates_mrna,,0.011363636702299118,0.011363636702299118,0.011363636702299118,0.011363636702299118,0.011363636702299118
1,MIMAT0004689,MAPKAPK5,mir_regulates_mrna,,0.011363636702299118,0.011363636702299118,0.011363636702299118,0.011363636702299118,0.011363636702299118
1,MIMAT0002175,MAPKAPK5,mir_regulates_mrna,,0.011363636702299118,0.011363636702299118,0.011363636702299118,0.011363636702299118,0.011363636702299118
1,MIMAT0002834,MAPKAPK5,mir_regulates_mrna,,0.011363636702299118,0.011363636702299118,0.011363636702299118,0.011363636702299118,0.011363636702299118
1,MIMAT0026612,MAPKAPK5,mir_regulates_mrna,,0.011363636702299118,0.011363636702299118,0.011363636702299118,0.011363636702299118,0.011363636702299118
1,MIMAT0004784,MAPKAPK5,mir_regulates_mrna,,0.011363636702299118,0.011363636702299118,0.011363636702299118,0.011363636702299118,0.011363636702299118
1,MIMAT0004802,MAPKAPK5,mir_regulates_mrna,,0.011363636702299118,0.011363636702299118,0.011363636702299118,0.011363636702299118,0.011363636702299118
1,MIMAT0026622,MAPKAPK5,mir_regulates_mrna,,0.011363636702299118,0.011363636702299118,0.011363636702299118,0.011363636702299118,0.011363636702299118
1,MIMAT0003330,MAPKAPK5,mir_regulates_mrna,,0.011363636702299118,0.011363636702299118,0.011363636702299118,0.011363636702299118,0.011363636702299118
1,MIMAT0004920,MAPKAPK5,mir_regulates_mrna,,0.011363636702299118,0.011363636702299118,0.011363636702299118,0.011363636702299118,0.011363636702299118
1,MIMAT0004952,MAPKAPK5,mir_regulates_mrna,,0.011363636702299118,0.011363636702299118,0.011363636702299118,0.011363636702299118,0.011363636702299118
1,MIMAT0005582,MAPKAPK5,mir_regulates_mrna,,0.011363636702299118,0.011363636702299118,0.011363636702299118,0.011363636702299118,0.011363636702299118
1,MIMAT0026737,MAPKAPK5,mir_regulates_mrna,,0.011363636702299118,0.011363636702299118,0.011363636702299118,0.011363636702299118,0.011363636702299118
1,MIMAT0006767,MAPKAPK5,mir_regulates_mrna,,0.011363636702299118,0.011363636702299118,0.011363636702299118,0.011363636702299118,0.011363636702299118
1,MIMAT0026917,MAPKAPK5,mir_regulates_mrna,,0.011363636702299118,0.011363636702299118,0.011363636702299118,0.011363636702299118,0.011363636702299118
1,MIMAT0014984,MAPKAPK5,mir_regulates_mrna,,0.011363636702299118,0.011363636702299118,0.011363636702299118,0.011363636702299118,0.011363636702299118
1,MIMAT0015003,MAPKAPK5,mir_regulates_mrna,,0.011363636702299118,0.011363636702299118,0.011363636702299118,0.011363636702299118,0.011363636702299118
1,MIMAT0015073,MAPKAPK5,mir_regulates_mrna,,0.011363636702299118,0.011363636702299118,0.011363636702299118,0.011363636702299118,0.011363636702299118
1,MIMAT0019218,MAPKAPK5,mir_regulates_mrna,,0.011363636702299118,0.011363636702299118,0.011363636702299118,0.011363636702299118,0.011363636702299118
1,MIMAT0016886,MAPKAPK5,mir_regulates_mrna,,0.011363636702299118,0.011363636702299118,0.011363636702299118,0.011363636702299118,0.011363636702299118
1,MIMAT0027032,MAPKAPK5,mir_regulates_mrna,,0.011363636702299118,0.011363636702299118,0.011363636702299118,0.011363636702299118,0.011363636702299118
1,MIMAT0018109,MAPKAPK5,mir_regulates_mrna,,0.011363636702299118,0.011363636702299118,0.011363636702299118,0.011363636702299118,0.011363636702299118
1,MIMAT0018118,MAPKAPK5,mir_regulates_mrna,,0.011363636702299118,0.011363636702299118,0.011363636702299118,0.011363636702299118,0.011363636702299118
1,MIMAT0018181,MAPKAPK5,mir_regulates_mrna,,0.011363636702299118,0.011363636702299118,0.011363636702299118,0.011363636702299118,0.011363636702299118
1,MIMAT0018201,MAPKAPK5,mir_regulates_mrna,,0.011363636702299118,0.011363636702299118,0.011363636702299118,0.011363636702299118,0.011363636702299118
1,MIMAT0018206,MAPKAPK5,mir_regulates_mrna,,0.011363636702299118,0.011363636702299118,0.011363636702299118,0.011363636702299118,0.011363636702299118
1,MIMAT0018945,MAPKAPK5,mir_regulates_mrna,,0.011363636702299118,0.011363636702299118,0.011363636702299118,0.011363636702299118,0.011363636702299118
1,MIMAT0018957,MAPKAPK5,mir_regulates_mrna,,0.011363636702299118,0.011363636702299118,0.011363636702299118,0.011363636702299118,0.011363636702299118
1,MIMAT0018974,MAPKAPK5,mir_regulates_mrna,,0.011363636702299118,0.011363636702299118,0.011363636702299118,0.011363636702299118,0.011363636702299118
1,MIMAT0018985,MAPKAPK5,mir_regulates_mrna,,0.011363636702299118,0.011363636702299118,0.011363636702299118,0.011363636702299118,0.011363636702299118
1,MIMAT0019006,MAPKAPK5,mir_regulates_mrna,,0.011363636702299118,0.011363636702299118,0.011363636702299118,0.011363636702299118,0.011363636702299118
1,MIMAT0019007,MAPKAPK5,mir_regulates_mrna,,0.011363636702299118,0.011363636702299118,0.011363636702299118,0.011363636702299118,0.011363636702299118
1,MIMAT0019018,MAPKAPK5,mir_regulates_mrna,,0.011363636702299118,0.011363636702299118,0.011363636702299118,0.011363636702299118,0.011363636702299118
1,MIMAT0019769,MAPKAPK5,mir_regulates_mrna,,0.011363636702299118,0.011363636702299118,0.011363636702299118,0.011363636702299118,0.011363636702299118
1,MIMAT0019849,MAPKAPK5,mir_regulates_mrna,,0.011363636702299118,0.011363636702299118,0.011363636702299118,0.011363636702299118,0.011363636702299118
1,MIMAT0019921,MAPKAPK5,mir_regulates_mrna,,0.011363636702299118,0.011363636702299118,0.011363636702299118,0.011363636702299118,0.011363636702299118
1,MIMAT0019953,MAPKAPK5,mir_regulates_mrna,,0.011363636702299118,0.011363636702299118,0.011363636702299118,0.011363636702299118,0.011363636702299118
1,MIMAT0019954,MAPKAPK5,mir_regulates_mrna,,0.011363636702299118,0.011363636702299118,0.011363636702299118,0.011363636702299118,0.011363636702299118
1,MIMAT0019960,MAPKAPK5,mir_regulates_mrna,,0.011363636702299118,0.011363636702299118,0.011363636702299118,0.011363636702299118,0.011363636702299118
1,MIMAT0021081,MAPKAPK5,mir_regulates_mrna,,0.011363636702299118,0.011363636702299118,0.011363636702299118,0.011363636702299118,0.011363636702299118
1,MIMAT0022486,MAPKAPK5,mir_regulates_mrna,,0.011363636702299118,0.011363636702299118,0.011363636702299118,0.011363636702299118,0.011363636702299118
1,MIMAT0022492,MAPKAPK5,mir_regulates_mrna,,0.011363636702299118,0.011363636702299118,0.011363636702299118,0.011363636702299118,0.011363636702299118
1,MIMAT0023711,MAPKAPK5,mir_regulates_mrna,,0.011363636702299118,0.011363636702299118,0.011363636702299118,0.011363636702299118,0.011363636702299118
1,MIMAT0023714,MAPKAPK5,mir_regulates_mrna,,0.011363636702299118,0.011363636702299118,0.011363636702299118,0.011363636702299118,0.011363636702299118
1,MIMAT0024618,MAPKAPK5,mir_regulates_mrna,,0.011363636702299118,0.011363636702299118,0.011363636702299118,0.011363636702299118,0.011363636702299118
1,MIMAT0025468,MAPKAPK5,mir_regulates_mrna,,0.011363636702299118,0.011363636702299118,0.011363636702299118,0.011363636702299118,0.011363636702299118
1,MIMAT0025478,MAPKAPK5,mir_regulates_mrna,,0.011363636702299118,0.011363636702299118,0.011363636702299118,0.011363636702299118,0.011363636702299118
1,MIMAT0025482,MAPKAPK5,mir_regulates_mrna,,0.011363636702299118,0.011363636702299118,0.011363636702299118,0.011363636702299118,0.011363636702299118
1,MIMAT0027443,MAPKAPK5,mir_regulates_mrna,,0.011363636702299118,0.011363636702299118,0.011363636702299118,0.011363636702299118,0.011363636702299118
1,MIMAT0027447,MAPKAPK5,mir_regulates_mrna,,0.011363636702299118,0.011363636702299118,0.011363636702299118,0.011363636702299118,0.011363636702299118
1,MIMAT0027460,MAPKAPK5,mir_regulates_mrna,,0.011363636702299118,0.011363636702299118,0.011363636702299118,0.011363636702299118,0.011363636702299118
1,MIMAT0027476,MAPKAPK5,mir_regulates_mrna,,0.011363636702299118,0.011363636702299118,0.011363636702299118,0.011363636702299118,0.011363636702299118
1,MIMAT0027498,MAPKAPK5,mir_regulates_mrna,,0.011363636702299118,0.011363636702299118,0.011363636702299118,0.011363636702299118,0.011363636702299118
1,MIMAT0027599,MAPKAPK5,mir_regulates_mrna,,0.011363636702299118,0.011363636702299118,0.011363636702299118,0.011363636702299118,0.011363636702299118
1,MIMAT0027615,MAPKAPK5,mir_regulates_mrna,,0.011363636702299118,0.011363636702299118,0.011363636702299118,0.011363636702299118,0.011363636702299118
1,MIMAT0027659,MAPKAPK5,mir_regulates_mrna,,0.011363636702299118,0.011363636702299118,0.011363636702299118,0.011363636702299118,0.011363636702299118
1,MIMAT0027666,MAPKAPK5,mir_regulates_mrna,,0.011363636702299118,0.011363636702299118,0.011363636702299118,0.011363636702299118,0.011363636702299118
1,MIMAT0027668,MAPKAPK5,mir_regulates_mrna,,0.011363636702299118,0.011363636702299118,0.011363636702299118,0.011363636702299118,0.011363636702299118
1,MIMAT0028109,MAPKAPK5,mir_regulates_mrna,,0.011363636702299118,0.011363636702299118,0.011363636702299118,0.011363636702299118,0.011363636702299118
1,MIMAT0028230,MAPKAPK5,mir_regulates_mrna,,0.011363636702299118,0.011363636702299118,0.011363636702299118,0.011363636702299118,0.011363636702299118
1,MIMAT0030415,MAPKAPK5,mir_regulates_mrna,,0.011363636702299118,0.011363636702299118,0.011363636702299118,0.011363636702299118,0.011363636702299118
1,MIMAT0030429,MAPKAPK5,mir_regulates_mrna,,0.011363636702299118,0.011363636702299118,0.011363636702299118,0.011363636702299118,0.011363636702299118
1,MIMAT0031180,MAPKAPK5,mir_regulates_mrna,,0.011363636702299118,0.011363636702299118,0.011363636702299118,0.011363636702299118,0.011363636702299118
1,MIMAT0002816,MAPKAPK5,mir_regulates_mrna,,0.011363636702299118,0.011363636702299118,0.011363636702299118,0.011363636702299118,0.011363636702299118
1,MIMAT0003328,MAPKAPK5,mir_regulates_mrna,,0.011363636702299118,0.011363636702299118,0.011363636702299118,0.011363636702299118,0.011363636702299118
1,MIMAT0016915,MAPKAPK5,mir_regulates_mrna,,0.011363636702299118,0.011363636702299118,0.011363636702299118,0.011363636702299118,0.011363636702299118
1,MIMAT0018072,MAPKAPK5,mir_regulates_mrna,,0.011363636702299118,0.011363636702299118,0.011363636702299118,0.011363636702299118,0.011363636702299118
1,MIMAT0018934,MAPKAPK5,mir_regulates_mrna,,0.011363636702299118,0.011363636702299118,0.011363636702299118,0.011363636702299118,0.011363636702299118
1,MIMAT0019853,MAPKAPK5,mir_regulates_mrna,,0.011363636702299118,0.011363636702299118,0.011363636702299118,0.011363636702299118,0.011363636702299118
1,MIMAT0027514,MAPKAPK5,mir_regulates_mrna,,0.011363636702299118,0.011363636702299118,0.011363636702299118,0.011363636702299118,0.011363636702299118
1,MIMAT0000103,MAPKAPK5,mir_regulates_mrna,,0.011363636702299118,0.011363636702299118,0.011363636702299118,0.011363636702299118,0.011363636702299118
1,MIMAT0000447,MAPKAPK5,mir_regulates_mrna,,0.011363636702299118,0.011363636702299118,0.011363636702299118,0.011363636702299118,0.011363636702299118
1,MIMAT0002836,MAPKAPK5,mir_regulates_mrna,,0.011363636702299118,0.011363636702299118,0.011363636702299118,0.011363636702299118,0.011363636702299118
1,MIMAT0003270,MAPKAPK5,mir_regulates_mrna,,0.011363636702299118,0.011363636702299118,0.011363636702299118,0.011363636702299118,0.011363636702299118
1,MIMAT0003320,MAPKAPK5,mir_regulates_mrna,,0.011363636702299118,0.011363636702299118,0.011363636702299118,0.011363636702299118,0.011363636702299118
1,MIMAT0017989,MAPKAPK5,mir_regulates_mrna,,0.011363636702299118,0.011363636702299118,0.011363636702299118,0.011363636702299118,0.011363636702299118
1,MIMAT0019050,MAPKAPK5,mir_regulates_mrna,,0.011363636702299118,0.011363636702299118,0.011363636702299118,0.011363636702299118,0.011363636702299118
1,MIMAT0019692,MAPKAPK5,mir_regulates_mrna,,0.011363636702299118,0.011363636702299118,0.011363636702299118,0.011363636702299118,0.011363636702299118
1,MIMAT0027470,MAPKAPK5,mir_regulates_mrna,,0.011363636702299118,0.011363636702299118,0.011363636702299118,0.011363636702299118,0.011363636702299118
1,MIMAT0027537,MAPKAPK5,mir_regulates_mrna,,0.011363636702299118,0.011363636702299118,0.011363636702299118,0.011363636702299118,0.011363636702299118
1,MIMAT0026472,MAP3K2,mir_regulates_mrna,,0.02083333395421505,0.02083333395421505,0.02083333395421505,0.02083333395421505,0.02083333395421505
1,MIMAT0000070,MAP3K2,mir_regulates_mrna,,0.02083333395421505,0.02083333395421505,0.02083333395421505,0.02083333395421505,0.02083333395421505
1,MIMAT0000075,MAP3K2,mir_regulates_mrna,,0.02083333395421505,0.02083333395421505,0.02083333395421505,0.02083333395421505,0.02083333395421505
1,MIMAT0000103,MAP3K2,mir_regulates_mrna,,0.02083333395421505,0.02083333395421505,0.02083333395421505,0.02083333395421505,0.02083333395421505
1,MIMAT0000278,MAP3K2,mir_regulates_mrna,,0.02083333395421505,0.02083333395421505,0.02083333395421505,0.02083333395421505,0.02083333395421505
1,MIMAT0004599,MAP3K2,mir_regulates_mrna,,0.02083333395421505,0.02083333395421505,0.02083333395421505,0.02083333395421505,0.02083333395421505
1,MIMAT0000680,MAP3K2,mir_regulates_mrna,,0.02083333395421505,0.02083333395421505,0.02083333395421505,0.02083333395421505,0.02083333395421505
1,MIMAT0001413,MAP3K2,mir_regulates_mrna,,0.02083333395421505,0.02083333395421505,0.02083333395421505,0.02083333395421505,0.02083333395421505
1,MIMAT0002834,MAP3K2,mir_regulates_mrna,,0.02083333395421505,0.02083333395421505,0.02083333395421505,0.02083333395421505,0.02083333395421505
1,MIMAT0004784,MAP3K2,mir_regulates_mrna,,0.02083333395421505,0.02083333395421505,0.02083333395421505,0.02083333395421505,0.02083333395421505
1,MIMAT0003218,MAP3K2,mir_regulates_mrna,,0.02083333395421505,0.02083333395421505,0.02083333395421505,0.02083333395421505,0.02083333395421505
1,MIMAT0004795,MAP3K2,mir_regulates_mrna,,0.02083333395421505,0.02083333395421505,0.02083333395421505,0.02083333395421505,0.02083333395421505
1,MIMAT0010497,MAP3K2,mir_regulates_mrna,,0.02083333395421505,0.02083333395421505,0.02083333395421505,0.02083333395421505,0.02083333395421505
1,MIMAT0004970,MAP3K2,mir_regulates_mrna,,0.02083333395421505,0.02083333395421505,0.02083333395421505,0.02083333395421505,0.02083333395421505
1,MIMAT0016853,MAP3K2,mir_regulates_mrna,,0.02083333395421505,0.02083333395421505,0.02083333395421505,0.02083333395421505,0.02083333395421505
1,MIMAT0018105,MAP3K2,mir_regulates_mrna,,0.02083333395421505,0.02083333395421505,0.02083333395421505,0.02083333395421505,0.02083333395421505
1,MIMAT0018973,MAP3K2,mir_regulates_mrna,,0.02083333395421505,0.02083333395421505,0.02083333395421505,0.02083333395421505,0.02083333395421505
1,MIMAT0019847,MAP3K2,mir_regulates_mrna,,0.02083333395421505,0.02083333395421505,0.02083333395421505,0.02083333395421505,0.02083333395421505
1,MIMAT0019923,MAP3K2,mir_regulates_mrna,,0.02083333395421505,0.02083333395421505,0.02083333395421505,0.02083333395421505,0.02083333395421505
1,MIMAT0019937,MAP3K2,mir_regulates_mrna,,0.02083333395421505,0.02083333395421505,0.02083333395421505,0.02083333395421505,0.02083333395421505
1,MIMAT0027041,MAP3K2,mir_regulates_mrna,,0.02083333395421505,0.02083333395421505,0.02083333395421505,0.02083333395421505,0.02083333395421505
1,MIMAT0022301,MAP3K2,mir_regulates_mrna,,0.02083333395421505,0.02083333395421505,0.02083333395421505,0.02083333395421505,0.02083333395421505
1,MIMAT0025454,MAP3K2,mir_regulates_mrna,,0.02083333395421505,0.02083333395421505,0.02083333395421505,0.02083333395421505,0.02083333395421505
1,MIMAT0027368,MAP3K2,mir_regulates_mrna,,0.02083333395421505,0.02083333395421505,0.02083333395421505,0.02083333395421505,0.02083333395421505
1,MIMAT0027378,MAP3K2,mir_regulates_mrna,,0.02083333395421505,0.02083333395421505,0.02083333395421505,0.02083333395421505,0.02083333395421505
1,MIMAT0027440,MAP3K2,mir_regulates_mrna,,0.02083333395421505,0.02083333395421505,0.02083333395421505,0.02083333395421505,0.02083333395421505
1,MIMAT0027534,MAP3K2,mir_regulates_mrna,,0.02083333395421505,0.02083333395421505,0.02083333395421505,0.02083333395421505,0.02083333395421505
1,MIMAT0027553,MAP3K2,mir_regulates_mrna,,0.02083333395421505,0.02083333395421505,0.02083333395421505,0.02083333395421505,0.02083333395421505
1,MIMAT0027562,MAP3K2,mir_regulates_mrna,,0.02083333395421505,0.02083333395421505,0.02083333395421505,0.02083333395421505,0.02083333395421505
1,MIMAT0027634,MAP3K2,mir_regulates_mrna,,0.02083333395421505,0.02083333395421505,0.02083333395421505,0.02083333395421505,0.02083333395421505
1,MIMAT0027651,MAP3K2,mir_regulates_mrna,,0.02083333395421505,0.02083333395421505,0.02083333395421505,0.02083333395421505,0.02083333395421505
1,MIMAT0000242,MAP3K2,mir_regulates_mrna,,0.02083333395421505,0.02083333395421505,0.02083333395421505,0.02083333395421505,0.02083333395421505
1,MIMAT0000751,MAP3K2,mir_regulates_mrna,,0.02083333395421505,0.02083333395421505,0.02083333395421505,0.02083333395421505,0.02083333395421505
1,MIMAT0019201,MAP3K2,mir_regulates_mrna,,0.02083333395421505,0.02083333395421505,0.02083333395421505,0.02083333395421505,0.02083333395421505
1,MIMAT0018090,MAP3K2,mir_regulates_mrna,,0.02083333395421505,0.02083333395421505,0.02083333395421505,0.02083333395421505,0.02083333395421505
1,MIMAT0019363,MAP3K2,mir_regulates_mrna,,0.02083333395421505,0.02083333395421505,0.02083333395421505,0.02083333395421505,0.02083333395421505
1,MIMAT0023715,MAP3K2,mir_regulates_mrna,,0.02083333395421505,0.02083333395421505,0.02083333395421505,0.02083333395421505,0.02083333395421505
1,MIMAT0027413,MAP3K2,mir_regulates_mrna,,0.02083333395421505,0.02083333395421505,0.02083333395421505,0.02083333395421505,0.02083333395421505
1,MIMAT0027632,MAP3K2,mir_regulates_mrna,,0.02083333395421505,0.02083333395421505,0.02083333395421505,0.02083333395421505,0.02083333395421505
1,MIMAT0030990,MAP3K2,mir_regulates_mrna,,0.02083333395421505,0.02083333395421505,0.02083333395421505,0.02083333395421505,0.02083333395421505
1,MIMAT0001080,MAP3K2,mir_regulates_mrna,,0.02083333395421505,0.02083333395421505,0.02083333395421505,0.02083333395421505,0.02083333395421505
1,MIMAT0003283,MAP3K2,mir_regulates_mrna,,0.02083333395421505,0.02083333395421505,0.02083333395421505,0.02083333395421505,0.02083333395421505
1,MIMAT0019215,MAP3K2,mir_regulates_mrna,,0.02083333395421505,0.02083333395421505,0.02083333395421505,0.02083333395421505,0.02083333395421505
1,MIMAT0019690,MAP3K2,mir_regulates_mrna,,0.02083333395421505,0.02083333395421505,0.02083333395421505,0.02083333395421505,0.02083333395421505
1,MIMAT0022272,MAP3K2,mir_regulates_mrna,,0.02083333395421505,0.02083333395421505,0.02083333395421505,0.02083333395421505,0.02083333395421505
1,MIMAT0027370,MAP3K2,mir_regulates_mrna,,0.02083333395421505,0.02083333395421505,0.02083333395421505,0.02083333395421505,0.02083333395421505
1,MIMAT0027465,MAP3K2,mir_regulates_mrna,,0.02083333395421505,0.02083333395421505,0.02083333395421505,0.02083333395421505,0.02083333395421505
1,MIMAT0027637,MAP3K2,mir_regulates_mrna,,0.02083333395421505,0.02083333395421505,0.02083333395421505,0.02083333395421505,0.02083333395421505
1,MIMAT0022844,SOS1,mir_regulates_mrna,,0.1428571492433548,0.1428571492433548,0.1428571492433548,0.1428571492433548,0.1428571492433548
1,MIMAT0000424,SOS1,mir_regulates_mrna,,0.1428571492433548,0.1428571492433548,0.1428571492433548,0.1428571492433548,0.1428571492433548
1,MIMAT0015031,SOS1,mir_regulates_mrna,,0.1428571492433548,0.1428571492433548,0.1428571492433548,0.1428571492433548,0.1428571492433548
1,MIMAT0015002,SOS1,mir_regulates_mrna,,0.1428571492433548,0.1428571492433548,0.1428571492433548,0.1428571492433548,0.1428571492433548
1,MIMAT0019703,SOS1,mir_regulates_mrna,,0.1428571492433548,0.1428571492433548,0.1428571492433548,0.1428571492433548,0.1428571492433548
1,MIMAT0019980,SOS1,mir_regulates_mrna,,0.1428571492433548,0.1428571492433548,0.1428571492433548,0.1428571492433548,0.1428571492433548
1,MIMAT0025841,SOS1,mir_regulates_mrna,,0.1428571492433548,0.1428571492433548,0.1428571492433548,0.1428571492433548,0.1428571492433548
1,MIMAT0003945,CACNG7,mir_regulates_mrna,,0.5,0.5,0.5,0.5,0.5
1,MIMAT0027682,CACNG7,mir_regulates_mrna,,0.5,0.5,0.5,0.5,0.5
1,MIMAT0002882,DUSP4,mir_regulates_mrna,,0.0476190485060215,0.0476190485060215,0.0476190485060215,0.0476190485060215,0.0476190485060215
1,MIMAT0032029,DUSP4,mir_regulates_mrna,,0.0476190485060215,0.0476190485060215,0.0476190485060215,0.0476190485060215,0.0476190485060215
1,MIMAT0011156,DUSP4,mir_regulates_mrna,,0.0476190485060215,0.0476190485060215,0.0476190485060215,0.0476190485060215,0.0476190485060215
1,MIMAT0019199,DUSP4,mir_regulates_mrna,,0.0476190485060215,0.0476190485060215,0.0476190485060215,0.0476190485060215,0.0476190485060215
1,MIMAT0016917,DUSP4,mir_regulates_mrna,,0.0476190485060215,0.0476190485060215,0.0476190485060215,0.0476190485060215,0.0476190485060215
1,MIMAT0016921,DUSP4,mir_regulates_mrna,,0.0476190485060215,0.0476190485060215,0.0476190485060215,0.0476190485060215,0.0476190485060215
1,MIMAT0018090,DUSP4,mir_regulates_mrna,,0.0476190485060215,0.0476190485060215,0.0476190485060215,0.0476190485060215,0.0476190485060215
1,MIMAT0019772,DUSP4,mir_regulates_mrna,,0.0476190485060215,0.0476190485060215,0.0476190485060215,0.0476190485060215,0.0476190485060215
1,MIMAT0019921,DUSP4,mir_regulates_mrna,,0.0476190485060215,0.0476190485060215,0.0476190485060215,0.0476190485060215,0.0476190485060215
1,MIMAT0027041,DUSP4,mir_regulates_mrna,,0.0476190485060215,0.0476190485060215,0.0476190485060215,0.0476190485060215,0.0476190485060215
1,MIMAT0024618,DUSP4,mir_regulates_mrna,,0.0476190485060215,0.0476190485060215,0.0476190485060215,0.0476190485060215,0.0476190485060215
1,MIMAT0025471,DUSP4,mir_regulates_mrna,,0.0476190485060215,0.0476190485060215,0.0476190485060215,0.0476190485060215,0.0476190485060215
1,MIMAT0027399,DUSP4,mir_regulates_mrna,,0.0476190485060215,0.0476190485060215,0.0476190485060215,0.0476190485060215,0.0476190485060215
1,MIMAT0027458,DUSP4,mir_regulates_mrna,,0.0476190485060215,0.0476190485060215,0.0476190485060215,0.0476190485060215,0.0476190485060215
1,MIMAT0027460,DUSP4,mir_regulates_mrna,,0.0476190485060215,0.0476190485060215,0.0476190485060215,0.0476190485060215,0.0476190485060215
1,MIMAT0027470,DUSP4,mir_regulates_mrna,,0.0476190485060215,0.0476190485060215,0.0476190485060215,0.0476190485060215,0.0476190485060215
1,MIMAT0027485,DUSP4,mir_regulates_mrna,,0.0476190485060215,0.0476190485060215,0.0476190485060215,0.0476190485060215,0.0476190485060215
1,MIMAT0027666,DUSP4,mir_regulates_mrna,,0.0476190485060215,0.0476190485060215,0.0476190485060215,0.0476190485060215,0.0476190485060215
1,MIMAT0027688,DUSP4,mir_regulates_mrna,,0.0476190485060215,0.0476190485060215,0.0476190485060215,0.0476190485060215,0.0476190485060215
1,MIMAT0004589,DUSP4,mir_regulates_mrna,,0.0476190485060215,0.0476190485060215,0.0476190485060215,0.0476190485060215,0.0476190485060215
1,MIMAT0027456,DUSP4,mir_regulates_mrna,,0.0476190485060215,0.0476190485060215,0.0476190485060215,0.0476190485060215,0.0476190485060215
1,MIMAT0027567,PDGFA,mir_regulates_mrna,,0.5,0.5,0.5,0.5,0.5
1,MIMAT0027647,PDGFA,mir_regulates_mrna,,0.5,0.5,0.5,0.5,0.5
1,MIMAT0025471,EFNA2,mir_regulates_mrna,,1.0,1.0,1.0,1.0,1.0
1,MIMAT0000070,EREG,mir_regulates_mrna,,0.0714285746216774,0.0714285746216774,0.0714285746216774,0.0714285746216774,0.0714285746216774
1,MIMAT0000086,EREG,mir_regulates_mrna,,0.0714285746216774,0.0714285746216774,0.0714285746216774,0.0714285746216774,0.0714285746216774
1,MIMAT0000422,EREG,mir_regulates_mrna,,0.0714285746216774,0.0714285746216774,0.0714285746216774,0.0714285746216774,0.0714285746216774
1,MIMAT0004595,EREG,mir_regulates_mrna,,0.0714285746216774,0.0714285746216774,0.0714285746216774,0.0714285746216774,0.0714285746216774
1,MIMAT0004612,EREG,mir_regulates_mrna,,0.0714285746216774,0.0714285746216774,0.0714285746216774,0.0714285746216774,0.0714285746216774
1,MIMAT0000681,EREG,mir_regulates_mrna,,0.0714285746216774,0.0714285746216774,0.0714285746216774,0.0714285746216774,0.0714285746216774
1,MIMAT0002836,EREG,mir_regulates_mrna,,0.0714285746216774,0.0714285746216774,0.0714285746216774,0.0714285746216774,0.0714285746216774
1,MIMAT0010497,EREG,mir_regulates_mrna,,0.0714285746216774,0.0714285746216774,0.0714285746216774,0.0714285746216774,0.0714285746216774
1,MIMAT0011161,EREG,mir_regulates_mrna,,0.0714285746216774,0.0714285746216774,0.0714285746216774,0.0714285746216774,0.0714285746216774
1,MIMAT0018953,EREG,mir_regulates_mrna,,0.0714285746216774,0.0714285746216774,0.0714285746216774,0.0714285746216774,0.0714285746216774
1,MIMAT0019954,EREG,mir_regulates_mrna,,0.0714285746216774,0.0714285746216774,0.0714285746216774,0.0714285746216774,0.0714285746216774
1,MIMAT0022283,EREG,mir_regulates_mrna,,0.0714285746216774,0.0714285746216774,0.0714285746216774,0.0714285746216774,0.0714285746216774
1,MIMAT0027635,EREG,mir_regulates_mrna,,0.0714285746216774,0.0714285746216774,0.0714285746216774,0.0714285746216774,0.0714285746216774
1,MIMAT0030986,EREG,mir_regulates_mrna,,0.0714285746216774,0.0714285746216774,0.0714285746216774,0.0714285746216774,0.0714285746216774
1,MIMAT0004487,DUSP6,mir_regulates_mrna,,0.1428571492433548,0.1428571492433548,0.1428571492433548,0.1428571492433548,0.1428571492433548
1,MIMAT0000753,DUSP6,mir_regulates_mrna,,0.1428571492433548,0.1428571492433548,0.1428571492433548,0.1428571492433548,0.1428571492433548
1,MIMAT0022713,DUSP6,mir_regulates_mrna,,0.1428571492433548,0.1428571492433548,0.1428571492433548,0.1428571492433548,0.1428571492433548
1,MIMAT0022838,DUSP6,mir_regulates_mrna,,0.1428571492433548,0.1428571492433548,0.1428571492433548,0.1428571492433548,0.1428571492433548
1,MIMAT0021127,DUSP6,mir_regulates_mrna,,0.1428571492433548,0.1428571492433548,0.1428571492433548,0.1428571492433548,0.1428571492433548
1,MIMAT0033692,DUSP6,mir_regulates_mrna,,0.1428571492433548,0.1428571492433548,0.1428571492433548,0.1428571492433548,0.1428571492433548
1,MIMAT0000736,DUSP6,mir_regulates_mrna,,0.1428571492433548,0.1428571492433548,0.1428571492433548,0.1428571492433548,0.1428571492433548
1,MIMAT0004957,DUSP7,mir_regulates_mrna,,0.0833333358168602,0.0833333358168602,0.0833333358168602,0.0833333358168602,0.0833333358168602
1,MIMAT0005952,DUSP7,mir_regulates_mrna,,0.0833333358168602,0.0833333358168602,0.0833333358168602,0.0833333358168602,0.0833333358168602
1,MIMAT0015037,DUSP7,mir_regulates_mrna,,0.0833333358168602,0.0833333358168602,0.0833333358168602,0.0833333358168602,0.0833333358168602
1,MIMAT0018953,DUSP7,mir_regulates_mrna,,0.0833333358168602,0.0833333358168602,0.0833333358168602,0.0833333358168602,0.0833333358168602
1,MIMAT0019704,DUSP7,mir_regulates_mrna,,0.0833333358168602,0.0833333358168602,0.0833333358168602,0.0833333358168602,0.0833333358168602
1,MIMAT0022491,DUSP7,mir_regulates_mrna,,0.0833333358168602,0.0833333358168602,0.0833333358168602,0.0833333358168602,0.0833333358168602
1,MIMAT0027363,DUSP7,mir_regulates_mrna,,0.0833333358168602,0.0833333358168602,0.0833333358168602,0.0833333358168602,0.0833333358168602
1,MIMAT0027612,DUSP7,mir_regulates_mrna,,0.0833333358168602,0.0833333358168602,0.0833333358168602,0.0833333358168602,0.0833333358168602
1,MIMAT0027640,DUSP7,mir_regulates_mrna,,0.0833333358168602,0.0833333358168602,0.0833333358168602,0.0833333358168602,0.0833333358168602
1,MIMAT0027674,DUSP7,mir_regulates_mrna,,0.0833333358168602,0.0833333358168602,0.0833333358168602,0.0833333358168602,0.0833333358168602
1,MIMAT0028119,DUSP7,mir_regulates_mrna,,0.0833333358168602,0.0833333358168602,0.0833333358168602,0.0833333358168602,0.0833333358168602
1,MIMAT0031012,DUSP7,mir_regulates_mrna,,0.0833333358168602,0.0833333358168602,0.0833333358168602,0.0833333358168602,0.0833333358168602
1,MIMAT0000092,EFNA5,mir_regulates_mrna,,0.10000000149011612,0.10000000149011612,0.10000000149011612,0.10000000149011612,0.10000000149011612
1,MIMAT0002872,EFNA5,mir_regulates_mrna,,0.10000000149011612,0.10000000149011612,0.10000000149011612,0.10000000149011612,0.10000000149011612
1,MIMAT0016925,EFNA5,mir_regulates_mrna,,0.10000000149011612,0.10000000149011612,0.10000000149011612,0.10000000149011612,0.10000000149011612
1,MIMAT0025841,EFNA5,mir_regulates_mrna,,0.10000000149011612,0.10000000149011612,0.10000000149011612,0.10000000149011612,0.10000000149011612
1,MIMAT0025843,EFNA5,mir_regulates_mrna,,0.10000000149011612,0.10000000149011612,0.10000000149011612,0.10000000149011612,0.10000000149011612
1,MIMAT0027395,EFNA5,mir_regulates_mrna,,0.10000000149011612,0.10000000149011612,0.10000000149011612,0.10000000149011612,0.10000000149011612
1,MIMAT0027489,EFNA5,mir_regulates_mrna,,0.10000000149011612,0.10000000149011612,0.10000000149011612,0.10000000149011612,0.10000000149011612
1,MIMAT0027559,EFNA5,mir_regulates_mrna,,0.10000000149011612,0.10000000149011612,0.10000000149011612,0.10000000149011612,0.10000000149011612
1,MIMAT0027575,EFNA5,mir_regulates_mrna,,0.10000000149011612,0.10000000149011612,0.10000000149011612,0.10000000149011612,0.10000000149011612
1,MIMAT0030981,EFNA5,mir_regulates_mrna,,0.10000000149011612,0.10000000149011612,0.10000000149011612,0.10000000149011612,0.10000000149011612
1,MIMAT0004772,ELK4,mir_regulates_mrna,,0.03125,0.03125,0.03125,0.03125,0.03125
1,MIMAT0019898,ELK4,mir_regulates_mrna,,0.03125,0.03125,0.03125,0.03125,0.03125
1,MIMAT0004489,ELK4,mir_regulates_mrna,,0.03125,0.03125,0.03125,0.03125,0.03125
1,MIMAT0000101,ELK4,mir_regulates_mrna,,0.03125,0.03125,0.03125,0.03125,0.03125
1,MIMAT0000104,ELK4,mir_regulates_mrna,,0.03125,0.03125,0.03125,0.03125,0.03125
1,MIMAT0000684,ELK4,mir_regulates_mrna,,0.03125,0.03125,0.03125,0.03125,0.03125
1,MIMAT0000715,ELK4,mir_regulates_mrna,,0.03125,0.03125,0.03125,0.03125,0.03125
1,MIMAT0000717,ELK4,mir_regulates_mrna,,0.03125,0.03125,0.03125,0.03125,0.03125
1,MIMAT0000718,ELK4,mir_regulates_mrna,,0.03125,0.03125,0.03125,0.03125,0.03125
1,MIMAT0022861,ELK4,mir_regulates_mrna,,0.03125,0.03125,0.03125,0.03125,0.03125
1,MIMAT0000724,ELK4,mir_regulates_mrna,,0.03125,0.03125,0.03125,0.03125,0.03125
1,MIMAT0000726,ELK4,mir_regulates_mrna,,0.03125,0.03125,0.03125,0.03125,0.03125
1,MIMAT0004703,ELK4,mir_regulates_mrna,,0.03125,0.03125,0.03125,0.03125,0.03125
1,MIMAT0002820,ELK4,mir_regulates_mrna,,0.03125,0.03125,0.03125,0.03125,0.03125
1,MIMAT0002834,ELK4,mir_regulates_mrna,,0.03125,0.03125,0.03125,0.03125,0.03125
1,MIMAT0002846,ELK4,mir_regulates_mrna,,0.03125,0.03125,0.03125,0.03125,0.03125
1,MIMAT0002854,ELK4,mir_regulates_mrna,,0.03125,0.03125,0.03125,0.03125,0.03125
1,MIMAT0002856,ELK4,mir_regulates_mrna,,0.03125,0.03125,0.03125,0.03125,0.03125
1,MIMAT0002858,ELK4,mir_regulates_mrna,,0.03125,0.03125,0.03125,0.03125,0.03125
1,MIMAT0002867,ELK4,mir_regulates_mrna,,0.03125,0.03125,0.03125,0.03125,0.03125
1,MIMAT0004814,ELK4,mir_regulates_mrna,,0.03125,0.03125,0.03125,0.03125,0.03125
1,MIMAT0018108,ELK4,mir_regulates_mrna,,0.03125,0.03125,0.03125,0.03125,0.03125
1,MIMAT0018355,ELK4,mir_regulates_mrna,,0.03125,0.03125,0.03125,0.03125,0.03125
1,MIMAT0018995,ELK4,mir_regulates_mrna,,0.03125,0.03125,0.03125,0.03125,0.03125
1,MIMAT0019358,ELK4,mir_regulates_mrna,,0.03125,0.03125,0.03125,0.03125,0.03125
1,MIMAT0019750,ELK4,mir_regulates_mrna,,0.03125,0.03125,0.03125,0.03125,0.03125
1,MIMAT0019878,ELK4,mir_regulates_mrna,,0.03125,0.03125,0.03125,0.03125,0.03125
1,MIMAT0019969,ELK4,mir_regulates_mrna,,0.03125,0.03125,0.03125,0.03125,0.03125
1,MIMAT0027453,ELK4,mir_regulates_mrna,,0.03125,0.03125,0.03125,0.03125,0.03125
1,MIMAT0027578,ELK4,mir_regulates_mrna,,0.03125,0.03125,0.03125,0.03125,0.03125
1,MIMAT0027598,ELK4,mir_regulates_mrna,,0.03125,0.03125,0.03125,0.03125,0.03125
1,MIMAT0033692,ELK4,mir_regulates_mrna,,0.03125,0.03125,0.03125,0.03125,0.03125
1,MIMAT0015030,FGF7,mir_regulates_mrna,,1.0,1.0,1.0,1.0,1.0
1,MIMAT0002173,FGF9,mir_regulates_mrna,,0.125,0.125,0.125,0.125,0.125
1,MIMAT0003291,FGF9,mir_regulates_mrna,,0.125,0.125,0.125,0.125,0.125
1,MIMAT0019014,FGF9,mir_regulates_mrna,,0.125,0.125,0.125,0.125,0.125
1,MIMAT0027535,FGF9,mir_regulates_mrna,,0.125,0.125,0.125,0.125,0.125
1,MIMAT0027567,FGF9,mir_regulates_mrna,,0.125,0.125,0.125,0.125,0.125
1,MIMAT0027647,FGF9,mir_regulates_mrna,,0.125,0.125,0.125,0.125,0.125
1,MIMAT0027663,FGF9,mir_regulates_mrna,,0.125,0.125,0.125,0.125,0.125
1,MIMAT0033692,FGF9,mir_regulates_mrna,,0.125,0.125,0.125,0.125,0.125
1,MIMAT0000417,GRB2,mir_regulates_mrna,,0.03125,0.03125,0.03125,0.03125,0.03125
1,MIMAT0000422,GRB2,mir_regulates_mrna,,0.03125,0.03125,0.03125,0.03125,0.03125
1,MIMAT0000732,GRB2,mir_regulates_mrna,,0.03125,0.03125,0.03125,0.03125,0.03125
1,MIMAT0001629,GRB2,mir_regulates_mrna,,0.03125,0.03125,0.03125,0.03125,0.03125
1,MIMAT0003218,GRB2,mir_regulates_mrna,,0.03125,0.03125,0.03125,0.03125,0.03125
1,MIMAT0003222,GRB2,mir_regulates_mrna,,0.03125,0.03125,0.03125,0.03125,0.03125
1,MIMAT0003326,GRB2,mir_regulates_mrna,,0.03125,0.03125,0.03125,0.03125,0.03125
1,MIMAT0022711,GRB2,mir_regulates_mrna,,0.03125,0.03125,0.03125,0.03125,0.03125
1,MIMAT0007881,GRB2,mir_regulates_mrna,,0.03125,0.03125,0.03125,0.03125,0.03125
1,MIMAT0014982,GRB2,mir_regulates_mrna,,0.03125,0.03125,0.03125,0.03125,0.03125
1,MIMAT0015026,GRB2,mir_regulates_mrna,,0.03125,0.03125,0.03125,0.03125,0.03125
1,MIMAT0015048,GRB2,mir_regulates_mrna,,0.03125,0.03125,0.03125,0.03125,0.03125
1,MIMAT0019012,GRB2,mir_regulates_mrna,,0.03125,0.03125,0.03125,0.03125,0.03125
1,MIMAT0019882,GRB2,mir_regulates_mrna,,0.03125,0.03125,0.03125,0.03125,0.03125
1,MIMAT0019885,GRB2,mir_regulates_mrna,,0.03125,0.03125,0.03125,0.03125,0.03125
1,MIMAT0021128,GRB2,mir_regulates_mrna,,0.03125,0.03125,0.03125,0.03125,0.03125
1,MIMAT0024610,GRB2,mir_regulates_mrna,,0.03125,0.03125,0.03125,0.03125,0.03125
1,MIMAT0024613,GRB2,mir_regulates_mrna,,0.03125,0.03125,0.03125,0.03125,0.03125
1,MIMAT0024617,GRB2,mir_regulates_mrna,,0.03125,0.03125,0.03125,0.03125,0.03125
1,MIMAT0027474,GRB2,mir_regulates_mrna,,0.03125,0.03125,0.03125,0.03125,0.03125
1,MIMAT0027483,GRB2,mir_regulates_mrna,,0.03125,0.03125,0.03125,0.03125,0.03125
1,MIMAT0027650,GRB2,mir_regulates_mrna,,0.03125,0.03125,0.03125,0.03125,0.03125
1,MIMAT0027682,GRB2,mir_regulates_mrna,,0.03125,0.03125,0.03125,0.03125,0.03125
1,MIMAT0002891,GRB2,mir_regulates_mrna,,0.03125,0.03125,0.03125,0.03125,0.03125
1,MIMAT0000084,GRB2,mir_regulates_mrna,,0.03125,0.03125,0.03125,0.03125,0.03125
1,MIMAT0004957,GRB2,mir_regulates_mrna,,0.03125,0.03125,0.03125,0.03125,0.03125
1,MIMAT0018189,GRB2,mir_regulates_mrna,,0.03125,0.03125,0.03125,0.03125,0.03125
1,MIMAT0023702,GRB2,mir_regulates_mrna,,0.03125,0.03125,0.03125,0.03125,0.03125
1,MIMAT0024782,GRB2,mir_regulates_mrna,,0.03125,0.03125,0.03125,0.03125,0.03125
1,MIMAT0027559,GRB2,mir_regulates_mrna,,0.03125,0.03125,0.03125,0.03125,0.03125
1,MIMAT0027568,GRB2,mir_regulates_mrna,,0.03125,0.03125,0.03125,0.03125,0.03125
1,MIMAT0031000,GRB2,mir_regulates_mrna,,0.03125,0.03125,0.03125,0.03125,0.03125
1,MIMAT0025451,HSPA6,mir_regulates_mrna,,1.0,1.0,1.0,1.0,1.0
1,MIMAT0019985,JUN,mir_regulates_mrna,,1.0,1.0,1.0,1.0,1.0
1,MIMAT0000417,KDR,mir_regulates_mrna,,1.0,1.0,1.0,1.0,1.0
1,MIMAT0000427,NGFR,mir_regulates_mrna,,0.05882352963089943,0.05882352963089943,0.05882352963089943,0.05882352963089943,0.05882352963089943
1,MIMAT0003276,NGFR,mir_regulates_mrna,,0.05882352963089943,0.05882352963089943,0.05882352963089943,0.05882352963089943,0.05882352963089943
1,MIMAT0005952,NGFR,mir_regulates_mrna,,0.05882352963089943,0.05882352963089943,0.05882352963089943,0.05882352963089943,0.05882352963089943
1,MIMAT0009447,NGFR,mir_regulates_mrna,,0.05882352963089943,0.05882352963089943,0.05882352963089943,0.05882352963089943,0.05882352963089943
1,MIMAT0015056,NGFR,mir_regulates_mrna,,0.05882352963089943,0.05882352963089943,0.05882352963089943,0.05882352963089943,0.05882352963089943
1,MIMAT0016900,NGFR,mir_regulates_mrna,,0.05882352963089943,0.05882352963089943,0.05882352963089943,0.05882352963089943,0.05882352963089943
1,MIMAT0019043,NGFR,mir_regulates_mrna,,0.05882352963089943,0.05882352963089943,0.05882352963089943,0.05882352963089943,0.05882352963089943
1,MIMAT0019715,NGFR,mir_regulates_mrna,,0.05882352963089943,0.05882352963089943,0.05882352963089943,0.05882352963089943,0.05882352963089943
1,MIMAT0019849,NGFR,mir_regulates_mrna,,0.05882352963089943,0.05882352963089943,0.05882352963089943,0.05882352963089943,0.05882352963089943
1,MIMAT0019868,NGFR,mir_regulates_mrna,,0.05882352963089943,0.05882352963089943,0.05882352963089943,0.05882352963089943,0.05882352963089943
1,MIMAT0019899,NGFR,mir_regulates_mrna,,0.05882352963089943,0.05882352963089943,0.05882352963089943,0.05882352963089943,0.05882352963089943
1,MIMAT0021043,NGFR,mir_regulates_mrna,,0.05882352963089943,0.05882352963089943,0.05882352963089943,0.05882352963089943,0.05882352963089943
1,MIMAT0021128,NGFR,mir_regulates_mrna,,0.05882352963089943,0.05882352963089943,0.05882352963089943,0.05882352963089943,0.05882352963089943
1,MIMAT0027365,NGFR,mir_regulates_mrna,,0.05882352963089943,0.05882352963089943,0.05882352963089943,0.05882352963089943,0.05882352963089943
1,MIMAT0027550,NGFR,mir_regulates_mrna,,0.05882352963089943,0.05882352963089943,0.05882352963089943,0.05882352963089943,0.05882352963089943
1,MIMAT0027640,NGFR,mir_regulates_mrna,,0.05882352963089943,0.05882352963089943,0.05882352963089943,0.05882352963089943,0.05882352963089943
1,MIMAT0028109,NGFR,mir_regulates_mrna,,0.05882352963089943,0.05882352963089943,0.05882352963089943,0.05882352963089943,0.05882352963089943
1,MIMAT0000062,NRAS,mir_regulates_mrna,,0.06666667014360428,0.06666667014360428,0.06666667014360428,0.06666667014360428,0.06666667014360428
1,MIMAT0000063,NRAS,mir_regulates_mrna,,0.06666667014360428,0.06666667014360428,0.06666667014360428,0.06666667014360428,0.06666667014360428
1,MIMAT0000064,NRAS,mir_regulates_mrna,,0.06666667014360428,0.06666667014360428,0.06666667014360428,0.06666667014360428,0.06666667014360428
1,MIMAT0000082,NRAS,mir_regulates_mrna,,0.06666667014360428,0.06666667014360428,0.06666667014360428,0.06666667014360428,0.06666667014360428
1,MIMAT0000271,NRAS,mir_regulates_mrna,,0.06666667014360428,0.06666667014360428,0.06666667014360428,0.06666667014360428,0.06666667014360428
1,MIMAT0000422,NRAS,mir_regulates_mrna,,0.06666667014360428,0.06666667014360428,0.06666667014360428,0.06666667014360428,0.06666667014360428
1,MIMAT0002841,NRAS,mir_regulates_mrna,,0.06666667014360428,0.06666667014360428,0.06666667014360428,0.06666667014360428,0.06666667014360428
1,MIMAT0004950,NRAS,mir_regulates_mrna,,0.06666667014360428,0.06666667014360428,0.06666667014360428,0.06666667014360428,0.06666667014360428
1,MIMAT0011775,NRAS,mir_regulates_mrna,,0.06666667014360428,0.06666667014360428,0.06666667014360428,0.06666667014360428,0.06666667014360428
1,MIMAT0016878,NRAS,mir_regulates_mrna,,0.06666667014360428,0.06666667014360428,0.06666667014360428,0.06666667014360428,0.06666667014360428
1,MIMAT0018200,NRAS,mir_regulates_mrna,,0.06666667014360428,0.06666667014360428,0.06666667014360428,0.06666667014360428,0.06666667014360428
1,MIMAT0019043,NRAS,mir_regulates_mrna,,0.06666667014360428,0.06666667014360428,0.06666667014360428,0.06666667014360428,0.06666667014360428
1,MIMAT0019773,NRAS,mir_regulates_mrna,,0.06666667014360428,0.06666667014360428,0.06666667014360428,0.06666667014360428,0.06666667014360428
1,MIMAT0019953,NRAS,mir_regulates_mrna,,0.06666667014360428,0.06666667014360428,0.06666667014360428,0.06666667014360428,0.06666667014360428
1,MIMAT0027566,NRAS,mir_regulates_mrna,,0.06666667014360428,0.06666667014360428,0.06666667014360428,0.06666667014360428,0.06666667014360428
1,MIMAT0000318,PAK2,mir_regulates_mrna,,0.10000000149011612,0.10000000149011612,0.10000000149011612,0.10000000149011612,0.10000000149011612
1,MIMAT0000726,PAK2,mir_regulates_mrna,,0.10000000149011612,0.10000000149011612,0.10000000149011612,0.10000000149011612,0.10000000149011612
1,MIMAT0003881,PAK2,mir_regulates_mrna,,0.10000000149011612,0.10000000149011612,0.10000000149011612,0.10000000149011612,0.10000000149011612
1,MIMAT0004901,PAK2,mir_regulates_mrna,,0.10000000149011612,0.10000000149011612,0.10000000149011612,0.10000000149011612,0.10000000149011612
1,MIMAT0004972,PAK2,mir_regulates_mrna,,0.10000000149011612,0.10000000149011612,0.10000000149011612,0.10000000149011612,0.10000000149011612
1,MIMAT0014982,PAK2,mir_regulates_mrna,,0.10000000149011612,0.10000000149011612,0.10000000149011612,0.10000000149011612,0.10000000149011612
1,MIMAT0019021,PAK2,mir_regulates_mrna,,0.10000000149011612,0.10000000149011612,0.10000000149011612,0.10000000149011612,0.10000000149011612
1,MIMAT0019793,PAK2,mir_regulates_mrna,,0.10000000149011612,0.10000000149011612,0.10000000149011612,0.10000000149011612,0.10000000149011612
1,MIMAT0019966,PAK2,mir_regulates_mrna,,0.10000000149011612,0.10000000149011612,0.10000000149011612,0.10000000149011612,0.10000000149011612
1,MIMAT0030421,PAK2,mir_regulates_mrna,,0.10000000149011612,0.10000000149011612,0.10000000149011612,0.10000000149011612,0.10000000149011612
1,MIMAT0000454,PDGFB,mir_regulates_mrna,,0.043478261679410934,0.043478261679410934,0.043478261679410934,0.043478261679410934,0.043478261679410934
1,MIMAT0002853,PDGFB,mir_regulates_mrna,,0.043478261679410934,0.043478261679410934,0.043478261679410934,0.043478261679410934,0.043478261679410934
1,MIMAT0014984,PDGFB,mir_regulates_mrna,,0.043478261679410934,0.043478261679410934,0.043478261679410934,0.043478261679410934,0.043478261679410934
1,MIMAT0014988,PDGFB,mir_regulates_mrna,,0.043478261679410934,0.043478261679410934,0.043478261679410934,0.043478261679410934,0.043478261679410934
1,MIMAT0015026,PDGFB,mir_regulates_mrna,,0.043478261679410934,0.043478261679410934,0.043478261679410934,0.043478261679410934,0.043478261679410934
1,MIMAT0015056,PDGFB,mir_regulates_mrna,,0.043478261679410934,0.043478261679410934,0.043478261679410934,0.043478261679410934,0.043478261679410934
1,MIMAT0018190,PDGFB,mir_regulates_mrna,,0.043478261679410934,0.043478261679410934,0.043478261679410934,0.043478261679410934,0.043478261679410934
1,MIMAT0018980,PDGFB,mir_regulates_mrna,,0.043478261679410934,0.043478261679410934,0.043478261679410934,0.043478261679410934,0.043478261679410934
1,MIMAT0019845,PDGFB,mir_regulates_mrna,,0.043478261679410934,0.043478261679410934,0.043478261679410934,0.043478261679410934,0.043478261679410934
1,MIMAT0019882,PDGFB,mir_regulates_mrna,,0.043478261679410934,0.043478261679410934,0.043478261679410934,0.043478261679410934,0.043478261679410934
1,MIMAT0027416,PDGFB,mir_regulates_mrna,,0.043478261679410934,0.043478261679410934,0.043478261679410934,0.043478261679410934,0.043478261679410934
1,MIMAT0027562,PDGFB,mir_regulates_mrna,,0.043478261679410934,0.043478261679410934,0.043478261679410934,0.043478261679410934,0.043478261679410934
1,MIMAT0027612,PDGFB,mir_regulates_mrna,,0.043478261679410934,0.043478261679410934,0.043478261679410934,0.043478261679410934,0.043478261679410934
1,MIMAT0027660,PDGFB,mir_regulates_mrna,,0.043478261679410934,0.043478261679410934,0.043478261679410934,0.043478261679410934,0.043478261679410934
1,MIMAT0027690,PDGFB,mir_regulates_mrna,,0.043478261679410934,0.043478261679410934,0.043478261679410934,0.043478261679410934,0.043478261679410934
1,MIMAT0030422,PDGFB,mir_regulates_mrna,,0.043478261679410934,0.043478261679410934,0.043478261679410934,0.043478261679410934,0.043478261679410934
1,MIMAT0000063,PDGFB,mir_regulates_mrna,,0.043478261679410934,0.043478261679410934,0.043478261679410934,0.043478261679410934,0.043478261679410934
1,MIMAT0000066,PDGFB,mir_regulates_mrna,,0.043478261679410934,0.043478261679410934,0.043478261679410934,0.043478261679410934,0.043478261679410934
1,MIMAT0003385,PDGFB,mir_regulates_mrna,,0.043478261679410934,0.043478261679410934,0.043478261679410934,0.043478261679410934,0.043478261679410934
1,MIMAT0019072,PDGFB,mir_regulates_mrna,,0.043478261679410934,0.043478261679410934,0.043478261679410934,0.043478261679410934,0.043478261679410934
1,MIMAT0027488,PDGFB,mir_regulates_mrna,,0.043478261679410934,0.043478261679410934,0.043478261679410934,0.043478261679410934,0.043478261679410934
1,MIMAT0027564,PDGFB,mir_regulates_mrna,,0.043478261679410934,0.043478261679410934,0.043478261679410934,0.043478261679410934,0.043478261679410934
1,MIMAT0027602,PDGFB,mir_regulates_mrna,,0.043478261679410934,0.043478261679410934,0.043478261679410934,0.043478261679410934,0.043478261679410934
1,MIMAT0000071,PRKCA,mir_regulates_mrna,,0.04545454680919647,0.04545454680919647,0.04545454680919647,0.04545454680919647,0.04545454680919647
1,MIMAT0000080,PRKCA,mir_regulates_mrna,,0.04545454680919647,0.04545454680919647,0.04545454680919647,0.04545454680919647,0.04545454680919647
1,MIMAT0000434,PRKCA,mir_regulates_mrna,,0.04545454680919647,0.04545454680919647,0.04545454680919647,0.04545454680919647,0.04545454680919647
1,MIMAT0000451,PRKCA,mir_regulates_mrna,,0.04545454680919647,0.04545454680919647,0.04545454680919647,0.04545454680919647,0.04545454680919647
1,MIMAT0002819,PRKCA,mir_regulates_mrna,,0.04545454680919647,0.04545454680919647,0.04545454680919647,0.04545454680919647,0.04545454680919647
1,MIMAT0003317,PRKCA,mir_regulates_mrna,,0.04545454680919647,0.04545454680919647,0.04545454680919647,0.04545454680919647,0.04545454680919647
1,MIMAT0009451,PRKCA,mir_regulates_mrna,,0.04545454680919647,0.04545454680919647,0.04545454680919647,0.04545454680919647,0.04545454680919647
1,MIMAT0018072,PRKCA,mir_regulates_mrna,,0.04545454680919647,0.04545454680919647,0.04545454680919647,0.04545454680919647,0.04545454680919647
1,MIMAT0018945,PRKCA,mir_regulates_mrna,,0.04545454680919647,0.04545454680919647,0.04545454680919647,0.04545454680919647,0.04545454680919647
1,MIMAT0019041,PRKCA,mir_regulates_mrna,,0.04545454680919647,0.04545454680919647,0.04545454680919647,0.04545454680919647,0.04545454680919647
1,MIMAT0021124,PRKCA,mir_regulates_mrna,,0.04545454680919647,0.04545454680919647,0.04545454680919647,0.04545454680919647,0.04545454680919647
1,MIMAT0027356,PRKCA,mir_regulates_mrna,,0.04545454680919647,0.04545454680919647,0.04545454680919647,0.04545454680919647,0.04545454680919647
1,MIMAT0027556,PRKCA,mir_regulates_mrna,,0.04545454680919647,0.04545454680919647,0.04545454680919647,0.04545454680919647,0.04545454680919647
1,MIMAT0000092,PRKCA,mir_regulates_mrna,,0.04545454680919647,0.04545454680919647,0.04545454680919647,0.04545454680919647,0.04545454680919647
1,MIMAT0002876,PRKCA,mir_regulates_mrna,,0.04545454680919647,0.04545454680919647,0.04545454680919647,0.04545454680919647,0.04545454680919647
1,MIMAT0022711,PRKCA,mir_regulates_mrna,,0.04545454680919647,0.04545454680919647,0.04545454680919647,0.04545454680919647,0.04545454680919647
1,MIMAT0019837,PRKCA,mir_regulates_mrna,,0.04545454680919647,0.04545454680919647,0.04545454680919647,0.04545454680919647,0.04545454680919647
1,MIMAT0019892,PRKCA,mir_regulates_mrna,,0.04545454680919647,0.04545454680919647,0.04545454680919647,0.04545454680919647,0.04545454680919647
1,MIMAT0021129,PRKCA,mir_regulates_mrna,,0.04545454680919647,0.04545454680919647,0.04545454680919647,0.04545454680919647,0.04545454680919647
1,MIMAT0027395,PRKCA,mir_regulates_mrna,,0.04545454680919647,0.04545454680919647,0.04545454680919647,0.04545454680919647,0.04545454680919647
1,MIMAT0027587,PRKCA,mir_regulates_mrna,,0.04545454680919647,0.04545454680919647,0.04545454680919647,0.04545454680919647,0.04545454680919647
1,MIMAT0027595,PRKCA,mir_regulates_mrna,,0.04545454680919647,0.04545454680919647,0.04545454680919647,0.04545454680919647,0.04545454680919647
1,MIMAT0000091,PRKCB,mir_regulates_mrna,,0.0833333358168602,0.0833333358168602,0.0833333358168602,0.0833333358168602,0.0833333358168602
1,MIMAT0000433,PRKCB,mir_regulates_mrna,,0.0833333358168602,0.0833333358168602,0.0833333358168602,0.0833333358168602,0.0833333358168602
1,MIMAT0000454,PRKCB,mir_regulates_mrna,,0.0833333358168602,0.0833333358168602,0.0833333358168602,0.0833333358168602,0.0833333358168602
1,MIMAT0000736,PRKCB,mir_regulates_mrna,,0.0833333358168602,0.0833333358168602,0.0833333358168602,0.0833333358168602,0.0833333358168602
1,MIMAT0002833,PRKCB,mir_regulates_mrna,,0.0833333358168602,0.0833333358168602,0.0833333358168602,0.0833333358168602,0.0833333358168602
1,MIMAT0018977,PRKCB,mir_regulates_mrna,,0.0833333358168602,0.0833333358168602,0.0833333358168602,0.0833333358168602,0.0833333358168602
1,MIMAT0019734,PRKCB,mir_regulates_mrna,,0.0833333358168602,0.0833333358168602,0.0833333358168602,0.0833333358168602,0.0833333358168602
1,MIMAT0019873,PRKCB,mir_regulates_mrna,,0.0833333358168602,0.0833333358168602,0.0833333358168602,0.0833333358168602,0.0833333358168602
1,MIMAT0019971,PRKCB,mir_regulates_mrna,,0.0833333358168602,0.0833333358168602,0.0833333358168602,0.0833333358168602,0.0833333358168602
1,MIMAT0021017,PRKCB,mir_regulates_mrna,,0.0833333358168602,0.0833333358168602,0.0833333358168602,0.0833333358168602,0.0833333358168602
1,MIMAT0027663,PRKCB,mir_regulates_mrna,,0.0833333358168602,0.0833333358168602,0.0833333358168602,0.0833333358168602,0.0833333358168602
1,MIMAT0019937,PRKCB,mir_regulates_mrna,,0.0833333358168602,0.0833333358168602,0.0833333358168602,0.0833333358168602,0.0833333358168602
1,MIMAT0000075,MAPK1,mir_regulates_mrna,,0.02083333395421505,0.02083333395421505,0.02083333395421505,0.02083333395421505,0.02083333395421505
1,MIMAT0000421,MAPK1,mir_regulates_mrna,,0.02083333395421505,0.02083333395421505,0.02083333395421505,0.02083333395421505,0.02083333395421505
1,MIMAT0000680,MAPK1,mir_regulates_mrna,,0.02083333395421505,0.02083333395421505,0.02083333395421505,0.02083333395421505,0.02083333395421505
1,MIMAT0002837,MAPK1,mir_regulates_mrna,,0.02083333395421505,0.02083333395421505,0.02083333395421505,0.02083333395421505,0.02083333395421505
1,MIMAT0004772,MAPK1,mir_regulates_mrna,,0.02083333395421505,0.02083333395421505,0.02083333395421505,0.02083333395421505,0.02083333395421505
1,MIMAT0003250,MAPK1,mir_regulates_mrna,,0.02083333395421505,0.02083333395421505,0.02083333395421505,0.02083333395421505,0.02083333395421505
1,MIMAT0003257,MAPK1,mir_regulates_mrna,,0.02083333395421505,0.02083333395421505,0.02083333395421505,0.02083333395421505,0.02083333395421505
1,MIMAT0003888,MAPK1,mir_regulates_mrna,,0.02083333395421505,0.02083333395421505,0.02083333395421505,0.02083333395421505,0.02083333395421505
1,MIMAT0010133,MAPK1,mir_regulates_mrna,,0.02083333395421505,0.02083333395421505,0.02083333395421505,0.02083333395421505,0.02083333395421505
1,MIMAT0015004,MAPK1,mir_regulates_mrna,,0.02083333395421505,0.02083333395421505,0.02083333395421505,0.02083333395421505,0.02083333395421505
1,MIMAT0016886,MAPK1,mir_regulates_mrna,,0.02083333395421505,0.02083333395421505,0.02083333395421505,0.02083333395421505,0.02083333395421505
1,MIMAT0016901,MAPK1,mir_regulates_mrna,,0.02083333395421505,0.02083333395421505,0.02083333395421505,0.02083333395421505,0.02083333395421505
1,MIMAT0016909,MAPK1,mir_regulates_mrna,,0.02083333395421505,0.02083333395421505,0.02083333395421505,0.02083333395421505,0.02083333395421505
1,MIMAT0017981,MAPK1,mir_regulates_mrna,,0.02083333395421505,0.02083333395421505,0.02083333395421505,0.02083333395421505,0.02083333395421505
1,MIMAT0018088,MAPK1,mir_regulates_mrna,,0.02083333395421505,0.02083333395421505,0.02083333395421505,0.02083333395421505,0.02083333395421505
1,MIMAT0018351,MAPK1,mir_regulates_mrna,,0.02083333395421505,0.02083333395421505,0.02083333395421505,0.02083333395421505,0.02083333395421505
1,MIMAT0018933,MAPK1,mir_regulates_mrna,,0.02083333395421505,0.02083333395421505,0.02083333395421505,0.02083333395421505,0.02083333395421505
1,MIMAT0018945,MAPK1,mir_regulates_mrna,,0.02083333395421505,0.02083333395421505,0.02083333395421505,0.02083333395421505,0.02083333395421505
1,MIMAT0018949,MAPK1,mir_regulates_mrna,,0.02083333395421505,0.02083333395421505,0.02083333395421505,0.02083333395421505,0.02083333395421505
1,MIMAT0018972,MAPK1,mir_regulates_mrna,,0.02083333395421505,0.02083333395421505,0.02083333395421505,0.02083333395421505,0.02083333395421505
1,MIMAT0018985,MAPK1,mir_regulates_mrna,,0.02083333395421505,0.02083333395421505,0.02083333395421505,0.02083333395421505,0.02083333395421505
1,MIMAT0019051,MAPK1,mir_regulates_mrna,,0.02083333395421505,0.02083333395421505,0.02083333395421505,0.02083333395421505,0.02083333395421505
1,MIMAT0019695,MAPK1,mir_regulates_mrna,,0.02083333395421505,0.02083333395421505,0.02083333395421505,0.02083333395421505,0.02083333395421505
1,MIMAT0019757,MAPK1,mir_regulates_mrna,,0.02083333395421505,0.02083333395421505,0.02083333395421505,0.02083333395421505,0.02083333395421505
1,MIMAT0019778,MAPK1,mir_regulates_mrna,,0.02083333395421505,0.02083333395421505,0.02083333395421505,0.02083333395421505,0.02083333395421505
1,MIMAT0019789,MAPK1,mir_regulates_mrna,,0.02083333395421505,0.02083333395421505,0.02083333395421505,0.02083333395421505,0.02083333395421505
1,MIMAT0019871,MAPK1,mir_regulates_mrna,,0.02083333395421505,0.02083333395421505,0.02083333395421505,0.02083333395421505,0.02083333395421505
1,MIMAT0019924,MAPK1,mir_regulates_mrna,,0.02083333395421505,0.02083333395421505,0.02083333395421505,0.02083333395421505,0.02083333395421505
1,MIMAT0019948,MAPK1,mir_regulates_mrna,,0.02083333395421505,0.02083333395421505,0.02083333395421505,0.02083333395421505,0.02083333395421505
1,MIMAT0019971,MAPK1,mir_regulates_mrna,,0.02083333395421505,0.02083333395421505,0.02083333395421505,0.02083333395421505,0.02083333395421505
1,MIMAT0021019,MAPK1,mir_regulates_mrna,,0.02083333395421505,0.02083333395421505,0.02083333395421505,0.02083333395421505,0.02083333395421505
1,MIMAT0021121,MAPK1,mir_regulates_mrna,,0.02083333395421505,0.02083333395421505,0.02083333395421505,0.02083333395421505,0.02083333395421505
1,MIMAT0023710,MAPK1,mir_regulates_mrna,,0.02083333395421505,0.02083333395421505,0.02083333395421505,0.02083333395421505,0.02083333395421505
1,MIMAT0023713,MAPK1,mir_regulates_mrna,,0.02083333395421505,0.02083333395421505,0.02083333395421505,0.02083333395421505,0.02083333395421505
1,MIMAT0025451,MAPK1,mir_regulates_mrna,,0.02083333395421505,0.02083333395421505,0.02083333395421505,0.02083333395421505,0.02083333395421505
1,MIMAT0025481,MAPK1,mir_regulates_mrna,,0.02083333395421505,0.02083333395421505,0.02083333395421505,0.02083333395421505,0.02083333395421505
1,MIMAT0027426,MAPK1,mir_regulates_mrna,,0.02083333395421505,0.02083333395421505,0.02083333395421505,0.02083333395421505,0.02083333395421505
1,MIMAT0027455,MAPK1,mir_regulates_mrna,,0.02083333395421505,0.02083333395421505,0.02083333395421505,0.02083333395421505,0.02083333395421505
1,MIMAT0027520,MAPK1,mir_regulates_mrna,,0.02083333395421505,0.02083333395421505,0.02083333395421505,0.02083333395421505,0.02083333395421505
1,MIMAT0027526,MAPK1,mir_regulates_mrna,,0.02083333395421505,0.02083333395421505,0.02083333395421505,0.02083333395421505,0.02083333395421505
1,MIMAT0027606,MAPK1,mir_regulates_mrna,,0.02083333395421505,0.02083333395421505,0.02083333395421505,0.02083333395421505,0.02083333395421505
1,MIMAT0027616,MAPK1,mir_regulates_mrna,,0.02083333395421505,0.02083333395421505,0.02083333395421505,0.02083333395421505,0.02083333395421505
1,MIMAT0027625,MAPK1,mir_regulates_mrna,,0.02083333395421505,0.02083333395421505,0.02083333395421505,0.02083333395421505,0.02083333395421505
1,MIMAT0027635,MAPK1,mir_regulates_mrna,,0.02083333395421505,0.02083333395421505,0.02083333395421505,0.02083333395421505,0.02083333395421505
1,MIMAT0027667,MAPK1,mir_regulates_mrna,,0.02083333395421505,0.02083333395421505,0.02083333395421505,0.02083333395421505,0.02083333395421505
1,MIMAT0028120,MAPK1,mir_regulates_mrna,,0.02083333395421505,0.02083333395421505,0.02083333395421505,0.02083333395421505,0.02083333395421505
1,MIMAT0019893,MAPK1,mir_regulates_mrna,,0.02083333395421505,0.02083333395421505,0.02083333395421505,0.02083333395421505,0.02083333395421505
1,MIMAT0022275,MAPK1,mir_regulates_mrna,,0.02083333395421505,0.02083333395421505,0.02083333395421505,0.02083333395421505,0.02083333395421505
1,MIMAT0000435,MAPK7,mir_regulates_mrna,,0.5,0.5,0.5,0.5,0.5
1,MIMAT0004945,MAPK7,mir_regulates_mrna,,0.5,0.5,0.5,0.5,0.5
1,MIMAT0001412,MAPK13,mir_regulates_mrna,,0.1428571492433548,0.1428571492433548,0.1428571492433548,0.1428571492433548,0.1428571492433548
1,MIMAT0019053,MAPK13,mir_regulates_mrna,,0.1428571492433548,0.1428571492433548,0.1428571492433548,0.1428571492433548,0.1428571492433548
1,MIMAT0019908,MAPK13,mir_regulates_mrna,,0.1428571492433548,0.1428571492433548,0.1428571492433548,0.1428571492433548,0.1428571492433548
1,MIMAT0021043,MAPK13,mir_regulates_mrna,,0.1428571492433548,0.1428571492433548,0.1428571492433548,0.1428571492433548,0.1428571492433548
1,MIMAT0022297,MAPK13,mir_regulates_mrna,,0.1428571492433548,0.1428571492433548,0.1428571492433548,0.1428571492433548,0.1428571492433548
1,MIMAT0027490,MAPK13,mir_regulates_mrna,,0.1428571492433548,0.1428571492433548,0.1428571492433548,0.1428571492433548,0.1428571492433548
1,MIMAT0027496,MAPK13,mir_regulates_mrna,,0.1428571492433548,0.1428571492433548,0.1428571492433548,0.1428571492433548,0.1428571492433548
1,MIMAT0002820,MAP2K1,mir_regulates_mrna,,0.5,0.5,0.5,0.5,0.5
1,MIMAT0027612,MAP2K1,mir_regulates_mrna,,0.5,0.5,0.5,0.5,0.5
1,MIMAT0000089,RASA1,mir_regulates_mrna,,0.3333333432674408,0.3333333432674408,0.3333333432674408,0.3333333432674408,0.3333333432674408
1,MIMAT0000271,RASA1,mir_regulates_mrna,,0.3333333432674408,0.3333333432674408,0.3333333432674408,0.3333333432674408,0.3333333432674408
1,MIMAT0000416,RASA1,mir_regulates_mrna,,0.3333333432674408,0.3333333432674408,0.3333333432674408,0.3333333432674408,0.3333333432674408
1,MIMAT0003316,MAP3K7,mir_regulates_mrna,,0.1666666716337204,0.1666666716337204,0.1666666716337204,0.1666666716337204,0.1666666716337204
1,MIMAT0013517,MAP3K7,mir_regulates_mrna,,0.1666666716337204,0.1666666716337204,0.1666666716337204,0.1666666716337204,0.1666666716337204
1,MIMAT0022298,MAP3K7,mir_regulates_mrna,,0.1666666716337204,0.1666666716337204,0.1666666716337204,0.1666666716337204,0.1666666716337204
1,MIMAT0022489,MAP3K7,mir_regulates_mrna,,0.1666666716337204,0.1666666716337204,0.1666666716337204,0.1666666716337204,0.1666666716337204
1,MIMAT0000069,MAP3K7,mir_regulates_mrna,,0.1666666716337204,0.1666666716337204,0.1666666716337204,0.1666666716337204,0.1666666716337204
1,MIMAT0027686,MAP3K7,mir_regulates_mrna,,0.1666666716337204,0.1666666716337204,0.1666666716337204,0.1666666716337204,0.1666666716337204
1,MIMAT0000092,ARRB1,mir_regulates_mrna,,0.0416666679084301,0.0416666679084301,0.0416666679084301,0.0416666679084301,0.0416666679084301
1,MIMAT0004508,ARRB1,mir_regulates_mrna,,0.0416666679084301,0.0416666679084301,0.0416666679084301,0.0416666679084301,0.0416666679084301
1,MIMAT0004602,ARRB1,mir_regulates_mrna,,0.0416666679084301,0.0416666679084301,0.0416666679084301,0.0416666679084301,0.0416666679084301
1,MIMAT0002807,ARRB1,mir_regulates_mrna,,0.0416666679084301,0.0416666679084301,0.0416666679084301,0.0416666679084301,0.0416666679084301
1,MIMAT0003312,ARRB1,mir_regulates_mrna,,0.0416666679084301,0.0416666679084301,0.0416666679084301,0.0416666679084301,0.0416666679084301
1,MIMAT0003945,ARRB1,mir_regulates_mrna,,0.0416666679084301,0.0416666679084301,0.0416666679084301,0.0416666679084301,0.0416666679084301
1,MIMAT0007348,ARRB1,mir_regulates_mrna,,0.0416666679084301,0.0416666679084301,0.0416666679084301,0.0416666679084301,0.0416666679084301
1,MIMAT0026921,ARRB1,mir_regulates_mrna,,0.0416666679084301,0.0416666679084301,0.0416666679084301,0.0416666679084301,0.0416666679084301
1,MIMAT0015023,ARRB1,mir_regulates_mrna,,0.0416666679084301,0.0416666679084301,0.0416666679084301,0.0416666679084301,0.0416666679084301
1,MIMAT0015052,ARRB1,mir_regulates_mrna,,0.0416666679084301,0.0416666679084301,0.0416666679084301,0.0416666679084301,0.0416666679084301
1,MIMAT0018349,ARRB1,mir_regulates_mrna,,0.0416666679084301,0.0416666679084301,0.0416666679084301,0.0416666679084301,0.0416666679084301
1,MIMAT0018996,ARRB1,mir_regulates_mrna,,0.0416666679084301,0.0416666679084301,0.0416666679084301,0.0416666679084301,0.0416666679084301
1,MIMAT0027038,ARRB1,mir_regulates_mrna,,0.0416666679084301,0.0416666679084301,0.0416666679084301,0.0416666679084301,0.0416666679084301
1,MIMAT0019938,ARRB1,mir_regulates_mrna,,0.0416666679084301,0.0416666679084301,0.0416666679084301,0.0416666679084301,0.0416666679084301
1,MIMAT0024599,ARRB1,mir_regulates_mrna,,0.0416666679084301,0.0416666679084301,0.0416666679084301,0.0416666679084301,0.0416666679084301
1,MIMAT0027426,ARRB1,mir_regulates_mrna,,0.0416666679084301,0.0416666679084301,0.0416666679084301,0.0416666679084301,0.0416666679084301
1,MIMAT0027508,ARRB1,mir_regulates_mrna,,0.0416666679084301,0.0416666679084301,0.0416666679084301,0.0416666679084301,0.0416666679084301
1,MIMAT0027675,ARRB1,mir_regulates_mrna,,0.0416666679084301,0.0416666679084301,0.0416666679084301,0.0416666679084301,0.0416666679084301
1,MIMAT0027685,ARRB1,mir_regulates_mrna,,0.0416666679084301,0.0416666679084301,0.0416666679084301,0.0416666679084301,0.0416666679084301
1,MIMAT0028109,ARRB1,mir_regulates_mrna,,0.0416666679084301,0.0416666679084301,0.0416666679084301,0.0416666679084301,0.0416666679084301
1,MIMAT0010367,ARRB1,mir_regulates_mrna,,0.0416666679084301,0.0416666679084301,0.0416666679084301,0.0416666679084301,0.0416666679084301
1,MIMAT0019225,ARRB1,mir_regulates_mrna,,0.0416666679084301,0.0416666679084301,0.0416666679084301,0.0416666679084301,0.0416666679084301
1,MIMAT0019700,ARRB1,mir_regulates_mrna,,0.0416666679084301,0.0416666679084301,0.0416666679084301,0.0416666679084301,0.0416666679084301
1,MIMAT0019744,ARRB1,mir_regulates_mrna,,0.0416666679084301,0.0416666679084301,0.0416666679084301,0.0416666679084301,0.0416666679084301
1,MIMAT0019763,DUSP3,mir_regulates_mrna,,0.3333333432674408,0.3333333432674408,0.3333333432674408,0.3333333432674408,0.3333333432674408
1,MIMAT0027514,DUSP3,mir_regulates_mrna,,0.3333333432674408,0.3333333432674408,0.3333333432674408,0.3333333432674408,0.3333333432674408
1,MIMAT0027595,DUSP3,mir_regulates_mrna,,0.3333333432674408,0.3333333432674408,0.3333333432674408,0.3333333432674408,0.3333333432674408
1,MIMAT0000451,FLT3,mir_regulates_mrna,,1.0,1.0,1.0,1.0,1.0
1,MIMAT0018980,DUSP1,mir_regulates_mrna,,1.0,1.0,1.0,1.0,1.0
1,MIMAT0000070,DUSP2,mir_regulates_mrna,,0.1111111119389534,0.1111111119389534,0.1111111119389534,0.1111111119389534,0.1111111119389534
1,MIMAT0000075,DUSP2,mir_regulates_mrna,,0.1111111119389534,0.1111111119389534,0.1111111119389534,0.1111111119389534,0.1111111119389534
1,MIMAT0000103,DUSP2,mir_regulates_mrna,,0.1111111119389534,0.1111111119389534,0.1111111119389534,0.1111111119389534,0.1111111119389534
1,MIMAT0000680,DUSP2,mir_regulates_mrna,,0.1111111119389534,0.1111111119389534,0.1111111119389534,0.1111111119389534,0.1111111119389534
1,MIMAT0000726,DUSP2,mir_regulates_mrna,,0.1111111119389534,0.1111111119389534,0.1111111119389534,0.1111111119389534,0.1111111119389534
1,MIMAT0001413,DUSP2,mir_regulates_mrna,,0.1111111119389534,0.1111111119389534,0.1111111119389534,0.1111111119389534,0.1111111119389534
1,MIMAT0019939,DUSP2,mir_regulates_mrna,,0.1111111119389534,0.1111111119389534,0.1111111119389534,0.1111111119389534,0.1111111119389534
1,MIMAT0027573,DUSP2,mir_regulates_mrna,,0.1111111119389534,0.1111111119389534,0.1111111119389534,0.1111111119389534,0.1111111119389534
1,MIMAT0027690,DUSP2,mir_regulates_mrna,,0.1111111119389534,0.1111111119389534,0.1111111119389534,0.1111111119389534,0.1111111119389534
1,MIMAT0000765,DUSP5,mir_regulates_mrna,,0.5,0.5,0.5,0.5,0.5
1,MIMAT0002821,DUSP5,mir_regulates_mrna,,0.5,0.5,0.5,0.5,0.5
1,MIMAT0005589,DUSP8,mir_regulates_mrna,,0.3333333432674408,0.3333333432674408,0.3333333432674408,0.3333333432674408,0.3333333432674408
1,MIMAT0015028,DUSP8,mir_regulates_mrna,,0.3333333432674408,0.3333333432674408,0.3333333432674408,0.3333333432674408,0.3333333432674408
1,MIMAT0019019,DUSP8,mir_regulates_mrna,,0.3333333432674408,0.3333333432674408,0.3333333432674408,0.3333333432674408,0.3333333432674408
1,MIMAT0003307,EFNA1,mir_regulates_mrna,,0.10000000149011612,0.10000000149011612,0.10000000149011612,0.10000000149011612,0.10000000149011612
1,MIMAT0027363,EFNA1,mir_regulates_mrna,,0.10000000149011612,0.10000000149011612,0.10000000149011612,0.10000000149011612,0.10000000149011612
1,MIMAT0027516,EFNA1,mir_regulates_mrna,,0.10000000149011612,0.10000000149011612,0.10000000149011612,0.10000000149011612,0.10000000149011612
1,MIMAT0027686,EFNA1,mir_regulates_mrna,,0.10000000149011612,0.10000000149011612,0.10000000149011612,0.10000000149011612,0.10000000149011612
1,MIMAT0004508,EFNA1,mir_regulates_mrna,,0.10000000149011612,0.10000000149011612,0.10000000149011612,0.10000000149011612,0.10000000149011612
1,MIMAT0004674,EFNA1,mir_regulates_mrna,,0.10000000149011612,0.10000000149011612,0.10000000149011612,0.10000000149011612,0.10000000149011612
1,MIMAT0002823,EFNA1,mir_regulates_mrna,,0.10000000149011612,0.10000000149011612,0.10000000149011612,0.10000000149011612,0.10000000149011612
1,MIMAT0015023,EFNA1,mir_regulates_mrna,,0.10000000149011612,0.10000000149011612,0.10000000149011612,0.10000000149011612,0.10000000149011612
1,MIMAT0019079,EFNA1,mir_regulates_mrna,,0.10000000149011612,0.10000000149011612,0.10000000149011612,0.10000000149011612,0.10000000149011612
1,MIMAT0027550,EFNA1,mir_regulates_mrna,,0.10000000149011612,0.10000000149011612,0.10000000149011612,0.10000000149011612,0.10000000149011612
1,MIMAT0004703,FGF10,mir_regulates_mrna,,0.125,0.125,0.125,0.125,0.125
1,MIMAT0002808,FGF10,mir_regulates_mrna,,0.125,0.125,0.125,0.125,0.125
1,MIMAT0002860,FGF10,mir_regulates_mrna,,0.125,0.125,0.125,0.125,0.125
1,MIMAT0006778,FGF10,mir_regulates_mrna,,0.125,0.125,0.125,0.125,0.125
1,MIMAT0004959,FGF10,mir_regulates_mrna,,0.125,0.125,0.125,0.125,0.125
1,MIMAT0027561,FGF10,mir_regulates_mrna,,0.125,0.125,0.125,0.125,0.125
1,MIMAT0028214,FGF10,mir_regulates_mrna,,0.125,0.125,0.125,0.125,0.125
1,MIMAT0030020,FGF10,mir_regulates_mrna,,0.125,0.125,0.125,0.125,0.125
1,MIMAT0000063,NFATC3,mir_regulates_mrna,,0.20000000298023224,0.20000000298023224,0.20000000298023224,0.20000000298023224,0.20000000298023224
1,MIMAT0000762,NFATC3,mir_regulates_mrna,,0.20000000298023224,0.20000000298023224,0.20000000298023224,0.20000000298023224,0.20000000298023224
1,MIMAT0002841,NFATC3,mir_regulates_mrna,,0.20000000298023224,0.20000000298023224,0.20000000298023224,0.20000000298023224,0.20000000298023224
1,MIMAT0026736,NFATC3,mir_regulates_mrna,,0.20000000298023224,0.20000000298023224,0.20000000298023224,0.20000000298023224,0.20000000298023224
1,MIMAT0015028,NFATC3,mir_regulates_mrna,,0.20000000298023224,0.20000000298023224,0.20000000298023224,0.20000000298023224,0.20000000298023224
1,MIMAT0000068,RPS6KA3,mir_regulates_mrna,,0.06666667014360428,0.06666667014360428,0.06666667014360428,0.06666667014360428,0.06666667014360428
1,MIMAT0000258,RPS6KA3,mir_regulates_mrna,,0.06666667014360428,0.06666667014360428,0.06666667014360428,0.06666667014360428,0.06666667014360428
1,MIMAT0000417,RPS6KA3,mir_regulates_mrna,,0.06666667014360428,0.06666667014360428,0.06666667014360428,0.06666667014360428,0.06666667014360428
1,MIMAT0002842,RPS6KA3,mir_regulates_mrna,,0.06666667014360428,0.06666667014360428,0.06666667014360428,0.06666667014360428,0.06666667014360428
1,MIMAT0003306,RPS6KA3,mir_regulates_mrna,,0.06666667014360428,0.06666667014360428,0.06666667014360428,0.06666667014360428,0.06666667014360428
1,MIMAT0005794,RPS6KA3,mir_regulates_mrna,,0.06666667014360428,0.06666667014360428,0.06666667014360428,0.06666667014360428,0.06666667014360428
1,MIMAT0003948,RPS6KA3,mir_regulates_mrna,,0.06666667014360428,0.06666667014360428,0.06666667014360428,0.06666667014360428,0.06666667014360428
1,MIMAT0005592,RPS6KA3,mir_regulates_mrna,,0.06666667014360428,0.06666667014360428,0.06666667014360428,0.06666667014360428,0.06666667014360428
1,MIMAT0014988,RPS6KA3,mir_regulates_mrna,,0.06666667014360428,0.06666667014360428,0.06666667014360428,0.06666667014360428,0.06666667014360428
1,MIMAT0019836,RPS6KA3,mir_regulates_mrna,,0.06666667014360428,0.06666667014360428,0.06666667014360428,0.06666667014360428,0.06666667014360428
1,MIMAT0019842,RPS6KA3,mir_regulates_mrna,,0.06666667014360428,0.06666667014360428,0.06666667014360428,0.06666667014360428,0.06666667014360428
1,MIMAT0024782,RPS6KA3,mir_regulates_mrna,,0.06666667014360428,0.06666667014360428,0.06666667014360428,0.06666667014360428,0.06666667014360428
1,MIMAT0027416,RPS6KA3,mir_regulates_mrna,,0.06666667014360428,0.06666667014360428,0.06666667014360428,0.06666667014360428,0.06666667014360428
1,MIMAT0027612,RPS6KA3,mir_regulates_mrna,,0.06666667014360428,0.06666667014360428,0.06666667014360428,0.06666667014360428,0.06666667014360428
1,MIMAT0027618,RPS6KA3,mir_regulates_mrna,,0.06666667014360428,0.06666667014360428,0.06666667014360428,0.06666667014360428,0.06666667014360428
1,MIMAT0004508,TRAF6,mir_regulates_mrna,,0.03030303120613098,0.03030303120613098,0.03030303120613098,0.03030303120613098,0.03030303120613098
1,MIMAT0000443,TRAF6,mir_regulates_mrna,,0.03030303120613098,0.03030303120613098,0.03030303120613098,0.03030303120613098,0.03030303120613098
1,MIMAT0003385,TRAF6,mir_regulates_mrna,,0.03030303120613098,0.03030303120613098,0.03030303120613098,0.03030303120613098,0.03030303120613098
1,MIMAT0002809,TRAF6,mir_regulates_mrna,,0.03030303120613098,0.03030303120613098,0.03030303120613098,0.03030303120613098,0.03030303120613098
1,MIMAT0002871,TRAF6,mir_regulates_mrna,,0.03030303120613098,0.03030303120613098,0.03030303120613098,0.03030303120613098,0.03030303120613098
1,MIMAT0004784,TRAF6,mir_regulates_mrna,,0.03030303120613098,0.03030303120613098,0.03030303120613098,0.03030303120613098,0.03030303120613098
1,MIMAT0005892,TRAF6,mir_regulates_mrna,,0.03030303120613098,0.03030303120613098,0.03030303120613098,0.03030303120613098,0.03030303120613098
1,MIMAT0032029,TRAF6,mir_regulates_mrna,,0.03030303120613098,0.03030303120613098,0.03030303120613098,0.03030303120613098,0.03030303120613098
1,MIMAT0005904,TRAF6,mir_regulates_mrna,,0.03030303120613098,0.03030303120613098,0.03030303120613098,0.03030303120613098,0.03030303120613098
1,MIMAT0015052,TRAF6,mir_regulates_mrna,,0.03030303120613098,0.03030303120613098,0.03030303120613098,0.03030303120613098,0.03030303120613098
1,MIMAT0015089,TRAF6,mir_regulates_mrna,,0.03030303120613098,0.03030303120613098,0.03030303120613098,0.03030303120613098,0.03030303120613098
1,MIMAT0019008,TRAF6,mir_regulates_mrna,,0.03030303120613098,0.03030303120613098,0.03030303120613098,0.03030303120613098,0.03030303120613098
1,MIMAT0022484,TRAF6,mir_regulates_mrna,,0.03030303120613098,0.03030303120613098,0.03030303120613098,0.03030303120613098,0.03030303120613098
1,MIMAT0023711,TRAF6,mir_regulates_mrna,,0.03030303120613098,0.03030303120613098,0.03030303120613098,0.03030303120613098,0.03030303120613098
1,MIMAT0024610,TRAF6,mir_regulates_mrna,,0.03030303120613098,0.03030303120613098,0.03030303120613098,0.03030303120613098,0.03030303120613098
1,MIMAT0024617,TRAF6,mir_regulates_mrna,,0.03030303120613098,0.03030303120613098,0.03030303120613098,0.03030303120613098,0.03030303120613098
1,MIMAT0024618,TRAF6,mir_regulates_mrna,,0.03030303120613098,0.03030303120613098,0.03030303120613098,0.03030303120613098,0.03030303120613098
1,MIMAT0025451,TRAF6,mir_regulates_mrna,,0.03030303120613098,0.03030303120613098,0.03030303120613098,0.03030303120613098,0.03030303120613098
1,MIMAT0027396,TRAF6,mir_regulates_mrna,,0.03030303120613098,0.03030303120613098,0.03030303120613098,0.03030303120613098,0.03030303120613098
1,MIMAT0027426,TRAF6,mir_regulates_mrna,,0.03030303120613098,0.03030303120613098,0.03030303120613098,0.03030303120613098,0.03030303120613098
1,MIMAT0027432,TRAF6,mir_regulates_mrna,,0.03030303120613098,0.03030303120613098,0.03030303120613098,0.03030303120613098,0.03030303120613098
1,MIMAT0027438,TRAF6,mir_regulates_mrna,,0.03030303120613098,0.03030303120613098,0.03030303120613098,0.03030303120613098,0.03030303120613098
1,MIMAT0027470,TRAF6,mir_regulates_mrna,,0.03030303120613098,0.03030303120613098,0.03030303120613098,0.03030303120613098,0.03030303120613098
1,MIMAT0027498,TRAF6,mir_regulates_mrna,,0.03030303120613098,0.03030303120613098,0.03030303120613098,0.03030303120613098,0.03030303120613098
1,MIMAT0027550,TRAF6,mir_regulates_mrna,,0.03030303120613098,0.03030303120613098,0.03030303120613098,0.03030303120613098,0.03030303120613098
1,MIMAT0027602,TRAF6,mir_regulates_mrna,,0.03030303120613098,0.03030303120613098,0.03030303120613098,0.03030303120613098,0.03030303120613098
1,MIMAT0027660,TRAF6,mir_regulates_mrna,,0.03030303120613098,0.03030303120613098,0.03030303120613098,0.03030303120613098,0.03030303120613098
1,MIMAT0000428,TRAF6,mir_regulates_mrna,,0.03030303120613098,0.03030303120613098,0.03030303120613098,0.03030303120613098,0.03030303120613098
1,MIMAT0022721,TRAF6,mir_regulates_mrna,,0.03030303120613098,0.03030303120613098,0.03030303120613098,0.03030303120613098,0.03030303120613098
1,MIMAT0019849,TRAF6,mir_regulates_mrna,,0.03030303120613098,0.03030303120613098,0.03030303120613098,0.03030303120613098,0.03030303120613098
1,MIMAT0027391,TRAF6,mir_regulates_mrna,,0.03030303120613098,0.03030303120613098,0.03030303120613098,0.03030303120613098,0.03030303120613098
1,MIMAT0027638,TRAF6,mir_regulates_mrna,,0.03030303120613098,0.03030303120613098,0.03030303120613098,0.03030303120613098,0.03030303120613098
1,MIMAT0027656,TRAF6,mir_regulates_mrna,,0.03030303120613098,0.03030303120613098,0.03030303120613098,0.03030303120613098,0.03030303120613098
1,MIMAT0004761,MAPKAPK2,mir_regulates_mrna,,0.125,0.125,0.125,0.125,0.125
1,MIMAT0003302,MAPKAPK2,mir_regulates_mrna,,0.125,0.125,0.125,0.125,0.125
1,MIMAT0019977,MAPKAPK2,mir_regulates_mrna,,0.125,0.125,0.125,0.125,0.125
1,MIMAT0027456,MAPKAPK2,mir_regulates_mrna,,0.125,0.125,0.125,0.125,0.125
1,MIMAT0027554,MAPKAPK2,mir_regulates_mrna,,0.125,0.125,0.125,0.125,0.125
1,MIMAT0002173,MAPKAPK2,mir_regulates_mrna,,0.125,0.125,0.125,0.125,0.125
1,MIMAT0022295,MAPKAPK2,mir_regulates_mrna,,0.125,0.125,0.125,0.125,0.125
1,MIMAT0027636,MAPKAPK2,mir_regulates_mrna,,0.125,0.125,0.125,0.125,0.125
1,MIMAT0005929,EFNA3,mir_regulates_mrna,,0.10000000149011612,0.10000000149011612,0.10000000149011612,0.10000000149011612,0.10000000149011612
1,MIMAT0011778,EFNA3,mir_regulates_mrna,,0.10000000149011612,0.10000000149011612,0.10000000149011612,0.10000000149011612,0.10000000149011612
1,MIMAT0016884,EFNA3,mir_regulates_mrna,,0.10000000149011612,0.10000000149011612,0.10000000149011612,0.10000000149011612,0.10000000149011612
1,MIMAT0019064,EFNA3,mir_regulates_mrna,,0.10000000149011612,0.10000000149011612,0.10000000149011612,0.10000000149011612,0.10000000149011612
1,MIMAT0019878,EFNA3,mir_regulates_mrna,,0.10000000149011612,0.10000000149011612,0.10000000149011612,0.10000000149011612,0.10000000149011612
1,MIMAT0027456,EFNA3,mir_regulates_mrna,,0.10000000149011612,0.10000000149011612,0.10000000149011612,0.10000000149011612,0.10000000149011612
1,MIMAT0027550,EFNA3,mir_regulates_mrna,,0.10000000149011612,0.10000000149011612,0.10000000149011612,0.10000000149011612,0.10000000149011612
1,MIMAT0027640,EFNA3,mir_regulates_mrna,,0.10000000149011612,0.10000000149011612,0.10000000149011612,0.10000000149011612,0.10000000149011612
1,MIMAT0028109,EFNA3,mir_regulates_mrna,,0.10000000149011612,0.10000000149011612,0.10000000149011612,0.10000000149011612,0.10000000149011612
1,MIMAT0028119,EFNA3,mir_regulates_mrna,,0.10000000149011612,0.10000000149011612,0.10000000149011612,0.10000000149011612,0.10000000149011612
1,MIMAT0004674,FGF19,mir_regulates_mrna,,0.06666667014360428,0.06666667014360428,0.06666667014360428,0.06666667014360428,0.06666667014360428
1,MIMAT0003320,FGF19,mir_regulates_mrna,,0.06666667014360428,0.06666667014360428,0.06666667014360428,0.06666667014360428,0.06666667014360428
1,MIMAT0010313,FGF19,mir_regulates_mrna,,0.06666667014360428,0.06666667014360428,0.06666667014360428,0.06666667014360428,0.06666667014360428
1,MIMAT0005884,FGF19,mir_regulates_mrna,,0.06666667014360428,0.06666667014360428,0.06666667014360428,0.06666667014360428,0.06666667014360428
1,MIMAT0015076,FGF19,mir_regulates_mrna,,0.06666667014360428,0.06666667014360428,0.06666667014360428,0.06666667014360428,0.06666667014360428
1,MIMAT0022967,FGF19,mir_regulates_mrna,,0.06666667014360428,0.06666667014360428,0.06666667014360428,0.06666667014360428,0.06666667014360428
1,MIMAT0018087,FGF19,mir_regulates_mrna,,0.06666667014360428,0.06666667014360428,0.06666667014360428,0.06666667014360428,0.06666667014360428
1,MIMAT0018965,FGF19,mir_regulates_mrna,,0.06666667014360428,0.06666667014360428,0.06666667014360428,0.06666667014360428,0.06666667014360428
1,MIMAT0019835,FGF19,mir_regulates_mrna,,0.06666667014360428,0.06666667014360428,0.06666667014360428,0.06666667014360428,0.06666667014360428
1,MIMAT0021021,FGF19,mir_regulates_mrna,,0.06666667014360428,0.06666667014360428,0.06666667014360428,0.06666667014360428,0.06666667014360428
1,MIMAT0027438,FGF19,mir_regulates_mrna,,0.06666667014360428,0.06666667014360428,0.06666667014360428,0.06666667014360428,0.06666667014360428
1,MIMAT0027538,FGF19,mir_regulates_mrna,,0.06666667014360428,0.06666667014360428,0.06666667014360428,0.06666667014360428,0.06666667014360428
1,MIMAT0027558,FGF19,mir_regulates_mrna,,0.06666667014360428,0.06666667014360428,0.06666667014360428,0.06666667014360428,0.06666667014360428
1,MIMAT0027620,FGF19,mir_regulates_mrna,,0.06666667014360428,0.06666667014360428,0.06666667014360428,0.06666667014360428,0.06666667014360428
1,MIMAT0030429,FGF19,mir_regulates_mrna,,0.06666667014360428,0.06666667014360428,0.06666667014360428,0.06666667014360428,0.06666667014360428
1,MIMAT0000075,CRK,mir_regulates_mrna,,0.024390242993831635,0.024390242993831635,0.024390242993831635,0.024390242993831635,0.024390242993831635
1,MIMAT0004674,CRK,mir_regulates_mrna,,0.024390242993831635,0.024390242993831635,0.024390242993831635,0.024390242993831635,0.024390242993831635
1,MIMAT0000718,CRK,mir_regulates_mrna,,0.024390242993831635,0.024390242993831635,0.024390242993831635,0.024390242993831635,0.024390242993831635
1,MIMAT0001629,CRK,mir_regulates_mrna,,0.024390242993831635,0.024390242993831635,0.024390242993831635,0.024390242993831635,0.024390242993831635
1,MIMAT0002822,CRK,mir_regulates_mrna,,0.024390242993831635,0.024390242993831635,0.024390242993831635,0.024390242993831635,0.024390242993831635
1,MIMAT0031074,CRK,mir_regulates_mrna,,0.024390242993831635,0.024390242993831635,0.024390242993831635,0.024390242993831635,0.024390242993831635
1,MIMAT0026617,CRK,mir_regulates_mrna,,0.024390242993831635,0.024390242993831635,0.024390242993831635,0.024390242993831635,0.024390242993831635
1,MIMAT0026621,CRK,mir_regulates_mrna,,0.024390242993831635,0.024390242993831635,0.024390242993831635,0.024390242993831635,0.024390242993831635
1,MIMAT0003310,CRK,mir_regulates_mrna,,0.024390242993831635,0.024390242993831635,0.024390242993831635,0.024390242993831635,0.024390242993831635
1,MIMAT0022720,CRK,mir_regulates_mrna,,0.024390242993831635,0.024390242993831635,0.024390242993831635,0.024390242993831635,0.024390242993831635
1,MIMAT0015008,CRK,mir_regulates_mrna,,0.024390242993831635,0.024390242993831635,0.024390242993831635,0.024390242993831635,0.024390242993831635
1,MIMAT0015041,CRK,mir_regulates_mrna,,0.024390242993831635,0.024390242993831635,0.024390242993831635,0.024390242993831635,0.024390242993831635
1,MIMAT0015066,CRK,mir_regulates_mrna,,0.024390242993831635,0.024390242993831635,0.024390242993831635,0.024390242993831635,0.024390242993831635
1,MIMAT0016871,CRK,mir_regulates_mrna,,0.024390242993831635,0.024390242993831635,0.024390242993831635,0.024390242993831635,0.024390242993831635
1,MIMAT0016915,CRK,mir_regulates_mrna,,0.024390242993831635,0.024390242993831635,0.024390242993831635,0.024390242993831635,0.024390242993831635
1,MIMAT0018004,CRK,mir_regulates_mrna,,0.024390242993831635,0.024390242993831635,0.024390242993831635,0.024390242993831635,0.024390242993831635
1,MIMAT0018987,CRK,mir_regulates_mrna,,0.024390242993831635,0.024390242993831635,0.024390242993831635,0.024390242993831635,0.024390242993831635
1,MIMAT0019021,CRK,mir_regulates_mrna,,0.024390242993831635,0.024390242993831635,0.024390242993831635,0.024390242993831635,0.024390242993831635
1,MIMAT0019844,CRK,mir_regulates_mrna,,0.024390242993831635,0.024390242993831635,0.024390242993831635,0.024390242993831635,0.024390242993831635
1,MIMAT0021128,CRK,mir_regulates_mrna,,0.024390242993831635,0.024390242993831635,0.024390242993831635,0.024390242993831635,0.024390242993831635
1,MIMAT0027363,CRK,mir_regulates_mrna,,0.024390242993831635,0.024390242993831635,0.024390242993831635,0.024390242993831635,0.024390242993831635
1,MIMAT0027520,CRK,mir_regulates_mrna,,0.024390242993831635,0.024390242993831635,0.024390242993831635,0.024390242993831635,0.024390242993831635
1,MIMAT0027543,CRK,mir_regulates_mrna,,0.024390242993831635,0.024390242993831635,0.024390242993831635,0.024390242993831635,0.024390242993831635
1,MIMAT0027572,CRK,mir_regulates_mrna,,0.024390242993831635,0.024390242993831635,0.024390242993831635,0.024390242993831635,0.024390242993831635
1,MIMAT0027687,CRK,mir_regulates_mrna,,0.024390242993831635,0.024390242993831635,0.024390242993831635,0.024390242993831635,0.024390242993831635
1,MIMAT0030426,CRK,mir_regulates_mrna,,0.024390242993831635,0.024390242993831635,0.024390242993831635,0.024390242993831635,0.024390242993831635
1,MIMAT0031012,CRK,mir_regulates_mrna,,0.024390242993831635,0.024390242993831635,0.024390242993831635,0.024390242993831635,0.024390242993831635
1,MIMAT0003288,CRK,mir_regulates_mrna,,0.024390242993831635,0.024390242993831635,0.024390242993831635,0.024390242993831635,0.024390242993831635
1,MIMAT0005792,CRK,mir_regulates_mrna,,0.024390242993831635,0.024390242993831635,0.024390242993831635,0.024390242993831635,0.024390242993831635
1,MIMAT0026917,CRK,mir_regulates_mrna,,0.024390242993831635,0.024390242993831635,0.024390242993831635,0.024390242993831635,0.024390242993831635
1,MIMAT0015037,CRK,mir_regulates_mrna,,0.024390242993831635,0.024390242993831635,0.024390242993831635,0.024390242993831635,0.024390242993831635
1,MIMAT0016881,CRK,mir_regulates_mrna,,0.024390242993831635,0.024390242993831635,0.024390242993831635,0.024390242993831635,0.024390242993831635
1,MIMAT0017986,CRK,mir_regulates_mrna,,0.024390242993831635,0.024390242993831635,0.024390242993831635,0.024390242993831635,0.024390242993831635
1,MIMAT0018930,CRK,mir_regulates_mrna,,0.024390242993831635,0.024390242993831635,0.024390242993831635,0.024390242993831635,0.024390242993831635
1,MIMAT0019882,CRK,mir_regulates_mrna,,0.024390242993831635,0.024390242993831635,0.024390242993831635,0.024390242993831635,0.024390242993831635
1,MIMAT0019962,CRK,mir_regulates_mrna,,0.024390242993831635,0.024390242993831635,0.024390242993831635,0.024390242993831635,0.024390242993831635
1,MIMAT0027426,CRK,mir_regulates_mrna,,0.024390242993831635,0.024390242993831635,0.024390242993831635,0.024390242993831635,0.024390242993831635
1,MIMAT0027476,CRK,mir_regulates_mrna,,0.024390242993831635,0.024390242993831635,0.024390242993831635,0.024390242993831635,0.024390242993831635
1,MIMAT0027583,CRK,mir_regulates_mrna,,0.024390242993831635,0.024390242993831635,0.024390242993831635,0.024390242993831635,0.024390242993831635
1,MIMAT0027614,CRK,mir_regulates_mrna,,0.024390242993831635,0.024390242993831635,0.024390242993831635,0.024390242993831635,0.024390242993831635
1,MIMAT0030416,CRK,mir_regulates_mrna,,0.024390242993831635,0.024390242993831635,0.024390242993831635,0.024390242993831635,0.024390242993831635
1,MIMAT0000071,CRKL,mir_regulates_mrna,,0.03125,0.03125,0.03125,0.03125,0.03125
1,MIMAT0031890,CRKL,mir_regulates_mrna,,0.03125,0.03125,0.03125,0.03125,0.03125
1,MIMAT0004565,CRKL,mir_regulates_mrna,,0.03125,0.03125,0.03125,0.03125,0.03125
1,MIMAT0000418,CRKL,mir_regulates_mrna,,0.03125,0.03125,0.03125,0.03125,0.03125
1,MIMAT0004599,CRKL,mir_regulates_mrna,,0.03125,0.03125,0.03125,0.03125,0.03125
1,MIMAT0002175,CRKL,mir_regulates_mrna,,0.03125,0.03125,0.03125,0.03125,0.03125
1,MIMAT0002882,CRKL,mir_regulates_mrna,,0.03125,0.03125,0.03125,0.03125,0.03125
1,MIMAT0003291,CRKL,mir_regulates_mrna,,0.03125,0.03125,0.03125,0.03125,0.03125
1,MIMAT0003320,CRKL,mir_regulates_mrna,,0.03125,0.03125,0.03125,0.03125,0.03125
1,MIMAT0010367,CRKL,mir_regulates_mrna,,0.03125,0.03125,0.03125,0.03125,0.03125
1,MIMAT0026720,CRKL,mir_regulates_mrna,,0.03125,0.03125,0.03125,0.03125,0.03125
1,MIMAT0004952,CRKL,mir_regulates_mrna,,0.03125,0.03125,0.03125,0.03125,0.03125
1,MIMAT0005869,CRKL,mir_regulates_mrna,,0.03125,0.03125,0.03125,0.03125,0.03125
1,MIMAT0006767,CRKL,mir_regulates_mrna,,0.03125,0.03125,0.03125,0.03125,0.03125
1,MIMAT0016886,CRKL,mir_regulates_mrna,,0.03125,0.03125,0.03125,0.03125,0.03125
1,MIMAT0018089,CRKL,mir_regulates_mrna,,0.03125,0.03125,0.03125,0.03125,0.03125
1,MIMAT0018122,CRKL,mir_regulates_mrna,,0.03125,0.03125,0.03125,0.03125,0.03125
1,MIMAT0018206,CRKL,mir_regulates_mrna,,0.03125,0.03125,0.03125,0.03125,0.03125
1,MIMAT0018349,CRKL,mir_regulates_mrna,,0.03125,0.03125,0.03125,0.03125,0.03125
1,MIMAT0019712,CRKL,mir_regulates_mrna,,0.03125,0.03125,0.03125,0.03125,0.03125
1,MIMAT0019788,CRKL,mir_regulates_mrna,,0.03125,0.03125,0.03125,0.03125,0.03125
1,MIMAT0019799,CRKL,mir_regulates_mrna,,0.03125,0.03125,0.03125,0.03125,0.03125
1,MIMAT0019966,CRKL,mir_regulates_mrna,,0.03125,0.03125,0.03125,0.03125,0.03125
1,MIMAT0027345,CRKL,mir_regulates_mrna,,0.03125,0.03125,0.03125,0.03125,0.03125
1,MIMAT0027386,CRKL,mir_regulates_mrna,,0.03125,0.03125,0.03125,0.03125,0.03125
1,MIMAT0027389,CRKL,mir_regulates_mrna,,0.03125,0.03125,0.03125,0.03125,0.03125
1,MIMAT0027460,CRKL,mir_regulates_mrna,,0.03125,0.03125,0.03125,0.03125,0.03125
1,MIMAT0027578,CRKL,mir_regulates_mrna,,0.03125,0.03125,0.03125,0.03125,0.03125
1,MIMAT0027668,CRKL,mir_regulates_mrna,,0.03125,0.03125,0.03125,0.03125,0.03125
1,MIMAT0027686,CRKL,mir_regulates_mrna,,0.03125,0.03125,0.03125,0.03125,0.03125
1,MIMAT0028121,CRKL,mir_regulates_mrna,,0.03125,0.03125,0.03125,0.03125,0.03125
1,MIMAT0028227,CRKL,mir_regulates_mrna,,0.03125,0.03125,0.03125,0.03125,0.03125
1,MIMAT0000763,FOS,mir_regulates_mrna,,0.3333333432674408,0.3333333432674408,0.3333333432674408,0.3333333432674408,0.3333333432674408
1,MIMAT0015378,FOS,mir_regulates_mrna,,0.3333333432674408,0.3333333432674408,0.3333333432674408,0.3333333432674408,0.3333333432674408
1,MIMAT0028213,FOS,mir_regulates_mrna,,0.3333333432674408,0.3333333432674408,0.3333333432674408,0.3333333432674408,0.3333333432674408
1,MIMAT0031180,HSPA1B,mir_regulates_mrna,,1.0,1.0,1.0,1.0,1.0
1,MIMAT0000443,MAP3K1,mir_regulates_mrna,,0.5,0.5,0.5,0.5,0.5
1,MIMAT0019759,MAP3K1,mir_regulates_mrna,,0.5,0.5,0.5,0.5,0.5
1,MIMAT0027583,TAB1,mir_regulates_mrna,,0.25,0.25,0.25,0.25,0.25
1,MIMAT0019862,TAB1,mir_regulates_mrna,,0.25,0.25,0.25,0.25,0.25
1,MIMAT0027663,TAB1,mir_regulates_mrna,,0.25,0.25,0.25,0.25,0.25
1,MIMAT0027681,TAB1,mir_regulates_mrna,,0.25,0.25,0.25,0.25,0.25
1,MIMAT0000255,RRAS,mir_regulates_mrna,,0.3333333432674408,0.3333333432674408,0.3333333432674408,0.3333333432674408,0.3333333432674408
1,MIMAT0000422,RRAS,mir_regulates_mrna,,0.3333333432674408,0.3333333432674408,0.3333333432674408,0.3333333432674408,0.3333333432674408
1,MIMAT0005892,RRAS,mir_regulates_mrna,,0.3333333432674408,0.3333333432674408,0.3333333432674408,0.3333333432674408,0.3333333432674408
1,MIMAT0004680,HSPA8,mir_regulates_mrna,,1.0,1.0,1.0,1.0,1.0
1,MIMAT0000244,RAC1,mir_regulates_mrna,,0.1111111119389534,0.1111111119389534,0.1111111119389534,0.1111111119389534,0.1111111119389534
1,MIMAT0001343,RAC1,mir_regulates_mrna,,0.1111111119389534,0.1111111119389534,0.1111111119389534,0.1111111119389534,0.1111111119389534
1,MIMAT0003247,RAC1,mir_regulates_mrna,,0.1111111119389534,0.1111111119389534,0.1111111119389534,0.1111111119389534,0.1111111119389534
1,MIMAT0003320,RAC1,mir_regulates_mrna,,0.1111111119389534,0.1111111119389534,0.1111111119389534,0.1111111119389534,0.1111111119389534
1,MIMAT0004947,RAC1,mir_regulates_mrna,,0.1111111119389534,0.1111111119389534,0.1111111119389534,0.1111111119389534,0.1111111119389534
1,MIMAT0015052,RAC1,mir_regulates_mrna,,0.1111111119389534,0.1111111119389534,0.1111111119389534,0.1111111119389534,0.1111111119389534
1,MIMAT0018114,RAC1,mir_regulates_mrna,,0.1111111119389534,0.1111111119389534,0.1111111119389534,0.1111111119389534,0.1111111119389534
1,MIMAT0027520,RAC1,mir_regulates_mrna,,0.1111111119389534,0.1111111119389534,0.1111111119389534,0.1111111119389534,0.1111111119389534
1,MIMAT0027550,RAC1,mir_regulates_mrna,,0.1111111119389534,0.1111111119389534,0.1111111119389534,0.1111111119389534,0.1111111119389534
1,MIMAT0000759,SOS2,mir_regulates_mrna,,0.5,0.5,0.5,0.5,0.5
1,MIMAT0027633,SOS2,mir_regulates_mrna,,0.5,0.5,0.5,0.5,0.5
1,MIMAT0003884,DUSP10,mir_regulates_mrna,,1.0,1.0,1.0,1.0,1.0
1,MIMAT0022946,MAPK8IP2,mir_regulates_mrna,,0.3333333432674408,0.3333333432674408,0.3333333432674408,0.3333333432674408,0.3333333432674408
1,MIMAT0019791,MAPK8IP2,mir_regulates_mrna,,0.3333333432674408,0.3333333432674408,0.3333333432674408,0.3333333432674408,0.3333333432674408
1,MIMAT0031004,MAPK8IP2,mir_regulates_mrna,,0.3333333432674408,0.3333333432674408,0.3333333432674408,0.3333333432674408,0.3333333432674408
1,MIMAT0004795,PDGFC,mir_regulates_mrna,,1.0,1.0,1.0,1.0,1.0
1,MIMAT0000257,NLK,mir_regulates_mrna,,0.25,0.25,0.25,0.25,0.25
1,MIMAT0026740,NLK,mir_regulates_mrna,,0.25,0.25,0.25,0.25,0.25
1,MIMAT0015032,NLK,mir_regulates_mrna,,0.25,0.25,0.25,0.25,0.25
1,MIMAT0027536,NLK,mir_regulates_mrna,,0.25,0.25,0.25,0.25,0.25
1,MIMAT0007888,MAP3K20,mir_regulates_mrna,,0.1666666716337204,0.1666666716337204,0.1666666716337204,0.1666666716337204,0.1666666716337204
1,MIMAT0027499,MAP3K20,mir_regulates_mrna,,0.1666666716337204,0.1666666716337204,0.1666666716337204,0.1666666716337204,0.1666666716337204
1,MIMAT0019886,MAP3K20,mir_regulates_mrna,,0.1666666716337204,0.1666666716337204,0.1666666716337204,0.1666666716337204,0.1666666716337204
1,MIMAT0019214,MAP3K20,mir_regulates_mrna,,0.1666666716337204,0.1666666716337204,0.1666666716337204,0.1666666716337204,0.1666666716337204
1,MIMAT0027405,MAP3K20,mir_regulates_mrna,,0.1666666716337204,0.1666666716337204,0.1666666716337204,0.1666666716337204,0.1666666716337204
1,MIMAT0031179,MAP3K20,mir_regulates_mrna,,0.1666666716337204,0.1666666716337204,0.1666666716337204,0.1666666716337204,0.1666666716337204
1,MIMAT0004564,MKNK2,mir_regulates_mrna,,0.03846153989434242,0.03846153989434242,0.03846153989434242,0.03846153989434242,0.03846153989434242
1,MIMAT0000419,MKNK2,mir_regulates_mrna,,0.03846153989434242,0.03846153989434242,0.03846153989434242,0.03846153989434242,0.03846153989434242
1,MIMAT0004748,MKNK2,mir_regulates_mrna,,0.03846153989434242,0.03846153989434242,0.03846153989434242,0.03846153989434242,0.03846153989434242
1,MIMAT0004986,MKNK2,mir_regulates_mrna,,0.03846153989434242,0.03846153989434242,0.03846153989434242,0.03846153989434242,0.03846153989434242
1,MIMAT0005825,MKNK2,mir_regulates_mrna,,0.03846153989434242,0.03846153989434242,0.03846153989434242,0.03846153989434242,0.03846153989434242
1,MIMAT0005907,MKNK2,mir_regulates_mrna,,0.03846153989434242,0.03846153989434242,0.03846153989434242,0.03846153989434242,0.03846153989434242
1,MIMAT0015377,MKNK2,mir_regulates_mrna,,0.03846153989434242,0.03846153989434242,0.03846153989434242,0.03846153989434242,0.03846153989434242
1,MIMAT0015014,MKNK2,mir_regulates_mrna,,0.03846153989434242,0.03846153989434242,0.03846153989434242,0.03846153989434242,0.03846153989434242
1,MIMAT0018006,MKNK2,mir_regulates_mrna,,0.03846153989434242,0.03846153989434242,0.03846153989434242,0.03846153989434242,0.03846153989434242
1,MIMAT0018081,MKNK2,mir_regulates_mrna,,0.03846153989434242,0.03846153989434242,0.03846153989434242,0.03846153989434242,0.03846153989434242
1,MIMAT0020956,MKNK2,mir_regulates_mrna,,0.03846153989434242,0.03846153989434242,0.03846153989434242,0.03846153989434242,0.03846153989434242
1,MIMAT0019716,MKNK2,mir_regulates_mrna,,0.03846153989434242,0.03846153989434242,0.03846153989434242,0.03846153989434242,0.03846153989434242
1,MIMAT0019781,MKNK2,mir_regulates_mrna,,0.03846153989434242,0.03846153989434242,0.03846153989434242,0.03846153989434242,0.03846153989434242
1,MIMAT0019844,MKNK2,mir_regulates_mrna,,0.03846153989434242,0.03846153989434242,0.03846153989434242,0.03846153989434242,0.03846153989434242
1,MIMAT0022979,MKNK2,mir_regulates_mrna,,0.03846153989434242,0.03846153989434242,0.03846153989434242,0.03846153989434242,0.03846153989434242
1,MIMAT0023702,MKNK2,mir_regulates_mrna,,0.03846153989434242,0.03846153989434242,0.03846153989434242,0.03846153989434242,0.03846153989434242
1,MIMAT0024617,MKNK2,mir_regulates_mrna,,0.03846153989434242,0.03846153989434242,0.03846153989434242,0.03846153989434242,0.03846153989434242
1,MIMAT0025852,MKNK2,mir_regulates_mrna,,0.03846153989434242,0.03846153989434242,0.03846153989434242,0.03846153989434242,0.03846153989434242
1,MIMAT0027454,MKNK2,mir_regulates_mrna,,0.03846153989434242,0.03846153989434242,0.03846153989434242,0.03846153989434242,0.03846153989434242
1,MIMAT0027470,MKNK2,mir_regulates_mrna,,0.03846153989434242,0.03846153989434242,0.03846153989434242,0.03846153989434242,0.03846153989434242
1,MIMAT0027516,MKNK2,mir_regulates_mrna,,0.03846153989434242,0.03846153989434242,0.03846153989434242,0.03846153989434242,0.03846153989434242
1,MIMAT0027666,MKNK2,mir_regulates_mrna,,0.03846153989434242,0.03846153989434242,0.03846153989434242,0.03846153989434242,0.03846153989434242
1,MIMAT0030413,MKNK2,mir_regulates_mrna,,0.03846153989434242,0.03846153989434242,0.03846153989434242,0.03846153989434242,0.03846153989434242
1,MIMAT0004611,MKNK2,mir_regulates_mrna,,0.03846153989434242,0.03846153989434242,0.03846153989434242,0.03846153989434242,0.03846153989434242
1,MIMAT0019955,MKNK2,mir_regulates_mrna,,0.03846153989434242,0.03846153989434242,0.03846153989434242,0.03846153989434242,0.03846153989434242
1,MIMAT0027431,MKNK2,mir_regulates_mrna,,0.03846153989434242,0.03846153989434242,0.03846153989434242,0.03846153989434242,0.03846153989434242
1,MIMAT0000104,GNG12,mir_regulates_mrna,,0.06666667014360428,0.06666667014360428,0.06666667014360428,0.06666667014360428,0.06666667014360428
1,MIMAT0000273,GNG12,mir_regulates_mrna,,0.06666667014360428,0.06666667014360428,0.06666667014360428,0.06666667014360428,0.06666667014360428
1,MIMAT0004748,GNG12,mir_regulates_mrna,,0.06666667014360428,0.06666667014360428,0.06666667014360428,0.06666667014360428,0.06666667014360428
1,MIMAT0002833,GNG12,mir_regulates_mrna,,0.06666667014360428,0.06666667014360428,0.06666667014360428,0.06666667014360428,0.06666667014360428
1,MIMAT0003249,GNG12,mir_regulates_mrna,,0.06666667014360428,0.06666667014360428,0.06666667014360428,0.06666667014360428,0.06666667014360428
1,MIMAT0005827,GNG12,mir_regulates_mrna,,0.06666667014360428,0.06666667014360428,0.06666667014360428,0.06666667014360428,0.06666667014360428
1,MIMAT0005878,GNG12,mir_regulates_mrna,,0.06666667014360428,0.06666667014360428,0.06666667014360428,0.06666667014360428,0.06666667014360428
1,MIMAT0019201,GNG12,mir_regulates_mrna,,0.06666667014360428,0.06666667014360428,0.06666667014360428,0.06666667014360428,0.06666667014360428
1,MIMAT0018109,GNG12,mir_regulates_mrna,,0.06666667014360428,0.06666667014360428,0.06666667014360428,0.06666667014360428,0.06666667014360428
1,MIMAT0018985,GNG12,mir_regulates_mrna,,0.06666667014360428,0.06666667014360428,0.06666667014360428,0.06666667014360428,0.06666667014360428
1,MIMAT0019709,GNG12,mir_regulates_mrna,,0.06666667014360428,0.06666667014360428,0.06666667014360428,0.06666667014360428,0.06666667014360428
1,MIMAT0019841,GNG12,mir_regulates_mrna,,0.06666667014360428,0.06666667014360428,0.06666667014360428,0.06666667014360428,0.06666667014360428
1,MIMAT0027578,GNG12,mir_regulates_mrna,,0.06666667014360428,0.06666667014360428,0.06666667014360428,0.06666667014360428,0.06666667014360428
1,MIMAT0030990,GNG12,mir_regulates_mrna,,0.06666667014360428,0.06666667014360428,0.06666667014360428,0.06666667014360428,0.06666667014360428
1,MIMAT0031007,GNG12,mir_regulates_mrna,,0.06666667014360428,0.06666667014360428,0.06666667014360428,0.06666667014360428,0.06666667014360428
1,MIMAT0000068,TAOK1,mir_regulates_mrna,,0.013513513840734959,0.013513513840734959,0.013513513840734959,0.013513513840734959,0.013513513840734959
1,MIMAT0000069,TAOK1,mir_regulates_mrna,,0.013513513840734959,0.013513513840734959,0.013513513840734959,0.013513513840734959,0.013513513840734959
1,MIMAT0022691,TAOK1,mir_regulates_mrna,,0.013513513840734959,0.013513513840734959,0.013513513840734959,0.013513513840734959,0.013513513840734959
1,MIMAT0022844,TAOK1,mir_regulates_mrna,,0.013513513840734959,0.013513513840734959,0.013513513840734959,0.013513513840734959,0.013513513840734959
1,MIMAT0000417,TAOK1,mir_regulates_mrna,,0.013513513840734959,0.013513513840734959,0.013513513840734959,0.013513513840734959,0.013513513840734959
1,MIMAT0004588,TAOK1,mir_regulates_mrna,,0.013513513840734959,0.013513513840734959,0.013513513840734959,0.013513513840734959,0.013513513840734959
1,MIMAT0000424,TAOK1,mir_regulates_mrna,,0.013513513840734959,0.013513513840734959,0.013513513840734959,0.013513513840734959,0.013513513840734959
1,MIMAT0000441,TAOK1,mir_regulates_mrna,,0.013513513840734959,0.013513513840734959,0.013513513840734959,0.013513513840734959,0.013513513840734959
1,MIMAT0004602,TAOK1,mir_regulates_mrna,,0.013513513840734959,0.013513513840734959,0.013513513840734959,0.013513513840734959,0.013513513840734959
1,MIMAT0000455,TAOK1,mir_regulates_mrna,,0.013513513840734959,0.013513513840734959,0.013513513840734959,0.013513513840734959,0.013513513840734959
1,MIMAT0000461,TAOK1,mir_regulates_mrna,,0.013513513840734959,0.013513513840734959,0.013513513840734959,0.013513513840734959,0.013513513840734959
1,MIMAT0000684,TAOK1,mir_regulates_mrna,,0.013513513840734959,0.013513513840734959,0.013513513840734959,0.013513513840734959,0.013513513840734959
1,MIMAT0000715,TAOK1,mir_regulates_mrna,,0.013513513840734959,0.013513513840734959,0.013513513840734959,0.013513513840734959,0.013513513840734959
1,MIMAT0000718,TAOK1,mir_regulates_mrna,,0.013513513840734959,0.013513513840734959,0.013513513840734959,0.013513513840734959,0.013513513840734959
1,MIMAT0000724,TAOK1,mir_regulates_mrna,,0.013513513840734959,0.013513513840734959,0.013513513840734959,0.013513513840734959,0.013513513840734959
1,MIMAT0001412,TAOK1,mir_regulates_mrna,,0.013513513840734959,0.013513513840734959,0.013513513840734959,0.013513513840734959,0.013513513840734959
1,MIMAT0004767,TAOK1,mir_regulates_mrna,,0.013513513840734959,0.013513513840734959,0.013513513840734959,0.013513513840734959,0.013513513840734959
1,MIMAT0002820,TAOK1,mir_regulates_mrna,,0.013513513840734959,0.013513513840734959,0.013513513840734959,0.013513513840734959,0.013513513840734959
1,MIMAT0002838,TAOK1,mir_regulates_mrna,,0.013513513840734959,0.013513513840734959,0.013513513840734959,0.013513513840734959,0.013513513840734959
1,MIMAT0002846,TAOK1,mir_regulates_mrna,,0.013513513840734959,0.013513513840734959,0.013513513840734959,0.013513513840734959,0.013513513840734959
1,MIMAT0002856,TAOK1,mir_regulates_mrna,,0.013513513840734959,0.013513513840734959,0.013513513840734959,0.013513513840734959,0.013513513840734959
1,MIMAT0003255,TAOK1,mir_regulates_mrna,,0.013513513840734959,0.013513513840734959,0.013513513840734959,0.013513513840734959,0.013513513840734959
1,MIMAT0026622,TAOK1,mir_regulates_mrna,,0.013513513840734959,0.013513513840734959,0.013513513840734959,0.013513513840734959,0.013513513840734959
1,MIMAT0003316,TAOK1,mir_regulates_mrna,,0.013513513840734959,0.013513513840734959,0.013513513840734959,0.013513513840734959,0.013513513840734959
1,MIMAT0026734,TAOK1,mir_regulates_mrna,,0.013513513840734959,0.013513513840734959,0.013513513840734959,0.013513513840734959,0.013513513840734959
1,MIMAT0022942,TAOK1,mir_regulates_mrna,,0.013513513840734959,0.013513513840734959,0.013513513840734959,0.013513513840734959,0.013513513840734959
1,MIMAT0005898,TAOK1,mir_regulates_mrna,,0.013513513840734959,0.013513513840734959,0.013513513840734959,0.013513513840734959,0.013513513840734959
1,MIMAT0005929,TAOK1,mir_regulates_mrna,,0.013513513840734959,0.013513513840734959,0.013513513840734959,0.013513513840734959,0.013513513840734959
1,MIMAT0014997,TAOK1,mir_regulates_mrna,,0.013513513840734959,0.013513513840734959,0.013513513840734959,0.013513513840734959,0.013513513840734959
1,MIMAT0015002,TAOK1,mir_regulates_mrna,,0.013513513840734959,0.013513513840734959,0.013513513840734959,0.013513513840734959,0.013513513840734959
1,MIMAT0015039,TAOK1,mir_regulates_mrna,,0.013513513840734959,0.013513513840734959,0.013513513840734959,0.013513513840734959,0.013513513840734959
1,MIMAT0019215,TAOK1,mir_regulates_mrna,,0.013513513840734959,0.013513513840734959,0.013513513840734959,0.013513513840734959,0.013513513840734959
1,MIMAT0016886,TAOK1,mir_regulates_mrna,,0.013513513840734959,0.013513513840734959,0.013513513840734959,0.013513513840734959,0.013513513840734959
1,MIMAT0018088,TAOK1,mir_regulates_mrna,,0.013513513840734959,0.013513513840734959,0.013513513840734959,0.013513513840734959,0.013513513840734959
1,MIMAT0018203,TAOK1,mir_regulates_mrna,,0.013513513840734959,0.013513513840734959,0.013513513840734959,0.013513513840734959,0.013513513840734959
1,MIMAT0019003,TAOK1,mir_regulates_mrna,,0.013513513840734959,0.013513513840734959,0.013513513840734959,0.013513513840734959,0.013513513840734959
1,MIMAT0019043,TAOK1,mir_regulates_mrna,,0.013513513840734959,0.013513513840734959,0.013513513840734959,0.013513513840734959,0.013513513840734959
1,MIMAT0019062,TAOK1,mir_regulates_mrna,,0.013513513840734959,0.013513513840734959,0.013513513840734959,0.013513513840734959,0.013513513840734959
1,MIMAT0019730,TAOK1,mir_regulates_mrna,,0.013513513840734959,0.013513513840734959,0.013513513840734959,0.013513513840734959,0.013513513840734959
1,MIMAT0019769,TAOK1,mir_regulates_mrna,,0.013513513840734959,0.013513513840734959,0.013513513840734959,0.013513513840734959,0.013513513840734959
1,MIMAT0019838,TAOK1,mir_regulates_mrna,,0.013513513840734959,0.013513513840734959,0.013513513840734959,0.013513513840734959,0.013513513840734959
1,MIMAT0019861,TAOK1,mir_regulates_mrna,,0.013513513840734959,0.013513513840734959,0.013513513840734959,0.013513513840734959,0.013513513840734959
1,MIMAT0019891,TAOK1,mir_regulates_mrna,,0.013513513840734959,0.013513513840734959,0.013513513840734959,0.013513513840734959,0.013513513840734959
1,MIMAT0019960,TAOK1,mir_regulates_mrna,,0.013513513840734959,0.013513513840734959,0.013513513840734959,0.013513513840734959,0.013513513840734959
1,MIMAT0021043,TAOK1,mir_regulates_mrna,,0.013513513840734959,0.013513513840734959,0.013513513840734959,0.013513513840734959,0.013513513840734959
1,MIMAT0021045,TAOK1,mir_regulates_mrna,,0.013513513840734959,0.013513513840734959,0.013513513840734959,0.013513513840734959,0.013513513840734959
1,MIMAT0021081,TAOK1,mir_regulates_mrna,,0.013513513840734959,0.013513513840734959,0.013513513840734959,0.013513513840734959,0.013513513840734959
1,MIMAT0022491,TAOK1,mir_regulates_mrna,,0.013513513840734959,0.013513513840734959,0.013513513840734959,0.013513513840734959,0.013513513840734959
1,MIMAT0025857,TAOK1,mir_regulates_mrna,,0.013513513840734959,0.013513513840734959,0.013513513840734959,0.013513513840734959,0.013513513840734959
1,MIMAT0027395,TAOK1,mir_regulates_mrna,,0.013513513840734959,0.013513513840734959,0.013513513840734959,0.013513513840734959,0.013513513840734959
1,MIMAT0027438,TAOK1,mir_regulates_mrna,,0.013513513840734959,0.013513513840734959,0.013513513840734959,0.013513513840734959,0.013513513840734959
1,MIMAT0027475,TAOK1,mir_regulates_mrna,,0.013513513840734959,0.013513513840734959,0.013513513840734959,0.013513513840734959,0.013513513840734959
1,MIMAT0027514,TAOK1,mir_regulates_mrna,,0.013513513840734959,0.013513513840734959,0.013513513840734959,0.013513513840734959,0.013513513840734959
1,MIMAT0027577,TAOK1,mir_regulates_mrna,,0.013513513840734959,0.013513513840734959,0.013513513840734959,0.013513513840734959,0.013513513840734959
1,MIMAT0027607,TAOK1,mir_regulates_mrna,,0.013513513840734959,0.013513513840734959,0.013513513840734959,0.013513513840734959,0.013513513840734959
1,MIMAT0027620,TAOK1,mir_regulates_mrna,,0.013513513840734959,0.013513513840734959,0.013513513840734959,0.013513513840734959,0.013513513840734959
1,MIMAT0027634,TAOK1,mir_regulates_mrna,,0.013513513840734959,0.013513513840734959,0.013513513840734959,0.013513513840734959,0.013513513840734959
1,MIMAT0027640,TAOK1,mir_regulates_mrna,,0.013513513840734959,0.013513513840734959,0.013513513840734959,0.013513513840734959,0.013513513840734959
1,MIMAT0027652,TAOK1,mir_regulates_mrna,,0.013513513840734959,0.013513513840734959,0.013513513840734959,0.013513513840734959,0.013513513840734959
1,MIMAT0027660,TAOK1,mir_regulates_mrna,,0.013513513840734959,0.013513513840734959,0.013513513840734959,0.013513513840734959,0.013513513840734959
1,MIMAT0028213,TAOK1,mir_regulates_mrna,,0.013513513840734959,0.013513513840734959,0.013513513840734959,0.013513513840734959,0.013513513840734959
1,MIMAT0030992,TAOK1,mir_regulates_mrna,,0.013513513840734959,0.013513513840734959,0.013513513840734959,0.013513513840734959,0.013513513840734959
1,MIMAT0004919,TAOK1,mir_regulates_mrna,,0.013513513840734959,0.013513513840734959,0.013513513840734959,0.013513513840734959,0.013513513840734959
1,MIMAT0015052,TAOK1,mir_regulates_mrna,,0.013513513840734959,0.013513513840734959,0.013513513840734959,0.013513513840734959,0.013513513840734959
1,MIMAT0016916,TAOK1,mir_regulates_mrna,,0.013513513840734959,0.013513513840734959,0.013513513840734959,0.013513513840734959,0.013513513840734959
1,MIMAT0019072,TAOK1,mir_regulates_mrna,,0.013513513840734959,0.013513513840734959,0.013513513840734959,0.013513513840734959,0.013513513840734959
1,MIMAT0019739,TAOK1,mir_regulates_mrna,,0.013513513840734959,0.013513513840734959,0.013513513840734959,0.013513513840734959,0.013513513840734959
1,MIMAT0019798,TAOK1,mir_regulates_mrna,,0.013513513840734959,0.013513513840734959,0.013513513840734959,0.013513513840734959,0.013513513840734959
1,MIMAT0019799,TAOK1,mir_regulates_mrna,,0.013513513840734959,0.013513513840734959,0.013513513840734959,0.013513513840734959,0.013513513840734959
1,MIMAT0019912,TAOK1,mir_regulates_mrna,,0.013513513840734959,0.013513513840734959,0.013513513840734959,0.013513513840734959,0.013513513840734959
1,MIMAT0027391,TAOK1,mir_regulates_mrna,,0.013513513840734959,0.013513513840734959,0.013513513840734959,0.013513513840734959,0.013513513840734959
1,MIMAT0027543,TAOK1,mir_regulates_mrna,,0.013513513840734959,0.013513513840734959,0.013513513840734959,0.013513513840734959,0.013513513840734959
1,MIMAT0028119,TAOK1,mir_regulates_mrna,,0.013513513840734959,0.013513513840734959,0.013513513840734959,0.013513513840734959,0.013513513840734959
1,MIMAT0031012,TAOK1,mir_regulates_mrna,,0.013513513840734959,0.013513513840734959,0.013513513840734959,0.013513513840734959,0.013513513840734959
1,MIMAT0000418,PPM1A,mir_regulates_mrna,,0.07692307978868484,0.07692307978868484,0.07692307978868484,0.07692307978868484,0.07692307978868484
1,MIMAT0000097,PPM1A,mir_regulates_mrna,,0.07692307978868484,0.07692307978868484,0.07692307978868484,0.07692307978868484,0.07692307978868484
1,MIMAT0002174,PPM1A,mir_regulates_mrna,,0.07692307978868484,0.07692307978868484,0.07692307978868484,0.07692307978868484,0.07692307978868484
1,MIMAT0002874,PPM1A,mir_regulates_mrna,,0.07692307978868484,0.07692307978868484,0.07692307978868484,0.07692307978868484,0.07692307978868484
1,MIMAT0004780,PPM1A,mir_regulates_mrna,,0.07692307978868484,0.07692307978868484,0.07692307978868484,0.07692307978868484,0.07692307978868484
1,MIMAT0022707,PPM1A,mir_regulates_mrna,,0.07692307978868484,0.07692307978868484,0.07692307978868484,0.07692307978868484,0.07692307978868484
1,MIMAT0003271,PPM1A,mir_regulates_mrna,,0.07692307978868484,0.07692307978868484,0.07692307978868484,0.07692307978868484,0.07692307978868484
1,MIMAT0003316,PPM1A,mir_regulates_mrna,,0.07692307978868484,0.07692307978868484,0.07692307978868484,0.07692307978868484,0.07692307978868484
1,MIMAT0005949,PPM1A,mir_regulates_mrna,,0.07692307978868484,0.07692307978868484,0.07692307978868484,0.07692307978868484,0.07692307978868484
1,MIMAT0019213,PPM1A,mir_regulates_mrna,,0.07692307978868484,0.07692307978868484,0.07692307978868484,0.07692307978868484,0.07692307978868484
1,MIMAT0018989,PPM1A,mir_regulates_mrna,,0.07692307978868484,0.07692307978868484,0.07692307978868484,0.07692307978868484,0.07692307978868484
1,MIMAT0033692,PPM1A,mir_regulates_mrna,,0.07692307978868484,0.07692307978868484,0.07692307978868484,0.07692307978868484,0.07692307978868484
1,MIMAT0022255,PPM1A,mir_regulates_mrna,,0.07692307978868484,0.07692307978868484,0.07692307978868484,0.07692307978868484,0.07692307978868484
1,MIMAT0021039,TRAF2,mir_regulates_mrna,,0.5,0.5,0.5,0.5,0.5
1,MIMAT0027041,TRAF2,mir_regulates_mrna,,0.5,0.5,0.5,0.5,0.5
1,MIMAT0000063,CACNG8,mir_regulates_mrna,,0.018518518656492233,0.018518518656492233,0.018518518656492233,0.018518518656492233,0.018518518656492233
1,MIMAT0000227,CACNG8,mir_regulates_mrna,,0.018518518656492233,0.018518518656492233,0.018518518656492233,0.018518518656492233,0.018518518656492233
1,MIMAT0004550,CACNG8,mir_regulates_mrna,,0.018518518656492233,0.018518518656492233,0.018518518656492233,0.018518518656492233,0.018518518656492233
1,MIMAT0000265,CACNG8,mir_regulates_mrna,,0.018518518656492233,0.018518518656492233,0.018518518656492233,0.018518518656492233,0.018518518656492233
1,MIMAT0004589,CACNG8,mir_regulates_mrna,,0.018518518656492233,0.018518518656492233,0.018518518656492233,0.018518518656492233,0.018518518656492233
1,MIMAT0004599,CACNG8,mir_regulates_mrna,,0.018518518656492233,0.018518518656492233,0.018518518656492233,0.018518518656492233,0.018518518656492233
1,MIMAT0004676,CACNG8,mir_regulates_mrna,,0.018518518656492233,0.018518518656492233,0.018518518656492233,0.018518518656492233,0.018518518656492233
1,MIMAT0004687,CACNG8,mir_regulates_mrna,,0.018518518656492233,0.018518518656492233,0.018518518656492233,0.018518518656492233,0.018518518656492233
1,MIMAT0000732,CACNG8,mir_regulates_mrna,,0.018518518656492233,0.018518518656492233,0.018518518656492233,0.018518518656492233,0.018518518656492233
1,MIMAT0001629,CACNG8,mir_regulates_mrna,,0.018518518656492233,0.018518518656492233,0.018518518656492233,0.018518518656492233,0.018518518656492233
1,MIMAT0004792,CACNG8,mir_regulates_mrna,,0.018518518656492233,0.018518518656492233,0.018518518656492233,0.018518518656492233,0.018518518656492233
1,MIMAT0003284,CACNG8,mir_regulates_mrna,,0.018518518656492233,0.018518518656492233,0.018518518656492233,0.018518518656492233,0.018518518656492233
1,MIMAT0003310,CACNG8,mir_regulates_mrna,,0.018518518656492233,0.018518518656492233,0.018518518656492233,0.018518518656492233,0.018518518656492233
1,MIMAT0022711,CACNG8,mir_regulates_mrna,,0.018518518656492233,0.018518518656492233,0.018518518656492233,0.018518518656492233,0.018518518656492233
1,MIMAT0018926,CACNG8,mir_regulates_mrna,,0.018518518656492233,0.018518518656492233,0.018518518656492233,0.018518518656492233,0.018518518656492233
1,MIMAT0026720,CACNG8,mir_regulates_mrna,,0.018518518656492233,0.018518518656492233,0.018518518656492233,0.018518518656492233,0.018518518656492233
1,MIMAT0004952,CACNG8,mir_regulates_mrna,,0.018518518656492233,0.018518518656492233,0.018518518656492233,0.018518518656492233,0.018518518656492233
1,MIMAT0004983,CACNG8,mir_regulates_mrna,,0.018518518656492233,0.018518518656492233,0.018518518656492233,0.018518518656492233,0.018518518656492233
1,MIMAT0005891,CACNG8,mir_regulates_mrna,,0.018518518656492233,0.018518518656492233,0.018518518656492233,0.018518518656492233,0.018518518656492233
1,MIMAT0011157,CACNG8,mir_regulates_mrna,,0.018518518656492233,0.018518518656492233,0.018518518656492233,0.018518518656492233,0.018518518656492233
1,MIMAT0019198,CACNG8,mir_regulates_mrna,,0.018518518656492233,0.018518518656492233,0.018518518656492233,0.018518518656492233,0.018518518656492233
1,MIMAT0019200,CACNG8,mir_regulates_mrna,,0.018518518656492233,0.018518518656492233,0.018518518656492233,0.018518518656492233,0.018518518656492233
1,MIMAT0014999,CACNG8,mir_regulates_mrna,,0.018518518656492233,0.018518518656492233,0.018518518656492233,0.018518518656492233,0.018518518656492233
1,MIMAT0016879,CACNG8,mir_regulates_mrna,,0.018518518656492233,0.018518518656492233,0.018518518656492233,0.018518518656492233,0.018518518656492233
1,MIMAT0016884,CACNG8,mir_regulates_mrna,,0.018518518656492233,0.018518518656492233,0.018518518656492233,0.018518518656492233,0.018518518656492233
1,MIMAT0019220,CACNG8,mir_regulates_mrna,,0.018518518656492233,0.018518518656492233,0.018518518656492233,0.018518518656492233,0.018518518656492233
1,MIMAT0018181,CACNG8,mir_regulates_mrna,,0.018518518656492233,0.018518518656492233,0.018518518656492233,0.018518518656492233,0.018518518656492233
1,MIMAT0018932,CACNG8,mir_regulates_mrna,,0.018518518656492233,0.018518518656492233,0.018518518656492233,0.018518518656492233,0.018518518656492233
1,MIMAT0018949,CACNG8,mir_regulates_mrna,,0.018518518656492233,0.018518518656492233,0.018518518656492233,0.018518518656492233,0.018518518656492233
1,MIMAT0019006,CACNG8,mir_regulates_mrna,,0.018518518656492233,0.018518518656492233,0.018518518656492233,0.018518518656492233,0.018518518656492233
1,MIMAT0019007,CACNG8,mir_regulates_mrna,,0.018518518656492233,0.018518518656492233,0.018518518656492233,0.018518518656492233,0.018518518656492233
1,MIMAT0019717,CACNG8,mir_regulates_mrna,,0.018518518656492233,0.018518518656492233,0.018518518656492233,0.018518518656492233,0.018518518656492233
1,MIMAT0019788,CACNG8,mir_regulates_mrna,,0.018518518656492233,0.018518518656492233,0.018518518656492233,0.018518518656492233,0.018518518656492233
1,MIMAT0019895,CACNG8,mir_regulates_mrna,,0.018518518656492233,0.018518518656492233,0.018518518656492233,0.018518518656492233,0.018518518656492233
1,MIMAT0019920,CACNG8,mir_regulates_mrna,,0.018518518656492233,0.018518518656492233,0.018518518656492233,0.018518518656492233,0.018518518656492233
1,MIMAT0021124,CACNG8,mir_regulates_mrna,,0.018518518656492233,0.018518518656492233,0.018518518656492233,0.018518518656492233,0.018518518656492233
1,MIMAT0025455,CACNG8,mir_regulates_mrna,,0.018518518656492233,0.018518518656492233,0.018518518656492233,0.018518518656492233,0.018518518656492233
1,MIMAT0025465,CACNG8,mir_regulates_mrna,,0.018518518656492233,0.018518518656492233,0.018518518656492233,0.018518518656492233,0.018518518656492233
1,MIMAT0025485,CACNG8,mir_regulates_mrna,,0.018518518656492233,0.018518518656492233,0.018518518656492233,0.018518518656492233,0.018518518656492233
1,MIMAT0027381,CACNG8,mir_regulates_mrna,,0.018518518656492233,0.018518518656492233,0.018518518656492233,0.018518518656492233,0.018518518656492233
1,MIMAT0027382,CACNG8,mir_regulates_mrna,,0.018518518656492233,0.018518518656492233,0.018518518656492233,0.018518518656492233,0.018518518656492233
1,MIMAT0027417,CACNG8,mir_regulates_mrna,,0.018518518656492233,0.018518518656492233,0.018518518656492233,0.018518518656492233,0.018518518656492233
1,MIMAT0027433,CACNG8,mir_regulates_mrna,,0.018518518656492233,0.018518518656492233,0.018518518656492233,0.018518518656492233,0.018518518656492233
1,MIMAT0027458,CACNG8,mir_regulates_mrna,,0.018518518656492233,0.018518518656492233,0.018518518656492233,0.018518518656492233,0.018518518656492233
1,MIMAT0027460,CACNG8,mir_regulates_mrna,,0.018518518656492233,0.018518518656492233,0.018518518656492233,0.018518518656492233,0.018518518656492233
1,MIMAT0027519,CACNG8,mir_regulates_mrna,,0.018518518656492233,0.018518518656492233,0.018518518656492233,0.018518518656492233,0.018518518656492233
1,MIMAT0027535,CACNG8,mir_regulates_mrna,,0.018518518656492233,0.018518518656492233,0.018518518656492233,0.018518518656492233,0.018518518656492233
1,MIMAT0027543,CACNG8,mir_regulates_mrna,,0.018518518656492233,0.018518518656492233,0.018518518656492233,0.018518518656492233,0.018518518656492233
1,MIMAT0027565,CACNG8,mir_regulates_mrna,,0.018518518656492233,0.018518518656492233,0.018518518656492233,0.018518518656492233,0.018518518656492233
1,MIMAT0027588,CACNG8,mir_regulates_mrna,,0.018518518656492233,0.018518518656492233,0.018518518656492233,0.018518518656492233,0.018518518656492233
1,MIMAT0027668,CACNG8,mir_regulates_mrna,,0.018518518656492233,0.018518518656492233,0.018518518656492233,0.018518518656492233,0.018518518656492233
1,MIMAT0027689,CACNG8,mir_regulates_mrna,,0.018518518656492233,0.018518518656492233,0.018518518656492233,0.018518518656492233,0.018518518656492233
1,MIMAT0027691,CACNG8,mir_regulates_mrna,,0.018518518656492233,0.018518518656492233,0.018518518656492233,0.018518518656492233,0.018518518656492233
1,MIMAT0030415,CACNG8,mir_regulates_mrna,,0.018518518656492233,0.018518518656492233,0.018518518656492233,0.018518518656492233,0.018518518656492233
1,MIMAT0019857,CACNG6,mir_regulates_mrna,,1.0,1.0,1.0,1.0,1.0
1,MIMAT0019883,MAP3K21,mir_regulates_mrna,,1.0,1.0,1.0,1.0,1.0
1,MIMAT0019001,PLA2G4D,mir_regulates_mrna,,0.5,0.5,0.5,0.5,0.5
1,MIMAT0031119,PLA2G4D,mir_regulates_mrna,,0.5,0.5,0.5,0.5,0.5
1,MIMAT0000092,PLA2G4F,mir_regulates_mrna,,1.0,1.0,1.0,1.0,1.0
2,RASGRF1,fu:ea3af571,gene_to_fu,,0.33337217569351196,0.3334481120109558,0.33341705799102783,0.3333163857460022,0.3333071768283844
2,RASGRF2,fu:ea3af571,gene_to_fu,,0.33325767517089844,0.3331006169319153,0.333173006772995,0.3333699405193329,0.333387166261673
2,DUSP10,fu:bd9bd64d,gene_to_fu,,0.10000330954790115,0.10001026093959808,0.10000701248645782,0.09999839216470718,0.09999758005142212
2,DUSP1,fu:bd9bd64d,gene_to_fu,,0.10000330954790115,0.10001026093959808,0.10000701248645782,0.09999839216470718,0.09999758005142212
2,DUSP2,fu:bd9bd64d,gene_to_fu,,0.10000330954790115,0.10001026093959808,0.10000701248645782,0.09999839216470718,0.09999758005142212
2,DUSP4,fu:bd9bd64d,gene_to_fu,,0.10000330954790115,0.10001026093959808,0.10000701248645782,0.09999839216470718,0.09999758005142212
2,DUSP5,fu:bd9bd64d,gene_to_fu,,0.10000330954790115,0.10001026093959808,0.10000701248645782,0.09999839216470718,0.09999758005142212
2,DUSP6,fu:bd9bd64d,gene_to_fu,,0.10000330954790115,0.10001026093959808,0.10000701248645782,0.09999839216470718,0.09999758005142212
2,DUSP7,fu:bd9bd64d,gene_to_fu,,0.10000330954790115,0.10001026093959808,0.10000701248645782,0.09999839216470718,0.09999758005142212
2,DUSP8,fu:bd9bd64d,gene_to_fu,,0.10000330954790115,0.10001026093959808,0.10000701248645782,0.09999839216470718,0.09999758005142212
2,DUSP9,fu:bd9bd64d,gene_to_fu,,0.10000330954790115,0.10001026093959808,0.10000701248645782,0.09999839216470718,0.09999758005142212
2,DUSP16,fu:bd9bd64d,gene_to_fu,,0.09997019171714783,0.09990762174129486,0.09993693232536316,0.10001446306705475,0.10002176463603973
2,DUSP3,fu:645ada17,gene_to_fu,,0.25006455183029175,0.25019896030426025,0.25013497471809387,0.24996988475322723,0.2499544322490692
2,PTPN7,fu:645ada17,gene_to_fu,,0.2499784678220749,0.24993367493152618,0.2499549835920334,0.25001004338264465,0.2500151991844177
2,PTPRR,fu:645ada17,gene_to_fu,,0.2499784678220749,0.24993367493152618,0.2499549835920334,0.25001004338264465,0.2500151991844177
2,PTPN5,fu:645ada17,gene_to_fu,,0.2499784678220749,0.24993367493152618,0.2499549835920334,0.25001004338264465,0.2500151991844177
2,PPM1B,fu:3c67a02d,gene_to_fu,,1.0,1.0,1.0,1.0,1.0
2,FASLG,fu:d4ebbf2b,gene_to_fu,,1.0,1.0,1.0,1.0,1.0
2,MAP4K4,fu:f0d46f11,gene_to_fu,,1.0,1.0,1.0,1.0,1.0
2,PLA2G4B,fu:0c2b138c,gene_to_fu,,0.12497936189174652,0.12493538856506348,0.124957375228405,0.12501001358032227,0.12501464784145355
2,PLA2G4E,fu:0c2b138c,gene_to_fu,,0.12502074241638184,0.1250649094581604,0.12504266202449799,0.12498993426561356,0.124985471367836
2,PLA2G4F,fu:0c2b138c,gene_to_fu,,0.12502074241638184,0.1250649094581604,0.12504266202449799,0.12498993426561356,0.124985471367836
2,PLA2G4D,fu:0c2b138c,gene_to_fu,,0.12502074241638184,0.1250649094581604,0.12504266202449799,0.12498993426561356,0.124985471367836
2,PLA2G4A,fu:0c2b138c,gene_to_fu,,0.12497936189174652,0.12493538856506348,0.124957375228405,0.12501001358032227,0.12501464784145355
2,PLA2G4C,fu:0c2b138c,gene_to_fu,,0.12497936189174652,0.12493538856506348,0.124957375228405,0.12501001358032227,0.12501464784145355
2,JMJD7-PLA2G4B,fu:0c2b138c,gene_to_fu,,0.12497936189174652,0.12493538856506348,0.124957375228405,0.12501001358032227,0.12501464784145355
2,STMN1,fu:e661480b,gene_to_fu,,0.5000008344650269,0.500002384185791,0.5000003576278687,0.4999995231628418,0.5000009536743164
2,MAPT,fu:7e702847,gene_to_fu,,0.5000008344650269,0.500002384185791,0.5000003576278687,0.4999995231628418,0.5000009536743164
2,NFKB1,fu:3c93b301,gene_to_fu,,0.16668601334095,0.16672705113887787,0.16670501232147217,0.16665923595428467,0.16665273904800415
2,NFKB2,fu:3c93b301,gene_to_fu,,0.1666300892829895,0.1665538251399994,0.16658684611320496,0.16668601334095,0.16669371724128723
2,RELA,fu:3c93b301,gene_to_fu,,0.16668601334095,0.16672705113887787,0.16670501232147217,0.16665923595428467,0.16665273904800415
2,RELB,fu:3c93b301,gene_to_fu,,0.1666300892829895,0.1665538251399994,0.16658684611320496,0.16668601334095,0.16669371724128723
2,CHUK,fu:523a744b,gene_to_fu,,0.14281687140464783,0.14273224771022797,0.14277030527591705,0.14287708699703217,0.14288780093193054
2,IKBKB,fu:523a744b,gene_to_fu,,0.14286485314369202,0.14288197457790375,0.14287146925926208,0.14285413920879364,0.1428518146276474
2,IKBKG,fu:523a744b,gene_to_fu,,0.14286485314369202,0.14288197457790375,0.14287146925926208,0.14285413920879364,0.1428518146276474
2,MAP3K14,fu:b9ec221f,gene_to_fu,,0.33326005935668945,0.33310467004776,0.33318662643432617,0.3333643972873688,0.33338454365730286
2,MAPK1,fu:7c6d4d4a,gene_to_fu,,0.16666699945926666,0.16666655242443085,0.1666668802499771,0.16666792333126068,0.16666661202907562
2,MAPK3,fu:7c6d4d4a,gene_to_fu,,0.16666699945926666,0.16666655242443085,0.1666668802499771,0.16666792333126068,0.16666661202907562
2,LAMTOR3,fu:93eeec94,gene_to_fu,,0.5000008344650269,0.500002384185791,0.5000003576278687,0.4999995231628418,0.5000009536743164
2,MAP2K2,fu:4781eb07,gene_to_fu,,0.14281539618968964,0.14272910356521606,0.1427687555551529,0.14287611842155457,0.14288760721683502
2,MAP2K1,fu:ee804b17,gene_to_fu,,0.14285695552825928,0.14285744726657867,0.14285674691200256,0.1428564488887787,0.14285719394683838
2,RAF1,fu:5324c493,gene_to_fu,,0.33333295583724976,0.3333301842212677,0.33333125710487366,0.333335816860199,0.3333345651626587
2,BRAF,fu:7cec7b64,gene_to_fu,,0.3333323895931244,0.333326518535614,0.3333355188369751,0.333333283662796,0.3333342373371124
2,RASA1,fu:30ad397b,gene_to_fu,,1.0,1.0,1.0,1.0,1.0
2,NF1,fu:3968d652,gene_to_fu,,1.0,1.0,1.0,1.0,1.0
2,PRKCA,fu:6fc31f40,gene_to_fu,,0.3333706855773926,0.33344796299934387,0.333412766456604,0.33331549167633057,0.3333064913749695
2,PRKCB,fu:6fc31f40,gene_to_fu,,0.3333706855773926,0.33344796299934387,0.333412766456604,0.33331549167633057,0.3333064913749695
2,PRKCG,fu:6fc31f40,gene_to_fu,,0.33325862884521484,0.3331040143966675,0.3331744074821472,0.33336904644966125,0.3333870768547058
2,RAP1A,fu:5264ac6f,gene_to_fu,,0.33333200216293335,0.33333486318588257,0.33332303166389465,0.33333685994148254,0.3333333134651184
2,RAP1B,fu:5264ac6f,gene_to_fu,,0.33333200216293335,0.33333486318588257,0.33332303166389465,0.33333685994148254,0.3333333134651184
2,PRKACA,fu:0ddd2c17,gene_to_fu,,0.33337146043777466,0.33344775438308716,0.33341869711875916,0.33331549167633057,0.33330389857292175
2,PRKACB,fu:0ddd2c17,gene_to_fu,,0.33337146043777466,0.33344775438308716,0.33341869711875916,0.33331549167633057,0.33330389857292175
2,PRKACG,fu:0ddd2c17,gene_to_fu,,0.3332570791244507,0.3331044912338257,0.3331626355648041,0.33336904644966125,0.3333922028541565
2,RAPGEF2,fu:cbc27d79,gene_to_fu,,1.0,1.0,1.0,1.0,1.0
2,RASA2,fu:7d8d1672,gene_to_fu,,0.500003457069397,0.4999963939189911,0.5000219941139221,0.4999959468841553,0.49999943375587463
2,RRAS2,fu:cb603216,gene_to_fu,,0.07143021374940872,0.07143311947584152,0.0714322105050087,0.07142819464206696,0.07142733037471771
2,MRAS,fu:cb603216,gene_to_fu,,0.07143021374940872,0.07143311947584152,0.0714322105050087,0.07142819464206696,0.07142733037471771
2,HRAS,fu:cb603216,gene_to_fu,,0.07140669226646423,0.07135861366987228,0.07138237357139587,0.07143966853618622,0.07144609093666077
2,KRAS,fu:cb603216,gene_to_fu,,0.07143021374940872,0.07143311947584152,0.0714322105050087,0.07142819464206696,0.07142733037471771
2,NRAS,fu:cb603216,gene_to_fu,,0.07143021374940872,0.07143311947584152,0.0714322105050087,0.07142819464206696,0.07142733037471771
2,RRAS,fu:cb603216,gene_to_fu,,0.07143021374940872,0.07143311947584152,0.0714322105050087,0.07142819464206696,0.07142733037471771
2,RASGRP1,fu:a6602c7f,gene_to_fu,,0.20002752542495728,0.20008407533168793,0.20005804300308228,0.1999874860048294,0.1999804824590683
2,RASGRP2,fu:a6602c7f,gene_to_fu,,0.19995933771133423,0.1998729258775711,0.1999150663614273,0.20001961290836334,0.20002970099449158
2,RASGRP4,fu:a6602c7f,gene_to_fu,,0.19995933771133423,0.1998729258775711,0.1999150663614273,0.20001961290836334,0.20002970099449158
2,RASGRP3,fu:a6602c7f,gene_to_fu,,0.20002752542495728,0.20008407533168793,0.20005804300308228,0.1999874860048294,0.1999804824590683
2,SOS1,fu:9bd0df30,gene_to_fu,,0.5,0.5,0.5,0.5,0.5
2,SOS2,fu:9bd0df30,gene_to_fu,,0.5,0.5,0.5,0.5,0.5
2,GNA12,fu:c3d880e8,gene_to_fu,,0.5,0.5,0.5,0.5,0.5
2,GNG12,fu:c3d880e8,gene_to_fu,,0.5,0.5,0.5,0.5,0.5
2,GRB2,fu:0d65318d,gene_to_fu,,0.5000010132789612,0.49999943375587463,0.5000026822090149,0.5000022053718567,0.49999985098838806
2,CSF1R,fu:727cb396,gene_to_fu,,0.03703931346535683,0.03704410418868065,0.037041839212179184,0.037035923451185226,0.03703538700938225
2,EGFR,fu:727cb396,gene_to_fu,,0.03703931346535683,0.03704410418868065,0.037041839212179184,0.037035923451185226,0.03703538700938225
2,EPHA2,fu:727cb396,gene_to_fu,,0.03703931346535683,0.03704410418868065,0.037041839212179184,0.037035923451185226,0.03703538700938225
2,ERBB2,fu:727cb396,gene_to_fu,,0.03703931346535683,0.03704410418868065,0.037041839212179184,0.037035923451185226,0.03703538700938225
2,ERBB3,fu:727cb396,gene_to_fu,,0.03703931346535683,0.03704410418868065,0.037041839212179184,0.037035923451185226,0.03703538700938225
2,ERBB4,fu:727cb396,gene_to_fu,,0.03703931346535683,0.03704410418868065,0.037041839212179184,0.037035923451185226,0.03703538700938225
2,FGFR1,fu:727cb396,gene_to_fu,,0.03703931346535683,0.03704410418868065,0.037041839212179184,0.037035923451185226,0.03703538700938225
2,FGFR3,fu:727cb396,gene_to_fu,,0.03702692687511444,0.03700573369860649,0.03701586276292801,0.03704187273979187,0.037044234573841095
2,FGFR2,fu:727cb396,gene_to_fu,,0.03703931346535683,0.03704410418868065,0.037041839212179184,0.037035923451185226,0.03703538700938225
2,FGFR4,fu:727cb396,gene_to_fu,,0.03703931346535683,0.03704410418868065,0.037041839212179184,0.037035923451185226,0.03703538700938225
2,FLT1,fu:727cb396,gene_to_fu,,0.03703931346535683,0.03704410418868065,0.037041839212179184,0.037035923451185226,0.03703538700938225
2,FLT3,fu:727cb396,gene_to_fu,,0.03703931346535683,0.03704410418868065,0.037041839212179184,0.037035923451185226,0.03703538700938225
2,FLT4,fu:727cb396,gene_to_fu,,0.03703931346535683,0.03704410418868065,0.037041839212179184,0.037035923451185226,0.03703538700938225
2,IGF1R,fu:727cb396,gene_to_fu,,0.03703931346535683,0.03704410418868065,0.037041839212179184,0.037035923451185226,0.03703538700938225
2,INSR,fu:727cb396,gene_to_fu,,0.03702692687511444,0.03700573369860649,0.03701586276292801,0.03704187273979187,0.037044234573841095
2,KDR,fu:727cb396,gene_to_fu,,0.03703931346535683,0.03704410418868065,0.037041839212179184,0.037035923451185226,0.03703538700938225
2,KIT,fu:727cb396,gene_to_fu,,0.03703931346535683,0.03704410418868065,0.037041839212179184,0.037035923451185226,0.03703538700938225
2,MET,fu:727cb396,gene_to_fu,,0.03703931346535683,0.03704410418868065,0.037041839212179184,0.037035923451185226,0.03703538700938225
2,NGFR,fu:727cb396,gene_to_fu,,0.03703931346535683,0.03704410418868065,0.037041839212179184,0.037035923451185226,0.03703538700938225
2,NTRK1,fu:727cb396,gene_to_fu,,0.03702692687511444,0.03700573369860649,0.03701586276292801,0.03704187273979187,0.037044234573841095
2,NTRK2,fu:727cb396,gene_to_fu,,0.03703931346535683,0.03704410418868065,0.037041839212179184,0.037035923451185226,0.03703538700938225
2,PDGFRA,fu:727cb396,gene_to_fu,,0.03703931346535683,0.03704410418868065,0.037041839212179184,0.037035923451185226,0.03703538700938225
2,PDGFRB,fu:727cb396,gene_to_fu,,0.03703931346535683,0.03704410418868065,0.037041839212179184,0.037035923451185226,0.03703538700938225
2,RET,fu:727cb396,gene_to_fu,,0.03702692687511444,0.03700573369860649,0.03701586276292801,0.03704187273979187,0.037044234573841095
2,TEK,fu:727cb396,gene_to_fu,,0.03702692687511444,0.03700573369860649,0.03701586276292801,0.03704187273979187,0.037044234573841095
2,CACNG3,fu:bd379c39,gene_to_fu,,0.03845422342419624,0.03843861445784569,0.03844618424773216,0.038465097546577454,0.03846699744462967
2,CACNG2,fu:bd379c39,gene_to_fu,,0.03845422342419624,0.03843861445784569,0.03844618424773216,0.038465097546577454,0.03846699744462967
2,CACNG5,fu:bd379c39,gene_to_fu,,0.03846690058708191,0.03847834840416908,0.03847280144691467,0.038458917289972305,0.038457535207271576
2,CACNG4,fu:bd379c39,gene_to_fu,,0.03845422342419624,0.03843861445784569,0.03844618424773216,0.038465097546577454,0.03846699744462967
2,CACNA2D3,fu:bd379c39,gene_to_fu,,0.03845422342419624,0.03843861445784569,0.03844618424773216,0.038465097546577454,0.03846699744462967
2,CACNG8,fu:bd379c39,gene_to_fu,,0.03846690058708191,0.03847834840416908,0.03847280144691467,0.038458917289972305,0.038457535207271576
2,CACNG7,fu:bd379c39,gene_to_fu,,0.03846690058708191,0.03847834840416908,0.03847280144691467,0.038458917289972305,0.038457535207271576
2,CACNG6,fu:bd379c39,gene_to_fu,,0.03846690058708191,0.03847834840416908,0.03847280144691467,0.038458917289972305,0.038457535207271576
2,CACNA1A,fu:bd379c39,gene_to_fu,,0.03845422342419624,0.03843861445784569,0.03844618424773216,0.038465097546577454,0.03846699744462967
2,CACNA1B,fu:bd379c39,gene_to_fu,,0.03846690058708191,0.03847834840416908,0.03847280144691467,0.038458917289972305,0.038457535207271576
2,CACNA1C,fu:bd379c39,gene_to_fu,,0.03846690058708191,0.03847834840416908,0.03847280144691467,0.038458917289972305,0.038457535207271576
2,CACNA1D,fu:bd379c39,gene_to_fu,,0.03845422342419624,0.03843861445784569,0.03844618424773216,0.038465097546577454,0.03846699744462967
2,CACNA1E,fu:bd379c39,gene_to_fu,,0.03846690058708191,0.03847834840416908,0.03847280144691467,0.038458917289972305,0.038457535207271576
2,CACNA1F,fu:bd379c39,gene_to_fu,,0.03845422342419624,0.03843861445784569,0.03844618424773216,0.038465097546577454,0.03846699744462967
2,CACNA1S,fu:bd379c39,gene_to_fu,,0.03845422342419624,0.03843861445784569,0.03844618424773216,0.038465097546577454,0.03846699744462967
2,CACNA2D1,fu:bd379c39,gene_to_fu,,0.03846690058708191,0.03847834840416908,0.03847280144691467,0.038458917289972305,0.038457535207271576
2,CACNB1,fu:bd379c39,gene_to_fu,,0.03846690058708191,0.03847834840416908,0.03847280144691467,0.038458917289972305,0.038457535207271576
2,CACNB2,fu:bd379c39,gene_to_fu,,0.03846690058708191,0.03847834840416908,0.03847280144691467,0.038458917289972305,0.038457535207271576
2,CACNB3,fu:bd379c39,gene_to_fu,,0.03846690058708191,0.03847834840416908,0.03847280144691467,0.038458917289972305,0.038457535207271576
2,CACNB4,fu:bd379c39,gene_to_fu,,0.03846690058708191,0.03847834840416908,0.03847280144691467,0.038458917289972305,0.038457535207271576
2,CACNG1,fu:bd379c39,gene_to_fu,,0.03846690058708191,0.03847834840416908,0.03847280144691467,0.038458917289972305,0.038457535207271576
2,CACNA1I,fu:bd379c39,gene_to_fu,,0.03846690058708191,0.03847834840416908,0.03847280144691467,0.038458917289972305,0.038457535207271576
2,CACNA1H,fu:bd379c39,gene_to_fu,,0.03845422342419624,0.03843861445784569,0.03844618424773216,0.038465097546577454,0.03846699744462967
2,CACNA1G,fu:bd379c39,gene_to_fu,,0.03845422342419624,0.03843861445784569,0.03844618424773216,0.038465097546577454,0.03846699744462967
2,CACNA2D2,fu:bd379c39,gene_to_fu,,0.03846690058708191,0.03847834840416908,0.03847280144691467,0.038458917289972305,0.038457535207271576
2,CACNA2D4,fu:bd379c39,gene_to_fu,,0.03845422342419624,0.03843861445784569,0.03844618424773216,0.038465097546577454,0.03846699744462967
2,NR4A1,fu:14d50a78,gene_to_fu,,0.49991458654403687,0.49973341822624207,0.49982234835624695,0.5000377893447876,0.5000648498535156
2,MAPK7,fu:f05aba10,gene_to_fu,,0.5000003576278687,0.5000132918357849,0.4999880790710449,0.5000022053718567,0.4999978244304657
2,MAP2K5,fu:faf1b7e0,gene_to_fu,,1.0,1.0,1.0,1.0,1.0
2,NLK,fu:db8a4a8a,gene_to_fu,,0.5000008940696716,0.4999975860118866,0.5000002980232239,0.5000046491622925,0.500001072883606
2,CDC25B,fu:e45fbd5c,gene_to_fu,,0.5000010132789612,0.49999794363975525,0.5000054240226746,0.5000002384185791,0.5000004768371582
2,RPS6KA4,fu:b8ada536,gene_to_fu,,0.3333337903022766,0.3333324193954468,0.3333357274532318,0.33333343267440796,0.3333335518836975
2,RPS6KA5,fu:b8ada536,gene_to_fu,,0.3333337903022766,0.3333324193954468,0.3333357274532318,0.33333343267440796,0.3333335518836975
2,MAPKAPK3,fu:8c7ba104,gene_to_fu,,0.3333337903022766,0.3333324193954468,0.3333357274532318,0.33333343267440796,0.3333335518836975
2,MAPKAPK2,fu:8c7ba104,gene_to_fu,,0.3333337903022766,0.3333323895931244,0.3333357274532318,0.33333343267440796,0.3333335518836975
2,ATF4,fu:7bca3a7b,gene_to_fu,,0.33325648307800293,0.33309105038642883,0.33317211270332336,0.3333739638328552,0.3333888351917267
2,MEF2C,fu:f101a6f1,gene_to_fu,,0.5000010132789612,0.49999794363975525,0.5000054240226746,0.5000002384185791,0.5000004768371582
2,MAX,fu:45df5340,gene_to_fu,,0.5000010132789612,0.49999794363975525,0.5000054240226746,0.5000002384185791,0.5000004768371582
2,DDIT3,fu:dda08e08,gene_to_fu,,0.5000010132789612,0.49999794363975525,0.5000054240226746,0.5000002384185791,0.5000004768371582
2,ELK4,fu:0a37beb9,gene_to_fu,,0.5000010132789612,0.49999794363975525,0.5000054240226746,0.5000002384185791,0.5000004768371582
2,TP53,fu:31725aa3,gene_to_fu,,0.3333338499069214,0.33333200216293335,0.3333377242088318,0.333331823348999,0.3333338499069214
2,ELK1,fu:5fde3828,gene_to_fu,,0.3333338499069214,0.33333200216293335,0.3333377242088318,0.333331823348999,0.3333338499069214
2,ATF2,fu:bfc9ae48,gene_to_fu,,0.5000010132789612,0.49999794363975525,0.5000054240226746,0.5000002384185791,0.5000004768371582
2,MAPK14,fu:5800992d,gene_to_fu,,0.12501077353954315,0.12503300607204437,0.1250225454568863,0.12499556690454483,0.1249919980764389
2,MAPK11,fu:5800992d,gene_to_fu,,0.12496917694807053,0.12490393966436386,0.12493336200714111,0.12501564621925354,0.125023752450943
2,MAPK13,fu:5800992d,gene_to_fu,,0.12501077353954315,0.12503300607204437,0.1250225454568863,0.12499556690454483,0.1249919980764389
2,MAPK12,fu:5800992d,gene_to_fu,,0.12496917694807053,0.12490393966436386,0.12493336200714111,0.12501564621925354,0.125023752450943
2,PPP5C,fu:306b6021,gene_to_fu,,1.0,1.0,1.0,1.0,1.0
2,MAP2K6,fu:5e60e9dc,gene_to_fu,,0.14285671710968018,0.14285433292388916,0.14285726845264435,0.1428578644990921,0.14285744726657867
2,MAP2K3,fu:416a5afd,gene_to_fu,,0.14285671710968018,0.14285433292388916,0.14285726845264435,0.1428578644990921,0.14285744726657867
2,DUSP10,fu:da3df1ca,gene_to_fu,,0.12500520050525665,0.12501610815525055,0.12501104176044464,0.12499748915433884,0.12499616295099258
2,DUSP2,fu:da3df1ca,gene_to_fu,,0.12500520050525665,0.12501610815525055,0.12501104176044464,0.12499748915433884,0.12499616295099258
2,DUSP4,fu:da3df1ca,gene_to_fu,,0.12500520050525665,0.12501610815525055,0.12501104176044464,0.12499748915433884,0.12499616295099258
2,DUSP5,fu:da3df1ca,gene_to_fu,,0.12500520050525665,0.12501610815525055,0.12501104176044464,0.12499748915433884,0.12499616295099258
2,DUSP7,fu:da3df1ca,gene_to_fu,,0.12500520050525665,0.12501610815525055,0.12501104176044464,0.12499748915433884,0.12499616295099258
2,DUSP8,fu:da3df1ca,gene_to_fu,,0.12500520050525665,0.12501610815525055,0.12501104176044464,0.12499748915433884,0.12499616295099258
2,DUSP9,fu:da3df1ca,gene_to_fu,,0.12500520050525665,0.12501610815525055,0.12501104176044464,0.12499748915433884,0.12499616295099258
2,DUSP16,fu:da3df1ca,gene_to_fu,,0.12496360391378403,0.12488727271556854,0.12492267042398453,0.12501756846904755,0.1250269114971161
2,DUSP3,fu:7da6eba5,gene_to_fu,,0.25006455183029175,0.25019896030426025,0.25013497471809387,0.24996988475322723,0.2499544322490692
2,PTPN7,fu:7da6eba5,gene_to_fu,,0.2499784678220749,0.24993367493152618,0.2499549835920334,0.25001004338264465,0.2500151991844177
2,PTPRR,fu:7da6eba5,gene_to_fu,,0.2499784678220749,0.24993367493152618,0.2499549835920334,0.25001004338264465,0.2500151991844177
2,PTPN5,fu:7da6eba5,gene_to_fu,,0.2499784678220749,0.24993367493152618,0.2499549835920334,0.25001004338264465,0.2500151991844177
2,PPM1A,fu:5dc42453,gene_to_fu,,1.0,1.0,1.0,1.0,1.0
2,AKT3,fu:41203a8a,gene_to_fu,,0.3333333432674408,0.3333333432674408,0.3333333432674408,0.3333333432674408,0.3333333432674408
2,AKT1,fu:41203a8a,gene_to_fu,,0.3333333432674408,0.3333333432674408,0.3333333432674408,0.3333333432674408,0.3333333432674408
2,AKT2,fu:41203a8a,gene_to_fu,,0.3333333432674408,0.3333333432674408,0.3333333432674408,0.3333333432674408,0.3333333432674408
2,TAOK3,fu:0c8f7154,gene_to_fu,,0.33326029777526855,0.33310407400131226,0.33318406343460083,0.33336904644966125,0.3333840072154999
2,TAOK1,fu:0c8f7154,gene_to_fu,,0.3333698511123657,0.33344796299934387,0.3334079682826996,0.33331549167633057,0.33330798149108887
2,TAOK2,fu:0c8f7154,gene_to_fu,,0.3333698511123657,0.33344796299934387,0.3334079682826996,0.33331549167633057,0.33330798149108887
2,MAP3K4,fu:8cf03d63,gene_to_fu,,0.5000004172325134,0.4999940097332001,0.5000203847885132,0.49998632073402405,0.5000010132789612
2,HSPB1,fu:6953fac9,gene_to_fu,,0.33326029777526855,0.3330962359905243,0.3331725299358368,0.3333755433559418,0.33339688181877136
2,MAP3K7,fu:cabad419,gene_to_fu,,0.25000303983688354,0.25000500679016113,0.25000429153442383,0.25000354647636414,0.24999934434890747
2,MAP3K5,fu:aacf07bb,gene_to_fu,,0.1999489665031433,0.19983625411987305,0.19988833367824554,0.20003001391887665,0.20004120469093323
2,MAP3K6,fu:e9c5128e,gene_to_fu,,1.0,1.0,1.0,1.0,1.0
2,MAP3K20,fu:8ce177b4,gene_to_fu,,1.0,1.0,1.0,1.0,1.0
2,MAP3K12,fu:1ee1c600,gene_to_fu,,0.4999138116836548,0.499738872051239,0.4998154938220978,0.5000401735305786,0.5000606775283813
2,MAP3K13,fu:1ee1c600,gene_to_fu,,0.5000861883163452,0.500261127948761,0.5001845359802246,0.4999598562717438,0.49993929266929626
2,MAP3K9,fu:e7b77b07,gene_to_fu,,0.3333704173564911,0.33344799280166626,0.33340978622436523,0.33331549167633057,0.33330830931663513
2,MAP3K10,fu:e7b77b07,gene_to_fu,,0.3332591950893402,0.3331039845943451,0.3331804573535919,0.33336904644966125,0.33338335156440735
2,MAP3K21,fu:e7b77b07,gene_to_fu,,0.3333704173564911,0.33344799280166626,0.33340978622436523,0.33331549167633057,0.33330830931663513
2,MAP4K2,fu:b8f9f795,gene_to_fu,,0.5000001192092896,0.5000015497207642,0.4999992549419403,0.4999994933605194,0.5000001788139343
2,STK3,fu:b9db94ef,gene_to_fu,,0.3333333134651184,0.3333342373371124,0.3333352208137512,0.3333320617675781,0.33333176374435425
2,STK4,fu:b9db94ef,gene_to_fu,,0.3333333134651184,0.3333342373371124,0.3333352208137512,0.3333320617675781,0.33333176374435425
2,ECSIT,fu:3285e573,gene_to_fu,,1.0,1.0,1.0,1.0,1.0
2,TAB2,fu:545ebf7d,gene_to_fu,,1.0,1.0,1.0,1.0,1.0
2,TAB1,fu:d7d24a4c,gene_to_fu,,0.24999992549419403,0.24999038875102997,0.24999941885471344,0.25000786781311035,0.25000202655792236
2,GADD45G,fu:41822415,gene_to_fu,,0.3333333432674408,0.3333333432674408,0.3333333432674408,0.3333333432674408,0.3333333432674408
2,GADD45A,fu:41822415,gene_to_fu,,0.3333333432674408,0.3333333432674408,0.3333333432674408,0.3333333432674408,0.3333333432674408
2,GADD45B,fu:41822415,gene_to_fu,,0.3333333432674408,0.3333333432674408,0.3333333432674408,0.3333333432674408,0.3333333432674408
2,TRAF6,fu:4d346bcc,gene_to_fu,,0.2499992996454239,0.24999560415744781,0.24999959766864777,0.25000113248825073,0.25000089406967163
2,DAXX,fu:02465256,gene_to_fu,,0.3332580029964447,0.3330972492694855,0.33317112922668457,0.333372563123703,0.3333910405635834
2,TRAF2,fu:af1b2d2f,gene_to_fu,,0.49999868869781494,0.49998989701271057,0.500009298324585,0.4999951720237732,0.5000004172325134
2,CASP3,fu:eda4acea,gene_to_fu,,0.49999868869781494,0.49998989701271057,0.500009298324585,0.4999951720237732,0.5000004172325134
2,CD14,fu:cec976f1,gene_to_fu,,1.0,1.0,1.0,1.0,1.0
2,TGFBR1,fu:e1dd59a5,gene_to_fu,,0.33333295583724976,0.3333268165588379,0.3333372175693512,0.3333335220813751,0.3333343267440796
2,TGFBR2,fu:e1dd59a5,gene_to_fu,,0.33333295583724976,0.3333268165588379,0.3333372175693512,0.3333335220813751,0.3333343267440796
2,FAS,fu:12950895,gene_to_fu,,0.5000076293945312,0.4999837577342987,0.5000340938568115,0.5000046491622925,0.5000080466270447
2,IL1R1,fu:9274968e,gene_to_fu,,0.33325499296188354,0.33309221267700195,0.33317890763282776,0.333366334438324,0.33338257670402527
2,IL1RAP,fu:9274968e,gene_to_fu,,0.33337026834487915,0.33344611525535583,0.333413302898407,0.3333127796649933,0.33330896496772766
2,TNFRSF1A,fu:cb1c88d1,gene_to_fu,,0.49992573261260986,0.499731183052063,0.49983060359954834,0.5000784993171692,0.5000626444816589
2,TGFB1,fu:619d8916,gene_to_fu,,0.3333333432674408,0.3333333432674408,0.3333333432674408,0.3333333432674408,0.3333333432674408
2,TGFB2,fu:619d8916,gene_to_fu,,0.3333333432674408,0.3333333432674408,0.3333333432674408,0.3333333432674408,0.3333333432674408
2,TGFB3,fu:619d8916,gene_to_fu,,0.3333333432674408,0.3333333432674408,0.3333333432674408,0.3333333432674408,0.3333333432674408
2,IL1A,fu:5b3ce1d9,gene_to_fu,,0.49991416931152344,0.4997301399707794,0.49982333183288574,0.5000401735305786,0.5000630617141724
2,IL1B,fu:5b3ce1d9,gene_to_fu,,0.5000858306884766,0.5002698302268982,0.5001766681671143,0.4999598562717438,0.49993690848350525
2,TNF,fu:93677f06,gene_to_fu,,1.0,1.0,1.0,1.0,1.0
2,MAPKAPK5,fu:9ac97dd2,gene_to_fu,,0.5000010132789612,0.49999794363975525,0.5000054240226746,0.5000002384185791,0.5000004768371582
2,RAC1,fu:e2794b69,gene_to_fu,,0.250021755695343,0.25006556510925293,0.2500448524951935,0.24998997151851654,0.2499866634607315
2,RAC2,fu:e2794b69,gene_to_fu,,0.24993470311164856,0.2498033344745636,0.24986538290977478,0.25003013014793396,0.2500399649143219
2,RAC3,fu:e2794b69,gene_to_fu,,0.250021755695343,0.25006556510925293,0.2500448524951935,0.24998997151851654,0.2499866634607315
2,CDC42,fu:e2794b69,gene_to_fu,,0.250021755695343,0.25006556510925293,0.2500448524951935,0.24998997151851654,0.2499866634607315
2,PAK1,fu:9a263ecd,gene_to_fu,,0.2499987781047821,0.24999573826789856,0.2500009834766388,0.2499990612268448,0.24999937415122986
2,PAK2,fu:9a263ecd,gene_to_fu,,0.2499987781047821,0.24999573826789856,0.2500009834766388,0.2499990612268448,0.24999937415122986
2,MAP3K2,fu:6dc0c7f6,gene_to_fu,,0.33333393931388855,0.33333227038383484,0.33333447575569153,0.33333542943000793,0.3333335816860199
2,MAP3K3,fu:6dc0c7f6,gene_to_fu,,0.33333393931388855,0.33333227038383484,0.33333447575569153,0.33333542943000793,0.3333335816860199
2,MAPK8IP2,fu:92589075,gene_to_fu,,0.5000836849212646,0.5002581477165222,0.5001755952835083,0.4999598562717438,0.4999412000179291
2,MAPK8IP1,fu:92589075,gene_to_fu,,0.49991631507873535,0.4997418224811554,0.4998244047164917,0.5000401735305786,0.5000588297843933
2,MAP3K11,fu:28d07664,gene_to_fu,,0.33325672149658203,0.33309274911880493,0.33317673206329346,0.33336490392684937,0.3333924412727356
2,MAP2K7,fu:66672553,gene_to_fu,,0.14285649359226227,0.1428527981042862,0.14285701513290405,0.14285801351070404,0.1428581327199936
2,MAPK8,fu:fefb3eac,gene_to_fu,,0.10000023245811462,0.09999906271696091,0.10000082850456238,0.10000059753656387,0.10000044852495193
2,MAPK9,fu:fefb3eac,gene_to_fu,,0.10000023245811462,0.09999906271696091,0.10000082850456238,0.10000059753656387,0.10000044852495193
2,MAPK10,fu:fefb3eac,gene_to_fu,,0.10000023245811462,0.09999906271696091,0.10000082850456238,0.10000059753656387,0.10000044852495193
2,MAP2K4,fu:d7921de4,gene_to_fu,,0.2500036358833313,0.2500038146972656,0.2500026226043701,0.25000786781311035,0.2500002980232239
2,CRK,fu:5d3f8d6d,gene_to_fu,,0.25000032782554626,0.24999889731407166,0.25000208616256714,0.24999994039535522,0.2500004172325134
2,CRKL,fu:5d3f8d6d,gene_to_fu,,0.25000032782554626,0.24999889731407166,0.25000208616256714,0.24999994039535522,0.2500004172325134
2,ARRB1,fu:05519816,gene_to_fu,,0.3333338499069214,0.333331823348999,0.3333350419998169,0.3333348035812378,0.3333337903022766
2,ARRB2,fu:05519816,gene_to_fu,,0.3333338499069214,0.333331823348999,0.3333350419998169,0.3333348035812378,0.3333337903022766
2,MECOM,fu:6a22a160,gene_to_fu,,1.0,1.0,1.0,1.0,1.0
2,HSPA1A,fu:5fff24cf,gene_to_fu,,0.19995757937431335,0.19986897706985474,0.19991669058799744,0.20001928508281708,0.20002536475658417
2,HSPA1B,fu:5fff24cf,gene_to_fu,,0.20002828538417816,0.20008735358715057,0.2000555545091629,0.19998715817928314,0.19998307526111603
2,HSPA1L,fu:5fff24cf,gene_to_fu,,0.19995757937431335,0.19986897706985474,0.19991669058799744,0.20001928508281708,0.20002536475658417
2,HSPA6,fu:5fff24cf,gene_to_fu,,0.20002828538417816,0.20008735358715057,0.2000555545091629,0.19998715817928314,0.19998307526111603
2,HSPA8,fu:5fff24cf,gene_to_fu,,0.20002828538417816,0.20008735358715057,0.2000555545091629,0.19998715817928314,0.19998307526111603
2,JUND,fu:f5686479,gene_to_fu,,0.4999163746833801,0.4997379183769226,0.4998267590999603,0.5000365972518921,0.5000642538070679
2,FOS,fu:1b813b45,gene_to_fu,,0.3333333730697632,0.333332896232605,0.3333353102207184,0.33333176374435425,0.3333336114883423
2,JUN,fu:1b813b45,gene_to_fu,,0.3333333730697632,0.333332896232605,0.3333353102207184,0.33333176374435425,0.3333336114883423
2,NFATC3,fu:55bfa81d,gene_to_fu,,0.33333370089530945,0.3333314061164856,0.3333304226398468,0.3333390951156616,0.333333820104599
2,NFATC1,fu:73b76124,gene_to_fu,,0.33333370089530945,0.3333314061164856,0.3333304226398468,0.3333390951156616,0.333333820104599
2,PPP3CA,fu:ff2e7a0f,gene_to_fu,,0.19995814561843872,0.19987232983112335,0.1999109834432602,0.20001928508281708,0.20002998411655426
2,PPP3CB,fu:ff2e7a0f,gene_to_fu,,0.20002791285514832,0.2000851035118103,0.20005935430526733,0.19998715817928314,0.1999800205230713
2,PPP3CC,fu:ff2e7a0f,gene_to_fu,,0.20002791285514832,0.2000851035118103,0.20005935430526733,0.19998715817928314,0.1999800205230713
2,PPP3R1,fu:ff2e7a0f,gene_to_fu,,0.20002791285514832,0.2000851035118103,0.20005935430526733,0.19998715817928314,0.1999800205230713
2,PPP3R2,fu:ff2e7a0f,gene_to_fu,,0.19995814561843872,0.19987232983112335,0.1999109834432602,0.20001928508281708,0.20002998411655426
2,MAPK8IP3,fu:be5424aa,gene_to_fu,,0.2000006139278412,0.20000000298023224,0.2000017762184143,0.20000006258487701,0.2000006139278412
2,FLNA,fu:d00c086a,gene_to_fu,,0.4999176263809204,0.4997391700744629,0.49982568621635437,0.5000434517860413,0.5000621676445007
2,MAP3K1,fu:210acb65,gene_to_fu,,0.12499985098838806,0.1249995008111,0.1250000149011612,0.12499980628490448,0.12500004470348358
2,MAP3K8,fu:eadbb23d,gene_to_fu,,1.0,1.0,1.0,1.0,1.0
2,MAP4K1,fu:c7fdd986,gene_to_fu,,0.49991166591644287,0.4997214674949646,0.49981871247291565,0.5000357031822205,0.5000708103179932
2,MAP4K3,fu:d0d79cd1,gene_to_fu,,1.0,1.0,1.0,1.0,1.0
2,FOS,fu:5926e68e,gene_to_fu,,0.49999868869781494,0.4999840557575226,0.5000055432319641,0.5000020861625671,0.5000031590461731
2,SRF,fu:dc542d4d,gene_to_fu,,1.0,1.0,1.0,1.0,1.0
2,MYC,fu:fc6a389a,gene_to_fu,,1.0,1.0,1.0,1.0,1.0
2,ELK4,fu:f449b983,gene_to_fu,,0.3333309292793274,0.333320289850235,0.33332914113998413,0.3333386182785034,0.3333355784416199
2,ELK1,fu:7b593a5c,gene_to_fu,,0.3333309292793274,0.333320289850235,0.33332914113998413,0.3333386182785034,0.3333355784416199
2,ATF4,fu:f64183b7,gene_to_fu,,0.33325594663619995,0.33308959007263184,0.33317214250564575,0.3333742916584015,0.33338770270347595
2,RPS6KA6,fu:99084968,gene_to_fu,,0.20000013709068298,0.20000037550926208,0.20000006258487701,0.19999992847442627,0.20000015199184418
2,RPS6KA1,fu:99084968,gene_to_fu,,0.20000013709068298,0.20000037550926208,0.20000006258487701,0.19999992847442627,0.20000015199184418
2,RPS6KA2,fu:99084968,gene_to_fu,,0.20000013709068298,0.20000037550926208,0.20000006258487701,0.19999992847442627,0.20000015199184418
2,RPS6KA3,fu:99084968,gene_to_fu,,0.20000013709068298,0.20000037550926208,0.20000006258487701,0.19999992847442627,0.20000015199184418
2,MKNK2,fu:642e62d6,gene_to_fu,,0.3333709239959717,0.3334504961967468,0.3334096372127533,0.33331528306007385,0.33330827951431274
2,MKNK1,fu:642e62d6,gene_to_fu,,0.3332592248916626,0.3331022262573242,0.3331812024116516,0.33336883783340454,0.3333846926689148
2,EFNA4-EFNA3,fu:0d329cca,gene_to_fu,,0.01817876100540161,0.018172219395637512,0.01817544922232628,0.018183302134275436,0.01818406954407692
2,CSF1,fu:0d329cca,gene_to_fu,,0.01818477176129818,0.018191082403063774,0.018187973648309708,0.018180381506681442,0.018179651349782944
2,EFNA1,fu:0d329cca,gene_to_fu,,0.01818477176129818,0.018191082403063774,0.018187973648309708,0.018180381506681442,0.018179651349782944
2,EFNA2,fu:0d329cca,gene_to_fu,,0.01818477176129818,0.018191082403063774,0.018187973648309708,0.018180381506681442,0.018179651349782944
2,EFNA3,fu:0d329cca,gene_to_fu,,0.01818477176129818,0.018191082403063774,0.018187973648309708,0.018180381506681442,0.018179651349782944
2,EFNA4,fu:0d329cca,gene_to_fu,,0.01817876100540161,0.018172219395637512,0.01817544922232628,0.018183302134275436,0.01818406954407692
2,EFNA5,fu:0d329cca,gene_to_fu,,0.01818477176129818,0.018191082403063774,0.018187973648309708,0.018180381506681442,0.018179651349782944
2,EGF,fu:0d329cca,gene_to_fu,,0.01818477176129818,0.018191082403063774,0.018187973648309708,0.018180381506681442,0.018179651349782944
2,EREG,fu:0d329cca,gene_to_fu,,0.01818477176129818,0.018191082403063774,0.018187973648309708,0.018180381506681442,0.018179651349782944
2,FGF1,fu:0d329cca,gene_to_fu,,0.01818477176129818,0.018191082403063774,0.018187973648309708,0.018180381506681442,0.018179651349782944
2,FGF2,fu:0d329cca,gene_to_fu,,0.01818477176129818,0.018191082403063774,0.018187973648309708,0.018180381506681442,0.018179651349782944
2,FGF3,fu:0d329cca,gene_to_fu,,0.01817876100540161,0.018172219395637512,0.01817544922232628,0.018183302134275436,0.01818406954407692
2,FGF4,fu:0d329cca,gene_to_fu,,0.01817876100540161,0.018172219395637512,0.01817544922232628,0.018183302134275436,0.01818406954407692
2,FGF5,fu:0d329cca,gene_to_fu,,0.01818477176129818,0.018191082403063774,0.018187973648309708,0.018180381506681442,0.018179651349782944
2,FGF6,fu:0d329cca,gene_to_fu,,0.01817876100540161,0.018172219395637512,0.01817544922232628,0.018183302134275436,0.01818406954407692
2,FGF7,fu:0d329cca,gene_to_fu,,0.01818477176129818,0.018191082403063774,0.018187973648309708,0.018180381506681442,0.018179651349782944
2,FGF8,fu:0d329cca,gene_to_fu,,0.01817876100540161,0.018172219395637512,0.01817544922232628,0.018183302134275436,0.01818406954407692
2,FGF9,fu:0d329cca,gene_to_fu,,0.01818477176129818,0.018191082403063774,0.018187973648309708,0.018180381506681442,0.018179651349782944
2,FGF10,fu:0d329cca,gene_to_fu,,0.01818477176129818,0.018191082403063774,0.018187973648309708,0.018180381506681442,0.018179651349782944
2,VEGFD,fu:0d329cca,gene_to_fu,,0.01817876100540161,0.018172219395637512,0.01817544922232628,0.018183302134275436,0.01818406954407692
2,FLT3LG,fu:0d329cca,gene_to_fu,,0.01817876100540161,0.018172219395637512,0.01817544922232628,0.018183302134275436,0.01818406954407692
2,FGF20,fu:0d329cca,gene_to_fu,,0.01817876100540161,0.018172219395637512,0.01817544922232628,0.018183302134275436,0.01818406954407692
2,FGF21,fu:0d329cca,gene_to_fu,,0.01817876100540161,0.018172219395637512,0.01817544922232628,0.018183302134275436,0.01818406954407692
2,GDNF,fu:0d329cca,gene_to_fu,,0.01818477176129818,0.018191082403063774,0.018187973648309708,0.018180381506681442,0.018179651349782944
2,FGF22,fu:0d329cca,gene_to_fu,,0.01817876100540161,0.018172219395637512,0.01817544922232628,0.018183302134275436,0.01818406954407692
2,ANGPT1,fu:0d329cca,gene_to_fu,,0.01817876100540161,0.018172219395637512,0.01817544922232628,0.018183302134275436,0.01818406954407692
2,ANGPT2,fu:0d329cca,gene_to_fu,,0.01818477176129818,0.018191082403063774,0.018187973648309708,0.018180381506681442,0.018179651349782944
2,HGF,fu:0d329cca,gene_to_fu,,0.01818477176129818,0.018191082403063774,0.018187973648309708,0.018180381506681442,0.018179651349782944
2,IGF1,fu:0d329cca,gene_to_fu,,0.01818477176129818,0.018191082403063774,0.018187973648309708,0.018180381506681442,0.018179651349782944
2,IGF2,fu:0d329cca,gene_to_fu,,0.01818477176129818,0.018191082403063774,0.018187973648309708,0.018180381506681442,0.018179651349782944
2,INS,fu:0d329cca,gene_to_fu,,0.01817876100540161,0.018172219395637512,0.01817544922232628,0.018183302134275436,0.01818406954407692
2,AREG,fu:0d329cca,gene_to_fu,,0.01817876100540161,0.018172219395637512,0.01817544922232628,0.018183302134275436,0.01818406954407692
2,KITLG,fu:0d329cca,gene_to_fu,,0.01818477176129818,0.018191082403063774,0.018187973648309708,0.018180381506681442,0.018179651349782944
2,NGF,fu:0d329cca,gene_to_fu,,0.01817876100540161,0.018172219395637512,0.01817544922232628,0.018183302134275436,0.01818406954407692
2,NRTN,fu:0d329cca,gene_to_fu,,0.01817876100540161,0.018172219395637512,0.01817544922232628,0.018183302134275436,0.01818406954407692
2,NTF3,fu:0d329cca,gene_to_fu,,0.01817876100540161,0.018172219395637512,0.01817544922232628,0.018183302134275436,0.01818406954407692
2,NTF4,fu:0d329cca,gene_to_fu,,0.01817876100540161,0.018172219395637512,0.01817544922232628,0.018183302134275436,0.01818406954407692
2,ANGPT4,fu:0d329cca,gene_to_fu,,0.01818477176129818,0.018191082403063774,0.018187973648309708,0.018180381506681442,0.018179651349782944
2,PDGFA,fu:0d329cca,gene_to_fu,,0.01818477176129818,0.018191082403063774,0.018187973648309708,0.018180381506681442,0.018179651349782944
2,PDGFB,fu:0d329cca,gene_to_fu,,0.01818477176129818,0.018191082403063774,0.018187973648309708,0.018180381506681442,0.018179651349782944
2,PGF,fu:0d329cca,gene_to_fu,,0.01817876100540161,0.018172219395637512,0.01817544922232628,0.018183302134275436,0.01818406954407692
2,PDGFC,fu:0d329cca,gene_to_fu,,0.01818477176129818,0.018191082403063774,0.018187973648309708,0.018180381506681442,0.018179651349782944
2,PSPN,fu:0d329cca,gene_to_fu,,0.01817876100540161,0.018172219395637512,0.01817544922232628,0.018183302134275436,0.01818406954407692
2,BDNF,fu:0d329cca,gene_to_fu,,0.01818477176129818,0.018191082403063774,0.018187973648309708,0.018180381506681442,0.018179651349782944
2,TGFA,fu:0d329cca,gene_to_fu,,0.01818477176129818,0.018191082403063774,0.018187973648309708,0.018180381506681442,0.018179651349782944
2,VEGFA,fu:0d329cca,gene_to_fu,,0.01818477176129818,0.018191082403063774,0.018187973648309708,0.018180381506681442,0.018179651349782944
2,VEGFB,fu:0d329cca,gene_to_fu,,0.01818477176129818,0.018191082403063774,0.018187973648309708,0.018180381506681442,0.018179651349782944
2,VEGFC,fu:0d329cca,gene_to_fu,,0.01817876100540161,0.018172219395637512,0.01817544922232628,0.018183302134275436,0.01818406954407692
2,PDGFD,fu:0d329cca,gene_to_fu,,0.01817876100540161,0.018172219395637512,0.01817544922232628,0.018183302134275436,0.01818406954407692
2,FGF23,fu:0d329cca,gene_to_fu,,0.01817876100540161,0.018172219395637512,0.01817544922232628,0.018183302134275436,0.01818406954407692
2,FGF18,fu:0d329cca,gene_to_fu,,0.01817876100540161,0.018172219395637512,0.01817544922232628,0.018183302134275436,0.01818406954407692
2,FGF17,fu:0d329cca,gene_to_fu,,0.01817876100540161,0.018172219395637512,0.01817544922232628,0.018183302134275436,0.01818406954407692
2,FGF16,fu:0d329cca,gene_to_fu,,0.01817876100540161,0.018172219395637512,0.01817544922232628,0.018183302134275436,0.01818406954407692
2,ARTN,fu:0d329cca,gene_to_fu,,0.01817876100540161,0.018172219395637512,0.01817544922232628,0.018183302134275436,0.01818406954407692
2,FGF19,fu:0d329cca,gene_to_fu,,0.01818477176129818,0.018191082403063774,0.018187973648309708,0.018180381506681442,0.018179651349782944
2,TRADD,fu:fd78464d,gene_to_fu,,0.4999995231628418,0.4999988377094269,0.5000013113021851,0.4999981224536896,0.49999985098838806
2,MYD88,fu:c2e0c4ae,gene_to_fu,,0.500000536441803,0.4999975264072418,0.5000009536743164,0.5000035166740417,0.5000002384185791
2,IRAK1,fu:622bda7f,gene_to_fu,,0.33332979679107666,0.3333246409893036,0.3333282470703125,0.3333323895931244,0.3333338499069214
2,IRAK4,fu:622bda7f,gene_to_fu,,0.33332979679107666,0.3333246409893036,0.3333282470703125,0.3333323895931244,0.3333338499069214
2,ARAF,fu:d0ad993a,gene_to_fu,,0.49991917610168457,0.49974367022514343,0.4998292624950409,0.5000432729721069,0.5000605583190918
2,MAX,fu:0b389115,gene_to_fu,,1.0,1.0,1.0,1.0,1.0
2,MYC,fu:8f8c2fbf,gene_to_fu,,0.33333367109298706,0.33333438634872437,0.33333349227905273,0.3333331346511841,0.3333337604999542
2,MAX,fu:8f8c2fbf,gene_to_fu,,0.33333367109298706,0.33333438634872437,0.33333349227905273,0.3333331346511841,0.3333337604999542
2,SRF,fu:839c82c3,gene_to_fu,,0.3333333432674408,0.3333333432674408,0.3333333432674408,0.3333333432674408,0.3333333432674408
2,ELK4,fu:839c82c3,gene_to_fu,,0.3333333432674408,0.3333333432674408,0.3333333432674408,0.3333333432674408,0.3333333432674408
2,ELK1,fu:839c82c3,gene_to_fu,,0.3333333432674408,0.3333333432674408,0.3333333432674408,0.3333333432674408,0.3333333432674408
2,fu:c3d880e8,fu:7d8d1672,protein_protein_interaction,activation,0.4999965727329254,0.5000035762786865,0.4999780058860779,0.5000040531158447,0.5000005960464478
2,fu:cbc27d79,fu:cb603216,protein_protein_interaction,activation,0.0714307576417923,0.07143635302782059,0.07143130898475647,0.07142798602581024,0.07142738252878189
2,fu:ea3af571,fu:cb603216,protein_protein_interaction,activation,0.07143029570579529,0.07143363356590271,0.07143383473157883,0.07142633944749832,0.0714273601770401
2,fu:a6602c7f,fu:cb603216,protein_protein_interaction,activation,0.07142922282218933,0.07143236696720123,0.07143020629882812,0.07142693549394608,0.07142738252878189
2,fu:5264ac6f,fu:7cec7b64,protein_protein_interaction,activation,0.3333371579647064,0.3333461582660675,0.3333319425582886,0.3333376348018646,0.3333328664302826
2,fu:93677f06,fu:cb1c88d1,protein_protein_interaction,activation,0.5000742673873901,0.500268816947937,0.5001693964004517,0.4999215304851532,0.4999373257160187
2,fu:5b3ce1d9,fu:9274968e,protein_protein_interaction,activation,0.33337467908859253,0.3334616720676422,0.33340778946876526,0.33332085609436035,0.3333084285259247
2,fu:d4ebbf2b,fu:12950895,protein_protein_interaction,activation,0.49999237060546875,0.5000162720680237,0.4999658763408661,0.4999953806400299,0.4999919831752777
2,fu:619d8916,fu:e1dd59a5,protein_protein_interaction,activation,0.3333340287208557,0.33334630727767944,0.3333255648612976,0.33333298563957214,0.33333128690719604
2,fu:12950895,fu:02465256,protein_protein_interaction,activation,0.3333728313446045,0.3334541618824005,0.3334125876426697,0.3333192467689514,0.333305299282074
2,fu:e1dd59a5,fu:02465256,protein_protein_interaction,activation,0.3333691954612732,0.3334485590457916,0.33341628313064575,0.33330821990966797,0.33330366015434265
2,fu:0d65318d,fu:727cb396,protein_protein_interaction,binding/association,0.03703949600458145,0.03704402223229408,0.037042271345853806,0.037036050111055374,0.03703565150499344
2,fu:9bd0df30,fu:0d65318d,protein_protein_interaction,binding/association,0.49999892711639404,0.500000536441803,0.4999972879886627,0.4999977648258209,0.5000001192092896
2,fu:545ebf7d,fu:4d346bcc,protein_protein_interaction,binding/association,0.2499944269657135,0.2499791383743286,0.25000062584877014,0.24999453127384186,0.2500034272670746
2,fu:3285e573,fu:4d346bcc,protein_protein_interaction,binding/association,0.25000500679016113,0.2500194311141968,0.24999915063381195,0.2500050365924835,0.2499963790178299
2,fu:dc542d4d,fu:7b593a5c,protein_protein_interaction,binding/association,0.33333924412727356,0.3333626091480255,0.33334219455718994,0.3333221673965454,0.33333006501197815
2,fu:dc542d4d,fu:f449b983,protein_protein_interaction,binding/association,0.33333924412727356,0.3333626091480255,0.33334219455718994,0.3333221673965454,0.33333006501197815
2,fu:93eeec94,fu:ee804b17,protein_protein_interaction,binding/association,0.14285986125469208,0.14286178350448608,0.14286953210830688,0.14285196363925934,0.1428561955690384
2,fu:93eeec94,fu:4781eb07,protein_protein_interaction,binding/association,0.14286679029464722,0.14288318157196045,0.14288419485092163,0.1428486853837967,0.1428511142730713
2,fu:7c6d4d4a,fu:93eeec94,protein_protein_interaction,binding/association,0.49999919533729553,0.49999764561653137,0.49999961256980896,0.5000004768371582,0.499999076128006
2,fu:92589075,fu:fefb3eac,protein_protein_interaction,binding/association,0.10000250488519669,0.1000065729022026,0.10000229626893997,0.10000237822532654,0.09999877214431763
2,fu:92589075,fu:66672553,protein_protein_interaction,binding/association,0.14285972714424133,0.14286352694034576,0.1428591012954712,0.142860546708107,0.14285573363304138
2,fu:92589075,fu:28d07664,protein_protein_interaction,binding/association,0.3333766460418701,0.3334665298461914,0.3334221839904785,0.33331727981567383,0.3333006203174591
2,fu:92589075,fu:c7fdd986,protein_protein_interaction,binding/association,0.5000883340835571,0.5002785325050354,0.5001813173294067,0.49996426701545715,0.4999292194843292
2,fu:fefb3eac,fu:be5424aa,protein_protein_interaction,binding/association,0.20000049471855164,0.20000076293945312,0.1999981850385666,0.20000289380550385,0.2000000923871994
2,fu:d7921de4,fu:be5424aa,protein_protein_interaction,binding/association,0.19999967515468597,0.2000027447938919,0.19999870657920837,0.1999974399805069,0.19999980926513672
2,fu:66672553,fu:be5424aa,protein_protein_interaction,binding/association,0.1999996453523636,0.1999983936548233,0.20000046491622925,0.1999991238117218,0.20000059902668
2,fu:be5424aa,fu:210acb65,protein_protein_interaction,binding/association,0.12500004470348358,0.1250002384185791,0.12500011920928955,0.12499979883432388,0.1250000298023224
2,fu:28d07664,fu:be5424aa,protein_protein_interaction,binding/association,0.19999957084655762,0.19999808073043823,0.2000008225440979,0.20000043511390686,0.19999894499778748
2,fu:fefb3eac,fu:5d3f8d6d,protein_protein_interaction,binding/association,0.2500001788139343,0.24999985098838806,0.2499975860118866,0.25000348687171936,0.2499997764825821
2,fu:d7921de4,fu:5d3f8d6d,protein_protein_interaction,binding/association,0.24999916553497314,0.25000232458114624,0.24999824166297913,0.24999666213989258,0.24999941885471344
2,fu:d7921de4,fu:d00c086a,protein_protein_interaction,binding/association,0.5000823736190796,0.5002608299255371,0.5001742839813232,0.49995657801628113,0.4999378025531769
2,fu:d7921de4,fu:05519816,protein_protein_interaction,binding/association,0.33333227038383484,0.33333638310432434,0.3333299160003662,0.3333304226398468,0.33333244919776917
2,fu:0ddd2c17,fu:5264ac6f,protein_protein_interaction,phosphorylation,0.3333359360694885,0.3333302140235901,0.3333538770675659,0.3333263099193573,0.3333333730697632
2,fu:6fc31f40,fu:cb603216,protein_protein_interaction,phosphorylation,0.07143086194992065,0.07143498212099075,0.07143418490886688,0.07142746448516846,0.07142681628465652
2,fu:6fc31f40,fu:5324c493,protein_protein_interaction,phosphorylation,0.3333359956741333,0.3333388566970825,0.33334049582481384,0.33333244919776917,0.3333321809768677
2,fu:9bd0df30,fu:cb603216,protein_protein_interaction,activation,0.07142990827560425,0.07143327593803406,0.07143143564462662,0.07142755389213562,0.0714273676276207
2,fu:cb603216,fu:7cec7b64,protein_protein_interaction,activation,0.3333304822444916,0.3333272933959961,0.33333253860473633,0.3333291709423065,0.333332896232605
2,fu:cb603216,fu:5324c493,protein_protein_interaction,activation,0.33333101868629456,0.3333309292793274,0.3333282470703125,0.3333317041397095,0.33333322405815125
2,fu:7cec7b64,fu:ee804b17,protein_protein_interaction,phosphorylation,0.14285629987716675,0.1428585946559906,0.14285336434841156,0.14285603165626526,0.14285725355148315
2,fu:7cec7b64,fu:4781eb07,protein_protein_interaction,phosphorylation,0.14286324381828308,0.14287999272346497,0.1428680419921875,0.1428527683019638,0.14285217225551605
2,fu:5324c493,fu:ee804b17,protein_protein_interaction,phosphorylation,0.14285685122013092,0.14285661280155182,0.14285507798194885,0.14285793900489807,0.14285776019096375
2,fu:5324c493,fu:4781eb07,protein_protein_interaction,phosphorylation,0.14286378026008606,0.142877995967865,0.1428697556257248,0.14285467565059662,0.14285269379615784
2,fu:ee804b17,fu:7c6d4d4a,protein_protein_interaction,phosphorylation,0.16666680574417114,0.1666686087846756,0.16666589677333832,0.16666659712791443,0.16666613519191742
2,fu:4781eb07,fu:7c6d4d4a,protein_protein_interaction,phosphorylation,0.16666708886623383,0.16666780412197113,0.1666676104068756,0.16666650772094727,0.1666664332151413
2,fu:7c6d4d4a,fu:7e702847,protein_protein_interaction,phosphorylation,0.49999919533729553,0.49999764561653137,0.49999961256980896,0.5000004768371582,0.499999076128006
2,fu:7c6d4d4a,fu:e661480b,protein_protein_interaction,phosphorylation,0.49999919533729553,0.49999764561653137,0.49999961256980896,0.5000004768371582,0.499999076128006
2,fu:7c6d4d4a,fu:0c2b138c,protein_protein_interaction,phosphorylation,0.1250203400850296,0.1250637322664261,0.12504246830940247,0.12499017268419266,0.12498500198125839
2,fu:7c6d4d4a,fu:642e62d6,protein_protein_interaction,phosphorylation,0.3333698511123657,0.33344733715057373,0.3334091603755951,0.333315908908844,0.33330702781677246
2,fu:7c6d4d4a,fu:99084968,protein_protein_interaction,phosphorylation,0.19999948143959045,0.19999848306179047,0.19999976456165314,0.20000030100345612,0.19999940693378448
2,fu:7c6d4d4a,fu:7b593a5c,protein_protein_interaction,phosphorylation,0.33332982659339905,0.3333171010017395,0.33332863450050354,0.33333924412727356,0.3333343267440796
2,fu:7c6d4d4a,fu:f449b983,protein_protein_interaction,phosphorylation,0.33332982659339905,0.3333171010017395,0.33332863450050354,0.33333924412727356,0.3333343267440796
2,fu:642e62d6,fu:f64183b7,protein_protein_interaction,phosphorylation,0.33337533473968506,0.3334599733352661,0.33341988921165466,0.3333154320716858,0.33330613374710083
2,fu:99084968,fu:f64183b7,protein_protein_interaction,phosphorylation,0.333368718624115,0.33345043659210205,0.3334079682826996,0.3333102762699127,0.3333061933517456
2,fu:7c6d4d4a,fu:8f8c2fbf,protein_protein_interaction,phosphorylation,0.3333326280117035,0.33333122730255127,0.33333298563957214,0.3333337604999542,0.33333250880241394
2,fu:e2794b69,fu:210acb65,protein_protein_interaction,activation,0.12500226497650146,0.12500907480716705,0.1250002086162567,0.1250002384185791,0.12499954551458359
2,fu:e2794b69,fu:9a263ecd,protein_protein_interaction,activation,0.2500036358833313,0.25001487135887146,0.25000137090682983,0.24999991059303284,0.24999839067459106
2,fu:eda4acea,fu:b9db94ef,protein_protein_interaction,activation,0.3333333730697632,0.33333149552345276,0.33332955837249756,0.3333359360694885,0.3333364725112915
2,fu:af1b2d2f,fu:b8f9f795,protein_protein_interaction,activation,0.49999991059303284,0.4999984800815582,0.5000007748603821,0.500000536441803,0.49999985098838806
2,fu:af1b2d2f,fu:aacf07bb,protein_protein_interaction,activation,0.2000163197517395,0.20004455745220184,0.20003175735473633,0.19999828934669495,0.1999906301498413
2,fu:af1b2d2f,fu:210acb65,protein_protein_interaction,activation,0.12499979883432388,0.12499874085187912,0.12500040233135223,0.12500007450580597,0.12499996274709702
2,fu:02465256,fu:aacf07bb,protein_protein_interaction,activation,0.20001675188541412,0.20004895329475403,0.20002959668636322,0.19999854266643524,0.1999898999929428
2,fu:41822415,fu:8cf03d63,protein_protein_interaction,activation,0.4999995827674866,0.5000060200691223,0.4999796450138092,0.5000137090682983,0.49999895691871643
2,fu:9a263ecd,fu:6dc0c7f6,protein_protein_interaction,phosphorylation,0.3333321511745453,0.3333354890346527,0.33333104848861694,0.3333291709423065,0.3333328664302826
2,fu:c7fdd986,fu:28d07664,protein_protein_interaction,phosphorylation,0.33336666226387024,0.33344072103500366,0.3334011137485504,0.3333178162574768,0.3333069384098053
2,fu:f0d46f11,fu:210acb65,protein_protein_interaction,phosphorylation,0.12500101327896118,0.1250002682209015,0.12500397861003876,0.12499995529651642,0.12499988824129105
2,fu:d0d79cd1,fu:210acb65,protein_protein_interaction,phosphorylation,0.12499809265136719,0.12499399483203888,0.12499850243330002,0.12500062584877014,0.12499924749135971
2,fu:1ee1c600,fu:66672553,protein_protein_interaction,phosphorylation,0.1428591012954712,0.1428619772195816,0.1428600698709488,0.142856627702713,0.14285771548748016
2,fu:e7b77b07,fu:66672553,protein_protein_interaction,phosphorylation,0.1428564339876175,0.1428583413362503,0.14285139739513397,0.14285920560359955,0.14285676181316376
2,fu:8ce177b4,fu:66672553,protein_protein_interaction,phosphorylation,0.14285920560359955,0.14286354184150696,0.14286085963249207,0.14285598695278168,0.1428564190864563
2,fu:aacf07bb,fu:416a5afd,protein_protein_interaction,phosphorylation,0.14285671710968018,0.1428549587726593,0.14285719394683838,0.14285720884799957,0.14285752177238464
2,fu:aacf07bb,fu:5e60e9dc,protein_protein_interaction,phosphorylation,0.14285671710968018,0.1428549587726593,0.14285719394683838,0.14285720884799957,0.14285752177238464
2,fu:cabad419,fu:b9ec221f,protein_protein_interaction,phosphorylation,0.3333706855773926,0.33346113562583923,0.3334105908870697,0.33330464363098145,0.33330637216567993
2,fu:cabad419,fu:523a744b,protein_protein_interaction,phosphorylation,0.14286431670188904,0.14288336038589478,0.14287127554416656,0.14285148680210114,0.14285120368003845
2,fu:cabad419,fu:416a5afd,protein_protein_interaction,phosphorylation,0.14285621047019958,0.142855703830719,0.14285708963871002,0.1428552120923996,0.14285685122013092
2,fu:cabad419,fu:5e60e9dc,protein_protein_interaction,phosphorylation,0.14285621047019958,0.142855703830719,0.14285708963871002,0.1428552120923996,0.14285685122013092
2,fu:cabad419,fu:db8a4a8a,protein_protein_interaction,phosphorylation,0.49999910593032837,0.5000024437904358,0.49999967217445374,0.4999953806400299,0.49999895691871643
2,fu:e9c5128e,fu:416a5afd,protein_protein_interaction,phosphorylation,0.14285916090011597,0.14286282658576965,0.1428544968366623,0.14286305010318756,0.14285632967948914
2,fu:e9c5128e,fu:5e60e9dc,protein_protein_interaction,phosphorylation,0.14285916090011597,0.14286282658576965,0.1428544968366623,0.14286305010318756,0.14285632967948914
2,fu:416a5afd,fu:5800992d,protein_protein_interaction,phosphorylation,0.12501052021980286,0.12503230571746826,0.12502247095108032,0.12499544024467468,0.12499184906482697
2,fu:5e60e9dc,fu:5800992d,protein_protein_interaction,phosphorylation,0.12501031160354614,0.12503179907798767,0.12502270936965942,0.12499471753835678,0.1249920129776001
2,fu:5800992d,fu:bfc9ae48,protein_protein_interaction,phosphorylation,0.4999989867210388,0.5000020861625671,0.4999946057796478,0.4999997913837433,0.4999994933605194
2,fu:5800992d,fu:5fde3828,protein_protein_interaction,phosphorylation,0.33333253860473633,0.3333347737789154,0.33333054184913635,0.33333155512809753,0.33333319425582886
2,fu:5800992d,fu:31725aa3,protein_protein_interaction,phosphorylation,0.33333253860473633,0.3333347737789154,0.33333054184913635,0.33333155512809753,0.33333319425582886
2,fu:5800992d,fu:0a37beb9,protein_protein_interaction,phosphorylation,0.4999989867210388,0.5000020861625671,0.4999946057796478,0.4999997913837433,0.4999994933605194
2,fu:5800992d,fu:dda08e08,protein_protein_interaction,phosphorylation,0.4999989867210388,0.5000020861625671,0.4999946057796478,0.4999997913837433,0.4999994933605194
2,fu:5800992d,fu:45df5340,protein_protein_interaction,phosphorylation,0.4999989867210388,0.5000020861625671,0.4999946057796478,0.4999997913837433,0.4999994933605194
2,fu:5800992d,fu:f101a6f1,protein_protein_interaction,phosphorylation,0.4999989867210388,0.5000020861625671,0.4999946057796478,0.4999997913837433,0.4999994933605194
2,fu:5800992d,fu:9ac97dd2,protein_protein_interaction,phosphorylation,0.4999989867210388,0.5000020861625671,0.4999946057796478,0.4999997913837433,0.4999994933605194
2,fu:5800992d,fu:8c7ba104,protein_protein_interaction,phosphorylation,0.3333324193954468,0.33333516120910645,0.333328515291214,0.33333316445350647,0.333332896232605
2,fu:5800992d,fu:b8ada536,protein_protein_interaction,phosphorylation,0.33333244919776917,0.33333519101142883,0.333328515291214,0.33333316445350647,0.333332896232605
2,fu:5800992d,fu:e45fbd5c,protein_protein_interaction,phosphorylation,0.4999989867210388,0.5000020861625671,0.4999946057796478,0.4999997913837433,0.4999994933605194
2,fu:9ac97dd2,fu:6953fac9,protein_protein_interaction,phosphorylation,0.33336666226387024,0.333446741104126,0.333406925201416,0.33331021666526794,0.333302766084671
2,fu:8c7ba104,fu:6953fac9,protein_protein_interaction,phosphorylation,0.3333730399608612,0.33345702290534973,0.3334205150604248,0.33331426978111267,0.33330038189888
2,fu:8c7ba104,fu:7bca3a7b,protein_protein_interaction,phosphorylation,0.3333706557750702,0.3334536850452423,0.33341193199157715,0.3333126902580261,0.3333042562007904
2,fu:b8ada536,fu:7bca3a7b,protein_protein_interaction,phosphorylation,0.3333728611469269,0.33345529437065125,0.3334159553050995,0.3333132863044739,0.3333068788051605
2,fu:faf1b7e0,fu:f05aba10,protein_protein_interaction,phosphorylation,0.49999964237213135,0.4999867081642151,0.5000119209289551,0.4999978244304657,0.5000022053718567
2,fu:f05aba10,fu:14d50a78,protein_protein_interaction,phosphorylation,0.5000854134559631,0.5002665519714355,0.5001776218414307,0.4999622106552124,0.49993517994880676
2,fu:eadbb23d,fu:b9ec221f,protein_protein_interaction,phosphorylation,0.33336925506591797,0.33343422412872314,0.3334028124809265,0.3333309292793274,0.3333090543746948
2,fu:eadbb23d,fu:523a744b,protein_protein_interaction,phosphorylation,0.14286372065544128,0.14287182688713074,0.14286793768405914,0.1428627371788025,0.14285235106945038
2,fu:eadbb23d,fu:ee804b17,protein_protein_interaction,phosphorylation,0.14285582304000854,0.14284729957580566,0.14285323023796082,0.14286506175994873,0.14285773038864136
2,fu:eadbb23d,fu:4781eb07,protein_protein_interaction,phosphorylation,0.14286276698112488,0.14286869764328003,0.14286790788173676,0.14286178350448608,0.14285264909267426
2,fu:210acb65,fu:523a744b,protein_protein_interaction,phosphorylation,0.14286479353904724,0.1428816020488739,0.14287187159061432,0.14285391569137573,0.14285176992416382
2,fu:210acb65,fu:d7921de4,protein_protein_interaction,phosphorylation,0.2500035762786865,0.2500031590461731,0.2500033378601074,0.2500075101852417,0.2500002384185791
2,fu:28d07664,fu:66672553,protein_protein_interaction,phosphorylation,0.14285574853420258,0.14285141229629517,0.14285632967948914,0.14285828173160553,0.14285694062709808
2,fu:210acb65,fu:ee804b17,protein_protein_interaction,phosphorylation,0.1428569108247757,0.14285707473754883,0.142857164144516,0.14285624027252197,0.1428571492433548
2,fu:210acb65,fu:4781eb07,protein_protein_interaction,phosphorylation,0.14286383986473083,0.1428784728050232,0.14287182688713074,0.14285296201705933,0.1428520679473877
2,fu:d7921de4,fu:fefb3eac,protein_protein_interaction,phosphorylation,0.09999976307153702,0.10000042617321014,0.09999930113554001,0.09999928623437881,0.1000000536441803
2,fu:66672553,fu:fefb3eac,protein_protein_interaction,phosphorylation,0.09999975562095642,0.09999825805425644,0.10000017285346985,0.10000013560056686,0.10000044107437134
2,fu:fefb3eac,fu:1b813b45,protein_protein_interaction,phosphorylation,0.33333319425582886,0.33333417773246765,0.33332934975624084,0.3333364725112915,0.33333277702331543
2,fu:fefb3eac,fu:f5686479,protein_protein_interaction,phosphorylation,0.5000836253166199,0.5002620220184326,0.5001732707023621,0.4999633729457855,0.49993574619293213
2,fu:fefb3eac,fu:5fde3828,protein_protein_interaction,phosphorylation,0.33333367109298706,0.333333283662796,0.33333176374435425,0.33333656191825867,0.33333298563957214
2,fu:fefb3eac,fu:31725aa3,protein_protein_interaction,phosphorylation,0.33333367109298706,0.333333283662796,0.33333176374435425,0.33333656191825867,0.33333298563957214
2,fu:fefb3eac,fu:73b76124,protein_protein_interaction,inhibition|phosphorylation,0.33333349227905273,0.3333326578140259,0.33332446217536926,0.33334383368492126,0.33333295583724976
2,fu:fefb3eac,fu:55bfa81d,protein_protein_interaction,inhibition|phosphorylation,0.33333349227905273,0.3333326578140259,0.33332446217536926,0.33334383368492126,0.33333295583724976
2,fu:ff2e7a0f,fu:73b76124,protein_protein_interaction,dephosphorylation,0.3333328664302826,0.3333359360694885,0.33334508538246155,0.3333171010017395,0.333333283662796
2,fu:41203a8a,fu:aacf07bb,protein_protein_interaction,inhibition|phosphorylation,0.20000919699668884,0.20004020631313324,0.20002464950084686,0.19998234510421753,0.19998957216739655
2,fu:41203a8a,fu:d7921de4,protein_protein_interaction,inhibition|phosphorylation,0.2499946653842926,0.2499968558549881,0.24999447166919708,0.24998845160007477,0.24999883770942688
2,fu:ff2e7a0f,fu:55bfa81d,protein_protein_interaction,dephosphorylation,0.3333328664302826,0.3333359360694885,0.33334508538246155,0.3333171010017395,0.333333283662796
2,fu:7d8d1672,fu:cb603216,protein_protein_interaction,inhibition,0.0714300200343132,0.07143288105726242,0.07143084704875946,0.07142893970012665,0.07142742723226547
2,fu:3968d652,fu:cb603216,protein_protein_interaction,inhibition,0.07143011689186096,0.07143499702215195,0.07143136858940125,0.07142742723226547,0.07142666727304459
2,fu:30ad397b,fu:cb603216,protein_protein_interaction,inhibition,0.07143107801675797,0.07143735885620117,0.07143333554267883,0.07142675668001175,0.0714268758893013
2,fu:645ada17,fu:7c6d4d4a,protein_protein_interaction,inhibition|dephosphorylation,0.16666525602340698,0.16665993630886078,0.16666796803474426,0.1666654348373413,0.16666769981384277
2,fu:bd9bd64d,fu:7c6d4d4a,protein_protein_interaction,inhibition|dephosphorylation,0.1666668802499771,0.166670560836792,0.16666480898857117,0.16666564345359802,0.16666649281978607
2,fu:da3df1ca,fu:fefb3eac,protein_protein_interaction,inhibition|dephosphorylation,0.09999944269657135,0.09999977797269821,0.09999853372573853,0.09999912232160568,0.1000003069639206
2,fu:da3df1ca,fu:5800992d,protein_protein_interaction,inhibition|dephosphorylation,0.12500977516174316,0.1250339150428772,0.12501965463161469,0.1249937191605568,0.12499181926250458
2,fu:7da6eba5,fu:fefb3eac,protein_protein_interaction,inhibition|dephosphorylation,0.09999918937683105,0.09999508410692215,0.10000148415565491,0.09999910742044449,0.10000110417604446
2,fu:7da6eba5,fu:5800992d,protein_protein_interaction,inhibition|dephosphorylation,0.1250094771385193,0.12502804398536682,0.12502335011959076,0.1249937042593956,0.12499281018972397
2,fu:5dc42453,fu:416a5afd,protein_protein_interaction,inhibition|dephosphorylation,0.14285357296466827,0.14284996688365936,0.14285553991794586,0.14285117387771606,0.142857626080513
2,fu:5dc42453,fu:5e60e9dc,protein_protein_interaction,inhibition|dephosphorylation,0.14285357296466827,0.14284996688365936,0.14285553991794586,0.14285117387771606,0.142857626080513
2,fu:5dc42453,fu:66672553,protein_protein_interaction,inhibition|dephosphorylation,0.14285334944725037,0.1428484320640564,0.14285528659820557,0.1428513377904892,0.14285829663276672
2,fu:5dc42453,fu:d7921de4,protein_protein_interaction,inhibition|dephosphorylation,0.24999813735485077,0.24999620020389557,0.24999958276748657,0.24999617040157318,0.25000059604644775
2,fu:306b6021,fu:aacf07bb,protein_protein_interaction,inhibition|dephosphorylation,0.2000088095664978,0.20003008842468262,0.20002567768096924,0.19999082386493683,0.1999886929988861
2,fu:3c67a02d,fu:cabad419,protein_protein_interaction,inhibition|dephosphorylation,0.24999623000621796,0.2500050365924835,0.2499869465827942,0.2499937117099762,0.2499992400407791
2,fu:6a22a160,fu:fefb3eac,protein_protein_interaction,inhibition,0.09999991208314896,0.10000389814376831,0.09999725222587585,0.10000003129243851,0.09999847412109375
2,fu:5fff24cf,fu:fefb3eac,protein_protein_interaction,inhibition,0.09999872744083405,0.099998839199543,0.09999845176935196,0.09999816864728928,0.09999945759773254
2,fu:839c82c3,fu:5926e68e,gene_expression_regulation,expression,0.5000013113021851,0.500015914440155,0.4999944567680359,0.49999794363975525,0.4999968409538269
2,fu:cec976f1,fu:d7d24a4c,protein_protein_interaction,indirect effect,0.24999919533729553,0.2500211298465729,0.2500005066394806,0.24997961521148682,0.24999554455280304
2,fu:b9ec221f,fu:3c93b301,protein_protein_interaction,indirect effect,0.16668103635311127,0.16670957207679749,0.16670988500118256,0.16665032505989075,0.16665442287921906
2,fu:523a744b,fu:3c93b301,protein_protein_interaction,indirect effect,0.16668671369552612,0.16672870516777039,0.16670642793178558,0.1666591912508011,0.1666525900363922
2,fu:bd379c39,fu:ea3af571,protein_protein_interaction,compound,0.333370178937912,0.3334513008594513,0.33340996503829956,0.33331364393234253,0.333305686712265
2,fu:bd379c39,fu:a6602c7f,protein_protein_interaction,compound,0.20002628862857819,0.20008599758148193,0.20005376636981964,0.1999858170747757,0.19997958838939667
2,fu:eda4acea,fu:9a263ecd,protein_protein_interaction,activation,0.2499988079071045,0.2499936819076538,0.24999672174453735,0.2500019669532776,0.2500028908252716
2,fu:eda4acea,fu:210acb65,protein_protein_interaction,activation,0.12499985098838806,0.12499847263097763,0.12499789148569107,0.12500126659870148,0.12500180304050446
2,fu:b9ec221f,fu:523a744b,protein_protein_interaction,phosphorylation,0.14286059141159058,0.14286701381206512,0.14287564158439636,0.1428464949131012,0.142853245139122
2,fu:d7d24a4c,fu:cabad419,protein_protein_interaction,activation,0.25000256299972534,0.250001460313797,0.2500034272670746,0.2500058114528656,0.2499995082616806
2,fu:545ebf7d,fu:cabad419,protein_protein_interaction,activation,0.24999818205833435,0.24998852610588074,0.250005304813385,0.24999696016311646,0.2500019073486328
2,fu:cb1c88d1,fu:fd78464d,protein_protein_interaction,,0.5000004768371582,0.5000011920928955,0.49999871850013733,0.500001847743988,0.5000001788139343
2,fu:fd78464d,fu:af1b2d2f,protein_protein_interaction,activation,0.5000013113021851,0.5000101327896118,0.4999907314777374,0.5000048279762268,0.4999995827674866
2,fu:fd78464d,fu:eda4acea,protein_protein_interaction,activation|indirect effect,0.5000013113021851,0.5000101327896118,0.4999907314777374,0.5000048279762268,0.4999995827674866
2,fu:9274968e,fu:c2e0c4ae,protein_protein_interaction,activation,0.499999463558197,0.5000025033950806,0.499999076128006,0.49999651312828064,0.4999997913837433
2,fu:c2e0c4ae,fu:622bda7f,protein_protein_interaction,activation,0.3333404064178467,0.3333507180213928,0.3333434462547302,0.3333352208137512,0.3333323001861572
2,fu:af1b2d2f,fu:d7d24a4c,protein_protein_interaction,activation,0.24999982118606567,0.2499888688325882,0.2500001788139343,0.25000837445259094,0.2500018775463104
2,fu:622bda7f,fu:4d346bcc,protein_protein_interaction,activation|indirect effect,0.25000128149986267,0.2500058710575104,0.25000059604644775,0.24999934434890747,0.2499992996454239
2,fu:4d346bcc,fu:d7d24a4c,protein_protein_interaction,binding/association,0.25000104308128357,0.24999958276748657,0.24999991059303284,0.2500041127204895,0.25000059604644775
2,fu:0d329cca,fu:727cb396,protein_protein_interaction,activation,0.03703947737812996,0.03704516217112541,0.03704158961772919,0.03703591972589493,0.03703523427248001
2,fu:cb603216,fu:d0ad993a,protein_protein_interaction,activation,0.5000808238983154,0.500256359577179,0.5001707673072815,0.49995675683021545,0.4999394118785858
2,fu:d0ad993a,fu:ee804b17,protein_protein_interaction,activation|phosphorylation,0.14285726845264435,0.14286115765571594,0.14285485446453094,0.14285631477832794,0.14285677671432495
2,fu:d0ad993a,fu:4781eb07,protein_protein_interaction,activation|phosphorylation,0.14286421239376068,0.1428825557231903,0.14286953210830688,0.1428530365228653,0.14285169541835785
2,fu:8cf03d63,fu:416a5afd,protein_protein_interaction,activation|phosphorylation,0.14285701513290405,0.1428547203540802,0.14285902678966522,0.14285694062709808,0.14285734295845032
2,fu:8cf03d63,fu:5e60e9dc,protein_protein_interaction,activation|phosphorylation,0.14285701513290405,0.1428547203540802,0.14285902678966522,0.14285694062709808,0.14285734295845032
2,fu:0c8f7154,fu:416a5afd,protein_protein_interaction,activation|phosphorylation,0.14286059141159058,0.14286752045154572,0.14285938441753387,0.14285854995250702,0.14285686612129211
2,fu:0c8f7154,fu:5e60e9dc,protein_protein_interaction,activation|phosphorylation,0.14286059141159058,0.14286752045154572,0.14285938441753387,0.14285854995250702,0.14285686612129211
2,fu:cb603216,fu:210acb65,protein_protein_interaction,,0.12499912083148956,0.12499979138374329,0.12499888986349106,0.12499825656414032,0.1249995306134224
2,MIMAT0000680,FAS,mir_regulates_mrna,,0.5,0.5,0.5,0.5,0.5
2,MIMAT0002875,FAS,mir_regulates_mrna,,0.5,0.5,0.5,0.5,0.5
2,MIMAT0000456,FGFR2,mir_regulates_mrna,,1.0,1.0,1.0,1.0,1.0
2,MIMAT0002819,KIT,mir_regulates_mrna,,0.1666666716337204,0.1666666716337204,0.1666666716337204,0.1666666716337204,0.1666666716337204
2,MIMAT0019025,KIT,mir_regulates_mrna,,0.1666666716337204,0.1666666716337204,0.1666666716337204,0.1666666716337204,0.1666666716337204
2,MIMAT0000075,KIT,mir_regulates_mrna,,0.1666666716337204,0.1666666716337204,0.1666666716337204,0.1666666716337204,0.1666666716337204
2,MIMAT0000263,KIT,mir_regulates_mrna,,0.1666666716337204,0.1666666716337204,0.1666666716337204,0.1666666716337204,0.1666666716337204
2,MIMAT0000278,KIT,mir_regulates_mrna,,0.1666666716337204,0.1666666716337204,0.1666666716337204,0.1666666716337204,0.1666666716337204
2,MIMAT0000456,KIT,mir_regulates_mrna,,0.1666666716337204,0.1666666716337204,0.1666666716337204,0.1666666716337204,0.1666666716337204
2,MIMAT0000232,MET,mir_regulates_mrna,,0.1666666716337204,0.1666666716337204,0.1666666716337204,0.1666666716337204,0.1666666716337204
2,MIMAT0000243,MET,mir_regulates_mrna,,0.1666666716337204,0.1666666716337204,0.1666666716337204,0.1666666716337204,0.1666666716337204
2,MIMAT0004563,MET,mir_regulates_mrna,,0.1666666716337204,0.1666666716337204,0.1666666716337204,0.1666666716337204,0.1666666716337204
2,MIMAT0000646,MET,mir_regulates_mrna,,0.1666666716337204,0.1666666716337204,0.1666666716337204,0.1666666716337204,0.1666666716337204
2,MIMAT0019042,MET,mir_regulates_mrna,,0.1666666716337204,0.1666666716337204,0.1666666716337204,0.1666666716337204,0.1666666716337204
2,MIMAT0019799,MET,mir_regulates_mrna,,0.1666666716337204,0.1666666716337204,0.1666666716337204,0.1666666716337204,0.1666666716337204
2,MIMAT0000073,NF1,mir_regulates_mrna,,0.3333333432674408,0.3333333432674408,0.3333333432674408,0.3333333432674408,0.3333333432674408
2,MIMAT0000074,NF1,mir_regulates_mrna,,0.3333333432674408,0.3333333432674408,0.3333333432674408,0.3333333432674408,0.3333333432674408
2,MIMAT0000722,NF1,mir_regulates_mrna,,0.3333333432674408,0.3333333432674408,0.3333333432674408,0.3333333432674408,0.3333333432674408
2,MIMAT0001629,GDNF,mir_regulates_mrna,,0.125,0.125,0.125,0.125,0.125
2,MIMAT0002171,GDNF,mir_regulates_mrna,,0.125,0.125,0.125,0.125,0.125
2,MIMAT0003221,GDNF,mir_regulates_mrna,,0.125,0.125,0.125,0.125,0.125
2,MIMAT0016854,GDNF,mir_regulates_mrna,,0.125,0.125,0.125,0.125,0.125
2,MIMAT0016860,GDNF,mir_regulates_mrna,,0.125,0.125,0.125,0.125,0.125
2,MIMAT0004495,GDNF,mir_regulates_mrna,,0.125,0.125,0.125,0.125,0.125
2,MIMAT0004597,GDNF,mir_regulates_mrna,,0.125,0.125,0.125,0.125,0.125
2,MIMAT0002879,GDNF,mir_regulates_mrna,,0.125,0.125,0.125,0.125,0.125
2,MIMAT0000073,TP53,mir_regulates_mrna,,0.02083333395421505,0.02083333395421505,0.02083333395421505,0.02083333395421505,0.02083333395421505
2,MIMAT0004507,TP53,mir_regulates_mrna,,0.02083333395421505,0.02083333395421505,0.02083333395421505,0.02083333395421505,0.02083333395421505
2,MIMAT0000245,TP53,mir_regulates_mrna,,0.02083333395421505,0.02083333395421505,0.02083333395421505,0.02083333395421505,0.02083333395421505
2,MIMAT0000451,TP53,mir_regulates_mrna,,0.02083333395421505,0.02083333395421505,0.02083333395421505,0.02083333395421505,0.02083333395421505
2,MIMAT0000761,TP53,mir_regulates_mrna,,0.02083333395421505,0.02083333395421505,0.02083333395421505,0.02083333395421505,0.02083333395421505
2,MIMAT0005573,TP53,mir_regulates_mrna,,0.02083333395421505,0.02083333395421505,0.02083333395421505,0.02083333395421505,0.02083333395421505
2,MIMAT0005876,TP53,mir_regulates_mrna,,0.02083333395421505,0.02083333395421505,0.02083333395421505,0.02083333395421505,0.02083333395421505
2,MIMAT0022721,TP53,mir_regulates_mrna,,0.02083333395421505,0.02083333395421505,0.02083333395421505,0.02083333395421505,0.02083333395421505
2,MIMAT0032029,TP53,mir_regulates_mrna,,0.02083333395421505,0.02083333395421505,0.02083333395421505,0.02083333395421505,0.02083333395421505
2,MIMAT0016901,TP53,mir_regulates_mrna,,0.02083333395421505,0.02083333395421505,0.02083333395421505,0.02083333395421505,0.02083333395421505
2,MIMAT0016916,TP53,mir_regulates_mrna,,0.02083333395421505,0.02083333395421505,0.02083333395421505,0.02083333395421505,0.02083333395421505
2,MIMAT0019844,TP53,mir_regulates_mrna,,0.02083333395421505,0.02083333395421505,0.02083333395421505,0.02083333395421505,0.02083333395421505
2,MIMAT0021129,TP53,mir_regulates_mrna,,0.02083333395421505,0.02083333395421505,0.02083333395421505,0.02083333395421505,0.02083333395421505
2,MIMAT0022290,TP53,mir_regulates_mrna,,0.02083333395421505,0.02083333395421505,0.02083333395421505,0.02083333395421505,0.02083333395421505
2,MIMAT0022496,TP53,mir_regulates_mrna,,0.02083333395421505,0.02083333395421505,0.02083333395421505,0.02083333395421505,0.02083333395421505
2,MIMAT0024614,TP53,mir_regulates_mrna,,0.02083333395421505,0.02083333395421505,0.02083333395421505,0.02083333395421505,0.02083333395421505
2,MIMAT0027402,TP53,mir_regulates_mrna,,0.02083333395421505,0.02083333395421505,0.02083333395421505,0.02083333395421505,0.02083333395421505
2,MIMAT0027506,TP53,mir_regulates_mrna,,0.02083333395421505,0.02083333395421505,0.02083333395421505,0.02083333395421505,0.02083333395421505
2,MIMAT0027572,TP53,mir_regulates_mrna,,0.02083333395421505,0.02083333395421505,0.02083333395421505,0.02083333395421505,0.02083333395421505
2,MIMAT0028117,TP53,mir_regulates_mrna,,0.02083333395421505,0.02083333395421505,0.02083333395421505,0.02083333395421505,0.02083333395421505
2,MIMAT0031012,TP53,mir_regulates_mrna,,0.02083333395421505,0.02083333395421505,0.02083333395421505,0.02083333395421505,0.02083333395421505
2,MIMAT0000092,TP53,mir_regulates_mrna,,0.02083333395421505,0.02083333395421505,0.02083333395421505,0.02083333395421505,0.02083333395421505
2,MIMAT0002175,TP53,mir_regulates_mrna,,0.02083333395421505,0.02083333395421505,0.02083333395421505,0.02083333395421505,0.02083333395421505
2,MIMAT0003280,TP53,mir_regulates_mrna,,0.02083333395421505,0.02083333395421505,0.02083333395421505,0.02083333395421505,0.02083333395421505
2,MIMAT0022938,TP53,mir_regulates_mrna,,0.02083333395421505,0.02083333395421505,0.02083333395421505,0.02083333395421505,0.02083333395421505
2,MIMAT0005583,TP53,mir_regulates_mrna,,0.02083333395421505,0.02083333395421505,0.02083333395421505,0.02083333395421505,0.02083333395421505
2,MIMAT0019862,TP53,mir_regulates_mrna,,0.02083333395421505,0.02083333395421505,0.02083333395421505,0.02083333395421505,0.02083333395421505
2,MIMAT0021124,TP53,mir_regulates_mrna,,0.02083333395421505,0.02083333395421505,0.02083333395421505,0.02083333395421505,0.02083333395421505
2,MIMAT0027456,TP53,mir_regulates_mrna,,0.02083333395421505,0.02083333395421505,0.02083333395421505,0.02083333395421505,0.02083333395421505
2,MIMAT0027470,TP53,mir_regulates_mrna,,0.02083333395421505,0.02083333395421505,0.02083333395421505,0.02083333395421505,0.02083333395421505
2,MIMAT0027666,TP53,mir_regulates_mrna,,0.02083333395421505,0.02083333395421505,0.02083333395421505,0.02083333395421505,0.02083333395421505
2,MIMAT0028211,TP53,mir_regulates_mrna,,0.02083333395421505,0.02083333395421505,0.02083333395421505,0.02083333395421505,0.02083333395421505
2,MIMAT0030998,TP53,mir_regulates_mrna,,0.02083333395421505,0.02083333395421505,0.02083333395421505,0.02083333395421505,0.02083333395421505
2,MIMAT0004609,TP53,mir_regulates_mrna,,0.02083333395421505,0.02083333395421505,0.02083333395421505,0.02083333395421505,0.02083333395421505
2,MIMAT0019047,TP53,mir_regulates_mrna,,0.02083333395421505,0.02083333395421505,0.02083333395421505,0.02083333395421505,0.02083333395421505
2,MIMAT0024613,TP53,mir_regulates_mrna,,0.02083333395421505,0.02083333395421505,0.02083333395421505,0.02083333395421505,0.02083333395421505
2,MIMAT0027494,TP53,mir_regulates_mrna,,0.02083333395421505,0.02083333395421505,0.02083333395421505,0.02083333395421505,0.02083333395421505
2,MIMAT0000072,TP53,mir_regulates_mrna,,0.02083333395421505,0.02083333395421505,0.02083333395421505,0.02083333395421505,0.02083333395421505
2,MIMAT0000074,TP53,mir_regulates_mrna,,0.02083333395421505,0.02083333395421505,0.02083333395421505,0.02083333395421505,0.02083333395421505
2,MIMAT0004592,TP53,mir_regulates_mrna,,0.02083333395421505,0.02083333395421505,0.02083333395421505,0.02083333395421505,0.02083333395421505
2,MIMAT0004671,TP53,mir_regulates_mrna,,0.02083333395421505,0.02083333395421505,0.02083333395421505,0.02083333395421505,0.02083333395421505
2,MIMAT0019849,TP53,mir_regulates_mrna,,0.02083333395421505,0.02083333395421505,0.02083333395421505,0.02083333395421505,0.02083333395421505
2,MIMAT0024617,TP53,mir_regulates_mrna,,0.02083333395421505,0.02083333395421505,0.02083333395421505,0.02083333395421505,0.02083333395421505
2,MIMAT0004776,TP53,mir_regulates_mrna,,0.02083333395421505,0.02083333395421505,0.02083333395421505,0.02083333395421505,0.02083333395421505
2,MIMAT0022741,TP53,mir_regulates_mrna,,0.02083333395421505,0.02083333395421505,0.02083333395421505,0.02083333395421505,0.02083333395421505
2,MIMAT0027550,TP53,mir_regulates_mrna,,0.02083333395421505,0.02083333395421505,0.02083333395421505,0.02083333395421505,0.02083333395421505
2,MIMAT0004697,TP53,mir_regulates_mrna,,0.02083333395421505,0.02083333395421505,0.02083333395421505,0.02083333395421505,0.02083333395421505
2,MIMAT0021025,TP53,mir_regulates_mrna,,0.02083333395421505,0.02083333395421505,0.02083333395421505,0.02083333395421505,0.02083333395421505
2,MIMAT0000080,IL1B,mir_regulates_mrna,,1.0,1.0,1.0,1.0,1.0
2,MIMAT0000070,TNF,mir_regulates_mrna,,0.5,0.5,0.5,0.5,0.5
2,MIMAT0000255,TNF,mir_regulates_mrna,,0.5,0.5,0.5,0.5,0.5
2,MIMAT0000232,HGF,mir_regulates_mrna,,1.0,1.0,1.0,1.0,1.0
2,MIMAT0005459,IGF2,mir_regulates_mrna,,0.06666667014360428,0.06666667014360428,0.06666667014360428,0.06666667014360428,0.06666667014360428
2,MIMAT0006764,IGF2,mir_regulates_mrna,,0.06666667014360428,0.06666667014360428,0.06666667014360428,0.06666667014360428,0.06666667014360428
2,MIMAT0018004,IGF2,mir_regulates_mrna,,0.06666667014360428,0.06666667014360428,0.06666667014360428,0.06666667014360428,0.06666667014360428
2,MIMAT0027377,IGF2,mir_regulates_mrna,,0.06666667014360428,0.06666667014360428,0.06666667014360428,0.06666667014360428,0.06666667014360428
2,MIMAT0027481,IGF2,mir_regulates_mrna,,0.06666667014360428,0.06666667014360428,0.06666667014360428,0.06666667014360428,0.06666667014360428
2,MIMAT0027682,IGF2,mir_regulates_mrna,,0.06666667014360428,0.06666667014360428,0.06666667014360428,0.06666667014360428,0.06666667014360428
2,MIMAT0000093,IGF2,mir_regulates_mrna,,0.06666667014360428,0.06666667014360428,0.06666667014360428,0.06666667014360428,0.06666667014360428
2,MIMAT0004949,IGF2,mir_regulates_mrna,,0.06666667014360428,0.06666667014360428,0.06666667014360428,0.06666667014360428,0.06666667014360428
2,MIMAT0005867,IGF2,mir_regulates_mrna,,0.06666667014360428,0.06666667014360428,0.06666667014360428,0.06666667014360428,0.06666667014360428
2,MIMAT0019213,IGF2,mir_regulates_mrna,,0.06666667014360428,0.06666667014360428,0.06666667014360428,0.06666667014360428,0.06666667014360428
2,MIMAT0015085,IGF2,mir_regulates_mrna,,0.06666667014360428,0.06666667014360428,0.06666667014360428,0.06666667014360428,0.06666667014360428
2,MIMAT0027626,IGF2,mir_regulates_mrna,,0.06666667014360428,0.06666667014360428,0.06666667014360428,0.06666667014360428,0.06666667014360428
2,MIMAT0000423,IGF2,mir_regulates_mrna,,0.06666667014360428,0.06666667014360428,0.06666667014360428,0.06666667014360428,0.06666667014360428
2,MIMAT0005792,IGF2,mir_regulates_mrna,,0.06666667014360428,0.06666667014360428,0.06666667014360428,0.06666667014360428,0.06666667014360428
2,MIMAT0018943,IGF2,mir_regulates_mrna,,0.06666667014360428,0.06666667014360428,0.06666667014360428,0.06666667014360428,0.06666667014360428
2,MIMAT0000066,IGF1,mir_regulates_mrna,,0.024390242993831635,0.024390242993831635,0.024390242993831635,0.024390242993831635,0.024390242993831635
2,MIMAT0000242,IGF1,mir_regulates_mrna,,0.024390242993831635,0.024390242993831635,0.024390242993831635,0.024390242993831635,0.024390242993831635
2,MIMAT0004550,IGF1,mir_regulates_mrna,,0.024390242993831635,0.024390242993831635,0.024390242993831635,0.024390242993831635,0.024390242993831635
2,MIMAT0004589,IGF1,mir_regulates_mrna,,0.024390242993831635,0.024390242993831635,0.024390242993831635,0.024390242993831635,0.024390242993831635
2,MIMAT0000424,IGF1,mir_regulates_mrna,,0.024390242993831635,0.024390242993831635,0.024390242993831635,0.024390242993831635,0.024390242993831635
2,MIMAT0004609,IGF1,mir_regulates_mrna,,0.024390242993831635,0.024390242993831635,0.024390242993831635,0.024390242993831635,0.024390242993831635
2,MIMAT0001412,IGF1,mir_regulates_mrna,,0.024390242993831635,0.024390242993831635,0.024390242993831635,0.024390242993831635,0.024390242993831635
2,MIMAT0002876,IGF1,mir_regulates_mrna,,0.024390242993831635,0.024390242993831635,0.024390242993831635,0.024390242993831635,0.024390242993831635
2,MIMAT0026720,IGF1,mir_regulates_mrna,,0.024390242993831635,0.024390242993831635,0.024390242993831635,0.024390242993831635,0.024390242993831635
2,MIMAT0014984,IGF1,mir_regulates_mrna,,0.024390242993831635,0.024390242993831635,0.024390242993831635,0.024390242993831635,0.024390242993831635
2,MIMAT0018118,IGF1,mir_regulates_mrna,,0.024390242993831635,0.024390242993831635,0.024390242993831635,0.024390242993831635,0.024390242993831635
2,MIMAT0018181,IGF1,mir_regulates_mrna,,0.024390242993831635,0.024390242993831635,0.024390242993831635,0.024390242993831635,0.024390242993831635
2,MIMAT0018206,IGF1,mir_regulates_mrna,,0.024390242993831635,0.024390242993831635,0.024390242993831635,0.024390242993831635,0.024390242993831635
2,MIMAT0019006,IGF1,mir_regulates_mrna,,0.024390242993831635,0.024390242993831635,0.024390242993831635,0.024390242993831635,0.024390242993831635
2,MIMAT0019007,IGF1,mir_regulates_mrna,,0.024390242993831635,0.024390242993831635,0.024390242993831635,0.024390242993831635,0.024390242993831635
2,MIMAT0019849,IGF1,mir_regulates_mrna,,0.024390242993831635,0.024390242993831635,0.024390242993831635,0.024390242993831635,0.024390242993831635
2,MIMAT0023711,IGF1,mir_regulates_mrna,,0.024390242993831635,0.024390242993831635,0.024390242993831635,0.024390242993831635,0.024390242993831635
2,MIMAT0024618,IGF1,mir_regulates_mrna,,0.024390242993831635,0.024390242993831635,0.024390242993831635,0.024390242993831635,0.024390242993831635
2,MIMAT0025485,IGF1,mir_regulates_mrna,,0.024390242993831635,0.024390242993831635,0.024390242993831635,0.024390242993831635,0.024390242993831635
2,MIMAT0027380,IGF1,mir_regulates_mrna,,0.024390242993831635,0.024390242993831635,0.024390242993831635,0.024390242993831635,0.024390242993831635
2,MIMAT0027443,IGF1,mir_regulates_mrna,,0.024390242993831635,0.024390242993831635,0.024390242993831635,0.024390242993831635,0.024390242993831635
2,MIMAT0027458,IGF1,mir_regulates_mrna,,0.024390242993831635,0.024390242993831635,0.024390242993831635,0.024390242993831635,0.024390242993831635
2,MIMAT0027460,IGF1,mir_regulates_mrna,,0.024390242993831635,0.024390242993831635,0.024390242993831635,0.024390242993831635,0.024390242993831635
2,MIMAT0027470,IGF1,mir_regulates_mrna,,0.024390242993831635,0.024390242993831635,0.024390242993831635,0.024390242993831635,0.024390242993831635
2,MIMAT0027476,IGF1,mir_regulates_mrna,,0.024390242993831635,0.024390242993831635,0.024390242993831635,0.024390242993831635,0.024390242993831635
2,MIMAT0027498,IGF1,mir_regulates_mrna,,0.024390242993831635,0.024390242993831635,0.024390242993831635,0.024390242993831635,0.024390242993831635
2,MIMAT0027660,IGF1,mir_regulates_mrna,,0.024390242993831635,0.024390242993831635,0.024390242993831635,0.024390242993831635,0.024390242993831635
2,MIMAT0027666,IGF1,mir_regulates_mrna,,0.024390242993831635,0.024390242993831635,0.024390242993831635,0.024390242993831635,0.024390242993831635
2,MIMAT0027668,IGF1,mir_regulates_mrna,,0.024390242993831635,0.024390242993831635,0.024390242993831635,0.024390242993831635,0.024390242993831635
2,MIMAT0028109,IGF1,mir_regulates_mrna,,0.024390242993831635,0.024390242993831635,0.024390242993831635,0.024390242993831635,0.024390242993831635
2,MIMAT0030415,IGF1,mir_regulates_mrna,,0.024390242993831635,0.024390242993831635,0.024390242993831635,0.024390242993831635,0.024390242993831635
2,MIMAT0030417,IGF1,mir_regulates_mrna,,0.024390242993831635,0.024390242993831635,0.024390242993831635,0.024390242993831635,0.024390242993831635
2,MIMAT0030422,IGF1,mir_regulates_mrna,,0.024390242993831635,0.024390242993831635,0.024390242993831635,0.024390242993831635,0.024390242993831635
2,MIMAT0004952,IGF1,mir_regulates_mrna,,0.024390242993831635,0.024390242993831635,0.024390242993831635,0.024390242993831635,0.024390242993831635
2,MIMAT0016903,IGF1,mir_regulates_mrna,,0.024390242993831635,0.024390242993831635,0.024390242993831635,0.024390242993831635,0.024390242993831635
2,MIMAT0025482,IGF1,mir_regulates_mrna,,0.024390242993831635,0.024390242993831635,0.024390242993831635,0.024390242993831635,0.024390242993831635
2,MIMAT0027430,IGF1,mir_regulates_mrna,,0.024390242993831635,0.024390242993831635,0.024390242993831635,0.024390242993831635,0.024390242993831635
2,MIMAT0027583,IGF1,mir_regulates_mrna,,0.024390242993831635,0.024390242993831635,0.024390242993831635,0.024390242993831635,0.024390242993831635
2,MIMAT0027595,IGF1,mir_regulates_mrna,,0.024390242993831635,0.024390242993831635,0.024390242993831635,0.024390242993831635,0.024390242993831635
2,MIMAT0027634,IGF1,mir_regulates_mrna,,0.024390242993831635,0.024390242993831635,0.024390242993831635,0.024390242993831635,0.024390242993831635
2,MIMAT0002175,IGF1,mir_regulates_mrna,,0.024390242993831635,0.024390242993831635,0.024390242993831635,0.024390242993831635,0.024390242993831635
2,MIMAT0003271,FASLG,mir_regulates_mrna,,1.0,1.0,1.0,1.0,1.0
2,MIMAT0000070,TGFB1,mir_regulates_mrna,,0.5,0.5,0.5,0.5,0.5
2,MIMAT0000103,TGFB1,mir_regulates_mrna,,0.5,0.5,0.5,0.5,0.5
2,MIMAT0019778,CACNA1B,mir_regulates_mrna,,1.0,1.0,1.0,1.0,1.0
2,MIMAT0000427,CACNA1C,mir_regulates_mrna,,0.0555555559694767,0.0555555559694767,0.0555555559694767,0.0555555559694767,0.0555555559694767
2,MIMAT0015023,CACNA1C,mir_regulates_mrna,,0.0555555559694767,0.0555555559694767,0.0555555559694767,0.0555555559694767,0.0555555559694767
2,MIMAT0015052,CACNA1C,mir_regulates_mrna,,0.0555555559694767,0.0555555559694767,0.0555555559694767,0.0555555559694767,0.0555555559694767
2,MIMAT0016853,CACNA1C,mir_regulates_mrna,,0.0555555559694767,0.0555555559694767,0.0555555559694767,0.0555555559694767,0.0555555559694767
2,MIMAT0016900,CACNA1C,mir_regulates_mrna,,0.0555555559694767,0.0555555559694767,0.0555555559694767,0.0555555559694767,0.0555555559694767
2,MIMAT0018940,CACNA1C,mir_regulates_mrna,,0.0555555559694767,0.0555555559694767,0.0555555559694767,0.0555555559694767,0.0555555559694767
2,MIMAT0019023,CACNA1C,mir_regulates_mrna,,0.0555555559694767,0.0555555559694767,0.0555555559694767,0.0555555559694767,0.0555555559694767
2,MIMAT0019895,CACNA1C,mir_regulates_mrna,,0.0555555559694767,0.0555555559694767,0.0555555559694767,0.0555555559694767,0.0555555559694767
2,MIMAT0027353,CACNA1C,mir_regulates_mrna,,0.0555555559694767,0.0555555559694767,0.0555555559694767,0.0555555559694767,0.0555555559694767
2,MIMAT0027408,CACNA1C,mir_regulates_mrna,,0.0555555559694767,0.0555555559694767,0.0555555559694767,0.0555555559694767,0.0555555559694767
2,MIMAT0027456,CACNA1C,mir_regulates_mrna,,0.0555555559694767,0.0555555559694767,0.0555555559694767,0.0555555559694767,0.0555555559694767
2,MIMAT0027520,CACNA1C,mir_regulates_mrna,,0.0555555559694767,0.0555555559694767,0.0555555559694767,0.0555555559694767,0.0555555559694767
2,MIMAT0027573,CACNA1C,mir_regulates_mrna,,0.0555555559694767,0.0555555559694767,0.0555555559694767,0.0555555559694767,0.0555555559694767
2,MIMAT0028109,CACNA1C,mir_regulates_mrna,,0.0555555559694767,0.0555555559694767,0.0555555559694767,0.0555555559694767,0.0555555559694767
2,MIMAT0000086,CACNA1C,mir_regulates_mrna,,0.0555555559694767,0.0555555559694767,0.0555555559694767,0.0555555559694767,0.0555555559694767
2,MIMAT0019021,CACNA1C,mir_regulates_mrna,,0.0555555559694767,0.0555555559694767,0.0555555559694767,0.0555555559694767,0.0555555559694767
2,MIMAT0021034,CACNA1C,mir_regulates_mrna,,0.0555555559694767,0.0555555559694767,0.0555555559694767,0.0555555559694767,0.0555555559694767
2,MIMAT0019853,CACNA1C,mir_regulates_mrna,,0.0555555559694767,0.0555555559694767,0.0555555559694767,0.0555555559694767,0.0555555559694767
2,MIMAT0000088,CACNA1E,mir_regulates_mrna,,0.1666666716337204,0.1666666716337204,0.1666666716337204,0.1666666716337204,0.1666666716337204
2,MIMAT0004703,CACNA1E,mir_regulates_mrna,,0.1666666716337204,0.1666666716337204,0.1666666716337204,0.1666666716337204,0.1666666716337204
2,MIMAT0027582,CACNA1E,mir_regulates_mrna,,0.1666666716337204,0.1666666716337204,0.1666666716337204,0.1666666716337204,0.1666666716337204
2,MIMAT0003273,CACNA1E,mir_regulates_mrna,,0.1666666716337204,0.1666666716337204,0.1666666716337204,0.1666666716337204,0.1666666716337204
2,MIMAT0005459,CACNA1E,mir_regulates_mrna,,0.1666666716337204,0.1666666716337204,0.1666666716337204,0.1666666716337204,0.1666666716337204
2,MIMAT0004918,CACNA1E,mir_regulates_mrna,,0.1666666716337204,0.1666666716337204,0.1666666716337204,0.1666666716337204,0.1666666716337204
2,MIMAT0019233,CACNA2D1,mir_regulates_mrna,,0.3333333432674408,0.3333333432674408,0.3333333432674408,0.3333333432674408,0.3333333432674408
2,MIMAT0019977,CACNA2D1,mir_regulates_mrna,,0.3333333432674408,0.3333333432674408,0.3333333432674408,0.3333333432674408,0.3333333432674408
2,MIMAT0019854,CACNA2D1,mir_regulates_mrna,,0.3333333432674408,0.3333333432674408,0.3333333432674408,0.3333333432674408,0.3333333432674408
2,MIMAT0019849,CACNB1,mir_regulates_mrna,,0.09090909361839294,0.09090909361839294,0.09090909361839294,0.09090909361839294,0.09090909361839294
2,MIMAT0015089,CACNB1,mir_regulates_mrna,,0.09090909361839294,0.09090909361839294,0.09090909361839294,0.09090909361839294,0.09090909361839294
2,MIMAT0016901,CACNB1,mir_regulates_mrna,,0.09090909361839294,0.09090909361839294,0.09090909361839294,0.09090909361839294,0.09090909361839294
2,MIMAT0019882,CACNB1,mir_regulates_mrna,,0.09090909361839294,0.09090909361839294,0.09090909361839294,0.09090909361839294,0.09090909361839294
2,MIMAT0021128,CACNB1,mir_regulates_mrna,,0.09090909361839294,0.09090909361839294,0.09090909361839294,0.09090909361839294,0.09090909361839294
2,MIMAT0027408,CACNB1,mir_regulates_mrna,,0.09090909361839294,0.09090909361839294,0.09090909361839294,0.09090909361839294,0.09090909361839294
2,MIMAT0027470,CACNB1,mir_regulates_mrna,,0.09090909361839294,0.09090909361839294,0.09090909361839294,0.09090909361839294,0.09090909361839294
2,MIMAT0027491,CACNB1,mir_regulates_mrna,,0.09090909361839294,0.09090909361839294,0.09090909361839294,0.09090909361839294,0.09090909361839294
2,MIMAT0027507,CACNB1,mir_regulates_mrna,,0.09090909361839294,0.09090909361839294,0.09090909361839294,0.09090909361839294,0.09090909361839294
2,MIMAT0027666,CACNB1,mir_regulates_mrna,,0.09090909361839294,0.09090909361839294,0.09090909361839294,0.09090909361839294,0.09090909361839294
2,MIMAT0027675,CACNB1,mir_regulates_mrna,,0.09090909361839294,0.09090909361839294,0.09090909361839294,0.09090909361839294,0.09090909361839294
2,MIMAT0004491,CACNB2,mir_regulates_mrna,,0.06666667014360428,0.06666667014360428,0.06666667014360428,0.06666667014360428,0.06666667014360428
2,MIMAT0004492,CACNB2,mir_regulates_mrna,,0.06666667014360428,0.06666667014360428,0.06666667014360428,0.06666667014360428,0.06666667014360428
2,MIMAT0000731,CACNB2,mir_regulates_mrna,,0.06666667014360428,0.06666667014360428,0.06666667014360428,0.06666667014360428,0.06666667014360428
2,MIMAT0018971,CACNB2,mir_regulates_mrna,,0.06666667014360428,0.06666667014360428,0.06666667014360428,0.06666667014360428,0.06666667014360428
2,MIMAT0019814,CACNB2,mir_regulates_mrna,,0.06666667014360428,0.06666667014360428,0.06666667014360428,0.06666667014360428,0.06666667014360428
2,MIMAT0021124,CACNB2,mir_regulates_mrna,,0.06666667014360428,0.06666667014360428,0.06666667014360428,0.06666667014360428,0.06666667014360428
2,MIMAT0022260,CACNB2,mir_regulates_mrna,,0.06666667014360428,0.06666667014360428,0.06666667014360428,0.06666667014360428,0.06666667014360428
2,MIMAT0027426,CACNB2,mir_regulates_mrna,,0.06666667014360428,0.06666667014360428,0.06666667014360428,0.06666667014360428,0.06666667014360428
2,MIMAT0027520,CACNB2,mir_regulates_mrna,,0.06666667014360428,0.06666667014360428,0.06666667014360428,0.06666667014360428,0.06666667014360428
2,MIMAT0027614,CACNB2,mir_regulates_mrna,,0.06666667014360428,0.06666667014360428,0.06666667014360428,0.06666667014360428,0.06666667014360428
2,MIMAT0027631,CACNB2,mir_regulates_mrna,,0.06666667014360428,0.06666667014360428,0.06666667014360428,0.06666667014360428,0.06666667014360428
2,MIMAT0000069,CACNB2,mir_regulates_mrna,,0.06666667014360428,0.06666667014360428,0.06666667014360428,0.06666667014360428,0.06666667014360428
2,MIMAT0016881,CACNB2,mir_regulates_mrna,,0.06666667014360428,0.06666667014360428,0.06666667014360428,0.06666667014360428,0.06666667014360428
2,MIMAT0018349,CACNB2,mir_regulates_mrna,,0.06666667014360428,0.06666667014360428,0.06666667014360428,0.06666667014360428,0.06666667014360428
2,MIMAT0027543,CACNB2,mir_regulates_mrna,,0.06666667014360428,0.06666667014360428,0.06666667014360428,0.06666667014360428,0.06666667014360428
2,MIMAT0001080,CACNB3,mir_regulates_mrna,,1.0,1.0,1.0,1.0,1.0
2,MIMAT0000083,CACNB4,mir_regulates_mrna,,1.0,1.0,1.0,1.0,1.0
2,MIMAT0009206,CACNG1,mir_regulates_mrna,,0.5,0.5,0.5,0.5,0.5
2,MIMAT0019361,CACNG1,mir_regulates_mrna,,0.5,0.5,0.5,0.5,0.5
2,MIMAT0022714,CSF1,mir_regulates_mrna,,0.1428571492433548,0.1428571492433548,0.1428571492433548,0.1428571492433548,0.1428571492433548
2,MIMAT0005871,CSF1,mir_regulates_mrna,,0.1428571492433548,0.1428571492433548,0.1428571492433548,0.1428571492433548,0.1428571492433548
2,MIMAT0022273,CSF1,mir_regulates_mrna,,0.1428571492433548,0.1428571492433548,0.1428571492433548,0.1428571492433548,0.1428571492433548
2,MIMAT0027688,CSF1,mir_regulates_mrna,,0.1428571492433548,0.1428571492433548,0.1428571492433548,0.1428571492433548,0.1428571492433548
2,MIMAT0000454,CSF1,mir_regulates_mrna,,0.1428571492433548,0.1428571492433548,0.1428571492433548,0.1428571492433548,0.1428571492433548
2,MIMAT0003945,CSF1,mir_regulates_mrna,,0.1428571492433548,0.1428571492433548,0.1428571492433548,0.1428571492433548,0.1428571492433548
2,MIMAT0030422,CSF1,mir_regulates_mrna,,0.1428571492433548,0.1428571492433548,0.1428571492433548,0.1428571492433548,0.1428571492433548
2,MIMAT0000422,FGF1,mir_regulates_mrna,,0.0833333358168602,0.0833333358168602,0.0833333358168602,0.0833333358168602,0.0833333358168602
2,MIMAT0000756,FGF1,mir_regulates_mrna,,0.0833333358168602,0.0833333358168602,0.0833333358168602,0.0833333358168602,0.0833333358168602
2,MIMAT0019050,FGF1,mir_regulates_mrna,,0.0833333358168602,0.0833333358168602,0.0833333358168602,0.0833333358168602,0.0833333358168602
2,MIMAT0022293,FGF1,mir_regulates_mrna,,0.0833333358168602,0.0833333358168602,0.0833333358168602,0.0833333358168602,0.0833333358168602
2,MIMAT0027358,FGF1,mir_regulates_mrna,,0.0833333358168602,0.0833333358168602,0.0833333358168602,0.0833333358168602,0.0833333358168602
2,MIMAT0027539,FGF1,mir_regulates_mrna,,0.0833333358168602,0.0833333358168602,0.0833333358168602,0.0833333358168602,0.0833333358168602
2,MIMAT0027655,FGF1,mir_regulates_mrna,,0.0833333358168602,0.0833333358168602,0.0833333358168602,0.0833333358168602,0.0833333358168602
2,MIMAT0028116,FGF1,mir_regulates_mrna,,0.0833333358168602,0.0833333358168602,0.0833333358168602,0.0833333358168602,0.0833333358168602
2,MIMAT0003256,FGF1,mir_regulates_mrna,,0.0833333358168602,0.0833333358168602,0.0833333358168602,0.0833333358168602,0.0833333358168602
2,MIMAT0027032,FGF1,mir_regulates_mrna,,0.0833333358168602,0.0833333358168602,0.0833333358168602,0.0833333358168602,0.0833333358168602
2,MIMAT0019928,FGF1,mir_regulates_mrna,,0.0833333358168602,0.0833333358168602,0.0833333358168602,0.0833333358168602,0.0833333358168602
2,MIMAT0023694,FGF1,mir_regulates_mrna,,0.0833333358168602,0.0833333358168602,0.0833333358168602,0.0833333358168602,0.0833333358168602
2,MIMAT0010195,IGF1R,mir_regulates_mrna,,0.011627906933426857,0.011627906933426857,0.011627906933426857,0.011627906933426857,0.011627906933426857
2,MIMAT0000064,IGF1R,mir_regulates_mrna,,0.011627906933426857,0.011627906933426857,0.011627906933426857,0.011627906933426857,0.011627906933426857
2,MIMAT0000066,IGF1R,mir_regulates_mrna,,0.011627906933426857,0.011627906933426857,0.011627906933426857,0.011627906933426857,0.011627906933426857
2,MIMAT0000095,IGF1R,mir_regulates_mrna,,0.011627906933426857,0.011627906933426857,0.011627906933426857,0.011627906933426857,0.011627906933426857
2,MIMAT0004564,IGF1R,mir_regulates_mrna,,0.011627906933426857,0.011627906933426857,0.011627906933426857,0.011627906933426857,0.011627906933426857
2,MIMAT0004592,IGF1R,mir_regulates_mrna,,0.011627906933426857,0.011627906933426857,0.011627906933426857,0.011627906933426857,0.011627906933426857
2,MIMAT0000427,IGF1R,mir_regulates_mrna,,0.011627906933426857,0.011627906933426857,0.011627906933426857,0.011627906933426857,0.011627906933426857
2,MIMAT0000432,IGF1R,mir_regulates_mrna,,0.011627906933426857,0.011627906933426857,0.011627906933426857,0.011627906933426857,0.011627906933426857
2,MIMAT0000455,IGF1R,mir_regulates_mrna,,0.011627906933426857,0.011627906933426857,0.011627906933426857,0.011627906933426857,0.011627906933426857
2,MIMAT0003385,IGF1R,mir_regulates_mrna,,0.011627906933426857,0.011627906933426857,0.011627906933426857,0.011627906933426857,0.011627906933426857
2,MIMAT0000720,IGF1R,mir_regulates_mrna,,0.011627906933426857,0.011627906933426857,0.011627906933426857,0.011627906933426857,0.011627906933426857
2,MIMAT0004692,IGF1R,mir_regulates_mrna,,0.011627906933426857,0.011627906933426857,0.011627906933426857,0.011627906933426857,0.011627906933426857
2,MIMAT0000770,IGF1R,mir_regulates_mrna,,0.011627906933426857,0.011627906933426857,0.011627906933426857,0.011627906933426857,0.011627906933426857
2,MIMAT0002833,IGF1R,mir_regulates_mrna,,0.011627906933426857,0.011627906933426857,0.011627906933426857,0.011627906933426857,0.011627906933426857
2,MIMAT0002856,IGF1R,mir_regulates_mrna,,0.011627906933426857,0.011627906933426857,0.011627906933426857,0.011627906933426857,0.011627906933426857
2,MIMAT0002874,IGF1R,mir_regulates_mrna,,0.011627906933426857,0.011627906933426857,0.011627906933426857,0.011627906933426857,0.011627906933426857
2,MIMAT0003163,IGF1R,mir_regulates_mrna,,0.011627906933426857,0.011627906933426857,0.011627906933426857,0.011627906933426857,0.011627906933426857
2,MIMAT0003255,IGF1R,mir_regulates_mrna,,0.011627906933426857,0.011627906933426857,0.011627906933426857,0.011627906933426857,0.011627906933426857
2,MIMAT0003294,IGF1R,mir_regulates_mrna,,0.011627906933426857,0.011627906933426857,0.011627906933426857,0.011627906933426857,0.011627906933426857
2,MIMAT0003298,IGF1R,mir_regulates_mrna,,0.011627906933426857,0.011627906933426857,0.011627906933426857,0.011627906933426857,0.011627906933426857
2,MIMAT0004948,IGF1R,mir_regulates_mrna,,0.011627906933426857,0.011627906933426857,0.011627906933426857,0.011627906933426857,0.011627906933426857
2,MIMAT0005929,IGF1R,mir_regulates_mrna,,0.011627906933426857,0.011627906933426857,0.011627906933426857,0.011627906933426857,0.011627906933426857
2,MIMAT0006767,IGF1R,mir_regulates_mrna,,0.011627906933426857,0.011627906933426857,0.011627906933426857,0.011627906933426857,0.011627906933426857
2,MIMAT0026917,IGF1R,mir_regulates_mrna,,0.011627906933426857,0.011627906933426857,0.011627906933426857,0.011627906933426857,0.011627906933426857
2,MIMAT0013517,IGF1R,mir_regulates_mrna,,0.011627906933426857,0.011627906933426857,0.011627906933426857,0.011627906933426857,0.011627906933426857
2,MIMAT0019200,IGF1R,mir_regulates_mrna,,0.011627906933426857,0.011627906933426857,0.011627906933426857,0.011627906933426857,0.011627906933426857
2,MIMAT0014988,IGF1R,mir_regulates_mrna,,0.011627906933426857,0.011627906933426857,0.011627906933426857,0.011627906933426857,0.011627906933426857
2,MIMAT0015021,IGF1R,mir_regulates_mrna,,0.011627906933426857,0.011627906933426857,0.011627906933426857,0.011627906933426857,0.011627906933426857
2,MIMAT0016881,IGF1R,mir_regulates_mrna,,0.011627906933426857,0.011627906933426857,0.011627906933426857,0.011627906933426857,0.011627906933426857
2,MIMAT0018083,IGF1R,mir_regulates_mrna,,0.011627906933426857,0.011627906933426857,0.011627906933426857,0.011627906933426857,0.011627906933426857
2,MIMAT0018980,IGF1R,mir_regulates_mrna,,0.011627906933426857,0.011627906933426857,0.011627906933426857,0.011627906933426857,0.011627906933426857
2,MIMAT0019698,IGF1R,mir_regulates_mrna,,0.011627906933426857,0.011627906933426857,0.011627906933426857,0.011627906933426857,0.011627906933426857
2,MIMAT0019721,IGF1R,mir_regulates_mrna,,0.011627906933426857,0.011627906933426857,0.011627906933426857,0.011627906933426857,0.011627906933426857
2,MIMAT0019815,IGF1R,mir_regulates_mrna,,0.011627906933426857,0.011627906933426857,0.011627906933426857,0.011627906933426857,0.011627906933426857
2,MIMAT0019838,IGF1R,mir_regulates_mrna,,0.011627906933426857,0.011627906933426857,0.011627906933426857,0.011627906933426857,0.011627906933426857
2,MIMAT0019896,IGF1R,mir_regulates_mrna,,0.011627906933426857,0.011627906933426857,0.011627906933426857,0.011627906933426857,0.011627906933426857
2,MIMAT0019953,IGF1R,mir_regulates_mrna,,0.011627906933426857,0.011627906933426857,0.011627906933426857,0.011627906933426857,0.011627906933426857
2,MIMAT0019960,IGF1R,mir_regulates_mrna,,0.011627906933426857,0.011627906933426857,0.011627906933426857,0.011627906933426857,0.011627906933426857
2,MIMAT0019978,IGF1R,mir_regulates_mrna,,0.011627906933426857,0.011627906933426857,0.011627906933426857,0.011627906933426857,0.011627906933426857
2,MIMAT0022288,IGF1R,mir_regulates_mrna,,0.011627906933426857,0.011627906933426857,0.011627906933426857,0.011627906933426857,0.011627906933426857
2,MIMAT0022491,IGF1R,mir_regulates_mrna,,0.011627906933426857,0.011627906933426857,0.011627906933426857,0.011627906933426857,0.011627906933426857
2,MIMAT0024597,IGF1R,mir_regulates_mrna,,0.011627906933426857,0.011627906933426857,0.011627906933426857,0.011627906933426857,0.011627906933426857
2,MIMAT0027363,IGF1R,mir_regulates_mrna,,0.011627906933426857,0.011627906933426857,0.011627906933426857,0.011627906933426857,0.011627906933426857
2,MIMAT0027381,IGF1R,mir_regulates_mrna,,0.011627906933426857,0.011627906933426857,0.011627906933426857,0.011627906933426857,0.011627906933426857
2,MIMAT0027391,IGF1R,mir_regulates_mrna,,0.011627906933426857,0.011627906933426857,0.011627906933426857,0.011627906933426857,0.011627906933426857
2,MIMAT0027402,IGF1R,mir_regulates_mrna,,0.011627906933426857,0.011627906933426857,0.011627906933426857,0.011627906933426857,0.011627906933426857
2,MIMAT0027429,IGF1R,mir_regulates_mrna,,0.011627906933426857,0.011627906933426857,0.011627906933426857,0.011627906933426857,0.011627906933426857
2,MIMAT0027508,IGF1R,mir_regulates_mrna,,0.011627906933426857,0.011627906933426857,0.011627906933426857,0.011627906933426857,0.011627906933426857
2,MIMAT0027535,IGF1R,mir_regulates_mrna,,0.011627906933426857,0.011627906933426857,0.011627906933426857,0.011627906933426857,0.011627906933426857
2,MIMAT0027562,IGF1R,mir_regulates_mrna,,0.011627906933426857,0.011627906933426857,0.011627906933426857,0.011627906933426857,0.011627906933426857
2,MIMAT0027640,IGF1R,mir_regulates_mrna,,0.011627906933426857,0.011627906933426857,0.011627906933426857,0.011627906933426857,0.011627906933426857
2,MIMAT0027647,IGF1R,mir_regulates_mrna,,0.011627906933426857,0.011627906933426857,0.011627906933426857,0.011627906933426857,0.011627906933426857
2,MIMAT0028118,IGF1R,mir_regulates_mrna,,0.011627906933426857,0.011627906933426857,0.011627906933426857,0.011627906933426857,0.011627906933426857
2,MIMAT0028119,IGF1R,mir_regulates_mrna,,0.011627906933426857,0.011627906933426857,0.011627906933426857,0.011627906933426857,0.011627906933426857
2,MIMAT0028212,IGF1R,mir_regulates_mrna,,0.011627906933426857,0.011627906933426857,0.011627906933426857,0.011627906933426857,0.011627906933426857
2,MIMAT0028224,IGF1R,mir_regulates_mrna,,0.011627906933426857,0.011627906933426857,0.011627906933426857,0.011627906933426857,0.011627906933426857
2,MIMAT0030998,IGF1R,mir_regulates_mrna,,0.011627906933426857,0.011627906933426857,0.011627906933426857,0.011627906933426857,0.011627906933426857
2,MIMAT0031012,IGF1R,mir_regulates_mrna,,0.011627906933426857,0.011627906933426857,0.011627906933426857,0.011627906933426857,0.011627906933426857
2,MIMAT0033692,IGF1R,mir_regulates_mrna,,0.011627906933426857,0.011627906933426857,0.011627906933426857,0.011627906933426857,0.011627906933426857
2,MIMAT0000261,IGF1R,mir_regulates_mrna,,0.011627906933426857,0.011627906933426857,0.011627906933426857,0.011627906933426857,0.011627906933426857
2,MIMAT0000415,IGF1R,mir_regulates_mrna,,0.011627906933426857,0.011627906933426857,0.011627906933426857,0.011627906933426857,0.011627906933426857
2,MIMAT0000435,IGF1R,mir_regulates_mrna,,0.011627906933426857,0.011627906933426857,0.011627906933426857,0.011627906933426857,0.011627906933426857
2,MIMAT0000437,IGF1R,mir_regulates_mrna,,0.011627906933426857,0.011627906933426857,0.011627906933426857,0.011627906933426857,0.011627906933426857
2,MIMAT0002811,IGF1R,mir_regulates_mrna,,0.011627906933426857,0.011627906933426857,0.011627906933426857,0.011627906933426857,0.011627906933426857
2,MIMAT0002834,IGF1R,mir_regulates_mrna,,0.011627906933426857,0.011627906933426857,0.011627906933426857,0.011627906933426857,0.011627906933426857
2,MIMAT0002838,IGF1R,mir_regulates_mrna,,0.011627906933426857,0.011627906933426857,0.011627906933426857,0.011627906933426857,0.011627906933426857
2,MIMAT0004794,IGF1R,mir_regulates_mrna,,0.011627906933426857,0.011627906933426857,0.011627906933426857,0.011627906933426857,0.011627906933426857
2,MIMAT0003248,IGF1R,mir_regulates_mrna,,0.011627906933426857,0.011627906933426857,0.011627906933426857,0.011627906933426857,0.011627906933426857
2,MIMAT0003299,IGF1R,mir_regulates_mrna,,0.011627906933426857,0.011627906933426857,0.011627906933426857,0.011627906933426857,0.011627906933426857
2,MIMAT0022710,IGF1R,mir_regulates_mrna,,0.011627906933426857,0.011627906933426857,0.011627906933426857,0.011627906933426857,0.011627906933426857
2,MIMAT0015002,IGF1R,mir_regulates_mrna,,0.011627906933426857,0.011627906933426857,0.011627906933426857,0.011627906933426857,0.011627906933426857
2,MIMAT0016851,IGF1R,mir_regulates_mrna,,0.011627906933426857,0.011627906933426857,0.011627906933426857,0.011627906933426857,0.011627906933426857
2,MIMAT0018978,IGF1R,mir_regulates_mrna,,0.011627906933426857,0.011627906933426857,0.011627906933426857,0.011627906933426857,0.011627906933426857
2,MIMAT0019082,IGF1R,mir_regulates_mrna,,0.011627906933426857,0.011627906933426857,0.011627906933426857,0.011627906933426857,0.011627906933426857
2,MIMAT0019847,IGF1R,mir_regulates_mrna,,0.011627906933426857,0.011627906933426857,0.011627906933426857,0.011627906933426857,0.011627906933426857
2,MIMAT0021043,IGF1R,mir_regulates_mrna,,0.011627906933426857,0.011627906933426857,0.011627906933426857,0.011627906933426857,0.011627906933426857
2,MIMAT0021045,IGF1R,mir_regulates_mrna,,0.011627906933426857,0.011627906933426857,0.011627906933426857,0.011627906933426857,0.011627906933426857
2,MIMAT0025478,IGF1R,mir_regulates_mrna,,0.011627906933426857,0.011627906933426857,0.011627906933426857,0.011627906933426857,0.011627906933426857
2,MIMAT0027425,IGF1R,mir_regulates_mrna,,0.011627906933426857,0.011627906933426857,0.011627906933426857,0.011627906933426857,0.011627906933426857
2,MIMAT0027448,IGF1R,mir_regulates_mrna,,0.011627906933426857,0.011627906933426857,0.011627906933426857,0.011627906933426857,0.011627906933426857
2,MIMAT0027549,IGF1R,mir_regulates_mrna,,0.011627906933426857,0.011627906933426857,0.011627906933426857,0.011627906933426857,0.011627906933426857
2,MIMAT0027624,IGF1R,mir_regulates_mrna,,0.011627906933426857,0.011627906933426857,0.011627906933426857,0.011627906933426857,0.011627906933426857
2,MIMAT0027686,IGF1R,mir_regulates_mrna,,0.011627906933426857,0.011627906933426857,0.011627906933426857,0.011627906933426857,0.011627906933426857
2,MIMAT0028115,IGF1R,mir_regulates_mrna,,0.011627906933426857,0.011627906933426857,0.011627906933426857,0.011627906933426857,0.011627906933426857
2,MIMAT0030413,IGF1R,mir_regulates_mrna,,0.011627906933426857,0.011627906933426857,0.011627906933426857,0.011627906933426857,0.011627906933426857
2,MIMAT0031181,IGF1R,mir_regulates_mrna,,0.011627906933426857,0.011627906933426857,0.011627906933426857,0.011627906933426857,0.011627906933426857
2,MIMAT0004515,KITLG,mir_regulates_mrna,,0.3333333432674408,0.3333333432674408,0.3333333432674408,0.3333333432674408,0.3333333432674408
2,MIMAT0005457,KITLG,mir_regulates_mrna,,0.3333333432674408,0.3333333432674408,0.3333333432674408,0.3333333432674408,0.3333333432674408
2,MIMAT0002862,KITLG,mir_regulates_mrna,,0.3333333432674408,0.3333333432674408,0.3333333432674408,0.3333333432674408,0.3333333432674408
2,MIMAT0000265,PPP3R1,mir_regulates_mrna,,0.1666666716337204,0.1666666716337204,0.1666666716337204,0.1666666716337204,0.1666666716337204
2,MIMAT0000268,PPP3R1,mir_regulates_mrna,,0.1666666716337204,0.1666666716337204,0.1666666716337204,0.1666666716337204,0.1666666716337204
2,MIMAT0004780,PPP3R1,mir_regulates_mrna,,0.1666666716337204,0.1666666716337204,0.1666666716337204,0.1666666716337204,0.1666666716337204
2,MIMAT0019895,PPP3R1,mir_regulates_mrna,,0.1666666716337204,0.1666666716337204,0.1666666716337204,0.1666666716337204,0.1666666716337204
2,MIMAT0027370,PPP3R1,mir_regulates_mrna,,0.1666666716337204,0.1666666716337204,0.1666666716337204,0.1666666716337204,0.1666666716337204
2,MIMAT0027427,PPP3R1,mir_regulates_mrna,,0.1666666716337204,0.1666666716337204,0.1666666716337204,0.1666666716337204,0.1666666716337204
2,MIMAT0000762,CACNA1I,mir_regulates_mrna,,1.0,1.0,1.0,1.0,1.0
2,MIMAT0004762,CACNA2D2,mir_regulates_mrna,,0.20000000298023224,0.20000000298023224,0.20000000298023224,0.20000000298023224,0.20000000298023224
2,MIMAT0025852,CACNA2D2,mir_regulates_mrna,,0.20000000298023224,0.20000000298023224,0.20000000298023224,0.20000000298023224,0.20000000298023224
2,MIMAT0015024,CACNA2D2,mir_regulates_mrna,,0.20000000298023224,0.20000000298023224,0.20000000298023224,0.20000000298023224,0.20000000298023224
2,MIMAT0015026,CACNA2D2,mir_regulates_mrna,,0.20000000298023224,0.20000000298023224,0.20000000298023224,0.20000000298023224,0.20000000298023224
2,MIMAT0027448,CACNA2D2,mir_regulates_mrna,,0.20000000298023224,0.20000000298023224,0.20000000298023224,0.20000000298023224,0.20000000298023224
2,MIMAT0004920,ERBB2,mir_regulates_mrna,,0.20000000298023224,0.20000000298023224,0.20000000298023224,0.20000000298023224,0.20000000298023224
2,MIMAT0032026,ERBB2,mir_regulates_mrna,,0.20000000298023224,0.20000000298023224,0.20000000298023224,0.20000000298023224,0.20000000298023224
2,MIMAT0015008,ERBB2,mir_regulates_mrna,,0.20000000298023224,0.20000000298023224,0.20000000298023224,0.20000000298023224,0.20000000298023224
2,MIMAT0018090,ERBB2,mir_regulates_mrna,,0.20000000298023224,0.20000000298023224,0.20000000298023224,0.20000000298023224,0.20000000298023224
2,MIMAT0027683,ERBB2,mir_regulates_mrna,,0.20000000298023224,0.20000000298023224,0.20000000298023224,0.20000000298023224,0.20000000298023224
2,MIMAT0027402,ERBB3,mir_regulates_mrna,,0.1111111119389534,0.1111111119389534,0.1111111119389534,0.1111111119389534,0.1111111119389534
2,MIMAT0027503,ERBB3,mir_regulates_mrna,,0.1111111119389534,0.1111111119389534,0.1111111119389534,0.1111111119389534,0.1111111119389534
2,MIMAT0027553,ERBB3,mir_regulates_mrna,,0.1111111119389534,0.1111111119389534,0.1111111119389534,0.1111111119389534,0.1111111119389534
2,MIMAT0028116,ERBB3,mir_regulates_mrna,,0.1111111119389534,0.1111111119389534,0.1111111119389534,0.1111111119389534,0.1111111119389534
2,MIMAT0028117,ERBB3,mir_regulates_mrna,,0.1111111119389534,0.1111111119389534,0.1111111119389534,0.1111111119389534,0.1111111119389534
2,MIMAT0005930,ERBB3,mir_regulates_mrna,,0.1111111119389534,0.1111111119389534,0.1111111119389534,0.1111111119389534,0.1111111119389534
2,MIMAT0016863,ERBB3,mir_regulates_mrna,,0.1111111119389534,0.1111111119389534,0.1111111119389534,0.1111111119389534,0.1111111119389534
2,MIMAT0022696,ERBB3,mir_regulates_mrna,,0.1111111119389534,0.1111111119389534,0.1111111119389534,0.1111111119389534,0.1111111119389534
2,MIMAT0000760,ERBB3,mir_regulates_mrna,,0.1111111119389534,0.1111111119389534,0.1111111119389534,0.1111111119389534,0.1111111119389534
2,MIMAT0018944,RPS6KA1,mir_regulates_mrna,,0.5,0.5,0.5,0.5,0.5
2,MIMAT0019720,RPS6KA1,mir_regulates_mrna,,0.5,0.5,0.5,0.5,0.5
2,MIMAT0019896,RPS6KA2,mir_regulates_mrna,,0.1666666716337204,0.1666666716337204,0.1666666716337204,0.1666666716337204,0.1666666716337204
2,MIMAT0027550,RPS6KA2,mir_regulates_mrna,,0.1666666716337204,0.1666666716337204,0.1666666716337204,0.1666666716337204,0.1666666716337204
2,MIMAT0004982,RPS6KA2,mir_regulates_mrna,,0.1666666716337204,0.1666666716337204,0.1666666716337204,0.1666666716337204,0.1666666716337204
2,MIMAT0021033,RPS6KA2,mir_regulates_mrna,,0.1666666716337204,0.1666666716337204,0.1666666716337204,0.1666666716337204,0.1666666716337204
2,MIMAT0015052,RPS6KA2,mir_regulates_mrna,,0.1666666716337204,0.1666666716337204,0.1666666716337204,0.1666666716337204,0.1666666716337204
2,MIMAT0027038,RPS6KA2,mir_regulates_mrna,,0.1666666716337204,0.1666666716337204,0.1666666716337204,0.1666666716337204,0.1666666716337204
2,MIMAT0015023,RPS6KA4,mir_regulates_mrna,,0.05000000074505806,0.05000000074505806,0.05000000074505806,0.05000000074505806,0.05000000074505806
2,MIMAT0018190,RPS6KA4,mir_regulates_mrna,,0.05000000074505806,0.05000000074505806,0.05000000074505806,0.05000000074505806,0.05000000074505806
2,MIMAT0019015,RPS6KA4,mir_regulates_mrna,,0.05000000074505806,0.05000000074505806,0.05000000074505806,0.05000000074505806,0.05000000074505806
2,MIMAT0022491,RPS6KA4,mir_regulates_mrna,,0.05000000074505806,0.05000000074505806,0.05000000074505806,0.05000000074505806,0.05000000074505806
2,MIMAT0002830,RPS6KA4,mir_regulates_mrna,,0.05000000074505806,0.05000000074505806,0.05000000074505806,0.05000000074505806,0.05000000074505806
2,MIMAT0003292,RPS6KA4,mir_regulates_mrna,,0.05000000074505806,0.05000000074505806,0.05000000074505806,0.05000000074505806,0.05000000074505806
2,MIMAT0005929,RPS6KA4,mir_regulates_mrna,,0.05000000074505806,0.05000000074505806,0.05000000074505806,0.05000000074505806,0.05000000074505806
2,MIMAT0019715,RPS6KA4,mir_regulates_mrna,,0.05000000074505806,0.05000000074505806,0.05000000074505806,0.05000000074505806,0.05000000074505806
2,MIMAT0019939,RPS6KA4,mir_regulates_mrna,,0.05000000074505806,0.05000000074505806,0.05000000074505806,0.05000000074505806,0.05000000074505806
2,MIMAT0027426,RPS6KA4,mir_regulates_mrna,,0.05000000074505806,0.05000000074505806,0.05000000074505806,0.05000000074505806,0.05000000074505806
2,MIMAT0027526,RPS6KA4,mir_regulates_mrna,,0.05000000074505806,0.05000000074505806,0.05000000074505806,0.05000000074505806,0.05000000074505806
2,MIMAT0027550,RPS6KA4,mir_regulates_mrna,,0.05000000074505806,0.05000000074505806,0.05000000074505806,0.05000000074505806,0.05000000074505806
2,MIMAT0027662,RPS6KA4,mir_regulates_mrna,,0.05000000074505806,0.05000000074505806,0.05000000074505806,0.05000000074505806,0.05000000074505806
2,MIMAT0028119,RPS6KA4,mir_regulates_mrna,,0.05000000074505806,0.05000000074505806,0.05000000074505806,0.05000000074505806,0.05000000074505806
2,MIMAT0000422,RPS6KA4,mir_regulates_mrna,,0.05000000074505806,0.05000000074505806,0.05000000074505806,0.05000000074505806,0.05000000074505806
2,MIMAT0019737,RPS6KA4,mir_regulates_mrna,,0.05000000074505806,0.05000000074505806,0.05000000074505806,0.05000000074505806,0.05000000074505806
2,MIMAT0027470,RPS6KA4,mir_regulates_mrna,,0.05000000074505806,0.05000000074505806,0.05000000074505806,0.05000000074505806,0.05000000074505806
2,MIMAT0027614,RPS6KA4,mir_regulates_mrna,,0.05000000074505806,0.05000000074505806,0.05000000074505806,0.05000000074505806,0.05000000074505806
2,MIMAT0027666,RPS6KA4,mir_regulates_mrna,,0.05000000074505806,0.05000000074505806,0.05000000074505806,0.05000000074505806,0.05000000074505806
2,MIMAT0027672,RPS6KA4,mir_regulates_mrna,,0.05000000074505806,0.05000000074505806,0.05000000074505806,0.05000000074505806,0.05000000074505806
2,MIMAT0000265,NTRK2,mir_regulates_mrna,,0.3333333432674408,0.3333333432674408,0.3333333432674408,0.3333333432674408,0.3333333432674408
2,MIMAT0000617,NTRK2,mir_regulates_mrna,,0.3333333432674408,0.3333333432674408,0.3333333432674408,0.3333333432674408,0.3333333432674408
2,MIMAT0000765,NTRK2,mir_regulates_mrna,,0.3333333432674408,0.3333333432674408,0.3333333432674408,0.3333333432674408,0.3333333432674408
2,MIMAT0000072,RAP1A,mir_regulates_mrna,,0.0833333358168602,0.0833333358168602,0.0833333358168602,0.0833333358168602,0.0833333358168602
2,MIMAT0004595,RAP1A,mir_regulates_mrna,,0.0833333358168602,0.0833333358168602,0.0833333358168602,0.0833333358168602,0.0833333358168602
2,MIMAT0002830,RAP1A,mir_regulates_mrna,,0.0833333358168602,0.0833333358168602,0.0833333358168602,0.0833333358168602,0.0833333358168602
2,MIMAT0004794,RAP1A,mir_regulates_mrna,,0.0833333358168602,0.0833333358168602,0.0833333358168602,0.0833333358168602,0.0833333358168602
2,MIMAT0019908,RAP1A,mir_regulates_mrna,,0.0833333358168602,0.0833333358168602,0.0833333358168602,0.0833333358168602,0.0833333358168602
2,MIMAT0025841,RAP1A,mir_regulates_mrna,,0.0833333358168602,0.0833333358168602,0.0833333358168602,0.0833333358168602,0.0833333358168602
2,MIMAT0027400,RAP1A,mir_regulates_mrna,,0.0833333358168602,0.0833333358168602,0.0833333358168602,0.0833333358168602,0.0833333358168602
2,MIMAT0027544,RAP1A,mir_regulates_mrna,,0.0833333358168602,0.0833333358168602,0.0833333358168602,0.0833333358168602,0.0833333358168602
2,MIMAT0030986,RAP1A,mir_regulates_mrna,,0.0833333358168602,0.0833333358168602,0.0833333358168602,0.0833333358168602,0.0833333358168602
2,MIMAT0000066,RAP1A,mir_regulates_mrna,,0.0833333358168602,0.0833333358168602,0.0833333358168602,0.0833333358168602,0.0833333358168602
2,MIMAT0027443,RAP1A,mir_regulates_mrna,,0.0833333358168602,0.0833333358168602,0.0833333358168602,0.0833333358168602,0.0833333358168602
2,MIMAT0000717,RAP1A,mir_regulates_mrna,,0.0833333358168602,0.0833333358168602,0.0833333358168602,0.0833333358168602,0.0833333358168602
2,MIMAT0000098,RAP1B,mir_regulates_mrna,,0.05000000074505806,0.05000000074505806,0.05000000074505806,0.05000000074505806,0.05000000074505806
2,MIMAT0000099,RAP1B,mir_regulates_mrna,,0.05000000074505806,0.05000000074505806,0.05000000074505806,0.05000000074505806,0.05000000074505806
2,MIMAT0026474,RAP1B,mir_regulates_mrna,,0.05000000074505806,0.05000000074505806,0.05000000074505806,0.05000000074505806,0.05000000074505806
2,MIMAT0000244,RAP1B,mir_regulates_mrna,,0.05000000074505806,0.05000000074505806,0.05000000074505806,0.05000000074505806,0.05000000074505806
2,MIMAT0000250,RAP1B,mir_regulates_mrna,,0.05000000074505806,0.05000000074505806,0.05000000074505806,0.05000000074505806,0.05000000074505806
2,MIMAT0000420,RAP1B,mir_regulates_mrna,,0.05000000074505806,0.05000000074505806,0.05000000074505806,0.05000000074505806,0.05000000074505806
2,MIMAT0001339,RAP1B,mir_regulates_mrna,,0.05000000074505806,0.05000000074505806,0.05000000074505806,0.05000000074505806,0.05000000074505806
2,MIMAT0002821,RAP1B,mir_regulates_mrna,,0.05000000074505806,0.05000000074505806,0.05000000074505806,0.05000000074505806,0.05000000074505806
2,MIMAT0014999,RAP1B,mir_regulates_mrna,,0.05000000074505806,0.05000000074505806,0.05000000074505806,0.05000000074505806,0.05000000074505806
2,MIMAT0018074,RAP1B,mir_regulates_mrna,,0.05000000074505806,0.05000000074505806,0.05000000074505806,0.05000000074505806,0.05000000074505806
2,MIMAT0018984,RAP1B,mir_regulates_mrna,,0.05000000074505806,0.05000000074505806,0.05000000074505806,0.05000000074505806,0.05000000074505806
2,MIMAT0019031,RAP1B,mir_regulates_mrna,,0.05000000074505806,0.05000000074505806,0.05000000074505806,0.05000000074505806,0.05000000074505806
2,MIMAT0000084,RAP1B,mir_regulates_mrna,,0.05000000074505806,0.05000000074505806,0.05000000074505806,0.05000000074505806,0.05000000074505806
2,MIMAT0022844,RAP1B,mir_regulates_mrna,,0.05000000074505806,0.05000000074505806,0.05000000074505806,0.05000000074505806,0.05000000074505806
2,MIMAT0000419,RAP1B,mir_regulates_mrna,,0.05000000074505806,0.05000000074505806,0.05000000074505806,0.05000000074505806,0.05000000074505806
2,MIMAT0002877,RAP1B,mir_regulates_mrna,,0.05000000074505806,0.05000000074505806,0.05000000074505806,0.05000000074505806,0.05000000074505806
2,MIMAT0017986,RAP1B,mir_regulates_mrna,,0.05000000074505806,0.05000000074505806,0.05000000074505806,0.05000000074505806,0.05000000074505806
2,MIMAT0018109,RAP1B,mir_regulates_mrna,,0.05000000074505806,0.05000000074505806,0.05000000074505806,0.05000000074505806,0.05000000074505806
2,MIMAT0022736,RAP1B,mir_regulates_mrna,,0.05000000074505806,0.05000000074505806,0.05000000074505806,0.05000000074505806,0.05000000074505806
2,MIMAT0027667,RAP1B,mir_regulates_mrna,,0.05000000074505806,0.05000000074505806,0.05000000074505806,0.05000000074505806,0.05000000074505806
2,MIMAT0000255,AKT1,mir_regulates_mrna,,0.1666666716337204,0.1666666716337204,0.1666666716337204,0.1666666716337204,0.1666666716337204
2,MIMAT0000756,AKT1,mir_regulates_mrna,,0.1666666716337204,0.1666666716337204,0.1666666716337204,0.1666666716337204,0.1666666716337204
2,MIMAT0027633,AKT1,mir_regulates_mrna,,0.1666666716337204,0.1666666716337204,0.1666666716337204,0.1666666716337204,0.1666666716337204
2,MIMAT0027549,AKT1,mir_regulates_mrna,,0.1666666716337204,0.1666666716337204,0.1666666716337204,0.1666666716337204,0.1666666716337204
2,MIMAT0004609,AKT1,mir_regulates_mrna,,0.1666666716337204,0.1666666716337204,0.1666666716337204,0.1666666716337204,0.1666666716337204
2,MIMAT0027429,AKT1,mir_regulates_mrna,,0.1666666716337204,0.1666666716337204,0.1666666716337204,0.1666666716337204,0.1666666716337204
2,MIMAT0000092,TGFBR2,mir_regulates_mrna,,0.09090909361839294,0.09090909361839294,0.09090909361839294,0.09090909361839294,0.09090909361839294
2,MIMAT0000680,TGFBR2,mir_regulates_mrna,,0.09090909361839294,0.09090909361839294,0.09090909361839294,0.09090909361839294,0.09090909361839294
2,MIMAT0015004,TGFBR2,mir_regulates_mrna,,0.09090909361839294,0.09090909361839294,0.09090909361839294,0.09090909361839294,0.09090909361839294
2,MIMAT0019363,TGFBR2,mir_regulates_mrna,,0.09090909361839294,0.09090909361839294,0.09090909361839294,0.09090909361839294,0.09090909361839294
2,MIMAT0019855,TGFBR2,mir_regulates_mrna,,0.09090909361839294,0.09090909361839294,0.09090909361839294,0.09090909361839294,0.09090909361839294
2,MIMAT0027516,TGFBR2,mir_regulates_mrna,,0.09090909361839294,0.09090909361839294,0.09090909361839294,0.09090909361839294,0.09090909361839294
2,MIMAT0027536,TGFBR2,mir_regulates_mrna,,0.09090909361839294,0.09090909361839294,0.09090909361839294,0.09090909361839294,0.09090909361839294
2,MIMAT0027634,TGFBR2,mir_regulates_mrna,,0.09090909361839294,0.09090909361839294,0.09090909361839294,0.09090909361839294,0.09090909361839294
2,MIMAT0000255,TGFBR2,mir_regulates_mrna,,0.09090909361839294,0.09090909361839294,0.09090909361839294,0.09090909361839294,0.09090909361839294
2,MIMAT0018088,TGFBR2,mir_regulates_mrna,,0.09090909361839294,0.09090909361839294,0.09090909361839294,0.09090909361839294,0.09090909361839294
2,MIMAT0027416,TGFBR2,mir_regulates_mrna,,0.09090909361839294,0.09090909361839294,0.09090909361839294,0.09090909361839294,0.09090909361839294
2,MIMAT0000222,IRAK1,mir_regulates_mrna,,1.0,1.0,1.0,1.0,1.0
2,MIMAT0000255,VEGFA,mir_regulates_mrna,,0.03333333507180214,0.03333333507180214,0.03333333507180214,0.03333333507180214,0.03333333507180214
2,MIMAT0004598,VEGFA,mir_regulates_mrna,,0.03333333507180214,0.03333333507180214,0.03333333507180214,0.03333333507180214,0.03333333507180214
2,MIMAT0000680,VEGFA,mir_regulates_mrna,,0.03333333507180214,0.03333333507180214,0.03333333507180214,0.03333333507180214,0.03333333507180214
2,MIMAT0000685,VEGFA,mir_regulates_mrna,,0.03333333507180214,0.03333333507180214,0.03333333507180214,0.03333333507180214,0.03333333507180214
2,MIMAT0000738,VEGFA,mir_regulates_mrna,,0.03333333507180214,0.03333333507180214,0.03333333507180214,0.03333333507180214,0.03333333507180214
2,MIMAT0002875,VEGFA,mir_regulates_mrna,,0.03333333507180214,0.03333333507180214,0.03333333507180214,0.03333333507180214,0.03333333507180214
2,MIMAT0018083,VEGFA,mir_regulates_mrna,,0.03333333507180214,0.03333333507180214,0.03333333507180214,0.03333333507180214,0.03333333507180214
2,MIMAT0018357,VEGFA,mir_regulates_mrna,,0.03333333507180214,0.03333333507180214,0.03333333507180214,0.03333333507180214,0.03333333507180214
2,MIMAT0027396,VEGFA,mir_regulates_mrna,,0.03333333507180214,0.03333333507180214,0.03333333507180214,0.03333333507180214,0.03333333507180214
2,MIMAT0027418,VEGFA,mir_regulates_mrna,,0.03333333507180214,0.03333333507180214,0.03333333507180214,0.03333333507180214,0.03333333507180214
2,MIMAT0027486,VEGFA,mir_regulates_mrna,,0.03333333507180214,0.03333333507180214,0.03333333507180214,0.03333333507180214,0.03333333507180214
2,MIMAT0027620,VEGFA,mir_regulates_mrna,,0.03333333507180214,0.03333333507180214,0.03333333507180214,0.03333333507180214,0.03333333507180214
2,MIMAT0027643,VEGFA,mir_regulates_mrna,,0.03333333507180214,0.03333333507180214,0.03333333507180214,0.03333333507180214,0.03333333507180214
2,MIMAT0027650,VEGFA,mir_regulates_mrna,,0.03333333507180214,0.03333333507180214,0.03333333507180214,0.03333333507180214,0.03333333507180214
2,MIMAT0033692,VEGFA,mir_regulates_mrna,,0.03333333507180214,0.03333333507180214,0.03333333507180214,0.03333333507180214,0.03333333507180214
2,MIMAT0000069,VEGFA,mir_regulates_mrna,,0.03333333507180214,0.03333333507180214,0.03333333507180214,0.03333333507180214,0.03333333507180214
2,MIMAT0000443,VEGFA,mir_regulates_mrna,,0.03333333507180214,0.03333333507180214,0.03333333507180214,0.03333333507180214,0.03333333507180214
2,MIMAT0005883,VEGFA,mir_regulates_mrna,,0.03333333507180214,0.03333333507180214,0.03333333507180214,0.03333333507180214,0.03333333507180214
2,MIMAT0022724,VEGFA,mir_regulates_mrna,,0.03333333507180214,0.03333333507180214,0.03333333507180214,0.03333333507180214,0.03333333507180214
2,MIMAT0012735,VEGFA,mir_regulates_mrna,,0.03333333507180214,0.03333333507180214,0.03333333507180214,0.03333333507180214,0.03333333507180214
2,MIMAT0014989,VEGFA,mir_regulates_mrna,,0.03333333507180214,0.03333333507180214,0.03333333507180214,0.03333333507180214,0.03333333507180214
2,MIMAT0022487,VEGFA,mir_regulates_mrna,,0.03333333507180214,0.03333333507180214,0.03333333507180214,0.03333333507180214,0.03333333507180214
2,MIMAT0027391,VEGFA,mir_regulates_mrna,,0.03333333507180214,0.03333333507180214,0.03333333507180214,0.03333333507180214,0.03333333507180214
2,MIMAT0027412,VEGFA,mir_regulates_mrna,,0.03333333507180214,0.03333333507180214,0.03333333507180214,0.03333333507180214,0.03333333507180214
2,MIMAT0027432,VEGFA,mir_regulates_mrna,,0.03333333507180214,0.03333333507180214,0.03333333507180214,0.03333333507180214,0.03333333507180214
2,MIMAT0027646,VEGFA,mir_regulates_mrna,,0.03333333507180214,0.03333333507180214,0.03333333507180214,0.03333333507180214,0.03333333507180214
2,MIMAT0000075,VEGFA,mir_regulates_mrna,,0.03333333507180214,0.03333333507180214,0.03333333507180214,0.03333333507180214,0.03333333507180214
2,MIMAT0000251,VEGFA,mir_regulates_mrna,,0.03333333507180214,0.03333333507180214,0.03333333507180214,0.03333333507180214,0.03333333507180214
2,MIMAT0000461,VEGFA,mir_regulates_mrna,,0.03333333507180214,0.03333333507180214,0.03333333507180214,0.03333333507180214,0.03333333507180214
2,MIMAT0004602,VEGFA,mir_regulates_mrna,,0.03333333507180214,0.03333333507180214,0.03333333507180214,0.03333333507180214,0.03333333507180214
2,MIMAT0000680,PPM1B,mir_regulates_mrna,,1.0,1.0,1.0,1.0,1.0
2,MIMAT0004493,CDC42,mir_regulates_mrna,,0.0833333358168602,0.0833333358168602,0.0833333358168602,0.0833333358168602,0.0833333358168602
2,MIMAT0004509,CDC42,mir_regulates_mrna,,0.0833333358168602,0.0833333358168602,0.0833333358168602,0.0833333358168602,0.0833333358168602
2,MIMAT0000104,CDC42,mir_regulates_mrna,,0.0833333358168602,0.0833333358168602,0.0833333358168602,0.0833333358168602,0.0833333358168602
2,MIMAT0000273,CDC42,mir_regulates_mrna,,0.0833333358168602,0.0833333358168602,0.0833333358168602,0.0833333358168602,0.0833333358168602
2,MIMAT0000281,CDC42,mir_regulates_mrna,,0.0833333358168602,0.0833333358168602,0.0833333358168602,0.0833333358168602,0.0833333358168602
2,MIMAT0000427,CDC42,mir_regulates_mrna,,0.0833333358168602,0.0833333358168602,0.0833333358168602,0.0833333358168602,0.0833333358168602
2,MIMAT0000455,CDC42,mir_regulates_mrna,,0.0833333358168602,0.0833333358168602,0.0833333358168602,0.0833333358168602,0.0833333358168602
2,MIMAT0000680,CDC42,mir_regulates_mrna,,0.0833333358168602,0.0833333358168602,0.0833333358168602,0.0833333358168602,0.0833333358168602
2,MIMAT0000770,CDC42,mir_regulates_mrna,,0.0833333358168602,0.0833333358168602,0.0833333358168602,0.0833333358168602,0.0833333358168602
2,MIMAT0002174,CDC42,mir_regulates_mrna,,0.0833333358168602,0.0833333358168602,0.0833333358168602,0.0833333358168602,0.0833333358168602
2,MIMAT0000265,CDC42,mir_regulates_mrna,,0.0833333358168602,0.0833333358168602,0.0833333358168602,0.0833333358168602,0.0833333358168602
2,MIMAT0000751,CDC42,mir_regulates_mrna,,0.0833333358168602,0.0833333358168602,0.0833333358168602,0.0833333358168602,0.0833333358168602
2,MIMAT0004761,MAPK3,mir_regulates_mrna,,1.0,1.0,1.0,1.0,1.0
2,MIMAT0004748,MAPK8IP3,mir_regulates_mrna,,0.10000000149011612,0.10000000149011612,0.10000000149011612,0.10000000149011612,0.10000000149011612
2,MIMAT0021039,MAPK8IP3,mir_regulates_mrna,,0.10000000149011612,0.10000000149011612,0.10000000149011612,0.10000000149011612,0.10000000149011612
2,MIMAT0022294,MAPK8IP3,mir_regulates_mrna,,0.10000000149011612,0.10000000149011612,0.10000000149011612,0.10000000149011612,0.10000000149011612
2,MIMAT0027454,MAPK8IP3,mir_regulates_mrna,,0.10000000149011612,0.10000000149011612,0.10000000149011612,0.10000000149011612,0.10000000149011612
2,MIMAT0027587,MAPK8IP3,mir_regulates_mrna,,0.10000000149011612,0.10000000149011612,0.10000000149011612,0.10000000149011612,0.10000000149011612
2,MIMAT0015080,MAPK8IP3,mir_regulates_mrna,,0.10000000149011612,0.10000000149011612,0.10000000149011612,0.10000000149011612,0.10000000149011612
2,MIMAT0019041,MAPK8IP3,mir_regulates_mrna,,0.10000000149011612,0.10000000149011612,0.10000000149011612,0.10000000149011612,0.10000000149011612
2,MIMAT0022491,MAPK8IP3,mir_regulates_mrna,,0.10000000149011612,0.10000000149011612,0.10000000149011612,0.10000000149011612,0.10000000149011612
2,MIMAT0023252,MAPK8IP3,mir_regulates_mrna,,0.10000000149011612,0.10000000149011612,0.10000000149011612,0.10000000149011612,0.10000000149011612
2,MIMAT0027678,MAPK8IP3,mir_regulates_mrna,,0.10000000149011612,0.10000000149011612,0.10000000149011612,0.10000000149011612,0.10000000149011612
2,MIMAT0000278,ERBB4,mir_regulates_mrna,,0.5,0.5,0.5,0.5,0.5
2,MIMAT0000449,ERBB4,mir_regulates_mrna,,0.5,0.5,0.5,0.5,0.5
2,MIMAT0003322,MRAS,mir_regulates_mrna,,0.1666666716337204,0.1666666716337204,0.1666666716337204,0.1666666716337204,0.1666666716337204
2,MIMAT0017981,MRAS,mir_regulates_mrna,,0.1666666716337204,0.1666666716337204,0.1666666716337204,0.1666666716337204,0.1666666716337204
2,MIMAT0019043,MRAS,mir_regulates_mrna,,0.1666666716337204,0.1666666716337204,0.1666666716337204,0.1666666716337204,0.1666666716337204
2,MIMAT0021123,MRAS,mir_regulates_mrna,,0.1666666716337204,0.1666666716337204,0.1666666716337204,0.1666666716337204,0.1666666716337204
2,MIMAT0027456,MRAS,mir_regulates_mrna,,0.1666666716337204,0.1666666716337204,0.1666666716337204,0.1666666716337204,0.1666666716337204
2,MIMAT0023694,MRAS,mir_regulates_mrna,,0.1666666716337204,0.1666666716337204,0.1666666716337204,0.1666666716337204,0.1666666716337204
2,MIMAT0000092,TGFA,mir_regulates_mrna,,0.06666667014360428,0.06666667014360428,0.06666667014360428,0.06666667014360428,0.06666667014360428
2,MIMAT0000762,TGFA,mir_regulates_mrna,,0.06666667014360428,0.06666667014360428,0.06666667014360428,0.06666667014360428,0.06666667014360428
2,MIMAT0002876,TGFA,mir_regulates_mrna,,0.06666667014360428,0.06666667014360428,0.06666667014360428,0.06666667014360428,0.06666667014360428
2,MIMAT0015077,TGFA,mir_regulates_mrna,,0.06666667014360428,0.06666667014360428,0.06666667014360428,0.06666667014360428,0.06666667014360428
2,MIMAT0019806,TGFA,mir_regulates_mrna,,0.06666667014360428,0.06666667014360428,0.06666667014360428,0.06666667014360428,0.06666667014360428
2,MIMAT0019885,TGFA,mir_regulates_mrna,,0.06666667014360428,0.06666667014360428,0.06666667014360428,0.06666667014360428,0.06666667014360428
2,MIMAT0021022,TGFA,mir_regulates_mrna,,0.06666667014360428,0.06666667014360428,0.06666667014360428,0.06666667014360428,0.06666667014360428
2,MIMAT0027414,TGFA,mir_regulates_mrna,,0.06666667014360428,0.06666667014360428,0.06666667014360428,0.06666667014360428,0.06666667014360428
2,MIMAT0027591,TGFA,mir_regulates_mrna,,0.06666667014360428,0.06666667014360428,0.06666667014360428,0.06666667014360428,0.06666667014360428
2,MIMAT0027647,TGFA,mir_regulates_mrna,,0.06666667014360428,0.06666667014360428,0.06666667014360428,0.06666667014360428,0.06666667014360428
2,MIMAT0000438,TGFA,mir_regulates_mrna,,0.06666667014360428,0.06666667014360428,0.06666667014360428,0.06666667014360428,0.06666667014360428
2,MIMAT0027378,TGFA,mir_regulates_mrna,,0.06666667014360428,0.06666667014360428,0.06666667014360428,0.06666667014360428,0.06666667014360428
2,MIMAT0027528,TGFA,mir_regulates_mrna,,0.06666667014360428,0.06666667014360428,0.06666667014360428,0.06666667014360428,0.06666667014360428
2,MIMAT0019847,TGFA,mir_regulates_mrna,,0.06666667014360428,0.06666667014360428,0.06666667014360428,0.06666667014360428,0.06666667014360428
2,MIMAT0009451,TGFA,mir_regulates_mrna,,0.06666667014360428,0.06666667014360428,0.06666667014360428,0.06666667014360428,0.06666667014360428
2,MIMAT0004701,IKBKG,mir_regulates_mrna,,0.1666666716337204,0.1666666716337204,0.1666666716337204,0.1666666716337204,0.1666666716337204
2,MIMAT0024610,IKBKG,mir_regulates_mrna,,0.1666666716337204,0.1666666716337204,0.1666666716337204,0.1666666716337204,0.1666666716337204
2,MIMAT0024614,IKBKG,mir_regulates_mrna,,0.1666666716337204,0.1666666716337204,0.1666666716337204,0.1666666716337204,0.1666666716337204
2,MIMAT0024617,IKBKG,mir_regulates_mrna,,0.1666666716337204,0.1666666716337204,0.1666666716337204,0.1666666716337204,0.1666666716337204
2,MIMAT0019868,IKBKG,mir_regulates_mrna,,0.1666666716337204,0.1666666716337204,0.1666666716337204,0.1666666716337204,0.1666666716337204
2,MIMAT0027646,IKBKG,mir_regulates_mrna,,0.1666666716337204,0.1666666716337204,0.1666666716337204,0.1666666716337204,0.1666666716337204
2,MIMAT0004517,RRAS2,mir_regulates_mrna,,0.5,0.5,0.5,0.5,0.5
2,MIMAT0015035,RRAS2,mir_regulates_mrna,,0.5,0.5,0.5,0.5,0.5
2,MIMAT0004599,ELK1,mir_regulates_mrna,,0.05263157933950424,0.05263157933950424,0.05263157933950424,0.05263157933950424,0.05263157933950424
2,MIMAT0004602,ELK1,mir_regulates_mrna,,0.05263157933950424,0.05263157933950424,0.05263157933950424,0.05263157933950424,0.05263157933950424
2,MIMAT0026612,ELK1,mir_regulates_mrna,,0.05263157933950424,0.05263157933950424,0.05263157933950424,0.05263157933950424,0.05263157933950424
2,MIMAT0022939,ELK1,mir_regulates_mrna,,0.05263157933950424,0.05263157933950424,0.05263157933950424,0.05263157933950424,0.05263157933950424
2,MIMAT0011161,ELK1,mir_regulates_mrna,,0.05263157933950424,0.05263157933950424,0.05263157933950424,0.05263157933950424,0.05263157933950424
2,MIMAT0018072,ELK1,mir_regulates_mrna,,0.05263157933950424,0.05263157933950424,0.05263157933950424,0.05263157933950424,0.05263157933950424
2,MIMAT0018937,ELK1,mir_regulates_mrna,,0.05263157933950424,0.05263157933950424,0.05263157933950424,0.05263157933950424,0.05263157933950424
2,MIMAT0018985,ELK1,mir_regulates_mrna,,0.05263157933950424,0.05263157933950424,0.05263157933950424,0.05263157933950424,0.05263157933950424
2,MIMAT0019033,ELK1,mir_regulates_mrna,,0.05263157933950424,0.05263157933950424,0.05263157933950424,0.05263157933950424,0.05263157933950424
2,MIMAT0019077,ELK1,mir_regulates_mrna,,0.05263157933950424,0.05263157933950424,0.05263157933950424,0.05263157933950424,0.05263157933950424
2,MIMAT0019723,ELK1,mir_regulates_mrna,,0.05263157933950424,0.05263157933950424,0.05263157933950424,0.05263157933950424,0.05263157933950424
2,MIMAT0019820,ELK1,mir_regulates_mrna,,0.05263157933950424,0.05263157933950424,0.05263157933950424,0.05263157933950424,0.05263157933950424
2,MIMAT0025462,ELK1,mir_regulates_mrna,,0.05263157933950424,0.05263157933950424,0.05263157933950424,0.05263157933950424,0.05263157933950424
2,MIMAT0028112,ELK1,mir_regulates_mrna,,0.05263157933950424,0.05263157933950424,0.05263157933950424,0.05263157933950424,0.05263157933950424
2,MIMAT0000451,ELK1,mir_regulates_mrna,,0.05263157933950424,0.05263157933950424,0.05263157933950424,0.05263157933950424,0.05263157933950424
2,MIMAT0004780,ELK1,mir_regulates_mrna,,0.05263157933950424,0.05263157933950424,0.05263157933950424,0.05263157933950424,0.05263157933950424
2,MIMAT0005573,ELK1,mir_regulates_mrna,,0.05263157933950424,0.05263157933950424,0.05263157933950424,0.05263157933950424,0.05263157933950424
2,MIMAT0027027,ELK1,mir_regulates_mrna,,0.05263157933950424,0.05263157933950424,0.05263157933950424,0.05263157933950424,0.05263157933950424
2,MIMAT0018945,ELK1,mir_regulates_mrna,,0.05263157933950424,0.05263157933950424,0.05263157933950424,0.05263157933950424,0.05263157933950424
2,MIMAT0000070,IRAK4,mir_regulates_mrna,,0.03125,0.03125,0.03125,0.03125,0.03125
2,MIMAT0000075,IRAK4,mir_regulates_mrna,,0.03125,0.03125,0.03125,0.03125,0.03125
2,MIMAT0000103,IRAK4,mir_regulates_mrna,,0.03125,0.03125,0.03125,0.03125,0.03125
2,MIMAT0000451,IRAK4,mir_regulates_mrna,,0.03125,0.03125,0.03125,0.03125,0.03125
2,MIMAT0000684,IRAK4,mir_regulates_mrna,,0.03125,0.03125,0.03125,0.03125,0.03125
2,MIMAT0000715,IRAK4,mir_regulates_mrna,,0.03125,0.03125,0.03125,0.03125,0.03125
2,MIMAT0000722,IRAK4,mir_regulates_mrna,,0.03125,0.03125,0.03125,0.03125,0.03125
2,MIMAT0001413,IRAK4,mir_regulates_mrna,,0.03125,0.03125,0.03125,0.03125,0.03125
2,MIMAT0004809,IRAK4,mir_regulates_mrna,,0.03125,0.03125,0.03125,0.03125,0.03125
2,MIMAT0004952,IRAK4,mir_regulates_mrna,,0.03125,0.03125,0.03125,0.03125,0.03125
2,MIMAT0004983,IRAK4,mir_regulates_mrna,,0.03125,0.03125,0.03125,0.03125,0.03125
2,MIMAT0005871,IRAK4,mir_regulates_mrna,,0.03125,0.03125,0.03125,0.03125,0.03125
2,MIMAT0022720,IRAK4,mir_regulates_mrna,,0.03125,0.03125,0.03125,0.03125,0.03125
2,MIMAT0007883,IRAK4,mir_regulates_mrna,,0.03125,0.03125,0.03125,0.03125,0.03125
2,MIMAT0019208,IRAK4,mir_regulates_mrna,,0.03125,0.03125,0.03125,0.03125,0.03125
2,MIMAT0016889,IRAK4,mir_regulates_mrna,,0.03125,0.03125,0.03125,0.03125,0.03125
2,MIMAT0018206,IRAK4,mir_regulates_mrna,,0.03125,0.03125,0.03125,0.03125,0.03125
2,MIMAT0019006,IRAK4,mir_regulates_mrna,,0.03125,0.03125,0.03125,0.03125,0.03125
2,MIMAT0019913,IRAK4,mir_regulates_mrna,,0.03125,0.03125,0.03125,0.03125,0.03125
2,MIMAT0025481,IRAK4,mir_regulates_mrna,,0.03125,0.03125,0.03125,0.03125,0.03125
2,MIMAT0025844,IRAK4,mir_regulates_mrna,,0.03125,0.03125,0.03125,0.03125,0.03125
2,MIMAT0027457,IRAK4,mir_regulates_mrna,,0.03125,0.03125,0.03125,0.03125,0.03125
2,MIMAT0027668,IRAK4,mir_regulates_mrna,,0.03125,0.03125,0.03125,0.03125,0.03125
2,MIMAT0027686,IRAK4,mir_regulates_mrna,,0.03125,0.03125,0.03125,0.03125,0.03125
2,MIMAT0027687,IRAK4,mir_regulates_mrna,,0.03125,0.03125,0.03125,0.03125,0.03125
2,MIMAT0028111,IRAK4,mir_regulates_mrna,,0.03125,0.03125,0.03125,0.03125,0.03125
2,MIMAT0028214,IRAK4,mir_regulates_mrna,,0.03125,0.03125,0.03125,0.03125,0.03125
2,MIMAT0030426,IRAK4,mir_regulates_mrna,,0.03125,0.03125,0.03125,0.03125,0.03125
2,MIMAT0019853,IRAK4,mir_regulates_mrna,,0.03125,0.03125,0.03125,0.03125,0.03125
2,MIMAT0019927,IRAK4,mir_regulates_mrna,,0.03125,0.03125,0.03125,0.03125,0.03125
2,MIMAT0025854,IRAK4,mir_regulates_mrna,,0.03125,0.03125,0.03125,0.03125,0.03125
2,MIMAT0027516,IRAK4,mir_regulates_mrna,,0.03125,0.03125,0.03125,0.03125,0.03125
2,MIMAT0000423,ANGPT2,mir_regulates_mrna,,1.0,1.0,1.0,1.0,1.0
2,MIMAT0002858,MAPT,mir_regulates_mrna,,0.06666667014360428,0.06666667014360428,0.06666667014360428,0.06666667014360428,0.06666667014360428
2,MIMAT0005457,MAPT,mir_regulates_mrna,,0.06666667014360428,0.06666667014360428,0.06666667014360428,0.06666667014360428,0.06666667014360428
2,MIMAT0002867,MAPT,mir_regulates_mrna,,0.06666667014360428,0.06666667014360428,0.06666667014360428,0.06666667014360428,0.06666667014360428
2,MIMAT0002862,MAPT,mir_regulates_mrna,,0.06666667014360428,0.06666667014360428,0.06666667014360428,0.06666667014360428,0.06666667014360428
2,MIMAT0004911,MAPT,mir_regulates_mrna,,0.06666667014360428,0.06666667014360428,0.06666667014360428,0.06666667014360428,0.06666667014360428
2,MIMAT0011163,MAPT,mir_regulates_mrna,,0.06666667014360428,0.06666667014360428,0.06666667014360428,0.06666667014360428,0.06666667014360428
2,MIMAT0011775,MAPT,mir_regulates_mrna,,0.06666667014360428,0.06666667014360428,0.06666667014360428,0.06666667014360428,0.06666667014360428
2,MIMAT0018201,MAPT,mir_regulates_mrna,,0.06666667014360428,0.06666667014360428,0.06666667014360428,0.06666667014360428,0.06666667014360428
2,MIMAT0019066,MAPT,mir_regulates_mrna,,0.06666667014360428,0.06666667014360428,0.06666667014360428,0.06666667014360428,0.06666667014360428
2,MIMAT0019965,MAPT,mir_regulates_mrna,,0.06666667014360428,0.06666667014360428,0.06666667014360428,0.06666667014360428,0.06666667014360428
2,MIMAT0019971,MAPT,mir_regulates_mrna,,0.06666667014360428,0.06666667014360428,0.06666667014360428,0.06666667014360428,0.06666667014360428
2,MIMAT0027673,MAPT,mir_regulates_mrna,,0.06666667014360428,0.06666667014360428,0.06666667014360428,0.06666667014360428,0.06666667014360428
2,MIMAT0014987,MAPT,mir_regulates_mrna,,0.06666667014360428,0.06666667014360428,0.06666667014360428,0.06666667014360428,0.06666667014360428
2,MIMAT0019210,MAPT,mir_regulates_mrna,,0.06666667014360428,0.06666667014360428,0.06666667014360428,0.06666667014360428,0.06666667014360428
2,MIMAT0019927,MAPT,mir_regulates_mrna,,0.06666667014360428,0.06666667014360428,0.06666667014360428,0.06666667014360428,0.06666667014360428
2,MIMAT0022256,RASGRP1,mir_regulates_mrna,,0.25,0.25,0.25,0.25,0.25
2,MIMAT0019761,RASGRP1,mir_regulates_mrna,,0.25,0.25,0.25,0.25,0.25
2,MIMAT0022282,RASGRP1,mir_regulates_mrna,,0.25,0.25,0.25,0.25,0.25
2,MIMAT0015035,RASGRP1,mir_regulates_mrna,,0.25,0.25,0.25,0.25,0.25
2,MIMAT0000083,PAK1,mir_regulates_mrna,,0.25,0.25,0.25,0.25,0.25
2,MIMAT0000244,PAK1,mir_regulates_mrna,,0.25,0.25,0.25,0.25,0.25
2,MIMAT0000252,PAK1,mir_regulates_mrna,,0.25,0.25,0.25,0.25,0.25
2,MIMAT0000273,PAK1,mir_regulates_mrna,,0.25,0.25,0.25,0.25,0.25
2,MIMAT0000065,TGFBR1,mir_regulates_mrna,,0.04545454680919647,0.04545454680919647,0.04545454680919647,0.04545454680919647,0.04545454680919647
2,MIMAT0000099,TGFBR1,mir_regulates_mrna,,0.04545454680919647,0.04545454680919647,0.04545454680919647,0.04545454680919647,0.04545454680919647
2,MIMAT0022693,TGFBR1,mir_regulates_mrna,,0.04545454680919647,0.04545454680919647,0.04545454680919647,0.04545454680919647,0.04545454680919647
2,MIMAT0000424,TGFBR1,mir_regulates_mrna,,0.04545454680919647,0.04545454680919647,0.04545454680919647,0.04545454680919647,0.04545454680919647
2,MIMAT0002806,TGFBR1,mir_regulates_mrna,,0.04545454680919647,0.04545454680919647,0.04545454680919647,0.04545454680919647,0.04545454680919647
2,MIMAT0015030,TGFBR1,mir_regulates_mrna,,0.04545454680919647,0.04545454680919647,0.04545454680919647,0.04545454680919647,0.04545454680919647
2,MIMAT0019014,TGFBR1,mir_regulates_mrna,,0.04545454680919647,0.04545454680919647,0.04545454680919647,0.04545454680919647,0.04545454680919647
2,MIMAT0019776,TGFBR1,mir_regulates_mrna,,0.04545454680919647,0.04545454680919647,0.04545454680919647,0.04545454680919647,0.04545454680919647
2,MIMAT0027367,TGFBR1,mir_regulates_mrna,,0.04545454680919647,0.04545454680919647,0.04545454680919647,0.04545454680919647,0.04545454680919647
2,MIMAT0027467,TGFBR1,mir_regulates_mrna,,0.04545454680919647,0.04545454680919647,0.04545454680919647,0.04545454680919647,0.04545454680919647
2,MIMAT0027491,TGFBR1,mir_regulates_mrna,,0.04545454680919647,0.04545454680919647,0.04545454680919647,0.04545454680919647,0.04545454680919647
2,MIMAT0027604,TGFBR1,mir_regulates_mrna,,0.04545454680919647,0.04545454680919647,0.04545454680919647,0.04545454680919647,0.04545454680919647
2,MIMAT0031010,TGFBR1,mir_regulates_mrna,,0.04545454680919647,0.04545454680919647,0.04545454680919647,0.04545454680919647,0.04545454680919647
2,MIMAT0000265,TGFBR1,mir_regulates_mrna,,0.04545454680919647,0.04545454680919647,0.04545454680919647,0.04545454680919647,0.04545454680919647
2,MIMAT0000075,TGFBR1,mir_regulates_mrna,,0.04545454680919647,0.04545454680919647,0.04545454680919647,0.04545454680919647,0.04545454680919647
2,MIMAT0022939,TGFBR1,mir_regulates_mrna,,0.04545454680919647,0.04545454680919647,0.04545454680919647,0.04545454680919647,0.04545454680919647
2,MIMAT0019707,TGFBR1,mir_regulates_mrna,,0.04545454680919647,0.04545454680919647,0.04545454680919647,0.04545454680919647,0.04545454680919647
2,MIMAT0000419,TGFBR1,mir_regulates_mrna,,0.04545454680919647,0.04545454680919647,0.04545454680919647,0.04545454680919647,0.04545454680919647
2,MIMAT0000425,TGFBR1,mir_regulates_mrna,,0.04545454680919647,0.04545454680919647,0.04545454680919647,0.04545454680919647,0.04545454680919647
2,MIMAT0018202,TGFBR1,mir_regulates_mrna,,0.04545454680919647,0.04545454680919647,0.04545454680919647,0.04545454680919647,0.04545454680919647
2,MIMAT0019703,TGFBR1,mir_regulates_mrna,,0.04545454680919647,0.04545454680919647,0.04545454680919647,0.04545454680919647,0.04545454680919647
2,MIMAT0027562,TGFBR1,mir_regulates_mrna,,0.04545454680919647,0.04545454680919647,0.04545454680919647,0.04545454680919647,0.04545454680919647
2,MIMAT0000063,MEF2C,mir_regulates_mrna,,0.3333333432674408,0.3333333432674408,0.3333333432674408,0.3333333432674408,0.3333333432674408
2,MIMAT0000271,MEF2C,mir_regulates_mrna,,0.3333333432674408,0.3333333432674408,0.3333333432674408,0.3333333432674408,0.3333333432674408
2,MIMAT0000092,MEF2C,mir_regulates_mrna,,0.3333333432674408,0.3333333432674408,0.3333333432674408,0.3333333432674408,0.3333333432674408
2,MIMAT0000070,MAPK9,mir_regulates_mrna,,0.10000000149011612,0.10000000149011612,0.10000000149011612,0.10000000149011612,0.10000000149011612
2,MIMAT0000103,MAPK9,mir_regulates_mrna,,0.10000000149011612,0.10000000149011612,0.10000000149011612,0.10000000149011612,0.10000000149011612
2,MIMAT0000680,MAPK9,mir_regulates_mrna,,0.10000000149011612,0.10000000149011612,0.10000000149011612,0.10000000149011612,0.10000000149011612
2,MIMAT0018004,MAPK9,mir_regulates_mrna,,0.10000000149011612,0.10000000149011612,0.10000000149011612,0.10000000149011612,0.10000000149011612
2,MIMAT0000222,MAPK9,mir_regulates_mrna,,0.10000000149011612,0.10000000149011612,0.10000000149011612,0.10000000149011612,0.10000000149011612
2,MIMAT0000093,MAPK9,mir_regulates_mrna,,0.10000000149011612,0.10000000149011612,0.10000000149011612,0.10000000149011612,0.10000000149011612
2,MIMAT0000232,MAPK9,mir_regulates_mrna,,0.10000000149011612,0.10000000149011612,0.10000000149011612,0.10000000149011612,0.10000000149011612
2,MIMAT0019692,MAPK9,mir_regulates_mrna,,0.10000000149011612,0.10000000149011612,0.10000000149011612,0.10000000149011612,0.10000000149011612
2,MIMAT0000075,MAPK9,mir_regulates_mrna,,0.10000000149011612,0.10000000149011612,0.10000000149011612,0.10000000149011612,0.10000000149011612
2,MIMAT0001413,MAPK9,mir_regulates_mrna,,0.10000000149011612,0.10000000149011612,0.10000000149011612,0.10000000149011612,0.10000000149011612
2,MIMAT0000231,TGFB2,mir_regulates_mrna,,0.0833333358168602,0.0833333358168602,0.0833333358168602,0.0833333358168602,0.0833333358168602
2,MIMAT0004587,TGFB2,mir_regulates_mrna,,0.0833333358168602,0.0833333358168602,0.0833333358168602,0.0833333358168602,0.0833333358168602
2,MIMAT0001339,TGFB2,mir_regulates_mrna,,0.0833333358168602,0.0833333358168602,0.0833333358168602,0.0833333358168602,0.0833333358168602
2,MIMAT0018926,TGFB2,mir_regulates_mrna,,0.0833333358168602,0.0833333358168602,0.0833333358168602,0.0833333358168602,0.0833333358168602
2,MIMAT0018082,TGFB2,mir_regulates_mrna,,0.0833333358168602,0.0833333358168602,0.0833333358168602,0.0833333358168602,0.0833333358168602
2,MIMAT0018927,TGFB2,mir_regulates_mrna,,0.0833333358168602,0.0833333358168602,0.0833333358168602,0.0833333358168602,0.0833333358168602
2,MIMAT0018932,TGFB2,mir_regulates_mrna,,0.0833333358168602,0.0833333358168602,0.0833333358168602,0.0833333358168602,0.0833333358168602
2,MIMAT0018984,TGFB2,mir_regulates_mrna,,0.0833333358168602,0.0833333358168602,0.0833333358168602,0.0833333358168602,0.0833333358168602
2,MIMAT0021041,TGFB2,mir_regulates_mrna,,0.0833333358168602,0.0833333358168602,0.0833333358168602,0.0833333358168602,0.0833333358168602
2,MIMAT0003288,TGFB2,mir_regulates_mrna,,0.0833333358168602,0.0833333358168602,0.0833333358168602,0.0833333358168602,0.0833333358168602
2,MIMAT0018119,TGFB2,mir_regulates_mrna,,0.0833333358168602,0.0833333358168602,0.0833333358168602,0.0833333358168602,0.0833333358168602
2,MIMAT0019233,TGFB2,mir_regulates_mrna,,0.0833333358168602,0.0833333358168602,0.0833333358168602,0.0833333358168602,0.0833333358168602
2,MIMAT0000080,RASGRP3,mir_regulates_mrna,,0.25,0.25,0.25,0.25,0.25
2,MIMAT0004784,RASGRP3,mir_regulates_mrna,,0.25,0.25,0.25,0.25,0.25
2,MIMAT0004927,RASGRP3,mir_regulates_mrna,,0.25,0.25,0.25,0.25,0.25
2,MIMAT0018956,RASGRP3,mir_regulates_mrna,,0.25,0.25,0.25,0.25,0.25
2,MIMAT0027103,PPP3CB,mir_regulates_mrna,,1.0,1.0,1.0,1.0,1.0
2,MIMAT0003385,ECSIT,mir_regulates_mrna,,0.5,0.5,0.5,0.5,0.5
2,MIMAT0004984,ECSIT,mir_regulates_mrna,,0.5,0.5,0.5,0.5,0.5
2,MIMAT0000256,BDNF,mir_regulates_mrna,,0.20000000298023224,0.20000000298023224,0.20000000298023224,0.20000000298023224,0.20000000298023224
2,MIMAT0000259,BDNF,mir_regulates_mrna,,0.20000000298023224,0.20000000298023224,0.20000000298023224,0.20000000298023224,0.20000000298023224
2,MIMAT0000422,BDNF,mir_regulates_mrna,,0.20000000298023224,0.20000000298023224,0.20000000298023224,0.20000000298023224,0.20000000298023224
2,MIMAT0000265,BDNF,mir_regulates_mrna,,0.20000000298023224,0.20000000298023224,0.20000000298023224,0.20000000298023224,0.20000000298023224
2,MIMAT0000095,BDNF,mir_regulates_mrna,,0.20000000298023224,0.20000000298023224,0.20000000298023224,0.20000000298023224,0.20000000298023224
2,MIMAT0005913,RELA,mir_regulates_mrna,,0.1666666716337204,0.1666666716337204,0.1666666716337204,0.1666666716337204,0.1666666716337204
2,MIMAT0015028,RELA,mir_regulates_mrna,,0.1666666716337204,0.1666666716337204,0.1666666716337204,0.1666666716337204,0.1666666716337204
2,MIMAT0016853,RELA,mir_regulates_mrna,,0.1666666716337204,0.1666666716337204,0.1666666716337204,0.1666666716337204,0.1666666716337204
2,MIMAT0022736,RELA,mir_regulates_mrna,,0.1666666716337204,0.1666666716337204,0.1666666716337204,0.1666666716337204,0.1666666716337204
2,MIMAT0018952,RELA,mir_regulates_mrna,,0.1666666716337204,0.1666666716337204,0.1666666716337204,0.1666666716337204,0.1666666716337204
2,MIMAT0023702,RELA,mir_regulates_mrna,,0.1666666716337204,0.1666666716337204,0.1666666716337204,0.1666666716337204,0.1666666716337204
2,MIMAT0000278,STMN1,mir_regulates_mrna,,0.0625,0.0625,0.0625,0.0625,0.0625
2,MIMAT0004767,STMN1,mir_regulates_mrna,,0.0625,0.0625,0.0625,0.0625,0.0625
2,MIMAT0018949,STMN1,mir_regulates_mrna,,0.0625,0.0625,0.0625,0.0625,0.0625
2,MIMAT0019921,STMN1,mir_regulates_mrna,,0.0625,0.0625,0.0625,0.0625,0.0625
2,MIMAT0025482,STMN1,mir_regulates_mrna,,0.0625,0.0625,0.0625,0.0625,0.0625
2,MIMAT0027357,STMN1,mir_regulates_mrna,,0.0625,0.0625,0.0625,0.0625,0.0625
2,MIMAT0027439,STMN1,mir_regulates_mrna,,0.0625,0.0625,0.0625,0.0625,0.0625
2,MIMAT0004513,STMN1,mir_regulates_mrna,,0.0625,0.0625,0.0625,0.0625,0.0625
2,MIMAT0003298,STMN1,mir_regulates_mrna,,0.0625,0.0625,0.0625,0.0625,0.0625
2,MIMAT0019820,STMN1,mir_regulates_mrna,,0.0625,0.0625,0.0625,0.0625,0.0625
2,MIMAT0019841,STMN1,mir_regulates_mrna,,0.0625,0.0625,0.0625,0.0625,0.0625
2,MIMAT0027415,STMN1,mir_regulates_mrna,,0.0625,0.0625,0.0625,0.0625,0.0625
2,MIMAT0000099,STMN1,mir_regulates_mrna,,0.0625,0.0625,0.0625,0.0625,0.0625
2,MIMAT0002174,STMN1,mir_regulates_mrna,,0.0625,0.0625,0.0625,0.0625,0.0625
2,MIMAT0019938,STMN1,mir_regulates_mrna,,0.0625,0.0625,0.0625,0.0625,0.0625
2,MIMAT0027635,STMN1,mir_regulates_mrna,,0.0625,0.0625,0.0625,0.0625,0.0625
2,MIMAT0002173,RASGRF1,mir_regulates_mrna,,1.0,1.0,1.0,1.0,1.0
2,MIMAT0000098,FLT1,mir_regulates_mrna,,0.3333333432674408,0.3333333432674408,0.3333333432674408,0.3333333432674408,0.3333333432674408
2,MIMAT0002827,FLT1,mir_regulates_mrna,,0.3333333432674408,0.3333333432674408,0.3333333432674408,0.3333333432674408,0.3333333432674408
2,MIMAT0002829,FLT1,mir_regulates_mrna,,0.3333333432674408,0.3333333432674408,0.3333333432674408,0.3333333432674408,0.3333333432674408
2,MIMAT0000430,NFKB1,mir_regulates_mrna,,1.0,1.0,1.0,1.0,1.0
2,MIMAT0026613,IL1RAP,mir_regulates_mrna,,0.5,0.5,0.5,0.5,0.5
2,MIMAT0005583,IL1RAP,mir_regulates_mrna,,0.5,0.5,0.5,0.5,0.5
2,MIMAT0000450,MYD88,mir_regulates_mrna,,1.0,1.0,1.0,1.0,1.0
2,MIMAT0000271,FGFR1,mir_regulates_mrna,,0.03846153989434242,0.03846153989434242,0.03846153989434242,0.03846153989434242,0.03846153989434242
2,MIMAT0000455,FGFR1,mir_regulates_mrna,,0.03846153989434242,0.03846153989434242,0.03846153989434242,0.03846153989434242,0.03846153989434242
2,MIMAT0000690,FGFR1,mir_regulates_mrna,,0.03846153989434242,0.03846153989434242,0.03846153989434242,0.03846153989434242,0.03846153989434242
2,MIMAT0004945,FGFR1,mir_regulates_mrna,,0.03846153989434242,0.03846153989434242,0.03846153989434242,0.03846153989434242,0.03846153989434242
2,MIMAT0022720,FGFR1,mir_regulates_mrna,,0.03846153989434242,0.03846153989434242,0.03846153989434242,0.03846153989434242,0.03846153989434242
2,MIMAT0032029,FGFR1,mir_regulates_mrna,,0.03846153989434242,0.03846153989434242,0.03846153989434242,0.03846153989434242,0.03846153989434242
2,MIMAT0005939,FGFR1,mir_regulates_mrna,,0.03846153989434242,0.03846153989434242,0.03846153989434242,0.03846153989434242,0.03846153989434242
2,MIMAT0019047,FGFR1,mir_regulates_mrna,,0.03846153989434242,0.03846153989434242,0.03846153989434242,0.03846153989434242,0.03846153989434242
2,MIMAT0019927,FGFR1,mir_regulates_mrna,,0.03846153989434242,0.03846153989434242,0.03846153989434242,0.03846153989434242,0.03846153989434242
2,MIMAT0024613,FGFR1,mir_regulates_mrna,,0.03846153989434242,0.03846153989434242,0.03846153989434242,0.03846153989434242,0.03846153989434242
2,MIMAT0024617,FGFR1,mir_regulates_mrna,,0.03846153989434242,0.03846153989434242,0.03846153989434242,0.03846153989434242,0.03846153989434242
2,MIMAT0024618,FGFR1,mir_regulates_mrna,,0.03846153989434242,0.03846153989434242,0.03846153989434242,0.03846153989434242,0.03846153989434242
2,MIMAT0025486,FGFR1,mir_regulates_mrna,,0.03846153989434242,0.03846153989434242,0.03846153989434242,0.03846153989434242,0.03846153989434242
2,MIMAT0027363,FGFR1,mir_regulates_mrna,,0.03846153989434242,0.03846153989434242,0.03846153989434242,0.03846153989434242,0.03846153989434242
2,MIMAT0027602,FGFR1,mir_regulates_mrna,,0.03846153989434242,0.03846153989434242,0.03846153989434242,0.03846153989434242,0.03846153989434242
2,MIMAT0027681,FGFR1,mir_regulates_mrna,,0.03846153989434242,0.03846153989434242,0.03846153989434242,0.03846153989434242,0.03846153989434242
2,MIMAT0031012,FGFR1,mir_regulates_mrna,,0.03846153989434242,0.03846153989434242,0.03846153989434242,0.03846153989434242,0.03846153989434242
2,MIMAT0018087,FGFR1,mir_regulates_mrna,,0.03846153989434242,0.03846153989434242,0.03846153989434242,0.03846153989434242,0.03846153989434242
2,MIMAT0024610,FGFR1,mir_regulates_mrna,,0.03846153989434242,0.03846153989434242,0.03846153989434242,0.03846153989434242,0.03846153989434242
2,MIMAT0027420,FGFR1,mir_regulates_mrna,,0.03846153989434242,0.03846153989434242,0.03846153989434242,0.03846153989434242,0.03846153989434242
2,MIMAT0019069,FGFR1,mir_regulates_mrna,,0.03846153989434242,0.03846153989434242,0.03846153989434242,0.03846153989434242,0.03846153989434242
2,MIMAT0003222,FGFR1,mir_regulates_mrna,,0.03846153989434242,0.03846153989434242,0.03846153989434242,0.03846153989434242,0.03846153989434242
2,MIMAT0017999,FGFR1,mir_regulates_mrna,,0.03846153989434242,0.03846153989434242,0.03846153989434242,0.03846153989434242,0.03846153989434242
2,MIMAT0030422,FGFR1,mir_regulates_mrna,,0.03846153989434242,0.03846153989434242,0.03846153989434242,0.03846153989434242,0.03846153989434242
2,MIMAT0019704,FGFR1,mir_regulates_mrna,,0.03846153989434242,0.03846153989434242,0.03846153989434242,0.03846153989434242,0.03846153989434242
2,MIMAT0027384,FGFR1,mir_regulates_mrna,,0.03846153989434242,0.03846153989434242,0.03846153989434242,0.03846153989434242,0.03846153989434242
2,MIMAT0004952,EGF,mir_regulates_mrna,,0.1111111119389534,0.1111111119389534,0.1111111119389534,0.1111111119389534,0.1111111119389534
2,MIMAT0005892,EGF,mir_regulates_mrna,,0.1111111119389534,0.1111111119389534,0.1111111119389534,0.1111111119389534,0.1111111119389534
2,MIMAT0006767,EGF,mir_regulates_mrna,,0.1111111119389534,0.1111111119389534,0.1111111119389534,0.1111111119389534,0.1111111119389534
2,MIMAT0018949,EGF,mir_regulates_mrna,,0.1111111119389534,0.1111111119389534,0.1111111119389534,0.1111111119389534,0.1111111119389534
2,MIMAT0019836,EGF,mir_regulates_mrna,,0.1111111119389534,0.1111111119389534,0.1111111119389534,0.1111111119389534,0.1111111119389534
2,MIMAT0027430,EGF,mir_regulates_mrna,,0.1111111119389534,0.1111111119389534,0.1111111119389534,0.1111111119389534,0.1111111119389534
2,MIMAT0027516,EGF,mir_regulates_mrna,,0.1111111119389534,0.1111111119389534,0.1111111119389534,0.1111111119389534,0.1111111119389534
2,MIMAT0027668,EGF,mir_regulates_mrna,,0.1111111119389534,0.1111111119389534,0.1111111119389534,0.1111111119389534,0.1111111119389534
2,MIMAT0027583,EGF,mir_regulates_mrna,,0.1111111119389534,0.1111111119389534,0.1111111119389534,0.1111111119389534,0.1111111119389534
2,MIMAT0000226,IKBKB,mir_regulates_mrna,,0.3333333432674408,0.3333333432674408,0.3333333432674408,0.3333333432674408,0.3333333432674408
2,MIMAT0000617,IKBKB,mir_regulates_mrna,,0.3333333432674408,0.3333333432674408,0.3333333432674408,0.3333333432674408,0.3333333432674408
2,MIMAT0002874,IKBKB,mir_regulates_mrna,,0.3333333432674408,0.3333333432674408,0.3333333432674408,0.3333333432674408,0.3333333432674408
2,MIMAT0000095,DDIT3,mir_regulates_mrna,,1.0,1.0,1.0,1.0,1.0
2,MIMAT0015087,PLA2G4E,mir_regulates_mrna,,0.5,0.5,0.5,0.5,0.5
2,MIMAT0000772,PLA2G4E,mir_regulates_mrna,,0.5,0.5,0.5,0.5,0.5
2,MIMAT0000279,AKT3,mir_regulates_mrna,,0.05882352963089943,0.05882352963089943,0.05882352963089943,0.05882352963089943,0.05882352963089943
2,MIMAT0002874,AKT3,mir_regulates_mrna,,0.05882352963089943,0.05882352963089943,0.05882352963089943,0.05882352963089943,0.05882352963089943
2,MIMAT0004450,AKT3,mir_regulates_mrna,,0.05882352963089943,0.05882352963089943,0.05882352963089943,0.05882352963089943,0.05882352963089943
2,MIMAT0021129,AKT3,mir_regulates_mrna,,0.05882352963089943,0.05882352963089943,0.05882352963089943,0.05882352963089943,0.05882352963089943
2,MIMAT0027416,AKT3,mir_regulates_mrna,,0.05882352963089943,0.05882352963089943,0.05882352963089943,0.05882352963089943,0.05882352963089943
2,MIMAT0027578,AKT3,mir_regulates_mrna,,0.05882352963089943,0.05882352963089943,0.05882352963089943,0.05882352963089943,0.05882352963089943
2,MIMAT0030429,AKT3,mir_regulates_mrna,,0.05882352963089943,0.05882352963089943,0.05882352963089943,0.05882352963089943,0.05882352963089943
2,MIMAT0000422,AKT3,mir_regulates_mrna,,0.05882352963089943,0.05882352963089943,0.05882352963089943,0.05882352963089943,0.05882352963089943
2,MIMAT0002853,AKT3,mir_regulates_mrna,,0.05882352963089943,0.05882352963089943,0.05882352963089943,0.05882352963089943,0.05882352963089943
2,MIMAT0002867,AKT3,mir_regulates_mrna,,0.05882352963089943,0.05882352963089943,0.05882352963089943,0.05882352963089943,0.05882352963089943
2,MIMAT0026615,AKT3,mir_regulates_mrna,,0.05882352963089943,0.05882352963089943,0.05882352963089943,0.05882352963089943,0.05882352963089943
2,MIMAT0019062,AKT3,mir_regulates_mrna,,0.05882352963089943,0.05882352963089943,0.05882352963089943,0.05882352963089943,0.05882352963089943
2,MIMAT0019965,AKT3,mir_regulates_mrna,,0.05882352963089943,0.05882352963089943,0.05882352963089943,0.05882352963089943,0.05882352963089943
2,MIMAT0027612,AKT3,mir_regulates_mrna,,0.05882352963089943,0.05882352963089943,0.05882352963089943,0.05882352963089943,0.05882352963089943
2,MIMAT0000278,AKT3,mir_regulates_mrna,,0.05882352963089943,0.05882352963089943,0.05882352963089943,0.05882352963089943,0.05882352963089943
2,MIMAT0000417,AKT3,mir_regulates_mrna,,0.05882352963089943,0.05882352963089943,0.05882352963089943,0.05882352963089943,0.05882352963089943
2,MIMAT0002858,AKT3,mir_regulates_mrna,,0.05882352963089943,0.05882352963089943,0.05882352963089943,0.05882352963089943,0.05882352963089943
2,MIMAT0019363,MAP3K13,mir_regulates_mrna,,0.25,0.25,0.25,0.25,0.25
2,MIMAT0026480,MAP3K13,mir_regulates_mrna,,0.25,0.25,0.25,0.25,0.25
2,MIMAT0027421,MAP3K13,mir_regulates_mrna,,0.25,0.25,0.25,0.25,0.25
2,MIMAT0030425,MAP3K13,mir_regulates_mrna,,0.25,0.25,0.25,0.25,0.25
2,MIMAT0011777,PRKACB,mir_regulates_mrna,,0.1111111119389534,0.1111111119389534,0.1111111119389534,0.1111111119389534,0.1111111119389534
2,MIMAT0018081,PRKACB,mir_regulates_mrna,,0.1111111119389534,0.1111111119389534,0.1111111119389534,0.1111111119389534,0.1111111119389534
2,MIMAT0018122,PRKACB,mir_regulates_mrna,,0.1111111119389534,0.1111111119389534,0.1111111119389534,0.1111111119389534,0.1111111119389534
2,MIMAT0019065,PRKACB,mir_regulates_mrna,,0.1111111119389534,0.1111111119389534,0.1111111119389534,0.1111111119389534,0.1111111119389534
2,MIMAT0019841,PRKACB,mir_regulates_mrna,,0.1111111119389534,0.1111111119389534,0.1111111119389534,0.1111111119389534,0.1111111119389534
2,MIMAT0000070,PRKACB,mir_regulates_mrna,,0.1111111119389534,0.1111111119389534,0.1111111119389534,0.1111111119389534,0.1111111119389534
2,MIMAT0000103,PRKACB,mir_regulates_mrna,,0.1111111119389534,0.1111111119389534,0.1111111119389534,0.1111111119389534,0.1111111119389534
2,MIMAT0000726,PRKACB,mir_regulates_mrna,,0.1111111119389534,0.1111111119389534,0.1111111119389534,0.1111111119389534,0.1111111119389534
2,MIMAT0022471,PRKACB,mir_regulates_mrna,,0.1111111119389534,0.1111111119389534,0.1111111119389534,0.1111111119389534,0.1111111119389534
2,MIMAT0000086,AKT2,mir_regulates_mrna,,0.0555555559694767,0.0555555559694767,0.0555555559694767,0.0555555559694767,0.0555555559694767
2,MIMAT0000100,AKT2,mir_regulates_mrna,,0.0555555559694767,0.0555555559694767,0.0555555559694767,0.0555555559694767,0.0555555559694767
2,MIMAT0000414,AKT2,mir_regulates_mrna,,0.0555555559694767,0.0555555559694767,0.0555555559694767,0.0555555559694767,0.0555555559694767
2,MIMAT0000422,AKT2,mir_regulates_mrna,,0.0555555559694767,0.0555555559694767,0.0555555559694767,0.0555555559694767,0.0555555559694767
2,MIMAT0000681,AKT2,mir_regulates_mrna,,0.0555555559694767,0.0555555559694767,0.0555555559694767,0.0555555559694767,0.0555555559694767
2,MIMAT0001340,AKT2,mir_regulates_mrna,,0.0555555559694767,0.0555555559694767,0.0555555559694767,0.0555555559694767,0.0555555559694767
2,MIMAT0004792,AKT2,mir_regulates_mrna,,0.0555555559694767,0.0555555559694767,0.0555555559694767,0.0555555559694767,0.0555555559694767
2,MIMAT0010214,AKT2,mir_regulates_mrna,,0.0555555559694767,0.0555555559694767,0.0555555559694767,0.0555555559694767,0.0555555559694767
2,MIMAT0004945,AKT2,mir_regulates_mrna,,0.0555555559694767,0.0555555559694767,0.0555555559694767,0.0555555559694767,0.0555555559694767
2,MIMAT0004697,AKT2,mir_regulates_mrna,,0.0555555559694767,0.0555555559694767,0.0555555559694767,0.0555555559694767,0.0555555559694767
2,MIMAT0005794,AKT2,mir_regulates_mrna,,0.0555555559694767,0.0555555559694767,0.0555555559694767,0.0555555559694767,0.0555555559694767
2,MIMAT0013802,AKT2,mir_regulates_mrna,,0.0555555559694767,0.0555555559694767,0.0555555559694767,0.0555555559694767,0.0555555559694767
2,MIMAT0000450,AKT2,mir_regulates_mrna,,0.0555555559694767,0.0555555559694767,0.0555555559694767,0.0555555559694767,0.0555555559694767
2,MIMAT0003280,AKT2,mir_regulates_mrna,,0.0555555559694767,0.0555555559694767,0.0555555559694767,0.0555555559694767,0.0555555559694767
2,MIMAT0000063,AKT2,mir_regulates_mrna,,0.0555555559694767,0.0555555559694767,0.0555555559694767,0.0555555559694767,0.0555555559694767
2,MIMAT0000454,AKT2,mir_regulates_mrna,,0.0555555559694767,0.0555555559694767,0.0555555559694767,0.0555555559694767,0.0555555559694767
2,MIMAT0019890,AKT2,mir_regulates_mrna,,0.0555555559694767,0.0555555559694767,0.0555555559694767,0.0555555559694767,0.0555555559694767
2,MIMAT0027437,AKT2,mir_regulates_mrna,,0.0555555559694767,0.0555555559694767,0.0555555559694767,0.0555555559694767,0.0555555559694767
2,MIMAT0004680,VEGFB,mir_regulates_mrna,,0.3333333432674408,0.3333333432674408,0.3333333432674408,0.3333333432674408,0.3333333432674408
2,MIMAT0027370,VEGFB,mir_regulates_mrna,,0.3333333432674408,0.3333333432674408,0.3333333432674408,0.3333333432674408,0.3333333432674408
2,MIMAT0027686,VEGFB,mir_regulates_mrna,,0.3333333432674408,0.3333333432674408,0.3333333432674408,0.3333333432674408,0.3333333432674408
2,MIMAT0005878,LAMTOR3,mir_regulates_mrna,,0.1666666716337204,0.1666666716337204,0.1666666716337204,0.1666666716337204,0.1666666716337204
2,MIMAT0018201,LAMTOR3,mir_regulates_mrna,,0.1666666716337204,0.1666666716337204,0.1666666716337204,0.1666666716337204,0.1666666716337204
2,MIMAT0018985,LAMTOR3,mir_regulates_mrna,,0.1666666716337204,0.1666666716337204,0.1666666716337204,0.1666666716337204,0.1666666716337204
2,MIMAT0022492,LAMTOR3,mir_regulates_mrna,,0.1666666716337204,0.1666666716337204,0.1666666716337204,0.1666666716337204,0.1666666716337204
2,MIMAT0027599,LAMTOR3,mir_regulates_mrna,,0.1666666716337204,0.1666666716337204,0.1666666716337204,0.1666666716337204,0.1666666716337204
2,MIMAT0001629,LAMTOR3,mir_regulates_mrna,,0.1666666716337204,0.1666666716337204,0.1666666716337204,0.1666666716337204,0.1666666716337204
2,MIMAT0000422,MAPKAPK3,mir_regulates_mrna,,1.0,1.0,1.0,1.0,1.0
2,MIMAT0023711,PPP3CC,mir_regulates_mrna,,1.0,1.0,1.0,1.0,1.0
2,MIMAT0000722,MAP3K8,mir_regulates_mrna,,1.0,1.0,1.0,1.0,1.0
2,MIMAT0000760,TAOK2,mir_regulates_mrna,,1.0,1.0,1.0,1.0,1.0
2,MIMAT0000076,ATF2,mir_regulates_mrna,,1.0,1.0,1.0,1.0,1.0
2,MIMAT0000432,STK3,mir_regulates_mrna,,1.0,1.0,1.0,1.0,1.0
2,MIMAT0004602,ARRB2,mir_regulates_mrna,,0.07692307978868484,0.07692307978868484,0.07692307978868484,0.07692307978868484,0.07692307978868484
2,MIMAT0000451,ARRB2,mir_regulates_mrna,,0.07692307978868484,0.07692307978868484,0.07692307978868484,0.07692307978868484,0.07692307978868484
2,MIMAT0004748,ARRB2,mir_regulates_mrna,,0.07692307978868484,0.07692307978868484,0.07692307978868484,0.07692307978868484,0.07692307978868484
2,MIMAT0002807,ARRB2,mir_regulates_mrna,,0.07692307978868484,0.07692307978868484,0.07692307978868484,0.07692307978868484,0.07692307978868484
2,MIMAT0016852,ARRB2,mir_regulates_mrna,,0.07692307978868484,0.07692307978868484,0.07692307978868484,0.07692307978868484,0.07692307978868484
2,MIMAT0018971,ARRB2,mir_regulates_mrna,,0.07692307978868484,0.07692307978868484,0.07692307978868484,0.07692307978868484,0.07692307978868484
2,MIMAT0021125,ARRB2,mir_regulates_mrna,,0.07692307978868484,0.07692307978868484,0.07692307978868484,0.07692307978868484,0.07692307978868484
2,MIMAT0021128,ARRB2,mir_regulates_mrna,,0.07692307978868484,0.07692307978868484,0.07692307978868484,0.07692307978868484,0.07692307978868484
2,MIMAT0027614,ARRB2,mir_regulates_mrna,,0.07692307978868484,0.07692307978868484,0.07692307978868484,0.07692307978868484,0.07692307978868484
2,MIMAT0029310,ARRB2,mir_regulates_mrna,,0.07692307978868484,0.07692307978868484,0.07692307978868484,0.07692307978868484,0.07692307978868484
2,MIMAT0035542,ARRB2,mir_regulates_mrna,,0.07692307978868484,0.07692307978868484,0.07692307978868484,0.07692307978868484,0.07692307978868484
2,MIMAT0004671,ARRB2,mir_regulates_mrna,,0.07692307978868484,0.07692307978868484,0.07692307978868484,0.07692307978868484,0.07692307978868484
2,MIMAT0027369,ARRB2,mir_regulates_mrna,,0.07692307978868484,0.07692307978868484,0.07692307978868484,0.07692307978868484,0.07692307978868484
2,MIMAT0000077,MAX,mir_regulates_mrna,,0.0625,0.0625,0.0625,0.0625,0.0625
2,MIMAT0003276,MAX,mir_regulates_mrna,,0.0625,0.0625,0.0625,0.0625,0.0625
2,MIMAT0005792,MAX,mir_regulates_mrna,,0.0625,0.0625,0.0625,0.0625,0.0625
2,MIMAT0022713,MAX,mir_regulates_mrna,,0.0625,0.0625,0.0625,0.0625,0.0625
2,MIMAT0022838,MAX,mir_regulates_mrna,,0.0625,0.0625,0.0625,0.0625,0.0625
2,MIMAT0006764,MAX,mir_regulates_mrna,,0.0625,0.0625,0.0625,0.0625,0.0625
2,MIMAT0015045,MAX,mir_regulates_mrna,,0.0625,0.0625,0.0625,0.0625,0.0625
2,MIMAT0016880,MAX,mir_regulates_mrna,,0.0625,0.0625,0.0625,0.0625,0.0625
2,MIMAT0018943,MAX,mir_regulates_mrna,,0.0625,0.0625,0.0625,0.0625,0.0625
2,MIMAT0021085,MAX,mir_regulates_mrna,,0.0625,0.0625,0.0625,0.0625,0.0625
2,MIMAT0022260,MAX,mir_regulates_mrna,,0.0625,0.0625,0.0625,0.0625,0.0625
2,MIMAT0027394,MAX,mir_regulates_mrna,,0.0625,0.0625,0.0625,0.0625,0.0625
2,MIMAT0027538,MAX,mir_regulates_mrna,,0.0625,0.0625,0.0625,0.0625,0.0625
2,MIMAT0005793,MAX,mir_regulates_mrna,,0.0625,0.0625,0.0625,0.0625,0.0625
2,MIMAT0019072,MAX,mir_regulates_mrna,,0.0625,0.0625,0.0625,0.0625,0.0625
2,MIMAT0027610,MAX,mir_regulates_mrna,,0.0625,0.0625,0.0625,0.0625,0.0625
2,MIMAT0000264,MAPK8,mir_regulates_mrna,,0.0833333358168602,0.0833333358168602,0.0833333358168602,0.0833333358168602,0.0833333358168602
2,MIMAT0000271,MAPK8,mir_regulates_mrna,,0.0833333358168602,0.0833333358168602,0.0833333358168602,0.0833333358168602,0.0833333358168602
2,MIMAT0000443,MAPK8,mir_regulates_mrna,,0.0833333358168602,0.0833333358168602,0.0833333358168602,0.0833333358168602,0.0833333358168602
2,MIMAT0004918,MAPK8,mir_regulates_mrna,,0.0833333358168602,0.0833333358168602,0.0833333358168602,0.0833333358168602,0.0833333358168602
2,MIMAT0004949,MAPK8,mir_regulates_mrna,,0.0833333358168602,0.0833333358168602,0.0833333358168602,0.0833333358168602,0.0833333358168602
2,MIMAT0018107,MAPK8,mir_regulates_mrna,,0.0833333358168602,0.0833333358168602,0.0833333358168602,0.0833333358168602,0.0833333358168602
2,MIMAT0030987,MAPK8,mir_regulates_mrna,,0.0833333358168602,0.0833333358168602,0.0833333358168602,0.0833333358168602,0.0833333358168602
2,MIMAT0002819,MAPK8,mir_regulates_mrna,,0.0833333358168602,0.0833333358168602,0.0833333358168602,0.0833333358168602,0.0833333358168602
2,MIMAT0004768,MAPK8,mir_regulates_mrna,,0.0833333358168602,0.0833333358168602,0.0833333358168602,0.0833333358168602,0.0833333358168602
2,MIMAT0004909,MAPK8,mir_regulates_mrna,,0.0833333358168602,0.0833333358168602,0.0833333358168602,0.0833333358168602,0.0833333358168602
2,MIMAT0022255,MAPK8,mir_regulates_mrna,,0.0833333358168602,0.0833333358168602,0.0833333358168602,0.0833333358168602,0.0833333358168602
2,MIMAT0003284,MAPK8,mir_regulates_mrna,,0.0833333358168602,0.0833333358168602,0.0833333358168602,0.0833333358168602,0.0833333358168602
2,MIMAT0000063,NFATC1,mir_regulates_mrna,,0.20000000298023224,0.20000000298023224,0.20000000298023224,0.20000000298023224,0.20000000298023224
2,MIMAT0000422,NFATC1,mir_regulates_mrna,,0.20000000298023224,0.20000000298023224,0.20000000298023224,0.20000000298023224,0.20000000298023224
2,MIMAT0021034,NFATC1,mir_regulates_mrna,,0.20000000298023224,0.20000000298023224,0.20000000298023224,0.20000000298023224,0.20000000298023224
2,MIMAT0019200,NFATC1,mir_regulates_mrna,,0.20000000298023224,0.20000000298023224,0.20000000298023224,0.20000000298023224,0.20000000298023224
2,MIMAT0003292,NFATC1,mir_regulates_mrna,,0.20000000298023224,0.20000000298023224,0.20000000298023224,0.20000000298023224,0.20000000298023224
2,MIMAT0000417,MAP2K4,mir_regulates_mrna,,0.0833333358168602,0.0833333358168602,0.0833333358168602,0.0833333358168602,0.0833333358168602
2,MIMAT0022838,MAP2K4,mir_regulates_mrna,,0.0833333358168602,0.0833333358168602,0.0833333358168602,0.0833333358168602,0.0833333358168602
2,MIMAT0015065,MAP2K4,mir_regulates_mrna,,0.0833333358168602,0.0833333358168602,0.0833333358168602,0.0833333358168602,0.0833333358168602
2,MIMAT0017992,MAP2K4,mir_regulates_mrna,,0.0833333358168602,0.0833333358168602,0.0833333358168602,0.0833333358168602,0.0833333358168602
2,MIMAT0018949,MAP2K4,mir_regulates_mrna,,0.0833333358168602,0.0833333358168602,0.0833333358168602,0.0833333358168602,0.0833333358168602
2,MIMAT0019073,MAP2K4,mir_regulates_mrna,,0.0833333358168602,0.0833333358168602,0.0833333358168602,0.0833333358168602,0.0833333358168602
2,MIMAT0027485,MAP2K4,mir_regulates_mrna,,0.0833333358168602,0.0833333358168602,0.0833333358168602,0.0833333358168602,0.0833333358168602
2,MIMAT0027537,MAP2K4,mir_regulates_mrna,,0.0833333358168602,0.0833333358168602,0.0833333358168602,0.0833333358168602,0.0833333358168602
2,MIMAT0030018,MAP2K4,mir_regulates_mrna,,0.0833333358168602,0.0833333358168602,0.0833333358168602,0.0833333358168602,0.0833333358168602
2,MIMAT0030430,MAP2K4,mir_regulates_mrna,,0.0833333358168602,0.0833333358168602,0.0833333358168602,0.0833333358168602,0.0833333358168602
2,MIMAT0022713,MAP2K4,mir_regulates_mrna,,0.0833333358168602,0.0833333358168602,0.0833333358168602,0.0833333358168602,0.0833333358168602
2,MIMAT0027399,MAP2K4,mir_regulates_mrna,,0.0833333358168602,0.0833333358168602,0.0833333358168602,0.0833333358168602,0.0833333358168602
2,MIMAT0015083,GNA12,mir_regulates_mrna,,0.10000000149011612,0.10000000149011612,0.10000000149011612,0.10000000149011612,0.10000000149011612
2,MIMAT0016859,GNA12,mir_regulates_mrna,,0.10000000149011612,0.10000000149011612,0.10000000149011612,0.10000000149011612,0.10000000149011612
2,MIMAT0016900,GNA12,mir_regulates_mrna,,0.10000000149011612,0.10000000149011612,0.10000000149011612,0.10000000149011612,0.10000000149011612
2,MIMAT0000252,GNA12,mir_regulates_mrna,,0.10000000149011612,0.10000000149011612,0.10000000149011612,0.10000000149011612,0.10000000149011612
2,MIMAT0000422,GNA12,mir_regulates_mrna,,0.10000000149011612,0.10000000149011612,0.10000000149011612,0.10000000149011612,0.10000000149011612
2,MIMAT0000450,GNA12,mir_regulates_mrna,,0.10000000149011612,0.10000000149011612,0.10000000149011612,0.10000000149011612,0.10000000149011612
2,MIMAT0005920,GNA12,mir_regulates_mrna,,0.10000000149011612,0.10000000149011612,0.10000000149011612,0.10000000149011612,0.10000000149011612
2,MIMAT0035542,GNA12,mir_regulates_mrna,,0.10000000149011612,0.10000000149011612,0.10000000149011612,0.10000000149011612,0.10000000149011612
2,MIMAT0022694,GNA12,mir_regulates_mrna,,0.10000000149011612,0.10000000149011612,0.10000000149011612,0.10000000149011612,0.10000000149011612
2,MIMAT0019719,GNA12,mir_regulates_mrna,,0.10000000149011612,0.10000000149011612,0.10000000149011612,0.10000000149011612,0.10000000149011612
2,MIMAT0000070,MAP3K9,mir_regulates_mrna,,0.02083333395421505,0.02083333395421505,0.02083333395421505,0.02083333395421505,0.02083333395421505
2,MIMAT0009197,MAP3K9,mir_regulates_mrna,,0.02083333395421505,0.02083333395421505,0.02083333395421505,0.02083333395421505,0.02083333395421505
2,MIMAT0004603,MAP3K9,mir_regulates_mrna,,0.02083333395421505,0.02083333395421505,0.02083333395421505,0.02083333395421505,0.02083333395421505
2,MIMAT0000691,MAP3K9,mir_regulates_mrna,,0.02083333395421505,0.02083333395421505,0.02083333395421505,0.02083333395421505,0.02083333395421505
2,MIMAT0001340,MAP3K9,mir_regulates_mrna,,0.02083333395421505,0.02083333395421505,0.02083333395421505,0.02083333395421505,0.02083333395421505
2,MIMAT0002826,MAP3K9,mir_regulates_mrna,,0.02083333395421505,0.02083333395421505,0.02083333395421505,0.02083333395421505,0.02083333395421505
2,MIMAT0003310,MAP3K9,mir_regulates_mrna,,0.02083333395421505,0.02083333395421505,0.02083333395421505,0.02083333395421505,0.02083333395421505
2,MIMAT0005592,MAP3K9,mir_regulates_mrna,,0.02083333395421505,0.02083333395421505,0.02083333395421505,0.02083333395421505,0.02083333395421505
2,MIMAT0005878,MAP3K9,mir_regulates_mrna,,0.02083333395421505,0.02083333395421505,0.02083333395421505,0.02083333395421505,0.02083333395421505
2,MIMAT0018193,MAP3K9,mir_regulates_mrna,,0.02083333395421505,0.02083333395421505,0.02083333395421505,0.02083333395421505,0.02083333395421505
2,MIMAT0018200,MAP3K9,mir_regulates_mrna,,0.02083333395421505,0.02083333395421505,0.02083333395421505,0.02083333395421505,0.02083333395421505
2,MIMAT0018349,MAP3K9,mir_regulates_mrna,,0.02083333395421505,0.02083333395421505,0.02083333395421505,0.02083333395421505,0.02083333395421505
2,MIMAT0019025,MAP3K9,mir_regulates_mrna,,0.02083333395421505,0.02083333395421505,0.02083333395421505,0.02083333395421505,0.02083333395421505
2,MIMAT0019784,MAP3K9,mir_regulates_mrna,,0.02083333395421505,0.02083333395421505,0.02083333395421505,0.02083333395421505,0.02083333395421505
2,MIMAT0021080,MAP3K9,mir_regulates_mrna,,0.02083333395421505,0.02083333395421505,0.02083333395421505,0.02083333395421505,0.02083333395421505
2,MIMAT0027369,MAP3K9,mir_regulates_mrna,,0.02083333395421505,0.02083333395421505,0.02083333395421505,0.02083333395421505,0.02083333395421505
2,MIMAT0027377,MAP3K9,mir_regulates_mrna,,0.02083333395421505,0.02083333395421505,0.02083333395421505,0.02083333395421505,0.02083333395421505
2,MIMAT0027392,MAP3K9,mir_regulates_mrna,,0.02083333395421505,0.02083333395421505,0.02083333395421505,0.02083333395421505,0.02083333395421505
2,MIMAT0027409,MAP3K9,mir_regulates_mrna,,0.02083333395421505,0.02083333395421505,0.02083333395421505,0.02083333395421505,0.02083333395421505
2,MIMAT0027417,MAP3K9,mir_regulates_mrna,,0.02083333395421505,0.02083333395421505,0.02083333395421505,0.02083333395421505,0.02083333395421505
2,MIMAT0027442,MAP3K9,mir_regulates_mrna,,0.02083333395421505,0.02083333395421505,0.02083333395421505,0.02083333395421505,0.02083333395421505
2,MIMAT0027602,MAP3K9,mir_regulates_mrna,,0.02083333395421505,0.02083333395421505,0.02083333395421505,0.02083333395421505,0.02083333395421505
2,MIMAT0027637,MAP3K9,mir_regulates_mrna,,0.02083333395421505,0.02083333395421505,0.02083333395421505,0.02083333395421505,0.02083333395421505
2,MIMAT0027685,MAP3K9,mir_regulates_mrna,,0.02083333395421505,0.02083333395421505,0.02083333395421505,0.02083333395421505,0.02083333395421505
2,MIMAT0033692,MAP3K9,mir_regulates_mrna,,0.02083333395421505,0.02083333395421505,0.02083333395421505,0.02083333395421505,0.02083333395421505
2,MIMAT0004488,MAP3K9,mir_regulates_mrna,,0.02083333395421505,0.02083333395421505,0.02083333395421505,0.02083333395421505,0.02083333395421505
2,MIMAT0000080,MAP3K9,mir_regulates_mrna,,0.02083333395421505,0.02083333395421505,0.02083333395421505,0.02083333395421505,0.02083333395421505
2,MIMAT0000231,MAP3K9,mir_regulates_mrna,,0.02083333395421505,0.02083333395421505,0.02083333395421505,0.02083333395421505,0.02083333395421505
2,MIMAT0000425,MAP3K9,mir_regulates_mrna,,0.02083333395421505,0.02083333395421505,0.02083333395421505,0.02083333395421505,0.02083333395421505
2,MIMAT0004748,MAP3K9,mir_regulates_mrna,,0.02083333395421505,0.02083333395421505,0.02083333395421505,0.02083333395421505,0.02083333395421505
2,MIMAT0010313,MAP3K9,mir_regulates_mrna,,0.02083333395421505,0.02083333395421505,0.02083333395421505,0.02083333395421505,0.02083333395421505
2,MIMAT0019008,MAP3K9,mir_regulates_mrna,,0.02083333395421505,0.02083333395421505,0.02083333395421505,0.02083333395421505,0.02083333395421505
2,MIMAT0021021,MAP3K9,mir_regulates_mrna,,0.02083333395421505,0.02083333395421505,0.02083333395421505,0.02083333395421505,0.02083333395421505
2,MIMAT0027365,MAP3K9,mir_regulates_mrna,,0.02083333395421505,0.02083333395421505,0.02083333395421505,0.02083333395421505,0.02083333395421505
2,MIMAT0027378,MAP3K9,mir_regulates_mrna,,0.02083333395421505,0.02083333395421505,0.02083333395421505,0.02083333395421505,0.02083333395421505
2,MIMAT0027466,MAP3K9,mir_regulates_mrna,,0.02083333395421505,0.02083333395421505,0.02083333395421505,0.02083333395421505,0.02083333395421505
2,MIMAT0027483,MAP3K9,mir_regulates_mrna,,0.02083333395421505,0.02083333395421505,0.02083333395421505,0.02083333395421505,0.02083333395421505
2,MIMAT0027621,MAP3K9,mir_regulates_mrna,,0.02083333395421505,0.02083333395421505,0.02083333395421505,0.02083333395421505,0.02083333395421505
2,MIMAT0006765,MAP3K9,mir_regulates_mrna,,0.02083333395421505,0.02083333395421505,0.02083333395421505,0.02083333395421505,0.02083333395421505
2,MIMAT0026623,MAP3K9,mir_regulates_mrna,,0.02083333395421505,0.02083333395421505,0.02083333395421505,0.02083333395421505,0.02083333395421505
2,MIMAT0015032,MAP3K9,mir_regulates_mrna,,0.02083333395421505,0.02083333395421505,0.02083333395421505,0.02083333395421505,0.02083333395421505
2,MIMAT0018072,MAP3K9,mir_regulates_mrna,,0.02083333395421505,0.02083333395421505,0.02083333395421505,0.02083333395421505,0.02083333395421505
2,MIMAT0019027,MAP3K9,mir_regulates_mrna,,0.02083333395421505,0.02083333395421505,0.02083333395421505,0.02083333395421505,0.02083333395421505
2,MIMAT0019854,MAP3K9,mir_regulates_mrna,,0.02083333395421505,0.02083333395421505,0.02083333395421505,0.02083333395421505,0.02083333395421505
2,MIMAT0000074,MAP3K9,mir_regulates_mrna,,0.02083333395421505,0.02083333395421505,0.02083333395421505,0.02083333395421505,0.02083333395421505
2,MIMAT0000243,MAP3K9,mir_regulates_mrna,,0.02083333395421505,0.02083333395421505,0.02083333395421505,0.02083333395421505,0.02083333395421505
2,MIMAT0002828,MAP3K9,mir_regulates_mrna,,0.02083333395421505,0.02083333395421505,0.02083333395421505,0.02083333395421505,0.02083333395421505
2,MIMAT0021086,MAP3K9,mir_regulates_mrna,,0.02083333395421505,0.02083333395421505,0.02083333395421505,0.02083333395421505,0.02083333395421505
2,MIMAT0002838,CDC25B,mir_regulates_mrna,,0.125,0.125,0.125,0.125,0.125
2,MIMAT0004945,CDC25B,mir_regulates_mrna,,0.125,0.125,0.125,0.125,0.125
2,MIMAT0027508,CDC25B,mir_regulates_mrna,,0.125,0.125,0.125,0.125,0.125
2,MIMAT0018444,CDC25B,mir_regulates_mrna,,0.125,0.125,0.125,0.125,0.125
2,MIMAT0027357,CDC25B,mir_regulates_mrna,,0.125,0.125,0.125,0.125,0.125
2,MIMAT0015378,CDC25B,mir_regulates_mrna,,0.125,0.125,0.125,0.125,0.125
2,MIMAT0019809,CDC25B,mir_regulates_mrna,,0.125,0.125,0.125,0.125,0.125
2,MIMAT0025857,CDC25B,mir_regulates_mrna,,0.125,0.125,0.125,0.125,0.125
2,MIMAT0000077,CSF1R,mir_regulates_mrna,,1.0,1.0,1.0,1.0,1.0
2,MIMAT0015022,FGF5,mir_regulates_mrna,,0.1666666716337204,0.1666666716337204,0.1666666716337204,0.1666666716337204,0.1666666716337204
2,MIMAT0028223,FGF5,mir_regulates_mrna,,0.1666666716337204,0.1666666716337204,0.1666666716337204,0.1666666716337204,0.1666666716337204
2,MIMAT0004450,FGF5,mir_regulates_mrna,,0.1666666716337204,0.1666666716337204,0.1666666716337204,0.1666666716337204,0.1666666716337204
2,MIMAT0018083,FGF5,mir_regulates_mrna,,0.1666666716337204,0.1666666716337204,0.1666666716337204,0.1666666716337204,0.1666666716337204
2,MIMAT0019048,FGF5,mir_regulates_mrna,,0.1666666716337204,0.1666666716337204,0.1666666716337204,0.1666666716337204,0.1666666716337204
2,MIMAT0025844,FGF5,mir_regulates_mrna,,0.1666666716337204,0.1666666716337204,0.1666666716337204,0.1666666716337204,0.1666666716337204
2,MIMAT0000243,MAP3K4,mir_regulates_mrna,,0.5,0.5,0.5,0.5,0.5
2,MIMAT0014992,MAP3K4,mir_regulates_mrna,,0.5,0.5,0.5,0.5,0.5
2,MIMAT0010364,FGFR4,mir_regulates_mrna,,0.5,0.5,0.5,0.5,0.5
2,MIMAT0007883,FGFR4,mir_regulates_mrna,,0.5,0.5,0.5,0.5,0.5
2,MIMAT0002822,SRF,mir_regulates_mrna,,0.0416666679084301,0.0416666679084301,0.0416666679084301,0.0416666679084301,0.0416666679084301
2,MIMAT0004983,SRF,mir_regulates_mrna,,0.0416666679084301,0.0416666679084301,0.0416666679084301,0.0416666679084301,0.0416666679084301
2,MIMAT0013518,SRF,mir_regulates_mrna,,0.0416666679084301,0.0416666679084301,0.0416666679084301,0.0416666679084301,0.0416666679084301
2,MIMAT0016855,SRF,mir_regulates_mrna,,0.0416666679084301,0.0416666679084301,0.0416666679084301,0.0416666679084301,0.0416666679084301
2,MIMAT0018359,SRF,mir_regulates_mrna,,0.0416666679084301,0.0416666679084301,0.0416666679084301,0.0416666679084301,0.0416666679084301
2,MIMAT0018949,SRF,mir_regulates_mrna,,0.0416666679084301,0.0416666679084301,0.0416666679084301,0.0416666679084301,0.0416666679084301
2,MIMAT0019006,SRF,mir_regulates_mrna,,0.0416666679084301,0.0416666679084301,0.0416666679084301,0.0416666679084301,0.0416666679084301
2,MIMAT0019047,SRF,mir_regulates_mrna,,0.0416666679084301,0.0416666679084301,0.0416666679084301,0.0416666679084301,0.0416666679084301
2,MIMAT0019051,SRF,mir_regulates_mrna,,0.0416666679084301,0.0416666679084301,0.0416666679084301,0.0416666679084301,0.0416666679084301
2,MIMAT0019700,SRF,mir_regulates_mrna,,0.0416666679084301,0.0416666679084301,0.0416666679084301,0.0416666679084301,0.0416666679084301
2,MIMAT0019827,SRF,mir_regulates_mrna,,0.0416666679084301,0.0416666679084301,0.0416666679084301,0.0416666679084301,0.0416666679084301
2,MIMAT0019838,SRF,mir_regulates_mrna,,0.0416666679084301,0.0416666679084301,0.0416666679084301,0.0416666679084301,0.0416666679084301
2,MIMAT0019899,SRF,mir_regulates_mrna,,0.0416666679084301,0.0416666679084301,0.0416666679084301,0.0416666679084301,0.0416666679084301
2,MIMAT0019921,SRF,mir_regulates_mrna,,0.0416666679084301,0.0416666679084301,0.0416666679084301,0.0416666679084301,0.0416666679084301
2,MIMAT0022491,SRF,mir_regulates_mrna,,0.0416666679084301,0.0416666679084301,0.0416666679084301,0.0416666679084301,0.0416666679084301
2,MIMAT0027356,SRF,mir_regulates_mrna,,0.0416666679084301,0.0416666679084301,0.0416666679084301,0.0416666679084301,0.0416666679084301
2,MIMAT0027363,SRF,mir_regulates_mrna,,0.0416666679084301,0.0416666679084301,0.0416666679084301,0.0416666679084301,0.0416666679084301
2,MIMAT0027391,SRF,mir_regulates_mrna,,0.0416666679084301,0.0416666679084301,0.0416666679084301,0.0416666679084301,0.0416666679084301
2,MIMAT0027395,SRF,mir_regulates_mrna,,0.0416666679084301,0.0416666679084301,0.0416666679084301,0.0416666679084301,0.0416666679084301
2,MIMAT0027463,SRF,mir_regulates_mrna,,0.0416666679084301,0.0416666679084301,0.0416666679084301,0.0416666679084301,0.0416666679084301
2,MIMAT0027488,SRF,mir_regulates_mrna,,0.0416666679084301,0.0416666679084301,0.0416666679084301,0.0416666679084301,0.0416666679084301
2,MIMAT0027505,SRF,mir_regulates_mrna,,0.0416666679084301,0.0416666679084301,0.0416666679084301,0.0416666679084301,0.0416666679084301
2,MIMAT0027626,SRF,mir_regulates_mrna,,0.0416666679084301,0.0416666679084301,0.0416666679084301,0.0416666679084301,0.0416666679084301
2,MIMAT0029310,SRF,mir_regulates_mrna,,0.0416666679084301,0.0416666679084301,0.0416666679084301,0.0416666679084301,0.0416666679084301
2,MIMAT0004689,TAB2,mir_regulates_mrna,,0.25,0.25,0.25,0.25,0.25
2,MIMAT0027369,TAB2,mir_regulates_mrna,,0.25,0.25,0.25,0.25,0.25
2,MIMAT0030986,TAB2,mir_regulates_mrna,,0.25,0.25,0.25,0.25,0.25
2,MIMAT0019762,TAB2,mir_regulates_mrna,,0.25,0.25,0.25,0.25,0.25
2,MIMAT0000066,MAP2K7,mir_regulates_mrna,,0.0714285746216774,0.0714285746216774,0.0714285746216774,0.0714285746216774,0.0714285746216774
2,MIMAT0005871,MAP2K7,mir_regulates_mrna,,0.0714285746216774,0.0714285746216774,0.0714285746216774,0.0714285746216774,0.0714285746216774
2,MIMAT0016851,MAP2K7,mir_regulates_mrna,,0.0714285746216774,0.0714285746216774,0.0714285746216774,0.0714285746216774,0.0714285746216774
2,MIMAT0018072,MAP2K7,mir_regulates_mrna,,0.0714285746216774,0.0714285746216774,0.0714285746216774,0.0714285746216774,0.0714285746216774
2,MIMAT0018945,MAP2K7,mir_regulates_mrna,,0.0714285746216774,0.0714285746216774,0.0714285746216774,0.0714285746216774,0.0714285746216774
2,MIMAT0018980,MAP2K7,mir_regulates_mrna,,0.0714285746216774,0.0714285746216774,0.0714285746216774,0.0714285746216774,0.0714285746216774
2,MIMAT0027408,MAP2K7,mir_regulates_mrna,,0.0714285746216774,0.0714285746216774,0.0714285746216774,0.0714285746216774,0.0714285746216774
2,MIMAT0027416,MAP2K7,mir_regulates_mrna,,0.0714285746216774,0.0714285746216774,0.0714285746216774,0.0714285746216774,0.0714285746216774
2,MIMAT0027448,MAP2K7,mir_regulates_mrna,,0.0714285746216774,0.0714285746216774,0.0714285746216774,0.0714285746216774,0.0714285746216774
2,MIMAT0027562,MAP2K7,mir_regulates_mrna,,0.0714285746216774,0.0714285746216774,0.0714285746216774,0.0714285746216774,0.0714285746216774
2,MIMAT0027612,MAP2K7,mir_regulates_mrna,,0.0714285746216774,0.0714285746216774,0.0714285746216774,0.0714285746216774,0.0714285746216774
2,MIMAT0027640,MAP2K7,mir_regulates_mrna,,0.0714285746216774,0.0714285746216774,0.0714285746216774,0.0714285746216774,0.0714285746216774
2,MIMAT0027666,MAP2K7,mir_regulates_mrna,,0.0714285746216774,0.0714285746216774,0.0714285746216774,0.0714285746216774,0.0714285746216774
2,MIMAT0031012,MAP2K7,mir_regulates_mrna,,0.0714285746216774,0.0714285746216774,0.0714285746216774,0.0714285746216774,0.0714285746216774
2,MIMAT0000765,RASA2,mir_regulates_mrna,,1.0,1.0,1.0,1.0,1.0
2,MIMAT0004945,PRKACA,mir_regulates_mrna,,1.0,1.0,1.0,1.0,1.0
2,MIMAT0000417,MAP4K2,mir_regulates_mrna,,0.0555555559694767,0.0555555559694767,0.0555555559694767,0.0555555559694767,0.0555555559694767
2,MIMAT0000461,MAP4K2,mir_regulates_mrna,,0.0555555559694767,0.0555555559694767,0.0555555559694767,0.0555555559694767,0.0555555559694767
2,MIMAT0004761,MAP4K2,mir_regulates_mrna,,0.0555555559694767,0.0555555559694767,0.0555555559694767,0.0555555559694767,0.0555555559694767
2,MIMAT0004767,MAP4K2,mir_regulates_mrna,,0.0555555559694767,0.0555555559694767,0.0555555559694767,0.0555555559694767,0.0555555559694767
2,MIMAT0002874,MAP4K2,mir_regulates_mrna,,0.0555555559694767,0.0555555559694767,0.0555555559694767,0.0555555559694767,0.0555555559694767
2,MIMAT0026612,MAP4K2,mir_regulates_mrna,,0.0555555559694767,0.0555555559694767,0.0555555559694767,0.0555555559694767,0.0555555559694767
2,MIMAT0003315,MAP4K2,mir_regulates_mrna,,0.0555555559694767,0.0555555559694767,0.0555555559694767,0.0555555559694767,0.0555555559694767
2,MIMAT0003316,MAP4K2,mir_regulates_mrna,,0.0555555559694767,0.0555555559694767,0.0555555559694767,0.0555555559694767,0.0555555559694767
2,MIMAT0005891,MAP4K2,mir_regulates_mrna,,0.0555555559694767,0.0555555559694767,0.0555555559694767,0.0555555559694767,0.0555555559694767
2,MIMAT0018005,MAP4K2,mir_regulates_mrna,,0.0555555559694767,0.0555555559694767,0.0555555559694767,0.0555555559694767,0.0555555559694767
2,MIMAT0018945,MAP4K2,mir_regulates_mrna,,0.0555555559694767,0.0555555559694767,0.0555555559694767,0.0555555559694767,0.0555555559694767
2,MIMAT0018985,MAP4K2,mir_regulates_mrna,,0.0555555559694767,0.0555555559694767,0.0555555559694767,0.0555555559694767,0.0555555559694767
2,MIMAT0019856,MAP4K2,mir_regulates_mrna,,0.0555555559694767,0.0555555559694767,0.0555555559694767,0.0555555559694767,0.0555555559694767
2,MIMAT0022491,MAP4K2,mir_regulates_mrna,,0.0555555559694767,0.0555555559694767,0.0555555559694767,0.0555555559694767,0.0555555559694767
2,MIMAT0024615,MAP4K2,mir_regulates_mrna,,0.0555555559694767,0.0555555559694767,0.0555555559694767,0.0555555559694767,0.0555555559694767
2,MIMAT0027421,MAP4K2,mir_regulates_mrna,,0.0555555559694767,0.0555555559694767,0.0555555559694767,0.0555555559694767,0.0555555559694767
2,MIMAT0027588,MAP4K2,mir_regulates_mrna,,0.0555555559694767,0.0555555559694767,0.0555555559694767,0.0555555559694767,0.0555555559694767
2,MIMAT0015069,MAP4K2,mir_regulates_mrna,,0.0555555559694767,0.0555555559694767,0.0555555559694767,0.0555555559694767,0.0555555559694767
2,MIMAT0004612,MAPK14,mir_regulates_mrna,,0.0555555559694767,0.0555555559694767,0.0555555559694767,0.0555555559694767,0.0555555559694767
2,MIMAT0026740,MAPK14,mir_regulates_mrna,,0.0555555559694767,0.0555555559694767,0.0555555559694767,0.0555555559694767,0.0555555559694767
2,MIMAT0005788,MAPK14,mir_regulates_mrna,,0.0555555559694767,0.0555555559694767,0.0555555559694767,0.0555555559694767,0.0555555559694767
2,MIMAT0013518,MAPK14,mir_regulates_mrna,,0.0555555559694767,0.0555555559694767,0.0555555559694767,0.0555555559694767,0.0555555559694767
2,MIMAT0016917,MAPK14,mir_regulates_mrna,,0.0555555559694767,0.0555555559694767,0.0555555559694767,0.0555555559694767,0.0555555559694767
2,MIMAT0019063,MAPK14,mir_regulates_mrna,,0.0555555559694767,0.0555555559694767,0.0555555559694767,0.0555555559694767,0.0555555559694767
2,MIMAT0019772,MAPK14,mir_regulates_mrna,,0.0555555559694767,0.0555555559694767,0.0555555559694767,0.0555555559694767,0.0555555559694767
2,MIMAT0022256,MAPK14,mir_regulates_mrna,,0.0555555559694767,0.0555555559694767,0.0555555559694767,0.0555555559694767,0.0555555559694767
2,MIMAT0025458,MAPK14,mir_regulates_mrna,,0.0555555559694767,0.0555555559694767,0.0555555559694767,0.0555555559694767,0.0555555559694767
2,MIMAT0027419,MAPK14,mir_regulates_mrna,,0.0555555559694767,0.0555555559694767,0.0555555559694767,0.0555555559694767,0.0555555559694767
2,MIMAT0028111,MAPK14,mir_regulates_mrna,,0.0555555559694767,0.0555555559694767,0.0555555559694767,0.0555555559694767,0.0555555559694767
2,MIMAT0000080,MAPK14,mir_regulates_mrna,,0.0555555559694767,0.0555555559694767,0.0555555559694767,0.0555555559694767,0.0555555559694767
2,MIMAT0000266,MAPK14,mir_regulates_mrna,,0.0555555559694767,0.0555555559694767,0.0555555559694767,0.0555555559694767,0.0555555559694767
2,MIMAT0026476,MAPK14,mir_regulates_mrna,,0.0555555559694767,0.0555555559694767,0.0555555559694767,0.0555555559694767,0.0555555559694767
2,MIMAT0004602,MAPK14,mir_regulates_mrna,,0.0555555559694767,0.0555555559694767,0.0555555559694767,0.0555555559694767,0.0555555559694767
2,MIMAT0005921,MAPK14,mir_regulates_mrna,,0.0555555559694767,0.0555555559694767,0.0555555559694767,0.0555555559694767,0.0555555559694767
2,MIMAT0030982,MAPK14,mir_regulates_mrna,,0.0555555559694767,0.0555555559694767,0.0555555559694767,0.0555555559694767,0.0555555559694767
2,MIMAT0000271,MAPK14,mir_regulates_mrna,,0.0555555559694767,0.0555555559694767,0.0555555559694767,0.0555555559694767,0.0555555559694767
2,MIMAT0027558,RAC3,mir_regulates_mrna,,0.3333333432674408,0.3333333432674408,0.3333333432674408,0.3333333432674408,0.3333333432674408
2,MIMAT0027630,RAC3,mir_regulates_mrna,,0.3333333432674408,0.3333333432674408,0.3333333432674408,0.3333333432674408,0.3333333432674408
2,MIMAT0028110,RAC3,mir_regulates_mrna,,0.3333333432674408,0.3333333432674408,0.3333333432674408,0.3333333432674408,0.3333333432674408
2,MIMAT0000074,MAP2K3,mir_regulates_mrna,,0.0833333358168602,0.0833333358168602,0.0833333358168602,0.0833333358168602,0.0833333358168602
2,MIMAT0000422,MAP2K3,mir_regulates_mrna,,0.0833333358168602,0.0833333358168602,0.0833333358168602,0.0833333358168602,0.0833333358168602
2,MIMAT0010364,MAP2K3,mir_regulates_mrna,,0.0833333358168602,0.0833333358168602,0.0833333358168602,0.0833333358168602,0.0833333358168602
2,MIMAT0016900,MAP2K3,mir_regulates_mrna,,0.0833333358168602,0.0833333358168602,0.0833333358168602,0.0833333358168602,0.0833333358168602
2,MIMAT0017999,MAP2K3,mir_regulates_mrna,,0.0833333358168602,0.0833333358168602,0.0833333358168602,0.0833333358168602,0.0833333358168602
2,MIMAT0019015,MAP2K3,mir_regulates_mrna,,0.0833333358168602,0.0833333358168602,0.0833333358168602,0.0833333358168602,0.0833333358168602
2,MIMAT0027438,MAP2K3,mir_regulates_mrna,,0.0833333358168602,0.0833333358168602,0.0833333358168602,0.0833333358168602,0.0833333358168602
2,MIMAT0027620,MAP2K3,mir_regulates_mrna,,0.0833333358168602,0.0833333358168602,0.0833333358168602,0.0833333358168602,0.0833333358168602
2,MIMAT0013802,MAP2K3,mir_regulates_mrna,,0.0833333358168602,0.0833333358168602,0.0833333358168602,0.0833333358168602,0.0833333358168602
2,MIMAT0019878,MAP2K3,mir_regulates_mrna,,0.0833333358168602,0.0833333358168602,0.0833333358168602,0.0833333358168602,0.0833333358168602
2,MIMAT0031012,MAP2K3,mir_regulates_mrna,,0.0833333358168602,0.0833333358168602,0.0833333358168602,0.0833333358168602,0.0833333358168602
2,MIMAT0000075,MAP2K3,mir_regulates_mrna,,0.0833333358168602,0.0833333358168602,0.0833333358168602,0.0833333358168602,0.0833333358168602
2,MIMAT0004694,MAPK10,mir_regulates_mrna,,0.06666667014360428,0.06666667014360428,0.06666667014360428,0.06666667014360428,0.06666667014360428
2,MIMAT0031074,MAPK10,mir_regulates_mrna,,0.06666667014360428,0.06666667014360428,0.06666667014360428,0.06666667014360428,0.06666667014360428
2,MIMAT0017997,MAPK10,mir_regulates_mrna,,0.06666667014360428,0.06666667014360428,0.06666667014360428,0.06666667014360428,0.06666667014360428
2,MIMAT0018070,MAPK10,mir_regulates_mrna,,0.06666667014360428,0.06666667014360428,0.06666667014360428,0.06666667014360428,0.06666667014360428
2,MIMAT0018977,MAPK10,mir_regulates_mrna,,0.06666667014360428,0.06666667014360428,0.06666667014360428,0.06666667014360428,0.06666667014360428
2,MIMAT0027375,MAPK10,mir_regulates_mrna,,0.06666667014360428,0.06666667014360428,0.06666667014360428,0.06666667014360428,0.06666667014360428
2,MIMAT0027394,MAPK10,mir_regulates_mrna,,0.06666667014360428,0.06666667014360428,0.06666667014360428,0.06666667014360428,0.06666667014360428
2,MIMAT0027524,MAPK10,mir_regulates_mrna,,0.06666667014360428,0.06666667014360428,0.06666667014360428,0.06666667014360428,0.06666667014360428
2,MIMAT0027538,MAPK10,mir_regulates_mrna,,0.06666667014360428,0.06666667014360428,0.06666667014360428,0.06666667014360428,0.06666667014360428
2,MIMAT0000278,MAPK10,mir_regulates_mrna,,0.06666667014360428,0.06666667014360428,0.06666667014360428,0.06666667014360428,0.06666667014360428
2,MIMAT0003276,MAPK10,mir_regulates_mrna,,0.06666667014360428,0.06666667014360428,0.06666667014360428,0.06666667014360428,0.06666667014360428
2,MIMAT0004795,MAPK10,mir_regulates_mrna,,0.06666667014360428,0.06666667014360428,0.06666667014360428,0.06666667014360428,0.06666667014360428
2,MIMAT0019715,MAPK10,mir_regulates_mrna,,0.06666667014360428,0.06666667014360428,0.06666667014360428,0.06666667014360428,0.06666667014360428
2,MIMAT0021023,MAPK10,mir_regulates_mrna,,0.06666667014360428,0.06666667014360428,0.06666667014360428,0.06666667014360428,0.06666667014360428
2,MIMAT0027610,MAPK10,mir_regulates_mrna,,0.06666667014360428,0.06666667014360428,0.06666667014360428,0.06666667014360428,0.06666667014360428
2,MIMAT0004548,DUSP9,mir_regulates_mrna,,0.20000000298023224,0.20000000298023224,0.20000000298023224,0.20000000298023224,0.20000000298023224
2,MIMAT0004605,DUSP9,mir_regulates_mrna,,0.20000000298023224,0.20000000298023224,0.20000000298023224,0.20000000298023224,0.20000000298023224
2,MIMAT0019008,DUSP9,mir_regulates_mrna,,0.20000000298023224,0.20000000298023224,0.20000000298023224,0.20000000298023224,0.20000000298023224
2,MIMAT0019868,DUSP9,mir_regulates_mrna,,0.20000000298023224,0.20000000298023224,0.20000000298023224,0.20000000298023224,0.20000000298023224
2,MIMAT0030021,DUSP9,mir_regulates_mrna,,0.20000000298023224,0.20000000298023224,0.20000000298023224,0.20000000298023224,0.20000000298023224
2,MIMAT0000072,RPS6KA5,mir_regulates_mrna,,0.021276595070958138,0.021276595070958138,0.021276595070958138,0.021276595070958138,0.021276595070958138
2,MIMAT0000080,RPS6KA5,mir_regulates_mrna,,0.021276595070958138,0.021276595070958138,0.021276595070958138,0.021276595070958138,0.021276595070958138
2,MIMAT0000084,RPS6KA5,mir_regulates_mrna,,0.021276595070958138,0.021276595070958138,0.021276595070958138,0.021276595070958138,0.021276595070958138
2,MIMAT0000099,RPS6KA5,mir_regulates_mrna,,0.021276595070958138,0.021276595070958138,0.021276595070958138,0.021276595070958138,0.021276595070958138
2,MIMAT0000242,RPS6KA5,mir_regulates_mrna,,0.021276595070958138,0.021276595070958138,0.021276595070958138,0.021276595070958138,0.021276595070958138
2,MIMAT0000421,RPS6KA5,mir_regulates_mrna,,0.021276595070958138,0.021276595070958138,0.021276595070958138,0.021276595070958138,0.021276595070958138
2,MIMAT0000424,RPS6KA5,mir_regulates_mrna,,0.021276595070958138,0.021276595070958138,0.021276595070958138,0.021276595070958138,0.021276595070958138
2,MIMAT0004595,RPS6KA5,mir_regulates_mrna,,0.021276595070958138,0.021276595070958138,0.021276595070958138,0.021276595070958138,0.021276595070958138
2,MIMAT0004599,RPS6KA5,mir_regulates_mrna,,0.021276595070958138,0.021276595070958138,0.021276595070958138,0.021276595070958138,0.021276595070958138
2,MIMAT0000680,RPS6KA5,mir_regulates_mrna,,0.021276595070958138,0.021276595070958138,0.021276595070958138,0.021276595070958138,0.021276595070958138
2,MIMAT0004703,RPS6KA5,mir_regulates_mrna,,0.021276595070958138,0.021276595070958138,0.021276595070958138,0.021276595070958138,0.021276595070958138
2,MIMAT0026612,RPS6KA5,mir_regulates_mrna,,0.021276595070958138,0.021276595070958138,0.021276595070958138,0.021276595070958138,0.021276595070958138
2,MIMAT0003221,RPS6KA5,mir_regulates_mrna,,0.021276595070958138,0.021276595070958138,0.021276595070958138,0.021276595070958138,0.021276595070958138
2,MIMAT0003885,RPS6KA5,mir_regulates_mrna,,0.021276595070958138,0.021276595070958138,0.021276595070958138,0.021276595070958138,0.021276595070958138
2,MIMAT0004945,RPS6KA5,mir_regulates_mrna,,0.021276595070958138,0.021276595070958138,0.021276595070958138,0.021276595070958138,0.021276595070958138
2,MIMAT0018070,RPS6KA5,mir_regulates_mrna,,0.021276595070958138,0.021276595070958138,0.021276595070958138,0.021276595070958138,0.021276595070958138
2,MIMAT0018072,RPS6KA5,mir_regulates_mrna,,0.021276595070958138,0.021276595070958138,0.021276595070958138,0.021276595070958138,0.021276595070958138
2,MIMAT0018107,RPS6KA5,mir_regulates_mrna,,0.021276595070958138,0.021276595070958138,0.021276595070958138,0.021276595070958138,0.021276595070958138
2,MIMAT0019232,RPS6KA5,mir_regulates_mrna,,0.021276595070958138,0.021276595070958138,0.021276595070958138,0.021276595070958138,0.021276595070958138
2,MIMAT0018945,RPS6KA5,mir_regulates_mrna,,0.021276595070958138,0.021276595070958138,0.021276595070958138,0.021276595070958138,0.021276595070958138
2,MIMAT0018953,RPS6KA5,mir_regulates_mrna,,0.021276595070958138,0.021276595070958138,0.021276595070958138,0.021276595070958138,0.021276595070958138
2,MIMAT0019233,RPS6KA5,mir_regulates_mrna,,0.021276595070958138,0.021276595070958138,0.021276595070958138,0.021276595070958138,0.021276595070958138
2,MIMAT0019047,RPS6KA5,mir_regulates_mrna,,0.021276595070958138,0.021276595070958138,0.021276595070958138,0.021276595070958138,0.021276595070958138
2,MIMAT0019735,RPS6KA5,mir_regulates_mrna,,0.021276595070958138,0.021276595070958138,0.021276595070958138,0.021276595070958138,0.021276595070958138
2,MIMAT0019850,RPS6KA5,mir_regulates_mrna,,0.021276595070958138,0.021276595070958138,0.021276595070958138,0.021276595070958138,0.021276595070958138
2,MIMAT0019861,RPS6KA5,mir_regulates_mrna,,0.021276595070958138,0.021276595070958138,0.021276595070958138,0.021276595070958138,0.021276595070958138
2,MIMAT0019971,RPS6KA5,mir_regulates_mrna,,0.021276595070958138,0.021276595070958138,0.021276595070958138,0.021276595070958138,0.021276595070958138
2,MIMAT0021080,RPS6KA5,mir_regulates_mrna,,0.021276595070958138,0.021276595070958138,0.021276595070958138,0.021276595070958138,0.021276595070958138
2,MIMAT0022283,RPS6KA5,mir_regulates_mrna,,0.021276595070958138,0.021276595070958138,0.021276595070958138,0.021276595070958138,0.021276595070958138
2,MIMAT0022288,RPS6KA5,mir_regulates_mrna,,0.021276595070958138,0.021276595070958138,0.021276595070958138,0.021276595070958138,0.021276595070958138
2,MIMAT0024613,RPS6KA5,mir_regulates_mrna,,0.021276595070958138,0.021276595070958138,0.021276595070958138,0.021276595070958138,0.021276595070958138
2,MIMAT0024614,RPS6KA5,mir_regulates_mrna,,0.021276595070958138,0.021276595070958138,0.021276595070958138,0.021276595070958138,0.021276595070958138
2,MIMAT0024617,RPS6KA5,mir_regulates_mrna,,0.021276595070958138,0.021276595070958138,0.021276595070958138,0.021276595070958138,0.021276595070958138
2,MIMAT0025451,RPS6KA5,mir_regulates_mrna,,0.021276595070958138,0.021276595070958138,0.021276595070958138,0.021276595070958138,0.021276595070958138
2,MIMAT0025458,RPS6KA5,mir_regulates_mrna,,0.021276595070958138,0.021276595070958138,0.021276595070958138,0.021276595070958138,0.021276595070958138
2,MIMAT0027544,RPS6KA5,mir_regulates_mrna,,0.021276595070958138,0.021276595070958138,0.021276595070958138,0.021276595070958138,0.021276595070958138
2,MIMAT0027568,RPS6KA5,mir_regulates_mrna,,0.021276595070958138,0.021276595070958138,0.021276595070958138,0.021276595070958138,0.021276595070958138
2,MIMAT0028230,RPS6KA5,mir_regulates_mrna,,0.021276595070958138,0.021276595070958138,0.021276595070958138,0.021276595070958138,0.021276595070958138
2,MIMAT0031004,RPS6KA5,mir_regulates_mrna,,0.021276595070958138,0.021276595070958138,0.021276595070958138,0.021276595070958138,0.021276595070958138
2,MIMAT0035542,RPS6KA5,mir_regulates_mrna,,0.021276595070958138,0.021276595070958138,0.021276595070958138,0.021276595070958138,0.021276595070958138
2,MIMAT0000093,RPS6KA5,mir_regulates_mrna,,0.021276595070958138,0.021276595070958138,0.021276595070958138,0.021276595070958138,0.021276595070958138
2,MIMAT0001413,RPS6KA5,mir_regulates_mrna,,0.021276595070958138,0.021276595070958138,0.021276595070958138,0.021276595070958138,0.021276595070958138
2,MIMAT0002176,RPS6KA5,mir_regulates_mrna,,0.021276595070958138,0.021276595070958138,0.021276595070958138,0.021276595070958138,0.021276595070958138
2,MIMAT0022705,RPS6KA5,mir_regulates_mrna,,0.021276595070958138,0.021276595070958138,0.021276595070958138,0.021276595070958138,0.021276595070958138
2,MIMAT0018985,RPS6KA5,mir_regulates_mrna,,0.021276595070958138,0.021276595070958138,0.021276595070958138,0.021276595070958138,0.021276595070958138
2,MIMAT0021026,RPS6KA5,mir_regulates_mrna,,0.021276595070958138,0.021276595070958138,0.021276595070958138,0.021276595070958138,0.021276595070958138
2,MIMAT0027650,RPS6KA5,mir_regulates_mrna,,0.021276595070958138,0.021276595070958138,0.021276595070958138,0.021276595070958138,0.021276595070958138
2,MIMAT0004589,ANGPT4,mir_regulates_mrna,,0.0416666679084301,0.0416666679084301,0.0416666679084301,0.0416666679084301,0.0416666679084301
2,MIMAT0004609,ANGPT4,mir_regulates_mrna,,0.0416666679084301,0.0416666679084301,0.0416666679084301,0.0416666679084301,0.0416666679084301
2,MIMAT0002175,ANGPT4,mir_regulates_mrna,,0.0416666679084301,0.0416666679084301,0.0416666679084301,0.0416666679084301,0.0416666679084301
2,MIMAT0026720,ANGPT4,mir_regulates_mrna,,0.0416666679084301,0.0416666679084301,0.0416666679084301,0.0416666679084301,0.0416666679084301
2,MIMAT0004952,ANGPT4,mir_regulates_mrna,,0.0416666679084301,0.0416666679084301,0.0416666679084301,0.0416666679084301,0.0416666679084301
2,MIMAT0005914,ANGPT4,mir_regulates_mrna,,0.0416666679084301,0.0416666679084301,0.0416666679084301,0.0416666679084301,0.0416666679084301
2,MIMAT0015039,ANGPT4,mir_regulates_mrna,,0.0416666679084301,0.0416666679084301,0.0416666679084301,0.0416666679084301,0.0416666679084301
2,MIMAT0018118,ANGPT4,mir_regulates_mrna,,0.0416666679084301,0.0416666679084301,0.0416666679084301,0.0416666679084301,0.0416666679084301
2,MIMAT0018181,ANGPT4,mir_regulates_mrna,,0.0416666679084301,0.0416666679084301,0.0416666679084301,0.0416666679084301,0.0416666679084301
2,MIMAT0019006,ANGPT4,mir_regulates_mrna,,0.0416666679084301,0.0416666679084301,0.0416666679084301,0.0416666679084301,0.0416666679084301
2,MIMAT0019007,ANGPT4,mir_regulates_mrna,,0.0416666679084301,0.0416666679084301,0.0416666679084301,0.0416666679084301,0.0416666679084301
2,MIMAT0019060,ANGPT4,mir_regulates_mrna,,0.0416666679084301,0.0416666679084301,0.0416666679084301,0.0416666679084301,0.0416666679084301
2,MIMAT0019799,ANGPT4,mir_regulates_mrna,,0.0416666679084301,0.0416666679084301,0.0416666679084301,0.0416666679084301,0.0416666679084301
2,MIMAT0019972,ANGPT4,mir_regulates_mrna,,0.0416666679084301,0.0416666679084301,0.0416666679084301,0.0416666679084301,0.0416666679084301
2,MIMAT0027345,ANGPT4,mir_regulates_mrna,,0.0416666679084301,0.0416666679084301,0.0416666679084301,0.0416666679084301,0.0416666679084301
2,MIMAT0027452,ANGPT4,mir_regulates_mrna,,0.0416666679084301,0.0416666679084301,0.0416666679084301,0.0416666679084301,0.0416666679084301
2,MIMAT0027458,ANGPT4,mir_regulates_mrna,,0.0416666679084301,0.0416666679084301,0.0416666679084301,0.0416666679084301,0.0416666679084301
2,MIMAT0027476,ANGPT4,mir_regulates_mrna,,0.0416666679084301,0.0416666679084301,0.0416666679084301,0.0416666679084301,0.0416666679084301
2,MIMAT0027498,ANGPT4,mir_regulates_mrna,,0.0416666679084301,0.0416666679084301,0.0416666679084301,0.0416666679084301,0.0416666679084301
2,MIMAT0027516,ANGPT4,mir_regulates_mrna,,0.0416666679084301,0.0416666679084301,0.0416666679084301,0.0416666679084301,0.0416666679084301
2,MIMAT0027666,ANGPT4,mir_regulates_mrna,,0.0416666679084301,0.0416666679084301,0.0416666679084301,0.0416666679084301,0.0416666679084301
2,MIMAT0027668,ANGPT4,mir_regulates_mrna,,0.0416666679084301,0.0416666679084301,0.0416666679084301,0.0416666679084301,0.0416666679084301
2,MIMAT0028109,ANGPT4,mir_regulates_mrna,,0.0416666679084301,0.0416666679084301,0.0416666679084301,0.0416666679084301,0.0416666679084301
2,MIMAT0030018,ANGPT4,mir_regulates_mrna,,0.0416666679084301,0.0416666679084301,0.0416666679084301,0.0416666679084301,0.0416666679084301
2,MIMAT0019069,TRADD,mir_regulates_mrna,,0.5,0.5,0.5,0.5,0.5
2,MIMAT0022294,TRADD,mir_regulates_mrna,,0.5,0.5,0.5,0.5,0.5
2,MIMAT0022694,EPHA2,mir_regulates_mrna,,0.0833333358168602,0.0833333358168602,0.0833333358168602,0.0833333358168602,0.0833333358168602
2,MIMAT0026477,EPHA2,mir_regulates_mrna,,0.0833333358168602,0.0833333358168602,0.0833333358168602,0.0833333358168602,0.0833333358168602
2,MIMAT0026621,EPHA2,mir_regulates_mrna,,0.0833333358168602,0.0833333358168602,0.0833333358168602,0.0833333358168602,0.0833333358168602
2,MIMAT0005798,EPHA2,mir_regulates_mrna,,0.0833333358168602,0.0833333358168602,0.0833333358168602,0.0833333358168602,0.0833333358168602
2,MIMAT0005827,EPHA2,mir_regulates_mrna,,0.0833333358168602,0.0833333358168602,0.0833333358168602,0.0833333358168602,0.0833333358168602
2,MIMAT0018098,EPHA2,mir_regulates_mrna,,0.0833333358168602,0.0833333358168602,0.0833333358168602,0.0833333358168602,0.0833333358168602
2,MIMAT0018959,EPHA2,mir_regulates_mrna,,0.0833333358168602,0.0833333358168602,0.0833333358168602,0.0833333358168602,0.0833333358168602
2,MIMAT0019043,EPHA2,mir_regulates_mrna,,0.0833333358168602,0.0833333358168602,0.0833333358168602,0.0833333358168602,0.0833333358168602
2,MIMAT0019065,EPHA2,mir_regulates_mrna,,0.0833333358168602,0.0833333358168602,0.0833333358168602,0.0833333358168602,0.0833333358168602
2,MIMAT0021020,EPHA2,mir_regulates_mrna,,0.0833333358168602,0.0833333358168602,0.0833333358168602,0.0833333358168602,0.0833333358168602
2,MIMAT0021117,EPHA2,mir_regulates_mrna,,0.0833333358168602,0.0833333358168602,0.0833333358168602,0.0833333358168602,0.0833333358168602
2,MIMAT0027414,EPHA2,mir_regulates_mrna,,0.0833333358168602,0.0833333358168602,0.0833333358168602,0.0833333358168602,0.0833333358168602
2,MIMAT0000253,TGFB3,mir_regulates_mrna,,1.0,1.0,1.0,1.0,1.0
2,MIMAT0000259,MAP3K3,mir_regulates_mrna,,0.25,0.25,0.25,0.25,0.25
2,MIMAT0000426,MAP3K3,mir_regulates_mrna,,0.25,0.25,0.25,0.25,0.25
2,MIMAT0000457,MAP3K3,mir_regulates_mrna,,0.25,0.25,0.25,0.25,0.25
2,MIMAT0027508,MAP3K3,mir_regulates_mrna,,0.25,0.25,0.25,0.25,0.25
2,MIMAT0000100,MAP2K6,mir_regulates_mrna,,0.0714285746216774,0.0714285746216774,0.0714285746216774,0.0714285746216774,0.0714285746216774
2,MIMAT0000437,MAP2K6,mir_regulates_mrna,,0.0714285746216774,0.0714285746216774,0.0714285746216774,0.0714285746216774,0.0714285746216774
2,MIMAT0026623,MAP2K6,mir_regulates_mrna,,0.0714285746216774,0.0714285746216774,0.0714285746216774,0.0714285746216774,0.0714285746216774
2,MIMAT0004972,MAP2K6,mir_regulates_mrna,,0.0714285746216774,0.0714285746216774,0.0714285746216774,0.0714285746216774,0.0714285746216774
2,MIMAT0022940,MAP2K6,mir_regulates_mrna,,0.0714285746216774,0.0714285746216774,0.0714285746216774,0.0714285746216774,0.0714285746216774
2,MIMAT0005576,MAP2K6,mir_regulates_mrna,,0.0714285746216774,0.0714285746216774,0.0714285746216774,0.0714285746216774,0.0714285746216774
2,MIMAT0005892,MAP2K6,mir_regulates_mrna,,0.0714285746216774,0.0714285746216774,0.0714285746216774,0.0714285746216774,0.0714285746216774
2,MIMAT0022289,MAP2K6,mir_regulates_mrna,,0.0714285746216774,0.0714285746216774,0.0714285746216774,0.0714285746216774,0.0714285746216774
2,MIMAT0027508,MAP2K6,mir_regulates_mrna,,0.0714285746216774,0.0714285746216774,0.0714285746216774,0.0714285746216774,0.0714285746216774
2,MIMAT0027568,MAP2K6,mir_regulates_mrna,,0.0714285746216774,0.0714285746216774,0.0714285746216774,0.0714285746216774,0.0714285746216774
2,MIMAT0030982,MAP2K6,mir_regulates_mrna,,0.0714285746216774,0.0714285746216774,0.0714285746216774,0.0714285746216774,0.0714285746216774
2,MIMAT0004808,MAP2K6,mir_regulates_mrna,,0.0714285746216774,0.0714285746216774,0.0714285746216774,0.0714285746216774,0.0714285746216774
2,MIMAT0015040,MAP2K6,mir_regulates_mrna,,0.0714285746216774,0.0714285746216774,0.0714285746216774,0.0714285746216774,0.0714285746216774
2,MIMAT0027439,MAP2K6,mir_regulates_mrna,,0.0714285746216774,0.0714285746216774,0.0714285746216774,0.0714285746216774,0.0714285746216774
2,MIMAT0003879,RPS6KA6,mir_regulates_mrna,,0.5,0.5,0.5,0.5,0.5
2,MIMAT0009206,RPS6KA6,mir_regulates_mrna,,0.5,0.5,0.5,0.5,0.5
2,MIMAT0000062,EGFR,mir_regulates_mrna,,0.1666666716337204,0.1666666716337204,0.1666666716337204,0.1666666716337204,0.1666666716337204
2,MIMAT0000252,EGFR,mir_regulates_mrna,,0.1666666716337204,0.1666666716337204,0.1666666716337204,0.1666666716337204,0.1666666716337204
2,MIMAT0004553,EGFR,mir_regulates_mrna,,0.1666666716337204,0.1666666716337204,0.1666666716337204,0.1666666716337204,0.1666666716337204
2,MIMAT0000682,EGFR,mir_regulates_mrna,,0.1666666716337204,0.1666666716337204,0.1666666716337204,0.1666666716337204,0.1666666716337204
2,MIMAT0000646,EGFR,mir_regulates_mrna,,0.1666666716337204,0.1666666716337204,0.1666666716337204,0.1666666716337204,0.1666666716337204
2,MIMAT0004501,EGFR,mir_regulates_mrna,,0.1666666716337204,0.1666666716337204,0.1666666716337204,0.1666666716337204,0.1666666716337204
2,MIMAT0028109,PDGFRA,mir_regulates_mrna,,0.125,0.125,0.125,0.125,0.125
2,MIMAT0000242,PDGFRA,mir_regulates_mrna,,0.125,0.125,0.125,0.125,0.125
2,MIMAT0000255,PDGFRA,mir_regulates_mrna,,0.125,0.125,0.125,0.125,0.125
2,MIMAT0004761,PDGFRA,mir_regulates_mrna,,0.125,0.125,0.125,0.125,0.125
2,MIMAT0025478,PDGFRA,mir_regulates_mrna,,0.125,0.125,0.125,0.125,0.125
2,MIMAT0027460,PDGFRA,mir_regulates_mrna,,0.125,0.125,0.125,0.125,0.125
2,MIMAT0027470,PDGFRA,mir_regulates_mrna,,0.125,0.125,0.125,0.125,0.125
2,MIMAT0027671,PDGFRA,mir_regulates_mrna,,0.125,0.125,0.125,0.125,0.125
2,MIMAT0019833,RAPGEF2,mir_regulates_mrna,,0.25,0.25,0.25,0.25,0.25
2,MIMAT0000764,RAPGEF2,mir_regulates_mrna,,0.25,0.25,0.25,0.25,0.25
2,MIMAT0003283,RAPGEF2,mir_regulates_mrna,,0.25,0.25,0.25,0.25,0.25
2,MIMAT0027397,RAPGEF2,mir_regulates_mrna,,0.25,0.25,0.25,0.25,0.25
2,MIMAT0000062,STK4,mir_regulates_mrna,,0.012195121496915817,0.012195121496915817,0.012195121496915817,0.012195121496915817,0.012195121496915817
2,MIMAT0000066,STK4,mir_regulates_mrna,,0.012195121496915817,0.012195121496915817,0.012195121496915817,0.012195121496915817,0.012195121496915817
2,MIMAT0000072,STK4,mir_regulates_mrna,,0.012195121496915817,0.012195121496915817,0.012195121496915817,0.012195121496915817,0.012195121496915817
2,MIMAT0004513,STK4,mir_regulates_mrna,,0.012195121496915817,0.012195121496915817,0.012195121496915817,0.012195121496915817,0.012195121496915817
2,MIMAT0000415,STK4,mir_regulates_mrna,,0.012195121496915817,0.012195121496915817,0.012195121496915817,0.012195121496915817,0.012195121496915817
2,MIMAT0004589,STK4,mir_regulates_mrna,,0.012195121496915817,0.012195121496915817,0.012195121496915817,0.012195121496915817,0.012195121496915817
2,MIMAT0004602,STK4,mir_regulates_mrna,,0.012195121496915817,0.012195121496915817,0.012195121496915817,0.012195121496915817,0.012195121496915817
2,MIMAT0004609,STK4,mir_regulates_mrna,,0.012195121496915817,0.012195121496915817,0.012195121496915817,0.012195121496915817,0.012195121496915817
2,MIMAT0004763,STK4,mir_regulates_mrna,,0.012195121496915817,0.012195121496915817,0.012195121496915817,0.012195121496915817,0.012195121496915817
2,MIMAT0002811,STK4,mir_regulates_mrna,,0.012195121496915817,0.012195121496915817,0.012195121496915817,0.012195121496915817,0.012195121496915817
2,MIMAT0002844,STK4,mir_regulates_mrna,,0.012195121496915817,0.012195121496915817,0.012195121496915817,0.012195121496915817,0.012195121496915817
2,MIMAT0002863,STK4,mir_regulates_mrna,,0.012195121496915817,0.012195121496915817,0.012195121496915817,0.012195121496915817,0.012195121496915817
2,MIMAT0002864,STK4,mir_regulates_mrna,,0.012195121496915817,0.012195121496915817,0.012195121496915817,0.012195121496915817,0.012195121496915817
2,MIMAT0004773,STK4,mir_regulates_mrna,,0.012195121496915817,0.012195121496915817,0.012195121496915817,0.012195121496915817,0.012195121496915817
2,MIMAT0002872,STK4,mir_regulates_mrna,,0.012195121496915817,0.012195121496915817,0.012195121496915817,0.012195121496915817,0.012195121496915817
2,MIMAT0004778,STK4,mir_regulates_mrna,,0.012195121496915817,0.012195121496915817,0.012195121496915817,0.012195121496915817,0.012195121496915817
2,MIMAT0004780,STK4,mir_regulates_mrna,,0.012195121496915817,0.012195121496915817,0.012195121496915817,0.012195121496915817,0.012195121496915817
2,MIMAT0003322,STK4,mir_regulates_mrna,,0.012195121496915817,0.012195121496915817,0.012195121496915817,0.012195121496915817,0.012195121496915817
2,MIMAT0005459,STK4,mir_regulates_mrna,,0.012195121496915817,0.012195121496915817,0.012195121496915817,0.012195121496915817,0.012195121496915817
2,MIMAT0026720,STK4,mir_regulates_mrna,,0.012195121496915817,0.012195121496915817,0.012195121496915817,0.012195121496915817,0.012195121496915817
2,MIMAT0022943,STK4,mir_regulates_mrna,,0.012195121496915817,0.012195121496915817,0.012195121496915817,0.012195121496915817,0.012195121496915817
2,MIMAT0026736,STK4,mir_regulates_mrna,,0.012195121496915817,0.012195121496915817,0.012195121496915817,0.012195121496915817,0.012195121496915817
2,MIMAT0005876,STK4,mir_regulates_mrna,,0.012195121496915817,0.012195121496915817,0.012195121496915817,0.012195121496915817,0.012195121496915817
2,MIMAT0005929,STK4,mir_regulates_mrna,,0.012195121496915817,0.012195121496915817,0.012195121496915817,0.012195121496915817,0.012195121496915817
2,MIMAT0005930,STK4,mir_regulates_mrna,,0.012195121496915817,0.012195121496915817,0.012195121496915817,0.012195121496915817,0.012195121496915817
2,MIMAT0005788,STK4,mir_regulates_mrna,,0.012195121496915817,0.012195121496915817,0.012195121496915817,0.012195121496915817,0.012195121496915817
2,MIMAT0019199,STK4,mir_regulates_mrna,,0.012195121496915817,0.012195121496915817,0.012195121496915817,0.012195121496915817,0.012195121496915817
2,MIMAT0014984,STK4,mir_regulates_mrna,,0.012195121496915817,0.012195121496915817,0.012195121496915817,0.012195121496915817,0.012195121496915817
2,MIMAT0019209,STK4,mir_regulates_mrna,,0.012195121496915817,0.012195121496915817,0.012195121496915817,0.012195121496915817,0.012195121496915817
2,MIMAT0015039,STK4,mir_regulates_mrna,,0.012195121496915817,0.012195121496915817,0.012195121496915817,0.012195121496915817,0.012195121496915817
2,MIMAT0015065,STK4,mir_regulates_mrna,,0.012195121496915817,0.012195121496915817,0.012195121496915817,0.012195121496915817,0.012195121496915817
2,MIMAT0019216,STK4,mir_regulates_mrna,,0.012195121496915817,0.012195121496915817,0.012195121496915817,0.012195121496915817,0.012195121496915817
2,MIMAT0016886,STK4,mir_regulates_mrna,,0.012195121496915817,0.012195121496915817,0.012195121496915817,0.012195121496915817,0.012195121496915817
2,MIMAT0018118,STK4,mir_regulates_mrna,,0.012195121496915817,0.012195121496915817,0.012195121496915817,0.012195121496915817,0.012195121496915817
2,MIMAT0018181,STK4,mir_regulates_mrna,,0.012195121496915817,0.012195121496915817,0.012195121496915817,0.012195121496915817,0.012195121496915817
2,MIMAT0018349,STK4,mir_regulates_mrna,,0.012195121496915817,0.012195121496915817,0.012195121496915817,0.012195121496915817,0.012195121496915817
2,MIMAT0019007,STK4,mir_regulates_mrna,,0.012195121496915817,0.012195121496915817,0.012195121496915817,0.012195121496915817,0.012195121496915817
2,MIMAT0019064,STK4,mir_regulates_mrna,,0.012195121496915817,0.012195121496915817,0.012195121496915817,0.012195121496915817,0.012195121496915817
2,MIMAT0019079,STK4,mir_regulates_mrna,,0.012195121496915817,0.012195121496915817,0.012195121496915817,0.012195121496915817,0.012195121496915817
2,MIMAT0019080,STK4,mir_regulates_mrna,,0.012195121496915817,0.012195121496915817,0.012195121496915817,0.012195121496915817,0.012195121496915817
2,MIMAT0019705,STK4,mir_regulates_mrna,,0.012195121496915817,0.012195121496915817,0.012195121496915817,0.012195121496915817,0.012195121496915817
2,MIMAT0019710,STK4,mir_regulates_mrna,,0.012195121496915817,0.012195121496915817,0.012195121496915817,0.012195121496915817,0.012195121496915817
2,MIMAT0019739,STK4,mir_regulates_mrna,,0.012195121496915817,0.012195121496915817,0.012195121496915817,0.012195121496915817,0.012195121496915817
2,MIMAT0019755,STK4,mir_regulates_mrna,,0.012195121496915817,0.012195121496915817,0.012195121496915817,0.012195121496915817,0.012195121496915817
2,MIMAT0019767,STK4,mir_regulates_mrna,,0.012195121496915817,0.012195121496915817,0.012195121496915817,0.012195121496915817,0.012195121496915817
2,MIMAT0019838,STK4,mir_regulates_mrna,,0.012195121496915817,0.012195121496915817,0.012195121496915817,0.012195121496915817,0.012195121496915817
2,MIMAT0019841,STK4,mir_regulates_mrna,,0.012195121496915817,0.012195121496915817,0.012195121496915817,0.012195121496915817,0.012195121496915817
2,MIMAT0019896,STK4,mir_regulates_mrna,,0.012195121496915817,0.012195121496915817,0.012195121496915817,0.012195121496915817,0.012195121496915817
2,MIMAT0019908,STK4,mir_regulates_mrna,,0.012195121496915817,0.012195121496915817,0.012195121496915817,0.012195121496915817,0.012195121496915817
2,MIMAT0021043,STK4,mir_regulates_mrna,,0.012195121496915817,0.012195121496915817,0.012195121496915817,0.012195121496915817,0.012195121496915817
2,MIMAT0022491,STK4,mir_regulates_mrna,,0.012195121496915817,0.012195121496915817,0.012195121496915817,0.012195121496915817,0.012195121496915817
2,MIMAT0027345,STK4,mir_regulates_mrna,,0.012195121496915817,0.012195121496915817,0.012195121496915817,0.012195121496915817,0.012195121496915817
2,MIMAT0027399,STK4,mir_regulates_mrna,,0.012195121496915817,0.012195121496915817,0.012195121496915817,0.012195121496915817,0.012195121496915817
2,MIMAT0027431,STK4,mir_regulates_mrna,,0.012195121496915817,0.012195121496915817,0.012195121496915817,0.012195121496915817,0.012195121496915817
2,MIMAT0027456,STK4,mir_regulates_mrna,,0.012195121496915817,0.012195121496915817,0.012195121496915817,0.012195121496915817,0.012195121496915817
2,MIMAT0027458,STK4,mir_regulates_mrna,,0.012195121496915817,0.012195121496915817,0.012195121496915817,0.012195121496915817,0.012195121496915817
2,MIMAT0027523,STK4,mir_regulates_mrna,,0.012195121496915817,0.012195121496915817,0.012195121496915817,0.012195121496915817,0.012195121496915817
2,MIMAT0027622,STK4,mir_regulates_mrna,,0.012195121496915817,0.012195121496915817,0.012195121496915817,0.012195121496915817,0.012195121496915817
2,MIMAT0027630,STK4,mir_regulates_mrna,,0.012195121496915817,0.012195121496915817,0.012195121496915817,0.012195121496915817,0.012195121496915817
2,MIMAT0027640,STK4,mir_regulates_mrna,,0.012195121496915817,0.012195121496915817,0.012195121496915817,0.012195121496915817,0.012195121496915817
2,MIMAT0027652,STK4,mir_regulates_mrna,,0.012195121496915817,0.012195121496915817,0.012195121496915817,0.012195121496915817,0.012195121496915817
2,MIMAT0027680,STK4,mir_regulates_mrna,,0.012195121496915817,0.012195121496915817,0.012195121496915817,0.012195121496915817,0.012195121496915817
2,MIMAT0028109,STK4,mir_regulates_mrna,,0.012195121496915817,0.012195121496915817,0.012195121496915817,0.012195121496915817,0.012195121496915817
2,MIMAT0028119,STK4,mir_regulates_mrna,,0.012195121496915817,0.012195121496915817,0.012195121496915817,0.012195121496915817,0.012195121496915817
2,MIMAT0030415,STK4,mir_regulates_mrna,,0.012195121496915817,0.012195121496915817,0.012195121496915817,0.012195121496915817,0.012195121496915817
2,MIMAT0000065,STK4,mir_regulates_mrna,,0.012195121496915817,0.012195121496915817,0.012195121496915817,0.012195121496915817,0.012195121496915817
2,MIMAT0000067,STK4,mir_regulates_mrna,,0.012195121496915817,0.012195121496915817,0.012195121496915817,0.012195121496915817,0.012195121496915817
2,MIMAT0003385,STK4,mir_regulates_mrna,,0.012195121496915817,0.012195121496915817,0.012195121496915817,0.012195121496915817,0.012195121496915817
2,MIMAT0005907,STK4,mir_regulates_mrna,,0.012195121496915817,0.012195121496915817,0.012195121496915817,0.012195121496915817,0.012195121496915817
2,MIMAT0015031,STK4,mir_regulates_mrna,,0.012195121496915817,0.012195121496915817,0.012195121496915817,0.012195121496915817,0.012195121496915817
2,MIMAT0018089,STK4,mir_regulates_mrna,,0.012195121496915817,0.012195121496915817,0.012195121496915817,0.012195121496915817,0.012195121496915817
2,MIMAT0022975,STK4,mir_regulates_mrna,,0.012195121496915817,0.012195121496915817,0.012195121496915817,0.012195121496915817,0.012195121496915817
2,MIMAT0018949,STK4,mir_regulates_mrna,,0.012195121496915817,0.012195121496915817,0.012195121496915817,0.012195121496915817,0.012195121496915817
2,MIMAT0019069,STK4,mir_regulates_mrna,,0.012195121496915817,0.012195121496915817,0.012195121496915817,0.012195121496915817,0.012195121496915817
2,MIMAT0019359,STK4,mir_regulates_mrna,,0.012195121496915817,0.012195121496915817,0.012195121496915817,0.012195121496915817,0.012195121496915817
2,MIMAT0019849,STK4,mir_regulates_mrna,,0.012195121496915817,0.012195121496915817,0.012195121496915817,0.012195121496915817,0.012195121496915817
2,MIMAT0022469,STK4,mir_regulates_mrna,,0.012195121496915817,0.012195121496915817,0.012195121496915817,0.012195121496915817,0.012195121496915817
2,MIMAT0025481,STK4,mir_regulates_mrna,,0.012195121496915817,0.012195121496915817,0.012195121496915817,0.012195121496915817,0.012195121496915817
2,MIMAT0027460,STK4,mir_regulates_mrna,,0.012195121496915817,0.012195121496915817,0.012195121496915817,0.012195121496915817,0.012195121496915817
2,MIMAT0027470,STK4,mir_regulates_mrna,,0.012195121496915817,0.012195121496915817,0.012195121496915817,0.012195121496915817,0.012195121496915817
2,MIMAT0027530,STK4,mir_regulates_mrna,,0.012195121496915817,0.012195121496915817,0.012195121496915817,0.012195121496915817,0.012195121496915817
2,MIMAT0030417,STK4,mir_regulates_mrna,,0.012195121496915817,0.012195121496915817,0.012195121496915817,0.012195121496915817,0.012195121496915817
2,MIMAT0004945,BRAF,mir_regulates_mrna,,0.5,0.5,0.5,0.5,0.5
2,MIMAT0000437,BRAF,mir_regulates_mrna,,0.5,0.5,0.5,0.5,0.5
2,MIMAT0000456,RAF1,mir_regulates_mrna,,0.25,0.25,0.25,0.25,0.25
2,MIMAT0019777,RAF1,mir_regulates_mrna,,0.25,0.25,0.25,0.25,0.25
2,MIMAT0027387,RAF1,mir_regulates_mrna,,0.25,0.25,0.25,0.25,0.25
2,MIMAT0028120,RAF1,mir_regulates_mrna,,0.25,0.25,0.25,0.25,0.25
2,MIMAT0000087,CASP3,mir_regulates_mrna,,0.125,0.125,0.125,0.125,0.125
2,MIMAT0000245,CASP3,mir_regulates_mrna,,0.125,0.125,0.125,0.125,0.125
2,MIMAT0000692,CASP3,mir_regulates_mrna,,0.125,0.125,0.125,0.125,0.125
2,MIMAT0018107,CASP3,mir_regulates_mrna,,0.125,0.125,0.125,0.125,0.125
2,MIMAT0024597,CASP3,mir_regulates_mrna,,0.125,0.125,0.125,0.125,0.125
2,MIMAT0000281,CASP3,mir_regulates_mrna,,0.125,0.125,0.125,0.125,0.125
2,MIMAT0000737,CASP3,mir_regulates_mrna,,0.125,0.125,0.125,0.125,0.125
2,MIMAT0000226,CASP3,mir_regulates_mrna,,0.125,0.125,0.125,0.125,0.125
2,MIMAT0000064,MYC,mir_regulates_mrna,,0.05263157933950424,0.05263157933950424,0.05263157933950424,0.05263157933950424,0.05263157933950424
2,MIMAT0000070,MYC,mir_regulates_mrna,,0.05263157933950424,0.05263157933950424,0.05263157933950424,0.05263157933950424,0.05263157933950424
2,MIMAT0000075,MYC,mir_regulates_mrna,,0.05263157933950424,0.05263157933950424,0.05263157933950424,0.05263157933950424,0.05263157933950424
2,MIMAT0000244,MYC,mir_regulates_mrna,,0.05263157933950424,0.05263157933950424,0.05263157933950424,0.05263157933950424,0.05263157933950424
2,MIMAT0000443,MYC,mir_regulates_mrna,,0.05263157933950424,0.05263157933950424,0.05263157933950424,0.05263157933950424,0.05263157933950424
2,MIMAT0004602,MYC,mir_regulates_mrna,,0.05263157933950424,0.05263157933950424,0.05263157933950424,0.05263157933950424,0.05263157933950424
2,MIMAT0000686,MYC,mir_regulates_mrna,,0.05263157933950424,0.05263157933950424,0.05263157933950424,0.05263157933950424,0.05263157933950424
2,MIMAT0000723,MYC,mir_regulates_mrna,,0.05263157933950424,0.05263157933950424,0.05263157933950424,0.05263157933950424,0.05263157933950424
2,MIMAT0003291,MYC,mir_regulates_mrna,,0.05263157933950424,0.05263157933950424,0.05263157933950424,0.05263157933950424,0.05263157933950424
2,MIMAT0005884,MYC,mir_regulates_mrna,,0.05263157933950424,0.05263157933950424,0.05263157933950424,0.05263157933950424,0.05263157933950424
2,MIMAT0006767,MYC,mir_regulates_mrna,,0.05263157933950424,0.05263157933950424,0.05263157933950424,0.05263157933950424,0.05263157933950424
2,MIMAT0022292,MYC,mir_regulates_mrna,,0.05263157933950424,0.05263157933950424,0.05263157933950424,0.05263157933950424,0.05263157933950424
2,MIMAT0000066,MYC,mir_regulates_mrna,,0.05263157933950424,0.05263157933950424,0.05263157933950424,0.05263157933950424,0.05263157933950424
2,MIMAT0000082,MYC,mir_regulates_mrna,,0.05263157933950424,0.05263157933950424,0.05263157933950424,0.05263157933950424,0.05263157933950424
2,MIMAT0004551,MYC,mir_regulates_mrna,,0.05263157933950424,0.05263157933950424,0.05263157933950424,0.05263157933950424,0.05263157933950424
2,MIMAT0000269,MYC,mir_regulates_mrna,,0.05263157933950424,0.05263157933950424,0.05263157933950424,0.05263157933950424,0.05263157933950424
2,MIMAT0000685,MYC,mir_regulates_mrna,,0.05263157933950424,0.05263157933950424,0.05263157933950424,0.05263157933950424,0.05263157933950424
2,MIMAT0000762,MYC,mir_regulates_mrna,,0.05263157933950424,0.05263157933950424,0.05263157933950424,0.05263157933950424,0.05263157933950424
2,MIMAT0031001,MYC,mir_regulates_mrna,,0.05263157933950424,0.05263157933950424,0.05263157933950424,0.05263157933950424,0.05263157933950424
2,MIMAT0000760,FLT4,mir_regulates_mrna,,1.0,1.0,1.0,1.0,1.0
2,MIMAT0000080,PDGFRB,mir_regulates_mrna,,1.0,1.0,1.0,1.0,1.0
2,MIMAT0000081,FGF2,mir_regulates_mrna,,0.05000000074505806,0.05000000074505806,0.05000000074505806,0.05000000074505806,0.05000000074505806
2,MIMAT0000101,FGF2,mir_regulates_mrna,,0.05000000074505806,0.05000000074505806,0.05000000074505806,0.05000000074505806,0.05000000074505806
2,MIMAT0000104,FGF2,mir_regulates_mrna,,0.05000000074505806,0.05000000074505806,0.05000000074505806,0.05000000074505806,0.05000000074505806
2,MIMAT0000232,FGF2,mir_regulates_mrna,,0.05000000074505806,0.05000000074505806,0.05000000074505806,0.05000000074505806,0.05000000074505806
2,MIMAT0004563,FGF2,mir_regulates_mrna,,0.05000000074505806,0.05000000074505806,0.05000000074505806,0.05000000074505806,0.05000000074505806
2,MIMAT0000426,FGF2,mir_regulates_mrna,,0.05000000074505806,0.05000000074505806,0.05000000074505806,0.05000000074505806,0.05000000074505806
2,MIMAT0000431,FGF2,mir_regulates_mrna,,0.05000000074505806,0.05000000074505806,0.05000000074505806,0.05000000074505806,0.05000000074505806
2,MIMAT0000461,FGF2,mir_regulates_mrna,,0.05000000074505806,0.05000000074505806,0.05000000074505806,0.05000000074505806,0.05000000074505806
2,MIMAT0002874,FGF2,mir_regulates_mrna,,0.05000000074505806,0.05000000074505806,0.05000000074505806,0.05000000074505806,0.05000000074505806
2,MIMAT0004927,FGF2,mir_regulates_mrna,,0.05000000074505806,0.05000000074505806,0.05000000074505806,0.05000000074505806,0.05000000074505806
2,MIMAT0004979,FGF2,mir_regulates_mrna,,0.05000000074505806,0.05000000074505806,0.05000000074505806,0.05000000074505806,0.05000000074505806
2,MIMAT0011778,FGF2,mir_regulates_mrna,,0.05000000074505806,0.05000000074505806,0.05000000074505806,0.05000000074505806,0.05000000074505806
2,MIMAT0014984,FGF2,mir_regulates_mrna,,0.05000000074505806,0.05000000074505806,0.05000000074505806,0.05000000074505806,0.05000000074505806
2,MIMAT0015021,FGF2,mir_regulates_mrna,,0.05000000074505806,0.05000000074505806,0.05000000074505806,0.05000000074505806,0.05000000074505806
2,MIMAT0015026,FGF2,mir_regulates_mrna,,0.05000000074505806,0.05000000074505806,0.05000000074505806,0.05000000074505806,0.05000000074505806
2,MIMAT0018187,FGF2,mir_regulates_mrna,,0.05000000074505806,0.05000000074505806,0.05000000074505806,0.05000000074505806,0.05000000074505806
2,MIMAT0025482,FGF2,mir_regulates_mrna,,0.05000000074505806,0.05000000074505806,0.05000000074505806,0.05000000074505806,0.05000000074505806
2,MIMAT0027562,FGF2,mir_regulates_mrna,,0.05000000074505806,0.05000000074505806,0.05000000074505806,0.05000000074505806,0.05000000074505806
2,MIMAT0027607,FGF2,mir_regulates_mrna,,0.05000000074505806,0.05000000074505806,0.05000000074505806,0.05000000074505806,0.05000000074505806
2,MIMAT0028224,FGF2,mir_regulates_mrna,,0.05000000074505806,0.05000000074505806,0.05000000074505806,0.05000000074505806,0.05000000074505806
2,MIMAT0000069,KRAS,mir_regulates_mrna,,0.0476190485060215,0.0476190485060215,0.0476190485060215,0.0476190485060215,0.0476190485060215
2,MIMAT0002891,KRAS,mir_regulates_mrna,,0.0476190485060215,0.0476190485060215,0.0476190485060215,0.0476190485060215,0.0476190485060215
2,MIMAT0000084,KRAS,mir_regulates_mrna,,0.0476190485060215,0.0476190485060215,0.0476190485060215,0.0476190485060215,0.0476190485060215
2,MIMAT0022693,KRAS,mir_regulates_mrna,,0.0476190485060215,0.0476190485060215,0.0476190485060215,0.0476190485060215,0.0476190485060215
2,MIMAT0000435,KRAS,mir_regulates_mrna,,0.0476190485060215,0.0476190485060215,0.0476190485060215,0.0476190485060215,0.0476190485060215
2,MIMAT0004693,KRAS,mir_regulates_mrna,,0.0476190485060215,0.0476190485060215,0.0476190485060215,0.0476190485060215,0.0476190485060215
2,MIMAT0001635,KRAS,mir_regulates_mrna,,0.0476190485060215,0.0476190485060215,0.0476190485060215,0.0476190485060215,0.0476190485060215
2,MIMAT0003291,KRAS,mir_regulates_mrna,,0.0476190485060215,0.0476190485060215,0.0476190485060215,0.0476190485060215,0.0476190485060215
2,MIMAT0003312,KRAS,mir_regulates_mrna,,0.0476190485060215,0.0476190485060215,0.0476190485060215,0.0476190485060215,0.0476190485060215
2,MIMAT0003880,KRAS,mir_regulates_mrna,,0.0476190485060215,0.0476190485060215,0.0476190485060215,0.0476190485060215,0.0476190485060215
2,MIMAT0004949,KRAS,mir_regulates_mrna,,0.0476190485060215,0.0476190485060215,0.0476190485060215,0.0476190485060215,0.0476190485060215
2,MIMAT0015076,KRAS,mir_regulates_mrna,,0.0476190485060215,0.0476190485060215,0.0476190485060215,0.0476190485060215,0.0476190485060215
2,MIMAT0016868,KRAS,mir_regulates_mrna,,0.0476190485060215,0.0476190485060215,0.0476190485060215,0.0476190485060215,0.0476190485060215
2,MIMAT0027618,KRAS,mir_regulates_mrna,,0.0476190485060215,0.0476190485060215,0.0476190485060215,0.0476190485060215,0.0476190485060215
2,MIMAT0027632,KRAS,mir_regulates_mrna,,0.0476190485060215,0.0476190485060215,0.0476190485060215,0.0476190485060215,0.0476190485060215
2,MIMAT0000438,KRAS,mir_regulates_mrna,,0.0476190485060215,0.0476190485060215,0.0476190485060215,0.0476190485060215,0.0476190485060215
2,MIMAT0004918,KRAS,mir_regulates_mrna,,0.0476190485060215,0.0476190485060215,0.0476190485060215,0.0476190485060215,0.0476190485060215
2,MIMAT0025844,KRAS,mir_regulates_mrna,,0.0476190485060215,0.0476190485060215,0.0476190485060215,0.0476190485060215,0.0476190485060215
2,MIMAT0000063,KRAS,mir_regulates_mrna,,0.0476190485060215,0.0476190485060215,0.0476190485060215,0.0476190485060215,0.0476190485060215
2,MIMAT0000261,KRAS,mir_regulates_mrna,,0.0476190485060215,0.0476190485060215,0.0476190485060215,0.0476190485060215,0.0476190485060215
2,MIMAT0000693,KRAS,mir_regulates_mrna,,0.0476190485060215,0.0476190485060215,0.0476190485060215,0.0476190485060215,0.0476190485060215
2,MIMAT0000252,CACNG5,mir_regulates_mrna,,1.0,1.0,1.0,1.0,1.0
2,MIMAT0000075,MAPKAPK5,mir_regulates_mrna,,0.011363636702299118,0.011363636702299118,0.011363636702299118,0.011363636702299118,0.011363636702299118
2,MIMAT0004498,MAPKAPK5,mir_regulates_mrna,,0.011363636702299118,0.011363636702299118,0.011363636702299118,0.011363636702299118,0.011363636702299118
2,MIMAT0000093,MAPKAPK5,mir_regulates_mrna,,0.011363636702299118,0.011363636702299118,0.011363636702299118,0.011363636702299118,0.011363636702299118
2,MIMAT0004517,MAPKAPK5,mir_regulates_mrna,,0.011363636702299118,0.011363636702299118,0.011363636702299118,0.011363636702299118,0.011363636702299118
2,MIMAT0004589,MAPKAPK5,mir_regulates_mrna,,0.011363636702299118,0.011363636702299118,0.011363636702299118,0.011363636702299118,0.011363636702299118
2,MIMAT0004612,MAPKAPK5,mir_regulates_mrna,,0.011363636702299118,0.011363636702299118,0.011363636702299118,0.011363636702299118,0.011363636702299118
2,MIMAT0000684,MAPKAPK5,mir_regulates_mrna,,0.011363636702299118,0.011363636702299118,0.011363636702299118,0.011363636702299118,0.011363636702299118
2,MIMAT0000715,MAPKAPK5,mir_regulates_mrna,,0.011363636702299118,0.011363636702299118,0.011363636702299118,0.011363636702299118,0.011363636702299118
2,MIMAT0000718,MAPKAPK5,mir_regulates_mrna,,0.011363636702299118,0.011363636702299118,0.011363636702299118,0.011363636702299118,0.011363636702299118
2,MIMAT0004689,MAPKAPK5,mir_regulates_mrna,,0.011363636702299118,0.011363636702299118,0.011363636702299118,0.011363636702299118,0.011363636702299118
2,MIMAT0002175,MAPKAPK5,mir_regulates_mrna,,0.011363636702299118,0.011363636702299118,0.011363636702299118,0.011363636702299118,0.011363636702299118
2,MIMAT0002834,MAPKAPK5,mir_regulates_mrna,,0.011363636702299118,0.011363636702299118,0.011363636702299118,0.011363636702299118,0.011363636702299118
2,MIMAT0026612,MAPKAPK5,mir_regulates_mrna,,0.011363636702299118,0.011363636702299118,0.011363636702299118,0.011363636702299118,0.011363636702299118
2,MIMAT0004784,MAPKAPK5,mir_regulates_mrna,,0.011363636702299118,0.011363636702299118,0.011363636702299118,0.011363636702299118,0.011363636702299118
2,MIMAT0004802,MAPKAPK5,mir_regulates_mrna,,0.011363636702299118,0.011363636702299118,0.011363636702299118,0.011363636702299118,0.011363636702299118
2,MIMAT0026622,MAPKAPK5,mir_regulates_mrna,,0.011363636702299118,0.011363636702299118,0.011363636702299118,0.011363636702299118,0.011363636702299118
2,MIMAT0003330,MAPKAPK5,mir_regulates_mrna,,0.011363636702299118,0.011363636702299118,0.011363636702299118,0.011363636702299118,0.011363636702299118
2,MIMAT0004920,MAPKAPK5,mir_regulates_mrna,,0.011363636702299118,0.011363636702299118,0.011363636702299118,0.011363636702299118,0.011363636702299118
2,MIMAT0004952,MAPKAPK5,mir_regulates_mrna,,0.011363636702299118,0.011363636702299118,0.011363636702299118,0.011363636702299118,0.011363636702299118
2,MIMAT0005582,MAPKAPK5,mir_regulates_mrna,,0.011363636702299118,0.011363636702299118,0.011363636702299118,0.011363636702299118,0.011363636702299118
2,MIMAT0026737,MAPKAPK5,mir_regulates_mrna,,0.011363636702299118,0.011363636702299118,0.011363636702299118,0.011363636702299118,0.011363636702299118
2,MIMAT0006767,MAPKAPK5,mir_regulates_mrna,,0.011363636702299118,0.011363636702299118,0.011363636702299118,0.011363636702299118,0.011363636702299118
2,MIMAT0026917,MAPKAPK5,mir_regulates_mrna,,0.011363636702299118,0.011363636702299118,0.011363636702299118,0.011363636702299118,0.011363636702299118
2,MIMAT0014984,MAPKAPK5,mir_regulates_mrna,,0.011363636702299118,0.011363636702299118,0.011363636702299118,0.011363636702299118,0.011363636702299118
2,MIMAT0015003,MAPKAPK5,mir_regulates_mrna,,0.011363636702299118,0.011363636702299118,0.011363636702299118,0.011363636702299118,0.011363636702299118
2,MIMAT0015073,MAPKAPK5,mir_regulates_mrna,,0.011363636702299118,0.011363636702299118,0.011363636702299118,0.011363636702299118,0.011363636702299118
2,MIMAT0019218,MAPKAPK5,mir_regulates_mrna,,0.011363636702299118,0.011363636702299118,0.011363636702299118,0.011363636702299118,0.011363636702299118
2,MIMAT0016886,MAPKAPK5,mir_regulates_mrna,,0.011363636702299118,0.011363636702299118,0.011363636702299118,0.011363636702299118,0.011363636702299118
2,MIMAT0027032,MAPKAPK5,mir_regulates_mrna,,0.011363636702299118,0.011363636702299118,0.011363636702299118,0.011363636702299118,0.011363636702299118
2,MIMAT0018109,MAPKAPK5,mir_regulates_mrna,,0.011363636702299118,0.011363636702299118,0.011363636702299118,0.011363636702299118,0.011363636702299118
2,MIMAT0018118,MAPKAPK5,mir_regulates_mrna,,0.011363636702299118,0.011363636702299118,0.011363636702299118,0.011363636702299118,0.011363636702299118
2,MIMAT0018181,MAPKAPK5,mir_regulates_mrna,,0.011363636702299118,0.011363636702299118,0.011363636702299118,0.011363636702299118,0.011363636702299118
2,MIMAT0018201,MAPKAPK5,mir_regulates_mrna,,0.011363636702299118,0.011363636702299118,0.011363636702299118,0.011363636702299118,0.011363636702299118
2,MIMAT0018206,MAPKAPK5,mir_regulates_mrna,,0.011363636702299118,0.011363636702299118,0.011363636702299118,0.011363636702299118,0.011363636702299118
2,MIMAT0018945,MAPKAPK5,mir_regulates_mrna,,0.011363636702299118,0.011363636702299118,0.011363636702299118,0.011363636702299118,0.011363636702299118
2,MIMAT0018957,MAPKAPK5,mir_regulates_mrna,,0.011363636702299118,0.011363636702299118,0.011363636702299118,0.011363636702299118,0.011363636702299118
2,MIMAT0018974,MAPKAPK5,mir_regulates_mrna,,0.011363636702299118,0.011363636702299118,0.011363636702299118,0.011363636702299118,0.011363636702299118
2,MIMAT0018985,MAPKAPK5,mir_regulates_mrna,,0.011363636702299118,0.011363636702299118,0.011363636702299118,0.011363636702299118,0.011363636702299118
2,MIMAT0019006,MAPKAPK5,mir_regulates_mrna,,0.011363636702299118,0.011363636702299118,0.011363636702299118,0.011363636702299118,0.011363636702299118
2,MIMAT0019007,MAPKAPK5,mir_regulates_mrna,,0.011363636702299118,0.011363636702299118,0.011363636702299118,0.011363636702299118,0.011363636702299118
2,MIMAT0019018,MAPKAPK5,mir_regulates_mrna,,0.011363636702299118,0.011363636702299118,0.011363636702299118,0.011363636702299118,0.011363636702299118
2,MIMAT0019769,MAPKAPK5,mir_regulates_mrna,,0.011363636702299118,0.011363636702299118,0.011363636702299118,0.011363636702299118,0.011363636702299118
2,MIMAT0019849,MAPKAPK5,mir_regulates_mrna,,0.011363636702299118,0.011363636702299118,0.011363636702299118,0.011363636702299118,0.011363636702299118
2,MIMAT0019921,MAPKAPK5,mir_regulates_mrna,,0.011363636702299118,0.011363636702299118,0.011363636702299118,0.011363636702299118,0.011363636702299118
2,MIMAT0019953,MAPKAPK5,mir_regulates_mrna,,0.011363636702299118,0.011363636702299118,0.011363636702299118,0.011363636702299118,0.011363636702299118
2,MIMAT0019954,MAPKAPK5,mir_regulates_mrna,,0.011363636702299118,0.011363636702299118,0.011363636702299118,0.011363636702299118,0.011363636702299118
2,MIMAT0019960,MAPKAPK5,mir_regulates_mrna,,0.011363636702299118,0.011363636702299118,0.011363636702299118,0.011363636702299118,0.011363636702299118
2,MIMAT0021081,MAPKAPK5,mir_regulates_mrna,,0.011363636702299118,0.011363636702299118,0.011363636702299118,0.011363636702299118,0.011363636702299118
2,MIMAT0022486,MAPKAPK5,mir_regulates_mrna,,0.011363636702299118,0.011363636702299118,0.011363636702299118,0.011363636702299118,0.011363636702299118
2,MIMAT0022492,MAPKAPK5,mir_regulates_mrna,,0.011363636702299118,0.011363636702299118,0.011363636702299118,0.011363636702299118,0.011363636702299118
2,MIMAT0023711,MAPKAPK5,mir_regulates_mrna,,0.011363636702299118,0.011363636702299118,0.011363636702299118,0.011363636702299118,0.011363636702299118
2,MIMAT0023714,MAPKAPK5,mir_regulates_mrna,,0.011363636702299118,0.011363636702299118,0.011363636702299118,0.011363636702299118,0.011363636702299118
2,MIMAT0024618,MAPKAPK5,mir_regulates_mrna,,0.011363636702299118,0.011363636702299118,0.011363636702299118,0.011363636702299118,0.011363636702299118
2,MIMAT0025468,MAPKAPK5,mir_regulates_mrna,,0.011363636702299118,0.011363636702299118,0.011363636702299118,0.011363636702299118,0.011363636702299118
2,MIMAT0025478,MAPKAPK5,mir_regulates_mrna,,0.011363636702299118,0.011363636702299118,0.011363636702299118,0.011363636702299118,0.011363636702299118
2,MIMAT0025482,MAPKAPK5,mir_regulates_mrna,,0.011363636702299118,0.011363636702299118,0.011363636702299118,0.011363636702299118,0.011363636702299118
2,MIMAT0027443,MAPKAPK5,mir_regulates_mrna,,0.011363636702299118,0.011363636702299118,0.011363636702299118,0.011363636702299118,0.011363636702299118
2,MIMAT0027447,MAPKAPK5,mir_regulates_mrna,,0.011363636702299118,0.011363636702299118,0.011363636702299118,0.011363636702299118,0.011363636702299118
2,MIMAT0027460,MAPKAPK5,mir_regulates_mrna,,0.011363636702299118,0.011363636702299118,0.011363636702299118,0.011363636702299118,0.011363636702299118
2,MIMAT0027476,MAPKAPK5,mir_regulates_mrna,,0.011363636702299118,0.011363636702299118,0.011363636702299118,0.011363636702299118,0.011363636702299118
2,MIMAT0027498,MAPKAPK5,mir_regulates_mrna,,0.011363636702299118,0.011363636702299118,0.011363636702299118,0.011363636702299118,0.011363636702299118
2,MIMAT0027599,MAPKAPK5,mir_regulates_mrna,,0.011363636702299118,0.011363636702299118,0.011363636702299118,0.011363636702299118,0.011363636702299118
2,MIMAT0027615,MAPKAPK5,mir_regulates_mrna,,0.011363636702299118,0.011363636702299118,0.011363636702299118,0.011363636702299118,0.011363636702299118
2,MIMAT0027659,MAPKAPK5,mir_regulates_mrna,,0.011363636702299118,0.011363636702299118,0.011363636702299118,0.011363636702299118,0.011363636702299118
2,MIMAT0027666,MAPKAPK5,mir_regulates_mrna,,0.011363636702299118,0.011363636702299118,0.011363636702299118,0.011363636702299118,0.011363636702299118
2,MIMAT0027668,MAPKAPK5,mir_regulates_mrna,,0.011363636702299118,0.011363636702299118,0.011363636702299118,0.011363636702299118,0.011363636702299118
2,MIMAT0028109,MAPKAPK5,mir_regulates_mrna,,0.011363636702299118,0.011363636702299118,0.011363636702299118,0.011363636702299118,0.011363636702299118
2,MIMAT0028230,MAPKAPK5,mir_regulates_mrna,,0.011363636702299118,0.011363636702299118,0.011363636702299118,0.011363636702299118,0.011363636702299118
2,MIMAT0030415,MAPKAPK5,mir_regulates_mrna,,0.011363636702299118,0.011363636702299118,0.011363636702299118,0.011363636702299118,0.011363636702299118
2,MIMAT0030429,MAPKAPK5,mir_regulates_mrna,,0.011363636702299118,0.011363636702299118,0.011363636702299118,0.011363636702299118,0.011363636702299118
2,MIMAT0031180,MAPKAPK5,mir_regulates_mrna,,0.011363636702299118,0.011363636702299118,0.011363636702299118,0.011363636702299118,0.011363636702299118
2,MIMAT0002816,MAPKAPK5,mir_regulates_mrna,,0.011363636702299118,0.011363636702299118,0.011363636702299118,0.011363636702299118,0.011363636702299118
2,MIMAT0003328,MAPKAPK5,mir_regulates_mrna,,0.011363636702299118,0.011363636702299118,0.011363636702299118,0.011363636702299118,0.011363636702299118
2,MIMAT0016915,MAPKAPK5,mir_regulates_mrna,,0.011363636702299118,0.011363636702299118,0.011363636702299118,0.011363636702299118,0.011363636702299118
2,MIMAT0018072,MAPKAPK5,mir_regulates_mrna,,0.011363636702299118,0.011363636702299118,0.011363636702299118,0.011363636702299118,0.011363636702299118
2,MIMAT0018934,MAPKAPK5,mir_regulates_mrna,,0.011363636702299118,0.011363636702299118,0.011363636702299118,0.011363636702299118,0.011363636702299118
2,MIMAT0019853,MAPKAPK5,mir_regulates_mrna,,0.011363636702299118,0.011363636702299118,0.011363636702299118,0.011363636702299118,0.011363636702299118
2,MIMAT0027514,MAPKAPK5,mir_regulates_mrna,,0.011363636702299118,0.011363636702299118,0.011363636702299118,0.011363636702299118,0.011363636702299118
2,MIMAT0000103,MAPKAPK5,mir_regulates_mrna,,0.011363636702299118,0.011363636702299118,0.011363636702299118,0.011363636702299118,0.011363636702299118
2,MIMAT0000447,MAPKAPK5,mir_regulates_mrna,,0.011363636702299118,0.011363636702299118,0.011363636702299118,0.011363636702299118,0.011363636702299118
2,MIMAT0002836,MAPKAPK5,mir_regulates_mrna,,0.011363636702299118,0.011363636702299118,0.011363636702299118,0.011363636702299118,0.011363636702299118
2,MIMAT0003270,MAPKAPK5,mir_regulates_mrna,,0.011363636702299118,0.011363636702299118,0.011363636702299118,0.011363636702299118,0.011363636702299118
2,MIMAT0003320,MAPKAPK5,mir_regulates_mrna,,0.011363636702299118,0.011363636702299118,0.011363636702299118,0.011363636702299118,0.011363636702299118
2,MIMAT0017989,MAPKAPK5,mir_regulates_mrna,,0.011363636702299118,0.011363636702299118,0.011363636702299118,0.011363636702299118,0.011363636702299118
2,MIMAT0019050,MAPKAPK5,mir_regulates_mrna,,0.011363636702299118,0.011363636702299118,0.011363636702299118,0.011363636702299118,0.011363636702299118
2,MIMAT0019692,MAPKAPK5,mir_regulates_mrna,,0.011363636702299118,0.011363636702299118,0.011363636702299118,0.011363636702299118,0.011363636702299118
2,MIMAT0027470,MAPKAPK5,mir_regulates_mrna,,0.011363636702299118,0.011363636702299118,0.011363636702299118,0.011363636702299118,0.011363636702299118
2,MIMAT0027537,MAPKAPK5,mir_regulates_mrna,,0.011363636702299118,0.011363636702299118,0.011363636702299118,0.011363636702299118,0.011363636702299118
2,MIMAT0026472,MAP3K2,mir_regulates_mrna,,0.02083333395421505,0.02083333395421505,0.02083333395421505,0.02083333395421505,0.02083333395421505
2,MIMAT0000070,MAP3K2,mir_regulates_mrna,,0.02083333395421505,0.02083333395421505,0.02083333395421505,0.02083333395421505,0.02083333395421505
2,MIMAT0000075,MAP3K2,mir_regulates_mrna,,0.02083333395421505,0.02083333395421505,0.02083333395421505,0.02083333395421505,0.02083333395421505
2,MIMAT0000103,MAP3K2,mir_regulates_mrna,,0.02083333395421505,0.02083333395421505,0.02083333395421505,0.02083333395421505,0.02083333395421505
2,MIMAT0000278,MAP3K2,mir_regulates_mrna,,0.02083333395421505,0.02083333395421505,0.02083333395421505,0.02083333395421505,0.02083333395421505
2,MIMAT0004599,MAP3K2,mir_regulates_mrna,,0.02083333395421505,0.02083333395421505,0.02083333395421505,0.02083333395421505,0.02083333395421505
2,MIMAT0000680,MAP3K2,mir_regulates_mrna,,0.02083333395421505,0.02083333395421505,0.02083333395421505,0.02083333395421505,0.02083333395421505
2,MIMAT0001413,MAP3K2,mir_regulates_mrna,,0.02083333395421505,0.02083333395421505,0.02083333395421505,0.02083333395421505,0.02083333395421505
2,MIMAT0002834,MAP3K2,mir_regulates_mrna,,0.02083333395421505,0.02083333395421505,0.02083333395421505,0.02083333395421505,0.02083333395421505
2,MIMAT0004784,MAP3K2,mir_regulates_mrna,,0.02083333395421505,0.02083333395421505,0.02083333395421505,0.02083333395421505,0.02083333395421505
2,MIMAT0003218,MAP3K2,mir_regulates_mrna,,0.02083333395421505,0.02083333395421505,0.02083333395421505,0.02083333395421505,0.02083333395421505
2,MIMAT0004795,MAP3K2,mir_regulates_mrna,,0.02083333395421505,0.02083333395421505,0.02083333395421505,0.02083333395421505,0.02083333395421505
2,MIMAT0010497,MAP3K2,mir_regulates_mrna,,0.02083333395421505,0.02083333395421505,0.02083333395421505,0.02083333395421505,0.02083333395421505
2,MIMAT0004970,MAP3K2,mir_regulates_mrna,,0.02083333395421505,0.02083333395421505,0.02083333395421505,0.02083333395421505,0.02083333395421505
2,MIMAT0016853,MAP3K2,mir_regulates_mrna,,0.02083333395421505,0.02083333395421505,0.02083333395421505,0.02083333395421505,0.02083333395421505
2,MIMAT0018105,MAP3K2,mir_regulates_mrna,,0.02083333395421505,0.02083333395421505,0.02083333395421505,0.02083333395421505,0.02083333395421505
2,MIMAT0018973,MAP3K2,mir_regulates_mrna,,0.02083333395421505,0.02083333395421505,0.02083333395421505,0.02083333395421505,0.02083333395421505
2,MIMAT0019847,MAP3K2,mir_regulates_mrna,,0.02083333395421505,0.02083333395421505,0.02083333395421505,0.02083333395421505,0.02083333395421505
2,MIMAT0019923,MAP3K2,mir_regulates_mrna,,0.02083333395421505,0.02083333395421505,0.02083333395421505,0.02083333395421505,0.02083333395421505
2,MIMAT0019937,MAP3K2,mir_regulates_mrna,,0.02083333395421505,0.02083333395421505,0.02083333395421505,0.02083333395421505,0.02083333395421505
2,MIMAT0027041,MAP3K2,mir_regulates_mrna,,0.02083333395421505,0.02083333395421505,0.02083333395421505,0.02083333395421505,0.02083333395421505
2,MIMAT0022301,MAP3K2,mir_regulates_mrna,,0.02083333395421505,0.02083333395421505,0.02083333395421505,0.02083333395421505,0.02083333395421505
2,MIMAT0025454,MAP3K2,mir_regulates_mrna,,0.02083333395421505,0.02083333395421505,0.02083333395421505,0.02083333395421505,0.02083333395421505
2,MIMAT0027368,MAP3K2,mir_regulates_mrna,,0.02083333395421505,0.02083333395421505,0.02083333395421505,0.02083333395421505,0.02083333395421505
2,MIMAT0027378,MAP3K2,mir_regulates_mrna,,0.02083333395421505,0.02083333395421505,0.02083333395421505,0.02083333395421505,0.02083333395421505
2,MIMAT0027440,MAP3K2,mir_regulates_mrna,,0.02083333395421505,0.02083333395421505,0.02083333395421505,0.02083333395421505,0.02083333395421505
2,MIMAT0027534,MAP3K2,mir_regulates_mrna,,0.02083333395421505,0.02083333395421505,0.02083333395421505,0.02083333395421505,0.02083333395421505
2,MIMAT0027553,MAP3K2,mir_regulates_mrna,,0.02083333395421505,0.02083333395421505,0.02083333395421505,0.02083333395421505,0.02083333395421505
2,MIMAT0027562,MAP3K2,mir_regulates_mrna,,0.02083333395421505,0.02083333395421505,0.02083333395421505,0.02083333395421505,0.02083333395421505
2,MIMAT0027634,MAP3K2,mir_regulates_mrna,,0.02083333395421505,0.02083333395421505,0.02083333395421505,0.02083333395421505,0.02083333395421505
2,MIMAT0027651,MAP3K2,mir_regulates_mrna,,0.02083333395421505,0.02083333395421505,0.02083333395421505,0.02083333395421505,0.02083333395421505
2,MIMAT0000242,MAP3K2,mir_regulates_mrna,,0.02083333395421505,0.02083333395421505,0.02083333395421505,0.02083333395421505,0.02083333395421505
2,MIMAT0000751,MAP3K2,mir_regulates_mrna,,0.02083333395421505,0.02083333395421505,0.02083333395421505,0.02083333395421505,0.02083333395421505
2,MIMAT0019201,MAP3K2,mir_regulates_mrna,,0.02083333395421505,0.02083333395421505,0.02083333395421505,0.02083333395421505,0.02083333395421505
2,MIMAT0018090,MAP3K2,mir_regulates_mrna,,0.02083333395421505,0.02083333395421505,0.02083333395421505,0.02083333395421505,0.02083333395421505
2,MIMAT0019363,MAP3K2,mir_regulates_mrna,,0.02083333395421505,0.02083333395421505,0.02083333395421505,0.02083333395421505,0.02083333395421505
2,MIMAT0023715,MAP3K2,mir_regulates_mrna,,0.02083333395421505,0.02083333395421505,0.02083333395421505,0.02083333395421505,0.02083333395421505
2,MIMAT0027413,MAP3K2,mir_regulates_mrna,,0.02083333395421505,0.02083333395421505,0.02083333395421505,0.02083333395421505,0.02083333395421505
2,MIMAT0027632,MAP3K2,mir_regulates_mrna,,0.02083333395421505,0.02083333395421505,0.02083333395421505,0.02083333395421505,0.02083333395421505
2,MIMAT0030990,MAP3K2,mir_regulates_mrna,,0.02083333395421505,0.02083333395421505,0.02083333395421505,0.02083333395421505,0.02083333395421505
2,MIMAT0001080,MAP3K2,mir_regulates_mrna,,0.02083333395421505,0.02083333395421505,0.02083333395421505,0.02083333395421505,0.02083333395421505
2,MIMAT0003283,MAP3K2,mir_regulates_mrna,,0.02083333395421505,0.02083333395421505,0.02083333395421505,0.02083333395421505,0.02083333395421505
2,MIMAT0019215,MAP3K2,mir_regulates_mrna,,0.02083333395421505,0.02083333395421505,0.02083333395421505,0.02083333395421505,0.02083333395421505
2,MIMAT0019690,MAP3K2,mir_regulates_mrna,,0.02083333395421505,0.02083333395421505,0.02083333395421505,0.02083333395421505,0.02083333395421505
2,MIMAT0022272,MAP3K2,mir_regulates_mrna,,0.02083333395421505,0.02083333395421505,0.02083333395421505,0.02083333395421505,0.02083333395421505
2,MIMAT0027370,MAP3K2,mir_regulates_mrna,,0.02083333395421505,0.02083333395421505,0.02083333395421505,0.02083333395421505,0.02083333395421505
2,MIMAT0027465,MAP3K2,mir_regulates_mrna,,0.02083333395421505,0.02083333395421505,0.02083333395421505,0.02083333395421505,0.02083333395421505
2,MIMAT0027637,MAP3K2,mir_regulates_mrna,,0.02083333395421505,0.02083333395421505,0.02083333395421505,0.02083333395421505,0.02083333395421505
2,MIMAT0022844,SOS1,mir_regulates_mrna,,0.1428571492433548,0.1428571492433548,0.1428571492433548,0.1428571492433548,0.1428571492433548
2,MIMAT0000424,SOS1,mir_regulates_mrna,,0.1428571492433548,0.1428571492433548,0.1428571492433548,0.1428571492433548,0.1428571492433548
2,MIMAT0015031,SOS1,mir_regulates_mrna,,0.1428571492433548,0.1428571492433548,0.1428571492433548,0.1428571492433548,0.1428571492433548
2,MIMAT0015002,SOS1,mir_regulates_mrna,,0.1428571492433548,0.1428571492433548,0.1428571492433548,0.1428571492433548,0.1428571492433548
2,MIMAT0019703,SOS1,mir_regulates_mrna,,0.1428571492433548,0.1428571492433548,0.1428571492433548,0.1428571492433548,0.1428571492433548
2,MIMAT0019980,SOS1,mir_regulates_mrna,,0.1428571492433548,0.1428571492433548,0.1428571492433548,0.1428571492433548,0.1428571492433548
2,MIMAT0025841,SOS1,mir_regulates_mrna,,0.1428571492433548,0.1428571492433548,0.1428571492433548,0.1428571492433548,0.1428571492433548
2,MIMAT0003945,CACNG7,mir_regulates_mrna,,0.5,0.5,0.5,0.5,0.5
2,MIMAT0027682,CACNG7,mir_regulates_mrna,,0.5,0.5,0.5,0.5,0.5
2,MIMAT0002882,DUSP4,mir_regulates_mrna,,0.0476190485060215,0.0476190485060215,0.0476190485060215,0.0476190485060215,0.0476190485060215
2,MIMAT0032029,DUSP4,mir_regulates_mrna,,0.0476190485060215,0.0476190485060215,0.0476190485060215,0.0476190485060215,0.0476190485060215
2,MIMAT0011156,DUSP4,mir_regulates_mrna,,0.0476190485060215,0.0476190485060215,0.0476190485060215,0.0476190485060215,0.0476190485060215
2,MIMAT0019199,DUSP4,mir_regulates_mrna,,0.0476190485060215,0.0476190485060215,0.0476190485060215,0.0476190485060215,0.0476190485060215
2,MIMAT0016917,DUSP4,mir_regulates_mrna,,0.0476190485060215,0.0476190485060215,0.0476190485060215,0.0476190485060215,0.0476190485060215
2,MIMAT0016921,DUSP4,mir_regulates_mrna,,0.0476190485060215,0.0476190485060215,0.0476190485060215,0.0476190485060215,0.0476190485060215
2,MIMAT0018090,DUSP4,mir_regulates_mrna,,0.0476190485060215,0.0476190485060215,0.0476190485060215,0.0476190485060215,0.0476190485060215
2,MIMAT0019772,DUSP4,mir_regulates_mrna,,0.0476190485060215,0.0476190485060215,0.0476190485060215,0.0476190485060215,0.0476190485060215
2,MIMAT0019921,DUSP4,mir_regulates_mrna,,0.0476190485060215,0.0476190485060215,0.0476190485060215,0.0476190485060215,0.0476190485060215
2,MIMAT0027041,DUSP4,mir_regulates_mrna,,0.0476190485060215,0.0476190485060215,0.0476190485060215,0.0476190485060215,0.0476190485060215
2,MIMAT0024618,DUSP4,mir_regulates_mrna,,0.0476190485060215,0.0476190485060215,0.0476190485060215,0.0476190485060215,0.0476190485060215
2,MIMAT0025471,DUSP4,mir_regulates_mrna,,0.0476190485060215,0.0476190485060215,0.0476190485060215,0.0476190485060215,0.0476190485060215
2,MIMAT0027399,DUSP4,mir_regulates_mrna,,0.0476190485060215,0.0476190485060215,0.0476190485060215,0.0476190485060215,0.0476190485060215
2,MIMAT0027458,DUSP4,mir_regulates_mrna,,0.0476190485060215,0.0476190485060215,0.0476190485060215,0.0476190485060215,0.0476190485060215
2,MIMAT0027460,DUSP4,mir_regulates_mrna,,0.0476190485060215,0.0476190485060215,0.0476190485060215,0.0476190485060215,0.0476190485060215
2,MIMAT0027470,DUSP4,mir_regulates_mrna,,0.0476190485060215,0.0476190485060215,0.0476190485060215,0.0476190485060215,0.0476190485060215
2,MIMAT0027485,DUSP4,mir_regulates_mrna,,0.0476190485060215,0.0476190485060215,0.0476190485060215,0.0476190485060215,0.0476190485060215
2,MIMAT0027666,DUSP4,mir_regulates_mrna,,0.0476190485060215,0.0476190485060215,0.0476190485060215,0.0476190485060215,0.0476190485060215
2,MIMAT0027688,DUSP4,mir_regulates_mrna,,0.0476190485060215,0.0476190485060215,0.0476190485060215,0.0476190485060215,0.0476190485060215
2,MIMAT0004589,DUSP4,mir_regulates_mrna,,0.0476190485060215,0.0476190485060215,0.0476190485060215,0.0476190485060215,0.0476190485060215
2,MIMAT0027456,DUSP4,mir_regulates_mrna,,0.0476190485060215,0.0476190485060215,0.0476190485060215,0.0476190485060215,0.0476190485060215
2,MIMAT0027567,PDGFA,mir_regulates_mrna,,0.5,0.5,0.5,0.5,0.5
2,MIMAT0027647,PDGFA,mir_regulates_mrna,,0.5,0.5,0.5,0.5,0.5
2,MIMAT0025471,EFNA2,mir_regulates_mrna,,1.0,1.0,1.0,1.0,1.0
2,MIMAT0000070,EREG,mir_regulates_mrna,,0.0714285746216774,0.0714285746216774,0.0714285746216774,0.0714285746216774,0.0714285746216774
2,MIMAT0000086,EREG,mir_regulates_mrna,,0.0714285746216774,0.0714285746216774,0.0714285746216774,0.0714285746216774,0.0714285746216774
2,MIMAT0000422,EREG,mir_regulates_mrna,,0.0714285746216774,0.0714285746216774,0.0714285746216774,0.0714285746216774,0.0714285746216774
2,MIMAT0004595,EREG,mir_regulates_mrna,,0.0714285746216774,0.0714285746216774,0.0714285746216774,0.0714285746216774,0.0714285746216774
2,MIMAT0004612,EREG,mir_regulates_mrna,,0.0714285746216774,0.0714285746216774,0.0714285746216774,0.0714285746216774,0.0714285746216774
2,MIMAT0000681,EREG,mir_regulates_mrna,,0.0714285746216774,0.0714285746216774,0.0714285746216774,0.0714285746216774,0.0714285746216774
2,MIMAT0002836,EREG,mir_regulates_mrna,,0.0714285746216774,0.0714285746216774,0.0714285746216774,0.0714285746216774,0.0714285746216774
2,MIMAT0010497,EREG,mir_regulates_mrna,,0.0714285746216774,0.0714285746216774,0.0714285746216774,0.0714285746216774,0.0714285746216774
2,MIMAT0011161,EREG,mir_regulates_mrna,,0.0714285746216774,0.0714285746216774,0.0714285746216774,0.0714285746216774,0.0714285746216774
2,MIMAT0018953,EREG,mir_regulates_mrna,,0.0714285746216774,0.0714285746216774,0.0714285746216774,0.0714285746216774,0.0714285746216774
2,MIMAT0019954,EREG,mir_regulates_mrna,,0.0714285746216774,0.0714285746216774,0.0714285746216774,0.0714285746216774,0.0714285746216774
2,MIMAT0022283,EREG,mir_regulates_mrna,,0.0714285746216774,0.0714285746216774,0.0714285746216774,0.0714285746216774,0.0714285746216774
2,MIMAT0027635,EREG,mir_regulates_mrna,,0.0714285746216774,0.0714285746216774,0.0714285746216774,0.0714285746216774,0.0714285746216774
2,MIMAT0030986,EREG,mir_regulates_mrna,,0.0714285746216774,0.0714285746216774,0.0714285746216774,0.0714285746216774,0.0714285746216774
2,MIMAT0004487,DUSP6,mir_regulates_mrna,,0.1428571492433548,0.1428571492433548,0.1428571492433548,0.1428571492433548,0.1428571492433548
2,MIMAT0000753,DUSP6,mir_regulates_mrna,,0.1428571492433548,0.1428571492433548,0.1428571492433548,0.1428571492433548,0.1428571492433548
2,MIMAT0022713,DUSP6,mir_regulates_mrna,,0.1428571492433548,0.1428571492433548,0.1428571492433548,0.1428571492433548,0.1428571492433548
2,MIMAT0022838,DUSP6,mir_regulates_mrna,,0.1428571492433548,0.1428571492433548,0.1428571492433548,0.1428571492433548,0.1428571492433548
2,MIMAT0021127,DUSP6,mir_regulates_mrna,,0.1428571492433548,0.1428571492433548,0.1428571492433548,0.1428571492433548,0.1428571492433548
2,MIMAT0033692,DUSP6,mir_regulates_mrna,,0.1428571492433548,0.1428571492433548,0.1428571492433548,0.1428571492433548,0.1428571492433548
2,MIMAT0000736,DUSP6,mir_regulates_mrna,,0.1428571492433548,0.1428571492433548,0.1428571492433548,0.1428571492433548,0.1428571492433548
2,MIMAT0004957,DUSP7,mir_regulates_mrna,,0.0833333358168602,0.0833333358168602,0.0833333358168602,0.0833333358168602,0.0833333358168602
2,MIMAT0005952,DUSP7,mir_regulates_mrna,,0.0833333358168602,0.0833333358168602,0.0833333358168602,0.0833333358168602,0.0833333358168602
2,MIMAT0015037,DUSP7,mir_regulates_mrna,,0.0833333358168602,0.0833333358168602,0.0833333358168602,0.0833333358168602,0.0833333358168602
2,MIMAT0018953,DUSP7,mir_regulates_mrna,,0.0833333358168602,0.0833333358168602,0.0833333358168602,0.0833333358168602,0.0833333358168602
2,MIMAT0019704,DUSP7,mir_regulates_mrna,,0.0833333358168602,0.0833333358168602,0.0833333358168602,0.0833333358168602,0.0833333358168602
2,MIMAT0022491,DUSP7,mir_regulates_mrna,,0.0833333358168602,0.0833333358168602,0.0833333358168602,0.0833333358168602,0.0833333358168602
2,MIMAT0027363,DUSP7,mir_regulates_mrna,,0.0833333358168602,0.0833333358168602,0.0833333358168602,0.0833333358168602,0.0833333358168602
2,MIMAT0027612,DUSP7,mir_regulates_mrna,,0.0833333358168602,0.0833333358168602,0.0833333358168602,0.0833333358168602,0.0833333358168602
2,MIMAT0027640,DUSP7,mir_regulates_mrna,,0.0833333358168602,0.0833333358168602,0.0833333358168602,0.0833333358168602,0.0833333358168602
2,MIMAT0027674,DUSP7,mir_regulates_mrna,,0.0833333358168602,0.0833333358168602,0.0833333358168602,0.0833333358168602,0.0833333358168602
2,MIMAT0028119,DUSP7,mir_regulates_mrna,,0.0833333358168602,0.0833333358168602,0.0833333358168602,0.0833333358168602,0.0833333358168602
2,MIMAT0031012,DUSP7,mir_regulates_mrna,,0.0833333358168602,0.0833333358168602,0.0833333358168602,0.0833333358168602,0.0833333358168602
2,MIMAT0000092,EFNA5,mir_regulates_mrna,,0.10000000149011612,0.10000000149011612,0.10000000149011612,0.10000000149011612,0.10000000149011612
2,MIMAT0002872,EFNA5,mir_regulates_mrna,,0.10000000149011612,0.10000000149011612,0.10000000149011612,0.10000000149011612,0.10000000149011612
2,MIMAT0016925,EFNA5,mir_regulates_mrna,,0.10000000149011612,0.10000000149011612,0.10000000149011612,0.10000000149011612,0.10000000149011612
2,MIMAT0025841,EFNA5,mir_regulates_mrna,,0.10000000149011612,0.10000000149011612,0.10000000149011612,0.10000000149011612,0.10000000149011612
2,MIMAT0025843,EFNA5,mir_regulates_mrna,,0.10000000149011612,0.10000000149011612,0.10000000149011612,0.10000000149011612,0.10000000149011612
2,MIMAT0027395,EFNA5,mir_regulates_mrna,,0.10000000149011612,0.10000000149011612,0.10000000149011612,0.10000000149011612,0.10000000149011612
2,MIMAT0027489,EFNA5,mir_regulates_mrna,,0.10000000149011612,0.10000000149011612,0.10000000149011612,0.10000000149011612,0.10000000149011612
2,MIMAT0027559,EFNA5,mir_regulates_mrna,,0.10000000149011612,0.10000000149011612,0.10000000149011612,0.10000000149011612,0.10000000149011612
2,MIMAT0027575,EFNA5,mir_regulates_mrna,,0.10000000149011612,0.10000000149011612,0.10000000149011612,0.10000000149011612,0.10000000149011612
2,MIMAT0030981,EFNA5,mir_regulates_mrna,,0.10000000149011612,0.10000000149011612,0.10000000149011612,0.10000000149011612,0.10000000149011612
2,MIMAT0004772,ELK4,mir_regulates_mrna,,0.03125,0.03125,0.03125,0.03125,0.03125
2,MIMAT0019898,ELK4,mir_regulates_mrna,,0.03125,0.03125,0.03125,0.03125,0.03125
2,MIMAT0004489,ELK4,mir_regulates_mrna,,0.03125,0.03125,0.03125,0.03125,0.03125
2,MIMAT0000101,ELK4,mir_regulates_mrna,,0.03125,0.03125,0.03125,0.03125,0.03125
2,MIMAT0000104,ELK4,mir_regulates_mrna,,0.03125,0.03125,0.03125,0.03125,0.03125
2,MIMAT0000684,ELK4,mir_regulates_mrna,,0.03125,0.03125,0.03125,0.03125,0.03125
2,MIMAT0000715,ELK4,mir_regulates_mrna,,0.03125,0.03125,0.03125,0.03125,0.03125
2,MIMAT0000717,ELK4,mir_regulates_mrna,,0.03125,0.03125,0.03125,0.03125,0.03125
2,MIMAT0000718,ELK4,mir_regulates_mrna,,0.03125,0.03125,0.03125,0.03125,0.03125
2,MIMAT0022861,ELK4,mir_regulates_mrna,,0.03125,0.03125,0.03125,0.03125,0.03125
2,MIMAT0000724,ELK4,mir_regulates_mrna,,0.03125,0.03125,0.03125,0.03125,0.03125
2,MIMAT0000726,ELK4,mir_regulates_mrna,,0.03125,0.03125,0.03125,0.03125,0.03125
2,MIMAT0004703,ELK4,mir_regulates_mrna,,0.03125,0.03125,0.03125,0.03125,0.03125
2,MIMAT0002820,ELK4,mir_regulates_mrna,,0.03125,0.03125,0.03125,0.03125,0.03125
2,MIMAT0002834,ELK4,mir_regulates_mrna,,0.03125,0.03125,0.03125,0.03125,0.03125
2,MIMAT0002846,ELK4,mir_regulates_mrna,,0.03125,0.03125,0.03125,0.03125,0.03125
2,MIMAT0002854,ELK4,mir_regulates_mrna,,0.03125,0.03125,0.03125,0.03125,0.03125
2,MIMAT0002856,ELK4,mir_regulates_mrna,,0.03125,0.03125,0.03125,0.03125,0.03125
2,MIMAT0002858,ELK4,mir_regulates_mrna,,0.03125,0.03125,0.03125,0.03125,0.03125
2,MIMAT0002867,ELK4,mir_regulates_mrna,,0.03125,0.03125,0.03125,0.03125,0.03125
2,MIMAT0004814,ELK4,mir_regulates_mrna,,0.03125,0.03125,0.03125,0.03125,0.03125
2,MIMAT0018108,ELK4,mir_regulates_mrna,,0.03125,0.03125,0.03125,0.03125,0.03125
2,MIMAT0018355,ELK4,mir_regulates_mrna,,0.03125,0.03125,0.03125,0.03125,0.03125
2,MIMAT0018995,ELK4,mir_regulates_mrna,,0.03125,0.03125,0.03125,0.03125,0.03125
2,MIMAT0019358,ELK4,mir_regulates_mrna,,0.03125,0.03125,0.03125,0.03125,0.03125
2,MIMAT0019750,ELK4,mir_regulates_mrna,,0.03125,0.03125,0.03125,0.03125,0.03125
2,MIMAT0019878,ELK4,mir_regulates_mrna,,0.03125,0.03125,0.03125,0.03125,0.03125
2,MIMAT0019969,ELK4,mir_regulates_mrna,,0.03125,0.03125,0.03125,0.03125,0.03125
2,MIMAT0027453,ELK4,mir_regulates_mrna,,0.03125,0.03125,0.03125,0.03125,0.03125
2,MIMAT0027578,ELK4,mir_regulates_mrna,,0.03125,0.03125,0.03125,0.03125,0.03125
2,MIMAT0027598,ELK4,mir_regulates_mrna,,0.03125,0.03125,0.03125,0.03125,0.03125
2,MIMAT0033692,ELK4,mir_regulates_mrna,,0.03125,0.03125,0.03125,0.03125,0.03125
2,MIMAT0015030,FGF7,mir_regulates_mrna,,1.0,1.0,1.0,1.0,1.0
2,MIMAT0002173,FGF9,mir_regulates_mrna,,0.125,0.125,0.125,0.125,0.125
2,MIMAT0003291,FGF9,mir_regulates_mrna,,0.125,0.125,0.125,0.125,0.125
2,MIMAT0019014,FGF9,mir_regulates_mrna,,0.125,0.125,0.125,0.125,0.125
2,MIMAT0027535,FGF9,mir_regulates_mrna,,0.125,0.125,0.125,0.125,0.125
2,MIMAT0027567,FGF9,mir_regulates_mrna,,0.125,0.125,0.125,0.125,0.125
2,MIMAT0027647,FGF9,mir_regulates_mrna,,0.125,0.125,0.125,0.125,0.125
2,MIMAT0027663,FGF9,mir_regulates_mrna,,0.125,0.125,0.125,0.125,0.125
2,MIMAT0033692,FGF9,mir_regulates_mrna,,0.125,0.125,0.125,0.125,0.125
2,MIMAT0000417,GRB2,mir_regulates_mrna,,0.03125,0.03125,0.03125,0.03125,0.03125
2,MIMAT0000422,GRB2,mir_regulates_mrna,,0.03125,0.03125,0.03125,0.03125,0.03125
2,MIMAT0000732,GRB2,mir_regulates_mrna,,0.03125,0.03125,0.03125,0.03125,0.03125
2,MIMAT0001629,GRB2,mir_regulates_mrna,,0.03125,0.03125,0.03125,0.03125,0.03125
2,MIMAT0003218,GRB2,mir_regulates_mrna,,0.03125,0.03125,0.03125,0.03125,0.03125
2,MIMAT0003222,GRB2,mir_regulates_mrna,,0.03125,0.03125,0.03125,0.03125,0.03125
2,MIMAT0003326,GRB2,mir_regulates_mrna,,0.03125,0.03125,0.03125,0.03125,0.03125
2,MIMAT0022711,GRB2,mir_regulates_mrna,,0.03125,0.03125,0.03125,0.03125,0.03125
2,MIMAT0007881,GRB2,mir_regulates_mrna,,0.03125,0.03125,0.03125,0.03125,0.03125
2,MIMAT0014982,GRB2,mir_regulates_mrna,,0.03125,0.03125,0.03125,0.03125,0.03125
2,MIMAT0015026,GRB2,mir_regulates_mrna,,0.03125,0.03125,0.03125,0.03125,0.03125
2,MIMAT0015048,GRB2,mir_regulates_mrna,,0.03125,0.03125,0.03125,0.03125,0.03125
2,MIMAT0019012,GRB2,mir_regulates_mrna,,0.03125,0.03125,0.03125,0.03125,0.03125
2,MIMAT0019882,GRB2,mir_regulates_mrna,,0.03125,0.03125,0.03125,0.03125,0.03125
2,MIMAT0019885,GRB2,mir_regulates_mrna,,0.03125,0.03125,0.03125,0.03125,0.03125
2,MIMAT0021128,GRB2,mir_regulates_mrna,,0.03125,0.03125,0.03125,0.03125,0.03125
2,MIMAT0024610,GRB2,mir_regulates_mrna,,0.03125,0.03125,0.03125,0.03125,0.03125
2,MIMAT0024613,GRB2,mir_regulates_mrna,,0.03125,0.03125,0.03125,0.03125,0.03125
2,MIMAT0024617,GRB2,mir_regulates_mrna,,0.03125,0.03125,0.03125,0.03125,0.03125
2,MIMAT0027474,GRB2,mir_regulates_mrna,,0.03125,0.03125,0.03125,0.03125,0.03125
2,MIMAT0027483,GRB2,mir_regulates_mrna,,0.03125,0.03125,0.03125,0.03125,0.03125
2,MIMAT0027650,GRB2,mir_regulates_mrna,,0.03125,0.03125,0.03125,0.03125,0.03125
2,MIMAT0027682,GRB2,mir_regulates_mrna,,0.03125,0.03125,0.03125,0.03125,0.03125
2,MIMAT0002891,GRB2,mir_regulates_mrna,,0.03125,0.03125,0.03125,0.03125,0.03125
2,MIMAT0000084,GRB2,mir_regulates_mrna,,0.03125,0.03125,0.03125,0.03125,0.03125
2,MIMAT0004957,GRB2,mir_regulates_mrna,,0.03125,0.03125,0.03125,0.03125,0.03125
2,MIMAT0018189,GRB2,mir_regulates_mrna,,0.03125,0.03125,0.03125,0.03125,0.03125
2,MIMAT0023702,GRB2,mir_regulates_mrna,,0.03125,0.03125,0.03125,0.03125,0.03125
2,MIMAT0024782,GRB2,mir_regulates_mrna,,0.03125,0.03125,0.03125,0.03125,0.03125
2,MIMAT0027559,GRB2,mir_regulates_mrna,,0.03125,0.03125,0.03125,0.03125,0.03125
2,MIMAT0027568,GRB2,mir_regulates_mrna,,0.03125,0.03125,0.03125,0.03125,0.03125
2,MIMAT0031000,GRB2,mir_regulates_mrna,,0.03125,0.03125,0.03125,0.03125,0.03125
2,MIMAT0025451,HSPA6,mir_regulates_mrna,,1.0,1.0,1.0,1.0,1.0
2,MIMAT0019985,JUN,mir_regulates_mrna,,1.0,1.0,1.0,1.0,1.0
2,MIMAT0000417,KDR,mir_regulates_mrna,,1.0,1.0,1.0,1.0,1.0
2,MIMAT0000427,NGFR,mir_regulates_mrna,,0.05882352963089943,0.05882352963089943,0.05882352963089943,0.05882352963089943,0.05882352963089943
2,MIMAT0003276,NGFR,mir_regulates_mrna,,0.05882352963089943,0.05882352963089943,0.05882352963089943,0.05882352963089943,0.05882352963089943
2,MIMAT0005952,NGFR,mir_regulates_mrna,,0.05882352963089943,0.05882352963089943,0.05882352963089943,0.05882352963089943,0.05882352963089943
2,MIMAT0009447,NGFR,mir_regulates_mrna,,0.05882352963089943,0.05882352963089943,0.05882352963089943,0.05882352963089943,0.05882352963089943
2,MIMAT0015056,NGFR,mir_regulates_mrna,,0.05882352963089943,0.05882352963089943,0.05882352963089943,0.05882352963089943,0.05882352963089943
2,MIMAT0016900,NGFR,mir_regulates_mrna,,0.05882352963089943,0.05882352963089943,0.05882352963089943,0.05882352963089943,0.05882352963089943
2,MIMAT0019043,NGFR,mir_regulates_mrna,,0.05882352963089943,0.05882352963089943,0.05882352963089943,0.05882352963089943,0.05882352963089943
2,MIMAT0019715,NGFR,mir_regulates_mrna,,0.05882352963089943,0.05882352963089943,0.05882352963089943,0.05882352963089943,0.05882352963089943
2,MIMAT0019849,NGFR,mir_regulates_mrna,,0.05882352963089943,0.05882352963089943,0.05882352963089943,0.05882352963089943,0.05882352963089943
2,MIMAT0019868,NGFR,mir_regulates_mrna,,0.05882352963089943,0.05882352963089943,0.05882352963089943,0.05882352963089943,0.05882352963089943
2,MIMAT0019899,NGFR,mir_regulates_mrna,,0.05882352963089943,0.05882352963089943,0.05882352963089943,0.05882352963089943,0.05882352963089943
2,MIMAT0021043,NGFR,mir_regulates_mrna,,0.05882352963089943,0.05882352963089943,0.05882352963089943,0.05882352963089943,0.05882352963089943
2,MIMAT0021128,NGFR,mir_regulates_mrna,,0.05882352963089943,0.05882352963089943,0.05882352963089943,0.05882352963089943,0.05882352963089943
2,MIMAT0027365,NGFR,mir_regulates_mrna,,0.05882352963089943,0.05882352963089943,0.05882352963089943,0.05882352963089943,0.05882352963089943
2,MIMAT0027550,NGFR,mir_regulates_mrna,,0.05882352963089943,0.05882352963089943,0.05882352963089943,0.05882352963089943,0.05882352963089943
2,MIMAT0027640,NGFR,mir_regulates_mrna,,0.05882352963089943,0.05882352963089943,0.05882352963089943,0.05882352963089943,0.05882352963089943
2,MIMAT0028109,NGFR,mir_regulates_mrna,,0.05882352963089943,0.05882352963089943,0.05882352963089943,0.05882352963089943,0.05882352963089943
2,MIMAT0000062,NRAS,mir_regulates_mrna,,0.06666667014360428,0.06666667014360428,0.06666667014360428,0.06666667014360428,0.06666667014360428
2,MIMAT0000063,NRAS,mir_regulates_mrna,,0.06666667014360428,0.06666667014360428,0.06666667014360428,0.06666667014360428,0.06666667014360428
2,MIMAT0000064,NRAS,mir_regulates_mrna,,0.06666667014360428,0.06666667014360428,0.06666667014360428,0.06666667014360428,0.06666667014360428
2,MIMAT0000082,NRAS,mir_regulates_mrna,,0.06666667014360428,0.06666667014360428,0.06666667014360428,0.06666667014360428,0.06666667014360428
2,MIMAT0000271,NRAS,mir_regulates_mrna,,0.06666667014360428,0.06666667014360428,0.06666667014360428,0.06666667014360428,0.06666667014360428
2,MIMAT0000422,NRAS,mir_regulates_mrna,,0.06666667014360428,0.06666667014360428,0.06666667014360428,0.06666667014360428,0.06666667014360428
2,MIMAT0002841,NRAS,mir_regulates_mrna,,0.06666667014360428,0.06666667014360428,0.06666667014360428,0.06666667014360428,0.06666667014360428
2,MIMAT0004950,NRAS,mir_regulates_mrna,,0.06666667014360428,0.06666667014360428,0.06666667014360428,0.06666667014360428,0.06666667014360428
2,MIMAT0011775,NRAS,mir_regulates_mrna,,0.06666667014360428,0.06666667014360428,0.06666667014360428,0.06666667014360428,0.06666667014360428
2,MIMAT0016878,NRAS,mir_regulates_mrna,,0.06666667014360428,0.06666667014360428,0.06666667014360428,0.06666667014360428,0.06666667014360428
2,MIMAT0018200,NRAS,mir_regulates_mrna,,0.06666667014360428,0.06666667014360428,0.06666667014360428,0.06666667014360428,0.06666667014360428
2,MIMAT0019043,NRAS,mir_regulates_mrna,,0.06666667014360428,0.06666667014360428,0.06666667014360428,0.06666667014360428,0.06666667014360428
2,MIMAT0019773,NRAS,mir_regulates_mrna,,0.06666667014360428,0.06666667014360428,0.06666667014360428,0.06666667014360428,0.06666667014360428
2,MIMAT0019953,NRAS,mir_regulates_mrna,,0.06666667014360428,0.06666667014360428,0.06666667014360428,0.06666667014360428,0.06666667014360428
2,MIMAT0027566,NRAS,mir_regulates_mrna,,0.06666667014360428,0.06666667014360428,0.06666667014360428,0.06666667014360428,0.06666667014360428
2,MIMAT0000318,PAK2,mir_regulates_mrna,,0.10000000149011612,0.10000000149011612,0.10000000149011612,0.10000000149011612,0.10000000149011612
2,MIMAT0000726,PAK2,mir_regulates_mrna,,0.10000000149011612,0.10000000149011612,0.10000000149011612,0.10000000149011612,0.10000000149011612
2,MIMAT0003881,PAK2,mir_regulates_mrna,,0.10000000149011612,0.10000000149011612,0.10000000149011612,0.10000000149011612,0.10000000149011612
2,MIMAT0004901,PAK2,mir_regulates_mrna,,0.10000000149011612,0.10000000149011612,0.10000000149011612,0.10000000149011612,0.10000000149011612
2,MIMAT0004972,PAK2,mir_regulates_mrna,,0.10000000149011612,0.10000000149011612,0.10000000149011612,0.10000000149011612,0.10000000149011612
2,MIMAT0014982,PAK2,mir_regulates_mrna,,0.10000000149011612,0.10000000149011612,0.10000000149011612,0.10000000149011612,0.10000000149011612
2,MIMAT0019021,PAK2,mir_regulates_mrna,,0.10000000149011612,0.10000000149011612,0.10000000149011612,0.10000000149011612,0.10000000149011612
2,MIMAT0019793,PAK2,mir_regulates_mrna,,0.10000000149011612,0.10000000149011612,0.10000000149011612,0.10000000149011612,0.10000000149011612
2,MIMAT0019966,PAK2,mir_regulates_mrna,,0.10000000149011612,0.10000000149011612,0.10000000149011612,0.10000000149011612,0.10000000149011612
2,MIMAT0030421,PAK2,mir_regulates_mrna,,0.10000000149011612,0.10000000149011612,0.10000000149011612,0.10000000149011612,0.10000000149011612
2,MIMAT0000454,PDGFB,mir_regulates_mrna,,0.043478261679410934,0.043478261679410934,0.043478261679410934,0.043478261679410934,0.043478261679410934
2,MIMAT0002853,PDGFB,mir_regulates_mrna,,0.043478261679410934,0.043478261679410934,0.043478261679410934,0.043478261679410934,0.043478261679410934
2,MIMAT0014984,PDGFB,mir_regulates_mrna,,0.043478261679410934,0.043478261679410934,0.043478261679410934,0.043478261679410934,0.043478261679410934
2,MIMAT0014988,PDGFB,mir_regulates_mrna,,0.043478261679410934,0.043478261679410934,0.043478261679410934,0.043478261679410934,0.043478261679410934
2,MIMAT0015026,PDGFB,mir_regulates_mrna,,0.043478261679410934,0.043478261679410934,0.043478261679410934,0.043478261679410934,0.043478261679410934
2,MIMAT0015056,PDGFB,mir_regulates_mrna,,0.043478261679410934,0.043478261679410934,0.043478261679410934,0.043478261679410934,0.043478261679410934
2,MIMAT0018190,PDGFB,mir_regulates_mrna,,0.043478261679410934,0.043478261679410934,0.043478261679410934,0.043478261679410934,0.043478261679410934
2,MIMAT0018980,PDGFB,mir_regulates_mrna,,0.043478261679410934,0.043478261679410934,0.043478261679410934,0.043478261679410934,0.043478261679410934
2,MIMAT0019845,PDGFB,mir_regulates_mrna,,0.043478261679410934,0.043478261679410934,0.043478261679410934,0.043478261679410934,0.043478261679410934
2,MIMAT0019882,PDGFB,mir_regulates_mrna,,0.043478261679410934,0.043478261679410934,0.043478261679410934,0.043478261679410934,0.043478261679410934
2,MIMAT0027416,PDGFB,mir_regulates_mrna,,0.043478261679410934,0.043478261679410934,0.043478261679410934,0.043478261679410934,0.043478261679410934
2,MIMAT0027562,PDGFB,mir_regulates_mrna,,0.043478261679410934,0.043478261679410934,0.043478261679410934,0.043478261679410934,0.043478261679410934
2,MIMAT0027612,PDGFB,mir_regulates_mrna,,0.043478261679410934,0.043478261679410934,0.043478261679410934,0.043478261679410934,0.043478261679410934
2,MIMAT0027660,PDGFB,mir_regulates_mrna,,0.043478261679410934,0.043478261679410934,0.043478261679410934,0.043478261679410934,0.043478261679410934
2,MIMAT0027690,PDGFB,mir_regulates_mrna,,0.043478261679410934,0.043478261679410934,0.043478261679410934,0.043478261679410934,0.043478261679410934
2,MIMAT0030422,PDGFB,mir_regulates_mrna,,0.043478261679410934,0.043478261679410934,0.043478261679410934,0.043478261679410934,0.043478261679410934
2,MIMAT0000063,PDGFB,mir_regulates_mrna,,0.043478261679410934,0.043478261679410934,0.043478261679410934,0.043478261679410934,0.043478261679410934
2,MIMAT0000066,PDGFB,mir_regulates_mrna,,0.043478261679410934,0.043478261679410934,0.043478261679410934,0.043478261679410934,0.043478261679410934
2,MIMAT0003385,PDGFB,mir_regulates_mrna,,0.043478261679410934,0.043478261679410934,0.043478261679410934,0.043478261679410934,0.043478261679410934
2,MIMAT0019072,PDGFB,mir_regulates_mrna,,0.043478261679410934,0.043478261679410934,0.043478261679410934,0.043478261679410934,0.043478261679410934
2,MIMAT0027488,PDGFB,mir_regulates_mrna,,0.043478261679410934,0.043478261679410934,0.043478261679410934,0.043478261679410934,0.043478261679410934
2,MIMAT0027564,PDGFB,mir_regulates_mrna,,0.043478261679410934,0.043478261679410934,0.043478261679410934,0.043478261679410934,0.043478261679410934
2,MIMAT0027602,PDGFB,mir_regulates_mrna,,0.043478261679410934,0.043478261679410934,0.043478261679410934,0.043478261679410934,0.043478261679410934
2,MIMAT0000071,PRKCA,mir_regulates_mrna,,0.04545454680919647,0.04545454680919647,0.04545454680919647,0.04545454680919647,0.04545454680919647
2,MIMAT0000080,PRKCA,mir_regulates_mrna,,0.04545454680919647,0.04545454680919647,0.04545454680919647,0.04545454680919647,0.04545454680919647
2,MIMAT0000434,PRKCA,mir_regulates_mrna,,0.04545454680919647,0.04545454680919647,0.04545454680919647,0.04545454680919647,0.04545454680919647
2,MIMAT0000451,PRKCA,mir_regulates_mrna,,0.04545454680919647,0.04545454680919647,0.04545454680919647,0.04545454680919647,0.04545454680919647
2,MIMAT0002819,PRKCA,mir_regulates_mrna,,0.04545454680919647,0.04545454680919647,0.04545454680919647,0.04545454680919647,0.04545454680919647
2,MIMAT0003317,PRKCA,mir_regulates_mrna,,0.04545454680919647,0.04545454680919647,0.04545454680919647,0.04545454680919647,0.04545454680919647
2,MIMAT0009451,PRKCA,mir_regulates_mrna,,0.04545454680919647,0.04545454680919647,0.04545454680919647,0.04545454680919647,0.04545454680919647
2,MIMAT0018072,PRKCA,mir_regulates_mrna,,0.04545454680919647,0.04545454680919647,0.04545454680919647,0.04545454680919647,0.04545454680919647
2,MIMAT0018945,PRKCA,mir_regulates_mrna,,0.04545454680919647,0.04545454680919647,0.04545454680919647,0.04545454680919647,0.04545454680919647
2,MIMAT0019041,PRKCA,mir_regulates_mrna,,0.04545454680919647,0.04545454680919647,0.04545454680919647,0.04545454680919647,0.04545454680919647
2,MIMAT0021124,PRKCA,mir_regulates_mrna,,0.04545454680919647,0.04545454680919647,0.04545454680919647,0.04545454680919647,0.04545454680919647
2,MIMAT0027356,PRKCA,mir_regulates_mrna,,0.04545454680919647,0.04545454680919647,0.04545454680919647,0.04545454680919647,0.04545454680919647
2,MIMAT0027556,PRKCA,mir_regulates_mrna,,0.04545454680919647,0.04545454680919647,0.04545454680919647,0.04545454680919647,0.04545454680919647
2,MIMAT0000092,PRKCA,mir_regulates_mrna,,0.04545454680919647,0.04545454680919647,0.04545454680919647,0.04545454680919647,0.04545454680919647
2,MIMAT0002876,PRKCA,mir_regulates_mrna,,0.04545454680919647,0.04545454680919647,0.04545454680919647,0.04545454680919647,0.04545454680919647
2,MIMAT0022711,PRKCA,mir_regulates_mrna,,0.04545454680919647,0.04545454680919647,0.04545454680919647,0.04545454680919647,0.04545454680919647
2,MIMAT0019837,PRKCA,mir_regulates_mrna,,0.04545454680919647,0.04545454680919647,0.04545454680919647,0.04545454680919647,0.04545454680919647
2,MIMAT0019892,PRKCA,mir_regulates_mrna,,0.04545454680919647,0.04545454680919647,0.04545454680919647,0.04545454680919647,0.04545454680919647
2,MIMAT0021129,PRKCA,mir_regulates_mrna,,0.04545454680919647,0.04545454680919647,0.04545454680919647,0.04545454680919647,0.04545454680919647
2,MIMAT0027395,PRKCA,mir_regulates_mrna,,0.04545454680919647,0.04545454680919647,0.04545454680919647,0.04545454680919647,0.04545454680919647
2,MIMAT0027587,PRKCA,mir_regulates_mrna,,0.04545454680919647,0.04545454680919647,0.04545454680919647,0.04545454680919647,0.04545454680919647
2,MIMAT0027595,PRKCA,mir_regulates_mrna,,0.04545454680919647,0.04545454680919647,0.04545454680919647,0.04545454680919647,0.04545454680919647
2,MIMAT0000091,PRKCB,mir_regulates_mrna,,0.0833333358168602,0.0833333358168602,0.0833333358168602,0.0833333358168602,0.0833333358168602
2,MIMAT0000433,PRKCB,mir_regulates_mrna,,0.0833333358168602,0.0833333358168602,0.0833333358168602,0.0833333358168602,0.0833333358168602
2,MIMAT0000454,PRKCB,mir_regulates_mrna,,0.0833333358168602,0.0833333358168602,0.0833333358168602,0.0833333358168602,0.0833333358168602
2,MIMAT0000736,PRKCB,mir_regulates_mrna,,0.0833333358168602,0.0833333358168602,0.0833333358168602,0.0833333358168602,0.0833333358168602
2,MIMAT0002833,PRKCB,mir_regulates_mrna,,0.0833333358168602,0.0833333358168602,0.0833333358168602,0.0833333358168602,0.0833333358168602
2,MIMAT0018977,PRKCB,mir_regulates_mrna,,0.0833333358168602,0.0833333358168602,0.0833333358168602,0.0833333358168602,0.0833333358168602
2,MIMAT0019734,PRKCB,mir_regulates_mrna,,0.0833333358168602,0.0833333358168602,0.0833333358168602,0.0833333358168602,0.0833333358168602
2,MIMAT0019873,PRKCB,mir_regulates_mrna,,0.0833333358168602,0.0833333358168602,0.0833333358168602,0.0833333358168602,0.0833333358168602
2,MIMAT0019971,PRKCB,mir_regulates_mrna,,0.0833333358168602,0.0833333358168602,0.0833333358168602,0.0833333358168602,0.0833333358168602
2,MIMAT0021017,PRKCB,mir_regulates_mrna,,0.0833333358168602,0.0833333358168602,0.0833333358168602,0.0833333358168602,0.0833333358168602
2,MIMAT0027663,PRKCB,mir_regulates_mrna,,0.0833333358168602,0.0833333358168602,0.0833333358168602,0.0833333358168602,0.0833333358168602
2,MIMAT0019937,PRKCB,mir_regulates_mrna,,0.0833333358168602,0.0833333358168602,0.0833333358168602,0.0833333358168602,0.0833333358168602
2,MIMAT0000075,MAPK1,mir_regulates_mrna,,0.02083333395421505,0.02083333395421505,0.02083333395421505,0.02083333395421505,0.02083333395421505
2,MIMAT0000421,MAPK1,mir_regulates_mrna,,0.02083333395421505,0.02083333395421505,0.02083333395421505,0.02083333395421505,0.02083333395421505
2,MIMAT0000680,MAPK1,mir_regulates_mrna,,0.02083333395421505,0.02083333395421505,0.02083333395421505,0.02083333395421505,0.02083333395421505
2,MIMAT0002837,MAPK1,mir_regulates_mrna,,0.02083333395421505,0.02083333395421505,0.02083333395421505,0.02083333395421505,0.02083333395421505
2,MIMAT0004772,MAPK1,mir_regulates_mrna,,0.02083333395421505,0.02083333395421505,0.02083333395421505,0.02083333395421505,0.02083333395421505
2,MIMAT0003250,MAPK1,mir_regulates_mrna,,0.02083333395421505,0.02083333395421505,0.02083333395421505,0.02083333395421505,0.02083333395421505
2,MIMAT0003257,MAPK1,mir_regulates_mrna,,0.02083333395421505,0.02083333395421505,0.02083333395421505,0.02083333395421505,0.02083333395421505
2,MIMAT0003888,MAPK1,mir_regulates_mrna,,0.02083333395421505,0.02083333395421505,0.02083333395421505,0.02083333395421505,0.02083333395421505
2,MIMAT0010133,MAPK1,mir_regulates_mrna,,0.02083333395421505,0.02083333395421505,0.02083333395421505,0.02083333395421505,0.02083333395421505
2,MIMAT0015004,MAPK1,mir_regulates_mrna,,0.02083333395421505,0.02083333395421505,0.02083333395421505,0.02083333395421505,0.02083333395421505
2,MIMAT0016886,MAPK1,mir_regulates_mrna,,0.02083333395421505,0.02083333395421505,0.02083333395421505,0.02083333395421505,0.02083333395421505
2,MIMAT0016901,MAPK1,mir_regulates_mrna,,0.02083333395421505,0.02083333395421505,0.02083333395421505,0.02083333395421505,0.02083333395421505
2,MIMAT0016909,MAPK1,mir_regulates_mrna,,0.02083333395421505,0.02083333395421505,0.02083333395421505,0.02083333395421505,0.02083333395421505
2,MIMAT0017981,MAPK1,mir_regulates_mrna,,0.02083333395421505,0.02083333395421505,0.02083333395421505,0.02083333395421505,0.02083333395421505
2,MIMAT0018088,MAPK1,mir_regulates_mrna,,0.02083333395421505,0.02083333395421505,0.02083333395421505,0.02083333395421505,0.02083333395421505
2,MIMAT0018351,MAPK1,mir_regulates_mrna,,0.02083333395421505,0.02083333395421505,0.02083333395421505,0.02083333395421505,0.02083333395421505
2,MIMAT0018933,MAPK1,mir_regulates_mrna,,0.02083333395421505,0.02083333395421505,0.02083333395421505,0.02083333395421505,0.02083333395421505
2,MIMAT0018945,MAPK1,mir_regulates_mrna,,0.02083333395421505,0.02083333395421505,0.02083333395421505,0.02083333395421505,0.02083333395421505
2,MIMAT0018949,MAPK1,mir_regulates_mrna,,0.02083333395421505,0.02083333395421505,0.02083333395421505,0.02083333395421505,0.02083333395421505
2,MIMAT0018972,MAPK1,mir_regulates_mrna,,0.02083333395421505,0.02083333395421505,0.02083333395421505,0.02083333395421505,0.02083333395421505
2,MIMAT0018985,MAPK1,mir_regulates_mrna,,0.02083333395421505,0.02083333395421505,0.02083333395421505,0.02083333395421505,0.02083333395421505
2,MIMAT0019051,MAPK1,mir_regulates_mrna,,0.02083333395421505,0.02083333395421505,0.02083333395421505,0.02083333395421505,0.02083333395421505
2,MIMAT0019695,MAPK1,mir_regulates_mrna,,0.02083333395421505,0.02083333395421505,0.02083333395421505,0.02083333395421505,0.02083333395421505
2,MIMAT0019757,MAPK1,mir_regulates_mrna,,0.02083333395421505,0.02083333395421505,0.02083333395421505,0.02083333395421505,0.02083333395421505
2,MIMAT0019778,MAPK1,mir_regulates_mrna,,0.02083333395421505,0.02083333395421505,0.02083333395421505,0.02083333395421505,0.02083333395421505
2,MIMAT0019789,MAPK1,mir_regulates_mrna,,0.02083333395421505,0.02083333395421505,0.02083333395421505,0.02083333395421505,0.02083333395421505
2,MIMAT0019871,MAPK1,mir_regulates_mrna,,0.02083333395421505,0.02083333395421505,0.02083333395421505,0.02083333395421505,0.02083333395421505
2,MIMAT0019924,MAPK1,mir_regulates_mrna,,0.02083333395421505,0.02083333395421505,0.02083333395421505,0.02083333395421505,0.02083333395421505
2,MIMAT0019948,MAPK1,mir_regulates_mrna,,0.02083333395421505,0.02083333395421505,0.02083333395421505,0.02083333395421505,0.02083333395421505
2,MIMAT0019971,MAPK1,mir_regulates_mrna,,0.02083333395421505,0.02083333395421505,0.02083333395421505,0.02083333395421505,0.02083333395421505
2,MIMAT0021019,MAPK1,mir_regulates_mrna,,0.02083333395421505,0.02083333395421505,0.02083333395421505,0.02083333395421505,0.02083333395421505
2,MIMAT0021121,MAPK1,mir_regulates_mrna,,0.02083333395421505,0.02083333395421505,0.02083333395421505,0.02083333395421505,0.02083333395421505
2,MIMAT0023710,MAPK1,mir_regulates_mrna,,0.02083333395421505,0.02083333395421505,0.02083333395421505,0.02083333395421505,0.02083333395421505
2,MIMAT0023713,MAPK1,mir_regulates_mrna,,0.02083333395421505,0.02083333395421505,0.02083333395421505,0.02083333395421505,0.02083333395421505
2,MIMAT0025451,MAPK1,mir_regulates_mrna,,0.02083333395421505,0.02083333395421505,0.02083333395421505,0.02083333395421505,0.02083333395421505
2,MIMAT0025481,MAPK1,mir_regulates_mrna,,0.02083333395421505,0.02083333395421505,0.02083333395421505,0.02083333395421505,0.02083333395421505
2,MIMAT0027426,MAPK1,mir_regulates_mrna,,0.02083333395421505,0.02083333395421505,0.02083333395421505,0.02083333395421505,0.02083333395421505
2,MIMAT0027455,MAPK1,mir_regulates_mrna,,0.02083333395421505,0.02083333395421505,0.02083333395421505,0.02083333395421505,0.02083333395421505
2,MIMAT0027520,MAPK1,mir_regulates_mrna,,0.02083333395421505,0.02083333395421505,0.02083333395421505,0.02083333395421505,0.02083333395421505
2,MIMAT0027526,MAPK1,mir_regulates_mrna,,0.02083333395421505,0.02083333395421505,0.02083333395421505,0.02083333395421505,0.02083333395421505
2,MIMAT0027606,MAPK1,mir_regulates_mrna,,0.02083333395421505,0.02083333395421505,0.02083333395421505,0.02083333395421505,0.02083333395421505
2,MIMAT0027616,MAPK1,mir_regulates_mrna,,0.02083333395421505,0.02083333395421505,0.02083333395421505,0.02083333395421505,0.02083333395421505
2,MIMAT0027625,MAPK1,mir_regulates_mrna,,0.02083333395421505,0.02083333395421505,0.02083333395421505,0.02083333395421505,0.02083333395421505
2,MIMAT0027635,MAPK1,mir_regulates_mrna,,0.02083333395421505,0.02083333395421505,0.02083333395421505,0.02083333395421505,0.02083333395421505
2,MIMAT0027667,MAPK1,mir_regulates_mrna,,0.02083333395421505,0.02083333395421505,0.02083333395421505,0.02083333395421505,0.02083333395421505
2,MIMAT0028120,MAPK1,mir_regulates_mrna,,0.02083333395421505,0.02083333395421505,0.02083333395421505,0.02083333395421505,0.02083333395421505
2,MIMAT0019893,MAPK1,mir_regulates_mrna,,0.02083333395421505,0.02083333395421505,0.02083333395421505,0.02083333395421505,0.02083333395421505
2,MIMAT0022275,MAPK1,mir_regulates_mrna,,0.02083333395421505,0.02083333395421505,0.02083333395421505,0.02083333395421505,0.02083333395421505
2,MIMAT0000435,MAPK7,mir_regulates_mrna,,0.5,0.5,0.5,0.5,0.5
2,MIMAT0004945,MAPK7,mir_regulates_mrna,,0.5,0.5,0.5,0.5,0.5
2,MIMAT0001412,MAPK13,mir_regulates_mrna,,0.1428571492433548,0.1428571492433548,0.1428571492433548,0.1428571492433548,0.1428571492433548
2,MIMAT0019053,MAPK13,mir_regulates_mrna,,0.1428571492433548,0.1428571492433548,0.1428571492433548,0.1428571492433548,0.1428571492433548
2,MIMAT0019908,MAPK13,mir_regulates_mrna,,0.1428571492433548,0.1428571492433548,0.1428571492433548,0.1428571492433548,0.1428571492433548
2,MIMAT0021043,MAPK13,mir_regulates_mrna,,0.1428571492433548,0.1428571492433548,0.1428571492433548,0.1428571492433548,0.1428571492433548
2,MIMAT0022297,MAPK13,mir_regulates_mrna,,0.1428571492433548,0.1428571492433548,0.1428571492433548,0.1428571492433548,0.1428571492433548
2,MIMAT0027490,MAPK13,mir_regulates_mrna,,0.1428571492433548,0.1428571492433548,0.1428571492433548,0.1428571492433548,0.1428571492433548
2,MIMAT0027496,MAPK13,mir_regulates_mrna,,0.1428571492433548,0.1428571492433548,0.1428571492433548,0.1428571492433548,0.1428571492433548
2,MIMAT0002820,MAP2K1,mir_regulates_mrna,,0.5,0.5,0.5,0.5,0.5
2,MIMAT0027612,MAP2K1,mir_regulates_mrna,,0.5,0.5,0.5,0.5,0.5
2,MIMAT0000089,RASA1,mir_regulates_mrna,,0.3333333432674408,0.3333333432674408,0.3333333432674408,0.3333333432674408,0.3333333432674408
2,MIMAT0000271,RASA1,mir_regulates_mrna,,0.3333333432674408,0.3333333432674408,0.3333333432674408,0.3333333432674408,0.3333333432674408
2,MIMAT0000416,RASA1,mir_regulates_mrna,,0.3333333432674408,0.3333333432674408,0.3333333432674408,0.3333333432674408,0.3333333432674408
2,MIMAT0003316,MAP3K7,mir_regulates_mrna,,0.1666666716337204,0.1666666716337204,0.1666666716337204,0.1666666716337204,0.1666666716337204
2,MIMAT0013517,MAP3K7,mir_regulates_mrna,,0.1666666716337204,0.1666666716337204,0.1666666716337204,0.1666666716337204,0.1666666716337204
2,MIMAT0022298,MAP3K7,mir_regulates_mrna,,0.1666666716337204,0.1666666716337204,0.1666666716337204,0.1666666716337204,0.1666666716337204
2,MIMAT0022489,MAP3K7,mir_regulates_mrna,,0.1666666716337204,0.1666666716337204,0.1666666716337204,0.1666666716337204,0.1666666716337204
2,MIMAT0000069,MAP3K7,mir_regulates_mrna,,0.1666666716337204,0.1666666716337204,0.1666666716337204,0.1666666716337204,0.1666666716337204
2,MIMAT0027686,MAP3K7,mir_regulates_mrna,,0.1666666716337204,0.1666666716337204,0.1666666716337204,0.1666666716337204,0.1666666716337204
2,MIMAT0000092,ARRB1,mir_regulates_mrna,,0.0416666679084301,0.0416666679084301,0.0416666679084301,0.0416666679084301,0.0416666679084301
2,MIMAT0004508,ARRB1,mir_regulates_mrna,,0.0416666679084301,0.0416666679084301,0.0416666679084301,0.0416666679084301,0.0416666679084301
2,MIMAT0004602,ARRB1,mir_regulates_mrna,,0.0416666679084301,0.0416666679084301,0.0416666679084301,0.0416666679084301,0.0416666679084301
2,MIMAT0002807,ARRB1,mir_regulates_mrna,,0.0416666679084301,0.0416666679084301,0.0416666679084301,0.0416666679084301,0.0416666679084301
2,MIMAT0003312,ARRB1,mir_regulates_mrna,,0.0416666679084301,0.0416666679084301,0.0416666679084301,0.0416666679084301,0.0416666679084301
2,MIMAT0003945,ARRB1,mir_regulates_mrna,,0.0416666679084301,0.0416666679084301,0.0416666679084301,0.0416666679084301,0.0416666679084301
2,MIMAT0007348,ARRB1,mir_regulates_mrna,,0.0416666679084301,0.0416666679084301,0.0416666679084301,0.0416666679084301,0.0416666679084301
2,MIMAT0026921,ARRB1,mir_regulates_mrna,,0.0416666679084301,0.0416666679084301,0.0416666679084301,0.0416666679084301,0.0416666679084301
2,MIMAT0015023,ARRB1,mir_regulates_mrna,,0.0416666679084301,0.0416666679084301,0.0416666679084301,0.0416666679084301,0.0416666679084301
2,MIMAT0015052,ARRB1,mir_regulates_mrna,,0.0416666679084301,0.0416666679084301,0.0416666679084301,0.0416666679084301,0.0416666679084301
2,MIMAT0018349,ARRB1,mir_regulates_mrna,,0.0416666679084301,0.0416666679084301,0.0416666679084301,0.0416666679084301,0.0416666679084301
2,MIMAT0018996,ARRB1,mir_regulates_mrna,,0.0416666679084301,0.0416666679084301,0.0416666679084301,0.0416666679084301,0.0416666679084301
2,MIMAT0027038,ARRB1,mir_regulates_mrna,,0.0416666679084301,0.0416666679084301,0.0416666679084301,0.0416666679084301,0.0416666679084301
2,MIMAT0019938,ARRB1,mir_regulates_mrna,,0.0416666679084301,0.0416666679084301,0.0416666679084301,0.0416666679084301,0.0416666679084301
2,MIMAT0024599,ARRB1,mir_regulates_mrna,,0.0416666679084301,0.0416666679084301,0.0416666679084301,0.0416666679084301,0.0416666679084301
2,MIMAT0027426,ARRB1,mir_regulates_mrna,,0.0416666679084301,0.0416666679084301,0.0416666679084301,0.0416666679084301,0.0416666679084301
2,MIMAT0027508,ARRB1,mir_regulates_mrna,,0.0416666679084301,0.0416666679084301,0.0416666679084301,0.0416666679084301,0.0416666679084301
2,MIMAT0027675,ARRB1,mir_regulates_mrna,,0.0416666679084301,0.0416666679084301,0.0416666679084301,0.0416666679084301,0.0416666679084301
2,MIMAT0027685,ARRB1,mir_regulates_mrna,,0.0416666679084301,0.0416666679084301,0.0416666679084301,0.0416666679084301,0.0416666679084301
2,MIMAT0028109,ARRB1,mir_regulates_mrna,,0.0416666679084301,0.0416666679084301,0.0416666679084301,0.0416666679084301,0.0416666679084301
2,MIMAT0010367,ARRB1,mir_regulates_mrna,,0.0416666679084301,0.0416666679084301,0.0416666679084301,0.0416666679084301,0.0416666679084301
2,MIMAT0019225,ARRB1,mir_regulates_mrna,,0.0416666679084301,0.0416666679084301,0.0416666679084301,0.0416666679084301,0.0416666679084301
2,MIMAT0019700,ARRB1,mir_regulates_mrna,,0.0416666679084301,0.0416666679084301,0.0416666679084301,0.0416666679084301,0.0416666679084301
2,MIMAT0019744,ARRB1,mir_regulates_mrna,,0.0416666679084301,0.0416666679084301,0.0416666679084301,0.0416666679084301,0.0416666679084301
2,MIMAT0019763,DUSP3,mir_regulates_mrna,,0.3333333432674408,0.3333333432674408,0.3333333432674408,0.3333333432674408,0.3333333432674408
2,MIMAT0027514,DUSP3,mir_regulates_mrna,,0.3333333432674408,0.3333333432674408,0.3333333432674408,0.3333333432674408,0.3333333432674408
2,MIMAT0027595,DUSP3,mir_regulates_mrna,,0.3333333432674408,0.3333333432674408,0.3333333432674408,0.3333333432674408,0.3333333432674408
2,MIMAT0000451,FLT3,mir_regulates_mrna,,1.0,1.0,1.0,1.0,1.0
2,MIMAT0018980,DUSP1,mir_regulates_mrna,,1.0,1.0,1.0,1.0,1.0
2,MIMAT0000070,DUSP2,mir_regulates_mrna,,0.1111111119389534,0.1111111119389534,0.1111111119389534,0.1111111119389534,0.1111111119389534
2,MIMAT0000075,DUSP2,mir_regulates_mrna,,0.1111111119389534,0.1111111119389534,0.1111111119389534,0.1111111119389534,0.1111111119389534
2,MIMAT0000103,DUSP2,mir_regulates_mrna,,0.1111111119389534,0.1111111119389534,0.1111111119389534,0.1111111119389534,0.1111111119389534
2,MIMAT0000680,DUSP2,mir_regulates_mrna,,0.1111111119389534,0.1111111119389534,0.1111111119389534,0.1111111119389534,0.1111111119389534
2,MIMAT0000726,DUSP2,mir_regulates_mrna,,0.1111111119389534,0.1111111119389534,0.1111111119389534,0.1111111119389534,0.1111111119389534
2,MIMAT0001413,DUSP2,mir_regulates_mrna,,0.1111111119389534,0.1111111119389534,0.1111111119389534,0.1111111119389534,0.1111111119389534
2,MIMAT0019939,DUSP2,mir_regulates_mrna,,0.1111111119389534,0.1111111119389534,0.1111111119389534,0.1111111119389534,0.1111111119389534
2,MIMAT0027573,DUSP2,mir_regulates_mrna,,0.1111111119389534,0.1111111119389534,0.1111111119389534,0.1111111119389534,0.1111111119389534
2,MIMAT0027690,DUSP2,mir_regulates_mrna,,0.1111111119389534,0.1111111119389534,0.1111111119389534,0.1111111119389534,0.1111111119389534
2,MIMAT0000765,DUSP5,mir_regulates_mrna,,0.5,0.5,0.5,0.5,0.5
2,MIMAT0002821,DUSP5,mir_regulates_mrna,,0.5,0.5,0.5,0.5,0.5
2,MIMAT0005589,DUSP8,mir_regulates_mrna,,0.3333333432674408,0.3333333432674408,0.3333333432674408,0.3333333432674408,0.3333333432674408
2,MIMAT0015028,DUSP8,mir_regulates_mrna,,0.3333333432674408,0.3333333432674408,0.3333333432674408,0.3333333432674408,0.3333333432674408
2,MIMAT0019019,DUSP8,mir_regulates_mrna,,0.3333333432674408,0.3333333432674408,0.3333333432674408,0.3333333432674408,0.3333333432674408
2,MIMAT0003307,EFNA1,mir_regulates_mrna,,0.10000000149011612,0.10000000149011612,0.10000000149011612,0.10000000149011612,0.10000000149011612
2,MIMAT0027363,EFNA1,mir_regulates_mrna,,0.10000000149011612,0.10000000149011612,0.10000000149011612,0.10000000149011612,0.10000000149011612
2,MIMAT0027516,EFNA1,mir_regulates_mrna,,0.10000000149011612,0.10000000149011612,0.10000000149011612,0.10000000149011612,0.10000000149011612
2,MIMAT0027686,EFNA1,mir_regulates_mrna,,0.10000000149011612,0.10000000149011612,0.10000000149011612,0.10000000149011612,0.10000000149011612
2,MIMAT0004508,EFNA1,mir_regulates_mrna,,0.10000000149011612,0.10000000149011612,0.10000000149011612,0.10000000149011612,0.10000000149011612
2,MIMAT0004674,EFNA1,mir_regulates_mrna,,0.10000000149011612,0.10000000149011612,0.10000000149011612,0.10000000149011612,0.10000000149011612
2,MIMAT0002823,EFNA1,mir_regulates_mrna,,0.10000000149011612,0.10000000149011612,0.10000000149011612,0.10000000149011612,0.10000000149011612
2,MIMAT0015023,EFNA1,mir_regulates_mrna,,0.10000000149011612,0.10000000149011612,0.10000000149011612,0.10000000149011612,0.10000000149011612
2,MIMAT0019079,EFNA1,mir_regulates_mrna,,0.10000000149011612,0.10000000149011612,0.10000000149011612,0.10000000149011612,0.10000000149011612
2,MIMAT0027550,EFNA1,mir_regulates_mrna,,0.10000000149011612,0.10000000149011612,0.10000000149011612,0.10000000149011612,0.10000000149011612
2,MIMAT0004703,FGF10,mir_regulates_mrna,,0.125,0.125,0.125,0.125,0.125
2,MIMAT0002808,FGF10,mir_regulates_mrna,,0.125,0.125,0.125,0.125,0.125
2,MIMAT0002860,FGF10,mir_regulates_mrna,,0.125,0.125,0.125,0.125,0.125
2,MIMAT0006778,FGF10,mir_regulates_mrna,,0.125,0.125,0.125,0.125,0.125
2,MIMAT0004959,FGF10,mir_regulates_mrna,,0.125,0.125,0.125,0.125,0.125
2,MIMAT0027561,FGF10,mir_regulates_mrna,,0.125,0.125,0.125,0.125,0.125
2,MIMAT0028214,FGF10,mir_regulates_mrna,,0.125,0.125,0.125,0.125,0.125
2,MIMAT0030020,FGF10,mir_regulates_mrna,,0.125,0.125,0.125,0.125,0.125
2,MIMAT0000063,NFATC3,mir_regulates_mrna,,0.20000000298023224,0.20000000298023224,0.20000000298023224,0.20000000298023224,0.20000000298023224
2,MIMAT0000762,NFATC3,mir_regulates_mrna,,0.20000000298023224,0.20000000298023224,0.20000000298023224,0.20000000298023224,0.20000000298023224
2,MIMAT0002841,NFATC3,mir_regulates_mrna,,0.20000000298023224,0.20000000298023224,0.20000000298023224,0.20000000298023224,0.20000000298023224
2,MIMAT0026736,NFATC3,mir_regulates_mrna,,0.20000000298023224,0.20000000298023224,0.20000000298023224,0.20000000298023224,0.20000000298023224
2,MIMAT0015028,NFATC3,mir_regulates_mrna,,0.20000000298023224,0.20000000298023224,0.20000000298023224,0.20000000298023224,0.20000000298023224
2,MIMAT0000068,RPS6KA3,mir_regulates_mrna,,0.06666667014360428,0.06666667014360428,0.06666667014360428,0.06666667014360428,0.06666667014360428
2,MIMAT0000258,RPS6KA3,mir_regulates_mrna,,0.06666667014360428,0.06666667014360428,0.06666667014360428,0.06666667014360428,0.06666667014360428
2,MIMAT0000417,RPS6KA3,mir_regulates_mrna,,0.06666667014360428,0.06666667014360428,0.06666667014360428,0.06666667014360428,0.06666667014360428
2,MIMAT0002842,RPS6KA3,mir_regulates_mrna,,0.06666667014360428,0.06666667014360428,0.06666667014360428,0.06666667014360428,0.06666667014360428
2,MIMAT0003306,RPS6KA3,mir_regulates_mrna,,0.06666667014360428,0.06666667014360428,0.06666667014360428,0.06666667014360428,0.06666667014360428
2,MIMAT0005794,RPS6KA3,mir_regulates_mrna,,0.06666667014360428,0.06666667014360428,0.06666667014360428,0.06666667014360428,0.06666667014360428
2,MIMAT0003948,RPS6KA3,mir_regulates_mrna,,0.06666667014360428,0.06666667014360428,0.06666667014360428,0.06666667014360428,0.06666667014360428
2,MIMAT0005592,RPS6KA3,mir_regulates_mrna,,0.06666667014360428,0.06666667014360428,0.06666667014360428,0.06666667014360428,0.06666667014360428
2,MIMAT0014988,RPS6KA3,mir_regulates_mrna,,0.06666667014360428,0.06666667014360428,0.06666667014360428,0.06666667014360428,0.06666667014360428
2,MIMAT0019836,RPS6KA3,mir_regulates_mrna,,0.06666667014360428,0.06666667014360428,0.06666667014360428,0.06666667014360428,0.06666667014360428
2,MIMAT0019842,RPS6KA3,mir_regulates_mrna,,0.06666667014360428,0.06666667014360428,0.06666667014360428,0.06666667014360428,0.06666667014360428
2,MIMAT0024782,RPS6KA3,mir_regulates_mrna,,0.06666667014360428,0.06666667014360428,0.06666667014360428,0.06666667014360428,0.06666667014360428
2,MIMAT0027416,RPS6KA3,mir_regulates_mrna,,0.06666667014360428,0.06666667014360428,0.06666667014360428,0.06666667014360428,0.06666667014360428
2,MIMAT0027612,RPS6KA3,mir_regulates_mrna,,0.06666667014360428,0.06666667014360428,0.06666667014360428,0.06666667014360428,0.06666667014360428
2,MIMAT0027618,RPS6KA3,mir_regulates_mrna,,0.06666667014360428,0.06666667014360428,0.06666667014360428,0.06666667014360428,0.06666667014360428
2,MIMAT0004508,TRAF6,mir_regulates_mrna,,0.03030303120613098,0.03030303120613098,0.03030303120613098,0.03030303120613098,0.03030303120613098
2,MIMAT0000443,TRAF6,mir_regulates_mrna,,0.03030303120613098,0.03030303120613098,0.03030303120613098,0.03030303120613098,0.03030303120613098
2,MIMAT0003385,TRAF6,mir_regulates_mrna,,0.03030303120613098,0.03030303120613098,0.03030303120613098,0.03030303120613098,0.03030303120613098
2,MIMAT0002809,TRAF6,mir_regulates_mrna,,0.03030303120613098,0.03030303120613098,0.03030303120613098,0.03030303120613098,0.03030303120613098
2,MIMAT0002871,TRAF6,mir_regulates_mrna,,0.03030303120613098,0.03030303120613098,0.03030303120613098,0.03030303120613098,0.03030303120613098
2,MIMAT0004784,TRAF6,mir_regulates_mrna,,0.03030303120613098,0.03030303120613098,0.03030303120613098,0.03030303120613098,0.03030303120613098
2,MIMAT0005892,TRAF6,mir_regulates_mrna,,0.03030303120613098,0.03030303120613098,0.03030303120613098,0.03030303120613098,0.03030303120613098
2,MIMAT0032029,TRAF6,mir_regulates_mrna,,0.03030303120613098,0.03030303120613098,0.03030303120613098,0.03030303120613098,0.03030303120613098
2,MIMAT0005904,TRAF6,mir_regulates_mrna,,0.03030303120613098,0.03030303120613098,0.03030303120613098,0.03030303120613098,0.03030303120613098
2,MIMAT0015052,TRAF6,mir_regulates_mrna,,0.03030303120613098,0.03030303120613098,0.03030303120613098,0.03030303120613098,0.03030303120613098
2,MIMAT0015089,TRAF6,mir_regulates_mrna,,0.03030303120613098,0.03030303120613098,0.03030303120613098,0.03030303120613098,0.03030303120613098
2,MIMAT0019008,TRAF6,mir_regulates_mrna,,0.03030303120613098,0.03030303120613098,0.03030303120613098,0.03030303120613098,0.03030303120613098
2,MIMAT0022484,TRAF6,mir_regulates_mrna,,0.03030303120613098,0.03030303120613098,0.03030303120613098,0.03030303120613098,0.03030303120613098
2,MIMAT0023711,TRAF6,mir_regulates_mrna,,0.03030303120613098,0.03030303120613098,0.03030303120613098,0.03030303120613098,0.03030303120613098
2,MIMAT0024610,TRAF6,mir_regulates_mrna,,0.03030303120613098,0.03030303120613098,0.03030303120613098,0.03030303120613098,0.03030303120613098
2,MIMAT0024617,TRAF6,mir_regulates_mrna,,0.03030303120613098,0.03030303120613098,0.03030303120613098,0.03030303120613098,0.03030303120613098
2,MIMAT0024618,TRAF6,mir_regulates_mrna,,0.03030303120613098,0.03030303120613098,0.03030303120613098,0.03030303120613098,0.03030303120613098
2,MIMAT0025451,TRAF6,mir_regulates_mrna,,0.03030303120613098,0.03030303120613098,0.03030303120613098,0.03030303120613098,0.03030303120613098
2,MIMAT0027396,TRAF6,mir_regulates_mrna,,0.03030303120613098,0.03030303120613098,0.03030303120613098,0.03030303120613098,0.03030303120613098
2,MIMAT0027426,TRAF6,mir_regulates_mrna,,0.03030303120613098,0.03030303120613098,0.03030303120613098,0.03030303120613098,0.03030303120613098
2,MIMAT0027432,TRAF6,mir_regulates_mrna,,0.03030303120613098,0.03030303120613098,0.03030303120613098,0.03030303120613098,0.03030303120613098
2,MIMAT0027438,TRAF6,mir_regulates_mrna,,0.03030303120613098,0.03030303120613098,0.03030303120613098,0.03030303120613098,0.03030303120613098
2,MIMAT0027470,TRAF6,mir_regulates_mrna,,0.03030303120613098,0.03030303120613098,0.03030303120613098,0.03030303120613098,0.03030303120613098
2,MIMAT0027498,TRAF6,mir_regulates_mrna,,0.03030303120613098,0.03030303120613098,0.03030303120613098,0.03030303120613098,0.03030303120613098
2,MIMAT0027550,TRAF6,mir_regulates_mrna,,0.03030303120613098,0.03030303120613098,0.03030303120613098,0.03030303120613098,0.03030303120613098
2,MIMAT0027602,TRAF6,mir_regulates_mrna,,0.03030303120613098,0.03030303120613098,0.03030303120613098,0.03030303120613098,0.03030303120613098
2,MIMAT0027660,TRAF6,mir_regulates_mrna,,0.03030303120613098,0.03030303120613098,0.03030303120613098,0.03030303120613098,0.03030303120613098
2,MIMAT0000428,TRAF6,mir_regulates_mrna,,0.03030303120613098,0.03030303120613098,0.03030303120613098,0.03030303120613098,0.03030303120613098
2,MIMAT0022721,TRAF6,mir_regulates_mrna,,0.03030303120613098,0.03030303120613098,0.03030303120613098,0.03030303120613098,0.03030303120613098
2,MIMAT0019849,TRAF6,mir_regulates_mrna,,0.03030303120613098,0.03030303120613098,0.03030303120613098,0.03030303120613098,0.03030303120613098
2,MIMAT0027391,TRAF6,mir_regulates_mrna,,0.03030303120613098,0.03030303120613098,0.03030303120613098,0.03030303120613098,0.03030303120613098
2,MIMAT0027638,TRAF6,mir_regulates_mrna,,0.03030303120613098,0.03030303120613098,0.03030303120613098,0.03030303120613098,0.03030303120613098
2,MIMAT0027656,TRAF6,mir_regulates_mrna,,0.03030303120613098,0.03030303120613098,0.03030303120613098,0.03030303120613098,0.03030303120613098
2,MIMAT0004761,MAPKAPK2,mir_regulates_mrna,,0.125,0.125,0.125,0.125,0.125
2,MIMAT0003302,MAPKAPK2,mir_regulates_mrna,,0.125,0.125,0.125,0.125,0.125
2,MIMAT0019977,MAPKAPK2,mir_regulates_mrna,,0.125,0.125,0.125,0.125,0.125
2,MIMAT0027456,MAPKAPK2,mir_regulates_mrna,,0.125,0.125,0.125,0.125,0.125
2,MIMAT0027554,MAPKAPK2,mir_regulates_mrna,,0.125,0.125,0.125,0.125,0.125
2,MIMAT0002173,MAPKAPK2,mir_regulates_mrna,,0.125,0.125,0.125,0.125,0.125
2,MIMAT0022295,MAPKAPK2,mir_regulates_mrna,,0.125,0.125,0.125,0.125,0.125
2,MIMAT0027636,MAPKAPK2,mir_regulates_mrna,,0.125,0.125,0.125,0.125,0.125
2,MIMAT0005929,EFNA3,mir_regulates_mrna,,0.10000000149011612,0.10000000149011612,0.10000000149011612,0.10000000149011612,0.10000000149011612
2,MIMAT0011778,EFNA3,mir_regulates_mrna,,0.10000000149011612,0.10000000149011612,0.10000000149011612,0.10000000149011612,0.10000000149011612
2,MIMAT0016884,EFNA3,mir_regulates_mrna,,0.10000000149011612,0.10000000149011612,0.10000000149011612,0.10000000149011612,0.10000000149011612
2,MIMAT0019064,EFNA3,mir_regulates_mrna,,0.10000000149011612,0.10000000149011612,0.10000000149011612,0.10000000149011612,0.10000000149011612
2,MIMAT0019878,EFNA3,mir_regulates_mrna,,0.10000000149011612,0.10000000149011612,0.10000000149011612,0.10000000149011612,0.10000000149011612
2,MIMAT0027456,EFNA3,mir_regulates_mrna,,0.10000000149011612,0.10000000149011612,0.10000000149011612,0.10000000149011612,0.10000000149011612
2,MIMAT0027550,EFNA3,mir_regulates_mrna,,0.10000000149011612,0.10000000149011612,0.10000000149011612,0.10000000149011612,0.10000000149011612
2,MIMAT0027640,EFNA3,mir_regulates_mrna,,0.10000000149011612,0.10000000149011612,0.10000000149011612,0.10000000149011612,0.10000000149011612
2,MIMAT0028109,EFNA3,mir_regulates_mrna,,0.10000000149011612,0.10000000149011612,0.10000000149011612,0.10000000149011612,0.10000000149011612
2,MIMAT0028119,EFNA3,mir_regulates_mrna,,0.10000000149011612,0.10000000149011612,0.10000000149011612,0.10000000149011612,0.10000000149011612
2,MIMAT0004674,FGF19,mir_regulates_mrna,,0.06666667014360428,0.06666667014360428,0.06666667014360428,0.06666667014360428,0.06666667014360428
2,MIMAT0003320,FGF19,mir_regulates_mrna,,0.06666667014360428,0.06666667014360428,0.06666667014360428,0.06666667014360428,0.06666667014360428
2,MIMAT0010313,FGF19,mir_regulates_mrna,,0.06666667014360428,0.06666667014360428,0.06666667014360428,0.06666667014360428,0.06666667014360428
2,MIMAT0005884,FGF19,mir_regulates_mrna,,0.06666667014360428,0.06666667014360428,0.06666667014360428,0.06666667014360428,0.06666667014360428
2,MIMAT0015076,FGF19,mir_regulates_mrna,,0.06666667014360428,0.06666667014360428,0.06666667014360428,0.06666667014360428,0.06666667014360428
2,MIMAT0022967,FGF19,mir_regulates_mrna,,0.06666667014360428,0.06666667014360428,0.06666667014360428,0.06666667014360428,0.06666667014360428
2,MIMAT0018087,FGF19,mir_regulates_mrna,,0.06666667014360428,0.06666667014360428,0.06666667014360428,0.06666667014360428,0.06666667014360428
2,MIMAT0018965,FGF19,mir_regulates_mrna,,0.06666667014360428,0.06666667014360428,0.06666667014360428,0.06666667014360428,0.06666667014360428
2,MIMAT0019835,FGF19,mir_regulates_mrna,,0.06666667014360428,0.06666667014360428,0.06666667014360428,0.06666667014360428,0.06666667014360428
2,MIMAT0021021,FGF19,mir_regulates_mrna,,0.06666667014360428,0.06666667014360428,0.06666667014360428,0.06666667014360428,0.06666667014360428
2,MIMAT0027438,FGF19,mir_regulates_mrna,,0.06666667014360428,0.06666667014360428,0.06666667014360428,0.06666667014360428,0.06666667014360428
2,MIMAT0027538,FGF19,mir_regulates_mrna,,0.06666667014360428,0.06666667014360428,0.06666667014360428,0.06666667014360428,0.06666667014360428
2,MIMAT0027558,FGF19,mir_regulates_mrna,,0.06666667014360428,0.06666667014360428,0.06666667014360428,0.06666667014360428,0.06666667014360428
2,MIMAT0027620,FGF19,mir_regulates_mrna,,0.06666667014360428,0.06666667014360428,0.06666667014360428,0.06666667014360428,0.06666667014360428
2,MIMAT0030429,FGF19,mir_regulates_mrna,,0.06666667014360428,0.06666667014360428,0.06666667014360428,0.06666667014360428,0.06666667014360428
2,MIMAT0000075,CRK,mir_regulates_mrna,,0.024390242993831635,0.024390242993831635,0.024390242993831635,0.024390242993831635,0.024390242993831635
2,MIMAT0004674,CRK,mir_regulates_mrna,,0.024390242993831635,0.024390242993831635,0.024390242993831635,0.024390242993831635,0.024390242993831635
2,MIMAT0000718,CRK,mir_regulates_mrna,,0.024390242993831635,0.024390242993831635,0.024390242993831635,0.024390242993831635,0.024390242993831635
2,MIMAT0001629,CRK,mir_regulates_mrna,,0.024390242993831635,0.024390242993831635,0.024390242993831635,0.024390242993831635,0.024390242993831635
2,MIMAT0002822,CRK,mir_regulates_mrna,,0.024390242993831635,0.024390242993831635,0.024390242993831635,0.024390242993831635,0.024390242993831635
2,MIMAT0031074,CRK,mir_regulates_mrna,,0.024390242993831635,0.024390242993831635,0.024390242993831635,0.024390242993831635,0.024390242993831635
2,MIMAT0026617,CRK,mir_regulates_mrna,,0.024390242993831635,0.024390242993831635,0.024390242993831635,0.024390242993831635,0.024390242993831635
2,MIMAT0026621,CRK,mir_regulates_mrna,,0.024390242993831635,0.024390242993831635,0.024390242993831635,0.024390242993831635,0.024390242993831635
2,MIMAT0003310,CRK,mir_regulates_mrna,,0.024390242993831635,0.024390242993831635,0.024390242993831635,0.024390242993831635,0.024390242993831635
2,MIMAT0022720,CRK,mir_regulates_mrna,,0.024390242993831635,0.024390242993831635,0.024390242993831635,0.024390242993831635,0.024390242993831635
2,MIMAT0015008,CRK,mir_regulates_mrna,,0.024390242993831635,0.024390242993831635,0.024390242993831635,0.024390242993831635,0.024390242993831635
2,MIMAT0015041,CRK,mir_regulates_mrna,,0.024390242993831635,0.024390242993831635,0.024390242993831635,0.024390242993831635,0.024390242993831635
2,MIMAT0015066,CRK,mir_regulates_mrna,,0.024390242993831635,0.024390242993831635,0.024390242993831635,0.024390242993831635,0.024390242993831635
2,MIMAT0016871,CRK,mir_regulates_mrna,,0.024390242993831635,0.024390242993831635,0.024390242993831635,0.024390242993831635,0.024390242993831635
2,MIMAT0016915,CRK,mir_regulates_mrna,,0.024390242993831635,0.024390242993831635,0.024390242993831635,0.024390242993831635,0.024390242993831635
2,MIMAT0018004,CRK,mir_regulates_mrna,,0.024390242993831635,0.024390242993831635,0.024390242993831635,0.024390242993831635,0.024390242993831635
2,MIMAT0018987,CRK,mir_regulates_mrna,,0.024390242993831635,0.024390242993831635,0.024390242993831635,0.024390242993831635,0.024390242993831635
2,MIMAT0019021,CRK,mir_regulates_mrna,,0.024390242993831635,0.024390242993831635,0.024390242993831635,0.024390242993831635,0.024390242993831635
2,MIMAT0019844,CRK,mir_regulates_mrna,,0.024390242993831635,0.024390242993831635,0.024390242993831635,0.024390242993831635,0.024390242993831635
2,MIMAT0021128,CRK,mir_regulates_mrna,,0.024390242993831635,0.024390242993831635,0.024390242993831635,0.024390242993831635,0.024390242993831635
2,MIMAT0027363,CRK,mir_regulates_mrna,,0.024390242993831635,0.024390242993831635,0.024390242993831635,0.024390242993831635,0.024390242993831635
2,MIMAT0027520,CRK,mir_regulates_mrna,,0.024390242993831635,0.024390242993831635,0.024390242993831635,0.024390242993831635,0.024390242993831635
2,MIMAT0027543,CRK,mir_regulates_mrna,,0.024390242993831635,0.024390242993831635,0.024390242993831635,0.024390242993831635,0.024390242993831635
2,MIMAT0027572,CRK,mir_regulates_mrna,,0.024390242993831635,0.024390242993831635,0.024390242993831635,0.024390242993831635,0.024390242993831635
2,MIMAT0027687,CRK,mir_regulates_mrna,,0.024390242993831635,0.024390242993831635,0.024390242993831635,0.024390242993831635,0.024390242993831635
2,MIMAT0030426,CRK,mir_regulates_mrna,,0.024390242993831635,0.024390242993831635,0.024390242993831635,0.024390242993831635,0.024390242993831635
2,MIMAT0031012,CRK,mir_regulates_mrna,,0.024390242993831635,0.024390242993831635,0.024390242993831635,0.024390242993831635,0.024390242993831635
2,MIMAT0003288,CRK,mir_regulates_mrna,,0.024390242993831635,0.024390242993831635,0.024390242993831635,0.024390242993831635,0.024390242993831635
2,MIMAT0005792,CRK,mir_regulates_mrna,,0.024390242993831635,0.024390242993831635,0.024390242993831635,0.024390242993831635,0.024390242993831635
2,MIMAT0026917,CRK,mir_regulates_mrna,,0.024390242993831635,0.024390242993831635,0.024390242993831635,0.024390242993831635,0.024390242993831635
2,MIMAT0015037,CRK,mir_regulates_mrna,,0.024390242993831635,0.024390242993831635,0.024390242993831635,0.024390242993831635,0.024390242993831635
2,MIMAT0016881,CRK,mir_regulates_mrna,,0.024390242993831635,0.024390242993831635,0.024390242993831635,0.024390242993831635,0.024390242993831635
2,MIMAT0017986,CRK,mir_regulates_mrna,,0.024390242993831635,0.024390242993831635,0.024390242993831635,0.024390242993831635,0.024390242993831635
2,MIMAT0018930,CRK,mir_regulates_mrna,,0.024390242993831635,0.024390242993831635,0.024390242993831635,0.024390242993831635,0.024390242993831635
2,MIMAT0019882,CRK,mir_regulates_mrna,,0.024390242993831635,0.024390242993831635,0.024390242993831635,0.024390242993831635,0.024390242993831635
2,MIMAT0019962,CRK,mir_regulates_mrna,,0.024390242993831635,0.024390242993831635,0.024390242993831635,0.024390242993831635,0.024390242993831635
2,MIMAT0027426,CRK,mir_regulates_mrna,,0.024390242993831635,0.024390242993831635,0.024390242993831635,0.024390242993831635,0.024390242993831635
2,MIMAT0027476,CRK,mir_regulates_mrna,,0.024390242993831635,0.024390242993831635,0.024390242993831635,0.024390242993831635,0.024390242993831635
2,MIMAT0027583,CRK,mir_regulates_mrna,,0.024390242993831635,0.024390242993831635,0.024390242993831635,0.024390242993831635,0.024390242993831635
2,MIMAT0027614,CRK,mir_regulates_mrna,,0.024390242993831635,0.024390242993831635,0.024390242993831635,0.024390242993831635,0.024390242993831635
2,MIMAT0030416,CRK,mir_regulates_mrna,,0.024390242993831635,0.024390242993831635,0.024390242993831635,0.024390242993831635,0.024390242993831635
2,MIMAT0000071,CRKL,mir_regulates_mrna,,0.03125,0.03125,0.03125,0.03125,0.03125
2,MIMAT0031890,CRKL,mir_regulates_mrna,,0.03125,0.03125,0.03125,0.03125,0.03125
2,MIMAT0004565,CRKL,mir_regulates_mrna,,0.03125,0.03125,0.03125,0.03125,0.03125
2,MIMAT0000418,CRKL,mir_regulates_mrna,,0.03125,0.03125,0.03125,0.03125,0.03125
2,MIMAT0004599,CRKL,mir_regulates_mrna,,0.03125,0.03125,0.03125,0.03125,0.03125
2,MIMAT0002175,CRKL,mir_regulates_mrna,,0.03125,0.03125,0.03125,0.03125,0.03125
2,MIMAT0002882,CRKL,mir_regulates_mrna,,0.03125,0.03125,0.03125,0.03125,0.03125
2,MIMAT0003291,CRKL,mir_regulates_mrna,,0.03125,0.03125,0.03125,0.03125,0.03125
2,MIMAT0003320,CRKL,mir_regulates_mrna,,0.03125,0.03125,0.03125,0.03125,0.03125
2,MIMAT0010367,CRKL,mir_regulates_mrna,,0.03125,0.03125,0.03125,0.03125,0.03125
2,MIMAT0026720,CRKL,mir_regulates_mrna,,0.03125,0.03125,0.03125,0.03125,0.03125
2,MIMAT0004952,CRKL,mir_regulates_mrna,,0.03125,0.03125,0.03125,0.03125,0.03125
2,MIMAT0005869,CRKL,mir_regulates_mrna,,0.03125,0.03125,0.03125,0.03125,0.03125
2,MIMAT0006767,CRKL,mir_regulates_mrna,,0.03125,0.03125,0.03125,0.03125,0.03125
2,MIMAT0016886,CRKL,mir_regulates_mrna,,0.03125,0.03125,0.03125,0.03125,0.03125
2,MIMAT0018089,CRKL,mir_regulates_mrna,,0.03125,0.03125,0.03125,0.03125,0.03125
2,MIMAT0018122,CRKL,mir_regulates_mrna,,0.03125,0.03125,0.03125,0.03125,0.03125
2,MIMAT0018206,CRKL,mir_regulates_mrna,,0.03125,0.03125,0.03125,0.03125,0.03125
2,MIMAT0018349,CRKL,mir_regulates_mrna,,0.03125,0.03125,0.03125,0.03125,0.03125
2,MIMAT0019712,CRKL,mir_regulates_mrna,,0.03125,0.03125,0.03125,0.03125,0.03125
2,MIMAT0019788,CRKL,mir_regulates_mrna,,0.03125,0.03125,0.03125,0.03125,0.03125
2,MIMAT0019799,CRKL,mir_regulates_mrna,,0.03125,0.03125,0.03125,0.03125,0.03125
2,MIMAT0019966,CRKL,mir_regulates_mrna,,0.03125,0.03125,0.03125,0.03125,0.03125
2,MIMAT0027345,CRKL,mir_regulates_mrna,,0.03125,0.03125,0.03125,0.03125,0.03125
2,MIMAT0027386,CRKL,mir_regulates_mrna,,0.03125,0.03125,0.03125,0.03125,0.03125
2,MIMAT0027389,CRKL,mir_regulates_mrna,,0.03125,0.03125,0.03125,0.03125,0.03125
2,MIMAT0027460,CRKL,mir_regulates_mrna,,0.03125,0.03125,0.03125,0.03125,0.03125
2,MIMAT0027578,CRKL,mir_regulates_mrna,,0.03125,0.03125,0.03125,0.03125,0.03125
2,MIMAT0027668,CRKL,mir_regulates_mrna,,0.03125,0.03125,0.03125,0.03125,0.03125
2,MIMAT0027686,CRKL,mir_regulates_mrna,,0.03125,0.03125,0.03125,0.03125,0.03125
2,MIMAT0028121,CRKL,mir_regulates_mrna,,0.03125,0.03125,0.03125,0.03125,0.03125
2,MIMAT0028227,CRKL,mir_regulates_mrna,,0.03125,0.03125,0.03125,0.03125,0.03125
2,MIMAT0000763,FOS,mir_regulates_mrna,,0.3333333432674408,0.3333333432674408,0.3333333432674408,0.3333333432674408,0.3333333432674408
2,MIMAT0015378,FOS,mir_regulates_mrna,,0.3333333432674408,0.3333333432674408,0.3333333432674408,0.3333333432674408,0.3333333432674408
2,MIMAT0028213,FOS,mir_regulates_mrna,,0.3333333432674408,0.3333333432674408,0.3333333432674408,0.3333333432674408,0.3333333432674408
2,MIMAT0031180,HSPA1B,mir_regulates_mrna,,1.0,1.0,1.0,1.0,1.0
2,MIMAT0000443,MAP3K1,mir_regulates_mrna,,0.5,0.5,0.5,0.5,0.5
2,MIMAT0019759,MAP3K1,mir_regulates_mrna,,0.5,0.5,0.5,0.5,0.5
2,MIMAT0027583,TAB1,mir_regulates_mrna,,0.25,0.25,0.25,0.25,0.25
2,MIMAT0019862,TAB1,mir_regulates_mrna,,0.25,0.25,0.25,0.25,0.25
2,MIMAT0027663,TAB1,mir_regulates_mrna,,0.25,0.25,0.25,0.25,0.25
2,MIMAT0027681,TAB1,mir_regulates_mrna,,0.25,0.25,0.25,0.25,0.25
2,MIMAT0000255,RRAS,mir_regulates_mrna,,0.3333333432674408,0.3333333432674408,0.3333333432674408,0.3333333432674408,0.3333333432674408
2,MIMAT0000422,RRAS,mir_regulates_mrna,,0.3333333432674408,0.3333333432674408,0.3333333432674408,0.3333333432674408,0.3333333432674408
2,MIMAT0005892,RRAS,mir_regulates_mrna,,0.3333333432674408,0.3333333432674408,0.3333333432674408,0.3333333432674408,0.3333333432674408
2,MIMAT0004680,HSPA8,mir_regulates_mrna,,1.0,1.0,1.0,1.0,1.0
2,MIMAT0000244,RAC1,mir_regulates_mrna,,0.1111111119389534,0.1111111119389534,0.1111111119389534,0.1111111119389534,0.1111111119389534
2,MIMAT0001343,RAC1,mir_regulates_mrna,,0.1111111119389534,0.1111111119389534,0.1111111119389534,0.1111111119389534,0.1111111119389534
2,MIMAT0003247,RAC1,mir_regulates_mrna,,0.1111111119389534,0.1111111119389534,0.1111111119389534,0.1111111119389534,0.1111111119389534
2,MIMAT0003320,RAC1,mir_regulates_mrna,,0.1111111119389534,0.1111111119389534,0.1111111119389534,0.1111111119389534,0.1111111119389534
2,MIMAT0004947,RAC1,mir_regulates_mrna,,0.1111111119389534,0.1111111119389534,0.1111111119389534,0.1111111119389534,0.1111111119389534
2,MIMAT0015052,RAC1,mir_regulates_mrna,,0.1111111119389534,0.1111111119389534,0.1111111119389534,0.1111111119389534,0.1111111119389534
2,MIMAT0018114,RAC1,mir_regulates_mrna,,0.1111111119389534,0.1111111119389534,0.1111111119389534,0.1111111119389534,0.1111111119389534
2,MIMAT0027520,RAC1,mir_regulates_mrna,,0.1111111119389534,0.1111111119389534,0.1111111119389534,0.1111111119389534,0.1111111119389534
2,MIMAT0027550,RAC1,mir_regulates_mrna,,0.1111111119389534,0.1111111119389534,0.1111111119389534,0.1111111119389534,0.1111111119389534
2,MIMAT0000759,SOS2,mir_regulates_mrna,,0.5,0.5,0.5,0.5,0.5
2,MIMAT0027633,SOS2,mir_regulates_mrna,,0.5,0.5,0.5,0.5,0.5
2,MIMAT0003884,DUSP10,mir_regulates_mrna,,1.0,1.0,1.0,1.0,1.0
2,MIMAT0022946,MAPK8IP2,mir_regulates_mrna,,0.3333333432674408,0.3333333432674408,0.3333333432674408,0.3333333432674408,0.3333333432674408
2,MIMAT0019791,MAPK8IP2,mir_regulates_mrna,,0.3333333432674408,0.3333333432674408,0.3333333432674408,0.3333333432674408,0.3333333432674408
2,MIMAT0031004,MAPK8IP2,mir_regulates_mrna,,0.3333333432674408,0.3333333432674408,0.3333333432674408,0.3333333432674408,0.3333333432674408
2,MIMAT0004795,PDGFC,mir_regulates_mrna,,1.0,1.0,1.0,1.0,1.0
2,MIMAT0000257,NLK,mir_regulates_mrna,,0.25,0.25,0.25,0.25,0.25
2,MIMAT0026740,NLK,mir_regulates_mrna,,0.25,0.25,0.25,0.25,0.25
2,MIMAT0015032,NLK,mir_regulates_mrna,,0.25,0.25,0.25,0.25,0.25
2,MIMAT0027536,NLK,mir_regulates_mrna,,0.25,0.25,0.25,0.25,0.25
2,MIMAT0007888,MAP3K20,mir_regulates_mrna,,0.1666666716337204,0.1666666716337204,0.1666666716337204,0.1666666716337204,0.1666666716337204
2,MIMAT0027499,MAP3K20,mir_regulates_mrna,,0.1666666716337204,0.1666666716337204,0.1666666716337204,0.1666666716337204,0.1666666716337204
2,MIMAT0019886,MAP3K20,mir_regulates_mrna,,0.1666666716337204,0.1666666716337204,0.1666666716337204,0.1666666716337204,0.1666666716337204
2,MIMAT0019214,MAP3K20,mir_regulates_mrna,,0.1666666716337204,0.1666666716337204,0.1666666716337204,0.1666666716337204,0.1666666716337204
2,MIMAT0027405,MAP3K20,mir_regulates_mrna,,0.1666666716337204,0.1666666716337204,0.1666666716337204,0.1666666716337204,0.1666666716337204
2,MIMAT0031179,MAP3K20,mir_regulates_mrna,,0.1666666716337204,0.1666666716337204,0.1666666716337204,0.1666666716337204,0.1666666716337204
2,MIMAT0004564,MKNK2,mir_regulates_mrna,,0.03846153989434242,0.03846153989434242,0.03846153989434242,0.03846153989434242,0.03846153989434242
2,MIMAT0000419,MKNK2,mir_regulates_mrna,,0.03846153989434242,0.03846153989434242,0.03846153989434242,0.03846153989434242,0.03846153989434242
2,MIMAT0004748,MKNK2,mir_regulates_mrna,,0.03846153989434242,0.03846153989434242,0.03846153989434242,0.03846153989434242,0.03846153989434242
2,MIMAT0004986,MKNK2,mir_regulates_mrna,,0.03846153989434242,0.03846153989434242,0.03846153989434242,0.03846153989434242,0.03846153989434242
2,MIMAT0005825,MKNK2,mir_regulates_mrna,,0.03846153989434242,0.03846153989434242,0.03846153989434242,0.03846153989434242,0.03846153989434242
2,MIMAT0005907,MKNK2,mir_regulates_mrna,,0.03846153989434242,0.03846153989434242,0.03846153989434242,0.03846153989434242,0.03846153989434242
2,MIMAT0015377,MKNK2,mir_regulates_mrna,,0.03846153989434242,0.03846153989434242,0.03846153989434242,0.03846153989434242,0.03846153989434242
2,MIMAT0015014,MKNK2,mir_regulates_mrna,,0.03846153989434242,0.03846153989434242,0.03846153989434242,0.03846153989434242,0.03846153989434242
2,MIMAT0018006,MKNK2,mir_regulates_mrna,,0.03846153989434242,0.03846153989434242,0.03846153989434242,0.03846153989434242,0.03846153989434242
2,MIMAT0018081,MKNK2,mir_regulates_mrna,,0.03846153989434242,0.03846153989434242,0.03846153989434242,0.03846153989434242,0.03846153989434242
2,MIMAT0020956,MKNK2,mir_regulates_mrna,,0.03846153989434242,0.03846153989434242,0.03846153989434242,0.03846153989434242,0.03846153989434242
2,MIMAT0019716,MKNK2,mir_regulates_mrna,,0.03846153989434242,0.03846153989434242,0.03846153989434242,0.03846153989434242,0.03846153989434242
2,MIMAT0019781,MKNK2,mir_regulates_mrna,,0.03846153989434242,0.03846153989434242,0.03846153989434242,0.03846153989434242,0.03846153989434242
2,MIMAT0019844,MKNK2,mir_regulates_mrna,,0.03846153989434242,0.03846153989434242,0.03846153989434242,0.03846153989434242,0.03846153989434242
2,MIMAT0022979,MKNK2,mir_regulates_mrna,,0.03846153989434242,0.03846153989434242,0.03846153989434242,0.03846153989434242,0.03846153989434242
2,MIMAT0023702,MKNK2,mir_regulates_mrna,,0.03846153989434242,0.03846153989434242,0.03846153989434242,0.03846153989434242,0.03846153989434242
2,MIMAT0024617,MKNK2,mir_regulates_mrna,,0.03846153989434242,0.03846153989434242,0.03846153989434242,0.03846153989434242,0.03846153989434242
2,MIMAT0025852,MKNK2,mir_regulates_mrna,,0.03846153989434242,0.03846153989434242,0.03846153989434242,0.03846153989434242,0.03846153989434242
2,MIMAT0027454,MKNK2,mir_regulates_mrna,,0.03846153989434242,0.03846153989434242,0.03846153989434242,0.03846153989434242,0.03846153989434242
2,MIMAT0027470,MKNK2,mir_regulates_mrna,,0.03846153989434242,0.03846153989434242,0.03846153989434242,0.03846153989434242,0.03846153989434242
2,MIMAT0027516,MKNK2,mir_regulates_mrna,,0.03846153989434242,0.03846153989434242,0.03846153989434242,0.03846153989434242,0.03846153989434242
2,MIMAT0027666,MKNK2,mir_regulates_mrna,,0.03846153989434242,0.03846153989434242,0.03846153989434242,0.03846153989434242,0.03846153989434242
2,MIMAT0030413,MKNK2,mir_regulates_mrna,,0.03846153989434242,0.03846153989434242,0.03846153989434242,0.03846153989434242,0.03846153989434242
2,MIMAT0004611,MKNK2,mir_regulates_mrna,,0.03846153989434242,0.03846153989434242,0.03846153989434242,0.03846153989434242,0.03846153989434242
2,MIMAT0019955,MKNK2,mir_regulates_mrna,,0.03846153989434242,0.03846153989434242,0.03846153989434242,0.03846153989434242,0.03846153989434242
2,MIMAT0027431,MKNK2,mir_regulates_mrna,,0.03846153989434242,0.03846153989434242,0.03846153989434242,0.03846153989434242,0.03846153989434242
2,MIMAT0000104,GNG12,mir_regulates_mrna,,0.06666667014360428,0.06666667014360428,0.06666667014360428,0.06666667014360428,0.06666667014360428
2,MIMAT0000273,GNG12,mir_regulates_mrna,,0.06666667014360428,0.06666667014360428,0.06666667014360428,0.06666667014360428,0.06666667014360428
2,MIMAT0004748,GNG12,mir_regulates_mrna,,0.06666667014360428,0.06666667014360428,0.06666667014360428,0.06666667014360428,0.06666667014360428
2,MIMAT0002833,GNG12,mir_regulates_mrna,,0.06666667014360428,0.06666667014360428,0.06666667014360428,0.06666667014360428,0.06666667014360428
2,MIMAT0003249,GNG12,mir_regulates_mrna,,0.06666667014360428,0.06666667014360428,0.06666667014360428,0.06666667014360428,0.06666667014360428
2,MIMAT0005827,GNG12,mir_regulates_mrna,,0.06666667014360428,0.06666667014360428,0.06666667014360428,0.06666667014360428,0.06666667014360428
2,MIMAT0005878,GNG12,mir_regulates_mrna,,0.06666667014360428,0.06666667014360428,0.06666667014360428,0.06666667014360428,0.06666667014360428
2,MIMAT0019201,GNG12,mir_regulates_mrna,,0.06666667014360428,0.06666667014360428,0.06666667014360428,0.06666667014360428,0.06666667014360428
2,MIMAT0018109,GNG12,mir_regulates_mrna,,0.06666667014360428,0.06666667014360428,0.06666667014360428,0.06666667014360428,0.06666667014360428
2,MIMAT0018985,GNG12,mir_regulates_mrna,,0.06666667014360428,0.06666667014360428,0.06666667014360428,0.06666667014360428,0.06666667014360428
2,MIMAT0019709,GNG12,mir_regulates_mrna,,0.06666667014360428,0.06666667014360428,0.06666667014360428,0.06666667014360428,0.06666667014360428
2,MIMAT0019841,GNG12,mir_regulates_mrna,,0.06666667014360428,0.06666667014360428,0.06666667014360428,0.06666667014360428,0.06666667014360428
2,MIMAT0027578,GNG12,mir_regulates_mrna,,0.06666667014360428,0.06666667014360428,0.06666667014360428,0.06666667014360428,0.06666667014360428
2,MIMAT0030990,GNG12,mir_regulates_mrna,,0.06666667014360428,0.06666667014360428,0.06666667014360428,0.06666667014360428,0.06666667014360428
2,MIMAT0031007,GNG12,mir_regulates_mrna,,0.06666667014360428,0.06666667014360428,0.06666667014360428,0.06666667014360428,0.06666667014360428
2,MIMAT0000068,TAOK1,mir_regulates_mrna,,0.013513513840734959,0.013513513840734959,0.013513513840734959,0.013513513840734959,0.013513513840734959
2,MIMAT0000069,TAOK1,mir_regulates_mrna,,0.013513513840734959,0.013513513840734959,0.013513513840734959,0.013513513840734959,0.013513513840734959
2,MIMAT0022691,TAOK1,mir_regulates_mrna,,0.013513513840734959,0.013513513840734959,0.013513513840734959,0.013513513840734959,0.013513513840734959
2,MIMAT0022844,TAOK1,mir_regulates_mrna,,0.013513513840734959,0.013513513840734959,0.013513513840734959,0.013513513840734959,0.013513513840734959
2,MIMAT0000417,TAOK1,mir_regulates_mrna,,0.013513513840734959,0.013513513840734959,0.013513513840734959,0.013513513840734959,0.013513513840734959
2,MIMAT0004588,TAOK1,mir_regulates_mrna,,0.013513513840734959,0.013513513840734959,0.013513513840734959,0.013513513840734959,0.013513513840734959
2,MIMAT0000424,TAOK1,mir_regulates_mrna,,0.013513513840734959,0.013513513840734959,0.013513513840734959,0.013513513840734959,0.013513513840734959
2,MIMAT0000441,TAOK1,mir_regulates_mrna,,0.013513513840734959,0.013513513840734959,0.013513513840734959,0.013513513840734959,0.013513513840734959
2,MIMAT0004602,TAOK1,mir_regulates_mrna,,0.013513513840734959,0.013513513840734959,0.013513513840734959,0.013513513840734959,0.013513513840734959
2,MIMAT0000455,TAOK1,mir_regulates_mrna,,0.013513513840734959,0.013513513840734959,0.013513513840734959,0.013513513840734959,0.013513513840734959
2,MIMAT0000461,TAOK1,mir_regulates_mrna,,0.013513513840734959,0.013513513840734959,0.013513513840734959,0.013513513840734959,0.013513513840734959
2,MIMAT0000684,TAOK1,mir_regulates_mrna,,0.013513513840734959,0.013513513840734959,0.013513513840734959,0.013513513840734959,0.013513513840734959
2,MIMAT0000715,TAOK1,mir_regulates_mrna,,0.013513513840734959,0.013513513840734959,0.013513513840734959,0.013513513840734959,0.013513513840734959
2,MIMAT0000718,TAOK1,mir_regulates_mrna,,0.013513513840734959,0.013513513840734959,0.013513513840734959,0.013513513840734959,0.013513513840734959
2,MIMAT0000724,TAOK1,mir_regulates_mrna,,0.013513513840734959,0.013513513840734959,0.013513513840734959,0.013513513840734959,0.013513513840734959
2,MIMAT0001412,TAOK1,mir_regulates_mrna,,0.013513513840734959,0.013513513840734959,0.013513513840734959,0.013513513840734959,0.013513513840734959
2,MIMAT0004767,TAOK1,mir_regulates_mrna,,0.013513513840734959,0.013513513840734959,0.013513513840734959,0.013513513840734959,0.013513513840734959
2,MIMAT0002820,TAOK1,mir_regulates_mrna,,0.013513513840734959,0.013513513840734959,0.013513513840734959,0.013513513840734959,0.013513513840734959
2,MIMAT0002838,TAOK1,mir_regulates_mrna,,0.013513513840734959,0.013513513840734959,0.013513513840734959,0.013513513840734959,0.013513513840734959
2,MIMAT0002846,TAOK1,mir_regulates_mrna,,0.013513513840734959,0.013513513840734959,0.013513513840734959,0.013513513840734959,0.013513513840734959
2,MIMAT0002856,TAOK1,mir_regulates_mrna,,0.013513513840734959,0.013513513840734959,0.013513513840734959,0.013513513840734959,0.013513513840734959
2,MIMAT0003255,TAOK1,mir_regulates_mrna,,0.013513513840734959,0.013513513840734959,0.013513513840734959,0.013513513840734959,0.013513513840734959
2,MIMAT0026622,TAOK1,mir_regulates_mrna,,0.013513513840734959,0.013513513840734959,0.013513513840734959,0.013513513840734959,0.013513513840734959
2,MIMAT0003316,TAOK1,mir_regulates_mrna,,0.013513513840734959,0.013513513840734959,0.013513513840734959,0.013513513840734959,0.013513513840734959
2,MIMAT0026734,TAOK1,mir_regulates_mrna,,0.013513513840734959,0.013513513840734959,0.013513513840734959,0.013513513840734959,0.013513513840734959
2,MIMAT0022942,TAOK1,mir_regulates_mrna,,0.013513513840734959,0.013513513840734959,0.013513513840734959,0.013513513840734959,0.013513513840734959
2,MIMAT0005898,TAOK1,mir_regulates_mrna,,0.013513513840734959,0.013513513840734959,0.013513513840734959,0.013513513840734959,0.013513513840734959
2,MIMAT0005929,TAOK1,mir_regulates_mrna,,0.013513513840734959,0.013513513840734959,0.013513513840734959,0.013513513840734959,0.013513513840734959
2,MIMAT0014997,TAOK1,mir_regulates_mrna,,0.013513513840734959,0.013513513840734959,0.013513513840734959,0.013513513840734959,0.013513513840734959
2,MIMAT0015002,TAOK1,mir_regulates_mrna,,0.013513513840734959,0.013513513840734959,0.013513513840734959,0.013513513840734959,0.013513513840734959
2,MIMAT0015039,TAOK1,mir_regulates_mrna,,0.013513513840734959,0.013513513840734959,0.013513513840734959,0.013513513840734959,0.013513513840734959
2,MIMAT0019215,TAOK1,mir_regulates_mrna,,0.013513513840734959,0.013513513840734959,0.013513513840734959,0.013513513840734959,0.013513513840734959
2,MIMAT0016886,TAOK1,mir_regulates_mrna,,0.013513513840734959,0.013513513840734959,0.013513513840734959,0.013513513840734959,0.013513513840734959
2,MIMAT0018088,TAOK1,mir_regulates_mrna,,0.013513513840734959,0.013513513840734959,0.013513513840734959,0.013513513840734959,0.013513513840734959
2,MIMAT0018203,TAOK1,mir_regulates_mrna,,0.013513513840734959,0.013513513840734959,0.013513513840734959,0.013513513840734959,0.013513513840734959
2,MIMAT0019003,TAOK1,mir_regulates_mrna,,0.013513513840734959,0.013513513840734959,0.013513513840734959,0.013513513840734959,0.013513513840734959
2,MIMAT0019043,TAOK1,mir_regulates_mrna,,0.013513513840734959,0.013513513840734959,0.013513513840734959,0.013513513840734959,0.013513513840734959
2,MIMAT0019062,TAOK1,mir_regulates_mrna,,0.013513513840734959,0.013513513840734959,0.013513513840734959,0.013513513840734959,0.013513513840734959
2,MIMAT0019730,TAOK1,mir_regulates_mrna,,0.013513513840734959,0.013513513840734959,0.013513513840734959,0.013513513840734959,0.013513513840734959
2,MIMAT0019769,TAOK1,mir_regulates_mrna,,0.013513513840734959,0.013513513840734959,0.013513513840734959,0.013513513840734959,0.013513513840734959
2,MIMAT0019838,TAOK1,mir_regulates_mrna,,0.013513513840734959,0.013513513840734959,0.013513513840734959,0.013513513840734959,0.013513513840734959
2,MIMAT0019861,TAOK1,mir_regulates_mrna,,0.013513513840734959,0.013513513840734959,0.013513513840734959,0.013513513840734959,0.013513513840734959
2,MIMAT0019891,TAOK1,mir_regulates_mrna,,0.013513513840734959,0.013513513840734959,0.013513513840734959,0.013513513840734959,0.013513513840734959
2,MIMAT0019960,TAOK1,mir_regulates_mrna,,0.013513513840734959,0.013513513840734959,0.013513513840734959,0.013513513840734959,0.013513513840734959
2,MIMAT0021043,TAOK1,mir_regulates_mrna,,0.013513513840734959,0.013513513840734959,0.013513513840734959,0.013513513840734959,0.013513513840734959
2,MIMAT0021045,TAOK1,mir_regulates_mrna,,0.013513513840734959,0.013513513840734959,0.013513513840734959,0.013513513840734959,0.013513513840734959
2,MIMAT0021081,TAOK1,mir_regulates_mrna,,0.013513513840734959,0.013513513840734959,0.013513513840734959,0.013513513840734959,0.013513513840734959
2,MIMAT0022491,TAOK1,mir_regulates_mrna,,0.013513513840734959,0.013513513840734959,0.013513513840734959,0.013513513840734959,0.013513513840734959
2,MIMAT0025857,TAOK1,mir_regulates_mrna,,0.013513513840734959,0.013513513840734959,0.013513513840734959,0.013513513840734959,0.013513513840734959
2,MIMAT0027395,TAOK1,mir_regulates_mrna,,0.013513513840734959,0.013513513840734959,0.013513513840734959,0.013513513840734959,0.013513513840734959
2,MIMAT0027438,TAOK1,mir_regulates_mrna,,0.013513513840734959,0.013513513840734959,0.013513513840734959,0.013513513840734959,0.013513513840734959
2,MIMAT0027475,TAOK1,mir_regulates_mrna,,0.013513513840734959,0.013513513840734959,0.013513513840734959,0.013513513840734959,0.013513513840734959
2,MIMAT0027514,TAOK1,mir_regulates_mrna,,0.013513513840734959,0.013513513840734959,0.013513513840734959,0.013513513840734959,0.013513513840734959
2,MIMAT0027577,TAOK1,mir_regulates_mrna,,0.013513513840734959,0.013513513840734959,0.013513513840734959,0.013513513840734959,0.013513513840734959
2,MIMAT0027607,TAOK1,mir_regulates_mrna,,0.013513513840734959,0.013513513840734959,0.013513513840734959,0.013513513840734959,0.013513513840734959
2,MIMAT0027620,TAOK1,mir_regulates_mrna,,0.013513513840734959,0.013513513840734959,0.013513513840734959,0.013513513840734959,0.013513513840734959
2,MIMAT0027634,TAOK1,mir_regulates_mrna,,0.013513513840734959,0.013513513840734959,0.013513513840734959,0.013513513840734959,0.013513513840734959
2,MIMAT0027640,TAOK1,mir_regulates_mrna,,0.013513513840734959,0.013513513840734959,0.013513513840734959,0.013513513840734959,0.013513513840734959
2,MIMAT0027652,TAOK1,mir_regulates_mrna,,0.013513513840734959,0.013513513840734959,0.013513513840734959,0.013513513840734959,0.013513513840734959
2,MIMAT0027660,TAOK1,mir_regulates_mrna,,0.013513513840734959,0.013513513840734959,0.013513513840734959,0.013513513840734959,0.013513513840734959
2,MIMAT0028213,TAOK1,mir_regulates_mrna,,0.013513513840734959,0.013513513840734959,0.013513513840734959,0.013513513840734959,0.013513513840734959
2,MIMAT0030992,TAOK1,mir_regulates_mrna,,0.013513513840734959,0.013513513840734959,0.013513513840734959,0.013513513840734959,0.013513513840734959
2,MIMAT0004919,TAOK1,mir_regulates_mrna,,0.013513513840734959,0.013513513840734959,0.013513513840734959,0.013513513840734959,0.013513513840734959
2,MIMAT0015052,TAOK1,mir_regulates_mrna,,0.013513513840734959,0.013513513840734959,0.013513513840734959,0.013513513840734959,0.013513513840734959
2,MIMAT0016916,TAOK1,mir_regulates_mrna,,0.013513513840734959,0.013513513840734959,0.013513513840734959,0.013513513840734959,0.013513513840734959
2,MIMAT0019072,TAOK1,mir_regulates_mrna,,0.013513513840734959,0.013513513840734959,0.013513513840734959,0.013513513840734959,0.013513513840734959
2,MIMAT0019739,TAOK1,mir_regulates_mrna,,0.013513513840734959,0.013513513840734959,0.013513513840734959,0.013513513840734959,0.013513513840734959
2,MIMAT0019798,TAOK1,mir_regulates_mrna,,0.013513513840734959,0.013513513840734959,0.013513513840734959,0.013513513840734959,0.013513513840734959
2,MIMAT0019799,TAOK1,mir_regulates_mrna,,0.013513513840734959,0.013513513840734959,0.013513513840734959,0.013513513840734959,0.013513513840734959
2,MIMAT0019912,TAOK1,mir_regulates_mrna,,0.013513513840734959,0.013513513840734959,0.013513513840734959,0.013513513840734959,0.013513513840734959
2,MIMAT0027391,TAOK1,mir_regulates_mrna,,0.013513513840734959,0.013513513840734959,0.013513513840734959,0.013513513840734959,0.013513513840734959
2,MIMAT0027543,TAOK1,mir_regulates_mrna,,0.013513513840734959,0.013513513840734959,0.013513513840734959,0.013513513840734959,0.013513513840734959
2,MIMAT0028119,TAOK1,mir_regulates_mrna,,0.013513513840734959,0.013513513840734959,0.013513513840734959,0.013513513840734959,0.013513513840734959
2,MIMAT0031012,TAOK1,mir_regulates_mrna,,0.013513513840734959,0.013513513840734959,0.013513513840734959,0.013513513840734959,0.013513513840734959
2,MIMAT0000418,PPM1A,mir_regulates_mrna,,0.07692307978868484,0.07692307978868484,0.07692307978868484,0.07692307978868484,0.07692307978868484
2,MIMAT0000097,PPM1A,mir_regulates_mrna,,0.07692307978868484,0.07692307978868484,0.07692307978868484,0.07692307978868484,0.07692307978868484
2,MIMAT0002174,PPM1A,mir_regulates_mrna,,0.07692307978868484,0.07692307978868484,0.07692307978868484,0.07692307978868484,0.07692307978868484
2,MIMAT0002874,PPM1A,mir_regulates_mrna,,0.07692307978868484,0.07692307978868484,0.07692307978868484,0.07692307978868484,0.07692307978868484
2,MIMAT0004780,PPM1A,mir_regulates_mrna,,0.07692307978868484,0.07692307978868484,0.07692307978868484,0.07692307978868484,0.07692307978868484
2,MIMAT0022707,PPM1A,mir_regulates_mrna,,0.07692307978868484,0.07692307978868484,0.07692307978868484,0.07692307978868484,0.07692307978868484
2,MIMAT0003271,PPM1A,mir_regulates_mrna,,0.07692307978868484,0.07692307978868484,0.07692307978868484,0.07692307978868484,0.07692307978868484
2,MIMAT0003316,PPM1A,mir_regulates_mrna,,0.07692307978868484,0.07692307978868484,0.07692307978868484,0.07692307978868484,0.07692307978868484
2,MIMAT0005949,PPM1A,mir_regulates_mrna,,0.07692307978868484,0.07692307978868484,0.07692307978868484,0.07692307978868484,0.07692307978868484
2,MIMAT0019213,PPM1A,mir_regulates_mrna,,0.07692307978868484,0.07692307978868484,0.07692307978868484,0.07692307978868484,0.07692307978868484
2,MIMAT0018989,PPM1A,mir_regulates_mrna,,0.07692307978868484,0.07692307978868484,0.07692307978868484,0.07692307978868484,0.07692307978868484
2,MIMAT0033692,PPM1A,mir_regulates_mrna,,0.07692307978868484,0.07692307978868484,0.07692307978868484,0.07692307978868484,0.07692307978868484
2,MIMAT0022255,PPM1A,mir_regulates_mrna,,0.07692307978868484,0.07692307978868484,0.07692307978868484,0.07692307978868484,0.07692307978868484
2,MIMAT0021039,TRAF2,mir_regulates_mrna,,0.5,0.5,0.5,0.5,0.5
2,MIMAT0027041,TRAF2,mir_regulates_mrna,,0.5,0.5,0.5,0.5,0.5
2,MIMAT0000063,CACNG8,mir_regulates_mrna,,0.018518518656492233,0.018518518656492233,0.018518518656492233,0.018518518656492233,0.018518518656492233
2,MIMAT0000227,CACNG8,mir_regulates_mrna,,0.018518518656492233,0.018518518656492233,0.018518518656492233,0.018518518656492233,0.018518518656492233
2,MIMAT0004550,CACNG8,mir_regulates_mrna,,0.018518518656492233,0.018518518656492233,0.018518518656492233,0.018518518656492233,0.018518518656492233
2,MIMAT0000265,CACNG8,mir_regulates_mrna,,0.018518518656492233,0.018518518656492233,0.018518518656492233,0.018518518656492233,0.018518518656492233
2,MIMAT0004589,CACNG8,mir_regulates_mrna,,0.018518518656492233,0.018518518656492233,0.018518518656492233,0.018518518656492233,0.018518518656492233
2,MIMAT0004599,CACNG8,mir_regulates_mrna,,0.018518518656492233,0.018518518656492233,0.018518518656492233,0.018518518656492233,0.018518518656492233
2,MIMAT0004676,CACNG8,mir_regulates_mrna,,0.018518518656492233,0.018518518656492233,0.018518518656492233,0.018518518656492233,0.018518518656492233
2,MIMAT0004687,CACNG8,mir_regulates_mrna,,0.018518518656492233,0.018518518656492233,0.018518518656492233,0.018518518656492233,0.018518518656492233
2,MIMAT0000732,CACNG8,mir_regulates_mrna,,0.018518518656492233,0.018518518656492233,0.018518518656492233,0.018518518656492233,0.018518518656492233
2,MIMAT0001629,CACNG8,mir_regulates_mrna,,0.018518518656492233,0.018518518656492233,0.018518518656492233,0.018518518656492233,0.018518518656492233
2,MIMAT0004792,CACNG8,mir_regulates_mrna,,0.018518518656492233,0.018518518656492233,0.018518518656492233,0.018518518656492233,0.018518518656492233
2,MIMAT0003284,CACNG8,mir_regulates_mrna,,0.018518518656492233,0.018518518656492233,0.018518518656492233,0.018518518656492233,0.018518518656492233
2,MIMAT0003310,CACNG8,mir_regulates_mrna,,0.018518518656492233,0.018518518656492233,0.018518518656492233,0.018518518656492233,0.018518518656492233
2,MIMAT0022711,CACNG8,mir_regulates_mrna,,0.018518518656492233,0.018518518656492233,0.018518518656492233,0.018518518656492233,0.018518518656492233
2,MIMAT0018926,CACNG8,mir_regulates_mrna,,0.018518518656492233,0.018518518656492233,0.018518518656492233,0.018518518656492233,0.018518518656492233
2,MIMAT0026720,CACNG8,mir_regulates_mrna,,0.018518518656492233,0.018518518656492233,0.018518518656492233,0.018518518656492233,0.018518518656492233
2,MIMAT0004952,CACNG8,mir_regulates_mrna,,0.018518518656492233,0.018518518656492233,0.018518518656492233,0.018518518656492233,0.018518518656492233
2,MIMAT0004983,CACNG8,mir_regulates_mrna,,0.018518518656492233,0.018518518656492233,0.018518518656492233,0.018518518656492233,0.018518518656492233
2,MIMAT0005891,CACNG8,mir_regulates_mrna,,0.018518518656492233,0.018518518656492233,0.018518518656492233,0.018518518656492233,0.018518518656492233
2,MIMAT0011157,CACNG8,mir_regulates_mrna,,0.018518518656492233,0.018518518656492233,0.018518518656492233,0.018518518656492233,0.018518518656492233
2,MIMAT0019198,CACNG8,mir_regulates_mrna,,0.018518518656492233,0.018518518656492233,0.018518518656492233,0.018518518656492233,0.018518518656492233
2,MIMAT0019200,CACNG8,mir_regulates_mrna,,0.018518518656492233,0.018518518656492233,0.018518518656492233,0.018518518656492233,0.018518518656492233
2,MIMAT0014999,CACNG8,mir_regulates_mrna,,0.018518518656492233,0.018518518656492233,0.018518518656492233,0.018518518656492233,0.018518518656492233
2,MIMAT0016879,CACNG8,mir_regulates_mrna,,0.018518518656492233,0.018518518656492233,0.018518518656492233,0.018518518656492233,0.018518518656492233
2,MIMAT0016884,CACNG8,mir_regulates_mrna,,0.018518518656492233,0.018518518656492233,0.018518518656492233,0.018518518656492233,0.018518518656492233
2,MIMAT0019220,CACNG8,mir_regulates_mrna,,0.018518518656492233,0.018518518656492233,0.018518518656492233,0.018518518656492233,0.018518518656492233
2,MIMAT0018181,CACNG8,mir_regulates_mrna,,0.018518518656492233,0.018518518656492233,0.018518518656492233,0.018518518656492233,0.018518518656492233
2,MIMAT0018932,CACNG8,mir_regulates_mrna,,0.018518518656492233,0.018518518656492233,0.018518518656492233,0.018518518656492233,0.018518518656492233
2,MIMAT0018949,CACNG8,mir_regulates_mrna,,0.018518518656492233,0.018518518656492233,0.018518518656492233,0.018518518656492233,0.018518518656492233
2,MIMAT0019006,CACNG8,mir_regulates_mrna,,0.018518518656492233,0.018518518656492233,0.018518518656492233,0.018518518656492233,0.018518518656492233
2,MIMAT0019007,CACNG8,mir_regulates_mrna,,0.018518518656492233,0.018518518656492233,0.018518518656492233,0.018518518656492233,0.018518518656492233
2,MIMAT0019717,CACNG8,mir_regulates_mrna,,0.018518518656492233,0.018518518656492233,0.018518518656492233,0.018518518656492233,0.018518518656492233
2,MIMAT0019788,CACNG8,mir_regulates_mrna,,0.018518518656492233,0.018518518656492233,0.018518518656492233,0.018518518656492233,0.018518518656492233
2,MIMAT0019895,CACNG8,mir_regulates_mrna,,0.018518518656492233,0.018518518656492233,0.018518518656492233,0.018518518656492233,0.018518518656492233
2,MIMAT0019920,CACNG8,mir_regulates_mrna,,0.018518518656492233,0.018518518656492233,0.018518518656492233,0.018518518656492233,0.018518518656492233
2,MIMAT0021124,CACNG8,mir_regulates_mrna,,0.018518518656492233,0.018518518656492233,0.018518518656492233,0.018518518656492233,0.018518518656492233
2,MIMAT0025455,CACNG8,mir_regulates_mrna,,0.018518518656492233,0.018518518656492233,0.018518518656492233,0.018518518656492233,0.018518518656492233
2,MIMAT0025465,CACNG8,mir_regulates_mrna,,0.018518518656492233,0.018518518656492233,0.018518518656492233,0.018518518656492233,0.018518518656492233
2,MIMAT0025485,CACNG8,mir_regulates_mrna,,0.018518518656492233,0.018518518656492233,0.018518518656492233,0.018518518656492233,0.018518518656492233
2,MIMAT0027381,CACNG8,mir_regulates_mrna,,0.018518518656492233,0.018518518656492233,0.018518518656492233,0.018518518656492233,0.018518518656492233
2,MIMAT0027382,CACNG8,mir_regulates_mrna,,0.018518518656492233,0.018518518656492233,0.018518518656492233,0.018518518656492233,0.018518518656492233
2,MIMAT0027417,CACNG8,mir_regulates_mrna,,0.018518518656492233,0.018518518656492233,0.018518518656492233,0.018518518656492233,0.018518518656492233
2,MIMAT0027433,CACNG8,mir_regulates_mrna,,0.018518518656492233,0.018518518656492233,0.018518518656492233,0.018518518656492233,0.018518518656492233
2,MIMAT0027458,CACNG8,mir_regulates_mrna,,0.018518518656492233,0.018518518656492233,0.018518518656492233,0.018518518656492233,0.018518518656492233
2,MIMAT0027460,CACNG8,mir_regulates_mrna,,0.018518518656492233,0.018518518656492233,0.018518518656492233,0.018518518656492233,0.018518518656492233
2,MIMAT0027519,CACNG8,mir_regulates_mrna,,0.018518518656492233,0.018518518656492233,0.018518518656492233,0.018518518656492233,0.018518518656492233
2,MIMAT0027535,CACNG8,mir_regulates_mrna,,0.018518518656492233,0.018518518656492233,0.018518518656492233,0.018518518656492233,0.018518518656492233
2,MIMAT0027543,CACNG8,mir_regulates_mrna,,0.018518518656492233,0.018518518656492233,0.018518518656492233,0.018518518656492233,0.018518518656492233
2,MIMAT0027565,CACNG8,mir_regulates_mrna,,0.018518518656492233,0.018518518656492233,0.018518518656492233,0.018518518656492233,0.018518518656492233
2,MIMAT0027588,CACNG8,mir_regulates_mrna,,0.018518518656492233,0.018518518656492233,0.018518518656492233,0.018518518656492233,0.018518518656492233
2,MIMAT0027668,CACNG8,mir_regulates_mrna,,0.018518518656492233,0.018518518656492233,0.018518518656492233,0.018518518656492233,0.018518518656492233
2,MIMAT0027689,CACNG8,mir_regulates_mrna,,0.018518518656492233,0.018518518656492233,0.018518518656492233,0.018518518656492233,0.018518518656492233
2,MIMAT0027691,CACNG8,mir_regulates_mrna,,0.018518518656492233,0.018518518656492233,0.018518518656492233,0.018518518656492233,0.018518518656492233
2,MIMAT0030415,CACNG8,mir_regulates_mrna,,0.018518518656492233,0.018518518656492233,0.018518518656492233,0.018518518656492233,0.018518518656492233
2,MIMAT0019857,CACNG6,mir_regulates_mrna,,1.0,1.0,1.0,1.0,1.0
2,MIMAT0019883,MAP3K21,mir_regulates_mrna,,1.0,1.0,1.0,1.0,1.0
2,MIMAT0019001,PLA2G4D,mir_regulates_mrna,,0.5,0.5,0.5,0.5,0.5
2,MIMAT0031119,PLA2G4D,mir_regulates_mrna,,0.5,0.5,0.5,0.5,0.5
2,MIMAT0000092,PLA2G4F,mir_regulates_mrna,,1.0,1.0,1.0,1.0,1.0
