source,target,type,subtype,final_layer_mean_attn,final_layer_max_attn
RASGRF1,fu:ea3af571,gene_to_fu,,0.33337217569351196,0.3334481120109558
RASGRF2,fu:ea3af571,gene_to_fu,,0.33325767517089844,0.333387166261673
DUSP10,fu:bd9bd64d,gene_to_fu,,0.10000330954790115,0.10001026093959808
DUSP1,fu:bd9bd64d,gene_to_fu,,0.10000330954790115,0.10001026093959808
DUSP2,fu:bd9bd64d,gene_to_fu,,0.10000330954790115,0.10001026093959808
DUSP4,fu:bd9bd64d,gene_to_fu,,0.10000330954790115,0.10001026093959808
DUSP5,fu:bd9bd64d,gene_to_fu,,0.10000330954790115,0.10001026093959808
DUSP6,fu:bd9bd64d,gene_to_fu,,0.10000330954790115,0.10001026093959808
DUSP7,fu:bd9bd64d,gene_to_fu,,0.10000330954790115,0.10001026093959808
DUSP8,fu:bd9bd64d,gene_to_fu,,0.10000330954790115,0.10001026093959808
DUSP9,fu:bd9bd64d,gene_to_fu,,0.10000330954790115,0.10001026093959808
DUSP16,fu:bd9bd64d,gene_to_fu,,0.09997019171714783,0.10002176463603973
DUSP3,fu:645ada17,gene_to_fu,,0.25006455183029175,0.25019896030426025
PTPN7,fu:645ada17,gene_to_fu,,0.2499784678220749,0.2500151991844177
PTPRR,fu:645ada17,gene_to_fu,,0.2499784678220749,0.2500151991844177
PTPN5,fu:645ada17,gene_to_fu,,0.2499784678220749,0.2500151991844177
PPM1B,fu:3c67a02d,gene_to_fu,,1.0,1.0
FASLG,fu:d4ebbf2b,gene_to_fu,,1.0,1.0
MAP4K4,fu:f0d46f11,gene_to_fu,,1.0,1.0
PLA2G4B,fu:0c2b138c,gene_to_fu,,0.12497936189174652,0.12501464784145355
PLA2G4E,fu:0c2b138c,gene_to_fu,,0.12502074241638184,0.1250649094581604
PLA2G4F,fu:0c2b138c,gene_to_fu,,0.12502074241638184,0.1250649094581604
PLA2G4D,fu:0c2b138c,gene_to_fu,,0.12502074241638184,0.1250649094581604
PLA2G4A,fu:0c2b138c,gene_to_fu,,0.12497936189174652,0.12501464784145355
PLA2G4C,fu:0c2b138c,gene_to_fu,,0.12497936189174652,0.12501464784145355
JMJD7-PLA2G4B,fu:0c2b138c,gene_to_fu,,0.12497936189174652,0.12501464784145355
STMN1,fu:e661480b,gene_to_fu,,0.5000008344650269,0.500002384185791
MAPT,fu:7e702847,gene_to_fu,,0.5000008344650269,0.500002384185791
NFKB1,fu:3c93b301,gene_to_fu,,0.16668601334095,0.16672705113887787
NFKB2,fu:3c93b301,gene_to_fu,,0.1666300892829895,0.16669371724128723
RELA,fu:3c93b301,gene_to_fu,,0.16668601334095,0.16672705113887787
RELB,fu:3c93b301,gene_to_fu,,0.1666300892829895,0.16669371724128723
CHUK,fu:523a744b,gene_to_fu,,0.14281687140464783,0.14288780093193054
IKBKB,fu:523a744b,gene_to_fu,,0.14286485314369202,0.14288197457790375
IKBKG,fu:523a744b,gene_to_fu,,0.14286485314369202,0.14288197457790375
MAP3K14,fu:b9ec221f,gene_to_fu,,0.33326005935668945,0.33338454365730286
MAPK1,fu:7c6d4d4a,gene_to_fu,,0.16666699945926666,0.16666792333126068
MAPK3,fu:7c6d4d4a,gene_to_fu,,0.16666699945926666,0.16666792333126068
LAMTOR3,fu:93eeec94,gene_to_fu,,0.5000008344650269,0.500002384185791
MAP2K2,fu:4781eb07,gene_to_fu,,0.14281539618968964,0.14288760721683502
MAP2K1,fu:ee804b17,gene_to_fu,,0.14285695552825928,0.14285744726657867
RAF1,fu:5324c493,gene_to_fu,,0.33333295583724976,0.333335816860199
BRAF,fu:7cec7b64,gene_to_fu,,0.3333323895931244,0.3333355188369751
RASA1,fu:30ad397b,gene_to_fu,,1.0,1.0
NF1,fu:3968d652,gene_to_fu,,1.0,1.0
PRKCA,fu:6fc31f40,gene_to_fu,,0.3333706855773926,0.33344796299934387
PRKCB,fu:6fc31f40,gene_to_fu,,0.3333706855773926,0.33344796299934387
PRKCG,fu:6fc31f40,gene_to_fu,,0.33325862884521484,0.3333870768547058
RAP1A,fu:5264ac6f,gene_to_fu,,0.33333200216293335,0.33333685994148254
RAP1B,fu:5264ac6f,gene_to_fu,,0.33333200216293335,0.33333685994148254
PRKACA,fu:0ddd2c17,gene_to_fu,,0.33337146043777466,0.33344775438308716
PRKACB,fu:0ddd2c17,gene_to_fu,,0.33337146043777466,0.33344775438308716
PRKACG,fu:0ddd2c17,gene_to_fu,,0.3332570791244507,0.3333922028541565
RAPGEF2,fu:cbc27d79,gene_to_fu,,1.0,1.0
RASA2,fu:7d8d1672,gene_to_fu,,0.500003457069397,0.5000219941139221
RRAS2,fu:cb603216,gene_to_fu,,0.07143021374940872,0.07143311947584152
MRAS,fu:cb603216,gene_to_fu,,0.07143021374940872,0.07143311947584152
HRAS,fu:cb603216,gene_to_fu,,0.07140669226646423,0.07144609093666077
KRAS,fu:cb603216,gene_to_fu,,0.07143021374940872,0.07143311947584152
NRAS,fu:cb603216,gene_to_fu,,0.07143021374940872,0.07143311947584152
RRAS,fu:cb603216,gene_to_fu,,0.07143021374940872,0.07143311947584152
RASGRP1,fu:a6602c7f,gene_to_fu,,0.20002752542495728,0.20008407533168793
RASGRP2,fu:a6602c7f,gene_to_fu,,0.19995933771133423,0.20002970099449158
RASGRP4,fu:a6602c7f,gene_to_fu,,0.19995933771133423,0.20002970099449158
RASGRP3,fu:a6602c7f,gene_to_fu,,0.20002752542495728,0.20008407533168793
SOS1,fu:9bd0df30,gene_to_fu,,0.5,0.5
SOS2,fu:9bd0df30,gene_to_fu,,0.5,0.5
GNA12,fu:c3d880e8,gene_to_fu,,0.5,0.5
GNG12,fu:c3d880e8,gene_to_fu,,0.5,0.5
GRB2,fu:0d65318d,gene_to_fu,,0.5000010132789612,0.5000026822090149
CSF1R,fu:727cb396,gene_to_fu,,0.03703931346535683,0.03704410418868065
EGFR,fu:727cb396,gene_to_fu,,0.03703931346535683,0.03704410418868065
EPHA2,fu:727cb396,gene_to_fu,,0.03703931346535683,0.03704410418868065
ERBB2,fu:727cb396,gene_to_fu,,0.03703931346535683,0.03704410418868065
ERBB3,fu:727cb396,gene_to_fu,,0.03703931346535683,0.03704410418868065
ERBB4,fu:727cb396,gene_to_fu,,0.03703931346535683,0.03704410418868065
FGFR1,fu:727cb396,gene_to_fu,,0.03703931346535683,0.03704410418868065
FGFR3,fu:727cb396,gene_to_fu,,0.03702692687511444,0.037044234573841095
FGFR2,fu:727cb396,gene_to_fu,,0.03703931346535683,0.03704410418868065
FGFR4,fu:727cb396,gene_to_fu,,0.03703931346535683,0.03704410418868065
FLT1,fu:727cb396,gene_to_fu,,0.03703931346535683,0.03704410418868065
FLT3,fu:727cb396,gene_to_fu,,0.03703931346535683,0.03704410418868065
FLT4,fu:727cb396,gene_to_fu,,0.03703931346535683,0.03704410418868065
IGF1R,fu:727cb396,gene_to_fu,,0.03703931346535683,0.03704410418868065
INSR,fu:727cb396,gene_to_fu,,0.03702692687511444,0.037044234573841095
KDR,fu:727cb396,gene_to_fu,,0.03703931346535683,0.03704410418868065
KIT,fu:727cb396,gene_to_fu,,0.03703931346535683,0.03704410418868065
MET,fu:727cb396,gene_to_fu,,0.03703931346535683,0.03704410418868065
NGFR,fu:727cb396,gene_to_fu,,0.03703931346535683,0.03704410418868065
NTRK1,fu:727cb396,gene_to_fu,,0.03702692687511444,0.037044234573841095
NTRK2,fu:727cb396,gene_to_fu,,0.03703931346535683,0.03704410418868065
PDGFRA,fu:727cb396,gene_to_fu,,0.03703931346535683,0.03704410418868065
PDGFRB,fu:727cb396,gene_to_fu,,0.03703931346535683,0.03704410418868065
RET,fu:727cb396,gene_to_fu,,0.03702692687511444,0.037044234573841095
TEK,fu:727cb396,gene_to_fu,,0.03702692687511444,0.037044234573841095
CACNG3,fu:bd379c39,gene_to_fu,,0.03845422342419624,0.03846699744462967
CACNG2,fu:bd379c39,gene_to_fu,,0.03845422342419624,0.03846699744462967
CACNG5,fu:bd379c39,gene_to_fu,,0.03846690058708191,0.03847834840416908
CACNG4,fu:bd379c39,gene_to_fu,,0.03845422342419624,0.03846699744462967
CACNA2D3,fu:bd379c39,gene_to_fu,,0.03845422342419624,0.03846699744462967
CACNG8,fu:bd379c39,gene_to_fu,,0.03846690058708191,0.03847834840416908
CACNG7,fu:bd379c39,gene_to_fu,,0.03846690058708191,0.03847834840416908
CACNG6,fu:bd379c39,gene_to_fu,,0.03846690058708191,0.03847834840416908
CACNA1A,fu:bd379c39,gene_to_fu,,0.03845422342419624,0.03846699744462967
CACNA1B,fu:bd379c39,gene_to_fu,,0.03846690058708191,0.03847834840416908
CACNA1C,fu:bd379c39,gene_to_fu,,0.03846690058708191,0.03847834840416908
CACNA1D,fu:bd379c39,gene_to_fu,,0.03845422342419624,0.03846699744462967
CACNA1E,fu:bd379c39,gene_to_fu,,0.03846690058708191,0.03847834840416908
CACNA1F,fu:bd379c39,gene_to_fu,,0.03845422342419624,0.03846699744462967
CACNA1S,fu:bd379c39,gene_to_fu,,0.03845422342419624,0.03846699744462967
CACNA2D1,fu:bd379c39,gene_to_fu,,0.03846690058708191,0.03847834840416908
CACNB1,fu:bd379c39,gene_to_fu,,0.03846690058708191,0.03847834840416908
CACNB2,fu:bd379c39,gene_to_fu,,0.03846690058708191,0.03847834840416908
CACNB3,fu:bd379c39,gene_to_fu,,0.03846690058708191,0.03847834840416908
CACNB4,fu:bd379c39,gene_to_fu,,0.03846690058708191,0.03847834840416908
CACNG1,fu:bd379c39,gene_to_fu,,0.03846690058708191,0.03847834840416908
CACNA1I,fu:bd379c39,gene_to_fu,,0.03846690058708191,0.03847834840416908
CACNA1H,fu:bd379c39,gene_to_fu,,0.03845422342419624,0.03846699744462967
CACNA1G,fu:bd379c39,gene_to_fu,,0.03845422342419624,0.03846699744462967
CACNA2D2,fu:bd379c39,gene_to_fu,,0.03846690058708191,0.03847834840416908
CACNA2D4,fu:bd379c39,gene_to_fu,,0.03845422342419624,0.03846699744462967
NR4A1,fu:14d50a78,gene_to_fu,,0.49991458654403687,0.5000648498535156
MAPK7,fu:f05aba10,gene_to_fu,,0.5000003576278687,0.5000132918357849
MAP2K5,fu:faf1b7e0,gene_to_fu,,1.0,1.0
NLK,fu:db8a4a8a,gene_to_fu,,0.5000008940696716,0.5000046491622925
CDC25B,fu:e45fbd5c,gene_to_fu,,0.5000010132789612,0.5000054240226746
RPS6KA4,fu:b8ada536,gene_to_fu,,0.3333337903022766,0.3333357274532318
RPS6KA5,fu:b8ada536,gene_to_fu,,0.3333337903022766,0.3333357274532318
MAPKAPK3,fu:8c7ba104,gene_to_fu,,0.3333337903022766,0.3333357274532318
MAPKAPK2,fu:8c7ba104,gene_to_fu,,0.3333337903022766,0.3333357274532318
ATF4,fu:7bca3a7b,gene_to_fu,,0.33325648307800293,0.3333888351917267
MEF2C,fu:f101a6f1,gene_to_fu,,0.5000010132789612,0.5000054240226746
MAX,fu:45df5340,gene_to_fu,,0.5000010132789612,0.5000054240226746
DDIT3,fu:dda08e08,gene_to_fu,,0.5000010132789612,0.5000054240226746
ELK4,fu:0a37beb9,gene_to_fu,,0.5000010132789612,0.5000054240226746
TP53,fu:31725aa3,gene_to_fu,,0.3333338499069214,0.3333377242088318
ELK1,fu:5fde3828,gene_to_fu,,0.3333338499069214,0.3333377242088318
ATF2,fu:bfc9ae48,gene_to_fu,,0.5000010132789612,0.5000054240226746
MAPK14,fu:5800992d,gene_to_fu,,0.12501077353954315,0.12503300607204437
MAPK11,fu:5800992d,gene_to_fu,,0.12496917694807053,0.125023752450943
MAPK13,fu:5800992d,gene_to_fu,,0.12501077353954315,0.12503300607204437
MAPK12,fu:5800992d,gene_to_fu,,0.12496917694807053,0.125023752450943
PPP5C,fu:306b6021,gene_to_fu,,1.0,1.0
MAP2K6,fu:5e60e9dc,gene_to_fu,,0.14285671710968018,0.1428578644990921
MAP2K3,fu:416a5afd,gene_to_fu,,0.14285671710968018,0.1428578644990921
DUSP10,fu:da3df1ca,gene_to_fu,,0.12500520050525665,0.12501610815525055
DUSP2,fu:da3df1ca,gene_to_fu,,0.12500520050525665,0.12501610815525055
DUSP4,fu:da3df1ca,gene_to_fu,,0.12500520050525665,0.12501610815525055
DUSP5,fu:da3df1ca,gene_to_fu,,0.12500520050525665,0.12501610815525055
DUSP7,fu:da3df1ca,gene_to_fu,,0.12500520050525665,0.12501610815525055
DUSP8,fu:da3df1ca,gene_to_fu,,0.12500520050525665,0.12501610815525055
DUSP9,fu:da3df1ca,gene_to_fu,,0.12500520050525665,0.12501610815525055
DUSP16,fu:da3df1ca,gene_to_fu,,0.12496360391378403,0.1250269114971161
DUSP3,fu:7da6eba5,gene_to_fu,,0.25006455183029175,0.25019896030426025
PTPN7,fu:7da6eba5,gene_to_fu,,0.2499784678220749,0.2500151991844177
PTPRR,fu:7da6eba5,gene_to_fu,,0.2499784678220749,0.2500151991844177
PTPN5,fu:7da6eba5,gene_to_fu,,0.2499784678220749,0.2500151991844177
PPM1A,fu:5dc42453,gene_to_fu,,1.0,1.0
AKT3,fu:41203a8a,gene_to_fu,,0.3333333432674408,0.3333333432674408
AKT1,fu:41203a8a,gene_to_fu,,0.3333333432674408,0.3333333432674408
AKT2,fu:41203a8a,gene_to_fu,,0.3333333432674408,0.3333333432674408
TAOK3,fu:0c8f7154,gene_to_fu,,0.33326029777526855,0.3333840072154999
TAOK1,fu:0c8f7154,gene_to_fu,,0.3333698511123657,0.33344796299934387
TAOK2,fu:0c8f7154,gene_to_fu,,0.3333698511123657,0.33344796299934387
MAP3K4,fu:8cf03d63,gene_to_fu,,0.5000004172325134,0.5000203847885132
HSPB1,fu:6953fac9,gene_to_fu,,0.33326029777526855,0.33339688181877136
MAP3K7,fu:cabad419,gene_to_fu,,0.25000303983688354,0.25000500679016113
MAP3K5,fu:aacf07bb,gene_to_fu,,0.1999489665031433,0.20004120469093323
MAP3K6,fu:e9c5128e,gene_to_fu,,1.0,1.0
MAP3K20,fu:8ce177b4,gene_to_fu,,1.0,1.0
MAP3K12,fu:1ee1c600,gene_to_fu,,0.4999138116836548,0.5000606775283813
MAP3K13,fu:1ee1c600,gene_to_fu,,0.5000861883163452,0.500261127948761
MAP3K9,fu:e7b77b07,gene_to_fu,,0.3333704173564911,0.33344799280166626
MAP3K10,fu:e7b77b07,gene_to_fu,,0.3332591950893402,0.33338335156440735
MAP3K21,fu:e7b77b07,gene_to_fu,,0.3333704173564911,0.33344799280166626
MAP4K2,fu:b8f9f795,gene_to_fu,,0.5000001192092896,0.5000015497207642
STK3,fu:b9db94ef,gene_to_fu,,0.3333333134651184,0.3333352208137512
STK4,fu:b9db94ef,gene_to_fu,,0.3333333134651184,0.3333352208137512
ECSIT,fu:3285e573,gene_to_fu,,1.0,1.0
TAB2,fu:545ebf7d,gene_to_fu,,1.0,1.0
TAB1,fu:d7d24a4c,gene_to_fu,,0.24999992549419403,0.25000786781311035
GADD45G,fu:41822415,gene_to_fu,,0.3333333432674408,0.3333333432674408
GADD45A,fu:41822415,gene_to_fu,,0.3333333432674408,0.3333333432674408
GADD45B,fu:41822415,gene_to_fu,,0.3333333432674408,0.3333333432674408
TRAF6,fu:4d346bcc,gene_to_fu,,0.2499992996454239,0.25000113248825073
DAXX,fu:02465256,gene_to_fu,,0.3332580029964447,0.3333910405635834
TRAF2,fu:af1b2d2f,gene_to_fu,,0.49999868869781494,0.500009298324585
CASP3,fu:eda4acea,gene_to_fu,,0.49999868869781494,0.500009298324585
CD14,fu:cec976f1,gene_to_fu,,1.0,1.0
TGFBR1,fu:e1dd59a5,gene_to_fu,,0.33333295583724976,0.3333372175693512
TGFBR2,fu:e1dd59a5,gene_to_fu,,0.33333295583724976,0.3333372175693512
FAS,fu:12950895,gene_to_fu,,0.5000076293945312,0.5000340938568115
IL1R1,fu:9274968e,gene_to_fu,,0.33325499296188354,0.33338257670402527
IL1RAP,fu:9274968e,gene_to_fu,,0.33337026834487915,0.33344611525535583
TNFRSF1A,fu:cb1c88d1,gene_to_fu,,0.49992573261260986,0.5000784993171692
TGFB1,fu:619d8916,gene_to_fu,,0.3333333432674408,0.3333333432674408
TGFB2,fu:619d8916,gene_to_fu,,0.3333333432674408,0.3333333432674408
TGFB3,fu:619d8916,gene_to_fu,,0.3333333432674408,0.3333333432674408
IL1A,fu:5b3ce1d9,gene_to_fu,,0.49991416931152344,0.5000630617141724
IL1B,fu:5b3ce1d9,gene_to_fu,,0.5000858306884766,0.5002698302268982
TNF,fu:93677f06,gene_to_fu,,1.0,1.0
MAPKAPK5,fu:9ac97dd2,gene_to_fu,,0.5000010132789612,0.5000054240226746
RAC1,fu:e2794b69,gene_to_fu,,0.250021755695343,0.25006556510925293
RAC2,fu:e2794b69,gene_to_fu,,0.24993470311164856,0.2500399649143219
RAC3,fu:e2794b69,gene_to_fu,,0.250021755695343,0.25006556510925293
CDC42,fu:e2794b69,gene_to_fu,,0.250021755695343,0.25006556510925293
PAK1,fu:9a263ecd,gene_to_fu,,0.2499987781047821,0.2500009834766388
PAK2,fu:9a263ecd,gene_to_fu,,0.2499987781047821,0.2500009834766388
MAP3K2,fu:6dc0c7f6,gene_to_fu,,0.33333393931388855,0.33333542943000793
MAP3K3,fu:6dc0c7f6,gene_to_fu,,0.33333393931388855,0.33333542943000793
MAPK8IP2,fu:92589075,gene_to_fu,,0.5000836849212646,0.5002581477165222
MAPK8IP1,fu:92589075,gene_to_fu,,0.49991631507873535,0.5000588297843933
MAP3K11,fu:28d07664,gene_to_fu,,0.33325672149658203,0.3333924412727356
MAP2K7,fu:66672553,gene_to_fu,,0.14285649359226227,0.1428581327199936
MAPK8,fu:fefb3eac,gene_to_fu,,0.10000023245811462,0.10000082850456238
MAPK9,fu:fefb3eac,gene_to_fu,,0.10000023245811462,0.10000082850456238
MAPK10,fu:fefb3eac,gene_to_fu,,0.10000023245811462,0.10000082850456238
MAP2K4,fu:d7921de4,gene_to_fu,,0.2500036358833313,0.25000786781311035
CRK,fu:5d3f8d6d,gene_to_fu,,0.25000032782554626,0.25000208616256714
CRKL,fu:5d3f8d6d,gene_to_fu,,0.25000032782554626,0.25000208616256714
ARRB1,fu:05519816,gene_to_fu,,0.3333338499069214,0.3333350419998169
ARRB2,fu:05519816,gene_to_fu,,0.3333338499069214,0.3333350419998169
MECOM,fu:6a22a160,gene_to_fu,,1.0,1.0
HSPA1A,fu:5fff24cf,gene_to_fu,,0.19995757937431335,0.20002536475658417
HSPA1B,fu:5fff24cf,gene_to_fu,,0.20002828538417816,0.20008735358715057
HSPA1L,fu:5fff24cf,gene_to_fu,,0.19995757937431335,0.20002536475658417
HSPA6,fu:5fff24cf,gene_to_fu,,0.20002828538417816,0.20008735358715057
HSPA8,fu:5fff24cf,gene_to_fu,,0.20002828538417816,0.20008735358715057
JUND,fu:f5686479,gene_to_fu,,0.4999163746833801,0.5000642538070679
FOS,fu:1b813b45,gene_to_fu,,0.3333333730697632,0.3333353102207184
JUN,fu:1b813b45,gene_to_fu,,0.3333333730697632,0.3333353102207184
NFATC3,fu:55bfa81d,gene_to_fu,,0.33333370089530945,0.3333390951156616
NFATC1,fu:73b76124,gene_to_fu,,0.33333370089530945,0.3333390951156616
PPP3CA,fu:ff2e7a0f,gene_to_fu,,0.19995814561843872,0.20002998411655426
PPP3CB,fu:ff2e7a0f,gene_to_fu,,0.20002791285514832,0.2000851035118103
PPP3CC,fu:ff2e7a0f,gene_to_fu,,0.20002791285514832,0.2000851035118103
PPP3R1,fu:ff2e7a0f,gene_to_fu,,0.20002791285514832,0.2000851035118103
PPP3R2,fu:ff2e7a0f,gene_to_fu,,0.19995814561843872,0.20002998411655426
MAPK8IP3,fu:be5424aa,gene_to_fu,,0.2000006139278412,0.2000017762184143
FLNA,fu:d00c086a,gene_to_fu,,0.4999176263809204,0.5000621676445007
MAP3K1,fu:210acb65,gene_to_fu,,0.12499985098838806,0.12500004470348358
MAP3K8,fu:eadbb23d,gene_to_fu,,1.0,1.0
MAP4K1,fu:c7fdd986,gene_to_fu,,0.49991166591644287,0.5000708103179932
MAP4K3,fu:d0d79cd1,gene_to_fu,,1.0,1.0
FOS,fu:5926e68e,gene_to_fu,,0.49999868869781494,0.5000055432319641
SRF,fu:dc542d4d,gene_to_fu,,1.0,1.0
MYC,fu:fc6a389a,gene_to_fu,,1.0,1.0
ELK4,fu:f449b983,gene_to_fu,,0.3333309292793274,0.3333386182785034
ELK1,fu:7b593a5c,gene_to_fu,,0.3333309292793274,0.3333386182785034
ATF4,fu:f64183b7,gene_to_fu,,0.33325594663619995,0.33338770270347595
RPS6KA6,fu:99084968,gene_to_fu,,0.20000013709068298,0.20000037550926208
RPS6KA1,fu:99084968,gene_to_fu,,0.20000013709068298,0.20000037550926208
RPS6KA2,fu:99084968,gene_to_fu,,0.20000013709068298,0.20000037550926208
RPS6KA3,fu:99084968,gene_to_fu,,0.20000013709068298,0.20000037550926208
MKNK2,fu:642e62d6,gene_to_fu,,0.3333709239959717,0.3334504961967468
MKNK1,fu:642e62d6,gene_to_fu,,0.3332592248916626,0.3333846926689148
EFNA4-EFNA3,fu:0d329cca,gene_to_fu,,0.01817876100540161,0.01818406954407692
CSF1,fu:0d329cca,gene_to_fu,,0.01818477176129818,0.018191082403063774
EFNA1,fu:0d329cca,gene_to_fu,,0.01818477176129818,0.018191082403063774
EFNA2,fu:0d329cca,gene_to_fu,,0.01818477176129818,0.018191082403063774
EFNA3,fu:0d329cca,gene_to_fu,,0.01818477176129818,0.018191082403063774
EFNA4,fu:0d329cca,gene_to_fu,,0.01817876100540161,0.01818406954407692
EFNA5,fu:0d329cca,gene_to_fu,,0.01818477176129818,0.018191082403063774
EGF,fu:0d329cca,gene_to_fu,,0.01818477176129818,0.018191082403063774
EREG,fu:0d329cca,gene_to_fu,,0.01818477176129818,0.018191082403063774
FGF1,fu:0d329cca,gene_to_fu,,0.01818477176129818,0.018191082403063774
FGF2,fu:0d329cca,gene_to_fu,,0.01818477176129818,0.018191082403063774
FGF3,fu:0d329cca,gene_to_fu,,0.01817876100540161,0.01818406954407692
FGF4,fu:0d329cca,gene_to_fu,,0.01817876100540161,0.01818406954407692
FGF5,fu:0d329cca,gene_to_fu,,0.01818477176129818,0.018191082403063774
FGF6,fu:0d329cca,gene_to_fu,,0.01817876100540161,0.01818406954407692
FGF7,fu:0d329cca,gene_to_fu,,0.01818477176129818,0.018191082403063774
FGF8,fu:0d329cca,gene_to_fu,,0.01817876100540161,0.01818406954407692
FGF9,fu:0d329cca,gene_to_fu,,0.01818477176129818,0.018191082403063774
FGF10,fu:0d329cca,gene_to_fu,,0.01818477176129818,0.018191082403063774
VEGFD,fu:0d329cca,gene_to_fu,,0.01817876100540161,0.01818406954407692
FLT3LG,fu:0d329cca,gene_to_fu,,0.01817876100540161,0.01818406954407692
FGF20,fu:0d329cca,gene_to_fu,,0.01817876100540161,0.01818406954407692
FGF21,fu:0d329cca,gene_to_fu,,0.01817876100540161,0.01818406954407692
GDNF,fu:0d329cca,gene_to_fu,,0.01818477176129818,0.018191082403063774
FGF22,fu:0d329cca,gene_to_fu,,0.01817876100540161,0.01818406954407692
ANGPT1,fu:0d329cca,gene_to_fu,,0.01817876100540161,0.01818406954407692
ANGPT2,fu:0d329cca,gene_to_fu,,0.01818477176129818,0.018191082403063774
HGF,fu:0d329cca,gene_to_fu,,0.01818477176129818,0.018191082403063774
IGF1,fu:0d329cca,gene_to_fu,,0.01818477176129818,0.018191082403063774
IGF2,fu:0d329cca,gene_to_fu,,0.01818477176129818,0.018191082403063774
INS,fu:0d329cca,gene_to_fu,,0.01817876100540161,0.01818406954407692
AREG,fu:0d329cca,gene_to_fu,,0.01817876100540161,0.01818406954407692
KITLG,fu:0d329cca,gene_to_fu,,0.01818477176129818,0.018191082403063774
NGF,fu:0d329cca,gene_to_fu,,0.01817876100540161,0.01818406954407692
NRTN,fu:0d329cca,gene_to_fu,,0.01817876100540161,0.01818406954407692
NTF3,fu:0d329cca,gene_to_fu,,0.01817876100540161,0.01818406954407692
NTF4,fu:0d329cca,gene_to_fu,,0.01817876100540161,0.01818406954407692
ANGPT4,fu:0d329cca,gene_to_fu,,0.01818477176129818,0.018191082403063774
PDGFA,fu:0d329cca,gene_to_fu,,0.01818477176129818,0.018191082403063774
PDGFB,fu:0d329cca,gene_to_fu,,0.01818477176129818,0.018191082403063774
PGF,fu:0d329cca,gene_to_fu,,0.01817876100540161,0.01818406954407692
PDGFC,fu:0d329cca,gene_to_fu,,0.01818477176129818,0.018191082403063774
PSPN,fu:0d329cca,gene_to_fu,,0.01817876100540161,0.01818406954407692
BDNF,fu:0d329cca,gene_to_fu,,0.01818477176129818,0.018191082403063774
TGFA,fu:0d329cca,gene_to_fu,,0.01818477176129818,0.018191082403063774
VEGFA,fu:0d329cca,gene_to_fu,,0.01818477176129818,0.018191082403063774
VEGFB,fu:0d329cca,gene_to_fu,,0.01818477176129818,0.018191082403063774
VEGFC,fu:0d329cca,gene_to_fu,,0.01817876100540161,0.01818406954407692
PDGFD,fu:0d329cca,gene_to_fu,,0.01817876100540161,0.01818406954407692
FGF23,fu:0d329cca,gene_to_fu,,0.01817876100540161,0.01818406954407692
FGF18,fu:0d329cca,gene_to_fu,,0.01817876100540161,0.01818406954407692
FGF17,fu:0d329cca,gene_to_fu,,0.01817876100540161,0.01818406954407692
FGF16,fu:0d329cca,gene_to_fu,,0.01817876100540161,0.01818406954407692
ARTN,fu:0d329cca,gene_to_fu,,0.01817876100540161,0.01818406954407692
FGF19,fu:0d329cca,gene_to_fu,,0.01818477176129818,0.018191082403063774
TRADD,fu:fd78464d,gene_to_fu,,0.4999995231628418,0.5000013113021851
MYD88,fu:c2e0c4ae,gene_to_fu,,0.500000536441803,0.5000035166740417
IRAK1,fu:622bda7f,gene_to_fu,,0.33332979679107666,0.3333338499069214
IRAK4,fu:622bda7f,gene_to_fu,,0.33332979679107666,0.3333338499069214
ARAF,fu:d0ad993a,gene_to_fu,,0.49991917610168457,0.5000605583190918
MAX,fu:0b389115,gene_to_fu,,1.0,1.0
MYC,fu:8f8c2fbf,gene_to_fu,,0.33333367109298706,0.33333438634872437
MAX,fu:8f8c2fbf,gene_to_fu,,0.33333367109298706,0.33333438634872437
SRF,fu:839c82c3,gene_to_fu,,0.3333333432674408,0.3333333432674408
ELK4,fu:839c82c3,gene_to_fu,,0.3333333432674408,0.3333333432674408
ELK1,fu:839c82c3,gene_to_fu,,0.3333333432674408,0.3333333432674408
fu:c3d880e8,fu:7d8d1672,protein_protein_interaction,activation,0.4999965727329254,0.5000040531158447
fu:cbc27d79,fu:cb603216,protein_protein_interaction,activation,0.0714307576417923,0.07143635302782059
fu:ea3af571,fu:cb603216,protein_protein_interaction,activation,0.07143029570579529,0.07143383473157883
fu:a6602c7f,fu:cb603216,protein_protein_interaction,activation,0.07142922282218933,0.07143236696720123
fu:5264ac6f,fu:7cec7b64,protein_protein_interaction,activation,0.3333371579647064,0.3333461582660675
fu:93677f06,fu:cb1c88d1,protein_protein_interaction,activation,0.5000742673873901,0.500268816947937
fu:5b3ce1d9,fu:9274968e,protein_protein_interaction,activation,0.33337467908859253,0.3334616720676422
fu:d4ebbf2b,fu:12950895,protein_protein_interaction,activation,0.49999237060546875,0.5000162720680237
fu:619d8916,fu:e1dd59a5,protein_protein_interaction,activation,0.3333340287208557,0.33334630727767944
fu:12950895,fu:02465256,protein_protein_interaction,activation,0.3333728313446045,0.3334541618824005
fu:e1dd59a5,fu:02465256,protein_protein_interaction,activation,0.3333691954612732,0.3334485590457916
fu:0d65318d,fu:727cb396,protein_protein_interaction,binding/association,0.03703949600458145,0.03704402223229408
fu:9bd0df30,fu:0d65318d,protein_protein_interaction,binding/association,0.49999892711639404,0.500000536441803
fu:545ebf7d,fu:4d346bcc,protein_protein_interaction,binding/association,0.2499944269657135,0.2500034272670746
fu:3285e573,fu:4d346bcc,protein_protein_interaction,binding/association,0.25000500679016113,0.2500194311141968
fu:dc542d4d,fu:7b593a5c,protein_protein_interaction,binding/association,0.33333924412727356,0.3333626091480255
fu:dc542d4d,fu:f449b983,protein_protein_interaction,binding/association,0.33333924412727356,0.3333626091480255
fu:93eeec94,fu:ee804b17,protein_protein_interaction,binding/association,0.14285986125469208,0.14286953210830688
fu:93eeec94,fu:4781eb07,protein_protein_interaction,binding/association,0.14286679029464722,0.14288419485092163
fu:7c6d4d4a,fu:93eeec94,protein_protein_interaction,binding/association,0.49999919533729553,0.5000004768371582
fu:92589075,fu:fefb3eac,protein_protein_interaction,binding/association,0.10000250488519669,0.1000065729022026
fu:92589075,fu:66672553,protein_protein_interaction,binding/association,0.14285972714424133,0.14286352694034576
fu:92589075,fu:28d07664,protein_protein_interaction,binding/association,0.3333766460418701,0.3334665298461914
fu:92589075,fu:c7fdd986,protein_protein_interaction,binding/association,0.5000883340835571,0.5002785325050354
fu:fefb3eac,fu:be5424aa,protein_protein_interaction,binding/association,0.20000049471855164,0.20000289380550385
fu:d7921de4,fu:be5424aa,protein_protein_interaction,binding/association,0.19999967515468597,0.2000027447938919
fu:66672553,fu:be5424aa,protein_protein_interaction,binding/association,0.1999996453523636,0.20000059902668
fu:be5424aa,fu:210acb65,protein_protein_interaction,binding/association,0.12500004470348358,0.1250002384185791
fu:28d07664,fu:be5424aa,protein_protein_interaction,binding/association,0.19999957084655762,0.2000008225440979
fu:fefb3eac,fu:5d3f8d6d,protein_protein_interaction,binding/association,0.2500001788139343,0.25000348687171936
fu:d7921de4,fu:5d3f8d6d,protein_protein_interaction,binding/association,0.24999916553497314,0.25000232458114624
fu:d7921de4,fu:d00c086a,protein_protein_interaction,binding/association,0.5000823736190796,0.5002608299255371
fu:d7921de4,fu:05519816,protein_protein_interaction,binding/association,0.33333227038383484,0.33333638310432434
fu:0ddd2c17,fu:5264ac6f,protein_protein_interaction,phosphorylation,0.3333359360694885,0.3333538770675659
fu:6fc31f40,fu:cb603216,protein_protein_interaction,phosphorylation,0.07143086194992065,0.07143498212099075
fu:6fc31f40,fu:5324c493,protein_protein_interaction,phosphorylation,0.3333359956741333,0.33334049582481384
fu:9bd0df30,fu:cb603216,protein_protein_interaction,activation,0.07142990827560425,0.07143327593803406
fu:cb603216,fu:7cec7b64,protein_protein_interaction,activation,0.3333304822444916,0.333332896232605
fu:cb603216,fu:5324c493,protein_protein_interaction,activation,0.33333101868629456,0.33333322405815125
fu:7cec7b64,fu:ee804b17,protein_protein_interaction,phosphorylation,0.14285629987716675,0.1428585946559906
fu:7cec7b64,fu:4781eb07,protein_protein_interaction,phosphorylation,0.14286324381828308,0.14287999272346497
fu:5324c493,fu:ee804b17,protein_protein_interaction,phosphorylation,0.14285685122013092,0.14285793900489807
fu:5324c493,fu:4781eb07,protein_protein_interaction,phosphorylation,0.14286378026008606,0.142877995967865
fu:ee804b17,fu:7c6d4d4a,protein_protein_interaction,phosphorylation,0.16666680574417114,0.1666686087846756
fu:4781eb07,fu:7c6d4d4a,protein_protein_interaction,phosphorylation,0.16666708886623383,0.16666780412197113
fu:7c6d4d4a,fu:7e702847,protein_protein_interaction,phosphorylation,0.49999919533729553,0.5000004768371582
fu:7c6d4d4a,fu:e661480b,protein_protein_interaction,phosphorylation,0.49999919533729553,0.5000004768371582
fu:7c6d4d4a,fu:0c2b138c,protein_protein_interaction,phosphorylation,0.1250203400850296,0.1250637322664261
fu:7c6d4d4a,fu:642e62d6,protein_protein_interaction,phosphorylation,0.3333698511123657,0.33344733715057373
fu:7c6d4d4a,fu:99084968,protein_protein_interaction,phosphorylation,0.19999948143959045,0.20000030100345612
fu:7c6d4d4a,fu:7b593a5c,protein_protein_interaction,phosphorylation,0.33332982659339905,0.33333924412727356
fu:7c6d4d4a,fu:f449b983,protein_protein_interaction,phosphorylation,0.33332982659339905,0.33333924412727356
fu:642e62d6,fu:f64183b7,protein_protein_interaction,phosphorylation,0.33337533473968506,0.3334599733352661
fu:99084968,fu:f64183b7,protein_protein_interaction,phosphorylation,0.333368718624115,0.33345043659210205
fu:7c6d4d4a,fu:8f8c2fbf,protein_protein_interaction,phosphorylation,0.3333326280117035,0.3333337604999542
fu:e2794b69,fu:210acb65,protein_protein_interaction,activation,0.12500226497650146,0.12500907480716705
fu:e2794b69,fu:9a263ecd,protein_protein_interaction,activation,0.2500036358833313,0.25001487135887146
fu:eda4acea,fu:b9db94ef,protein_protein_interaction,activation,0.3333333730697632,0.3333364725112915
fu:af1b2d2f,fu:b8f9f795,protein_protein_interaction,activation,0.49999991059303284,0.5000007748603821
fu:af1b2d2f,fu:aacf07bb,protein_protein_interaction,activation,0.2000163197517395,0.20004455745220184
fu:af1b2d2f,fu:210acb65,protein_protein_interaction,activation,0.12499979883432388,0.12500040233135223
fu:02465256,fu:aacf07bb,protein_protein_interaction,activation,0.20001675188541412,0.20004895329475403
fu:41822415,fu:8cf03d63,protein_protein_interaction,activation,0.4999995827674866,0.5000137090682983
fu:9a263ecd,fu:6dc0c7f6,protein_protein_interaction,phosphorylation,0.3333321511745453,0.3333354890346527
fu:c7fdd986,fu:28d07664,protein_protein_interaction,phosphorylation,0.33336666226387024,0.33344072103500366
fu:f0d46f11,fu:210acb65,protein_protein_interaction,phosphorylation,0.12500101327896118,0.12500397861003876
fu:d0d79cd1,fu:210acb65,protein_protein_interaction,phosphorylation,0.12499809265136719,0.12500062584877014
fu:1ee1c600,fu:66672553,protein_protein_interaction,phosphorylation,0.1428591012954712,0.1428619772195816
fu:e7b77b07,fu:66672553,protein_protein_interaction,phosphorylation,0.1428564339876175,0.14285920560359955
fu:8ce177b4,fu:66672553,protein_protein_interaction,phosphorylation,0.14285920560359955,0.14286354184150696
fu:aacf07bb,fu:416a5afd,protein_protein_interaction,phosphorylation,0.14285671710968018,0.14285752177238464
fu:aacf07bb,fu:5e60e9dc,protein_protein_interaction,phosphorylation,0.14285671710968018,0.14285752177238464
fu:cabad419,fu:b9ec221f,protein_protein_interaction,phosphorylation,0.3333706855773926,0.33346113562583923
fu:cabad419,fu:523a744b,protein_protein_interaction,phosphorylation,0.14286431670188904,0.14288336038589478
fu:cabad419,fu:416a5afd,protein_protein_interaction,phosphorylation,0.14285621047019958,0.14285708963871002
fu:cabad419,fu:5e60e9dc,protein_protein_interaction,phosphorylation,0.14285621047019958,0.14285708963871002
fu:cabad419,fu:db8a4a8a,protein_protein_interaction,phosphorylation,0.49999910593032837,0.5000024437904358
fu:e9c5128e,fu:416a5afd,protein_protein_interaction,phosphorylation,0.14285916090011597,0.14286305010318756
fu:e9c5128e,fu:5e60e9dc,protein_protein_interaction,phosphorylation,0.14285916090011597,0.14286305010318756
fu:416a5afd,fu:5800992d,protein_protein_interaction,phosphorylation,0.12501052021980286,0.12503230571746826
fu:5e60e9dc,fu:5800992d,protein_protein_interaction,phosphorylation,0.12501031160354614,0.12503179907798767
fu:5800992d,fu:bfc9ae48,protein_protein_interaction,phosphorylation,0.4999989867210388,0.5000020861625671
fu:5800992d,fu:5fde3828,protein_protein_interaction,phosphorylation,0.33333253860473633,0.3333347737789154
fu:5800992d,fu:31725aa3,protein_protein_interaction,phosphorylation,0.33333253860473633,0.3333347737789154
fu:5800992d,fu:0a37beb9,protein_protein_interaction,phosphorylation,0.4999989867210388,0.5000020861625671
fu:5800992d,fu:dda08e08,protein_protein_interaction,phosphorylation,0.4999989867210388,0.5000020861625671
fu:5800992d,fu:45df5340,protein_protein_interaction,phosphorylation,0.4999989867210388,0.5000020861625671
fu:5800992d,fu:f101a6f1,protein_protein_interaction,phosphorylation,0.4999989867210388,0.5000020861625671
fu:5800992d,fu:9ac97dd2,protein_protein_interaction,phosphorylation,0.4999989867210388,0.5000020861625671
fu:5800992d,fu:8c7ba104,protein_protein_interaction,phosphorylation,0.3333324193954468,0.33333516120910645
fu:5800992d,fu:b8ada536,protein_protein_interaction,phosphorylation,0.33333244919776917,0.33333519101142883
fu:5800992d,fu:e45fbd5c,protein_protein_interaction,phosphorylation,0.4999989867210388,0.5000020861625671
fu:9ac97dd2,fu:6953fac9,protein_protein_interaction,phosphorylation,0.33336666226387024,0.333446741104126
fu:8c7ba104,fu:6953fac9,protein_protein_interaction,phosphorylation,0.3333730399608612,0.33345702290534973
fu:8c7ba104,fu:7bca3a7b,protein_protein_interaction,phosphorylation,0.3333706557750702,0.3334536850452423
fu:b8ada536,fu:7bca3a7b,protein_protein_interaction,phosphorylation,0.3333728611469269,0.33345529437065125
fu:faf1b7e0,fu:f05aba10,protein_protein_interaction,phosphorylation,0.49999964237213135,0.5000119209289551
fu:f05aba10,fu:14d50a78,protein_protein_interaction,phosphorylation,0.5000854134559631,0.5002665519714355
fu:eadbb23d,fu:b9ec221f,protein_protein_interaction,phosphorylation,0.33336925506591797,0.33343422412872314
fu:eadbb23d,fu:523a744b,protein_protein_interaction,phosphorylation,0.14286372065544128,0.14287182688713074
fu:eadbb23d,fu:ee804b17,protein_protein_interaction,phosphorylation,0.14285582304000854,0.14286506175994873
fu:eadbb23d,fu:4781eb07,protein_protein_interaction,phosphorylation,0.14286276698112488,0.14286869764328003
fu:210acb65,fu:523a744b,protein_protein_interaction,phosphorylation,0.14286479353904724,0.1428816020488739
fu:210acb65,fu:d7921de4,protein_protein_interaction,phosphorylation,0.2500035762786865,0.2500075101852417
fu:28d07664,fu:66672553,protein_protein_interaction,phosphorylation,0.14285574853420258,0.14285828173160553
fu:210acb65,fu:ee804b17,protein_protein_interaction,phosphorylation,0.1428569108247757,0.142857164144516
fu:210acb65,fu:4781eb07,protein_protein_interaction,phosphorylation,0.14286383986473083,0.1428784728050232
fu:d7921de4,fu:fefb3eac,protein_protein_interaction,phosphorylation,0.09999976307153702,0.10000042617321014
fu:66672553,fu:fefb3eac,protein_protein_interaction,phosphorylation,0.09999975562095642,0.10000044107437134
fu:fefb3eac,fu:1b813b45,protein_protein_interaction,phosphorylation,0.33333319425582886,0.3333364725112915
fu:fefb3eac,fu:f5686479,protein_protein_interaction,phosphorylation,0.5000836253166199,0.5002620220184326
fu:fefb3eac,fu:5fde3828,protein_protein_interaction,phosphorylation,0.33333367109298706,0.33333656191825867
fu:fefb3eac,fu:31725aa3,protein_protein_interaction,phosphorylation,0.33333367109298706,0.33333656191825867
fu:fefb3eac,fu:73b76124,protein_protein_interaction,inhibition|phosphorylation,0.33333349227905273,0.33334383368492126
fu:fefb3eac,fu:55bfa81d,protein_protein_interaction,inhibition|phosphorylation,0.33333349227905273,0.33334383368492126
fu:ff2e7a0f,fu:73b76124,protein_protein_interaction,dephosphorylation,0.3333328664302826,0.33334508538246155
fu:41203a8a,fu:aacf07bb,protein_protein_interaction,inhibition|phosphorylation,0.20000919699668884,0.20004020631313324
fu:41203a8a,fu:d7921de4,protein_protein_interaction,inhibition|phosphorylation,0.2499946653842926,0.24999883770942688
fu:ff2e7a0f,fu:55bfa81d,protein_protein_interaction,dephosphorylation,0.3333328664302826,0.33334508538246155
fu:7d8d1672,fu:cb603216,protein_protein_interaction,inhibition,0.0714300200343132,0.07143288105726242
fu:3968d652,fu:cb603216,protein_protein_interaction,inhibition,0.07143011689186096,0.07143499702215195
fu:30ad397b,fu:cb603216,protein_protein_interaction,inhibition,0.07143107801675797,0.07143735885620117
fu:645ada17,fu:7c6d4d4a,protein_protein_interaction,inhibition|dephosphorylation,0.16666525602340698,0.16666796803474426
fu:bd9bd64d,fu:7c6d4d4a,protein_protein_interaction,inhibition|dephosphorylation,0.1666668802499771,0.166670560836792
fu:da3df1ca,fu:fefb3eac,protein_protein_interaction,inhibition|dephosphorylation,0.09999944269657135,0.1000003069639206
fu:da3df1ca,fu:5800992d,protein_protein_interaction,inhibition|dephosphorylation,0.12500977516174316,0.1250339150428772
fu:7da6eba5,fu:fefb3eac,protein_protein_interaction,inhibition|dephosphorylation,0.09999918937683105,0.10000148415565491
fu:7da6eba5,fu:5800992d,protein_protein_interaction,inhibition|dephosphorylation,0.1250094771385193,0.12502804398536682
fu:5dc42453,fu:416a5afd,protein_protein_interaction,inhibition|dephosphorylation,0.14285357296466827,0.142857626080513
fu:5dc42453,fu:5e60e9dc,protein_protein_interaction,inhibition|dephosphorylation,0.14285357296466827,0.142857626080513
fu:5dc42453,fu:66672553,protein_protein_interaction,inhibition|dephosphorylation,0.14285334944725037,0.14285829663276672
fu:5dc42453,fu:d7921de4,protein_protein_interaction,inhibition|dephosphorylation,0.24999813735485077,0.25000059604644775
fu:306b6021,fu:aacf07bb,protein_protein_interaction,inhibition|dephosphorylation,0.2000088095664978,0.20003008842468262
fu:3c67a02d,fu:cabad419,protein_protein_interaction,inhibition|dephosphorylation,0.24999623000621796,0.2500050365924835
fu:6a22a160,fu:fefb3eac,protein_protein_interaction,inhibition,0.09999991208314896,0.10000389814376831
fu:5fff24cf,fu:fefb3eac,protein_protein_interaction,inhibition,0.09999872744083405,0.09999945759773254
fu:839c82c3,fu:5926e68e,gene_expression_regulation,expression,0.5000013113021851,0.500015914440155
fu:cec976f1,fu:d7d24a4c,protein_protein_interaction,indirect effect,0.24999919533729553,0.2500211298465729
fu:b9ec221f,fu:3c93b301,protein_protein_interaction,indirect effect,0.16668103635311127,0.16670988500118256
fu:523a744b,fu:3c93b301,protein_protein_interaction,indirect effect,0.16668671369552612,0.16672870516777039
fu:bd379c39,fu:ea3af571,protein_protein_interaction,compound,0.333370178937912,0.3334513008594513
fu:bd379c39,fu:a6602c7f,protein_protein_interaction,compound,0.20002628862857819,0.20008599758148193
fu:eda4acea,fu:9a263ecd,protein_protein_interaction,activation,0.2499988079071045,0.2500028908252716
fu:eda4acea,fu:210acb65,protein_protein_interaction,activation,0.12499985098838806,0.12500180304050446
fu:b9ec221f,fu:523a744b,protein_protein_interaction,phosphorylation,0.14286059141159058,0.14287564158439636
fu:d7d24a4c,fu:cabad419,protein_protein_interaction,activation,0.25000256299972534,0.2500058114528656
fu:545ebf7d,fu:cabad419,protein_protein_interaction,activation,0.24999818205833435,0.250005304813385
fu:cb1c88d1,fu:fd78464d,protein_protein_interaction,,0.5000004768371582,0.500001847743988
fu:fd78464d,fu:af1b2d2f,protein_protein_interaction,activation,0.5000013113021851,0.5000101327896118
fu:fd78464d,fu:eda4acea,protein_protein_interaction,activation|indirect effect,0.5000013113021851,0.5000101327896118
fu:9274968e,fu:c2e0c4ae,protein_protein_interaction,activation,0.499999463558197,0.5000025033950806
fu:c2e0c4ae,fu:622bda7f,protein_protein_interaction,activation,0.3333404064178467,0.3333507180213928
fu:af1b2d2f,fu:d7d24a4c,protein_protein_interaction,activation,0.24999982118606567,0.25000837445259094
fu:622bda7f,fu:4d346bcc,protein_protein_interaction,activation|indirect effect,0.25000128149986267,0.2500058710575104
fu:4d346bcc,fu:d7d24a4c,protein_protein_interaction,binding/association,0.25000104308128357,0.2500041127204895
fu:0d329cca,fu:727cb396,protein_protein_interaction,activation,0.03703947737812996,0.03704516217112541
fu:cb603216,fu:d0ad993a,protein_protein_interaction,activation,0.5000808238983154,0.500256359577179
fu:d0ad993a,fu:ee804b17,protein_protein_interaction,activation|phosphorylation,0.14285726845264435,0.14286115765571594
fu:d0ad993a,fu:4781eb07,protein_protein_interaction,activation|phosphorylation,0.14286421239376068,0.1428825557231903
fu:8cf03d63,fu:416a5afd,protein_protein_interaction,activation|phosphorylation,0.14285701513290405,0.14285902678966522
fu:8cf03d63,fu:5e60e9dc,protein_protein_interaction,activation|phosphorylation,0.14285701513290405,0.14285902678966522
fu:0c8f7154,fu:416a5afd,protein_protein_interaction,activation|phosphorylation,0.14286059141159058,0.14286752045154572
fu:0c8f7154,fu:5e60e9dc,protein_protein_interaction,activation|phosphorylation,0.14286059141159058,0.14286752045154572
fu:cb603216,fu:210acb65,protein_protein_interaction,,0.12499912083148956,0.12499979138374329
MIMAT0000680,FAS,mir_regulates_mrna,,0.5,0.5
MIMAT0002875,FAS,mir_regulates_mrna,,0.5,0.5
MIMAT0000456,FGFR2,mir_regulates_mrna,,1.0,1.0
MIMAT0002819,KIT,mir_regulates_mrna,,0.1666666716337204,0.1666666716337204
MIMAT0019025,KIT,mir_regulates_mrna,,0.1666666716337204,0.1666666716337204
MIMAT0000075,KIT,mir_regulates_mrna,,0.1666666716337204,0.1666666716337204
MIMAT0000263,KIT,mir_regulates_mrna,,0.1666666716337204,0.1666666716337204
MIMAT0000278,KIT,mir_regulates_mrna,,0.1666666716337204,0.1666666716337204
MIMAT0000456,KIT,mir_regulates_mrna,,0.1666666716337204,0.1666666716337204
MIMAT0000232,MET,mir_regulates_mrna,,0.1666666716337204,0.1666666716337204
MIMAT0000243,MET,mir_regulates_mrna,,0.1666666716337204,0.1666666716337204
MIMAT0004563,MET,mir_regulates_mrna,,0.1666666716337204,0.1666666716337204
MIMAT0000646,MET,mir_regulates_mrna,,0.1666666716337204,0.1666666716337204
MIMAT0019042,MET,mir_regulates_mrna,,0.1666666716337204,0.1666666716337204
MIMAT0019799,MET,mir_regulates_mrna,,0.1666666716337204,0.1666666716337204
MIMAT0000073,NF1,mir_regulates_mrna,,0.3333333432674408,0.3333333432674408
MIMAT0000074,NF1,mir_regulates_mrna,,0.3333333432674408,0.3333333432674408
MIMAT0000722,NF1,mir_regulates_mrna,,0.3333333432674408,0.3333333432674408
MIMAT0001629,GDNF,mir_regulates_mrna,,0.125,0.125
MIMAT0002171,GDNF,mir_regulates_mrna,,0.125,0.125
MIMAT0003221,GDNF,mir_regulates_mrna,,0.125,0.125
MIMAT0016854,GDNF,mir_regulates_mrna,,0.125,0.125
MIMAT0016860,GDNF,mir_regulates_mrna,,0.125,0.125
MIMAT0004495,GDNF,mir_regulates_mrna,,0.125,0.125
MIMAT0004597,GDNF,mir_regulates_mrna,,0.125,0.125
MIMAT0002879,GDNF,mir_regulates_mrna,,0.125,0.125
MIMAT0000073,TP53,mir_regulates_mrna,,0.02083333395421505,0.02083333395421505
MIMAT0004507,TP53,mir_regulates_mrna,,0.02083333395421505,0.02083333395421505
MIMAT0000245,TP53,mir_regulates_mrna,,0.02083333395421505,0.02083333395421505
MIMAT0000451,TP53,mir_regulates_mrna,,0.02083333395421505,0.02083333395421505
MIMAT0000761,TP53,mir_regulates_mrna,,0.02083333395421505,0.02083333395421505
MIMAT0005573,TP53,mir_regulates_mrna,,0.02083333395421505,0.02083333395421505
MIMAT0005876,TP53,mir_regulates_mrna,,0.02083333395421505,0.02083333395421505
MIMAT0022721,TP53,mir_regulates_mrna,,0.02083333395421505,0.02083333395421505
MIMAT0032029,TP53,mir_regulates_mrna,,0.02083333395421505,0.02083333395421505
MIMAT0016901,TP53,mir_regulates_mrna,,0.02083333395421505,0.02083333395421505
MIMAT0016916,TP53,mir_regulates_mrna,,0.02083333395421505,0.02083333395421505
MIMAT0019844,TP53,mir_regulates_mrna,,0.02083333395421505,0.02083333395421505
MIMAT0021129,TP53,mir_regulates_mrna,,0.02083333395421505,0.02083333395421505
MIMAT0022290,TP53,mir_regulates_mrna,,0.02083333395421505,0.02083333395421505
MIMAT0022496,TP53,mir_regulates_mrna,,0.02083333395421505,0.02083333395421505
MIMAT0024614,TP53,mir_regulates_mrna,,0.02083333395421505,0.02083333395421505
MIMAT0027402,TP53,mir_regulates_mrna,,0.02083333395421505,0.02083333395421505
MIMAT0027506,TP53,mir_regulates_mrna,,0.02083333395421505,0.02083333395421505
MIMAT0027572,TP53,mir_regulates_mrna,,0.02083333395421505,0.02083333395421505
MIMAT0028117,TP53,mir_regulates_mrna,,0.02083333395421505,0.02083333395421505
MIMAT0031012,TP53,mir_regulates_mrna,,0.02083333395421505,0.02083333395421505
MIMAT0000092,TP53,mir_regulates_mrna,,0.02083333395421505,0.02083333395421505
MIMAT0002175,TP53,mir_regulates_mrna,,0.02083333395421505,0.02083333395421505
MIMAT0003280,TP53,mir_regulates_mrna,,0.02083333395421505,0.02083333395421505
MIMAT0022938,TP53,mir_regulates_mrna,,0.02083333395421505,0.02083333395421505
MIMAT0005583,TP53,mir_regulates_mrna,,0.02083333395421505,0.02083333395421505
MIMAT0019862,TP53,mir_regulates_mrna,,0.02083333395421505,0.02083333395421505
MIMAT0021124,TP53,mir_regulates_mrna,,0.02083333395421505,0.02083333395421505
MIMAT0027456,TP53,mir_regulates_mrna,,0.02083333395421505,0.02083333395421505
MIMAT0027470,TP53,mir_regulates_mrna,,0.02083333395421505,0.02083333395421505
MIMAT0027666,TP53,mir_regulates_mrna,,0.02083333395421505,0.02083333395421505
MIMAT0028211,TP53,mir_regulates_mrna,,0.02083333395421505,0.02083333395421505
MIMAT0030998,TP53,mir_regulates_mrna,,0.02083333395421505,0.02083333395421505
MIMAT0004609,TP53,mir_regulates_mrna,,0.02083333395421505,0.02083333395421505
MIMAT0019047,TP53,mir_regulates_mrna,,0.02083333395421505,0.02083333395421505
MIMAT0024613,TP53,mir_regulates_mrna,,0.02083333395421505,0.02083333395421505
MIMAT0027494,TP53,mir_regulates_mrna,,0.02083333395421505,0.02083333395421505
MIMAT0000072,TP53,mir_regulates_mrna,,0.02083333395421505,0.02083333395421505
MIMAT0000074,TP53,mir_regulates_mrna,,0.02083333395421505,0.02083333395421505
MIMAT0004592,TP53,mir_regulates_mrna,,0.02083333395421505,0.02083333395421505
MIMAT0004671,TP53,mir_regulates_mrna,,0.02083333395421505,0.02083333395421505
MIMAT0019849,TP53,mir_regulates_mrna,,0.02083333395421505,0.02083333395421505
MIMAT0024617,TP53,mir_regulates_mrna,,0.02083333395421505,0.02083333395421505
MIMAT0004776,TP53,mir_regulates_mrna,,0.02083333395421505,0.02083333395421505
MIMAT0022741,TP53,mir_regulates_mrna,,0.02083333395421505,0.02083333395421505
MIMAT0027550,TP53,mir_regulates_mrna,,0.02083333395421505,0.02083333395421505
MIMAT0004697,TP53,mir_regulates_mrna,,0.02083333395421505,0.02083333395421505
MIMAT0021025,TP53,mir_regulates_mrna,,0.02083333395421505,0.02083333395421505
MIMAT0000080,IL1B,mir_regulates_mrna,,1.0,1.0
MIMAT0000070,TNF,mir_regulates_mrna,,0.5,0.5
MIMAT0000255,TNF,mir_regulates_mrna,,0.5,0.5
MIMAT0000232,HGF,mir_regulates_mrna,,1.0,1.0
MIMAT0005459,IGF2,mir_regulates_mrna,,0.06666667014360428,0.06666667014360428
MIMAT0006764,IGF2,mir_regulates_mrna,,0.06666667014360428,0.06666667014360428
MIMAT0018004,IGF2,mir_regulates_mrna,,0.06666667014360428,0.06666667014360428
MIMAT0027377,IGF2,mir_regulates_mrna,,0.06666667014360428,0.06666667014360428
MIMAT0027481,IGF2,mir_regulates_mrna,,0.06666667014360428,0.06666667014360428
MIMAT0027682,IGF2,mir_regulates_mrna,,0.06666667014360428,0.06666667014360428
MIMAT0000093,IGF2,mir_regulates_mrna,,0.06666667014360428,0.06666667014360428
MIMAT0004949,IGF2,mir_regulates_mrna,,0.06666667014360428,0.06666667014360428
MIMAT0005867,IGF2,mir_regulates_mrna,,0.06666667014360428,0.06666667014360428
MIMAT0019213,IGF2,mir_regulates_mrna,,0.06666667014360428,0.06666667014360428
MIMAT0015085,IGF2,mir_regulates_mrna,,0.06666667014360428,0.06666667014360428
MIMAT0027626,IGF2,mir_regulates_mrna,,0.06666667014360428,0.06666667014360428
MIMAT0000423,IGF2,mir_regulates_mrna,,0.06666667014360428,0.06666667014360428
MIMAT0005792,IGF2,mir_regulates_mrna,,0.06666667014360428,0.06666667014360428
MIMAT0018943,IGF2,mir_regulates_mrna,,0.06666667014360428,0.06666667014360428
MIMAT0000066,IGF1,mir_regulates_mrna,,0.024390242993831635,0.024390242993831635
MIMAT0000242,IGF1,mir_regulates_mrna,,0.024390242993831635,0.024390242993831635
MIMAT0004550,IGF1,mir_regulates_mrna,,0.024390242993831635,0.024390242993831635
MIMAT0004589,IGF1,mir_regulates_mrna,,0.024390242993831635,0.024390242993831635
MIMAT0000424,IGF1,mir_regulates_mrna,,0.024390242993831635,0.024390242993831635
MIMAT0004609,IGF1,mir_regulates_mrna,,0.024390242993831635,0.024390242993831635
MIMAT0001412,IGF1,mir_regulates_mrna,,0.024390242993831635,0.024390242993831635
MIMAT0002876,IGF1,mir_regulates_mrna,,0.024390242993831635,0.024390242993831635
MIMAT0026720,IGF1,mir_regulates_mrna,,0.024390242993831635,0.024390242993831635
MIMAT0014984,IGF1,mir_regulates_mrna,,0.024390242993831635,0.024390242993831635
MIMAT0018118,IGF1,mir_regulates_mrna,,0.024390242993831635,0.024390242993831635
MIMAT0018181,IGF1,mir_regulates_mrna,,0.024390242993831635,0.024390242993831635
MIMAT0018206,IGF1,mir_regulates_mrna,,0.024390242993831635,0.024390242993831635
MIMAT0019006,IGF1,mir_regulates_mrna,,0.024390242993831635,0.024390242993831635
MIMAT0019007,IGF1,mir_regulates_mrna,,0.024390242993831635,0.024390242993831635
MIMAT0019849,IGF1,mir_regulates_mrna,,0.024390242993831635,0.024390242993831635
MIMAT0023711,IGF1,mir_regulates_mrna,,0.024390242993831635,0.024390242993831635
MIMAT0024618,IGF1,mir_regulates_mrna,,0.024390242993831635,0.024390242993831635
MIMAT0025485,IGF1,mir_regulates_mrna,,0.024390242993831635,0.024390242993831635
MIMAT0027380,IGF1,mir_regulates_mrna,,0.024390242993831635,0.024390242993831635
MIMAT0027443,IGF1,mir_regulates_mrna,,0.024390242993831635,0.024390242993831635
MIMAT0027458,IGF1,mir_regulates_mrna,,0.024390242993831635,0.024390242993831635
MIMAT0027460,IGF1,mir_regulates_mrna,,0.024390242993831635,0.024390242993831635
MIMAT0027470,IGF1,mir_regulates_mrna,,0.024390242993831635,0.024390242993831635
MIMAT0027476,IGF1,mir_regulates_mrna,,0.024390242993831635,0.024390242993831635
MIMAT0027498,IGF1,mir_regulates_mrna,,0.024390242993831635,0.024390242993831635
MIMAT0027660,IGF1,mir_regulates_mrna,,0.024390242993831635,0.024390242993831635
MIMAT0027666,IGF1,mir_regulates_mrna,,0.024390242993831635,0.024390242993831635
MIMAT0027668,IGF1,mir_regulates_mrna,,0.024390242993831635,0.024390242993831635
MIMAT0028109,IGF1,mir_regulates_mrna,,0.024390242993831635,0.024390242993831635
MIMAT0030415,IGF1,mir_regulates_mrna,,0.024390242993831635,0.024390242993831635
MIMAT0030417,IGF1,mir_regulates_mrna,,0.024390242993831635,0.024390242993831635
MIMAT0030422,IGF1,mir_regulates_mrna,,0.024390242993831635,0.024390242993831635
MIMAT0004952,IGF1,mir_regulates_mrna,,0.024390242993831635,0.024390242993831635
MIMAT0016903,IGF1,mir_regulates_mrna,,0.024390242993831635,0.024390242993831635
MIMAT0025482,IGF1,mir_regulates_mrna,,0.024390242993831635,0.024390242993831635
MIMAT0027430,IGF1,mir_regulates_mrna,,0.024390242993831635,0.024390242993831635
MIMAT0027583,IGF1,mir_regulates_mrna,,0.024390242993831635,0.024390242993831635
MIMAT0027595,IGF1,mir_regulates_mrna,,0.024390242993831635,0.024390242993831635
MIMAT0027634,IGF1,mir_regulates_mrna,,0.024390242993831635,0.024390242993831635
MIMAT0002175,IGF1,mir_regulates_mrna,,0.024390242993831635,0.024390242993831635
MIMAT0003271,FASLG,mir_regulates_mrna,,1.0,1.0
MIMAT0000070,TGFB1,mir_regulates_mrna,,0.5,0.5
MIMAT0000103,TGFB1,mir_regulates_mrna,,0.5,0.5
MIMAT0019778,CACNA1B,mir_regulates_mrna,,1.0,1.0
MIMAT0000427,CACNA1C,mir_regulates_mrna,,0.0555555559694767,0.0555555559694767
MIMAT0015023,CACNA1C,mir_regulates_mrna,,0.0555555559694767,0.0555555559694767
MIMAT0015052,CACNA1C,mir_regulates_mrna,,0.0555555559694767,0.0555555559694767
MIMAT0016853,CACNA1C,mir_regulates_mrna,,0.0555555559694767,0.0555555559694767
MIMAT0016900,CACNA1C,mir_regulates_mrna,,0.0555555559694767,0.0555555559694767
MIMAT0018940,CACNA1C,mir_regulates_mrna,,0.0555555559694767,0.0555555559694767
MIMAT0019023,CACNA1C,mir_regulates_mrna,,0.0555555559694767,0.0555555559694767
MIMAT0019895,CACNA1C,mir_regulates_mrna,,0.0555555559694767,0.0555555559694767
MIMAT0027353,CACNA1C,mir_regulates_mrna,,0.0555555559694767,0.0555555559694767
MIMAT0027408,CACNA1C,mir_regulates_mrna,,0.0555555559694767,0.0555555559694767
MIMAT0027456,CACNA1C,mir_regulates_mrna,,0.0555555559694767,0.0555555559694767
MIMAT0027520,CACNA1C,mir_regulates_mrna,,0.0555555559694767,0.0555555559694767
MIMAT0027573,CACNA1C,mir_regulates_mrna,,0.0555555559694767,0.0555555559694767
MIMAT0028109,CACNA1C,mir_regulates_mrna,,0.0555555559694767,0.0555555559694767
MIMAT0000086,CACNA1C,mir_regulates_mrna,,0.0555555559694767,0.0555555559694767
MIMAT0019021,CACNA1C,mir_regulates_mrna,,0.0555555559694767,0.0555555559694767
MIMAT0021034,CACNA1C,mir_regulates_mrna,,0.0555555559694767,0.0555555559694767
MIMAT0019853,CACNA1C,mir_regulates_mrna,,0.0555555559694767,0.0555555559694767
MIMAT0000088,CACNA1E,mir_regulates_mrna,,0.1666666716337204,0.1666666716337204
MIMAT0004703,CACNA1E,mir_regulates_mrna,,0.1666666716337204,0.1666666716337204
MIMAT0027582,CACNA1E,mir_regulates_mrna,,0.1666666716337204,0.1666666716337204
MIMAT0003273,CACNA1E,mir_regulates_mrna,,0.1666666716337204,0.1666666716337204
MIMAT0005459,CACNA1E,mir_regulates_mrna,,0.1666666716337204,0.1666666716337204
MIMAT0004918,CACNA1E,mir_regulates_mrna,,0.1666666716337204,0.1666666716337204
MIMAT0019233,CACNA2D1,mir_regulates_mrna,,0.3333333432674408,0.3333333432674408
MIMAT0019977,CACNA2D1,mir_regulates_mrna,,0.3333333432674408,0.3333333432674408
MIMAT0019854,CACNA2D1,mir_regulates_mrna,,0.3333333432674408,0.3333333432674408
MIMAT0019849,CACNB1,mir_regulates_mrna,,0.09090909361839294,0.09090909361839294
MIMAT0015089,CACNB1,mir_regulates_mrna,,0.09090909361839294,0.09090909361839294
MIMAT0016901,CACNB1,mir_regulates_mrna,,0.09090909361839294,0.09090909361839294
MIMAT0019882,CACNB1,mir_regulates_mrna,,0.09090909361839294,0.09090909361839294
MIMAT0021128,CACNB1,mir_regulates_mrna,,0.09090909361839294,0.09090909361839294
MIMAT0027408,CACNB1,mir_regulates_mrna,,0.09090909361839294,0.09090909361839294
MIMAT0027470,CACNB1,mir_regulates_mrna,,0.09090909361839294,0.09090909361839294
MIMAT0027491,CACNB1,mir_regulates_mrna,,0.09090909361839294,0.09090909361839294
MIMAT0027507,CACNB1,mir_regulates_mrna,,0.09090909361839294,0.09090909361839294
MIMAT0027666,CACNB1,mir_regulates_mrna,,0.09090909361839294,0.09090909361839294
MIMAT0027675,CACNB1,mir_regulates_mrna,,0.09090909361839294,0.09090909361839294
MIMAT0004491,CACNB2,mir_regulates_mrna,,0.06666667014360428,0.06666667014360428
MIMAT0004492,CACNB2,mir_regulates_mrna,,0.06666667014360428,0.06666667014360428
MIMAT0000731,CACNB2,mir_regulates_mrna,,0.06666667014360428,0.06666667014360428
MIMAT0018971,CACNB2,mir_regulates_mrna,,0.06666667014360428,0.06666667014360428
MIMAT0019814,CACNB2,mir_regulates_mrna,,0.06666667014360428,0.06666667014360428
MIMAT0021124,CACNB2,mir_regulates_mrna,,0.06666667014360428,0.06666667014360428
MIMAT0022260,CACNB2,mir_regulates_mrna,,0.06666667014360428,0.06666667014360428
MIMAT0027426,CACNB2,mir_regulates_mrna,,0.06666667014360428,0.06666667014360428
MIMAT0027520,CACNB2,mir_regulates_mrna,,0.06666667014360428,0.06666667014360428
MIMAT0027614,CACNB2,mir_regulates_mrna,,0.06666667014360428,0.06666667014360428
MIMAT0027631,CACNB2,mir_regulates_mrna,,0.06666667014360428,0.06666667014360428
MIMAT0000069,CACNB2,mir_regulates_mrna,,0.06666667014360428,0.06666667014360428
MIMAT0016881,CACNB2,mir_regulates_mrna,,0.06666667014360428,0.06666667014360428
MIMAT0018349,CACNB2,mir_regulates_mrna,,0.06666667014360428,0.06666667014360428
MIMAT0027543,CACNB2,mir_regulates_mrna,,0.06666667014360428,0.06666667014360428
MIMAT0001080,CACNB3,mir_regulates_mrna,,1.0,1.0
MIMAT0000083,CACNB4,mir_regulates_mrna,,1.0,1.0
MIMAT0009206,CACNG1,mir_regulates_mrna,,0.5,0.5
MIMAT0019361,CACNG1,mir_regulates_mrna,,0.5,0.5
MIMAT0022714,CSF1,mir_regulates_mrna,,0.1428571492433548,0.1428571492433548
MIMAT0005871,CSF1,mir_regulates_mrna,,0.1428571492433548,0.1428571492433548
MIMAT0022273,CSF1,mir_regulates_mrna,,0.1428571492433548,0.1428571492433548
MIMAT0027688,CSF1,mir_regulates_mrna,,0.1428571492433548,0.1428571492433548
MIMAT0000454,CSF1,mir_regulates_mrna,,0.1428571492433548,0.1428571492433548
MIMAT0003945,CSF1,mir_regulates_mrna,,0.1428571492433548,0.1428571492433548
MIMAT0030422,CSF1,mir_regulates_mrna,,0.1428571492433548,0.1428571492433548
MIMAT0000422,FGF1,mir_regulates_mrna,,0.0833333358168602,0.0833333358168602
MIMAT0000756,FGF1,mir_regulates_mrna,,0.0833333358168602,0.0833333358168602
MIMAT0019050,FGF1,mir_regulates_mrna,,0.0833333358168602,0.0833333358168602
MIMAT0022293,FGF1,mir_regulates_mrna,,0.0833333358168602,0.0833333358168602
MIMAT0027358,FGF1,mir_regulates_mrna,,0.0833333358168602,0.0833333358168602
MIMAT0027539,FGF1,mir_regulates_mrna,,0.0833333358168602,0.0833333358168602
MIMAT0027655,FGF1,mir_regulates_mrna,,0.0833333358168602,0.0833333358168602
MIMAT0028116,FGF1,mir_regulates_mrna,,0.0833333358168602,0.0833333358168602
MIMAT0003256,FGF1,mir_regulates_mrna,,0.0833333358168602,0.0833333358168602
MIMAT0027032,FGF1,mir_regulates_mrna,,0.0833333358168602,0.0833333358168602
MIMAT0019928,FGF1,mir_regulates_mrna,,0.0833333358168602,0.0833333358168602
MIMAT0023694,FGF1,mir_regulates_mrna,,0.0833333358168602,0.0833333358168602
MIMAT0010195,IGF1R,mir_regulates_mrna,,0.011627906933426857,0.011627906933426857
MIMAT0000064,IGF1R,mir_regulates_mrna,,0.011627906933426857,0.011627906933426857
MIMAT0000066,IGF1R,mir_regulates_mrna,,0.011627906933426857,0.011627906933426857
MIMAT0000095,IGF1R,mir_regulates_mrna,,0.011627906933426857,0.011627906933426857
MIMAT0004564,IGF1R,mir_regulates_mrna,,0.011627906933426857,0.011627906933426857
MIMAT0004592,IGF1R,mir_regulates_mrna,,0.011627906933426857,0.011627906933426857
MIMAT0000427,IGF1R,mir_regulates_mrna,,0.011627906933426857,0.011627906933426857
MIMAT0000432,IGF1R,mir_regulates_mrna,,0.011627906933426857,0.011627906933426857
MIMAT0000455,IGF1R,mir_regulates_mrna,,0.011627906933426857,0.011627906933426857
MIMAT0003385,IGF1R,mir_regulates_mrna,,0.011627906933426857,0.011627906933426857
MIMAT0000720,IGF1R,mir_regulates_mrna,,0.011627906933426857,0.011627906933426857
MIMAT0004692,IGF1R,mir_regulates_mrna,,0.011627906933426857,0.011627906933426857
MIMAT0000770,IGF1R,mir_regulates_mrna,,0.011627906933426857,0.011627906933426857
MIMAT0002833,IGF1R,mir_regulates_mrna,,0.011627906933426857,0.011627906933426857
MIMAT0002856,IGF1R,mir_regulates_mrna,,0.011627906933426857,0.011627906933426857
MIMAT0002874,IGF1R,mir_regulates_mrna,,0.011627906933426857,0.011627906933426857
MIMAT0003163,IGF1R,mir_regulates_mrna,,0.011627906933426857,0.011627906933426857
MIMAT0003255,IGF1R,mir_regulates_mrna,,0.011627906933426857,0.011627906933426857
MIMAT0003294,IGF1R,mir_regulates_mrna,,0.011627906933426857,0.011627906933426857
MIMAT0003298,IGF1R,mir_regulates_mrna,,0.011627906933426857,0.011627906933426857
MIMAT0004948,IGF1R,mir_regulates_mrna,,0.011627906933426857,0.011627906933426857
MIMAT0005929,IGF1R,mir_regulates_mrna,,0.011627906933426857,0.011627906933426857
MIMAT0006767,IGF1R,mir_regulates_mrna,,0.011627906933426857,0.011627906933426857
MIMAT0026917,IGF1R,mir_regulates_mrna,,0.011627906933426857,0.011627906933426857
MIMAT0013517,IGF1R,mir_regulates_mrna,,0.011627906933426857,0.011627906933426857
MIMAT0019200,IGF1R,mir_regulates_mrna,,0.011627906933426857,0.011627906933426857
MIMAT0014988,IGF1R,mir_regulates_mrna,,0.011627906933426857,0.011627906933426857
MIMAT0015021,IGF1R,mir_regulates_mrna,,0.011627906933426857,0.011627906933426857
MIMAT0016881,IGF1R,mir_regulates_mrna,,0.011627906933426857,0.011627906933426857
MIMAT0018083,IGF1R,mir_regulates_mrna,,0.011627906933426857,0.011627906933426857
MIMAT0018980,IGF1R,mir_regulates_mrna,,0.011627906933426857,0.011627906933426857
MIMAT0019698,IGF1R,mir_regulates_mrna,,0.011627906933426857,0.011627906933426857
MIMAT0019721,IGF1R,mir_regulates_mrna,,0.011627906933426857,0.011627906933426857
MIMAT0019815,IGF1R,mir_regulates_mrna,,0.011627906933426857,0.011627906933426857
MIMAT0019838,IGF1R,mir_regulates_mrna,,0.011627906933426857,0.011627906933426857
MIMAT0019896,IGF1R,mir_regulates_mrna,,0.011627906933426857,0.011627906933426857
MIMAT0019953,IGF1R,mir_regulates_mrna,,0.011627906933426857,0.011627906933426857
MIMAT0019960,IGF1R,mir_regulates_mrna,,0.011627906933426857,0.011627906933426857
MIMAT0019978,IGF1R,mir_regulates_mrna,,0.011627906933426857,0.011627906933426857
MIMAT0022288,IGF1R,mir_regulates_mrna,,0.011627906933426857,0.011627906933426857
MIMAT0022491,IGF1R,mir_regulates_mrna,,0.011627906933426857,0.011627906933426857
MIMAT0024597,IGF1R,mir_regulates_mrna,,0.011627906933426857,0.011627906933426857
MIMAT0027363,IGF1R,mir_regulates_mrna,,0.011627906933426857,0.011627906933426857
MIMAT0027381,IGF1R,mir_regulates_mrna,,0.011627906933426857,0.011627906933426857
MIMAT0027391,IGF1R,mir_regulates_mrna,,0.011627906933426857,0.011627906933426857
MIMAT0027402,IGF1R,mir_regulates_mrna,,0.011627906933426857,0.011627906933426857
MIMAT0027429,IGF1R,mir_regulates_mrna,,0.011627906933426857,0.011627906933426857
MIMAT0027508,IGF1R,mir_regulates_mrna,,0.011627906933426857,0.011627906933426857
MIMAT0027535,IGF1R,mir_regulates_mrna,,0.011627906933426857,0.011627906933426857
MIMAT0027562,IGF1R,mir_regulates_mrna,,0.011627906933426857,0.011627906933426857
MIMAT0027640,IGF1R,mir_regulates_mrna,,0.011627906933426857,0.011627906933426857
MIMAT0027647,IGF1R,mir_regulates_mrna,,0.011627906933426857,0.011627906933426857
MIMAT0028118,IGF1R,mir_regulates_mrna,,0.011627906933426857,0.011627906933426857
MIMAT0028119,IGF1R,mir_regulates_mrna,,0.011627906933426857,0.011627906933426857
MIMAT0028212,IGF1R,mir_regulates_mrna,,0.011627906933426857,0.011627906933426857
MIMAT0028224,IGF1R,mir_regulates_mrna,,0.011627906933426857,0.011627906933426857
MIMAT0030998,IGF1R,mir_regulates_mrna,,0.011627906933426857,0.011627906933426857
MIMAT0031012,IGF1R,mir_regulates_mrna,,0.011627906933426857,0.011627906933426857
MIMAT0033692,IGF1R,mir_regulates_mrna,,0.011627906933426857,0.011627906933426857
MIMAT0000261,IGF1R,mir_regulates_mrna,,0.011627906933426857,0.011627906933426857
MIMAT0000415,IGF1R,mir_regulates_mrna,,0.011627906933426857,0.011627906933426857
MIMAT0000435,IGF1R,mir_regulates_mrna,,0.011627906933426857,0.011627906933426857
MIMAT0000437,IGF1R,mir_regulates_mrna,,0.011627906933426857,0.011627906933426857
MIMAT0002811,IGF1R,mir_regulates_mrna,,0.011627906933426857,0.011627906933426857
MIMAT0002834,IGF1R,mir_regulates_mrna,,0.011627906933426857,0.011627906933426857
MIMAT0002838,IGF1R,mir_regulates_mrna,,0.011627906933426857,0.011627906933426857
MIMAT0004794,IGF1R,mir_regulates_mrna,,0.011627906933426857,0.011627906933426857
MIMAT0003248,IGF1R,mir_regulates_mrna,,0.011627906933426857,0.011627906933426857
MIMAT0003299,IGF1R,mir_regulates_mrna,,0.011627906933426857,0.011627906933426857
MIMAT0022710,IGF1R,mir_regulates_mrna,,0.011627906933426857,0.011627906933426857
MIMAT0015002,IGF1R,mir_regulates_mrna,,0.011627906933426857,0.011627906933426857
MIMAT0016851,IGF1R,mir_regulates_mrna,,0.011627906933426857,0.011627906933426857
MIMAT0018978,IGF1R,mir_regulates_mrna,,0.011627906933426857,0.011627906933426857
MIMAT0019082,IGF1R,mir_regulates_mrna,,0.011627906933426857,0.011627906933426857
MIMAT0019847,IGF1R,mir_regulates_mrna,,0.011627906933426857,0.011627906933426857
MIMAT0021043,IGF1R,mir_regulates_mrna,,0.011627906933426857,0.011627906933426857
MIMAT0021045,IGF1R,mir_regulates_mrna,,0.011627906933426857,0.011627906933426857
MIMAT0025478,IGF1R,mir_regulates_mrna,,0.011627906933426857,0.011627906933426857
MIMAT0027425,IGF1R,mir_regulates_mrna,,0.011627906933426857,0.011627906933426857
MIMAT0027448,IGF1R,mir_regulates_mrna,,0.011627906933426857,0.011627906933426857
MIMAT0027549,IGF1R,mir_regulates_mrna,,0.011627906933426857,0.011627906933426857
MIMAT0027624,IGF1R,mir_regulates_mrna,,0.011627906933426857,0.011627906933426857
MIMAT0027686,IGF1R,mir_regulates_mrna,,0.011627906933426857,0.011627906933426857
MIMAT0028115,IGF1R,mir_regulates_mrna,,0.011627906933426857,0.011627906933426857
MIMAT0030413,IGF1R,mir_regulates_mrna,,0.011627906933426857,0.011627906933426857
MIMAT0031181,IGF1R,mir_regulates_mrna,,0.011627906933426857,0.011627906933426857
MIMAT0004515,KITLG,mir_regulates_mrna,,0.3333333432674408,0.3333333432674408
MIMAT0005457,KITLG,mir_regulates_mrna,,0.3333333432674408,0.3333333432674408
MIMAT0002862,KITLG,mir_regulates_mrna,,0.3333333432674408,0.3333333432674408
MIMAT0000265,PPP3R1,mir_regulates_mrna,,0.1666666716337204,0.1666666716337204
MIMAT0000268,PPP3R1,mir_regulates_mrna,,0.1666666716337204,0.1666666716337204
MIMAT0004780,PPP3R1,mir_regulates_mrna,,0.1666666716337204,0.1666666716337204
MIMAT0019895,PPP3R1,mir_regulates_mrna,,0.1666666716337204,0.1666666716337204
MIMAT0027370,PPP3R1,mir_regulates_mrna,,0.1666666716337204,0.1666666716337204
MIMAT0027427,PPP3R1,mir_regulates_mrna,,0.1666666716337204,0.1666666716337204
MIMAT0000762,CACNA1I,mir_regulates_mrna,,1.0,1.0
MIMAT0004762,CACNA2D2,mir_regulates_mrna,,0.20000000298023224,0.20000000298023224
MIMAT0025852,CACNA2D2,mir_regulates_mrna,,0.20000000298023224,0.20000000298023224
MIMAT0015024,CACNA2D2,mir_regulates_mrna,,0.20000000298023224,0.20000000298023224
MIMAT0015026,CACNA2D2,mir_regulates_mrna,,0.20000000298023224,0.20000000298023224
MIMAT0027448,CACNA2D2,mir_regulates_mrna,,0.20000000298023224,0.20000000298023224
MIMAT0004920,ERBB2,mir_regulates_mrna,,0.20000000298023224,0.20000000298023224
MIMAT0032026,ERBB2,mir_regulates_mrna,,0.20000000298023224,0.20000000298023224
MIMAT0015008,ERBB2,mir_regulates_mrna,,0.20000000298023224,0.20000000298023224
MIMAT0018090,ERBB2,mir_regulates_mrna,,0.20000000298023224,0.20000000298023224
MIMAT0027683,ERBB2,mir_regulates_mrna,,0.20000000298023224,0.20000000298023224
MIMAT0027402,ERBB3,mir_regulates_mrna,,0.1111111119389534,0.1111111119389534
MIMAT0027503,ERBB3,mir_regulates_mrna,,0.1111111119389534,0.1111111119389534
MIMAT0027553,ERBB3,mir_regulates_mrna,,0.1111111119389534,0.1111111119389534
MIMAT0028116,ERBB3,mir_regulates_mrna,,0.1111111119389534,0.1111111119389534
MIMAT0028117,ERBB3,mir_regulates_mrna,,0.1111111119389534,0.1111111119389534
MIMAT0005930,ERBB3,mir_regulates_mrna,,0.1111111119389534,0.1111111119389534
MIMAT0016863,ERBB3,mir_regulates_mrna,,0.1111111119389534,0.1111111119389534
MIMAT0022696,ERBB3,mir_regulates_mrna,,0.1111111119389534,0.1111111119389534
MIMAT0000760,ERBB3,mir_regulates_mrna,,0.1111111119389534,0.1111111119389534
MIMAT0018944,RPS6KA1,mir_regulates_mrna,,0.5,0.5
MIMAT0019720,RPS6KA1,mir_regulates_mrna,,0.5,0.5
MIMAT0019896,RPS6KA2,mir_regulates_mrna,,0.1666666716337204,0.1666666716337204
MIMAT0027550,RPS6KA2,mir_regulates_mrna,,0.1666666716337204,0.1666666716337204
MIMAT0004982,RPS6KA2,mir_regulates_mrna,,0.1666666716337204,0.1666666716337204
MIMAT0021033,RPS6KA2,mir_regulates_mrna,,0.1666666716337204,0.1666666716337204
MIMAT0015052,RPS6KA2,mir_regulates_mrna,,0.1666666716337204,0.1666666716337204
MIMAT0027038,RPS6KA2,mir_regulates_mrna,,0.1666666716337204,0.1666666716337204
MIMAT0015023,RPS6KA4,mir_regulates_mrna,,0.05000000074505806,0.05000000074505806
MIMAT0018190,RPS6KA4,mir_regulates_mrna,,0.05000000074505806,0.05000000074505806
MIMAT0019015,RPS6KA4,mir_regulates_mrna,,0.05000000074505806,0.05000000074505806
MIMAT0022491,RPS6KA4,mir_regulates_mrna,,0.05000000074505806,0.05000000074505806
MIMAT0002830,RPS6KA4,mir_regulates_mrna,,0.05000000074505806,0.05000000074505806
MIMAT0003292,RPS6KA4,mir_regulates_mrna,,0.05000000074505806,0.05000000074505806
MIMAT0005929,RPS6KA4,mir_regulates_mrna,,0.05000000074505806,0.05000000074505806
MIMAT0019715,RPS6KA4,mir_regulates_mrna,,0.05000000074505806,0.05000000074505806
MIMAT0019939,RPS6KA4,mir_regulates_mrna,,0.05000000074505806,0.05000000074505806
MIMAT0027426,RPS6KA4,mir_regulates_mrna,,0.05000000074505806,0.05000000074505806
MIMAT0027526,RPS6KA4,mir_regulates_mrna,,0.05000000074505806,0.05000000074505806
MIMAT0027550,RPS6KA4,mir_regulates_mrna,,0.05000000074505806,0.05000000074505806
MIMAT0027662,RPS6KA4,mir_regulates_mrna,,0.05000000074505806,0.05000000074505806
MIMAT0028119,RPS6KA4,mir_regulates_mrna,,0.05000000074505806,0.05000000074505806
MIMAT0000422,RPS6KA4,mir_regulates_mrna,,0.05000000074505806,0.05000000074505806
MIMAT0019737,RPS6KA4,mir_regulates_mrna,,0.05000000074505806,0.05000000074505806
MIMAT0027470,RPS6KA4,mir_regulates_mrna,,0.05000000074505806,0.05000000074505806
MIMAT0027614,RPS6KA4,mir_regulates_mrna,,0.05000000074505806,0.05000000074505806
MIMAT0027666,RPS6KA4,mir_regulates_mrna,,0.05000000074505806,0.05000000074505806
MIMAT0027672,RPS6KA4,mir_regulates_mrna,,0.05000000074505806,0.05000000074505806
MIMAT0000265,NTRK2,mir_regulates_mrna,,0.3333333432674408,0.3333333432674408
MIMAT0000617,NTRK2,mir_regulates_mrna,,0.3333333432674408,0.3333333432674408
MIMAT0000765,NTRK2,mir_regulates_mrna,,0.3333333432674408,0.3333333432674408
MIMAT0000072,RAP1A,mir_regulates_mrna,,0.0833333358168602,0.0833333358168602
MIMAT0004595,RAP1A,mir_regulates_mrna,,0.0833333358168602,0.0833333358168602
MIMAT0002830,RAP1A,mir_regulates_mrna,,0.0833333358168602,0.0833333358168602
MIMAT0004794,RAP1A,mir_regulates_mrna,,0.0833333358168602,0.0833333358168602
MIMAT0019908,RAP1A,mir_regulates_mrna,,0.0833333358168602,0.0833333358168602
MIMAT0025841,RAP1A,mir_regulates_mrna,,0.0833333358168602,0.0833333358168602
MIMAT0027400,RAP1A,mir_regulates_mrna,,0.0833333358168602,0.0833333358168602
MIMAT0027544,RAP1A,mir_regulates_mrna,,0.0833333358168602,0.0833333358168602
MIMAT0030986,RAP1A,mir_regulates_mrna,,0.0833333358168602,0.0833333358168602
MIMAT0000066,RAP1A,mir_regulates_mrna,,0.0833333358168602,0.0833333358168602
MIMAT0027443,RAP1A,mir_regulates_mrna,,0.0833333358168602,0.0833333358168602
MIMAT0000717,RAP1A,mir_regulates_mrna,,0.0833333358168602,0.0833333358168602
MIMAT0000098,RAP1B,mir_regulates_mrna,,0.05000000074505806,0.05000000074505806
MIMAT0000099,RAP1B,mir_regulates_mrna,,0.05000000074505806,0.05000000074505806
MIMAT0026474,RAP1B,mir_regulates_mrna,,0.05000000074505806,0.05000000074505806
MIMAT0000244,RAP1B,mir_regulates_mrna,,0.05000000074505806,0.05000000074505806
MIMAT0000250,RAP1B,mir_regulates_mrna,,0.05000000074505806,0.05000000074505806
MIMAT0000420,RAP1B,mir_regulates_mrna,,0.05000000074505806,0.05000000074505806
MIMAT0001339,RAP1B,mir_regulates_mrna,,0.05000000074505806,0.05000000074505806
MIMAT0002821,RAP1B,mir_regulates_mrna,,0.05000000074505806,0.05000000074505806
MIMAT0014999,RAP1B,mir_regulates_mrna,,0.05000000074505806,0.05000000074505806
MIMAT0018074,RAP1B,mir_regulates_mrna,,0.05000000074505806,0.05000000074505806
MIMAT0018984,RAP1B,mir_regulates_mrna,,0.05000000074505806,0.05000000074505806
MIMAT0019031,RAP1B,mir_regulates_mrna,,0.05000000074505806,0.05000000074505806
MIMAT0000084,RAP1B,mir_regulates_mrna,,0.05000000074505806,0.05000000074505806
MIMAT0022844,RAP1B,mir_regulates_mrna,,0.05000000074505806,0.05000000074505806
MIMAT0000419,RAP1B,mir_regulates_mrna,,0.05000000074505806,0.05000000074505806
MIMAT0002877,RAP1B,mir_regulates_mrna,,0.05000000074505806,0.05000000074505806
MIMAT0017986,RAP1B,mir_regulates_mrna,,0.05000000074505806,0.05000000074505806
MIMAT0018109,RAP1B,mir_regulates_mrna,,0.05000000074505806,0.05000000074505806
MIMAT0022736,RAP1B,mir_regulates_mrna,,0.05000000074505806,0.05000000074505806
MIMAT0027667,RAP1B,mir_regulates_mrna,,0.05000000074505806,0.05000000074505806
MIMAT0000255,AKT1,mir_regulates_mrna,,0.1666666716337204,0.1666666716337204
MIMAT0000756,AKT1,mir_regulates_mrna,,0.1666666716337204,0.1666666716337204
MIMAT0027633,AKT1,mir_regulates_mrna,,0.1666666716337204,0.1666666716337204
MIMAT0027549,AKT1,mir_regulates_mrna,,0.1666666716337204,0.1666666716337204
MIMAT0004609,AKT1,mir_regulates_mrna,,0.1666666716337204,0.1666666716337204
MIMAT0027429,AKT1,mir_regulates_mrna,,0.1666666716337204,0.1666666716337204
MIMAT0000092,TGFBR2,mir_regulates_mrna,,0.09090909361839294,0.09090909361839294
MIMAT0000680,TGFBR2,mir_regulates_mrna,,0.09090909361839294,0.09090909361839294
MIMAT0015004,TGFBR2,mir_regulates_mrna,,0.09090909361839294,0.09090909361839294
MIMAT0019363,TGFBR2,mir_regulates_mrna,,0.09090909361839294,0.09090909361839294
MIMAT0019855,TGFBR2,mir_regulates_mrna,,0.09090909361839294,0.09090909361839294
MIMAT0027516,TGFBR2,mir_regulates_mrna,,0.09090909361839294,0.09090909361839294
MIMAT0027536,TGFBR2,mir_regulates_mrna,,0.09090909361839294,0.09090909361839294
MIMAT0027634,TGFBR2,mir_regulates_mrna,,0.09090909361839294,0.09090909361839294
MIMAT0000255,TGFBR2,mir_regulates_mrna,,0.09090909361839294,0.09090909361839294
MIMAT0018088,TGFBR2,mir_regulates_mrna,,0.09090909361839294,0.09090909361839294
MIMAT0027416,TGFBR2,mir_regulates_mrna,,0.09090909361839294,0.09090909361839294
MIMAT0000222,IRAK1,mir_regulates_mrna,,1.0,1.0
MIMAT0000255,VEGFA,mir_regulates_mrna,,0.03333333507180214,0.03333333507180214
MIMAT0004598,VEGFA,mir_regulates_mrna,,0.03333333507180214,0.03333333507180214
MIMAT0000680,VEGFA,mir_regulates_mrna,,0.03333333507180214,0.03333333507180214
MIMAT0000685,VEGFA,mir_regulates_mrna,,0.03333333507180214,0.03333333507180214
MIMAT0000738,VEGFA,mir_regulates_mrna,,0.03333333507180214,0.03333333507180214
MIMAT0002875,VEGFA,mir_regulates_mrna,,0.03333333507180214,0.03333333507180214
MIMAT0018083,VEGFA,mir_regulates_mrna,,0.03333333507180214,0.03333333507180214
MIMAT0018357,VEGFA,mir_regulates_mrna,,0.03333333507180214,0.03333333507180214
MIMAT0027396,VEGFA,mir_regulates_mrna,,0.03333333507180214,0.03333333507180214
MIMAT0027418,VEGFA,mir_regulates_mrna,,0.03333333507180214,0.03333333507180214
MIMAT0027486,VEGFA,mir_regulates_mrna,,0.03333333507180214,0.03333333507180214
MIMAT0027620,VEGFA,mir_regulates_mrna,,0.03333333507180214,0.03333333507180214
MIMAT0027643,VEGFA,mir_regulates_mrna,,0.03333333507180214,0.03333333507180214
MIMAT0027650,VEGFA,mir_regulates_mrna,,0.03333333507180214,0.03333333507180214
MIMAT0033692,VEGFA,mir_regulates_mrna,,0.03333333507180214,0.03333333507180214
MIMAT0000069,VEGFA,mir_regulates_mrna,,0.03333333507180214,0.03333333507180214
MIMAT0000443,VEGFA,mir_regulates_mrna,,0.03333333507180214,0.03333333507180214
MIMAT0005883,VEGFA,mir_regulates_mrna,,0.03333333507180214,0.03333333507180214
MIMAT0022724,VEGFA,mir_regulates_mrna,,0.03333333507180214,0.03333333507180214
MIMAT0012735,VEGFA,mir_regulates_mrna,,0.03333333507180214,0.03333333507180214
MIMAT0014989,VEGFA,mir_regulates_mrna,,0.03333333507180214,0.03333333507180214
MIMAT0022487,VEGFA,mir_regulates_mrna,,0.03333333507180214,0.03333333507180214
MIMAT0027391,VEGFA,mir_regulates_mrna,,0.03333333507180214,0.03333333507180214
MIMAT0027412,VEGFA,mir_regulates_mrna,,0.03333333507180214,0.03333333507180214
MIMAT0027432,VEGFA,mir_regulates_mrna,,0.03333333507180214,0.03333333507180214
MIMAT0027646,VEGFA,mir_regulates_mrna,,0.03333333507180214,0.03333333507180214
MIMAT0000075,VEGFA,mir_regulates_mrna,,0.03333333507180214,0.03333333507180214
MIMAT0000251,VEGFA,mir_regulates_mrna,,0.03333333507180214,0.03333333507180214
MIMAT0000461,VEGFA,mir_regulates_mrna,,0.03333333507180214,0.03333333507180214
MIMAT0004602,VEGFA,mir_regulates_mrna,,0.03333333507180214,0.03333333507180214
MIMAT0000680,PPM1B,mir_regulates_mrna,,1.0,1.0
MIMAT0004493,CDC42,mir_regulates_mrna,,0.0833333358168602,0.0833333358168602
MIMAT0004509,CDC42,mir_regulates_mrna,,0.0833333358168602,0.0833333358168602
MIMAT0000104,CDC42,mir_regulates_mrna,,0.0833333358168602,0.0833333358168602
MIMAT0000273,CDC42,mir_regulates_mrna,,0.0833333358168602,0.0833333358168602
MIMAT0000281,CDC42,mir_regulates_mrna,,0.0833333358168602,0.0833333358168602
MIMAT0000427,CDC42,mir_regulates_mrna,,0.0833333358168602,0.0833333358168602
MIMAT0000455,CDC42,mir_regulates_mrna,,0.0833333358168602,0.0833333358168602
MIMAT0000680,CDC42,mir_regulates_mrna,,0.0833333358168602,0.0833333358168602
MIMAT0000770,CDC42,mir_regulates_mrna,,0.0833333358168602,0.0833333358168602
MIMAT0002174,CDC42,mir_regulates_mrna,,0.0833333358168602,0.0833333358168602
MIMAT0000265,CDC42,mir_regulates_mrna,,0.0833333358168602,0.0833333358168602
MIMAT0000751,CDC42,mir_regulates_mrna,,0.0833333358168602,0.0833333358168602
MIMAT0004761,MAPK3,mir_regulates_mrna,,1.0,1.0
MIMAT0004748,MAPK8IP3,mir_regulates_mrna,,0.10000000149011612,0.10000000149011612
MIMAT0021039,MAPK8IP3,mir_regulates_mrna,,0.10000000149011612,0.10000000149011612
MIMAT0022294,MAPK8IP3,mir_regulates_mrna,,0.10000000149011612,0.10000000149011612
MIMAT0027454,MAPK8IP3,mir_regulates_mrna,,0.10000000149011612,0.10000000149011612
MIMAT0027587,MAPK8IP3,mir_regulates_mrna,,0.10000000149011612,0.10000000149011612
MIMAT0015080,MAPK8IP3,mir_regulates_mrna,,0.10000000149011612,0.10000000149011612
MIMAT0019041,MAPK8IP3,mir_regulates_mrna,,0.10000000149011612,0.10000000149011612
MIMAT0022491,MAPK8IP3,mir_regulates_mrna,,0.10000000149011612,0.10000000149011612
MIMAT0023252,MAPK8IP3,mir_regulates_mrna,,0.10000000149011612,0.10000000149011612
MIMAT0027678,MAPK8IP3,mir_regulates_mrna,,0.10000000149011612,0.10000000149011612
MIMAT0000278,ERBB4,mir_regulates_mrna,,0.5,0.5
MIMAT0000449,ERBB4,mir_regulates_mrna,,0.5,0.5
MIMAT0003322,MRAS,mir_regulates_mrna,,0.1666666716337204,0.1666666716337204
MIMAT0017981,MRAS,mir_regulates_mrna,,0.1666666716337204,0.1666666716337204
MIMAT0019043,MRAS,mir_regulates_mrna,,0.1666666716337204,0.1666666716337204
MIMAT0021123,MRAS,mir_regulates_mrna,,0.1666666716337204,0.1666666716337204
MIMAT0027456,MRAS,mir_regulates_mrna,,0.1666666716337204,0.1666666716337204
MIMAT0023694,MRAS,mir_regulates_mrna,,0.1666666716337204,0.1666666716337204
MIMAT0000092,TGFA,mir_regulates_mrna,,0.06666667014360428,0.06666667014360428
MIMAT0000762,TGFA,mir_regulates_mrna,,0.06666667014360428,0.06666667014360428
MIMAT0002876,TGFA,mir_regulates_mrna,,0.06666667014360428,0.06666667014360428
MIMAT0015077,TGFA,mir_regulates_mrna,,0.06666667014360428,0.06666667014360428
MIMAT0019806,TGFA,mir_regulates_mrna,,0.06666667014360428,0.06666667014360428
MIMAT0019885,TGFA,mir_regulates_mrna,,0.06666667014360428,0.06666667014360428
MIMAT0021022,TGFA,mir_regulates_mrna,,0.06666667014360428,0.06666667014360428
MIMAT0027414,TGFA,mir_regulates_mrna,,0.06666667014360428,0.06666667014360428
MIMAT0027591,TGFA,mir_regulates_mrna,,0.06666667014360428,0.06666667014360428
MIMAT0027647,TGFA,mir_regulates_mrna,,0.06666667014360428,0.06666667014360428
MIMAT0000438,TGFA,mir_regulates_mrna,,0.06666667014360428,0.06666667014360428
MIMAT0027378,TGFA,mir_regulates_mrna,,0.06666667014360428,0.06666667014360428
MIMAT0027528,TGFA,mir_regulates_mrna,,0.06666667014360428,0.06666667014360428
MIMAT0019847,TGFA,mir_regulates_mrna,,0.06666667014360428,0.06666667014360428
MIMAT0009451,TGFA,mir_regulates_mrna,,0.06666667014360428,0.06666667014360428
MIMAT0004701,IKBKG,mir_regulates_mrna,,0.1666666716337204,0.1666666716337204
MIMAT0024610,IKBKG,mir_regulates_mrna,,0.1666666716337204,0.1666666716337204
MIMAT0024614,IKBKG,mir_regulates_mrna,,0.1666666716337204,0.1666666716337204
MIMAT0024617,IKBKG,mir_regulates_mrna,,0.1666666716337204,0.1666666716337204
MIMAT0019868,IKBKG,mir_regulates_mrna,,0.1666666716337204,0.1666666716337204
MIMAT0027646,IKBKG,mir_regulates_mrna,,0.1666666716337204,0.1666666716337204
MIMAT0004517,RRAS2,mir_regulates_mrna,,0.5,0.5
MIMAT0015035,RRAS2,mir_regulates_mrna,,0.5,0.5
MIMAT0004599,ELK1,mir_regulates_mrna,,0.05263157933950424,0.05263157933950424
MIMAT0004602,ELK1,mir_regulates_mrna,,0.05263157933950424,0.05263157933950424
MIMAT0026612,ELK1,mir_regulates_mrna,,0.05263157933950424,0.05263157933950424
MIMAT0022939,ELK1,mir_regulates_mrna,,0.05263157933950424,0.05263157933950424
MIMAT0011161,ELK1,mir_regulates_mrna,,0.05263157933950424,0.05263157933950424
MIMAT0018072,ELK1,mir_regulates_mrna,,0.05263157933950424,0.05263157933950424
MIMAT0018937,ELK1,mir_regulates_mrna,,0.05263157933950424,0.05263157933950424
MIMAT0018985,ELK1,mir_regulates_mrna,,0.05263157933950424,0.05263157933950424
MIMAT0019033,ELK1,mir_regulates_mrna,,0.05263157933950424,0.05263157933950424
MIMAT0019077,ELK1,mir_regulates_mrna,,0.05263157933950424,0.05263157933950424
MIMAT0019723,ELK1,mir_regulates_mrna,,0.05263157933950424,0.05263157933950424
MIMAT0019820,ELK1,mir_regulates_mrna,,0.05263157933950424,0.05263157933950424
MIMAT0025462,ELK1,mir_regulates_mrna,,0.05263157933950424,0.05263157933950424
MIMAT0028112,ELK1,mir_regulates_mrna,,0.05263157933950424,0.05263157933950424
MIMAT0000451,ELK1,mir_regulates_mrna,,0.05263157933950424,0.05263157933950424
MIMAT0004780,ELK1,mir_regulates_mrna,,0.05263157933950424,0.05263157933950424
MIMAT0005573,ELK1,mir_regulates_mrna,,0.05263157933950424,0.05263157933950424
MIMAT0027027,ELK1,mir_regulates_mrna,,0.05263157933950424,0.05263157933950424
MIMAT0018945,ELK1,mir_regulates_mrna,,0.05263157933950424,0.05263157933950424
MIMAT0000070,IRAK4,mir_regulates_mrna,,0.03125,0.03125
MIMAT0000075,IRAK4,mir_regulates_mrna,,0.03125,0.03125
MIMAT0000103,IRAK4,mir_regulates_mrna,,0.03125,0.03125
MIMAT0000451,IRAK4,mir_regulates_mrna,,0.03125,0.03125
MIMAT0000684,IRAK4,mir_regulates_mrna,,0.03125,0.03125
MIMAT0000715,IRAK4,mir_regulates_mrna,,0.03125,0.03125
MIMAT0000722,IRAK4,mir_regulates_mrna,,0.03125,0.03125
MIMAT0001413,IRAK4,mir_regulates_mrna,,0.03125,0.03125
MIMAT0004809,IRAK4,mir_regulates_mrna,,0.03125,0.03125
MIMAT0004952,IRAK4,mir_regulates_mrna,,0.03125,0.03125
MIMAT0004983,IRAK4,mir_regulates_mrna,,0.03125,0.03125
MIMAT0005871,IRAK4,mir_regulates_mrna,,0.03125,0.03125
MIMAT0022720,IRAK4,mir_regulates_mrna,,0.03125,0.03125
MIMAT0007883,IRAK4,mir_regulates_mrna,,0.03125,0.03125
MIMAT0019208,IRAK4,mir_regulates_mrna,,0.03125,0.03125
MIMAT0016889,IRAK4,mir_regulates_mrna,,0.03125,0.03125
MIMAT0018206,IRAK4,mir_regulates_mrna,,0.03125,0.03125
MIMAT0019006,IRAK4,mir_regulates_mrna,,0.03125,0.03125
MIMAT0019913,IRAK4,mir_regulates_mrna,,0.03125,0.03125
MIMAT0025481,IRAK4,mir_regulates_mrna,,0.03125,0.03125
MIMAT0025844,IRAK4,mir_regulates_mrna,,0.03125,0.03125
MIMAT0027457,IRAK4,mir_regulates_mrna,,0.03125,0.03125
MIMAT0027668,IRAK4,mir_regulates_mrna,,0.03125,0.03125
MIMAT0027686,IRAK4,mir_regulates_mrna,,0.03125,0.03125
MIMAT0027687,IRAK4,mir_regulates_mrna,,0.03125,0.03125
MIMAT0028111,IRAK4,mir_regulates_mrna,,0.03125,0.03125
MIMAT0028214,IRAK4,mir_regulates_mrna,,0.03125,0.03125
MIMAT0030426,IRAK4,mir_regulates_mrna,,0.03125,0.03125
MIMAT0019853,IRAK4,mir_regulates_mrna,,0.03125,0.03125
MIMAT0019927,IRAK4,mir_regulates_mrna,,0.03125,0.03125
MIMAT0025854,IRAK4,mir_regulates_mrna,,0.03125,0.03125
MIMAT0027516,IRAK4,mir_regulates_mrna,,0.03125,0.03125
MIMAT0000423,ANGPT2,mir_regulates_mrna,,1.0,1.0
MIMAT0002858,MAPT,mir_regulates_mrna,,0.06666667014360428,0.06666667014360428
MIMAT0005457,MAPT,mir_regulates_mrna,,0.06666667014360428,0.06666667014360428
MIMAT0002867,MAPT,mir_regulates_mrna,,0.06666667014360428,0.06666667014360428
MIMAT0002862,MAPT,mir_regulates_mrna,,0.06666667014360428,0.06666667014360428
MIMAT0004911,MAPT,mir_regulates_mrna,,0.06666667014360428,0.06666667014360428
MIMAT0011163,MAPT,mir_regulates_mrna,,0.06666667014360428,0.06666667014360428
MIMAT0011775,MAPT,mir_regulates_mrna,,0.06666667014360428,0.06666667014360428
MIMAT0018201,MAPT,mir_regulates_mrna,,0.06666667014360428,0.06666667014360428
MIMAT0019066,MAPT,mir_regulates_mrna,,0.06666667014360428,0.06666667014360428
MIMAT0019965,MAPT,mir_regulates_mrna,,0.06666667014360428,0.06666667014360428
MIMAT0019971,MAPT,mir_regulates_mrna,,0.06666667014360428,0.06666667014360428
MIMAT0027673,MAPT,mir_regulates_mrna,,0.06666667014360428,0.06666667014360428
MIMAT0014987,MAPT,mir_regulates_mrna,,0.06666667014360428,0.06666667014360428
MIMAT0019210,MAPT,mir_regulates_mrna,,0.06666667014360428,0.06666667014360428
MIMAT0019927,MAPT,mir_regulates_mrna,,0.06666667014360428,0.06666667014360428
MIMAT0022256,RASGRP1,mir_regulates_mrna,,0.25,0.25
MIMAT0019761,RASGRP1,mir_regulates_mrna,,0.25,0.25
MIMAT0022282,RASGRP1,mir_regulates_mrna,,0.25,0.25
MIMAT0015035,RASGRP1,mir_regulates_mrna,,0.25,0.25
MIMAT0000083,PAK1,mir_regulates_mrna,,0.25,0.25
MIMAT0000244,PAK1,mir_regulates_mrna,,0.25,0.25
MIMAT0000252,PAK1,mir_regulates_mrna,,0.25,0.25
MIMAT0000273,PAK1,mir_regulates_mrna,,0.25,0.25
MIMAT0000065,TGFBR1,mir_regulates_mrna,,0.04545454680919647,0.04545454680919647
MIMAT0000099,TGFBR1,mir_regulates_mrna,,0.04545454680919647,0.04545454680919647
MIMAT0022693,TGFBR1,mir_regulates_mrna,,0.04545454680919647,0.04545454680919647
MIMAT0000424,TGFBR1,mir_regulates_mrna,,0.04545454680919647,0.04545454680919647
MIMAT0002806,TGFBR1,mir_regulates_mrna,,0.04545454680919647,0.04545454680919647
MIMAT0015030,TGFBR1,mir_regulates_mrna,,0.04545454680919647,0.04545454680919647
MIMAT0019014,TGFBR1,mir_regulates_mrna,,0.04545454680919647,0.04545454680919647
MIMAT0019776,TGFBR1,mir_regulates_mrna,,0.04545454680919647,0.04545454680919647
MIMAT0027367,TGFBR1,mir_regulates_mrna,,0.04545454680919647,0.04545454680919647
MIMAT0027467,TGFBR1,mir_regulates_mrna,,0.04545454680919647,0.04545454680919647
MIMAT0027491,TGFBR1,mir_regulates_mrna,,0.04545454680919647,0.04545454680919647
MIMAT0027604,TGFBR1,mir_regulates_mrna,,0.04545454680919647,0.04545454680919647
MIMAT0031010,TGFBR1,mir_regulates_mrna,,0.04545454680919647,0.04545454680919647
MIMAT0000265,TGFBR1,mir_regulates_mrna,,0.04545454680919647,0.04545454680919647
MIMAT0000075,TGFBR1,mir_regulates_mrna,,0.04545454680919647,0.04545454680919647
MIMAT0022939,TGFBR1,mir_regulates_mrna,,0.04545454680919647,0.04545454680919647
MIMAT0019707,TGFBR1,mir_regulates_mrna,,0.04545454680919647,0.04545454680919647
MIMAT0000419,TGFBR1,mir_regulates_mrna,,0.04545454680919647,0.04545454680919647
MIMAT0000425,TGFBR1,mir_regulates_mrna,,0.04545454680919647,0.04545454680919647
MIMAT0018202,TGFBR1,mir_regulates_mrna,,0.04545454680919647,0.04545454680919647
MIMAT0019703,TGFBR1,mir_regulates_mrna,,0.04545454680919647,0.04545454680919647
MIMAT0027562,TGFBR1,mir_regulates_mrna,,0.04545454680919647,0.04545454680919647
MIMAT0000063,MEF2C,mir_regulates_mrna,,0.3333333432674408,0.3333333432674408
MIMAT0000271,MEF2C,mir_regulates_mrna,,0.3333333432674408,0.3333333432674408
MIMAT0000092,MEF2C,mir_regulates_mrna,,0.3333333432674408,0.3333333432674408
MIMAT0000070,MAPK9,mir_regulates_mrna,,0.10000000149011612,0.10000000149011612
MIMAT0000103,MAPK9,mir_regulates_mrna,,0.10000000149011612,0.10000000149011612
MIMAT0000680,MAPK9,mir_regulates_mrna,,0.10000000149011612,0.10000000149011612
MIMAT0018004,MAPK9,mir_regulates_mrna,,0.10000000149011612,0.10000000149011612
MIMAT0000222,MAPK9,mir_regulates_mrna,,0.10000000149011612,0.10000000149011612
MIMAT0000093,MAPK9,mir_regulates_mrna,,0.10000000149011612,0.10000000149011612
MIMAT0000232,MAPK9,mir_regulates_mrna,,0.10000000149011612,0.10000000149011612
MIMAT0019692,MAPK9,mir_regulates_mrna,,0.10000000149011612,0.10000000149011612
MIMAT0000075,MAPK9,mir_regulates_mrna,,0.10000000149011612,0.10000000149011612
MIMAT0001413,MAPK9,mir_regulates_mrna,,0.10000000149011612,0.10000000149011612
MIMAT0000231,TGFB2,mir_regulates_mrna,,0.0833333358168602,0.0833333358168602
MIMAT0004587,TGFB2,mir_regulates_mrna,,0.0833333358168602,0.0833333358168602
MIMAT0001339,TGFB2,mir_regulates_mrna,,0.0833333358168602,0.0833333358168602
MIMAT0018926,TGFB2,mir_regulates_mrna,,0.0833333358168602,0.0833333358168602
MIMAT0018082,TGFB2,mir_regulates_mrna,,0.0833333358168602,0.0833333358168602
MIMAT0018927,TGFB2,mir_regulates_mrna,,0.0833333358168602,0.0833333358168602
MIMAT0018932,TGFB2,mir_regulates_mrna,,0.0833333358168602,0.0833333358168602
MIMAT0018984,TGFB2,mir_regulates_mrna,,0.0833333358168602,0.0833333358168602
MIMAT0021041,TGFB2,mir_regulates_mrna,,0.0833333358168602,0.0833333358168602
MIMAT0003288,TGFB2,mir_regulates_mrna,,0.0833333358168602,0.0833333358168602
MIMAT0018119,TGFB2,mir_regulates_mrna,,0.0833333358168602,0.0833333358168602
MIMAT0019233,TGFB2,mir_regulates_mrna,,0.0833333358168602,0.0833333358168602
MIMAT0000080,RASGRP3,mir_regulates_mrna,,0.25,0.25
MIMAT0004784,RASGRP3,mir_regulates_mrna,,0.25,0.25
MIMAT0004927,RASGRP3,mir_regulates_mrna,,0.25,0.25
MIMAT0018956,RASGRP3,mir_regulates_mrna,,0.25,0.25
MIMAT0027103,PPP3CB,mir_regulates_mrna,,1.0,1.0
MIMAT0003385,ECSIT,mir_regulates_mrna,,0.5,0.5
MIMAT0004984,ECSIT,mir_regulates_mrna,,0.5,0.5
MIMAT0000256,BDNF,mir_regulates_mrna,,0.20000000298023224,0.20000000298023224
MIMAT0000259,BDNF,mir_regulates_mrna,,0.20000000298023224,0.20000000298023224
MIMAT0000422,BDNF,mir_regulates_mrna,,0.20000000298023224,0.20000000298023224
MIMAT0000265,BDNF,mir_regulates_mrna,,0.20000000298023224,0.20000000298023224
MIMAT0000095,BDNF,mir_regulates_mrna,,0.20000000298023224,0.20000000298023224
MIMAT0005913,RELA,mir_regulates_mrna,,0.1666666716337204,0.1666666716337204
MIMAT0015028,RELA,mir_regulates_mrna,,0.1666666716337204,0.1666666716337204
MIMAT0016853,RELA,mir_regulates_mrna,,0.1666666716337204,0.1666666716337204
MIMAT0022736,RELA,mir_regulates_mrna,,0.1666666716337204,0.1666666716337204
MIMAT0018952,RELA,mir_regulates_mrna,,0.1666666716337204,0.1666666716337204
MIMAT0023702,RELA,mir_regulates_mrna,,0.1666666716337204,0.1666666716337204
MIMAT0000278,STMN1,mir_regulates_mrna,,0.0625,0.0625
MIMAT0004767,STMN1,mir_regulates_mrna,,0.0625,0.0625
MIMAT0018949,STMN1,mir_regulates_mrna,,0.0625,0.0625
MIMAT0019921,STMN1,mir_regulates_mrna,,0.0625,0.0625
MIMAT0025482,STMN1,mir_regulates_mrna,,0.0625,0.0625
MIMAT0027357,STMN1,mir_regulates_mrna,,0.0625,0.0625
MIMAT0027439,STMN1,mir_regulates_mrna,,0.0625,0.0625
MIMAT0004513,STMN1,mir_regulates_mrna,,0.0625,0.0625
MIMAT0003298,STMN1,mir_regulates_mrna,,0.0625,0.0625
MIMAT0019820,STMN1,mir_regulates_mrna,,0.0625,0.0625
MIMAT0019841,STMN1,mir_regulates_mrna,,0.0625,0.0625
MIMAT0027415,STMN1,mir_regulates_mrna,,0.0625,0.0625
MIMAT0000099,STMN1,mir_regulates_mrna,,0.0625,0.0625
MIMAT0002174,STMN1,mir_regulates_mrna,,0.0625,0.0625
MIMAT0019938,STMN1,mir_regulates_mrna,,0.0625,0.0625
MIMAT0027635,STMN1,mir_regulates_mrna,,0.0625,0.0625
MIMAT0002173,RASGRF1,mir_regulates_mrna,,1.0,1.0
MIMAT0000098,FLT1,mir_regulates_mrna,,0.3333333432674408,0.3333333432674408
MIMAT0002827,FLT1,mir_regulates_mrna,,0.3333333432674408,0.3333333432674408
MIMAT0002829,FLT1,mir_regulates_mrna,,0.3333333432674408,0.3333333432674408
MIMAT0000430,NFKB1,mir_regulates_mrna,,1.0,1.0
MIMAT0026613,IL1RAP,mir_regulates_mrna,,0.5,0.5
MIMAT0005583,IL1RAP,mir_regulates_mrna,,0.5,0.5
MIMAT0000450,MYD88,mir_regulates_mrna,,1.0,1.0
MIMAT0000271,FGFR1,mir_regulates_mrna,,0.03846153989434242,0.03846153989434242
MIMAT0000455,FGFR1,mir_regulates_mrna,,0.03846153989434242,0.03846153989434242
MIMAT0000690,FGFR1,mir_regulates_mrna,,0.03846153989434242,0.03846153989434242
MIMAT0004945,FGFR1,mir_regulates_mrna,,0.03846153989434242,0.03846153989434242
MIMAT0022720,FGFR1,mir_regulates_mrna,,0.03846153989434242,0.03846153989434242
MIMAT0032029,FGFR1,mir_regulates_mrna,,0.03846153989434242,0.03846153989434242
MIMAT0005939,FGFR1,mir_regulates_mrna,,0.03846153989434242,0.03846153989434242
MIMAT0019047,FGFR1,mir_regulates_mrna,,0.03846153989434242,0.03846153989434242
MIMAT0019927,FGFR1,mir_regulates_mrna,,0.03846153989434242,0.03846153989434242
MIMAT0024613,FGFR1,mir_regulates_mrna,,0.03846153989434242,0.03846153989434242
MIMAT0024617,FGFR1,mir_regulates_mrna,,0.03846153989434242,0.03846153989434242
MIMAT0024618,FGFR1,mir_regulates_mrna,,0.03846153989434242,0.03846153989434242
MIMAT0025486,FGFR1,mir_regulates_mrna,,0.03846153989434242,0.03846153989434242
MIMAT0027363,FGFR1,mir_regulates_mrna,,0.03846153989434242,0.03846153989434242
MIMAT0027602,FGFR1,mir_regulates_mrna,,0.03846153989434242,0.03846153989434242
MIMAT0027681,FGFR1,mir_regulates_mrna,,0.03846153989434242,0.03846153989434242
MIMAT0031012,FGFR1,mir_regulates_mrna,,0.03846153989434242,0.03846153989434242
MIMAT0018087,FGFR1,mir_regulates_mrna,,0.03846153989434242,0.03846153989434242
MIMAT0024610,FGFR1,mir_regulates_mrna,,0.03846153989434242,0.03846153989434242
MIMAT0027420,FGFR1,mir_regulates_mrna,,0.03846153989434242,0.03846153989434242
MIMAT0019069,FGFR1,mir_regulates_mrna,,0.03846153989434242,0.03846153989434242
MIMAT0003222,FGFR1,mir_regulates_mrna,,0.03846153989434242,0.03846153989434242
MIMAT0017999,FGFR1,mir_regulates_mrna,,0.03846153989434242,0.03846153989434242
MIMAT0030422,FGFR1,mir_regulates_mrna,,0.03846153989434242,0.03846153989434242
MIMAT0019704,FGFR1,mir_regulates_mrna,,0.03846153989434242,0.03846153989434242
MIMAT0027384,FGFR1,mir_regulates_mrna,,0.03846153989434242,0.03846153989434242
MIMAT0004952,EGF,mir_regulates_mrna,,0.1111111119389534,0.1111111119389534
MIMAT0005892,EGF,mir_regulates_mrna,,0.1111111119389534,0.1111111119389534
MIMAT0006767,EGF,mir_regulates_mrna,,0.1111111119389534,0.1111111119389534
MIMAT0018949,EGF,mir_regulates_mrna,,0.1111111119389534,0.1111111119389534
MIMAT0019836,EGF,mir_regulates_mrna,,0.1111111119389534,0.1111111119389534
MIMAT0027430,EGF,mir_regulates_mrna,,0.1111111119389534,0.1111111119389534
MIMAT0027516,EGF,mir_regulates_mrna,,0.1111111119389534,0.1111111119389534
MIMAT0027668,EGF,mir_regulates_mrna,,0.1111111119389534,0.1111111119389534
MIMAT0027583,EGF,mir_regulates_mrna,,0.1111111119389534,0.1111111119389534
MIMAT0000226,IKBKB,mir_regulates_mrna,,0.3333333432674408,0.3333333432674408
MIMAT0000617,IKBKB,mir_regulates_mrna,,0.3333333432674408,0.3333333432674408
MIMAT0002874,IKBKB,mir_regulates_mrna,,0.3333333432674408,0.3333333432674408
MIMAT0000095,DDIT3,mir_regulates_mrna,,1.0,1.0
MIMAT0015087,PLA2G4E,mir_regulates_mrna,,0.5,0.5
MIMAT0000772,PLA2G4E,mir_regulates_mrna,,0.5,0.5
MIMAT0000279,AKT3,mir_regulates_mrna,,0.05882352963089943,0.05882352963089943
MIMAT0002874,AKT3,mir_regulates_mrna,,0.05882352963089943,0.05882352963089943
MIMAT0004450,AKT3,mir_regulates_mrna,,0.05882352963089943,0.05882352963089943
MIMAT0021129,AKT3,mir_regulates_mrna,,0.05882352963089943,0.05882352963089943
MIMAT0027416,AKT3,mir_regulates_mrna,,0.05882352963089943,0.05882352963089943
MIMAT0027578,AKT3,mir_regulates_mrna,,0.05882352963089943,0.05882352963089943
MIMAT0030429,AKT3,mir_regulates_mrna,,0.05882352963089943,0.05882352963089943
MIMAT0000422,AKT3,mir_regulates_mrna,,0.05882352963089943,0.05882352963089943
MIMAT0002853,AKT3,mir_regulates_mrna,,0.05882352963089943,0.05882352963089943
MIMAT0002867,AKT3,mir_regulates_mrna,,0.05882352963089943,0.05882352963089943
MIMAT0026615,AKT3,mir_regulates_mrna,,0.05882352963089943,0.05882352963089943
MIMAT0019062,AKT3,mir_regulates_mrna,,0.05882352963089943,0.05882352963089943
MIMAT0019965,AKT3,mir_regulates_mrna,,0.05882352963089943,0.05882352963089943
MIMAT0027612,AKT3,mir_regulates_mrna,,0.05882352963089943,0.05882352963089943
MIMAT0000278,AKT3,mir_regulates_mrna,,0.05882352963089943,0.05882352963089943
MIMAT0000417,AKT3,mir_regulates_mrna,,0.05882352963089943,0.05882352963089943
MIMAT0002858,AKT3,mir_regulates_mrna,,0.05882352963089943,0.05882352963089943
MIMAT0019363,MAP3K13,mir_regulates_mrna,,0.25,0.25
MIMAT0026480,MAP3K13,mir_regulates_mrna,,0.25,0.25
MIMAT0027421,MAP3K13,mir_regulates_mrna,,0.25,0.25
MIMAT0030425,MAP3K13,mir_regulates_mrna,,0.25,0.25
MIMAT0011777,PRKACB,mir_regulates_mrna,,0.1111111119389534,0.1111111119389534
MIMAT0018081,PRKACB,mir_regulates_mrna,,0.1111111119389534,0.1111111119389534
MIMAT0018122,PRKACB,mir_regulates_mrna,,0.1111111119389534,0.1111111119389534
MIMAT0019065,PRKACB,mir_regulates_mrna,,0.1111111119389534,0.1111111119389534
MIMAT0019841,PRKACB,mir_regulates_mrna,,0.1111111119389534,0.1111111119389534
MIMAT0000070,PRKACB,mir_regulates_mrna,,0.1111111119389534,0.1111111119389534
MIMAT0000103,PRKACB,mir_regulates_mrna,,0.1111111119389534,0.1111111119389534
MIMAT0000726,PRKACB,mir_regulates_mrna,,0.1111111119389534,0.1111111119389534
MIMAT0022471,PRKACB,mir_regulates_mrna,,0.1111111119389534,0.1111111119389534
MIMAT0000086,AKT2,mir_regulates_mrna,,0.0555555559694767,0.0555555559694767
MIMAT0000100,AKT2,mir_regulates_mrna,,0.0555555559694767,0.0555555559694767
MIMAT0000414,AKT2,mir_regulates_mrna,,0.0555555559694767,0.0555555559694767
MIMAT0000422,AKT2,mir_regulates_mrna,,0.0555555559694767,0.0555555559694767
MIMAT0000681,AKT2,mir_regulates_mrna,,0.0555555559694767,0.0555555559694767
MIMAT0001340,AKT2,mir_regulates_mrna,,0.0555555559694767,0.0555555559694767
MIMAT0004792,AKT2,mir_regulates_mrna,,0.0555555559694767,0.0555555559694767
MIMAT0010214,AKT2,mir_regulates_mrna,,0.0555555559694767,0.0555555559694767
MIMAT0004945,AKT2,mir_regulates_mrna,,0.0555555559694767,0.0555555559694767
MIMAT0004697,AKT2,mir_regulates_mrna,,0.0555555559694767,0.0555555559694767
MIMAT0005794,AKT2,mir_regulates_mrna,,0.0555555559694767,0.0555555559694767
MIMAT0013802,AKT2,mir_regulates_mrna,,0.0555555559694767,0.0555555559694767
MIMAT0000450,AKT2,mir_regulates_mrna,,0.0555555559694767,0.0555555559694767
MIMAT0003280,AKT2,mir_regulates_mrna,,0.0555555559694767,0.0555555559694767
MIMAT0000063,AKT2,mir_regulates_mrna,,0.0555555559694767,0.0555555559694767
MIMAT0000454,AKT2,mir_regulates_mrna,,0.0555555559694767,0.0555555559694767
MIMAT0019890,AKT2,mir_regulates_mrna,,0.0555555559694767,0.0555555559694767
MIMAT0027437,AKT2,mir_regulates_mrna,,0.0555555559694767,0.0555555559694767
MIMAT0004680,VEGFB,mir_regulates_mrna,,0.3333333432674408,0.3333333432674408
MIMAT0027370,VEGFB,mir_regulates_mrna,,0.3333333432674408,0.3333333432674408
MIMAT0027686,VEGFB,mir_regulates_mrna,,0.3333333432674408,0.3333333432674408
MIMAT0005878,LAMTOR3,mir_regulates_mrna,,0.1666666716337204,0.1666666716337204
MIMAT0018201,LAMTOR3,mir_regulates_mrna,,0.1666666716337204,0.1666666716337204
MIMAT0018985,LAMTOR3,mir_regulates_mrna,,0.1666666716337204,0.1666666716337204
MIMAT0022492,LAMTOR3,mir_regulates_mrna,,0.1666666716337204,0.1666666716337204
MIMAT0027599,LAMTOR3,mir_regulates_mrna,,0.1666666716337204,0.1666666716337204
MIMAT0001629,LAMTOR3,mir_regulates_mrna,,0.1666666716337204,0.1666666716337204
MIMAT0000422,MAPKAPK3,mir_regulates_mrna,,1.0,1.0
MIMAT0023711,PPP3CC,mir_regulates_mrna,,1.0,1.0
MIMAT0000722,MAP3K8,mir_regulates_mrna,,1.0,1.0
MIMAT0000760,TAOK2,mir_regulates_mrna,,1.0,1.0
MIMAT0000076,ATF2,mir_regulates_mrna,,1.0,1.0
MIMAT0000432,STK3,mir_regulates_mrna,,1.0,1.0
MIMAT0004602,ARRB2,mir_regulates_mrna,,0.07692307978868484,0.07692307978868484
MIMAT0000451,ARRB2,mir_regulates_mrna,,0.07692307978868484,0.07692307978868484
MIMAT0004748,ARRB2,mir_regulates_mrna,,0.07692307978868484,0.07692307978868484
MIMAT0002807,ARRB2,mir_regulates_mrna,,0.07692307978868484,0.07692307978868484
MIMAT0016852,ARRB2,mir_regulates_mrna,,0.07692307978868484,0.07692307978868484
MIMAT0018971,ARRB2,mir_regulates_mrna,,0.07692307978868484,0.07692307978868484
MIMAT0021125,ARRB2,mir_regulates_mrna,,0.07692307978868484,0.07692307978868484
MIMAT0021128,ARRB2,mir_regulates_mrna,,0.07692307978868484,0.07692307978868484
MIMAT0027614,ARRB2,mir_regulates_mrna,,0.07692307978868484,0.07692307978868484
MIMAT0029310,ARRB2,mir_regulates_mrna,,0.07692307978868484,0.07692307978868484
MIMAT0035542,ARRB2,mir_regulates_mrna,,0.07692307978868484,0.07692307978868484
MIMAT0004671,ARRB2,mir_regulates_mrna,,0.07692307978868484,0.07692307978868484
MIMAT0027369,ARRB2,mir_regulates_mrna,,0.07692307978868484,0.07692307978868484
MIMAT0000077,MAX,mir_regulates_mrna,,0.0625,0.0625
MIMAT0003276,MAX,mir_regulates_mrna,,0.0625,0.0625
MIMAT0005792,MAX,mir_regulates_mrna,,0.0625,0.0625
MIMAT0022713,MAX,mir_regulates_mrna,,0.0625,0.0625
MIMAT0022838,MAX,mir_regulates_mrna,,0.0625,0.0625
MIMAT0006764,MAX,mir_regulates_mrna,,0.0625,0.0625
MIMAT0015045,MAX,mir_regulates_mrna,,0.0625,0.0625
MIMAT0016880,MAX,mir_regulates_mrna,,0.0625,0.0625
MIMAT0018943,MAX,mir_regulates_mrna,,0.0625,0.0625
MIMAT0021085,MAX,mir_regulates_mrna,,0.0625,0.0625
MIMAT0022260,MAX,mir_regulates_mrna,,0.0625,0.0625
MIMAT0027394,MAX,mir_regulates_mrna,,0.0625,0.0625
MIMAT0027538,MAX,mir_regulates_mrna,,0.0625,0.0625
MIMAT0005793,MAX,mir_regulates_mrna,,0.0625,0.0625
MIMAT0019072,MAX,mir_regulates_mrna,,0.0625,0.0625
MIMAT0027610,MAX,mir_regulates_mrna,,0.0625,0.0625
MIMAT0000264,MAPK8,mir_regulates_mrna,,0.0833333358168602,0.0833333358168602
MIMAT0000271,MAPK8,mir_regulates_mrna,,0.0833333358168602,0.0833333358168602
MIMAT0000443,MAPK8,mir_regulates_mrna,,0.0833333358168602,0.0833333358168602
MIMAT0004918,MAPK8,mir_regulates_mrna,,0.0833333358168602,0.0833333358168602
MIMAT0004949,MAPK8,mir_regulates_mrna,,0.0833333358168602,0.0833333358168602
MIMAT0018107,MAPK8,mir_regulates_mrna,,0.0833333358168602,0.0833333358168602
MIMAT0030987,MAPK8,mir_regulates_mrna,,0.0833333358168602,0.0833333358168602
MIMAT0002819,MAPK8,mir_regulates_mrna,,0.0833333358168602,0.0833333358168602
MIMAT0004768,MAPK8,mir_regulates_mrna,,0.0833333358168602,0.0833333358168602
MIMAT0004909,MAPK8,mir_regulates_mrna,,0.0833333358168602,0.0833333358168602
MIMAT0022255,MAPK8,mir_regulates_mrna,,0.0833333358168602,0.0833333358168602
MIMAT0003284,MAPK8,mir_regulates_mrna,,0.0833333358168602,0.0833333358168602
MIMAT0000063,NFATC1,mir_regulates_mrna,,0.20000000298023224,0.20000000298023224
MIMAT0000422,NFATC1,mir_regulates_mrna,,0.20000000298023224,0.20000000298023224
MIMAT0021034,NFATC1,mir_regulates_mrna,,0.20000000298023224,0.20000000298023224
MIMAT0019200,NFATC1,mir_regulates_mrna,,0.20000000298023224,0.20000000298023224
MIMAT0003292,NFATC1,mir_regulates_mrna,,0.20000000298023224,0.20000000298023224
MIMAT0000417,MAP2K4,mir_regulates_mrna,,0.0833333358168602,0.0833333358168602
MIMAT0022838,MAP2K4,mir_regulates_mrna,,0.0833333358168602,0.0833333358168602
MIMAT0015065,MAP2K4,mir_regulates_mrna,,0.0833333358168602,0.0833333358168602
MIMAT0017992,MAP2K4,mir_regulates_mrna,,0.0833333358168602,0.0833333358168602
MIMAT0018949,MAP2K4,mir_regulates_mrna,,0.0833333358168602,0.0833333358168602
MIMAT0019073,MAP2K4,mir_regulates_mrna,,0.0833333358168602,0.0833333358168602
MIMAT0027485,MAP2K4,mir_regulates_mrna,,0.0833333358168602,0.0833333358168602
MIMAT0027537,MAP2K4,mir_regulates_mrna,,0.0833333358168602,0.0833333358168602
MIMAT0030018,MAP2K4,mir_regulates_mrna,,0.0833333358168602,0.0833333358168602
MIMAT0030430,MAP2K4,mir_regulates_mrna,,0.0833333358168602,0.0833333358168602
MIMAT0022713,MAP2K4,mir_regulates_mrna,,0.0833333358168602,0.0833333358168602
MIMAT0027399,MAP2K4,mir_regulates_mrna,,0.0833333358168602,0.0833333358168602
MIMAT0015083,GNA12,mir_regulates_mrna,,0.10000000149011612,0.10000000149011612
MIMAT0016859,GNA12,mir_regulates_mrna,,0.10000000149011612,0.10000000149011612
MIMAT0016900,GNA12,mir_regulates_mrna,,0.10000000149011612,0.10000000149011612
MIMAT0000252,GNA12,mir_regulates_mrna,,0.10000000149011612,0.10000000149011612
MIMAT0000422,GNA12,mir_regulates_mrna,,0.10000000149011612,0.10000000149011612
MIMAT0000450,GNA12,mir_regulates_mrna,,0.10000000149011612,0.10000000149011612
MIMAT0005920,GNA12,mir_regulates_mrna,,0.10000000149011612,0.10000000149011612
MIMAT0035542,GNA12,mir_regulates_mrna,,0.10000000149011612,0.10000000149011612
MIMAT0022694,GNA12,mir_regulates_mrna,,0.10000000149011612,0.10000000149011612
MIMAT0019719,GNA12,mir_regulates_mrna,,0.10000000149011612,0.10000000149011612
MIMAT0000070,MAP3K9,mir_regulates_mrna,,0.02083333395421505,0.02083333395421505
MIMAT0009197,MAP3K9,mir_regulates_mrna,,0.02083333395421505,0.02083333395421505
MIMAT0004603,MAP3K9,mir_regulates_mrna,,0.02083333395421505,0.02083333395421505
MIMAT0000691,MAP3K9,mir_regulates_mrna,,0.02083333395421505,0.02083333395421505
MIMAT0001340,MAP3K9,mir_regulates_mrna,,0.02083333395421505,0.02083333395421505
MIMAT0002826,MAP3K9,mir_regulates_mrna,,0.02083333395421505,0.02083333395421505
MIMAT0003310,MAP3K9,mir_regulates_mrna,,0.02083333395421505,0.02083333395421505
MIMAT0005592,MAP3K9,mir_regulates_mrna,,0.02083333395421505,0.02083333395421505
MIMAT0005878,MAP3K9,mir_regulates_mrna,,0.02083333395421505,0.02083333395421505
MIMAT0018193,MAP3K9,mir_regulates_mrna,,0.02083333395421505,0.02083333395421505
MIMAT0018200,MAP3K9,mir_regulates_mrna,,0.02083333395421505,0.02083333395421505
MIMAT0018349,MAP3K9,mir_regulates_mrna,,0.02083333395421505,0.02083333395421505
MIMAT0019025,MAP3K9,mir_regulates_mrna,,0.02083333395421505,0.02083333395421505
MIMAT0019784,MAP3K9,mir_regulates_mrna,,0.02083333395421505,0.02083333395421505
MIMAT0021080,MAP3K9,mir_regulates_mrna,,0.02083333395421505,0.02083333395421505
MIMAT0027369,MAP3K9,mir_regulates_mrna,,0.02083333395421505,0.02083333395421505
MIMAT0027377,MAP3K9,mir_regulates_mrna,,0.02083333395421505,0.02083333395421505
MIMAT0027392,MAP3K9,mir_regulates_mrna,,0.02083333395421505,0.02083333395421505
MIMAT0027409,MAP3K9,mir_regulates_mrna,,0.02083333395421505,0.02083333395421505
MIMAT0027417,MAP3K9,mir_regulates_mrna,,0.02083333395421505,0.02083333395421505
MIMAT0027442,MAP3K9,mir_regulates_mrna,,0.02083333395421505,0.02083333395421505
MIMAT0027602,MAP3K9,mir_regulates_mrna,,0.02083333395421505,0.02083333395421505
MIMAT0027637,MAP3K9,mir_regulates_mrna,,0.02083333395421505,0.02083333395421505
MIMAT0027685,MAP3K9,mir_regulates_mrna,,0.02083333395421505,0.02083333395421505
MIMAT0033692,MAP3K9,mir_regulates_mrna,,0.02083333395421505,0.02083333395421505
MIMAT0004488,MAP3K9,mir_regulates_mrna,,0.02083333395421505,0.02083333395421505
MIMAT0000080,MAP3K9,mir_regulates_mrna,,0.02083333395421505,0.02083333395421505
MIMAT0000231,MAP3K9,mir_regulates_mrna,,0.02083333395421505,0.02083333395421505
MIMAT0000425,MAP3K9,mir_regulates_mrna,,0.02083333395421505,0.02083333395421505
MIMAT0004748,MAP3K9,mir_regulates_mrna,,0.02083333395421505,0.02083333395421505
MIMAT0010313,MAP3K9,mir_regulates_mrna,,0.02083333395421505,0.02083333395421505
MIMAT0019008,MAP3K9,mir_regulates_mrna,,0.02083333395421505,0.02083333395421505
MIMAT0021021,MAP3K9,mir_regulates_mrna,,0.02083333395421505,0.02083333395421505
MIMAT0027365,MAP3K9,mir_regulates_mrna,,0.02083333395421505,0.02083333395421505
MIMAT0027378,MAP3K9,mir_regulates_mrna,,0.02083333395421505,0.02083333395421505
MIMAT0027466,MAP3K9,mir_regulates_mrna,,0.02083333395421505,0.02083333395421505
MIMAT0027483,MAP3K9,mir_regulates_mrna,,0.02083333395421505,0.02083333395421505
MIMAT0027621,MAP3K9,mir_regulates_mrna,,0.02083333395421505,0.02083333395421505
MIMAT0006765,MAP3K9,mir_regulates_mrna,,0.02083333395421505,0.02083333395421505
MIMAT0026623,MAP3K9,mir_regulates_mrna,,0.02083333395421505,0.02083333395421505
MIMAT0015032,MAP3K9,mir_regulates_mrna,,0.02083333395421505,0.02083333395421505
MIMAT0018072,MAP3K9,mir_regulates_mrna,,0.02083333395421505,0.02083333395421505
MIMAT0019027,MAP3K9,mir_regulates_mrna,,0.02083333395421505,0.02083333395421505
MIMAT0019854,MAP3K9,mir_regulates_mrna,,0.02083333395421505,0.02083333395421505
MIMAT0000074,MAP3K9,mir_regulates_mrna,,0.02083333395421505,0.02083333395421505
MIMAT0000243,MAP3K9,mir_regulates_mrna,,0.02083333395421505,0.02083333395421505
MIMAT0002828,MAP3K9,mir_regulates_mrna,,0.02083333395421505,0.02083333395421505
MIMAT0021086,MAP3K9,mir_regulates_mrna,,0.02083333395421505,0.02083333395421505
MIMAT0002838,CDC25B,mir_regulates_mrna,,0.125,0.125
MIMAT0004945,CDC25B,mir_regulates_mrna,,0.125,0.125
MIMAT0027508,CDC25B,mir_regulates_mrna,,0.125,0.125
MIMAT0018444,CDC25B,mir_regulates_mrna,,0.125,0.125
MIMAT0027357,CDC25B,mir_regulates_mrna,,0.125,0.125
MIMAT0015378,CDC25B,mir_regulates_mrna,,0.125,0.125
MIMAT0019809,CDC25B,mir_regulates_mrna,,0.125,0.125
MIMAT0025857,CDC25B,mir_regulates_mrna,,0.125,0.125
MIMAT0000077,CSF1R,mir_regulates_mrna,,1.0,1.0
MIMAT0015022,FGF5,mir_regulates_mrna,,0.1666666716337204,0.1666666716337204
MIMAT0028223,FGF5,mir_regulates_mrna,,0.1666666716337204,0.1666666716337204
MIMAT0004450,FGF5,mir_regulates_mrna,,0.1666666716337204,0.1666666716337204
MIMAT0018083,FGF5,mir_regulates_mrna,,0.1666666716337204,0.1666666716337204
MIMAT0019048,FGF5,mir_regulates_mrna,,0.1666666716337204,0.1666666716337204
MIMAT0025844,FGF5,mir_regulates_mrna,,0.1666666716337204,0.1666666716337204
MIMAT0000243,MAP3K4,mir_regulates_mrna,,0.5,0.5
MIMAT0014992,MAP3K4,mir_regulates_mrna,,0.5,0.5
MIMAT0010364,FGFR4,mir_regulates_mrna,,0.5,0.5
MIMAT0007883,FGFR4,mir_regulates_mrna,,0.5,0.5
MIMAT0002822,SRF,mir_regulates_mrna,,0.0416666679084301,0.0416666679084301
MIMAT0004983,SRF,mir_regulates_mrna,,0.0416666679084301,0.0416666679084301
MIMAT0013518,SRF,mir_regulates_mrna,,0.0416666679084301,0.0416666679084301
MIMAT0016855,SRF,mir_regulates_mrna,,0.0416666679084301,0.0416666679084301
MIMAT0018359,SRF,mir_regulates_mrna,,0.0416666679084301,0.0416666679084301
MIMAT0018949,SRF,mir_regulates_mrna,,0.0416666679084301,0.0416666679084301
MIMAT0019006,SRF,mir_regulates_mrna,,0.0416666679084301,0.0416666679084301
MIMAT0019047,SRF,mir_regulates_mrna,,0.0416666679084301,0.0416666679084301
MIMAT0019051,SRF,mir_regulates_mrna,,0.0416666679084301,0.0416666679084301
MIMAT0019700,SRF,mir_regulates_mrna,,0.0416666679084301,0.0416666679084301
MIMAT0019827,SRF,mir_regulates_mrna,,0.0416666679084301,0.0416666679084301
MIMAT0019838,SRF,mir_regulates_mrna,,0.0416666679084301,0.0416666679084301
MIMAT0019899,SRF,mir_regulates_mrna,,0.0416666679084301,0.0416666679084301
MIMAT0019921,SRF,mir_regulates_mrna,,0.0416666679084301,0.0416666679084301
MIMAT0022491,SRF,mir_regulates_mrna,,0.0416666679084301,0.0416666679084301
MIMAT0027356,SRF,mir_regulates_mrna,,0.0416666679084301,0.0416666679084301
MIMAT0027363,SRF,mir_regulates_mrna,,0.0416666679084301,0.0416666679084301
MIMAT0027391,SRF,mir_regulates_mrna,,0.0416666679084301,0.0416666679084301
MIMAT0027395,SRF,mir_regulates_mrna,,0.0416666679084301,0.0416666679084301
MIMAT0027463,SRF,mir_regulates_mrna,,0.0416666679084301,0.0416666679084301
MIMAT0027488,SRF,mir_regulates_mrna,,0.0416666679084301,0.0416666679084301
MIMAT0027505,SRF,mir_regulates_mrna,,0.0416666679084301,0.0416666679084301
MIMAT0027626,SRF,mir_regulates_mrna,,0.0416666679084301,0.0416666679084301
MIMAT0029310,SRF,mir_regulates_mrna,,0.0416666679084301,0.0416666679084301
MIMAT0004689,TAB2,mir_regulates_mrna,,0.25,0.25
MIMAT0027369,TAB2,mir_regulates_mrna,,0.25,0.25
MIMAT0030986,TAB2,mir_regulates_mrna,,0.25,0.25
MIMAT0019762,TAB2,mir_regulates_mrna,,0.25,0.25
MIMAT0000066,MAP2K7,mir_regulates_mrna,,0.0714285746216774,0.0714285746216774
MIMAT0005871,MAP2K7,mir_regulates_mrna,,0.0714285746216774,0.0714285746216774
MIMAT0016851,MAP2K7,mir_regulates_mrna,,0.0714285746216774,0.0714285746216774
MIMAT0018072,MAP2K7,mir_regulates_mrna,,0.0714285746216774,0.0714285746216774
MIMAT0018945,MAP2K7,mir_regulates_mrna,,0.0714285746216774,0.0714285746216774
MIMAT0018980,MAP2K7,mir_regulates_mrna,,0.0714285746216774,0.0714285746216774
MIMAT0027408,MAP2K7,mir_regulates_mrna,,0.0714285746216774,0.0714285746216774
MIMAT0027416,MAP2K7,mir_regulates_mrna,,0.0714285746216774,0.0714285746216774
MIMAT0027448,MAP2K7,mir_regulates_mrna,,0.0714285746216774,0.0714285746216774
MIMAT0027562,MAP2K7,mir_regulates_mrna,,0.0714285746216774,0.0714285746216774
MIMAT0027612,MAP2K7,mir_regulates_mrna,,0.0714285746216774,0.0714285746216774
MIMAT0027640,MAP2K7,mir_regulates_mrna,,0.0714285746216774,0.0714285746216774
MIMAT0027666,MAP2K7,mir_regulates_mrna,,0.0714285746216774,0.0714285746216774
MIMAT0031012,MAP2K7,mir_regulates_mrna,,0.0714285746216774,0.0714285746216774
MIMAT0000765,RASA2,mir_regulates_mrna,,1.0,1.0
MIMAT0004945,PRKACA,mir_regulates_mrna,,1.0,1.0
MIMAT0000417,MAP4K2,mir_regulates_mrna,,0.0555555559694767,0.0555555559694767
MIMAT0000461,MAP4K2,mir_regulates_mrna,,0.0555555559694767,0.0555555559694767
MIMAT0004761,MAP4K2,mir_regulates_mrna,,0.0555555559694767,0.0555555559694767
MIMAT0004767,MAP4K2,mir_regulates_mrna,,0.0555555559694767,0.0555555559694767
MIMAT0002874,MAP4K2,mir_regulates_mrna,,0.0555555559694767,0.0555555559694767
MIMAT0026612,MAP4K2,mir_regulates_mrna,,0.0555555559694767,0.0555555559694767
MIMAT0003315,MAP4K2,mir_regulates_mrna,,0.0555555559694767,0.0555555559694767
MIMAT0003316,MAP4K2,mir_regulates_mrna,,0.0555555559694767,0.0555555559694767
MIMAT0005891,MAP4K2,mir_regulates_mrna,,0.0555555559694767,0.0555555559694767
MIMAT0018005,MAP4K2,mir_regulates_mrna,,0.0555555559694767,0.0555555559694767
MIMAT0018945,MAP4K2,mir_regulates_mrna,,0.0555555559694767,0.0555555559694767
MIMAT0018985,MAP4K2,mir_regulates_mrna,,0.0555555559694767,0.0555555559694767
MIMAT0019856,MAP4K2,mir_regulates_mrna,,0.0555555559694767,0.0555555559694767
MIMAT0022491,MAP4K2,mir_regulates_mrna,,0.0555555559694767,0.0555555559694767
MIMAT0024615,MAP4K2,mir_regulates_mrna,,0.0555555559694767,0.0555555559694767
MIMAT0027421,MAP4K2,mir_regulates_mrna,,0.0555555559694767,0.0555555559694767
MIMAT0027588,MAP4K2,mir_regulates_mrna,,0.0555555559694767,0.0555555559694767
MIMAT0015069,MAP4K2,mir_regulates_mrna,,0.0555555559694767,0.0555555559694767
MIMAT0004612,MAPK14,mir_regulates_mrna,,0.0555555559694767,0.0555555559694767
MIMAT0026740,MAPK14,mir_regulates_mrna,,0.0555555559694767,0.0555555559694767
MIMAT0005788,MAPK14,mir_regulates_mrna,,0.0555555559694767,0.0555555559694767
MIMAT0013518,MAPK14,mir_regulates_mrna,,0.0555555559694767,0.0555555559694767
MIMAT0016917,MAPK14,mir_regulates_mrna,,0.0555555559694767,0.0555555559694767
MIMAT0019063,MAPK14,mir_regulates_mrna,,0.0555555559694767,0.0555555559694767
MIMAT0019772,MAPK14,mir_regulates_mrna,,0.0555555559694767,0.0555555559694767
MIMAT0022256,MAPK14,mir_regulates_mrna,,0.0555555559694767,0.0555555559694767
MIMAT0025458,MAPK14,mir_regulates_mrna,,0.0555555559694767,0.0555555559694767
MIMAT0027419,MAPK14,mir_regulates_mrna,,0.0555555559694767,0.0555555559694767
MIMAT0028111,MAPK14,mir_regulates_mrna,,0.0555555559694767,0.0555555559694767
MIMAT0000080,MAPK14,mir_regulates_mrna,,0.0555555559694767,0.0555555559694767
MIMAT0000266,MAPK14,mir_regulates_mrna,,0.0555555559694767,0.0555555559694767
MIMAT0026476,MAPK14,mir_regulates_mrna,,0.0555555559694767,0.0555555559694767
MIMAT0004602,MAPK14,mir_regulates_mrna,,0.0555555559694767,0.0555555559694767
MIMAT0005921,MAPK14,mir_regulates_mrna,,0.0555555559694767,0.0555555559694767
MIMAT0030982,MAPK14,mir_regulates_mrna,,0.0555555559694767,0.0555555559694767
MIMAT0000271,MAPK14,mir_regulates_mrna,,0.0555555559694767,0.0555555559694767
MIMAT0027558,RAC3,mir_regulates_mrna,,0.3333333432674408,0.3333333432674408
MIMAT0027630,RAC3,mir_regulates_mrna,,0.3333333432674408,0.3333333432674408
MIMAT0028110,RAC3,mir_regulates_mrna,,0.3333333432674408,0.3333333432674408
MIMAT0000074,MAP2K3,mir_regulates_mrna,,0.0833333358168602,0.0833333358168602
MIMAT0000422,MAP2K3,mir_regulates_mrna,,0.0833333358168602,0.0833333358168602
MIMAT0010364,MAP2K3,mir_regulates_mrna,,0.0833333358168602,0.0833333358168602
MIMAT0016900,MAP2K3,mir_regulates_mrna,,0.0833333358168602,0.0833333358168602
MIMAT0017999,MAP2K3,mir_regulates_mrna,,0.0833333358168602,0.0833333358168602
MIMAT0019015,MAP2K3,mir_regulates_mrna,,0.0833333358168602,0.0833333358168602
MIMAT0027438,MAP2K3,mir_regulates_mrna,,0.0833333358168602,0.0833333358168602
MIMAT0027620,MAP2K3,mir_regulates_mrna,,0.0833333358168602,0.0833333358168602
MIMAT0013802,MAP2K3,mir_regulates_mrna,,0.0833333358168602,0.0833333358168602
MIMAT0019878,MAP2K3,mir_regulates_mrna,,0.0833333358168602,0.0833333358168602
MIMAT0031012,MAP2K3,mir_regulates_mrna,,0.0833333358168602,0.0833333358168602
MIMAT0000075,MAP2K3,mir_regulates_mrna,,0.0833333358168602,0.0833333358168602
MIMAT0004694,MAPK10,mir_regulates_mrna,,0.06666667014360428,0.06666667014360428
MIMAT0031074,MAPK10,mir_regulates_mrna,,0.06666667014360428,0.06666667014360428
MIMAT0017997,MAPK10,mir_regulates_mrna,,0.06666667014360428,0.06666667014360428
MIMAT0018070,MAPK10,mir_regulates_mrna,,0.06666667014360428,0.06666667014360428
MIMAT0018977,MAPK10,mir_regulates_mrna,,0.06666667014360428,0.06666667014360428
MIMAT0027375,MAPK10,mir_regulates_mrna,,0.06666667014360428,0.06666667014360428
MIMAT0027394,MAPK10,mir_regulates_mrna,,0.06666667014360428,0.06666667014360428
MIMAT0027524,MAPK10,mir_regulates_mrna,,0.06666667014360428,0.06666667014360428
MIMAT0027538,MAPK10,mir_regulates_mrna,,0.06666667014360428,0.06666667014360428
MIMAT0000278,MAPK10,mir_regulates_mrna,,0.06666667014360428,0.06666667014360428
MIMAT0003276,MAPK10,mir_regulates_mrna,,0.06666667014360428,0.06666667014360428
MIMAT0004795,MAPK10,mir_regulates_mrna,,0.06666667014360428,0.06666667014360428
MIMAT0019715,MAPK10,mir_regulates_mrna,,0.06666667014360428,0.06666667014360428
MIMAT0021023,MAPK10,mir_regulates_mrna,,0.06666667014360428,0.06666667014360428
MIMAT0027610,MAPK10,mir_regulates_mrna,,0.06666667014360428,0.06666667014360428
MIMAT0004548,DUSP9,mir_regulates_mrna,,0.20000000298023224,0.20000000298023224
MIMAT0004605,DUSP9,mir_regulates_mrna,,0.20000000298023224,0.20000000298023224
MIMAT0019008,DUSP9,mir_regulates_mrna,,0.20000000298023224,0.20000000298023224
MIMAT0019868,DUSP9,mir_regulates_mrna,,0.20000000298023224,0.20000000298023224
MIMAT0030021,DUSP9,mir_regulates_mrna,,0.20000000298023224,0.20000000298023224
MIMAT0000072,RPS6KA5,mir_regulates_mrna,,0.021276595070958138,0.021276595070958138
MIMAT0000080,RPS6KA5,mir_regulates_mrna,,0.021276595070958138,0.021276595070958138
MIMAT0000084,RPS6KA5,mir_regulates_mrna,,0.021276595070958138,0.021276595070958138
MIMAT0000099,RPS6KA5,mir_regulates_mrna,,0.021276595070958138,0.021276595070958138
MIMAT0000242,RPS6KA5,mir_regulates_mrna,,0.021276595070958138,0.021276595070958138
MIMAT0000421,RPS6KA5,mir_regulates_mrna,,0.021276595070958138,0.021276595070958138
MIMAT0000424,RPS6KA5,mir_regulates_mrna,,0.021276595070958138,0.021276595070958138
MIMAT0004595,RPS6KA5,mir_regulates_mrna,,0.021276595070958138,0.021276595070958138
MIMAT0004599,RPS6KA5,mir_regulates_mrna,,0.021276595070958138,0.021276595070958138
MIMAT0000680,RPS6KA5,mir_regulates_mrna,,0.021276595070958138,0.021276595070958138
MIMAT0004703,RPS6KA5,mir_regulates_mrna,,0.021276595070958138,0.021276595070958138
MIMAT0026612,RPS6KA5,mir_regulates_mrna,,0.021276595070958138,0.021276595070958138
MIMAT0003221,RPS6KA5,mir_regulates_mrna,,0.021276595070958138,0.021276595070958138
MIMAT0003885,RPS6KA5,mir_regulates_mrna,,0.021276595070958138,0.021276595070958138
MIMAT0004945,RPS6KA5,mir_regulates_mrna,,0.021276595070958138,0.021276595070958138
MIMAT0018070,RPS6KA5,mir_regulates_mrna,,0.021276595070958138,0.021276595070958138
MIMAT0018072,RPS6KA5,mir_regulates_mrna,,0.021276595070958138,0.021276595070958138
MIMAT0018107,RPS6KA5,mir_regulates_mrna,,0.021276595070958138,0.021276595070958138
MIMAT0019232,RPS6KA5,mir_regulates_mrna,,0.021276595070958138,0.021276595070958138
MIMAT0018945,RPS6KA5,mir_regulates_mrna,,0.021276595070958138,0.021276595070958138
MIMAT0018953,RPS6KA5,mir_regulates_mrna,,0.021276595070958138,0.021276595070958138
MIMAT0019233,RPS6KA5,mir_regulates_mrna,,0.021276595070958138,0.021276595070958138
MIMAT0019047,RPS6KA5,mir_regulates_mrna,,0.021276595070958138,0.021276595070958138
MIMAT0019735,RPS6KA5,mir_regulates_mrna,,0.021276595070958138,0.021276595070958138
MIMAT0019850,RPS6KA5,mir_regulates_mrna,,0.021276595070958138,0.021276595070958138
MIMAT0019861,RPS6KA5,mir_regulates_mrna,,0.021276595070958138,0.021276595070958138
MIMAT0019971,RPS6KA5,mir_regulates_mrna,,0.021276595070958138,0.021276595070958138
MIMAT0021080,RPS6KA5,mir_regulates_mrna,,0.021276595070958138,0.021276595070958138
MIMAT0022283,RPS6KA5,mir_regulates_mrna,,0.021276595070958138,0.021276595070958138
MIMAT0022288,RPS6KA5,mir_regulates_mrna,,0.021276595070958138,0.021276595070958138
MIMAT0024613,RPS6KA5,mir_regulates_mrna,,0.021276595070958138,0.021276595070958138
MIMAT0024614,RPS6KA5,mir_regulates_mrna,,0.021276595070958138,0.021276595070958138
MIMAT0024617,RPS6KA5,mir_regulates_mrna,,0.021276595070958138,0.021276595070958138
MIMAT0025451,RPS6KA5,mir_regulates_mrna,,0.021276595070958138,0.021276595070958138
MIMAT0025458,RPS6KA5,mir_regulates_mrna,,0.021276595070958138,0.021276595070958138
MIMAT0027544,RPS6KA5,mir_regulates_mrna,,0.021276595070958138,0.021276595070958138
MIMAT0027568,RPS6KA5,mir_regulates_mrna,,0.021276595070958138,0.021276595070958138
MIMAT0028230,RPS6KA5,mir_regulates_mrna,,0.021276595070958138,0.021276595070958138
MIMAT0031004,RPS6KA5,mir_regulates_mrna,,0.021276595070958138,0.021276595070958138
MIMAT0035542,RPS6KA5,mir_regulates_mrna,,0.021276595070958138,0.021276595070958138
MIMAT0000093,RPS6KA5,mir_regulates_mrna,,0.021276595070958138,0.021276595070958138
MIMAT0001413,RPS6KA5,mir_regulates_mrna,,0.021276595070958138,0.021276595070958138
MIMAT0002176,RPS6KA5,mir_regulates_mrna,,0.021276595070958138,0.021276595070958138
MIMAT0022705,RPS6KA5,mir_regulates_mrna,,0.021276595070958138,0.021276595070958138
MIMAT0018985,RPS6KA5,mir_regulates_mrna,,0.021276595070958138,0.021276595070958138
MIMAT0021026,RPS6KA5,mir_regulates_mrna,,0.021276595070958138,0.021276595070958138
MIMAT0027650,RPS6KA5,mir_regulates_mrna,,0.021276595070958138,0.021276595070958138
MIMAT0004589,ANGPT4,mir_regulates_mrna,,0.0416666679084301,0.0416666679084301
MIMAT0004609,ANGPT4,mir_regulates_mrna,,0.0416666679084301,0.0416666679084301
MIMAT0002175,ANGPT4,mir_regulates_mrna,,0.0416666679084301,0.0416666679084301
MIMAT0026720,ANGPT4,mir_regulates_mrna,,0.0416666679084301,0.0416666679084301
MIMAT0004952,ANGPT4,mir_regulates_mrna,,0.0416666679084301,0.0416666679084301
MIMAT0005914,ANGPT4,mir_regulates_mrna,,0.0416666679084301,0.0416666679084301
MIMAT0015039,ANGPT4,mir_regulates_mrna,,0.0416666679084301,0.0416666679084301
MIMAT0018118,ANGPT4,mir_regulates_mrna,,0.0416666679084301,0.0416666679084301
MIMAT0018181,ANGPT4,mir_regulates_mrna,,0.0416666679084301,0.0416666679084301
MIMAT0019006,ANGPT4,mir_regulates_mrna,,0.0416666679084301,0.0416666679084301
MIMAT0019007,ANGPT4,mir_regulates_mrna,,0.0416666679084301,0.0416666679084301
MIMAT0019060,ANGPT4,mir_regulates_mrna,,0.0416666679084301,0.0416666679084301
MIMAT0019799,ANGPT4,mir_regulates_mrna,,0.0416666679084301,0.0416666679084301
MIMAT0019972,ANGPT4,mir_regulates_mrna,,0.0416666679084301,0.0416666679084301
MIMAT0027345,ANGPT4,mir_regulates_mrna,,0.0416666679084301,0.0416666679084301
MIMAT0027452,ANGPT4,mir_regulates_mrna,,0.0416666679084301,0.0416666679084301
MIMAT0027458,ANGPT4,mir_regulates_mrna,,0.0416666679084301,0.0416666679084301
MIMAT0027476,ANGPT4,mir_regulates_mrna,,0.0416666679084301,0.0416666679084301
MIMAT0027498,ANGPT4,mir_regulates_mrna,,0.0416666679084301,0.0416666679084301
MIMAT0027516,ANGPT4,mir_regulates_mrna,,0.0416666679084301,0.0416666679084301
MIMAT0027666,ANGPT4,mir_regulates_mrna,,0.0416666679084301,0.0416666679084301
MIMAT0027668,ANGPT4,mir_regulates_mrna,,0.0416666679084301,0.0416666679084301
MIMAT0028109,ANGPT4,mir_regulates_mrna,,0.0416666679084301,0.0416666679084301
MIMAT0030018,ANGPT4,mir_regulates_mrna,,0.0416666679084301,0.0416666679084301
MIMAT0019069,TRADD,mir_regulates_mrna,,0.5,0.5
MIMAT0022294,TRADD,mir_regulates_mrna,,0.5,0.5
MIMAT0022694,EPHA2,mir_regulates_mrna,,0.0833333358168602,0.0833333358168602
MIMAT0026477,EPHA2,mir_regulates_mrna,,0.0833333358168602,0.0833333358168602
MIMAT0026621,EPHA2,mir_regulates_mrna,,0.0833333358168602,0.0833333358168602
MIMAT0005798,EPHA2,mir_regulates_mrna,,0.0833333358168602,0.0833333358168602
MIMAT0005827,EPHA2,mir_regulates_mrna,,0.0833333358168602,0.0833333358168602
MIMAT0018098,EPHA2,mir_regulates_mrna,,0.0833333358168602,0.0833333358168602
MIMAT0018959,EPHA2,mir_regulates_mrna,,0.0833333358168602,0.0833333358168602
MIMAT0019043,EPHA2,mir_regulates_mrna,,0.0833333358168602,0.0833333358168602
MIMAT0019065,EPHA2,mir_regulates_mrna,,0.0833333358168602,0.0833333358168602
MIMAT0021020,EPHA2,mir_regulates_mrna,,0.0833333358168602,0.0833333358168602
MIMAT0021117,EPHA2,mir_regulates_mrna,,0.0833333358168602,0.0833333358168602
MIMAT0027414,EPHA2,mir_regulates_mrna,,0.0833333358168602,0.0833333358168602
MIMAT0000253,TGFB3,mir_regulates_mrna,,1.0,1.0
MIMAT0000259,MAP3K3,mir_regulates_mrna,,0.25,0.25
MIMAT0000426,MAP3K3,mir_regulates_mrna,,0.25,0.25
MIMAT0000457,MAP3K3,mir_regulates_mrna,,0.25,0.25
MIMAT0027508,MAP3K3,mir_regulates_mrna,,0.25,0.25
MIMAT0000100,MAP2K6,mir_regulates_mrna,,0.0714285746216774,0.0714285746216774
MIMAT0000437,MAP2K6,mir_regulates_mrna,,0.0714285746216774,0.0714285746216774
MIMAT0026623,MAP2K6,mir_regulates_mrna,,0.0714285746216774,0.0714285746216774
MIMAT0004972,MAP2K6,mir_regulates_mrna,,0.0714285746216774,0.0714285746216774
MIMAT0022940,MAP2K6,mir_regulates_mrna,,0.0714285746216774,0.0714285746216774
MIMAT0005576,MAP2K6,mir_regulates_mrna,,0.0714285746216774,0.0714285746216774
MIMAT0005892,MAP2K6,mir_regulates_mrna,,0.0714285746216774,0.0714285746216774
MIMAT0022289,MAP2K6,mir_regulates_mrna,,0.0714285746216774,0.0714285746216774
MIMAT0027508,MAP2K6,mir_regulates_mrna,,0.0714285746216774,0.0714285746216774
MIMAT0027568,MAP2K6,mir_regulates_mrna,,0.0714285746216774,0.0714285746216774
MIMAT0030982,MAP2K6,mir_regulates_mrna,,0.0714285746216774,0.0714285746216774
MIMAT0004808,MAP2K6,mir_regulates_mrna,,0.0714285746216774,0.0714285746216774
MIMAT0015040,MAP2K6,mir_regulates_mrna,,0.0714285746216774,0.0714285746216774
MIMAT0027439,MAP2K6,mir_regulates_mrna,,0.0714285746216774,0.0714285746216774
MIMAT0003879,RPS6KA6,mir_regulates_mrna,,0.5,0.5
MIMAT0009206,RPS6KA6,mir_regulates_mrna,,0.5,0.5
MIMAT0000062,EGFR,mir_regulates_mrna,,0.1666666716337204,0.1666666716337204
MIMAT0000252,EGFR,mir_regulates_mrna,,0.1666666716337204,0.1666666716337204
MIMAT0004553,EGFR,mir_regulates_mrna,,0.1666666716337204,0.1666666716337204
MIMAT0000682,EGFR,mir_regulates_mrna,,0.1666666716337204,0.1666666716337204
MIMAT0000646,EGFR,mir_regulates_mrna,,0.1666666716337204,0.1666666716337204
MIMAT0004501,EGFR,mir_regulates_mrna,,0.1666666716337204,0.1666666716337204
MIMAT0028109,PDGFRA,mir_regulates_mrna,,0.125,0.125
MIMAT0000242,PDGFRA,mir_regulates_mrna,,0.125,0.125
MIMAT0000255,PDGFRA,mir_regulates_mrna,,0.125,0.125
MIMAT0004761,PDGFRA,mir_regulates_mrna,,0.125,0.125
MIMAT0025478,PDGFRA,mir_regulates_mrna,,0.125,0.125
MIMAT0027460,PDGFRA,mir_regulates_mrna,,0.125,0.125
MIMAT0027470,PDGFRA,mir_regulates_mrna,,0.125,0.125
MIMAT0027671,PDGFRA,mir_regulates_mrna,,0.125,0.125
MIMAT0019833,RAPGEF2,mir_regulates_mrna,,0.25,0.25
MIMAT0000764,RAPGEF2,mir_regulates_mrna,,0.25,0.25
MIMAT0003283,RAPGEF2,mir_regulates_mrna,,0.25,0.25
MIMAT0027397,RAPGEF2,mir_regulates_mrna,,0.25,0.25
MIMAT0000062,STK4,mir_regulates_mrna,,0.012195121496915817,0.012195121496915817
MIMAT0000066,STK4,mir_regulates_mrna,,0.012195121496915817,0.012195121496915817
MIMAT0000072,STK4,mir_regulates_mrna,,0.012195121496915817,0.012195121496915817
MIMAT0004513,STK4,mir_regulates_mrna,,0.012195121496915817,0.012195121496915817
MIMAT0000415,STK4,mir_regulates_mrna,,0.012195121496915817,0.012195121496915817
MIMAT0004589,STK4,mir_regulates_mrna,,0.012195121496915817,0.012195121496915817
MIMAT0004602,STK4,mir_regulates_mrna,,0.012195121496915817,0.012195121496915817
MIMAT0004609,STK4,mir_regulates_mrna,,0.012195121496915817,0.012195121496915817
MIMAT0004763,STK4,mir_regulates_mrna,,0.012195121496915817,0.012195121496915817
MIMAT0002811,STK4,mir_regulates_mrna,,0.012195121496915817,0.012195121496915817
MIMAT0002844,STK4,mir_regulates_mrna,,0.012195121496915817,0.012195121496915817
MIMAT0002863,STK4,mir_regulates_mrna,,0.012195121496915817,0.012195121496915817
MIMAT0002864,STK4,mir_regulates_mrna,,0.012195121496915817,0.012195121496915817
MIMAT0004773,STK4,mir_regulates_mrna,,0.012195121496915817,0.012195121496915817
MIMAT0002872,STK4,mir_regulates_mrna,,0.012195121496915817,0.012195121496915817
MIMAT0004778,STK4,mir_regulates_mrna,,0.012195121496915817,0.012195121496915817
MIMAT0004780,STK4,mir_regulates_mrna,,0.012195121496915817,0.012195121496915817
MIMAT0003322,STK4,mir_regulates_mrna,,0.012195121496915817,0.012195121496915817
MIMAT0005459,STK4,mir_regulates_mrna,,0.012195121496915817,0.012195121496915817
MIMAT0026720,STK4,mir_regulates_mrna,,0.012195121496915817,0.012195121496915817
MIMAT0022943,STK4,mir_regulates_mrna,,0.012195121496915817,0.012195121496915817
MIMAT0026736,STK4,mir_regulates_mrna,,0.012195121496915817,0.012195121496915817
MIMAT0005876,STK4,mir_regulates_mrna,,0.012195121496915817,0.012195121496915817
MIMAT0005929,STK4,mir_regulates_mrna,,0.012195121496915817,0.012195121496915817
MIMAT0005930,STK4,mir_regulates_mrna,,0.012195121496915817,0.012195121496915817
MIMAT0005788,STK4,mir_regulates_mrna,,0.012195121496915817,0.012195121496915817
MIMAT0019199,STK4,mir_regulates_mrna,,0.012195121496915817,0.012195121496915817
MIMAT0014984,STK4,mir_regulates_mrna,,0.012195121496915817,0.012195121496915817
MIMAT0019209,STK4,mir_regulates_mrna,,0.012195121496915817,0.012195121496915817
MIMAT0015039,STK4,mir_regulates_mrna,,0.012195121496915817,0.012195121496915817
MIMAT0015065,STK4,mir_regulates_mrna,,0.012195121496915817,0.012195121496915817
MIMAT0019216,STK4,mir_regulates_mrna,,0.012195121496915817,0.012195121496915817
MIMAT0016886,STK4,mir_regulates_mrna,,0.012195121496915817,0.012195121496915817
MIMAT0018118,STK4,mir_regulates_mrna,,0.012195121496915817,0.012195121496915817
MIMAT0018181,STK4,mir_regulates_mrna,,0.012195121496915817,0.012195121496915817
MIMAT0018349,STK4,mir_regulates_mrna,,0.012195121496915817,0.012195121496915817
MIMAT0019007,STK4,mir_regulates_mrna,,0.012195121496915817,0.012195121496915817
MIMAT0019064,STK4,mir_regulates_mrna,,0.012195121496915817,0.012195121496915817
MIMAT0019079,STK4,mir_regulates_mrna,,0.012195121496915817,0.012195121496915817
MIMAT0019080,STK4,mir_regulates_mrna,,0.012195121496915817,0.012195121496915817
MIMAT0019705,STK4,mir_regulates_mrna,,0.012195121496915817,0.012195121496915817
MIMAT0019710,STK4,mir_regulates_mrna,,0.012195121496915817,0.012195121496915817
MIMAT0019739,STK4,mir_regulates_mrna,,0.012195121496915817,0.012195121496915817
MIMAT0019755,STK4,mir_regulates_mrna,,0.012195121496915817,0.012195121496915817
MIMAT0019767,STK4,mir_regulates_mrna,,0.012195121496915817,0.012195121496915817
MIMAT0019838,STK4,mir_regulates_mrna,,0.012195121496915817,0.012195121496915817
MIMAT0019841,STK4,mir_regulates_mrna,,0.012195121496915817,0.012195121496915817
MIMAT0019896,STK4,mir_regulates_mrna,,0.012195121496915817,0.012195121496915817
MIMAT0019908,STK4,mir_regulates_mrna,,0.012195121496915817,0.012195121496915817
MIMAT0021043,STK4,mir_regulates_mrna,,0.012195121496915817,0.012195121496915817
MIMAT0022491,STK4,mir_regulates_mrna,,0.012195121496915817,0.012195121496915817
MIMAT0027345,STK4,mir_regulates_mrna,,0.012195121496915817,0.012195121496915817
MIMAT0027399,STK4,mir_regulates_mrna,,0.012195121496915817,0.012195121496915817
MIMAT0027431,STK4,mir_regulates_mrna,,0.012195121496915817,0.012195121496915817
MIMAT0027456,STK4,mir_regulates_mrna,,0.012195121496915817,0.012195121496915817
MIMAT0027458,STK4,mir_regulates_mrna,,0.012195121496915817,0.012195121496915817
MIMAT0027523,STK4,mir_regulates_mrna,,0.012195121496915817,0.012195121496915817
MIMAT0027622,STK4,mir_regulates_mrna,,0.012195121496915817,0.012195121496915817
MIMAT0027630,STK4,mir_regulates_mrna,,0.012195121496915817,0.012195121496915817
MIMAT0027640,STK4,mir_regulates_mrna,,0.012195121496915817,0.012195121496915817
MIMAT0027652,STK4,mir_regulates_mrna,,0.012195121496915817,0.012195121496915817
MIMAT0027680,STK4,mir_regulates_mrna,,0.012195121496915817,0.012195121496915817
MIMAT0028109,STK4,mir_regulates_mrna,,0.012195121496915817,0.012195121496915817
MIMAT0028119,STK4,mir_regulates_mrna,,0.012195121496915817,0.012195121496915817
MIMAT0030415,STK4,mir_regulates_mrna,,0.012195121496915817,0.012195121496915817
MIMAT0000065,STK4,mir_regulates_mrna,,0.012195121496915817,0.012195121496915817
MIMAT0000067,STK4,mir_regulates_mrna,,0.012195121496915817,0.012195121496915817
MIMAT0003385,STK4,mir_regulates_mrna,,0.012195121496915817,0.012195121496915817
MIMAT0005907,STK4,mir_regulates_mrna,,0.012195121496915817,0.012195121496915817
MIMAT0015031,STK4,mir_regulates_mrna,,0.012195121496915817,0.012195121496915817
MIMAT0018089,STK4,mir_regulates_mrna,,0.012195121496915817,0.012195121496915817
MIMAT0022975,STK4,mir_regulates_mrna,,0.012195121496915817,0.012195121496915817
MIMAT0018949,STK4,mir_regulates_mrna,,0.012195121496915817,0.012195121496915817
MIMAT0019069,STK4,mir_regulates_mrna,,0.012195121496915817,0.012195121496915817
MIMAT0019359,STK4,mir_regulates_mrna,,0.012195121496915817,0.012195121496915817
MIMAT0019849,STK4,mir_regulates_mrna,,0.012195121496915817,0.012195121496915817
MIMAT0022469,STK4,mir_regulates_mrna,,0.012195121496915817,0.012195121496915817
MIMAT0025481,STK4,mir_regulates_mrna,,0.012195121496915817,0.012195121496915817
MIMAT0027460,STK4,mir_regulates_mrna,,0.012195121496915817,0.012195121496915817
MIMAT0027470,STK4,mir_regulates_mrna,,0.012195121496915817,0.012195121496915817
MIMAT0027530,STK4,mir_regulates_mrna,,0.012195121496915817,0.012195121496915817
MIMAT0030417,STK4,mir_regulates_mrna,,0.012195121496915817,0.012195121496915817
MIMAT0004945,BRAF,mir_regulates_mrna,,0.5,0.5
MIMAT0000437,BRAF,mir_regulates_mrna,,0.5,0.5
MIMAT0000456,RAF1,mir_regulates_mrna,,0.25,0.25
MIMAT0019777,RAF1,mir_regulates_mrna,,0.25,0.25
MIMAT0027387,RAF1,mir_regulates_mrna,,0.25,0.25
MIMAT0028120,RAF1,mir_regulates_mrna,,0.25,0.25
MIMAT0000087,CASP3,mir_regulates_mrna,,0.125,0.125
MIMAT0000245,CASP3,mir_regulates_mrna,,0.125,0.125
MIMAT0000692,CASP3,mir_regulates_mrna,,0.125,0.125
MIMAT0018107,CASP3,mir_regulates_mrna,,0.125,0.125
MIMAT0024597,CASP3,mir_regulates_mrna,,0.125,0.125
MIMAT0000281,CASP3,mir_regulates_mrna,,0.125,0.125
MIMAT0000737,CASP3,mir_regulates_mrna,,0.125,0.125
MIMAT0000226,CASP3,mir_regulates_mrna,,0.125,0.125
MIMAT0000064,MYC,mir_regulates_mrna,,0.05263157933950424,0.05263157933950424
MIMAT0000070,MYC,mir_regulates_mrna,,0.05263157933950424,0.05263157933950424
MIMAT0000075,MYC,mir_regulates_mrna,,0.05263157933950424,0.05263157933950424
MIMAT0000244,MYC,mir_regulates_mrna,,0.05263157933950424,0.05263157933950424
MIMAT0000443,MYC,mir_regulates_mrna,,0.05263157933950424,0.05263157933950424
MIMAT0004602,MYC,mir_regulates_mrna,,0.05263157933950424,0.05263157933950424
MIMAT0000686,MYC,mir_regulates_mrna,,0.05263157933950424,0.05263157933950424
MIMAT0000723,MYC,mir_regulates_mrna,,0.05263157933950424,0.05263157933950424
MIMAT0003291,MYC,mir_regulates_mrna,,0.05263157933950424,0.05263157933950424
MIMAT0005884,MYC,mir_regulates_mrna,,0.05263157933950424,0.05263157933950424
MIMAT0006767,MYC,mir_regulates_mrna,,0.05263157933950424,0.05263157933950424
MIMAT0022292,MYC,mir_regulates_mrna,,0.05263157933950424,0.05263157933950424
MIMAT0000066,MYC,mir_regulates_mrna,,0.05263157933950424,0.05263157933950424
MIMAT0000082,MYC,mir_regulates_mrna,,0.05263157933950424,0.05263157933950424
MIMAT0004551,MYC,mir_regulates_mrna,,0.05263157933950424,0.05263157933950424
MIMAT0000269,MYC,mir_regulates_mrna,,0.05263157933950424,0.05263157933950424
MIMAT0000685,MYC,mir_regulates_mrna,,0.05263157933950424,0.05263157933950424
MIMAT0000762,MYC,mir_regulates_mrna,,0.05263157933950424,0.05263157933950424
MIMAT0031001,MYC,mir_regulates_mrna,,0.05263157933950424,0.05263157933950424
MIMAT0000760,FLT4,mir_regulates_mrna,,1.0,1.0
MIMAT0000080,PDGFRB,mir_regulates_mrna,,1.0,1.0
MIMAT0000081,FGF2,mir_regulates_mrna,,0.05000000074505806,0.05000000074505806
MIMAT0000101,FGF2,mir_regulates_mrna,,0.05000000074505806,0.05000000074505806
MIMAT0000104,FGF2,mir_regulates_mrna,,0.05000000074505806,0.05000000074505806
MIMAT0000232,FGF2,mir_regulates_mrna,,0.05000000074505806,0.05000000074505806
MIMAT0004563,FGF2,mir_regulates_mrna,,0.05000000074505806,0.05000000074505806
MIMAT0000426,FGF2,mir_regulates_mrna,,0.05000000074505806,0.05000000074505806
MIMAT0000431,FGF2,mir_regulates_mrna,,0.05000000074505806,0.05000000074505806
MIMAT0000461,FGF2,mir_regulates_mrna,,0.05000000074505806,0.05000000074505806
MIMAT0002874,FGF2,mir_regulates_mrna,,0.05000000074505806,0.05000000074505806
MIMAT0004927,FGF2,mir_regulates_mrna,,0.05000000074505806,0.05000000074505806
MIMAT0004979,FGF2,mir_regulates_mrna,,0.05000000074505806,0.05000000074505806
MIMAT0011778,FGF2,mir_regulates_mrna,,0.05000000074505806,0.05000000074505806
MIMAT0014984,FGF2,mir_regulates_mrna,,0.05000000074505806,0.05000000074505806
MIMAT0015021,FGF2,mir_regulates_mrna,,0.05000000074505806,0.05000000074505806
MIMAT0015026,FGF2,mir_regulates_mrna,,0.05000000074505806,0.05000000074505806
MIMAT0018187,FGF2,mir_regulates_mrna,,0.05000000074505806,0.05000000074505806
MIMAT0025482,FGF2,mir_regulates_mrna,,0.05000000074505806,0.05000000074505806
MIMAT0027562,FGF2,mir_regulates_mrna,,0.05000000074505806,0.05000000074505806
MIMAT0027607,FGF2,mir_regulates_mrna,,0.05000000074505806,0.05000000074505806
MIMAT0028224,FGF2,mir_regulates_mrna,,0.05000000074505806,0.05000000074505806
MIMAT0000069,KRAS,mir_regulates_mrna,,0.0476190485060215,0.0476190485060215
MIMAT0002891,KRAS,mir_regulates_mrna,,0.0476190485060215,0.0476190485060215
MIMAT0000084,KRAS,mir_regulates_mrna,,0.0476190485060215,0.0476190485060215
MIMAT0022693,KRAS,mir_regulates_mrna,,0.0476190485060215,0.0476190485060215
MIMAT0000435,KRAS,mir_regulates_mrna,,0.0476190485060215,0.0476190485060215
MIMAT0004693,KRAS,mir_regulates_mrna,,0.0476190485060215,0.0476190485060215
MIMAT0001635,KRAS,mir_regulates_mrna,,0.0476190485060215,0.0476190485060215
MIMAT0003291,KRAS,mir_regulates_mrna,,0.0476190485060215,0.0476190485060215
MIMAT0003312,KRAS,mir_regulates_mrna,,0.0476190485060215,0.0476190485060215
MIMAT0003880,KRAS,mir_regulates_mrna,,0.0476190485060215,0.0476190485060215
MIMAT0004949,KRAS,mir_regulates_mrna,,0.0476190485060215,0.0476190485060215
MIMAT0015076,KRAS,mir_regulates_mrna,,0.0476190485060215,0.0476190485060215
MIMAT0016868,KRAS,mir_regulates_mrna,,0.0476190485060215,0.0476190485060215
MIMAT0027618,KRAS,mir_regulates_mrna,,0.0476190485060215,0.0476190485060215
MIMAT0027632,KRAS,mir_regulates_mrna,,0.0476190485060215,0.0476190485060215
MIMAT0000438,KRAS,mir_regulates_mrna,,0.0476190485060215,0.0476190485060215
MIMAT0004918,KRAS,mir_regulates_mrna,,0.0476190485060215,0.0476190485060215
MIMAT0025844,KRAS,mir_regulates_mrna,,0.0476190485060215,0.0476190485060215
MIMAT0000063,KRAS,mir_regulates_mrna,,0.0476190485060215,0.0476190485060215
MIMAT0000261,KRAS,mir_regulates_mrna,,0.0476190485060215,0.0476190485060215
MIMAT0000693,KRAS,mir_regulates_mrna,,0.0476190485060215,0.0476190485060215
MIMAT0000252,CACNG5,mir_regulates_mrna,,1.0,1.0
MIMAT0000075,MAPKAPK5,mir_regulates_mrna,,0.011363636702299118,0.011363636702299118
MIMAT0004498,MAPKAPK5,mir_regulates_mrna,,0.011363636702299118,0.011363636702299118
MIMAT0000093,MAPKAPK5,mir_regulates_mrna,,0.011363636702299118,0.011363636702299118
MIMAT0004517,MAPKAPK5,mir_regulates_mrna,,0.011363636702299118,0.011363636702299118
MIMAT0004589,MAPKAPK5,mir_regulates_mrna,,0.011363636702299118,0.011363636702299118
MIMAT0004612,MAPKAPK5,mir_regulates_mrna,,0.011363636702299118,0.011363636702299118
MIMAT0000684,MAPKAPK5,mir_regulates_mrna,,0.011363636702299118,0.011363636702299118
MIMAT0000715,MAPKAPK5,mir_regulates_mrna,,0.011363636702299118,0.011363636702299118
MIMAT0000718,MAPKAPK5,mir_regulates_mrna,,0.011363636702299118,0.011363636702299118
MIMAT0004689,MAPKAPK5,mir_regulates_mrna,,0.011363636702299118,0.011363636702299118
MIMAT0002175,MAPKAPK5,mir_regulates_mrna,,0.011363636702299118,0.011363636702299118
MIMAT0002834,MAPKAPK5,mir_regulates_mrna,,0.011363636702299118,0.011363636702299118
MIMAT0026612,MAPKAPK5,mir_regulates_mrna,,0.011363636702299118,0.011363636702299118
MIMAT0004784,MAPKAPK5,mir_regulates_mrna,,0.011363636702299118,0.011363636702299118
MIMAT0004802,MAPKAPK5,mir_regulates_mrna,,0.011363636702299118,0.011363636702299118
MIMAT0026622,MAPKAPK5,mir_regulates_mrna,,0.011363636702299118,0.011363636702299118
MIMAT0003330,MAPKAPK5,mir_regulates_mrna,,0.011363636702299118,0.011363636702299118
MIMAT0004920,MAPKAPK5,mir_regulates_mrna,,0.011363636702299118,0.011363636702299118
MIMAT0004952,MAPKAPK5,mir_regulates_mrna,,0.011363636702299118,0.011363636702299118
MIMAT0005582,MAPKAPK5,mir_regulates_mrna,,0.011363636702299118,0.011363636702299118
MIMAT0026737,MAPKAPK5,mir_regulates_mrna,,0.011363636702299118,0.011363636702299118
MIMAT0006767,MAPKAPK5,mir_regulates_mrna,,0.011363636702299118,0.011363636702299118
MIMAT0026917,MAPKAPK5,mir_regulates_mrna,,0.011363636702299118,0.011363636702299118
MIMAT0014984,MAPKAPK5,mir_regulates_mrna,,0.011363636702299118,0.011363636702299118
MIMAT0015003,MAPKAPK5,mir_regulates_mrna,,0.011363636702299118,0.011363636702299118
MIMAT0015073,MAPKAPK5,mir_regulates_mrna,,0.011363636702299118,0.011363636702299118
MIMAT0019218,MAPKAPK5,mir_regulates_mrna,,0.011363636702299118,0.011363636702299118
MIMAT0016886,MAPKAPK5,mir_regulates_mrna,,0.011363636702299118,0.011363636702299118
MIMAT0027032,MAPKAPK5,mir_regulates_mrna,,0.011363636702299118,0.011363636702299118
MIMAT0018109,MAPKAPK5,mir_regulates_mrna,,0.011363636702299118,0.011363636702299118
MIMAT0018118,MAPKAPK5,mir_regulates_mrna,,0.011363636702299118,0.011363636702299118
MIMAT0018181,MAPKAPK5,mir_regulates_mrna,,0.011363636702299118,0.011363636702299118
MIMAT0018201,MAPKAPK5,mir_regulates_mrna,,0.011363636702299118,0.011363636702299118
MIMAT0018206,MAPKAPK5,mir_regulates_mrna,,0.011363636702299118,0.011363636702299118
MIMAT0018945,MAPKAPK5,mir_regulates_mrna,,0.011363636702299118,0.011363636702299118
MIMAT0018957,MAPKAPK5,mir_regulates_mrna,,0.011363636702299118,0.011363636702299118
MIMAT0018974,MAPKAPK5,mir_regulates_mrna,,0.011363636702299118,0.011363636702299118
MIMAT0018985,MAPKAPK5,mir_regulates_mrna,,0.011363636702299118,0.011363636702299118
MIMAT0019006,MAPKAPK5,mir_regulates_mrna,,0.011363636702299118,0.011363636702299118
MIMAT0019007,MAPKAPK5,mir_regulates_mrna,,0.011363636702299118,0.011363636702299118
MIMAT0019018,MAPKAPK5,mir_regulates_mrna,,0.011363636702299118,0.011363636702299118
MIMAT0019769,MAPKAPK5,mir_regulates_mrna,,0.011363636702299118,0.011363636702299118
MIMAT0019849,MAPKAPK5,mir_regulates_mrna,,0.011363636702299118,0.011363636702299118
MIMAT0019921,MAPKAPK5,mir_regulates_mrna,,0.011363636702299118,0.011363636702299118
MIMAT0019953,MAPKAPK5,mir_regulates_mrna,,0.011363636702299118,0.011363636702299118
MIMAT0019954,MAPKAPK5,mir_regulates_mrna,,0.011363636702299118,0.011363636702299118
MIMAT0019960,MAPKAPK5,mir_regulates_mrna,,0.011363636702299118,0.011363636702299118
MIMAT0021081,MAPKAPK5,mir_regulates_mrna,,0.011363636702299118,0.011363636702299118
MIMAT0022486,MAPKAPK5,mir_regulates_mrna,,0.011363636702299118,0.011363636702299118
MIMAT0022492,MAPKAPK5,mir_regulates_mrna,,0.011363636702299118,0.011363636702299118
MIMAT0023711,MAPKAPK5,mir_regulates_mrna,,0.011363636702299118,0.011363636702299118
MIMAT0023714,MAPKAPK5,mir_regulates_mrna,,0.011363636702299118,0.011363636702299118
MIMAT0024618,MAPKAPK5,mir_regulates_mrna,,0.011363636702299118,0.011363636702299118
MIMAT0025468,MAPKAPK5,mir_regulates_mrna,,0.011363636702299118,0.011363636702299118
MIMAT0025478,MAPKAPK5,mir_regulates_mrna,,0.011363636702299118,0.011363636702299118
MIMAT0025482,MAPKAPK5,mir_regulates_mrna,,0.011363636702299118,0.011363636702299118
MIMAT0027443,MAPKAPK5,mir_regulates_mrna,,0.011363636702299118,0.011363636702299118
MIMAT0027447,MAPKAPK5,mir_regulates_mrna,,0.011363636702299118,0.011363636702299118
MIMAT0027460,MAPKAPK5,mir_regulates_mrna,,0.011363636702299118,0.011363636702299118
MIMAT0027476,MAPKAPK5,mir_regulates_mrna,,0.011363636702299118,0.011363636702299118
MIMAT0027498,MAPKAPK5,mir_regulates_mrna,,0.011363636702299118,0.011363636702299118
MIMAT0027599,MAPKAPK5,mir_regulates_mrna,,0.011363636702299118,0.011363636702299118
MIMAT0027615,MAPKAPK5,mir_regulates_mrna,,0.011363636702299118,0.011363636702299118
MIMAT0027659,MAPKAPK5,mir_regulates_mrna,,0.011363636702299118,0.011363636702299118
MIMAT0027666,MAPKAPK5,mir_regulates_mrna,,0.011363636702299118,0.011363636702299118
MIMAT0027668,MAPKAPK5,mir_regulates_mrna,,0.011363636702299118,0.011363636702299118
MIMAT0028109,MAPKAPK5,mir_regulates_mrna,,0.011363636702299118,0.011363636702299118
MIMAT0028230,MAPKAPK5,mir_regulates_mrna,,0.011363636702299118,0.011363636702299118
MIMAT0030415,MAPKAPK5,mir_regulates_mrna,,0.011363636702299118,0.011363636702299118
MIMAT0030429,MAPKAPK5,mir_regulates_mrna,,0.011363636702299118,0.011363636702299118
MIMAT0031180,MAPKAPK5,mir_regulates_mrna,,0.011363636702299118,0.011363636702299118
MIMAT0002816,MAPKAPK5,mir_regulates_mrna,,0.011363636702299118,0.011363636702299118
MIMAT0003328,MAPKAPK5,mir_regulates_mrna,,0.011363636702299118,0.011363636702299118
MIMAT0016915,MAPKAPK5,mir_regulates_mrna,,0.011363636702299118,0.011363636702299118
MIMAT0018072,MAPKAPK5,mir_regulates_mrna,,0.011363636702299118,0.011363636702299118
MIMAT0018934,MAPKAPK5,mir_regulates_mrna,,0.011363636702299118,0.011363636702299118
MIMAT0019853,MAPKAPK5,mir_regulates_mrna,,0.011363636702299118,0.011363636702299118
MIMAT0027514,MAPKAPK5,mir_regulates_mrna,,0.011363636702299118,0.011363636702299118
MIMAT0000103,MAPKAPK5,mir_regulates_mrna,,0.011363636702299118,0.011363636702299118
MIMAT0000447,MAPKAPK5,mir_regulates_mrna,,0.011363636702299118,0.011363636702299118
MIMAT0002836,MAPKAPK5,mir_regulates_mrna,,0.011363636702299118,0.011363636702299118
MIMAT0003270,MAPKAPK5,mir_regulates_mrna,,0.011363636702299118,0.011363636702299118
MIMAT0003320,MAPKAPK5,mir_regulates_mrna,,0.011363636702299118,0.011363636702299118
MIMAT0017989,MAPKAPK5,mir_regulates_mrna,,0.011363636702299118,0.011363636702299118
MIMAT0019050,MAPKAPK5,mir_regulates_mrna,,0.011363636702299118,0.011363636702299118
MIMAT0019692,MAPKAPK5,mir_regulates_mrna,,0.011363636702299118,0.011363636702299118
MIMAT0027470,MAPKAPK5,mir_regulates_mrna,,0.011363636702299118,0.011363636702299118
MIMAT0027537,MAPKAPK5,mir_regulates_mrna,,0.011363636702299118,0.011363636702299118
MIMAT0026472,MAP3K2,mir_regulates_mrna,,0.02083333395421505,0.02083333395421505
MIMAT0000070,MAP3K2,mir_regulates_mrna,,0.02083333395421505,0.02083333395421505
MIMAT0000075,MAP3K2,mir_regulates_mrna,,0.02083333395421505,0.02083333395421505
MIMAT0000103,MAP3K2,mir_regulates_mrna,,0.02083333395421505,0.02083333395421505
MIMAT0000278,MAP3K2,mir_regulates_mrna,,0.02083333395421505,0.02083333395421505
MIMAT0004599,MAP3K2,mir_regulates_mrna,,0.02083333395421505,0.02083333395421505
MIMAT0000680,MAP3K2,mir_regulates_mrna,,0.02083333395421505,0.02083333395421505
MIMAT0001413,MAP3K2,mir_regulates_mrna,,0.02083333395421505,0.02083333395421505
MIMAT0002834,MAP3K2,mir_regulates_mrna,,0.02083333395421505,0.02083333395421505
MIMAT0004784,MAP3K2,mir_regulates_mrna,,0.02083333395421505,0.02083333395421505
MIMAT0003218,MAP3K2,mir_regulates_mrna,,0.02083333395421505,0.02083333395421505
MIMAT0004795,MAP3K2,mir_regulates_mrna,,0.02083333395421505,0.02083333395421505
MIMAT0010497,MAP3K2,mir_regulates_mrna,,0.02083333395421505,0.02083333395421505
MIMAT0004970,MAP3K2,mir_regulates_mrna,,0.02083333395421505,0.02083333395421505
MIMAT0016853,MAP3K2,mir_regulates_mrna,,0.02083333395421505,0.02083333395421505
MIMAT0018105,MAP3K2,mir_regulates_mrna,,0.02083333395421505,0.02083333395421505
MIMAT0018973,MAP3K2,mir_regulates_mrna,,0.02083333395421505,0.02083333395421505
MIMAT0019847,MAP3K2,mir_regulates_mrna,,0.02083333395421505,0.02083333395421505
MIMAT0019923,MAP3K2,mir_regulates_mrna,,0.02083333395421505,0.02083333395421505
MIMAT0019937,MAP3K2,mir_regulates_mrna,,0.02083333395421505,0.02083333395421505
MIMAT0027041,MAP3K2,mir_regulates_mrna,,0.02083333395421505,0.02083333395421505
MIMAT0022301,MAP3K2,mir_regulates_mrna,,0.02083333395421505,0.02083333395421505
MIMAT0025454,MAP3K2,mir_regulates_mrna,,0.02083333395421505,0.02083333395421505
MIMAT0027368,MAP3K2,mir_regulates_mrna,,0.02083333395421505,0.02083333395421505
MIMAT0027378,MAP3K2,mir_regulates_mrna,,0.02083333395421505,0.02083333395421505
MIMAT0027440,MAP3K2,mir_regulates_mrna,,0.02083333395421505,0.02083333395421505
MIMAT0027534,MAP3K2,mir_regulates_mrna,,0.02083333395421505,0.02083333395421505
MIMAT0027553,MAP3K2,mir_regulates_mrna,,0.02083333395421505,0.02083333395421505
MIMAT0027562,MAP3K2,mir_regulates_mrna,,0.02083333395421505,0.02083333395421505
MIMAT0027634,MAP3K2,mir_regulates_mrna,,0.02083333395421505,0.02083333395421505
MIMAT0027651,MAP3K2,mir_regulates_mrna,,0.02083333395421505,0.02083333395421505
MIMAT0000242,MAP3K2,mir_regulates_mrna,,0.02083333395421505,0.02083333395421505
MIMAT0000751,MAP3K2,mir_regulates_mrna,,0.02083333395421505,0.02083333395421505
MIMAT0019201,MAP3K2,mir_regulates_mrna,,0.02083333395421505,0.02083333395421505
MIMAT0018090,MAP3K2,mir_regulates_mrna,,0.02083333395421505,0.02083333395421505
MIMAT0019363,MAP3K2,mir_regulates_mrna,,0.02083333395421505,0.02083333395421505
MIMAT0023715,MAP3K2,mir_regulates_mrna,,0.02083333395421505,0.02083333395421505
MIMAT0027413,MAP3K2,mir_regulates_mrna,,0.02083333395421505,0.02083333395421505
MIMAT0027632,MAP3K2,mir_regulates_mrna,,0.02083333395421505,0.02083333395421505
MIMAT0030990,MAP3K2,mir_regulates_mrna,,0.02083333395421505,0.02083333395421505
MIMAT0001080,MAP3K2,mir_regulates_mrna,,0.02083333395421505,0.02083333395421505
MIMAT0003283,MAP3K2,mir_regulates_mrna,,0.02083333395421505,0.02083333395421505
MIMAT0019215,MAP3K2,mir_regulates_mrna,,0.02083333395421505,0.02083333395421505
MIMAT0019690,MAP3K2,mir_regulates_mrna,,0.02083333395421505,0.02083333395421505
MIMAT0022272,MAP3K2,mir_regulates_mrna,,0.02083333395421505,0.02083333395421505
MIMAT0027370,MAP3K2,mir_regulates_mrna,,0.02083333395421505,0.02083333395421505
MIMAT0027465,MAP3K2,mir_regulates_mrna,,0.02083333395421505,0.02083333395421505
MIMAT0027637,MAP3K2,mir_regulates_mrna,,0.02083333395421505,0.02083333395421505
MIMAT0022844,SOS1,mir_regulates_mrna,,0.1428571492433548,0.1428571492433548
MIMAT0000424,SOS1,mir_regulates_mrna,,0.1428571492433548,0.1428571492433548
MIMAT0015031,SOS1,mir_regulates_mrna,,0.1428571492433548,0.1428571492433548
MIMAT0015002,SOS1,mir_regulates_mrna,,0.1428571492433548,0.1428571492433548
MIMAT0019703,SOS1,mir_regulates_mrna,,0.1428571492433548,0.1428571492433548
MIMAT0019980,SOS1,mir_regulates_mrna,,0.1428571492433548,0.1428571492433548
MIMAT0025841,SOS1,mir_regulates_mrna,,0.1428571492433548,0.1428571492433548
MIMAT0003945,CACNG7,mir_regulates_mrna,,0.5,0.5
MIMAT0027682,CACNG7,mir_regulates_mrna,,0.5,0.5
MIMAT0002882,DUSP4,mir_regulates_mrna,,0.0476190485060215,0.0476190485060215
MIMAT0032029,DUSP4,mir_regulates_mrna,,0.0476190485060215,0.0476190485060215
MIMAT0011156,DUSP4,mir_regulates_mrna,,0.0476190485060215,0.0476190485060215
MIMAT0019199,DUSP4,mir_regulates_mrna,,0.0476190485060215,0.0476190485060215
MIMAT0016917,DUSP4,mir_regulates_mrna,,0.0476190485060215,0.0476190485060215
MIMAT0016921,DUSP4,mir_regulates_mrna,,0.0476190485060215,0.0476190485060215
MIMAT0018090,DUSP4,mir_regulates_mrna,,0.0476190485060215,0.0476190485060215
MIMAT0019772,DUSP4,mir_regulates_mrna,,0.0476190485060215,0.0476190485060215
MIMAT0019921,DUSP4,mir_regulates_mrna,,0.0476190485060215,0.0476190485060215
MIMAT0027041,DUSP4,mir_regulates_mrna,,0.0476190485060215,0.0476190485060215
MIMAT0024618,DUSP4,mir_regulates_mrna,,0.0476190485060215,0.0476190485060215
MIMAT0025471,DUSP4,mir_regulates_mrna,,0.0476190485060215,0.0476190485060215
MIMAT0027399,DUSP4,mir_regulates_mrna,,0.0476190485060215,0.0476190485060215
MIMAT0027458,DUSP4,mir_regulates_mrna,,0.0476190485060215,0.0476190485060215
MIMAT0027460,DUSP4,mir_regulates_mrna,,0.0476190485060215,0.0476190485060215
MIMAT0027470,DUSP4,mir_regulates_mrna,,0.0476190485060215,0.0476190485060215
MIMAT0027485,DUSP4,mir_regulates_mrna,,0.0476190485060215,0.0476190485060215
MIMAT0027666,DUSP4,mir_regulates_mrna,,0.0476190485060215,0.0476190485060215
MIMAT0027688,DUSP4,mir_regulates_mrna,,0.0476190485060215,0.0476190485060215
MIMAT0004589,DUSP4,mir_regulates_mrna,,0.0476190485060215,0.0476190485060215
MIMAT0027456,DUSP4,mir_regulates_mrna,,0.0476190485060215,0.0476190485060215
MIMAT0027567,PDGFA,mir_regulates_mrna,,0.5,0.5
MIMAT0027647,PDGFA,mir_regulates_mrna,,0.5,0.5
MIMAT0025471,EFNA2,mir_regulates_mrna,,1.0,1.0
MIMAT0000070,EREG,mir_regulates_mrna,,0.0714285746216774,0.0714285746216774
MIMAT0000086,EREG,mir_regulates_mrna,,0.0714285746216774,0.0714285746216774
MIMAT0000422,EREG,mir_regulates_mrna,,0.0714285746216774,0.0714285746216774
MIMAT0004595,EREG,mir_regulates_mrna,,0.0714285746216774,0.0714285746216774
MIMAT0004612,EREG,mir_regulates_mrna,,0.0714285746216774,0.0714285746216774
MIMAT0000681,EREG,mir_regulates_mrna,,0.0714285746216774,0.0714285746216774
MIMAT0002836,EREG,mir_regulates_mrna,,0.0714285746216774,0.0714285746216774
MIMAT0010497,EREG,mir_regulates_mrna,,0.0714285746216774,0.0714285746216774
MIMAT0011161,EREG,mir_regulates_mrna,,0.0714285746216774,0.0714285746216774
MIMAT0018953,EREG,mir_regulates_mrna,,0.0714285746216774,0.0714285746216774
MIMAT0019954,EREG,mir_regulates_mrna,,0.0714285746216774,0.0714285746216774
MIMAT0022283,EREG,mir_regulates_mrna,,0.0714285746216774,0.0714285746216774
MIMAT0027635,EREG,mir_regulates_mrna,,0.0714285746216774,0.0714285746216774
MIMAT0030986,EREG,mir_regulates_mrna,,0.0714285746216774,0.0714285746216774
MIMAT0004487,DUSP6,mir_regulates_mrna,,0.1428571492433548,0.1428571492433548
MIMAT0000753,DUSP6,mir_regulates_mrna,,0.1428571492433548,0.1428571492433548
MIMAT0022713,DUSP6,mir_regulates_mrna,,0.1428571492433548,0.1428571492433548
MIMAT0022838,DUSP6,mir_regulates_mrna,,0.1428571492433548,0.1428571492433548
MIMAT0021127,DUSP6,mir_regulates_mrna,,0.1428571492433548,0.1428571492433548
MIMAT0033692,DUSP6,mir_regulates_mrna,,0.1428571492433548,0.1428571492433548
MIMAT0000736,DUSP6,mir_regulates_mrna,,0.1428571492433548,0.1428571492433548
MIMAT0004957,DUSP7,mir_regulates_mrna,,0.0833333358168602,0.0833333358168602
MIMAT0005952,DUSP7,mir_regulates_mrna,,0.0833333358168602,0.0833333358168602
MIMAT0015037,DUSP7,mir_regulates_mrna,,0.0833333358168602,0.0833333358168602
MIMAT0018953,DUSP7,mir_regulates_mrna,,0.0833333358168602,0.0833333358168602
MIMAT0019704,DUSP7,mir_regulates_mrna,,0.0833333358168602,0.0833333358168602
MIMAT0022491,DUSP7,mir_regulates_mrna,,0.0833333358168602,0.0833333358168602
MIMAT0027363,DUSP7,mir_regulates_mrna,,0.0833333358168602,0.0833333358168602
MIMAT0027612,DUSP7,mir_regulates_mrna,,0.0833333358168602,0.0833333358168602
MIMAT0027640,DUSP7,mir_regulates_mrna,,0.0833333358168602,0.0833333358168602
MIMAT0027674,DUSP7,mir_regulates_mrna,,0.0833333358168602,0.0833333358168602
MIMAT0028119,DUSP7,mir_regulates_mrna,,0.0833333358168602,0.0833333358168602
MIMAT0031012,DUSP7,mir_regulates_mrna,,0.0833333358168602,0.0833333358168602
MIMAT0000092,EFNA5,mir_regulates_mrna,,0.10000000149011612,0.10000000149011612
MIMAT0002872,EFNA5,mir_regulates_mrna,,0.10000000149011612,0.10000000149011612
MIMAT0016925,EFNA5,mir_regulates_mrna,,0.10000000149011612,0.10000000149011612
MIMAT0025841,EFNA5,mir_regulates_mrna,,0.10000000149011612,0.10000000149011612
MIMAT0025843,EFNA5,mir_regulates_mrna,,0.10000000149011612,0.10000000149011612
MIMAT0027395,EFNA5,mir_regulates_mrna,,0.10000000149011612,0.10000000149011612
MIMAT0027489,EFNA5,mir_regulates_mrna,,0.10000000149011612,0.10000000149011612
MIMAT0027559,EFNA5,mir_regulates_mrna,,0.10000000149011612,0.10000000149011612
MIMAT0027575,EFNA5,mir_regulates_mrna,,0.10000000149011612,0.10000000149011612
MIMAT0030981,EFNA5,mir_regulates_mrna,,0.10000000149011612,0.10000000149011612
MIMAT0004772,ELK4,mir_regulates_mrna,,0.03125,0.03125
MIMAT0019898,ELK4,mir_regulates_mrna,,0.03125,0.03125
MIMAT0004489,ELK4,mir_regulates_mrna,,0.03125,0.03125
MIMAT0000101,ELK4,mir_regulates_mrna,,0.03125,0.03125
MIMAT0000104,ELK4,mir_regulates_mrna,,0.03125,0.03125
MIMAT0000684,ELK4,mir_regulates_mrna,,0.03125,0.03125
MIMAT0000715,ELK4,mir_regulates_mrna,,0.03125,0.03125
MIMAT0000717,ELK4,mir_regulates_mrna,,0.03125,0.03125
MIMAT0000718,ELK4,mir_regulates_mrna,,0.03125,0.03125
MIMAT0022861,ELK4,mir_regulates_mrna,,0.03125,0.03125
MIMAT0000724,ELK4,mir_regulates_mrna,,0.03125,0.03125
MIMAT0000726,ELK4,mir_regulates_mrna,,0.03125,0.03125
MIMAT0004703,ELK4,mir_regulates_mrna,,0.03125,0.03125
MIMAT0002820,ELK4,mir_regulates_mrna,,0.03125,0.03125
MIMAT0002834,ELK4,mir_regulates_mrna,,0.03125,0.03125
MIMAT0002846,ELK4,mir_regulates_mrna,,0.03125,0.03125
MIMAT0002854,ELK4,mir_regulates_mrna,,0.03125,0.03125
MIMAT0002856,ELK4,mir_regulates_mrna,,0.03125,0.03125
MIMAT0002858,ELK4,mir_regulates_mrna,,0.03125,0.03125
MIMAT0002867,ELK4,mir_regulates_mrna,,0.03125,0.03125
MIMAT0004814,ELK4,mir_regulates_mrna,,0.03125,0.03125
MIMAT0018108,ELK4,mir_regulates_mrna,,0.03125,0.03125
MIMAT0018355,ELK4,mir_regulates_mrna,,0.03125,0.03125
MIMAT0018995,ELK4,mir_regulates_mrna,,0.03125,0.03125
MIMAT0019358,ELK4,mir_regulates_mrna,,0.03125,0.03125
MIMAT0019750,ELK4,mir_regulates_mrna,,0.03125,0.03125
MIMAT0019878,ELK4,mir_regulates_mrna,,0.03125,0.03125
MIMAT0019969,ELK4,mir_regulates_mrna,,0.03125,0.03125
MIMAT0027453,ELK4,mir_regulates_mrna,,0.03125,0.03125
MIMAT0027578,ELK4,mir_regulates_mrna,,0.03125,0.03125
MIMAT0027598,ELK4,mir_regulates_mrna,,0.03125,0.03125
MIMAT0033692,ELK4,mir_regulates_mrna,,0.03125,0.03125
MIMAT0015030,FGF7,mir_regulates_mrna,,1.0,1.0
MIMAT0002173,FGF9,mir_regulates_mrna,,0.125,0.125
MIMAT0003291,FGF9,mir_regulates_mrna,,0.125,0.125
MIMAT0019014,FGF9,mir_regulates_mrna,,0.125,0.125
MIMAT0027535,FGF9,mir_regulates_mrna,,0.125,0.125
MIMAT0027567,FGF9,mir_regulates_mrna,,0.125,0.125
MIMAT0027647,FGF9,mir_regulates_mrna,,0.125,0.125
MIMAT0027663,FGF9,mir_regulates_mrna,,0.125,0.125
MIMAT0033692,FGF9,mir_regulates_mrna,,0.125,0.125
MIMAT0000417,GRB2,mir_regulates_mrna,,0.03125,0.03125
MIMAT0000422,GRB2,mir_regulates_mrna,,0.03125,0.03125
MIMAT0000732,GRB2,mir_regulates_mrna,,0.03125,0.03125
MIMAT0001629,GRB2,mir_regulates_mrna,,0.03125,0.03125
MIMAT0003218,GRB2,mir_regulates_mrna,,0.03125,0.03125
MIMAT0003222,GRB2,mir_regulates_mrna,,0.03125,0.03125
MIMAT0003326,GRB2,mir_regulates_mrna,,0.03125,0.03125
MIMAT0022711,GRB2,mir_regulates_mrna,,0.03125,0.03125
MIMAT0007881,GRB2,mir_regulates_mrna,,0.03125,0.03125
MIMAT0014982,GRB2,mir_regulates_mrna,,0.03125,0.03125
MIMAT0015026,GRB2,mir_regulates_mrna,,0.03125,0.03125
MIMAT0015048,GRB2,mir_regulates_mrna,,0.03125,0.03125
MIMAT0019012,GRB2,mir_regulates_mrna,,0.03125,0.03125
MIMAT0019882,GRB2,mir_regulates_mrna,,0.03125,0.03125
MIMAT0019885,GRB2,mir_regulates_mrna,,0.03125,0.03125
MIMAT0021128,GRB2,mir_regulates_mrna,,0.03125,0.03125
MIMAT0024610,GRB2,mir_regulates_mrna,,0.03125,0.03125
MIMAT0024613,GRB2,mir_regulates_mrna,,0.03125,0.03125
MIMAT0024617,GRB2,mir_regulates_mrna,,0.03125,0.03125
MIMAT0027474,GRB2,mir_regulates_mrna,,0.03125,0.03125
MIMAT0027483,GRB2,mir_regulates_mrna,,0.03125,0.03125
MIMAT0027650,GRB2,mir_regulates_mrna,,0.03125,0.03125
MIMAT0027682,GRB2,mir_regulates_mrna,,0.03125,0.03125
MIMAT0002891,GRB2,mir_regulates_mrna,,0.03125,0.03125
MIMAT0000084,GRB2,mir_regulates_mrna,,0.03125,0.03125
MIMAT0004957,GRB2,mir_regulates_mrna,,0.03125,0.03125
MIMAT0018189,GRB2,mir_regulates_mrna,,0.03125,0.03125
MIMAT0023702,GRB2,mir_regulates_mrna,,0.03125,0.03125
MIMAT0024782,GRB2,mir_regulates_mrna,,0.03125,0.03125
MIMAT0027559,GRB2,mir_regulates_mrna,,0.03125,0.03125
MIMAT0027568,GRB2,mir_regulates_mrna,,0.03125,0.03125
MIMAT0031000,GRB2,mir_regulates_mrna,,0.03125,0.03125
MIMAT0025451,HSPA6,mir_regulates_mrna,,1.0,1.0
MIMAT0019985,JUN,mir_regulates_mrna,,1.0,1.0
MIMAT0000417,KDR,mir_regulates_mrna,,1.0,1.0
MIMAT0000427,NGFR,mir_regulates_mrna,,0.05882352963089943,0.05882352963089943
MIMAT0003276,NGFR,mir_regulates_mrna,,0.05882352963089943,0.05882352963089943
MIMAT0005952,NGFR,mir_regulates_mrna,,0.05882352963089943,0.05882352963089943
MIMAT0009447,NGFR,mir_regulates_mrna,,0.05882352963089943,0.05882352963089943
MIMAT0015056,NGFR,mir_regulates_mrna,,0.05882352963089943,0.05882352963089943
MIMAT0016900,NGFR,mir_regulates_mrna,,0.05882352963089943,0.05882352963089943
MIMAT0019043,NGFR,mir_regulates_mrna,,0.05882352963089943,0.05882352963089943
MIMAT0019715,NGFR,mir_regulates_mrna,,0.05882352963089943,0.05882352963089943
MIMAT0019849,NGFR,mir_regulates_mrna,,0.05882352963089943,0.05882352963089943
MIMAT0019868,NGFR,mir_regulates_mrna,,0.05882352963089943,0.05882352963089943
MIMAT0019899,NGFR,mir_regulates_mrna,,0.05882352963089943,0.05882352963089943
MIMAT0021043,NGFR,mir_regulates_mrna,,0.05882352963089943,0.05882352963089943
MIMAT0021128,NGFR,mir_regulates_mrna,,0.05882352963089943,0.05882352963089943
MIMAT0027365,NGFR,mir_regulates_mrna,,0.05882352963089943,0.05882352963089943
MIMAT0027550,NGFR,mir_regulates_mrna,,0.05882352963089943,0.05882352963089943
MIMAT0027640,NGFR,mir_regulates_mrna,,0.05882352963089943,0.05882352963089943
MIMAT0028109,NGFR,mir_regulates_mrna,,0.05882352963089943,0.05882352963089943
MIMAT0000062,NRAS,mir_regulates_mrna,,0.06666667014360428,0.06666667014360428
MIMAT0000063,NRAS,mir_regulates_mrna,,0.06666667014360428,0.06666667014360428
MIMAT0000064,NRAS,mir_regulates_mrna,,0.06666667014360428,0.06666667014360428
MIMAT0000082,NRAS,mir_regulates_mrna,,0.06666667014360428,0.06666667014360428
MIMAT0000271,NRAS,mir_regulates_mrna,,0.06666667014360428,0.06666667014360428
MIMAT0000422,NRAS,mir_regulates_mrna,,0.06666667014360428,0.06666667014360428
MIMAT0002841,NRAS,mir_regulates_mrna,,0.06666667014360428,0.06666667014360428
MIMAT0004950,NRAS,mir_regulates_mrna,,0.06666667014360428,0.06666667014360428
MIMAT0011775,NRAS,mir_regulates_mrna,,0.06666667014360428,0.06666667014360428
MIMAT0016878,NRAS,mir_regulates_mrna,,0.06666667014360428,0.06666667014360428
MIMAT0018200,NRAS,mir_regulates_mrna,,0.06666667014360428,0.06666667014360428
MIMAT0019043,NRAS,mir_regulates_mrna,,0.06666667014360428,0.06666667014360428
MIMAT0019773,NRAS,mir_regulates_mrna,,0.06666667014360428,0.06666667014360428
MIMAT0019953,NRAS,mir_regulates_mrna,,0.06666667014360428,0.06666667014360428
MIMAT0027566,NRAS,mir_regulates_mrna,,0.06666667014360428,0.06666667014360428
MIMAT0000318,PAK2,mir_regulates_mrna,,0.10000000149011612,0.10000000149011612
MIMAT0000726,PAK2,mir_regulates_mrna,,0.10000000149011612,0.10000000149011612
MIMAT0003881,PAK2,mir_regulates_mrna,,0.10000000149011612,0.10000000149011612
MIMAT0004901,PAK2,mir_regulates_mrna,,0.10000000149011612,0.10000000149011612
MIMAT0004972,PAK2,mir_regulates_mrna,,0.10000000149011612,0.10000000149011612
MIMAT0014982,PAK2,mir_regulates_mrna,,0.10000000149011612,0.10000000149011612
MIMAT0019021,PAK2,mir_regulates_mrna,,0.10000000149011612,0.10000000149011612
MIMAT0019793,PAK2,mir_regulates_mrna,,0.10000000149011612,0.10000000149011612
MIMAT0019966,PAK2,mir_regulates_mrna,,0.10000000149011612,0.10000000149011612
MIMAT0030421,PAK2,mir_regulates_mrna,,0.10000000149011612,0.10000000149011612
MIMAT0000454,PDGFB,mir_regulates_mrna,,0.043478261679410934,0.043478261679410934
MIMAT0002853,PDGFB,mir_regulates_mrna,,0.043478261679410934,0.043478261679410934
MIMAT0014984,PDGFB,mir_regulates_mrna,,0.043478261679410934,0.043478261679410934
MIMAT0014988,PDGFB,mir_regulates_mrna,,0.043478261679410934,0.043478261679410934
MIMAT0015026,PDGFB,mir_regulates_mrna,,0.043478261679410934,0.043478261679410934
MIMAT0015056,PDGFB,mir_regulates_mrna,,0.043478261679410934,0.043478261679410934
MIMAT0018190,PDGFB,mir_regulates_mrna,,0.043478261679410934,0.043478261679410934
MIMAT0018980,PDGFB,mir_regulates_mrna,,0.043478261679410934,0.043478261679410934
MIMAT0019845,PDGFB,mir_regulates_mrna,,0.043478261679410934,0.043478261679410934
MIMAT0019882,PDGFB,mir_regulates_mrna,,0.043478261679410934,0.043478261679410934
MIMAT0027416,PDGFB,mir_regulates_mrna,,0.043478261679410934,0.043478261679410934
MIMAT0027562,PDGFB,mir_regulates_mrna,,0.043478261679410934,0.043478261679410934
MIMAT0027612,PDGFB,mir_regulates_mrna,,0.043478261679410934,0.043478261679410934
MIMAT0027660,PDGFB,mir_regulates_mrna,,0.043478261679410934,0.043478261679410934
MIMAT0027690,PDGFB,mir_regulates_mrna,,0.043478261679410934,0.043478261679410934
MIMAT0030422,PDGFB,mir_regulates_mrna,,0.043478261679410934,0.043478261679410934
MIMAT0000063,PDGFB,mir_regulates_mrna,,0.043478261679410934,0.043478261679410934
MIMAT0000066,PDGFB,mir_regulates_mrna,,0.043478261679410934,0.043478261679410934
MIMAT0003385,PDGFB,mir_regulates_mrna,,0.043478261679410934,0.043478261679410934
MIMAT0019072,PDGFB,mir_regulates_mrna,,0.043478261679410934,0.043478261679410934
MIMAT0027488,PDGFB,mir_regulates_mrna,,0.043478261679410934,0.043478261679410934
MIMAT0027564,PDGFB,mir_regulates_mrna,,0.043478261679410934,0.043478261679410934
MIMAT0027602,PDGFB,mir_regulates_mrna,,0.043478261679410934,0.043478261679410934
MIMAT0000071,PRKCA,mir_regulates_mrna,,0.04545454680919647,0.04545454680919647
MIMAT0000080,PRKCA,mir_regulates_mrna,,0.04545454680919647,0.04545454680919647
MIMAT0000434,PRKCA,mir_regulates_mrna,,0.04545454680919647,0.04545454680919647
MIMAT0000451,PRKCA,mir_regulates_mrna,,0.04545454680919647,0.04545454680919647
MIMAT0002819,PRKCA,mir_regulates_mrna,,0.04545454680919647,0.04545454680919647
MIMAT0003317,PRKCA,mir_regulates_mrna,,0.04545454680919647,0.04545454680919647
MIMAT0009451,PRKCA,mir_regulates_mrna,,0.04545454680919647,0.04545454680919647
MIMAT0018072,PRKCA,mir_regulates_mrna,,0.04545454680919647,0.04545454680919647
MIMAT0018945,PRKCA,mir_regulates_mrna,,0.04545454680919647,0.04545454680919647
MIMAT0019041,PRKCA,mir_regulates_mrna,,0.04545454680919647,0.04545454680919647
MIMAT0021124,PRKCA,mir_regulates_mrna,,0.04545454680919647,0.04545454680919647
MIMAT0027356,PRKCA,mir_regulates_mrna,,0.04545454680919647,0.04545454680919647
MIMAT0027556,PRKCA,mir_regulates_mrna,,0.04545454680919647,0.04545454680919647
MIMAT0000092,PRKCA,mir_regulates_mrna,,0.04545454680919647,0.04545454680919647
MIMAT0002876,PRKCA,mir_regulates_mrna,,0.04545454680919647,0.04545454680919647
MIMAT0022711,PRKCA,mir_regulates_mrna,,0.04545454680919647,0.04545454680919647
MIMAT0019837,PRKCA,mir_regulates_mrna,,0.04545454680919647,0.04545454680919647
MIMAT0019892,PRKCA,mir_regulates_mrna,,0.04545454680919647,0.04545454680919647
MIMAT0021129,PRKCA,mir_regulates_mrna,,0.04545454680919647,0.04545454680919647
MIMAT0027395,PRKCA,mir_regulates_mrna,,0.04545454680919647,0.04545454680919647
MIMAT0027587,PRKCA,mir_regulates_mrna,,0.04545454680919647,0.04545454680919647
MIMAT0027595,PRKCA,mir_regulates_mrna,,0.04545454680919647,0.04545454680919647
MIMAT0000091,PRKCB,mir_regulates_mrna,,0.0833333358168602,0.0833333358168602
MIMAT0000433,PRKCB,mir_regulates_mrna,,0.0833333358168602,0.0833333358168602
MIMAT0000454,PRKCB,mir_regulates_mrna,,0.0833333358168602,0.0833333358168602
MIMAT0000736,PRKCB,mir_regulates_mrna,,0.0833333358168602,0.0833333358168602
MIMAT0002833,PRKCB,mir_regulates_mrna,,0.0833333358168602,0.0833333358168602
MIMAT0018977,PRKCB,mir_regulates_mrna,,0.0833333358168602,0.0833333358168602
MIMAT0019734,PRKCB,mir_regulates_mrna,,0.0833333358168602,0.0833333358168602
MIMAT0019873,PRKCB,mir_regulates_mrna,,0.0833333358168602,0.0833333358168602
MIMAT0019971,PRKCB,mir_regulates_mrna,,0.0833333358168602,0.0833333358168602
MIMAT0021017,PRKCB,mir_regulates_mrna,,0.0833333358168602,0.0833333358168602
MIMAT0027663,PRKCB,mir_regulates_mrna,,0.0833333358168602,0.0833333358168602
MIMAT0019937,PRKCB,mir_regulates_mrna,,0.0833333358168602,0.0833333358168602
MIMAT0000075,MAPK1,mir_regulates_mrna,,0.02083333395421505,0.02083333395421505
MIMAT0000421,MAPK1,mir_regulates_mrna,,0.02083333395421505,0.02083333395421505
MIMAT0000680,MAPK1,mir_regulates_mrna,,0.02083333395421505,0.02083333395421505
MIMAT0002837,MAPK1,mir_regulates_mrna,,0.02083333395421505,0.02083333395421505
MIMAT0004772,MAPK1,mir_regulates_mrna,,0.02083333395421505,0.02083333395421505
MIMAT0003250,MAPK1,mir_regulates_mrna,,0.02083333395421505,0.02083333395421505
MIMAT0003257,MAPK1,mir_regulates_mrna,,0.02083333395421505,0.02083333395421505
MIMAT0003888,MAPK1,mir_regulates_mrna,,0.02083333395421505,0.02083333395421505
MIMAT0010133,MAPK1,mir_regulates_mrna,,0.02083333395421505,0.02083333395421505
MIMAT0015004,MAPK1,mir_regulates_mrna,,0.02083333395421505,0.02083333395421505
MIMAT0016886,MAPK1,mir_regulates_mrna,,0.02083333395421505,0.02083333395421505
MIMAT0016901,MAPK1,mir_regulates_mrna,,0.02083333395421505,0.02083333395421505
MIMAT0016909,MAPK1,mir_regulates_mrna,,0.02083333395421505,0.02083333395421505
MIMAT0017981,MAPK1,mir_regulates_mrna,,0.02083333395421505,0.02083333395421505
MIMAT0018088,MAPK1,mir_regulates_mrna,,0.02083333395421505,0.02083333395421505
MIMAT0018351,MAPK1,mir_regulates_mrna,,0.02083333395421505,0.02083333395421505
MIMAT0018933,MAPK1,mir_regulates_mrna,,0.02083333395421505,0.02083333395421505
MIMAT0018945,MAPK1,mir_regulates_mrna,,0.02083333395421505,0.02083333395421505
MIMAT0018949,MAPK1,mir_regulates_mrna,,0.02083333395421505,0.02083333395421505
MIMAT0018972,MAPK1,mir_regulates_mrna,,0.02083333395421505,0.02083333395421505
MIMAT0018985,MAPK1,mir_regulates_mrna,,0.02083333395421505,0.02083333395421505
MIMAT0019051,MAPK1,mir_regulates_mrna,,0.02083333395421505,0.02083333395421505
MIMAT0019695,MAPK1,mir_regulates_mrna,,0.02083333395421505,0.02083333395421505
MIMAT0019757,MAPK1,mir_regulates_mrna,,0.02083333395421505,0.02083333395421505
MIMAT0019778,MAPK1,mir_regulates_mrna,,0.02083333395421505,0.02083333395421505
MIMAT0019789,MAPK1,mir_regulates_mrna,,0.02083333395421505,0.02083333395421505
MIMAT0019871,MAPK1,mir_regulates_mrna,,0.02083333395421505,0.02083333395421505
MIMAT0019924,MAPK1,mir_regulates_mrna,,0.02083333395421505,0.02083333395421505
MIMAT0019948,MAPK1,mir_regulates_mrna,,0.02083333395421505,0.02083333395421505
MIMAT0019971,MAPK1,mir_regulates_mrna,,0.02083333395421505,0.02083333395421505
MIMAT0021019,MAPK1,mir_regulates_mrna,,0.02083333395421505,0.02083333395421505
MIMAT0021121,MAPK1,mir_regulates_mrna,,0.02083333395421505,0.02083333395421505
MIMAT0023710,MAPK1,mir_regulates_mrna,,0.02083333395421505,0.02083333395421505
MIMAT0023713,MAPK1,mir_regulates_mrna,,0.02083333395421505,0.02083333395421505
MIMAT0025451,MAPK1,mir_regulates_mrna,,0.02083333395421505,0.02083333395421505
MIMAT0025481,MAPK1,mir_regulates_mrna,,0.02083333395421505,0.02083333395421505
MIMAT0027426,MAPK1,mir_regulates_mrna,,0.02083333395421505,0.02083333395421505
MIMAT0027455,MAPK1,mir_regulates_mrna,,0.02083333395421505,0.02083333395421505
MIMAT0027520,MAPK1,mir_regulates_mrna,,0.02083333395421505,0.02083333395421505
MIMAT0027526,MAPK1,mir_regulates_mrna,,0.02083333395421505,0.02083333395421505
MIMAT0027606,MAPK1,mir_regulates_mrna,,0.02083333395421505,0.02083333395421505
MIMAT0027616,MAPK1,mir_regulates_mrna,,0.02083333395421505,0.02083333395421505
MIMAT0027625,MAPK1,mir_regulates_mrna,,0.02083333395421505,0.02083333395421505
MIMAT0027635,MAPK1,mir_regulates_mrna,,0.02083333395421505,0.02083333395421505
MIMAT0027667,MAPK1,mir_regulates_mrna,,0.02083333395421505,0.02083333395421505
MIMAT0028120,MAPK1,mir_regulates_mrna,,0.02083333395421505,0.02083333395421505
MIMAT0019893,MAPK1,mir_regulates_mrna,,0.02083333395421505,0.02083333395421505
MIMAT0022275,MAPK1,mir_regulates_mrna,,0.02083333395421505,0.02083333395421505
MIMAT0000435,MAPK7,mir_regulates_mrna,,0.5,0.5
MIMAT0004945,MAPK7,mir_regulates_mrna,,0.5,0.5
MIMAT0001412,MAPK13,mir_regulates_mrna,,0.1428571492433548,0.1428571492433548
MIMAT0019053,MAPK13,mir_regulates_mrna,,0.1428571492433548,0.1428571492433548
MIMAT0019908,MAPK13,mir_regulates_mrna,,0.1428571492433548,0.1428571492433548
MIMAT0021043,MAPK13,mir_regulates_mrna,,0.1428571492433548,0.1428571492433548
MIMAT0022297,MAPK13,mir_regulates_mrna,,0.1428571492433548,0.1428571492433548
MIMAT0027490,MAPK13,mir_regulates_mrna,,0.1428571492433548,0.1428571492433548
MIMAT0027496,MAPK13,mir_regulates_mrna,,0.1428571492433548,0.1428571492433548
MIMAT0002820,MAP2K1,mir_regulates_mrna,,0.5,0.5
MIMAT0027612,MAP2K1,mir_regulates_mrna,,0.5,0.5
MIMAT0000089,RASA1,mir_regulates_mrna,,0.3333333432674408,0.3333333432674408
MIMAT0000271,RASA1,mir_regulates_mrna,,0.3333333432674408,0.3333333432674408
MIMAT0000416,RASA1,mir_regulates_mrna,,0.3333333432674408,0.3333333432674408
MIMAT0003316,MAP3K7,mir_regulates_mrna,,0.1666666716337204,0.1666666716337204
MIMAT0013517,MAP3K7,mir_regulates_mrna,,0.1666666716337204,0.1666666716337204
MIMAT0022298,MAP3K7,mir_regulates_mrna,,0.1666666716337204,0.1666666716337204
MIMAT0022489,MAP3K7,mir_regulates_mrna,,0.1666666716337204,0.1666666716337204
MIMAT0000069,MAP3K7,mir_regulates_mrna,,0.1666666716337204,0.1666666716337204
MIMAT0027686,MAP3K7,mir_regulates_mrna,,0.1666666716337204,0.1666666716337204
MIMAT0000092,ARRB1,mir_regulates_mrna,,0.0416666679084301,0.0416666679084301
MIMAT0004508,ARRB1,mir_regulates_mrna,,0.0416666679084301,0.0416666679084301
MIMAT0004602,ARRB1,mir_regulates_mrna,,0.0416666679084301,0.0416666679084301
MIMAT0002807,ARRB1,mir_regulates_mrna,,0.0416666679084301,0.0416666679084301
MIMAT0003312,ARRB1,mir_regulates_mrna,,0.0416666679084301,0.0416666679084301
MIMAT0003945,ARRB1,mir_regulates_mrna,,0.0416666679084301,0.0416666679084301
MIMAT0007348,ARRB1,mir_regulates_mrna,,0.0416666679084301,0.0416666679084301
MIMAT0026921,ARRB1,mir_regulates_mrna,,0.0416666679084301,0.0416666679084301
MIMAT0015023,ARRB1,mir_regulates_mrna,,0.0416666679084301,0.0416666679084301
MIMAT0015052,ARRB1,mir_regulates_mrna,,0.0416666679084301,0.0416666679084301
MIMAT0018349,ARRB1,mir_regulates_mrna,,0.0416666679084301,0.0416666679084301
MIMAT0018996,ARRB1,mir_regulates_mrna,,0.0416666679084301,0.0416666679084301
MIMAT0027038,ARRB1,mir_regulates_mrna,,0.0416666679084301,0.0416666679084301
MIMAT0019938,ARRB1,mir_regulates_mrna,,0.0416666679084301,0.0416666679084301
MIMAT0024599,ARRB1,mir_regulates_mrna,,0.0416666679084301,0.0416666679084301
MIMAT0027426,ARRB1,mir_regulates_mrna,,0.0416666679084301,0.0416666679084301
MIMAT0027508,ARRB1,mir_regulates_mrna,,0.0416666679084301,0.0416666679084301
MIMAT0027675,ARRB1,mir_regulates_mrna,,0.0416666679084301,0.0416666679084301
MIMAT0027685,ARRB1,mir_regulates_mrna,,0.0416666679084301,0.0416666679084301
MIMAT0028109,ARRB1,mir_regulates_mrna,,0.0416666679084301,0.0416666679084301
MIMAT0010367,ARRB1,mir_regulates_mrna,,0.0416666679084301,0.0416666679084301
MIMAT0019225,ARRB1,mir_regulates_mrna,,0.0416666679084301,0.0416666679084301
MIMAT0019700,ARRB1,mir_regulates_mrna,,0.0416666679084301,0.0416666679084301
MIMAT0019744,ARRB1,mir_regulates_mrna,,0.0416666679084301,0.0416666679084301
MIMAT0019763,DUSP3,mir_regulates_mrna,,0.3333333432674408,0.3333333432674408
MIMAT0027514,DUSP3,mir_regulates_mrna,,0.3333333432674408,0.3333333432674408
MIMAT0027595,DUSP3,mir_regulates_mrna,,0.3333333432674408,0.3333333432674408
MIMAT0000451,FLT3,mir_regulates_mrna,,1.0,1.0
MIMAT0018980,DUSP1,mir_regulates_mrna,,1.0,1.0
MIMAT0000070,DUSP2,mir_regulates_mrna,,0.1111111119389534,0.1111111119389534
MIMAT0000075,DUSP2,mir_regulates_mrna,,0.1111111119389534,0.1111111119389534
MIMAT0000103,DUSP2,mir_regulates_mrna,,0.1111111119389534,0.1111111119389534
MIMAT0000680,DUSP2,mir_regulates_mrna,,0.1111111119389534,0.1111111119389534
MIMAT0000726,DUSP2,mir_regulates_mrna,,0.1111111119389534,0.1111111119389534
MIMAT0001413,DUSP2,mir_regulates_mrna,,0.1111111119389534,0.1111111119389534
MIMAT0019939,DUSP2,mir_regulates_mrna,,0.1111111119389534,0.1111111119389534
MIMAT0027573,DUSP2,mir_regulates_mrna,,0.1111111119389534,0.1111111119389534
MIMAT0027690,DUSP2,mir_regulates_mrna,,0.1111111119389534,0.1111111119389534
MIMAT0000765,DUSP5,mir_regulates_mrna,,0.5,0.5
MIMAT0002821,DUSP5,mir_regulates_mrna,,0.5,0.5
MIMAT0005589,DUSP8,mir_regulates_mrna,,0.3333333432674408,0.3333333432674408
MIMAT0015028,DUSP8,mir_regulates_mrna,,0.3333333432674408,0.3333333432674408
MIMAT0019019,DUSP8,mir_regulates_mrna,,0.3333333432674408,0.3333333432674408
MIMAT0003307,EFNA1,mir_regulates_mrna,,0.10000000149011612,0.10000000149011612
MIMAT0027363,EFNA1,mir_regulates_mrna,,0.10000000149011612,0.10000000149011612
MIMAT0027516,EFNA1,mir_regulates_mrna,,0.10000000149011612,0.10000000149011612
MIMAT0027686,EFNA1,mir_regulates_mrna,,0.10000000149011612,0.10000000149011612
MIMAT0004508,EFNA1,mir_regulates_mrna,,0.10000000149011612,0.10000000149011612
MIMAT0004674,EFNA1,mir_regulates_mrna,,0.10000000149011612,0.10000000149011612
MIMAT0002823,EFNA1,mir_regulates_mrna,,0.10000000149011612,0.10000000149011612
MIMAT0015023,EFNA1,mir_regulates_mrna,,0.10000000149011612,0.10000000149011612
MIMAT0019079,EFNA1,mir_regulates_mrna,,0.10000000149011612,0.10000000149011612
MIMAT0027550,EFNA1,mir_regulates_mrna,,0.10000000149011612,0.10000000149011612
MIMAT0004703,FGF10,mir_regulates_mrna,,0.125,0.125
MIMAT0002808,FGF10,mir_regulates_mrna,,0.125,0.125
MIMAT0002860,FGF10,mir_regulates_mrna,,0.125,0.125
MIMAT0006778,FGF10,mir_regulates_mrna,,0.125,0.125
MIMAT0004959,FGF10,mir_regulates_mrna,,0.125,0.125
MIMAT0027561,FGF10,mir_regulates_mrna,,0.125,0.125
MIMAT0028214,FGF10,mir_regulates_mrna,,0.125,0.125
MIMAT0030020,FGF10,mir_regulates_mrna,,0.125,0.125
MIMAT0000063,NFATC3,mir_regulates_mrna,,0.20000000298023224,0.20000000298023224
MIMAT0000762,NFATC3,mir_regulates_mrna,,0.20000000298023224,0.20000000298023224
MIMAT0002841,NFATC3,mir_regulates_mrna,,0.20000000298023224,0.20000000298023224
MIMAT0026736,NFATC3,mir_regulates_mrna,,0.20000000298023224,0.20000000298023224
MIMAT0015028,NFATC3,mir_regulates_mrna,,0.20000000298023224,0.20000000298023224
MIMAT0000068,RPS6KA3,mir_regulates_mrna,,0.06666667014360428,0.06666667014360428
MIMAT0000258,RPS6KA3,mir_regulates_mrna,,0.06666667014360428,0.06666667014360428
MIMAT0000417,RPS6KA3,mir_regulates_mrna,,0.06666667014360428,0.06666667014360428
MIMAT0002842,RPS6KA3,mir_regulates_mrna,,0.06666667014360428,0.06666667014360428
MIMAT0003306,RPS6KA3,mir_regulates_mrna,,0.06666667014360428,0.06666667014360428
MIMAT0005794,RPS6KA3,mir_regulates_mrna,,0.06666667014360428,0.06666667014360428
MIMAT0003948,RPS6KA3,mir_regulates_mrna,,0.06666667014360428,0.06666667014360428
MIMAT0005592,RPS6KA3,mir_regulates_mrna,,0.06666667014360428,0.06666667014360428
MIMAT0014988,RPS6KA3,mir_regulates_mrna,,0.06666667014360428,0.06666667014360428
MIMAT0019836,RPS6KA3,mir_regulates_mrna,,0.06666667014360428,0.06666667014360428
MIMAT0019842,RPS6KA3,mir_regulates_mrna,,0.06666667014360428,0.06666667014360428
MIMAT0024782,RPS6KA3,mir_regulates_mrna,,0.06666667014360428,0.06666667014360428
MIMAT0027416,RPS6KA3,mir_regulates_mrna,,0.06666667014360428,0.06666667014360428
MIMAT0027612,RPS6KA3,mir_regulates_mrna,,0.06666667014360428,0.06666667014360428
MIMAT0027618,RPS6KA3,mir_regulates_mrna,,0.06666667014360428,0.06666667014360428
MIMAT0004508,TRAF6,mir_regulates_mrna,,0.03030303120613098,0.03030303120613098
MIMAT0000443,TRAF6,mir_regulates_mrna,,0.03030303120613098,0.03030303120613098
MIMAT0003385,TRAF6,mir_regulates_mrna,,0.03030303120613098,0.03030303120613098
MIMAT0002809,TRAF6,mir_regulates_mrna,,0.03030303120613098,0.03030303120613098
MIMAT0002871,TRAF6,mir_regulates_mrna,,0.03030303120613098,0.03030303120613098
MIMAT0004784,TRAF6,mir_regulates_mrna,,0.03030303120613098,0.03030303120613098
MIMAT0005892,TRAF6,mir_regulates_mrna,,0.03030303120613098,0.03030303120613098
MIMAT0032029,TRAF6,mir_regulates_mrna,,0.03030303120613098,0.03030303120613098
MIMAT0005904,TRAF6,mir_regulates_mrna,,0.03030303120613098,0.03030303120613098
MIMAT0015052,TRAF6,mir_regulates_mrna,,0.03030303120613098,0.03030303120613098
MIMAT0015089,TRAF6,mir_regulates_mrna,,0.03030303120613098,0.03030303120613098
MIMAT0019008,TRAF6,mir_regulates_mrna,,0.03030303120613098,0.03030303120613098
MIMAT0022484,TRAF6,mir_regulates_mrna,,0.03030303120613098,0.03030303120613098
MIMAT0023711,TRAF6,mir_regulates_mrna,,0.03030303120613098,0.03030303120613098
MIMAT0024610,TRAF6,mir_regulates_mrna,,0.03030303120613098,0.03030303120613098
MIMAT0024617,TRAF6,mir_regulates_mrna,,0.03030303120613098,0.03030303120613098
MIMAT0024618,TRAF6,mir_regulates_mrna,,0.03030303120613098,0.03030303120613098
MIMAT0025451,TRAF6,mir_regulates_mrna,,0.03030303120613098,0.03030303120613098
MIMAT0027396,TRAF6,mir_regulates_mrna,,0.03030303120613098,0.03030303120613098
MIMAT0027426,TRAF6,mir_regulates_mrna,,0.03030303120613098,0.03030303120613098
MIMAT0027432,TRAF6,mir_regulates_mrna,,0.03030303120613098,0.03030303120613098
MIMAT0027438,TRAF6,mir_regulates_mrna,,0.03030303120613098,0.03030303120613098
MIMAT0027470,TRAF6,mir_regulates_mrna,,0.03030303120613098,0.03030303120613098
MIMAT0027498,TRAF6,mir_regulates_mrna,,0.03030303120613098,0.03030303120613098
MIMAT0027550,TRAF6,mir_regulates_mrna,,0.03030303120613098,0.03030303120613098
MIMAT0027602,TRAF6,mir_regulates_mrna,,0.03030303120613098,0.03030303120613098
MIMAT0027660,TRAF6,mir_regulates_mrna,,0.03030303120613098,0.03030303120613098
MIMAT0000428,TRAF6,mir_regulates_mrna,,0.03030303120613098,0.03030303120613098
MIMAT0022721,TRAF6,mir_regulates_mrna,,0.03030303120613098,0.03030303120613098
MIMAT0019849,TRAF6,mir_regulates_mrna,,0.03030303120613098,0.03030303120613098
MIMAT0027391,TRAF6,mir_regulates_mrna,,0.03030303120613098,0.03030303120613098
MIMAT0027638,TRAF6,mir_regulates_mrna,,0.03030303120613098,0.03030303120613098
MIMAT0027656,TRAF6,mir_regulates_mrna,,0.03030303120613098,0.03030303120613098
MIMAT0004761,MAPKAPK2,mir_regulates_mrna,,0.125,0.125
MIMAT0003302,MAPKAPK2,mir_regulates_mrna,,0.125,0.125
MIMAT0019977,MAPKAPK2,mir_regulates_mrna,,0.125,0.125
MIMAT0027456,MAPKAPK2,mir_regulates_mrna,,0.125,0.125
MIMAT0027554,MAPKAPK2,mir_regulates_mrna,,0.125,0.125
MIMAT0002173,MAPKAPK2,mir_regulates_mrna,,0.125,0.125
MIMAT0022295,MAPKAPK2,mir_regulates_mrna,,0.125,0.125
MIMAT0027636,MAPKAPK2,mir_regulates_mrna,,0.125,0.125
MIMAT0005929,EFNA3,mir_regulates_mrna,,0.10000000149011612,0.10000000149011612
MIMAT0011778,EFNA3,mir_regulates_mrna,,0.10000000149011612,0.10000000149011612
MIMAT0016884,EFNA3,mir_regulates_mrna,,0.10000000149011612,0.10000000149011612
MIMAT0019064,EFNA3,mir_regulates_mrna,,0.10000000149011612,0.10000000149011612
MIMAT0019878,EFNA3,mir_regulates_mrna,,0.10000000149011612,0.10000000149011612
MIMAT0027456,EFNA3,mir_regulates_mrna,,0.10000000149011612,0.10000000149011612
MIMAT0027550,EFNA3,mir_regulates_mrna,,0.10000000149011612,0.10000000149011612
MIMAT0027640,EFNA3,mir_regulates_mrna,,0.10000000149011612,0.10000000149011612
MIMAT0028109,EFNA3,mir_regulates_mrna,,0.10000000149011612,0.10000000149011612
MIMAT0028119,EFNA3,mir_regulates_mrna,,0.10000000149011612,0.10000000149011612
MIMAT0004674,FGF19,mir_regulates_mrna,,0.06666667014360428,0.06666667014360428
MIMAT0003320,FGF19,mir_regulates_mrna,,0.06666667014360428,0.06666667014360428
MIMAT0010313,FGF19,mir_regulates_mrna,,0.06666667014360428,0.06666667014360428
MIMAT0005884,FGF19,mir_regulates_mrna,,0.06666667014360428,0.06666667014360428
MIMAT0015076,FGF19,mir_regulates_mrna,,0.06666667014360428,0.06666667014360428
MIMAT0022967,FGF19,mir_regulates_mrna,,0.06666667014360428,0.06666667014360428
MIMAT0018087,FGF19,mir_regulates_mrna,,0.06666667014360428,0.06666667014360428
MIMAT0018965,FGF19,mir_regulates_mrna,,0.06666667014360428,0.06666667014360428
MIMAT0019835,FGF19,mir_regulates_mrna,,0.06666667014360428,0.06666667014360428
MIMAT0021021,FGF19,mir_regulates_mrna,,0.06666667014360428,0.06666667014360428
MIMAT0027438,FGF19,mir_regulates_mrna,,0.06666667014360428,0.06666667014360428
MIMAT0027538,FGF19,mir_regulates_mrna,,0.06666667014360428,0.06666667014360428
MIMAT0027558,FGF19,mir_regulates_mrna,,0.06666667014360428,0.06666667014360428
MIMAT0027620,FGF19,mir_regulates_mrna,,0.06666667014360428,0.06666667014360428
MIMAT0030429,FGF19,mir_regulates_mrna,,0.06666667014360428,0.06666667014360428
MIMAT0000075,CRK,mir_regulates_mrna,,0.024390242993831635,0.024390242993831635
MIMAT0004674,CRK,mir_regulates_mrna,,0.024390242993831635,0.024390242993831635
MIMAT0000718,CRK,mir_regulates_mrna,,0.024390242993831635,0.024390242993831635
MIMAT0001629,CRK,mir_regulates_mrna,,0.024390242993831635,0.024390242993831635
MIMAT0002822,CRK,mir_regulates_mrna,,0.024390242993831635,0.024390242993831635
MIMAT0031074,CRK,mir_regulates_mrna,,0.024390242993831635,0.024390242993831635
MIMAT0026617,CRK,mir_regulates_mrna,,0.024390242993831635,0.024390242993831635
MIMAT0026621,CRK,mir_regulates_mrna,,0.024390242993831635,0.024390242993831635
MIMAT0003310,CRK,mir_regulates_mrna,,0.024390242993831635,0.024390242993831635
MIMAT0022720,CRK,mir_regulates_mrna,,0.024390242993831635,0.024390242993831635
MIMAT0015008,CRK,mir_regulates_mrna,,0.024390242993831635,0.024390242993831635
MIMAT0015041,CRK,mir_regulates_mrna,,0.024390242993831635,0.024390242993831635
MIMAT0015066,CRK,mir_regulates_mrna,,0.024390242993831635,0.024390242993831635
MIMAT0016871,CRK,mir_regulates_mrna,,0.024390242993831635,0.024390242993831635
MIMAT0016915,CRK,mir_regulates_mrna,,0.024390242993831635,0.024390242993831635
MIMAT0018004,CRK,mir_regulates_mrna,,0.024390242993831635,0.024390242993831635
MIMAT0018987,CRK,mir_regulates_mrna,,0.024390242993831635,0.024390242993831635
MIMAT0019021,CRK,mir_regulates_mrna,,0.024390242993831635,0.024390242993831635
MIMAT0019844,CRK,mir_regulates_mrna,,0.024390242993831635,0.024390242993831635
MIMAT0021128,CRK,mir_regulates_mrna,,0.024390242993831635,0.024390242993831635
MIMAT0027363,CRK,mir_regulates_mrna,,0.024390242993831635,0.024390242993831635
MIMAT0027520,CRK,mir_regulates_mrna,,0.024390242993831635,0.024390242993831635
MIMAT0027543,CRK,mir_regulates_mrna,,0.024390242993831635,0.024390242993831635
MIMAT0027572,CRK,mir_regulates_mrna,,0.024390242993831635,0.024390242993831635
MIMAT0027687,CRK,mir_regulates_mrna,,0.024390242993831635,0.024390242993831635
MIMAT0030426,CRK,mir_regulates_mrna,,0.024390242993831635,0.024390242993831635
MIMAT0031012,CRK,mir_regulates_mrna,,0.024390242993831635,0.024390242993831635
MIMAT0003288,CRK,mir_regulates_mrna,,0.024390242993831635,0.024390242993831635
MIMAT0005792,CRK,mir_regulates_mrna,,0.024390242993831635,0.024390242993831635
MIMAT0026917,CRK,mir_regulates_mrna,,0.024390242993831635,0.024390242993831635
MIMAT0015037,CRK,mir_regulates_mrna,,0.024390242993831635,0.024390242993831635
MIMAT0016881,CRK,mir_regulates_mrna,,0.024390242993831635,0.024390242993831635
MIMAT0017986,CRK,mir_regulates_mrna,,0.024390242993831635,0.024390242993831635
MIMAT0018930,CRK,mir_regulates_mrna,,0.024390242993831635,0.024390242993831635
MIMAT0019882,CRK,mir_regulates_mrna,,0.024390242993831635,0.024390242993831635
MIMAT0019962,CRK,mir_regulates_mrna,,0.024390242993831635,0.024390242993831635
MIMAT0027426,CRK,mir_regulates_mrna,,0.024390242993831635,0.024390242993831635
MIMAT0027476,CRK,mir_regulates_mrna,,0.024390242993831635,0.024390242993831635
MIMAT0027583,CRK,mir_regulates_mrna,,0.024390242993831635,0.024390242993831635
MIMAT0027614,CRK,mir_regulates_mrna,,0.024390242993831635,0.024390242993831635
MIMAT0030416,CRK,mir_regulates_mrna,,0.024390242993831635,0.024390242993831635
MIMAT0000071,CRKL,mir_regulates_mrna,,0.03125,0.03125
MIMAT0031890,CRKL,mir_regulates_mrna,,0.03125,0.03125
MIMAT0004565,CRKL,mir_regulates_mrna,,0.03125,0.03125
MIMAT0000418,CRKL,mir_regulates_mrna,,0.03125,0.03125
MIMAT0004599,CRKL,mir_regulates_mrna,,0.03125,0.03125
MIMAT0002175,CRKL,mir_regulates_mrna,,0.03125,0.03125
MIMAT0002882,CRKL,mir_regulates_mrna,,0.03125,0.03125
MIMAT0003291,CRKL,mir_regulates_mrna,,0.03125,0.03125
MIMAT0003320,CRKL,mir_regulates_mrna,,0.03125,0.03125
MIMAT0010367,CRKL,mir_regulates_mrna,,0.03125,0.03125
MIMAT0026720,CRKL,mir_regulates_mrna,,0.03125,0.03125
MIMAT0004952,CRKL,mir_regulates_mrna,,0.03125,0.03125
MIMAT0005869,CRKL,mir_regulates_mrna,,0.03125,0.03125
MIMAT0006767,CRKL,mir_regulates_mrna,,0.03125,0.03125
MIMAT0016886,CRKL,mir_regulates_mrna,,0.03125,0.03125
MIMAT0018089,CRKL,mir_regulates_mrna,,0.03125,0.03125
MIMAT0018122,CRKL,mir_regulates_mrna,,0.03125,0.03125
MIMAT0018206,CRKL,mir_regulates_mrna,,0.03125,0.03125
MIMAT0018349,CRKL,mir_regulates_mrna,,0.03125,0.03125
MIMAT0019712,CRKL,mir_regulates_mrna,,0.03125,0.03125
MIMAT0019788,CRKL,mir_regulates_mrna,,0.03125,0.03125
MIMAT0019799,CRKL,mir_regulates_mrna,,0.03125,0.03125
MIMAT0019966,CRKL,mir_regulates_mrna,,0.03125,0.03125
MIMAT0027345,CRKL,mir_regulates_mrna,,0.03125,0.03125
MIMAT0027386,CRKL,mir_regulates_mrna,,0.03125,0.03125
MIMAT0027389,CRKL,mir_regulates_mrna,,0.03125,0.03125
MIMAT0027460,CRKL,mir_regulates_mrna,,0.03125,0.03125
MIMAT0027578,CRKL,mir_regulates_mrna,,0.03125,0.03125
MIMAT0027668,CRKL,mir_regulates_mrna,,0.03125,0.03125
MIMAT0027686,CRKL,mir_regulates_mrna,,0.03125,0.03125
MIMAT0028121,CRKL,mir_regulates_mrna,,0.03125,0.03125
MIMAT0028227,CRKL,mir_regulates_mrna,,0.03125,0.03125
MIMAT0000763,FOS,mir_regulates_mrna,,0.3333333432674408,0.3333333432674408
MIMAT0015378,FOS,mir_regulates_mrna,,0.3333333432674408,0.3333333432674408
MIMAT0028213,FOS,mir_regulates_mrna,,0.3333333432674408,0.3333333432674408
MIMAT0031180,HSPA1B,mir_regulates_mrna,,1.0,1.0
MIMAT0000443,MAP3K1,mir_regulates_mrna,,0.5,0.5
MIMAT0019759,MAP3K1,mir_regulates_mrna,,0.5,0.5
MIMAT0027583,TAB1,mir_regulates_mrna,,0.25,0.25
MIMAT0019862,TAB1,mir_regulates_mrna,,0.25,0.25
MIMAT0027663,TAB1,mir_regulates_mrna,,0.25,0.25
MIMAT0027681,TAB1,mir_regulates_mrna,,0.25,0.25
MIMAT0000255,RRAS,mir_regulates_mrna,,0.3333333432674408,0.3333333432674408
MIMAT0000422,RRAS,mir_regulates_mrna,,0.3333333432674408,0.3333333432674408
MIMAT0005892,RRAS,mir_regulates_mrna,,0.3333333432674408,0.3333333432674408
MIMAT0004680,HSPA8,mir_regulates_mrna,,1.0,1.0
MIMAT0000244,RAC1,mir_regulates_mrna,,0.1111111119389534,0.1111111119389534
MIMAT0001343,RAC1,mir_regulates_mrna,,0.1111111119389534,0.1111111119389534
MIMAT0003247,RAC1,mir_regulates_mrna,,0.1111111119389534,0.1111111119389534
MIMAT0003320,RAC1,mir_regulates_mrna,,0.1111111119389534,0.1111111119389534
MIMAT0004947,RAC1,mir_regulates_mrna,,0.1111111119389534,0.1111111119389534
MIMAT0015052,RAC1,mir_regulates_mrna,,0.1111111119389534,0.1111111119389534
MIMAT0018114,RAC1,mir_regulates_mrna,,0.1111111119389534,0.1111111119389534
MIMAT0027520,RAC1,mir_regulates_mrna,,0.1111111119389534,0.1111111119389534
MIMAT0027550,RAC1,mir_regulates_mrna,,0.1111111119389534,0.1111111119389534
MIMAT0000759,SOS2,mir_regulates_mrna,,0.5,0.5
MIMAT0027633,SOS2,mir_regulates_mrna,,0.5,0.5
MIMAT0003884,DUSP10,mir_regulates_mrna,,1.0,1.0
MIMAT0022946,MAPK8IP2,mir_regulates_mrna,,0.3333333432674408,0.3333333432674408
MIMAT0019791,MAPK8IP2,mir_regulates_mrna,,0.3333333432674408,0.3333333432674408
MIMAT0031004,MAPK8IP2,mir_regulates_mrna,,0.3333333432674408,0.3333333432674408
MIMAT0004795,PDGFC,mir_regulates_mrna,,1.0,1.0
MIMAT0000257,NLK,mir_regulates_mrna,,0.25,0.25
MIMAT0026740,NLK,mir_regulates_mrna,,0.25,0.25
MIMAT0015032,NLK,mir_regulates_mrna,,0.25,0.25
MIMAT0027536,NLK,mir_regulates_mrna,,0.25,0.25
MIMAT0007888,MAP3K20,mir_regulates_mrna,,0.1666666716337204,0.1666666716337204
MIMAT0027499,MAP3K20,mir_regulates_mrna,,0.1666666716337204,0.1666666716337204
MIMAT0019886,MAP3K20,mir_regulates_mrna,,0.1666666716337204,0.1666666716337204
MIMAT0019214,MAP3K20,mir_regulates_mrna,,0.1666666716337204,0.1666666716337204
MIMAT0027405,MAP3K20,mir_regulates_mrna,,0.1666666716337204,0.1666666716337204
MIMAT0031179,MAP3K20,mir_regulates_mrna,,0.1666666716337204,0.1666666716337204
MIMAT0004564,MKNK2,mir_regulates_mrna,,0.03846153989434242,0.03846153989434242
MIMAT0000419,MKNK2,mir_regulates_mrna,,0.03846153989434242,0.03846153989434242
MIMAT0004748,MKNK2,mir_regulates_mrna,,0.03846153989434242,0.03846153989434242
MIMAT0004986,MKNK2,mir_regulates_mrna,,0.03846153989434242,0.03846153989434242
MIMAT0005825,MKNK2,mir_regulates_mrna,,0.03846153989434242,0.03846153989434242
MIMAT0005907,MKNK2,mir_regulates_mrna,,0.03846153989434242,0.03846153989434242
MIMAT0015377,MKNK2,mir_regulates_mrna,,0.03846153989434242,0.03846153989434242
MIMAT0015014,MKNK2,mir_regulates_mrna,,0.03846153989434242,0.03846153989434242
MIMAT0018006,MKNK2,mir_regulates_mrna,,0.03846153989434242,0.03846153989434242
MIMAT0018081,MKNK2,mir_regulates_mrna,,0.03846153989434242,0.03846153989434242
MIMAT0020956,MKNK2,mir_regulates_mrna,,0.03846153989434242,0.03846153989434242
MIMAT0019716,MKNK2,mir_regulates_mrna,,0.03846153989434242,0.03846153989434242
MIMAT0019781,MKNK2,mir_regulates_mrna,,0.03846153989434242,0.03846153989434242
MIMAT0019844,MKNK2,mir_regulates_mrna,,0.03846153989434242,0.03846153989434242
MIMAT0022979,MKNK2,mir_regulates_mrna,,0.03846153989434242,0.03846153989434242
MIMAT0023702,MKNK2,mir_regulates_mrna,,0.03846153989434242,0.03846153989434242
MIMAT0024617,MKNK2,mir_regulates_mrna,,0.03846153989434242,0.03846153989434242
MIMAT0025852,MKNK2,mir_regulates_mrna,,0.03846153989434242,0.03846153989434242
MIMAT0027454,MKNK2,mir_regulates_mrna,,0.03846153989434242,0.03846153989434242
MIMAT0027470,MKNK2,mir_regulates_mrna,,0.03846153989434242,0.03846153989434242
MIMAT0027516,MKNK2,mir_regulates_mrna,,0.03846153989434242,0.03846153989434242
MIMAT0027666,MKNK2,mir_regulates_mrna,,0.03846153989434242,0.03846153989434242
MIMAT0030413,MKNK2,mir_regulates_mrna,,0.03846153989434242,0.03846153989434242
MIMAT0004611,MKNK2,mir_regulates_mrna,,0.03846153989434242,0.03846153989434242
MIMAT0019955,MKNK2,mir_regulates_mrna,,0.03846153989434242,0.03846153989434242
MIMAT0027431,MKNK2,mir_regulates_mrna,,0.03846153989434242,0.03846153989434242
MIMAT0000104,GNG12,mir_regulates_mrna,,0.06666667014360428,0.06666667014360428
MIMAT0000273,GNG12,mir_regulates_mrna,,0.06666667014360428,0.06666667014360428
MIMAT0004748,GNG12,mir_regulates_mrna,,0.06666667014360428,0.06666667014360428
MIMAT0002833,GNG12,mir_regulates_mrna,,0.06666667014360428,0.06666667014360428
MIMAT0003249,GNG12,mir_regulates_mrna,,0.06666667014360428,0.06666667014360428
MIMAT0005827,GNG12,mir_regulates_mrna,,0.06666667014360428,0.06666667014360428
MIMAT0005878,GNG12,mir_regulates_mrna,,0.06666667014360428,0.06666667014360428
MIMAT0019201,GNG12,mir_regulates_mrna,,0.06666667014360428,0.06666667014360428
MIMAT0018109,GNG12,mir_regulates_mrna,,0.06666667014360428,0.06666667014360428
MIMAT0018985,GNG12,mir_regulates_mrna,,0.06666667014360428,0.06666667014360428
MIMAT0019709,GNG12,mir_regulates_mrna,,0.06666667014360428,0.06666667014360428
MIMAT0019841,GNG12,mir_regulates_mrna,,0.06666667014360428,0.06666667014360428
MIMAT0027578,GNG12,mir_regulates_mrna,,0.06666667014360428,0.06666667014360428
MIMAT0030990,GNG12,mir_regulates_mrna,,0.06666667014360428,0.06666667014360428
MIMAT0031007,GNG12,mir_regulates_mrna,,0.06666667014360428,0.06666667014360428
MIMAT0000068,TAOK1,mir_regulates_mrna,,0.013513513840734959,0.013513513840734959
MIMAT0000069,TAOK1,mir_regulates_mrna,,0.013513513840734959,0.013513513840734959
MIMAT0022691,TAOK1,mir_regulates_mrna,,0.013513513840734959,0.013513513840734959
MIMAT0022844,TAOK1,mir_regulates_mrna,,0.013513513840734959,0.013513513840734959
MIMAT0000417,TAOK1,mir_regulates_mrna,,0.013513513840734959,0.013513513840734959
MIMAT0004588,TAOK1,mir_regulates_mrna,,0.013513513840734959,0.013513513840734959
MIMAT0000424,TAOK1,mir_regulates_mrna,,0.013513513840734959,0.013513513840734959
MIMAT0000441,TAOK1,mir_regulates_mrna,,0.013513513840734959,0.013513513840734959
MIMAT0004602,TAOK1,mir_regulates_mrna,,0.013513513840734959,0.013513513840734959
MIMAT0000455,TAOK1,mir_regulates_mrna,,0.013513513840734959,0.013513513840734959
MIMAT0000461,TAOK1,mir_regulates_mrna,,0.013513513840734959,0.013513513840734959
MIMAT0000684,TAOK1,mir_regulates_mrna,,0.013513513840734959,0.013513513840734959
MIMAT0000715,TAOK1,mir_regulates_mrna,,0.013513513840734959,0.013513513840734959
MIMAT0000718,TAOK1,mir_regulates_mrna,,0.013513513840734959,0.013513513840734959
MIMAT0000724,TAOK1,mir_regulates_mrna,,0.013513513840734959,0.013513513840734959
MIMAT0001412,TAOK1,mir_regulates_mrna,,0.013513513840734959,0.013513513840734959
MIMAT0004767,TAOK1,mir_regulates_mrna,,0.013513513840734959,0.013513513840734959
MIMAT0002820,TAOK1,mir_regulates_mrna,,0.013513513840734959,0.013513513840734959
MIMAT0002838,TAOK1,mir_regulates_mrna,,0.013513513840734959,0.013513513840734959
MIMAT0002846,TAOK1,mir_regulates_mrna,,0.013513513840734959,0.013513513840734959
MIMAT0002856,TAOK1,mir_regulates_mrna,,0.013513513840734959,0.013513513840734959
MIMAT0003255,TAOK1,mir_regulates_mrna,,0.013513513840734959,0.013513513840734959
MIMAT0026622,TAOK1,mir_regulates_mrna,,0.013513513840734959,0.013513513840734959
MIMAT0003316,TAOK1,mir_regulates_mrna,,0.013513513840734959,0.013513513840734959
MIMAT0026734,TAOK1,mir_regulates_mrna,,0.013513513840734959,0.013513513840734959
MIMAT0022942,TAOK1,mir_regulates_mrna,,0.013513513840734959,0.013513513840734959
MIMAT0005898,TAOK1,mir_regulates_mrna,,0.013513513840734959,0.013513513840734959
MIMAT0005929,TAOK1,mir_regulates_mrna,,0.013513513840734959,0.013513513840734959
MIMAT0014997,TAOK1,mir_regulates_mrna,,0.013513513840734959,0.013513513840734959
MIMAT0015002,TAOK1,mir_regulates_mrna,,0.013513513840734959,0.013513513840734959
MIMAT0015039,TAOK1,mir_regulates_mrna,,0.013513513840734959,0.013513513840734959
MIMAT0019215,TAOK1,mir_regulates_mrna,,0.013513513840734959,0.013513513840734959
MIMAT0016886,TAOK1,mir_regulates_mrna,,0.013513513840734959,0.013513513840734959
MIMAT0018088,TAOK1,mir_regulates_mrna,,0.013513513840734959,0.013513513840734959
MIMAT0018203,TAOK1,mir_regulates_mrna,,0.013513513840734959,0.013513513840734959
MIMAT0019003,TAOK1,mir_regulates_mrna,,0.013513513840734959,0.013513513840734959
MIMAT0019043,TAOK1,mir_regulates_mrna,,0.013513513840734959,0.013513513840734959
MIMAT0019062,TAOK1,mir_regulates_mrna,,0.013513513840734959,0.013513513840734959
MIMAT0019730,TAOK1,mir_regulates_mrna,,0.013513513840734959,0.013513513840734959
MIMAT0019769,TAOK1,mir_regulates_mrna,,0.013513513840734959,0.013513513840734959
MIMAT0019838,TAOK1,mir_regulates_mrna,,0.013513513840734959,0.013513513840734959
MIMAT0019861,TAOK1,mir_regulates_mrna,,0.013513513840734959,0.013513513840734959
MIMAT0019891,TAOK1,mir_regulates_mrna,,0.013513513840734959,0.013513513840734959
MIMAT0019960,TAOK1,mir_regulates_mrna,,0.013513513840734959,0.013513513840734959
MIMAT0021043,TAOK1,mir_regulates_mrna,,0.013513513840734959,0.013513513840734959
MIMAT0021045,TAOK1,mir_regulates_mrna,,0.013513513840734959,0.013513513840734959
MIMAT0021081,TAOK1,mir_regulates_mrna,,0.013513513840734959,0.013513513840734959
MIMAT0022491,TAOK1,mir_regulates_mrna,,0.013513513840734959,0.013513513840734959
MIMAT0025857,TAOK1,mir_regulates_mrna,,0.013513513840734959,0.013513513840734959
MIMAT0027395,TAOK1,mir_regulates_mrna,,0.013513513840734959,0.013513513840734959
MIMAT0027438,TAOK1,mir_regulates_mrna,,0.013513513840734959,0.013513513840734959
MIMAT0027475,TAOK1,mir_regulates_mrna,,0.013513513840734959,0.013513513840734959
MIMAT0027514,TAOK1,mir_regulates_mrna,,0.013513513840734959,0.013513513840734959
MIMAT0027577,TAOK1,mir_regulates_mrna,,0.013513513840734959,0.013513513840734959
MIMAT0027607,TAOK1,mir_regulates_mrna,,0.013513513840734959,0.013513513840734959
MIMAT0027620,TAOK1,mir_regulates_mrna,,0.013513513840734959,0.013513513840734959
MIMAT0027634,TAOK1,mir_regulates_mrna,,0.013513513840734959,0.013513513840734959
MIMAT0027640,TAOK1,mir_regulates_mrna,,0.013513513840734959,0.013513513840734959
MIMAT0027652,TAOK1,mir_regulates_mrna,,0.013513513840734959,0.013513513840734959
MIMAT0027660,TAOK1,mir_regulates_mrna,,0.013513513840734959,0.013513513840734959
MIMAT0028213,TAOK1,mir_regulates_mrna,,0.013513513840734959,0.013513513840734959
MIMAT0030992,TAOK1,mir_regulates_mrna,,0.013513513840734959,0.013513513840734959
MIMAT0004919,TAOK1,mir_regulates_mrna,,0.013513513840734959,0.013513513840734959
MIMAT0015052,TAOK1,mir_regulates_mrna,,0.013513513840734959,0.013513513840734959
MIMAT0016916,TAOK1,mir_regulates_mrna,,0.013513513840734959,0.013513513840734959
MIMAT0019072,TAOK1,mir_regulates_mrna,,0.013513513840734959,0.013513513840734959
MIMAT0019739,TAOK1,mir_regulates_mrna,,0.013513513840734959,0.013513513840734959
MIMAT0019798,TAOK1,mir_regulates_mrna,,0.013513513840734959,0.013513513840734959
MIMAT0019799,TAOK1,mir_regulates_mrna,,0.013513513840734959,0.013513513840734959
MIMAT0019912,TAOK1,mir_regulates_mrna,,0.013513513840734959,0.013513513840734959
MIMAT0027391,TAOK1,mir_regulates_mrna,,0.013513513840734959,0.013513513840734959
MIMAT0027543,TAOK1,mir_regulates_mrna,,0.013513513840734959,0.013513513840734959
MIMAT0028119,TAOK1,mir_regulates_mrna,,0.013513513840734959,0.013513513840734959
MIMAT0031012,TAOK1,mir_regulates_mrna,,0.013513513840734959,0.013513513840734959
MIMAT0000418,PPM1A,mir_regulates_mrna,,0.07692307978868484,0.07692307978868484
MIMAT0000097,PPM1A,mir_regulates_mrna,,0.07692307978868484,0.07692307978868484
MIMAT0002174,PPM1A,mir_regulates_mrna,,0.07692307978868484,0.07692307978868484
MIMAT0002874,PPM1A,mir_regulates_mrna,,0.07692307978868484,0.07692307978868484
MIMAT0004780,PPM1A,mir_regulates_mrna,,0.07692307978868484,0.07692307978868484
MIMAT0022707,PPM1A,mir_regulates_mrna,,0.07692307978868484,0.07692307978868484
MIMAT0003271,PPM1A,mir_regulates_mrna,,0.07692307978868484,0.07692307978868484
MIMAT0003316,PPM1A,mir_regulates_mrna,,0.07692307978868484,0.07692307978868484
MIMAT0005949,PPM1A,mir_regulates_mrna,,0.07692307978868484,0.07692307978868484
MIMAT0019213,PPM1A,mir_regulates_mrna,,0.07692307978868484,0.07692307978868484
MIMAT0018989,PPM1A,mir_regulates_mrna,,0.07692307978868484,0.07692307978868484
MIMAT0033692,PPM1A,mir_regulates_mrna,,0.07692307978868484,0.07692307978868484
MIMAT0022255,PPM1A,mir_regulates_mrna,,0.07692307978868484,0.07692307978868484
MIMAT0021039,TRAF2,mir_regulates_mrna,,0.5,0.5
MIMAT0027041,TRAF2,mir_regulates_mrna,,0.5,0.5
MIMAT0000063,CACNG8,mir_regulates_mrna,,0.018518518656492233,0.018518518656492233
MIMAT0000227,CACNG8,mir_regulates_mrna,,0.018518518656492233,0.018518518656492233
MIMAT0004550,CACNG8,mir_regulates_mrna,,0.018518518656492233,0.018518518656492233
MIMAT0000265,CACNG8,mir_regulates_mrna,,0.018518518656492233,0.018518518656492233
MIMAT0004589,CACNG8,mir_regulates_mrna,,0.018518518656492233,0.018518518656492233
MIMAT0004599,CACNG8,mir_regulates_mrna,,0.018518518656492233,0.018518518656492233
MIMAT0004676,CACNG8,mir_regulates_mrna,,0.018518518656492233,0.018518518656492233
MIMAT0004687,CACNG8,mir_regulates_mrna,,0.018518518656492233,0.018518518656492233
MIMAT0000732,CACNG8,mir_regulates_mrna,,0.018518518656492233,0.018518518656492233
MIMAT0001629,CACNG8,mir_regulates_mrna,,0.018518518656492233,0.018518518656492233
MIMAT0004792,CACNG8,mir_regulates_mrna,,0.018518518656492233,0.018518518656492233
MIMAT0003284,CACNG8,mir_regulates_mrna,,0.018518518656492233,0.018518518656492233
MIMAT0003310,CACNG8,mir_regulates_mrna,,0.018518518656492233,0.018518518656492233
MIMAT0022711,CACNG8,mir_regulates_mrna,,0.018518518656492233,0.018518518656492233
MIMAT0018926,CACNG8,mir_regulates_mrna,,0.018518518656492233,0.018518518656492233
MIMAT0026720,CACNG8,mir_regulates_mrna,,0.018518518656492233,0.018518518656492233
MIMAT0004952,CACNG8,mir_regulates_mrna,,0.018518518656492233,0.018518518656492233
MIMAT0004983,CACNG8,mir_regulates_mrna,,0.018518518656492233,0.018518518656492233
MIMAT0005891,CACNG8,mir_regulates_mrna,,0.018518518656492233,0.018518518656492233
MIMAT0011157,CACNG8,mir_regulates_mrna,,0.018518518656492233,0.018518518656492233
MIMAT0019198,CACNG8,mir_regulates_mrna,,0.018518518656492233,0.018518518656492233
MIMAT0019200,CACNG8,mir_regulates_mrna,,0.018518518656492233,0.018518518656492233
MIMAT0014999,CACNG8,mir_regulates_mrna,,0.018518518656492233,0.018518518656492233
MIMAT0016879,CACNG8,mir_regulates_mrna,,0.018518518656492233,0.018518518656492233
MIMAT0016884,CACNG8,mir_regulates_mrna,,0.018518518656492233,0.018518518656492233
MIMAT0019220,CACNG8,mir_regulates_mrna,,0.018518518656492233,0.018518518656492233
MIMAT0018181,CACNG8,mir_regulates_mrna,,0.018518518656492233,0.018518518656492233
MIMAT0018932,CACNG8,mir_regulates_mrna,,0.018518518656492233,0.018518518656492233
MIMAT0018949,CACNG8,mir_regulates_mrna,,0.018518518656492233,0.018518518656492233
MIMAT0019006,CACNG8,mir_regulates_mrna,,0.018518518656492233,0.018518518656492233
MIMAT0019007,CACNG8,mir_regulates_mrna,,0.018518518656492233,0.018518518656492233
MIMAT0019717,CACNG8,mir_regulates_mrna,,0.018518518656492233,0.018518518656492233
MIMAT0019788,CACNG8,mir_regulates_mrna,,0.018518518656492233,0.018518518656492233
MIMAT0019895,CACNG8,mir_regulates_mrna,,0.018518518656492233,0.018518518656492233
MIMAT0019920,CACNG8,mir_regulates_mrna,,0.018518518656492233,0.018518518656492233
MIMAT0021124,CACNG8,mir_regulates_mrna,,0.018518518656492233,0.018518518656492233
MIMAT0025455,CACNG8,mir_regulates_mrna,,0.018518518656492233,0.018518518656492233
MIMAT0025465,CACNG8,mir_regulates_mrna,,0.018518518656492233,0.018518518656492233
MIMAT0025485,CACNG8,mir_regulates_mrna,,0.018518518656492233,0.018518518656492233
MIMAT0027381,CACNG8,mir_regulates_mrna,,0.018518518656492233,0.018518518656492233
MIMAT0027382,CACNG8,mir_regulates_mrna,,0.018518518656492233,0.018518518656492233
MIMAT0027417,CACNG8,mir_regulates_mrna,,0.018518518656492233,0.018518518656492233
MIMAT0027433,CACNG8,mir_regulates_mrna,,0.018518518656492233,0.018518518656492233
MIMAT0027458,CACNG8,mir_regulates_mrna,,0.018518518656492233,0.018518518656492233
MIMAT0027460,CACNG8,mir_regulates_mrna,,0.018518518656492233,0.018518518656492233
MIMAT0027519,CACNG8,mir_regulates_mrna,,0.018518518656492233,0.018518518656492233
MIMAT0027535,CACNG8,mir_regulates_mrna,,0.018518518656492233,0.018518518656492233
MIMAT0027543,CACNG8,mir_regulates_mrna,,0.018518518656492233,0.018518518656492233
MIMAT0027565,CACNG8,mir_regulates_mrna,,0.018518518656492233,0.018518518656492233
MIMAT0027588,CACNG8,mir_regulates_mrna,,0.018518518656492233,0.018518518656492233
MIMAT0027668,CACNG8,mir_regulates_mrna,,0.018518518656492233,0.018518518656492233
MIMAT0027689,CACNG8,mir_regulates_mrna,,0.018518518656492233,0.018518518656492233
MIMAT0027691,CACNG8,mir_regulates_mrna,,0.018518518656492233,0.018518518656492233
MIMAT0030415,CACNG8,mir_regulates_mrna,,0.018518518656492233,0.018518518656492233
MIMAT0019857,CACNG6,mir_regulates_mrna,,1.0,1.0
MIMAT0019883,MAP3K21,mir_regulates_mrna,,1.0,1.0
MIMAT0019001,PLA2G4D,mir_regulates_mrna,,0.5,0.5
MIMAT0031119,PLA2G4D,mir_regulates_mrna,,0.5,0.5
MIMAT0000092,PLA2G4F,mir_regulates_mrna,,1.0,1.0
