Source1,Source2,Weight_mean
abscess,acid reflux,0.0625714
abscess,anaphylaxis,0.0564167
abscess,anemia,0.03025
abscess,aneurysm,0.09975
abscess,angina,0.104
abscess,appendicitis,0.15275
abscess,arthritis,0.0741111
abscess,asthma,0.043625
abscess,atopic dermatitis,0.0594
abscess,bed bug bite,0.03725
abscess,bell's palsy,0.0213333
abscess,bladder cancer,0.0768
abscess,bone fracture,0.1032
abscess,bone infection,0.0794091
abscess,borderline personality disorder,0.032
abscess,brain tumor,0.04975
abscess,breast cancer,0.05175
abscess,bronchitis,0.0893333
abscess,burn,0.0739167
abscess,cardiomyopathy,0.0105
abscess,carpal tunnel syndrome,0.07525
abscess,cataracts,0.0115
abscess,celiac disease,0.10675
abscess,cellulitis,0.11725
abscess,cervical cancer,0.1142
abscess,cervical radiculopathy,0.1095
abscess,chicken pox,0.0492143
abscess,chlamydia,0.099375
abscess,cholangiocarcinoma,0.119583
abscess,cholecystitis,0.124214
abscess,chronic kidney disease,0.0474
abscess,chronic obstructive pulmonary disease,0.0541667
abscess,chronic pain,0.1155
abscess,cirrhosis of the liver,0.06625
abscess,colon cancer,0.0705
abscess,common cold,0.048
abscess,concussion,0.0355
abscess,congestive heart failure,0.1045
abscess,coronary artery disease,0.02225
abscess,crohn's disease,0.11175
abscess,deep vein thrombosis,0.114
abscess,dementia,0.027
abscess,diverticulitis,0.1285
abscess,diverticulosis,0.0730833
abscess,drug withdrawal,0.0315
abscess,ectopic pregnancy,0.1075
abscess,encephalitis,0.047875
abscess,encephalopathy,0.0615
abscess,endometrial cancer,0.05375
abscess,endometriosis,0.104357
abscess,epididymitis,0.098
abscess,epilepsy,0.03375
abscess,esophageal cancer,0.0412
abscess,fibroids,0.1015
abscess,fibromyalgia,0.06435
abscess,gallstones,0.105188
abscess,gastritis,0.1175
abscess,gastroparesis,0.1308
abscess,glaucoma,0.056
abscess,goiter,0.0368
abscess,gout,0.109571
abscess,groin hernia,0.0955714
abscess,heart attack,0.0945
abscess,hepatitis a,0.0866429
abscess,hepatitis b,0.0360714
abscess,hepatitis c,0.0725
abscess,hiatal hernia,0.0656667
abscess,high cholesterol,0.016
abscess,hiv/aids,0.0428333
abscess,hives,0.0520833
abscess,hyperthyroidism,0.0421667
abscess,hyponatremia,0.052
abscess,hypothyroidism,0.02925
abscess,insect bites and stings,0.0615
abscess,iron deficiency anemia,0.0175
abscess,irritable bowel syndrome,0.0792857
abscess,kidney infection,0.126625
abscess,kidney stone,0.08105
abscess,liver cancer,0.11675
abscess,low back pain,0.1339
abscess,lung cancer,0.0377143
abscess,lupus,0.0797857
abscess,lyme disease,0.0845
abscess,major depression,0.017
abscess,melanoma,0.027
abscess,meningitis,0.0926429
abscess,middle ear infection,0.0782857
abscess,migraine,0.1095
abscess,miscarriage,0.0574167
abscess,mono,0.108364
abscess,multiple myeloma,0.0714167
abscess,multiple sclerosis,0.0248571
abscess,myasthenia gravis,0.05725
abscess,neutropenia,0.104875
abscess,obesity,0.06625
abscess,osteoarthritis,0.0935
abscess,osteoporosis,0.1085
abscess,ovarian cancer,0.0899286
abscess,ovarian cyst,0.1445
abscess,pancreatitis,0.126929
abscess,parkinson's disease,0.022625
abscess,pink eye,0.079
abscess,plantar fasciitis,0.122
abscess,pleural effusion,0.0625
abscess,pneumonia,0.0674
abscess,pneumothorax,0.0575
abscess,polycystic ovary syndrome,0.1108
abscess,post traumatic stress disorder,0.0105
abscess,prostate cancer,0.057
abscess,psoriasis,0.0629444
abscess,pulmonary embolism,0.0385
abscess,pulmonary hypertension,0.0275
abscess,retinal detachment,0.016
abscess,rhabdomyolysis,0.0775
abscess,rheumatoid arthritis,0.100417
abscess,sciatica,0.171
abscess,seasonal allergies,0.0521
abscess,sebaceous cyst,0.117643
abscess,sepsis,0.0837
abscess,shingles,0.0754286
abscess,sickle cell anemia,0.125333
abscess,sinusitis,0.0731429
abscess,sleep apnea,0.028
abscess,spondylosis,0.10025
abscess,sprained ankle,0.1525
abscess,sprained knee,0.1165
abscess,sprained wrist,0.208167
abscess,stomach flu,0.125083
abscess,stomach ulcer,0.111
abscess,strep throat,0.118318
abscess,stroke,0.01375
abscess,tension headache,0.1685
abscess,thoracic radiculopathy,0.1905
abscess,thyroid cancer,0.0555
abscess,thyroid nodules,0.0661667
abscess,traumatic brain injury,0.0395
abscess,type 1 diabetes,0.045125
abscess,type 2 diabetes,0.04975
abscess,ulcerative colitis,0.0993125
abscess,upper respiratory infection,0.09
abscess,urinary tract infection,0.0387857
abscess,vitamin d deficiency,0.053
acid reflux,acute renal failure,0.0354375
acid reflux,alcohol intoxication,0.0473333
acid reflux,alcoholism,0.0447
acid reflux,alzheimer's disease,0.0171667
acid reflux,anaphylaxis,0.0325
acid reflux,anemia,0.0353077
acid reflux,aneurysm,0.0687
acid reflux,angina,0.0440476
acid reflux,aphasia,0.01925
acid reflux,appendicitis,0.117385
acid reflux,arrhythmia,0.032
acid reflux,arthritis,0.0644286
acid reflux,asthma,0.0319643
acid reflux,atopic dermatitis,0.0269167
acid reflux,atrial fibrillation,0.0178889
acid reflux,bed bug bite,0.0415
acid reflux,bell's palsy,0.0326667
acid reflux,bipolar disorder,0.0523571
acid reflux,bladder cancer,0.0557
acid reflux,bone fracture,0.16025
acid reflux,bone infection,0.0594167
acid reflux,borderline personality disorder,0.0935833
acid reflux,brain tumor,0.03725
acid reflux,breast cancer,0.0297778
acid reflux,bronchitis,0.0568
acid reflux,burn,0.0445625
acid reflux,cardiac arrest,0.0298333
acid reflux,cardiomyopathy,0.0188636
acid reflux,carpal tunnel syndrome,0.0589
acid reflux,cataracts,0.0254167
acid reflux,celiac disease,0.0624722
acid reflux,cellulitis,0.091
acid reflux,cervical cancer,0.0732083
acid reflux,cervical radiculopathy,0.0787857
acid reflux,chicken pox,0.0350833
acid reflux,chlamydia,0.0971875
acid reflux,cholangiocarcinoma,0.0740455
acid reflux,cholecystitis,0.0906667
acid reflux,chronic kidney disease,0.02125
acid reflux,chronic obstructive pulmonary disease,0.0281364
acid reflux,chronic pain,0.0822
acid reflux,cirrhosis of the liver,0.0412333
acid reflux,colon cancer,0.0512187
acid reflux,common cold,0.0259583
acid reflux,concussion,0.0525556
acid reflux,congestive heart failure,0.0355625
acid reflux,coronary artery disease,0.0222857
acid reflux,crohn's disease,0.0652895
acid reflux,deep vein thrombosis,0.0589167
acid reflux,dementia,0.0178
acid reflux,diverticulitis,0.0986667
acid reflux,diverticulosis,0.0624091
acid reflux,drug withdrawal,0.0494615
acid reflux,ectopic pregnancy,0.0933889
acid reflux,encephalitis,0.0346
acid reflux,encephalopathy,0.03275
acid reflux,endometrial cancer,0.0391111
acid reflux,endometriosis,0.0812143
acid reflux,epididymitis,0.101714
acid reflux,epilepsy,0.0294286
acid reflux,esophageal cancer,0.0414231
acid reflux,fibroids,0.079
acid reflux,fibromyalgia,0.0522353
acid reflux,gallstones,0.0942083
acid reflux,gastritis,0.0715588
acid reflux,gastroparesis,0.100714
acid reflux,glaucoma,0.025
acid reflux,goiter,0.0253125
acid reflux,gout,0.0931667
acid reflux,groin hernia,0.0666818
acid reflux,heart attack,0.0395
acid reflux,hepatitis a,0.0658077
acid reflux,hepatitis b,0.031125
acid reflux,hepatitis c,0.049125
acid reflux,hiatal hernia,0.0539
acid reflux,high blood pressure,0.0309286
acid reflux,high cholesterol,0.033375
acid reflux,hiv/aids,0.0331
acid reflux,hives,0.012375
acid reflux,hyperthyroidism,0.0322647
acid reflux,hypoglycemia,0.018
acid reflux,hyponatremia,0.0322083
acid reflux,hypothyroidism,0.0221053
acid reflux,insect bites and stings,0.02
acid reflux,iron deficiency anemia,0.033
acid reflux,irritable bowel syndrome,0.0742188
acid reflux,kidney infection,0.0765
acid reflux,kidney stone,0.08765
acid reflux,liver cancer,0.0765
acid reflux,low back pain,0.10325
acid reflux,lung cancer,0.0279167
acid reflux,lupus,0.036
acid reflux,lyme disease,0.074375
acid reflux,major depression,0.0854375
acid reflux,melanoma,0.03525
acid reflux,meningitis,0.0692727
acid reflux,middle ear infection,0.0486667
acid reflux,migraine,0.079125
acid reflux,miscarriage,0.0718889
acid reflux,mono,0.0680357
acid reflux,multiple myeloma,0.0405625
acid reflux,multiple sclerosis,0.01415
acid reflux,myasthenia gravis,0.0373333
acid reflux,neutropenia,0.055
acid reflux,obesity,0.0544091
acid reflux,osteoarthritis,0.0582143
acid reflux,osteoporosis,0.0697
acid reflux,ovarian cancer,0.063
acid reflux,ovarian cyst,0.0999167
acid reflux,pancreatitis,0.103308
acid reflux,parkinson's disease,0.0113889
acid reflux,pink eye,0.039
acid reflux,plantar fasciitis,0.133
acid reflux,pleural effusion,0.0431
acid reflux,pneumonia,0.0647143
acid reflux,pneumothorax,0.0582
acid reflux,polycystic ovary syndrome,0.0668333
acid reflux,post traumatic stress disorder,0.1323
acid reflux,prostate cancer,0.0387857
acid reflux,psoriasis,0.0458182
acid reflux,psychosis,0.082125
acid reflux,pulmonary embolism,0.0331875
acid reflux,pulmonary hypertension,0.0292857
acid reflux,retinal detachment,0.0185
acid reflux,rhabdomyolysis,0.0153333
acid reflux,rheumatoid arthritis,0.046625
acid reflux,schizophrenia,0.0533333
acid reflux,sciatica,0.116375
acid reflux,seasonal allergies,0.0266538
acid reflux,sebaceous cyst,0.079875
acid reflux,sepsis,0.0247778
acid reflux,shingles,0.0493333
acid reflux,sickle cell anemia,0.0823125
acid reflux,sinusitis,0.0463571
acid reflux,sleep apnea,0.0309091
acid reflux,spondylosis,0.0678571
acid reflux,sprained ankle,0.1405
acid reflux,sprained knee,0.095
acid reflux,sprained wrist,0.17825
acid reflux,stomach flu,0.0918158
acid reflux,stomach ulcer,0.0575625
acid reflux,strep throat,0.063375
acid reflux,stroke,0.0231667
acid reflux,tension headache,0.109813
acid reflux,thoracic radiculopathy,0.1525
acid reflux,thyroid cancer,0.0374091
acid reflux,thyroid nodules,0.0420625
acid reflux,traumatic brain injury,0.0397857
acid reflux,type 1 diabetes,0.0278636
acid reflux,type 2 diabetes,0.0107
acid reflux,ulcerative colitis,0.0787857
acid reflux,upper respiratory infection,0.0601111
acid reflux,urinary tract infection,0.026
acid reflux,vitamin d deficiency,0.0492778
acute renal failure,alcohol intoxication,0.0415
acute renal failure,alcoholism,0.0198333
acute renal failure,alzheimer's disease,0.0375
acute renal failure,anaphylaxis,0.0373
acute renal failure,anemia,0.0501
acute renal failure,aneurysm,0.0465
acute renal failure,angina,0.0446
acute renal failure,aphasia,0.0855
acute renal failure,appendicitis,0.131667
acute renal failure,arrhythmia,0.0412857
acute renal failure,arthritis,0.04175
acute renal failure,asthma,0.033125
acute renal failure,atrial fibrillation,0.0306875
acute renal failure,bell's palsy,0.1425
acute renal failure,bipolar disorder,0.0264
acute renal failure,bladder cancer,0.04
acute renal failure,bone infection,0.0265
acute renal failure,borderline personality disorder,0.017
acute renal failure,brain tumor,0.0553125
acute renal failure,breast cancer,0.0395
acute renal failure,bronchitis,0.035375
acute renal failure,cardiac arrest,0.033
acute renal failure,cardiomyopathy,0.033
acute renal failure,carpal tunnel syndrome,0.085
acute renal failure,cataracts,0.038
acute renal failure,celiac disease,0.0624444
acute renal failure,cervical cancer,0.0545
acute renal failure,cervical radiculopathy,0.132
acute renal failure,chicken pox,0.027
acute renal failure,chlamydia,0.06875
acute renal failure,cholangiocarcinoma,0.0536875
acute renal failure,cholecystitis,0.077125
acute renal failure,chronic kidney disease,0.0336818
acute renal failure,chronic obstructive pulmonary disease,0.0354167
acute renal failure,chronic pain,0.04525
acute renal failure,cirrhosis of the liver,0.042
acute renal failure,colon cancer,0.0477273
acute renal failure,common cold,0.0253333
acute renal failure,concussion,0.0476429
acute renal failure,congestive heart failure,0.0606667
acute renal failure,coronary artery disease,0.039
acute renal failure,crohn's disease,0.0644375
acute renal failure,deep vein thrombosis,0.03825
acute renal failure,dementia,0.0502143
acute renal failure,diverticulitis,0.075125
acute renal failure,diverticulosis,0.054
acute renal failure,drug withdrawal,0.033
acute renal failure,ectopic pregnancy,0.0496667
acute renal failure,encephalitis,0.049
acute renal failure,encephalopathy,0.0898333
acute renal failure,endometrial cancer,0.0424286
acute renal failure,endometriosis,0.0736
acute renal failure,epididymitis,0.0366667
acute renal failure,epilepsy,0.0374167
acute renal failure,esophageal cancer,0.0511818
acute renal failure,fibroids,0.0545
acute renal failure,fibromyalgia,0.0415
acute renal failure,gallstones,0.0943333
acute renal failure,gastritis,0.0768
acute renal failure,gastroparesis,0.154625
acute renal failure,glaucoma,0.051
acute renal failure,goiter,0.0408333
acute renal failure,gout,0.0675
acute renal failure,groin hernia,0.035
acute renal failure,heart attack,0.037
acute renal failure,hepatitis a,0.065
acute renal failure,hepatitis b,0.0368333
acute renal failure,hepatitis c,0.0301429
acute renal failure,hiatal hernia,0.0562
acute renal failure,high blood pressure,0.0315
acute renal failure,high cholesterol,0.0323
acute renal failure,hiv/aids,0.0357083
acute renal failure,hives,0.0145
acute renal failure,hyperthyroidism,0.0357
acute renal failure,hypoglycemia,0.03635
acute renal failure,hyponatremia,0.042
acute renal failure,hypothyroidism,0.02575
acute renal failure,insect bites and stings,0.014
acute renal failure,iron deficiency anemia,0.0372143
acute renal failure,irritable bowel syndrome,0.0715833
acute renal failure,kidney infection,0.05125
acute renal failure,kidney stone,0.0642
acute renal failure,liver cancer,0.052
acute renal failure,low back pain,0.07
acute renal failure,lung cancer,0.03605
acute renal failure,lupus,0.034875
acute renal failure,lyme disease,0.0626667
acute renal failure,major depression,0.022
acute renal failure,melanoma,0.0425
acute renal failure,meningitis,0.0423
acute renal failure,middle ear infection,0.0205
acute renal failure,migraine,0.05625
acute renal failure,miscarriage,0.0241667
acute renal failure,mono,0.06075
acute renal failure,multiple myeloma,0.0367143
acute renal failure,multiple sclerosis,0.0342778
acute renal failure,myasthenia gravis,0.066875
acute renal failure,neutropenia,0.0545714
acute renal failure,obesity,0.0377
acute renal failure,osteoporosis,0.0605
acute renal failure,ovarian cancer,0.0538125
acute renal failure,ovarian cyst,0.101333
acute renal failure,pancreatitis,0.098375
acute renal failure,parkinson's disease,0.0264091
acute renal failure,plantar fasciitis,0.009
acute renal failure,pleural effusion,0.056875
acute renal failure,pneumonia,0.0423889
acute renal failure,pneumothorax,0.0405
acute renal failure,polycystic ovary syndrome,0.0635
acute renal failure,post traumatic stress disorder,0.02825
acute renal failure,prostate cancer,0.0405
acute renal failure,psoriasis,0.03825
acute renal failure,psychosis,0.02175
acute renal failure,pulmonary embolism,0.1265
acute renal failure,pulmonary hypertension,0.0845
acute renal failure,retinal detachment,0.036
acute renal failure,rhabdomyolysis,0.0393571
acute renal failure,rheumatoid arthritis,0.0336667
acute renal failure,schizophrenia,0.0213333
acute renal failure,sciatica,0.067
acute renal failure,seasonal allergies,0.0218333
acute renal failure,sepsis,0.043375
acute renal failure,shingles,0.0315
acute renal failure,sickle cell anemia,0.0253333
acute renal failure,sinusitis,0.0329286
acute renal failure,sleep apnea,0.0247143
acute renal failure,spondylosis,0.0665
acute renal failure,stomach flu,0.11
acute renal failure,stomach ulcer,0.0427
acute renal failure,strep throat,0.0364167
acute renal failure,stroke,0.0728
acute renal failure,tension headache,0.0735
acute renal failure,thoracic radiculopathy,0.158
acute renal failure,thyroid cancer,0.0495
acute renal failure,thyroid nodules,0.03
acute renal failure,traumatic brain injury,0.034
acute renal failure,type 1 diabetes,0.0335
acute renal failure,type 2 diabetes,0.0228889
acute renal failure,ulcerative colitis,0.0704286
acute renal failure,upper respiratory infection,0.04225
acute renal failure,urinary tract infection,0.0344583
acute renal failure,vitamin d deficiency,0.0361
alcohol intoxication,alcoholism,0.0301563
alcohol intoxication,alzheimer's disease,0.020125
alcohol intoxication,anaphylaxis,0.015375
alcohol intoxication,anemia,0.0248333
alcohol intoxication,aneurysm,0.01325
alcohol intoxication,angina,0.016375
alcohol intoxication,aphasia,0.0825
alcohol intoxication,appendicitis,0.091
alcohol intoxication,arrhythmia,0.0605
alcohol intoxication,arthritis,0.0168333
alcohol intoxication,asthma,0.0205
alcohol intoxication,atopic dermatitis,0.026
alcohol intoxication,atrial fibrillation,0.016375
alcohol intoxication,bed bug bite,0.023
alcohol intoxication,bell's palsy,0.061
alcohol intoxication,bipolar disorder,0.0283889
alcohol intoxication,bone fracture,0.0266667
alcohol intoxication,bone infection,0.021375
alcohol intoxication,borderline personality disorder,0.0542273
alcohol intoxication,brain tumor,0.0536667
alcohol intoxication,bronchitis,0.0065
alcohol intoxication,burn,0.0245
alcohol intoxication,cardiac arrest,0.0172
alcohol intoxication,cardiomyopathy,0.02075
alcohol intoxication,carpal tunnel syndrome,0.0225
alcohol intoxication,cataracts,0.024625
alcohol intoxication,celiac disease,0.0825
alcohol intoxication,cervical cancer,0.0458333
alcohol intoxication,cervical radiculopathy,0.02525
alcohol intoxication,chlamydia,0.051
alcohol intoxication,cholangiocarcinoma,0.05225
alcohol intoxication,cholecystitis,0.0935
alcohol intoxication,chronic kidney disease,0.0213333
alcohol intoxication,chronic obstructive pulmonary disease,0.015
alcohol intoxication,chronic pain,0.0368
alcohol intoxication,cirrhosis of the liver,0.0348333
alcohol intoxication,colon cancer,0.035375
alcohol intoxication,common cold,0.0115
alcohol intoxication,concussion,0.0290714
alcohol intoxication,congestive heart failure,0.018
alcohol intoxication,coronary artery disease,0.0223333
alcohol intoxication,crohn's disease,0.0985
alcohol intoxication,deep vein thrombosis,0.014
alcohol intoxication,dementia,0.02025
alcohol intoxication,diverticulitis,0.0615
alcohol intoxication,diverticulosis,0.051
alcohol intoxication,drug withdrawal,0.0323
alcohol intoxication,ectopic pregnancy,0.04
alcohol intoxication,encephalitis,0.051375
alcohol intoxication,encephalopathy,0.0445556
alcohol intoxication,endometrial cancer,0.052
alcohol intoxication,endometriosis,0.0461667
alcohol intoxication,epididymitis,0.041
alcohol intoxication,epilepsy,0.045125
alcohol intoxication,esophageal cancer,0.05375
alcohol intoxication,fibromyalgia,0.0343
alcohol intoxication,gallstones,0.0885
alcohol intoxication,gastritis,0.0603333
alcohol intoxication,gastroparesis,0.0728
alcohol intoxication,glaucoma,0.0218333
alcohol intoxication,goiter,0.013
alcohol intoxication,gout,0.007
alcohol intoxication,groin hernia,0.052
alcohol intoxication,heart attack,0.023
alcohol intoxication,hepatitis a,0.0476667
alcohol intoxication,hepatitis b,0.0255
alcohol intoxication,hepatitis c,0.03175
alcohol intoxication,hiatal hernia,0.041125
alcohol intoxication,high blood pressure,0.0295
alcohol intoxication,high cholesterol,0.0256667
alcohol intoxication,hiv/aids,0.0335833
alcohol intoxication,hyperthyroidism,0.0315
alcohol intoxication,hypoglycemia,0.0261
alcohol intoxication,hyponatremia,0.0373333
alcohol intoxication,hypothyroidism,0.0260833
alcohol intoxication,insect bites and stings,0.01
alcohol intoxication,iron deficiency anemia,0.059
alcohol intoxication,irritable bowel syndrome,0.0419
alcohol intoxication,kidney infection,0.037
alcohol intoxication,kidney stone,0.0735
alcohol intoxication,liver cancer,0.045
alcohol intoxication,low back pain,0.013
alcohol intoxication,lung cancer,0.014
alcohol intoxication,lupus,0.0206667
alcohol intoxication,major depression,0.06295
alcohol intoxication,melanoma,0.0395
alcohol intoxication,meningitis,0.0391667
alcohol intoxication,migraine,0.0325
alcohol intoxication,mono,0.03375
alcohol intoxication,multiple myeloma,0.0245
alcohol intoxication,multiple sclerosis,0.0139231
alcohol intoxication,myasthenia gravis,0.021875
alcohol intoxication,neutropenia,0.05
alcohol intoxication,obesity,0.0388333
alcohol intoxication,osteoarthritis,0.04
alcohol intoxication,osteoporosis,0.037
alcohol intoxication,ovarian cancer,0.05
alcohol intoxication,ovarian cyst,0.0445
alcohol intoxication,pancreatitis,0.0576667
alcohol intoxication,parkinson's disease,0.0211667
alcohol intoxication,plantar fasciitis,0.0115
alcohol intoxication,pleural effusion,0.0245
alcohol intoxication,pneumonia,0.0243333
alcohol intoxication,pneumothorax,0.013375
alcohol intoxication,polycystic ovary syndrome,0.0481667
alcohol intoxication,post traumatic stress disorder,0.0479231
alcohol intoxication,prostate cancer,0.008
alcohol intoxication,psoriasis,0.049
alcohol intoxication,psychosis,0.0343667
alcohol intoxication,pulmonary embolism,0.023
alcohol intoxication,pulmonary hypertension,0.0238333
alcohol intoxication,retinal detachment,0.00916667
alcohol intoxication,rhabdomyolysis,0.0221667
alcohol intoxication,rheumatoid arthritis,0.0183333
alcohol intoxication,schizophrenia,0.0200333
alcohol intoxication,sciatica,0.0105
alcohol intoxication,seasonal allergies,0.024
alcohol intoxication,sebaceous cyst,0.013
alcohol intoxication,sepsis,0.03325
alcohol intoxication,sickle cell anemia,0.0325
alcohol intoxication,sleep apnea,0.0300833
alcohol intoxication,spondylosis,0.0408333
alcohol intoxication,sprained ankle,0.0196667
alcohol intoxication,sprained knee,0.0138333
alcohol intoxication,sprained wrist,0.03025
alcohol intoxication,stomach flu,0.13775
alcohol intoxication,stomach ulcer,0.05625
alcohol intoxication,strep throat,0.0455
alcohol intoxication,stroke,0.0316875
alcohol intoxication,tension headache,0.015
alcohol intoxication,thoracic radiculopathy,0.01325
alcohol intoxication,thyroid cancer,0.047
alcohol intoxication,thyroid nodules,0.032
alcohol intoxication,traumatic brain injury,0.0250833
alcohol intoxication,type 1 diabetes,0.03575
alcohol intoxication,type 2 diabetes,0.0175
alcohol intoxication,ulcerative colitis,0.04575
alcohol intoxication,upper respiratory infection,0.017
alcohol intoxication,urinary tract infection,0.0136667
alcohol intoxication,vitamin d deficiency,0.0436667
alcoholism,alzheimer's disease,0.03055
alcoholism,anaphylaxis,0.0461667
alcoholism,anemia,0.057
alcoholism,aneurysm,0.068
alcoholism,angina,0.035
alcoholism,aphasia,0.0572
alcoholism,appendicitis,0.063
alcoholism,arrhythmia,0.07
alcoholism,arthritis,0.0391667
alcoholism,asthma,0.0347
alcoholism,atopic dermatitis,0.041125
alcoholism,atrial fibrillation,0.0166667
alcoholism,bed bug bite,0.0374
alcoholism,bell's palsy,0.0635
alcoholism,bipolar disorder,0.0369737
alcoholism,bone fracture,0.02025
alcoholism,bone infection,0.0263333
alcoholism,borderline personality disorder,0.0625417
alcoholism,brain tumor,0.057875
alcoholism,breast cancer,0.0125
alcoholism,bronchitis,0.0185
alcoholism,burn,0.0525
alcoholism,cardiac arrest,0.0335
alcoholism,cardiomyopathy,0.031
alcoholism,carpal tunnel syndrome,0.0435
alcoholism,cataracts,0.0478333
alcoholism,celiac disease,0.0545
alcoholism,cellulitis,0.0155
alcoholism,cervical cancer,0.052625
alcoholism,cervical radiculopathy,0.0461667
alcoholism,chicken pox,0.021
alcoholism,chlamydia,0.023
alcoholism,cholangiocarcinoma,0.034
alcoholism,cholecystitis,0.0655
alcoholism,chronic kidney disease,0.009
alcoholism,chronic obstructive pulmonary disease,0.0295
alcoholism,chronic pain,0.04225
alcoholism,cirrhosis of the liver,0.026
alcoholism,colon cancer,0.045375
alcoholism,common cold,0.00983333
alcoholism,concussion,0.0342857
alcoholism,coronary artery disease,0.037
alcoholism,crohn's disease,0.0705
alcoholism,deep vein thrombosis,0.03775
alcoholism,dementia,0.0308333
alcoholism,diverticulitis,0.0335
alcoholism,diverticulosis,0.023
alcoholism,drug withdrawal,0.0381944
alcoholism,ectopic pregnancy,0.012
alcoholism,encephalitis,0.0470556
alcoholism,encephalopathy,0.0533333
alcoholism,endometrial cancer,0.024
alcoholism,endometriosis,0.0555
alcoholism,epididymitis,0.013
alcoholism,epilepsy,0.0594583
alcoholism,esophageal cancer,0.0353333
alcoholism,fibromyalgia,0.0567
alcoholism,gallstones,0.0605
alcoholism,gastritis,0.052
alcoholism,gastroparesis,0.0849
alcoholism,glaucoma,0.0433333
alcoholism,goiter,0.025
alcoholism,gout,0.0105
alcoholism,groin hernia,0.024
alcoholism,heart attack,0.0365
alcoholism,hepatitis a,0.057
alcoholism,hepatitis b,0.0383333
alcoholism,hepatitis c,0.0323125
alcoholism,hiatal hernia,0.05275
alcoholism,high blood pressure,0.048875
alcoholism,high cholesterol,0.05
alcoholism,hiv/aids,0.036
alcoholism,hyperthyroidism,0.0421667
alcoholism,hypoglycemia,0.03465
alcoholism,hyponatremia,0.0374
alcoholism,hypothyroidism,0.0298333
alcoholism,iron deficiency anemia,0.055375
alcoholism,irritable bowel syndrome,0.0689
alcoholism,kidney infection,0.0333333
alcoholism,kidney stone,0.0455
alcoholism,liver cancer,0.031
alcoholism,low back pain,0.01275
alcoholism,lung cancer,0.015
alcoholism,lupus,0.0295
alcoholism,lyme disease,0.0855
alcoholism,major depression,0.0660714
alcoholism,melanoma,0.041875
alcoholism,meningitis,0.0753
alcoholism,middle ear infection,0.0215
alcoholism,migraine,0.0590556
alcoholism,mono,0.0295
alcoholism,multiple myeloma,0.013
alcoholism,multiple sclerosis,0.0201364
alcoholism,myasthenia gravis,0.0405
alcoholism,neutropenia,0.022
alcoholism,obesity,0.0379
alcoholism,osteoarthritis,0.05475
alcoholism,osteoporosis,0.043375
alcoholism,ovarian cancer,0.057
alcoholism,ovarian cyst,0.0395
alcoholism,pancreatitis,0.0525
alcoholism,parkinson's disease,0.0203889
alcoholism,pink eye,0.0165
alcoholism,plantar fasciitis,0.0105
alcoholism,pneumonia,0.0181667
alcoholism,pneumothorax,0.033
alcoholism,polycystic ovary syndrome,0.0478
alcoholism,post traumatic stress disorder,0.063
alcoholism,psoriasis,0.0685
alcoholism,psychosis,0.0413889
alcoholism,pulmonary embolism,0.02675
alcoholism,pulmonary hypertension,0.05
alcoholism,retinal detachment,0.02625
alcoholism,rhabdomyolysis,0.026
alcoholism,rheumatoid arthritis,0.041
alcoholism,schizophrenia,0.0315313
alcoholism,sciatica,0.074
alcoholism,seasonal allergies,0.043
alcoholism,sebaceous cyst,0.025
alcoholism,sepsis,0.027
alcoholism,sickle cell anemia,0.0385
alcoholism,sinusitis,0.09
alcoholism,sleep apnea,0.0448571
alcoholism,spondylosis,0.056125
alcoholism,sprained ankle,0.018
alcoholism,sprained knee,0.01675
alcoholism,sprained wrist,0.0345
alcoholism,stomach flu,0.07575
alcoholism,stomach ulcer,0.0655
alcoholism,strep throat,0.0295
alcoholism,stroke,0.0401875
alcoholism,tension headache,0.122833
alcoholism,thoracic radiculopathy,0.0865
alcoholism,thyroid cancer,0.0275
alcoholism,thyroid nodules,0.0195
alcoholism,traumatic brain injury,0.0292273
alcoholism,type 1 diabetes,0.03575
alcoholism,type 2 diabetes,0.006
alcoholism,ulcerative colitis,0.03775
alcoholism,upper respiratory infection,0.0345
alcoholism,urinary tract infection,0.0171667
alcoholism,vitamin d deficiency,0.0681667
alzheimer's disease,anaphylaxis,0.014125
alzheimer's disease,anemia,0.0295
alzheimer's disease,aneurysm,0.01775
alzheimer's disease,angina,0.0192
alzheimer's disease,aphasia,0.0605
alzheimer's disease,arrhythmia,0.0481
alzheimer's disease,arthritis,0.0173
alzheimer's disease,asthma,0.0435
alzheimer's disease,atopic dermatitis,0.0141667
alzheimer's disease,atrial fibrillation,0.0217778
alzheimer's disease,bed bug bite,0.02
alzheimer's disease,bell's palsy,0.0455
alzheimer's disease,bipolar disorder,0.0276
alzheimer's disease,bladder cancer,0.0226667
alzheimer's disease,bone fracture,0.0259
alzheimer's disease,bone infection,0.020125
alzheimer's disease,borderline personality disorder,0.059
alzheimer's disease,brain tumor,0.0553125
alzheimer's disease,breast cancer,0.0231667
alzheimer's disease,bronchitis,0.169
alzheimer's disease,burn,0.0145
alzheimer's disease,cardiac arrest,0.013625
alzheimer's disease,cardiomyopathy,0.0206
alzheimer's disease,carpal tunnel syndrome,0.021625
alzheimer's disease,cataracts,0.0216667
alzheimer's disease,celiac disease,0.021
alzheimer's disease,cellulitis,0.017
alzheimer's disease,cervical cancer,0.025875
alzheimer's disease,cervical radiculopathy,0.0438333
alzheimer's disease,chicken pox,0.0155
alzheimer's disease,cholangiocarcinoma,0.036375
alzheimer's disease,cholecystitis,0.0195
alzheimer's disease,chronic kidney disease,0.02475
alzheimer's disease,chronic obstructive pulmonary disease,0.028
alzheimer's disease,chronic pain,0.02725
alzheimer's disease,cirrhosis of the liver,0.0305
alzheimer's disease,colon cancer,0.0171429
alzheimer's disease,common cold,0.019875
alzheimer's disease,concussion,0.0263889
alzheimer's disease,congestive heart failure,0.0206
alzheimer's disease,coronary artery disease,0.0145
alzheimer's disease,crohn's disease,0.0111667
alzheimer's disease,deep vein thrombosis,0.025625
alzheimer's disease,dementia,0.0202857
alzheimer's disease,drug withdrawal,0.0301923
alzheimer's disease,encephalitis,0.0496429
alzheimer's disease,encephalopathy,0.055
alzheimer's disease,endometrial cancer,0.021
alzheimer's disease,endometriosis,0.0161667
alzheimer's disease,epididymitis,0.01
alzheimer's disease,epilepsy,0.0448214
alzheimer's disease,esophageal cancer,0.0314167
alzheimer's disease,fibromyalgia,0.0285625
alzheimer's disease,gastritis,0.0128333
alzheimer's disease,gastroparesis,0.01675
alzheimer's disease,glaucoma,0.01825
alzheimer's disease,goiter,0.02725
alzheimer's disease,gout,0.0105
alzheimer's disease,heart attack,0.0121667
alzheimer's disease,hepatitis a,0.0192
alzheimer's disease,hepatitis b,0.0184
alzheimer's disease,hepatitis c,0.0305833
alzheimer's disease,hiatal hernia,0.023875
alzheimer's disease,high blood pressure,0.0235
alzheimer's disease,high cholesterol,0.022
alzheimer's disease,hiv/aids,0.028
alzheimer's disease,hyperthyroidism,0.0228125
alzheimer's disease,hypoglycemia,0.0208
alzheimer's disease,hyponatremia,0.0348125
alzheimer's disease,hypothyroidism,0.0176538
alzheimer's disease,insect bites and stings,0.014
alzheimer's disease,iron deficiency anemia,0.0287857
alzheimer's disease,irritable bowel syndrome,0.0261
alzheimer's disease,kidney infection,0.01325
alzheimer's disease,liver cancer,0.051625
alzheimer's disease,low back pain,0.0201
alzheimer's disease,lung cancer,0.0385
alzheimer's disease,lupus,0.019
alzheimer's disease,lyme disease,0.07175
alzheimer's disease,major depression,0.0856667
alzheimer's disease,melanoma,0.0498
alzheimer's disease,meningitis,0.0335833
alzheimer's disease,middle ear infection,0.0505
alzheimer's disease,migraine,0.02575
alzheimer's disease,mono,0.0583333
alzheimer's disease,multiple myeloma,0.026
alzheimer's disease,multiple sclerosis,0.0209286
alzheimer's disease,myasthenia gravis,0.0464
alzheimer's disease,neutropenia,0.0451667
alzheimer's disease,obesity,0.021125
alzheimer's disease,osteoarthritis,0.0317
alzheimer's disease,osteoporosis,0.0238
alzheimer's disease,ovarian cancer,0.032
alzheimer's disease,pancreatitis,0.01
alzheimer's disease,parkinson's disease,0.0208571
alzheimer's disease,pink eye,0.0545
alzheimer's disease,plantar fasciitis,0.01375
alzheimer's disease,pleural effusion,0.0386667
alzheimer's disease,pneumonia,0.0626667
alzheimer's disease,pneumothorax,0.024125
alzheimer's disease,polycystic ovary syndrome,0.03625
alzheimer's disease,post traumatic stress disorder,0.0660625
alzheimer's disease,prostate cancer,0.024875
alzheimer's disease,psoriasis,0.039
alzheimer's disease,psychosis,0.0422
alzheimer's disease,pulmonary embolism,0.01675
alzheimer's disease,pulmonary hypertension,0.0121667
alzheimer's disease,retinal detachment,0.007
alzheimer's disease,rhabdomyolysis,0.0252857
alzheimer's disease,rheumatoid arthritis,0.015
alzheimer's disease,schizophrenia,0.0253333
alzheimer's disease,sciatica,0.04225
alzheimer's disease,seasonal allergies,0.0305
alzheimer's disease,sebaceous cyst,0.0155
alzheimer's disease,sepsis,0.0426429
alzheimer's disease,shingles,0.0176667
alzheimer's disease,sickle cell anemia,0.0274
alzheimer's disease,sinusitis,0.04975
alzheimer's disease,sleep apnea,0.031
alzheimer's disease,spondylosis,0.0398
alzheimer's disease,sprained ankle,0.02375
alzheimer's disease,sprained knee,0.018
alzheimer's disease,sprained wrist,0.02925
alzheimer's disease,stomach flu,0.0198333
alzheimer's disease,stomach ulcer,0.0365
alzheimer's disease,strep throat,0.05575
alzheimer's disease,stroke,0.04025
alzheimer's disease,tension headache,0.02425
alzheimer's disease,thoracic radiculopathy,0.071875
alzheimer's disease,thyroid cancer,0.035
alzheimer's disease,thyroid nodules,0.0395
alzheimer's disease,traumatic brain injury,0.0243636
alzheimer's disease,type 1 diabetes,0.014875
alzheimer's disease,type 2 diabetes,0.0186429
alzheimer's disease,ulcerative colitis,0.0185
alzheimer's disease,upper respiratory infection,0.100833
alzheimer's disease,urinary tract infection,0.0273333
alzheimer's disease,vitamin d deficiency,0.0416667
anaphylaxis,anemia,0.0285556
anaphylaxis,aneurysm,0.0235
anaphylaxis,angina,0.0388125
anaphylaxis,aphasia,0.0233333
anaphylaxis,appendicitis,0.1
anaphylaxis,arrhythmia,0.04
anaphylaxis,arthritis,0.038
anaphylaxis,asthma,0.0454444
anaphylaxis,atopic dermatitis,0.0695714
anaphylaxis,atrial fibrillation,0.0258333
anaphylaxis,bed bug bite,0.09775
anaphylaxis,bell's palsy,0.0298333
anaphylaxis,bipolar disorder,0.0237143
anaphylaxis,bladder cancer,0.0192
anaphylaxis,bone fracture,0.0725
anaphylaxis,bone infection,0.0699
anaphylaxis,borderline personality disorder,0.046375
anaphylaxis,brain tumor,0.0302857
anaphylaxis,breast cancer,0.0344
anaphylaxis,bronchitis,0.0418571
anaphylaxis,burn,0.0562
anaphylaxis,cardiac arrest,0.0158333
anaphylaxis,cardiomyopathy,0.0282143
anaphylaxis,carpal tunnel syndrome,0.0404
anaphylaxis,cataracts,0.02375
anaphylaxis,celiac disease,0.0577857
anaphylaxis,cellulitis,0.129917
anaphylaxis,cervical cancer,0.0491429
anaphylaxis,cervical radiculopathy,0.026
anaphylaxis,chicken pox,0.079
anaphylaxis,chlamydia,0.060125
anaphylaxis,cholangiocarcinoma,0.0545
anaphylaxis,cholecystitis,0.076625
anaphylaxis,chronic kidney disease,0.027
anaphylaxis,chronic obstructive pulmonary disease,0.0287727
anaphylaxis,chronic pain,0.0323
anaphylaxis,cirrhosis of the liver,0.040875
anaphylaxis,colon cancer,0.045625
anaphylaxis,common cold,0.0216
anaphylaxis,concussion,0.037125
anaphylaxis,congestive heart failure,0.0536667
anaphylaxis,coronary artery disease,0.02375
anaphylaxis,crohn's disease,0.0834286
anaphylaxis,deep vein thrombosis,0.0686
anaphylaxis,dementia,0.0170833
anaphylaxis,diverticulitis,0.0776
anaphylaxis,diverticulosis,0.0628333
anaphylaxis,drug withdrawal,0.0365556
anaphylaxis,ectopic pregnancy,0.0615
anaphylaxis,encephalitis,0.0285
anaphylaxis,encephalopathy,0.0225
anaphylaxis,endometrial cancer,0.0305
anaphylaxis,endometriosis,0.0589167
anaphylaxis,epididymitis,0.0775
anaphylaxis,epilepsy,0.0658333
anaphylaxis,esophageal cancer,0.0461667
anaphylaxis,fibroids,0.07475
anaphylaxis,fibromyalgia,0.0248
anaphylaxis,gallstones,0.078625
anaphylaxis,gastritis,0.08375
anaphylaxis,gastroparesis,0.0655625
anaphylaxis,glaucoma,0.0286667
anaphylaxis,goiter,0.043
anaphylaxis,gout,0.0742
anaphylaxis,groin hernia,0.052125
anaphylaxis,heart attack,0.0296
anaphylaxis,hepatitis a,0.0505714
anaphylaxis,hepatitis b,0.0215
anaphylaxis,hepatitis c,0.0240833
anaphylaxis,hiatal hernia,0.04475
anaphylaxis,high blood pressure,0.0371667
anaphylaxis,high cholesterol,0.032625
anaphylaxis,hiv/aids,0.0261818
anaphylaxis,hives,0.0757083
anaphylaxis,hyperthyroidism,0.0350417
anaphylaxis,hypoglycemia,0.02225
anaphylaxis,hyponatremia,0.0278333
anaphylaxis,hypothyroidism,0.023375
anaphylaxis,insect bites and stings,0.12275
anaphylaxis,iron deficiency anemia,0.0230833
anaphylaxis,irritable bowel syndrome,0.0655
anaphylaxis,kidney infection,0.0672857
anaphylaxis,kidney stone,0.0895
anaphylaxis,liver cancer,0.0452857
anaphylaxis,low back pain,0.014
anaphylaxis,lung cancer,0.038
anaphylaxis,lupus,0.0322308
anaphylaxis,lyme disease,0.0589167
anaphylaxis,major depression,0.04725
anaphylaxis,melanoma,0.034375
anaphylaxis,meningitis,0.0405
anaphylaxis,middle ear infection,0.03625
anaphylaxis,migraine,0.0435833
anaphylaxis,miscarriage,0.04175
anaphylaxis,mono,0.0596667
anaphylaxis,multiple myeloma,0.03225
anaphylaxis,multiple sclerosis,0.0223125
anaphylaxis,myasthenia gravis,0.0476667
anaphylaxis,neutropenia,0.0376
anaphylaxis,obesity,0.0403125
anaphylaxis,osteoarthritis,0.06475
anaphylaxis,osteoporosis,0.028
anaphylaxis,ovarian cancer,0.0463125
anaphylaxis,ovarian cyst,0.0611667
anaphylaxis,pancreatitis,0.0914
anaphylaxis,parkinson's disease,0.019875
anaphylaxis,pink eye,0.0909167
anaphylaxis,plantar fasciitis,0.0825
anaphylaxis,pleural effusion,0.057
anaphylaxis,pneumonia,0.0374444
anaphylaxis,pneumothorax,0.030375
anaphylaxis,polycystic ovary syndrome,0.0575
anaphylaxis,post traumatic stress disorder,0.0457857
anaphylaxis,prostate cancer,0.014625
anaphylaxis,psoriasis,0.0424
anaphylaxis,psychosis,0.028
anaphylaxis,pulmonary embolism,0.0596667
anaphylaxis,pulmonary hypertension,0.0386667
anaphylaxis,retinal detachment,0.0255
anaphylaxis,rhabdomyolysis,0.0428333
anaphylaxis,rheumatoid arthritis,0.0350455
anaphylaxis,schizophrenia,0.021
anaphylaxis,sciatica,0.0105
anaphylaxis,seasonal allergies,0.0448182
anaphylaxis,sebaceous cyst,0.0948333
anaphylaxis,sepsis,0.0344583
anaphylaxis,shingles,0.057125
anaphylaxis,sickle cell anemia,0.030625
anaphylaxis,sinusitis,0.0355833
anaphylaxis,sleep apnea,0.0285714
anaphylaxis,spondylosis,0.03025
anaphylaxis,sprained ankle,0.3075
anaphylaxis,sprained knee,0.1735
anaphylaxis,sprained wrist,0.231
anaphylaxis,stomach flu,0.0948125
anaphylaxis,stomach ulcer,0.0425
anaphylaxis,strep throat,0.0468333
anaphylaxis,stroke,0.0219
anaphylaxis,tension headache,0.0491667
anaphylaxis,thoracic radiculopathy,0.0125
anaphylaxis,thyroid cancer,0.038
anaphylaxis,thyroid nodules,0.0566667
anaphylaxis,traumatic brain injury,0.029625
anaphylaxis,type 1 diabetes,0.0244167
anaphylaxis,type 2 diabetes,0.0249
anaphylaxis,ulcerative colitis,0.082
anaphylaxis,upper respiratory infection,0.0592
anaphylaxis,urinary tract infection,0.0160625
anaphylaxis,vitamin d deficiency,0.0365833
anemia,aneurysm,0.0365
anemia,angina,0.03945
anemia,aphasia,0.0775
anemia,appendicitis,0.1031
anemia,arrhythmia,0.0531
anemia,arthritis,0.0238
anemia,asthma,0.0404167
anemia,atopic dermatitis,0.0231667
anemia,atrial fibrillation,0.0392778
anemia,bed bug bite,0.0243333
anemia,bell's palsy,0.08225
anemia,bipolar disorder,0.0502857
anemia,bladder cancer,0.0408333
anemia,bone fracture,0.021
anemia,bone infection,0.0503
anemia,borderline personality disorder,0.134
anemia,brain tumor,0.0525
anemia,breast cancer,0.043375
anemia,bronchitis,0.064
anemia,burn,0.0196667
anemia,cardiac arrest,0.01725
anemia,cardiomyopathy,0.0363889
anemia,carpal tunnel syndrome,0.0306
anemia,cataracts,0.032
anemia,celiac disease,0.0553333
anemia,cellulitis,0.0705
anemia,cervical cancer,0.0513
anemia,cervical radiculopathy,0.0575
anemia,chicken pox,0.0231667
anemia,chlamydia,0.0539
anemia,cholangiocarcinoma,0.0582222
anemia,cholecystitis,0.06325
anemia,chronic kidney disease,0.03365
anemia,chronic obstructive pulmonary disease,0.03575
anemia,chronic pain,0.0395714
anemia,cirrhosis of the liver,0.036
anemia,colon cancer,0.0422667
anemia,common cold,0.026375
anemia,concussion,0.05
anemia,congestive heart failure,0.0596667
anemia,coronary artery disease,0.0265625
anemia,crohn's disease,0.0605
anemia,deep vein thrombosis,0.03825
anemia,dementia,0.024
anemia,diverticulitis,0.098125
anemia,diverticulosis,0.04375
anemia,drug withdrawal,0.0526429
anemia,ectopic pregnancy,0.0703333
anemia,encephalitis,0.046
anemia,encephalopathy,0.0395
anemia,endometrial cancer,0.0387778
anemia,endometriosis,0.0572
anemia,epididymitis,0.048
anemia,epilepsy,0.033
anemia,esophageal cancer,0.0496818
anemia,fibroids,0.0660714
anemia,fibromyalgia,0.04125
anemia,gallstones,0.078625
anemia,gastritis,0.0509375
anemia,gastroparesis,0.0724286
anemia,glaucoma,0.0253
anemia,goiter,0.047375
anemia,gout,0.015
anemia,groin hernia,0.03325
anemia,heart attack,0.0278333
anemia,hepatitis a,0.0510556
anemia,hepatitis b,0.0322727
anemia,hepatitis c,0.036875
anemia,hiatal hernia,0.0395556
anemia,high blood pressure,0.0332143
anemia,high cholesterol,0.034625
anemia,hiv/aids,0.0325769
anemia,hives,0.036
anemia,hyperthyroidism,0.033625
anemia,hypoglycemia,0.02575
anemia,hyponatremia,0.04425
anemia,hypothyroidism,0.0280333
anemia,iron deficiency anemia,0.04225
anemia,irritable bowel syndrome,0.0661111
anemia,kidney infection,0.0494286
anemia,kidney stone,0.0419
anemia,liver cancer,0.058375
anemia,low back pain,0.07
anemia,lung cancer,0.0465625
anemia,lupus,0.0351
anemia,lyme disease,0.0726667
anemia,major depression,0.118875
anemia,melanoma,0.0546667
anemia,meningitis,0.0517857
anemia,middle ear infection,0.02825
anemia,migraine,0.0476875
anemia,miscarriage,0.104667
anemia,mono,0.0645714
anemia,multiple myeloma,0.0357857
anemia,multiple sclerosis,0.0415
anemia,myasthenia gravis,0.0567857
anemia,neutropenia,0.0562143
anemia,obesity,0.032375
anemia,osteoarthritis,0.0386667
anemia,osteoporosis,0.0355
anemia,ovarian cancer,0.05045
anemia,ovarian cyst,0.0673333
anemia,pancreatitis,0.0753333
anemia,parkinson's disease,0.0342778
anemia,pink eye,0.017
anemia,pleural effusion,0.0631
anemia,pneumonia,0.0531429
anemia,pneumothorax,0.0485
anemia,polycystic ovary syndrome,0.0483333
anemia,post traumatic stress disorder,0.0898
anemia,prostate cancer,0.038875
anemia,psoriasis,0.0276429
anemia,psychosis,0.0801667
anemia,pulmonary embolism,0.0633333
anemia,pulmonary hypertension,0.0356
anemia,retinal detachment,0.01775
anemia,rhabdomyolysis,0.0424
anemia,rheumatoid arthritis,0.0326111
anemia,schizophrenia,0.0353333
anemia,sciatica,0.041
anemia,seasonal allergies,0.0295833
anemia,sepsis,0.0401364
anemia,shingles,0.045875
anemia,sickle cell anemia,0.02775
anemia,sinusitis,0.039125
anemia,sleep apnea,0.0421875
anemia,spondylosis,0.0524
anemia,stomach flu,0.0830833
anemia,stomach ulcer,0.04435
anemia,strep throat,0.0425
anemia,stroke,0.0609167
anemia,tension headache,0.0511667
anemia,thoracic radiculopathy,0.158
anemia,thyroid cancer,0.0512143
anemia,thyroid nodules,0.033
anemia,traumatic brain injury,0.0321667
anemia,type 1 diabetes,0.0295
anemia,type 2 diabetes,0.0350714
anemia,ulcerative colitis,0.0623
anemia,upper respiratory infection,0.0718333
anemia,urinary tract infection,0.02765
anemia,vitamin d deficiency,0.0450714
aneurysm,angina,0.055375
aneurysm,aphasia,0.0569
aneurysm,appendicitis,0.34375
aneurysm,arrhythmia,0.052375
aneurysm,arthritis,0.0625
aneurysm,asthma,0.043
aneurysm,atopic dermatitis,0.072
aneurysm,atrial fibrillation,0.02775
aneurysm,bell's palsy,0.07875
aneurysm,bipolar disorder,0.0105
aneurysm,bladder cancer,0.05725
aneurysm,bone fracture,0.0568
aneurysm,bone infection,0.0621667
aneurysm,borderline personality disorder,0.024
aneurysm,brain tumor,0.057
aneurysm,breast cancer,0.0453
aneurysm,bronchitis,0.0695
aneurysm,burn,0.083
aneurysm,cardiac arrest,0.01525
aneurysm,cardiomyopathy,0.022625
aneurysm,carpal tunnel syndrome,0.053
aneurysm,cataracts,0.0310833
aneurysm,celiac disease,0.0838333
aneurysm,cellulitis,0.1095
aneurysm,cervical cancer,0.13775
aneurysm,cervical radiculopathy,0.1657
aneurysm,chicken pox,0.035875
aneurysm,chlamydia,0.1575
aneurysm,cholangiocarcinoma,0.0975
aneurysm,cholecystitis,0.23475
aneurysm,chronic kidney disease,0.033
aneurysm,chronic obstructive pulmonary disease,0.0235
aneurysm,chronic pain,0.0831667
aneurysm,cirrhosis of the liver,0.0412
aneurysm,colon cancer,0.0565
aneurysm,common cold,0.0277143
aneurysm,concussion,0.0492083
aneurysm,congestive heart failure,0.0225
aneurysm,coronary artery disease,0.0213333
aneurysm,crohn's disease,0.156333
aneurysm,deep vein thrombosis,0.097
aneurysm,dementia,0.0225
aneurysm,diverticulitis,0.2435
aneurysm,diverticulosis,0.060625
aneurysm,drug withdrawal,0.04725
aneurysm,ectopic pregnancy,0.10025
aneurysm,encephalitis,0.0431429
aneurysm,encephalopathy,0.02525
aneurysm,endometrial cancer,0.04925
aneurysm,endometriosis,0.23675
aneurysm,epididymitis,0.122667
aneurysm,epilepsy,0.0963
aneurysm,esophageal cancer,0.0495
aneurysm,fibroids,0.09575
aneurysm,fibromyalgia,0.0590556
aneurysm,gallstones,0.25925
aneurysm,gastritis,0.143
aneurysm,gastroparesis,0.2695
aneurysm,glaucoma,0.03625
aneurysm,goiter,0.039
aneurysm,gout,0.1605
aneurysm,groin hernia,0.16175
aneurysm,heart attack,0.0346667
aneurysm,hepatitis a,0.0883333
aneurysm,hepatitis b,0.032
aneurysm,hepatitis c,0.0466667
aneurysm,hiatal hernia,0.0526
aneurysm,high blood pressure,0.0367
aneurysm,high cholesterol,0.030625
aneurysm,hiv/aids,0.0266667
aneurysm,hyperthyroidism,0.0351429
aneurysm,hypoglycemia,0.0254167
aneurysm,hyponatremia,0.0415
aneurysm,hypothyroidism,0.0237
aneurysm,iron deficiency anemia,0.0404
aneurysm,irritable bowel syndrome,0.0670833
aneurysm,kidney infection,0.134
aneurysm,kidney stone,0.1685
aneurysm,liver cancer,0.0988333
aneurysm,low back pain,0.1177
aneurysm,lung cancer,0.042
aneurysm,lupus,0.0520833
aneurysm,lyme disease,0.0645
aneurysm,major depression,0.0333333
aneurysm,melanoma,0.0354167
aneurysm,meningitis,0.0711
aneurysm,middle ear infection,0.048875
aneurysm,migraine,0.0635769
aneurysm,miscarriage,0.0495
aneurysm,mono,0.0676667
aneurysm,multiple myeloma,0.0481667
aneurysm,multiple sclerosis,0.0388571
aneurysm,myasthenia gravis,0.0521667
aneurysm,neutropenia,0.05225
aneurysm,obesity,0.051875
aneurysm,osteoarthritis,0.07275
aneurysm,osteoporosis,0.0486
aneurysm,ovarian cancer,0.107833
aneurysm,ovarian cyst,0.29525
aneurysm,pancreatitis,0.2825
aneurysm,parkinson's disease,0.0315
aneurysm,pink eye,0.05125
aneurysm,plantar fasciitis,0.266
aneurysm,pleural effusion,0.0305
aneurysm,pneumonia,0.04
aneurysm,pneumothorax,0.0331667
aneurysm,polycystic ovary syndrome,0.1001
aneurysm,post traumatic stress disorder,0.0218333
aneurysm,prostate cancer,0.0403333
aneurysm,psoriasis,0.0258333
aneurysm,psychosis,0.0125
aneurysm,pulmonary embolism,0.023
aneurysm,pulmonary hypertension,0.0176667
aneurysm,retinal detachment,0.0541667
aneurysm,rhabdomyolysis,0.026
aneurysm,rheumatoid arthritis,0.07925
aneurysm,schizophrenia,0.011
aneurysm,sciatica,0.156375
aneurysm,seasonal allergies,0.0605
aneurysm,sebaceous cyst,0.0605
aneurysm,sepsis,0.042
aneurysm,shingles,0.0488
aneurysm,sickle cell anemia,0.127375
aneurysm,sinusitis,0.0461875
aneurysm,sleep apnea,0.01875
aneurysm,spondylosis,0.0655556
aneurysm,sprained ankle,0.2755
aneurysm,sprained knee,0.236
aneurysm,sprained wrist,0.12
aneurysm,stomach flu,0.1075
aneurysm,stomach ulcer,0.0574
aneurysm,strep throat,0.08
aneurysm,stroke,0.0528889
aneurysm,tension headache,0.0833636
aneurysm,thoracic radiculopathy,0.223625
aneurysm,thyroid cancer,0.057
aneurysm,thyroid nodules,0.0486667
aneurysm,traumatic brain injury,0.0384
aneurysm,type 1 diabetes,0.0333333
aneurysm,type 2 diabetes,0.03125
aneurysm,ulcerative colitis,0.1275
aneurysm,upper respiratory infection,0.06125
aneurysm,urinary tract infection,0.027
aneurysm,vitamin d deficiency,0.03525
angina,aphasia,0.03875
angina,appendicitis,0.165917
angina,arrhythmia,0.0515909
angina,arthritis,0.0601875
angina,asthma,0.03875
angina,atopic dermatitis,0.0228333
angina,atrial fibrillation,0.0332273
angina,bed bug bite,0.0255
angina,bell's palsy,0.11925
angina,bipolar disorder,0.052
angina,bladder cancer,0.072625
angina,bone fracture,0.0853
angina,bone infection,0.0581429
angina,borderline personality disorder,0.146167
angina,brain tumor,0.0352857
angina,breast cancer,0.0359444
angina,bronchitis,0.0717273
angina,burn,0.0508333
angina,cardiac arrest,0.0135
angina,cardiomyopathy,0.0317308
angina,carpal tunnel syndrome,0.0653571
angina,cataracts,0.0215
angina,celiac disease,0.0736
angina,cellulitis,0.15175
angina,cervical cancer,0.0697222
angina,cervical radiculopathy,0.0975
angina,chicken pox,0.0262
angina,chlamydia,0.139625
angina,cholangiocarcinoma,0.082375
angina,cholecystitis,0.106214
angina,chronic kidney disease,0.0286667
angina,chronic obstructive pulmonary disease,0.0367917
angina,chronic pain,0.103143
angina,cirrhosis of the liver,0.0497273
angina,colon cancer,0.0511667
angina,common cold,0.0247308
angina,concussion,0.04435
angina,congestive heart failure,0.0561875
angina,coronary artery disease,0.0311875
angina,crohn's disease,0.0843333
angina,deep vein thrombosis,0.0849167
angina,dementia,0.016
angina,diverticulitis,0.1507
angina,diverticulosis,0.0736667
angina,drug withdrawal,0.0563125
angina,ectopic pregnancy,0.1177
angina,encephalitis,0.0362
angina,encephalopathy,0.023625
angina,endometrial cancer,0.035625
angina,endometriosis,0.091125
angina,epididymitis,0.147375
angina,epilepsy,0.0228125
angina,esophageal cancer,0.0503125
angina,fibroids,0.0995833
angina,fibromyalgia,0.0555625
angina,gallstones,0.1601
angina,gastritis,0.0866111
angina,gastroparesis,0.0918333
angina,glaucoma,0.017625
angina,goiter,0.0393571
angina,gout,0.111333
angina,groin hernia,0.109
angina,heart attack,0.0455833
angina,hepatitis a,0.0636667
angina,hepatitis b,0.0234545
angina,hepatitis c,0.0486
angina,hiatal hernia,0.0553333
angina,high blood pressure,0.0335625
angina,high cholesterol,0.0302222
angina,hiv/aids,0.039
angina,hives,0.05525
angina,hyperthyroidism,0.0350333
angina,hypoglycemia,0.0175714
angina,hyponatremia,0.0329375
angina,hypothyroidism,0.0242353
angina,insect bites and stings,0.0135
angina,iron deficiency anemia,0.0337778
angina,irritable bowel syndrome,0.0985714
angina,kidney infection,0.095
angina,kidney stone,0.122917
angina,liver cancer,0.09725
angina,low back pain,0.1396
angina,lung cancer,0.03965
angina,lupus,0.0497083
angina,lyme disease,0.0763333
angina,major depression,0.0892857
angina,melanoma,0.0363571
angina,meningitis,0.0861667
angina,middle ear infection,0.0560714
angina,migraine,0.0802727
angina,miscarriage,0.0646667
angina,mono,0.0858
angina,multiple myeloma,0.0630714
angina,multiple sclerosis,0.0195
angina,myasthenia gravis,0.0516
angina,neutropenia,0.0568
angina,obesity,0.066625
angina,osteoarthritis,0.0809
angina,osteoporosis,0.0690833
angina,ovarian cancer,0.0887857
angina,ovarian cyst,0.142
angina,pancreatitis,0.145
angina,parkinson's disease,0.0255
angina,pink eye,0.0388
angina,plantar fasciitis,0.21475
angina,pleural effusion,0.0645
angina,pneumonia,0.076
angina,pneumothorax,0.063625
angina,polycystic ovary syndrome,0.07655
angina,post traumatic stress disorder,0.1145
angina,prostate cancer,0.0469167
angina,psoriasis,0.0557143
angina,psychosis,0.07175
angina,pulmonary embolism,0.04615
angina,pulmonary hypertension,0.0418571
angina,retinal detachment,0.0235
angina,rhabdomyolysis,0.021375
angina,rheumatoid arthritis,0.0555625
angina,schizophrenia,0.03025
angina,sciatica,0.1855
angina,seasonal allergies,0.0331923
angina,sebaceous cyst,0.0995
angina,sepsis,0.04225
angina,shingles,0.0651667
angina,sickle cell anemia,0.0976111
angina,sinusitis,0.0610833
angina,sleep apnea,0.0359
angina,spondylosis,0.06435
angina,sprained ankle,0.22075
angina,sprained knee,0.14
angina,sprained wrist,0.137
angina,stomach flu,0.077375
angina,stomach ulcer,0.0716
angina,strep throat,0.0953571
angina,stroke,0.0319167
angina,tension headache,0.104556
angina,thoracic radiculopathy,0.232
angina,thyroid cancer,0.0385
angina,thyroid nodules,0.0607857
angina,traumatic brain injury,0.0459
angina,type 1 diabetes,0.0305625
angina,type 2 diabetes,0.0311
angina,ulcerative colitis,0.082
angina,upper respiratory infection,0.0895
angina,urinary tract infection,0.0207857
angina,vitamin d deficiency,0.0456
aphasia,arrhythmia,0.108
aphasia,arthritis,0.0675
aphasia,asthma,0.0295
aphasia,atopic dermatitis,0.0325
aphasia,atrial fibrillation,0.073
aphasia,bell's palsy,0.0953333
aphasia,bipolar disorder,0.0398
aphasia,bladder cancer,0.107
aphasia,bone fracture,0.0435
aphasia,bone infection,0.0695
aphasia,borderline personality disorder,0.05025
aphasia,brain tumor,0.0772917
aphasia,breast cancer,0.0725
aphasia,bronchitis,0.03
aphasia,cardiac arrest,0.0355
aphasia,cardiomyopathy,0.0935
aphasia,carpal tunnel syndrome,0.0895
aphasia,cataracts,0.0521667
aphasia,celiac disease,0.0585
aphasia,cervical radiculopathy,0.202
aphasia,chicken pox,0.0371667
aphasia,cholangiocarcinoma,0.092
aphasia,chronic kidney disease,0.0691667
aphasia,chronic obstructive pulmonary disease,0.0755
aphasia,chronic pain,0.07725
aphasia,cirrhosis of the liver,0.0863333
aphasia,colon cancer,0.112
aphasia,common cold,0.045
aphasia,concussion,0.06175
aphasia,congestive heart failure,0.0945
aphasia,coronary artery disease,0.0555
aphasia,deep vein thrombosis,0.0595
aphasia,dementia,0.0683
aphasia,drug withdrawal,0.0533333
aphasia,encephalitis,0.0793571
aphasia,encephalopathy,0.1168
aphasia,endometrial cancer,0.0995
aphasia,epilepsy,0.117714
aphasia,esophageal cancer,0.142
aphasia,fibromyalgia,0.066
aphasia,glaucoma,0.0548333
aphasia,goiter,0.118
aphasia,heart attack,0.0518333
aphasia,hepatitis a,0.099
aphasia,hepatitis b,0.1025
aphasia,hepatitis c,0.05525
aphasia,hiatal hernia,0.06475
aphasia,high blood pressure,0.07325
aphasia,high cholesterol,0.104
aphasia,hiv/aids,0.065375
aphasia,hyperthyroidism,0.06525
aphasia,hypoglycemia,0.0533571
aphasia,hyponatremia,0.081625
aphasia,hypothyroidism,0.0500833
aphasia,iron deficiency anemia,0.053
aphasia,irritable bowel syndrome,0.034
aphasia,kidney infection,0.0295
aphasia,liver cancer,0.0921667
aphasia,low back pain,0.095
aphasia,lung cancer,0.0821667
aphasia,lupus,0.0581667
aphasia,lyme disease,0.09175
aphasia,major depression,0.032
aphasia,melanoma,0.0772
aphasia,meningitis,0.1047
aphasia,middle ear infection,0.042
aphasia,migraine,0.068
aphasia,mono,0.07875
aphasia,multiple myeloma,0.0781667
aphasia,multiple sclerosis,0.0696667
aphasia,myasthenia gravis,0.10825
aphasia,neutropenia,0.1235
aphasia,obesity,0.0955
aphasia,osteoporosis,0.0755
aphasia,ovarian cancer,0.117
aphasia,parkinson's disease,0.0656
aphasia,pink eye,0.0325
aphasia,pleural effusion,0.1025
aphasia,pneumonia,0.076
aphasia,pneumothorax,0.043
aphasia,polycystic ovary syndrome,0.0435
aphasia,post traumatic stress disorder,0.05375
aphasia,prostate cancer,0.129
aphasia,psychosis,0.04775
aphasia,pulmonary hypertension,0.015
aphasia,retinal detachment,0.0358333
aphasia,rhabdomyolysis,0.0602
aphasia,rheumatoid arthritis,0.1015
aphasia,schizophrenia,0.043375
aphasia,sciatica,0.10125
aphasia,seasonal allergies,0.0515
aphasia,sepsis,0.066375
aphasia,shingles,0.058
aphasia,sickle cell anemia,0.032
aphasia,sinusitis,0.06325
aphasia,sleep apnea,0.0453333
aphasia,spondylosis,0.0951667
aphasia,sprained wrist,0.0435
aphasia,stomach flu,0.06975
aphasia,stomach ulcer,0.02325
aphasia,strep throat,0.062
aphasia,stroke,0.0785417
aphasia,tension headache,0.1535
aphasia,thoracic radiculopathy,0.204
aphasia,thyroid cancer,0.077
aphasia,thyroid nodules,0.04
aphasia,traumatic brain injury,0.0635
aphasia,type 1 diabetes,0.0995
aphasia,type 2 diabetes,0.0691667
aphasia,upper respiratory infection,0.055
aphasia,urinary tract infection,0.0763333
aphasia,vitamin d deficiency,0.05325
appendicitis,arthritis,0.124714
appendicitis,asthma,0.08325
appendicitis,atopic dermatitis,0.05575
appendicitis,bed bug bite,0.02
appendicitis,bipolar disorder,0.021
appendicitis,bladder cancer,0.121214
appendicitis,bone fracture,0.3615
appendicitis,bone infection,0.162
appendicitis,borderline personality disorder,0.092
appendicitis,brain tumor,0.105667
appendicitis,breast cancer,0.097
appendicitis,bronchitis,0.1195
appendicitis,burn,0.1131
appendicitis,carpal tunnel syndrome,0.26825
appendicitis,cataracts,0.0265
appendicitis,celiac disease,0.128833
appendicitis,cellulitis,0.1786
appendicitis,cervical cancer,0.184375
appendicitis,cervical radiculopathy,0.21575
appendicitis,chicken pox,0.0872
appendicitis,chlamydia,0.133267
appendicitis,cholangiocarcinoma,0.1641
appendicitis,cholecystitis,0.135967
appendicitis,chronic kidney disease,0.08125
appendicitis,chronic obstructive pulmonary disease,0.0483333
appendicitis,chronic pain,0.203429
appendicitis,cirrhosis of the liver,0.120273
appendicitis,colon cancer,0.135864
appendicitis,common cold,0.0878333
appendicitis,concussion,0.161167
appendicitis,coronary artery disease,0.01525
appendicitis,crohn's disease,0.127324
appendicitis,deep vein thrombosis,0.232333
appendicitis,dementia,0.01
appendicitis,diverticulitis,0.130324
appendicitis,diverticulosis,0.133364
appendicitis,drug withdrawal,0.11575
appendicitis,ectopic pregnancy,0.145042
appendicitis,encephalitis,0.0575
appendicitis,encephalopathy,0.0255
appendicitis,endometrial cancer,0.103643
appendicitis,endometriosis,0.126118
appendicitis,epididymitis,0.121615
appendicitis,epilepsy,0.04725
appendicitis,esophageal cancer,0.1235
appendicitis,fibroids,0.125107
appendicitis,fibromyalgia,0.12275
appendicitis,gallstones,0.146893
appendicitis,gastritis,0.172727
appendicitis,gastroparesis,0.167731
appendicitis,glaucoma,0.0135
appendicitis,goiter,0.062
appendicitis,gout,0.1633
appendicitis,groin hernia,0.143409
appendicitis,heart attack,0.159833
appendicitis,hepatitis a,0.152727
appendicitis,hepatitis b,0.0865
appendicitis,hepatitis c,0.153812
appendicitis,hiatal hernia,0.1461
appendicitis,high cholesterol,0.11975
appendicitis,hiv/aids,0.0955625
appendicitis,hyperthyroidism,0.083
appendicitis,hypoglycemia,0.052
appendicitis,hyponatremia,0.0898333
appendicitis,hypothyroidism,0.0788333
appendicitis,insect bites and stings,0.071
appendicitis,iron deficiency anemia,0.11825
appendicitis,irritable bowel syndrome,0.151292
appendicitis,kidney infection,0.147031
appendicitis,kidney stone,0.119639
appendicitis,liver cancer,0.181375
appendicitis,low back pain,0.143167
appendicitis,lung cancer,0.0695
appendicitis,lupus,0.126591
appendicitis,lyme disease,0.171833
appendicitis,major depression,0.02775
appendicitis,melanoma,0.1495
appendicitis,meningitis,0.182929
appendicitis,middle ear infection,0.1381
appendicitis,migraine,0.197667
appendicitis,miscarriage,0.113083
appendicitis,mono,0.15145
appendicitis,multiple myeloma,0.156
appendicitis,multiple sclerosis,0.0416667
appendicitis,myasthenia gravis,0.02375
appendicitis,neutropenia,0.140429
appendicitis,obesity,0.161375
appendicitis,osteoarthritis,0.214333
appendicitis,osteoporosis,0.27975
appendicitis,ovarian cancer,0.141667
appendicitis,ovarian cyst,0.125711
appendicitis,pancreatitis,0.158179
appendicitis,parkinson's disease,0.0405
appendicitis,pink eye,0.057
appendicitis,plantar fasciitis,0.27
appendicitis,pleural effusion,0.03875
appendicitis,pneumonia,0.091
appendicitis,pneumothorax,0.173667
appendicitis,polycystic ovary syndrome,0.153182
appendicitis,post traumatic stress disorder,0.0986667
appendicitis,prostate cancer,0.124571
appendicitis,psoriasis,0.139375
appendicitis,pulmonary embolism,0.0428333
appendicitis,pulmonary hypertension,0.016
appendicitis,retinal detachment,0.0255
appendicitis,rhabdomyolysis,0.0335
appendicitis,rheumatoid arthritis,0.1582
appendicitis,sciatica,0.1793
appendicitis,seasonal allergies,0.057
appendicitis,sebaceous cyst,0.241667
appendicitis,sepsis,0.11
appendicitis,shingles,0.158625
appendicitis,sickle cell anemia,0.15175
appendicitis,sinusitis,0.141625
appendicitis,sleep apnea,0.0918333
appendicitis,spondylosis,0.33075
appendicitis,sprained ankle,0.2745
appendicitis,sprained knee,0.197625
appendicitis,sprained wrist,0.3795
appendicitis,stomach flu,0.1635
appendicitis,stomach ulcer,0.166167
appendicitis,strep throat,0.18075
appendicitis,tension headache,0.307833
appendicitis,thoracic radiculopathy,0.221125
appendicitis,thyroid cancer,0.1146
appendicitis,thyroid nodules,0.2635
appendicitis,traumatic brain injury,0.131333
appendicitis,type 1 diabetes,0.090625
appendicitis,type 2 diabetes,0.0125
appendicitis,ulcerative colitis,0.155962
appendicitis,upper respiratory infection,0.0888
appendicitis,urinary tract infection,0.0642
appendicitis,vitamin d deficiency,0.0606667
arrhythmia,arthritis,0.023
arrhythmia,asthma,0.041
arrhythmia,atrial fibrillation,0.0481538
arrhythmia,bell's palsy,0.1165
arrhythmia,bipolar disorder,0.030375
arrhythmia,bladder cancer,0.029125
arrhythmia,bone fracture,0.062
arrhythmia,bone infection,0.0365
arrhythmia,brain tumor,0.05725
arrhythmia,breast cancer,0.038
arrhythmia,bronchitis,0.0323
arrhythmia,cardiac arrest,0.0603333
arrhythmia,cardiomyopathy,0.0430417
arrhythmia,carpal tunnel syndrome,0.059
arrhythmia,cataracts,0.061
arrhythmia,celiac disease,0.0355833
arrhythmia,cervical cancer,0.0338333
arrhythmia,cervical radiculopathy,0.106
arrhythmia,cholangiocarcinoma,0.0372
arrhythmia,cholecystitis,0.0225
arrhythmia,chronic kidney disease,0.0278
arrhythmia,chronic obstructive pulmonary disease,0.031125
arrhythmia,chronic pain,0.033
arrhythmia,cirrhosis of the liver,0.0354286
arrhythmia,colon cancer,0.0381875
arrhythmia,common cold,0.0450833
arrhythmia,concussion,0.0522
arrhythmia,congestive heart failure,0.0439444
arrhythmia,coronary artery disease,0.0333333
arrhythmia,crohn's disease,0.0237
arrhythmia,deep vein thrombosis,0.0455
arrhythmia,dementia,0.0420833
arrhythmia,diverticulosis,0.05425
arrhythmia,drug withdrawal,0.0573333
arrhythmia,ectopic pregnancy,0.0395
arrhythmia,encephalitis,0.0397
arrhythmia,encephalopathy,0.0331667
arrhythmia,endometrial cancer,0.0273333
arrhythmia,endometriosis,0.01975
arrhythmia,epilepsy,0.0426667
arrhythmia,esophageal cancer,0.0503125
arrhythmia,fibroids,0.05525
arrhythmia,fibromyalgia,0.0247857
arrhythmia,gastritis,0.0515
arrhythmia,gastroparesis,0.03825
arrhythmia,glaucoma,0.04425
arrhythmia,goiter,0.0574167
arrhythmia,heart attack,0.045
arrhythmia,hepatitis a,0.0281667
arrhythmia,hepatitis b,0.035625
arrhythmia,hepatitis c,0.0205
arrhythmia,hiatal hernia,0.037625
arrhythmia,high blood pressure,0.0452
arrhythmia,high cholesterol,0.0413
arrhythmia,hiv/aids,0.0289
arrhythmia,hives,0.02225
arrhythmia,hyperthyroidism,0.0486667
arrhythmia,hypoglycemia,0.0445
arrhythmia,hyponatremia,0.0440714
arrhythmia,hypothyroidism,0.0393333
arrhythmia,iron deficiency anemia,0.04125
arrhythmia,irritable bowel syndrome,0.03425
arrhythmia,kidney infection,0.02775
arrhythmia,liver cancer,0.0436667
arrhythmia,low back pain,0.044
arrhythmia,lung cancer,0.0465833
arrhythmia,lupus,0.044
arrhythmia,lyme disease,0.069125
arrhythmia,major depression,0.05475
arrhythmia,melanoma,0.0446
arrhythmia,meningitis,0.038875
arrhythmia,middle ear infection,0.0545
arrhythmia,migraine,0.039875
arrhythmia,miscarriage,0.05325
arrhythmia,mono,0.0683
arrhythmia,multiple myeloma,0.033
arrhythmia,multiple sclerosis,0.0435
arrhythmia,myasthenia gravis,0.0621
arrhythmia,neutropenia,0.0536667
arrhythmia,obesity,0.02825
arrhythmia,osteoporosis,0.0345
arrhythmia,ovarian cancer,0.029
arrhythmia,parkinson's disease,0.037
arrhythmia,pleural effusion,0.05075
arrhythmia,pneumonia,0.0523333
arrhythmia,pneumothorax,0.0513333
arrhythmia,polycystic ovary syndrome,0.06225
arrhythmia,post traumatic stress disorder,0.0585
arrhythmia,prostate cancer,0.032375
arrhythmia,psoriasis,0.0395
arrhythmia,psychosis,0.03425
arrhythmia,pulmonary embolism,0.0709
arrhythmia,pulmonary hypertension,0.0698333
arrhythmia,retinal detachment,0.03875
arrhythmia,rhabdomyolysis,0.0265
arrhythmia,rheumatoid arthritis,0.0315833
arrhythmia,schizophrenia,0.03975
arrhythmia,sciatica,0.041
arrhythmia,seasonal allergies,0.0431
arrhythmia,sebaceous cyst,0.067
arrhythmia,sepsis,0.0473571
arrhythmia,shingles,0.025
arrhythmia,sickle cell anemia,0.0375
arrhythmia,sinusitis,0.0381
arrhythmia,sleep apnea,0.03975
arrhythmia,spondylosis,0.0721667
arrhythmia,stomach flu,0.0391875
arrhythmia,stomach ulcer,0.039
arrhythmia,strep throat,0.03175
arrhythmia,stroke,0.0739
arrhythmia,tension headache,0.0709
arrhythmia,thoracic radiculopathy,0.132
arrhythmia,thyroid cancer,0.054
arrhythmia,thyroid nodules,0.0795
arrhythmia,traumatic brain injury,0.0645
arrhythmia,type 1 diabetes,0.0292
arrhythmia,type 2 diabetes,0.0278333
arrhythmia,ulcerative colitis,0.034
arrhythmia,upper respiratory infection,0.043875
arrhythmia,urinary tract infection,0.02775
arrhythmia,vitamin d deficiency,0.0471667
arthritis,asthma,0.019
arthritis,atopic dermatitis,0.0293333
arthritis,atrial fibrillation,0.0265
arthritis,bed bug bite,0.0208333
arthritis,bell's palsy,0.0976667
arthritis,bipolar disorder,0.0676667
arthritis,bladder cancer,0.08
arthritis,bone fracture,0.0491176
arthritis,bone infection,0.0558571
arthritis,borderline personality disorder,0.17675
arthritis,brain tumor,0.0486667
arthritis,breast cancer,0.0215
arthritis,burn,0.0543125
arthritis,cardiac arrest,0.011
arthritis,cardiomyopathy,0.0085
arthritis,carpal tunnel syndrome,0.0486875
arthritis,cataracts,0.0248333
arthritis,celiac disease,0.0896429
arthritis,cellulitis,0.135571
arthritis,cervical cancer,0.0805833
arthritis,cervical radiculopathy,0.0930714
arthritis,chicken pox,0.0221667
arthritis,chlamydia,0.1131
arthritis,cholangiocarcinoma,0.095375
arthritis,cholecystitis,0.104167
arthritis,chronic kidney disease,0.017875
arthritis,chronic obstructive pulmonary disease,0.0108
arthritis,chronic pain,0.0618333
arthritis,cirrhosis of the liver,0.0635833
arthritis,colon cancer,0.0505625
arthritis,common cold,0.0117
arthritis,concussion,0.0295
arthritis,congestive heart failure,0.052
arthritis,coronary artery disease,0.0147143
arthritis,crohn's disease,0.111786
arthritis,deep vein thrombosis,0.0813125
arthritis,dementia,0.017
arthritis,diverticulitis,0.115083
arthritis,diverticulosis,0.097
arthritis,drug withdrawal,0.0423333
arthritis,ectopic pregnancy,0.100667
arthritis,encephalitis,0.018625
arthritis,encephalopathy,0.02
arthritis,endometrial cancer,0.0145
arthritis,endometriosis,0.0731111
arthritis,epididymitis,0.114
arthritis,epilepsy,0.0228
arthritis,esophageal cancer,0.02625
arthritis,fibroids,0.127875
arthritis,fibromyalgia,0.0454474
arthritis,gallstones,0.101667
arthritis,gastritis,0.088
arthritis,gastroparesis,0.0816429
arthritis,glaucoma,0.0172
arthritis,goiter,0.0296667
arthritis,gout,0.056
arthritis,groin hernia,0.0988333
arthritis,heart attack,0.0446
arthritis,hepatitis a,0.0652143
arthritis,hepatitis b,0.0150625
arthritis,hepatitis c,0.0570714
arthritis,hiatal hernia,0.0530625
arthritis,high blood pressure,0.021
arthritis,high cholesterol,0.018
arthritis,hiv/aids,0.0249167
arthritis,hives,0.09375
arthritis,hyperthyroidism,0.0244167
arthritis,hypoglycemia,0.014125
arthritis,hyponatremia,0.04075
arthritis,hypothyroidism,0.0158571
arthritis,insect bites and stings,0.10275
arthritis,iron deficiency anemia,0.0391667
arthritis,irritable bowel syndrome,0.0737778
arthritis,kidney infection,0.109167
arthritis,kidney stone,0.0713333
arthritis,liver cancer,0.107125
arthritis,low back pain,0.0708462
arthritis,lung cancer,0.0275
arthritis,lupus,0.0608125
arthritis,lyme disease,0.0619444
arthritis,major depression,0.11375
arthritis,melanoma,0.0335
arthritis,meningitis,0.0751429
arthritis,middle ear infection,0.07225
arthritis,migraine,0.0467
arthritis,miscarriage,0.0627
arthritis,mono,0.0603
arthritis,multiple myeloma,0.0643333
arthritis,multiple sclerosis,0.0230667
arthritis,myasthenia gravis,0.043625
arthritis,neutropenia,0.0375
arthritis,obesity,0.0451538
arthritis,osteoarthritis,0.059375
arthritis,osteoporosis,0.06275
arthritis,ovarian cancer,0.0776667
arthritis,ovarian cyst,0.139417
arthritis,pancreatitis,0.0888125
arthritis,parkinson's disease,0.01825
arthritis,pink eye,0.086875
arthritis,plantar fasciitis,0.0885556
arthritis,pleural effusion,0.0205
arthritis,pneumonia,0.0215
arthritis,pneumothorax,0.0647
arthritis,polycystic ovary syndrome,0.0835
arthritis,post traumatic stress disorder,0.0871
arthritis,prostate cancer,0.0657
arthritis,psoriasis,0.0566875
arthritis,psychosis,0.1085
arthritis,pulmonary embolism,0.0301
arthritis,pulmonary hypertension,0.017875
arthritis,retinal detachment,0.0206667
arthritis,rhabdomyolysis,0.0361
arthritis,rheumatoid arthritis,0.0474643
arthritis,schizophrenia,0.04
arthritis,sciatica,0.0824615
arthritis,seasonal allergies,0.0269
arthritis,sebaceous cyst,0.1338
arthritis,sepsis,0.026625
arthritis,shingles,0.0529
arthritis,sickle cell anemia,0.0763846
arthritis,sinusitis,0.0548333
arthritis,sleep apnea,0.029875
arthritis,spondylosis,0.0674091
arthritis,sprained ankle,0.129937
arthritis,sprained knee,0.0827083
arthritis,sprained wrist,0.0985
arthritis,stomach flu,0.120667
arthritis,stomach ulcer,0.0848333
arthritis,strep throat,0.067875
arthritis,stroke,0.1
arthritis,tension headache,0.0889
arthritis,thoracic radiculopathy,0.117583
arthritis,thyroid cancer,0.0273333
arthritis,thyroid nodules,0.0827
arthritis,traumatic brain injury,0.0187
arthritis,type 1 diabetes,0.0132
arthritis,type 2 diabetes,0.0154
arthritis,ulcerative colitis,0.120667
arthritis,upper respiratory infection,0.0223333
arthritis,urinary tract infection,0.0165833
arthritis,vitamin d deficiency,0.044625
asthma,atopic dermatitis,0.0398571
asthma,atrial fibrillation,0.0383125
asthma,bed bug bite,0.0273333
asthma,bell's palsy,0.072
asthma,bipolar disorder,0.0516667
asthma,bladder cancer,0.0228333
asthma,bone fracture,0.0215
asthma,bone infection,0.0315
asthma,borderline personality disorder,0.148
asthma,brain tumor,0.031625
asthma,breast cancer,0.044
asthma,bronchitis,0.0669211
asthma,burn,0.018
asthma,cardiac arrest,0.0156667
asthma,cardiomyopathy,0.0366818
asthma,carpal tunnel syndrome,0.014125
asthma,cataracts,0.0251667
asthma,celiac disease,0.022125
asthma,cellulitis,0.05825
asthma,cervical cancer,0.0293333
asthma,cervical radiculopathy,0.025375
asthma,chicken pox,0.03675
asthma,chlamydia,0.049
asthma,cholangiocarcinoma,0.0705
asthma,cholecystitis,0.036
asthma,chronic kidney disease,0.0415625
asthma,chronic obstructive pulmonary disease,0.0407895
asthma,chronic pain,0.045625
asthma,cirrhosis of the liver,0.052
asthma,colon cancer,0.0265625
asthma,common cold,0.03475
asthma,concussion,0.038
asthma,congestive heart failure,0.0526923
asthma,coronary artery disease,0.0265
asthma,crohn's disease,0.0565
asthma,deep vein thrombosis,0.079
asthma,dementia,0.012125
asthma,diverticulitis,0.058
asthma,diverticulosis,0.032
asthma,drug withdrawal,0.0477
asthma,ectopic pregnancy,0.0105
asthma,encephalitis,0.0397
asthma,encephalopathy,0.024375
asthma,endometrial cancer,0.0288333
asthma,endometriosis,0.0204167
asthma,epididymitis,0.0435
asthma,epilepsy,0.024
asthma,esophageal cancer,0.0431667
asthma,fibroids,0.03975
asthma,fibromyalgia,0.0331667
asthma,gallstones,0.04125
asthma,gastritis,0.026125
asthma,gastroparesis,0.0241667
asthma,glaucoma,0.0206667
asthma,goiter,0.0350833
asthma,gout,0.0406667
asthma,groin hernia,0.0295
asthma,heart attack,0.0312222
asthma,hepatitis a,0.0463571
asthma,hepatitis b,0.0360556
asthma,hepatitis c,0.0366667
asthma,hiatal hernia,0.0310714
asthma,high blood pressure,0.0392
asthma,high cholesterol,0.0302
asthma,hiv/aids,0.0426538
asthma,hives,0.0484
asthma,hyperthyroidism,0.0402727
asthma,hypoglycemia,0.014375
asthma,hyponatremia,0.0410833
asthma,hypothyroidism,0.0223333
asthma,insect bites and stings,0.021375
asthma,iron deficiency anemia,0.0320833
asthma,irritable bowel syndrome,0.046625
asthma,kidney infection,0.0535625
asthma,kidney stone,0.0366667
asthma,liver cancer,0.0392
asthma,low back pain,0.2085
asthma,lung cancer,0.0510833
asthma,lupus,0.0379167
asthma,lyme disease,0.0645833
asthma,major depression,0.1171
asthma,melanoma,0.0335
asthma,meningitis,0.07835
asthma,middle ear infection,0.056625
asthma,migraine,0.0612
asthma,mono,0.0959
asthma,multiple myeloma,0.0585
asthma,multiple sclerosis,0.0228125
asthma,myasthenia gravis,0.0772
asthma,neutropenia,0.08825
asthma,obesity,0.0355
asthma,osteoarthritis,0.034875
asthma,osteoporosis,0.03225
asthma,ovarian cancer,0.0398
asthma,ovarian cyst,0.0323333
asthma,pancreatitis,0.0321
asthma,parkinson's disease,0.0389286
asthma,pink eye,0.0574286
asthma,pleural effusion,0.072875
asthma,pneumonia,0.0699667
asthma,pneumothorax,0.058
asthma,polycystic ovary syndrome,0.0365
asthma,post traumatic stress disorder,0.141
asthma,prostate cancer,0.0205
asthma,psoriasis,0.0361667
asthma,psychosis,0.07275
asthma,pulmonary embolism,0.0548333
asthma,pulmonary hypertension,0.0563889
asthma,retinal detachment,0.022
asthma,rhabdomyolysis,0.012
asthma,rheumatoid arthritis,0.0276667
asthma,schizophrenia,0.0426
asthma,sciatica,0.10075
asthma,seasonal allergies,0.045
asthma,sebaceous cyst,0.0155
asthma,sepsis,0.0563636
asthma,shingles,0.0125
asthma,sickle cell anemia,0.0725
asthma,sinusitis,0.0522692
asthma,sleep apnea,0.04755
asthma,spondylosis,0.0397
asthma,stomach flu,0.0306111
asthma,stomach ulcer,0.059375
asthma,strep throat,0.084625
asthma,stroke,0.025
asthma,tension headache,0.0836
asthma,thoracic radiculopathy,0.2415
asthma,thyroid cancer,0.0465714
asthma,thyroid nodules,0.0246667
asthma,traumatic brain injury,0.0725
asthma,type 1 diabetes,0.036625
asthma,type 2 diabetes,0.0426
asthma,ulcerative colitis,0.04775
asthma,upper respiratory infection,0.0820625
asthma,urinary tract infection,0.0208571
asthma,vitamin d deficiency,0.050625
atopic dermatitis,atrial fibrillation,0.012
atopic dermatitis,bed bug bite,0.0805
atopic dermatitis,bell's palsy,0.05075
atopic dermatitis,bipolar disorder,0.078
atopic dermatitis,bladder cancer,0.032
atopic dermatitis,bone fracture,0.067
atopic dermatitis,bone infection,0.0595
atopic dermatitis,borderline personality disorder,0.150167
atopic dermatitis,brain tumor,0.045375
atopic dermatitis,breast cancer,0.021375
atopic dermatitis,bronchitis,0.10575
atopic dermatitis,burn,0.0498571
atopic dermatitis,cardiac arrest,0.0178333
atopic dermatitis,cardiomyopathy,0.0275
atopic dermatitis,carpal tunnel syndrome,0.0272857
atopic dermatitis,cataracts,0.0251667
atopic dermatitis,celiac disease,0.028
atopic dermatitis,cellulitis,0.122071
atopic dermatitis,cervical cancer,0.0347
atopic dermatitis,cervical radiculopathy,0.021
atopic dermatitis,chicken pox,0.0883571
atopic dermatitis,chlamydia,0.0555
atopic dermatitis,cholangiocarcinoma,0.04575
atopic dermatitis,cholecystitis,0.0325
atopic dermatitis,chronic kidney disease,0.0255
atopic dermatitis,chronic obstructive pulmonary disease,0.0295714
atopic dermatitis,chronic pain,0.043
atopic dermatitis,cirrhosis of the liver,0.0212
atopic dermatitis,colon cancer,0.0205
atopic dermatitis,common cold,0.06
atopic dermatitis,concussion,0.128
atopic dermatitis,congestive heart failure,0.06025
atopic dermatitis,coronary artery disease,0.020875
atopic dermatitis,crohn's disease,0.073
atopic dermatitis,deep vein thrombosis,0.0643333
atopic dermatitis,dementia,0.0173333
atopic dermatitis,diverticulitis,0.0475
atopic dermatitis,diverticulosis,0.02275
atopic dermatitis,drug withdrawal,0.0629167
atopic dermatitis,encephalitis,0.0539
atopic dermatitis,encephalopathy,0.0273333
atopic dermatitis,endometriosis,0.019875
atopic dermatitis,epididymitis,0.081125
atopic dermatitis,epilepsy,0.0316
atopic dermatitis,esophageal cancer,0.03425
atopic dermatitis,fibroids,0.0335
atopic dermatitis,fibromyalgia,0.037375
atopic dermatitis,gallstones,0.0395
atopic dermatitis,gastritis,0.02475
atopic dermatitis,gastroparesis,0.0232
atopic dermatitis,glaucoma,0.027
atopic dermatitis,goiter,0.025
atopic dermatitis,gout,0.0649
atopic dermatitis,groin hernia,0.0305
atopic dermatitis,heart attack,0.0265
atopic dermatitis,hepatitis a,0.0437857
atopic dermatitis,hepatitis b,0.0205833
atopic dermatitis,hepatitis c,0.0309167
atopic dermatitis,hiatal hernia,0.027
atopic dermatitis,high blood pressure,0.031
atopic dermatitis,high cholesterol,0.0248333
atopic dermatitis,hiv/aids,0.0464375
atopic dermatitis,hives,0.156125
atopic dermatitis,hyperthyroidism,0.0266667
atopic dermatitis,hypoglycemia,0.0186667
atopic dermatitis,hyponatremia,0.0215
atopic dermatitis,hypothyroidism,0.0227
atopic dermatitis,insect bites and stings,0.0940833
atopic dermatitis,iron deficiency anemia,0.0375
atopic dermatitis,irritable bowel syndrome,0.038
atopic dermatitis,kidney infection,0.0703333
atopic dermatitis,kidney stone,0.0335
atopic dermatitis,lung cancer,0.0535
atopic dermatitis,lupus,0.0416429
atopic dermatitis,lyme disease,0.0889
atopic dermatitis,major depression,0.1208
atopic dermatitis,melanoma,0.0435
atopic dermatitis,meningitis,0.1031
atopic dermatitis,middle ear infection,0.0391
atopic dermatitis,migraine,0.0524167
atopic dermatitis,mono,0.0707143
atopic dermatitis,multiple myeloma,0.0315
atopic dermatitis,multiple sclerosis,0.0289
atopic dermatitis,myasthenia gravis,0.0423333
atopic dermatitis,neutropenia,0.0505
atopic dermatitis,obesity,0.0286429
atopic dermatitis,osteoarthritis,0.040625
atopic dermatitis,osteoporosis,0.029875
atopic dermatitis,ovarian cancer,0.0598333
atopic dermatitis,ovarian cyst,0.0335
atopic dermatitis,pancreatitis,0.027625
atopic dermatitis,parkinson's disease,0.01725
atopic dermatitis,pink eye,0.0815625
atopic dermatitis,plantar fasciitis,0.0485
atopic dermatitis,pleural effusion,0.04875
atopic dermatitis,pneumonia,0.1005
atopic dermatitis,pneumothorax,0.02825
atopic dermatitis,polycystic ovary syndrome,0.036
atopic dermatitis,post traumatic stress disorder,0.1272
atopic dermatitis,prostate cancer,0.02675
atopic dermatitis,psoriasis,0.0498182
atopic dermatitis,psychosis,0.076875
atopic dermatitis,pulmonary embolism,0.027375
atopic dermatitis,pulmonary hypertension,0.02125
atopic dermatitis,retinal detachment,0.049
atopic dermatitis,rhabdomyolysis,0.038
atopic dermatitis,rheumatoid arthritis,0.0399375
atopic dermatitis,schizophrenia,0.03425
atopic dermatitis,sciatica,0.015
atopic dermatitis,seasonal allergies,0.0468
atopic dermatitis,sebaceous cyst,0.0808333
atopic dermatitis,sepsis,0.041875
atopic dermatitis,shingles,0.077
atopic dermatitis,sickle cell anemia,0.033125
atopic dermatitis,sinusitis,0.0769
atopic dermatitis,sleep apnea,0.0456429
atopic dermatitis,spondylosis,0.0373
atopic dermatitis,sprained ankle,0.247
atopic dermatitis,sprained knee,0.113
atopic dermatitis,sprained wrist,0.1705
atopic dermatitis,stomach flu,0.037875
atopic dermatitis,stomach ulcer,0.0503333
atopic dermatitis,strep throat,0.0745
atopic dermatitis,stroke,0.03325
atopic dermatitis,tension headache,0.100625
atopic dermatitis,thyroid cancer,0.035
atopic dermatitis,thyroid nodules,0.02775
atopic dermatitis,traumatic brain injury,0.0755
atopic dermatitis,type 1 diabetes,0.018875
atopic dermatitis,type 2 diabetes,0.0233333
atopic dermatitis,ulcerative colitis,0.0633333
atopic dermatitis,upper respiratory infection,0.0885
atopic dermatitis,urinary tract infection,0.0315
atopic dermatitis,vitamin d deficiency,0.0489
atrial fibrillation,bell's palsy,0.12
atrial fibrillation,bipolar disorder,0.0156667
atrial fibrillation,bladder cancer,0.025125
atrial fibrillation,bone fracture,0.0225
atrial fibrillation,bone infection,0.018
atrial fibrillation,borderline personality disorder,0.012
atrial fibrillation,brain tumor,0.0509167
atrial fibrillation,breast cancer,0.0260833
atrial fibrillation,bronchitis,0.0865
atrial fibrillation,cardiac arrest,0.013875
atrial fibrillation,cardiomyopathy,0.0252308
atrial fibrillation,carpal tunnel syndrome,0.0625
atrial fibrillation,cataracts,0.022
atrial fibrillation,celiac disease,0.0258
atrial fibrillation,cervical cancer,0.0273333
atrial fibrillation,cervical radiculopathy,0.1095
atrial fibrillation,cholangiocarcinoma,0.02975
atrial fibrillation,cholecystitis,0.0155
atrial fibrillation,chronic kidney disease,0.0184375
atrial fibrillation,chronic obstructive pulmonary disease,0.0305556
atrial fibrillation,chronic pain,0.0365
atrial fibrillation,cirrhosis of the liver,0.0225455
atrial fibrillation,colon cancer,0.0282143
atrial fibrillation,common cold,0.0215
atrial fibrillation,concussion,0.0276875
atrial fibrillation,congestive heart failure,0.0356667
atrial fibrillation,coronary artery disease,0.0228333
atrial fibrillation,crohn's disease,0.014125
atrial fibrillation,deep vein thrombosis,0.0285
atrial fibrillation,dementia,0.02925
atrial fibrillation,diverticulosis,0.02625
atrial fibrillation,drug withdrawal,0.0193333
atrial fibrillation,ectopic pregnancy,0.014
atrial fibrillation,encephalitis,0.043
atrial fibrillation,encephalopathy,0.0807
atrial fibrillation,endometrial cancer,0.024
atrial fibrillation,endometriosis,0.013
atrial fibrillation,epilepsy,0.0241875
atrial fibrillation,esophageal cancer,0.039
atrial fibrillation,fibroids,0.02725
atrial fibrillation,fibromyalgia,0.01925
atrial fibrillation,gastritis,0.021
atrial fibrillation,gastroparesis,0.025
atrial fibrillation,glaucoma,0.023
atrial fibrillation,goiter,0.0370833
atrial fibrillation,heart attack,0.0236
atrial fibrillation,hepatitis a,0.022
atrial fibrillation,hepatitis b,0.0222
atrial fibrillation,hepatitis c,0.0124
atrial fibrillation,hiatal hernia,0.023875
atrial fibrillation,high blood pressure,0.0244
atrial fibrillation,high cholesterol,0.0242
atrial fibrillation,hiv/aids,0.0263125
atrial fibrillation,hives,0.027
atrial fibrillation,hyperthyroidism,0.0329545
atrial fibrillation,hypoglycemia,0.0239444
atrial fibrillation,hyponatremia,0.0322778
atrial fibrillation,hypothyroidism,0.0175769
atrial fibrillation,insect bites and stings,0.009
atrial fibrillation,iron deficiency anemia,0.02925
atrial fibrillation,irritable bowel syndrome,0.024
atrial fibrillation,kidney infection,0.0163333
atrial fibrillation,liver cancer,0.036
atrial fibrillation,low back pain,0.0475
atrial fibrillation,lung cancer,0.0376875
atrial fibrillation,lupus,0.02425
atrial fibrillation,lyme disease,0.059
atrial fibrillation,major depression,0.02275
atrial fibrillation,melanoma,0.0355714
atrial fibrillation,meningitis,0.0251429
atrial fibrillation,middle ear infection,0.038
atrial fibrillation,migraine,0.0236
atrial fibrillation,miscarriage,0.02525
atrial fibrillation,mono,0.0536667
atrial fibrillation,multiple myeloma,0.0246429
atrial fibrillation,multiple sclerosis,0.0273571
atrial fibrillation,myasthenia gravis,0.0468333
atrial fibrillation,neutropenia,0.04675
atrial fibrillation,obesity,0.02725
atrial fibrillation,osteoporosis,0.038
atrial fibrillation,ovarian cancer,0.02925
atrial fibrillation,parkinson's disease,0.0221
atrial fibrillation,pink eye,0.056
atrial fibrillation,plantar fasciitis,0.0105
atrial fibrillation,pleural effusion,0.0499
atrial fibrillation,pneumonia,0.0542778
atrial fibrillation,pneumothorax,0.0265833
atrial fibrillation,polycystic ovary syndrome,0.03425
atrial fibrillation,post traumatic stress disorder,0.00933333
atrial fibrillation,prostate cancer,0.028375
atrial fibrillation,psoriasis,0.014
atrial fibrillation,psychosis,0.0195
atrial fibrillation,pulmonary embolism,0.0543
atrial fibrillation,pulmonary hypertension,0.035625
atrial fibrillation,retinal detachment,0.0235
atrial fibrillation,rhabdomyolysis,0.0223
atrial fibrillation,rheumatoid arthritis,0.0215833
atrial fibrillation,schizophrenia,0.013625
atrial fibrillation,sciatica,0.0445
atrial fibrillation,seasonal allergies,0.0355
atrial fibrillation,sebaceous cyst,0.0285
atrial fibrillation,sepsis,0.0376667
atrial fibrillation,shingles,0.0216667
atrial fibrillation,sickle cell anemia,0.02175
atrial fibrillation,sinusitis,0.0319167
atrial fibrillation,sleep apnea,0.0212143
atrial fibrillation,spondylosis,0.0478333
atrial fibrillation,sprained ankle,0.0225
atrial fibrillation,sprained knee,0.012
atrial fibrillation,sprained wrist,0.017
atrial fibrillation,stomach flu,0.0237857
atrial fibrillation,stomach ulcer,0.0185
atrial fibrillation,strep throat,0.0445
atrial fibrillation,stroke,0.0485714
atrial fibrillation,tension headache,0.0424
atrial fibrillation,thoracic radiculopathy,0.1355
atrial fibrillation,thyroid cancer,0.03575
atrial fibrillation,thyroid nodules,0.0393333
atrial fibrillation,traumatic brain injury,0.026
atrial fibrillation,type 1 diabetes,0.0178333
atrial fibrillation,type 2 diabetes,0.0151667
atrial fibrillation,ulcerative colitis,0.019875
atrial fibrillation,upper respiratory infection,0.081
atrial fibrillation,urinary tract infection,0.0205
atrial fibrillation,vitamin d deficiency,0.02775
bed bug bite,bell's palsy,0.0155
bed bug bite,bipolar disorder,0.079125
bed bug bite,bladder cancer,0.0275
bed bug bite,bone infection,0.064
bed bug bite,borderline personality disorder,0.118
bed bug bite,brain tumor,0.0333333
bed bug bite,breast cancer,0.024
bed bug bite,bronchitis,0.0275
bed bug bite,burn,0.0677
bed bug bite,cardiac arrest,0.0216667
bed bug bite,cardiomyopathy,0.028
bed bug bite,carpal tunnel syndrome,0.022
bed bug bite,cataracts,0.0311667
bed bug bite,celiac disease,0.0255
bed bug bite,cellulitis,0.092875
bed bug bite,cervical cancer,0.0345
bed bug bite,cervical radiculopathy,0.0248333
bed bug bite,chicken pox,0.148
bed bug bite,chlamydia,0.07475
bed bug bite,cholangiocarcinoma,0.0275
bed bug bite,cholecystitis,0.0215
bed bug bite,chronic kidney disease,0.0295
bed bug bite,chronic obstructive pulmonary disease,0.01875
bed bug bite,chronic pain,0.0468333
bed bug bite,cirrhosis of the liver,0.01525
bed bug bite,colon cancer,0.02
bed bug bite,common cold,0.08825
bed bug bite,coronary artery disease,0.019
bed bug bite,crohn's disease,0.024
bed bug bite,dementia,0.0185
bed bug bite,diverticulosis,0.0145
bed bug bite,drug withdrawal,0.072
bed bug bite,encephalitis,0.0605
bed bug bite,encephalopathy,0.0285
bed bug bite,endometriosis,0.021
bed bug bite,epididymitis,0.0635
bed bug bite,epilepsy,0.0316
bed bug bite,fibromyalgia,0.0452
bed bug bite,gastritis,0.0251667
bed bug bite,gastroparesis,0.0256667
bed bug bite,glaucoma,0.02875
bed bug bite,gout,0.025
bed bug bite,heart attack,0.026625
bed bug bite,hepatitis a,0.0669
bed bug bite,hepatitis b,0.018625
bed bug bite,hepatitis c,0.0329
bed bug bite,hiatal hernia,0.0318333
bed bug bite,high blood pressure,0.0338333
bed bug bite,high cholesterol,0.0286667
bed bug bite,hiv/aids,0.0563333
bed bug bite,hives,0.2645
bed bug bite,hyperthyroidism,0.032125
bed bug bite,hypoglycemia,0.019875
bed bug bite,hyponatremia,0.0315
bed bug bite,hypothyroidism,0.0335
bed bug bite,insect bites and stings,0.1085
bed bug bite,iron deficiency anemia,0.0486667
bed bug bite,irritable bowel syndrome,0.048125
bed bug bite,kidney infection,0.039
bed bug bite,kidney stone,0.018
bed bug bite,lung cancer,0.0743333
bed bug bite,lupus,0.098
bed bug bite,lyme disease,0.14375
bed bug bite,major depression,0.147
bed bug bite,melanoma,0.0325
bed bug bite,meningitis,0.1115
bed bug bite,middle ear infection,0.029
bed bug bite,migraine,0.0248
bed bug bite,mono,0.1045
bed bug bite,multiple myeloma,0.029
bed bug bite,multiple sclerosis,0.01475
bed bug bite,myasthenia gravis,0.029
bed bug bite,neutropenia,0.0395
bed bug bite,obesity,0.0315
bed bug bite,osteoarthritis,0.0446667
bed bug bite,osteoporosis,0.03
bed bug bite,ovarian cancer,0.0965
bed bug bite,ovarian cyst,0.0305
bed bug bite,pancreatitis,0.0175
bed bug bite,parkinson's disease,0.0185
bed bug bite,pink eye,0.111125
bed bug bite,pleural effusion,0.027
bed bug bite,pneumonia,0.0315
bed bug bite,pneumothorax,0.019
bed bug bite,polycystic ovary syndrome,0.0426667
bed bug bite,post traumatic stress disorder,0.1351
bed bug bite,prostate cancer,0.0265
bed bug bite,psoriasis,0.0680714
bed bug bite,psychosis,0.0643
bed bug bite,pulmonary embolism,0.0245
bed bug bite,pulmonary hypertension,0.0203333
bed bug bite,retinal detachment,0.06175
bed bug bite,rhabdomyolysis,0.01525
bed bug bite,rheumatoid arthritis,0.0595
bed bug bite,schizophrenia,0.0365
bed bug bite,seasonal allergies,0.0705
bed bug bite,sebaceous cyst,0.0285
bed bug bite,sepsis,0.0515
bed bug bite,shingles,0.0955
bed bug bite,sickle cell anemia,0.0625
bed bug bite,sinusitis,0.073
bed bug bite,sleep apnea,0.0678
bed bug bite,spondylosis,0.03675
bed bug bite,stomach flu,0.028
bed bug bite,stomach ulcer,0.0675
bed bug bite,strep throat,0.104
bed bug bite,stroke,0.0095
bed bug bite,tension headache,0.045
bed bug bite,traumatic brain injury,0.0075
bed bug bite,type 1 diabetes,0.021
bed bug bite,type 2 diabetes,0.0215
bed bug bite,ulcerative colitis,0.0235
bed bug bite,urinary tract infection,0.025
bed bug bite,vitamin d deficiency,0.058
bell's palsy,bipolar disorder,0.022
bell's palsy,bladder cancer,0.1155
bell's palsy,bone fracture,0.09625
bell's palsy,bone infection,0.109
bell's palsy,brain tumor,0.06645
bell's palsy,breast cancer,0.098
bell's palsy,bronchitis,0.0725
bell's palsy,cardiac arrest,0.0275
bell's palsy,cardiomyopathy,0.102
bell's palsy,carpal tunnel syndrome,0.105875
bell's palsy,cataracts,0.056125
bell's palsy,celiac disease,0.06325
bell's palsy,cellulitis,0.02025
bell's palsy,cervical radiculopathy,0.2355
bell's palsy,chicken pox,0.0665
bell's palsy,cholangiocarcinoma,0.131
bell's palsy,chronic kidney disease,0.1135
bell's palsy,chronic obstructive pulmonary disease,0.104
bell's palsy,chronic pain,0.104333
bell's palsy,cirrhosis of the liver,0.06575
bell's palsy,colon cancer,0.1205
bell's palsy,common cold,0.0945
bell's palsy,concussion,0.073
bell's palsy,congestive heart failure,0.103
bell's palsy,coronary artery disease,0.0468333
bell's palsy,deep vein thrombosis,0.06425
bell's palsy,dementia,0.0431667
bell's palsy,diverticulosis,0.018
bell's palsy,encephalitis,0.0571667
bell's palsy,encephalopathy,0.0695
bell's palsy,endometrial cancer,0.108
bell's palsy,epididymitis,0.017
bell's palsy,epilepsy,0.10625
bell's palsy,esophageal cancer,0.09775
bell's palsy,fibromyalgia,0.0809
bell's palsy,glaucoma,0.0728333
bell's palsy,goiter,0.058
bell's palsy,heart attack,0.0563333
bell's palsy,hepatitis a,0.1075
bell's palsy,hepatitis b,0.06275
bell's palsy,hiatal hernia,0.1095
bell's palsy,high blood pressure,0.09875
bell's palsy,high cholesterol,0.1125
bell's palsy,hiv/aids,0.0496667
bell's palsy,hives,0.02925
bell's palsy,hyperthyroidism,0.09075
bell's palsy,hypoglycemia,0.045
bell's palsy,hyponatremia,0.1525
bell's palsy,hypothyroidism,0.08725
bell's palsy,insect bites and stings,0.0245
bell's palsy,iron deficiency anemia,0.05775
bell's palsy,irritable bowel syndrome,0.0245
bell's palsy,kidney infection,0.072
bell's palsy,liver cancer,0.137
bell's palsy,low back pain,0.116667
bell's palsy,lung cancer,0.0628333
bell's palsy,lupus,0.0965
bell's palsy,lyme disease,0.1179
bell's palsy,major depression,0.071
bell's palsy,melanoma,0.117833
bell's palsy,meningitis,0.177
bell's palsy,middle ear infection,0.22875
bell's palsy,migraine,0.086875
bell's palsy,mono,0.0711
bell's palsy,multiple myeloma,0.07875
bell's palsy,multiple sclerosis,0.0608889
bell's palsy,myasthenia gravis,0.0733
bell's palsy,neutropenia,0.132
bell's palsy,obesity,0.104
bell's palsy,osteoporosis,0.1005
bell's palsy,ovarian cancer,0.1255
bell's palsy,parkinson's disease,0.0601667
bell's palsy,pink eye,0.0446667
bell's palsy,pleural effusion,0.111
bell's palsy,pneumonia,0.1205
bell's palsy,polycystic ovary syndrome,0.086
bell's palsy,prostate cancer,0.1375
bell's palsy,psoriasis,0.0205
bell's palsy,psychosis,0.0275
bell's palsy,pulmonary hypertension,0.016
bell's palsy,retinal detachment,0.0452
bell's palsy,rhabdomyolysis,0.108333
bell's palsy,rheumatoid arthritis,0.11
bell's palsy,schizophrenia,0.028
bell's palsy,sciatica,0.16475
bell's palsy,seasonal allergies,0.0645
bell's palsy,sebaceous cyst,0.031
bell's palsy,sepsis,0.06725
bell's palsy,shingles,0.0365714
bell's palsy,sickle cell anemia,0.0235
bell's palsy,sinusitis,0.0486667
bell's palsy,spondylosis,0.0953333
bell's palsy,sprained wrist,0.162
bell's palsy,stomach flu,0.09525
bell's palsy,stomach ulcer,0.0185
bell's palsy,strep throat,0.063375
bell's palsy,stroke,0.0739
bell's palsy,tension headache,0.14875
bell's palsy,thoracic radiculopathy,0.2675
bell's palsy,thyroid cancer,0.10525
bell's palsy,thyroid nodules,0.0473333
bell's palsy,traumatic brain injury,0.0396429
bell's palsy,type 1 diabetes,0.108
bell's palsy,type 2 diabetes,0.1135
bell's palsy,upper respiratory infection,0.07325
bell's palsy,urinary tract infection,0.113
bell's palsy,vitamin d deficiency,0.0575
bipolar disorder,bladder cancer,0.0168333
bipolar disorder,bone fracture,0.033
bipolar disorder,bone infection,0.0387143
bipolar disorder,borderline personality disorder,0.0661071
bipolar disorder,brain tumor,0.0435
bipolar disorder,breast cancer,0.01675
bipolar disorder,bronchitis,0.0366667
bipolar disorder,burn,0.099
bipolar disorder,cardiac arrest,0.0391
bipolar disorder,cardiomyopathy,0.0275
bipolar disorder,carpal tunnel syndrome,0.0576
bipolar disorder,cataracts,0.06175
bipolar disorder,celiac disease,0.017
bipolar disorder,cervical cancer,0.0625
bipolar disorder,cervical radiculopathy,0.07225
bipolar disorder,chicken pox,0.0175
bipolar disorder,cholangiocarcinoma,0.0212
bipolar disorder,cholecystitis,0.0125
bipolar disorder,chronic kidney disease,0.0137
bipolar disorder,chronic obstructive pulmonary disease,0.039
bipolar disorder,chronic pain,0.0611429
bipolar disorder,cirrhosis of the liver,0.0264
bipolar disorder,colon cancer,0.0428571
bipolar disorder,common cold,0.01125
bipolar disorder,concussion,0.0179286
bipolar disorder,congestive heart failure,0.013
bipolar disorder,coronary artery disease,0.055625
bipolar disorder,crohn's disease,0.010375
bipolar disorder,deep vein thrombosis,0.0155
bipolar disorder,dementia,0.0277778
bipolar disorder,diverticulitis,0.0315
bipolar disorder,diverticulosis,0.023
bipolar disorder,drug withdrawal,0.0385
bipolar disorder,encephalitis,0.0376364
bipolar disorder,encephalopathy,0.0509643
bipolar disorder,endometrial cancer,0.0173333
bipolar disorder,endometriosis,0.0494
bipolar disorder,epilepsy,0.0532333
bipolar disorder,esophageal cancer,0.0277
bipolar disorder,fibroids,0.018
bipolar disorder,fibromyalgia,0.0538889
bipolar disorder,gallstones,0.0105
bipolar disorder,gastritis,0.072875
bipolar disorder,gastroparesis,0.0533333
bipolar disorder,glaucoma,0.1005
bipolar disorder,goiter,0.0155
bipolar disorder,groin hernia,0.0245
bipolar disorder,heart attack,0.0566667
bipolar disorder,hepatitis a,0.061125
bipolar disorder,hepatitis b,0.043
bipolar disorder,hepatitis c,0.0445
bipolar disorder,hiatal hernia,0.0795
bipolar disorder,high blood pressure,0.101167
bipolar disorder,high cholesterol,0.075375
bipolar disorder,hiv/aids,0.0405
bipolar disorder,hyperthyroidism,0.0465556
bipolar disorder,hypoglycemia,0.0337308
bipolar disorder,hyponatremia,0.0314375
bipolar disorder,hypothyroidism,0.03805
bipolar disorder,iron deficiency anemia,0.0556875
bipolar disorder,irritable bowel syndrome,0.0668571
bipolar disorder,kidney infection,0.009625
bipolar disorder,kidney stone,0.007
bipolar disorder,liver cancer,0.0289
bipolar disorder,low back pain,0.0206667
bipolar disorder,lung cancer,0.0171667
bipolar disorder,lupus,0.012875
bipolar disorder,lyme disease,0.0615
bipolar disorder,major depression,0.0621944
bipolar disorder,melanoma,0.0298
bipolar disorder,meningitis,0.0238
bipolar disorder,migraine,0.0417222
bipolar disorder,mono,0.064
bipolar disorder,multiple myeloma,0.0162
bipolar disorder,multiple sclerosis,0.0124667
bipolar disorder,myasthenia gravis,0.022875
bipolar disorder,neutropenia,0.04625
bipolar disorder,obesity,0.079
bipolar disorder,osteoarthritis,0.0633333
bipolar disorder,osteoporosis,0.07825
bipolar disorder,ovarian cancer,0.02025
bipolar disorder,ovarian cyst,0.0358333
bipolar disorder,pancreatitis,0.0663333
bipolar disorder,parkinson's disease,0.0160357
bipolar disorder,pleural effusion,0.02
bipolar disorder,pneumonia,0.0216667
bipolar disorder,pneumothorax,0.013
bipolar disorder,polycystic ovary syndrome,0.11
bipolar disorder,post traumatic stress disorder,0.0567
bipolar disorder,prostate cancer,0.0143
bipolar disorder,psoriasis,0.1145
bipolar disorder,psychosis,0.0419375
bipolar disorder,pulmonary embolism,0.0325
bipolar disorder,pulmonary hypertension,0.068
bipolar disorder,retinal detachment,0.00975
bipolar disorder,rhabdomyolysis,0.0160714
bipolar disorder,rheumatoid arthritis,0.0400833
bipolar disorder,schizophrenia,0.0313261
bipolar disorder,sciatica,0.0175
bipolar disorder,seasonal allergies,0.072375
bipolar disorder,sebaceous cyst,0.0155
bipolar disorder,sepsis,0.0342857
bipolar disorder,shingles,0.01325
bipolar disorder,sickle cell anemia,0.02125
bipolar disorder,sinusitis,0.01675
bipolar disorder,sleep apnea,0.0507222
bipolar disorder,spondylosis,0.086875
bipolar disorder,sprained ankle,0.021
bipolar disorder,sprained knee,0.016
bipolar disorder,sprained wrist,0.0375
bipolar disorder,stomach flu,0.02225
bipolar disorder,stomach ulcer,0.07925
bipolar disorder,strep throat,0.02275
bipolar disorder,stroke,0.028
bipolar disorder,tension headache,0.05525
bipolar disorder,thoracic radiculopathy,0.03475
bipolar disorder,thyroid cancer,0.0235
bipolar disorder,traumatic brain injury,0.0179
bipolar disorder,type 1 diabetes,0.0403333
bipolar disorder,type 2 diabetes,0.0106
bipolar disorder,ulcerative colitis,0.01375
bipolar disorder,upper respiratory infection,0.0185
bipolar disorder,urinary tract infection,0.0136875
bipolar disorder,vitamin d deficiency,0.068
bladder cancer,bone fracture,0.2335
bladder cancer,bone infection,0.0651667
bladder cancer,borderline personality disorder,0.048
bladder cancer,brain tumor,0.04975
bladder cancer,breast cancer,0.0304
bladder cancer,bronchitis,0.0426667
bladder cancer,burn,0.042125
bladder cancer,cardiac arrest,0.0155
bladder cancer,cardiomyopathy,0.02025
bladder cancer,carpal tunnel syndrome,0.0725
bladder cancer,cataracts,0.032
bladder cancer,celiac disease,0.0854167
bladder cancer,cellulitis,0.09
bladder cancer,cervical cancer,0.074
bladder cancer,cervical radiculopathy,0.152833
bladder cancer,chicken pox,0.04475
bladder cancer,chlamydia,0.09025
bladder cancer,cholangiocarcinoma,0.067
bladder cancer,cholecystitis,0.0895
bladder cancer,chronic kidney disease,0.025
bladder cancer,chronic obstructive pulmonary disease,0.0183333
bladder cancer,chronic pain,0.140833
bladder cancer,cirrhosis of the liver,0.0390556
bladder cancer,colon cancer,0.0435
bladder cancer,common cold,0.024
bladder cancer,concussion,0.01825
bladder cancer,congestive heart failure,0.02025
bladder cancer,coronary artery disease,0.01825
bladder cancer,crohn's disease,0.0686
bladder cancer,deep vein thrombosis,0.0801667
bladder cancer,dementia,0.02125
bladder cancer,diverticulitis,0.0904375
bladder cancer,diverticulosis,0.0818333
bladder cancer,drug withdrawal,0.0195
bladder cancer,ectopic pregnancy,0.148833
bladder cancer,encephalitis,0.0375714
bladder cancer,encephalopathy,0.032375
bladder cancer,endometrial cancer,0.03075
bladder cancer,endometriosis,0.079
bladder cancer,epididymitis,0.0867143
bladder cancer,epilepsy,0.022
bladder cancer,esophageal cancer,0.044
bladder cancer,fibroids,0.0874
bladder cancer,fibromyalgia,0.0494444
bladder cancer,gallstones,0.1175
bladder cancer,gastritis,0.133333
bladder cancer,gastroparesis,0.127375
bladder cancer,glaucoma,0.0225
bladder cancer,goiter,0.044
bladder cancer,gout,0.0793333
bladder cancer,groin hernia,0.0869
bladder cancer,heart attack,0.04975
bladder cancer,hepatitis a,0.0580714
bladder cancer,hepatitis b,0.0265714
bladder cancer,hepatitis c,0.04075
bladder cancer,hiatal hernia,0.06
bladder cancer,high blood pressure,0.022
bladder cancer,high cholesterol,0.023
bladder cancer,hiv/aids,0.0278571
bladder cancer,hyperthyroidism,0.0238333
bladder cancer,hypoglycemia,0.0253333
bladder cancer,hyponatremia,0.04175
bladder cancer,hypothyroidism,0.0191
bladder cancer,insect bites and stings,0.025
bladder cancer,iron deficiency anemia,0.030875
bladder cancer,irritable bowel syndrome,0.095
bladder cancer,kidney infection,0.0919
bladder cancer,kidney stone,0.102444
bladder cancer,liver cancer,0.0650714
bladder cancer,low back pain,0.0778
bladder cancer,lung cancer,0.0347
bladder cancer,lupus,0.0405
bladder cancer,lyme disease,0.0643571
bladder cancer,major depression,0.0175
bladder cancer,melanoma,0.0456667
bladder cancer,meningitis,0.0656667
bladder cancer,middle ear infection,0.043375
bladder cancer,migraine,0.09975
bladder cancer,miscarriage,0.0561
bladder cancer,mono,0.0851429
bladder cancer,multiple myeloma,0.0415
bladder cancer,multiple sclerosis,0.0308571
bladder cancer,myasthenia gravis,0.050875
bladder cancer,neutropenia,0.0698333
bladder cancer,obesity,0.05475
bladder cancer,osteoarthritis,0.1435
bladder cancer,osteoporosis,0.09125
bladder cancer,ovarian cancer,0.0549444
bladder cancer,ovarian cyst,0.109917
bladder cancer,pancreatitis,0.157625
bladder cancer,parkinson's disease,0.0250833
bladder cancer,pink eye,0.036
bladder cancer,plantar fasciitis,0.1745
bladder cancer,pleural effusion,0.0275
bladder cancer,pneumonia,0.0470833
bladder cancer,pneumothorax,0.0455
bladder cancer,polycystic ovary syndrome,0.15875
bladder cancer,post traumatic stress disorder,0.0265
bladder cancer,prostate cancer,0.0369091
bladder cancer,psoriasis,0.0326
bladder cancer,pulmonary embolism,0.02175
bladder cancer,pulmonary hypertension,0.0235
bladder cancer,retinal detachment,0.018
bladder cancer,rhabdomyolysis,0.03575
bladder cancer,rheumatoid arthritis,0.0442143
bladder cancer,schizophrenia,0.012
bladder cancer,sciatica,0.1425
bladder cancer,seasonal allergies,0.01925
bladder cancer,sebaceous cyst,0.08
bladder cancer,sepsis,0.0599286
bladder cancer,shingles,0.0533333
bladder cancer,sickle cell anemia,0.122
bladder cancer,sinusitis,0.0391667
bladder cancer,sleep apnea,0.026
bladder cancer,spondylosis,0.1285
bladder cancer,sprained ankle,0.16
bladder cancer,sprained knee,0.14375
bladder cancer,sprained wrist,0.257
bladder cancer,stomach flu,0.0623333
bladder cancer,stomach ulcer,0.092
bladder cancer,strep throat,0.0902
bladder cancer,stroke,0.091
bladder cancer,tension headache,0.099
bladder cancer,thoracic radiculopathy,0.173
bladder cancer,thyroid cancer,0.03775
bladder cancer,thyroid nodules,0.0675
bladder cancer,type 1 diabetes,0.0215714
bladder cancer,type 2 diabetes,0.02
bladder cancer,ulcerative colitis,0.0709375
bladder cancer,upper respiratory infection,0.046375
bladder cancer,urinary tract infection,0.0405833
bladder cancer,vitamin d deficiency,0.0245
bone fracture,bone infection,0.0735714
bone fracture,brain tumor,0.0245
bone fracture,breast cancer,0.027
bone fracture,bronchitis,0.0165
bone fracture,burn,0.077625
bone fracture,cardiac arrest,0.02175
bone fracture,cardiomyopathy,0.0185
bone fracture,carpal tunnel syndrome,0.06505
bone fracture,cataracts,0.014
bone fracture,celiac disease,0.155167
bone fracture,cellulitis,0.1199
bone fracture,cervical cancer,0.18975
bone fracture,cervical radiculopathy,0.14175
bone fracture,chicken pox,0.021
bone fracture,chlamydia,0.163
bone fracture,cholangiocarcinoma,0.278
bone fracture,cholecystitis,0.271
bone fracture,chronic kidney disease,0.009
bone fracture,chronic pain,0.0697727
bone fracture,cirrhosis of the liver,0.082
bone fracture,colon cancer,0.127
bone fracture,common cold,0.0125
bone fracture,concussion,0.0289231
bone fracture,congestive heart failure,0.099
bone fracture,coronary artery disease,0.0176667
bone fracture,crohn's disease,0.247
bone fracture,deep vein thrombosis,0.101
bone fracture,dementia,0.03175
bone fracture,diverticulitis,0.188167
bone fracture,diverticulosis,0.152
bone fracture,drug withdrawal,0.0226667
bone fracture,ectopic pregnancy,0.157125
bone fracture,encephalitis,0.0165
bone fracture,encephalopathy,0.03
bone fracture,endometrial cancer,0.012
bone fracture,endometriosis,0.1415
bone fracture,epididymitis,0.1925
bone fracture,epilepsy,0.0245
bone fracture,esophageal cancer,0.0205
bone fracture,fibroids,0.184333
bone fracture,fibromyalgia,0.0520833
bone fracture,gallstones,0.188167
bone fracture,gastritis,0.2125
bone fracture,gastroparesis,0.23325
bone fracture,glaucoma,0.0125
bone fracture,goiter,0.0335
bone fracture,gout,0.0644583
bone fracture,groin hernia,0.179167
bone fracture,heart attack,0.06075
bone fracture,hepatitis a,0.163
bone fracture,hepatitis b,0.032
bone fracture,hepatitis c,0.1285
bone fracture,hiatal hernia,0.081625
bone fracture,high blood pressure,0.0125
bone fracture,high cholesterol,0.015
bone fracture,hiv/aids,0.02275
bone fracture,hives,0.1335
bone fracture,hyperthyroidism,0.0368333
bone fracture,hypoglycemia,0.032
bone fracture,hypothyroidism,0.0115
bone fracture,insect bites and stings,0.07
bone fracture,iron deficiency anemia,0.03
bone fracture,irritable bowel syndrome,0.121167
bone fracture,kidney infection,0.190667
bone fracture,kidney stone,0.14525
bone fracture,liver cancer,0.17375
bone fracture,low back pain,0.0951111
bone fracture,lung cancer,0.035
bone fracture,lupus,0.123667
bone fracture,lyme disease,0.105667
bone fracture,major depression,0.0295
bone fracture,melanoma,0.02325
bone fracture,meningitis,0.1185
bone fracture,middle ear infection,0.204
bone fracture,migraine,0.091375
bone fracture,miscarriage,0.166833
bone fracture,mono,0.116125
bone fracture,multiple myeloma,0.078
bone fracture,multiple sclerosis,0.0241
bone fracture,myasthenia gravis,0.0165
bone fracture,obesity,0.06975
bone fracture,osteoarthritis,0.069875
bone fracture,osteoporosis,0.0823
bone fracture,ovarian cancer,0.17675
bone fracture,ovarian cyst,0.224667
bone fracture,pancreatitis,0.193167
bone fracture,parkinson's disease,0.025
bone fracture,pink eye,0.117
bone fracture,plantar fasciitis,0.100875
bone fracture,pneumothorax,0.0668
bone fracture,polycystic ovary syndrome,0.149167
bone fracture,post traumatic stress disorder,0.022875
bone fracture,prostate cancer,0.0813333
bone fracture,psoriasis,0.1305
bone fracture,psychosis,0.0285
bone fracture,pulmonary embolism,0.038
bone fracture,pulmonary hypertension,0.0325
bone fracture,retinal detachment,0.032
bone fracture,rhabdomyolysis,0.0373333
bone fracture,rheumatoid arthritis,0.0790833
bone fracture,sciatica,0.118625
bone fracture,seasonal allergies,0.072
bone fracture,sebaceous cyst,0.1995
bone fracture,shingles,0.0863
bone fracture,sickle cell anemia,0.0953889
bone fracture,sinusitis,0.0871667
bone fracture,sleep apnea,0.021
bone fracture,spondylosis,0.07475
bone fracture,sprained ankle,0.11495
bone fracture,sprained knee,0.0897273
bone fracture,sprained wrist,0.07925
bone fracture,stomach flu,0.19775
bone fracture,stomach ulcer,0.0955
bone fracture,strep throat,0.11
bone fracture,stroke,0.0316667
bone fracture,tension headache,0.09875
bone fracture,thoracic radiculopathy,0.14625
bone fracture,thyroid cancer,0.023
bone fracture,thyroid nodules,0.0786
bone fracture,traumatic brain injury,0.0277222
bone fracture,type 1 diabetes,0.011
bone fracture,type 2 diabetes,0.0105
bone fracture,ulcerative colitis,0.145667
bone fracture,upper respiratory infection,0.0355
bone fracture,urinary tract infection,0.02475
bone infection,borderline personality disorder,0.1265
bone infection,brain tumor,0.0759
bone infection,breast cancer,0.0663
bone infection,bronchitis,0.0686667
bone infection,burn,0.065
bone infection,cardiac arrest,0.0148333
bone infection,cardiomyopathy,0.0155
bone infection,carpal tunnel syndrome,0.0627778
bone infection,cataracts,0.0303333
bone infection,celiac disease,0.0867143
bone infection,cellulitis,0.124778
bone infection,cervical cancer,0.0657857
bone infection,cervical radiculopathy,0.0801875
bone infection,chicken pox,0.0686
bone infection,chlamydia,0.112417
bone infection,cholangiocarcinoma,0.08425
bone infection,cholecystitis,0.119333
bone infection,chronic kidney disease,0.0386111
bone infection,chronic obstructive pulmonary disease,0.032
bone infection,chronic pain,0.0751111
bone infection,cirrhosis of the liver,0.05285
bone infection,colon cancer,0.04775
bone infection,common cold,0.0290714
bone infection,concussion,0.038125
bone infection,congestive heart failure,0.036
bone infection,coronary artery disease,0.0330625
bone infection,crohn's disease,0.08925
bone infection,deep vein thrombosis,0.0683125
bone infection,dementia,0.0382778
bone infection,diverticulitis,0.108083
bone infection,diverticulosis,0.0791667
bone infection,drug withdrawal,0.0399375
bone infection,ectopic pregnancy,0.112625
bone infection,encephalitis,0.07
bone infection,encephalopathy,0.0767143
bone infection,endometrial cancer,0.0475
bone infection,endometriosis,0.08575
bone infection,epididymitis,0.12775
bone infection,epilepsy,0.0339
bone infection,esophageal cancer,0.0373571
bone infection,fibroids,0.0949
bone infection,fibromyalgia,0.0593571
bone infection,gallstones,0.1151
bone infection,gastritis,0.0724167
bone infection,gastroparesis,0.0660714
bone infection,glaucoma,0.0497
bone infection,goiter,0.034
bone infection,gout,0.0805
bone infection,groin hernia,0.0963
bone infection,heart attack,0.0421667
bone infection,hepatitis a,0.0644444
bone infection,hepatitis b,0.0417222
bone infection,hepatitis c,0.0552
bone infection,hiatal hernia,0.0464375
bone infection,high blood pressure,0.0265
bone infection,high cholesterol,0.021875
bone infection,hiv/aids,0.0387083
bone infection,hives,0.10375
bone infection,hyperthyroidism,0.0449286
bone infection,hypoglycemia,0.0239167
bone infection,hyponatremia,0.0315
bone infection,hypothyroidism,0.0175
bone infection,insect bites and stings,0.0574167
bone infection,iron deficiency anemia,0.0365
bone infection,irritable bowel syndrome,0.0855
bone infection,kidney infection,0.112222
bone infection,kidney stone,0.106214
bone infection,liver cancer,0.0608571
bone infection,low back pain,0.0817778
bone infection,lung cancer,0.0438889
bone infection,lupus,0.0661875
bone infection,lyme disease,0.0726111
bone infection,major depression,0.0984
bone infection,melanoma,0.04725
bone infection,meningitis,0.07265
bone infection,middle ear infection,0.0748333
bone infection,migraine,0.0471429
bone infection,miscarriage,0.0586667
bone infection,mono,0.0846818
bone infection,multiple myeloma,0.0418
bone infection,multiple sclerosis,0.033125
bone infection,myasthenia gravis,0.0821667
bone infection,neutropenia,0.1044
bone infection,obesity,0.0516667
bone infection,osteoarthritis,0.04935
bone infection,osteoporosis,0.0551429
bone infection,ovarian cancer,0.0802143
bone infection,ovarian cyst,0.135
bone infection,pancreatitis,0.100417
bone infection,parkinson's disease,0.0318889
bone infection,pink eye,0.0988333
bone infection,plantar fasciitis,0.107083
bone infection,pleural effusion,0.072
bone infection,pneumonia,0.04935
bone infection,pneumothorax,0.0499286
bone infection,polycystic ovary syndrome,0.0917
bone infection,post traumatic stress disorder,0.0958
bone infection,prostate cancer,0.0531667
bone infection,psoriasis,0.069125
bone infection,psychosis,0.055
bone infection,pulmonary embolism,0.0498571
bone infection,pulmonary hypertension,0.0468
bone infection,retinal detachment,0.0121667
bone infection,rhabdomyolysis,0.03325
bone infection,rheumatoid arthritis,0.053875
bone infection,schizophrenia,0.0210833
bone infection,sciatica,0.104375
bone infection,seasonal allergies,0.03525
bone infection,sebaceous cyst,0.0844
bone infection,sepsis,0.0688
bone infection,shingles,0.0885
bone infection,sickle cell anemia,0.121786
bone infection,sinusitis,0.0665714
bone infection,sleep apnea,0.0449286
bone infection,spondylosis,0.0663125
bone infection,sprained ankle,0.1398
bone infection,sprained knee,0.0985
bone infection,sprained wrist,0.174167
bone infection,stomach flu,0.0599
bone infection,stomach ulcer,0.0836
bone infection,strep throat,0.0981667
bone infection,stroke,0.0776667
bone infection,tension headache,0.075125
bone infection,thoracic radiculopathy,0.132375
bone infection,thyroid cancer,0.0543333
bone infection,thyroid nodules,0.07025
bone infection,traumatic brain injury,0.0243333
bone infection,type 1 diabetes,0.0425714
bone infection,type 2 diabetes,0.0291667
bone infection,ulcerative colitis,0.0900714
bone infection,upper respiratory infection,0.0661
bone infection,urinary tract infection,0.0340385
bone infection,vitamin d deficiency,0.074
borderline personality disorder,brain tumor,0.067875
borderline personality disorder,bronchitis,0.073
borderline personality disorder,burn,0.17875
borderline personality disorder,cardiac arrest,0.0698125
borderline personality disorder,cardiomyopathy,0.0735
borderline personality disorder,carpal tunnel syndrome,0.142833
borderline personality disorder,cataracts,0.1925
borderline personality disorder,celiac disease,0.04975
borderline personality disorder,cervical cancer,0.145375
borderline personality disorder,cervical radiculopathy,0.1455
borderline personality disorder,chlamydia,0.06025
borderline personality disorder,cholangiocarcinoma,0.069
borderline personality disorder,cholecystitis,0.08375
borderline personality disorder,chronic kidney disease,0.0215
borderline personality disorder,chronic obstructive pulmonary disease,0.10725
borderline personality disorder,chronic pain,0.1207
borderline personality disorder,cirrhosis of the liver,0.0555
borderline personality disorder,colon cancer,0.0819167
borderline personality disorder,common cold,0.0125
borderline personality disorder,concussion,0.019
borderline personality disorder,coronary artery disease,0.179
borderline personality disorder,crohn's disease,0.07
borderline personality disorder,dementia,0.0567778
borderline personality disorder,diverticulitis,0.0696667
borderline personality disorder,diverticulosis,0.0585
borderline personality disorder,drug withdrawal,0.0561667
borderline personality disorder,ectopic pregnancy,0.0965
borderline personality disorder,encephalitis,0.0505
borderline personality disorder,encephalopathy,0.0904286
borderline personality disorder,endometrial cancer,0.02975
borderline personality disorder,endometriosis,0.1095
borderline personality disorder,epilepsy,0.122571
borderline personality disorder,esophageal cancer,0.03925
borderline personality disorder,fibroids,0.07475
borderline personality disorder,fibromyalgia,0.1268
borderline personality disorder,gallstones,0.079
borderline personality disorder,gastritis,0.0975
borderline personality disorder,gastroparesis,0.0954286
borderline personality disorder,glaucoma,0.18025
borderline personality disorder,groin hernia,0.066
borderline personality disorder,heart attack,0.118375
borderline personality disorder,hepatitis a,0.11925
borderline personality disorder,hepatitis b,0.137833
borderline personality disorder,hepatitis c,0.0874286
borderline personality disorder,hiatal hernia,0.131
borderline personality disorder,high blood pressure,0.1545
borderline personality disorder,high cholesterol,0.149333
borderline personality disorder,hiv/aids,0.0928333
borderline personality disorder,hyperthyroidism,0.0827857
borderline personality disorder,hypoglycemia,0.0618333
borderline personality disorder,hyponatremia,0.035
borderline personality disorder,hypothyroidism,0.0840833
borderline personality disorder,iron deficiency anemia,0.13125
borderline personality disorder,irritable bowel syndrome,0.0890556
borderline personality disorder,kidney infection,0.03225
borderline personality disorder,kidney stone,0.061
borderline personality disorder,liver cancer,0.063
borderline personality disorder,lung cancer,0.01375
borderline personality disorder,lupus,0.0278333
borderline personality disorder,major depression,0.108909
borderline personality disorder,melanoma,0.03675
borderline personality disorder,meningitis,0.031
borderline personality disorder,migraine,0.0870833
borderline personality disorder,miscarriage,0.14425
borderline personality disorder,mono,0.02
borderline personality disorder,multiple myeloma,0.0285
borderline personality disorder,multiple sclerosis,0.0176
borderline personality disorder,neutropenia,0.044
borderline personality disorder,obesity,0.127875
borderline personality disorder,osteoarthritis,0.165333
borderline personality disorder,osteoporosis,0.154
borderline personality disorder,ovarian cancer,0.05
borderline personality disorder,ovarian cyst,0.064375
borderline personality disorder,pancreatitis,0.114
borderline personality disorder,parkinson's disease,0.0156
borderline personality disorder,pneumonia,0.0185
borderline personality disorder,pneumothorax,0.01775
borderline personality disorder,polycystic ovary syndrome,0.1196
borderline personality disorder,post traumatic stress disorder,0.07875
borderline personality disorder,prostate cancer,0.0355
borderline personality disorder,psoriasis,0.135
borderline personality disorder,psychosis,0.0643
borderline personality disorder,pulmonary hypertension,0.17625
borderline personality disorder,rhabdomyolysis,0.01825
borderline personality disorder,rheumatoid arthritis,0.17775
borderline personality disorder,schizophrenia,0.0516071
borderline personality disorder,sciatica,0.032
borderline personality disorder,seasonal allergies,0.146333
borderline personality disorder,sepsis,0.036
borderline personality disorder,shingles,0.0095
borderline personality disorder,sickle cell anemia,0.0375
borderline personality disorder,sleep apnea,0.0971667
borderline personality disorder,spondylosis,0.162167
borderline personality disorder,stomach flu,0.074375
borderline personality disorder,stomach ulcer,0.14125
borderline personality disorder,stroke,0.0333333
borderline personality disorder,tension headache,0.0905
borderline personality disorder,traumatic brain injury,0.0207
borderline personality disorder,type 1 diabetes,0.103
borderline personality disorder,type 2 diabetes,0.0095
borderline personality disorder,ulcerative colitis,0.0723333
borderline personality disorder,upper respiratory infection,0.024
borderline personality disorder,urinary tract infection,0.02925
borderline personality disorder,vitamin d deficiency,0.1273
brain tumor,breast cancer,0.0485714
brain tumor,bronchitis,0.035
brain tumor,burn,0.033
brain tumor,cardiac arrest,0.0425
brain tumor,cardiomyopathy,0.0348
brain tumor,carpal tunnel syndrome,0.0449286
brain tumor,cataracts,0.046
brain tumor,celiac disease,0.0548125
brain tumor,cellulitis,0.05725
brain tumor,cervical cancer,0.0467
brain tumor,cervical radiculopathy,0.1335
brain tumor,chicken pox,0.0371667
brain tumor,chlamydia,0.0598333
brain tumor,cholangiocarcinoma,0.067
brain tumor,cholecystitis,0.066125
brain tumor,chronic kidney disease,0.0462857
brain tumor,chronic obstructive pulmonary disease,0.03925
brain tumor,chronic pain,0.0464
brain tumor,cirrhosis of the liver,0.04995
brain tumor,colon cancer,0.0584286
brain tumor,common cold,0.03275
brain tumor,concussion,0.0425
brain tumor,congestive heart failure,0.0485
brain tumor,coronary artery disease,0.041125
brain tumor,crohn's disease,0.0623
brain tumor,deep vein thrombosis,0.0565
brain tumor,dementia,0.0517
brain tumor,diverticulitis,0.086
brain tumor,diverticulosis,0.0385
brain tumor,drug withdrawal,0.0645714
brain tumor,ectopic pregnancy,0.04525
brain tumor,encephalitis,0.0641538
brain tumor,encephalopathy,0.0794
brain tumor,endometrial cancer,0.051
brain tumor,endometriosis,0.0685
brain tumor,epididymitis,0.0455
brain tumor,epilepsy,0.0702308
brain tumor,esophageal cancer,0.0771
brain tumor,fibroids,0.0535
brain tumor,fibromyalgia,0.0400417
brain tumor,gallstones,0.11375
brain tumor,gastritis,0.07875
brain tumor,gastroparesis,0.18
brain tumor,glaucoma,0.05675
brain tumor,goiter,0.0563333
brain tumor,gout,0.032
brain tumor,groin hernia,0.03825
brain tumor,heart attack,0.039
brain tumor,hepatitis a,0.0595833
brain tumor,hepatitis b,0.0387857
brain tumor,hepatitis c,0.0348125
brain tumor,hiatal hernia,0.056
brain tumor,high blood pressure,0.058625
brain tumor,high cholesterol,0.0415
brain tumor,hiv/aids,0.0488636
brain tumor,hyperthyroidism,0.04085
brain tumor,hypoglycemia,0.0457727
brain tumor,hyponatremia,0.06195
brain tumor,hypothyroidism,0.0425385
brain tumor,insect bites and stings,0.039
brain tumor,iron deficiency anemia,0.043375
brain tumor,irritable bowel syndrome,0.0605
brain tumor,kidney infection,0.06325
brain tumor,kidney stone,0.071
brain tumor,liver cancer,0.0718571
brain tumor,low back pain,0.0633333
brain tumor,lung cancer,0.0525
brain tumor,lupus,0.0485556
brain tumor,lyme disease,0.074
brain tumor,major depression,0.0956667
brain tumor,melanoma,0.0594091
brain tumor,meningitis,0.0826364
brain tumor,middle ear infection,0.0473333
brain tumor,migraine,0.0642188
brain tumor,miscarriage,0.03125
brain tumor,mono,0.0675
brain tumor,multiple myeloma,0.0648
brain tumor,multiple sclerosis,0.0442812
brain tumor,myasthenia gravis,0.0543571
brain tumor,neutropenia,0.0600833
brain tumor,obesity,0.0426
brain tumor,osteoarthritis,0.019
brain tumor,osteoporosis,0.0408
brain tumor,ovarian cancer,0.06175
brain tumor,ovarian cyst,0.081
brain tumor,pancreatitis,0.14625
brain tumor,parkinson's disease,0.0390455
brain tumor,pink eye,0.0435
brain tumor,pleural effusion,0.049
brain tumor,pneumonia,0.0594167
brain tumor,pneumothorax,0.0608333
brain tumor,polycystic ovary syndrome,0.0586
brain tumor,post traumatic stress disorder,0.11
brain tumor,prostate cancer,0.0466
brain tumor,psoriasis,0.03225
brain tumor,psychosis,0.0593
brain tumor,pulmonary embolism,0.0315
brain tumor,pulmonary hypertension,0.019
brain tumor,retinal detachment,0.0465
brain tumor,rhabdomyolysis,0.0540714
brain tumor,rheumatoid arthritis,0.045625
brain tumor,schizophrenia,0.0504
brain tumor,sciatica,0.0673333
brain tumor,seasonal allergies,0.037375
brain tumor,sebaceous cyst,0.054
brain tumor,sepsis,0.051625
brain tumor,shingles,0.0349286
brain tumor,sickle cell anemia,0.0416
brain tumor,sinusitis,0.0398
brain tumor,sleep apnea,0.0440625
brain tumor,spondylosis,0.0616429
brain tumor,sprained wrist,0.0245
brain tumor,stomach flu,0.101875
brain tumor,stomach ulcer,0.0515
brain tumor,strep throat,0.046
brain tumor,stroke,0.0494048
brain tumor,tension headache,0.101643
brain tumor,thoracic radiculopathy,0.142167
brain tumor,thyroid cancer,0.05575
brain tumor,thyroid nodules,0.05675
brain tumor,traumatic brain injury,0.0387813
brain tumor,type 1 diabetes,0.0387857
brain tumor,type 2 diabetes,0.0442857
brain tumor,ulcerative colitis,0.0555
brain tumor,upper respiratory infection,0.044125
brain tumor,urinary tract infection,0.04425
brain tumor,vitamin d deficiency,0.0531667
breast cancer,bronchitis,0.0863571
breast cancer,burn,0.021
breast cancer,cardiomyopathy,0.0269167
breast cancer,carpal tunnel syndrome,0.031
breast cancer,cataracts,0.0236667
breast cancer,celiac disease,0.049
breast cancer,cellulitis,0.0615
breast cancer,cervical cancer,0.0458
breast cancer,cervical radiculopathy,0.08025
breast cancer,chicken pox,0.0379
breast cancer,chlamydia,0.061375
breast cancer,cholangiocarcinoma,0.065375
breast cancer,cholecystitis,0.0520833
breast cancer,chronic kidney disease,0.0245556
breast cancer,chronic obstructive pulmonary disease,0.0378125
breast cancer,chronic pain,0.046
breast cancer,cirrhosis of the liver,0.0306364
breast cancer,colon cancer,0.03895
breast cancer,common cold,0.0322778
breast cancer,concussion,0.0610833
breast cancer,congestive heart failure,0.0583
breast cancer,coronary artery disease,0.025375
breast cancer,crohn's disease,0.0647143
breast cancer,deep vein thrombosis,0.031
breast cancer,dementia,0.022
breast cancer,diverticulitis,0.092
breast cancer,diverticulosis,0.047875
breast cancer,drug withdrawal,0.035375
breast cancer,ectopic pregnancy,0.0426667
breast cancer,encephalitis,0.0428571
breast cancer,encephalopathy,0.031625
breast cancer,endometrial cancer,0.0405833
breast cancer,endometriosis,0.0579
breast cancer,epididymitis,0.050375
breast cancer,epilepsy,0.0257
breast cancer,esophageal cancer,0.0449444
breast cancer,fibroids,0.04975
breast cancer,fibromyalgia,0.0321364
breast cancer,gallstones,0.069125
breast cancer,gastritis,0.070625
breast cancer,gastroparesis,0.105167
breast cancer,glaucoma,0.0243333
breast cancer,goiter,0.03625
breast cancer,gout,0.0226667
breast cancer,groin hernia,0.0325
breast cancer,heart attack,0.0375
breast cancer,hepatitis a,0.0452778
breast cancer,hepatitis b,0.0257273
breast cancer,hepatitis c,0.025
breast cancer,hiatal hernia,0.0400833
breast cancer,high blood pressure,0.031125
breast cancer,high cholesterol,0.0304
breast cancer,hiv/aids,0.03415
breast cancer,hives,0.0305
breast cancer,hyperthyroidism,0.029
breast cancer,hypoglycemia,0.02225
breast cancer,hyponatremia,0.039625
breast cancer,hypothyroidism,0.024
breast cancer,insect bites and stings,0.0285
breast cancer,iron deficiency anemia,0.0325
breast cancer,irritable bowel syndrome,0.08475
breast cancer,kidney infection,0.0721667
breast cancer,kidney stone,0.0483333
breast cancer,liver cancer,0.0492857
breast cancer,low back pain,0.131
breast cancer,lung cancer,0.04145
breast cancer,lupus,0.0285833
breast cancer,lyme disease,0.0671667
breast cancer,major depression,0.0125
breast cancer,melanoma,0.0374286
breast cancer,meningitis,0.0712083
breast cancer,middle ear infection,0.03775
breast cancer,migraine,0.0851667
breast cancer,miscarriage,0.03925
breast cancer,mono,0.0683636
breast cancer,multiple myeloma,0.03625
breast cancer,multiple sclerosis,0.03025
breast cancer,myasthenia gravis,0.0498333
breast cancer,neutropenia,0.0677778
breast cancer,obesity,0.0295714
breast cancer,osteoarthritis,0.029
breast cancer,osteoporosis,0.0455
breast cancer,ovarian cancer,0.0431111
breast cancer,ovarian cyst,0.076625
breast cancer,pancreatitis,0.081625
breast cancer,parkinson's disease,0.023
breast cancer,pink eye,0.0342
breast cancer,pleural effusion,0.0463571
breast cancer,pneumonia,0.0728889
breast cancer,pneumothorax,0.035375
breast cancer,polycystic ovary syndrome,0.0545
breast cancer,post traumatic stress disorder,0.0175
breast cancer,prostate cancer,0.0289286
breast cancer,psoriasis,0.032
breast cancer,pulmonary embolism,0.0456
breast cancer,pulmonary hypertension,0.04275
breast cancer,retinal detachment,0.037
breast cancer,rhabdomyolysis,0.03
breast cancer,rheumatoid arthritis,0.02675
breast cancer,sciatica,0.11275
breast cancer,seasonal allergies,0.0344167
breast cancer,sepsis,0.0477222
breast cancer,shingles,0.0231
breast cancer,sickle cell anemia,0.0411667
breast cancer,sinusitis,0.0483182
breast cancer,sleep apnea,0.0242857
breast cancer,spondylosis,0.053375
breast cancer,stomach flu,0.0973333
breast cancer,stomach ulcer,0.0382
breast cancer,strep throat,0.0688333
breast cancer,stroke,0.070375
breast cancer,tension headache,0.1118
breast cancer,thoracic radiculopathy,0.1915
breast cancer,thyroid cancer,0.0415
breast cancer,thyroid nodules,0.0321667
breast cancer,traumatic brain injury,0.0583333
breast cancer,type 1 diabetes,0.0245
breast cancer,type 2 diabetes,0.0195714
breast cancer,ulcerative colitis,0.0675
breast cancer,upper respiratory infection,0.0907143
breast cancer,urinary tract infection,0.0293333
breast cancer,vitamin d deficiency,0.0271667
bronchitis,cardiac arrest,0.0075
bronchitis,cardiomyopathy,0.076
bronchitis,carpal tunnel syndrome,0.009
bronchitis,cataracts,0.0125
bronchitis,celiac disease,0.0431667
bronchitis,cellulitis,0.0945
bronchitis,cervical cancer,0.04225
bronchitis,cervical radiculopathy,0.0115
bronchitis,chicken pox,0.06175
bronchitis,chlamydia,0.08525
bronchitis,cholangiocarcinoma,0.0854
bronchitis,cholecystitis,0.0635
bronchitis,chronic kidney disease,0.0757778
bronchitis,chronic obstructive pulmonary disease,0.0715
bronchitis,chronic pain,0.024
bronchitis,cirrhosis of the liver,0.0959167
bronchitis,colon cancer,0.048375
bronchitis,common cold,0.0653929
bronchitis,concussion,0.043
bronchitis,congestive heart failure,0.0757917
bronchitis,coronary artery disease,0.0425
bronchitis,crohn's disease,0.05775
bronchitis,deep vein thrombosis,0.135
bronchitis,dementia,0.01675
bronchitis,diverticulitis,0.10575
bronchitis,diverticulosis,0.0655
bronchitis,drug withdrawal,0.0429167
bronchitis,encephalitis,0.0502
bronchitis,encephalopathy,0.036
bronchitis,endometrial cancer,0.0486667
bronchitis,endometriosis,0.0368333
bronchitis,epididymitis,0.07975
bronchitis,epilepsy,0.0233333
bronchitis,esophageal cancer,0.07675
bronchitis,fibroids,0.076
bronchitis,fibromyalgia,0.0374286
bronchitis,gallstones,0.0775
bronchitis,gastritis,0.04675
bronchitis,gastroparesis,0.036
bronchitis,glaucoma,0.0235
bronchitis,goiter,0.064
bronchitis,gout,0.062
bronchitis,groin hernia,0.063
bronchitis,heart attack,0.0260833
bronchitis,hepatitis a,0.1129
bronchitis,hepatitis b,0.103583
bronchitis,hepatitis c,0.0854167
bronchitis,hiatal hernia,0.0478333
bronchitis,high blood pressure,0.0361667
bronchitis,high cholesterol,0.029
bronchitis,hiv/aids,0.08075
bronchitis,hives,0.0379
bronchitis,hyperthyroidism,0.0317857
bronchitis,hypoglycemia,0.0103333
bronchitis,hyponatremia,0.0815
bronchitis,hypothyroidism,0.0373125
bronchitis,insect bites and stings,0.0401
bronchitis,iron deficiency anemia,0.02525
bronchitis,irritable bowel syndrome,0.0475
bronchitis,kidney infection,0.0713333
bronchitis,kidney stone,0.07725
bronchitis,liver cancer,0.055125
bronchitis,lung cancer,0.0765417
bronchitis,lupus,0.0813333
bronchitis,lyme disease,0.0813333
bronchitis,major depression,0.062
bronchitis,melanoma,0.0403333
bronchitis,meningitis,0.119556
bronchitis,middle ear infection,0.103937
bronchitis,migraine,0.0951667
bronchitis,mono,0.140167
bronchitis,multiple myeloma,0.115667
bronchitis,multiple sclerosis,0.0308
bronchitis,myasthenia gravis,0.1048
bronchitis,neutropenia,0.136417
bronchitis,obesity,0.0481667
bronchitis,osteoarthritis,0.0145
bronchitis,osteoporosis,0.0135
bronchitis,ovarian cancer,0.0547
bronchitis,ovarian cyst,0.054
bronchitis,pancreatitis,0.07325
bronchitis,parkinson's disease,0.0763571
bronchitis,pink eye,0.09775
bronchitis,pleural effusion,0.0975
bronchitis,pneumonia,0.0845882
bronchitis,pneumothorax,0.0811429
bronchitis,polycystic ovary syndrome,0.0431667
bronchitis,post traumatic stress disorder,0.1455
bronchitis,prostate cancer,0.046
bronchitis,psoriasis,0.051125
bronchitis,psychosis,0.047
bronchitis,pulmonary embolism,0.0838125
bronchitis,pulmonary hypertension,0.100071
bronchitis,retinal detachment,0.022
bronchitis,rhabdomyolysis,0.02225
bronchitis,rheumatoid arthritis,0.0488
bronchitis,schizophrenia,0.0246667
bronchitis,seasonal allergies,0.0673
bronchitis,sepsis,0.0816
bronchitis,shingles,0.021
bronchitis,sickle cell anemia,0.08525
bronchitis,sinusitis,0.0780714
bronchitis,sleep apnea,0.08275
bronchitis,spondylosis,0.02625
bronchitis,stomach flu,0.0477857
bronchitis,stomach ulcer,0.06125
bronchitis,strep throat,0.112833
bronchitis,stroke,0.03025
bronchitis,tension headache,0.109875
bronchitis,thyroid cancer,0.0988333
bronchitis,thyroid nodules,0.021
bronchitis,traumatic brain injury,0.0405
bronchitis,type 1 diabetes,0.0785714
bronchitis,type 2 diabetes,0.0822
bronchitis,ulcerative colitis,0.059125
bronchitis,upper respiratory infection,0.115464
bronchitis,urinary tract infection,0.0465
bronchitis,vitamin d deficiency,0.041
burn,cardiac arrest,0.013
burn,carpal tunnel syndrome,0.0411429
burn,cataracts,0.02875
burn,celiac disease,0.1115
burn,cellulitis,0.116643
burn,cervical cancer,0.0703
burn,cervical radiculopathy,0.0795
burn,chicken pox,0.0729167
burn,chlamydia,0.0899
burn,cholangiocarcinoma,0.057125
burn,cholecystitis,0.0875
burn,chronic kidney disease,0.03725
burn,chronic obstructive pulmonary disease,0.0113333
burn,chronic pain,0.108875
burn,cirrhosis of the liver,0.0309
burn,colon cancer,0.0348
burn,common cold,0.012
burn,concussion,0.007
burn,congestive heart failure,0.0535
burn,coronary artery disease,0.013625
burn,crohn's disease,0.0776
burn,deep vein thrombosis,0.09675
burn,dementia,0.0138333
burn,diverticulitis,0.087
burn,diverticulosis,0.08475
burn,drug withdrawal,0.1
burn,ectopic pregnancy,0.171
burn,encephalitis,0.023375
burn,encephalopathy,0.0238333
burn,endometrial cancer,0.0155
burn,endometriosis,0.06775
burn,epididymitis,0.100571
burn,epilepsy,0.0261667
burn,esophageal cancer,0.051
burn,fibroids,0.103333
burn,fibromyalgia,0.06875
burn,gallstones,0.118
burn,gastritis,0.0804
burn,gastroparesis,0.0775
burn,glaucoma,0.028375
burn,goiter,0.0235
burn,gout,0.110875
burn,groin hernia,0.121333
burn,heart attack,0.0383333
burn,hepatitis a,0.0390714
burn,hepatitis b,0.015125
burn,hepatitis c,0.054
burn,hiatal hernia,0.0446
burn,high blood pressure,0.028
burn,high cholesterol,0.0183333
burn,hiv/aids,0.031875
burn,hives,0.12025
burn,hyperthyroidism,0.020375
burn,hypoglycemia,0.015
burn,hypothyroidism,0.0205
burn,insect bites and stings,0.09225
burn,iron deficiency anemia,0.0495
burn,irritable bowel syndrome,0.0594167
burn,kidney infection,0.10125
burn,kidney stone,0.0897
burn,liver cancer,0.189
burn,low back pain,0.080875
burn,lung cancer,0.02025
burn,lupus,0.054375
burn,lyme disease,0.0623
burn,major depression,0.113375
burn,meningitis,0.0486667
burn,middle ear infection,0.045
burn,migraine,0.05375
burn,miscarriage,0.041
burn,mono,0.063
burn,multiple myeloma,0.087
burn,multiple sclerosis,0.0103333
burn,myasthenia gravis,0.026
burn,neutropenia,0.0365
burn,obesity,0.04675
burn,osteoarthritis,0.065875
burn,osteoporosis,0.0691667
burn,ovarian cancer,0.065375
burn,ovarian cyst,0.162333
burn,pancreatitis,0.1056
burn,parkinson's disease,0.0155
burn,pink eye,0.0738333
burn,plantar fasciitis,0.0892
burn,pleural effusion,0.024
burn,pneumonia,0.0285
burn,pneumothorax,0.0445
burn,polycystic ovary syndrome,0.113
burn,post traumatic stress disorder,0.134667
burn,prostate cancer,0.0386667
burn,psoriasis,0.0383333
burn,psychosis,0.1105
burn,pulmonary embolism,0.02
burn,pulmonary hypertension,0.0156667
burn,retinal detachment,0.01475
burn,rhabdomyolysis,0.0265
burn,rheumatoid arthritis,0.0476429
burn,schizophrenia,0.042
burn,sciatica,0.19125
burn,seasonal allergies,0.0252143
burn,sebaceous cyst,0.089375
burn,sepsis,0.05025
burn,shingles,0.065625
burn,sickle cell anemia,0.0952
burn,sinusitis,0.035375
burn,sleep apnea,0.0285
burn,spondylosis,0.0881667
burn,sprained ankle,0.1143
burn,sprained knee,0.0815
burn,sprained wrist,0.1435
burn,stomach flu,0.0695
burn,stomach ulcer,0.0749
burn,strep throat,0.0672
burn,tension headache,0.173
burn,thoracic radiculopathy,0.1955
burn,thyroid nodules,0.0513333
burn,type 1 diabetes,0.0138333
burn,type 2 diabetes,0.034
burn,ulcerative colitis,0.0991667
burn,upper respiratory infection,0.0405
burn,urinary tract infection,0.0376667
burn,vitamin d deficiency,0.0521667
cardiac arrest,cardiomyopathy,0.0135
cardiac arrest,carpal tunnel syndrome,0.0105
cardiac arrest,cataracts,0.020375
cardiac arrest,cervical cancer,0.023625
cardiac arrest,cervical radiculopathy,0.0131667
cardiac arrest,cholangiocarcinoma,0.0195
cardiac arrest,chronic kidney disease,0.014
cardiac arrest,chronic obstructive pulmonary disease,0.0083
cardiac arrest,chronic pain,0.029625
cardiac arrest,cirrhosis of the liver,0.01225
cardiac arrest,colon cancer,0.0128333
cardiac arrest,common cold,0.008
cardiac arrest,concussion,0.0265
cardiac arrest,congestive heart failure,0.01425
cardiac arrest,coronary artery disease,0.0155
cardiac arrest,crohn's disease,0.0115
cardiac arrest,dementia,0.014
cardiac arrest,drug withdrawal,0.0445556
cardiac arrest,encephalitis,0.0203
cardiac arrest,encephalopathy,0.0176
cardiac arrest,endometriosis,0.0135
cardiac arrest,epilepsy,0.0602857
cardiac arrest,esophageal cancer,0.028
cardiac arrest,fibromyalgia,0.0356
cardiac arrest,gastritis,0.0135
cardiac arrest,gastroparesis,0.0125
cardiac arrest,glaucoma,0.0145
cardiac arrest,heart attack,0.0131875
cardiac arrest,hepatitis a,0.016
cardiac arrest,hepatitis b,0.014
cardiac arrest,hepatitis c,0.025375
cardiac arrest,hiatal hernia,0.018875
cardiac arrest,high blood pressure,0.02025
cardiac arrest,high cholesterol,0.017
cardiac arrest,hiv/aids,0.0216
cardiac arrest,hyperthyroidism,0.0205
cardiac arrest,hypoglycemia,0.017
cardiac arrest,hyponatremia,0.0171667
cardiac arrest,hypothyroidism,0.0156429
cardiac arrest,insect bites and stings,0.0105
cardiac arrest,iron deficiency anemia,0.031375
cardiac arrest,irritable bowel syndrome,0.0333
cardiac arrest,lupus,0.0195
cardiac arrest,major depression,0.0942857
cardiac arrest,melanoma,0.024
cardiac arrest,meningitis,0.026
cardiac arrest,migraine,0.0149167
cardiac arrest,multiple myeloma,0.016
cardiac arrest,multiple sclerosis,0.010625
cardiac arrest,myasthenia gravis,0.01525
cardiac arrest,obesity,0.0228333
cardiac arrest,osteoarthritis,0.033
cardiac arrest,osteoporosis,0.0216667
cardiac arrest,ovarian cancer,0.012
cardiac arrest,ovarian cyst,0.01
cardiac arrest,pancreatitis,0.01
cardiac arrest,parkinson's disease,0.011625
cardiac arrest,plantar fasciitis,0.012
cardiac arrest,pleural effusion,0.0135
cardiac arrest,pneumonia,0.011
cardiac arrest,pneumothorax,0.0125
cardiac arrest,polycystic ovary syndrome,0.031
cardiac arrest,post traumatic stress disorder,0.06785
cardiac arrest,prostate cancer,0.014
cardiac arrest,psoriasis,0.0355
cardiac arrest,psychosis,0.0442778
cardiac arrest,pulmonary hypertension,0.0118
cardiac arrest,rhabdomyolysis,0.0143333
cardiac arrest,rheumatoid arthritis,0.0118333
cardiac arrest,schizophrenia,0.0193
cardiac arrest,sciatica,0.0095
cardiac arrest,seasonal allergies,0.014
cardiac arrest,sepsis,0.0368333
cardiac arrest,sickle cell anemia,0.0285
cardiac arrest,sleep apnea,0.032625
cardiac arrest,spondylosis,0.029
cardiac arrest,sprained ankle,0.024
cardiac arrest,sprained knee,0.0135
cardiac arrest,sprained wrist,0.0185
cardiac arrest,stomach flu,0.00975
cardiac arrest,stomach ulcer,0.0453333
cardiac arrest,stroke,0.0318333
cardiac arrest,tension headache,0.02125
cardiac arrest,thyroid nodules,0.033
cardiac arrest,traumatic brain injury,0.0234
cardiac arrest,type 1 diabetes,0.0085
cardiac arrest,type 2 diabetes,0.0085
cardiac arrest,urinary tract infection,0.0115
cardiac arrest,vitamin d deficiency,0.052
cardiomyopathy,carpal tunnel syndrome,0.027
cardiomyopathy,cataracts,0.0178333
cardiomyopathy,celiac disease,0.0205
cardiomyopathy,cervical cancer,0.026375
cardiomyopathy,cervical radiculopathy,0.05175
cardiomyopathy,cholangiocarcinoma,0.032
cardiomyopathy,cholecystitis,0.013
cardiomyopathy,chronic kidney disease,0.0198125
cardiomyopathy,chronic obstructive pulmonary disease,0.0312727
cardiomyopathy,chronic pain,0.0215
cardiomyopathy,cirrhosis of the liver,0.0223889
cardiomyopathy,colon cancer,0.0269286
cardiomyopathy,common cold,0.0180556
cardiomyopathy,concussion,0.0279
cardiomyopathy,congestive heart failure,0.0355714
cardiomyopathy,coronary artery disease,0.0237857
cardiomyopathy,crohn's disease,0.01425
cardiomyopathy,deep vein thrombosis,0.033
cardiomyopathy,dementia,0.021125
cardiomyopathy,diverticulosis,0.02375
cardiomyopathy,drug withdrawal,0.039625
cardiomyopathy,ectopic pregnancy,0.016
cardiomyopathy,encephalitis,0.0228333
cardiomyopathy,encephalopathy,0.0226667
cardiomyopathy,endometrial cancer,0.017375
cardiomyopathy,endometriosis,0.01125
cardiomyopathy,epilepsy,0.0184286
cardiomyopathy,esophageal cancer,0.0413125
cardiomyopathy,fibroids,0.02475
cardiomyopathy,fibromyalgia,0.0209167
cardiomyopathy,gastritis,0.01375
cardiomyopathy,gastroparesis,0.0195
cardiomyopathy,glaucoma,0.01525
cardiomyopathy,goiter,0.0339167
cardiomyopathy,heart attack,0.02175
cardiomyopathy,hepatitis a,0.02125
cardiomyopathy,hepatitis b,0.01825
cardiomyopathy,hepatitis c,0.01725
cardiomyopathy,hiatal hernia,0.023
cardiomyopathy,high blood pressure,0.021
cardiomyopathy,high cholesterol,0.0206667
cardiomyopathy,hiv/aids,0.0252222
cardiomyopathy,hives,0.042
cardiomyopathy,hyperthyroidism,0.0323636
cardiomyopathy,hypoglycemia,0.0189286
cardiomyopathy,hyponatremia,0.029625
cardiomyopathy,hypothyroidism,0.016875
cardiomyopathy,iron deficiency anemia,0.0238571
cardiomyopathy,irritable bowel syndrome,0.0325
cardiomyopathy,kidney infection,0.016
cardiomyopathy,liver cancer,0.0373
cardiomyopathy,low back pain,0.0295
cardiomyopathy,lung cancer,0.0391875
cardiomyopathy,lupus,0.01985
cardiomyopathy,lyme disease,0.051875
cardiomyopathy,major depression,0.055
cardiomyopathy,melanoma,0.0327
cardiomyopathy,meningitis,0.02275
cardiomyopathy,middle ear infection,0.0326667
cardiomyopathy,migraine,0.02525
cardiomyopathy,miscarriage,0.0176667
cardiomyopathy,mono,0.0476429
cardiomyopathy,multiple myeloma,0.0281667
cardiomyopathy,multiple sclerosis,0.036125
cardiomyopathy,myasthenia gravis,0.04925
cardiomyopathy,neutropenia,0.046
cardiomyopathy,obesity,0.0223333
cardiomyopathy,osteoarthritis,0.015
cardiomyopathy,osteoporosis,0.017
cardiomyopathy,ovarian cancer,0.027625
cardiomyopathy,ovarian cyst,0.0105
cardiomyopathy,parkinson's disease,0.0203889
cardiomyopathy,pink eye,0.0455
cardiomyopathy,pleural effusion,0.038875
cardiomyopathy,pneumonia,0.05745
cardiomyopathy,pneumothorax,0.0363
cardiomyopathy,polycystic ovary syndrome,0.029
cardiomyopathy,post traumatic stress disorder,0.0805
cardiomyopathy,prostate cancer,0.0235
cardiomyopathy,psoriasis,0.0196667
cardiomyopathy,psychosis,0.03625
cardiomyopathy,pulmonary embolism,0.0576
cardiomyopathy,pulmonary hypertension,0.0371875
cardiomyopathy,retinal detachment,0.026
cardiomyopathy,rhabdomyolysis,0.0203333
cardiomyopathy,rheumatoid arthritis,0.02125
cardiomyopathy,schizophrenia,0.02
cardiomyopathy,sciatica,0.0265
cardiomyopathy,seasonal allergies,0.0295625
cardiomyopathy,sebaceous cyst,0.031
cardiomyopathy,sepsis,0.0430714
cardiomyopathy,shingles,0.0145
cardiomyopathy,sickle cell anemia,0.0385
cardiomyopathy,sinusitis,0.0304375
cardiomyopathy,sleep apnea,0.023625
cardiomyopathy,spondylosis,0.034125
cardiomyopathy,stomach flu,0.0190625
cardiomyopathy,stomach ulcer,0.0218333
cardiomyopathy,strep throat,0.0415
cardiomyopathy,stroke,0.0482
cardiomyopathy,tension headache,0.0329167
cardiomyopathy,thoracic radiculopathy,0.1175
cardiomyopathy,thyroid cancer,0.0309167
cardiomyopathy,thyroid nodules,0.0315
cardiomyopathy,traumatic brain injury,0.0296667
cardiomyopathy,type 1 diabetes,0.0186667
cardiomyopathy,type 2 diabetes,0.0182143
cardiomyopathy,ulcerative colitis,0.020125
cardiomyopathy,upper respiratory infection,0.0788571
cardiomyopathy,urinary tract infection,0.0177
cardiomyopathy,vitamin d deficiency,0.0308333
carpal tunnel syndrome,cataracts,0.032375
carpal tunnel syndrome,celiac disease,0.082
carpal tunnel syndrome,cellulitis,0.1501
carpal tunnel syndrome,cervical cancer,0.0694
carpal tunnel syndrome,cervical radiculopathy,0.0956786
carpal tunnel syndrome,chicken pox,0.0375
carpal tunnel syndrome,chlamydia,0.15775
carpal tunnel syndrome,cholangiocarcinoma,0.0925
carpal tunnel syndrome,cholecystitis,0.204
carpal tunnel syndrome,chronic kidney disease,0.0318333
carpal tunnel syndrome,chronic obstructive pulmonary disease,0.0161
carpal tunnel syndrome,chronic pain,0.0706818
carpal tunnel syndrome,cirrhosis of the liver,0.059875
carpal tunnel syndrome,colon cancer,0.0411667
carpal tunnel syndrome,common cold,0.05675
carpal tunnel syndrome,concussion,0.037
carpal tunnel syndrome,congestive heart failure,0.0605
carpal tunnel syndrome,coronary artery disease,0.01775
carpal tunnel syndrome,crohn's disease,0.187
carpal tunnel syndrome,deep vein thrombosis,0.0833333
carpal tunnel syndrome,dementia,0.018
carpal tunnel syndrome,diverticulitis,0.20975
carpal tunnel syndrome,diverticulosis,0.177
carpal tunnel syndrome,drug withdrawal,0.0613
carpal tunnel syndrome,ectopic pregnancy,0.18225
carpal tunnel syndrome,encephalitis,0.0232
carpal tunnel syndrome,encephalopathy,0.028
carpal tunnel syndrome,endometrial cancer,0.0505
carpal tunnel syndrome,endometriosis,0.101625
carpal tunnel syndrome,epididymitis,0.1292
carpal tunnel syndrome,epilepsy,0.0302
carpal tunnel syndrome,esophageal cancer,0.0415
carpal tunnel syndrome,fibroids,0.295
carpal tunnel syndrome,fibromyalgia,0.0546429
carpal tunnel syndrome,gallstones,0.21175
carpal tunnel syndrome,gastritis,0.083875
carpal tunnel syndrome,gastroparesis,0.096375
carpal tunnel syndrome,glaucoma,0.0247
carpal tunnel syndrome,goiter,0.0495
carpal tunnel syndrome,gout,0.07525
carpal tunnel syndrome,groin hernia,0.19425
carpal tunnel syndrome,heart attack,0.04795
carpal tunnel syndrome,hepatitis a,0.0575
carpal tunnel syndrome,hepatitis b,0.0203333
carpal tunnel syndrome,hepatitis c,0.0383571
carpal tunnel syndrome,hiatal hernia,0.0480833
carpal tunnel syndrome,high blood pressure,0.02875
carpal tunnel syndrome,high cholesterol,0.026875
carpal tunnel syndrome,hiv/aids,0.0318
carpal tunnel syndrome,hives,0.0623333
carpal tunnel syndrome,hyperthyroidism,0.0276429
carpal tunnel syndrome,hypoglycemia,0.0203
carpal tunnel syndrome,hyponatremia,0.054
carpal tunnel syndrome,hypothyroidism,0.03725
carpal tunnel syndrome,insect bites and stings,0.096
carpal tunnel syndrome,iron deficiency anemia,0.0374
carpal tunnel syndrome,irritable bowel syndrome,0.0582143
carpal tunnel syndrome,kidney infection,0.132667
carpal tunnel syndrome,kidney stone,0.109625
carpal tunnel syndrome,liver cancer,0.14625
carpal tunnel syndrome,low back pain,0.111786
carpal tunnel syndrome,lung cancer,0.0411667
carpal tunnel syndrome,lupus,0.07275
carpal tunnel syndrome,lyme disease,0.0769167
carpal tunnel syndrome,major depression,0.139125
carpal tunnel syndrome,melanoma,0.0701667
carpal tunnel syndrome,meningitis,0.0668
carpal tunnel syndrome,middle ear infection,0.0536667
carpal tunnel syndrome,migraine,0.05115
carpal tunnel syndrome,miscarriage,0.08275
carpal tunnel syndrome,mono,0.0698333
carpal tunnel syndrome,multiple myeloma,0.0728333
carpal tunnel syndrome,multiple sclerosis,0.048375
carpal tunnel syndrome,myasthenia gravis,0.071
carpal tunnel syndrome,neutropenia,0.05325
carpal tunnel syndrome,obesity,0.03765
carpal tunnel syndrome,osteoarthritis,0.0480625
carpal tunnel syndrome,osteoporosis,0.0580625
carpal tunnel syndrome,ovarian cancer,0.102667
carpal tunnel syndrome,ovarian cyst,0.244
carpal tunnel syndrome,pancreatitis,0.1165
carpal tunnel syndrome,parkinson's disease,0.045
carpal tunnel syndrome,pink eye,0.0943333
carpal tunnel syndrome,plantar fasciitis,0.106625
carpal tunnel syndrome,pleural effusion,0.0365
carpal tunnel syndrome,pneumonia,0.0435
carpal tunnel syndrome,pneumothorax,0.041625
carpal tunnel syndrome,polycystic ovary syndrome,0.096
carpal tunnel syndrome,post traumatic stress disorder,0.1126
carpal tunnel syndrome,prostate cancer,0.0535
carpal tunnel syndrome,psoriasis,0.040625
carpal tunnel syndrome,psychosis,0.0886667
carpal tunnel syndrome,pulmonary embolism,0.0253333
carpal tunnel syndrome,pulmonary hypertension,0.0140833
carpal tunnel syndrome,retinal detachment,0.019
carpal tunnel syndrome,rhabdomyolysis,0.069875
carpal tunnel syndrome,rheumatoid arthritis,0.0478889
carpal tunnel syndrome,schizophrenia,0.034
carpal tunnel syndrome,sciatica,0.119357
carpal tunnel syndrome,seasonal allergies,0.0246
carpal tunnel syndrome,sebaceous cyst,0.118167
carpal tunnel syndrome,sepsis,0.0345
carpal tunnel syndrome,shingles,0.0534375
carpal tunnel syndrome,sickle cell anemia,0.105583
carpal tunnel syndrome,sinusitis,0.039875
carpal tunnel syndrome,sleep apnea,0.0275
carpal tunnel syndrome,spondylosis,0.0675455
carpal tunnel syndrome,sprained ankle,0.2
carpal tunnel syndrome,sprained knee,0.11175
carpal tunnel syndrome,sprained wrist,0.14925
carpal tunnel syndrome,stomach flu,0.105167
carpal tunnel syndrome,stomach ulcer,0.0759
carpal tunnel syndrome,strep throat,0.0709
carpal tunnel syndrome,stroke,0.0661667
carpal tunnel syndrome,tension headache,0.0745
carpal tunnel syndrome,thoracic radiculopathy,0.164929
carpal tunnel syndrome,thyroid cancer,0.08875
carpal tunnel syndrome,thyroid nodules,0.056875
carpal tunnel syndrome,traumatic brain injury,0.015625
carpal tunnel syndrome,type 1 diabetes,0.0258333
carpal tunnel syndrome,type 2 diabetes,0.0296667
carpal tunnel syndrome,ulcerative colitis,0.15325
carpal tunnel syndrome,upper respiratory infection,0.03125
carpal tunnel syndrome,urinary tract infection,0.0273333
carpal tunnel syndrome,vitamin d deficiency,0.0488
cataracts,celiac disease,0.0236667
cataracts,cervical cancer,0.0375
cataracts,cervical radiculopathy,0.0543333
cataracts,chicken pox,0.024
cataracts,cholangiocarcinoma,0.03525
cataracts,cholecystitis,0.017
cataracts,chronic kidney disease,0.03
cataracts,chronic obstructive pulmonary disease,0.0226667
cataracts,chronic pain,0.040375
cataracts,cirrhosis of the liver,0.02225
cataracts,colon cancer,0.0291
cataracts,common cold,0.017
cataracts,concussion,0.0533
cataracts,congestive heart failure,0.01425
cataracts,coronary artery disease,0.024875
cataracts,crohn's disease,0.015
cataracts,deep vein thrombosis,0.0255
cataracts,dementia,0.0188571
cataracts,diverticulitis,0.037
cataracts,diverticulosis,0.024
cataracts,drug withdrawal,0.11375
cataracts,encephalitis,0.03675
cataracts,encephalopathy,0.0301667
cataracts,endometrial cancer,0.02225
cataracts,endometriosis,0.0301667
cataracts,epilepsy,0.0285714
cataracts,esophageal cancer,0.0411667
cataracts,fibroids,0.02275
cataracts,fibromyalgia,0.032625
cataracts,gallstones,0.016
cataracts,gastritis,0.022875
cataracts,gastroparesis,0.026
cataracts,glaucoma,0.0309375
cataracts,goiter,0.0285
cataracts,groin hernia,0.03
cataracts,heart attack,0.0200833
cataracts,hepatitis a,0.0291667
cataracts,hepatitis b,0.0235
cataracts,hepatitis c,0.05275
cataracts,hiatal hernia,0.0295
cataracts,high blood pressure,0.02925
cataracts,high cholesterol,0.0272
cataracts,hiv/aids,0.0316
cataracts,hives,0.0145
cataracts,hyperthyroidism,0.026625
cataracts,hypoglycemia,0.0230714
cataracts,hyponatremia,0.0383333
cataracts,hypothyroidism,0.0207778
cataracts,iron deficiency anemia,0.0335
cataracts,irritable bowel syndrome,0.0389
cataracts,kidney infection,0.0105
cataracts,kidney stone,0.0125
cataracts,liver cancer,0.0535
cataracts,low back pain,0.02975
cataracts,lung cancer,0.029
cataracts,lupus,0.0201667
cataracts,lyme disease,0.05325
cataracts,major depression,0.121
cataracts,melanoma,0.04275
cataracts,meningitis,0.0936667
cataracts,middle ear infection,0.0205
cataracts,migraine,0.0465556
cataracts,miscarriage,0.0215
cataracts,mono,0.033625
cataracts,multiple myeloma,0.02825
cataracts,multiple sclerosis,0.0236429
cataracts,myasthenia gravis,0.04725
cataracts,neutropenia,0.0485
cataracts,obesity,0.035
cataracts,osteoarthritis,0.037875
cataracts,osteoporosis,0.0298
cataracts,ovarian cancer,0.03625
cataracts,ovarian cyst,0.0175
cataracts,pancreatitis,0.0213333
cataracts,parkinson's disease,0.01875
cataracts,pink eye,0.0491667
cataracts,pleural effusion,0.0275
cataracts,pneumonia,0.037
cataracts,polycystic ovary syndrome,0.040125
cataracts,post traumatic stress disorder,0.111
cataracts,prostate cancer,0.0305
cataracts,psoriasis,0.05325
cataracts,psychosis,0.12425
cataracts,pulmonary hypertension,0.02
cataracts,retinal detachment,0.046875
cataracts,rhabdomyolysis,0.0435
cataracts,rheumatoid arthritis,0.0273333
cataracts,schizophrenia,0.05575
cataracts,sciatica,0.0221667
cataracts,seasonal allergies,0.025875
cataracts,sepsis,0.039
cataracts,shingles,0.022
cataracts,sinusitis,0.0367
cataracts,sleep apnea,0.0465
cataracts,spondylosis,0.0455
cataracts,stomach flu,0.021375
cataracts,stomach ulcer,0.0545
cataracts,strep throat,0.04475
cataracts,stroke,0.042125
cataracts,tension headache,0.071
cataracts,thoracic radiculopathy,0.07375
cataracts,thyroid cancer,0.032625
cataracts,thyroid nodules,0.026375
cataracts,traumatic brain injury,0.0336667
cataracts,type 1 diabetes,0.02
cataracts,type 2 diabetes,0.02125
cataracts,ulcerative colitis,0.015
cataracts,upper respiratory infection,0.0291667
cataracts,urinary tract infection,0.018
cataracts,vitamin d deficiency,0.04925
celiac disease,cellulitis,0.116625
celiac disease,cervical cancer,0.134563
celiac disease,cervical radiculopathy,0.1401
celiac disease,chicken pox,0.0468
celiac disease,chlamydia,0.120944
celiac disease,cholangiocarcinoma,0.0975417
celiac disease,cholecystitis,0.0981
celiac disease,chronic kidney disease,0.0483125
celiac disease,chronic obstructive pulmonary disease,0.019
celiac disease,chronic pain,0.120611
celiac disease,cirrhosis of the liver,0.0678667
celiac disease,colon cancer,0.069
celiac disease,common cold,0.046875
celiac disease,concussion,0.053
celiac disease,congestive heart failure,0.0226667
celiac disease,coronary artery disease,0.015125
celiac disease,crohn's disease,0.0806667
celiac disease,deep vein thrombosis,0.106375
celiac disease,dementia,0.0176
celiac disease,diverticulitis,0.105167
celiac disease,diverticulosis,0.088125
celiac disease,drug withdrawal,0.0669375
celiac disease,ectopic pregnancy,0.1215
celiac disease,encephalitis,0.0326
celiac disease,encephalopathy,0.031
celiac disease,endometrial cancer,0.06195
celiac disease,endometriosis,0.113115
celiac disease,epididymitis,0.132357
celiac disease,epilepsy,0.0209
celiac disease,esophageal cancer,0.0630385
celiac disease,fibroids,0.1052
celiac disease,fibromyalgia,0.0760714
celiac disease,gallstones,0.122042
celiac disease,gastritis,0.111692
celiac disease,gastroparesis,0.129346
celiac disease,glaucoma,0.01925
celiac disease,goiter,0.0335
celiac disease,gout,0.105375
celiac disease,groin hernia,0.1033
celiac disease,heart attack,0.0819444
celiac disease,hepatitis a,0.0874643
celiac disease,hepatitis b,0.047875
celiac disease,hepatitis c,0.0758182
celiac disease,hiatal hernia,0.0899091
celiac disease,high blood pressure,0.0226667
celiac disease,high cholesterol,0.051625
celiac disease,hiv/aids,0.053
celiac disease,hyperthyroidism,0.0421071
celiac disease,hypoglycemia,0.0280556
celiac disease,hyponatremia,0.0503846
celiac disease,hypothyroidism,0.04025
celiac disease,insect bites and stings,0.024
celiac disease,iron deficiency anemia,0.04
celiac disease,irritable bowel syndrome,0.0990714
celiac disease,kidney infection,0.0999
celiac disease,kidney stone,0.104583
celiac disease,liver cancer,0.102909
celiac disease,low back pain,0.1529
celiac disease,lung cancer,0.0358182
celiac disease,lupus,0.0716538
celiac disease,lyme disease,0.0975625
celiac disease,major depression,0.02275
celiac disease,melanoma,0.0555
celiac disease,meningitis,0.0819091
celiac disease,middle ear infection,0.08675
celiac disease,migraine,0.0967
celiac disease,miscarriage,0.101667
celiac disease,mono,0.0923333
celiac disease,multiple myeloma,0.0798125
celiac disease,multiple sclerosis,0.03475
celiac disease,myasthenia gravis,0.0446
celiac disease,neutropenia,0.0805
celiac disease,obesity,0.08455
celiac disease,osteoarthritis,0.095375
celiac disease,osteoporosis,0.10625
celiac disease,ovarian cancer,0.0875
celiac disease,ovarian cyst,0.140182
celiac disease,pancreatitis,0.119071
celiac disease,parkinson's disease,0.023
celiac disease,pink eye,0.02325
celiac disease,plantar fasciitis,0.173833
celiac disease,pleural effusion,0.027
celiac disease,pneumonia,0.0511667
celiac disease,pneumothorax,0.1015
celiac disease,polycystic ovary syndrome,0.108909
celiac disease,post traumatic stress disorder,0.06025
celiac disease,prostate cancer,0.0609444
celiac disease,psoriasis,0.0937857
celiac disease,psychosis,0.0205
celiac disease,pulmonary embolism,0.0213333
celiac disease,pulmonary hypertension,0.0193333
celiac disease,retinal detachment,0.0193333
celiac disease,rhabdomyolysis,0.0304
celiac disease,rheumatoid arthritis,0.0798571
celiac disease,sciatica,0.1345
celiac disease,seasonal allergies,0.0238333
celiac disease,sebaceous cyst,0.3095
celiac disease,sepsis,0.04905
celiac disease,shingles,0.065125
celiac disease,sickle cell anemia,0.129143
celiac disease,sinusitis,0.0736
celiac disease,sleep apnea,0.0375
celiac disease,spondylosis,0.109
celiac disease,sprained ankle,0.259
celiac disease,sprained knee,0.1585
celiac disease,sprained wrist,0.2365
celiac disease,stomach flu,0.100455
celiac disease,stomach ulcer,0.0892083
celiac disease,strep throat,0.0990556
celiac disease,stroke,0.0538
celiac disease,tension headache,0.1175
celiac disease,thoracic radiculopathy,0.191
celiac disease,thyroid cancer,0.0666875
celiac disease,thyroid nodules,0.116667
celiac disease,traumatic brain injury,0.0489167
celiac disease,type 1 diabetes,0.055
celiac disease,type 2 diabetes,0.0219
celiac disease,ulcerative colitis,0.0922941
celiac disease,upper respiratory infection,0.0349
celiac disease,urinary tract infection,0.0388571
celiac disease,vitamin d deficiency,0.0518571
cellulitis,cervical cancer,0.193833
cellulitis,cervical radiculopathy,0.2
cellulitis,chicken pox,0.117143
cellulitis,chlamydia,0.102167
cellulitis,cholangiocarcinoma,0.1295
cellulitis,cholecystitis,0.1292
cellulitis,chronic kidney disease,0.106125
cellulitis,chronic obstructive pulmonary disease,0.0505
cellulitis,chronic pain,0.141667
cellulitis,cirrhosis of the liver,0.0866667
cellulitis,colon cancer,0.087
cellulitis,common cold,0.039
cellulitis,concussion,0.0605
cellulitis,congestive heart failure,0.2505
cellulitis,coronary artery disease,0.0333333
cellulitis,crohn's disease,0.1242
cellulitis,deep vein thrombosis,0.153
cellulitis,dementia,0.0665
cellulitis,diverticulitis,0.1575
cellulitis,diverticulosis,0.0803333
cellulitis,drug withdrawal,0.032
cellulitis,ectopic pregnancy,0.20075
cellulitis,encephalitis,0.0437
cellulitis,encephalopathy,0.082
cellulitis,endometrial cancer,0.0715
cellulitis,endometriosis,0.159333
cellulitis,epididymitis,0.188571
cellulitis,epilepsy,0.0445
cellulitis,esophageal cancer,0.1515
cellulitis,fibroids,0.116125
cellulitis,fibromyalgia,0.071
cellulitis,gallstones,0.143125
cellulitis,gastritis,0.130167
cellulitis,gastroparesis,0.1375
cellulitis,glaucoma,0.16975
cellulitis,goiter,0.051
cellulitis,gout,0.1127
cellulitis,groin hernia,0.15925
cellulitis,heart attack,0.093
cellulitis,hepatitis a,0.0705
cellulitis,hepatitis b,0.044125
cellulitis,hepatitis c,0.079
cellulitis,hiatal hernia,0.0806667
cellulitis,hiv/aids,0.0451667
cellulitis,hives,0.155833
cellulitis,hyperthyroidism,0.139
cellulitis,hyponatremia,0.043
cellulitis,hypothyroidism,0.02775
cellulitis,insect bites and stings,0.128429
cellulitis,irritable bowel syndrome,0.109333
cellulitis,kidney infection,0.1568
cellulitis,kidney stone,0.1217
cellulitis,liver cancer,0.102167
cellulitis,low back pain,0.130333
cellulitis,lung cancer,0.0445
cellulitis,lupus,0.0905714
cellulitis,lyme disease,0.129833
cellulitis,melanoma,0.0335
cellulitis,meningitis,0.1082
cellulitis,middle ear infection,0.1181
cellulitis,migraine,0.1205
cellulitis,miscarriage,0.1605
cellulitis,mono,0.148188
cellulitis,multiple myeloma,0.0573
cellulitis,multiple sclerosis,0.0323
cellulitis,myasthenia gravis,0.0765
cellulitis,neutropenia,0.129833
cellulitis,obesity,0.115643
cellulitis,osteoarthritis,0.11425
cellulitis,osteoporosis,0.0736667
cellulitis,ovarian cancer,0.07925
cellulitis,ovarian cyst,0.166625
cellulitis,pancreatitis,0.144875
cellulitis,parkinson's disease,0.0435
cellulitis,pink eye,0.122688
cellulitis,plantar fasciitis,0.149143
cellulitis,pleural effusion,0.0615
cellulitis,pneumonia,0.100833
cellulitis,pneumothorax,0.09775
cellulitis,polycystic ovary syndrome,0.130167
cellulitis,post traumatic stress disorder,0.013
cellulitis,prostate cancer,0.06875
cellulitis,psoriasis,0.0965
cellulitis,pulmonary embolism,0.09025
cellulitis,pulmonary hypertension,0.0725
cellulitis,retinal detachment,0.02
cellulitis,rhabdomyolysis,0.12575
cellulitis,rheumatoid arthritis,0.128286
cellulitis,sciatica,0.13075
cellulitis,seasonal allergies,0.1194
cellulitis,sebaceous cyst,0.202
cellulitis,sepsis,0.151375
cellulitis,shingles,0.112833
cellulitis,sickle cell anemia,0.11
cellulitis,sinusitis,0.06925
cellulitis,sleep apnea,0.0443333
cellulitis,spondylosis,0.0895
cellulitis,sprained ankle,0.21425
cellulitis,sprained knee,0.165375
cellulitis,sprained wrist,0.232833
cellulitis,stomach flu,0.125375
cellulitis,stomach ulcer,0.0998333
cellulitis,strep throat,0.151438
cellulitis,stroke,0.0105
cellulitis,tension headache,0.0913333
cellulitis,thoracic radiculopathy,0.175333
cellulitis,thyroid cancer,0.0585
cellulitis,thyroid nodules,0.173
cellulitis,traumatic brain injury,0.0405
cellulitis,type 1 diabetes,0.044375
cellulitis,type 2 diabetes,0.089125
cellulitis,ulcerative colitis,0.1096
cellulitis,upper respiratory infection,0.133375
cellulitis,urinary tract infection,0.056875
cellulitis,vitamin d deficiency,0.0735
cervical cancer,cervical radiculopathy,0.1095
cervical cancer,chicken pox,0.0463333
cervical cancer,chlamydia,0.108111
cervical cancer,cholangiocarcinoma,0.0926
cervical cancer,cholecystitis,0.139687
cervical cancer,chronic kidney disease,0.0383889
cervical cancer,chronic obstructive pulmonary disease,0.0233571
cervical cancer,chronic pain,0.11075
cervical cancer,cirrhosis of the liver,0.0629231
cervical cancer,colon cancer,0.0743333
cervical cancer,common cold,0.0395
cervical cancer,concussion,0.0625
cervical cancer,congestive heart failure,0.0265
cervical cancer,coronary artery disease,0.024875
cervical cancer,crohn's disease,0.110042
cervical cancer,deep vein thrombosis,0.09825
cervical cancer,dementia,0.02575
cervical cancer,diverticulitis,0.150562
cervical cancer,diverticulosis,0.0931111
cervical cancer,drug withdrawal,0.0760556
cervical cancer,ectopic pregnancy,0.124611
cervical cancer,encephalitis,0.033125
cervical cancer,encephalopathy,0.0307
cervical cancer,endometrial cancer,0.0532222
cervical cancer,endometriosis,0.0927667
cervical cancer,epididymitis,0.105214
cervical cancer,epilepsy,0.0336
cervical cancer,esophageal cancer,0.0666875
cervical cancer,fibroids,0.130188
cervical cancer,fibromyalgia,0.0788333
cervical cancer,gallstones,0.158714
cervical cancer,gastritis,0.11205
cervical cancer,gastroparesis,0.1426
cervical cancer,glaucoma,0.0266667
cervical cancer,goiter,0.04
cervical cancer,gout,0.132167
cervical cancer,groin hernia,0.112429
cervical cancer,heart attack,0.0658889
cervical cancer,hepatitis a,0.0913
cervical cancer,hepatitis b,0.0445
cervical cancer,hepatitis c,0.0652273
cervical cancer,hiatal hernia,0.0797
cervical cancer,high blood pressure,0.035
cervical cancer,high cholesterol,0.0369167
cervical cancer,hiv/aids,0.0458636
cervical cancer,hives,0.063
cervical cancer,hyperthyroidism,0.0479444
cervical cancer,hypoglycemia,0.0256667
cervical cancer,hyponatremia,0.046375
cervical cancer,hypothyroidism,0.0348636
cervical cancer,insect bites and stings,0.06975
cervical cancer,iron deficiency anemia,0.048875
cervical cancer,irritable bowel syndrome,0.1142
cervical cancer,kidney infection,0.116944
cervical cancer,kidney stone,0.122063
cervical cancer,liver cancer,0.111857
cervical cancer,low back pain,0.21025
cervical cancer,lung cancer,0.04325
cervical cancer,lupus,0.0779375
cervical cancer,lyme disease,0.0857857
cervical cancer,major depression,0.15175
cervical cancer,melanoma,0.053875
cervical cancer,meningitis,0.0837857
cervical cancer,middle ear infection,0.072625
cervical cancer,migraine,0.0935625
cervical cancer,miscarriage,0.145786
cervical cancer,mono,0.0983889
cervical cancer,multiple myeloma,0.0725
cervical cancer,multiple sclerosis,0.0275
cervical cancer,myasthenia gravis,0.0445
cervical cancer,neutropenia,0.0730714
cervical cancer,obesity,0.06945
cervical cancer,osteoarthritis,0.097375
cervical cancer,osteoporosis,0.09025
cervical cancer,ovarian cancer,0.0997222
cervical cancer,ovarian cyst,0.124818
cervical cancer,pancreatitis,0.162562
cervical cancer,parkinson's disease,0.0263333
cervical cancer,pink eye,0.0895
cervical cancer,plantar fasciitis,0.2125
cervical cancer,pleural effusion,0.03225
cervical cancer,pneumonia,0.0428
cervical cancer,pneumothorax,0.1175
cervical cancer,polycystic ovary syndrome,0.092
cervical cancer,post traumatic stress disorder,0.14
cervical cancer,prostate cancer,0.0562778
cervical cancer,psoriasis,0.0682222
cervical cancer,psychosis,0.101
cervical cancer,pulmonary embolism,0.0315
cervical cancer,pulmonary hypertension,0.02125
cervical cancer,retinal detachment,0.0255
cervical cancer,rhabdomyolysis,0.02675
cervical cancer,rheumatoid arthritis,0.0532222
cervical cancer,schizophrenia,0.040375
cervical cancer,sciatica,0.478
cervical cancer,seasonal allergies,0.0277857
cervical cancer,sebaceous cyst,0.116
cervical cancer,sepsis,0.0529375
cervical cancer,shingles,0.096
cervical cancer,sickle cell anemia,0.1341
cervical cancer,sinusitis,0.0677857
cervical cancer,sleep apnea,0.05
cervical cancer,spondylosis,0.104875
cervical cancer,sprained ankle,0.218
cervical cancer,sprained knee,0.20175
cervical cancer,sprained wrist,0.3655
cervical cancer,stomach flu,0.153136
cervical cancer,stomach ulcer,0.101444
cervical cancer,strep throat,0.0875625
cervical cancer,stroke,0.0265
cervical cancer,tension headache,0.125875
cervical cancer,thoracic radiculopathy,0.475
cervical cancer,thyroid cancer,0.0549167
cervical cancer,thyroid nodules,0.1255
cervical cancer,traumatic brain injury,0.0613333
cervical cancer,type 1 diabetes,0.0465625
cervical cancer,type 2 diabetes,0.0215
cervical cancer,ulcerative colitis,0.112045
cervical cancer,upper respiratory infection,0.045125
cervical cancer,urinary tract infection,0.0403333
cervical cancer,vitamin d deficiency,0.0631
cervical radiculopathy,chicken pox,0.11575
cervical radiculopathy,chlamydia,0.195667
cervical radiculopathy,cholangiocarcinoma,0.173333
cervical radiculopathy,cholecystitis,0.167
cervical radiculopathy,chronic kidney disease,0.103
cervical radiculopathy,chronic obstructive pulmonary disease,0.0315
cervical radiculopathy,chronic pain,0.119417
cervical radiculopathy,cirrhosis of the liver,0.150667
cervical radiculopathy,colon cancer,0.0895833
cervical radiculopathy,common cold,0.0803333
cervical radiculopathy,concussion,0.118
cervical radiculopathy,congestive heart failure,0.0925
cervical radiculopathy,coronary artery disease,0.038
cervical radiculopathy,crohn's disease,0.155375
cervical radiculopathy,deep vein thrombosis,0.1293
cervical radiculopathy,dementia,0.0415
cervical radiculopathy,diverticulitis,0.17125
cervical radiculopathy,diverticulosis,0.19725
cervical radiculopathy,drug withdrawal,0.07775
cervical radiculopathy,ectopic pregnancy,0.165
cervical radiculopathy,encephalitis,0.075875
cervical radiculopathy,encephalopathy,0.0458333
cervical radiculopathy,endometrial cancer,0.0975
cervical radiculopathy,endometriosis,0.113333
cervical radiculopathy,epididymitis,0.176375
cervical radiculopathy,epilepsy,0.0429
cervical radiculopathy,esophageal cancer,0.094
cervical radiculopathy,fibroids,0.188833
cervical radiculopathy,fibromyalgia,0.103607
cervical radiculopathy,gallstones,0.16975
cervical radiculopathy,gastritis,0.0986667
cervical radiculopathy,gastroparesis,0.10425
cervical radiculopathy,glaucoma,0.0435
cervical radiculopathy,goiter,0.14725
cervical radiculopathy,gout,0.173833
cervical radiculopathy,groin hernia,0.14975
cervical radiculopathy,heart attack,0.11205
cervical radiculopathy,hepatitis a,0.1108
cervical radiculopathy,hepatitis b,0.0363333
cervical radiculopathy,hepatitis c,0.0821667
cervical radiculopathy,hiatal hernia,0.0776875
cervical radiculopathy,high blood pressure,0.0425
cervical radiculopathy,high cholesterol,0.0363
cervical radiculopathy,hiv/aids,0.0475
cervical radiculopathy,hyperthyroidism,0.0401
cervical radiculopathy,hypoglycemia,0.0375
cervical radiculopathy,hyponatremia,0.07875
cervical radiculopathy,hypothyroidism,0.0634167
cervical radiculopathy,iron deficiency anemia,0.0565
cervical radiculopathy,irritable bowel syndrome,0.0916429
cervical radiculopathy,kidney infection,0.179
cervical radiculopathy,kidney stone,0.1225
cervical radiculopathy,liver cancer,0.189167
cervical radiculopathy,low back pain,0.1397
cervical radiculopathy,lung cancer,0.068
cervical radiculopathy,lupus,0.1645
cervical radiculopathy,lyme disease,0.1827
cervical radiculopathy,major depression,0.1174
cervical radiculopathy,melanoma,0.132167
cervical radiculopathy,meningitis,0.183
cervical radiculopathy,middle ear infection,0.1595
cervical radiculopathy,migraine,0.10015
cervical radiculopathy,miscarriage,0.098875
cervical radiculopathy,mono,0.1454
cervical radiculopathy,multiple myeloma,0.165833
cervical radiculopathy,multiple sclerosis,0.09075
cervical radiculopathy,myasthenia gravis,0.1675
cervical radiculopathy,neutropenia,0.1215
cervical radiculopathy,obesity,0.0784375
cervical radiculopathy,osteoarthritis,0.085375
cervical radiculopathy,osteoporosis,0.119286
cervical radiculopathy,ovarian cancer,0.146875
cervical radiculopathy,ovarian cyst,0.1602
cervical radiculopathy,pancreatitis,0.1405
cervical radiculopathy,parkinson's disease,0.07175
cervical radiculopathy,pink eye,0.051
cervical radiculopathy,plantar fasciitis,0.1485
cervical radiculopathy,pleural effusion,0.1005
cervical radiculopathy,pneumonia,0.11
cervical radiculopathy,pneumothorax,0.123125
cervical radiculopathy,polycystic ovary syndrome,0.107167
cervical radiculopathy,post traumatic stress disorder,0.1221
cervical radiculopathy,prostate cancer,0.12375
cervical radiculopathy,psoriasis,0.101
cervical radiculopathy,psychosis,0.0913333
cervical radiculopathy,pulmonary embolism,0.03625
cervical radiculopathy,pulmonary hypertension,0.0275
cervical radiculopathy,retinal detachment,0.098
cervical radiculopathy,rhabdomyolysis,0.141
cervical radiculopathy,rheumatoid arthritis,0.1237
cervical radiculopathy,schizophrenia,0.0366667
cervical radiculopathy,sciatica,0.141611
cervical radiculopathy,seasonal allergies,0.018
cervical radiculopathy,sebaceous cyst,0.19175
cervical radiculopathy,sepsis,0.112
cervical radiculopathy,shingles,0.13825
cervical radiculopathy,sickle cell anemia,0.151917
cervical radiculopathy,sinusitis,0.12925
cervical radiculopathy,sleep apnea,0.035125
cervical radiculopathy,spondylosis,0.119917
cervical radiculopathy,sprained ankle,0.150625
cervical radiculopathy,sprained knee,0.111917
cervical radiculopathy,sprained wrist,0.204125
cervical radiculopathy,stomach flu,0.1253
cervical radiculopathy,stomach ulcer,0.141
cervical radiculopathy,strep throat,0.199667
cervical radiculopathy,stroke,0.162667
cervical radiculopathy,tension headache,0.184875
cervical radiculopathy,thoracic radiculopathy,0.178278
cervical radiculopathy,thyroid cancer,0.16325
cervical radiculopathy,thyroid nodules,0.15075
cervical radiculopathy,traumatic brain injury,0.1035
cervical radiculopathy,type 1 diabetes,0.0545
cervical radiculopathy,type 2 diabetes,0.103
cervical radiculopathy,ulcerative colitis,0.178167
cervical radiculopathy,upper respiratory infection,0.028
cervical radiculopathy,urinary tract infection,0.047
cervical radiculopathy,vitamin d deficiency,0.0601667
chicken pox,chlamydia,0.063
chicken pox,cholangiocarcinoma,0.0826
chicken pox,cholecystitis,0.0596
chicken pox,chronic kidney disease,0.03075
chicken pox,chronic obstructive pulmonary disease,0.0305
chicken pox,chronic pain,0.0295
chicken pox,cirrhosis of the liver,0.0309167
chicken pox,colon cancer,0.0508333
chicken pox,common cold,0.0482273
chicken pox,concussion,0.0557
chicken pox,coronary artery disease,0.0218333
chicken pox,crohn's disease,0.0652
chicken pox,deep vein thrombosis,0.0205
chicken pox,dementia,0.018
chicken pox,diverticulitis,0.073125
chicken pox,diverticulosis,0.0325
chicken pox,drug withdrawal,0.037
chicken pox,ectopic pregnancy,0.0585
chicken pox,encephalitis,0.0924
chicken pox,encephalopathy,0.037
chicken pox,endometrial cancer,0.0528333
chicken pox,endometriosis,0.09125
chicken pox,epididymitis,0.0482
chicken pox,epilepsy,0.03225
chicken pox,esophageal cancer,0.0478333
chicken pox,fibroids,0.055
chicken pox,fibromyalgia,0.034
chicken pox,gallstones,0.0795
chicken pox,gastritis,0.0941667
chicken pox,gastroparesis,0.0993333
chicken pox,glaucoma,0.0293333
chicken pox,goiter,0.024625
chicken pox,gout,0.039875
chicken pox,groin hernia,0.02725
chicken pox,heart attack,0.0291
chicken pox,hepatitis a,0.073625
chicken pox,hepatitis b,0.0291
chicken pox,hepatitis c,0.03475
chicken pox,hiatal hernia,0.0448333
chicken pox,high blood pressure,0.043
chicken pox,high cholesterol,0.02
chicken pox,hiv/aids,0.0724167
chicken pox,hives,0.1336
chicken pox,hyperthyroidism,0.0218333
chicken pox,hypoglycemia,0.0145
chicken pox,hyponatremia,0.0295
chicken pox,hypothyroidism,0.019375
chicken pox,insect bites and stings,0.0774444
chicken pox,iron deficiency anemia,0.0208333
chicken pox,irritable bowel syndrome,0.08075
chicken pox,kidney infection,0.1019
chicken pox,kidney stone,0.060375
chicken pox,liver cancer,0.06575
chicken pox,low back pain,0.0505
chicken pox,lung cancer,0.0671667
chicken pox,lupus,0.0705
chicken pox,lyme disease,0.0889444
chicken pox,major depression,0.021
chicken pox,melanoma,0.0308333
chicken pox,meningitis,0.107889
chicken pox,middle ear infection,0.08375
chicken pox,migraine,0.091
chicken pox,miscarriage,0.025
chicken pox,mono,0.09745
chicken pox,multiple myeloma,0.0485
chicken pox,multiple sclerosis,0.0305833
chicken pox,myasthenia gravis,0.0315
chicken pox,neutropenia,0.0915
chicken pox,obesity,0.02675
chicken pox,osteoporosis,0.0255
chicken pox,ovarian cancer,0.0934
chicken pox,ovarian cyst,0.0846667
chicken pox,pancreatitis,0.088375
chicken pox,parkinson's disease,0.021
chicken pox,pink eye,0.0930625
chicken pox,plantar fasciitis,0.0165
chicken pox,pleural effusion,0.04225
chicken pox,pneumonia,0.0543
chicken pox,pneumothorax,0.0215
chicken pox,polycystic ovary syndrome,0.0573333
chicken pox,post traumatic stress disorder,0.0555
chicken pox,prostate cancer,0.037
chicken pox,psoriasis,0.0606667
chicken pox,pulmonary embolism,0.02575
chicken pox,pulmonary hypertension,0.0235
chicken pox,retinal detachment,0.034875
chicken pox,rhabdomyolysis,0.024
chicken pox,rheumatoid arthritis,0.0762
chicken pox,sciatica,0.0305
chicken pox,seasonal allergies,0.068
chicken pox,sebaceous cyst,0.05825
chicken pox,sepsis,0.0639
chicken pox,shingles,0.0707778
chicken pox,sickle cell anemia,0.0398
chicken pox,sinusitis,0.0785
chicken pox,sleep apnea,0.0935
chicken pox,spondylosis,0.0466667
chicken pox,sprained wrist,0.021
chicken pox,stomach flu,0.1037
chicken pox,stomach ulcer,0.042875
chicken pox,strep throat,0.103227
chicken pox,stroke,0.039625
chicken pox,tension headache,0.115875
chicken pox,thoracic radiculopathy,0.1025
chicken pox,thyroid cancer,0.0468
chicken pox,thyroid nodules,0.0325
chicken pox,traumatic brain injury,0.0431667
chicken pox,type 1 diabetes,0.03275
chicken pox,type 2 diabetes,0.02025
chicken pox,ulcerative colitis,0.069875
chicken pox,upper respiratory infection,0.0699167
chicken pox,urinary tract infection,0.039625
chicken pox,vitamin d deficiency,0.04475
chlamydia,cholangiocarcinoma,0.124438
chlamydia,cholecystitis,0.1326
chlamydia,chronic kidney disease,0.03925
chlamydia,chronic obstructive pulmonary disease,0.0345
chlamydia,chronic pain,0.1528
chlamydia,cirrhosis of the liver,0.0759444
chlamydia,colon cancer,0.0971875
chlamydia,common cold,0.059875
chlamydia,concussion,0.100833
chlamydia,coronary artery disease,0.033
chlamydia,crohn's disease,0.121292
chlamydia,deep vein thrombosis,0.119375
chlamydia,dementia,0.037
chlamydia,diverticulitis,0.122333
chlamydia,diverticulosis,0.08175
chlamydia,drug withdrawal,0.0599
chlamydia,ectopic pregnancy,0.114577
chlamydia,encephalitis,0.0565
chlamydia,encephalopathy,0.0525
chlamydia,endometrial cancer,0.0601667
chlamydia,endometriosis,0.107125
chlamydia,epididymitis,0.102708
chlamydia,epilepsy,0.0525
chlamydia,esophageal cancer,0.08025
chlamydia,fibroids,0.1068
chlamydia,fibromyalgia,0.094
chlamydia,gallstones,0.134722
chlamydia,gastritis,0.138437
chlamydia,gastroparesis,0.177563
chlamydia,glaucoma,0.0405
chlamydia,goiter,0.043
chlamydia,gout,0.1021
chlamydia,groin hernia,0.107625
chlamydia,heart attack,0.117875
chlamydia,hepatitis a,0.102167
chlamydia,hepatitis b,0.0521667
chlamydia,hepatitis c,0.0815714
chlamydia,hiatal hernia,0.104643
chlamydia,high cholesterol,0.06175
chlamydia,hiv/aids,0.0554167
chlamydia,hives,0.127
chlamydia,hyperthyroidism,0.056
chlamydia,hyponatremia,0.0621667
chlamydia,hypothyroidism,0.0465
chlamydia,insect bites and stings,0.047
chlamydia,iron deficiency anemia,0.0685
chlamydia,irritable bowel syndrome,0.114333
chlamydia,kidney infection,0.120214
chlamydia,kidney stone,0.0965714
chlamydia,liver cancer,0.12625
chlamydia,low back pain,0.16375
chlamydia,lung cancer,0.0515
chlamydia,lupus,0.0800556
chlamydia,lyme disease,0.10425
chlamydia,major depression,0.06875
chlamydia,melanoma,0.06725
chlamydia,meningitis,0.126333
chlamydia,middle ear infection,0.0819
chlamydia,migraine,0.16375
chlamydia,miscarriage,0.122769
chlamydia,mono,0.115625
chlamydia,multiple myeloma,0.096125
chlamydia,multiple sclerosis,0.03825
chlamydia,myasthenia gravis,0.047
chlamydia,neutropenia,0.0915833
chlamydia,obesity,0.0920714
chlamydia,osteoarthritis,0.1755
chlamydia,osteoporosis,0.2855
chlamydia,ovarian cancer,0.10005
chlamydia,ovarian cyst,0.114059
chlamydia,pancreatitis,0.163375
chlamydia,parkinson's disease,0.0515
chlamydia,pink eye,0.0557
chlamydia,plantar fasciitis,0.2645
chlamydia,pleural effusion,0.03775
chlamydia,pneumonia,0.0848333
chlamydia,pneumothorax,0.102833
chlamydia,polycystic ovary syndrome,0.102455
chlamydia,post traumatic stress disorder,0.03775
chlamydia,prostate cancer,0.0672857
chlamydia,psoriasis,0.0756875
chlamydia,pulmonary embolism,0.0415
chlamydia,pulmonary hypertension,0.043
chlamydia,retinal detachment,0.03
chlamydia,rhabdomyolysis,0.054
chlamydia,rheumatoid arthritis,0.107375
chlamydia,sciatica,0.29
chlamydia,seasonal allergies,0.038
chlamydia,sebaceous cyst,0.162333
chlamydia,sepsis,0.0751
chlamydia,shingles,0.136
chlamydia,sickle cell anemia,0.10575
chlamydia,sinusitis,0.0909286
chlamydia,sleep apnea,0.044
chlamydia,spondylosis,0.1985
chlamydia,sprained ankle,0.189167
chlamydia,sprained knee,0.172667
chlamydia,sprained wrist,0.24725
chlamydia,stomach flu,0.151773
chlamydia,stomach ulcer,0.113857
chlamydia,strep throat,0.129
chlamydia,tension headache,0.1705
chlamydia,thoracic radiculopathy,0.29
chlamydia,thyroid cancer,0.06425
chlamydia,thyroid nodules,0.14375
chlamydia,traumatic brain injury,0.063625
chlamydia,type 1 diabetes,0.0579286
chlamydia,type 2 diabetes,0.0395
chlamydia,ulcerative colitis,0.105833
chlamydia,upper respiratory infection,0.09975
chlamydia,urinary tract infection,0.063375
chlamydia,vitamin d deficiency,0.042
cholangiocarcinoma,cholecystitis,0.116792
cholangiocarcinoma,chronic kidney disease,0.0499545
cholangiocarcinoma,chronic obstructive pulmonary disease,0.0441111
cholangiocarcinoma,chronic pain,0.127333
cholangiocarcinoma,cirrhosis of the liver,0.0689444
cholangiocarcinoma,colon cancer,0.0719615
cholangiocarcinoma,common cold,0.0703333
cholangiocarcinoma,concussion,0.0652
cholangiocarcinoma,congestive heart failure,0.0549
cholangiocarcinoma,coronary artery disease,0.0269
cholangiocarcinoma,crohn's disease,0.100571
cholangiocarcinoma,deep vein thrombosis,0.083875
cholangiocarcinoma,dementia,0.0375
cholangiocarcinoma,diverticulitis,0.146889
cholangiocarcinoma,diverticulosis,0.0948571
cholangiocarcinoma,drug withdrawal,0.0681667
cholangiocarcinoma,ectopic pregnancy,0.1544
cholangiocarcinoma,encephalitis,0.0605
cholangiocarcinoma,encephalopathy,0.0679375
cholangiocarcinoma,endometrial cancer,0.0679
cholangiocarcinoma,endometriosis,0.121556
cholangiocarcinoma,epididymitis,0.126214
cholangiocarcinoma,epilepsy,0.0319
cholangiocarcinoma,esophageal cancer,0.0745417
cholangiocarcinoma,fibroids,0.129357
cholangiocarcinoma,fibromyalgia,0.0843636
cholangiocarcinoma,gallstones,0.129182
cholangiocarcinoma,gastritis,0.139
cholangiocarcinoma,gastroparesis,0.172
cholangiocarcinoma,glaucoma,0.03025
cholangiocarcinoma,goiter,0.0526667
cholangiocarcinoma,gout,0.113125
cholangiocarcinoma,groin hernia,0.113286
cholangiocarcinoma,heart attack,0.0673125
cholangiocarcinoma,hepatitis a,0.0896786
cholangiocarcinoma,hepatitis b,0.059
cholangiocarcinoma,hepatitis c,0.0705417
cholangiocarcinoma,hiatal hernia,0.0803
cholangiocarcinoma,high blood pressure,0.0335
cholangiocarcinoma,high cholesterol,0.0461
cholangiocarcinoma,hiv/aids,0.0569231
cholangiocarcinoma,hives,0.025
cholangiocarcinoma,hyperthyroidism,0.0473
cholangiocarcinoma,hypoglycemia,0.038625
cholangiocarcinoma,hyponatremia,0.0561111
cholangiocarcinoma,hypothyroidism,0.0362273
cholangiocarcinoma,insect bites and stings,0.10025
cholangiocarcinoma,iron deficiency anemia,0.0471667
cholangiocarcinoma,irritable bowel syndrome,0.11
cholangiocarcinoma,kidney infection,0.120364
cholangiocarcinoma,kidney stone,0.11345
cholangiocarcinoma,liver cancer,0.0982083
cholangiocarcinoma,low back pain,0.136333
cholangiocarcinoma,lung cancer,0.06
cholangiocarcinoma,lupus,0.0766364
cholangiocarcinoma,lyme disease,0.0983333
cholangiocarcinoma,major depression,0.0205
cholangiocarcinoma,melanoma,0.0593571
cholangiocarcinoma,meningitis,0.09795
cholangiocarcinoma,middle ear infection,0.0821
cholangiocarcinoma,migraine,0.114333
cholangiocarcinoma,miscarriage,0.11175
cholangiocarcinoma,mono,0.11425
cholangiocarcinoma,multiple myeloma,0.0651
cholangiocarcinoma,multiple sclerosis,0.0471875
cholangiocarcinoma,myasthenia gravis,0.052
cholangiocarcinoma,neutropenia,0.104167
cholangiocarcinoma,obesity,0.078125
cholangiocarcinoma,osteoarthritis,0.106
cholangiocarcinoma,osteoporosis,0.0883333
cholangiocarcinoma,ovarian cancer,0.0866071
cholangiocarcinoma,ovarian cyst,0.16125
cholangiocarcinoma,pancreatitis,0.1685
cholangiocarcinoma,parkinson's disease,0.0299375
cholangiocarcinoma,pink eye,0.072
cholangiocarcinoma,plantar fasciitis,0.343
cholangiocarcinoma,pleural effusion,0.0622143
cholangiocarcinoma,pneumonia,0.0711111
cholangiocarcinoma,pneumothorax,0.0536
cholangiocarcinoma,polycystic ovary syndrome,0.1528
cholangiocarcinoma,post traumatic stress disorder,0.05675
cholangiocarcinoma,prostate cancer,0.0593182
cholangiocarcinoma,psoriasis,0.0923333
cholangiocarcinoma,psychosis,0.0245
cholangiocarcinoma,pulmonary embolism,0.059875
cholangiocarcinoma,pulmonary hypertension,0.05925
cholangiocarcinoma,retinal detachment,0.0195
cholangiocarcinoma,rhabdomyolysis,0.0366
cholangiocarcinoma,rheumatoid arthritis,0.0650556
cholangiocarcinoma,schizophrenia,0.01575
cholangiocarcinoma,sciatica,0.163167
cholangiocarcinoma,seasonal allergies,0.0335
cholangiocarcinoma,sebaceous cyst,0.103
cholangiocarcinoma,sepsis,0.0727917
cholangiocarcinoma,shingles,0.0729
cholangiocarcinoma,sickle cell anemia,0.120071
cholangiocarcinoma,sinusitis,0.0728333
cholangiocarcinoma,sleep apnea,0.0425714
cholangiocarcinoma,spondylosis,0.1585
cholangiocarcinoma,sprained ankle,0.183
cholangiocarcinoma,sprained knee,0.16675
cholangiocarcinoma,sprained wrist,0.3015
cholangiocarcinoma,stomach flu,0.127385
cholangiocarcinoma,stomach ulcer,0.110286
cholangiocarcinoma,strep throat,0.120688
cholangiocarcinoma,stroke,0.086
cholangiocarcinoma,tension headache,0.123625
cholangiocarcinoma,thoracic radiculopathy,0.27875
cholangiocarcinoma,thyroid cancer,0.0820714
cholangiocarcinoma,thyroid nodules,0.0905
cholangiocarcinoma,traumatic brain injury,0.067
cholangiocarcinoma,type 1 diabetes,0.062
cholangiocarcinoma,type 2 diabetes,0.023
cholangiocarcinoma,ulcerative colitis,0.11
cholangiocarcinoma,upper respiratory infection,0.0982
cholangiocarcinoma,urinary tract infection,0.0520769
cholangiocarcinoma,vitamin d deficiency,0.0475
cholecystitis,chronic kidney disease,0.0490714
cholecystitis,chronic obstructive pulmonary disease,0.02325
cholecystitis,chronic pain,0.1505
cholecystitis,cirrhosis of the liver,0.085
cholecystitis,colon cancer,0.0991364
cholecystitis,common cold,0.0440714
cholecystitis,concussion,0.08975
cholecystitis,congestive heart failure,0.0185
cholecystitis,coronary artery disease,0.0115
cholecystitis,crohn's disease,0.110333
cholecystitis,deep vein thrombosis,0.169
cholecystitis,dementia,0.014
cholecystitis,diverticulitis,0.126192
cholecystitis,diverticulosis,0.123188
cholecystitis,drug withdrawal,0.0749167
cholecystitis,ectopic pregnancy,0.162214
cholecystitis,encephalitis,0.0431667
cholecystitis,encephalopathy,0.0345
cholecystitis,endometrial cancer,0.068875
cholecystitis,endometriosis,0.120542
cholecystitis,epididymitis,0.126889
cholecystitis,epilepsy,0.0198333
cholecystitis,esophageal cancer,0.0733125
cholecystitis,fibroids,0.123833
cholecystitis,fibromyalgia,0.0926364
cholecystitis,gallstones,0.103406
cholecystitis,gastritis,0.133864
cholecystitis,gastroparesis,0.143167
cholecystitis,glaucoma,0.015
cholecystitis,goiter,0.042
cholecystitis,gout,0.1139
cholecystitis,groin hernia,0.11185
cholecystitis,heart attack,0.119
cholecystitis,hepatitis a,0.101385
cholecystitis,hepatitis b,0.04705
cholecystitis,hepatitis c,0.08845
cholecystitis,hiatal hernia,0.10495
cholecystitis,high cholesterol,0.0518333
cholecystitis,hiv/aids,0.0588333
cholecystitis,hyperthyroidism,0.05175
cholecystitis,hypoglycemia,0.017
cholecystitis,hyponatremia,0.0527857
cholecystitis,hypothyroidism,0.0429286
cholecystitis,insect bites and stings,0.03725
cholecystitis,iron deficiency anemia,0.0566667
cholecystitis,irritable bowel syndrome,0.1317
cholecystitis,kidney infection,0.136333
cholecystitis,kidney stone,0.105808
cholecystitis,liver cancer,0.1154
cholecystitis,low back pain,0.128
cholecystitis,lung cancer,0.0390714
cholecystitis,lupus,0.09415
cholecystitis,lyme disease,0.115214
cholecystitis,major depression,0.014375
cholecystitis,melanoma,0.0806667
cholecystitis,meningitis,0.124
cholecystitis,middle ear infection,0.0971
cholecystitis,migraine,0.146833
cholecystitis,miscarriage,0.120083
cholecystitis,mono,0.108773
cholecystitis,multiple myeloma,0.0930714
cholecystitis,multiple sclerosis,0.0217143
cholecystitis,myasthenia gravis,0.0265
cholecystitis,neutropenia,0.09825
cholecystitis,obesity,0.110438
cholecystitis,osteoarthritis,0.150833
cholecystitis,osteoporosis,0.21
cholecystitis,ovarian cancer,0.103708
cholecystitis,ovarian cyst,0.133917
cholecystitis,pancreatitis,0.134538
cholecystitis,parkinson's disease,0.020625
cholecystitis,pink eye,0.03825
cholecystitis,plantar fasciitis,0.208
cholecystitis,pleural effusion,0.028
cholecystitis,pneumonia,0.0599
cholecystitis,pneumothorax,0.127833
cholecystitis,polycystic ovary syndrome,0.142437
cholecystitis,post traumatic stress disorder,0.0576667
cholecystitis,prostate cancer,0.0771875
cholecystitis,psoriasis,0.09125
cholecystitis,pulmonary embolism,0.0243333
cholecystitis,pulmonary hypertension,0.0175
cholecystitis,retinal detachment,0.0165
cholecystitis,rhabdomyolysis,0.017
cholecystitis,rheumatoid arthritis,0.09525
cholecystitis,sciatica,0.172125
cholecystitis,seasonal allergies,0.0285
cholecystitis,sebaceous cyst,0.2065
cholecystitis,sepsis,0.0762857
cholecystitis,shingles,0.123625
cholecystitis,sickle cell anemia,0.136
cholecystitis,sinusitis,0.0856667
cholecystitis,sleep apnea,0.049875
cholecystitis,spondylosis,0.24025
cholecystitis,sprained ankle,0.211167
cholecystitis,sprained knee,0.148875
cholecystitis,sprained wrist,0.289
cholecystitis,stomach flu,0.137233
cholecystitis,stomach ulcer,0.136313
cholecystitis,strep throat,0.122222
cholecystitis,stroke,0.011
cholecystitis,tension headache,0.219167
cholecystitis,thoracic radiculopathy,0.2275
cholecystitis,thyroid cancer,0.0680833
cholecystitis,thyroid nodules,0.194
cholecystitis,traumatic brain injury,0.0858333
cholecystitis,type 1 diabetes,0.0542778
cholecystitis,type 2 diabetes,0.0135
cholecystitis,ulcerative colitis,0.125292
cholecystitis,upper respiratory infection,0.0515833
cholecystitis,urinary tract infection,0.0523182
cholecystitis,vitamin d deficiency,0.0498333
chronic kidney disease,chronic obstructive pulmonary disease,0.0283333
chronic kidney disease,chronic pain,0.028375
chronic kidney disease,cirrhosis of the liver,0.0261875
chronic kidney disease,colon cancer,0.0362
chronic kidney disease,common cold,0.0231875
chronic kidney disease,concussion,0.0185
chronic kidney disease,congestive heart failure,0.0378
chronic kidney disease,coronary artery disease,0.025375
chronic kidney disease,crohn's disease,0.0557778
chronic kidney disease,deep vein thrombosis,0.0199
chronic kidney disease,dementia,0.0286875
chronic kidney disease,diverticulitis,0.0758
chronic kidney disease,diverticulosis,0.0413
chronic kidney disease,drug withdrawal,0.0158571
chronic kidney disease,ectopic pregnancy,0.05975
chronic kidney disease,encephalitis,0.042625
chronic kidney disease,encephalopathy,0.0640714
chronic kidney disease,endometrial cancer,0.023375
chronic kidney disease,endometriosis,0.0428571
chronic kidney disease,epididymitis,0.0345
chronic kidney disease,epilepsy,0.02425
chronic kidney disease,esophageal cancer,0.033
chronic kidney disease,fibroids,0.05825
chronic kidney disease,fibromyalgia,0.02175
chronic kidney disease,gallstones,0.0528
chronic kidney disease,gastritis,0.071375
chronic kidney disease,gastroparesis,0.114625
chronic kidney disease,glaucoma,0.021
chronic kidney disease,goiter,0.0308333
chronic kidney disease,gout,0.026
chronic kidney disease,groin hernia,0.0255
chronic kidney disease,heart attack,0.0174167
chronic kidney disease,hepatitis a,0.03895
chronic kidney disease,hepatitis b,0.0198
chronic kidney disease,hepatitis c,0.0181818
chronic kidney disease,hiatal hernia,0.0321667
chronic kidney disease,high blood pressure,0.022
chronic kidney disease,high cholesterol,0.0195
chronic kidney disease,hiv/aids,0.024
chronic kidney disease,hives,0.0355
chronic kidney disease,hyperthyroidism,0.0209375
chronic kidney disease,hypoglycemia,0.0215625
chronic kidney disease,hyponatremia,0.0283182
chronic kidney disease,hypothyroidism,0.0130417
chronic kidney disease,insect bites and stings,0.034625
chronic kidney disease,iron deficiency anemia,0.0292
chronic kidney disease,irritable bowel syndrome,0.078
chronic kidney disease,kidney infection,0.0521667
chronic kidney disease,kidney stone,0.0296667
chronic kidney disease,liver cancer,0.03825
chronic kidney disease,low back pain,0.041
chronic kidney disease,lung cancer,0.0278846
chronic kidney disease,lupus,0.0205
chronic kidney disease,lyme disease,0.0516875
chronic kidney disease,melanoma,0.0331429
chronic kidney disease,meningitis,0.0420417
chronic kidney disease,middle ear infection,0.0319167
chronic kidney disease,migraine,0.0228333
chronic kidney disease,miscarriage,0.146
chronic kidney disease,mono,0.0607727
chronic kidney disease,multiple myeloma,0.0237917
chronic kidney disease,multiple sclerosis,0.0245
chronic kidney disease,myasthenia gravis,0.0417143
chronic kidney disease,neutropenia,0.0527273
chronic kidney disease,obesity,0.019
chronic kidney disease,osteoporosis,0.0315
chronic kidney disease,ovarian cancer,0.03605
chronic kidney disease,ovarian cyst,0.0464167
chronic kidney disease,pancreatitis,0.0763
chronic kidney disease,parkinson's disease,0.019
chronic kidney disease,pink eye,0.05225
chronic kidney disease,plantar fasciitis,0.0065
chronic kidney disease,pleural effusion,0.03495
chronic kidney disease,pneumonia,0.0495313
chronic kidney disease,pneumothorax,0.03225
chronic kidney disease,polycystic ovary syndrome,0.0345
chronic kidney disease,post traumatic stress disorder,0.012
chronic kidney disease,prostate cancer,0.0234444
chronic kidney disease,psoriasis,0.0239167
chronic kidney disease,psychosis,0.0155
chronic kidney disease,pulmonary embolism,0.0437
chronic kidney disease,pulmonary hypertension,0.0335833
chronic kidney disease,retinal detachment,0.0085
chronic kidney disease,rhabdomyolysis,0.0225
chronic kidney disease,rheumatoid arthritis,0.02
chronic kidney disease,schizophrenia,0.01
chronic kidney disease,sciatica,0.038
chronic kidney disease,seasonal allergies,0.0280833
chronic kidney disease,sebaceous cyst,0.0605
chronic kidney disease,sepsis,0.035
chronic kidney disease,shingles,0.02
chronic kidney disease,sickle cell anemia,0.0247
chronic kidney disease,sinusitis,0.03155
chronic kidney disease,sleep apnea,0.0159091
chronic kidney disease,spondylosis,0.072
chronic kidney disease,stomach flu,0.08895
chronic kidney disease,stomach ulcer,0.03275
chronic kidney disease,strep throat,0.05555
chronic kidney disease,stroke,0.061
chronic kidney disease,tension headache,0.0255
chronic kidney disease,thoracic radiculopathy,0.129
chronic kidney disease,thyroid cancer,0.0308125
chronic kidney disease,traumatic brain injury,0.018125
chronic kidney disease,type 1 diabetes,0.0169615
chronic kidney disease,type 2 diabetes,0.0125909
chronic kidney disease,ulcerative colitis,0.0553889
chronic kidney disease,upper respiratory infection,0.0752222
chronic kidney disease,urinary tract infection,0.0207917
chronic kidney disease,vitamin d deficiency,0.03
chronic obstructive pulmonary disease,chronic pain,0.02975
chronic obstructive pulmonary disease,cirrhosis of the liver,0.03245
chronic obstructive pulmonary disease,colon cancer,0.02165
chronic obstructive pulmonary disease,common cold,0.036375
chronic obstructive pulmonary disease,concussion,0.0153333
chronic obstructive pulmonary disease,congestive heart failure,0.0360882
chronic obstructive pulmonary disease,coronary artery disease,0.0206429
chronic obstructive pulmonary disease,crohn's disease,0.0380714
chronic obstructive pulmonary disease,deep vein thrombosis,0.052875
chronic obstructive pulmonary disease,dementia,0.017
chronic obstructive pulmonary disease,diverticulitis,0.0441667
chronic obstructive pulmonary disease,diverticulosis,0.0155
chronic obstructive pulmonary disease,drug withdrawal,0.0464375
chronic obstructive pulmonary disease,encephalitis,0.0311875
chronic obstructive pulmonary disease,encephalopathy,0.0427857
chronic obstructive pulmonary disease,endometrial cancer,0.02325
chronic obstructive pulmonary disease,endometriosis,0.0139167
chronic obstructive pulmonary disease,epididymitis,0.0363333
chronic obstructive pulmonary disease,epilepsy,0.0179444
chronic obstructive pulmonary disease,esophageal cancer,0.045
chronic obstructive pulmonary disease,fibroids,0.025
chronic obstructive pulmonary disease,fibromyalgia,0.0245833
chronic obstructive pulmonary disease,gallstones,0.0265
chronic obstructive pulmonary disease,gastritis,0.016
chronic obstructive pulmonary disease,gastroparesis,0.0151667
chronic obstructive pulmonary disease,glaucoma,0.0115
chronic obstructive pulmonary disease,goiter,0.0315
chronic obstructive pulmonary disease,gout,0.023375
chronic obstructive pulmonary disease,groin hernia,0.013
chronic obstructive pulmonary disease,heart attack,0.0215
chronic obstructive pulmonary disease,hepatitis a,0.0310556
chronic obstructive pulmonary disease,hepatitis b,0.0263
chronic obstructive pulmonary disease,hepatitis c,0.0271
chronic obstructive pulmonary disease,hiatal hernia,0.0242143
chronic obstructive pulmonary disease,high blood pressure,0.0281
chronic obstructive pulmonary disease,high cholesterol,0.02325
chronic obstructive pulmonary disease,hiv/aids,0.0321562
chronic obstructive pulmonary disease,hives,0.033375
chronic obstructive pulmonary disease,hyperthyroidism,0.024875
chronic obstructive pulmonary disease,hypoglycemia,0.0163125
chronic obstructive pulmonary disease,hyponatremia,0.0363125
chronic obstructive pulmonary disease,hypothyroidism,0.0189167
chronic obstructive pulmonary disease,insect bites and stings,0.0155
chronic obstructive pulmonary disease,iron deficiency anemia,0.0277857
chronic obstructive pulmonary disease,irritable bowel syndrome,0.0329
chronic obstructive pulmonary disease,kidney infection,0.05375
chronic obstructive pulmonary disease,kidney stone,0.0195
chronic obstructive pulmonary disease,liver cancer,0.0357143
chronic obstructive pulmonary disease,low back pain,0.0315
chronic obstructive pulmonary disease,lung cancer,0.0369333
chronic obstructive pulmonary disease,lupus,0.0305417
chronic obstructive pulmonary disease,lyme disease,0.05775
chronic obstructive pulmonary disease,major depression,0.13775
chronic obstructive pulmonary disease,melanoma,0.0423
chronic obstructive pulmonary disease,meningitis,0.0543889
chronic obstructive pulmonary disease,middle ear infection,0.0546
chronic obstructive pulmonary disease,migraine,0.0161667
chronic obstructive pulmonary disease,mono,0.0706111
chronic obstructive pulmonary disease,multiple myeloma,0.0401667
chronic obstructive pulmonary disease,multiple sclerosis,0.028125
chronic obstructive pulmonary disease,myasthenia gravis,0.058125
chronic obstructive pulmonary disease,neutropenia,0.075
chronic obstructive pulmonary disease,obesity,0.0241429
chronic obstructive pulmonary disease,osteoarthritis,0.0306667
chronic obstructive pulmonary disease,osteoporosis,0.02
chronic obstructive pulmonary disease,ovarian cancer,0.0292143
chronic obstructive pulmonary disease,ovarian cyst,0.0198333
chronic obstructive pulmonary disease,pancreatitis,0.0206
chronic obstructive pulmonary disease,parkinson's disease,0.0290455
chronic obstructive pulmonary disease,pink eye,0.0501
chronic obstructive pulmonary disease,pleural effusion,0.0487273
chronic obstructive pulmonary disease,pneumonia,0.0532368
chronic obstructive pulmonary disease,pneumothorax,0.0354444
chronic obstructive pulmonary disease,polycystic ovary syndrome,0.0295
chronic obstructive pulmonary disease,post traumatic stress disorder,0.133875
chronic obstructive pulmonary disease,prostate cancer,0.0193571
chronic obstructive pulmonary disease,psoriasis,0.0238571
chronic obstructive pulmonary disease,psychosis,0.0568
chronic obstructive pulmonary disease,pulmonary embolism,0.051
chronic obstructive pulmonary disease,pulmonary hypertension,0.04215
chronic obstructive pulmonary disease,retinal detachment,0.01325
chronic obstructive pulmonary disease,rhabdomyolysis,0.018375
chronic obstructive pulmonary disease,rheumatoid arthritis,0.0187917
chronic obstructive pulmonary disease,schizophrenia,0.0205625
chronic obstructive pulmonary disease,sciatica,0.0215
chronic obstructive pulmonary disease,seasonal allergies,0.0364167
chronic obstructive pulmonary disease,sebaceous cyst,0.014
chronic obstructive pulmonary disease,sepsis,0.0450938
chronic obstructive pulmonary disease,shingles,0.014875
chronic obstructive pulmonary disease,sickle cell anemia,0.0482
chronic obstructive pulmonary disease,sinusitis,0.04475
chronic obstructive pulmonary disease,sleep apnea,0.0347917
chronic obstructive pulmonary disease,spondylosis,0.03625
chronic obstructive pulmonary disease,stomach flu,0.0257222
chronic obstructive pulmonary disease,stomach ulcer,0.0485
chronic obstructive pulmonary disease,strep throat,0.0703125
chronic obstructive pulmonary disease,stroke,0.068
chronic obstructive pulmonary disease,tension headache,0.022
chronic obstructive pulmonary disease,thoracic radiculopathy,0.1195
chronic obstructive pulmonary disease,thyroid cancer,0.0433333
chronic obstructive pulmonary disease,traumatic brain injury,0.0185
chronic obstructive pulmonary disease,type 1 diabetes,0.0271667
chronic obstructive pulmonary disease,type 2 diabetes,0.026875
chronic obstructive pulmonary disease,ulcerative colitis,0.0372143
chronic obstructive pulmonary disease,upper respiratory infection,0.0844545
chronic obstructive pulmonary disease,urinary tract infection,0.0184444
chronic obstructive pulmonary disease,vitamin d deficiency,0.0382
chronic pain,cirrhosis of the liver,0.09525
chronic pain,colon cancer,0.08845
chronic pain,common cold,0.02425
chronic pain,concussion,0.0453333
chronic pain,congestive heart failure,0.0195
chronic pain,coronary artery disease,0.0386
chronic pain,crohn's disease,0.161786
chronic pain,deep vein thrombosis,0.132625
chronic pain,dementia,0.028
chronic pain,diverticulitis,0.14125
chronic pain,diverticulosis,0.110083
chronic pain,drug withdrawal,0.0561818
chronic pain,ectopic pregnancy,0.127429
chronic pain,encephalitis,0.0245
chronic pain,encephalopathy,0.032625
chronic pain,endometrial cancer,0.0366667
chronic pain,endometriosis,0.1167
chronic pain,epididymitis,0.1481
chronic pain,epilepsy,0.03625
chronic pain,esophageal cancer,0.0559286
chronic pain,fibroids,0.1507
chronic pain,fibromyalgia,0.059925
chronic pain,gallstones,0.134875
chronic pain,gastritis,0.1106
chronic pain,gastroparesis,0.131091
chronic pain,glaucoma,0.037
chronic pain,goiter,0.03875
chronic pain,gout,0.1042
chronic pain,groin hernia,0.107643
chronic pain,heart attack,0.0640909
chronic pain,hepatitis a,0.096
chronic pain,hepatitis b,0.039
chronic pain,hepatitis c,0.0745
chronic pain,hiatal hernia,0.0738333
chronic pain,high blood pressure,0.04075
chronic pain,high cholesterol,0.0391
chronic pain,hiv/aids,0.0334091
chronic pain,hyperthyroidism,0.0385625
chronic pain,hypoglycemia,0.0311
chronic pain,hyponatremia,0.0385833
chronic pain,hypothyroidism,0.0299
chronic pain,iron deficiency anemia,0.0455
chronic pain,irritable bowel syndrome,0.0996667
chronic pain,kidney infection,0.145286
chronic pain,kidney stone,0.111333
chronic pain,liver cancer,0.109429
chronic pain,low back pain,0.0966818
chronic pain,lung cancer,0.04725
chronic pain,lupus,0.0806429
chronic pain,lyme disease,0.1133
chronic pain,major depression,0.0996429
chronic pain,melanoma,0.0479
chronic pain,meningitis,0.0986429
chronic pain,middle ear infection,0.3045
chronic pain,migraine,0.076625
chronic pain,miscarriage,0.12325
chronic pain,mono,0.0875714
chronic pain,multiple myeloma,0.0723125
chronic pain,multiple sclerosis,0.0296364
chronic pain,myasthenia gravis,0.05675
chronic pain,neutropenia,0.0464
chronic pain,obesity,0.0605357
chronic pain,osteoarthritis,0.06925
chronic pain,osteoporosis,0.0739
chronic pain,ovarian cancer,0.095
chronic pain,ovarian cyst,0.134222
chronic pain,pancreatitis,0.1319
chronic pain,parkinson's disease,0.0229
chronic pain,plantar fasciitis,0.149875
chronic pain,pleural effusion,0.0275
chronic pain,pneumonia,0.02675
chronic pain,pneumothorax,0.133167
chronic pain,polycystic ovary syndrome,0.104722
chronic pain,post traumatic stress disorder,0.0907222
chronic pain,prostate cancer,0.097
chronic pain,psoriasis,0.0823571
chronic pain,psychosis,0.0742
chronic pain,pulmonary embolism,0.04725
chronic pain,pulmonary hypertension,0.0503333
chronic pain,retinal detachment,0.033
chronic pain,rhabdomyolysis,0.03025
chronic pain,rheumatoid arthritis,0.0724375
chronic pain,schizophrenia,0.047125
chronic pain,sciatica,0.0995
chronic pain,seasonal allergies,0.0391667
chronic pain,sebaceous cyst,0.3585
chronic pain,sepsis,0.0295
chronic pain,shingles,0.132625
chronic pain,sickle cell anemia,0.120938
chronic pain,sinusitis,0.0875
chronic pain,sleep apnea,0.0435833
chronic pain,spondylosis,0.0876364
chronic pain,sprained ankle,0.150625
chronic pain,sprained knee,0.122214
chronic pain,sprained wrist,0.1221
chronic pain,stomach flu,0.168889
chronic pain,stomach ulcer,0.108813
chronic pain,strep throat,0.0909167
chronic pain,stroke,0.0778333
chronic pain,tension headache,0.1271
chronic pain,thoracic radiculopathy,0.15015
chronic pain,thyroid cancer,0.042
chronic pain,thyroid nodules,0.145333
chronic pain,traumatic brain injury,0.0284167
chronic pain,type 1 diabetes,0.03325
chronic pain,type 2 diabetes,0.02575
chronic pain,ulcerative colitis,0.148214
chronic pain,upper respiratory infection,0.021
chronic pain,urinary tract infection,0.0302143
chronic pain,vitamin d deficiency,0.0625
cirrhosis of the liver,colon cancer,0.0484667
cirrhosis of the liver,common cold,0.0279
cirrhosis of the liver,concussion,0.044
cirrhosis of the liver,congestive heart failure,0.0451667
cirrhosis of the liver,coronary artery disease,0.01975
cirrhosis of the liver,crohn's disease,0.0679706
cirrhosis of the liver,deep vein thrombosis,0.0612857
cirrhosis of the liver,dementia,0.0328125
cirrhosis of the liver,diverticulitis,0.0933182
cirrhosis of the liver,diverticulosis,0.0498077
cirrhosis of the liver,drug withdrawal,0.0366111
cirrhosis of the liver,ectopic pregnancy,0.092875
cirrhosis of the liver,encephalitis,0.0507727
cirrhosis of the liver,encephalopathy,0.07425
cirrhosis of the liver,endometrial cancer,0.0374091
cirrhosis of the liver,endometriosis,0.0856364
cirrhosis of the liver,epididymitis,0.090625
cirrhosis of the liver,epilepsy,0.0294286
cirrhosis of the liver,esophageal cancer,0.0459643
cirrhosis of the liver,fibroids,0.0789444
cirrhosis of the liver,fibromyalgia,0.0438929
cirrhosis of the liver,gallstones,0.1016
cirrhosis of the liver,gastritis,0.0870909
cirrhosis of the liver,gastroparesis,0.143313
cirrhosis of the liver,glaucoma,0.02075
cirrhosis of the liver,goiter,0.0315
cirrhosis of the liver,gout,0.0620833
cirrhosis of the liver,groin hernia,0.0743125
cirrhosis of the liver,heart attack,0.0319231
cirrhosis of the liver,hepatitis a,0.0648333
cirrhosis of the liver,hepatitis b,0.0337187
cirrhosis of the liver,hepatitis c,0.0432667
cirrhosis of the liver,hiatal hernia,0.05435
cirrhosis of the liver,high blood pressure,0.020375
cirrhosis of the liver,high cholesterol,0.027
cirrhosis of the liver,hiv/aids,0.0322647
cirrhosis of the liver,hives,0.05525
cirrhosis of the liver,hyperthyroidism,0.0278077
cirrhosis of the liver,hypoglycemia,0.0260556
cirrhosis of the liver,hyponatremia,0.0383077
cirrhosis of the liver,hypothyroidism,0.0235
cirrhosis of the liver,insect bites and stings,0.0271
cirrhosis of the liver,iron deficiency anemia,0.0325625
cirrhosis of the liver,irritable bowel syndrome,0.0882222
cirrhosis of the liver,kidney infection,0.0820833
cirrhosis of the liver,kidney stone,0.0847222
cirrhosis of the liver,liver cancer,0.0702333
cirrhosis of the liver,low back pain,0.113667
cirrhosis of the liver,lung cancer,0.0389167
cirrhosis of the liver,lupus,0.0374333
cirrhosis of the liver,lyme disease,0.0611
cirrhosis of the liver,major depression,0.014
cirrhosis of the liver,melanoma,0.04205
cirrhosis of the liver,meningitis,0.055
cirrhosis of the liver,middle ear infection,0.0364286
cirrhosis of the liver,migraine,0.0615
cirrhosis of the liver,miscarriage,0.0721875
cirrhosis of the liver,mono,0.0705714
cirrhosis of the liver,multiple myeloma,0.0375
cirrhosis of the liver,multiple sclerosis,0.0266818
cirrhosis of the liver,myasthenia gravis,0.0489167
cirrhosis of the liver,neutropenia,0.0648636
cirrhosis of the liver,obesity,0.0426
cirrhosis of the liver,osteoarthritis,0.08275
cirrhosis of the liver,osteoporosis,0.065
cirrhosis of the liver,ovarian cancer,0.0667143
cirrhosis of the liver,ovarian cyst,0.111833
cirrhosis of the liver,pancreatitis,0.1095
cirrhosis of the liver,parkinson's disease,0.0258
cirrhosis of the liver,pink eye,0.0415
cirrhosis of the liver,plantar fasciitis,0.117667
cirrhosis of the liver,pleural effusion,0.0541875
cirrhosis of the liver,pneumonia,0.0609583
cirrhosis of the liver,pneumothorax,0.0374286
cirrhosis of the liver,polycystic ovary syndrome,0.0761111
cirrhosis of the liver,post traumatic stress disorder,0.029625
cirrhosis of the liver,prostate cancer,0.0319167
cirrhosis of the liver,psoriasis,0.03205
cirrhosis of the liver,psychosis,0.03875
cirrhosis of the liver,pulmonary embolism,0.0396667
cirrhosis of the liver,pulmonary hypertension,0.0436667
cirrhosis of the liver,retinal detachment,0.0165
cirrhosis of the liver,rhabdomyolysis,0.0274286
cirrhosis of the liver,rheumatoid arthritis,0.0378182
cirrhosis of the liver,schizophrenia,0.0243333
cirrhosis of the liver,sciatica,0.20225
cirrhosis of the liver,seasonal allergies,0.0282857
cirrhosis of the liver,sebaceous cyst,0.07025
cirrhosis of the liver,sepsis,0.05125
cirrhosis of the liver,shingles,0.0453571
cirrhosis of the liver,sickle cell anemia,0.0662222
cirrhosis of the liver,sinusitis,0.0396923
cirrhosis of the liver,sleep apnea,0.02765
cirrhosis of the liver,spondylosis,0.074125
cirrhosis of the liver,sprained ankle,0.142375
cirrhosis of the liver,sprained knee,0.098125
cirrhosis of the liver,sprained wrist,0.142
cirrhosis of the liver,stomach flu,0.0943824
cirrhosis of the liver,stomach ulcer,0.0501538
cirrhosis of the liver,strep throat,0.0733182
cirrhosis of the liver,stroke,0.0527143
cirrhosis of the liver,tension headache,0.0719167
cirrhosis of the liver,thoracic radiculopathy,0.24625
cirrhosis of the liver,thyroid cancer,0.0405
cirrhosis of the liver,thyroid nodules,0.0425
cirrhosis of the liver,traumatic brain injury,0.0329375
cirrhosis of the liver,type 1 diabetes,0.025
cirrhosis of the liver,type 2 diabetes,0.0191
cirrhosis of the liver,ulcerative colitis,0.075
cirrhosis of the liver,upper respiratory infection,0.0968333
cirrhosis of the liver,urinary tract infection,0.0305714
cirrhosis of the liver,vitamin d deficiency,0.029875
colon cancer,common cold,0.0358125
colon cancer,concussion,0.0615833
colon cancer,congestive heart failure,0.051
colon cancer,coronary artery disease,0.0195625
colon cancer,crohn's disease,0.0799412
colon cancer,deep vein thrombosis,0.0598
colon cancer,dementia,0.0176875
colon cancer,diverticulitis,0.102833
colon cancer,diverticulosis,0.0635417
colon cancer,drug withdrawal,0.0556818
colon cancer,ectopic pregnancy,0.10625
colon cancer,encephalitis,0.0287857
colon cancer,encephalopathy,0.0288333
colon cancer,endometrial cancer,0.053
colon cancer,endometriosis,0.0827857
colon cancer,epididymitis,0.108417
colon cancer,epilepsy,0.0231875
colon cancer,esophageal cancer,0.0539333
colon cancer,fibroids,0.093
colon cancer,fibromyalgia,0.05725
colon cancer,gallstones,0.118778
colon cancer,gastritis,0.07675
colon cancer,gastroparesis,0.099
colon cancer,glaucoma,0.018625
colon cancer,goiter,0.0319
colon cancer,gout,0.0756667
colon cancer,groin hernia,0.0866667
colon cancer,heart attack,0.0485
colon cancer,hepatitis a,0.0666923
colon cancer,hepatitis b,0.0362143
colon cancer,hepatitis c,0.0502917
colon cancer,hiatal hernia,0.0594231
colon cancer,high blood pressure,0.0266
colon cancer,high cholesterol,0.0333125
colon cancer,hiv/aids,0.0426786
colon cancer,hives,0.0235
colon cancer,hyperthyroidism,0.0381471
colon cancer,hypoglycemia,0.0195909
colon cancer,hyponatremia,0.0446538
colon cancer,hypothyroidism,0.0304687
colon cancer,insect bites and stings,0.0235
colon cancer,iron deficiency anemia,0.04145
colon cancer,irritable bowel syndrome,0.0776333
colon cancer,kidney infection,0.0809643
colon cancer,kidney stone,0.0948
colon cancer,liver cancer,0.0773636
colon cancer,low back pain,0.140875
colon cancer,lung cancer,0.038
colon cancer,lupus,0.0471071
colon cancer,lyme disease,0.0676111
colon cancer,major depression,0.070625
colon cancer,melanoma,0.04875
colon cancer,meningitis,0.0583182
colon cancer,middle ear infection,0.0358
colon cancer,migraine,0.0715
colon cancer,miscarriage,0.102167
colon cancer,mono,0.0685385
colon cancer,multiple myeloma,0.04465
colon cancer,multiple sclerosis,0.0287273
colon cancer,myasthenia gravis,0.0510833
colon cancer,neutropenia,0.0692222
colon cancer,obesity,0.0514583
colon cancer,osteoarthritis,0.0577
colon cancer,osteoporosis,0.0535833
colon cancer,ovarian cancer,0.0640938
colon cancer,ovarian cyst,0.128556
colon cancer,pancreatitis,0.113227
colon cancer,parkinson's disease,0.0227
colon cancer,pink eye,0.0326667
colon cancer,plantar fasciitis,0.2945
colon cancer,pleural effusion,0.045
colon cancer,pneumonia,0.0435556
colon cancer,pneumothorax,0.0388333
colon cancer,polycystic ovary syndrome,0.08805
colon cancer,post traumatic stress disorder,0.0777143
colon cancer,prostate cancer,0.0371818
colon cancer,psoriasis,0.0482778
colon cancer,psychosis,0.0512
colon cancer,pulmonary embolism,0.0425833
colon cancer,pulmonary hypertension,0.0307
colon cancer,retinal detachment,0.0211667
colon cancer,rhabdomyolysis,0.0296
colon cancer,rheumatoid arthritis,0.0342917
colon cancer,schizophrenia,0.0265
colon cancer,sciatica,0.156
colon cancer,seasonal allergies,0.0208571
colon cancer,sebaceous cyst,0.0601667
colon cancer,sepsis,0.0472083
colon cancer,shingles,0.0461429
colon cancer,sickle cell anemia,0.101571
colon cancer,sinusitis,0.04635
colon cancer,sleep apnea,0.0359444
colon cancer,spondylosis,0.07025
colon cancer,sprained ankle,0.15975
colon cancer,sprained knee,0.1435
colon cancer,sprained wrist,0.253
colon cancer,stomach flu,0.0954474
colon cancer,stomach ulcer,0.0738636
colon cancer,strep throat,0.0766875
colon cancer,stroke,0.0805
colon cancer,tension headache,0.0801667
colon cancer,thoracic radiculopathy,0.247667
colon cancer,thyroid cancer,0.0570625
colon cancer,thyroid nodules,0.050875
colon cancer,traumatic brain injury,0.072
colon cancer,type 1 diabetes,0.039
colon cancer,type 2 diabetes,0.0205
colon cancer,ulcerative colitis,0.0752941
colon cancer,upper respiratory infection,0.0487
colon cancer,urinary tract infection,0.0338571
colon cancer,vitamin d deficiency,0.042
common cold,concussion,0.0401
common cold,congestive heart failure,0.0225
common cold,coronary artery disease,0.01
common cold,crohn's disease,0.056
common cold,deep vein thrombosis,0.0365
common cold,dementia,0.02025
common cold,diverticulitis,0.066
common cold,diverticulosis,0.0369167
common cold,drug withdrawal,0.023625
common cold,ectopic pregnancy,0.026375
common cold,encephalitis,0.0415
common cold,encephalopathy,0.0285
common cold,endometrial cancer,0.0349
common cold,endometriosis,0.0422143
common cold,epididymitis,0.0435
common cold,epilepsy,0.020375
common cold,esophageal cancer,0.0328889
common cold,fibroids,0.03975
common cold,fibromyalgia,0.024125
common cold,gallstones,0.0491667
common cold,gastritis,0.0585
common cold,gastroparesis,0.0654
common cold,glaucoma,0.02
common cold,goiter,0.0361
common cold,gout,0.03425
common cold,groin hernia,0.029375
common cold,heart attack,0.0189444
common cold,hepatitis a,0.04115
common cold,hepatitis b,0.0241
common cold,hepatitis c,0.0297143
common cold,hiatal hernia,0.0371
common cold,high blood pressure,0.0225
common cold,high cholesterol,0.016
common cold,hiv/aids,0.028
common cold,hives,0.10625
common cold,hyperthyroidism,0.0246667
common cold,hypoglycemia,0.0108889
common cold,hyponatremia,0.02835
common cold,hypothyroidism,0.0144
common cold,insect bites and stings,0.0370714
common cold,iron deficiency anemia,0.0239167
common cold,irritable bowel syndrome,0.0658
common cold,kidney infection,0.0613333
common cold,kidney stone,0.0516
common cold,liver cancer,0.0406
common cold,low back pain,0.0251667
common cold,lung cancer,0.02905
common cold,lupus,0.0243462
common cold,lyme disease,0.0578333
common cold,major depression,0.01475
common cold,melanoma,0.0226
common cold,meningitis,0.0600625
common cold,middle ear infection,0.0643462
common cold,migraine,0.0721111
common cold,miscarriage,0.01925
common cold,mono,0.06875
common cold,multiple myeloma,0.0331429
common cold,multiple sclerosis,0.01945
common cold,myasthenia gravis,0.036125
common cold,neutropenia,0.069875
common cold,obesity,0.03
common cold,osteoarthritis,0.0205
common cold,osteoporosis,0.0145
common cold,ovarian cancer,0.0385
common cold,ovarian cyst,0.0648
common cold,pancreatitis,0.0667
common cold,parkinson's disease,0.0137143
common cold,pink eye,0.0490833
common cold,plantar fasciitis,0.06425
common cold,pleural effusion,0.0353333
common cold,pneumonia,0.0587083
common cold,pneumothorax,0.03775
common cold,polycystic ovary syndrome,0.0495833
common cold,post traumatic stress disorder,0.00883333
common cold,prostate cancer,0.0278
common cold,psoriasis,0.0276429
common cold,pulmonary embolism,0.0304
common cold,pulmonary hypertension,0.0258333
common cold,retinal detachment,0.0241667
common cold,rhabdomyolysis,0.0157
common cold,rheumatoid arthritis,0.0246667
common cold,sciatica,0.0483333
common cold,seasonal allergies,0.0296111
common cold,sebaceous cyst,0.0185
common cold,sepsis,0.046375
common cold,shingles,0.0407
common cold,sickle cell anemia,0.0351
common cold,sinusitis,0.0354545
common cold,sleep apnea,0.0216875
common cold,spondylosis,0.03975
common cold,sprained ankle,0.0175
common cold,sprained knee,0.017
common cold,sprained wrist,0.02
common cold,stomach flu,0.0735833
common cold,stomach ulcer,0.0337
common cold,strep throat,0.0697812
common cold,stroke,0.0310833
common cold,tension headache,0.0630909
common cold,thoracic radiculopathy,0.0955
common cold,thyroid cancer,0.0385
common cold,thyroid nodules,0.0279
common cold,traumatic brain injury,0.0331667
common cold,type 1 diabetes,0.0219
common cold,type 2 diabetes,0.0124286
common cold,ulcerative colitis,0.0583125
common cold,upper respiratory infection,0.06525
common cold,urinary tract infection,0.02625
common cold,vitamin d deficiency,0.02425
concussion,congestive heart failure,0.015
concussion,coronary artery disease,0.0181667
concussion,crohn's disease,0.067
concussion,deep vein thrombosis,0.0243333
concussion,dementia,0.0306667
concussion,diverticulitis,0.103167
concussion,diverticulosis,0.06475
concussion,drug withdrawal,0.0386429
concussion,ectopic pregnancy,0.0524
concussion,encephalitis,0.0668889
concussion,encephalopathy,0.07325
concussion,endometrial cancer,0.051375
concussion,endometriosis,0.0795
concussion,epididymitis,0.0853333
concussion,epilepsy,0.0474444
concussion,esophageal cancer,0.0482857
concussion,fibroids,0.081625
concussion,fibromyalgia,0.0417333
concussion,gallstones,0.120333
concussion,gastritis,0.115125
concussion,gastroparesis,0.213833
concussion,glaucoma,0.068
concussion,goiter,0.057
concussion,gout,0.027375
concussion,groin hernia,0.0655
concussion,heart attack,0.03995
concussion,hepatitis a,0.0676
concussion,hepatitis b,0.0457
concussion,hepatitis c,0.0315714
concussion,hiatal hernia,0.0629
concussion,high blood pressure,0.066125
concussion,high cholesterol,0.05325
concussion,hiv/aids,0.0374286
concussion,hyperthyroidism,0.0469
concussion,hypoglycemia,0.0293889
concussion,hyponatremia,0.05
concussion,hypothyroidism,0.0379167
concussion,insect bites and stings,0.024
concussion,iron deficiency anemia,0.0560714
concussion,irritable bowel syndrome,0.0787
concussion,kidney infection,0.0928571
concussion,kidney stone,0.088375
concussion,liver cancer,0.0597857
concussion,low back pain,0.0854
concussion,lung cancer,0.03725
concussion,lupus,0.0576429
concussion,lyme disease,0.0837222
concussion,major depression,0.043875
concussion,melanoma,0.0434444
concussion,meningitis,0.076
concussion,middle ear infection,0.0773333
concussion,migraine,0.0608421
concussion,miscarriage,0.067
concussion,mono,0.0775556
concussion,multiple myeloma,0.03075
concussion,multiple sclerosis,0.0288611
concussion,myasthenia gravis,0.035125
concussion,neutropenia,0.060125
concussion,obesity,0.0446
concussion,osteoarthritis,0.0291
concussion,osteoporosis,0.0275
concussion,ovarian cancer,0.0652
concussion,ovarian cyst,0.132
concussion,pancreatitis,0.1395
concussion,parkinson's disease,0.0277
concussion,pink eye,0.0698333
concussion,plantar fasciitis,0.04775
concussion,pleural effusion,0.01925
concussion,pneumonia,0.03025
concussion,pneumothorax,0.0229
concussion,polycystic ovary syndrome,0.0865
concussion,post traumatic stress disorder,0.0221
concussion,prostate cancer,0.0153333
concussion,psoriasis,0.0565
concussion,psychosis,0.03
concussion,pulmonary embolism,0.0175
concussion,pulmonary hypertension,0.0141667
concussion,retinal detachment,0.072625
concussion,rhabdomyolysis,0.0242143
concussion,rheumatoid arthritis,0.016125
concussion,schizophrenia,0.02575
concussion,sciatica,0.07475
concussion,seasonal allergies,0.0733333
concussion,sepsis,0.0246667
concussion,shingles,0.0207222
concussion,sickle cell anemia,0.0383125
concussion,sinusitis,0.0534615
concussion,sleep apnea,0.0310833
concussion,spondylosis,0.0649444
concussion,sprained ankle,0.037625
concussion,sprained knee,0.0636667
concussion,sprained wrist,0.028625
concussion,stomach flu,0.116563
concussion,stomach ulcer,0.0575833
concussion,strep throat,0.0613125
concussion,stroke,0.0379063
concussion,tension headache,0.0890833
concussion,thoracic radiculopathy,0.122
concussion,thyroid cancer,0.0658571
concussion,thyroid nodules,0.0742
concussion,traumatic brain injury,0.0334464
concussion,type 1 diabetes,0.0456
concussion,type 2 diabetes,0.0261
concussion,ulcerative colitis,0.06175
concussion,upper respiratory infection,0.0524
concussion,urinary tract infection,0.0358571
concussion,vitamin d deficiency,0.0516667
congestive heart failure,coronary artery disease,0.0395833
congestive heart failure,crohn's disease,0.014
congestive heart failure,deep vein thrombosis,0.101875
congestive heart failure,dementia,0.0127143
congestive heart failure,drug withdrawal,0.018
congestive heart failure,encephalitis,0.02375
congestive heart failure,encephalopathy,0.021875
congestive heart failure,endometrial cancer,0.018375
congestive heart failure,endometriosis,0.0155
congestive heart failure,epididymitis,0.19
congestive heart failure,epilepsy,0.017
congestive heart failure,esophageal cancer,0.0597143
congestive heart failure,fibromyalgia,0.0184
congestive heart failure,glaucoma,0.0115
congestive heart failure,goiter,0.073
congestive heart failure,gout,0.0905
congestive heart failure,groin hernia,0.0755
congestive heart failure,heart attack,0.0332
congestive heart failure,hepatitis a,0.029875
congestive heart failure,hepatitis b,0.0275
congestive heart failure,hepatitis c,0.0288333
congestive heart failure,hiatal hernia,0.0641667
congestive heart failure,high blood pressure,0.0603333
congestive heart failure,high cholesterol,0.0631667
congestive heart failure,hiv/aids,0.0393
congestive heart failure,hives,0.0696
congestive heart failure,hyperthyroidism,0.041
congestive heart failure,hypoglycemia,0.0149167
congestive heart failure,hyponatremia,0.0404
congestive heart failure,hypothyroidism,0.029875
congestive heart failure,insect bites and stings,0.108
congestive heart failure,iron deficiency anemia,0.024875
congestive heart failure,kidney infection,0.01475
congestive heart failure,liver cancer,0.069625
congestive heart failure,low back pain,0.0305
congestive heart failure,lung cancer,0.05125
congestive heart failure,lupus,0.0473125
congestive heart failure,lyme disease,0.0641667
congestive heart failure,melanoma,0.068375
congestive heart failure,meningitis,0.0319
congestive heart failure,middle ear infection,0.05825
congestive heart failure,migraine,0.0225
congestive heart failure,mono,0.0695833
congestive heart failure,multiple myeloma,0.0526667
congestive heart failure,multiple sclerosis,0.0433333
congestive heart failure,myasthenia gravis,0.0746667
congestive heart failure,neutropenia,0.054625
congestive heart failure,obesity,0.0738333
congestive heart failure,osteoarthritis,0.072
congestive heart failure,osteoporosis,0.021
congestive heart failure,ovarian cancer,0.058625
congestive heart failure,parkinson's disease,0.0357778
congestive heart failure,pink eye,0.0805
congestive heart failure,plantar fasciitis,0.0945
congestive heart failure,pleural effusion,0.0568
congestive heart failure,pneumonia,0.0577333
congestive heart failure,pneumothorax,0.0490714
congestive heart failure,prostate cancer,0.0235
congestive heart failure,psoriasis,0.04375
congestive heart failure,pulmonary embolism,0.0685714
congestive heart failure,pulmonary hypertension,0.0503182
congestive heart failure,retinal detachment,0.0215
congestive heart failure,rhabdomyolysis,0.0308
congestive heart failure,rheumatoid arthritis,0.0500833
congestive heart failure,schizophrenia,0.0158333
congestive heart failure,sciatica,0.0275
congestive heart failure,seasonal allergies,0.0533333
congestive heart failure,sebaceous cyst,0.139
congestive heart failure,sepsis,0.0414583
congestive heart failure,shingles,0.026375
congestive heart failure,sickle cell anemia,0.10825
congestive heart failure,sinusitis,0.0521429
congestive heart failure,sleep apnea,0.0455714
congestive heart failure,spondylosis,0.0615
congestive heart failure,sprained ankle,0.279
congestive heart failure,sprained knee,0.145
congestive heart failure,sprained wrist,0.2025
congestive heart failure,stomach flu,0.018125
congestive heart failure,stomach ulcer,0.151
congestive heart failure,strep throat,0.0498333
congestive heart failure,stroke,0.0835
congestive heart failure,tension headache,0.016
congestive heart failure,thoracic radiculopathy,0.1185
congestive heart failure,thyroid cancer,0.041625
congestive heart failure,thyroid nodules,0.064
congestive heart failure,type 1 diabetes,0.043
congestive heart failure,type 2 diabetes,0.0423333
congestive heart failure,ulcerative colitis,0.02075
congestive heart failure,upper respiratory infection,0.0872778
congestive heart failure,urinary tract infection,0.016625
coronary artery disease,crohn's disease,0.0153333
coronary artery disease,deep vein thrombosis,0.0278
coronary artery disease,dementia,0.0153571
coronary artery disease,diverticulitis,0.018
coronary artery disease,diverticulosis,0.01825
coronary artery disease,drug withdrawal,0.069
coronary artery disease,ectopic pregnancy,0.01425
coronary artery disease,encephalitis,0.017875
coronary artery disease,encephalopathy,0.0195
coronary artery disease,endometrial cancer,0.01775
coronary artery disease,endometriosis,0.0141667
coronary artery disease,epididymitis,0.03875
coronary artery disease,epilepsy,0.0214167
coronary artery disease,esophageal cancer,0.0375
coronary artery disease,fibroids,0.019
coronary artery disease,fibromyalgia,0.0278333
coronary artery disease,gallstones,0.012
coronary artery disease,gastritis,0.0166667
coronary artery disease,gastroparesis,0.0146667
coronary artery disease,glaucoma,0.0154
coronary artery disease,goiter,0.0335
coronary artery disease,gout,0.013
coronary artery disease,groin hernia,0.0225
coronary artery disease,heart attack,0.0194545
coronary artery disease,hepatitis a,0.0155
coronary artery disease,hepatitis b,0.0153571
coronary artery disease,hepatitis c,0.026
coronary artery disease,hiatal hernia,0.0219375
coronary artery disease,high blood pressure,0.0239167
coronary artery disease,high cholesterol,0.0215833
coronary artery disease,hiv/aids,0.0258125
coronary artery disease,hives,0.0355
coronary artery disease,hyperthyroidism,0.0227857
coronary artery disease,hypoglycemia,0.0204167
coronary artery disease,hyponatremia,0.04
coronary artery disease,hypothyroidism,0.0177222
coronary artery disease,insect bites and stings,0.0255
coronary artery disease,iron deficiency anemia,0.02775
coronary artery disease,irritable bowel syndrome,0.034375
coronary artery disease,kidney infection,0.0475
coronary artery disease,kidney stone,0.0175
coronary artery disease,liver cancer,0.04675
coronary artery disease,low back pain,0.068375
coronary artery disease,lung cancer,0.0419
coronary artery disease,lupus,0.024
coronary artery disease,lyme disease,0.0375
coronary artery disease,major depression,0.148833
coronary artery disease,melanoma,0.038125
coronary artery disease,meningitis,0.0285
coronary artery disease,middle ear infection,0.0135
coronary artery disease,migraine,0.0221667
coronary artery disease,miscarriage,0.0125
coronary artery disease,mono,0.0176667
coronary artery disease,multiple myeloma,0.0294167
coronary artery disease,multiple sclerosis,0.0230833
coronary artery disease,myasthenia gravis,0.048125
coronary artery disease,neutropenia,0.034
coronary artery disease,obesity,0.0206429
coronary artery disease,osteoarthritis,0.034375
coronary artery disease,osteoporosis,0.0274167
coronary artery disease,ovarian cancer,0.025875
coronary artery disease,ovarian cyst,0.0175
coronary artery disease,pancreatitis,0.01225
coronary artery disease,parkinson's disease,0.0228
coronary artery disease,pink eye,0.029
coronary artery disease,plantar fasciitis,0.012
coronary artery disease,pleural effusion,0.051
coronary artery disease,pneumonia,0.04275
coronary artery disease,pneumothorax,0.026
coronary artery disease,polycystic ovary syndrome,0.037
coronary artery disease,post traumatic stress disorder,0.105375
coronary artery disease,prostate cancer,0.0218
coronary artery disease,psoriasis,0.029625
coronary artery disease,psychosis,0.11075
coronary artery disease,pulmonary embolism,0.0365
coronary artery disease,pulmonary hypertension,0.03425
coronary artery disease,retinal detachment,0.012
coronary artery disease,rhabdomyolysis,0.02625
coronary artery disease,rheumatoid arthritis,0.01925
coronary artery disease,schizophrenia,0.0326667
coronary artery disease,sciatica,0.0945
coronary artery disease,seasonal allergies,0.022875
coronary artery disease,sebaceous cyst,0.03
coronary artery disease,sepsis,0.0413
coronary artery disease,shingles,0.0195
coronary artery disease,sickle cell anemia,0.0381667
coronary artery disease,sinusitis,0.02
coronary artery disease,sleep apnea,0.0343
coronary artery disease,spondylosis,0.0429167
coronary artery disease,sprained ankle,0.008
coronary artery disease,sprained knee,0.0185
coronary artery disease,stomach flu,0.018
coronary artery disease,stomach ulcer,0.04225
coronary artery disease,strep throat,0.022
coronary artery disease,stroke,0.050625
coronary artery disease,tension headache,0.01975
coronary artery disease,thoracic radiculopathy,0.151167
coronary artery disease,thyroid cancer,0.04
coronary artery disease,thyroid nodules,0.0358333
coronary artery disease,traumatic brain injury,0.02175
coronary artery disease,type 1 diabetes,0.017625
coronary artery disease,type 2 diabetes,0.0156
coronary artery disease,ulcerative colitis,0.012
coronary artery disease,upper respiratory infection,0.06025
coronary artery disease,urinary tract infection,0.015
coronary artery disease,vitamin d deficiency,0.050625
crohn's disease,deep vein thrombosis,0.154667
crohn's disease,dementia,0.01525
crohn's disease,diverticulitis,0.0955476
crohn's disease,diverticulosis,0.0972692
crohn's disease,drug withdrawal,0.0788125
crohn's disease,ectopic pregnancy,0.1364
crohn's disease,encephalitis,0.0336
crohn's disease,encephalopathy,0.024125
crohn's disease,endometrial cancer,0.062375
crohn's disease,endometriosis,0.111406
crohn's disease,epididymitis,0.108455
crohn's disease,epilepsy,0.014625
crohn's disease,esophageal cancer,0.0649615
crohn's disease,fibroids,0.105333
crohn's disease,fibromyalgia,0.0918571
crohn's disease,gallstones,0.136833
crohn's disease,gastritis,0.131917
crohn's disease,gastroparesis,0.141607
crohn's disease,glaucoma,0.0135
crohn's disease,goiter,0.0605
crohn's disease,gout,0.11925
crohn's disease,groin hernia,0.105583
crohn's disease,heart attack,0.098
crohn's disease,hepatitis a,0.112375
crohn's disease,hepatitis b,0.0617
crohn's disease,hepatitis c,0.09945
crohn's disease,hiatal hernia,0.11315
crohn's disease,high blood pressure,0.0115
crohn's disease,high cholesterol,0.062
crohn's disease,hiv/aids,0.0597083
crohn's disease,hyperthyroidism,0.0451667
crohn's disease,hypoglycemia,0.027
crohn's disease,hyponatremia,0.0520455
crohn's disease,hypothyroidism,0.037
crohn's disease,insect bites and stings,0.0475
crohn's disease,iron deficiency anemia,0.038
crohn's disease,irritable bowel syndrome,0.0948056
crohn's disease,kidney infection,0.101944
crohn's disease,kidney stone,0.106821
crohn's disease,liver cancer,0.1218
crohn's disease,low back pain,0.1187
crohn's disease,lung cancer,0.0363
crohn's disease,lupus,0.0950769
crohn's disease,lyme disease,0.109937
crohn's disease,major depression,0.0148
crohn's disease,melanoma,0.073375
crohn's disease,meningitis,0.122722
crohn's disease,middle ear infection,0.0954
crohn's disease,migraine,0.124063
crohn's disease,miscarriage,0.10205
crohn's disease,mono,0.122818
crohn's disease,multiple myeloma,0.0933125
crohn's disease,multiple sclerosis,0.0403182
crohn's disease,myasthenia gravis,0.0551
crohn's disease,neutropenia,0.109222
crohn's disease,obesity,0.123188
crohn's disease,osteoarthritis,0.10475
crohn's disease,osteoporosis,0.19075
crohn's disease,ovarian cancer,0.0910625
crohn's disease,ovarian cyst,0.128214
crohn's disease,pancreatitis,0.140607
crohn's disease,parkinson's disease,0.0135
crohn's disease,pink eye,0.04525
crohn's disease,plantar fasciitis,0.190833
crohn's disease,pleural effusion,0.026375
crohn's disease,pneumonia,0.0622143
crohn's disease,pneumothorax,0.118167
crohn's disease,polycystic ovary syndrome,0.1319
crohn's disease,post traumatic stress disorder,0.1305
crohn's disease,prostate cancer,0.0611364
crohn's disease,psoriasis,0.0943889
crohn's disease,psychosis,0.01175
crohn's disease,pulmonary embolism,0.033
crohn's disease,pulmonary hypertension,0.02
crohn's disease,retinal detachment,0.01725
crohn's disease,rhabdomyolysis,0.0225
crohn's disease,rheumatoid arthritis,0.0880556
crohn's disease,schizophrenia,0.008
crohn's disease,sciatica,0.1524
crohn's disease,seasonal allergies,0.031
crohn's disease,sebaceous cyst,0.133
crohn's disease,sepsis,0.07825
crohn's disease,shingles,0.07925
crohn's disease,sickle cell anemia,0.135813
crohn's disease,sinusitis,0.0799091
crohn's disease,sleep apnea,0.0451667
crohn's disease,spondylosis,0.21625
crohn's disease,sprained ankle,0.196833
crohn's disease,sprained knee,0.13725
crohn's disease,sprained wrist,0.265
crohn's disease,stomach flu,0.104479
crohn's disease,stomach ulcer,0.110455
crohn's disease,strep throat,0.12045
crohn's disease,stroke,0.01
crohn's disease,tension headache,0.17425
crohn's disease,thoracic radiculopathy,0.210333
crohn's disease,thyroid cancer,0.0797143
crohn's disease,thyroid nodules,0.126333
crohn's disease,traumatic brain injury,0.07075
crohn's disease,type 1 diabetes,0.06525
crohn's disease,type 2 diabetes,0.01175
crohn's disease,ulcerative colitis,0.0912609
crohn's disease,upper respiratory infection,0.0646429
crohn's disease,urinary tract infection,0.0483438
crohn's disease,vitamin d deficiency,0.0515
deep vein thrombosis,dementia,0.01525
deep vein thrombosis,diverticulitis,0.175167
deep vein thrombosis,diverticulosis,0.098
deep vein thrombosis,drug withdrawal,0.0365
deep vein thrombosis,ectopic pregnancy,0.144
deep vein thrombosis,encephalitis,0.0275
deep vein thrombosis,encephalopathy,0.0175
deep vein thrombosis,endometrial cancer,0.0185
deep vein thrombosis,endometriosis,0.13025
deep vein thrombosis,epididymitis,0.1663
deep vein thrombosis,epilepsy,0.0195
deep vein thrombosis,esophageal cancer,0.0376
deep vein thrombosis,fibroids,0.132625
deep vein thrombosis,fibromyalgia,0.077
deep vein thrombosis,gallstones,0.172833
deep vein thrombosis,gastritis,0.132
deep vein thrombosis,gastroparesis,0.111875
deep vein thrombosis,glaucoma,0.01925
deep vein thrombosis,goiter,0.0333333
deep vein thrombosis,gout,0.110167
deep vein thrombosis,groin hernia,0.145125
deep vein thrombosis,heart attack,0.0553333
deep vein thrombosis,hepatitis a,0.079625
deep vein thrombosis,hepatitis b,0.0183333
deep vein thrombosis,hepatitis c,0.10925
deep vein thrombosis,hiatal hernia,0.0619
deep vein thrombosis,high blood pressure,0.02425
deep vein thrombosis,high cholesterol,0.0216667
deep vein thrombosis,hiv/aids,0.04125
deep vein thrombosis,hives,0.0948333
deep vein thrombosis,hyperthyroidism,0.057
deep vein thrombosis,hypoglycemia,0.0205
deep vein thrombosis,hyponatremia,0.0445
deep vein thrombosis,hypothyroidism,0.02575
deep vein thrombosis,insect bites and stings,0.137
deep vein thrombosis,iron deficiency anemia,0.028
deep vein thrombosis,irritable bowel syndrome,0.112333
deep vein thrombosis,kidney infection,0.115125
deep vein thrombosis,kidney stone,0.164
deep vein thrombosis,liver cancer,0.0824
deep vein thrombosis,low back pain,0.1045
deep vein thrombosis,lung cancer,0.0485
deep vein thrombosis,lupus,0.0698571
deep vein thrombosis,lyme disease,0.07225
deep vein thrombosis,major depression,0.021
deep vein thrombosis,melanoma,0.047
deep vein thrombosis,meningitis,0.073
deep vein thrombosis,middle ear infection,0.065375
deep vein thrombosis,migraine,0.1395
deep vein thrombosis,miscarriage,0.158667
deep vein thrombosis,mono,0.0771875
deep vein thrombosis,multiple myeloma,0.0652
deep vein thrombosis,multiple sclerosis,0.0318333
deep vein thrombosis,myasthenia gravis,0.0636667
deep vein thrombosis,neutropenia,0.0445
deep vein thrombosis,obesity,0.0689286
deep vein thrombosis,osteoarthritis,0.113375
deep vein thrombosis,osteoporosis,0.105667
deep vein thrombosis,ovarian cancer,0.0792
deep vein thrombosis,ovarian cyst,0.1625
deep vein thrombosis,pancreatitis,0.26
deep vein thrombosis,parkinson's disease,0.024375
deep vein thrombosis,pink eye,0.115875
deep vein thrombosis,plantar fasciitis,0.1306
deep vein thrombosis,pleural effusion,0.0685
deep vein thrombosis,pneumonia,0.0767
deep vein thrombosis,pneumothorax,0.0673
deep vein thrombosis,polycystic ovary syndrome,0.134667
deep vein thrombosis,prostate cancer,0.0635
deep vein thrombosis,psoriasis,0.109
deep vein thrombosis,psychosis,0.017
deep vein thrombosis,pulmonary embolism,0.05975
deep vein thrombosis,pulmonary hypertension,0.0495
deep vein thrombosis,retinal detachment,0.0161667
deep vein thrombosis,rhabdomyolysis,0.0685
deep vein thrombosis,rheumatoid arthritis,0.0806667
deep vein thrombosis,schizophrenia,0.015
deep vein thrombosis,sciatica,0.1297
deep vein thrombosis,seasonal allergies,0.0587
deep vein thrombosis,sebaceous cyst,0.1079
deep vein thrombosis,sepsis,0.0268333
deep vein thrombosis,shingles,0.092
deep vein thrombosis,sickle cell anemia,0.0846111
deep vein thrombosis,sinusitis,0.063
deep vein thrombosis,sleep apnea,0.0335
deep vein thrombosis,spondylosis,0.094125
deep vein thrombosis,sprained ankle,0.1645
deep vein thrombosis,sprained knee,0.120917
deep vein thrombosis,sprained wrist,0.169125
deep vein thrombosis,stomach flu,0.0813
deep vein thrombosis,stomach ulcer,0.073
deep vein thrombosis,strep throat,0.1104
deep vein thrombosis,stroke,0.09
deep vein thrombosis,tension headache,0.13875
deep vein thrombosis,thoracic radiculopathy,0.182625
deep vein thrombosis,thyroid cancer,0.04125
deep vein thrombosis,thyroid nodules,0.117667
deep vein thrombosis,traumatic brain injury,0.022
deep vein thrombosis,type 1 diabetes,0.0193333
deep vein thrombosis,type 2 diabetes,0.0241
deep vein thrombosis,ulcerative colitis,0.0856
deep vein thrombosis,upper respiratory infection,0.100875
deep vein thrombosis,urinary tract infection,0.017
deep vein thrombosis,vitamin d deficiency,0.04
dementia,drug withdrawal,0.0336923
dementia,encephalitis,0.04385
dementia,encephalopathy,0.0432667
dementia,endometrial cancer,0.02
dementia,endometriosis,0.014
dementia,epididymitis,0.0535
dementia,epilepsy,0.0459
dementia,esophageal cancer,0.03675
dementia,fibromyalgia,0.02405
dementia,gastritis,0.01325
dementia,gastroparesis,0.0143333
dementia,glaucoma,0.0171
dementia,goiter,0.0228333
dementia,gout,0.0125
dementia,heart attack,0.0141875
dementia,hepatitis a,0.0171
dementia,hepatitis b,0.017
dementia,hepatitis c,0.03775
dementia,hiatal hernia,0.023875
dementia,high blood pressure,0.0235
dementia,high cholesterol,0.0214
dementia,hiv/aids,0.0256923
dementia,hives,0.011
dementia,hyperthyroidism,0.0191667
dementia,hypoglycemia,0.0227187
dementia,hyponatremia,0.0455
dementia,hypothyroidism,0.0242273
dementia,insect bites and stings,0.0105
dementia,iron deficiency anemia,0.0280714
dementia,irritable bowel syndrome,0.026
dementia,kidney infection,0.014875
dementia,kidney stone,0.008
dementia,liver cancer,0.0521
dementia,low back pain,0.0202
dementia,lung cancer,0.0309375
dementia,lupus,0.017
dementia,lyme disease,0.0561667
dementia,major depression,0.0749286
dementia,melanoma,0.0572
dementia,meningitis,0.0409167
dementia,middle ear infection,0.019
dementia,migraine,0.0280714
dementia,mono,0.044625
dementia,multiple myeloma,0.0374167
dementia,multiple sclerosis,0.0236786
dementia,myasthenia gravis,0.0381429
dementia,neutropenia,0.0413333
dementia,obesity,0.01975
dementia,osteoarthritis,0.03
dementia,osteoporosis,0.02725
dementia,ovarian cancer,0.02025
dementia,pancreatitis,0.00975
dementia,parkinson's disease,0.0215
dementia,pink eye,0.013
dementia,plantar fasciitis,0.012
dementia,pleural effusion,0.02375
dementia,pneumonia,0.03525
dementia,pneumothorax,0.025
dementia,polycystic ovary syndrome,0.0345
dementia,post traumatic stress disorder,0.0500417
dementia,prostate cancer,0.0214167
dementia,psoriasis,0.031
dementia,psychosis,0.0409643
dementia,pulmonary embolism,0.0166667
dementia,pulmonary hypertension,0.0138333
dementia,retinal detachment,0.0105
dementia,rhabdomyolysis,0.0244375
dementia,rheumatoid arthritis,0.0161429
dementia,schizophrenia,0.0263462
dementia,sciatica,0.027875
dementia,seasonal allergies,0.01225
dementia,sepsis,0.0371364
dementia,shingles,0.0193333
dementia,sickle cell anemia,0.0255
dementia,sinusitis,0.02025
dementia,sleep apnea,0.034625
dementia,spondylosis,0.0411
dementia,sprained ankle,0.021
dementia,sprained knee,0.01325
dementia,sprained wrist,0.0265
dementia,stomach flu,0.023875
dementia,stomach ulcer,0.0355
dementia,strep throat,0.0303333
dementia,stroke,0.0407273
dementia,tension headache,0.026
dementia,thoracic radiculopathy,0.059125
dementia,thyroid cancer,0.028
dementia,thyroid nodules,0.033
dementia,traumatic brain injury,0.03115
dementia,type 1 diabetes,0.0133
dementia,type 2 diabetes,0.0290833
dementia,ulcerative colitis,0.0153333
dementia,upper respiratory infection,0.02125
dementia,urinary tract infection,0.0261111
dementia,vitamin d deficiency,0.0368571
diverticulitis,diverticulosis,0.103583
diverticulitis,drug withdrawal,0.0889167
diverticulitis,ectopic pregnancy,0.147667
diverticulitis,encephalitis,0.037
diverticulitis,endometrial cancer,0.0741875
diverticulitis,endometriosis,0.0956389
diverticulitis,epididymitis,0.101167
diverticulitis,epilepsy,0.029
diverticulitis,esophageal cancer,0.0984167
diverticulitis,fibroids,0.120636
diverticulitis,fibromyalgia,0.0975
diverticulitis,gallstones,0.119857
diverticulitis,gastritis,0.143
diverticulitis,gastroparesis,0.124767
diverticulitis,goiter,0.0745
diverticulitis,gout,0.1333
diverticulitis,groin hernia,0.113545
diverticulitis,heart attack,0.122417
diverticulitis,hepatitis a,0.12925
diverticulitis,hepatitis b,0.0772143
diverticulitis,hepatitis c,0.132214
diverticulitis,hiatal hernia,0.11305
diverticulitis,high cholesterol,0.07375
diverticulitis,hiv/aids,0.0733125
diverticulitis,hyperthyroidism,0.0743
diverticulitis,hypoglycemia,0.04625
diverticulitis,hyponatremia,0.0674167
diverticulitis,hypothyroidism,0.0600833
diverticulitis,insect bites and stings,0.05725
diverticulitis,iron deficiency anemia,0.07925
diverticulitis,irritable bowel syndrome,0.115923
diverticulitis,kidney infection,0.119324
diverticulitis,kidney stone,0.115313
diverticulitis,liver cancer,0.140187
diverticulitis,low back pain,0.113
diverticulitis,lung cancer,0.069625
diverticulitis,lupus,0.0978636
diverticulitis,lyme disease,0.1534
diverticulitis,major depression,0.023
diverticulitis,melanoma,0.0905
diverticulitis,meningitis,0.168167
diverticulitis,middle ear infection,0.131875
diverticulitis,migraine,0.157583
diverticulitis,miscarriage,0.0966818
diverticulitis,mono,0.129778
diverticulitis,multiple myeloma,0.129333
diverticulitis,multiple sclerosis,0.04425
diverticulitis,myasthenia gravis,0.049
diverticulitis,neutropenia,0.129333
diverticulitis,obesity,0.135
diverticulitis,osteoarthritis,0.161833
diverticulitis,osteoporosis,0.229
diverticulitis,ovarian cancer,0.114583
diverticulitis,ovarian cyst,0.1225
diverticulitis,pancreatitis,0.117938
diverticulitis,parkinson's disease,0.03325
diverticulitis,pink eye,0.061
diverticulitis,plantar fasciitis,0.16075
diverticulitis,pleural effusion,0.0475
diverticulitis,pneumonia,0.109333
diverticulitis,pneumothorax,0.19775
diverticulitis,polycystic ovary syndrome,0.157062
diverticulitis,post traumatic stress disorder,0.0798333
diverticulitis,prostate cancer,0.090875
diverticulitis,psoriasis,0.119429
diverticulitis,pulmonary embolism,0.047
diverticulitis,retinal detachment,0.01725
diverticulitis,rhabdomyolysis,0.02475
diverticulitis,rheumatoid arthritis,0.1343
diverticulitis,sciatica,0.124833
diverticulitis,seasonal allergies,0.0475
diverticulitis,sebaceous cyst,0.21825
diverticulitis,sepsis,0.1059
diverticulitis,shingles,0.24475
diverticulitis,sickle cell anemia,0.135714
diverticulitis,sinusitis,0.12
diverticulitis,sleep apnea,0.071
diverticulitis,spondylosis,0.24675
diverticulitis,sprained ankle,0.164625
diverticulitis,sprained knee,0.153125
diverticulitis,sprained wrist,0.2955
diverticulitis,stomach flu,0.116075
diverticulitis,stomach ulcer,0.1169
diverticulitis,strep throat,0.160357
diverticulitis,tension headache,0.235833
diverticulitis,thoracic radiculopathy,0.178125
diverticulitis,thyroid cancer,0.0883
diverticulitis,thyroid nodules,0.20575
diverticulitis,traumatic brain injury,0.0733333
diverticulitis,type 1 diabetes,0.0758571
diverticulitis,ulcerative colitis,0.116625
diverticulitis,upper respiratory infection,0.0599167
diverticulitis,urinary tract infection,0.05875
diverticulitis,vitamin d deficiency,0.07475
diverticulosis,drug withdrawal,0.0518333
diverticulosis,ectopic pregnancy,0.0961818
diverticulosis,encephalitis,0.0255
diverticulosis,endometrial cancer,0.0554167
diverticulosis,endometriosis,0.0934231
diverticulosis,epididymitis,0.0848571
diverticulosis,epilepsy,0.02
diverticulosis,esophageal cancer,0.0644167
diverticulosis,fibroids,0.0807083
diverticulosis,fibromyalgia,0.0686111
diverticulosis,gallstones,0.113111
diverticulosis,gastritis,0.0925
diverticulosis,gastroparesis,0.141889
diverticulosis,goiter,0.0263333
diverticulosis,gout,0.1215
diverticulosis,groin hernia,0.0795556
diverticulosis,heart attack,0.0554375
diverticulosis,hepatitis a,0.111083
diverticulosis,hepatitis b,0.038375
diverticulosis,hepatitis c,0.0689167
diverticulosis,hiatal hernia,0.0754375
diverticulosis,high blood pressure,0.027
diverticulosis,high cholesterol,0.0343333
diverticulosis,hiv/aids,0.0418571
diverticulosis,hyperthyroidism,0.0424167
diverticulosis,hypoglycemia,0.0333333
diverticulosis,hyponatremia,0.0416429
diverticulosis,hypothyroidism,0.0308125
diverticulosis,insect bites and stings,0.02075
diverticulosis,iron deficiency anemia,0.04
diverticulosis,irritable bowel syndrome,0.1014
diverticulosis,kidney infection,0.103111
diverticulosis,kidney stone,0.08865
diverticulosis,liver cancer,0.1181
diverticulosis,low back pain,0.17275
diverticulosis,lung cancer,0.032
diverticulosis,lupus,0.0623125
diverticulosis,lyme disease,0.0678
diverticulosis,major depression,0.024
diverticulosis,melanoma,0.038875
diverticulosis,meningitis,0.07325
diverticulosis,middle ear infection,0.04825
diverticulosis,migraine,0.0892143
diverticulosis,miscarriage,0.096
diverticulosis,mono,0.0823571
diverticulosis,multiple myeloma,0.0576667
diverticulosis,multiple sclerosis,0.028
diverticulosis,myasthenia gravis,0.0295
diverticulosis,neutropenia,0.0675
diverticulosis,obesity,0.0735
diverticulosis,osteoarthritis,0.10525
diverticulosis,osteoporosis,0.079
diverticulosis,ovarian cancer,0.0877222
diverticulosis,ovarian cyst,0.111083
diverticulosis,pancreatitis,0.146437
diverticulosis,parkinson's disease,0.0235
diverticulosis,pink eye,0.03725
diverticulosis,plantar fasciitis,0.336
diverticulosis,pneumonia,0.05925
diverticulosis,pneumothorax,0.08
diverticulosis,polycystic ovary syndrome,0.0828182
diverticulosis,post traumatic stress disorder,0.06375
diverticulosis,prostate cancer,0.0501429
diverticulosis,psoriasis,0.0515714
diverticulosis,pulmonary embolism,0.021
diverticulosis,retinal detachment,0.0215
diverticulosis,rhabdomyolysis,0.045
diverticulosis,rheumatoid arthritis,0.0945
diverticulosis,sciatica,0.21625
diverticulosis,seasonal allergies,0.0208333
diverticulosis,sebaceous cyst,0.1015
diverticulosis,sepsis,0.04925
diverticulosis,shingles,0.12725
diverticulosis,sickle cell anemia,0.134125
diverticulosis,sinusitis,0.0571429
diverticulosis,sleep apnea,0.0303333
diverticulosis,spondylosis,0.0933333
diverticulosis,sprained ankle,0.1805
diverticulosis,sprained knee,0.16425
diverticulosis,sprained wrist,0.2945
diverticulosis,stomach flu,0.118429
diverticulosis,stomach ulcer,0.0756111
diverticulosis,strep throat,0.0982
diverticulosis,stroke,0.0288333
diverticulosis,tension headache,0.0938
diverticulosis,thoracic radiculopathy,0.404
diverticulosis,thyroid cancer,0.0532
diverticulosis,thyroid nodules,0.0695
diverticulosis,traumatic brain injury,0.04
diverticulosis,type 1 diabetes,0.0438333
diverticulosis,type 2 diabetes,0.019
diverticulosis,ulcerative colitis,0.0884643
diverticulosis,upper respiratory infection,0.071
diverticulosis,urinary tract infection,0.0387143
diverticulosis,vitamin d deficiency,0.0493333
drug withdrawal,ectopic pregnancy,0.0648
drug withdrawal,encephalitis,0.054
drug withdrawal,encephalopathy,0.0665
drug withdrawal,endometrial cancer,0.0331667
drug withdrawal,endometriosis,0.0778889
drug withdrawal,epididymitis,0.0453333
drug withdrawal,epilepsy,0.0667083
drug withdrawal,esophageal cancer,0.0458571
drug withdrawal,fibroids,0.066125
drug withdrawal,fibromyalgia,0.0507308
drug withdrawal,gallstones,0.0748333
drug withdrawal,gastritis,0.0751364
drug withdrawal,gastroparesis,0.09275
drug withdrawal,glaucoma,0.1015
drug withdrawal,goiter,0.028
drug withdrawal,gout,0.0116667
drug withdrawal,groin hernia,0.0377
drug withdrawal,heart attack,0.0570556
drug withdrawal,hepatitis a,0.0745
drug withdrawal,hepatitis b,0.04525
drug withdrawal,hepatitis c,0.0448214
drug withdrawal,hiatal hernia,0.074875
drug withdrawal,high blood pressure,0.109167
drug withdrawal,high cholesterol,0.0751
drug withdrawal,hiv/aids,0.0432143
drug withdrawal,hives,0.0115
drug withdrawal,hyperthyroidism,0.0490769
drug withdrawal,hypoglycemia,0.041
drug withdrawal,hyponatremia,0.04065
drug withdrawal,hypothyroidism,0.0383571
drug withdrawal,insect bites and stings,0.0115
drug withdrawal,iron deficiency anemia,0.0671429
drug withdrawal,irritable bowel syndrome,0.082625
drug withdrawal,kidney infection,0.0568889
drug withdrawal,kidney stone,0.0638
drug withdrawal,liver cancer,0.0491875
drug withdrawal,low back pain,0.0185
drug withdrawal,lung cancer,0.0191875
drug withdrawal,lupus,0.025
drug withdrawal,lyme disease,0.06275
drug withdrawal,major depression,0.058825
drug withdrawal,melanoma,0.0398333
drug withdrawal,meningitis,0.0431111
drug withdrawal,middle ear infection,0.0246667
drug withdrawal,migraine,0.0599167
drug withdrawal,miscarriage,0.108833
drug withdrawal,mono,0.0639167
drug withdrawal,multiple myeloma,0.0196429
drug withdrawal,multiple sclerosis,0.0133
drug withdrawal,myasthenia gravis,0.0355
drug withdrawal,neutropenia,0.0483333
drug withdrawal,obesity,0.05205
drug withdrawal,osteoarthritis,0.0671667
drug withdrawal,osteoporosis,0.084125
drug withdrawal,ovarian cancer,0.0501875
drug withdrawal,ovarian cyst,0.0736875
drug withdrawal,pancreatitis,0.098875
drug withdrawal,parkinson's disease,0.0157222
drug withdrawal,pink eye,0.024
drug withdrawal,plantar fasciitis,0.0105
drug withdrawal,pleural effusion,0.01625
drug withdrawal,pneumonia,0.028
drug withdrawal,pneumothorax,0.016
drug withdrawal,polycystic ovary syndrome,0.0773889
drug withdrawal,post traumatic stress disorder,0.0465385
drug withdrawal,prostate cancer,0.0151667
drug withdrawal,psoriasis,0.0565
drug withdrawal,psychosis,0.0407917
drug withdrawal,pulmonary embolism,0.024875
drug withdrawal,pulmonary hypertension,0.054625
drug withdrawal,retinal detachment,0.0165
drug withdrawal,rhabdomyolysis,0.0207222
drug withdrawal,rheumatoid arthritis,0.0412143
drug withdrawal,schizophrenia,0.0327727
drug withdrawal,sciatica,0.04
drug withdrawal,seasonal allergies,0.05225
drug withdrawal,sebaceous cyst,0.0215
drug withdrawal,sepsis,0.0268889
drug withdrawal,shingles,0.00775
drug withdrawal,sickle cell anemia,0.0387
drug withdrawal,sinusitis,0.0426
drug withdrawal,sleep apnea,0.04915
drug withdrawal,spondylosis,0.092375
drug withdrawal,sprained ankle,0.019
drug withdrawal,sprained knee,0.0146667
drug withdrawal,sprained wrist,0.0245
drug withdrawal,stomach flu,0.114818
drug withdrawal,stomach ulcer,0.0755
drug withdrawal,strep throat,0.0422857
drug withdrawal,stroke,0.0287
drug withdrawal,tension headache,0.0523333
drug withdrawal,thoracic radiculopathy,0.06975
drug withdrawal,thyroid cancer,0.0395833
drug withdrawal,thyroid nodules,0.026
drug withdrawal,traumatic brain injury,0.0281
drug withdrawal,type 1 diabetes,0.0371429
drug withdrawal,type 2 diabetes,0.008875
drug withdrawal,ulcerative colitis,0.0714444
drug withdrawal,upper respiratory infection,0.0434
drug withdrawal,urinary tract infection,0.0234375
drug withdrawal,vitamin d deficiency,0.0695
ectopic pregnancy,endometrial cancer,0.0783333
ectopic pregnancy,endometriosis,0.112937
ectopic pregnancy,epididymitis,0.111563
ectopic pregnancy,epilepsy,0.031
ectopic pregnancy,esophageal cancer,0.05775
ectopic pregnancy,fibroids,0.118393
ectopic pregnancy,fibromyalgia,0.100625
ectopic pregnancy,gallstones,0.148063
ectopic pregnancy,gastritis,0.145437
ectopic pregnancy,gastroparesis,0.184438
ectopic pregnancy,goiter,0.0525
ectopic pregnancy,gout,0.22075
ectopic pregnancy,groin hernia,0.107875
ectopic pregnancy,heart attack,0.0873333
ectopic pregnancy,hepatitis a,0.138583
ectopic pregnancy,hepatitis b,0.0466
ectopic pregnancy,hepatitis c,0.0934167
ectopic pregnancy,hiatal hernia,0.094
ectopic pregnancy,high blood pressure,0.0135
ectopic pregnancy,high cholesterol,0.04225
ectopic pregnancy,hiv/aids,0.050625
ectopic pregnancy,hyperthyroidism,0.049
ectopic pregnancy,hypoglycemia,0.01375
ectopic pregnancy,hyponatremia,0.039375
ectopic pregnancy,hypothyroidism,0.0259
ectopic pregnancy,iron deficiency anemia,0.0693333
ectopic pregnancy,irritable bowel syndrome,0.131778
ectopic pregnancy,kidney infection,0.109409
ectopic pregnancy,kidney stone,0.101545
ectopic pregnancy,liver cancer,0.1325
ectopic pregnancy,low back pain,0.196625
ectopic pregnancy,lung cancer,0.0435
ectopic pregnancy,lupus,0.100214
ectopic pregnancy,lyme disease,0.142667
ectopic pregnancy,major depression,0.016
ectopic pregnancy,melanoma,0.0396667
ectopic pregnancy,meningitis,0.1019
ectopic pregnancy,middle ear infection,0.1545
ectopic pregnancy,migraine,0.1364
ectopic pregnancy,miscarriage,0.140654
ectopic pregnancy,mono,0.1025
ectopic pregnancy,multiple myeloma,0.11675
ectopic pregnancy,multiple sclerosis,0.018875
ectopic pregnancy,neutropenia,0.06425
ectopic pregnancy,obesity,0.091
ectopic pregnancy,osteoarthritis,0.139167
ectopic pregnancy,osteoporosis,0.2065
ectopic pregnancy,ovarian cancer,0.120125
ectopic pregnancy,ovarian cyst,0.1312
ectopic pregnancy,pancreatitis,0.191071
ectopic pregnancy,parkinson's disease,0.029
ectopic pregnancy,pink eye,0.051
ectopic pregnancy,plantar fasciitis,0.28375
ectopic pregnancy,pneumonia,0.0215
ectopic pregnancy,pneumothorax,0.115667
ectopic pregnancy,polycystic ovary syndrome,0.112083
ectopic pregnancy,post traumatic stress disorder,0.0428333
ectopic pregnancy,prostate cancer,0.1068
ectopic pregnancy,psoriasis,0.0946
ectopic pregnancy,pulmonary embolism,0.019
ectopic pregnancy,pulmonary hypertension,0.0215
ectopic pregnancy,retinal detachment,0.019
ectopic pregnancy,rhabdomyolysis,0.0925
ectopic pregnancy,rheumatoid arthritis,0.19975
ectopic pregnancy,sciatica,0.266
ectopic pregnancy,seasonal allergies,0.0205
ectopic pregnancy,sebaceous cyst,0.188333
ectopic pregnancy,sepsis,0.0423333
ectopic pregnancy,shingles,0.214
ectopic pregnancy,sickle cell anemia,0.135833
ectopic pregnancy,sinusitis,0.0809167
ectopic pregnancy,sleep apnea,0.088
ectopic pregnancy,spondylosis,0.165
ectopic pregnancy,sprained ankle,0.197
ectopic pregnancy,sprained knee,0.1805
ectopic pregnancy,sprained wrist,0.2665
ectopic pregnancy,stomach flu,0.1741
ectopic pregnancy,stomach ulcer,0.113187
ectopic pregnancy,strep throat,0.109
ectopic pregnancy,stroke,0.011
ectopic pregnancy,tension headache,0.180833
ectopic pregnancy,thoracic radiculopathy,0.288167
ectopic pregnancy,thyroid cancer,0.0533333
ectopic pregnancy,thyroid nodules,0.1295
ectopic pregnancy,traumatic brain injury,0.0531
ectopic pregnancy,type 1 diabetes,0.052625
ectopic pregnancy,ulcerative colitis,0.1275
ectopic pregnancy,upper respiratory infection,0.0395
ectopic pregnancy,urinary tract infection,0.0331667
ectopic pregnancy,vitamin d deficiency,0.03375
encephalitis,encephalopathy,0.066375
encephalitis,endometrial cancer,0.04525
encephalitis,endometriosis,0.0225
encephalitis,epididymitis,0.043875
encephalitis,epilepsy,0.0705909
encephalitis,esophageal cancer,0.0524
encephalitis,fibroids,0.05275
encephalitis,fibromyalgia,0.0316364
encephalitis,gallstones,0.0375
encephalitis,gastritis,0.02375
encephalitis,gastroparesis,0.015
encephalitis,glaucoma,0.035625
encephalitis,goiter,0.0381667
encephalitis,gout,0.03875
encephalitis,heart attack,0.0201429
encephalitis,hepatitis a,0.0352143
encephalitis,hepatitis b,0.029375
encephalitis,hepatitis c,0.0404375
encephalitis,hiatal hernia,0.022
encephalitis,high blood pressure,0.040625
encephalitis,high cholesterol,0.029125
encephalitis,hiv/aids,0.0402917
encephalitis,hives,0.177
encephalitis,hyperthyroidism,0.0340625
encephalitis,hypoglycemia,0.0388182
encephalitis,hyponatremia,0.0537222
encephalitis,hypothyroidism,0.04
encephalitis,insect bites and stings,0.0628333
encephalitis,iron deficiency anemia,0.0376429
encephalitis,irritable bowel syndrome,0.0344
encephalitis,kidney infection,0.057
encephalitis,kidney stone,0.040625
encephalitis,liver cancer,0.0640714
encephalitis,low back pain,0.0263333
encephalitis,lung cancer,0.0466111
encephalitis,lupus,0.0381667
encephalitis,lyme disease,0.07205
encephalitis,major depression,0.0454286
encephalitis,melanoma,0.05875
encephalitis,meningitis,0.0800357
encephalitis,middle ear infection,0.054375
encephalitis,migraine,0.0515385
encephalitis,miscarriage,0.02
encephalitis,mono,0.0690556
encephalitis,multiple myeloma,0.0527857
encephalitis,multiple sclerosis,0.0428462
encephalitis,myasthenia gravis,0.0475
encephalitis,neutropenia,0.0864
encephalitis,obesity,0.0196667
encephalitis,osteoarthritis,0.0185
encephalitis,osteoporosis,0.024
encephalitis,ovarian cancer,0.0362857
encephalitis,ovarian cyst,0.037
encephalitis,pancreatitis,0.0335
encephalitis,parkinson's disease,0.0340417
encephalitis,pink eye,0.0426
encephalitis,plantar fasciitis,0.011
encephalitis,pleural effusion,0.0349167
encephalitis,pneumonia,0.0608125
encephalitis,pneumothorax,0.0481667
encephalitis,polycystic ovary syndrome,0.0508333
encephalitis,post traumatic stress disorder,0.0511429
encephalitis,prostate cancer,0.0365
encephalitis,psoriasis,0.0319167
encephalitis,psychosis,0.047625
encephalitis,pulmonary embolism,0.0195
encephalitis,pulmonary hypertension,0.02
encephalitis,retinal detachment,0.0523333
encephalitis,rhabdomyolysis,0.0393571
encephalitis,rheumatoid arthritis,0.03
encephalitis,schizophrenia,0.036375
encephalitis,sciatica,0.02675
encephalitis,seasonal allergies,0.035
encephalitis,sebaceous cyst,0.036
encephalitis,sepsis,0.0703889
encephalitis,shingles,0.0362222
encephalitis,sickle cell anemia,0.04425
encephalitis,sinusitis,0.0482222
encephalitis,sleep apnea,0.03625
encephalitis,spondylosis,0.0506667
encephalitis,sprained ankle,0.01
encephalitis,sprained knee,0.0135
encephalitis,stomach flu,0.04125
encephalitis,stomach ulcer,0.03775
encephalitis,strep throat,0.068
encephalitis,stroke,0.07095
encephalitis,tension headache,0.0887143
encephalitis,thoracic radiculopathy,0.078
encephalitis,thyroid cancer,0.0555833
encephalitis,thyroid nodules,0.0455
encephalitis,traumatic brain injury,0.05135
encephalitis,type 1 diabetes,0.0315
encephalitis,type 2 diabetes,0.0355
encephalitis,ulcerative colitis,0.0435
encephalitis,upper respiratory infection,0.0745
encephalitis,urinary tract infection,0.0509444
encephalitis,vitamin d deficiency,0.04275
encephalopathy,endometrial cancer,0.02575
encephalopathy,endometriosis,0.02425
encephalopathy,epididymitis,0.069
encephalopathy,epilepsy,0.0704615
encephalopathy,esophageal cancer,0.048375
encephalopathy,fibromyalgia,0.0387857
encephalopathy,gallstones,0.0335
encephalopathy,gastritis,0.0205
encephalopathy,gastroparesis,0.02225
encephalopathy,glaucoma,0.0215
encephalopathy,goiter,0.035
encephalopathy,gout,0.0195
encephalopathy,heart attack,0.0175
encephalopathy,hepatitis a,0.0399375
encephalopathy,hepatitis b,0.0355
encephalopathy,hepatitis c,0.0673889
encephalopathy,hiatal hernia,0.0266667
encephalopathy,high blood pressure,0.0263333
encephalopathy,high cholesterol,0.02925
encephalopathy,hiv/aids,0.0533636
encephalopathy,hyperthyroidism,0.0285833
encephalopathy,hypoglycemia,0.05485
encephalopathy,hyponatremia,0.0905833
encephalopathy,hypothyroidism,0.060375
encephalopathy,iron deficiency anemia,0.045
encephalopathy,irritable bowel syndrome,0.0348
encephalopathy,kidney infection,0.033
encephalopathy,kidney stone,0.0235
encephalopathy,liver cancer,0.0946429
encephalopathy,low back pain,0.0203333
encephalopathy,lung cancer,0.0795833
encephalopathy,lupus,0.028
encephalopathy,lyme disease,0.067
encephalopathy,major depression,0.07025
encephalopathy,melanoma,0.0908333
encephalopathy,meningitis,0.0742143
encephalopathy,middle ear infection,0.0345
encephalopathy,migraine,0.0605
encephalopathy,mono,0.063625
encephalopathy,multiple myeloma,0.1015
encephalopathy,multiple sclerosis,0.049
encephalopathy,myasthenia gravis,0.0418333
encephalopathy,neutropenia,0.053125
encephalopathy,obesity,0.026875
encephalopathy,osteoarthritis,0.0365
encephalopathy,osteoporosis,0.0298333
encephalopathy,ovarian cancer,0.0467
encephalopathy,pancreatitis,0.0195
encephalopathy,parkinson's disease,0.0420357
encephalopathy,pink eye,0.0285
encephalopathy,pleural effusion,0.0444
encephalopathy,pneumonia,0.0806667
encephalopathy,pneumothorax,0.0763333
encephalopathy,polycystic ovary syndrome,0.04175
encephalopathy,post traumatic stress disorder,0.0773333
encephalopathy,prostate cancer,0.0316
encephalopathy,psoriasis,0.041
encephalopathy,psychosis,0.0650455
encephalopathy,pulmonary embolism,0.03
encephalopathy,pulmonary hypertension,0.0218333
encephalopathy,rhabdomyolysis,0.0440625
encephalopathy,rheumatoid arthritis,0.0251667
encephalopathy,schizophrenia,0.0557222
encephalopathy,sciatica,0.02325
encephalopathy,seasonal allergies,0.0178333
encephalopathy,sepsis,0.0759375
encephalopathy,shingles,0.028375
encephalopathy,sickle cell anemia,0.03725
encephalopathy,sinusitis,0.034
encephalopathy,sleep apnea,0.0629444
encephalopathy,spondylosis,0.044375
encephalopathy,sprained ankle,0.018
encephalopathy,sprained knee,0.013
encephalopathy,sprained wrist,0.0345
encephalopathy,stomach flu,0.0306667
encephalopathy,stomach ulcer,0.0531667
encephalopathy,strep throat,0.0395
encephalopathy,stroke,0.0866875
encephalopathy,tension headache,0.0195
encephalopathy,thoracic radiculopathy,0.07825
encephalopathy,thyroid cancer,0.0408333
encephalopathy,traumatic brain injury,0.0643571
encephalopathy,type 1 diabetes,0.022
encephalopathy,type 2 diabetes,0.0690833
encephalopathy,ulcerative colitis,0.0318333
encephalopathy,upper respiratory infection,0.035
encephalopathy,urinary tract infection,0.0652143
encephalopathy,vitamin d deficiency,0.055375
endometrial cancer,endometriosis,0.065
endometrial cancer,epididymitis,0.0505
endometrial cancer,epilepsy,0.0245
endometrial cancer,esophageal cancer,0.04835
endometrial cancer,fibroids,0.08075
endometrial cancer,fibromyalgia,0.03575
endometrial cancer,gallstones,0.0782857
endometrial cancer,gastritis,0.0854286
endometrial cancer,gastroparesis,0.133667
endometrial cancer,glaucoma,0.0165
endometrial cancer,goiter,0.0365
endometrial cancer,gout,0.04
endometrial cancer,groin hernia,0.04
endometrial cancer,heart attack,0.0347
endometrial cancer,hepatitis a,0.0575
endometrial cancer,hepatitis b,0.0308125
endometrial cancer,hepatitis c,0.0338571
endometrial cancer,hiatal hernia,0.0482143
endometrial cancer,high blood pressure,0.01475
endometrial cancer,high cholesterol,0.0341667
endometrial cancer,hiv/aids,0.0316111
endometrial cancer,hyperthyroidism,0.0309375
endometrial cancer,hypoglycemia,0.019
endometrial cancer,hyponatremia,0.0410625
endometrial cancer,hypothyroidism,0.0258125
endometrial cancer,insect bites and stings,0.0435
endometrial cancer,iron deficiency anemia,0.0335714
endometrial cancer,irritable bowel syndrome,0.0805
endometrial cancer,kidney infection,0.0717857
endometrial cancer,kidney stone,0.0565833
endometrial cancer,liver cancer,0.05675
endometrial cancer,low back pain,0.0355
endometrial cancer,lung cancer,0.0371429
endometrial cancer,lupus,0.034375
endometrial cancer,lyme disease,0.0793
endometrial cancer,major depression,0.02375
endometrial cancer,melanoma,0.0473
endometrial cancer,meningitis,0.0696429
endometrial cancer,middle ear infection,0.069
endometrial cancer,migraine,0.0805
endometrial cancer,miscarriage,0.15075
endometrial cancer,mono,0.078
endometrial cancer,multiple myeloma,0.0320833
endometrial cancer,multiple sclerosis,0.032
endometrial cancer,myasthenia gravis,0.04725
endometrial cancer,neutropenia,0.0679375
endometrial cancer,obesity,0.0342
endometrial cancer,osteoarthritis,0.021
endometrial cancer,osteoporosis,0.02275
endometrial cancer,ovarian cancer,0.05395
endometrial cancer,ovarian cyst,0.069
endometrial cancer,pancreatitis,0.0906875
endometrial cancer,parkinson's disease,0.0253
endometrial cancer,pink eye,0.055
endometrial cancer,pleural effusion,0.030625
endometrial cancer,pneumonia,0.0525
endometrial cancer,polycystic ovary syndrome,0.0580833
endometrial cancer,post traumatic stress disorder,0.01775
endometrial cancer,prostate cancer,0.0300714
endometrial cancer,psoriasis,0.036375
endometrial cancer,psychosis,0.016
endometrial cancer,pulmonary hypertension,0.084
endometrial cancer,rhabdomyolysis,0.0271667
endometrial cancer,rheumatoid arthritis,0.0276
endometrial cancer,sciatica,0.02475
endometrial cancer,seasonal allergies,0.021
endometrial cancer,sepsis,0.0457143
endometrial cancer,shingles,0.020125
endometrial cancer,sickle cell anemia,0.0461667
endometrial cancer,sinusitis,0.0486
endometrial cancer,sleep apnea,0.022375
endometrial cancer,spondylosis,0.0665
endometrial cancer,stomach flu,0.11775
endometrial cancer,stomach ulcer,0.0522143
endometrial cancer,strep throat,0.06625
endometrial cancer,stroke,0.086
endometrial cancer,tension headache,0.07175
endometrial cancer,thoracic radiculopathy,0.1235
endometrial cancer,thyroid cancer,0.0464286
endometrial cancer,traumatic brain injury,0.041
endometrial cancer,type 1 diabetes,0.0299375
endometrial cancer,type 2 diabetes,0.0203333
endometrial cancer,ulcerative colitis,0.0659091
endometrial cancer,upper respiratory infection,0.0596667
endometrial cancer,urinary tract infection,0.0305
endometrial cancer,vitamin d deficiency,0.0348333
endometriosis,epididymitis,0.101333
endometriosis,epilepsy,0.029
endometriosis,esophageal cancer,0.0862857
endometriosis,fibroids,0.103563
endometriosis,fibromyalgia,0.077125
endometriosis,gallstones,0.114577
endometriosis,gastritis,0.119208
endometriosis,gastroparesis,0.1185
endometriosis,glaucoma,0.017
endometriosis,goiter,0.03425
endometriosis,gout,0.135
endometriosis,groin hernia,0.11295
endometriosis,heart attack,0.103643
endometriosis,hepatitis a,0.0981667
endometriosis,hepatitis b,0.04765
endometriosis,hepatitis c,0.08785
endometriosis,hiatal hernia,0.0963636
endometriosis,high blood pressure,0.0285
endometriosis,high cholesterol,0.0454
endometriosis,hiv/aids,0.0557
endometriosis,hyperthyroidism,0.0526111
endometriosis,hypoglycemia,0.0191
endometriosis,hyponatremia,0.0546875
endometriosis,hypothyroidism,0.0409
endometriosis,insect bites and stings,0.026
endometriosis,iron deficiency anemia,0.0566429
endometriosis,irritable bowel syndrome,0.103367
endometriosis,kidney infection,0.111688
endometriosis,kidney stone,0.108094
endometriosis,liver cancer,0.119722
endometriosis,low back pain,0.106333
endometriosis,lung cancer,0.0503
endometriosis,lupus,0.0807083
endometriosis,lyme disease,0.120667
endometriosis,major depression,0.0843333
endometriosis,melanoma,0.07175
endometriosis,meningitis,0.111929
endometriosis,middle ear infection,0.1205
endometriosis,migraine,0.115625
endometriosis,miscarriage,0.117667
endometriosis,mono,0.10955
endometriosis,multiple myeloma,0.0930833
endometriosis,multiple sclerosis,0.0315714
endometriosis,myasthenia gravis,0.03775
endometriosis,neutropenia,0.0861429
endometriosis,obesity,0.101167
endometriosis,osteoarthritis,0.1068
endometriosis,osteoporosis,0.116
endometriosis,ovarian cancer,0.102958
endometriosis,ovarian cyst,0.104975
endometriosis,pancreatitis,0.113433
endometriosis,parkinson's disease,0.02425
endometriosis,pink eye,0.038
endometriosis,plantar fasciitis,0.201
endometriosis,pleural effusion,0.01975
endometriosis,pneumonia,0.041875
endometriosis,pneumothorax,0.17175
endometriosis,polycystic ovary syndrome,0.107107
endometriosis,post traumatic stress disorder,0.1123
endometriosis,prostate cancer,0.0648889
endometriosis,psoriasis,0.0921875
endometriosis,psychosis,0.111
endometriosis,pulmonary embolism,0.02175
endometriosis,pulmonary hypertension,0.013
endometriosis,retinal detachment,0.015
endometriosis,rhabdomyolysis,0.0271667
endometriosis,rheumatoid arthritis,0.067
endometriosis,schizophrenia,0.0425
endometriosis,sciatica,0.11825
endometriosis,seasonal allergies,0.0172
endometriosis,sebaceous cyst,0.187
endometriosis,sepsis,0.0515
endometriosis,shingles,0.118125
endometriosis,sickle cell anemia,0.139214
endometriosis,sinusitis,0.0870625
endometriosis,sleep apnea,0.0412143
endometriosis,spondylosis,0.13425
endometriosis,sprained ankle,0.15525
endometriosis,sprained knee,0.14375
endometriosis,sprained wrist,0.27775
endometriosis,stomach flu,0.129969
endometriosis,stomach ulcer,0.11785
endometriosis,strep throat,0.1125
endometriosis,stroke,0.01
endometriosis,tension headache,0.216833
endometriosis,thoracic radiculopathy,0.171
endometriosis,thyroid cancer,0.0679167
endometriosis,thyroid nodules,0.17975
endometriosis,traumatic brain injury,0.08275
endometriosis,type 1 diabetes,0.0517778
endometriosis,type 2 diabetes,0.01075
endometriosis,ulcerative colitis,0.107656
endometriosis,upper respiratory infection,0.0312857
endometriosis,urinary tract infection,0.0465667
endometriosis,vitamin d deficiency,0.068375
epididymitis,epilepsy,0.06725
epididymitis,esophageal cancer,0.051375
epididymitis,fibroids,0.09905
epididymitis,fibromyalgia,0.0822
epididymitis,gallstones,0.11045
epididymitis,gastritis,0.158417
epididymitis,gastroparesis,0.174929
epididymitis,glaucoma,0.04925
epididymitis,goiter,0.0393333
epididymitis,gout,0.137429
epididymitis,groin hernia,0.131682
epididymitis,heart attack,0.1016
epididymitis,hepatitis a,0.119429
epididymitis,hepatitis b,0.0378
epididymitis,hepatitis c,0.0891667
epididymitis,hiatal hernia,0.113167
epididymitis,high cholesterol,0.0345
epididymitis,hiv/aids,0.0447
epididymitis,hives,0.107833
epididymitis,hyperthyroidism,0.067625
epididymitis,hyponatremia,0.0405
epididymitis,hypothyroidism,0.0249
epididymitis,insect bites and stings,0.095
epididymitis,iron deficiency anemia,0.034
epididymitis,irritable bowel syndrome,0.09065
epididymitis,kidney infection,0.130885
epididymitis,kidney stone,0.106639
epididymitis,liver cancer,0.117583
epididymitis,low back pain,0.1215
epididymitis,lung cancer,0.038
epididymitis,lupus,0.0928889
epididymitis,lyme disease,0.101357
epididymitis,major depression,0.03775
epididymitis,melanoma,0.0375
epididymitis,meningitis,0.1325
epididymitis,middle ear infection,0.09025
epididymitis,migraine,0.1385
epididymitis,miscarriage,0.0659444
epididymitis,mono,0.1209
epididymitis,multiple myeloma,0.134333
epididymitis,multiple sclerosis,0.043
epididymitis,myasthenia gravis,0.053
epididymitis,neutropenia,0.0861
epididymitis,obesity,0.101375
epididymitis,osteoarthritis,0.206667
epididymitis,osteoporosis,0.3765
epididymitis,ovarian cancer,0.109187
epididymitis,ovarian cyst,0.119875
epididymitis,pancreatitis,0.127556
epididymitis,parkinson's disease,0.0468333
epididymitis,pink eye,0.0980833
epididymitis,plantar fasciitis,0.149417
epididymitis,pleural effusion,0.04325
epididymitis,pneumonia,0.0866667
epididymitis,pneumothorax,0.137
epididymitis,polycystic ovary syndrome,0.121571
epididymitis,prostate cancer,0.0865833
epididymitis,psoriasis,0.0842778
epididymitis,pulmonary embolism,0.0637
epididymitis,pulmonary hypertension,0.03625
epididymitis,retinal detachment,0.029
epididymitis,rhabdomyolysis,0.099
epididymitis,rheumatoid arthritis,0.123
epididymitis,sciatica,0.1555
epididymitis,seasonal allergies,0.069375
epididymitis,sebaceous cyst,0.142714
epididymitis,sepsis,0.0697
epididymitis,shingles,0.1385
epididymitis,sickle cell anemia,0.105187
epididymitis,sinusitis,0.0987857
epididymitis,sleep apnea,0.0341667
epididymitis,spondylosis,0.174667
epididymitis,sprained ankle,0.2102
epididymitis,sprained knee,0.1742
epididymitis,sprained wrist,0.298
epididymitis,stomach flu,0.151778
epididymitis,stomach ulcer,0.1363
epididymitis,strep throat,0.131056
epididymitis,tension headache,0.1825
epididymitis,thoracic radiculopathy,0.1815
epididymitis,thyroid cancer,0.046625
epididymitis,thyroid nodules,0.142125
epididymitis,traumatic brain injury,0.0555
epididymitis,type 1 diabetes,0.0403333
epididymitis,type 2 diabetes,0.043
epididymitis,ulcerative colitis,0.1031
epididymitis,upper respiratory infection,0.0777
epididymitis,urinary tract infection,0.0503846
epididymitis,vitamin d deficiency,0.04525
epilepsy,esophageal cancer,0.041
epilepsy,fibroids,0.03125
epilepsy,fibromyalgia,0.0335
epilepsy,gallstones,0.025
epilepsy,gastritis,0.0238
epilepsy,gastroparesis,0.0221
epilepsy,glaucoma,0.02725
epilepsy,goiter,0.0281667
epilepsy,gout,0.01325
epilepsy,groin hernia,0.0115
epilepsy,heart attack,0.022125
epilepsy,hepatitis a,0.0253333
epilepsy,hepatitis b,0.0246667
epilepsy,hepatitis c,0.0331429
epilepsy,hiatal hernia,0.0252857
epilepsy,high blood pressure,0.0325714
epilepsy,high cholesterol,0.026
epilepsy,hiv/aids,0.0562273
epilepsy,hyperthyroidism,0.0297727
epilepsy,hypoglycemia,0.0488462
epilepsy,hyponatremia,0.0741875
epilepsy,hypothyroidism,0.0496667
epilepsy,iron deficiency anemia,0.037375
epilepsy,irritable bowel syndrome,0.0765
epilepsy,kidney infection,0.0281667
epilepsy,kidney stone,0.0155
epilepsy,liver cancer,0.03875
epilepsy,low back pain,0.0263
epilepsy,lung cancer,0.0303333
epilepsy,lupus,0.0554375
epilepsy,lyme disease,0.0619
epilepsy,major depression,0.112
epilepsy,melanoma,0.0916667
epilepsy,meningitis,0.09525
epilepsy,middle ear infection,0.0265
epilepsy,migraine,0.08065
epilepsy,miscarriage,0.022
epilepsy,mono,0.0347857
epilepsy,multiple myeloma,0.0299
epilepsy,multiple sclerosis,0.0391875
epilepsy,myasthenia gravis,0.039
epilepsy,neutropenia,0.0441667
epilepsy,obesity,0.0281667
epilepsy,osteoarthritis,0.0315833
epilepsy,osteoporosis,0.03725
epilepsy,ovarian cancer,0.0225
epilepsy,ovarian cyst,0.04075
epilepsy,pancreatitis,0.0248333
epilepsy,parkinson's disease,0.0200667
epilepsy,pink eye,0.02575
epilepsy,plantar fasciitis,0.0325
epilepsy,pleural effusion,0.0248333
epilepsy,pneumonia,0.0287143
epilepsy,pneumothorax,0.09
epilepsy,polycystic ovary syndrome,0.0399167
epilepsy,post traumatic stress disorder,0.110556
epilepsy,prostate cancer,0.0228333
epilepsy,psoriasis,0.042875
epilepsy,psychosis,0.07825
epilepsy,pulmonary embolism,0.02275
epilepsy,pulmonary hypertension,0.0241667
epilepsy,retinal detachment,0.03225
epilepsy,rhabdomyolysis,0.087
epilepsy,rheumatoid arthritis,0.0203571
epilepsy,schizophrenia,0.0565
epilepsy,sciatica,0.022375
epilepsy,seasonal allergies,0.0312
epilepsy,sebaceous cyst,0.027
epilepsy,sepsis,0.0486429
epilepsy,shingles,0.0221667
epilepsy,sickle cell anemia,0.17075
epilepsy,sinusitis,0.0409
epilepsy,sleep apnea,0.0599
epilepsy,spondylosis,0.0412778
epilepsy,sprained ankle,0.028
epilepsy,sprained knee,0.017
epilepsy,sprained wrist,0.03925
epilepsy,stomach flu,0.023
epilepsy,stomach ulcer,0.0997
epilepsy,strep throat,0.0315
epilepsy,stroke,0.0672083
epilepsy,tension headache,0.0966
epilepsy,thoracic radiculopathy,0.051625
epilepsy,thyroid cancer,0.04125
epilepsy,thyroid nodules,0.0335
epilepsy,traumatic brain injury,0.0528462
epilepsy,type 1 diabetes,0.0201
epilepsy,type 2 diabetes,0.0192857
epilepsy,ulcerative colitis,0.01575
epilepsy,upper respiratory infection,0.02875
epilepsy,urinary tract infection,0.0194
epilepsy,vitamin d deficiency,0.076625
esophageal cancer,fibroids,0.0601
esophageal cancer,fibromyalgia,0.0448
esophageal cancer,gallstones,0.0612778
esophageal cancer,gastritis,0.0847143
esophageal cancer,gastroparesis,0.114688
esophageal cancer,glaucoma,0.04
esophageal cancer,goiter,0.05225
esophageal cancer,gout,0.0345
esophageal cancer,groin hernia,0.0558
esophageal cancer,heart attack,0.0462857
esophageal cancer,hepatitis a,0.0659545
esophageal cancer,hepatitis b,0.0346667
esophageal cancer,hepatitis c,0.0368
esophageal cancer,hiatal hernia,0.058625
esophageal cancer,high blood pressure,0.037
esophageal cancer,high cholesterol,0.054
esophageal cancer,hiv/aids,0.042
esophageal cancer,hives,0.0441667
esophageal cancer,hyperthyroidism,0.0438846
esophageal cancer,hypoglycemia,0.0302857
esophageal cancer,hyponatremia,0.0455385
esophageal cancer,hypothyroidism,0.0331538
esophageal cancer,insect bites and stings,0.0413333
esophageal cancer,iron deficiency anemia,0.0436667
esophageal cancer,irritable bowel syndrome,0.0829375
esophageal cancer,kidney infection,0.0634583
esophageal cancer,kidney stone,0.052375
esophageal cancer,liver cancer,0.059
esophageal cancer,low back pain,0.14475
esophageal cancer,lung cancer,0.04525
esophageal cancer,lupus,0.0453182
esophageal cancer,lyme disease,0.0735714
esophageal cancer,major depression,0.023
esophageal cancer,melanoma,0.0595
esophageal cancer,meningitis,0.0681
esophageal cancer,middle ear infection,0.0445
esophageal cancer,migraine,0.077
esophageal cancer,miscarriage,0.0626667
esophageal cancer,mono,0.0771667
esophageal cancer,multiple myeloma,0.03945
esophageal cancer,multiple sclerosis,0.0343182
esophageal cancer,myasthenia gravis,0.067
esophageal cancer,neutropenia,0.07435
esophageal cancer,obesity,0.043
esophageal cancer,osteoarthritis,0.0215
esophageal cancer,osteoporosis,0.0445
esophageal cancer,ovarian cancer,0.0639091
esophageal cancer,ovarian cyst,0.0860833
esophageal cancer,pancreatitis,0.0770556
esophageal cancer,parkinson's disease,0.0312273
esophageal cancer,pink eye,0.0893333
esophageal cancer,plantar fasciitis,0.0095
esophageal cancer,pleural effusion,0.0620833
esophageal cancer,pneumonia,0.0675
esophageal cancer,pneumothorax,0.0411
esophageal cancer,polycystic ovary syndrome,0.0733
esophageal cancer,post traumatic stress disorder,0.023
esophageal cancer,prostate cancer,0.0371875
esophageal cancer,psoriasis,0.0344167
esophageal cancer,psychosis,0.0251667
esophageal cancer,pulmonary embolism,0.0635
esophageal cancer,pulmonary hypertension,0.0555
esophageal cancer,retinal detachment,0.036
esophageal cancer,rhabdomyolysis,0.0473
esophageal cancer,rheumatoid arthritis,0.0323333
esophageal cancer,schizophrenia,0.02575
esophageal cancer,sciatica,0.0885
esophageal cancer,seasonal allergies,0.047125
esophageal cancer,sebaceous cyst,0.04925
esophageal cancer,sepsis,0.0514643
esophageal cancer,shingles,0.0328333
esophageal cancer,sickle cell anemia,0.043
esophageal cancer,sinusitis,0.04365
esophageal cancer,sleep apnea,0.0380833
esophageal cancer,spondylosis,0.0835
esophageal cancer,stomach flu,0.0944667
esophageal cancer,stomach ulcer,0.0576429
esophageal cancer,strep throat,0.06845
esophageal cancer,stroke,0.072625
esophageal cancer,tension headache,0.0815
esophageal cancer,thoracic radiculopathy,0.20525
esophageal cancer,thyroid cancer,0.058
esophageal cancer,thyroid nodules,0.04625
esophageal cancer,traumatic brain injury,0.042625
esophageal cancer,type 1 diabetes,0.0385455
esophageal cancer,type 2 diabetes,0.029
esophageal cancer,ulcerative colitis,0.07025
esophageal cancer,upper respiratory infection,0.0862857
esophageal cancer,urinary tract infection,0.0318214
esophageal cancer,vitamin d deficiency,0.0411
fibroids,fibromyalgia,0.08055
fibroids,gallstones,0.126167
fibroids,gastritis,0.113222
fibroids,gastroparesis,0.143375
fibroids,goiter,0.0376667
fibroids,gout,0.109875
fibroids,groin hernia,0.1035
fibroids,heart attack,0.0973
fibroids,hepatitis a,0.126667
fibroids,hepatitis b,0.0422857
fibroids,hepatitis c,0.1008
fibroids,hiatal hernia,0.0955714
fibroids,high blood pressure,0.028
fibroids,high cholesterol,0.0425
fibroids,hiv/aids,0.0514
fibroids,hyperthyroidism,0.0501
fibroids,hypoglycemia,0.021
fibroids,hyponatremia,0.0417
fibroids,hypothyroidism,0.0314167
fibroids,insect bites and stings,0.0275
fibroids,iron deficiency anemia,0.0535833
fibroids,irritable bowel syndrome,0.111167
fibroids,kidney infection,0.121045
fibroids,kidney stone,0.094125
fibroids,liver cancer,0.1367
fibroids,low back pain,0.138375
fibroids,lung cancer,0.039
fibroids,lupus,0.082875
fibroids,lyme disease,0.0958333
fibroids,major depression,0.022375
fibroids,melanoma,0.05375
fibroids,meningitis,0.1335
fibroids,middle ear infection,0.0755
fibroids,migraine,0.1288
fibroids,miscarriage,0.1177
fibroids,mono,0.116571
fibroids,multiple myeloma,0.085
fibroids,multiple sclerosis,0.0225
fibroids,myasthenia gravis,0.0245
fibroids,neutropenia,0.110375
fibroids,obesity,0.1116
fibroids,osteoarthritis,0.122
fibroids,osteoporosis,0.16375
fibroids,ovarian cancer,0.100333
fibroids,ovarian cyst,0.110324
fibroids,pancreatitis,0.1495
fibroids,parkinson's disease,0.0275
fibroids,pink eye,0.0415
fibroids,plantar fasciitis,0.25975
fibroids,pleural effusion,0.026
fibroids,pneumonia,0.09325
fibroids,pneumothorax,0.13975
fibroids,polycystic ovary syndrome,0.107958
fibroids,post traumatic stress disorder,0.075
fibroids,prostate cancer,0.077
fibroids,psoriasis,0.0684286
fibroids,pulmonary embolism,0.0285
fibroids,retinal detachment,0.023
fibroids,rhabdomyolysis,0.0645
fibroids,rheumatoid arthritis,0.127667
fibroids,sciatica,0.197
fibroids,seasonal allergies,0.0266667
fibroids,sebaceous cyst,0.168333
fibroids,sepsis,0.0941667
fibroids,shingles,0.3505
fibroids,sickle cell anemia,0.1458
fibroids,sinusitis,0.0753125
fibroids,sleep apnea,0.04
fibroids,spondylosis,0.1415
fibroids,sprained ankle,0.182333
fibroids,sprained knee,0.165833
fibroids,sprained wrist,0.2425
fibroids,stomach flu,0.106769
fibroids,stomach ulcer,0.104938
fibroids,strep throat,0.1556
fibroids,stroke,0.03825
fibroids,tension headache,0.1246
fibroids,thoracic radiculopathy,0.28525
fibroids,thyroid cancer,0.0565
fibroids,thyroid nodules,0.110167
fibroids,traumatic brain injury,0.0648
fibroids,type 1 diabetes,0.0414167
fibroids,type 2 diabetes,0.0215
fibroids,ulcerative colitis,0.104667
fibroids,upper respiratory infection,0.06775
fibroids,urinary tract infection,0.0451818
fibroids,vitamin d deficiency,0.0295
fibromyalgia,gallstones,0.0917727
fibromyalgia,gastritis,0.086375
fibromyalgia,gastroparesis,0.0816333
fibromyalgia,glaucoma,0.0411
fibromyalgia,goiter,0.0285
fibromyalgia,gout,0.0525
fibromyalgia,groin hernia,0.085375
fibromyalgia,heart attack,0.0481875
fibromyalgia,hepatitis a,0.0711154
fibromyalgia,hepatitis b,0.0297059
fibromyalgia,hepatitis c,0.0541071
fibromyalgia,hiatal hernia,0.06
fibromyalgia,high blood pressure,0.0473333
fibromyalgia,high cholesterol,0.041875
fibromyalgia,hiv/aids,0.0353
fibromyalgia,hives,0.0105
fibromyalgia,hyperthyroidism,0.0315312
fibromyalgia,hypoglycemia,0.0314375
fibromyalgia,hyponatremia,0.039
fibromyalgia,hypothyroidism,0.0259167
fibromyalgia,insect bites and stings,0.016375
fibromyalgia,iron deficiency anemia,0.0471
fibromyalgia,irritable bowel syndrome,0.0722353
fibromyalgia,kidney infection,0.0852353
fibromyalgia,kidney stone,0.0843571
fibromyalgia,liver cancer,0.0690455
fibromyalgia,low back pain,0.0683929
fibromyalgia,lung cancer,0.0313182
fibromyalgia,lupus,0.0436
fibromyalgia,lyme disease,0.0731538
fibromyalgia,major depression,0.0934375
fibromyalgia,melanoma,0.0400625
fibromyalgia,meningitis,0.0832667
fibromyalgia,middle ear infection,0.0532857
fibromyalgia,migraine,0.0727941
fibromyalgia,miscarriage,0.0649286
fibromyalgia,mono,0.0758571
fibromyalgia,multiple myeloma,0.0458333
fibromyalgia,multiple sclerosis,0.0203125
fibromyalgia,myasthenia gravis,0.041
fibromyalgia,neutropenia,0.0668333
fibromyalgia,obesity,0.0527667
fibromyalgia,osteoarthritis,0.0538571
fibromyalgia,osteoporosis,0.0580833
fibromyalgia,ovarian cancer,0.0578333
fibromyalgia,ovarian cyst,0.0934231
fibromyalgia,pancreatitis,0.0974615
fibromyalgia,parkinson's disease,0.01715
fibromyalgia,pink eye,0.0273333
fibromyalgia,plantar fasciitis,0.1002
fibromyalgia,pleural effusion,0.0243
fibromyalgia,pneumonia,0.0468571
fibromyalgia,pneumothorax,0.054
fibromyalgia,polycystic ovary syndrome,0.0851667
fibromyalgia,post traumatic stress disorder,0.0886667
fibromyalgia,prostate cancer,0.0391538
fibromyalgia,psoriasis,0.0576818
fibromyalgia,psychosis,0.0837
fibromyalgia,pulmonary embolism,0.0219167
fibromyalgia,pulmonary hypertension,0.0393
fibromyalgia,retinal detachment,0.024375
fibromyalgia,rhabdomyolysis,0.0248333
fibromyalgia,rheumatoid arthritis,0.0468929
fibromyalgia,schizophrenia,0.059875
fibromyalgia,sciatica,0.0679063
fibromyalgia,seasonal allergies,0.0332222
fibromyalgia,sebaceous cyst,0.107833
fibromyalgia,sepsis,0.0431111
fibromyalgia,shingles,0.0489545
fibromyalgia,sickle cell anemia,0.0748462
fibromyalgia,sinusitis,0.0475
fibromyalgia,sleep apnea,0.0377
fibromyalgia,spondylosis,0.0637187
fibromyalgia,sprained ankle,0.1034
fibromyalgia,sprained knee,0.0933125
fibromyalgia,sprained wrist,0.0850833
fibromyalgia,stomach flu,0.0848889
fibromyalgia,stomach ulcer,0.0912222
fibromyalgia,strep throat,0.0806364
fibromyalgia,stroke,0.0514286
fibromyalgia,tension headache,0.1065
fibromyalgia,thoracic radiculopathy,0.108769
fibromyalgia,thyroid cancer,0.04075
fibromyalgia,thyroid nodules,0.06725
fibromyalgia,traumatic brain injury,0.0324444
fibromyalgia,type 1 diabetes,0.0276818
fibromyalgia,type 2 diabetes,0.017
fibromyalgia,ulcerative colitis,0.0849286
fibromyalgia,upper respiratory infection,0.0367
fibromyalgia,urinary tract infection,0.0228889
fibromyalgia,vitamin d deficiency,0.050375
gallstones,gastritis,0.127708
gallstones,gastroparesis,0.136769
gallstones,goiter,0.03225
gallstones,gout,0.136875
gallstones,groin hernia,0.123833
gallstones,heart attack,0.112357
gallstones,hepatitis a,0.11175
gallstones,hepatitis b,0.053
gallstones,hepatitis c,0.107438
gallstones,hiatal hernia,0.1094
gallstones,high cholesterol,0.085
gallstones,hiv/aids,0.0669286
gallstones,hyperthyroidism,0.0761
gallstones,hypoglycemia,0.01275
gallstones,hyponatremia,0.0566667
gallstones,hypothyroidism,0.0489167
gallstones,insect bites and stings,0.029
gallstones,iron deficiency anemia,0.083
gallstones,irritable bowel syndrome,0.121273
gallstones,kidney infection,0.156182
gallstones,kidney stone,0.113536
gallstones,liver cancer,0.11395
gallstones,low back pain,0.1314
gallstones,lung cancer,0.057375
gallstones,lupus,0.102722
gallstones,lyme disease,0.1472
gallstones,major depression,0.0155
gallstones,melanoma,0.11825
gallstones,meningitis,0.157917
gallstones,middle ear infection,0.117
gallstones,migraine,0.151583
gallstones,miscarriage,0.126083
gallstones,mono,0.121444
gallstones,multiple myeloma,0.102667
gallstones,multiple sclerosis,0.0147
gallstones,myasthenia gravis,0.017
gallstones,neutropenia,0.114917
gallstones,obesity,0.126
gallstones,osteoarthritis,0.1545
gallstones,osteoporosis,0.22
gallstones,ovarian cancer,0.12075
gallstones,ovarian cyst,0.140667
gallstones,pancreatitis,0.113375
gallstones,parkinson's disease,0.02075
gallstones,pink eye,0.0401667
gallstones,plantar fasciitis,0.211167
gallstones,pleural effusion,0.023
gallstones,pneumonia,0.0693333
gallstones,pneumothorax,0.19625
gallstones,polycystic ovary syndrome,0.14425
gallstones,post traumatic stress disorder,0.0501667
gallstones,prostate cancer,0.09575
gallstones,psoriasis,0.118083
gallstones,pulmonary embolism,0.028
gallstones,retinal detachment,0.016
gallstones,rhabdomyolysis,0.0355
gallstones,rheumatoid arthritis,0.132125
gallstones,sciatica,0.1426
gallstones,seasonal allergies,0.0285
gallstones,sebaceous cyst,0.198167
gallstones,sepsis,0.0829
gallstones,shingles,0.2475
gallstones,sickle cell anemia,0.159
gallstones,sinusitis,0.105929
gallstones,sleep apnea,0.0533333
gallstones,spondylosis,0.24625
gallstones,sprained ankle,0.163125
gallstones,sprained knee,0.151625
gallstones,sprained wrist,0.295
gallstones,stomach flu,0.1475
gallstones,stomach ulcer,0.142063
gallstones,strep throat,0.151
gallstones,tension headache,0.235667
gallstones,thoracic radiculopathy,0.17875
gallstones,thyroid cancer,0.0754
gallstones,thyroid nodules,0.20425
gallstones,traumatic brain injury,0.0905
gallstones,type 1 diabetes,0.0716667
gallstones,ulcerative colitis,0.14665
gallstones,upper respiratory infection,0.06175
gallstones,urinary tract infection,0.04785
gallstones,vitamin d deficiency,0.0565
gastritis,gastroparesis,0.118033
gastritis,glaucoma,0.017
gastritis,goiter,0.03025
gastritis,gout,0.132333
gastritis,groin hernia,0.115667
gastritis,heart attack,0.0782273
gastritis,hepatitis a,0.1159
gastritis,hepatitis b,0.0466
gastritis,hepatitis c,0.0938333
gastritis,hiatal hernia,0.0856923
gastritis,high blood pressure,0.025
gastritis,high cholesterol,0.04325
gastritis,hiv/aids,0.063
gastritis,hyperthyroidism,0.0613889
gastritis,hypoglycemia,0.01775
gastritis,hyponatremia,0.05725
gastritis,hypothyroidism,0.0428636
gastritis,insect bites and stings,0.033
gastritis,iron deficiency anemia,0.0478571
gastritis,irritable bowel syndrome,0.103107
gastritis,kidney infection,0.145556
gastritis,kidney stone,0.134556
gastritis,liver cancer,0.138357
gastritis,low back pain,0.168333
gastritis,lung cancer,0.053375
gastritis,lupus,0.0918333
gastritis,lyme disease,0.1131
gastritis,major depression,0.1025
gastritis,melanoma,0.0981667
gastritis,meningitis,0.121167
gastritis,middle ear infection,0.079875
gastritis,migraine,0.106278
gastritis,miscarriage,0.141167
gastritis,mono,0.110937
gastritis,multiple myeloma,0.0912
gastritis,multiple sclerosis,0.0196
gastritis,myasthenia gravis,0.0205
gastritis,neutropenia,0.1103
gastritis,obesity,0.08775
gastritis,osteoarthritis,0.0745833
gastritis,osteoporosis,0.0795
gastritis,ovarian cancer,0.1116
gastritis,ovarian cyst,0.138227
gastritis,pancreatitis,0.123857
gastritis,parkinson's disease,0.01375
gastritis,pink eye,0.04525
gastritis,plantar fasciitis,0.24775
gastritis,pneumonia,0.05775
gastritis,pneumothorax,0.13875
gastritis,polycystic ovary syndrome,0.103
gastritis,post traumatic stress disorder,0.1387
gastritis,prostate cancer,0.0828
gastritis,psoriasis,0.0858125
gastritis,psychosis,0.07075
gastritis,pulmonary embolism,0.029
gastritis,pulmonary hypertension,0.013
gastritis,retinal detachment,0.0225
gastritis,rhabdomyolysis,0.0255
gastritis,rheumatoid arthritis,0.0852
gastritis,schizophrenia,0.037
gastritis,sciatica,0.187667
gastritis,seasonal allergies,0.0208333
gastritis,sebaceous cyst,0.15925
gastritis,sepsis,0.07775
gastritis,shingles,0.17875
gastritis,sickle cell anemia,0.1709
gastritis,sinusitis,0.088
gastritis,sleep apnea,0.0440833
gastritis,spondylosis,0.082
gastritis,sprained ankle,0.174167
gastritis,sprained knee,0.157667
gastritis,sprained wrist,0.2305
gastritis,stomach flu,0.129219
gastritis,stomach ulcer,0.103583
gastritis,strep throat,0.135
gastritis,stroke,0.046
gastritis,tension headache,0.1359
gastritis,thoracic radiculopathy,0.27325
gastritis,thyroid cancer,0.0874
gastritis,thyroid nodules,0.106667
gastritis,traumatic brain injury,0.08625
gastritis,type 1 diabetes,0.0688571
gastritis,type 2 diabetes,0.013
gastritis,ulcerative colitis,0.128273
gastritis,upper respiratory infection,0.056
gastritis,urinary tract infection,0.0567857
gastritis,vitamin d deficiency,0.0581429
gastroparesis,glaucoma,0.01875
gastroparesis,goiter,0.0185
gastroparesis,gout,0.123
gastroparesis,groin hernia,0.148278
gastroparesis,heart attack,0.115722
gastroparesis,hepatitis a,0.129773
gastroparesis,hepatitis b,0.06575
gastroparesis,hepatitis c,0.128833
gastroparesis,hiatal hernia,0.104
gastroparesis,high blood pressure,0.0261667
gastroparesis,high cholesterol,0.0647
gastroparesis,hiv/aids,0.0922222
gastroparesis,hyperthyroidism,0.08545
gastroparesis,hypoglycemia,0.0146667
gastroparesis,hyponatremia,0.08225
gastroparesis,hypothyroidism,0.0658
gastroparesis,insect bites and stings,0.0135
gastroparesis,iron deficiency anemia,0.0765
gastroparesis,irritable bowel syndrome,0.11325
gastroparesis,kidney infection,0.142346
gastroparesis,kidney stone,0.1755
gastroparesis,liver cancer,0.146944
gastroparesis,low back pain,0.137375
gastroparesis,lung cancer,0.0601
gastroparesis,lupus,0.107727
gastroparesis,lyme disease,0.163125
gastroparesis,major depression,0.078375
gastroparesis,melanoma,0.26575
gastroparesis,meningitis,0.1942
gastroparesis,middle ear infection,0.107333
gastroparesis,migraine,0.11975
gastroparesis,miscarriage,0.2011
gastroparesis,mono,0.128
gastroparesis,multiple myeloma,0.103
gastroparesis,multiple sclerosis,0.020375
gastroparesis,myasthenia gravis,0.04425
gastroparesis,neutropenia,0.1633
gastroparesis,obesity,0.11855
gastroparesis,osteoarthritis,0.0811667
gastroparesis,osteoporosis,0.0888
gastroparesis,ovarian cancer,0.119542
gastroparesis,ovarian cyst,0.140731
gastroparesis,pancreatitis,0.127063
gastroparesis,parkinson's disease,0.0135
gastroparesis,pink eye,0.03075
gastroparesis,plantar fasciitis,0.2685
gastroparesis,pneumonia,0.0321667
gastroparesis,pneumothorax,0.11
gastroparesis,polycystic ovary syndrome,0.136864
gastroparesis,post traumatic stress disorder,0.09575
gastroparesis,prostate cancer,0.0968
gastroparesis,psoriasis,0.105313
gastroparesis,psychosis,0.0529167
gastroparesis,pulmonary embolism,0.0215
gastroparesis,pulmonary hypertension,0.01475
gastroparesis,retinal detachment,0.016
gastroparesis,rhabdomyolysis,0.02025
gastroparesis,rheumatoid arthritis,0.0698571
gastroparesis,schizophrenia,0.0261
gastroparesis,sciatica,0.107667
gastroparesis,seasonal allergies,0.0168
gastroparesis,sebaceous cyst,0.125333
gastroparesis,sepsis,0.09025
gastroparesis,shingles,0.2075
gastroparesis,sickle cell anemia,0.2321
gastroparesis,sinusitis,0.11125
gastroparesis,sleep apnea,0.0578
gastroparesis,spondylosis,0.1013
gastroparesis,sprained ankle,0.184833
gastroparesis,sprained knee,0.168333
gastroparesis,sprained wrist,0.25125
gastroparesis,stomach flu,0.124211
gastroparesis,stomach ulcer,0.14535
gastroparesis,strep throat,0.177083
gastroparesis,tension headache,0.183
gastroparesis,thoracic radiculopathy,0.199667
gastroparesis,thyroid cancer,0.155375
gastroparesis,thyroid nodules,0.16625
gastroparesis,traumatic brain injury,0.184
gastroparesis,type 1 diabetes,0.122917
gastroparesis,ulcerative colitis,0.142269
gastroparesis,upper respiratory infection,0.034625
gastroparesis,urinary tract infection,0.053
gastroparesis,vitamin d deficiency,0.0778571
glaucoma,goiter,0.035
glaucoma,gout,0.04275
glaucoma,heart attack,0.01475
glaucoma,hepatitis a,0.0175
glaucoma,hepatitis b,0.017125
glaucoma,hepatitis c,0.0333333
glaucoma,hiatal hernia,0.021875
glaucoma,high blood pressure,0.026
glaucoma,high cholesterol,0.020625
glaucoma,hiv/aids,0.03075
glaucoma,hives,0.0645
glaucoma,hyperthyroidism,0.0215833
glaucoma,hypoglycemia,0.0221
glaucoma,hyponatremia,0.061
glaucoma,hypothyroidism,0.0205
glaucoma,insect bites and stings,0.106
glaucoma,iron deficiency anemia,0.038
glaucoma,irritable bowel syndrome,0.032625
glaucoma,kidney infection,0.02775
glaucoma,kidney stone,0.0115
glaucoma,liver cancer,0.0455
glaucoma,low back pain,0.034
glaucoma,lung cancer,0.0345
glaucoma,lupus,0.0223333
glaucoma,lyme disease,0.0527
glaucoma,major depression,0.152
glaucoma,melanoma,0.064
glaucoma,meningitis,0.0998333
glaucoma,middle ear infection,0.0293333
glaucoma,migraine,0.0555714
glaucoma,mono,0.0315
glaucoma,multiple myeloma,0.0335
glaucoma,multiple sclerosis,0.0352
glaucoma,myasthenia gravis,0.0423333
glaucoma,neutropenia,0.03675
glaucoma,obesity,0.0217
glaucoma,osteoarthritis,0.0373333
glaucoma,osteoporosis,0.0275
glaucoma,ovarian cancer,0.02425
glaucoma,pancreatitis,0.0135
glaucoma,parkinson's disease,0.0226667
glaucoma,pink eye,0.0873333
glaucoma,plantar fasciitis,0.0195
glaucoma,pleural effusion,0.02
glaucoma,pneumonia,0.027
glaucoma,pneumothorax,0.0125
glaucoma,polycystic ovary syndrome,0.0378333
glaucoma,post traumatic stress disorder,0.1095
glaucoma,prostate cancer,0.033
glaucoma,psoriasis,0.036875
glaucoma,psychosis,0.112
glaucoma,pulmonary embolism,0.018
glaucoma,pulmonary hypertension,0.0155
glaucoma,retinal detachment,0.0523
glaucoma,rhabdomyolysis,0.0355
glaucoma,rheumatoid arthritis,0.0192
glaucoma,schizophrenia,0.0435
glaucoma,sciatica,0.031
glaucoma,seasonal allergies,0.0257
glaucoma,sebaceous cyst,0.04775
glaucoma,sepsis,0.0326667
glaucoma,shingles,0.0275
glaucoma,sickle cell anemia,0.0245
glaucoma,sinusitis,0.0495
glaucoma,sleep apnea,0.031875
glaucoma,spondylosis,0.0444
glaucoma,stomach flu,0.025
glaucoma,stomach ulcer,0.0635
glaucoma,strep throat,0.0425
glaucoma,stroke,0.057
glaucoma,tension headache,0.0865
glaucoma,thoracic radiculopathy,0.122
glaucoma,thyroid cancer,0.0455
glaucoma,thyroid nodules,0.031
glaucoma,traumatic brain injury,0.04725
glaucoma,type 1 diabetes,0.016
glaucoma,type 2 diabetes,0.0188333
glaucoma,ulcerative colitis,0.017
glaucoma,upper respiratory infection,0.04125
glaucoma,urinary tract infection,0.02
glaucoma,vitamin d deficiency,0.04775
goiter,gout,0.0175
goiter,groin hernia,0.0315
goiter,heart attack,0.0318571
goiter,hepatitis a,0.04025
goiter,hepatitis b,0.0321667
goiter,hepatitis c,0.0305
goiter,hiatal hernia,0.029875
goiter,high blood pressure,0.0333333
goiter,high cholesterol,0.0325
goiter,hiv/aids,0.032875
goiter,hives,0.025875
goiter,hyperthyroidism,0.0512
goiter,hypoglycemia,0.034
goiter,hyponatremia,0.0463333
goiter,hypothyroidism,0.0254167
goiter,insect bites and stings,0.02175
goiter,iron deficiency anemia,0.0353333
goiter,irritable bowel syndrome,0.0255
goiter,kidney infection,0.08775
goiter,kidney stone,0.03575
goiter,liver cancer,0.0443333
goiter,low back pain,0.045
goiter,lung cancer,0.0405833
goiter,lupus,0.0293333
goiter,lyme disease,0.059375
goiter,major depression,0.024
goiter,melanoma,0.0455
goiter,meningitis,0.0611
goiter,middle ear infection,0.12475
goiter,migraine,0.039125
goiter,miscarriage,0.028
goiter,mono,0.0638889
goiter,multiple myeloma,0.0388333
goiter,multiple sclerosis,0.040875
goiter,myasthenia gravis,0.0788333
goiter,neutropenia,0.0655
goiter,obesity,0.0306667
goiter,osteoporosis,0.0445
goiter,ovarian cancer,0.041
goiter,ovarian cyst,0.0805
goiter,pancreatitis,0.03425
goiter,parkinson's disease,0.03175
goiter,pink eye,0.0425
goiter,pleural effusion,0.07675
goiter,pneumonia,0.0504
goiter,pneumothorax,0.048
goiter,polycystic ovary syndrome,0.0401667
goiter,prostate cancer,0.04575
goiter,psoriasis,0.03175
goiter,psychosis,0.016
goiter,pulmonary embolism,0.0564
goiter,pulmonary hypertension,0.101
goiter,retinal detachment,0.0266667
goiter,rhabdomyolysis,0.0555
goiter,rheumatoid arthritis,0.027125
goiter,schizophrenia,0.014
goiter,sciatica,0.051
goiter,seasonal allergies,0.0329167
goiter,sebaceous cyst,0.099
goiter,sepsis,0.043
goiter,shingles,0.0288333
goiter,sickle cell anemia,0.036
goiter,sinusitis,0.036
goiter,sleep apnea,0.0275
goiter,spondylosis,0.0633333
goiter,stomach flu,0.04725
goiter,stomach ulcer,0.022125
goiter,strep throat,0.100667
goiter,stroke,0.066
goiter,tension headache,0.0546
goiter,thoracic radiculopathy,0.142
goiter,thyroid cancer,0.0397
goiter,thyroid nodules,0.0375
goiter,traumatic brain injury,0.0343333
goiter,type 1 diabetes,0.0265
goiter,type 2 diabetes,0.029
goiter,ulcerative colitis,0.0335
goiter,upper respiratory infection,0.0657
goiter,urinary tract infection,0.0303333
goiter,vitamin d deficiency,0.02525
gout,groin hernia,0.141125
gout,heart attack,0.11925
gout,hepatitis a,0.0742
gout,hepatitis b,0.016
gout,hepatitis c,0.062625
gout,hiatal hernia,0.0828333
gout,hiv/aids,0.0214
gout,hives,0.1055
gout,hyperthyroidism,0.07375
gout,hypoglycemia,0.0085
gout,hyponatremia,0.0095
gout,hypothyroidism,0.0085
gout,insect bites and stings,0.087875
gout,irritable bowel syndrome,0.09525
gout,kidney infection,0.1415
gout,kidney stone,0.1064
gout,liver cancer,0.105
gout,low back pain,0.0897
gout,lung cancer,0.0168333
gout,lupus,0.06725
gout,lyme disease,0.0748333
gout,meningitis,0.10825
gout,middle ear infection,0.0645
gout,migraine,0.12925
gout,miscarriage,0.2115
gout,mono,0.112714
gout,multiple myeloma,0.0503
gout,multiple sclerosis,0.0217778
gout,myasthenia gravis,0.0451667
gout,neutropenia,0.091
gout,obesity,0.0651875
gout,osteoarthritis,0.0859167
gout,osteoporosis,0.0898333
gout,ovarian cancer,0.0741
gout,ovarian cyst,0.160375
gout,pancreatitis,0.1275
gout,parkinson's disease,0.011
gout,pink eye,0.0921
gout,plantar fasciitis,0.112625
gout,pleural effusion,0.02
gout,pneumonia,0.062
gout,pneumothorax,0.0975
gout,polycystic ovary syndrome,0.132333
gout,prostate cancer,0.052375
gout,psoriasis,0.0637857
gout,pulmonary embolism,0.048
gout,pulmonary hypertension,0.021
gout,retinal detachment,0.016
gout,rhabdomyolysis,0.0525
gout,rheumatoid arthritis,0.0630909
gout,sciatica,0.0884375
gout,seasonal allergies,0.0755
gout,sebaceous cyst,0.180167
gout,sepsis,0.0603
gout,shingles,0.1003
gout,sickle cell anemia,0.0829
gout,sinusitis,0.0617
gout,sleep apnea,0.0115
gout,spondylosis,0.0998333
gout,sprained ankle,0.159643
gout,sprained knee,0.120563
gout,sprained wrist,0.1115
gout,stomach flu,0.1056
gout,stomach ulcer,0.0805
gout,strep throat,0.117429
gout,tension headache,0.108833
gout,thoracic radiculopathy,0.112583
gout,thyroid cancer,0.026
gout,thyroid nodules,0.159
gout,traumatic brain injury,0.0205
gout,type 1 diabetes,0.0206
gout,type 2 diabetes,0.033125
gout,ulcerative colitis,0.104583
gout,upper respiratory infection,0.0631
gout,urinary tract infection,0.025
gout,vitamin d deficiency,0.022
groin hernia,heart attack,0.0967
groin hernia,hepatitis a,0.109071
groin hernia,hepatitis b,0.03175
groin hernia,hepatitis c,0.0809167
groin hernia,hiatal hernia,0.0775556
groin hernia,high cholesterol,0.033
groin hernia,hiv/aids,0.0315
groin hernia,hives,0.067
groin hernia,hyperthyroidism,0.03475
groin hernia,hypoglycemia,0.0095
groin hernia,hyponatremia,0.0328
groin hernia,hypothyroidism,0.0233333
groin hernia,insect bites and stings,0.051
groin hernia,iron deficiency anemia,0.03275
groin hernia,irritable bowel syndrome,0.112667
groin hernia,kidney infection,0.116389
groin hernia,kidney stone,0.0789643
groin hernia,liver cancer,0.115
groin hernia,low back pain,0.139875
groin hernia,lung cancer,0.0245
groin hernia,lupus,0.0729375
groin hernia,lyme disease,0.113125
groin hernia,major depression,0.0275
groin hernia,melanoma,0.04275
groin hernia,meningitis,0.1015
groin hernia,middle ear infection,0.11
groin hernia,migraine,0.1095
groin hernia,miscarriage,0.0860833
groin hernia,mono,0.0928125
groin hernia,multiple myeloma,0.0806
groin hernia,multiple sclerosis,0.0153
groin hernia,myasthenia gravis,0.031
groin hernia,neutropenia,0.0504
groin hernia,obesity,0.070875
groin hernia,osteoarthritis,0.1085
groin hernia,osteoporosis,0.18675
groin hernia,ovarian cancer,0.087
groin hernia,ovarian cyst,0.116636
groin hernia,pancreatitis,0.156313
groin hernia,parkinson's disease,0.0176667
groin hernia,pink eye,0.0568333
groin hernia,plantar fasciitis,0.1545
groin hernia,pneumonia,0.03275
groin hernia,pneumothorax,0.16125
groin hernia,polycystic ovary syndrome,0.101
groin hernia,post traumatic stress disorder,0.02975
groin hernia,prostate cancer,0.0711667
groin hernia,psoriasis,0.0669286
groin hernia,pulmonary embolism,0.0295
groin hernia,retinal detachment,0.0265
groin hernia,rhabdomyolysis,0.0485
groin hernia,rheumatoid arthritis,0.11275
groin hernia,sciatica,0.1396
groin hernia,seasonal allergies,0.0313333
groin hernia,sebaceous cyst,0.144125
groin hernia,sepsis,0.031875
groin hernia,shingles,0.144667
groin hernia,sickle cell anemia,0.1407
groin hernia,sinusitis,0.0760833
groin hernia,sleep apnea,0.02675
groin hernia,spondylosis,0.19925
groin hernia,sprained ankle,0.20475
groin hernia,sprained knee,0.13
groin hernia,sprained wrist,0.225667
groin hernia,stomach flu,0.15915
groin hernia,stomach ulcer,0.0879375
groin hernia,strep throat,0.0937143
groin hernia,tension headache,0.163333
groin hernia,thoracic radiculopathy,0.201167
groin hernia,thyroid cancer,0.041375
groin hernia,thyroid nodules,0.10475
groin hernia,traumatic brain injury,0.0356667
groin hernia,type 1 diabetes,0.032
groin hernia,ulcerative colitis,0.102818
groin hernia,upper respiratory infection,0.04425
groin hernia,urinary tract infection,0.02995
groin hernia,vitamin d deficiency,0.03575
heart attack,hepatitis a,0.0651875
heart attack,hepatitis b,0.0218125
heart attack,hepatitis c,0.0525
heart attack,hiatal hernia,0.0456154
heart attack,high blood pressure,0.0236875
heart attack,high cholesterol,0.0277222
heart attack,hiv/aids,0.02895
heart attack,hives,0.0178333
heart attack,hyperthyroidism,0.0321154
heart attack,hypoglycemia,0.0156364
heart attack,hyponatremia,0.0348125
heart attack,hypothyroidism,0.0201944
heart attack,insect bites and stings,0.01375
heart attack,iron deficiency anemia,0.0330556
heart attack,irritable bowel syndrome,0.0821
heart attack,kidney infection,0.1152
heart attack,kidney stone,0.1274
heart attack,liver cancer,0.0825
heart attack,low back pain,0.0887
heart attack,lung cancer,0.055375
heart attack,lupus,0.047375
heart attack,lyme disease,0.0631429
heart attack,major depression,0.1055
heart attack,melanoma,0.0368571
heart attack,meningitis,0.0615714
heart attack,middle ear infection,0.0506667
heart attack,migraine,0.0594583
heart attack,miscarriage,0.059
heart attack,mono,0.0561875
heart attack,multiple myeloma,0.04
heart attack,multiple sclerosis,0.026
heart attack,myasthenia gravis,0.04925
heart attack,neutropenia,0.044875
heart attack,obesity,0.047
heart attack,osteoarthritis,0.0663
heart attack,osteoporosis,0.0482857
heart attack,ovarian cancer,0.0787857
heart attack,ovarian cyst,0.13825
heart attack,pancreatitis,0.132929
heart attack,parkinson's disease,0.0165
heart attack,pink eye,0.03075
heart attack,plantar fasciitis,0.331
heart attack,pleural effusion,0.048
heart attack,pneumonia,0.02675
heart attack,pneumothorax,0.0468333
heart attack,polycystic ovary syndrome,0.0758333
heart attack,post traumatic stress disorder,0.0996667
heart attack,prostate cancer,0.045875
heart attack,psoriasis,0.042375
heart attack,psychosis,0.088
heart attack,pulmonary embolism,0.0485
heart attack,pulmonary hypertension,0.0249375
heart attack,retinal detachment,0.0195
heart attack,rhabdomyolysis,0.0311667
heart attack,rheumatoid arthritis,0.0399375
heart attack,schizophrenia,0.0334
heart attack,sciatica,0.165167
heart attack,seasonal allergies,0.02255
heart attack,sebaceous cyst,0.061375
heart attack,sepsis,0.0255714
heart attack,shingles,0.0577
heart attack,sickle cell anemia,0.0894286
heart attack,sinusitis,0.035
heart attack,sleep apnea,0.0413
heart attack,spondylosis,0.0508846
heart attack,sprained ankle,0.17775
heart attack,sprained knee,0.114667
heart attack,sprained wrist,0.110167
heart attack,stomach flu,0.104
heart attack,stomach ulcer,0.05375
heart attack,strep throat,0.059
heart attack,stroke,0.043
heart attack,tension headache,0.0676111
heart attack,thoracic radiculopathy,0.232667
heart attack,thyroid cancer,0.0388571
heart attack,thyroid nodules,0.0475
heart attack,traumatic brain injury,0.0237
heart attack,type 1 diabetes,0.0248571
heart attack,type 2 diabetes,0.016125
heart attack,ulcerative colitis,0.114583
heart attack,upper respiratory infection,0.065
heart attack,urinary tract infection,0.0233
heart attack,vitamin d deficiency,0.0474286
hepatitis a,hepatitis b,0.0397857
hepatitis a,hepatitis c,0.0538667
hepatitis a,hiatal hernia,0.0712727
hepatitis a,high blood pressure,0.0253333
hepatitis a,high cholesterol,0.0377
hepatitis a,hiv/aids,0.0473214
hepatitis a,hives,0.1465
hepatitis a,hyperthyroidism,0.0404
hepatitis a,hypoglycemia,0.02575
hepatitis a,hyponatremia,0.053
hepatitis a,hypothyroidism,0.0425556
hepatitis a,insect bites and stings,0.0538
hepatitis a,iron deficiency anemia,0.0495
hepatitis a,irritable bowel syndrome,0.1049
hepatitis a,kidney infection,0.108333
hepatitis a,kidney stone,0.1048
hepatitis a,liver cancer,0.0854167
hepatitis a,low back pain,0.139833
hepatitis a,lung cancer,0.044
hepatitis a,lupus,0.0548214
hepatitis a,lyme disease,0.08185
hepatitis a,major depression,0.153333
hepatitis a,melanoma,0.0621
hepatitis a,meningitis,0.0716538
hepatitis a,middle ear infection,0.0693
hepatitis a,migraine,0.0919375
hepatitis a,miscarriage,0.130833
hepatitis a,mono,0.0843571
hepatitis a,multiple myeloma,0.061
hepatitis a,multiple sclerosis,0.0391429
hepatitis a,myasthenia gravis,0.0459
hepatitis a,neutropenia,0.0798182
hepatitis a,obesity,0.0614545
hepatitis a,osteoarthritis,0.078125
hepatitis a,osteoporosis,0.071875
hepatitis a,ovarian cancer,0.0745
hepatitis a,ovarian cyst,0.158
hepatitis a,pancreatitis,0.116115
hepatitis a,parkinson's disease,0.02225
hepatitis a,pink eye,0.0466667
hepatitis a,plantar fasciitis,0.19825
hepatitis a,pleural effusion,0.0353571
hepatitis a,pneumonia,0.0705556
hepatitis a,pneumothorax,0.0656667
hepatitis a,polycystic ovary syndrome,0.1015
hepatitis a,post traumatic stress disorder,0.0921667
hepatitis a,prostate cancer,0.050875
hepatitis a,psoriasis,0.0552273
hepatitis a,psychosis,0.1135
hepatitis a,pulmonary embolism,0.028
hepatitis a,pulmonary hypertension,0.019375
hepatitis a,retinal detachment,0.016
hepatitis a,rhabdomyolysis,0.034375
hepatitis a,rheumatoid arthritis,0.0463636
hepatitis a,schizophrenia,0.045
hepatitis a,sciatica,0.159833
hepatitis a,seasonal allergies,0.0296429
hepatitis a,sebaceous cyst,0.1885
hepatitis a,sepsis,0.0555455
hepatitis a,shingles,0.0734286
hepatitis a,sickle cell anemia,0.103643
hepatitis a,sinusitis,0.0624545
hepatitis a,sleep apnea,0.0355556
hepatitis a,spondylosis,0.0829
hepatitis a,sprained ankle,0.2035
hepatitis a,sprained knee,0.17525
hepatitis a,sprained wrist,0.181
hepatitis a,stomach flu,0.137423
hepatitis a,stomach ulcer,0.09235
hepatitis a,strep throat,0.0811923
hepatitis a,stroke,0.08725
hepatitis a,tension headache,0.11225
hepatitis a,thoracic radiculopathy,0.190167
hepatitis a,thyroid cancer,0.0592222
hepatitis a,thyroid nodules,0.1505
hepatitis a,traumatic brain injury,0.0698333
hepatitis a,type 1 diabetes,0.041625
hepatitis a,type 2 diabetes,0.0177
hepatitis a,ulcerative colitis,0.112727
hepatitis a,upper respiratory infection,0.0855
hepatitis a,urinary tract infection,0.0438182
hepatitis a,vitamin d deficiency,0.0616
hepatitis b,hepatitis c,0.0239
hepatitis b,hiatal hernia,0.034
hepatitis b,high blood pressure,0.025375
hepatitis b,high cholesterol,0.0225714
hepatitis b,hiv/aids,0.0279
hepatitis b,hyperthyroidism,0.02605
hepatitis b,hypoglycemia,0.0179167
hepatitis b,hyponatremia,0.0335
hepatitis b,hypothyroidism,0.0199167
hepatitis b,insect bites and stings,0.0201667
hepatitis b,iron deficiency anemia,0.034
hepatitis b,irritable bowel syndrome,0.0667222
hepatitis b,kidney infection,0.06805
hepatitis b,kidney stone,0.037
hepatitis b,liver cancer,0.0453
hepatitis b,low back pain,0.076
hepatitis b,lung cancer,0.029125
hepatitis b,lupus,0.023625
hepatitis b,lyme disease,0.0546667
hepatitis b,major depression,0.0947
hepatitis b,melanoma,0.035
hepatitis b,meningitis,0.052
hepatitis b,middle ear infection,0.0284286
hepatitis b,migraine,0.0457857
hepatitis b,miscarriage,0.03575
hepatitis b,mono,0.0617727
hepatitis b,multiple myeloma,0.0294091
hepatitis b,multiple sclerosis,0.0222
hepatitis b,myasthenia gravis,0.0404167
hepatitis b,neutropenia,0.0599
hepatitis b,obesity,0.0257
hepatitis b,osteoarthritis,0.0307
hepatitis b,osteoporosis,0.0293333
hepatitis b,ovarian cancer,0.0407083
hepatitis b,ovarian cyst,0.0599286
hepatitis b,pancreatitis,0.0534
hepatitis b,parkinson's disease,0.0188125
hepatitis b,pink eye,0.03225
hepatitis b,pleural effusion,0.0284375
hepatitis b,pneumonia,0.0666111
hepatitis b,pneumothorax,0.01975
hepatitis b,polycystic ovary syndrome,0.0512143
hepatitis b,post traumatic stress disorder,0.079
hepatitis b,prostate cancer,0.0257
hepatitis b,psoriasis,0.0271667
hepatitis b,psychosis,0.1115
hepatitis b,pulmonary embolism,0.0213
hepatitis b,pulmonary hypertension,0.01775
hepatitis b,retinal detachment,0.016
hepatitis b,rhabdomyolysis,0.0291667
hepatitis b,rheumatoid arthritis,0.0204444
hepatitis b,schizophrenia,0.043
hepatitis b,sciatica,0.06525
hepatitis b,seasonal allergies,0.02525
hepatitis b,sebaceous cyst,0.02825
hepatitis b,sepsis,0.04145
hepatitis b,shingles,0.0221667
hepatitis b,sickle cell anemia,0.0282857
hepatitis b,sinusitis,0.0363182
hepatitis b,sleep apnea,0.0272
hepatitis b,spondylosis,0.0411429
hepatitis b,sprained ankle,0.01
hepatitis b,sprained knee,0.017
hepatitis b,stomach flu,0.0895455
hepatitis b,stomach ulcer,0.0468125
hepatitis b,strep throat,0.066375
hepatitis b,stroke,0.059125
hepatitis b,tension headache,0.054375
hepatitis b,thoracic radiculopathy,0.143833
hepatitis b,thyroid cancer,0.036
hepatitis b,thyroid nodules,0.0366667
hepatitis b,traumatic brain injury,0.03875
hepatitis b,type 1 diabetes,0.0192917
hepatitis b,type 2 diabetes,0.0170833
hepatitis b,ulcerative colitis,0.06085
hepatitis b,upper respiratory infection,0.0959167
hepatitis b,urinary tract infection,0.023375
hepatitis b,vitamin d deficiency,0.041
hepatitis c,hiatal hernia,0.0535
hepatitis c,high blood pressure,0.0421667
hepatitis c,high cholesterol,0.0313
hepatitis c,hiv/aids,0.0316667
hepatitis c,hyperthyroidism,0.0308889
hepatitis c,hypoglycemia,0.0261429
hepatitis c,hyponatremia,0.02945
hepatitis c,hypothyroidism,0.0244545
hepatitis c,insect bites and stings,0.0225
hepatitis c,iron deficiency anemia,0.0425
hepatitis c,irritable bowel syndrome,0.0959444
hepatitis c,kidney infection,0.0885455
hepatitis c,kidney stone,0.0811111
hepatitis c,liver cancer,0.0564167
hepatitis c,low back pain,0.176667
hepatitis c,lung cancer,0.02535
hepatitis c,lupus,0.036
hepatitis c,lyme disease,0.0665714
hepatitis c,major depression,0.11425
hepatitis c,melanoma,0.0298571
hepatitis c,meningitis,0.0518077
hepatitis c,middle ear infection,0.0497
hepatitis c,migraine,0.0586
hepatitis c,miscarriage,0.079
hepatitis c,mono,0.0826
hepatitis c,multiple myeloma,0.0342
hepatitis c,multiple sclerosis,0.0155
hepatitis c,myasthenia gravis,0.031375
hepatitis c,neutropenia,0.0586
hepatitis c,obesity,0.0395
hepatitis c,osteoarthritis,0.0571667
hepatitis c,osteoporosis,0.0646
hepatitis c,ovarian cancer,0.0602273
hepatitis c,ovarian cyst,0.11525
hepatitis c,pancreatitis,0.10865
hepatitis c,parkinson's disease,0.018
hepatitis c,pink eye,0.034375
hepatitis c,plantar fasciitis,0.2985
hepatitis c,pleural effusion,0.0290833
hepatitis c,pneumonia,0.0583333
hepatitis c,pneumothorax,0.0342
hepatitis c,polycystic ovary syndrome,0.0778333
hepatitis c,post traumatic stress disorder,0.0741
hepatitis c,prostate cancer,0.0278125
hepatitis c,psoriasis,0.03995
hepatitis c,psychosis,0.0577857
hepatitis c,pulmonary embolism,0.02125
hepatitis c,pulmonary hypertension,0.0279
hepatitis c,rhabdomyolysis,0.01625
hepatitis c,rheumatoid arthritis,0.0408889
hepatitis c,schizophrenia,0.0308571
hepatitis c,sciatica,0.192
hepatitis c,seasonal allergies,0.03475
hepatitis c,sebaceous cyst,0.1365
hepatitis c,sepsis,0.0372917
hepatitis c,shingles,0.0527
hepatitis c,sickle cell anemia,0.0850714
hepatitis c,sinusitis,0.0461667
hepatitis c,sleep apnea,0.0303636
hepatitis c,spondylosis,0.0683333
hepatitis c,sprained ankle,0.308
hepatitis c,sprained knee,0.2685
hepatitis c,sprained wrist,0.257
hepatitis c,stomach flu,0.13845
hepatitis c,stomach ulcer,0.078
hepatitis c,strep throat,0.0729
hepatitis c,stroke,0.0301667
hepatitis c,tension headache,0.082625
hepatitis c,thoracic radiculopathy,0.221167
hepatitis c,thyroid cancer,0.034375
hepatitis c,thyroid nodules,0.068
hepatitis c,traumatic brain injury,0.0227
hepatitis c,type 1 diabetes,0.0229545
hepatitis c,type 2 diabetes,0.0113333
hepatitis c,ulcerative colitis,0.0907
hepatitis c,upper respiratory infection,0.0954
hepatitis c,urinary tract infection,0.0237727
hepatitis c,vitamin d deficiency,0.0533333
hiatal hernia,high blood pressure,0.0259167
hiatal hernia,high cholesterol,0.0311875
hiatal hernia,hiv/aids,0.0395455
hiatal hernia,hives,0.0235
hiatal hernia,hyperthyroidism,0.03965
hiatal hernia,hypoglycemia,0.0241667
hiatal hernia,hyponatremia,0.0469286
hiatal hernia,hypothyroidism,0.0293846
hiatal hernia,insect bites and stings,0.022
hiatal hernia,iron deficiency anemia,0.0460833
hiatal hernia,irritable bowel syndrome,0.0957727
hiatal hernia,kidney infection,0.115611
hiatal hernia,kidney stone,0.09005
hiatal hernia,liver cancer,0.0856875
hiatal hernia,low back pain,0.1232
hiatal hernia,lung cancer,0.04725
hiatal hernia,lupus,0.0558889
hiatal hernia,lyme disease,0.0787
hiatal hernia,major depression,0.1236
hiatal hernia,melanoma,0.0536
hiatal hernia,meningitis,0.0697857
hiatal hernia,middle ear infection,0.0528333
hiatal hernia,migraine,0.0755
hiatal hernia,miscarriage,0.08675
hiatal hernia,mono,0.0745625
hiatal hernia,multiple myeloma,0.043375
hiatal hernia,multiple sclerosis,0.0276667
hiatal hernia,myasthenia gravis,0.0475
hiatal hernia,neutropenia,0.0640833
hiatal hernia,obesity,0.0467308
hiatal hernia,osteoarthritis,0.0520714
hiatal hernia,osteoporosis,0.0530714
hiatal hernia,ovarian cancer,0.0743182
hiatal hernia,ovarian cyst,0.11445
hiatal hernia,pancreatitis,0.118364
hiatal hernia,parkinson's disease,0.0228
hiatal hernia,pink eye,0.039
hiatal hernia,plantar fasciitis,0.179
hiatal hernia,pleural effusion,0.0645
hiatal hernia,pneumonia,0.051
hiatal hernia,pneumothorax,0.057625
hiatal hernia,polycystic ovary syndrome,0.08235
hiatal hernia,post traumatic stress disorder,0.0942857
hiatal hernia,prostate cancer,0.0410714
hiatal hernia,psoriasis,0.052
hiatal hernia,psychosis,0.0983333
hiatal hernia,pulmonary embolism,0.049375
hiatal hernia,pulmonary hypertension,0.0405
hiatal hernia,retinal detachment,0.021
hiatal hernia,rhabdomyolysis,0.0385
hiatal hernia,rheumatoid arthritis,0.0465714
hiatal hernia,schizophrenia,0.0436667
hiatal hernia,sciatica,0.1291
hiatal hernia,seasonal allergies,0.0255833
hiatal hernia,sebaceous cyst,0.09275
hiatal hernia,sepsis,0.0371667
hiatal hernia,shingles,0.0871667
hiatal hernia,sickle cell anemia,0.114833
hiatal hernia,sinusitis,0.0511429
hiatal hernia,sleep apnea,0.0406667
hiatal hernia,spondylosis,0.0625
hiatal hernia,sprained ankle,0.127833
hiatal hernia,sprained knee,0.111333
hiatal hernia,sprained wrist,0.16175
hiatal hernia,stomach flu,0.129583
hiatal hernia,stomach ulcer,0.0749545
hiatal hernia,strep throat,0.086
hiatal hernia,stroke,0.0635
hiatal hernia,tension headache,0.07325
hiatal hernia,thoracic radiculopathy,0.195
hiatal hernia,thyroid cancer,0.0596
hiatal hernia,thyroid nodules,0.058375
hiatal hernia,traumatic brain injury,0.053375
hiatal hernia,type 1 diabetes,0.038375
hiatal hernia,type 2 diabetes,0.0205
hiatal hernia,ulcerative colitis,0.110833
hiatal hernia,upper respiratory infection,0.050875
hiatal hernia,urinary tract infection,0.0303889
hiatal hernia,vitamin d deficiency,0.0618
high blood pressure,high cholesterol,0.0247857
high blood pressure,hiv/aids,0.0326
high blood pressure,hives,0.0245
high blood pressure,hyperthyroidism,0.0299444
high blood pressure,hypoglycemia,0.0230714
high blood pressure,hyponatremia,0.033
high blood pressure,hypothyroidism,0.0245
high blood pressure,iron deficiency anemia,0.0373571
high blood pressure,irritable bowel syndrome,0.0485
high blood pressure,kidney infection,0.031
high blood pressure,liver cancer,0.04075
high blood pressure,low back pain,0.032
high blood pressure,lung cancer,0.06375
high blood pressure,lupus,0.027125
high blood pressure,lyme disease,0.0675
high blood pressure,major depression,0.1246
high blood pressure,melanoma,0.0361667
high blood pressure,meningitis,0.0998333
high blood pressure,middle ear infection,0.03475
high blood pressure,migraine,0.0573571
high blood pressure,miscarriage,0.026
high blood pressure,mono,0.0328333
high blood pressure,multiple myeloma,0.02925
high blood pressure,multiple sclerosis,0.05875
high blood pressure,myasthenia gravis,0.0528333
high blood pressure,neutropenia,0.0385
high blood pressure,obesity,0.0283
high blood pressure,osteoarthritis,0.0451667
high blood pressure,osteoporosis,0.031
high blood pressure,ovarian cancer,0.0305
high blood pressure,ovarian cyst,0.017
high blood pressure,pancreatitis,0.025
high blood pressure,parkinson's disease,0.022625
high blood pressure,pink eye,0.0385
high blood pressure,pleural effusion,0.0625
high blood pressure,pneumonia,0.05975
high blood pressure,pneumothorax,0.0725
high blood pressure,polycystic ovary syndrome,0.04075
high blood pressure,post traumatic stress disorder,0.1455
high blood pressure,prostate cancer,0.044
high blood pressure,psoriasis,0.039125
high blood pressure,psychosis,0.100333
high blood pressure,pulmonary embolism,0.1365
high blood pressure,pulmonary hypertension,0.056625
high blood pressure,retinal detachment,0.0545
high blood pressure,rhabdomyolysis,0.0335
high blood pressure,rheumatoid arthritis,0.023875
high blood pressure,schizophrenia,0.0456667
high blood pressure,sciatica,0.029
high blood pressure,seasonal allergies,0.0315833
high blood pressure,sepsis,0.02425
high blood pressure,shingles,0.0185
high blood pressure,sickle cell anemia,0.0295
high blood pressure,sinusitis,0.047125
high blood pressure,sleep apnea,0.03675
high blood pressure,spondylosis,0.0443571
high blood pressure,stomach flu,0.0249
high blood pressure,stomach ulcer,0.0409
high blood pressure,strep throat,0.0635
high blood pressure,stroke,0.0594
high blood pressure,tension headache,0.0850833
high blood pressure,thoracic radiculopathy,0.12
high blood pressure,thyroid cancer,0.0441667
high blood pressure,thyroid nodules,0.0365
high blood pressure,traumatic brain injury,0.04575
high blood pressure,type 1 diabetes,0.019125
high blood pressure,type 2 diabetes,0.0196667
high blood pressure,ulcerative colitis,0.016
high blood pressure,upper respiratory infection,0.0725
high blood pressure,urinary tract infection,0.0195
high blood pressure,vitamin d deficiency,0.059375
high cholesterol,hiv/aids,0.0280714
high cholesterol,hives,0.017
high cholesterol,hyperthyroidism,0.0285
high cholesterol,hypoglycemia,0.0218571
high cholesterol,hyponatremia,0.0404
high cholesterol,hypothyroidism,0.0223
high cholesterol,iron deficiency anemia,0.0352857
high cholesterol,irritable bowel syndrome,0.059
high cholesterol,kidney infection,0.0593333
high cholesterol,kidney stone,0.074
high cholesterol,liver cancer,0.0485
high cholesterol,low back pain,0.0285
high cholesterol,lung cancer,0.044375
high cholesterol,lupus,0.0244
high cholesterol,lyme disease,0.0501
high cholesterol,major depression,0.1455
high cholesterol,melanoma,0.0341
high cholesterol,meningitis,0.04375
high cholesterol,middle ear infection,0.018
high cholesterol,migraine,0.0546667
high cholesterol,miscarriage,0.0255
high cholesterol,mono,0.0441
high cholesterol,multiple myeloma,0.0253333
high cholesterol,multiple sclerosis,0.0421667
high cholesterol,myasthenia gravis,0.050375
high cholesterol,neutropenia,0.0463333
high cholesterol,obesity,0.0283333
high cholesterol,osteoarthritis,0.04
high cholesterol,osteoporosis,0.029125
high cholesterol,ovarian cancer,0.0414
high cholesterol,ovarian cyst,0.0673333
high cholesterol,pancreatitis,0.0711667
high cholesterol,parkinson's disease,0.0221
high cholesterol,pink eye,0.05
high cholesterol,pleural effusion,0.05
high cholesterol,pneumonia,0.0526667
high cholesterol,pneumothorax,0.0425
high cholesterol,polycystic ovary syndrome,0.0512
high cholesterol,post traumatic stress disorder,0.14225
high cholesterol,prostate cancer,0.03
high cholesterol,psoriasis,0.0375
high cholesterol,psychosis,0.0951667
high cholesterol,pulmonary embolism,0.07475
high cholesterol,pulmonary hypertension,0.0413333
high cholesterol,retinal detachment,0.018
high cholesterol,rhabdomyolysis,0.02925
high cholesterol,rheumatoid arthritis,0.019
high cholesterol,schizophrenia,0.0405
high cholesterol,sciatica,0.037
high cholesterol,seasonal allergies,0.0216667
high cholesterol,sebaceous cyst,0.0235
high cholesterol,sepsis,0.027
high cholesterol,shingles,0.02125
high cholesterol,sickle cell anemia,0.0206667
high cholesterol,sinusitis,0.0276
high cholesterol,sleep apnea,0.0355833
high cholesterol,spondylosis,0.04075
high cholesterol,sprained ankle,0.012
high cholesterol,sprained knee,0.019
high cholesterol,stomach flu,0.0654167
high cholesterol,stomach ulcer,0.0478
high cholesterol,strep throat,0.031
high cholesterol,stroke,0.0595
high cholesterol,tension headache,0.0471
high cholesterol,thoracic radiculopathy,0.128
high cholesterol,thyroid cancer,0.041625
high cholesterol,thyroid nodules,0.0346667
high cholesterol,traumatic brain injury,0.0385
high cholesterol,type 1 diabetes,0.0196667
high cholesterol,type 2 diabetes,0.017375
high cholesterol,ulcerative colitis,0.053
high cholesterol,upper respiratory infection,0.05
high cholesterol,urinary tract infection,0.022
high cholesterol,vitamin d deficiency,0.05475
hiv/aids,hives,0.0728333
hiv/aids,hyperthyroidism,0.0267692
hiv/aids,hypoglycemia,0.0258182
hiv/aids,hyponatremia,0.0321333
hiv/aids,hypothyroidism,0.0212105
hiv/aids,insect bites and stings,0.0424
hiv/aids,iron deficiency anemia,0.03315
hiv/aids,irritable bowel syndrome,0.06995
hiv/aids,kidney infection,0.0661
hiv/aids,kidney stone,0.0445625
hiv/aids,liver cancer,0.0475909
hiv/aids,low back pain,0.0235
hiv/aids,lung cancer,0.0328611
hiv/aids,lupus,0.0271562
hiv/aids,lyme disease,0.0655556
hiv/aids,major depression,0.105083
hiv/aids,melanoma,0.0374
hiv/aids,meningitis,0.0480938
hiv/aids,middle ear infection,0.051
hiv/aids,migraine,0.0431364
hiv/aids,miscarriage,0.04225
hiv/aids,mono,0.0636786
hiv/aids,multiple myeloma,0.0303667
hiv/aids,multiple sclerosis,0.0235
hiv/aids,myasthenia gravis,0.0498125
hiv/aids,neutropenia,0.0585
hiv/aids,obesity,0.0287083
hiv/aids,osteoarthritis,0.0381
hiv/aids,osteoporosis,0.0285
hiv/aids,ovarian cancer,0.0432308
hiv/aids,ovarian cyst,0.0601875
hiv/aids,pancreatitis,0.0748889
hiv/aids,parkinson's disease,0.0238214
hiv/aids,pink eye,0.0429167
hiv/aids,plantar fasciitis,0.0155
hiv/aids,pleural effusion,0.0452778
hiv/aids,pneumonia,0.0562813
hiv/aids,pneumothorax,0.0384
hiv/aids,polycystic ovary syndrome,0.0510625
hiv/aids,post traumatic stress disorder,0.0845625
hiv/aids,prostate cancer,0.0271111
hiv/aids,psoriasis,0.0331667
hiv/aids,psychosis,0.0558571
hiv/aids,pulmonary embolism,0.04725
hiv/aids,pulmonary hypertension,0.0417143
hiv/aids,retinal detachment,0.013
hiv/aids,rhabdomyolysis,0.0211875
hiv/aids,rheumatoid arthritis,0.0260417
hiv/aids,schizophrenia,0.0304286
hiv/aids,sciatica,0.043
hiv/aids,seasonal allergies,0.03495
hiv/aids,sebaceous cyst,0.0415
hiv/aids,sepsis,0.0411176
hiv/aids,shingles,0.0465
hiv/aids,sickle cell anemia,0.03575
hiv/aids,sinusitis,0.0384231
hiv/aids,sleep apnea,0.0284706
hiv/aids,spondylosis,0.0474
hiv/aids,sprained ankle,0.018
hiv/aids,sprained knee,0.01925
hiv/aids,sprained wrist,0.0345
hiv/aids,stomach flu,0.0900357
hiv/aids,stomach ulcer,0.0498889
hiv/aids,strep throat,0.0561538
hiv/aids,stroke,0.042625
hiv/aids,tension headache,0.044375
hiv/aids,thoracic radiculopathy,0.10975
hiv/aids,thyroid cancer,0.04
hiv/aids,thyroid nodules,0.0245
hiv/aids,traumatic brain injury,0.0305833
hiv/aids,type 1 diabetes,0.0236667
hiv/aids,type 2 diabetes,0.019
hiv/aids,ulcerative colitis,0.06725
hiv/aids,upper respiratory infection,0.0866667
hiv/aids,urinary tract infection,0.0246429
hiv/aids,vitamin d deficiency,0.0497143
hives,hyperthyroidism,0.03625
hives,hypothyroidism,0.0125
hives,insect bites and stings,0.122083
hives,iron deficiency anemia,0.0205
hives,liver cancer,0.0335
hives,lung cancer,0.0579
hives,lupus,0.103167
hives,lyme disease,0.15675
hives,melanoma,0.019
hives,meningitis,0.10475
hives,middle ear infection,0.06425
hives,mono,0.1297
hives,multiple myeloma,0.0225
hives,multiple sclerosis,0.012
hives,myasthenia gravis,0.0565
hives,obesity,0.0546667
hives,osteoarthritis,0.1065
hives,ovarian cancer,0.0995
hives,parkinson's disease,0.0118333
hives,pink eye,0.13225
hives,plantar fasciitis,0.091
hives,pleural effusion,0.0615
hives,pneumonia,0.0355
hives,pneumothorax,0.0313333
hives,post traumatic stress disorder,0.114
hives,psoriasis,0.0875833
hives,pulmonary embolism,0.065125
hives,pulmonary hypertension,0.05425
hives,retinal detachment,0.121
hives,rhabdomyolysis,0.1045
hives,rheumatoid arthritis,0.092375
hives,schizophrenia,0.011
hives,seasonal allergies,0.0665556
hives,sebaceous cyst,0.12
hives,sepsis,0.02325
hives,shingles,0.106167
hives,sickle cell anemia,0.07175
hives,sinusitis,0.0723333
hives,sleep apnea,0.10175
hives,sprained ankle,0.3135
hives,sprained knee,0.1795
hives,sprained wrist,0.237
hives,stomach ulcer,0.0145
hives,strep throat,0.123583
hives,stroke,0.0145
hives,thyroid cancer,0.021
hives,thyroid nodules,0.0493333
hives,type 1 diabetes,0.0135
hives,type 2 diabetes,0.03275
hives,upper respiratory infection,0.072375
hyperthyroidism,hypoglycemia,0.0242083
hyperthyroidism,hyponatremia,0.0328462
hyperthyroidism,hypothyroidism,0.0242105
hyperthyroidism,insect bites and stings,0.03975
hyperthyroidism,iron deficiency anemia,0.0331538
hyperthyroidism,irritable bowel syndrome,0.0519615
hyperthyroidism,kidney infection,0.0438333
hyperthyroidism,kidney stone,0.04425
hyperthyroidism,liver cancer,0.0486111
hyperthyroidism,low back pain,0.02625
hyperthyroidism,lung cancer,0.0300417
hyperthyroidism,lupus,0.0299615
hyperthyroidism,lyme disease,0.0616429
hyperthyroidism,major depression,0.0814444
hyperthyroidism,melanoma,0.037
hyperthyroidism,meningitis,0.06575
hyperthyroidism,middle ear infection,0.029
hyperthyroidism,migraine,0.05775
hyperthyroidism,miscarriage,0.0343
hyperthyroidism,mono,0.0479545
hyperthyroidism,multiple myeloma,0.023
hyperthyroidism,multiple sclerosis,0.0262
hyperthyroidism,myasthenia gravis,0.0399286
hyperthyroidism,neutropenia,0.0403571
hyperthyroidism,obesity,0.02775
hyperthyroidism,osteoarthritis,0.0383
hyperthyroidism,osteoporosis,0.0279167
hyperthyroidism,ovarian cancer,0.0422
hyperthyroidism,ovarian cyst,0.0665833
hyperthyroidism,pancreatitis,0.071
hyperthyroidism,parkinson's disease,0.023
hyperthyroidism,pink eye,0.0355
hyperthyroidism,plantar fasciitis,0.0273333
hyperthyroidism,pleural effusion,0.0355833
hyperthyroidism,pneumonia,0.0390625
hyperthyroidism,pneumothorax,0.0299
hyperthyroidism,polycystic ovary syndrome,0.0458
hyperthyroidism,post traumatic stress disorder,0.0813125
hyperthyroidism,prostate cancer,0.0235714
hyperthyroidism,psoriasis,0.032
hyperthyroidism,psychosis,0.0653333
hyperthyroidism,pulmonary embolism,0.056
hyperthyroidism,pulmonary hypertension,0.0305
hyperthyroidism,retinal detachment,0.0321667
hyperthyroidism,rhabdomyolysis,0.0239167
hyperthyroidism,rheumatoid arthritis,0.02515
hyperthyroidism,schizophrenia,0.0306429
hyperthyroidism,sciatica,0.02
hyperthyroidism,seasonal allergies,0.0315909
hyperthyroidism,sebaceous cyst,0.074
hyperthyroidism,sepsis,0.0339091
hyperthyroidism,shingles,0.0191429
hyperthyroidism,sickle cell anemia,0.0225
hyperthyroidism,sinusitis,0.0347778
hyperthyroidism,sleep apnea,0.0353333
hyperthyroidism,spondylosis,0.0469286
hyperthyroidism,sprained ankle,0.132
hyperthyroidism,sprained knee,0.0446667
hyperthyroidism,sprained wrist,0.091
hyperthyroidism,stomach flu,0.0644667
hyperthyroidism,stomach ulcer,0.0514375
hyperthyroidism,strep throat,0.0328571
hyperthyroidism,stroke,0.0489286
hyperthyroidism,tension headache,0.0797222
hyperthyroidism,thoracic radiculopathy,0.0735
hyperthyroidism,thyroid cancer,0.044875
hyperthyroidism,thyroid nodules,0.0427
hyperthyroidism,traumatic brain injury,0.036
hyperthyroidism,type 1 diabetes,0.02355
hyperthyroidism,type 2 diabetes,0.0195
hyperthyroidism,ulcerative colitis,0.0467727
hyperthyroidism,upper respiratory infection,0.0377143
hyperthyroidism,urinary tract infection,0.01975
hyperthyroidism,vitamin d deficiency,0.0476111
hypoglycemia,hyponatremia,0.0295385
hypoglycemia,hypothyroidism,0.0187812
hypoglycemia,iron deficiency anemia,0.02685
hypoglycemia,irritable bowel syndrome,0.0394444
hypoglycemia,kidney infection,0.0106667
hypoglycemia,kidney stone,0.0065
hypoglycemia,liver cancer,0.0386667
hypoglycemia,low back pain,0.046
hypoglycemia,lung cancer,0.0255
hypoglycemia,lupus,0.0223
hypoglycemia,lyme disease,0.04675
hypoglycemia,major depression,0.0804375
hypoglycemia,melanoma,0.0445
hypoglycemia,meningitis,0.0299286
hypoglycemia,middle ear infection,0.0155
hypoglycemia,migraine,0.0215769
hypoglycemia,miscarriage,0.019
hypoglycemia,mono,0.034
hypoglycemia,multiple myeloma,0.02875
hypoglycemia,multiple sclerosis,0.0222083
hypoglycemia,myasthenia gravis,0.0416
hypoglycemia,neutropenia,0.0456667
hypoglycemia,obesity,0.0219
hypoglycemia,osteoarthritis,0.0338333
hypoglycemia,osteoporosis,0.026
hypoglycemia,ovarian cancer,0.025625
hypoglycemia,ovarian cyst,0.02275
hypoglycemia,pancreatitis,0.0183
hypoglycemia,parkinson's disease,0.0257
hypoglycemia,pink eye,0.021
hypoglycemia,pleural effusion,0.0266667
hypoglycemia,pneumonia,0.0294286
hypoglycemia,pneumothorax,0.036
hypoglycemia,polycystic ovary syndrome,0.0313333
hypoglycemia,post traumatic stress disorder,0.0761111
hypoglycemia,prostate cancer,0.0311667
hypoglycemia,psoriasis,0.0244167
hypoglycemia,psychosis,0.04095
hypoglycemia,pulmonary embolism,0.0165
hypoglycemia,pulmonary hypertension,0.014
hypoglycemia,retinal detachment,0.015375
hypoglycemia,rhabdomyolysis,0.024625
hypoglycemia,rheumatoid arthritis,0.0164167
hypoglycemia,schizophrenia,0.0214545
hypoglycemia,sciatica,0.043
hypoglycemia,seasonal allergies,0.014125
hypoglycemia,sepsis,0.0303636
hypoglycemia,shingles,0.014625
hypoglycemia,sickle cell anemia,0.02975
hypoglycemia,sinusitis,0.0168
hypoglycemia,sleep apnea,0.0287222
hypoglycemia,spondylosis,0.04025
hypoglycemia,stomach flu,0.0476111
hypoglycemia,stomach ulcer,0.0297143
hypoglycemia,strep throat,0.01725
hypoglycemia,stroke,0.0408846
hypoglycemia,tension headache,0.0315
hypoglycemia,thoracic radiculopathy,0.134
hypoglycemia,thyroid cancer,0.03125
hypoglycemia,thyroid nodules,0.0385
hypoglycemia,traumatic brain injury,0.0250455
hypoglycemia,type 1 diabetes,0.0122143
hypoglycemia,type 2 diabetes,0.021
hypoglycemia,ulcerative colitis,0.0392
hypoglycemia,upper respiratory infection,0.0185
hypoglycemia,urinary tract infection,0.0228571
hypoglycemia,vitamin d deficiency,0.0394444
hyponatremia,hypothyroidism,0.0247778
hyponatremia,insect bites and stings,0.01425
hyponatremia,iron deficiency anemia,0.03445
hyponatremia,irritable bowel syndrome,0.0571
hyponatremia,kidney infection,0.0649375
hyponatremia,kidney stone,0.0564
hyponatremia,liver cancer,0.0576111
hyponatremia,low back pain,0.08
hyponatremia,lung cancer,0.03575
hyponatremia,lupus,0.0349
hyponatremia,lyme disease,0.0677143
hyponatremia,major depression,0.0360833
hyponatremia,melanoma,0.0506111
hyponatremia,meningitis,0.0462308
hyponatremia,middle ear infection,0.0408333
hyponatremia,migraine,0.047
hyponatremia,miscarriage,0.0361667
hyponatremia,mono,0.063
hyponatremia,multiple myeloma,0.035
hyponatremia,multiple sclerosis,0.03585
hyponatremia,myasthenia gravis,0.059
hyponatremia,neutropenia,0.0553333
hyponatremia,obesity,0.0358333
hyponatremia,osteoarthritis,0.01825
hyponatremia,osteoporosis,0.0348333
hyponatremia,ovarian cancer,0.0523333
hyponatremia,ovarian cyst,0.0608333
hyponatremia,pancreatitis,0.0637857
hyponatremia,parkinson's disease,0.0312727
hyponatremia,pink eye,0.04075
hyponatremia,pleural effusion,0.053875
hyponatremia,pneumonia,0.05725
hyponatremia,pneumothorax,0.0293333
hyponatremia,polycystic ovary syndrome,0.0495
hyponatremia,post traumatic stress disorder,0.0522
hyponatremia,prostate cancer,0.037
hyponatremia,psoriasis,0.0298
hyponatremia,psychosis,0.0294167
hyponatremia,pulmonary embolism,0.02225
hyponatremia,pulmonary hypertension,0.031
hyponatremia,retinal detachment,0.029
hyponatremia,rhabdomyolysis,0.0391667
hyponatremia,rheumatoid arthritis,0.03125
hyponatremia,schizophrenia,0.0228
hyponatremia,sciatica,0.0455
hyponatremia,seasonal allergies,0.033
hyponatremia,sepsis,0.0423333
hyponatremia,shingles,0.03575
hyponatremia,sickle cell anemia,0.028875
hyponatremia,sinusitis,0.0426111
hyponatremia,sleep apnea,0.0263
hyponatremia,spondylosis,0.058
hyponatremia,stomach flu,0.0826
hyponatremia,stomach ulcer,0.0379286
hyponatremia,strep throat,0.052875
hyponatremia,stroke,0.0660714
hyponatremia,tension headache,0.0571667
hyponatremia,thoracic radiculopathy,0.168
hyponatremia,thyroid cancer,0.0480556
hyponatremia,thyroid nodules,0.042
hyponatremia,traumatic brain injury,0.0381429
hyponatremia,type 1 diabetes,0.0314
hyponatremia,type 2 diabetes,0.0272778
hyponatremia,ulcerative colitis,0.0558
hyponatremia,upper respiratory infection,0.0745
hyponatremia,urinary tract infection,0.0304167
hyponatremia,vitamin d deficiency,0.0367857
hypothyroidism,insect bites and stings,0.01175
hypothyroidism,iron deficiency anemia,0.0276538
hypothyroidism,irritable bowel syndrome,0.0439
hypothyroidism,kidney infection,0.04555
hypothyroidism,kidney stone,0.0416667
hypothyroidism,liver cancer,0.0379
hypothyroidism,low back pain,0.026
hypothyroidism,lung cancer,0.0220385
hypothyroidism,lupus,0.0182308
hypothyroidism,lyme disease,0.05225
hypothyroidism,major depression,0.0723889
hypothyroidism,melanoma,0.0285909
hypothyroidism,meningitis,0.0477308
hypothyroidism,middle ear infection,0.0167
hypothyroidism,migraine,0.0420882
hypothyroidism,miscarriage,0.022375
hypothyroidism,mono,0.0486364
hypothyroidism,multiple myeloma,0.0174091
hypothyroidism,multiple sclerosis,0.0184643
hypothyroidism,myasthenia gravis,0.0394286
hypothyroidism,neutropenia,0.0421875
hypothyroidism,obesity,0.02435
hypothyroidism,osteoarthritis,0.03075
hypothyroidism,osteoporosis,0.021625
hypothyroidism,ovarian cancer,0.0338182
hypothyroidism,ovarian cyst,0.0484286
hypothyroidism,pancreatitis,0.0543125
hypothyroidism,parkinson's disease,0.0157692
hypothyroidism,pink eye,0.022125
hypothyroidism,plantar fasciitis,0.0105
hypothyroidism,pleural effusion,0.0367
hypothyroidism,pneumonia,0.0338636
hypothyroidism,pneumothorax,0.02325
hypothyroidism,polycystic ovary syndrome,0.0414
hypothyroidism,post traumatic stress disorder,0.0911429
hypothyroidism,prostate cancer,0.0207143
hypothyroidism,psoriasis,0.0320714
hypothyroidism,psychosis,0.0444375
hypothyroidism,pulmonary embolism,0.037
hypothyroidism,pulmonary hypertension,0.0232143
hypothyroidism,retinal detachment,0.0165
hypothyroidism,rhabdomyolysis,0.01775
hypothyroidism,rheumatoid arthritis,0.0173333
hypothyroidism,schizophrenia,0.0240714
hypothyroidism,sciatica,0.04375
hypothyroidism,seasonal allergies,0.0199091
hypothyroidism,sebaceous cyst,0.0158333
hypothyroidism,sepsis,0.026625
hypothyroidism,shingles,0.0155
hypothyroidism,sickle cell anemia,0.0239167
hypothyroidism,sinusitis,0.0267692
hypothyroidism,sleep apnea,0.0216429
hypothyroidism,spondylosis,0.0393889
hypothyroidism,sprained ankle,0.0055
hypothyroidism,sprained knee,0.0165
hypothyroidism,sprained wrist,0.01
hypothyroidism,stomach flu,0.068875
hypothyroidism,stomach ulcer,0.0355
hypothyroidism,strep throat,0.0369375
hypothyroidism,stroke,0.041
hypothyroidism,tension headache,0.0639
hypothyroidism,thoracic radiculopathy,0.127833
hypothyroidism,thyroid cancer,0.0307273
hypothyroidism,thyroid nodules,0.0255833
hypothyroidism,traumatic brain injury,0.0288
hypothyroidism,type 1 diabetes,0.0181364
hypothyroidism,type 2 diabetes,0.0106
hypothyroidism,ulcerative colitis,0.0421818
hypothyroidism,upper respiratory infection,0.0391667
hypothyroidism,urinary tract infection,0.0159231
hypothyroidism,vitamin d deficiency,0.0382
insect bites and stings,kidney infection,0.0941667
insect bites and stings,kidney stone,0.02875
insect bites and stings,liver cancer,0.0265
insect bites and stings,lung cancer,0.0385
insect bites and stings,lupus,0.060375
insect bites and stings,lyme disease,0.0779167
insect bites and stings,melanoma,0.0415
insect bites and stings,meningitis,0.07075
insect bites and stings,middle ear infection,0.061625
insect bites and stings,migraine,0.0185
insect bites and stings,mono,0.119714
insect bites and stings,multiple myeloma,0.0345
insect bites and stings,multiple sclerosis,0.0125
insect bites and stings,neutropenia,0.0896667
insect bites and stings,obesity,0.0608333
insect bites and stings,osteoarthritis,0.083
insect bites and stings,osteoporosis,0.029
insect bites and stings,ovarian cancer,0.0561667
insect bites and stings,ovarian cyst,0.0275
insect bites and stings,pancreatitis,0.02475
insect bites and stings,parkinson's disease,0.0095
insect bites and stings,pink eye,0.0894375
insect bites and stings,plantar fasciitis,0.0705
insect bites and stings,pleural effusion,0.0205
insect bites and stings,pneumonia,0.0423
insect bites and stings,pneumothorax,0.014
insect bites and stings,polycystic ovary syndrome,0.0345
insect bites and stings,post traumatic stress disorder,0.0233333
insect bites and stings,prostate cancer,0.0205
insect bites and stings,psoriasis,0.0588125
insect bites and stings,psychosis,0.0085
insect bites and stings,pulmonary embolism,0.04775
insect bites and stings,retinal detachment,0.0615
insect bites and stings,rhabdomyolysis,0.0485
insect bites and stings,rheumatoid arthritis,0.0687
insect bites and stings,schizophrenia,0.0065
insect bites and stings,seasonal allergies,0.0630714
insect bites and stings,sebaceous cyst,0.1145
insect bites and stings,sepsis,0.07525
insect bites and stings,shingles,0.0875
insect bites and stings,sickle cell anemia,0.045
insect bites and stings,sinusitis,0.04425
insect bites and stings,sleep apnea,0.042
insect bites and stings,spondylosis,0.0315
insect bites and stings,sprained ankle,0.15675
insect bites and stings,sprained knee,0.0845
insect bites and stings,sprained wrist,0.11575
insect bites and stings,stomach flu,0.0526667
insect bites and stings,stomach ulcer,0.022
insect bites and stings,strep throat,0.119125
insect bites and stings,stroke,0.0185
insect bites and stings,tension headache,0.0275
insect bites and stings,thyroid cancer,0.0305
insect bites and stings,thyroid nodules,0.075
insect bites and stings,traumatic brain injury,0.0255
insect bites and stings,type 1 diabetes,0.0145
insect bites and stings,type 2 diabetes,0.0515
insect bites and stings,ulcerative colitis,0.046
insect bites and stings,upper respiratory infection,0.0782
insect bites and stings,urinary tract infection,0.0291667
iron deficiency anemia,irritable bowel syndrome,0.0628571
iron deficiency anemia,kidney infection,0.050875
iron deficiency anemia,kidney stone,0.069
iron deficiency anemia,liver cancer,0.054625
iron deficiency anemia,low back pain,0.0435
iron deficiency anemia,lung cancer,0.0296429
iron deficiency anemia,lupus,0.0286667
iron deficiency anemia,lyme disease,0.06825
iron deficiency anemia,major depression,0.0997143
iron deficiency anemia,melanoma,0.0426
iron deficiency anemia,meningitis,0.0775833
iron deficiency anemia,middle ear infection,0.02725
iron deficiency anemia,migraine,0.0768125
iron deficiency anemia,miscarriage,0.0875
iron deficiency anemia,mono,0.0596429
iron deficiency anemia,multiple myeloma,0.028125
iron deficiency anemia,multiple sclerosis,0.0322857
iron deficiency anemia,myasthenia gravis,0.0557
iron deficiency anemia,neutropenia,0.05375
iron deficiency anemia,obesity,0.0418
iron deficiency anemia,osteoarthritis,0.0429
iron deficiency anemia,osteoporosis,0.0397
iron deficiency anemia,ovarian cancer,0.0482
iron deficiency anemia,ovarian cyst,0.06075
iron deficiency anemia,pancreatitis,0.0587
iron deficiency anemia,parkinson's disease,0.0237222
iron deficiency anemia,pink eye,0.02
iron deficiency anemia,pleural effusion,0.0346667
iron deficiency anemia,pneumonia,0.03775
iron deficiency anemia,polycystic ovary syndrome,0.0529375
iron deficiency anemia,post traumatic stress disorder,0.205833
iron deficiency anemia,prostate cancer,0.0345833
iron deficiency anemia,psoriasis,0.0448
iron deficiency anemia,psychosis,0.089375
iron deficiency anemia,pulmonary hypertension,0.03275
iron deficiency anemia,retinal detachment,0.02575
iron deficiency anemia,rhabdomyolysis,0.0363333
iron deficiency anemia,rheumatoid arthritis,0.0330833
iron deficiency anemia,schizophrenia,0.048125
iron deficiency anemia,sciatica,0.02825
iron deficiency anemia,seasonal allergies,0.03525
iron deficiency anemia,sepsis,0.0449
iron deficiency anemia,shingles,0.026
iron deficiency anemia,sickle cell anemia,0.0195
iron deficiency anemia,sinusitis,0.046
iron deficiency anemia,sleep apnea,0.0506667
iron deficiency anemia,spondylosis,0.05425
iron deficiency anemia,stomach flu,0.0498
iron deficiency anemia,stomach ulcer,0.0528571
iron deficiency anemia,strep throat,0.0419
iron deficiency anemia,stroke,0.051
iron deficiency anemia,tension headache,0.0966667
iron deficiency anemia,thoracic radiculopathy,0.1315
iron deficiency anemia,thyroid cancer,0.0413571
iron deficiency anemia,thyroid nodules,0.0303333
iron deficiency anemia,traumatic brain injury,0.0378333
iron deficiency anemia,type 1 diabetes,0.0309167
iron deficiency anemia,type 2 diabetes,0.0248
iron deficiency anemia,ulcerative colitis,0.0407857
iron deficiency anemia,upper respiratory infection,0.0361667
iron deficiency anemia,urinary tract infection,0.0233333
iron deficiency anemia,vitamin d deficiency,0.0616667
irritable bowel syndrome,kidney infection,0.109045
irritable bowel syndrome,kidney stone,0.107727
irritable bowel syndrome,liver cancer,0.128714
irritable bowel syndrome,low back pain,0.11475
irritable bowel syndrome,lung cancer,0.0467
irritable bowel syndrome,lupus,0.0760909
irritable bowel syndrome,lyme disease,0.0922
irritable bowel syndrome,major depression,0.0837
irritable bowel syndrome,melanoma,0.06125
irritable bowel syndrome,meningitis,0.0912857
irritable bowel syndrome,middle ear infection,0.061875
irritable bowel syndrome,migraine,0.0741786
irritable bowel syndrome,miscarriage,0.107875
irritable bowel syndrome,mono,0.0847778
irritable bowel syndrome,multiple myeloma,0.1165
irritable bowel syndrome,multiple sclerosis,0.0334091
irritable bowel syndrome,myasthenia gravis,0.046125
irritable bowel syndrome,neutropenia,0.1044
irritable bowel syndrome,obesity,0.08905
irritable bowel syndrome,osteoarthritis,0.0737143
irritable bowel syndrome,osteoporosis,0.0771667
irritable bowel syndrome,ovarian cancer,0.0945
irritable bowel syndrome,ovarian cyst,0.131125
irritable bowel syndrome,pancreatitis,0.122269
irritable bowel syndrome,parkinson's disease,0.01775
irritable bowel syndrome,pink eye,0.04525
irritable bowel syndrome,plantar fasciitis,0.144167
irritable bowel syndrome,pleural effusion,0.024
irritable bowel syndrome,pneumonia,0.07975
irritable bowel syndrome,pneumothorax,0.06475
irritable bowel syndrome,polycystic ovary syndrome,0.113318
irritable bowel syndrome,post traumatic stress disorder,0.109278
irritable bowel syndrome,prostate cancer,0.0765
irritable bowel syndrome,psoriasis,0.096125
irritable bowel syndrome,psychosis,0.055875
irritable bowel syndrome,pulmonary embolism,0.03125
irritable bowel syndrome,pulmonary hypertension,0.028
irritable bowel syndrome,retinal detachment,0.0273333
irritable bowel syndrome,rhabdomyolysis,0.0305
irritable bowel syndrome,rheumatoid arthritis,0.0870833
irritable bowel syndrome,schizophrenia,0.0405833
irritable bowel syndrome,sciatica,0.0935
irritable bowel syndrome,seasonal allergies,0.04
irritable bowel syndrome,sebaceous cyst,0.080375
irritable bowel syndrome,sepsis,0.0693
irritable bowel syndrome,shingles,0.104667
irritable bowel syndrome,sickle cell anemia,0.101
irritable bowel syndrome,sinusitis,0.0756875
irritable bowel syndrome,sleep apnea,0.0442222
irritable bowel syndrome,spondylosis,0.0773571
irritable bowel syndrome,sprained ankle,0.1185
irritable bowel syndrome,sprained knee,0.107
irritable bowel syndrome,sprained wrist,0.193
irritable bowel syndrome,stomach flu,0.131667
irritable bowel syndrome,stomach ulcer,0.10705
irritable bowel syndrome,strep throat,0.106667
irritable bowel syndrome,stroke,0.0353333
irritable bowel syndrome,tension headache,0.105167
irritable bowel syndrome,thoracic radiculopathy,0.165333
irritable bowel syndrome,thyroid cancer,0.100375
irritable bowel syndrome,thyroid nodules,0.076
irritable bowel syndrome,traumatic brain injury,0.0531667
irritable bowel syndrome,type 1 diabetes,0.0736429
irritable bowel syndrome,type 2 diabetes,0.01725
irritable bowel syndrome,ulcerative colitis,0.1052
irritable bowel syndrome,upper respiratory infection,0.02525
irritable bowel syndrome,urinary tract infection,0.0576667
irritable bowel syndrome,vitamin d deficiency,0.0557917
kidney infection,kidney stone,0.123278
kidney infection,liver cancer,0.106792
kidney infection,low back pain,0.167571
kidney infection,lung cancer,0.06295
kidney infection,lupus,0.0836
kidney infection,lyme disease,0.1089
kidney infection,major depression,0.038375
kidney infection,melanoma,0.0757
kidney infection,meningitis,0.113923
kidney infection,middle ear infection,0.101917
kidney infection,migraine,0.154286
kidney infection,miscarriage,0.0848636
kidney infection,mono,0.108857
kidney infection,multiple myeloma,0.103429
kidney infection,multiple sclerosis,0.0355
kidney infection,myasthenia gravis,0.0338333
kidney infection,neutropenia,0.09745
kidney infection,obesity,0.105667
kidney infection,osteoarthritis,0.120375
kidney infection,osteoporosis,0.2075
kidney infection,ovarian cancer,0.0940357
kidney infection,ovarian cyst,0.1358
kidney infection,pancreatitis,0.168273
kidney infection,parkinson's disease,0.0238333
kidney infection,pink eye,0.0786
kidney infection,plantar fasciitis,0.190167
kidney infection,pleural effusion,0.04875
kidney infection,pneumonia,0.0700625
kidney infection,pneumothorax,0.0796
kidney infection,polycystic ovary syndrome,0.126556
kidney infection,post traumatic stress disorder,0.0496667
kidney infection,prostate cancer,0.0707273
kidney infection,psoriasis,0.102625
kidney infection,psychosis,0.01125
kidney infection,pulmonary embolism,0.0692
kidney infection,pulmonary hypertension,0.06775
kidney infection,retinal detachment,0.02275
kidney infection,rhabdomyolysis,0.0225714
kidney infection,rheumatoid arthritis,0.084375
kidney infection,schizophrenia,0.01
kidney infection,sciatica,0.2137
kidney infection,seasonal allergies,0.0565
kidney infection,sebaceous cyst,0.107167
kidney infection,sepsis,0.0651818
kidney infection,shingles,0.118667
kidney infection,sickle cell anemia,0.157714
kidney infection,sinusitis,0.086375
kidney infection,sleep apnea,0.04425
kidney infection,spondylosis,0.14525
kidney infection,sprained ankle,0.189333
kidney infection,sprained knee,0.172833
kidney infection,sprained wrist,0.2515
kidney infection,stomach flu,0.110095
kidney infection,stomach ulcer,0.123312
kidney infection,strep throat,0.110125
kidney infection,stroke,0.0255
kidney infection,tension headache,0.245375
kidney infection,thoracic radiculopathy,0.2285
kidney infection,thyroid cancer,0.0834375
kidney infection,thyroid nodules,0.1045
kidney infection,traumatic brain injury,0.098625
kidney infection,type 1 diabetes,0.0654545
kidney infection,type 2 diabetes,0.014625
kidney infection,ulcerative colitis,0.10375
kidney infection,upper respiratory infection,0.0785556
kidney infection,urinary tract infection,0.0547
kidney infection,vitamin d deficiency,0.0345
kidney stone,liver cancer,0.142875
kidney stone,low back pain,0.145063
kidney stone,lung cancer,0.0381429
kidney stone,lupus,0.1014
kidney stone,lyme disease,0.119417
kidney stone,major depression,0.0253333
kidney stone,melanoma,0.078
kidney stone,meningitis,0.118938
kidney stone,middle ear infection,0.0921
kidney stone,migraine,0.121357
kidney stone,miscarriage,0.0680417
kidney stone,mono,0.113389
kidney stone,multiple myeloma,0.0793571
kidney stone,multiple sclerosis,0.013375
kidney stone,myasthenia gravis,0.01575
kidney stone,neutropenia,0.0841429
kidney stone,obesity,0.0862222
kidney stone,osteoarthritis,0.119125
kidney stone,osteoporosis,0.159333
kidney stone,ovarian cancer,0.0962273
kidney stone,ovarian cyst,0.114382
kidney stone,pancreatitis,0.142792
kidney stone,parkinson's disease,0.013125
kidney stone,pink eye,0.033625
kidney stone,plantar fasciitis,0.1383
kidney stone,pleural effusion,0.01675
kidney stone,pneumonia,0.055
kidney stone,pneumothorax,0.101875
kidney stone,polycystic ovary syndrome,0.1057
kidney stone,post traumatic stress disorder,0.028
kidney stone,prostate cancer,0.0642
kidney stone,psoriasis,0.079125
kidney stone,pulmonary embolism,0.02775
kidney stone,pulmonary hypertension,0.0265
kidney stone,retinal detachment,0.0185
kidney stone,rhabdomyolysis,0.05675
kidney stone,rheumatoid arthritis,0.1021
kidney stone,sciatica,0.142375
kidney stone,seasonal allergies,0.03225
kidney stone,sebaceous cyst,0.1905
kidney stone,sepsis,0.0584167
kidney stone,shingles,0.1534
kidney stone,sickle cell anemia,0.1029
kidney stone,sinusitis,0.0874375
kidney stone,sleep apnea,0.023375
kidney stone,spondylosis,0.180167
kidney stone,sprained ankle,0.157
kidney stone,sprained knee,0.1184
kidney stone,sprained wrist,0.2805
kidney stone,stomach flu,0.154833
kidney stone,stomach ulcer,0.126286
kidney stone,strep throat,0.12525
kidney stone,tension headache,0.22
kidney stone,thoracic radiculopathy,0.201083
kidney stone,thyroid cancer,0.0658
kidney stone,thyroid nodules,0.147
kidney stone,traumatic brain injury,0.0768333
kidney stone,type 1 diabetes,0.04525
kidney stone,type 2 diabetes,0.0105
kidney stone,ulcerative colitis,0.111625
kidney stone,upper respiratory infection,0.0705
kidney stone,urinary tract infection,0.049125
kidney stone,vitamin d deficiency,0.035
liver cancer,low back pain,0.123375
liver cancer,lung cancer,0.046
liver cancer,lupus,0.0558077
liver cancer,lyme disease,0.101917
liver cancer,major depression,0.025
liver cancer,melanoma,0.059
liver cancer,meningitis,0.07975
liver cancer,middle ear infection,0.104
liver cancer,migraine,0.08925
liver cancer,miscarriage,0.131667
liver cancer,mono,0.09345
liver cancer,multiple myeloma,0.0588889
liver cancer,multiple sclerosis,0.03475
liver cancer,myasthenia gravis,0.070375
liver cancer,neutropenia,0.0849375
liver cancer,obesity,0.0728125
liver cancer,osteoarthritis,0.12
liver cancer,osteoporosis,0.13875
liver cancer,ovarian cancer,0.0796538
liver cancer,ovarian cyst,0.14575
liver cancer,pancreatitis,0.12785
liver cancer,parkinson's disease,0.0392857
liver cancer,pink eye,0.038
liver cancer,plantar fasciitis,0.209
liver cancer,pleural effusion,0.0541667
liver cancer,pneumonia,0.0556667
liver cancer,pneumothorax,0.076125
liver cancer,polycystic ovary syndrome,0.123583
liver cancer,post traumatic stress disorder,0.0433333
liver cancer,prostate cancer,0.0646667
liver cancer,psoriasis,0.0692
liver cancer,psychosis,0.027875
liver cancer,pulmonary embolism,0.09275
liver cancer,pulmonary hypertension,0.1035
liver cancer,retinal detachment,0.022
liver cancer,rhabdomyolysis,0.0382
liver cancer,rheumatoid arthritis,0.0583125
liver cancer,schizophrenia,0.025
liver cancer,sciatica,0.137125
liver cancer,seasonal allergies,0.0345
liver cancer,sebaceous cyst,0.1165
liver cancer,sepsis,0.0515769
liver cancer,shingles,0.0818
liver cancer,sickle cell anemia,0.1165
liver cancer,sinusitis,0.0608125
liver cancer,sleep apnea,0.0430833
liver cancer,spondylosis,0.127167
liver cancer,sprained ankle,0.21425
liver cancer,sprained knee,0.186
liver cancer,sprained wrist,0.19175
liver cancer,stomach flu,0.139208
liver cancer,stomach ulcer,0.0899375
liver cancer,strep throat,0.0903125
liver cancer,stroke,0.083375
liver cancer,tension headache,0.143833
liver cancer,thoracic radiculopathy,0.16075
liver cancer,thyroid cancer,0.0583571
liver cancer,thyroid nodules,0.172
liver cancer,traumatic brain injury,0.0521
liver cancer,type 1 diabetes,0.0447222
liver cancer,type 2 diabetes,0.032
liver cancer,ulcerative colitis,0.105364
liver cancer,upper respiratory infection,0.0616
liver cancer,urinary tract infection,0.0386154
liver cancer,vitamin d deficiency,0.040125
low back pain,lung cancer,0.101
low back pain,lupus,0.1025
low back pain,lyme disease,0.1016
low back pain,major depression,0.018875
low back pain,melanoma,0.115333
low back pain,meningitis,0.161
low back pain,middle ear infection,0.135
low back pain,migraine,0.0841667
low back pain,miscarriage,0.0707
low back pain,mono,0.0971
low back pain,multiple myeloma,0.1183
low back pain,multiple sclerosis,0.045
low back pain,myasthenia gravis,0.0476667
low back pain,neutropenia,0.0595
low back pain,obesity,0.109333
low back pain,osteoarthritis,0.0906875
low back pain,osteoporosis,0.118583
low back pain,ovarian cancer,0.122125
low back pain,ovarian cyst,0.131417
low back pain,pancreatitis,0.16275
low back pain,parkinson's disease,0.0227143
low back pain,pink eye,0.049
low back pain,plantar fasciitis,0.1146
low back pain,pleural effusion,0.0385
low back pain,pneumonia,0.048
low back pain,pneumothorax,0.168667
low back pain,polycystic ovary syndrome,0.167667
low back pain,post traumatic stress disorder,0.0865
low back pain,prostate cancer,0.0981667
low back pain,psoriasis,0.12725
low back pain,psychosis,0.0095
low back pain,pulmonary embolism,0.0853333
low back pain,pulmonary hypertension,0.2195
low back pain,retinal detachment,0.0226667
low back pain,rhabdomyolysis,0.037125
low back pain,rheumatoid arthritis,0.130333
low back pain,sciatica,0.0982143
low back pain,seasonal allergies,0.0185
low back pain,sebaceous cyst,0.16725
low back pain,sepsis,0.05
low back pain,shingles,0.113083
low back pain,sickle cell anemia,0.143714
low back pain,sinusitis,0.084375
low back pain,sleep apnea,0.01125
low back pain,spondylosis,0.119938
low back pain,sprained ankle,0.0988333
low back pain,sprained knee,0.07275
low back pain,sprained wrist,0.144625
low back pain,stomach flu,0.1055
low back pain,stomach ulcer,0.20175
low back pain,strep throat,0.1405
low back pain,stroke,0.0891667
low back pain,tension headache,0.153
low back pain,thoracic radiculopathy,0.124571
low back pain,thyroid cancer,0.05625
low back pain,thyroid nodules,0.14375
low back pain,traumatic brain injury,0.036
low back pain,type 1 diabetes,0.02325
low back pain,type 2 diabetes,0.028
low back pain,ulcerative colitis,0.165833
low back pain,upper respiratory infection,0.0291667
low back pain,urinary tract infection,0.0554375
low back pain,vitamin d deficiency,0.021
lung cancer,lupus,0.0315
lung cancer,lyme disease,0.0653889
lung cancer,major depression,0.019
lung cancer,melanoma,0.0478333
lung cancer,meningitis,0.052
lung cancer,middle ear infection,0.0451
lung cancer,migraine,0.0402857
lung cancer,miscarriage,0.019
lung cancer,mono,0.0662308
lung cancer,multiple myeloma,0.0407917
lung cancer,multiple sclerosis,0.0242143
lung cancer,myasthenia gravis,0.0572778
lung cancer,neutropenia,0.0693333
lung cancer,obesity,0.0379167
lung cancer,osteoarthritis,0.02825
lung cancer,osteoporosis,0.043875
lung cancer,ovarian cancer,0.0404091
lung cancer,ovarian cyst,0.0511
lung cancer,pancreatitis,0.0501
lung cancer,parkinson's disease,0.0282143
lung cancer,pink eye,0.0369167
lung cancer,plantar fasciitis,0.0105
lung cancer,pleural effusion,0.0480909
lung cancer,pneumonia,0.0590882
lung cancer,pneumothorax,0.0361875
lung cancer,polycystic ovary syndrome,0.05
lung cancer,post traumatic stress disorder,0.01825
lung cancer,prostate cancer,0.0311875
lung cancer,psoriasis,0.0234375
lung cancer,psychosis,0.0139
lung cancer,pulmonary embolism,0.0457222
lung cancer,pulmonary hypertension,0.043625
lung cancer,retinal detachment,0.0143333
lung cancer,rhabdomyolysis,0.0306
lung cancer,rheumatoid arthritis,0.0302778
lung cancer,schizophrenia,0.0109
lung cancer,sciatica,0.070125
lung cancer,seasonal allergies,0.0395625
lung cancer,sebaceous cyst,0.0515
lung cancer,sepsis,0.0446667
lung cancer,shingles,0.0403333
lung cancer,sickle cell anemia,0.0435625
lung cancer,sinusitis,0.0415833
lung cancer,sleep apnea,0.0269583
lung cancer,spondylosis,0.0695
lung cancer,sprained knee,0.0105
lung cancer,stomach flu,0.06115
lung cancer,stomach ulcer,0.0523333
lung cancer,strep throat,0.0600909
lung cancer,stroke,0.0550833
lung cancer,tension headache,0.0545
lung cancer,thoracic radiculopathy,0.1435
lung cancer,thyroid cancer,0.0453125
lung cancer,thyroid nodules,0.0326667
lung cancer,traumatic brain injury,0.0268333
lung cancer,type 1 diabetes,0.03255
lung cancer,type 2 diabetes,0.0301111
lung cancer,ulcerative colitis,0.03555
lung cancer,upper respiratory infection,0.08635
lung cancer,urinary tract infection,0.0238929
lung cancer,vitamin d deficiency,0.0195
lupus,lyme disease,0.0694583
lupus,major depression,0.0188333
lupus,melanoma,0.03225
lupus,meningitis,0.0624688
lupus,middle ear infection,0.0425
lupus,migraine,0.0862778
lupus,miscarriage,0.101
lupus,mono,0.0621111
lupus,multiple myeloma,0.03875
lupus,multiple sclerosis,0.0305909
lupus,myasthenia gravis,0.0502143
lupus,neutropenia,0.0586818
lupus,obesity,0.0404091
lupus,osteoarthritis,0.0788333
lupus,osteoporosis,0.10575
lupus,ovarian cancer,0.0528333
lupus,ovarian cyst,0.10515
lupus,pancreatitis,0.1134
lupus,parkinson's disease,0.0168333
lupus,pink eye,0.0375
lupus,plantar fasciitis,0.145667
lupus,pleural effusion,0.0370556
lupus,pneumonia,0.06225
lupus,pneumothorax,0.046
lupus,polycystic ovary syndrome,0.0713
lupus,post traumatic stress disorder,0.0285
lupus,prostate cancer,0.036375
lupus,psoriasis,0.0348636
lupus,psychosis,0.01325
lupus,pulmonary embolism,0.0435
lupus,pulmonary hypertension,0.0324
lupus,retinal detachment,0.0255
lupus,rhabdomyolysis,0.0271667
lupus,rheumatoid arthritis,0.0382857
lupus,schizophrenia,0.0115
lupus,sciatica,0.0988
lupus,seasonal allergies,0.0285909
lupus,sebaceous cyst,0.099
lupus,sepsis,0.0400833
lupus,shingles,0.0639375
lupus,sickle cell anemia,0.0688
lupus,sinusitis,0.0432188
lupus,sleep apnea,0.0189091
lupus,spondylosis,0.0755
lupus,sprained ankle,0.210667
lupus,sprained knee,0.147167
lupus,sprained wrist,0.170167
lupus,stomach flu,0.101438
lupus,stomach ulcer,0.0554
lupus,strep throat,0.0627
lupus,stroke,0.0598
lupus,tension headache,0.109214
lupus,thoracic radiculopathy,0.139875
lupus,thyroid cancer,0.0362083
lupus,thyroid nodules,0.0483
lupus,traumatic brain injury,0.0415
lupus,type 1 diabetes,0.0216154
lupus,type 2 diabetes,0.0157857
lupus,ulcerative colitis,0.08325
lupus,upper respiratory infection,0.0719091
lupus,urinary tract infection,0.024625
lupus,vitamin d deficiency,0.0260833
lyme disease,major depression,0.055
lyme disease,melanoma,0.06875
lyme disease,meningitis,0.1021
lyme disease,middle ear infection,0.0575
lyme disease,migraine,0.10135
lyme disease,miscarriage,0.057625
lyme disease,mono,0.090125
lyme disease,multiple myeloma,0.0774
lyme disease,multiple sclerosis,0.0594545
lyme disease,myasthenia gravis,0.0855
lyme disease,neutropenia,0.0989375
lyme disease,obesity,0.0633333
lyme disease,osteoarthritis,0.0795
lyme disease,osteoporosis,0.0876667
lyme disease,ovarian cancer,0.08505
lyme disease,ovarian cyst,0.1621
lyme disease,pancreatitis,0.188125
lyme disease,parkinson's disease,0.0461429
lyme disease,pink eye,0.0806875
lyme disease,plantar fasciitis,0.15025
lyme disease,pleural effusion,0.0651
lyme disease,pneumonia,0.0754375
lyme disease,pneumothorax,0.046
lyme disease,polycystic ovary syndrome,0.1204
lyme disease,prostate cancer,0.061125
lyme disease,psoriasis,0.0603125
lyme disease,pulmonary embolism,0.042
lyme disease,pulmonary hypertension,0.0375
lyme disease,retinal detachment,0.059125
lyme disease,rhabdomyolysis,0.069
lyme disease,rheumatoid arthritis,0.06885
lyme disease,sciatica,0.178333
lyme disease,seasonal allergies,0.0574286
lyme disease,sebaceous cyst,0.0738333
lyme disease,sepsis,0.0780625
lyme disease,shingles,0.0764
lyme disease,sickle cell anemia,0.107583
lyme disease,sinusitis,0.0673571
lyme disease,sleep apnea,0.0526429
lyme disease,spondylosis,0.10075
lyme disease,sprained ankle,0.15375
lyme disease,sprained knee,0.1375
lyme disease,sprained wrist,0.149
lyme disease,stomach flu,0.104682
lyme disease,stomach ulcer,0.089875
lyme disease,strep throat,0.0863571
lyme disease,stroke,0.0950833
lyme disease,tension headache,0.117111
lyme disease,thoracic radiculopathy,0.245833
lyme disease,thyroid cancer,0.0788889
lyme disease,thyroid nodules,0.0602
lyme disease,traumatic brain injury,0.0629167
lyme disease,type 1 diabetes,0.0528889
lyme disease,type 2 diabetes,0.0415714
lyme disease,ulcerative colitis,0.0984375
lyme disease,upper respiratory infection,0.0842857
lyme disease,urinary tract infection,0.0573333
lyme disease,vitamin d deficiency,0.035
major depression,melanoma,0.0275
major depression,meningitis,0.12925
major depression,middle ear infection,0.01775
major depression,migraine,0.104188
major depression,miscarriage,0.0161667
major depression,mono,0.02825
major depression,multiple myeloma,0.0125
major depression,multiple sclerosis,0.0149
major depression,myasthenia gravis,0.0155
major depression,obesity,0.1485
major depression,osteoarthritis,0.129
major depression,osteoporosis,0.14775
major depression,ovarian cancer,0.0226667
major depression,ovarian cyst,0.0372
major depression,pancreatitis,0.0942
major depression,parkinson's disease,0.0187143
major depression,pink eye,0.03375
major depression,pneumonia,0.0265
major depression,pneumothorax,0.0198333
major depression,polycystic ovary syndrome,0.1307
major depression,post traumatic stress disorder,0.0747105
major depression,prostate cancer,0.0215
major depression,psoriasis,0.110167
major depression,psychosis,0.068
major depression,pulmonary embolism,0.03125
major depression,pulmonary hypertension,0.213
major depression,retinal detachment,0.0235
major depression,rhabdomyolysis,0.017
major depression,rheumatoid arthritis,0.149333
major depression,schizophrenia,0.0644643
major depression,sciatica,0.0188333
major depression,seasonal allergies,0.1211
major depression,sebaceous cyst,0.02425
major depression,sepsis,0.047
major depression,shingles,0.0185
major depression,sickle cell anemia,0.0265
major depression,sinusitis,0.0403333
major depression,sleep apnea,0.1313
major depression,spondylosis,0.1323
major depression,sprained ankle,0.01525
major depression,sprained knee,0.01625
major depression,sprained wrist,0.034
major depression,stomach flu,0.0276875
major depression,stomach ulcer,0.13925
major depression,strep throat,0.0415
major depression,stroke,0.02475
major depression,tension headache,0.1048
major depression,thoracic radiculopathy,0.057
major depression,thyroid cancer,0.036
major depression,thyroid nodules,0.0285
major depression,traumatic brain injury,0.0275
major depression,type 1 diabetes,0.10975
major depression,ulcerative colitis,0.0187
major depression,upper respiratory infection,0.0253333
major depression,urinary tract infection,0.031
major depression,vitamin d deficiency,0.115143
melanoma,meningitis,0.04725
melanoma,middle ear infection,0.017
melanoma,migraine,0.0621875
melanoma,miscarriage,0.0315
melanoma,mono,0.0638333
melanoma,multiple myeloma,0.0450714
melanoma,multiple sclerosis,0.0429444
melanoma,myasthenia gravis,0.069125
melanoma,neutropenia,0.0591
melanoma,obesity,0.0364
melanoma,osteoarthritis,0.0325
melanoma,osteoporosis,0.0465
melanoma,ovarian cancer,0.0579167
melanoma,ovarian cyst,0.11775
melanoma,pancreatitis,0.15075
melanoma,parkinson's disease,0.0388571
melanoma,pleural effusion,0.059125
melanoma,pneumonia,0.0554167
melanoma,pneumothorax,0.03625
melanoma,polycystic ovary syndrome,0.0606667
melanoma,post traumatic stress disorder,0.0333333
melanoma,prostate cancer,0.043
melanoma,psoriasis,0.0345
melanoma,psychosis,0.0361667
melanoma,pulmonary embolism,0.076
melanoma,pulmonary hypertension,0.0575
melanoma,rhabdomyolysis,0.0371667
melanoma,rheumatoid arthritis,0.034625
melanoma,schizophrenia,0.0301667
melanoma,sciatica,0.108333
melanoma,seasonal allergies,0.0216667
melanoma,sebaceous cyst,0.0565
melanoma,sepsis,0.041
melanoma,shingles,0.0374
melanoma,sickle cell anemia,0.0393
melanoma,sinusitis,0.0336
melanoma,sleep apnea,0.0297857
melanoma,spondylosis,0.0606
melanoma,sprained wrist,0.016
melanoma,stomach flu,0.116583
melanoma,stomach ulcer,0.0366
melanoma,strep throat,0.0375
melanoma,stroke,0.0651875
melanoma,tension headache,0.0773333
melanoma,thoracic radiculopathy,0.199
melanoma,thyroid cancer,0.0450714
melanoma,thyroid nodules,0.0355
melanoma,traumatic brain injury,0.0405833
melanoma,type 1 diabetes,0.0317857
melanoma,type 2 diabetes,0.0300714
melanoma,ulcerative colitis,0.065
melanoma,upper respiratory infection,0.0481667
melanoma,urinary tract infection,0.0373571
melanoma,vitamin d deficiency,0.0336667
meningitis,middle ear infection,0.0896667
meningitis,migraine,0.0869167
meningitis,miscarriage,0.0706667
meningitis,mono,0.102737
meningitis,multiple myeloma,0.0582
meningitis,multiple sclerosis,0.0692857
meningitis,myasthenia gravis,0.0542
meningitis,neutropenia,0.0868182
meningitis,obesity,0.0545
meningitis,osteoarthritis,0.0788333
meningitis,osteoporosis,0.0726667
meningitis,ovarian cancer,0.0805455
meningitis,ovarian cyst,0.171083
meningitis,pancreatitis,0.177
meningitis,parkinson's disease,0.0332
meningitis,pink eye,0.0990625
meningitis,plantar fasciitis,0.2595
meningitis,pleural effusion,0.0579286
meningitis,pneumonia,0.0649643
meningitis,pneumothorax,0.0354167
meningitis,polycystic ovary syndrome,0.1215
meningitis,post traumatic stress disorder,0.02975
meningitis,prostate cancer,0.0600625
meningitis,psoriasis,0.0625
meningitis,psychosis,0.026
meningitis,pulmonary embolism,0.045375
meningitis,pulmonary hypertension,0.031
meningitis,retinal detachment,0.18825
meningitis,rhabdomyolysis,0.0304167
meningitis,rheumatoid arthritis,0.0611667
meningitis,schizophrenia,0.02
meningitis,sciatica,0.191
meningitis,seasonal allergies,0.06775
meningitis,sebaceous cyst,0.0975
meningitis,sepsis,0.0628333
meningitis,shingles,0.0754
meningitis,sickle cell anemia,0.109375
meningitis,sinusitis,0.0779412
meningitis,sleep apnea,0.0289091
meningitis,spondylosis,0.122667
meningitis,sprained ankle,0.269
meningitis,sprained knee,0.2295
meningitis,sprained wrist,0.218
meningitis,stomach flu,0.139538
meningitis,stomach ulcer,0.0697857
meningitis,strep throat,0.105278
meningitis,stroke,0.0908571
meningitis,tension headache,0.139
meningitis,thoracic radiculopathy,0.2425
meningitis,thyroid cancer,0.0845455
meningitis,thyroid nodules,0.101
meningitis,traumatic brain injury,0.0791818
meningitis,type 1 diabetes,0.048
meningitis,type 2 diabetes,0.0213333
meningitis,ulcerative colitis,0.115444
meningitis,upper respiratory infection,0.125278
meningitis,urinary tract infection,0.0516667
meningitis,vitamin d deficiency,0.0357
middle ear infection,migraine,0.0895
middle ear infection,miscarriage,0.0458333
middle ear infection,mono,0.113583
middle ear infection,multiple myeloma,0.0492
middle ear infection,multiple sclerosis,0.0239
middle ear infection,myasthenia gravis,0.0525
middle ear infection,neutropenia,0.10175
middle ear infection,obesity,0.04725
middle ear infection,osteoarthritis,0.114
middle ear infection,osteoporosis,0.1195
middle ear infection,ovarian cancer,0.0631
middle ear infection,ovarian cyst,0.132875
middle ear infection,pancreatitis,0.157167
middle ear infection,parkinson's disease,0.02325
middle ear infection,pink eye,0.0604091
middle ear infection,plantar fasciitis,0.14375
middle ear infection,pleural effusion,0.050625
middle ear infection,pneumonia,0.104917
middle ear infection,pneumothorax,0.044125
middle ear infection,polycystic ovary syndrome,0.089
middle ear infection,prostate cancer,0.0336
middle ear infection,psoriasis,0.0388
middle ear infection,pulmonary embolism,0.034875
middle ear infection,pulmonary hypertension,0.0351667
middle ear infection,retinal detachment,0.1375
middle ear infection,rheumatoid arthritis,0.0544
middle ear infection,sciatica,0.34
middle ear infection,seasonal allergies,0.06925
middle ear infection,sebaceous cyst,0.066
middle ear infection,sepsis,0.0742
middle ear infection,shingles,0.1318
middle ear infection,sickle cell anemia,0.1058
middle ear infection,sinusitis,0.0786
middle ear infection,sleep apnea,0.0268
middle ear infection,spondylosis,0.0781667
middle ear infection,sprained ankle,0.14275
middle ear infection,sprained knee,0.1265
middle ear infection,sprained wrist,0.2275
middle ear infection,stomach flu,0.0764167
middle ear infection,stomach ulcer,0.0688333
middle ear infection,strep throat,0.1345
middle ear infection,stroke,0.05225
middle ear infection,tension headache,0.10925
middle ear infection,thoracic radiculopathy,0.337
middle ear infection,thyroid cancer,0.0508
middle ear infection,thyroid nodules,0.04075
middle ear infection,traumatic brain injury,0.0625
middle ear infection,type 1 diabetes,0.0332
middle ear infection,type 2 diabetes,0.026375
middle ear infection,ulcerative colitis,0.0801
middle ear infection,upper respiratory infection,0.13145
middle ear infection,urinary tract infection,0.039
middle ear infection,vitamin d deficiency,0.025
migraine,miscarriage,0.0730833
migraine,mono,0.0987
migraine,multiple myeloma,0.0420833
migraine,multiple sclerosis,0.0342222
migraine,myasthenia gravis,0.0516667
migraine,neutropenia,0.0831
migraine,obesity,0.0668889
migraine,osteoarthritis,0.0673
migraine,osteoporosis,0.056
migraine,ovarian cancer,0.0911875
migraine,ovarian cyst,0.129062
migraine,pancreatitis,0.13325
migraine,parkinson's disease,0.0224286
migraine,pink eye,0.0955
migraine,plantar fasciitis,0.121833
migraine,pleural effusion,0.0305
migraine,pneumonia,0.0257
migraine,pneumothorax,0.0576667
migraine,polycystic ovary syndrome,0.0954167
migraine,post traumatic stress disorder,0.0734444
migraine,prostate cancer,0.0681667
migraine,psoriasis,0.06025
migraine,psychosis,0.03785
migraine,pulmonary embolism,0.0185
migraine,pulmonary hypertension,0.0173333
migraine,retinal detachment,0.06
migraine,rhabdomyolysis,0.0233333
migraine,rheumatoid arthritis,0.052
migraine,schizophrenia,0.0196667
migraine,sciatica,0.0955833
migraine,seasonal allergies,0.0580833
migraine,sebaceous cyst,0.10975
migraine,sepsis,0.0310714
migraine,shingles,0.053
migraine,sickle cell anemia,0.12225
migraine,sinusitis,0.0701071
migraine,sleep apnea,0.0259444
migraine,spondylosis,0.0945
migraine,sprained ankle,0.18275
migraine,sprained knee,0.1125
migraine,sprained wrist,0.1755
migraine,stomach flu,0.155727
migraine,stomach ulcer,0.07895
migraine,strep throat,0.111187
migraine,stroke,0.0536
migraine,tension headache,0.0959687
migraine,thoracic radiculopathy,0.1575
migraine,thyroid cancer,0.0881875
migraine,thyroid nodules,0.11025
migraine,traumatic brain injury,0.0482895
migraine,type 1 diabetes,0.0519286
migraine,type 2 diabetes,0.020375
migraine,ulcerative colitis,0.129
migraine,upper respiratory infection,0.107833
migraine,urinary tract infection,0.0395
migraine,vitamin d deficiency,0.0456667
miscarriage,mono,0.0775
miscarriage,multiple myeloma,0.08
miscarriage,multiple sclerosis,0.0095
miscarriage,neutropenia,0.055
miscarriage,obesity,0.09
miscarriage,osteoarthritis,0.162
miscarriage,osteoporosis,0.1675
miscarriage,ovarian cancer,0.1376
miscarriage,ovarian cyst,0.129833
miscarriage,pancreatitis,0.1415
miscarriage,parkinson's disease,0.018
miscarriage,pink eye,0.0485
miscarriage,plantar fasciitis,0.08525
miscarriage,pneumothorax,0.0481667
miscarriage,polycystic ovary syndrome,0.116917
miscarriage,post traumatic stress disorder,0.053
miscarriage,prostate cancer,0.0904
miscarriage,psoriasis,0.0395
miscarriage,pulmonary embolism,0.019
miscarriage,pulmonary hypertension,0.0105
miscarriage,retinal detachment,0.0165
miscarriage,rhabdomyolysis,0.11825
miscarriage,rheumatoid arthritis,0.18
miscarriage,sciatica,0.134833
miscarriage,seasonal allergies,0.01975
miscarriage,sebaceous cyst,0.113833
miscarriage,sepsis,0.0515
miscarriage,shingles,0.11
miscarriage,sickle cell anemia,0.0849167
miscarriage,sinusitis,0.046
miscarriage,sleep apnea,0.0258333
miscarriage,spondylosis,0.119
miscarriage,sprained ankle,0.1145
miscarriage,sprained knee,0.080625
miscarriage,sprained wrist,0.2755
miscarriage,stomach flu,0.1093
miscarriage,stomach ulcer,0.0982143
miscarriage,strep throat,0.1155
miscarriage,stroke,0.03625
miscarriage,tension headache,0.09925
miscarriage,thoracic radiculopathy,0.140333
miscarriage,thyroid cancer,0.05075
miscarriage,thyroid nodules,0.0621667
miscarriage,traumatic brain injury,0.088375
miscarriage,type 1 diabetes,0.029875
miscarriage,type 2 diabetes,0.021
miscarriage,ulcerative colitis,0.143625
miscarriage,upper respiratory infection,0.02
miscarriage,urinary tract infection,0.0333
miscarriage,vitamin d deficiency,0.029
mono,multiple myeloma,0.0965
mono,multiple sclerosis,0.0494615
mono,myasthenia gravis,0.0855833
mono,neutropenia,0.0999545
mono,obesity,0.05905
mono,osteoarthritis,0.0775
mono,osteoporosis,0.12025
mono,ovarian cancer,0.0856154
mono,ovarian cyst,0.149938
mono,pancreatitis,0.147062
mono,parkinson's disease,0.04255
mono,pink eye,0.101682
mono,plantar fasciitis,0.130625
mono,pleural effusion,0.0750714
mono,pneumonia,0.104708
mono,pneumothorax,0.0623
mono,polycystic ovary syndrome,0.099
mono,post traumatic stress disorder,0.022
mono,prostate cancer,0.0845625
mono,psoriasis,0.07075
mono,psychosis,0.022
mono,pulmonary embolism,0.0568333
mono,pulmonary hypertension,0.0395
mono,retinal detachment,0.036
mono,rhabdomyolysis,0.0715
mono,rheumatoid arthritis,0.075625
mono,schizophrenia,0.02
mono,sciatica,0.161667
mono,seasonal allergies,0.06925
mono,sebaceous cyst,0.096
mono,sepsis,0.0779167
mono,shingles,0.0733636
mono,sickle cell anemia,0.118
mono,sinusitis,0.0793421
mono,sleep apnea,0.0575
mono,spondylosis,0.08325
mono,sprained ankle,0.177625
mono,sprained knee,0.13175
mono,sprained wrist,0.19
mono,stomach flu,0.120875
mono,stomach ulcer,0.0856429
mono,strep throat,0.09746
mono,stroke,0.0831
mono,tension headache,0.12675
mono,thoracic radiculopathy,0.192
mono,thyroid cancer,0.0770417
mono,thyroid nodules,0.0645714
mono,traumatic brain injury,0.0454286
mono,type 1 diabetes,0.0600417
mono,type 2 diabetes,0.0441875
mono,ulcerative colitis,0.108583
mono,upper respiratory infection,0.110769
mono,urinary tract infection,0.0587917
mono,vitamin d deficiency,0.0313
multiple myeloma,multiple sclerosis,0.0300455
multiple myeloma,myasthenia gravis,0.0534
multiple myeloma,neutropenia,0.0742143
multiple myeloma,obesity,0.03925
multiple myeloma,osteoarthritis,0.0497
multiple myeloma,osteoporosis,0.0484286
multiple myeloma,ovarian cancer,0.0581111
multiple myeloma,ovarian cyst,0.113333
multiple myeloma,pancreatitis,0.118583
multiple myeloma,parkinson's disease,0.02555
multiple myeloma,pink eye,0.043875
multiple myeloma,plantar fasciitis,0.14325
multiple myeloma,pleural effusion,0.05325
multiple myeloma,pneumonia,0.0689545
multiple myeloma,pneumothorax,0.0484
multiple myeloma,polycystic ovary syndrome,0.093625
multiple myeloma,post traumatic stress disorder,0.025
multiple myeloma,prostate cancer,0.0338333
multiple myeloma,psoriasis,0.0333333
multiple myeloma,psychosis,0.02325
multiple myeloma,pulmonary embolism,0.0517
multiple myeloma,pulmonary hypertension,0.049125
multiple myeloma,rhabdomyolysis,0.029
multiple myeloma,rheumatoid arthritis,0.0384444
multiple myeloma,schizophrenia,0.0141667
multiple myeloma,sciatica,0.122917
multiple myeloma,seasonal allergies,0.042
multiple myeloma,sebaceous cyst,0.0805
multiple myeloma,sepsis,0.0516364
multiple myeloma,shingles,0.062
multiple myeloma,sickle cell anemia,0.0979286
multiple myeloma,sinusitis,0.0464375
multiple myeloma,sleep apnea,0.023
multiple myeloma,spondylosis,0.091125
multiple myeloma,sprained ankle,0.2795
multiple myeloma,sprained knee,0.13325
multiple myeloma,sprained wrist,0.2285
multiple myeloma,stomach flu,0.0971667
multiple myeloma,stomach ulcer,0.0616
multiple myeloma,strep throat,0.103833
multiple myeloma,stroke,0.0601
multiple myeloma,tension headache,0.071
multiple myeloma,thoracic radiculopathy,0.1807
multiple myeloma,thyroid cancer,0.04375
multiple myeloma,thyroid nodules,0.06875
multiple myeloma,traumatic brain injury,0.02525
multiple myeloma,type 1 diabetes,0.024625
multiple myeloma,type 2 diabetes,0.0178125
multiple myeloma,ulcerative colitis,0.0973571
multiple myeloma,upper respiratory infection,0.112583
multiple myeloma,urinary tract infection,0.0295909
multiple myeloma,vitamin d deficiency,0.0405
multiple sclerosis,myasthenia gravis,0.0477273
multiple sclerosis,neutropenia,0.0770833
multiple sclerosis,obesity,0.0264167
multiple sclerosis,osteoarthritis,0.01825
multiple sclerosis,osteoporosis,0.0362143
multiple sclerosis,ovarian cancer,0.0272727
multiple sclerosis,ovarian cyst,0.0238333
multiple sclerosis,pancreatitis,0.0304167
multiple sclerosis,parkinson's disease,0.0176
multiple sclerosis,pink eye,0.0247857
multiple sclerosis,plantar fasciitis,0.01575
multiple sclerosis,pleural effusion,0.0356
multiple sclerosis,pneumonia,0.0403333
multiple sclerosis,pneumothorax,0.0122857
multiple sclerosis,polycystic ovary syndrome,0.0285
multiple sclerosis,post traumatic stress disorder,0.01415
multiple sclerosis,prostate cancer,0.0271364
multiple sclerosis,psoriasis,0.01625
multiple sclerosis,psychosis,0.0113636
multiple sclerosis,pulmonary embolism,0.0191
multiple sclerosis,pulmonary hypertension,0.0185
multiple sclerosis,retinal detachment,0.0248333
multiple sclerosis,rhabdomyolysis,0.0285833
multiple sclerosis,rheumatoid arthritis,0.0313889
multiple sclerosis,schizophrenia,0.0088125
multiple sclerosis,sciatica,0.0457857
multiple sclerosis,seasonal allergies,0.026625
multiple sclerosis,sebaceous cyst,0.0218333
multiple sclerosis,sepsis,0.0454
multiple sclerosis,shingles,0.0187692
multiple sclerosis,sickle cell anemia,0.0413333
multiple sclerosis,sinusitis,0.027
multiple sclerosis,sleep apnea,0.0183571
multiple sclerosis,spondylosis,0.0492778
multiple sclerosis,sprained ankle,0.0184
multiple sclerosis,sprained knee,0.0153333
multiple sclerosis,sprained wrist,0.03325
multiple sclerosis,stomach flu,0.053375
multiple sclerosis,stomach ulcer,0.0193333
multiple sclerosis,strep throat,0.04
multiple sclerosis,stroke,0.0355278
multiple sclerosis,tension headache,0.0597
multiple sclerosis,thoracic radiculopathy,0.0829091
multiple sclerosis,thyroid cancer,0.0408125
multiple sclerosis,thyroid nodules,0.0268
multiple sclerosis,traumatic brain injury,0.0192353
multiple sclerosis,type 1 diabetes,0.0274167
multiple sclerosis,type 2 diabetes,0.0245
multiple sclerosis,ulcerative colitis,0.0411667
multiple sclerosis,upper respiratory infection,0.0420625
multiple sclerosis,urinary tract infection,0.0197647
multiple sclerosis,vitamin d deficiency,0.0194375
myasthenia gravis,neutropenia,0.0693
myasthenia gravis,obesity,0.0531667
myasthenia gravis,osteoarthritis,0.01825
myasthenia gravis,osteoporosis,0.05675
myasthenia gravis,ovarian cancer,0.0483333
myasthenia gravis,ovarian cyst,0.0185
myasthenia gravis,pancreatitis,0.0475
myasthenia gravis,parkinson's disease,0.0344167
myasthenia gravis,pink eye,0.0515
myasthenia gravis,pleural effusion,0.065
myasthenia gravis,pneumonia,0.0892143
myasthenia gravis,pneumothorax,0.0571667
myasthenia gravis,post traumatic stress disorder,0.013
myasthenia gravis,prostate cancer,0.0439167
myasthenia gravis,psoriasis,0.0285
myasthenia gravis,psychosis,0.012
myasthenia gravis,pulmonary embolism,0.064875
myasthenia gravis,pulmonary hypertension,0.0545
myasthenia gravis,retinal detachment,0.0185
myasthenia gravis,rhabdomyolysis,0.0425
myasthenia gravis,rheumatoid arthritis,0.0498333
myasthenia gravis,schizophrenia,0.0125
myasthenia gravis,sciatica,0.0418
myasthenia gravis,seasonal allergies,0.0593333
myasthenia gravis,sebaceous cyst,0.048
myasthenia gravis,sepsis,0.0507143
myasthenia gravis,shingles,0.046875
myasthenia gravis,sickle cell anemia,0.0455
myasthenia gravis,sinusitis,0.0490833
myasthenia gravis,sleep apnea,0.0424
myasthenia gravis,spondylosis,0.062125
myasthenia gravis,sprained ankle,0.0175
myasthenia gravis,sprained knee,0.0155
myasthenia gravis,stomach flu,0.0468
myasthenia gravis,stomach ulcer,0.046
myasthenia gravis,strep throat,0.0641
myasthenia gravis,stroke,0.0735
myasthenia gravis,tension headache,0.056
myasthenia gravis,thoracic radiculopathy,0.0853333
myasthenia gravis,thyroid cancer,0.0637
myasthenia gravis,thyroid nodules,0.05325
myasthenia gravis,traumatic brain injury,0.032
myasthenia gravis,type 1 diabetes,0.0431667
myasthenia gravis,type 2 diabetes,0.0421667
myasthenia gravis,ulcerative colitis,0.0537
myasthenia gravis,upper respiratory infection,0.1064
myasthenia gravis,urinary tract infection,0.03675
myasthenia gravis,vitamin d deficiency,0.026
neutropenia,obesity,0.0437857
neutropenia,osteoporosis,0.05
neutropenia,ovarian cancer,0.08085
neutropenia,ovarian cyst,0.115
neutropenia,pancreatitis,0.138417
neutropenia,parkinson's disease,0.0416667
neutropenia,pink eye,0.094625
neutropenia,pleural effusion,0.07775
neutropenia,pneumonia,0.101111
neutropenia,pneumothorax,0.04325
neutropenia,polycystic ovary syndrome,0.0718
neutropenia,post traumatic stress disorder,0.03225
neutropenia,prostate cancer,0.0690714
neutropenia,psoriasis,0.0680833
neutropenia,pulmonary embolism,0.0501667
neutropenia,pulmonary hypertension,0.0435
neutropenia,rhabdomyolysis,0.0535
neutropenia,rheumatoid arthritis,0.0687857
neutropenia,sciatica,0.0565
neutropenia,seasonal allergies,0.0686667
neutropenia,sepsis,0.072
neutropenia,shingles,0.045
neutropenia,sickle cell anemia,0.0674
neutropenia,sinusitis,0.0781667
neutropenia,sleep apnea,0.0417143
neutropenia,spondylosis,0.0905
neutropenia,stomach flu,0.1516
neutropenia,stomach ulcer,0.0685
neutropenia,strep throat,0.09365
neutropenia,stroke,0.11325
neutropenia,tension headache,0.0748333
neutropenia,thoracic radiculopathy,0.1475
neutropenia,thyroid cancer,0.0755
neutropenia,traumatic brain injury,0.04
neutropenia,type 1 diabetes,0.051875
neutropenia,type 2 diabetes,0.0370833
neutropenia,ulcerative colitis,0.106944
neutropenia,upper respiratory infection,0.13375
neutropenia,urinary tract infection,0.0589
neutropenia,vitamin d deficiency,0.0443333
obesity,osteoarthritis,0.0474
obesity,osteoporosis,0.053
obesity,ovarian cancer,0.0662
obesity,ovarian cyst,0.125125
obesity,pancreatitis,0.121889
obesity,parkinson's disease,0.020875
obesity,pink eye,0.069375
obesity,plantar fasciitis,0.0889
obesity,pleural effusion,0.0473333
obesity,pneumonia,0.0435
obesity,pneumothorax,0.056375
obesity,polycystic ovary syndrome,0.0736
obesity,post traumatic stress disorder,0.0927857
obesity,prostate cancer,0.03875
obesity,psoriasis,0.0405909
obesity,psychosis,0.101
obesity,pulmonary embolism,0.0389167
obesity,pulmonary hypertension,0.0372
obesity,rhabdomyolysis,0.0275
obesity,rheumatoid arthritis,0.0389091
obesity,schizophrenia,0.0463333
obesity,sciatica,0.107214
obesity,seasonal allergies,0.0264286
obesity,sebaceous cyst,0.107667
obesity,sepsis,0.026
obesity,shingles,0.05225
obesity,sickle cell anemia,0.0880625
obesity,sinusitis,0.0461429
obesity,sleep apnea,0.0345
obesity,spondylosis,0.06375
obesity,sprained ankle,0.205
obesity,sprained knee,0.141
obesity,sprained wrist,0.12925
obesity,stomach flu,0.152889
obesity,stomach ulcer,0.06765
obesity,strep throat,0.0596667
obesity,stroke,0.1515
obesity,tension headache,0.0765
obesity,thoracic radiculopathy,0.135643
obesity,thyroid cancer,0.0415
obesity,thyroid nodules,0.0633333
obesity,traumatic brain injury,0.0348333
obesity,type 1 diabetes,0.024
obesity,type 2 diabetes,0.0134
obesity,ulcerative colitis,0.109563
obesity,upper respiratory infection,0.052125
obesity,urinary tract infection,0.0228125
obesity,vitamin d deficiency,0.0489167
osteoarthritis,osteoporosis,0.0584375
osteoarthritis,ovarian cancer,0.0925
osteoarthritis,ovarian cyst,0.144875
osteoarthritis,pancreatitis,0.1115
osteoarthritis,parkinson's disease,0.0142857
osteoarthritis,pink eye,0.09
osteoarthritis,plantar fasciitis,0.1155
osteoarthritis,pneumothorax,0.0573333
osteoarthritis,polycystic ovary syndrome,0.0956
osteoarthritis,post traumatic stress disorder,0.1303
osteoarthritis,prostate cancer,0.0395
osteoarthritis,psoriasis,0.0639
osteoarthritis,psychosis,0.111167
osteoarthritis,pulmonary embolism,0.0331667
osteoarthritis,pulmonary hypertension,0.033375
osteoarthritis,retinal detachment,0.0215
osteoarthritis,rhabdomyolysis,0.03925
osteoarthritis,rheumatoid arthritis,0.0636429
osteoarthritis,schizophrenia,0.0565
osteoarthritis,sciatica,0.08925
osteoarthritis,seasonal allergies,0.039
osteoarthritis,sebaceous cyst,0.103667
osteoarthritis,shingles,0.07425
osteoarthritis,sickle cell anemia,0.142
osteoarthritis,sinusitis,0.06675
osteoarthritis,sleep apnea,0.051125
osteoarthritis,spondylosis,0.0607222
osteoarthritis,sprained ankle,0.209833
osteoarthritis,sprained knee,0.12925
osteoarthritis,sprained wrist,0.140375
osteoarthritis,stomach flu,0.078875
osteoarthritis,stomach ulcer,0.104875
osteoarthritis,strep throat,0.070875
osteoarthritis,tension headache,0.0861667
osteoarthritis,thoracic radiculopathy,0.113278
osteoarthritis,thyroid nodules,0.064
osteoarthritis,traumatic brain injury,0.0151667
osteoarthritis,type 1 diabetes,0.0395
osteoarthritis,type 2 diabetes,0.0215
osteoarthritis,ulcerative colitis,0.111
osteoarthritis,upper respiratory infection,0.023
osteoarthritis,urinary tract infection,0.0156
osteoarthritis,vitamin d deficiency,0.0607
osteoporosis,ovarian cancer,0.103167
osteoporosis,ovarian cyst,0.173
osteoporosis,pancreatitis,0.127125
osteoporosis,parkinson's disease,0.0336667
osteoporosis,plantar fasciitis,0.17575
osteoporosis,pleural effusion,0.029
osteoporosis,pneumonia,0.0385
osteoporosis,pneumothorax,0.0935
osteoporosis,polycystic ovary syndrome,0.10675
osteoporosis,post traumatic stress disorder,0.15575
osteoporosis,prostate cancer,0.06075
osteoporosis,psoriasis,0.0538
osteoporosis,psychosis,0.0998333
osteoporosis,pulmonary embolism,0.035
osteoporosis,pulmonary hypertension,0.0305
osteoporosis,rhabdomyolysis,0.0286667
osteoporosis,rheumatoid arthritis,0.0613
osteoporosis,schizophrenia,0.0451667
osteoporosis,sciatica,0.124929
osteoporosis,seasonal allergies,0.0256667
osteoporosis,sebaceous cyst,0.10875
osteoporosis,sepsis,0.0405
osteoporosis,shingles,0.086625
osteoporosis,sickle cell anemia,0.165
osteoporosis,sinusitis,0.06475
osteoporosis,sleep apnea,0.0506667
osteoporosis,spondylosis,0.074875
osteoporosis,sprained ankle,0.345
osteoporosis,sprained knee,0.16575
osteoporosis,sprained wrist,0.155
osteoporosis,stomach flu,0.079
osteoporosis,stomach ulcer,0.123
osteoporosis,strep throat,0.2055
osteoporosis,stroke,0.064
osteoporosis,tension headache,0.07275
osteoporosis,thoracic radiculopathy,0.19225
osteoporosis,thyroid cancer,0.03675
osteoporosis,thyroid nodules,0.106
osteoporosis,traumatic brain injury,0.014
osteoporosis,type 1 diabetes,0.0245
osteoporosis,type 2 diabetes,0.02075
osteoporosis,ulcerative colitis,0.15725
osteoporosis,upper respiratory infection,0.0275
osteoporosis,urinary tract infection,0.0308333
osteoporosis,vitamin d deficiency,0.0686667
ovarian cancer,ovarian cyst,0.113
ovarian cancer,pancreatitis,0.148667
ovarian cancer,parkinson's disease,0.0248571
ovarian cancer,pink eye,0.0344
ovarian cancer,plantar fasciitis,0.212
ovarian cancer,pleural effusion,0.0423571
ovarian cancer,pneumonia,0.0579375
ovarian cancer,pneumothorax,0.074
ovarian cancer,polycystic ovary syndrome,0.111187
ovarian cancer,post traumatic stress disorder,0.0468333
ovarian cancer,prostate cancer,0.0501
ovarian cancer,psoriasis,0.0629375
ovarian cancer,psychosis,0.016
ovarian cancer,pulmonary embolism,0.052125
ovarian cancer,pulmonary hypertension,0.05575
ovarian cancer,retinal detachment,0.02275
ovarian cancer,rhabdomyolysis,0.0278
ovarian cancer,rheumatoid arthritis,0.04925
ovarian cancer,schizophrenia,0.0115
ovarian cancer,sciatica,0.113
ovarian cancer,seasonal allergies,0.0252
ovarian cancer,sebaceous cyst,0.12675
ovarian cancer,sepsis,0.049875
ovarian cancer,shingles,0.0893333
ovarian cancer,sickle cell anemia,0.110214
ovarian cancer,sinusitis,0.0515833
ovarian cancer,sleep apnea,0.0314286
ovarian cancer,spondylosis,0.125333
ovarian cancer,sprained ankle,0.151
ovarian cancer,sprained knee,0.1345
ovarian cancer,sprained wrist,0.19475
ovarian cancer,stomach flu,0.126633
ovarian cancer,stomach ulcer,0.0868889
ovarian cancer,strep throat,0.0836818
ovarian cancer,stroke,0.09475
ovarian cancer,tension headache,0.124125
ovarian cancer,thoracic radiculopathy,0.205333
ovarian cancer,thyroid cancer,0.0574375
ovarian cancer,thyroid nodules,0.11425
ovarian cancer,traumatic brain injury,0.0681667
ovarian cancer,type 1 diabetes,0.0421364
ovarian cancer,type 2 diabetes,0.021
ovarian cancer,ulcerative colitis,0.085375
ovarian cancer,upper respiratory infection,0.0598333
ovarian cancer,urinary tract infection,0.0375769
ovarian cancer,vitamin d deficiency,0.040625
ovarian cyst,pancreatitis,0.1655
ovarian cyst,parkinson's disease,0.0395
ovarian cyst,pink eye,0.041
ovarian cyst,plantar fasciitis,0.245833
ovarian cyst,pleural effusion,0.0195
ovarian cyst,pneumonia,0.0756667
ovarian cyst,pneumothorax,0.2295
ovarian cyst,polycystic ovary syndrome,0.116643
ovarian cyst,post traumatic stress disorder,0.079625
ovarian cyst,prostate cancer,0.0942143
ovarian cyst,psoriasis,0.104625
ovarian cyst,psychosis,0.03325
ovarian cyst,pulmonary embolism,0.031
ovarian cyst,retinal detachment,0.0215
ovarian cyst,rhabdomyolysis,0.0365
ovarian cyst,rheumatoid arthritis,0.152125
ovarian cyst,schizophrenia,0.016
ovarian cyst,sciatica,0.137917
ovarian cyst,seasonal allergies,0.0275
ovarian cyst,sebaceous cyst,0.252333
ovarian cyst,sepsis,0.0808
ovarian cyst,shingles,0.190333
ovarian cyst,sickle cell anemia,0.153
ovarian cyst,sinusitis,0.124857
ovarian cyst,sleep apnea,0.0523333
ovarian cyst,spondylosis,0.2025
ovarian cyst,sprained ankle,0.249167
ovarian cyst,sprained knee,0.1785
ovarian cyst,sprained wrist,0.3435
ovarian cyst,stomach flu,0.157857
ovarian cyst,stomach ulcer,0.146875
ovarian cyst,strep throat,0.167429
ovarian cyst,tension headache,0.20175
ovarian cyst,thoracic radiculopathy,0.203625
ovarian cyst,thyroid cancer,0.079
ovarian cyst,thyroid nodules,0.2375
ovarian cyst,traumatic brain injury,0.085125
ovarian cyst,type 1 diabetes,0.0641429
ovarian cyst,ulcerative colitis,0.131577
ovarian cyst,upper respiratory infection,0.072375
ovarian cyst,urinary tract infection,0.0530714
ovarian cyst,vitamin d deficiency,0.0556667
pancreatitis,parkinson's disease,0.0121667
pancreatitis,pink eye,0.032
pancreatitis,plantar fasciitis,0.216167
pancreatitis,pleural effusion,0.0155
pancreatitis,pneumonia,0.0781667
pancreatitis,pneumothorax,0.3975
pancreatitis,polycystic ovary syndrome,0.13905
pancreatitis,post traumatic stress disorder,0.1246
pancreatitis,prostate cancer,0.1234
pancreatitis,psoriasis,0.113
pancreatitis,psychosis,0.0738333
pancreatitis,pulmonary embolism,0.0365
pancreatitis,pulmonary hypertension,0.0095
pancreatitis,rheumatoid arthritis,0.0925
pancreatitis,schizophrenia,0.039
pancreatitis,sciatica,0.12625
pancreatitis,seasonal allergies,0.0205
pancreatitis,sebaceous cyst,0.3005
pancreatitis,sepsis,0.1064
pancreatitis,shingles,0.173
pancreatitis,sickle cell anemia,0.1535
pancreatitis,sinusitis,0.132167
pancreatitis,sleep apnea,0.0606
pancreatitis,spondylosis,0.145
pancreatitis,sprained ankle,0.219167
pancreatitis,sprained knee,0.2015
pancreatitis,sprained wrist,0.30275
pancreatitis,stomach flu,0.151333
pancreatitis,stomach ulcer,0.122417
pancreatitis,strep throat,0.166286
pancreatitis,tension headache,0.250833
pancreatitis,thoracic radiculopathy,0.181
pancreatitis,thyroid cancer,0.0937
pancreatitis,thyroid nodules,0.397
pancreatitis,traumatic brain injury,0.109667
pancreatitis,type 1 diabetes,0.0826429
pancreatitis,ulcerative colitis,0.160409
pancreatitis,upper respiratory infection,0.0554
pancreatitis,urinary tract infection,0.0601667
pancreatitis,vitamin d deficiency,0.0674
parkinson's disease,pink eye,0.028
parkinson's disease,plantar fasciitis,0.0305
parkinson's disease,pleural effusion,0.0409286
parkinson's disease,pneumonia,0.050375
parkinson's disease,pneumothorax,0.023
parkinson's disease,polycystic ovary syndrome,0.024
parkinson's disease,post traumatic stress disorder,0.0152857
parkinson's disease,prostate cancer,0.0242222
parkinson's disease,psoriasis,0.018
parkinson's disease,psychosis,0.0229444
parkinson's disease,pulmonary embolism,0.0535
parkinson's disease,pulmonary hypertension,0.0281
parkinson's disease,retinal detachment,0.0145
parkinson's disease,rhabdomyolysis,0.027
parkinson's disease,rheumatoid arthritis,0.0199286
parkinson's disease,schizophrenia,0.02
parkinson's disease,sciatica,0.0242143
parkinson's disease,seasonal allergies,0.0223333
parkinson's disease,sepsis,0.0338636
parkinson's disease,shingles,0.0178333
parkinson's disease,sickle cell anemia,0.021375
parkinson's disease,sinusitis,0.0235556
parkinson's disease,sleep apnea,0.0162917
parkinson's disease,spondylosis,0.0359
parkinson's disease,sprained ankle,0.02
parkinson's disease,sprained knee,0.012
parkinson's disease,sprained wrist,0.03625
parkinson's disease,stomach flu,0.022375
parkinson's disease,stomach ulcer,0.0115
parkinson's disease,strep throat,0.0268889
parkinson's disease,stroke,0.0419091
parkinson's disease,tension headache,0.036875
parkinson's disease,thoracic radiculopathy,0.0474167
parkinson's disease,thyroid cancer,0.0315
parkinson's disease,thyroid nodules,0.0246667
parkinson's disease,traumatic brain injury,0.02215
parkinson's disease,type 1 diabetes,0.014875
parkinson's disease,type 2 diabetes,0.0155455
parkinson's disease,ulcerative colitis,0.0156429
parkinson's disease,upper respiratory infection,0.0630625
parkinson's disease,urinary tract infection,0.0193462
parkinson's disease,vitamin d deficiency,0.0155
pink eye,plantar fasciitis,0.13775
pink eye,pleural effusion,0.048125
pink eye,pneumonia,0.0986667
pink eye,pneumothorax,0.0473333
pink eye,polycystic ovary syndrome,0.0345
pink eye,post traumatic stress disorder,0.0705
pink eye,prostate cancer,0.032
pink eye,psoriasis,0.0685714
pink eye,pulmonary embolism,0.0493
pink eye,pulmonary hypertension,0.0365
pink eye,retinal detachment,0.0642
pink eye,rhabdomyolysis,0.088
pink eye,rheumatoid arthritis,0.0623333
pink eye,seasonal allergies,0.0718846
pink eye,sebaceous cyst,0.143167
pink eye,sepsis,0.0974
pink eye,shingles,0.0733889
pink eye,sickle cell anemia,0.0508
pink eye,sinusitis,0.0535714
pink eye,sleep apnea,0.0258
pink eye,spondylosis,0.0445
pink eye,sprained ankle,0.1705
pink eye,sprained knee,0.107
pink eye,sprained wrist,0.2205
pink eye,stomach flu,0.05975
pink eye,stomach ulcer,0.025
pink eye,strep throat,0.118227
pink eye,stroke,0.04025
pink eye,tension headache,0.0948
pink eye,thyroid cancer,0.04925
pink eye,thyroid nodules,0.0595
pink eye,traumatic brain injury,0.055
pink eye,type 1 diabetes,0.03075
pink eye,type 2 diabetes,0.0773333
pink eye,ulcerative colitis,0.042875
pink eye,upper respiratory infection,0.124312
pink eye,urinary tract infection,0.040125
pink eye,vitamin d deficiency,0.02
plantar fasciitis,pneumothorax,0.1505
plantar fasciitis,polycystic ovary syndrome,0.171333
plantar fasciitis,post traumatic stress disorder,0.009
plantar fasciitis,prostate cancer,0.148
plantar fasciitis,psoriasis,0.117833
plantar fasciitis,pulmonary embolism,0.041
plantar fasciitis,rhabdomyolysis,0.03
plantar fasciitis,rheumatoid arthritis,0.1475
plantar fasciitis,sciatica,0.1025
plantar fasciitis,seasonal allergies,0.04375
plantar fasciitis,sebaceous cyst,0.173833
plantar fasciitis,sepsis,0.0105
plantar fasciitis,shingles,0.0937
plantar fasciitis,sickle cell anemia,0.169
plantar fasciitis,sinusitis,0.15575
plantar fasciitis,sleep apnea,0.0085
plantar fasciitis,spondylosis,0.2055
plantar fasciitis,sprained ankle,0.15975
plantar fasciitis,sprained knee,0.0861667
plantar fasciitis,sprained wrist,0.130333
plantar fasciitis,stomach flu,0.233
plantar fasciitis,stomach ulcer,0.20775
plantar fasciitis,strep throat,0.126125
plantar fasciitis,tension headache,0.24025
plantar fasciitis,thoracic radiculopathy,0.1235
plantar fasciitis,thyroid nodules,0.17325
plantar fasciitis,traumatic brain injury,0.0385
plantar fasciitis,type 1 diabetes,0.12
plantar fasciitis,type 2 diabetes,0.046
plantar fasciitis,ulcerative colitis,0.2475
plantar fasciitis,upper respiratory infection,0.03175
plantar fasciitis,urinary tract infection,0.055
pleural effusion,pneumonia,0.0749167
pleural effusion,pneumothorax,0.0569
pleural effusion,prostate cancer,0.0293
pleural effusion,psoriasis,0.0216667
pleural effusion,pulmonary embolism,0.088
pleural effusion,pulmonary hypertension,0.0509375
pleural effusion,retinal detachment,0.028
pleural effusion,rhabdomyolysis,0.029
pleural effusion,rheumatoid arthritis,0.0383333
pleural effusion,schizophrenia,0.01875
pleural effusion,sciatica,0.0355
pleural effusion,seasonal allergies,0.0551667
pleural effusion,sepsis,0.0498182
pleural effusion,shingles,0.0235
pleural effusion,sickle cell anemia,0.059
pleural effusion,sinusitis,0.0515625
pleural effusion,sleep apnea,0.0478333
pleural effusion,spondylosis,0.0695
pleural effusion,stomach flu,0.034
pleural effusion,stomach ulcer,0.0975
pleural effusion,strep throat,0.0735
pleural effusion,stroke,0.0905
pleural effusion,tension headache,0.024
pleural effusion,thoracic radiculopathy,0.1265
pleural effusion,thyroid cancer,0.0454
pleural effusion,type 1 diabetes,0.0375714
pleural effusion,type 2 diabetes,0.0401667
pleural effusion,ulcerative colitis,0.031
pleural effusion,upper respiratory infection,0.101813
pleural effusion,urinary tract infection,0.0288
pleural effusion,vitamin d deficiency,0.024
pneumonia,pneumothorax,0.0545
pneumonia,polycystic ovary syndrome,0.05575
pneumonia,post traumatic stress disorder,0.0145
pneumonia,prostate cancer,0.0495714
pneumonia,psoriasis,0.0505
pneumonia,psychosis,0.021
pneumonia,pulmonary embolism,0.0726111
pneumonia,pulmonary hypertension,0.0692222
pneumonia,retinal detachment,0.027
pneumonia,rhabdomyolysis,0.0345
pneumonia,rheumatoid arthritis,0.04445
pneumonia,schizophrenia,0.0184167
pneumonia,sciatica,0.045
pneumonia,seasonal allergies,0.0713333
pneumonia,sebaceous cyst,0.0245
pneumonia,sepsis,0.0606053
pneumonia,shingles,0.03225
pneumonia,sickle cell anemia,0.0825833
pneumonia,sinusitis,0.0677692
pneumonia,sleep apnea,0.0595
pneumonia,spondylosis,0.079
pneumonia,stomach flu,0.0791111
pneumonia,stomach ulcer,0.0551667
pneumonia,strep throat,0.102583
pneumonia,stroke,0.072125
pneumonia,tension headache,0.04875
pneumonia,thoracic radiculopathy,0.136
pneumonia,thyroid cancer,0.0837857
pneumonia,traumatic brain injury,0.02425
pneumonia,type 1 diabetes,0.06065
pneumonia,type 2 diabetes,0.04555
pneumonia,ulcerative colitis,0.0697143
pneumonia,upper respiratory infection,0.122455
pneumonia,urinary tract infection,0.0371667
pneumonia,vitamin d deficiency,0.027
pneumothorax,polycystic ovary syndrome,0.249
pneumothorax,post traumatic stress disorder,0.017125
pneumothorax,prostate cancer,0.02875
pneumothorax,psoriasis,0.0355
pneumothorax,psychosis,0.0148333
pneumothorax,pulmonary embolism,0.04575
pneumothorax,pulmonary hypertension,0.0335
pneumothorax,retinal detachment,0.016
pneumothorax,rhabdomyolysis,0.0155
pneumothorax,rheumatoid arthritis,0.0523
pneumothorax,schizophrenia,0.0095
pneumothorax,sciatica,0.26775
pneumothorax,seasonal allergies,0.0434
pneumothorax,sebaceous cyst,0.0553333
pneumothorax,sepsis,0.029
pneumothorax,shingles,0.0728333
pneumothorax,sickle cell anemia,0.0786667
pneumothorax,sinusitis,0.0523
pneumothorax,sleep apnea,0.0263333
pneumothorax,spondylosis,0.084
pneumothorax,sprained ankle,0.112167
pneumothorax,sprained knee,0.07575
pneumothorax,sprained wrist,0.133
pneumothorax,stomach flu,0.0821667
pneumothorax,stomach ulcer,0.0818333
pneumothorax,strep throat,0.07375
pneumothorax,stroke,0.03525
pneumothorax,tension headache,0.1565
pneumothorax,thoracic radiculopathy,0.2995
pneumothorax,thyroid cancer,0.05
pneumothorax,thyroid nodules,0.0545
pneumothorax,traumatic brain injury,0.024
pneumothorax,type 1 diabetes,0.0351667
pneumothorax,type 2 diabetes,0.026375
pneumothorax,ulcerative colitis,0.074
pneumothorax,upper respiratory infection,0.151
pneumothorax,urinary tract infection,0.0152
pneumothorax,vitamin d deficiency,0.022
polycystic ovary syndrome,post traumatic stress disorder,0.1369
polycystic ovary syndrome,prostate cancer,0.085625
polycystic ovary syndrome,psoriasis,0.0717778
polycystic ovary syndrome,psychosis,0.109167
polycystic ovary syndrome,pulmonary embolism,0.0345
polycystic ovary syndrome,pulmonary hypertension,0.03425
polycystic ovary syndrome,retinal detachment,0.0475
polycystic ovary syndrome,rhabdomyolysis,0.055
polycystic ovary syndrome,rheumatoid arthritis,0.0921
polycystic ovary syndrome,schizophrenia,0.0545
polycystic ovary syndrome,sciatica,0.188167
polycystic ovary syndrome,seasonal allergies,0.0368333
polycystic ovary syndrome,sebaceous cyst,0.232
polycystic ovary syndrome,sepsis,0.043
polycystic ovary syndrome,shingles,0.18175
polycystic ovary syndrome,sickle cell anemia,0.1468
polycystic ovary syndrome,sinusitis,0.086
polycystic ovary syndrome,sleep apnea,0.0470833
polycystic ovary syndrome,spondylosis,0.0877143
polycystic ovary syndrome,sprained ankle,0.25225
polycystic ovary syndrome,sprained knee,0.156
polycystic ovary syndrome,sprained wrist,0.22975
polycystic ovary syndrome,stomach flu,0.1515
polycystic ovary syndrome,stomach ulcer,0.0852083
polycystic ovary syndrome,strep throat,0.104071
polycystic ovary syndrome,stroke,0.0491667
polycystic ovary syndrome,tension headache,0.146643
polycystic ovary syndrome,thoracic radiculopathy,0.190833
polycystic ovary syndrome,thyroid cancer,0.0619167
polycystic ovary syndrome,thyroid nodules,0.109833
polycystic ovary syndrome,traumatic brain injury,0.0540714
polycystic ovary syndrome,type 1 diabetes,0.0472857
polycystic ovary syndrome,type 2 diabetes,0.033
polycystic ovary syndrome,ulcerative colitis,0.12475
polycystic ovary syndrome,upper respiratory infection,0.0551667
polycystic ovary syndrome,urinary tract infection,0.04675
polycystic ovary syndrome,vitamin d deficiency,0.06225
post traumatic stress disorder,prostate cancer,0.015
post traumatic stress disorder,psoriasis,0.0962857
post traumatic stress disorder,psychosis,0.0576429
post traumatic stress disorder,pulmonary embolism,0.0165
post traumatic stress disorder,pulmonary hypertension,0.137
post traumatic stress disorder,retinal detachment,0.0385
post traumatic stress disorder,rhabdomyolysis,0.0193
post traumatic stress disorder,rheumatoid arthritis,0.136667
post traumatic stress disorder,schizophrenia,0.0498158
post traumatic stress disorder,sciatica,0.079
post traumatic stress disorder,seasonal allergies,0.141625
post traumatic stress disorder,sepsis,0.0216667
post traumatic stress disorder,shingles,0.01975
post traumatic stress disorder,sickle cell anemia,0.0463333
post traumatic stress disorder,sinusitis,0.02
post traumatic stress disorder,sleep apnea,0.0985
post traumatic stress disorder,spondylosis,0.116667
post traumatic stress disorder,sprained ankle,0.01975
post traumatic stress disorder,sprained knee,0.012
post traumatic stress disorder,sprained wrist,0.02525
post traumatic stress disorder,stomach flu,0.13925
post traumatic stress disorder,stomach ulcer,0.1233
post traumatic stress disorder,strep throat,0.018
post traumatic stress disorder,stroke,0.0237
post traumatic stress disorder,tension headache,0.0432
post traumatic stress disorder,thoracic radiculopathy,0.15125
post traumatic stress disorder,thyroid cancer,0.0285
post traumatic stress disorder,thyroid nodules,0.03375
post traumatic stress disorder,traumatic brain injury,0.0258571
post traumatic stress disorder,type 1 diabetes,0.0725
post traumatic stress disorder,type 2 diabetes,0.0065
post traumatic stress disorder,ulcerative colitis,0.13875
post traumatic stress disorder,upper respiratory infection,0.018
post traumatic stress disorder,urinary tract infection,0.014625
post traumatic stress disorder,vitamin d deficiency,0.131167
prostate cancer,psoriasis,0.0239
prostate cancer,pulmonary embolism,0.020625
prostate cancer,pulmonary hypertension,0.0225
prostate cancer,retinal detachment,0.02
prostate cancer,rhabdomyolysis,0.035625
prostate cancer,rheumatoid arthritis,0.03725
prostate cancer,schizophrenia,0.0105
prostate cancer,sciatica,0.105417
prostate cancer,seasonal allergies,0.0195
prostate cancer,sebaceous cyst,0.062
prostate cancer,sepsis,0.05775
prostate cancer,shingles,0.0481667
prostate cancer,sickle cell anemia,0.1057
prostate cancer,sinusitis,0.0340714
prostate cancer,sleep apnea,0.0199
prostate cancer,spondylosis,0.08325
prostate cancer,sprained ankle,0.142
prostate cancer,sprained knee,0.12575
prostate cancer,sprained wrist,0.219
prostate cancer,stomach flu,0.0618
prostate cancer,stomach ulcer,0.068125
prostate cancer,strep throat,0.0865
prostate cancer,stroke,0.1005
prostate cancer,tension headache,0.0706667
prostate cancer,thoracic radiculopathy,0.1577
prostate cancer,thyroid cancer,0.0387
prostate cancer,thyroid nodules,0.0466667
prostate cancer,traumatic brain injury,0.0325
prostate cancer,type 1 diabetes,0.0220714
prostate cancer,type 2 diabetes,0.0224
prostate cancer,ulcerative colitis,0.0551818
prostate cancer,upper respiratory infection,0.0491
prostate cancer,urinary tract infection,0.03
prostate cancer,vitamin d deficiency,0.02
psoriasis,psychosis,0.113667
psoriasis,pulmonary embolism,0.0275
psoriasis,pulmonary hypertension,0.027875
psoriasis,retinal detachment,0.0205
psoriasis,rhabdomyolysis,0.045
psoriasis,rheumatoid arthritis,0.0413636
psoriasis,schizophrenia,0.059
psoriasis,sciatica,0.323
psoriasis,seasonal allergies,0.0353889
psoriasis,sebaceous cyst,0.0829
psoriasis,sepsis,0.0541667
psoriasis,shingles,0.061
psoriasis,sickle cell anemia,0.0793333
psoriasis,sinusitis,0.0353333
psoriasis,sleep apnea,0.04
psoriasis,spondylosis,0.066
psoriasis,sprained ankle,0.25775
psoriasis,sprained knee,0.171
psoriasis,sprained wrist,0.194
psoriasis,stomach flu,0.119389
psoriasis,stomach ulcer,0.0655
psoriasis,strep throat,0.06935
psoriasis,stroke,0.01275
psoriasis,tension headache,0.0571667
psoriasis,thoracic radiculopathy,0.32
psoriasis,thyroid cancer,0.041375
psoriasis,thyroid nodules,0.039
psoriasis,traumatic brain injury,0.02075
psoriasis,type 1 diabetes,0.0223125
psoriasis,type 2 diabetes,0.0265
psoriasis,ulcerative colitis,0.095625
psoriasis,upper respiratory infection,0.0554
psoriasis,urinary tract infection,0.0346429
psoriasis,vitamin d deficiency,0.0624
psychosis,pulmonary embolism,0.033
psychosis,pulmonary hypertension,0.108
psychosis,retinal detachment,0.0135
psychosis,rhabdomyolysis,0.0158333
psychosis,rheumatoid arthritis,0.0766667
psychosis,schizophrenia,0.0334583
psychosis,sciatica,0.0165
psychosis,seasonal allergies,0.0921667
psychosis,sebaceous cyst,0.016
psychosis,sepsis,0.029625
psychosis,shingles,0.0045
psychosis,sickle cell anemia,0.026
psychosis,sleep apnea,0.0585714
psychosis,spondylosis,0.108
psychosis,sprained ankle,0.0165
psychosis,sprained knee,0.0115
psychosis,sprained wrist,0.033
psychosis,stomach flu,0.0313333
psychosis,stomach ulcer,0.1095
psychosis,stroke,0.036
psychosis,tension headache,0.0415
psychosis,traumatic brain injury,0.0273571
psychosis,type 1 diabetes,0.106
psychosis,type 2 diabetes,0.0155
psychosis,ulcerative colitis,0.0138333
psychosis,urinary tract infection,0.01675
psychosis,vitamin d deficiency,0.063875
pulmonary embolism,pulmonary hypertension,0.0568333
pulmonary embolism,retinal detachment,0.0246667
pulmonary embolism,rhabdomyolysis,0.03175
pulmonary embolism,rheumatoid arthritis,0.0523
pulmonary embolism,schizophrenia,0.024
pulmonary embolism,sciatica,0.13125
pulmonary embolism,seasonal allergies,0.0499286
pulmonary embolism,sebaceous cyst,0.064375
pulmonary embolism,sepsis,0.0522143
pulmonary embolism,shingles,0.022
pulmonary embolism,sickle cell anemia,0.0508125
pulmonary embolism,sinusitis,0.0619
pulmonary embolism,sleep apnea,0.050625
pulmonary embolism,spondylosis,0.061
pulmonary embolism,sprained ankle,0.0928333
pulmonary embolism,sprained knee,0.05
pulmonary embolism,sprained wrist,0.172
pulmonary embolism,stomach flu,0.05
pulmonary embolism,stomach ulcer,0.07425
pulmonary embolism,strep throat,0.072375
pulmonary embolism,tension headache,0.0305
pulmonary embolism,thoracic radiculopathy,0.17075
pulmonary embolism,thyroid cancer,0.0348333
pulmonary embolism,thyroid nodules,0.0349
pulmonary embolism,type 1 diabetes,0.047
pulmonary embolism,type 2 diabetes,0.04325
pulmonary embolism,ulcerative colitis,0.029
pulmonary embolism,upper respiratory infection,0.178833
pulmonary embolism,urinary tract infection,0.0233
pulmonary embolism,vitamin d deficiency,0.02975
pulmonary hypertension,retinal detachment,0.021
pulmonary hypertension,rheumatoid arthritis,0.034625
pulmonary hypertension,schizophrenia,0.0295
pulmonary hypertension,sciatica,0.186
pulmonary hypertension,seasonal allergies,0.0384286
pulmonary hypertension,sebaceous cyst,0.0185
pulmonary hypertension,sepsis,0.0352857
pulmonary hypertension,shingles,0.02475
pulmonary hypertension,sickle cell anemia,0.0514
pulmonary hypertension,sinusitis,0.0405833
pulmonary hypertension,sleep apnea,0.0475
pulmonary hypertension,spondylosis,0.04025
pulmonary hypertension,stomach ulcer,0.05475
pulmonary hypertension,strep throat,0.049
pulmonary hypertension,stroke,0.01975
pulmonary hypertension,tension headache,0.0215
pulmonary hypertension,thoracic radiculopathy,0.2525
pulmonary hypertension,thyroid cancer,0.0445
pulmonary hypertension,thyroid nodules,0.0465
pulmonary hypertension,traumatic brain injury,0.0095
pulmonary hypertension,type 1 diabetes,0.034
pulmonary hypertension,type 2 diabetes,0.0403333
pulmonary hypertension,ulcerative colitis,0.0195
pulmonary hypertension,upper respiratory infection,0.102
pulmonary hypertension,urinary tract infection,0.0195
pulmonary hypertension,vitamin d deficiency,0.05125
retinal detachment,rhabdomyolysis,0.022
retinal detachment,rheumatoid arthritis,0.012
retinal detachment,schizophrenia,0.00775
retinal detachment,sciatica,0.0195
retinal detachment,seasonal allergies,0.028875
retinal detachment,sebaceous cyst,0.021
retinal detachment,sepsis,0.020875
retinal detachment,shingles,0.025
retinal detachment,sickle cell anemia,0.0186667
retinal detachment,sinusitis,0.0415
retinal detachment,sleep apnea,0.012
retinal detachment,spondylosis,0.0635
retinal detachment,sprained ankle,0.01525
retinal detachment,sprained knee,0.01775
retinal detachment,stomach flu,0.0315
retinal detachment,stomach ulcer,0.0135
retinal detachment,strep throat,0.0493333
retinal detachment,stroke,0.04925
retinal detachment,tension headache,0.134625
retinal detachment,thoracic radiculopathy,0.023
retinal detachment,thyroid cancer,0.0605
retinal detachment,thyroid nodules,0.0355
retinal detachment,traumatic brain injury,0.0417
retinal detachment,ulcerative colitis,0.0173333
retinal detachment,upper respiratory infection,0.04425
retinal detachment,urinary tract infection,0.014
retinal detachment,vitamin d deficiency,0.032375
rhabdomyolysis,rheumatoid arthritis,0.03225
rhabdomyolysis,schizophrenia,0.013125
rhabdomyolysis,sciatica,0.0673333
rhabdomyolysis,seasonal allergies,0.0285
rhabdomyolysis,sebaceous cyst,0.112
rhabdomyolysis,sepsis,0.0290833
rhabdomyolysis,shingles,0.0267
rhabdomyolysis,sickle cell anemia,0.0508333
rhabdomyolysis,sinusitis,0.02025
rhabdomyolysis,sleep apnea,0.0199
rhabdomyolysis,spondylosis,0.0603333
rhabdomyolysis,sprained ankle,0.102333
rhabdomyolysis,sprained knee,0.047625
rhabdomyolysis,sprained wrist,0.0594
rhabdomyolysis,stomach flu,0.0374167
rhabdomyolysis,stomach ulcer,0.014
rhabdomyolysis,strep throat,0.0343333
rhabdomyolysis,stroke,0.0565
rhabdomyolysis,tension headache,0.04
rhabdomyolysis,thoracic radiculopathy,0.14
rhabdomyolysis,thyroid cancer,0.035375
rhabdomyolysis,thyroid nodules,0.037
rhabdomyolysis,traumatic brain injury,0.02475
rhabdomyolysis,type 1 diabetes,0.020375
rhabdomyolysis,type 2 diabetes,0.02
rhabdomyolysis,ulcerative colitis,0.028875
rhabdomyolysis,upper respiratory infection,0.02125
rhabdomyolysis,urinary tract infection,0.0329286
rhabdomyolysis,vitamin d deficiency,0.02925
rheumatoid arthritis,schizophrenia,0.02475
rheumatoid arthritis,sciatica,0.1079
rheumatoid arthritis,seasonal allergies,0.0235625
rheumatoid arthritis,sebaceous cyst,0.099
rheumatoid arthritis,sepsis,0.0466818
rheumatoid arthritis,shingles,0.068125
rheumatoid arthritis,sickle cell anemia,0.0865625
rheumatoid arthritis,sinusitis,0.0405
rheumatoid arthritis,sleep apnea,0.027875
rheumatoid arthritis,spondylosis,0.0809
rheumatoid arthritis,sprained ankle,0.312
rheumatoid arthritis,sprained knee,0.18275
rheumatoid arthritis,sprained wrist,0.175
rheumatoid arthritis,stomach flu,0.08075
rheumatoid arthritis,stomach ulcer,0.0614286
rheumatoid arthritis,strep throat,0.075
rheumatoid arthritis,stroke,0.08425
rheumatoid arthritis,tension headache,0.0893333
rheumatoid arthritis,thoracic radiculopathy,0.1565
rheumatoid arthritis,thyroid cancer,0.033
rheumatoid arthritis,thyroid nodules,0.09975
rheumatoid arthritis,traumatic brain injury,0.0105
rheumatoid arthritis,type 1 diabetes,0.0179444
rheumatoid arthritis,type 2 diabetes,0.015
rheumatoid arthritis,ulcerative colitis,0.0843333
rheumatoid arthritis,upper respiratory infection,0.0514286
rheumatoid arthritis,urinary tract infection,0.0226667
rheumatoid arthritis,vitamin d deficiency,0.0413
schizophrenia,sciatica,0.009
schizophrenia,seasonal allergies,0.03225
schizophrenia,sebaceous cyst,0.014
schizophrenia,sepsis,0.03325
schizophrenia,sickle cell anemia,0.0245
schizophrenia,sleep apnea,0.0364167
schizophrenia,spondylosis,0.0533333
schizophrenia,stomach flu,0.012
schizophrenia,stomach ulcer,0.0633333
schizophrenia,stroke,0.0317
schizophrenia,tension headache,0.02475
schizophrenia,traumatic brain injury,0.0198333
schizophrenia,type 1 diabetes,0.0215
schizophrenia,type 2 diabetes,0.00575
schizophrenia,ulcerative colitis,0.012
schizophrenia,upper respiratory infection,0.0415
schizophrenia,urinary tract infection,0.012375
schizophrenia,vitamin d deficiency,0.0503333
sciatica,sebaceous cyst,0.394
sciatica,sepsis,0.047
sciatica,shingles,0.12125
sciatica,sickle cell anemia,0.131167
sciatica,sinusitis,0.18125
sciatica,sleep apnea,0.0095
sciatica,spondylosis,0.134071
sciatica,sprained ankle,0.1304
sciatica,sprained knee,0.118688
sciatica,sprained wrist,0.16025
sciatica,stomach flu,0.1139
sciatica,stomach ulcer,0.23325
sciatica,strep throat,0.22325
sciatica,stroke,0.13375
sciatica,tension headache,0.23125
sciatica,thoracic radiculopathy,0.104237
sciatica,thyroid cancer,0.0625
sciatica,thyroid nodules,0.28025
sciatica,traumatic brain injury,0.03
sciatica,type 1 diabetes,0.0325
sciatica,type 2 diabetes,0.05625
sciatica,ulcerative colitis,0.1675
sciatica,upper respiratory infection,0.0203333
sciatica,urinary tract infection,0.037125
sciatica,vitamin d deficiency,0.017
seasonal allergies,sebaceous cyst,0.0703333
seasonal allergies,sepsis,0.0305
seasonal allergies,shingles,0.0461667
seasonal allergies,sickle cell anemia,0.037125
seasonal allergies,sinusitis,0.0448667
seasonal allergies,sleep apnea,0.03275
seasonal allergies,spondylosis,0.0377
seasonal allergies,sprained ankle,0.13275
seasonal allergies,sprained knee,0.06925
seasonal allergies,sprained wrist,0.1755
seasonal allergies,stomach flu,0.0366667
seasonal allergies,stomach ulcer,0.0369
seasonal allergies,strep throat,0.0740385
seasonal allergies,stroke,0.05525
seasonal allergies,tension headache,0.0888333
seasonal allergies,thyroid cancer,0.0413333
seasonal allergies,thyroid nodules,0.0334
seasonal allergies,traumatic brain injury,0.0655
seasonal allergies,type 1 diabetes,0.024
seasonal allergies,type 2 diabetes,0.0259
seasonal allergies,ulcerative colitis,0.0263333
seasonal allergies,upper respiratory infection,0.0778929
seasonal allergies,urinary tract infection,0.0218333
seasonal allergies,vitamin d deficiency,0.050875
sebaceous cyst,sepsis,0.05475
sebaceous cyst,shingles,0.10775
sebaceous cyst,sickle cell anemia,0.22525
sebaceous cyst,sinusitis,0.062
sebaceous cyst,sleep apnea,0.0195
sebaceous cyst,spondylosis,0.0941667
sebaceous cyst,sprained ankle,0.223667
sebaceous cyst,sprained knee,0.168167
sebaceous cyst,sprained wrist,0.263
sebaceous cyst,stomach flu,0.0975
sebaceous cyst,stomach ulcer,0.2075
sebaceous cyst,strep throat,0.1335
sebaceous cyst,stroke,0.0335
sebaceous cyst,tension headache,0.194
sebaceous cyst,thoracic radiculopathy,0.391
sebaceous cyst,thyroid nodules,0.0799
sebaceous cyst,traumatic brain injury,0.018
sebaceous cyst,type 2 diabetes,0.062
sebaceous cyst,ulcerative colitis,0.1095
sebaceous cyst,upper respiratory infection,0.0765
sebaceous cyst,urinary tract infection,0.01875
sebaceous cyst,vitamin d deficiency,0.032
sepsis,shingles,0.0305
sepsis,sickle cell anemia,0.0478333
sepsis,sinusitis,0.0557778
sepsis,sleep apnea,0.0284
sepsis,spondylosis,0.081
sepsis,stomach flu,0.101542
sepsis,stomach ulcer,0.03425
sepsis,strep throat,0.0701818
sepsis,stroke,0.065
sepsis,tension headache,0.045
sepsis,thoracic radiculopathy,0.138
sepsis,thyroid cancer,0.0540625
sepsis,traumatic brain injury,0.022375
sepsis,type 1 diabetes,0.0321923
sepsis,type 2 diabetes,0.028
sepsis,ulcerative colitis,0.0733
sepsis,upper respiratory infection,0.0911111
sepsis,urinary tract infection,0.0436429
sepsis,vitamin d deficiency,0.0369167
shingles,sickle cell anemia,0.112583
shingles,sinusitis,0.0419167
shingles,sleep apnea,0.0555
shingles,spondylosis,0.0829167
shingles,sprained ankle,0.31275
shingles,sprained knee,0.1535
shingles,sprained wrist,0.171
shingles,stomach flu,0.093625
shingles,stomach ulcer,0.266
shingles,strep throat,0.06485
shingles,stroke,0.05125
shingles,tension headache,0.07175
shingles,thoracic radiculopathy,0.1734
shingles,thyroid cancer,0.0326667
shingles,thyroid nodules,0.065625
shingles,traumatic brain injury,0.0131
shingles,type 1 diabetes,0.019125
shingles,type 2 diabetes,0.0185
shingles,ulcerative colitis,0.0836
shingles,upper respiratory infection,0.026125
shingles,urinary tract infection,0.0228333
shingles,vitamin d deficiency,0.02075
sickle cell anemia,sinusitis,0.0901429
sickle cell anemia,sleep apnea,0.0231
sickle cell anemia,spondylosis,0.214167
sickle cell anemia,sprained ankle,0.208167
sickle cell anemia,sprained knee,0.158583
sickle cell anemia,sprained wrist,0.161
sickle cell anemia,stomach flu,0.188833
sickle cell anemia,stomach ulcer,0.0959286
sickle cell anemia,strep throat,0.137917
sickle cell anemia,stroke,0.03425
sickle cell anemia,tension headache,0.2695
sickle cell anemia,thoracic radiculopathy,0.180429
sickle cell anemia,thyroid cancer,0.0385
sickle cell anemia,thyroid nodules,0.177167
sickle cell anemia,traumatic brain injury,0.022
sickle cell anemia,type 1 diabetes,0.0230833
sickle cell anemia,type 2 diabetes,0.025625
sickle cell anemia,ulcerative colitis,0.136214
sickle cell anemia,upper respiratory infection,0.121875
sickle cell anemia,urinary tract infection,0.0345
sickle cell anemia,vitamin d deficiency,0.04125
sinusitis,sleep apnea,0.03055
sinusitis,spondylosis,0.0799
sinusitis,sprained ankle,0.110667
sinusitis,sprained knee,0.0941667
sinusitis,sprained wrist,0.1385
sinusitis,stomach flu,0.0980769
sinusitis,stomach ulcer,0.05275
sinusitis,strep throat,0.083
sinusitis,stroke,0.0382143
sinusitis,tension headache,0.0937727
sinusitis,thoracic radiculopathy,0.18125
sinusitis,thyroid cancer,0.0636111
sinusitis,thyroid nodules,0.0536
sinusitis,traumatic brain injury,0.0357083
sinusitis,type 1 diabetes,0.0338636
sinusitis,type 2 diabetes,0.025
sinusitis,ulcerative colitis,0.0752273
sinusitis,upper respiratory infection,0.0812
sinusitis,urinary tract infection,0.0328
sinusitis,vitamin d deficiency,0.0335
sleep apnea,spondylosis,0.050625
sleep apnea,sprained ankle,0.0135
sleep apnea,sprained knee,0.01275
sleep apnea,sprained wrist,0.0365
sleep apnea,stomach flu,0.0472143
sleep apnea,stomach ulcer,0.0464286
sleep apnea,strep throat,0.0463571
sleep apnea,stroke,0.0310833
sleep apnea,tension headache,0.0415
sleep apnea,thoracic radiculopathy,0.021
sleep apnea,thyroid cancer,0.0318
sleep apnea,thyroid nodules,0.02425
sleep apnea,traumatic brain injury,0.0272
sleep apnea,type 1 diabetes,0.0194
sleep apnea,type 2 diabetes,0.0145556
sleep apnea,ulcerative colitis,0.0473
sleep apnea,upper respiratory infection,0.0844286
sleep apnea,urinary tract infection,0.019625
sleep apnea,vitamin d deficiency,0.0508571
spondylosis,sprained ankle,0.21075
spondylosis,sprained knee,0.1295
spondylosis,sprained wrist,0.112625
spondylosis,stomach flu,0.08425
spondylosis,stomach ulcer,0.0965
spondylosis,strep throat,0.10075
spondylosis,stroke,0.0781667
spondylosis,tension headache,0.128357
spondylosis,thoracic radiculopathy,0.179071
spondylosis,thyroid cancer,0.064125
spondylosis,thyroid nodules,0.0744167
spondylosis,traumatic brain injury,0.0523333
spondylosis,type 1 diabetes,0.0423333
spondylosis,type 2 diabetes,0.04975
spondylosis,ulcerative colitis,0.1815
spondylosis,upper respiratory infection,0.0435
spondylosis,urinary tract infection,0.04225
spondylosis,vitamin d deficiency,0.0665
sprained ankle,sprained knee,0.100375
sprained ankle,sprained wrist,0.153063
sprained ankle,stomach flu,0.1645
sprained ankle,stomach ulcer,0.213
sprained ankle,strep throat,0.221833
sprained ankle,stroke,0.0195
sprained ankle,tension headache,0.19975
sprained ankle,thoracic radiculopathy,0.16075
sprained ankle,thyroid nodules,0.190333
sprained ankle,traumatic brain injury,0.041
sprained ankle,type 1 diabetes,0.0295
sprained ankle,type 2 diabetes,0.0285
sprained ankle,ulcerative colitis,0.171667
sprained ankle,upper respiratory infection,0.042
sprained ankle,urinary tract infection,0.02325
sprained knee,sprained wrist,0.132437
sprained knee,stomach flu,0.148
sprained knee,stomach ulcer,0.18475
sprained knee,strep throat,0.158333
sprained knee,stroke,0.0145
sprained knee,tension headache,0.326
sprained knee,thoracic radiculopathy,0.137857
sprained knee,thyroid nodules,0.134833
sprained knee,traumatic brain injury,0.02425
sprained knee,type 2 diabetes,0.021
sprained knee,ulcerative colitis,0.155167
sprained knee,upper respiratory infection,0.025
sprained knee,urinary tract infection,0.01825
sprained wrist,stomach flu,0.21575
sprained wrist,stomach ulcer,0.1825
sprained wrist,strep throat,0.181333
sprained wrist,stroke,0.04425
sprained wrist,tension headache,0.3145
sprained wrist,thoracic radiculopathy,0.190125
sprained wrist,thyroid cancer,0.023
sprained wrist,thyroid nodules,0.2065
sprained wrist,traumatic brain injury,0.037625
sprained wrist,ulcerative colitis,0.23025
sprained wrist,upper respiratory infection,0.048
sprained wrist,urinary tract infection,0.0395
stomach flu,stomach ulcer,0.147273
stomach flu,strep throat,0.1515
stomach flu,stroke,0.0603
stomach flu,tension headache,0.150813
stomach flu,thoracic radiculopathy,0.214833
stomach flu,thyroid cancer,0.12135
stomach flu,thyroid nodules,0.07975
stomach flu,traumatic brain injury,0.12025
stomach flu,type 1 diabetes,0.099
stomach flu,type 2 diabetes,0.0175
stomach flu,ulcerative colitis,0.122947
stomach flu,upper respiratory infection,0.0483
stomach flu,urinary tract infection,0.0643611
stomach flu,vitamin d deficiency,0.114083
stomach ulcer,strep throat,0.0921667
stomach ulcer,stroke,0.02675
stomach ulcer,tension headache,0.1011
stomach ulcer,thoracic radiculopathy,0.23325
stomach ulcer,thyroid cancer,0.0517
stomach ulcer,thyroid nodules,0.09725
stomach ulcer,traumatic brain injury,0.03625
stomach ulcer,type 1 diabetes,0.04075
stomach ulcer,type 2 diabetes,0.00925
stomach ulcer,ulcerative colitis,0.1069
stomach ulcer,upper respiratory infection,0.0608333
stomach ulcer,urinary tract infection,0.0369167
stomach ulcer,vitamin d deficiency,0.0625
strep throat,stroke,0.0471667
strep throat,tension headache,0.133714
strep throat,thoracic radiculopathy,0.22325
strep throat,thyroid cancer,0.0754
strep throat,thyroid nodules,0.0696
strep throat,traumatic brain injury,0.0435833
strep throat,type 1 diabetes,0.05685
strep throat,type 2 diabetes,0.0326667
strep throat,ulcerative colitis,0.11365
strep throat,upper respiratory infection,0.112393
strep throat,urinary tract infection,0.0553889
strep throat,vitamin d deficiency,0.0326667
stroke,tension headache,0.0822222
stroke,thoracic radiculopathy,0.2365
stroke,thyroid cancer,0.0679167
stroke,thyroid nodules,0.0415
stroke,traumatic brain injury,0.0311944
stroke,type 1 diabetes,0.071
stroke,type 2 diabetes,0.0576
stroke,ulcerative colitis,0.01375
stroke,upper respiratory infection,0.0395
stroke,urinary tract infection,0.068
stroke,vitamin d deficiency,0.0546667
tension headache,thoracic radiculopathy,0.27525
tension headache,thyroid cancer,0.108917
tension headache,thyroid nodules,0.116333
tension headache,traumatic brain injury,0.0762273
tension headache,type 1 diabetes,0.0444
tension headache,type 2 diabetes,0.0341667
tension headache,ulcerative colitis,0.14925
tension headache,upper respiratory infection,0.1245
tension headache,urinary tract infection,0.0496667
tension headache,vitamin d deficiency,0.0501667
thoracic radiculopathy,thyroid cancer,0.16525
thoracic radiculopathy,thyroid nodules,0.312
thoracic radiculopathy,traumatic brain injury,0.033
thoracic radiculopathy,type 1 diabetes,0.1235
thoracic radiculopathy,type 2 diabetes,0.108
thoracic radiculopathy,ulcerative colitis,0.273
thoracic radiculopathy,upper respiratory infection,0.02575
thoracic radiculopathy,urinary tract infection,0.0779167
thoracic radiculopathy,vitamin d deficiency,0.021
thyroid cancer,thyroid nodules,0.036125
thyroid cancer,traumatic brain injury,0.061125
thyroid cancer,type 1 diabetes,0.03375
thyroid cancer,type 2 diabetes,0.0294
thyroid cancer,ulcerative colitis,0.08
thyroid cancer,upper respiratory infection,0.0996667
thyroid cancer,urinary tract infection,0.0408571
thyroid cancer,vitamin d deficiency,0.0378333
thyroid nodules,traumatic brain injury,0.054
thyroid nodules,type 1 diabetes,0.024
thyroid nodules,type 2 diabetes,0.0255
thyroid nodules,ulcerative colitis,0.14175
thyroid nodules,upper respiratory infection,0.046
thyroid nodules,urinary tract infection,0.037
thyroid nodules,vitamin d deficiency,0.04075
traumatic brain injury,type 1 diabetes,0.0358333
traumatic brain injury,type 2 diabetes,0.0236667
traumatic brain injury,ulcerative colitis,0.0533
traumatic brain injury,upper respiratory infection,0.0518333
traumatic brain injury,urinary tract infection,0.02825
traumatic brain injury,vitamin d deficiency,0.044875
type 1 diabetes,type 2 diabetes,0.0100417
type 1 diabetes,ulcerative colitis,0.0692778
type 1 diabetes,upper respiratory infection,0.0720625
type 1 diabetes,urinary tract infection,0.0262727
type 1 diabetes,vitamin d deficiency,0.035
type 2 diabetes,ulcerative colitis,0.016
type 2 diabetes,upper respiratory infection,0.0670833
type 2 diabetes,urinary tract infection,0.01525
type 2 diabetes,vitamin d deficiency,0.01925
ulcerative colitis,upper respiratory infection,0.0705
ulcerative colitis,urinary tract infection,0.0484286
ulcerative colitis,vitamin d deficiency,0.0535833
upper respiratory infection,urinary tract infection,0.049625
upper respiratory infection,vitamin d deficiency,0.0255
urinary tract infection,vitamin d deficiency,0.0186
