Source,Target,Relation Type,Weight
MESH:D001943,Aging__Premature,symptom-disease,3.46455
MESH:D016864,Aging__Premature,symptom-disease,6.9291
MESH:D001260,Aging__Premature,symptom-disease,6.9291
MESH:D001816,Aging__Premature,symptom-disease,6.9291
MESH:D019871,Aging__Premature,symptom-disease,10.3937
MESH:D011038,Aging__Premature,symptom-disease,3.46455
MESH:D015470,Asthenia,symptom-disease,6.18966
MESH:D015473,Asthenia,symptom-disease,2.06322
MESH:D005910,Asthenia,symptom-disease,2.06322
MESH:D006528,Asthenia,symptom-disease,2.06322
MESH:D009101,Asthenia,symptom-disease,20.6322
MESH:D008258,Asthenia,symptom-disease,4.12644
MESH:D001943,Asthenia,symptom-disease,20.6322
MESH:D015179,Asthenia,symptom-disease,6.18966
MESH:D013274,Asthenia,symptom-disease,18.569
MESH:D010190,Asthenia,symptom-disease,4.12644
MESH:D010051,Asthenia,symptom-disease,6.18966
MESH:D008175,Asthenia,symptom-disease,33.0115
MESH:D011471,Asthenia,symptom-disease,2.06322
MESH:D001260,Asthenia,symptom-disease,4.12644
MESH:D000741,Asthenia,symptom-disease,2.06322
MESH:D014923,Asthenia,symptom-disease,2.06322
MESH:D008180,Asthenia,symptom-disease,4.12644
MESH:D054198,Fever,symptom-disease,50.1339
MESH:D015464,Fever,symptom-disease,8.66513
MESH:D015470,Fever,symptom-disease,71.7968
MESH:D015473,Fever,symptom-disease,17.9492
MESH:D009396,Fever,symptom-disease,4.9515
MESH:D008415,Fever,symptom-disease,0.618938
MESH:D012516,Fever,symptom-disease,3.09469
MESH:D005910,Fever,symptom-disease,1.85681
MESH:D008527,Fever,symptom-disease,2.47575
MESH:D012175,Fever,symptom-disease,1.85681
MESH:D011125,Fever,symptom-disease,0.618938
MESH:D006528,Fever,symptom-disease,27.2333
MESH:D018288,Fever,symptom-disease,13.6166
MESH:D009101,Fever,symptom-disease,24.7575
MESH:D008258,Fever,symptom-disease,1.85681
MESH:D001943,Fever,symptom-disease,66.2263
MESH:D015179,Fever,symptom-disease,7.42725
MESH:D013274,Fever,symptom-disease,16.0924
MESH:D010190,Fever,symptom-disease,8.04619
MESH:D010051,Fever,symptom-disease,29.0901
MESH:D008175,Fever,symptom-disease,73.6536
MESH:D011471,Fever,symptom-disease,11.1409
MESH:D001749,Fever,symptom-disease,17.3303
MESH:D016864,Fever,symptom-disease,0.618938
MESH:D006502,Fever,symptom-disease,1.85681
MESH:D054990,Fever,symptom-disease,10.5219
MESH:D002538,Fever,symptom-disease,1.23788
MESH:D004916,Fever,symptom-disease,0.618938
MESH:D000741,Fever,symptom-disease,16.7113
MESH:D005199,Fever,symptom-disease,0.618938
MESH:D014923,Fever,symptom-disease,0.618938
MESH:D013922,Fever,symptom-disease,6.18938
MESH:D000361,Fever,symptom-disease,3.71363
MESH:D009190,Fever,symptom-disease,18.5681
MESH:D011087,Fever,symptom-disease,3.71363
MESH:D055728,Fever,symptom-disease,4.9515
MESH:D017681,Fever,symptom-disease,5.57044
MESH:D011038,Fever,symptom-disease,0.618938
MESH:D016116,Fever,symptom-disease,0.618938
MESH:D010505,Fever,symptom-disease,53.8476
MESH:D008180,Fever,symptom-disease,65.6074
MESH:D017074,Fever,symptom-disease,2.47575
MESH:D054198,Fever_of_Unknown_Origin,symptom-disease,11.7852
MESH:D015464,Fever_of_Unknown_Origin,symptom-disease,2.94631
MESH:D015470,Fever_of_Unknown_Origin,symptom-disease,14.7315
MESH:D008415,Fever_of_Unknown_Origin,symptom-disease,2.94631
MESH:D008527,Fever_of_Unknown_Origin,symptom-disease,1.47315
MESH:D012175,Fever_of_Unknown_Origin,symptom-disease,1.47315
MESH:D006528,Fever_of_Unknown_Origin,symptom-disease,4.41946
MESH:D009101,Fever_of_Unknown_Origin,symptom-disease,14.7315
MESH:D008258,Fever_of_Unknown_Origin,symptom-disease,1.47315
MESH:D001943,Fever_of_Unknown_Origin,symptom-disease,4.41946
MESH:D013274,Fever_of_Unknown_Origin,symptom-disease,5.89262
MESH:D010051,Fever_of_Unknown_Origin,symptom-disease,5.89262
MESH:D008175,Fever_of_Unknown_Origin,symptom-disease,14.7315
MESH:D011471,Fever_of_Unknown_Origin,symptom-disease,4.41946
MESH:D001749,Fever_of_Unknown_Origin,symptom-disease,4.41946
MESH:D054990,Fever_of_Unknown_Origin,symptom-disease,4.41946
MESH:D000741,Fever_of_Unknown_Origin,symptom-disease,5.89262
MESH:D014923,Fever_of_Unknown_Origin,symptom-disease,1.47315
MESH:D013922,Fever_of_Unknown_Origin,symptom-disease,1.47315
MESH:D000361,Fever_of_Unknown_Origin,symptom-disease,1.47315
MESH:D009190,Fever_of_Unknown_Origin,symptom-disease,2.94631
MESH:D011087,Fever_of_Unknown_Origin,symptom-disease,1.47315
MESH:D055728,Fever_of_Unknown_Origin,symptom-disease,4.41946
MESH:D017681,Fever_of_Unknown_Origin,symptom-disease,1.47315
MESH:D010505,Fever_of_Unknown_Origin,symptom-disease,26.5168
MESH:D008180,Fever_of_Unknown_Origin,symptom-disease,23.5705
MESH:D017074,Fever_of_Unknown_Origin,symptom-disease,1.47315
MESH:D015470,Hypothermia,symptom-disease,1.94544
MESH:D005910,Hypothermia,symptom-disease,1.94544
MESH:D006528,Hypothermia,symptom-disease,1.94544
MESH:D013274,Hypothermia,symptom-disease,1.94544
MESH:D008175,Hypothermia,symptom-disease,1.94544
MESH:D011471,Hypothermia,symptom-disease,1.94544
MESH:D054990,Hypothermia,symptom-disease,1.94544
MESH:D004916,Hypothermia,symptom-disease,3.89087
MESH:D000741,Hypothermia,symptom-disease,1.94544
MESH:D008180,Hypothermia,symptom-disease,5.83631
MESH:D054198,Body_Weight,symptom-disease,12.0046
MESH:D015464,Body_Weight,symptom-disease,1.37195
MESH:D015470,Body_Weight,symptom-disease,7.20274
MESH:D015473,Body_Weight,symptom-disease,0.342988
MESH:D009396,Body_Weight,symptom-disease,2.40091
MESH:D008415,Body_Weight,symptom-disease,0.685976
MESH:D012516,Body_Weight,symptom-disease,8.23171
MESH:D005910,Body_Weight,symptom-disease,10.6326
MESH:D008527,Body_Weight,symptom-disease,1.02896
MESH:D012175,Body_Weight,symptom-disease,0.685976
MESH:D011125,Body_Weight,symptom-disease,1.37195
MESH:D006528,Body_Weight,symptom-disease,35.3277
MESH:D018288,Body_Weight,symptom-disease,7.88872
MESH:D009456,Body_Weight,symptom-disease,2.05793
MESH:D009101,Body_Weight,symptom-disease,4.11585
MESH:D001943,Body_Weight,symptom-disease,127.934
MESH:D046152,Body_Weight,symptom-disease,1.71494
MESH:D015179,Body_Weight,symptom-disease,18.1784
MESH:D013274,Body_Weight,symptom-disease,44.5884
MESH:D010190,Body_Weight,symptom-disease,52.4771
MESH:D010051,Body_Weight,symptom-disease,22.6372
MESH:D008175,Body_Weight,symptom-disease,91.2348
MESH:D011471,Body_Weight,symptom-disease,56.593
MESH:D001749,Body_Weight,symptom-disease,37.7287
MESH:D016864,Body_Weight,symptom-disease,2.05793
MESH:D012415,Body_Weight,symptom-disease,0.342988
MESH:D004613,Body_Weight,symptom-disease,0.342988
MESH:D009634,Body_Weight,symptom-disease,0.685976
MESH:D006502,Body_Weight,symptom-disease,0.342988
MESH:D054990,Body_Weight,symptom-disease,25.0381
MESH:D001260,Body_Weight,symptom-disease,2.40091
MESH:D000741,Body_Weight,symptom-disease,3.77287
MESH:D005199,Body_Weight,symptom-disease,1.37195
MESH:D014923,Body_Weight,symptom-disease,0.342988
MESH:D013922,Body_Weight,symptom-disease,1.37195
MESH:D000361,Body_Weight,symptom-disease,2.7439
MESH:D009190,Body_Weight,symptom-disease,0.342988
MESH:D011087,Body_Weight,symptom-disease,0.685976
MESH:D055728,Body_Weight,symptom-disease,0.342988
MESH:D019851,Body_Weight,symptom-disease,0.342988
MESH:D001816,Body_Weight,symptom-disease,0.342988
MESH:D010505,Body_Weight,symptom-disease,0.685976
MESH:D008180,Body_Weight,symptom-disease,16.1204
MESH:D054198,Birth_Weight,symptom-disease,11.257
MESH:D015470,Birth_Weight,symptom-disease,9.84992
MESH:D009396,Birth_Weight,symptom-disease,19.6998
MESH:D012516,Birth_Weight,symptom-disease,4.22139
MESH:D005910,Birth_Weight,symptom-disease,1.40713
MESH:D009456,Birth_Weight,symptom-disease,4.22139
MESH:D001943,Birth_Weight,symptom-disease,77.3922
MESH:D015179,Birth_Weight,symptom-disease,5.62852
MESH:D010051,Birth_Weight,symptom-disease,4.22139
MESH:D008175,Birth_Weight,symptom-disease,1.40713
MESH:D011471,Birth_Weight,symptom-disease,7.03565
MESH:D016864,Birth_Weight,symptom-disease,1.40713
MESH:D009634,Birth_Weight,symptom-disease,5.62852
MESH:D000741,Birth_Weight,symptom-disease,5.62852
MESH:D005199,Birth_Weight,symptom-disease,2.81426
MESH:D000361,Birth_Weight,symptom-disease,2.81426
MESH:D019851,Birth_Weight,symptom-disease,14.0713
MESH:D010505,Birth_Weight,symptom-disease,1.40713
MESH:D008180,Birth_Weight,symptom-disease,19.6998
MESH:D054198,Fetal_Macrosomia,symptom-disease,3.33672
MESH:D009396,Fetal_Macrosomia,symptom-disease,3.33672
MESH:D006528,Fetal_Macrosomia,symptom-disease,3.33672
MESH:D001943,Fetal_Macrosomia,symptom-disease,6.67344
MESH:D015179,Fetal_Macrosomia,symptom-disease,3.33672
MESH:D001943,Body_Weight_Changes,symptom-disease,0.844615
MESH:D054198,Weight_Gain,symptom-disease,14.8669
MESH:D015464,Weight_Gain,symptom-disease,5.94676
MESH:D015473,Weight_Gain,symptom-disease,5.94676
MESH:D005910,Weight_Gain,symptom-disease,2.97338
MESH:D008527,Weight_Gain,symptom-disease,1.48669
MESH:D006528,Weight_Gain,symptom-disease,4.46007
MESH:D009456,Weight_Gain,symptom-disease,1.48669
MESH:D009101,Weight_Gain,symptom-disease,1.48669
MESH:D001943,Weight_Gain,symptom-disease,202.19
MESH:D015179,Weight_Gain,symptom-disease,10.4068
MESH:D013274,Weight_Gain,symptom-disease,5.94676
MESH:D010190,Weight_Gain,symptom-disease,7.43345
MESH:D010051,Weight_Gain,symptom-disease,7.43345
MESH:D008175,Weight_Gain,symptom-disease,19.327
MESH:D011471,Weight_Gain,symptom-disease,19.327
MESH:D001749,Weight_Gain,symptom-disease,1.48669
MESH:D054990,Weight_Gain,symptom-disease,7.43345
MESH:D001260,Weight_Gain,symptom-disease,1.48669
MESH:D008180,Weight_Gain,symptom-disease,5.94676
MESH:D054198,Weight_Loss,symptom-disease,3.00016
MESH:D015464,Weight_Loss,symptom-disease,3.00016
MESH:D015470,Weight_Loss,symptom-disease,4.00021
MESH:D009396,Weight_Loss,symptom-disease,1.00005
MESH:D005910,Weight_Loss,symptom-disease,1.00005
MESH:D008527,Weight_Loss,symptom-disease,2.00011
MESH:D012175,Weight_Loss,symptom-disease,1.00005
MESH:D011125,Weight_Loss,symptom-disease,2.00011
MESH:D006528,Weight_Loss,symptom-disease,11.0006
MESH:D018288,Weight_Loss,symptom-disease,19.001
MESH:D009456,Weight_Loss,symptom-disease,3.00016
MESH:D009101,Weight_Loss,symptom-disease,12.0006
MESH:D008258,Weight_Loss,symptom-disease,2.00011
MESH:D001943,Weight_Loss,symptom-disease,46.0025
MESH:D046152,Weight_Loss,symptom-disease,5.00027
MESH:D015179,Weight_Loss,symptom-disease,29.0016
MESH:D013274,Weight_Loss,symptom-disease,54.0029
MESH:D010190,Weight_Loss,symptom-disease,77.0041
MESH:D010051,Weight_Loss,symptom-disease,11.0006
MESH:D008175,Weight_Loss,symptom-disease,106.006
MESH:D011471,Weight_Loss,symptom-disease,20.0011
MESH:D001749,Weight_Loss,symptom-disease,2.00011
MESH:D006502,Weight_Loss,symptom-disease,3.00016
MESH:D054990,Weight_Loss,symptom-disease,8.00043
MESH:D009190,Weight_Loss,symptom-disease,1.00005
MESH:D011087,Weight_Loss,symptom-disease,1.00005
MESH:D055728,Weight_Loss,symptom-disease,1.00005
MESH:D017681,Weight_Loss,symptom-disease,1.00005
MESH:D019851,Weight_Loss,symptom-disease,1.00005
MESH:D008180,Weight_Loss,symptom-disease,9.00048
MESH:D017492,Weight_Loss,symptom-disease,1.00005
MESH:D017074,Weight_Loss,symptom-disease,2.00011
MESH:D005910,Emaciation,symptom-disease,18.3264
MESH:D006528,Emaciation,symptom-disease,1.83264
MESH:D009456,Emaciation,symptom-disease,1.83264
MESH:D013274,Emaciation,symptom-disease,5.49792
MESH:D010190,Emaciation,symptom-disease,5.49792
MESH:D000741,Emaciation,symptom-disease,1.83264
MESH:D054198,Cachexia,symptom-disease,3.98945
MESH:D012516,Cachexia,symptom-disease,1.99472
MESH:D005910,Cachexia,symptom-disease,15.9578
MESH:D011125,Cachexia,symptom-disease,7.9789
MESH:D006528,Cachexia,symptom-disease,19.9472
MESH:D018288,Cachexia,symptom-disease,7.9789
MESH:D009101,Cachexia,symptom-disease,7.9789
MESH:D001943,Cachexia,symptom-disease,51.8628
MESH:D015179,Cachexia,symptom-disease,29.9209
MESH:D013274,Cachexia,symptom-disease,61.8364
MESH:D010190,Cachexia,symptom-disease,121.678
MESH:D010051,Cachexia,symptom-disease,39.8945
MESH:D008175,Cachexia,symptom-disease,135.641
MESH:D011471,Cachexia,symptom-disease,29.9209
MESH:D001749,Cachexia,symptom-disease,1.99472
MESH:D014923,Cachexia,symptom-disease,1.99472
MESH:D013922,Cachexia,symptom-disease,1.99472
MESH:D000361,Cachexia,symptom-disease,1.99472
MESH:D008180,Cachexia,symptom-disease,3.98945
MESH:D017074,Cachexia,symptom-disease,1.99472
MESH:D016864,Fetal_Weight,symptom-disease,3.57667
MESH:D008180,Fetal_Weight,symptom-disease,3.57667
MESH:D054198,Overweight,symptom-disease,4.11936
MESH:D006528,Overweight,symptom-disease,0.823872
MESH:D001943,Overweight,symptom-disease,23.8923
MESH:D015179,Overweight,symptom-disease,7.41485
MESH:D013274,Overweight,symptom-disease,0.823872
MESH:D010190,Overweight,symptom-disease,3.29549
MESH:D010051,Overweight,symptom-disease,1.64774
MESH:D008175,Overweight,symptom-disease,0.823872
MESH:D011471,Overweight,symptom-disease,6.59098
MESH:D016864,Overweight,symptom-disease,0.823872
MESH:D012415,Overweight,symptom-disease,0.823872
MESH:D011087,Overweight,symptom-disease,0.823872
MESH:D019851,Overweight,symptom-disease,1.64774
MESH:D054198,Obesity,symptom-disease,43.2928
MESH:D015464,Obesity,symptom-disease,1.66511
MESH:D015470,Obesity,symptom-disease,6.66043
MESH:D015473,Obesity,symptom-disease,3.33021
MESH:D009396,Obesity,symptom-disease,0.832554
MESH:D008415,Obesity,symptom-disease,0.832554
MESH:D012516,Obesity,symptom-disease,1.66511
MESH:D005910,Obesity,symptom-disease,1.66511
MESH:D011125,Obesity,symptom-disease,0.832554
MESH:D006528,Obesity,symptom-disease,31.637
MESH:D018288,Obesity,symptom-disease,0.832554
MESH:D009101,Obesity,symptom-disease,5.82788
MESH:D001943,Obesity,symptom-disease,374.649
MESH:D046152,Obesity,symptom-disease,1.66511
MESH:D015179,Obesity,symptom-disease,81.5903
MESH:D013274,Obesity,symptom-disease,18.3162
MESH:D010190,Obesity,symptom-disease,46.623
MESH:D010051,Obesity,symptom-disease,43.2928
MESH:D008175,Obesity,symptom-disease,10.8232
MESH:D011471,Obesity,symptom-disease,165.678
MESH:D001749,Obesity,symptom-disease,4.16277
MESH:D054990,Obesity,symptom-disease,1.66511
MESH:D004916,Obesity,symptom-disease,0.832554
MESH:D000741,Obesity,symptom-disease,1.66511
MESH:D000361,Obesity,symptom-disease,0.832554
MESH:D009190,Obesity,symptom-disease,2.49766
MESH:D011087,Obesity,symptom-disease,2.49766
MESH:D017681,Obesity,symptom-disease,0.832554
MESH:D019851,Obesity,symptom-disease,11.6558
MESH:D008180,Obesity,symptom-disease,19.1487
MESH:D054198,Obesity__Morbid,symptom-disease,1.75294
MESH:D015464,Obesity__Morbid,symptom-disease,1.75294
MESH:D015470,Obesity__Morbid,symptom-disease,1.75294
MESH:D006528,Obesity__Morbid,symptom-disease,1.75294
MESH:D018288,Obesity__Morbid,symptom-disease,1.75294
MESH:D001943,Obesity__Morbid,symptom-disease,8.7647
MESH:D046152,Obesity__Morbid,symptom-disease,3.50588
MESH:D015179,Obesity__Morbid,symptom-disease,3.50588
MESH:D013274,Obesity__Morbid,symptom-disease,26.2941
MESH:D010190,Obesity__Morbid,symptom-disease,10.5176
MESH:D010051,Obesity__Morbid,symptom-disease,12.2706
MESH:D008175,Obesity__Morbid,symptom-disease,3.50588
MESH:D011471,Obesity__Morbid,symptom-disease,5.25882
MESH:D055728,Obesity__Morbid,symptom-disease,1.75294
MESH:D019851,Obesity__Morbid,symptom-disease,1.75294
MESH:D008180,Obesity__Morbid,symptom-disease,1.75294
MESH:D054198,Thinness,symptom-disease,2.6706
MESH:D001943,Thinness,symptom-disease,13.353
MESH:D013274,Thinness,symptom-disease,2.6706
MESH:D008175,Thinness,symptom-disease,10.6824
MESH:D011471,Thinness,symptom-disease,5.3412
MESH:D001260,Thinness,symptom-disease,2.6706
MESH:D000741,Thinness,symptom-disease,2.6706
MESH:D008180,Thinness,symptom-disease,5.3412
MESH:D009101,Cardiac_Output__High,symptom-disease,7.67299
MESH:D015470,Cardiac_Output__Low,symptom-disease,2.1428
MESH:D009456,Cardiac_Output__Low,symptom-disease,2.1428
MESH:D008258,Cardiac_Output__Low,symptom-disease,2.1428
MESH:D001943,Cardiac_Output__Low,symptom-disease,6.42839
MESH:D010051,Cardiac_Output__Low,symptom-disease,2.1428
MESH:D008175,Cardiac_Output__Low,symptom-disease,14.9996
MESH:D011471,Cardiac_Output__Low,symptom-disease,2.1428
MESH:D002538,Cardiac_Output__Low,symptom-disease,8.57118
MESH:D017681,Cardiac_Output__Low,symptom-disease,2.1428
MESH:D008180,Cardiac_Output__Low,symptom-disease,4.28559
MESH:D015470,Chills,symptom-disease,3.58518
MESH:D009101,Chills,symptom-disease,3.58518
MESH:D001943,Chills,symptom-disease,3.58518
MESH:D010190,Chills,symptom-disease,3.58518
MESH:D001749,Chills,symptom-disease,3.58518
MESH:D009190,Chills,symptom-disease,3.58518
MESH:D054198,Cyanosis,symptom-disease,3.48682
MESH:D015464,Cyanosis,symptom-disease,3.48682
MESH:D005910,Cyanosis,symptom-disease,1.74341
MESH:D009101,Cyanosis,symptom-disease,3.48682
MESH:D008258,Cyanosis,symptom-disease,1.74341
MESH:D013274,Cyanosis,symptom-disease,1.74341
MESH:D010190,Cyanosis,symptom-disease,3.48682
MESH:D010051,Cyanosis,symptom-disease,5.23023
MESH:D008175,Cyanosis,symptom-disease,8.71705
MESH:D009634,Cyanosis,symptom-disease,1.74341
MESH:D006502,Cyanosis,symptom-disease,3.48682
MESH:D054990,Cyanosis,symptom-disease,27.8946
MESH:D002538,Cyanosis,symptom-disease,1.74341
MESH:D004916,Cyanosis,symptom-disease,15.6907
MESH:D000741,Cyanosis,symptom-disease,1.74341
MESH:D013922,Cyanosis,symptom-disease,3.48682
MESH:D011087,Cyanosis,symptom-disease,13.9473
MESH:D017681,Cyanosis,symptom-disease,1.74341
MESH:D019851,Cyanosis,symptom-disease,1.74341
MESH:D019871,Cyanosis,symptom-disease,3.48682
MESH:D008180,Cyanosis,symptom-disease,6.97364
MESH:D054198,Edema,symptom-disease,6.55466
MESH:D015464,Edema,symptom-disease,11.3217
MESH:D015470,Edema,symptom-disease,3.57527
MESH:D015473,Edema,symptom-disease,1.78763
MESH:D009396,Edema,symptom-disease,1.78763
MESH:D012516,Edema,symptom-disease,5.3629
MESH:D005910,Edema,symptom-disease,7.15054
MESH:D008527,Edema,symptom-disease,0.595878
MESH:D012175,Edema,symptom-disease,1.19176
MESH:D011125,Edema,symptom-disease,0.595878
MESH:D006528,Edema,symptom-disease,6.55466
MESH:D018288,Edema,symptom-disease,5.3629
MESH:D009456,Edema,symptom-disease,1.19176
MESH:D009101,Edema,symptom-disease,10.1299
MESH:D008258,Edema,symptom-disease,2.38351
MESH:D001943,Edema,symptom-disease,81.0394
MESH:D046152,Edema,symptom-disease,0.595878
MESH:D015179,Edema,symptom-disease,1.19176
MESH:D013274,Edema,symptom-disease,10.7258
MESH:D010190,Edema,symptom-disease,7.15054
MESH:D010051,Edema,symptom-disease,23.8351
MESH:D008175,Edema,symptom-disease,23.2392
MESH:D011471,Edema,symptom-disease,39.328
MESH:D001749,Edema,symptom-disease,9.53405
MESH:D008557,Edema,symptom-disease,0.595878
MESH:D009634,Edema,symptom-disease,5.3629
MESH:D006502,Edema,symptom-disease,5.95878
MESH:D054990,Edema,symptom-disease,2.38351
MESH:D002538,Edema,symptom-disease,2.38351
MESH:D004916,Edema,symptom-disease,1.78763
MESH:D000741,Edema,symptom-disease,4.17115
MESH:D029503,Edema,symptom-disease,0.595878
MESH:D005199,Edema,symptom-disease,0.595878
MESH:D014923,Edema,symptom-disease,1.78763
MESH:D013922,Edema,symptom-disease,1.19176
MESH:D000361,Edema,symptom-disease,3.57527
MESH:D009190,Edema,symptom-disease,1.78763
MESH:D011087,Edema,symptom-disease,1.78763
MESH:D055728,Edema,symptom-disease,1.78763
MESH:D017681,Edema,symptom-disease,1.78763
MESH:D019851,Edema,symptom-disease,1.19176
MESH:D010505,Edema,symptom-disease,2.38351
MESH:D008180,Edema,symptom-disease,36.9444
MESH:D001943,Edema__Cardiac,symptom-disease,7.03808
MESH:D018860,Edema__Cardiac,symptom-disease,3.51904
MESH:D008180,Edema__Cardiac,symptom-disease,3.51904
MESH:D054198,Hydrops_Fetalis,symptom-disease,2.341
MESH:D009396,Hydrops_Fetalis,symptom-disease,7.023
MESH:D006528,Hydrops_Fetalis,symptom-disease,2.341
MESH:D008175,Hydrops_Fetalis,symptom-disease,7.023
MESH:D012779,Hydrops_Fetalis,symptom-disease,2.341
MESH:D009634,Hydrops_Fetalis,symptom-disease,21.069
MESH:D002538,Hydrops_Fetalis,symptom-disease,4.682
MESH:D000741,Hydrops_Fetalis,symptom-disease,2.341
MESH:D029503,Hydrops_Fetalis,symptom-disease,7.023
MESH:D005199,Hydrops_Fetalis,symptom-disease,7.023
MESH:D013922,Hydrops_Fetalis,symptom-disease,2.341
MESH:D008180,Hydrops_Fetalis,symptom-disease,4.682
MESH:D015470,Eye_Manifestations,symptom-disease,4.52363
MESH:D005910,Eye_Manifestations,symptom-disease,12.063
MESH:D008527,Eye_Manifestations,symptom-disease,1.50788
MESH:D009456,Eye_Manifestations,symptom-disease,22.6182
MESH:D009101,Eye_Manifestations,symptom-disease,18.0945
MESH:D008258,Eye_Manifestations,symptom-disease,12.063
MESH:D012415,Eye_Manifestations,symptom-disease,3.01575
MESH:D054990,Eye_Manifestations,symptom-disease,1.50788
MESH:D001260,Eye_Manifestations,symptom-disease,10.5551
MESH:D000741,Eye_Manifestations,symptom-disease,6.03151
MESH:D014923,Eye_Manifestations,symptom-disease,3.01575
MESH:D013922,Eye_Manifestations,symptom-disease,1.50788
MESH:D000361,Eye_Manifestations,symptom-disease,1.50788
MESH:D011087,Eye_Manifestations,symptom-disease,6.03151
MESH:D011038,Eye_Manifestations,symptom-disease,1.50788
MESH:D010505,Eye_Manifestations,symptom-disease,4.52363
MESH:D008180,Eye_Manifestations,symptom-disease,24.126
MESH:D015464,Eye_Hemorrhage,symptom-disease,2.75264
MESH:D015470,Eye_Hemorrhage,symptom-disease,2.75264
MESH:D015473,Eye_Hemorrhage,symptom-disease,2.75264
MESH:D012175,Eye_Hemorrhage,symptom-disease,2.75264
MESH:D009101,Eye_Hemorrhage,symptom-disease,11.0106
MESH:D009190,Eye_Hemorrhage,symptom-disease,2.75264
MESH:D054198,Fatigue,symptom-disease,12.5181
MESH:D015464,Fatigue,symptom-disease,10.2421
MESH:D015470,Fatigue,symptom-disease,18.2082
MESH:D015473,Fatigue,symptom-disease,1.13801
MESH:D009396,Fatigue,symptom-disease,1.13801
MESH:D005910,Fatigue,symptom-disease,12.5181
MESH:D012175,Fatigue,symptom-disease,1.13801
MESH:D011125,Fatigue,symptom-disease,1.13801
MESH:D006528,Fatigue,symptom-disease,17.0702
MESH:D018288,Fatigue,symptom-disease,17.0702
MESH:D009456,Fatigue,symptom-disease,2.27603
MESH:D009101,Fatigue,symptom-disease,51.2106
MESH:D008258,Fatigue,symptom-disease,5.69007
MESH:D001943,Fatigue,symptom-disease,384.648
MESH:D046152,Fatigue,symptom-disease,3.41404
MESH:D015179,Fatigue,symptom-disease,31.8644
MESH:D013274,Fatigue,symptom-disease,26.1743
MESH:D010190,Fatigue,symptom-disease,29.5883
MESH:D010051,Fatigue,symptom-disease,45.5205
MESH:D008175,Fatigue,symptom-disease,146.804
MESH:D011471,Fatigue,symptom-disease,91.0411
MESH:D001749,Fatigue,symptom-disease,4.55205
MESH:D012415,Fatigue,symptom-disease,1.13801
MESH:D054990,Fatigue,symptom-disease,5.69007
MESH:D018860,Fatigue,symptom-disease,1.13801
MESH:D000741,Fatigue,symptom-disease,12.5181
MESH:D013922,Fatigue,symptom-disease,1.13801
MESH:D000361,Fatigue,symptom-disease,1.13801
MESH:D009190,Fatigue,symptom-disease,27.3123
MESH:D011087,Fatigue,symptom-disease,1.13801
MESH:D055728,Fatigue,symptom-disease,3.41404
MESH:D017681,Fatigue,symptom-disease,2.27603
MESH:D008180,Fatigue,symptom-disease,81.9369
MESH:D017492,Fatigue,symptom-disease,1.13801
MESH:D017074,Fatigue,symptom-disease,2.27603
MESH:D001943,Mental_Fatigue,symptom-disease,14.3407
MESH:D008175,Mental_Fatigue,symptom-disease,3.58518
MESH:D006528,Feminization,symptom-disease,7.52477
MESH:D001943,Feminization,symptom-disease,3.76239
MESH:D013274,Feminization,symptom-disease,11.2872
MESH:D010190,Feminization,symptom-disease,7.52477
MESH:D010051,Feminization,symptom-disease,18.8119
MESH:D011471,Feminization,symptom-disease,30.0991
MESH:D008180,Feminization,symptom-disease,3.76239
MESH:D009456,Fetal_Distress,symptom-disease,2.58845
MESH:D013922,Fetal_Distress,symptom-disease,2.58845
MESH:D017681,Fetal_Distress,symptom-disease,2.58845
MESH:D008180,Fetal_Distress,symptom-disease,7.76535
MESH:D008415,Flushing,symptom-disease,26.1401
MESH:D009456,Flushing,symptom-disease,2.61401
MESH:D001943,Flushing,symptom-disease,28.7541
MESH:D046152,Flushing,symptom-disease,2.61401
MESH:D013274,Flushing,symptom-disease,7.84204
MESH:D010190,Flushing,symptom-disease,5.22802
MESH:D010051,Flushing,symptom-disease,2.61401
MESH:D008175,Flushing,symptom-disease,15.6841
MESH:D011471,Flushing,symptom-disease,41.8242
MESH:D002538,Flushing,symptom-disease,2.61401
MESH:D009190,Flushing,symptom-disease,2.61401
MESH:D009396,Heart_Murmurs,symptom-disease,2.36342
MESH:D006528,Heart_Murmurs,symptom-disease,2.36342
MESH:D009456,Heart_Murmurs,symptom-disease,4.72683
MESH:D008175,Heart_Murmurs,symptom-disease,4.72683
MESH:D012415,Heart_Murmurs,symptom-disease,2.36342
MESH:D009634,Heart_Murmurs,symptom-disease,4.72683
MESH:D006502,Heart_Murmurs,symptom-disease,2.36342
MESH:D002538,Heart_Murmurs,symptom-disease,4.72683
MESH:D008180,Heart_Murmurs,symptom-disease,11.8171
MESH:D001943,Hot_Flashes,symptom-disease,650.491
MESH:D011471,Hot_Flashes,symptom-disease,252.023
MESH:D008180,Hot_Flashes,symptom-disease,6.81142
MESH:D054198,Hypergammaglobulinemia,symptom-disease,3.35825
MESH:D015470,Hypergammaglobulinemia,symptom-disease,10.0748
MESH:D008415,Hypergammaglobulinemia,symptom-disease,6.7165
MESH:D006528,Hypergammaglobulinemia,symptom-disease,16.7913
MESH:D018288,Hypergammaglobulinemia,symptom-disease,1.67913
MESH:D009456,Hypergammaglobulinemia,symptom-disease,3.35825
MESH:D009101,Hypergammaglobulinemia,symptom-disease,337.504
MESH:D008258,Hypergammaglobulinemia,symptom-disease,82.2771
MESH:D001943,Hypergammaglobulinemia,symptom-disease,6.7165
MESH:D015179,Hypergammaglobulinemia,symptom-disease,1.67913
MESH:D013274,Hypergammaglobulinemia,symptom-disease,6.7165
MESH:D010190,Hypergammaglobulinemia,symptom-disease,1.67913
MESH:D010051,Hypergammaglobulinemia,symptom-disease,1.67913
MESH:D008175,Hypergammaglobulinemia,symptom-disease,21.8286
MESH:D011471,Hypergammaglobulinemia,symptom-disease,3.35825
MESH:D054990,Hypergammaglobulinemia,symptom-disease,26.866
MESH:D001260,Hypergammaglobulinemia,symptom-disease,8.39563
MESH:D000741,Hypergammaglobulinemia,symptom-disease,21.8286
MESH:D005199,Hypergammaglobulinemia,symptom-disease,1.67913
MESH:D014923,Hypergammaglobulinemia,symptom-disease,1.67913
MESH:D013922,Hypergammaglobulinemia,symptom-disease,3.35825
MESH:D000361,Hypergammaglobulinemia,symptom-disease,38.6199
MESH:D009190,Hypergammaglobulinemia,symptom-disease,8.39563
MESH:D011087,Hypergammaglobulinemia,symptom-disease,5.03738
MESH:D055728,Hypergammaglobulinemia,symptom-disease,10.0748
MESH:D017681,Hypergammaglobulinemia,symptom-disease,5.03738
MESH:D016116,Hypergammaglobulinemia,symptom-disease,1.67913
MESH:D010505,Hypergammaglobulinemia,symptom-disease,112.501
MESH:D008180,Hypergammaglobulinemia,symptom-disease,92.3519
MESH:D017074,Hypergammaglobulinemia,symptom-disease,8.39563
MESH:D015473,Intermittent_Claudication,symptom-disease,2.2183
MESH:D012516,Intermittent_Claudication,symptom-disease,2.2183
MESH:D009101,Intermittent_Claudication,symptom-disease,4.43661
MESH:D008258,Intermittent_Claudication,symptom-disease,2.2183
MESH:D001943,Intermittent_Claudication,symptom-disease,2.2183
MESH:D010190,Intermittent_Claudication,symptom-disease,2.2183
MESH:D011471,Intermittent_Claudication,symptom-disease,2.2183
MESH:D002538,Intermittent_Claudication,symptom-disease,2.2183
MESH:D000741,Intermittent_Claudication,symptom-disease,2.2183
MESH:D013922,Intermittent_Claudication,symptom-disease,2.2183
MESH:D011087,Intermittent_Claudication,symptom-disease,2.2183
MESH:D019851,Intermittent_Claudication,symptom-disease,2.2183
MESH:D008180,Intermittent_Claudication,symptom-disease,8.87321
MESH:D054198,Mobility_Limitation,symptom-disease,5.52771
MESH:D009456,Mobility_Limitation,symptom-disease,5.52771
MESH:D001943,Mobility_Limitation,symptom-disease,8.29157
MESH:D015179,Mobility_Limitation,symptom-disease,2.76386
MESH:D010190,Mobility_Limitation,symptom-disease,5.52771
MESH:D008175,Mobility_Limitation,symptom-disease,2.76386
MESH:D011471,Mobility_Limitation,symptom-disease,2.76386
MESH:D001943,Motion_Sickness,symptom-disease,10.486
MESH:D015470,Neurologic_Manifestations,symptom-disease,0.769356
MESH:D008415,Neurologic_Manifestations,symptom-disease,0.139883
MESH:D005910,Neurologic_Manifestations,symptom-disease,0.699414
MESH:D008527,Neurologic_Manifestations,symptom-disease,0.48959
MESH:D006528,Neurologic_Manifestations,symptom-disease,0.0699414
MESH:D009456,Neurologic_Manifestations,symptom-disease,1.189
MESH:D009101,Neurologic_Manifestations,symptom-disease,1.67859
MESH:D008258,Neurologic_Manifestations,symptom-disease,0.839297
MESH:D001943,Neurologic_Manifestations,symptom-disease,0.699414
MESH:D013274,Neurologic_Manifestations,symptom-disease,0.209824
MESH:D010190,Neurologic_Manifestations,symptom-disease,1.11906
MESH:D010051,Neurologic_Manifestations,symptom-disease,0.279766
MESH:D008175,Neurologic_Manifestations,symptom-disease,2.23813
MESH:D011471,Neurologic_Manifestations,symptom-disease,0.139883
MESH:D054990,Neurologic_Manifestations,symptom-disease,0.209824
MESH:D001260,Neurologic_Manifestations,symptom-disease,0.48959
MESH:D002538,Neurologic_Manifestations,symptom-disease,0.209824
MESH:D000741,Neurologic_Manifestations,symptom-disease,0.0699414
MESH:D013922,Neurologic_Manifestations,symptom-disease,0.209824
MESH:D000361,Neurologic_Manifestations,symptom-disease,0.139883
MESH:D011087,Neurologic_Manifestations,symptom-disease,0.699414
MESH:D010505,Neurologic_Manifestations,symptom-disease,0.139883
MESH:D008180,Neurologic_Manifestations,symptom-disease,4.68607
MESH:D002538,Cerebrospinal_Fluid_Otorrhea,symptom-disease,3.1883
MESH:D005910,Cerebrospinal_Fluid_Rhinorrhea,symptom-disease,13.3874
MESH:D009456,Cerebrospinal_Fluid_Rhinorrhea,symptom-disease,5.35494
MESH:D001943,Cerebrospinal_Fluid_Rhinorrhea,symptom-disease,10.7099
MESH:D020288,Cerebrospinal_Fluid_Rhinorrhea,symptom-disease,2.67747
MESH:D011471,Cerebrospinal_Fluid_Rhinorrhea,symptom-disease,8.03242
MESH:D002538,Cerebrospinal_Fluid_Rhinorrhea,symptom-disease,10.7099
MESH:D008527,Decerebrate_State,symptom-disease,2.94468
MESH:D002538,Decerebrate_State,symptom-disease,2.94468
MESH:D008180,Decerebrate_State,symptom-disease,2.94468
MESH:D010051,Dyskinesias,symptom-disease,2.24386
MESH:D012415,Dyskinesias,symptom-disease,0.747952
MESH:D054198,Ataxia,symptom-disease,3.65898
MESH:D015464,Ataxia,symptom-disease,2.43932
MESH:D015473,Ataxia,symptom-disease,1.21966
MESH:D005910,Ataxia,symptom-disease,4.87864
MESH:D008527,Ataxia,symptom-disease,8.53762
MESH:D006528,Ataxia,symptom-disease,1.21966
MESH:D018288,Ataxia,symptom-disease,6.0983
MESH:D009456,Ataxia,symptom-disease,7.31796
MESH:D009101,Ataxia,symptom-disease,2.43932
MESH:D008258,Ataxia,symptom-disease,2.43932
MESH:D001943,Ataxia,symptom-disease,8.53762
MESH:D015179,Ataxia,symptom-disease,1.21966
MESH:D013274,Ataxia,symptom-disease,1.21966
MESH:D010051,Ataxia,symptom-disease,1.21966
MESH:D008175,Ataxia,symptom-disease,8.53762
MESH:D011471,Ataxia,symptom-disease,1.21966
MESH:D001749,Ataxia,symptom-disease,1.21966
MESH:D001260,Ataxia,symptom-disease,8.53762
MESH:D002538,Ataxia,symptom-disease,4.87864
MESH:D014923,Ataxia,symptom-disease,1.21966
MESH:D000361,Ataxia,symptom-disease,6.0983
MESH:D008180,Ataxia,symptom-disease,7.31796
MESH:D015470,Cerebellar_Ataxia,symptom-disease,6.83514
MESH:D015473,Cerebellar_Ataxia,symptom-disease,1.70879
MESH:D009396,Cerebellar_Ataxia,symptom-disease,1.70879
MESH:D005910,Cerebellar_Ataxia,symptom-disease,1.70879
MESH:D008527,Cerebellar_Ataxia,symptom-disease,5.12636
MESH:D006528,Cerebellar_Ataxia,symptom-disease,1.70879
MESH:D018288,Cerebellar_Ataxia,symptom-disease,11.9615
MESH:D009101,Cerebellar_Ataxia,symptom-disease,1.70879
MESH:D008258,Cerebellar_Ataxia,symptom-disease,1.70879
MESH:D001943,Cerebellar_Ataxia,symptom-disease,18.7966
MESH:D013274,Cerebellar_Ataxia,symptom-disease,5.12636
MESH:D010190,Cerebellar_Ataxia,symptom-disease,1.70879
MESH:D010051,Cerebellar_Ataxia,symptom-disease,8.54393
MESH:D008175,Cerebellar_Ataxia,symptom-disease,23.923
MESH:D001749,Cerebellar_Ataxia,symptom-disease,1.70879
MESH:D054990,Cerebellar_Ataxia,symptom-disease,1.70879
MESH:D001260,Cerebellar_Ataxia,symptom-disease,22.2142
MESH:D002538,Cerebellar_Ataxia,symptom-disease,3.41757
MESH:D000741,Cerebellar_Ataxia,symptom-disease,3.41757
MESH:D017681,Cerebellar_Ataxia,symptom-disease,1.70879
MESH:D019851,Cerebellar_Ataxia,symptom-disease,1.70879
MESH:D019871,Cerebellar_Ataxia,symptom-disease,1.70879
MESH:D008180,Cerebellar_Ataxia,symptom-disease,13.6703
MESH:D018288,Gait_Ataxia,symptom-disease,8.40653
MESH:D009456,Gait_Ataxia,symptom-disease,2.80218
MESH:D008258,Gait_Ataxia,symptom-disease,2.80218
MESH:D010051,Gait_Ataxia,symptom-disease,5.60435
MESH:D008175,Gait_Ataxia,symptom-disease,8.40653
MESH:D001260,Gait_Ataxia,symptom-disease,2.80218
MESH:D002538,Gait_Ataxia,symptom-disease,5.60435
MESH:D019851,Gait_Ataxia,symptom-disease,2.80218
MESH:D008180,Gait_Ataxia,symptom-disease,2.80218
MESH:D018288,Athetosis,symptom-disease,2.58216
MESH:D008175,Athetosis,symptom-disease,2.58216
MESH:D001260,Athetosis,symptom-disease,15.493
MESH:D002538,Athetosis,symptom-disease,7.74649
MESH:D011087,Athetosis,symptom-disease,5.16432
MESH:D008180,Athetosis,symptom-disease,15.493
MESH:D054198,Chorea,symptom-disease,3.98597
MESH:D008415,Chorea,symptom-disease,3.98597
MESH:D018288,Chorea,symptom-disease,9.96492
MESH:D001943,Chorea,symptom-disease,1.99298
MESH:D010190,Chorea,symptom-disease,1.99298
MESH:D008175,Chorea,symptom-disease,15.9439
MESH:D001260,Chorea,symptom-disease,7.97193
MESH:D002538,Chorea,symptom-disease,11.9579
MESH:D011087,Chorea,symptom-disease,37.8667
MESH:D008180,Chorea,symptom-disease,149.474
MESH:D005910,Dystonia,symptom-disease,3.07222
MESH:D018288,Dystonia,symptom-disease,3.07222
MESH:D009456,Dystonia,symptom-disease,1.53611
MESH:D001943,Dystonia,symptom-disease,3.07222
MESH:D010190,Dystonia,symptom-disease,1.53611
MESH:D008175,Dystonia,symptom-disease,3.07222
MESH:D001260,Dystonia,symptom-disease,7.68055
MESH:D002538,Dystonia,symptom-disease,4.60833
MESH:D055728,Dystonia,symptom-disease,1.53611
MESH:D008180,Dystonia,symptom-disease,6.14444
MESH:D005910,Torticollis,symptom-disease,2.15499
MESH:D009456,Torticollis,symptom-disease,2.15499
MESH:D008175,Torticollis,symptom-disease,2.15499
MESH:D006502,Torticollis,symptom-disease,2.15499
MESH:D001260,Torticollis,symptom-disease,2.15499
MESH:D002538,Torticollis,symptom-disease,4.30998
MESH:D019851,Torticollis,symptom-disease,2.15499
MESH:D008180,Torticollis,symptom-disease,2.15499
MESH:D005910,Hyperkinesis,symptom-disease,7.023
MESH:D011087,Hyperkinesis,symptom-disease,2.341
MESH:D008180,Hyperkinesis,symptom-disease,4.682
MESH:D008175,Hypokinesia,symptom-disease,2.87929
MESH:D005910,Myoclonus,symptom-disease,10.6504
MESH:D008527,Myoclonus,symptom-disease,1.77507
MESH:D018288,Myoclonus,symptom-disease,8.87535
MESH:D009456,Myoclonus,symptom-disease,3.55014
MESH:D001943,Myoclonus,symptom-disease,1.77507
MESH:D013274,Myoclonus,symptom-disease,1.77507
MESH:D010051,Myoclonus,symptom-disease,5.32521
MESH:D020288,Myoclonus,symptom-disease,1.77507
MESH:D008175,Myoclonus,symptom-disease,10.6504
MESH:D001749,Myoclonus,symptom-disease,1.77507
MESH:D001260,Myoclonus,symptom-disease,3.55014
MESH:D002538,Myoclonus,symptom-disease,1.77507
MESH:D000361,Myoclonus,symptom-disease,1.77507
MESH:D016114,Myoclonus,symptom-disease,1.77507
MESH:D008180,Myoclonus,symptom-disease,8.87535
MESH:D005910,Psychomotor_Agitation,symptom-disease,2.24256
MESH:D009101,Psychomotor_Agitation,symptom-disease,2.24256
MESH:D010190,Psychomotor_Agitation,symptom-disease,2.24256
MESH:D008175,Psychomotor_Agitation,symptom-disease,2.24256
MESH:D009190,Psychomotor_Agitation,symptom-disease,2.24256
MESH:D008180,Psychomotor_Agitation,symptom-disease,2.24256
MESH:D009101,Akathisia__Drug-Induced,symptom-disease,6.22182
MESH:D001943,Akathisia__Drug-Induced,symptom-disease,6.22182
MESH:D013274,Akathisia__Drug-Induced,symptom-disease,3.11091
MESH:D010190,Akathisia__Drug-Induced,symptom-disease,3.11091
MESH:D015464,Tremor,symptom-disease,1.73935
MESH:D005910,Tremor,symptom-disease,1.73935
MESH:D008527,Tremor,symptom-disease,1.73935
MESH:D006528,Tremor,symptom-disease,1.73935
MESH:D018288,Tremor,symptom-disease,1.73935
MESH:D009101,Tremor,symptom-disease,5.21806
MESH:D008258,Tremor,symptom-disease,6.95741
MESH:D001943,Tremor,symptom-disease,3.47871
MESH:D010190,Tremor,symptom-disease,1.73935
MESH:D010051,Tremor,symptom-disease,3.47871
MESH:D001260,Tremor,symptom-disease,5.21806
MESH:D002538,Tremor,symptom-disease,10.4361
MESH:D018860,Tremor,symptom-disease,1.73935
MESH:D000741,Tremor,symptom-disease,3.47871
MESH:D013922,Tremor,symptom-disease,1.73935
MESH:D011087,Tremor,symptom-disease,1.73935
MESH:D008180,Tremor,symptom-disease,1.73935
MESH:D054198,Gait_Disorders__Neurologic,symptom-disease,3.48953
MESH:D005910,Gait_Disorders__Neurologic,symptom-disease,1.74477
MESH:D008527,Gait_Disorders__Neurologic,symptom-disease,1.74477
MESH:D006528,Gait_Disorders__Neurologic,symptom-disease,1.74477
MESH:D018288,Gait_Disorders__Neurologic,symptom-disease,1.74477
MESH:D009101,Gait_Disorders__Neurologic,symptom-disease,1.74477
MESH:D020288,Gait_Disorders__Neurologic,symptom-disease,1.74477
MESH:D008175,Gait_Disorders__Neurologic,symptom-disease,10.4686
MESH:D011471,Gait_Disorders__Neurologic,symptom-disease,1.74477
MESH:D001260,Gait_Disorders__Neurologic,symptom-disease,5.2343
MESH:D002538,Gait_Disorders__Neurologic,symptom-disease,3.48953
MESH:D018860,Gait_Disorders__Neurologic,symptom-disease,1.74477
MESH:D010505,Gait_Disorders__Neurologic,symptom-disease,1.74477
MESH:D018288,Gait_Apraxia,symptom-disease,8.25569
MESH:D008175,Gait_Apraxia,symptom-disease,8.25569
MESH:D015470,Meningism,symptom-disease,6.14871
MESH:D008527,Meningism,symptom-disease,6.14871
MESH:D002538,Meningism,symptom-disease,3.07435
MESH:D010505,Meningism,symptom-disease,3.07435
MESH:D008180,Neurobehavioral_Manifestations,symptom-disease,0.370758
MESH:D054198,Apraxias,symptom-disease,2.38377
MESH:D005910,Apraxias,symptom-disease,19.0702
MESH:D009456,Apraxias,symptom-disease,2.38377
MESH:D008175,Apraxias,symptom-disease,2.38377
MESH:D001260,Apraxias,symptom-disease,14.3026
MESH:D002538,Apraxias,symptom-disease,7.15132
MESH:D008180,Apraxias,symptom-disease,4.76755
MESH:D049932,Apraxias,symptom-disease,2.38377
MESH:D005910,Catatonia,symptom-disease,2.70191
MESH:D009101,Catatonia,symptom-disease,5.40381
MESH:D001943,Catatonia,symptom-disease,2.70191
MESH:D002538,Catatonia,symptom-disease,2.70191
MESH:D019851,Catatonia,symptom-disease,2.70191
MESH:D010505,Catatonia,symptom-disease,5.40381
MESH:D008180,Catatonia,symptom-disease,40.5286
MESH:D005910,Language_Disorders,symptom-disease,6.46642
MESH:D008527,Language_Disorders,symptom-disease,3.23321
MESH:D009456,Language_Disorders,symptom-disease,5.38868
MESH:D001943,Language_Disorders,symptom-disease,1.07774
MESH:D012415,Language_Disorders,symptom-disease,1.07774
MESH:D009634,Language_Disorders,symptom-disease,3.23321
MESH:D002538,Language_Disorders,symptom-disease,6.46642
MESH:D009190,Language_Disorders,symptom-disease,1.07774
MESH:D017074,Language_Disorders,symptom-disease,1.07774
MESH:D005910,Agraphia,symptom-disease,23.451
MESH:D002538,Agraphia,symptom-disease,6.70028
MESH:D008180,Agraphia,symptom-disease,3.35014
MESH:D054198,Anomia,symptom-disease,3.4201
MESH:D005910,Anomia,symptom-disease,13.6804
MESH:D002538,Anomia,symptom-disease,6.8402
MESH:D005910,Dyslexia,symptom-disease,5.35494
MESH:D009456,Dyslexia,symptom-disease,10.7099
MESH:D002538,Dyslexia,symptom-disease,2.67747
MESH:D011087,Dyslexia,symptom-disease,2.67747
MESH:D008180,Dyslexia,symptom-disease,2.67747
MESH:D005910,Dyslexia__Acquired,symptom-disease,7.03808
MESH:D009634,Dyslexia__Acquired,symptom-disease,3.51904
MESH:D002538,Dyslexia__Acquired,symptom-disease,3.51904
MESH:D005910,Alexia__Pure,symptom-disease,4.65847
MESH:D054198,Language_Development_Disorders,symptom-disease,4.97313
MESH:D009456,Language_Development_Disorders,symptom-disease,9.94627
MESH:D012415,Language_Development_Disorders,symptom-disease,2.48657
MESH:D009634,Language_Development_Disorders,symptom-disease,2.48657
MESH:D054198,Speech_Disorders,symptom-disease,1.15292
MESH:D015470,Speech_Disorders,symptom-disease,1.15292
MESH:D005910,Speech_Disorders,symptom-disease,9.22333
MESH:D008527,Speech_Disorders,symptom-disease,1.15292
MESH:D006528,Speech_Disorders,symptom-disease,1.15292
MESH:D009456,Speech_Disorders,symptom-disease,6.9175
MESH:D009101,Speech_Disorders,symptom-disease,1.15292
MESH:D008258,Speech_Disorders,symptom-disease,1.15292
MESH:D010190,Speech_Disorders,symptom-disease,1.15292
MESH:D010051,Speech_Disorders,symptom-disease,1.15292
MESH:D008175,Speech_Disorders,symptom-disease,1.15292
MESH:D011471,Speech_Disorders,symptom-disease,1.15292
MESH:D001260,Speech_Disorders,symptom-disease,2.30583
MESH:D002538,Speech_Disorders,symptom-disease,1.15292
MESH:D008180,Speech_Disorders,symptom-disease,3.45875
MESH:D049932,Speech_Disorders,symptom-disease,1.15292
MESH:D054198,Aphasia,symptom-disease,5.43199
MESH:D015464,Aphasia,symptom-disease,1.81066
MESH:D005910,Aphasia,symptom-disease,28.9706
MESH:D009456,Aphasia,symptom-disease,5.43199
MESH:D009101,Aphasia,symptom-disease,3.62132
MESH:D008258,Aphasia,symptom-disease,1.81066
MESH:D046152,Aphasia,symptom-disease,1.81066
MESH:D010190,Aphasia,symptom-disease,1.81066
MESH:D008175,Aphasia,symptom-disease,1.81066
MESH:D001749,Aphasia,symptom-disease,1.81066
MESH:D012415,Aphasia,symptom-disease,1.81066
MESH:D002538,Aphasia,symptom-disease,23.5386
MESH:D000741,Aphasia,symptom-disease,1.81066
MESH:D013922,Aphasia,symptom-disease,1.81066
MESH:D000361,Aphasia,symptom-disease,1.81066
MESH:D011087,Aphasia,symptom-disease,1.81066
MESH:D017681,Aphasia,symptom-disease,1.81066
MESH:D008180,Aphasia,symptom-disease,10.864
MESH:D005910,Aphasia__Broca,symptom-disease,3.11091
MESH:D008258,Aphasia__Broca,symptom-disease,3.11091
MESH:D002538,Aphasia__Broca,symptom-disease,3.11091
MESH:D005910,Aphasia__Wernicke,symptom-disease,3.49532
MESH:D002538,Aphasia__Wernicke,symptom-disease,3.49532
MESH:D019851,Aphasia__Wernicke,symptom-disease,3.49532
MESH:D009456,Articulation_Disorders,symptom-disease,1.88745
MESH:D012415,Articulation_Disorders,symptom-disease,1.88745
MESH:D009634,Articulation_Disorders,symptom-disease,1.88745
MESH:D002538,Articulation_Disorders,symptom-disease,3.7749
MESH:D008180,Articulation_Disorders,symptom-disease,1.88745
MESH:D054198,Dysarthria,symptom-disease,4.05317
MESH:D015464,Dysarthria,symptom-disease,2.02659
MESH:D005910,Dysarthria,symptom-disease,2.02659
MESH:D008527,Dysarthria,symptom-disease,6.07976
MESH:D006528,Dysarthria,symptom-disease,2.02659
MESH:D018288,Dysarthria,symptom-disease,2.02659
MESH:D009456,Dysarthria,symptom-disease,2.02659
MESH:D009101,Dysarthria,symptom-disease,2.02659
MESH:D008258,Dysarthria,symptom-disease,2.02659
MESH:D001943,Dysarthria,symptom-disease,8.10634
MESH:D010051,Dysarthria,symptom-disease,4.05317
MESH:D008175,Dysarthria,symptom-disease,4.05317
MESH:D009634,Dysarthria,symptom-disease,2.02659
MESH:D001260,Dysarthria,symptom-disease,2.02659
MESH:D017074,Dysarthria,symptom-disease,2.02659
MESH:D012415,Echolalia,symptom-disease,4.47615
MESH:D005910,Mutism,symptom-disease,2.9224
MESH:D008527,Mutism,symptom-disease,17.5344
MESH:D008175,Mutism,symptom-disease,2.9224
MESH:D002538,Mutism,symptom-disease,5.84481
MESH:D008180,Mutism,symptom-disease,8.76721
MESH:D009456,Stuttering,symptom-disease,3.32347
MESH:D010051,Stuttering,symptom-disease,3.32347
MESH:D008180,Stuttering,symptom-disease,3.32347
MESH:D054198,Learning_Disorders,symptom-disease,48.5887
MESH:D015464,Learning_Disorders,symptom-disease,1.73531
MESH:D015470,Learning_Disorders,symptom-disease,1.73531
MESH:D005910,Learning_Disorders,symptom-disease,1.73531
MESH:D008527,Learning_Disorders,symptom-disease,10.4119
MESH:D009456,Learning_Disorders,symptom-disease,126.678
MESH:D001943,Learning_Disorders,symptom-disease,1.73531
MESH:D009634,Learning_Disorders,symptom-disease,6.94125
MESH:D002538,Learning_Disorders,symptom-disease,3.47062
MESH:D000741,Learning_Disorders,symptom-disease,1.73531
MESH:D009190,Learning_Disorders,symptom-disease,1.73531
MESH:D016116,Learning_Disorders,symptom-disease,1.73531
MESH:D008180,Learning_Disorders,symptom-disease,13.8825
MESH:D054198,Confusion,symptom-disease,3.0179
MESH:D015464,Confusion,symptom-disease,1.50895
MESH:D015470,Confusion,symptom-disease,3.0179
MESH:D005910,Confusion,symptom-disease,3.0179
MESH:D006528,Confusion,symptom-disease,1.50895
MESH:D018288,Confusion,symptom-disease,6.03579
MESH:D009101,Confusion,symptom-disease,10.5626
MESH:D008258,Confusion,symptom-disease,4.52684
MESH:D001943,Confusion,symptom-disease,4.52684
MESH:D015179,Confusion,symptom-disease,4.52684
MESH:D013274,Confusion,symptom-disease,1.50895
MESH:D010190,Confusion,symptom-disease,21.1253
MESH:D010051,Confusion,symptom-disease,3.0179
MESH:D008175,Confusion,symptom-disease,21.1253
MESH:D011471,Confusion,symptom-disease,3.0179
MESH:D001749,Confusion,symptom-disease,3.0179
MESH:D008180,Confusion,symptom-disease,21.1253
MESH:D015470,Delirium,symptom-disease,2.08396
MESH:D018288,Delirium,symptom-disease,8.33582
MESH:D009101,Delirium,symptom-disease,6.25187
MESH:D001943,Delirium,symptom-disease,12.5037
MESH:D013274,Delirium,symptom-disease,4.16791
MESH:D010190,Delirium,symptom-disease,4.16791
MESH:D008175,Delirium,symptom-disease,12.5037
MESH:D011471,Delirium,symptom-disease,6.25187
MESH:D001749,Delirium,symptom-disease,2.08396
MESH:D011087,Delirium,symptom-disease,2.08396
MESH:D008180,Delirium,symptom-disease,14.5877
MESH:D054198,Consciousness_Disorders,symptom-disease,1.75426
MESH:D015464,Consciousness_Disorders,symptom-disease,1.75426
MESH:D015470,Consciousness_Disorders,symptom-disease,1.75426
MESH:D009396,Consciousness_Disorders,symptom-disease,0.877129
MESH:D008415,Consciousness_Disorders,symptom-disease,0.877129
MESH:D005910,Consciousness_Disorders,symptom-disease,0.877129
MESH:D018288,Consciousness_Disorders,symptom-disease,0.877129
MESH:D009101,Consciousness_Disorders,symptom-disease,6.1399
MESH:D001943,Consciousness_Disorders,symptom-disease,2.63139
MESH:D013274,Consciousness_Disorders,symptom-disease,1.75426
MESH:D010190,Consciousness_Disorders,symptom-disease,2.63139
MESH:D010051,Consciousness_Disorders,symptom-disease,0.877129
MESH:D008175,Consciousness_Disorders,symptom-disease,2.63139
MESH:D011471,Consciousness_Disorders,symptom-disease,1.75426
MESH:D002538,Consciousness_Disorders,symptom-disease,2.63139
MESH:D000741,Consciousness_Disorders,symptom-disease,0.877129
MESH:D009190,Consciousness_Disorders,symptom-disease,0.877129
MESH:D017681,Consciousness_Disorders,symptom-disease,1.75426
MESH:D019851,Consciousness_Disorders,symptom-disease,0.877129
MESH:D008180,Consciousness_Disorders,symptom-disease,3.50852
MESH:D017074,Consciousness_Disorders,symptom-disease,0.877129
MESH:D015470,Unconsciousness,symptom-disease,0.927973
MESH:D008415,Unconsciousness,symptom-disease,1.85595
MESH:D008527,Unconsciousness,symptom-disease,0.927973
MESH:D006528,Unconsciousness,symptom-disease,3.71189
MESH:D008258,Unconsciousness,symptom-disease,0.927973
MESH:D001943,Unconsciousness,symptom-disease,1.85595
MESH:D013274,Unconsciousness,symptom-disease,0.927973
MESH:D010190,Unconsciousness,symptom-disease,5.56784
MESH:D010051,Unconsciousness,symptom-disease,0.927973
MESH:D008175,Unconsciousness,symptom-disease,1.85595
MESH:D001749,Unconsciousness,symptom-disease,0.927973
MESH:D006502,Unconsciousness,symptom-disease,0.927973
MESH:D002538,Unconsciousness,symptom-disease,3.71189
MESH:D000361,Unconsciousness,symptom-disease,0.927973
MESH:D008180,Unconsciousness,symptom-disease,0.927973
MESH:D054198,Coma,symptom-disease,7.87251
MESH:D015464,Coma,symptom-disease,2.62417
MESH:D015470,Coma,symptom-disease,10.4967
MESH:D015473,Coma,symptom-disease,2.62417
MESH:D009396,Coma,symptom-disease,1.31208
MESH:D008415,Coma,symptom-disease,1.31208
MESH:D005910,Coma,symptom-disease,2.62417
MESH:D006528,Coma,symptom-disease,1.31208
MESH:D018288,Coma,symptom-disease,3.93625
MESH:D009101,Coma,symptom-disease,14.4329
MESH:D008258,Coma,symptom-disease,2.62417
MESH:D001943,Coma,symptom-disease,3.93625
MESH:D013274,Coma,symptom-disease,2.62417
MESH:D010190,Coma,symptom-disease,10.4967
MESH:D010051,Coma,symptom-disease,2.62417
MESH:D008175,Coma,symptom-disease,9.18459
MESH:D011471,Coma,symptom-disease,2.62417
MESH:D006502,Coma,symptom-disease,1.31208
MESH:D054990,Coma,symptom-disease,2.62417
MESH:D002538,Coma,symptom-disease,11.8088
MESH:D011087,Coma,symptom-disease,1.31208
MESH:D055728,Coma,symptom-disease,1.31208
MESH:D017681,Coma,symptom-disease,1.31208
MESH:D019851,Coma,symptom-disease,1.31208
MESH:D008180,Coma,symptom-disease,11.8088
MESH:D054198,Persistent_Vegetative_State,symptom-disease,3.09508
MESH:D011471,Persistent_Vegetative_State,symptom-disease,3.09508
MESH:D002538,Persistent_Vegetative_State,symptom-disease,3.09508
MESH:D019851,Persistent_Vegetative_State,symptom-disease,3.09508
MESH:D011471,Stupor,symptom-disease,4.85085
MESH:D008180,Stupor,symptom-disease,4.85085
MESH:D054198,Syncope,symptom-disease,4.47267
MESH:D015464,Syncope,symptom-disease,1.49089
MESH:D008415,Syncope,symptom-disease,26.836
MESH:D005910,Syncope,symptom-disease,2.98178
MESH:D006528,Syncope,symptom-disease,1.49089
MESH:D018288,Syncope,symptom-disease,1.49089
MESH:D009456,Syncope,symptom-disease,4.47267
MESH:D001943,Syncope,symptom-disease,7.45446
MESH:D046152,Syncope,symptom-disease,1.49089
MESH:D013274,Syncope,symptom-disease,1.49089
MESH:D010190,Syncope,symptom-disease,11.9271
MESH:D010051,Syncope,symptom-disease,2.98178
MESH:D008175,Syncope,symptom-disease,13.418
MESH:D011471,Syncope,symptom-disease,2.98178
MESH:D001749,Syncope,symptom-disease,1.49089
MESH:D044542,Syncope,symptom-disease,1.49089
MESH:D006502,Syncope,symptom-disease,1.49089
MESH:D002538,Syncope,symptom-disease,4.47267
MESH:D009190,Syncope,symptom-disease,1.49089
MESH:D011087,Syncope,symptom-disease,1.49089
MESH:D017681,Syncope,symptom-disease,1.49089
MESH:D008180,Syncope,symptom-disease,2.98178
MESH:D017492,Syncope,symptom-disease,1.49089
MESH:D018288,Syncope__Vasovagal,symptom-disease,3.18257
MESH:D001943,Syncope__Vasovagal,symptom-disease,3.18257
MESH:D008175,Syncope__Vasovagal,symptom-disease,9.5477
MESH:D010505,Syncope__Vasovagal,symptom-disease,3.18257
MESH:D054198,Lethargy,symptom-disease,3.49532
MESH:D009101,Lethargy,symptom-disease,3.49532
MESH:D001943,Lethargy,symptom-disease,3.49532
MESH:D020288,Lethargy,symptom-disease,3.49532
MESH:D054198,Memory_Disorders,symptom-disease,20.552
MESH:D015470,Memory_Disorders,symptom-disease,1.468
MESH:D008415,Memory_Disorders,symptom-disease,1.468
MESH:D005910,Memory_Disorders,symptom-disease,20.552
MESH:D008527,Memory_Disorders,symptom-disease,1.468
MESH:D018288,Memory_Disorders,symptom-disease,7.33999
MESH:D009456,Memory_Disorders,symptom-disease,7.33999
MESH:D009101,Memory_Disorders,symptom-disease,1.468
MESH:D008258,Memory_Disorders,symptom-disease,1.468
MESH:D001943,Memory_Disorders,symptom-disease,24.956
MESH:D015179,Memory_Disorders,symptom-disease,2.936
MESH:D013274,Memory_Disorders,symptom-disease,1.468
MESH:D010190,Memory_Disorders,symptom-disease,2.936
MESH:D010051,Memory_Disorders,symptom-disease,5.87199
MESH:D008175,Memory_Disorders,symptom-disease,13.212
MESH:D011471,Memory_Disorders,symptom-disease,4.40399
MESH:D012415,Memory_Disorders,symptom-disease,1.468
MESH:D002538,Memory_Disorders,symptom-disease,22.02
MESH:D017681,Memory_Disorders,symptom-disease,1.468
MESH:D019851,Memory_Disorders,symptom-disease,1.468
MESH:D008180,Memory_Disorders,symptom-disease,26.424
MESH:D005910,Amnesia,symptom-disease,15.2004
MESH:D008527,Amnesia,symptom-disease,2.17149
MESH:D018288,Amnesia,symptom-disease,6.51446
MESH:D001943,Amnesia,symptom-disease,2.17149
MESH:D010051,Amnesia,symptom-disease,4.34297
MESH:D008175,Amnesia,symptom-disease,2.17149
MESH:D002538,Amnesia,symptom-disease,10.8574
MESH:D008180,Amnesia,symptom-disease,4.34297
MESH:D008175,Amnesia__Anterograde,symptom-disease,4.07069
MESH:D005910,Amnesia__Retrograde,symptom-disease,3.39859
MESH:D018288,Amnesia__Retrograde,symptom-disease,6.79719
MESH:D010190,Amnesia__Retrograde,symptom-disease,3.39859
MESH:D008175,Amnesia__Retrograde,symptom-disease,6.79719
MESH:D002538,Amnesia__Retrograde,symptom-disease,6.79719
MESH:D008175,Amnesia__Transient_Global,symptom-disease,4.09886
MESH:D019851,Amnesia__Transient_Global,symptom-disease,4.09886
MESH:D015470,Korsakoff_Syndrome,symptom-disease,4.02987
MESH:D011471,Korsakoff_Syndrome,symptom-disease,4.02987
MESH:D054198,Mental_Retardation,symptom-disease,9.95991
MESH:D015470,Mental_Retardation,symptom-disease,3.62179
MESH:D009396,Mental_Retardation,symptom-disease,28.0688
MESH:D008415,Mental_Retardation,symptom-disease,0.905447
MESH:D012516,Mental_Retardation,symptom-disease,0.905447
MESH:D005910,Mental_Retardation,symptom-disease,8.14902
MESH:D008527,Mental_Retardation,symptom-disease,6.33813
MESH:D012175,Mental_Retardation,symptom-disease,18.1089
MESH:D011125,Mental_Retardation,symptom-disease,10.8654
MESH:D006528,Mental_Retardation,symptom-disease,2.71634
MESH:D009456,Mental_Retardation,symptom-disease,63.3813
MESH:D001943,Mental_Retardation,symptom-disease,6.33813
MESH:D013274,Mental_Retardation,symptom-disease,1.81089
MESH:D010190,Mental_Retardation,symptom-disease,2.71634
MESH:D010051,Mental_Retardation,symptom-disease,4.52723
MESH:D008175,Mental_Retardation,symptom-disease,1.81089
MESH:D001749,Mental_Retardation,symptom-disease,1.81089
MESH:D012415,Mental_Retardation,symptom-disease,13.5817
MESH:D004613,Mental_Retardation,symptom-disease,2.71634
MESH:D009634,Mental_Retardation,symptom-disease,24.4471
MESH:D006502,Mental_Retardation,symptom-disease,0.905447
MESH:D054990,Mental_Retardation,symptom-disease,1.81089
MESH:D001260,Mental_Retardation,symptom-disease,9.95991
MESH:D002538,Mental_Retardation,symptom-disease,3.62179
MESH:D000741,Mental_Retardation,symptom-disease,14.4871
MESH:D005199,Mental_Retardation,symptom-disease,8.14902
MESH:D000361,Mental_Retardation,symptom-disease,9.05447
MESH:D009190,Mental_Retardation,symptom-disease,4.52723
MESH:D001816,Mental_Retardation,symptom-disease,0.905447
MESH:D019871,Mental_Retardation,symptom-disease,6.33813
MESH:D016114,Mental_Retardation,symptom-disease,7.24357
MESH:D011038,Mental_Retardation,symptom-disease,2.71634
MESH:D016116,Mental_Retardation,symptom-disease,4.52723
MESH:D008180,Mental_Retardation,symptom-disease,5.43268
MESH:D054198,Perceptual_Disorders,symptom-disease,1.38606
MESH:D005910,Perceptual_Disorders,symptom-disease,8.31634
MESH:D008527,Perceptual_Disorders,symptom-disease,1.38606
MESH:D009456,Perceptual_Disorders,symptom-disease,9.7024
MESH:D001943,Perceptual_Disorders,symptom-disease,4.15817
MESH:D008175,Perceptual_Disorders,symptom-disease,1.38606
MESH:D044542,Perceptual_Disorders,symptom-disease,1.38606
MESH:D009634,Perceptual_Disorders,symptom-disease,2.77211
MESH:D002538,Perceptual_Disorders,symptom-disease,2.77211
MESH:D000741,Perceptual_Disorders,symptom-disease,1.38606
MESH:D005910,Agnosia,symptom-disease,7.60864
MESH:D008175,Agnosia,symptom-disease,2.53621
MESH:D002538,Agnosia,symptom-disease,5.07242
MESH:D008180,Agnosia,symptom-disease,2.53621
MESH:D005910,Gerstmann_Syndrome,symptom-disease,3.99064
MESH:D008527,Gerstmann_Syndrome,symptom-disease,3.99064
MESH:D013274,Gerstmann_Syndrome,symptom-disease,3.99064
MESH:D001749,Gerstmann_Syndrome,symptom-disease,3.99064
MESH:D008180,Gerstmann_Syndrome,symptom-disease,3.99064
MESH:D005910,Auditory_Perceptual_Disorders,symptom-disease,3.14335
MESH:D002538,Auditory_Perceptual_Disorders,symptom-disease,6.28669
MESH:D054198,Hallucinations,symptom-disease,3.44658
MESH:D015464,Hallucinations,symptom-disease,1.72329
MESH:D015470,Hallucinations,symptom-disease,3.44658
MESH:D005910,Hallucinations,symptom-disease,6.89315
MESH:D008527,Hallucinations,symptom-disease,3.44658
MESH:D018288,Hallucinations,symptom-disease,1.72329
MESH:D009456,Hallucinations,symptom-disease,1.72329
MESH:D008258,Hallucinations,symptom-disease,1.72329
MESH:D001943,Hallucinations,symptom-disease,1.72329
MESH:D013274,Hallucinations,symptom-disease,1.72329
MESH:D008175,Hallucinations,symptom-disease,1.72329
MESH:D002538,Hallucinations,symptom-disease,6.89315
MESH:D011087,Hallucinations,symptom-disease,1.72329
MESH:D019851,Hallucinations,symptom-disease,1.72329
MESH:D008180,Hallucinations,symptom-disease,17.2329
MESH:D001943,Illusions,symptom-disease,3.08986
MESH:D011471,Illusions,symptom-disease,3.08986
MESH:D002538,Illusions,symptom-disease,3.08986
MESH:D012516,Phantom_Limb,symptom-disease,3.22936
MESH:D001943,Phantom_Limb,symptom-disease,3.22936
MESH:D054198,Psychomotor_Disorders,symptom-disease,3.99492
MESH:D005910,Psychomotor_Disorders,symptom-disease,3.99492
MESH:D008527,Psychomotor_Disorders,symptom-disease,1.33164
MESH:D009456,Psychomotor_Disorders,symptom-disease,7.98985
MESH:D001943,Psychomotor_Disorders,symptom-disease,1.33164
MESH:D010190,Psychomotor_Disorders,symptom-disease,2.66328
MESH:D008175,Psychomotor_Disorders,symptom-disease,5.32656
MESH:D012415,Psychomotor_Disorders,symptom-disease,1.33164
MESH:D044542,Psychomotor_Disorders,symptom-disease,1.33164
MESH:D009634,Psychomotor_Disorders,symptom-disease,3.99492
MESH:D054990,Psychomotor_Disorders,symptom-disease,1.33164
MESH:D001260,Psychomotor_Disorders,symptom-disease,1.33164
MESH:D002538,Psychomotor_Disorders,symptom-disease,5.32656
MESH:D005199,Psychomotor_Disorders,symptom-disease,1.33164
MESH:D009190,Psychomotor_Disorders,symptom-disease,1.33164
MESH:D008180,Psychomotor_Disorders,symptom-disease,1.33164
MESH:D049932,Psychomotor_Disorders,symptom-disease,1.33164
MESH:D005910,Apraxia__Ideomotor,symptom-disease,4.11325
MESH:D005910,Fasciculation,symptom-disease,6.14871
MESH:D009456,Fasciculation,symptom-disease,3.07435
MESH:D008180,Fasciculation,symptom-disease,3.07435
MESH:D015464,Muscle_Cramp,symptom-disease,4.48512
MESH:D015470,Muscle_Cramp,symptom-disease,2.24256
MESH:D018288,Muscle_Cramp,symptom-disease,2.24256
MESH:D001943,Muscle_Cramp,symptom-disease,4.48512
MESH:D008175,Muscle_Cramp,symptom-disease,2.24256
MESH:D002538,Muscle_Cramp,symptom-disease,2.24256
MESH:D010051,Muscle_Hypertonia,symptom-disease,1.48042
MESH:D008180,Muscle_Hypertonia,symptom-disease,1.48042
MESH:D018288,Muscle_Rigidity,symptom-disease,7.2058
MESH:D008175,Muscle_Rigidity,symptom-disease,9.60773
MESH:D008180,Muscle_Rigidity,symptom-disease,2.40193
MESH:D054198,Muscle_Spasticity,symptom-disease,1.72728
MESH:D015470,Muscle_Spasticity,symptom-disease,1.72728
MESH:D008415,Muscle_Spasticity,symptom-disease,1.72728
MESH:D009101,Muscle_Spasticity,symptom-disease,3.45456
MESH:D010051,Muscle_Spasticity,symptom-disease,1.72728
MESH:D012415,Muscle_Spasticity,symptom-disease,1.72728
MESH:D008557,Muscle_Spasticity,symptom-disease,1.72728
MESH:D002538,Muscle_Spasticity,symptom-disease,1.72728
MESH:D005199,Muscle_Spasticity,symptom-disease,1.72728
MESH:D013922,Muscle_Spasticity,symptom-disease,1.72728
MESH:D000361,Muscle_Spasticity,symptom-disease,1.72728
MESH:D011087,Muscle_Spasticity,symptom-disease,1.72728
MESH:D055728,Muscle_Spasticity,symptom-disease,1.72728
MESH:D019851,Muscle_Spasticity,symptom-disease,3.45456
MESH:D008180,Muscle_Spasticity,symptom-disease,3.45456
MESH:D015464,Muscle_Hypotonia,symptom-disease,1.65651
MESH:D009396,Muscle_Hypotonia,symptom-disease,1.65651
MESH:D008527,Muscle_Hypotonia,symptom-disease,1.65651
MESH:D012175,Muscle_Hypotonia,symptom-disease,1.65651
MESH:D018288,Muscle_Hypotonia,symptom-disease,3.31302
MESH:D009456,Muscle_Hypotonia,symptom-disease,1.65651
MESH:D009101,Muscle_Hypotonia,symptom-disease,3.31302
MESH:D001943,Muscle_Hypotonia,symptom-disease,1.65651
MESH:D013274,Muscle_Hypotonia,symptom-disease,1.65651
MESH:D010051,Muscle_Hypotonia,symptom-disease,1.65651
MESH:D008175,Muscle_Hypotonia,symptom-disease,3.31302
MESH:D001749,Muscle_Hypotonia,symptom-disease,1.65651
MESH:D009634,Muscle_Hypotonia,symptom-disease,4.96953
MESH:D019851,Muscle_Hypotonia,symptom-disease,3.31302
MESH:D010505,Muscle_Hypotonia,symptom-disease,1.65651
MESH:D008180,Muscle_Hypotonia,symptom-disease,8.28256
MESH:D054198,Muscle_Weakness,symptom-disease,13.9019
MESH:D015464,Muscle_Weakness,symptom-disease,0.992991
MESH:D015470,Muscle_Weakness,symptom-disease,2.97897
MESH:D012516,Muscle_Weakness,symptom-disease,1.98598
MESH:D005910,Muscle_Weakness,symptom-disease,11.9159
MESH:D008527,Muscle_Weakness,symptom-disease,0.992991
MESH:D006528,Muscle_Weakness,symptom-disease,4.96496
MESH:D018288,Muscle_Weakness,symptom-disease,5.95795
MESH:D009456,Muscle_Weakness,symptom-disease,4.96496
MESH:D009101,Muscle_Weakness,symptom-disease,7.94393
MESH:D008258,Muscle_Weakness,symptom-disease,2.97897
MESH:D001943,Muscle_Weakness,symptom-disease,12.9089
MESH:D015179,Muscle_Weakness,symptom-disease,0.992991
MESH:D013274,Muscle_Weakness,symptom-disease,1.98598
MESH:D010190,Muscle_Weakness,symptom-disease,1.98598
MESH:D010051,Muscle_Weakness,symptom-disease,1.98598
MESH:D008175,Muscle_Weakness,symptom-disease,23.8318
MESH:D011471,Muscle_Weakness,symptom-disease,5.95795
MESH:D001749,Muscle_Weakness,symptom-disease,3.97196
MESH:D008557,Muscle_Weakness,symptom-disease,0.992991
MESH:D009634,Muscle_Weakness,symptom-disease,0.992991
MESH:D054990,Muscle_Weakness,symptom-disease,0.992991
MESH:D002538,Muscle_Weakness,symptom-disease,15.8879
MESH:D018860,Muscle_Weakness,symptom-disease,0.992991
MESH:D004916,Muscle_Weakness,symptom-disease,0.992991
MESH:D000741,Muscle_Weakness,symptom-disease,0.992991
MESH:D013922,Muscle_Weakness,symptom-disease,0.992991
MESH:D011087,Muscle_Weakness,symptom-disease,1.98598
MESH:D055728,Muscle_Weakness,symptom-disease,0.992991
MESH:D017681,Muscle_Weakness,symptom-disease,1.98598
MESH:D010505,Muscle_Weakness,symptom-disease,1.98598
MESH:D008180,Muscle_Weakness,symptom-disease,16.8808
MESH:D017074,Muscle_Weakness,symptom-disease,0.992991
MESH:D054198,Muscular_Atrophy,symptom-disease,2.92164
MESH:D015464,Muscular_Atrophy,symptom-disease,1.46082
MESH:D015470,Muscular_Atrophy,symptom-disease,2.92164
MESH:D009396,Muscular_Atrophy,symptom-disease,1.46082
MESH:D012516,Muscular_Atrophy,symptom-disease,1.46082
MESH:D005910,Muscular_Atrophy,symptom-disease,4.38247
MESH:D006528,Muscular_Atrophy,symptom-disease,1.46082
MESH:D018288,Muscular_Atrophy,symptom-disease,4.38247
MESH:D009456,Muscular_Atrophy,symptom-disease,7.30411
MESH:D009101,Muscular_Atrophy,symptom-disease,5.84329
MESH:D008258,Muscular_Atrophy,symptom-disease,4.38247
MESH:D001943,Muscular_Atrophy,symptom-disease,4.38247
MESH:D013274,Muscular_Atrophy,symptom-disease,5.84329
MESH:D010190,Muscular_Atrophy,symptom-disease,5.84329
MESH:D010051,Muscular_Atrophy,symptom-disease,1.46082
MESH:D008175,Muscular_Atrophy,symptom-disease,17.5299
MESH:D011471,Muscular_Atrophy,symptom-disease,2.92164
MESH:D009634,Muscular_Atrophy,symptom-disease,1.46082
MESH:D001260,Muscular_Atrophy,symptom-disease,4.38247
MESH:D013922,Muscular_Atrophy,symptom-disease,1.46082
MESH:D000361,Muscular_Atrophy,symptom-disease,1.46082
MESH:D011038,Muscular_Atrophy,symptom-disease,1.46082
MESH:D008180,Muscular_Atrophy,symptom-disease,7.30411
MESH:D010190,Sarcopenia,symptom-disease,4.76383
MESH:D011471,Sarcopenia,symptom-disease,4.76383
MESH:D008180,Sarcopenia,symptom-disease,4.76383
MESH:D005910,Myokymia,symptom-disease,4.09886
MESH:D018288,Myotonia,symptom-disease,3.05405
MESH:D001943,Myotonia,symptom-disease,3.05405
MESH:D008175,Myotonia,symptom-disease,9.16215
MESH:D008180,Myotonia,symptom-disease,3.05405
MESH:D054198,Spasm,symptom-disease,1.36728
MESH:D012516,Spasm,symptom-disease,1.36728
MESH:D005910,Spasm,symptom-disease,2.73455
MESH:D008527,Spasm,symptom-disease,1.36728
MESH:D006528,Spasm,symptom-disease,2.73455
MESH:D001943,Spasm,symptom-disease,4.10183
MESH:D013274,Spasm,symptom-disease,4.10183
MESH:D010051,Spasm,symptom-disease,1.36728
MESH:D008175,Spasm,symptom-disease,1.36728
MESH:D002538,Spasm,symptom-disease,10.9382
MESH:D000741,Spasm,symptom-disease,1.36728
MESH:D008180,Spasm,symptom-disease,4.10183
MESH:D006502,Hemifacial_Spasm,symptom-disease,3.24141
MESH:D002538,Hemifacial_Spasm,symptom-disease,6.48282
MESH:D054198,Trismus,symptom-disease,2.59796
MESH:D015470,Trismus,symptom-disease,2.59796
MESH:D009101,Trismus,symptom-disease,2.59796
MESH:D001943,Trismus,symptom-disease,2.59796
MESH:D054990,Trismus,symptom-disease,2.59796
MESH:D008180,Trismus,symptom-disease,2.59796
MESH:D015470,Tetany,symptom-disease,2.38121
MESH:D008415,Tetany,symptom-disease,2.38121
MESH:D009101,Tetany,symptom-disease,4.76241
MESH:D001943,Tetany,symptom-disease,2.38121
MESH:D015179,Tetany,symptom-disease,2.38121
MESH:D008175,Tetany,symptom-disease,2.38121
MESH:D000361,Tetany,symptom-disease,7.14362
MESH:D017074,Tetany,symptom-disease,2.38121
MESH:D054198,Pain,symptom-disease,14.8224
MESH:D015464,Pain,symptom-disease,3.62325
MESH:D054429,Pain,symptom-disease,0.329387
MESH:D015470,Pain,symptom-disease,3.62325
MESH:D015473,Pain,symptom-disease,1.31755
MESH:D009396,Pain,symptom-disease,0.658773
MESH:D008415,Pain,symptom-disease,1.31755
MESH:D012516,Pain,symptom-disease,15.8106
MESH:D005910,Pain,symptom-disease,1.97632
MESH:D008527,Pain,symptom-disease,0.329387
MESH:D012175,Pain,symptom-disease,0.329387
MESH:D006528,Pain,symptom-disease,5.27019
MESH:D018288,Pain,symptom-disease,2.96448
MESH:D009456,Pain,symptom-disease,6.25835
MESH:D009101,Pain,symptom-disease,42.4909
MESH:D008258,Pain,symptom-disease,1.97632
MESH:D001943,Pain,symptom-disease,150.2
MESH:D046152,Pain,symptom-disease,0.329387
MESH:D015179,Pain,symptom-disease,11.8579
MESH:D013274,Pain,symptom-disease,19.1044
MESH:D010190,Pain,symptom-disease,65.2186
MESH:D010051,Pain,symptom-disease,19.1044
MESH:D008175,Pain,symptom-disease,71.1475
MESH:D011471,Pain,symptom-disease,138.013
MESH:D001749,Pain,symptom-disease,9.22283
MESH:D008557,Pain,symptom-disease,1.64693
MESH:D006502,Pain,symptom-disease,0.329387
MESH:D054990,Pain,symptom-disease,0.329387
MESH:D052537,Pain,symptom-disease,0.329387
MESH:D002538,Pain,symptom-disease,1.64693
MESH:D018860,Pain,symptom-disease,0.329387
MESH:D004916,Pain,symptom-disease,8.23467
MESH:D000741,Pain,symptom-disease,0.658773
MESH:D005199,Pain,symptom-disease,0.329387
MESH:D013922,Pain,symptom-disease,1.64693
MESH:D000361,Pain,symptom-disease,1.31755
MESH:D009190,Pain,symptom-disease,0.658773
MESH:D011087,Pain,symptom-disease,1.97632
MESH:D055728,Pain,symptom-disease,2.63509
MESH:D019851,Pain,symptom-disease,0.98816
MESH:D010505,Pain,symptom-disease,13.1755
MESH:D008180,Pain,symptom-disease,26.6803
MESH:D054198,Back_Pain,symptom-disease,13.7631
MESH:D015464,Back_Pain,symptom-disease,1.14693
MESH:D009396,Back_Pain,symptom-disease,1.14693
MESH:D008415,Back_Pain,symptom-disease,5.73464
MESH:D012516,Back_Pain,symptom-disease,2.29386
MESH:D008527,Back_Pain,symptom-disease,1.14693
MESH:D011125,Back_Pain,symptom-disease,1.14693
MESH:D006528,Back_Pain,symptom-disease,2.29386
MESH:D018288,Back_Pain,symptom-disease,5.73464
MESH:D009456,Back_Pain,symptom-disease,2.29386
MESH:D009101,Back_Pain,symptom-disease,52.7587
MESH:D001943,Back_Pain,symptom-disease,6.88157
MESH:D013274,Back_Pain,symptom-disease,4.58771
MESH:D010190,Back_Pain,symptom-disease,25.2324
MESH:D010051,Back_Pain,symptom-disease,4.58771
MESH:D008175,Back_Pain,symptom-disease,26.3794
MESH:D011471,Back_Pain,symptom-disease,11.4693
MESH:D001749,Back_Pain,symptom-disease,2.29386
MESH:D008557,Back_Pain,symptom-disease,1.14693
MESH:D000741,Back_Pain,symptom-disease,1.14693
MESH:D000361,Back_Pain,symptom-disease,1.14693
MESH:D011087,Back_Pain,symptom-disease,1.14693
MESH:D055728,Back_Pain,symptom-disease,1.14693
MESH:D019851,Back_Pain,symptom-disease,1.14693
MESH:D010505,Back_Pain,symptom-disease,4.58771
MESH:D054198,Low_Back_Pain,symptom-disease,3.18084
MESH:D015464,Low_Back_Pain,symptom-disease,1.59042
MESH:D015470,Low_Back_Pain,symptom-disease,1.59042
MESH:D009396,Low_Back_Pain,symptom-disease,1.59042
MESH:D008415,Low_Back_Pain,symptom-disease,1.59042
MESH:D012516,Low_Back_Pain,symptom-disease,7.95211
MESH:D005910,Low_Back_Pain,symptom-disease,4.77126
MESH:D018288,Low_Back_Pain,symptom-disease,1.59042
MESH:D009456,Low_Back_Pain,symptom-disease,3.18084
MESH:D009101,Low_Back_Pain,symptom-disease,14.3138
MESH:D001943,Low_Back_Pain,symptom-disease,6.36168
MESH:D015179,Low_Back_Pain,symptom-disease,1.59042
MESH:D013274,Low_Back_Pain,symptom-disease,3.18084
MESH:D010190,Low_Back_Pain,symptom-disease,4.77126
MESH:D010051,Low_Back_Pain,symptom-disease,4.77126
MESH:D008175,Low_Back_Pain,symptom-disease,11.1329
MESH:D011471,Low_Back_Pain,symptom-disease,3.18084
MESH:D001749,Low_Back_Pain,symptom-disease,3.18084
MESH:D012415,Low_Back_Pain,symptom-disease,1.59042
MESH:D006502,Low_Back_Pain,symptom-disease,1.59042
MESH:D009190,Low_Back_Pain,symptom-disease,3.18084
MESH:D010505,Low_Back_Pain,symptom-disease,4.77126
MESH:D008180,Low_Back_Pain,symptom-disease,3.18084
MESH:D054198,Facial_Pain,symptom-disease,1.97233
MESH:D015470,Facial_Pain,symptom-disease,1.97233
MESH:D005910,Facial_Pain,symptom-disease,3.94466
MESH:D009101,Facial_Pain,symptom-disease,1.97233
MESH:D001943,Facial_Pain,symptom-disease,7.88931
MESH:D008175,Facial_Pain,symptom-disease,31.5573
MESH:D011471,Facial_Pain,symptom-disease,3.94466
MESH:D001749,Facial_Pain,symptom-disease,1.97233
MESH:D008557,Facial_Pain,symptom-disease,1.97233
MESH:D002538,Facial_Pain,symptom-disease,9.86164
MESH:D009190,Facial_Pain,symptom-disease,1.97233
MESH:D019851,Facial_Pain,symptom-disease,1.97233
MESH:D054198,Headache,symptom-disease,11.4993
MESH:D015464,Headache,symptom-disease,5.30739
MESH:D015470,Headache,symptom-disease,10.6148
MESH:D015473,Headache,symptom-disease,4.42282
MESH:D008415,Headache,symptom-disease,3.53826
MESH:D012516,Headache,symptom-disease,2.65369
MESH:D005910,Headache,symptom-disease,15.0376
MESH:D008527,Headache,symptom-disease,12.3839
MESH:D012175,Headache,symptom-disease,0.884564
MESH:D011125,Headache,symptom-disease,1.76913
MESH:D006528,Headache,symptom-disease,3.53826
MESH:D018288,Headache,symptom-disease,3.53826
MESH:D009456,Headache,symptom-disease,16.8067
MESH:D009101,Headache,symptom-disease,6.19195
MESH:D008258,Headache,symptom-disease,2.65369
MESH:D001943,Headache,symptom-disease,22.1141
MESH:D015179,Headache,symptom-disease,2.65369
MESH:D013274,Headache,symptom-disease,3.53826
MESH:D010190,Headache,symptom-disease,0.884564
MESH:D010051,Headache,symptom-disease,11.4993
MESH:D020288,Headache,symptom-disease,2.65369
MESH:D008175,Headache,symptom-disease,21.2295
MESH:D011471,Headache,symptom-disease,7.96108
MESH:D001749,Headache,symptom-disease,9.73021
MESH:D016864,Headache,symptom-disease,1.76913
MESH:D006502,Headache,symptom-disease,1.76913
MESH:D054990,Headache,symptom-disease,2.65369
MESH:D002538,Headache,symptom-disease,69.8806
MESH:D018860,Headache,symptom-disease,0.884564
MESH:D000741,Headache,symptom-disease,6.19195
MESH:D013922,Headache,symptom-disease,5.30739
MESH:D000361,Headache,symptom-disease,1.76913
MESH:D009190,Headache,symptom-disease,2.65369
MESH:D011087,Headache,symptom-disease,3.53826
MESH:D055728,Headache,symptom-disease,2.65369
MESH:D017681,Headache,symptom-disease,0.884564
MESH:D010505,Headache,symptom-disease,4.42282
MESH:D008180,Headache,symptom-disease,50.4202
MESH:D015470,Neck_Pain,symptom-disease,3.91758
MESH:D012516,Neck_Pain,symptom-disease,1.95879
MESH:D009456,Neck_Pain,symptom-disease,11.7528
MESH:D009101,Neck_Pain,symptom-disease,5.87638
MESH:D008175,Neck_Pain,symptom-disease,3.91758
MESH:D011471,Neck_Pain,symptom-disease,3.91758
MESH:D001749,Neck_Pain,symptom-disease,1.95879
MESH:D008557,Neck_Pain,symptom-disease,1.95879
MESH:D006502,Neck_Pain,symptom-disease,1.95879
MESH:D010505,Neck_Pain,symptom-disease,1.95879
MESH:D008180,Neck_Pain,symptom-disease,1.95879
MESH:D012516,Neuralgia,symptom-disease,1.53831
MESH:D005910,Neuralgia,symptom-disease,3.07663
MESH:D008527,Neuralgia,symptom-disease,3.07663
MESH:D018288,Neuralgia,symptom-disease,1.53831
MESH:D009456,Neuralgia,symptom-disease,4.61494
MESH:D009101,Neuralgia,symptom-disease,4.61494
MESH:D001943,Neuralgia,symptom-disease,13.8448
MESH:D010190,Neuralgia,symptom-disease,3.07663
MESH:D010051,Neuralgia,symptom-disease,1.53831
MESH:D008175,Neuralgia,symptom-disease,6.15326
MESH:D011471,Neuralgia,symptom-disease,6.15326
MESH:D006502,Neuralgia,symptom-disease,1.53831
MESH:D002538,Neuralgia,symptom-disease,4.61494
MESH:D004916,Neuralgia,symptom-disease,7.69157
MESH:D010505,Neuralgia,symptom-disease,1.53831
MESH:D008180,Neuralgia,symptom-disease,1.53831
MESH:D009101,Neuralgia__Postherpetic,symptom-disease,8.19772
MESH:D054198,Sciatica,symptom-disease,2.16941
MESH:D015470,Sciatica,symptom-disease,2.16941
MESH:D012516,Sciatica,symptom-disease,6.50823
MESH:D006528,Sciatica,symptom-disease,2.16941
MESH:D009456,Sciatica,symptom-disease,4.33882
MESH:D009101,Sciatica,symptom-disease,6.50823
MESH:D001943,Sciatica,symptom-disease,6.50823
MESH:D013274,Sciatica,symptom-disease,4.33882
MESH:D010190,Sciatica,symptom-disease,2.16941
MESH:D010051,Sciatica,symptom-disease,4.33882
MESH:D008175,Sciatica,symptom-disease,8.67764
MESH:D011471,Sciatica,symptom-disease,6.50823
MESH:D008180,Sciatica,symptom-disease,2.16941
MESH:D054198,Pain__Intractable,symptom-disease,3.98597
MESH:D015470,Pain__Intractable,symptom-disease,1.99298
MESH:D008415,Pain__Intractable,symptom-disease,3.98597
MESH:D012516,Pain__Intractable,symptom-disease,13.9509
MESH:D012175,Pain__Intractable,symptom-disease,1.99298
MESH:D006528,Pain__Intractable,symptom-disease,1.99298
MESH:D009101,Pain__Intractable,symptom-disease,17.9369
MESH:D001943,Pain__Intractable,symptom-disease,85.6983
MESH:D015179,Pain__Intractable,symptom-disease,3.98597
MESH:D013274,Pain__Intractable,symptom-disease,15.9439
MESH:D010190,Pain__Intractable,symptom-disease,101.642
MESH:D010051,Pain__Intractable,symptom-disease,15.9439
MESH:D008175,Pain__Intractable,symptom-disease,97.6562
MESH:D011471,Pain__Intractable,symptom-disease,83.7053
MESH:D001749,Pain__Intractable,symptom-disease,1.99298
MESH:D006502,Pain__Intractable,symptom-disease,1.99298
MESH:D054990,Pain__Intractable,symptom-disease,1.99298
MESH:D004916,Pain__Intractable,symptom-disease,5.97895
MESH:D000741,Pain__Intractable,symptom-disease,3.98597
MESH:D055728,Pain__Intractable,symptom-disease,3.98597
MESH:D010505,Pain__Intractable,symptom-disease,1.99298
MESH:D008175,Pain__Referred,symptom-disease,4.00355
MESH:D054198,Paralysis,symptom-disease,1.93789
MESH:D015464,Paralysis,symptom-disease,0.968943
MESH:D015470,Paralysis,symptom-disease,5.81366
MESH:D015473,Paralysis,symptom-disease,0.968943
MESH:D012516,Paralysis,symptom-disease,0.484471
MESH:D005910,Paralysis,symptom-disease,4.84471
MESH:D008527,Paralysis,symptom-disease,0.968943
MESH:D006528,Paralysis,symptom-disease,0.484471
MESH:D018288,Paralysis,symptom-disease,1.45341
MESH:D009456,Paralysis,symptom-disease,2.90683
MESH:D009101,Paralysis,symptom-disease,8.72048
MESH:D008258,Paralysis,symptom-disease,1.45341
MESH:D001943,Paralysis,symptom-disease,11.1428
MESH:D015179,Paralysis,symptom-disease,0.484471
MESH:D013274,Paralysis,symptom-disease,0.484471
MESH:D010190,Paralysis,symptom-disease,0.968943
MESH:D010051,Paralysis,symptom-disease,1.45341
MESH:D008175,Paralysis,symptom-disease,11.1428
MESH:D011471,Paralysis,symptom-disease,7.75154
MESH:D001749,Paralysis,symptom-disease,0.968943
MESH:D054990,Paralysis,symptom-disease,0.484471
MESH:D002538,Paralysis,symptom-disease,2.90683
MESH:D013922,Paralysis,symptom-disease,0.484471
MESH:D000361,Paralysis,symptom-disease,1.93789
MESH:D011087,Paralysis,symptom-disease,0.484471
MESH:D010505,Paralysis,symptom-disease,3.3913
MESH:D008180,Paralysis,symptom-disease,10.6584
MESH:D054198,Facial_Paralysis,symptom-disease,13.571
MESH:D054429,Facial_Paralysis,symptom-disease,1.3571
MESH:D015470,Facial_Paralysis,symptom-disease,16.2852
MESH:D012516,Facial_Paralysis,symptom-disease,2.71419
MESH:D005910,Facial_Paralysis,symptom-disease,4.07129
MESH:D008527,Facial_Paralysis,symptom-disease,1.3571
MESH:D018288,Facial_Paralysis,symptom-disease,1.3571
MESH:D009456,Facial_Paralysis,symptom-disease,8.14258
MESH:D009101,Facial_Paralysis,symptom-disease,5.42839
MESH:D008258,Facial_Paralysis,symptom-disease,2.71419
MESH:D001943,Facial_Paralysis,symptom-disease,6.78548
MESH:D013274,Facial_Paralysis,symptom-disease,1.3571
MESH:D010190,Facial_Paralysis,symptom-disease,2.71419
MESH:D010051,Facial_Paralysis,symptom-disease,4.07129
MESH:D008175,Facial_Paralysis,symptom-disease,10.8568
MESH:D011471,Facial_Paralysis,symptom-disease,5.42839
MESH:D002538,Facial_Paralysis,symptom-disease,12.2139
MESH:D013922,Facial_Paralysis,symptom-disease,1.3571
MESH:D011087,Facial_Paralysis,symptom-disease,1.3571
MESH:D008180,Facial_Paralysis,symptom-disease,12.2139
MESH:D018288,Gastroparesis,symptom-disease,6.59499
MESH:D009456,Gastroparesis,symptom-disease,3.2975
MESH:D013274,Gastroparesis,symptom-disease,3.2975
MESH:D010190,Gastroparesis,symptom-disease,19.785
MESH:D008175,Gastroparesis,symptom-disease,6.59499
MESH:D054198,Hemiplegia,symptom-disease,5.17853
MESH:D012516,Hemiplegia,symptom-disease,3.8839
MESH:D005910,Hemiplegia,symptom-disease,18.1249
MESH:D018288,Hemiplegia,symptom-disease,1.29463
MESH:D009456,Hemiplegia,symptom-disease,6.47316
MESH:D009101,Hemiplegia,symptom-disease,3.8839
MESH:D008258,Hemiplegia,symptom-disease,1.29463
MESH:D001943,Hemiplegia,symptom-disease,2.58926
MESH:D013274,Hemiplegia,symptom-disease,1.29463
MESH:D010190,Hemiplegia,symptom-disease,5.17853
MESH:D010051,Hemiplegia,symptom-disease,1.29463
MESH:D008175,Hemiplegia,symptom-disease,15.5356
MESH:D011471,Hemiplegia,symptom-disease,5.17853
MESH:D001749,Hemiplegia,symptom-disease,1.29463
MESH:D009634,Hemiplegia,symptom-disease,1.29463
MESH:D006502,Hemiplegia,symptom-disease,1.29463
MESH:D002538,Hemiplegia,symptom-disease,27.1873
MESH:D013922,Hemiplegia,symptom-disease,7.76779
MESH:D000361,Hemiplegia,symptom-disease,1.29463
MESH:D011087,Hemiplegia,symptom-disease,11.6517
MESH:D055728,Hemiplegia,symptom-disease,2.58926
MESH:D017681,Hemiplegia,symptom-disease,1.29463
MESH:D019851,Hemiplegia,symptom-disease,3.8839
MESH:D010505,Hemiplegia,symptom-disease,1.29463
MESH:D008180,Hemiplegia,symptom-disease,34.9551
MESH:D015464,Ophthalmoplegia,symptom-disease,2.65969
MESH:D015470,Ophthalmoplegia,symptom-disease,3.98954
MESH:D005910,Ophthalmoplegia,symptom-disease,17.288
MESH:D008527,Ophthalmoplegia,symptom-disease,3.98954
MESH:D006528,Ophthalmoplegia,symptom-disease,2.65969
MESH:D018288,Ophthalmoplegia,symptom-disease,7.97908
MESH:D009456,Ophthalmoplegia,symptom-disease,3.98954
MESH:D009101,Ophthalmoplegia,symptom-disease,15.9582
MESH:D008258,Ophthalmoplegia,symptom-disease,1.32985
MESH:D001943,Ophthalmoplegia,symptom-disease,9.30893
MESH:D013274,Ophthalmoplegia,symptom-disease,1.32985
MESH:D010051,Ophthalmoplegia,symptom-disease,1.32985
MESH:D008175,Ophthalmoplegia,symptom-disease,14.6283
MESH:D011471,Ophthalmoplegia,symptom-disease,5.31939
MESH:D001749,Ophthalmoplegia,symptom-disease,1.32985
MESH:D001260,Ophthalmoplegia,symptom-disease,1.32985
MESH:D002538,Ophthalmoplegia,symptom-disease,19.9477
MESH:D018860,Ophthalmoplegia,symptom-disease,1.32985
MESH:D000741,Ophthalmoplegia,symptom-disease,1.32985
MESH:D011087,Ophthalmoplegia,symptom-disease,3.98954
MESH:D055728,Ophthalmoplegia,symptom-disease,1.32985
MESH:D008180,Ophthalmoplegia,symptom-disease,18.6179
MESH:D008175,Supranuclear_Palsy__Progressive,symptom-disease,3.03415
MESH:D002538,Supranuclear_Palsy__Progressive,symptom-disease,3.03415
MESH:D054198,Paraplegia,symptom-disease,7.66488
MESH:D015464,Paraplegia,symptom-disease,2.55496
MESH:D015470,Paraplegia,symptom-disease,21.7171
MESH:D009396,Paraplegia,symptom-disease,5.10992
MESH:D012516,Paraplegia,symptom-disease,6.3874
MESH:D005910,Paraplegia,symptom-disease,2.55496
MESH:D006528,Paraplegia,symptom-disease,3.83244
MESH:D018288,Paraplegia,symptom-disease,5.10992
MESH:D009456,Paraplegia,symptom-disease,10.2198
MESH:D009101,Paraplegia,symptom-disease,24.2721
MESH:D001943,Paraplegia,symptom-disease,16.6072
MESH:D013274,Paraplegia,symptom-disease,1.27748
MESH:D010051,Paraplegia,symptom-disease,2.55496
MESH:D008175,Paraplegia,symptom-disease,16.6072
MESH:D011471,Paraplegia,symptom-disease,26.8271
MESH:D001749,Paraplegia,symptom-disease,19.1622
MESH:D008557,Paraplegia,symptom-disease,1.27748
MESH:D002538,Paraplegia,symptom-disease,2.55496
MESH:D000741,Paraplegia,symptom-disease,2.55496
MESH:D013922,Paraplegia,symptom-disease,1.27748
MESH:D000361,Paraplegia,symptom-disease,1.27748
MESH:D011087,Paraplegia,symptom-disease,5.10992
MESH:D055728,Paraplegia,symptom-disease,6.3874
MESH:D017681,Paraplegia,symptom-disease,2.55496
MESH:D019851,Paraplegia,symptom-disease,3.83244
MESH:D008180,Paraplegia,symptom-disease,15.3298
MESH:D018288,Brown-Sequard_Syndrome,symptom-disease,3.53517
MESH:D008175,Brown-Sequard_Syndrome,symptom-disease,14.1407
MESH:D008180,Brown-Sequard_Syndrome,symptom-disease,3.53517
MESH:D054198,Quadriplegia,symptom-disease,5.47656
MESH:D015464,Quadriplegia,symptom-disease,1.36914
MESH:D015470,Quadriplegia,symptom-disease,4.10742
MESH:D015473,Quadriplegia,symptom-disease,1.36914
MESH:D008415,Quadriplegia,symptom-disease,1.36914
MESH:D005910,Quadriplegia,symptom-disease,4.10742
MESH:D008527,Quadriplegia,symptom-disease,1.36914
MESH:D006528,Quadriplegia,symptom-disease,1.36914
MESH:D018288,Quadriplegia,symptom-disease,4.10742
MESH:D009456,Quadriplegia,symptom-disease,2.73828
MESH:D009101,Quadriplegia,symptom-disease,6.8457
MESH:D008258,Quadriplegia,symptom-disease,2.73828
MESH:D001943,Quadriplegia,symptom-disease,5.47656
MESH:D013274,Quadriplegia,symptom-disease,2.73828
MESH:D010190,Quadriplegia,symptom-disease,1.36914
MESH:D008175,Quadriplegia,symptom-disease,4.10742
MESH:D011471,Quadriplegia,symptom-disease,2.73828
MESH:D001749,Quadriplegia,symptom-disease,5.47656
MESH:D012415,Quadriplegia,symptom-disease,1.36914
MESH:D002538,Quadriplegia,symptom-disease,2.73828
MESH:D005199,Quadriplegia,symptom-disease,1.36914
MESH:D017681,Quadriplegia,symptom-disease,1.36914
MESH:D019851,Quadriplegia,symptom-disease,1.36914
MESH:D016114,Quadriplegia,symptom-disease,1.36914
MESH:D008180,Quadriplegia,symptom-disease,23.2754
MESH:D017074,Quadriplegia,symptom-disease,1.36914
MESH:D015470,Respiratory_Paralysis,symptom-disease,2.48942
MESH:D018288,Respiratory_Paralysis,symptom-disease,4.97884
MESH:D009456,Respiratory_Paralysis,symptom-disease,4.97884
MESH:D009101,Respiratory_Paralysis,symptom-disease,2.48942
MESH:D001943,Respiratory_Paralysis,symptom-disease,4.97884
MESH:D008175,Respiratory_Paralysis,symptom-disease,12.4471
MESH:D054990,Respiratory_Paralysis,symptom-disease,2.48942
MESH:D008180,Respiratory_Paralysis,symptom-disease,7.46826
MESH:D054198,Vocal_Cord_Paralysis,symptom-disease,3.97556
MESH:D012516,Vocal_Cord_Paralysis,symptom-disease,1.98778
MESH:D005910,Vocal_Cord_Paralysis,symptom-disease,5.96334
MESH:D018288,Vocal_Cord_Paralysis,symptom-disease,3.97556
MESH:D009456,Vocal_Cord_Paralysis,symptom-disease,3.97556
MESH:D009101,Vocal_Cord_Paralysis,symptom-disease,1.98778
MESH:D001943,Vocal_Cord_Paralysis,symptom-disease,1.98778
MESH:D013274,Vocal_Cord_Paralysis,symptom-disease,1.98778
MESH:D008175,Vocal_Cord_Paralysis,symptom-disease,59.6334
MESH:D011471,Vocal_Cord_Paralysis,symptom-disease,7.95112
MESH:D054990,Vocal_Cord_Paralysis,symptom-disease,3.97556
MESH:D011038,Vocal_Cord_Paralysis,symptom-disease,1.98778
MESH:D008180,Vocal_Cord_Paralysis,symptom-disease,31.8045
MESH:D054198,Paresis,symptom-disease,7.72641
MESH:D015470,Paresis,symptom-disease,2.57547
MESH:D012516,Paresis,symptom-disease,2.57547
MESH:D005910,Paresis,symptom-disease,12.8774
MESH:D008527,Paresis,symptom-disease,1.28774
MESH:D006528,Paresis,symptom-disease,1.28774
MESH:D009456,Paresis,symptom-disease,2.57547
MESH:D009101,Paresis,symptom-disease,3.86321
MESH:D008258,Paresis,symptom-disease,1.28774
MESH:D001943,Paresis,symptom-disease,5.15094
MESH:D010190,Paresis,symptom-disease,1.28774
MESH:D008175,Paresis,symptom-disease,7.72641
MESH:D009634,Paresis,symptom-disease,1.28774
MESH:D002538,Paresis,symptom-disease,16.7406
MESH:D013922,Paresis,symptom-disease,1.28774
MESH:D011087,Paresis,symptom-disease,1.28774
MESH:D055728,Paresis,symptom-disease,1.28774
MESH:D017681,Paresis,symptom-disease,1.28774
MESH:D008180,Paresis,symptom-disease,6.43868
MESH:D017074,Paresis,symptom-disease,1.28774
MESH:D054198,Paraparesis,symptom-disease,2.23589
MESH:D012516,Paraparesis,symptom-disease,2.23589
MESH:D009456,Paraparesis,symptom-disease,2.23589
MESH:D009101,Paraparesis,symptom-disease,6.70766
MESH:D001943,Paraparesis,symptom-disease,4.47177
MESH:D010051,Paraparesis,symptom-disease,2.23589
MESH:D008175,Paraparesis,symptom-disease,2.23589
MESH:D011471,Paraparesis,symptom-disease,6.70766
MESH:D010505,Paraparesis,symptom-disease,2.23589
MESH:D008180,Paraparesis,symptom-disease,11.1794
MESH:D008175,Paraparesis__Spastic,symptom-disease,6.34241
MESH:D006502,Paraparesis__Spastic,symptom-disease,3.1712
MESH:D000741,Paraparesis__Spastic,symptom-disease,3.1712
MESH:D008180,Paraparesis__Spastic,symptom-disease,3.1712
MESH:D015470,Psychophysiologic_Disorders,symptom-disease,2.96501
MESH:D008527,Psychophysiologic_Disorders,symptom-disease,1.48251
MESH:D001943,Psychophysiologic_Disorders,symptom-disease,62.2652
MESH:D015179,Psychophysiologic_Disorders,symptom-disease,2.96501
MESH:D013274,Psychophysiologic_Disorders,symptom-disease,2.96501
MESH:D010190,Psychophysiologic_Disorders,symptom-disease,4.44752
MESH:D008175,Psychophysiologic_Disorders,symptom-disease,11.86
MESH:D011471,Psychophysiologic_Disorders,symptom-disease,1.48251
MESH:D001749,Psychophysiologic_Disorders,symptom-disease,2.96501
MESH:D000741,Psychophysiologic_Disorders,symptom-disease,1.48251
MESH:D013922,Psychophysiologic_Disorders,symptom-disease,1.48251
MESH:D011087,Psychophysiologic_Disorders,symptom-disease,1.48251
MESH:D019851,Psychophysiologic_Disorders,symptom-disease,1.48251
MESH:D010505,Psychophysiologic_Disorders,symptom-disease,1.48251
MESH:D008180,Psychophysiologic_Disorders,symptom-disease,11.86
MESH:D005910,Pupil_Disorders,symptom-disease,1.74612
MESH:D012175,Pupil_Disorders,symptom-disease,13.969
MESH:D001943,Pupil_Disorders,symptom-disease,1.74612
MESH:D002538,Pupil_Disorders,symptom-disease,5.23837
MESH:D008180,Pupil_Disorders,symptom-disease,1.74612
MESH:D012415,Miosis,symptom-disease,2.09545
MESH:D015473,Horner_Syndrome,symptom-disease,2.20963
MESH:D009456,Horner_Syndrome,symptom-disease,6.62888
MESH:D001943,Horner_Syndrome,symptom-disease,8.83851
MESH:D013274,Horner_Syndrome,symptom-disease,2.20963
MESH:D008175,Horner_Syndrome,symptom-disease,26.5155
MESH:D011471,Horner_Syndrome,symptom-disease,4.41925
MESH:D011087,Horner_Syndrome,symptom-disease,2.20963
MESH:D015470,Tonic_Pupil,symptom-disease,3.92851
MESH:D018288,Tonic_Pupil,symptom-disease,15.7141
MESH:D008175,Tonic_Pupil,symptom-disease,15.7141
MESH:D002538,Tonic_Pupil,symptom-disease,3.92851
MESH:D054198,Reflex__Abnormal,symptom-disease,4.22139
MESH:D005910,Reflex__Abnormal,symptom-disease,7.03565
MESH:D008527,Reflex__Abnormal,symptom-disease,1.40713
MESH:D012175,Reflex__Abnormal,symptom-disease,1.40713
MESH:D018288,Reflex__Abnormal,symptom-disease,2.81426
MESH:D009456,Reflex__Abnormal,symptom-disease,1.40713
MESH:D009101,Reflex__Abnormal,symptom-disease,2.81426
MESH:D008175,Reflex__Abnormal,symptom-disease,8.44279
MESH:D001260,Reflex__Abnormal,symptom-disease,1.40713
MESH:D002538,Reflex__Abnormal,symptom-disease,1.40713
MESH:D004916,Reflex__Abnormal,symptom-disease,1.40713
MESH:D013922,Reflex__Abnormal,symptom-disease,1.40713
MESH:D008180,Reflex__Abnormal,symptom-disease,4.22139
MESH:D008180,Reflex__Babinski,symptom-disease,3.52707
MESH:D054198,Seizures,symptom-disease,21.9743
MESH:D015464,Seizures,symptom-disease,2.5355
MESH:D015470,Seizures,symptom-disease,4.22583
MESH:D009396,Seizures,symptom-disease,1.69033
MESH:D008415,Seizures,symptom-disease,1.69033
MESH:D012516,Seizures,symptom-disease,2.5355
MESH:D005910,Seizures,symptom-disease,49.8648
MESH:D008527,Seizures,symptom-disease,1.69033
MESH:D012175,Seizures,symptom-disease,0.845167
MESH:D006528,Seizures,symptom-disease,4.22583
MESH:D018288,Seizures,symptom-disease,3.38067
MESH:D009456,Seizures,symptom-disease,10.9872
MESH:D009101,Seizures,symptom-disease,3.38067
MESH:D001943,Seizures,symptom-disease,5.91617
MESH:D013274,Seizures,symptom-disease,0.845167
MESH:D010190,Seizures,symptom-disease,24.5098
MESH:D010051,Seizures,symptom-disease,5.91617
MESH:D008175,Seizures,symptom-disease,19.4388
MESH:D001749,Seizures,symptom-disease,2.5355
MESH:D006502,Seizures,symptom-disease,1.69033
MESH:D054990,Seizures,symptom-disease,1.69033
MESH:D002538,Seizures,symptom-disease,71.8392
MESH:D018860,Seizures,symptom-disease,2.5355
MESH:D000741,Seizures,symptom-disease,3.38067
MESH:D005199,Seizures,symptom-disease,1.69033
MESH:D013922,Seizures,symptom-disease,0.845167
MESH:D000361,Seizures,symptom-disease,4.22583
MESH:D009190,Seizures,symptom-disease,0.845167
MESH:D055728,Seizures,symptom-disease,1.69033
MESH:D019851,Seizures,symptom-disease,1.69033
MESH:D008180,Seizures,symptom-disease,94.6587
MESH:D017074,Seizures,symptom-disease,0.845167
MESH:D012516,Sensation_Disorders,symptom-disease,0.343322
MESH:D005910,Sensation_Disorders,symptom-disease,0.686644
MESH:D006528,Sensation_Disorders,symptom-disease,0.343322
MESH:D018288,Sensation_Disorders,symptom-disease,3.0899
MESH:D009456,Sensation_Disorders,symptom-disease,0.343322
MESH:D009101,Sensation_Disorders,symptom-disease,0.686644
MESH:D001943,Sensation_Disorders,symptom-disease,2.40325
MESH:D015179,Sensation_Disorders,symptom-disease,1.37329
MESH:D013274,Sensation_Disorders,symptom-disease,0.343322
MESH:D010051,Sensation_Disorders,symptom-disease,1.02997
MESH:D008175,Sensation_Disorders,symptom-disease,5.14983
MESH:D011471,Sensation_Disorders,symptom-disease,0.343322
MESH:D002538,Sensation_Disorders,symptom-disease,1.37329
MESH:D008180,Sensation_Disorders,symptom-disease,0.686644
MESH:D054198,Dizziness,symptom-disease,1.34247
MESH:D008415,Dizziness,symptom-disease,1.34247
MESH:D008527,Dizziness,symptom-disease,4.02741
MESH:D012175,Dizziness,symptom-disease,1.34247
MESH:D006528,Dizziness,symptom-disease,1.34247
MESH:D018288,Dizziness,symptom-disease,5.36989
MESH:D009456,Dizziness,symptom-disease,1.34247
MESH:D009101,Dizziness,symptom-disease,9.3973
MESH:D008258,Dizziness,symptom-disease,4.02741
MESH:D001943,Dizziness,symptom-disease,18.7946
MESH:D046152,Dizziness,symptom-disease,1.34247
MESH:D015179,Dizziness,symptom-disease,1.34247
MESH:D013274,Dizziness,symptom-disease,4.02741
MESH:D010190,Dizziness,symptom-disease,6.71236
MESH:D010051,Dizziness,symptom-disease,2.68494
MESH:D008175,Dizziness,symptom-disease,22.822
MESH:D011471,Dizziness,symptom-disease,4.02741
MESH:D001749,Dizziness,symptom-disease,2.68494
MESH:D009634,Dizziness,symptom-disease,1.34247
MESH:D054990,Dizziness,symptom-disease,2.68494
MESH:D002538,Dizziness,symptom-disease,5.36989
MESH:D000741,Dizziness,symptom-disease,1.34247
MESH:D013922,Dizziness,symptom-disease,1.34247
MESH:D011087,Dizziness,symptom-disease,5.36989
MESH:D017681,Dizziness,symptom-disease,2.68494
MESH:D019851,Dizziness,symptom-disease,2.68494
MESH:D010505,Dizziness,symptom-disease,1.34247
MESH:D008180,Dizziness,symptom-disease,2.68494
MESH:D054198,Hearing_Disorders,symptom-disease,1.47003
MESH:D008415,Hearing_Disorders,symptom-disease,1.47003
MESH:D005910,Hearing_Disorders,symptom-disease,5.88013
MESH:D008527,Hearing_Disorders,symptom-disease,1.47003
MESH:D009456,Hearing_Disorders,symptom-disease,5.14512
MESH:D009101,Hearing_Disorders,symptom-disease,1.47003
MESH:D010190,Hearing_Disorders,symptom-disease,1.47003
MESH:D010051,Hearing_Disorders,symptom-disease,4.4101
MESH:D008175,Hearing_Disorders,symptom-disease,0.735017
MESH:D001749,Hearing_Disorders,symptom-disease,1.47003
MESH:D002538,Hearing_Disorders,symptom-disease,1.47003
MESH:D000741,Hearing_Disorders,symptom-disease,2.20505
MESH:D005199,Hearing_Disorders,symptom-disease,0.735017
MESH:D016116,Hearing_Disorders,symptom-disease,0.735017
MESH:D008180,Hearing_Disorders,symptom-disease,2.20505
MESH:D054198,Hearing_Loss,symptom-disease,1.6071
MESH:D015464,Hearing_Loss,symptom-disease,1.6071
MESH:D015470,Hearing_Loss,symptom-disease,1.6071
MESH:D015473,Hearing_Loss,symptom-disease,0.803551
MESH:D008415,Hearing_Loss,symptom-disease,0.803551
MESH:D012516,Hearing_Loss,symptom-disease,4.01775
MESH:D005910,Hearing_Loss,symptom-disease,3.2142
MESH:D008527,Hearing_Loss,symptom-disease,4.8213
MESH:D012175,Hearing_Loss,symptom-disease,4.8213
MESH:D018288,Hearing_Loss,symptom-disease,1.6071
MESH:D009456,Hearing_Loss,symptom-disease,3.2142
MESH:D008258,Hearing_Loss,symptom-disease,0.803551
MESH:D001943,Hearing_Loss,symptom-disease,0.803551
MESH:D015179,Hearing_Loss,symptom-disease,0.803551
MESH:D013274,Hearing_Loss,symptom-disease,0.803551
MESH:D010051,Hearing_Loss,symptom-disease,4.8213
MESH:D008175,Hearing_Loss,symptom-disease,0.803551
MESH:D011471,Hearing_Loss,symptom-disease,0.803551
MESH:D001749,Hearing_Loss,symptom-disease,0.803551
MESH:D009634,Hearing_Loss,symptom-disease,0.803551
MESH:D002538,Hearing_Loss,symptom-disease,1.6071
MESH:D009190,Hearing_Loss,symptom-disease,1.6071
MESH:D008180,Hearing_Loss,symptom-disease,3.2142
MESH:D054198,Deafness,symptom-disease,4.91411
MESH:D015464,Deafness,symptom-disease,1.22853
MESH:D015470,Deafness,symptom-disease,3.68558
MESH:D012516,Deafness,symptom-disease,2.45705
MESH:D005910,Deafness,symptom-disease,6.14264
MESH:D008527,Deafness,symptom-disease,2.45705
MESH:D018288,Deafness,symptom-disease,2.45705
MESH:D009456,Deafness,symptom-disease,18.4279
MESH:D009101,Deafness,symptom-disease,2.45705
MESH:D008258,Deafness,symptom-disease,4.91411
MESH:D001943,Deafness,symptom-disease,2.45705
MESH:D015179,Deafness,symptom-disease,1.22853
MESH:D010190,Deafness,symptom-disease,1.22853
MESH:D010051,Deafness,symptom-disease,3.68558
MESH:D008175,Deafness,symptom-disease,3.68558
MESH:D001749,Deafness,symptom-disease,1.22853
MESH:D044542,Deafness,symptom-disease,1.22853
MESH:D009634,Deafness,symptom-disease,3.68558
MESH:D002538,Deafness,symptom-disease,1.22853
MESH:D000741,Deafness,symptom-disease,1.22853
MESH:D014923,Deafness,symptom-disease,1.22853
MESH:D000361,Deafness,symptom-disease,2.45705
MESH:D009190,Deafness,symptom-disease,2.45705
MESH:D011087,Deafness,symptom-disease,3.68558
MESH:D010505,Deafness,symptom-disease,3.68558
MESH:D008180,Deafness,symptom-disease,3.68558
MESH:D017492,Deafness,symptom-disease,1.22853
MESH:D054198,Hearing_Loss__Bilateral,symptom-disease,2.21179
MESH:D015464,Hearing_Loss__Bilateral,symptom-disease,8.84715
MESH:D009456,Hearing_Loss__Bilateral,symptom-disease,2.21179
MESH:D009101,Hearing_Loss__Bilateral,symptom-disease,2.21179
MESH:D008258,Hearing_Loss__Bilateral,symptom-disease,2.21179
MESH:D013274,Hearing_Loss__Bilateral,symptom-disease,4.42358
MESH:D010190,Hearing_Loss__Bilateral,symptom-disease,6.63537
MESH:D010051,Hearing_Loss__Bilateral,symptom-disease,8.84715
MESH:D008175,Hearing_Loss__Bilateral,symptom-disease,4.42358
MESH:D012415,Hearing_Loss__Bilateral,symptom-disease,2.21179
MESH:D009634,Hearing_Loss__Bilateral,symptom-disease,2.21179
MESH:D029503,Hearing_Loss__Bilateral,symptom-disease,2.21179
MESH:D005199,Hearing_Loss__Bilateral,symptom-disease,2.21179
MESH:D008180,Hearing_Loss__Bilateral,symptom-disease,4.42358
MESH:D008415,Hearing_Loss__Conductive,symptom-disease,4.53484
MESH:D009456,Hearing_Loss__Conductive,symptom-disease,11.3371
MESH:D009634,Hearing_Loss__Conductive,symptom-disease,6.80226
MESH:D005199,Hearing_Loss__Conductive,symptom-disease,4.53484
MESH:D008180,Hearing_Loss__Conductive,symptom-disease,2.26742
MESH:D015464,Hearing_Loss__Functional,symptom-disease,4.25301
MESH:D054198,Hearing_Loss__High-Frequency,symptom-disease,3.10561
MESH:D015470,Hearing_Loss__High-Frequency,symptom-disease,3.10561
MESH:D012516,Hearing_Loss__High-Frequency,symptom-disease,3.10561
MESH:D018288,Hearing_Loss__High-Frequency,symptom-disease,3.10561
MESH:D010051,Hearing_Loss__High-Frequency,symptom-disease,9.31682
MESH:D008175,Hearing_Loss__High-Frequency,symptom-disease,3.10561
MESH:D054198,Hearing_Loss__Sensorineural,symptom-disease,3.64457
MESH:D015464,Hearing_Loss__Sensorineural,symptom-disease,4.85942
MESH:D015470,Hearing_Loss__Sensorineural,symptom-disease,1.21486
MESH:D008415,Hearing_Loss__Sensorineural,symptom-disease,1.21486
MESH:D012516,Hearing_Loss__Sensorineural,symptom-disease,2.42971
MESH:D005910,Hearing_Loss__Sensorineural,symptom-disease,1.21486
MESH:D008527,Hearing_Loss__Sensorineural,symptom-disease,8.50399
MESH:D011125,Hearing_Loss__Sensorineural,symptom-disease,1.21486
MESH:D006528,Hearing_Loss__Sensorineural,symptom-disease,1.21486
MESH:D009456,Hearing_Loss__Sensorineural,symptom-disease,12.1486
MESH:D009101,Hearing_Loss__Sensorineural,symptom-disease,3.64457
MESH:D008258,Hearing_Loss__Sensorineural,symptom-disease,1.21486
MESH:D001943,Hearing_Loss__Sensorineural,symptom-disease,4.85942
MESH:D013274,Hearing_Loss__Sensorineural,symptom-disease,2.42971
MESH:D010051,Hearing_Loss__Sensorineural,symptom-disease,4.85942
MESH:D008175,Hearing_Loss__Sensorineural,symptom-disease,7.28914
MESH:D011471,Hearing_Loss__Sensorineural,symptom-disease,1.21486
MESH:D044542,Hearing_Loss__Sensorineural,symptom-disease,1.21486
MESH:D009634,Hearing_Loss__Sensorineural,symptom-disease,3.64457
MESH:D006502,Hearing_Loss__Sensorineural,symptom-disease,1.21486
MESH:D054990,Hearing_Loss__Sensorineural,symptom-disease,1.21486
MESH:D002538,Hearing_Loss__Sensorineural,symptom-disease,8.50399
MESH:D000741,Hearing_Loss__Sensorineural,symptom-disease,1.21486
MESH:D013922,Hearing_Loss__Sensorineural,symptom-disease,1.21486
MESH:D000361,Hearing_Loss__Sensorineural,symptom-disease,3.64457
MESH:D009190,Hearing_Loss__Sensorineural,symptom-disease,1.21486
MESH:D019851,Hearing_Loss__Sensorineural,symptom-disease,3.64457
MESH:D016116,Hearing_Loss__Sensorineural,symptom-disease,1.21486
MESH:D010505,Hearing_Loss__Sensorineural,symptom-disease,3.64457
MESH:D008180,Hearing_Loss__Sensorineural,symptom-disease,27.9417
MESH:D017074,Hearing_Loss__Sensorineural,symptom-disease,1.21486
MESH:D005910,Hearing_Loss__Central,symptom-disease,3.2536
MESH:D008527,Hearing_Loss__Central,symptom-disease,6.50721
MESH:D015464,Hearing_Loss__Sudden,symptom-disease,10.3412
MESH:D009101,Hearing_Loss__Sudden,symptom-disease,2.5853
MESH:D013274,Hearing_Loss__Sudden,symptom-disease,2.5853
MESH:D010190,Hearing_Loss__Sudden,symptom-disease,2.5853
MESH:D008175,Hearing_Loss__Sudden,symptom-disease,7.75591
MESH:D002538,Hearing_Loss__Sudden,symptom-disease,2.5853
MESH:D000741,Hearing_Loss__Sudden,symptom-disease,2.5853
MESH:D010505,Hearing_Loss__Sudden,symptom-disease,2.5853
MESH:D008180,Hearing_Loss__Sudden,symptom-disease,7.75591
MESH:D015464,Hearing_Loss__Unilateral,symptom-disease,3.58518
MESH:D018288,Hearing_Loss__Unilateral,symptom-disease,3.58518
MESH:D011471,Hearing_Loss__Unilateral,symptom-disease,3.58518
MESH:D014923,Hearing_Loss__Unilateral,symptom-disease,3.58518
MESH:D015464,Tinnitus,symptom-disease,3.94807
MESH:D012516,Tinnitus,symptom-disease,1.97403
MESH:D005910,Tinnitus,symptom-disease,1.97403
MESH:D008527,Tinnitus,symptom-disease,3.94807
MESH:D009101,Tinnitus,symptom-disease,3.94807
MESH:D008258,Tinnitus,symptom-disease,1.97403
MESH:D001943,Tinnitus,symptom-disease,1.97403
MESH:D010051,Tinnitus,symptom-disease,5.9221
MESH:D008175,Tinnitus,symptom-disease,1.97403
MESH:D001749,Tinnitus,symptom-disease,1.97403
MESH:D054990,Tinnitus,symptom-disease,3.94807
MESH:D002538,Tinnitus,symptom-disease,51.3249
MESH:D000741,Tinnitus,symptom-disease,1.97403
MESH:D008180,Tinnitus,symptom-disease,5.9221
MESH:D001943,Olfaction_Disorders,symptom-disease,9.15292
MESH:D013274,Olfaction_Disorders,symptom-disease,2.28823
MESH:D002538,Olfaction_Disorders,symptom-disease,2.28823
MESH:D016114,Olfaction_Disorders,symptom-disease,2.28823
MESH:D008180,Olfaction_Disorders,symptom-disease,4.57646
MESH:D001943,Somatosensory_Disorders,symptom-disease,1.04553
MESH:D010190,Somatosensory_Disorders,symptom-disease,1.04553
MESH:D011471,Somatosensory_Disorders,symptom-disease,1.04553
MESH:D008180,Somatosensory_Disorders,symptom-disease,1.04553
MESH:D012516,Hyperalgesia,symptom-disease,14.3647
MESH:D009456,Hyperalgesia,symptom-disease,2.39411
MESH:D009101,Hyperalgesia,symptom-disease,2.39411
MESH:D001943,Hyperalgesia,symptom-disease,2.39411
MESH:D015179,Hyperalgesia,symptom-disease,2.39411
MESH:D013274,Hyperalgesia,symptom-disease,2.39411
MESH:D011471,Hyperalgesia,symptom-disease,2.39411
MESH:D010190,Hyperesthesia,symptom-disease,2.69486
MESH:D054198,Hypesthesia,symptom-disease,6.88784
MESH:D012516,Hypesthesia,symptom-disease,1.72196
MESH:D005910,Hypesthesia,symptom-disease,3.44392
MESH:D008527,Hypesthesia,symptom-disease,1.72196
MESH:D018288,Hypesthesia,symptom-disease,3.44392
MESH:D009456,Hypesthesia,symptom-disease,3.44392
MESH:D009101,Hypesthesia,symptom-disease,12.0537
MESH:D008258,Hypesthesia,symptom-disease,3.44392
MESH:D001943,Hypesthesia,symptom-disease,20.6635
MESH:D010051,Hypesthesia,symptom-disease,6.88784
MESH:D008175,Hypesthesia,symptom-disease,12.0537
MESH:D011471,Hypesthesia,symptom-disease,6.88784
MESH:D001749,Hypesthesia,symptom-disease,1.72196
MESH:D002538,Hypesthesia,symptom-disease,1.72196
MESH:D018860,Hypesthesia,symptom-disease,1.72196
MESH:D011087,Hypesthesia,symptom-disease,1.72196
MESH:D008180,Hypesthesia,symptom-disease,6.88784
MESH:D054198,Paresthesia,symptom-disease,10.8641
MESH:D015470,Paresthesia,symptom-disease,6.79009
MESH:D012516,Paresthesia,symptom-disease,4.07405
MESH:D005910,Paresthesia,symptom-disease,4.07405
MESH:D006528,Paresthesia,symptom-disease,2.71604
MESH:D018288,Paresthesia,symptom-disease,12.2222
MESH:D009456,Paresthesia,symptom-disease,2.71604
MESH:D009101,Paresthesia,symptom-disease,12.2222
MESH:D008258,Paresthesia,symptom-disease,4.07405
MESH:D001943,Paresthesia,symptom-disease,52.9627
MESH:D015179,Paresthesia,symptom-disease,10.8641
MESH:D010190,Paresthesia,symptom-disease,2.71604
MESH:D010051,Paresthesia,symptom-disease,17.6542
MESH:D008175,Paresthesia,symptom-disease,32.5924
MESH:D011471,Paresthesia,symptom-disease,6.79009
MESH:D001749,Paresthesia,symptom-disease,1.35802
MESH:D006502,Paresthesia,symptom-disease,1.35802
MESH:D002538,Paresthesia,symptom-disease,8.14811
MESH:D004916,Paresthesia,symptom-disease,4.07405
MESH:D000741,Paresthesia,symptom-disease,1.35802
MESH:D013922,Paresthesia,symptom-disease,6.79009
MESH:D000361,Paresthesia,symptom-disease,1.35802
MESH:D009190,Paresthesia,symptom-disease,1.35802
MESH:D011087,Paresthesia,symptom-disease,6.79009
MESH:D008180,Paresthesia,symptom-disease,6.79009
MESH:D008527,Taste_Disorders,symptom-disease,2.37609
MESH:D018288,Taste_Disorders,symptom-disease,2.37609
MESH:D001943,Taste_Disorders,symptom-disease,16.6326
MESH:D015179,Taste_Disorders,symptom-disease,2.37609
MESH:D013274,Taste_Disorders,symptom-disease,2.37609
MESH:D010190,Taste_Disorders,symptom-disease,2.37609
MESH:D010051,Taste_Disorders,symptom-disease,2.37609
MESH:D008175,Taste_Disorders,symptom-disease,16.6326
MESH:D018288,Ageusia,symptom-disease,3.58518
MESH:D008175,Ageusia,symptom-disease,3.58518
MESH:D008180,Ageusia,symptom-disease,3.58518
MESH:D018288,Dysgeusia,symptom-disease,10.4165
MESH:D001943,Dysgeusia,symptom-disease,6.94431
MESH:D010190,Dysgeusia,symptom-disease,6.94431
MESH:D008175,Dysgeusia,symptom-disease,27.7772
MESH:D054198,Vision_Disorders,symptom-disease,5.9714
MESH:D015464,Vision_Disorders,symptom-disease,5.9714
MESH:D015470,Vision_Disorders,symptom-disease,4.64443
MESH:D012516,Vision_Disorders,symptom-disease,1.32698
MESH:D005910,Vision_Disorders,symptom-disease,24.5491
MESH:D008527,Vision_Disorders,symptom-disease,2.65396
MESH:D012175,Vision_Disorders,symptom-disease,5.30792
MESH:D018288,Vision_Disorders,symptom-disease,4.64443
MESH:D009456,Vision_Disorders,symptom-disease,13.2698
MESH:D009101,Vision_Disorders,symptom-disease,7.29838
MESH:D008258,Vision_Disorders,symptom-disease,2.65396
MESH:D001943,Vision_Disorders,symptom-disease,14.5968
MESH:D015179,Vision_Disorders,symptom-disease,0.663489
MESH:D013274,Vision_Disorders,symptom-disease,2.65396
MESH:D010190,Vision_Disorders,symptom-disease,3.98094
MESH:D010051,Vision_Disorders,symptom-disease,1.99047
MESH:D008175,Vision_Disorders,symptom-disease,14.5968
MESH:D011471,Vision_Disorders,symptom-disease,9.28885
MESH:D001749,Vision_Disorders,symptom-disease,0.663489
MESH:D016864,Vision_Disorders,symptom-disease,0.663489
MESH:D044542,Vision_Disorders,symptom-disease,0.663489
MESH:D009634,Vision_Disorders,symptom-disease,1.99047
MESH:D054990,Vision_Disorders,symptom-disease,0.663489
MESH:D001260,Vision_Disorders,symptom-disease,0.663489
MESH:D002538,Vision_Disorders,symptom-disease,14.5968
MESH:D000741,Vision_Disorders,symptom-disease,1.99047
MESH:D013922,Vision_Disorders,symptom-disease,3.98094
MESH:D011087,Vision_Disorders,symptom-disease,3.31745
MESH:D017681,Vision_Disorders,symptom-disease,1.99047
MESH:D016114,Vision_Disorders,symptom-disease,0.663489
MESH:D010505,Vision_Disorders,symptom-disease,0.663489
MESH:D008180,Vision_Disorders,symptom-disease,19.2412
MESH:D049932,Vision_Disorders,symptom-disease,0.663489
MESH:D017074,Vision_Disorders,symptom-disease,0.663489
MESH:D012175,Amblyopia,symptom-disease,7.69058
MESH:D009634,Amblyopia,symptom-disease,2.56353
MESH:D054198,Blindness,symptom-disease,15.3739
MESH:D015464,Blindness,symptom-disease,9.88325
MESH:D015470,Blindness,symptom-disease,5.49069
MESH:D015473,Blindness,symptom-disease,1.09814
MESH:D008415,Blindness,symptom-disease,1.09814
MESH:D012516,Blindness,symptom-disease,2.19628
MESH:D005910,Blindness,symptom-disease,27.4535
MESH:D008527,Blindness,symptom-disease,2.19628
MESH:D012175,Blindness,symptom-disease,19.7665
MESH:D018288,Blindness,symptom-disease,6.58883
MESH:D009456,Blindness,symptom-disease,7.68697
MESH:D009101,Blindness,symptom-disease,8.78511
MESH:D008258,Blindness,symptom-disease,1.09814
MESH:D001943,Blindness,symptom-disease,16.4721
MESH:D015179,Blindness,symptom-disease,1.09814
MESH:D013274,Blindness,symptom-disease,2.19628
MESH:D010190,Blindness,symptom-disease,2.19628
MESH:D010051,Blindness,symptom-disease,3.29442
MESH:D008175,Blindness,symptom-disease,13.1777
MESH:D011471,Blindness,symptom-disease,5.49069
MESH:D001749,Blindness,symptom-disease,1.09814
MESH:D004613,Blindness,symptom-disease,1.09814
MESH:D006502,Blindness,symptom-disease,1.09814
MESH:D054990,Blindness,symptom-disease,1.09814
MESH:D002538,Blindness,symptom-disease,10.9814
MESH:D000741,Blindness,symptom-disease,2.19628
MESH:D005199,Blindness,symptom-disease,2.19628
MESH:D014923,Blindness,symptom-disease,1.09814
MESH:D013922,Blindness,symptom-disease,2.19628
MESH:D009190,Blindness,symptom-disease,2.19628
MESH:D011087,Blindness,symptom-disease,6.58883
MESH:D011038,Blindness,symptom-disease,1.09814
MESH:D008180,Blindness,symptom-disease,25.2572
MESH:D011471,Amaurosis_Fugax,symptom-disease,3.51107
MESH:D002538,Amaurosis_Fugax,symptom-disease,3.51107
MESH:D019851,Amaurosis_Fugax,symptom-disease,17.5554
MESH:D008180,Amaurosis_Fugax,symptom-disease,14.0443
MESH:D054198,Blindness__Cortical,symptom-disease,2.94468
MESH:D015464,Blindness__Cortical,symptom-disease,5.88935
MESH:D009101,Blindness__Cortical,symptom-disease,2.94468
MESH:D013274,Blindness__Cortical,symptom-disease,2.94468
MESH:D010051,Blindness__Cortical,symptom-disease,2.94468
MESH:D002538,Blindness__Cortical,symptom-disease,2.94468
MESH:D008180,Blindness__Cortical,symptom-disease,5.88935
MESH:D005910,Color_Vision_Defects,symptom-disease,2.56661
MESH:D009101,Color_Vision_Defects,symptom-disease,2.56661
MESH:D001943,Color_Vision_Defects,symptom-disease,2.56661
MESH:D011471,Color_Vision_Defects,symptom-disease,2.56661
MESH:D001749,Color_Vision_Defects,symptom-disease,5.13322
MESH:D002538,Color_Vision_Defects,symptom-disease,2.56661
MESH:D054198,Diplopia,symptom-disease,3.28833
MESH:D015470,Diplopia,symptom-disease,8.22083
MESH:D015473,Diplopia,symptom-disease,3.28833
MESH:D005910,Diplopia,symptom-disease,11.5092
MESH:D011125,Diplopia,symptom-disease,1.64417
MESH:D006528,Diplopia,symptom-disease,1.64417
MESH:D018288,Diplopia,symptom-disease,6.57666
MESH:D009101,Diplopia,symptom-disease,21.3741
MESH:D008258,Diplopia,symptom-disease,1.64417
MESH:D001943,Diplopia,symptom-disease,26.3066
MESH:D046152,Diplopia,symptom-disease,3.28833
MESH:D013274,Diplopia,symptom-disease,4.9325
MESH:D010190,Diplopia,symptom-disease,9.86499
MESH:D010051,Diplopia,symptom-disease,1.64417
MESH:D008175,Diplopia,symptom-disease,16.4417
MESH:D011471,Diplopia,symptom-disease,9.86499
MESH:D001749,Diplopia,symptom-disease,1.64417
MESH:D002538,Diplopia,symptom-disease,9.86499
MESH:D000361,Diplopia,symptom-disease,1.64417
MESH:D011087,Diplopia,symptom-disease,6.57666
MESH:D010505,Diplopia,symptom-disease,1.64417
MESH:D008180,Diplopia,symptom-disease,27.9508
MESH:D054198,Hemianopsia,symptom-disease,2.08205
MESH:D005910,Hemianopsia,symptom-disease,8.32821
MESH:D006528,Hemianopsia,symptom-disease,2.08205
MESH:D009456,Hemianopsia,symptom-disease,4.1641
MESH:D009101,Hemianopsia,symptom-disease,2.08205
MESH:D001943,Hemianopsia,symptom-disease,4.1641
MESH:D010190,Hemianopsia,symptom-disease,2.08205
MESH:D010051,Hemianopsia,symptom-disease,4.1641
MESH:D008175,Hemianopsia,symptom-disease,14.5744
MESH:D001749,Hemianopsia,symptom-disease,2.08205
MESH:D009634,Hemianopsia,symptom-disease,2.08205
MESH:D002538,Hemianopsia,symptom-disease,29.1487
MESH:D018860,Hemianopsia,symptom-disease,4.1641
MESH:D011087,Hemianopsia,symptom-disease,2.08205
MESH:D019851,Hemianopsia,symptom-disease,2.08205
MESH:D008180,Hemianopsia,symptom-disease,8.32821
MESH:D015470,Photophobia,symptom-disease,2.85429
MESH:D009101,Photophobia,symptom-disease,2.85429
MESH:D008258,Photophobia,symptom-disease,2.85429
MESH:D054990,Photophobia,symptom-disease,2.85429
MESH:D002538,Photophobia,symptom-disease,2.85429
MESH:D013922,Photophobia,symptom-disease,5.70858
MESH:D016114,Photophobia,symptom-disease,11.4172
MESH:D015470,Scotoma,symptom-disease,2.38121
MESH:D015473,Scotoma,symptom-disease,2.38121
MESH:D005910,Scotoma,symptom-disease,9.52483
MESH:D018288,Scotoma,symptom-disease,2.38121
MESH:D009101,Scotoma,symptom-disease,2.38121
MESH:D001943,Scotoma,symptom-disease,9.52483
MESH:D010190,Scotoma,symptom-disease,4.76241
MESH:D008175,Scotoma,symptom-disease,7.14362
MESH:D002538,Scotoma,symptom-disease,2.38121
MESH:D000741,Scotoma,symptom-disease,2.38121
MESH:D011087,Scotoma,symptom-disease,2.38121
MESH:D008180,Scotoma,symptom-disease,11.906
MESH:D015464,Vision__Low,symptom-disease,4.51209
MESH:D015470,Vision__Low,symptom-disease,2.25604
MESH:D012516,Vision__Low,symptom-disease,2.25604
MESH:D005910,Vision__Low,symptom-disease,2.25604
MESH:D012175,Vision__Low,symptom-disease,4.51209
MESH:D018288,Vision__Low,symptom-disease,6.76813
MESH:D009456,Vision__Low,symptom-disease,2.25604
MESH:D009101,Vision__Low,symptom-disease,4.51209
MESH:D008258,Vision__Low,symptom-disease,4.51209
MESH:D001943,Vision__Low,symptom-disease,6.76813
MESH:D010190,Vision__Low,symptom-disease,4.51209
MESH:D008175,Vision__Low,symptom-disease,9.02417
MESH:D011471,Vision__Low,symptom-disease,2.25604
MESH:D002538,Vision__Low,symptom-disease,4.51209
MESH:D018860,Vision__Low,symptom-disease,2.25604
MESH:D008180,Vision__Low,symptom-disease,2.25604
MESH:D054198,Sleep_Disorders,symptom-disease,11.944
MESH:D015464,Sleep_Disorders,symptom-disease,1.493
MESH:D005910,Sleep_Disorders,symptom-disease,1.493
MESH:D006528,Sleep_Disorders,symptom-disease,1.493
MESH:D018288,Sleep_Disorders,symptom-disease,1.493
MESH:D009456,Sleep_Disorders,symptom-disease,2.986
MESH:D009101,Sleep_Disorders,symptom-disease,5.972
MESH:D001943,Sleep_Disorders,symptom-disease,82.1149
MESH:D015179,Sleep_Disorders,symptom-disease,2.986
MESH:D010190,Sleep_Disorders,symptom-disease,5.972
MESH:D010051,Sleep_Disorders,symptom-disease,4.479
MESH:D008175,Sleep_Disorders,symptom-disease,16.423
MESH:D011471,Sleep_Disorders,symptom-disease,20.902
MESH:D054990,Sleep_Disorders,symptom-disease,2.986
MESH:D000361,Sleep_Disorders,symptom-disease,2.986
MESH:D010505,Sleep_Disorders,symptom-disease,1.493
MESH:D008180,Sleep_Disorders,symptom-disease,11.944
MESH:D001943,Sleep_Deprivation,symptom-disease,10.3036
MESH:D015179,Sleep_Deprivation,symptom-disease,2.57591
MESH:D008175,Sleep_Deprivation,symptom-disease,2.57591
MESH:D011471,Sleep_Deprivation,symptom-disease,2.57591
MESH:D019851,Sleep_Deprivation,symptom-disease,2.57591
MESH:D008180,Sleep_Deprivation,symptom-disease,12.8796
MESH:D015470,Urinary_Bladder__Neurogenic,symptom-disease,2.07826
MESH:D005910,Urinary_Bladder__Neurogenic,symptom-disease,4.15651
MESH:D018288,Urinary_Bladder__Neurogenic,symptom-disease,2.07826
MESH:D009101,Urinary_Bladder__Neurogenic,symptom-disease,2.07826
MESH:D001943,Urinary_Bladder__Neurogenic,symptom-disease,2.07826
MESH:D013274,Urinary_Bladder__Neurogenic,symptom-disease,2.07826
MESH:D010051,Urinary_Bladder__Neurogenic,symptom-disease,2.07826
MESH:D008175,Urinary_Bladder__Neurogenic,symptom-disease,4.15651
MESH:D011471,Urinary_Bladder__Neurogenic,symptom-disease,10.3913
MESH:D001749,Urinary_Bladder__Neurogenic,symptom-disease,76.8955
MESH:D012415,Urinary_Bladder__Neurogenic,symptom-disease,2.07826
MESH:D009634,Urinary_Bladder__Neurogenic,symptom-disease,2.07826
MESH:D009190,Urinary_Bladder__Neurogenic,symptom-disease,4.15651
MESH:D055728,Urinary_Bladder__Neurogenic,symptom-disease,2.07826
MESH:D008180,Urinary_Bladder__Neurogenic,symptom-disease,24.9391
MESH:D054198,Vertigo,symptom-disease,1.59625
MESH:D008527,Vertigo,symptom-disease,4.78876
MESH:D012175,Vertigo,symptom-disease,1.59625
MESH:D018288,Vertigo,symptom-disease,3.1925
MESH:D009456,Vertigo,symptom-disease,1.59625
MESH:D009101,Vertigo,symptom-disease,6.38501
MESH:D008258,Vertigo,symptom-disease,1.59625
MESH:D001943,Vertigo,symptom-disease,9.57751
MESH:D046152,Vertigo,symptom-disease,1.59625
MESH:D015179,Vertigo,symptom-disease,1.59625
MESH:D013274,Vertigo,symptom-disease,4.78876
MESH:D010190,Vertigo,symptom-disease,3.1925
MESH:D010051,Vertigo,symptom-disease,3.1925
MESH:D008175,Vertigo,symptom-disease,17.5588
MESH:D011471,Vertigo,symptom-disease,3.1925
MESH:D001749,Vertigo,symptom-disease,3.1925
MESH:D009634,Vertigo,symptom-disease,1.59625
MESH:D054990,Vertigo,symptom-disease,3.1925
MESH:D002538,Vertigo,symptom-disease,4.78876
MESH:D000741,Vertigo,symptom-disease,1.59625
MESH:D013922,Vertigo,symptom-disease,1.59625
MESH:D011087,Vertigo,symptom-disease,4.78876
MESH:D017681,Vertigo,symptom-disease,3.1925
MESH:D019851,Vertigo,symptom-disease,1.59625
MESH:D010505,Vertigo,symptom-disease,1.59625
MESH:D008180,Vertigo,symptom-disease,3.1925
MESH:D018288,Voice_Disorders,symptom-disease,1.66524
MESH:D009456,Voice_Disorders,symptom-disease,3.33049
MESH:D001943,Voice_Disorders,symptom-disease,3.33049
MESH:D008175,Voice_Disorders,symptom-disease,4.99573
MESH:D011471,Voice_Disorders,symptom-disease,1.66524
MESH:D008180,Voice_Disorders,symptom-disease,1.66524
MESH:D008175,Aphonia,symptom-disease,3.62885
MESH:D008180,Dysphonia,symptom-disease,3.44951
MESH:D018288,Hoarseness,symptom-disease,4.43225
MESH:D009456,Hoarseness,symptom-disease,2.21613
MESH:D009101,Hoarseness,symptom-disease,4.43225
MESH:D001943,Hoarseness,symptom-disease,2.21613
MESH:D013274,Hoarseness,symptom-disease,2.21613
MESH:D010051,Hoarseness,symptom-disease,4.43225
MESH:D008175,Hoarseness,symptom-disease,13.2968
MESH:D008180,Hoarseness,symptom-disease,15.5129
MESH:D015470,Oral_Manifestations,symptom-disease,9.32888
MESH:D009456,Oral_Manifestations,symptom-disease,13.0604
MESH:D009101,Oral_Manifestations,symptom-disease,9.32888
MESH:D008175,Oral_Manifestations,symptom-disease,1.86578
MESH:D004613,Oral_Manifestations,symptom-disease,3.73155
MESH:D001260,Oral_Manifestations,symptom-disease,1.86578
MESH:D000741,Oral_Manifestations,symptom-disease,9.32888
MESH:D011087,Oral_Manifestations,symptom-disease,1.86578
MESH:D008180,Oral_Manifestations,symptom-disease,7.46311
MESH:D015470,Oral_Hemorrhage,symptom-disease,23.1832
MESH:D008415,Oral_Hemorrhage,symptom-disease,2.57591
MESH:D006528,Oral_Hemorrhage,symptom-disease,10.3036
MESH:D009101,Oral_Hemorrhage,symptom-disease,12.8796
MESH:D008258,Oral_Hemorrhage,symptom-disease,2.57591
MESH:D011471,Oral_Hemorrhage,symptom-disease,12.8796
MESH:D000741,Oral_Hemorrhage,symptom-disease,12.8796
MESH:D014923,Oral_Hemorrhage,symptom-disease,2.57591
MESH:D011087,Oral_Hemorrhage,symptom-disease,12.8796
MESH:D008180,Oral_Hemorrhage,symptom-disease,5.15182
MESH:D054198,Abdominal_Pain,symptom-disease,11.0303
MESH:D015464,Abdominal_Pain,symptom-disease,1.69697
MESH:D015470,Abdominal_Pain,symptom-disease,6.78787
MESH:D015473,Abdominal_Pain,symptom-disease,3.39393
MESH:D009396,Abdominal_Pain,symptom-disease,4.24242
MESH:D008415,Abdominal_Pain,symptom-disease,1.69697
MESH:D012516,Abdominal_Pain,symptom-disease,1.69697
MESH:D005910,Abdominal_Pain,symptom-disease,1.69697
MESH:D008527,Abdominal_Pain,symptom-disease,0.848484
MESH:D011125,Abdominal_Pain,symptom-disease,7.63635
MESH:D006528,Abdominal_Pain,symptom-disease,28.8484
MESH:D018288,Abdominal_Pain,symptom-disease,6.78787
MESH:D009456,Abdominal_Pain,symptom-disease,8.48484
MESH:D009101,Abdominal_Pain,symptom-disease,2.54545
MESH:D001943,Abdominal_Pain,symptom-disease,9.33332
MESH:D046152,Abdominal_Pain,symptom-disease,23.7575
MESH:D015179,Abdominal_Pain,symptom-disease,33.0909
MESH:D013274,Abdominal_Pain,symptom-disease,50.909
MESH:D010190,Abdominal_Pain,symptom-disease,123.879
MESH:D010051,Abdominal_Pain,symptom-disease,108.606
MESH:D008175,Abdominal_Pain,symptom-disease,19.5151
MESH:D011471,Abdominal_Pain,symptom-disease,4.24242
MESH:D001749,Abdominal_Pain,symptom-disease,6.78787
MESH:D009634,Abdominal_Pain,symptom-disease,0.848484
MESH:D006502,Abdominal_Pain,symptom-disease,8.48484
MESH:D002538,Abdominal_Pain,symptom-disease,0.848484
MESH:D000741,Abdominal_Pain,symptom-disease,0.848484
MESH:D009190,Abdominal_Pain,symptom-disease,4.24242
MESH:D011087,Abdominal_Pain,symptom-disease,5.0909
MESH:D055728,Abdominal_Pain,symptom-disease,2.54545
MESH:D017681,Abdominal_Pain,symptom-disease,3.39393
MESH:D019851,Abdominal_Pain,symptom-disease,1.69697
MESH:D010505,Abdominal_Pain,symptom-disease,51.7575
MESH:D008180,Abdominal_Pain,symptom-disease,38.1818
MESH:D017492,Abdominal_Pain,symptom-disease,1.69697
MESH:D017074,Abdominal_Pain,symptom-disease,0.848484
MESH:D054198,Abdomen__Acute,symptom-disease,7.188
MESH:D015470,Abdomen__Acute,symptom-disease,10.0632
MESH:D015473,Abdomen__Acute,symptom-disease,1.4376
MESH:D009396,Abdomen__Acute,symptom-disease,8.6256
MESH:D008527,Abdomen__Acute,symptom-disease,1.4376
MESH:D006528,Abdomen__Acute,symptom-disease,27.3144
MESH:D018288,Abdomen__Acute,symptom-disease,1.4376
MESH:D009456,Abdomen__Acute,symptom-disease,8.6256
MESH:D009101,Abdomen__Acute,symptom-disease,7.188
MESH:D001943,Abdomen__Acute,symptom-disease,5.7504
MESH:D046152,Abdomen__Acute,symptom-disease,10.0632
MESH:D015179,Abdomen__Acute,symptom-disease,1.4376
MESH:D013274,Abdomen__Acute,symptom-disease,15.8136
MESH:D010190,Abdomen__Acute,symptom-disease,33.0648
MESH:D010051,Abdomen__Acute,symptom-disease,87.6936
MESH:D008175,Abdomen__Acute,symptom-disease,23.0016
MESH:D001749,Abdomen__Acute,symptom-disease,10.0632
MESH:D009634,Abdomen__Acute,symptom-disease,1.4376
MESH:D006502,Abdomen__Acute,symptom-disease,5.7504
MESH:D000741,Abdomen__Acute,symptom-disease,1.4376
MESH:D000361,Abdomen__Acute,symptom-disease,2.8752
MESH:D011087,Abdomen__Acute,symptom-disease,8.6256
MESH:D055728,Abdomen__Acute,symptom-disease,2.8752
MESH:D017681,Abdomen__Acute,symptom-disease,2.8752
MESH:D019851,Abdomen__Acute,symptom-disease,2.8752
MESH:D010505,Abdomen__Acute,symptom-disease,34.5024
MESH:D008180,Abdomen__Acute,symptom-disease,54.6288
MESH:D011125,Colic,symptom-disease,2.13475
MESH:D006528,Colic,symptom-disease,6.40424
MESH:D001943,Colic,symptom-disease,6.40424
MESH:D046152,Colic,symptom-disease,2.13475
MESH:D013274,Colic,symptom-disease,4.26949
MESH:D010190,Colic,symptom-disease,6.40424
MESH:D010051,Colic,symptom-disease,6.40424
MESH:D011471,Colic,symptom-disease,4.26949
MESH:D001749,Colic,symptom-disease,2.13475
MESH:D010505,Colic,symptom-disease,2.13475
MESH:D008180,Colic,symptom-disease,2.13475
MESH:D054198,Arthralgia,symptom-disease,22.1595
MESH:D015464,Arthralgia,symptom-disease,1.4773
MESH:D015470,Arthralgia,symptom-disease,2.9546
MESH:D012516,Arthralgia,symptom-disease,10.3411
MESH:D008527,Arthralgia,symptom-disease,1.4773
MESH:D006528,Arthralgia,symptom-disease,1.4773
MESH:D018288,Arthralgia,symptom-disease,1.4773
MESH:D009456,Arthralgia,symptom-disease,1.4773
MESH:D009101,Arthralgia,symptom-disease,4.4319
MESH:D001943,Arthralgia,symptom-disease,57.6147
MESH:D013274,Arthralgia,symptom-disease,4.4319
MESH:D010051,Arthralgia,symptom-disease,8.8638
MESH:D008175,Arthralgia,symptom-disease,26.5914
MESH:D011471,Arthralgia,symptom-disease,1.4773
MESH:D008557,Arthralgia,symptom-disease,4.4319
MESH:D054990,Arthralgia,symptom-disease,1.4773
MESH:D052537,Arthralgia,symptom-disease,1.4773
MESH:D018860,Arthralgia,symptom-disease,1.4773
MESH:D014923,Arthralgia,symptom-disease,1.4773
MESH:D009190,Arthralgia,symptom-disease,1.4773
MESH:D017681,Arthralgia,symptom-disease,1.4773
MESH:D010505,Arthralgia,symptom-disease,14.773
MESH:D008180,Arthralgia,symptom-disease,54.6601
MESH:D017074,Arthralgia,symptom-disease,2.9546
MESH:D054198,Shoulder_Pain,symptom-disease,4.84085
MESH:D015473,Shoulder_Pain,symptom-disease,2.42043
MESH:D006528,Shoulder_Pain,symptom-disease,2.42043
MESH:D009456,Shoulder_Pain,symptom-disease,2.42043
MESH:D009101,Shoulder_Pain,symptom-disease,4.84085
MESH:D001943,Shoulder_Pain,symptom-disease,19.3634
MESH:D010190,Shoulder_Pain,symptom-disease,2.42043
MESH:D010051,Shoulder_Pain,symptom-disease,4.84085
MESH:D008175,Shoulder_Pain,symptom-disease,14.5226
MESH:D011471,Shoulder_Pain,symptom-disease,2.42043
MESH:D001749,Shoulder_Pain,symptom-disease,2.42043
MESH:D008557,Shoulder_Pain,symptom-disease,4.84085
MESH:D010505,Shoulder_Pain,symptom-disease,2.42043
MESH:D054198,Chest_Pain,symptom-disease,2.19912
MESH:D015464,Chest_Pain,symptom-disease,2.19912
MESH:D015473,Chest_Pain,symptom-disease,2.19912
MESH:D008415,Chest_Pain,symptom-disease,1.09956
MESH:D012516,Chest_Pain,symptom-disease,1.09956
MESH:D011125,Chest_Pain,symptom-disease,1.09956
MESH:D006528,Chest_Pain,symptom-disease,2.19912
MESH:D018288,Chest_Pain,symptom-disease,5.4978
MESH:D009456,Chest_Pain,symptom-disease,1.09956
MESH:D009101,Chest_Pain,symptom-disease,12.0952
MESH:D001943,Chest_Pain,symptom-disease,7.69693
MESH:D013274,Chest_Pain,symptom-disease,3.29868
MESH:D010190,Chest_Pain,symptom-disease,3.29868
MESH:D010051,Chest_Pain,symptom-disease,2.19912
MESH:D008175,Chest_Pain,symptom-disease,64.8741
MESH:D011471,Chest_Pain,symptom-disease,1.09956
MESH:D001749,Chest_Pain,symptom-disease,1.09956
MESH:D009634,Chest_Pain,symptom-disease,1.09956
MESH:D054990,Chest_Pain,symptom-disease,1.09956
MESH:D002538,Chest_Pain,symptom-disease,3.29868
MESH:D005199,Chest_Pain,symptom-disease,1.09956
MESH:D000361,Chest_Pain,symptom-disease,1.09956
MESH:D009190,Chest_Pain,symptom-disease,1.09956
MESH:D011087,Chest_Pain,symptom-disease,1.09956
MESH:D017681,Chest_Pain,symptom-disease,3.29868
MESH:D019851,Chest_Pain,symptom-disease,2.19912
MESH:D010505,Chest_Pain,symptom-disease,14.2943
MESH:D008180,Chest_Pain,symptom-disease,21.9912
MESH:D054198,Angina_Pectoris,symptom-disease,1.45268
MESH:D015464,Angina_Pectoris,symptom-disease,1.45268
MESH:D015470,Angina_Pectoris,symptom-disease,1.45268
MESH:D011125,Angina_Pectoris,symptom-disease,1.45268
MESH:D006528,Angina_Pectoris,symptom-disease,1.45268
MESH:D018288,Angina_Pectoris,symptom-disease,1.45268
MESH:D009456,Angina_Pectoris,symptom-disease,1.45268
MESH:D009101,Angina_Pectoris,symptom-disease,5.81073
MESH:D008258,Angina_Pectoris,symptom-disease,2.90537
MESH:D001943,Angina_Pectoris,symptom-disease,11.6215
MESH:D015179,Angina_Pectoris,symptom-disease,2.90537
MESH:D013274,Angina_Pectoris,symptom-disease,8.7161
MESH:D010051,Angina_Pectoris,symptom-disease,2.90537
MESH:D008175,Angina_Pectoris,symptom-disease,15.9795
MESH:D011471,Angina_Pectoris,symptom-disease,4.35805
MESH:D001749,Angina_Pectoris,symptom-disease,1.45268
MESH:D054990,Angina_Pectoris,symptom-disease,4.35805
MESH:D002538,Angina_Pectoris,symptom-disease,1.45268
MESH:D004916,Angina_Pectoris,symptom-disease,1.45268
MESH:D000741,Angina_Pectoris,symptom-disease,4.35805
MESH:D013922,Angina_Pectoris,symptom-disease,7.26342
MESH:D009190,Angina_Pectoris,symptom-disease,1.45268
MESH:D011087,Angina_Pectoris,symptom-disease,8.7161
MESH:D055728,Angina_Pectoris,symptom-disease,1.45268
MESH:D017681,Angina_Pectoris,symptom-disease,1.45268
MESH:D019851,Angina_Pectoris,symptom-disease,8.7161
MESH:D010505,Angina_Pectoris,symptom-disease,2.90537
MESH:D008180,Angina_Pectoris,symptom-disease,26.1483
MESH:D015470,Acute_Coronary_Syndrome,symptom-disease,2.59796
MESH:D009101,Acute_Coronary_Syndrome,symptom-disease,2.59796
MESH:D015179,Acute_Coronary_Syndrome,symptom-disease,2.59796
MESH:D010190,Acute_Coronary_Syndrome,symptom-disease,2.59796
MESH:D010051,Acute_Coronary_Syndrome,symptom-disease,5.19592
MESH:D008175,Acute_Coronary_Syndrome,symptom-disease,5.19592
MESH:D011087,Acute_Coronary_Syndrome,symptom-disease,2.59796
MESH:D019851,Acute_Coronary_Syndrome,symptom-disease,7.79388
MESH:D008180,Acute_Coronary_Syndrome,symptom-disease,5.19592
MESH:D015464,Angina__Unstable,symptom-disease,2.24256
MESH:D015470,Angina__Unstable,symptom-disease,2.24256
MESH:D012516,Angina__Unstable,symptom-disease,2.24256
MESH:D006528,Angina__Unstable,symptom-disease,6.72768
MESH:D018288,Angina__Unstable,symptom-disease,2.24256
MESH:D001943,Angina__Unstable,symptom-disease,2.24256
MESH:D015179,Angina__Unstable,symptom-disease,2.24256
MESH:D008175,Angina__Unstable,symptom-disease,6.72768
MESH:D006502,Angina__Unstable,symptom-disease,2.24256
MESH:D002538,Angina__Unstable,symptom-disease,2.24256
MESH:D013922,Angina__Unstable,symptom-disease,4.48512
MESH:D009190,Angina__Unstable,symptom-disease,4.48512
MESH:D019851,Angina__Unstable,symptom-disease,8.97024
MESH:D008180,Angina__Unstable,symptom-disease,6.72768
MESH:D006528,Angina_Pectoris__Variant,symptom-disease,3.26595
MESH:D018288,Angina_Pectoris__Variant,symptom-disease,3.26595
MESH:D001943,Angina_Pectoris__Variant,symptom-disease,3.26595
MESH:D008175,Angina_Pectoris__Variant,symptom-disease,13.0638
MESH:D015473,Earache,symptom-disease,2.81792
MESH:D018288,Earache,symptom-disease,2.81792
MESH:D009456,Earache,symptom-disease,2.81792
MESH:D009101,Earache,symptom-disease,2.81792
MESH:D001943,Earache,symptom-disease,2.81792
MESH:D008175,Earache,symptom-disease,16.9075
MESH:D001816,Earache,symptom-disease,2.81792
MESH:D008180,Earache,symptom-disease,2.81792
MESH:D012516,Toothache,symptom-disease,2.73058
MESH:D009101,Toothache,symptom-disease,2.73058
MESH:D001943,Toothache,symptom-disease,2.73058
MESH:D008175,Toothache,symptom-disease,2.73058
MESH:D009396,Flank_Pain,symptom-disease,3.14886
MESH:D010190,Flank_Pain,symptom-disease,3.14886
MESH:D008175,Flank_Pain,symptom-disease,3.14886
MESH:D000741,Flank_Pain,symptom-disease,3.14886
MESH:D008180,Flank_Pain,symptom-disease,3.14886
MESH:D010190,Glossalgia,symptom-disease,4.01662
MESH:D009190,Glossalgia,symptom-disease,4.01662
MESH:D006528,Pain__Postoperative,symptom-disease,3.35571
MESH:D018288,Pain__Postoperative,symptom-disease,1.67786
MESH:D009101,Pain__Postoperative,symptom-disease,1.67786
MESH:D001943,Pain__Postoperative,symptom-disease,48.6578
MESH:D015179,Pain__Postoperative,symptom-disease,8.38928
MESH:D013274,Pain__Postoperative,symptom-disease,3.35571
MESH:D010190,Pain__Postoperative,symptom-disease,13.4228
MESH:D010051,Pain__Postoperative,symptom-disease,5.03357
MESH:D008175,Pain__Postoperative,symptom-disease,10.0671
MESH:D011471,Pain__Postoperative,symptom-disease,20.1343
MESH:D001749,Pain__Postoperative,symptom-disease,10.0671
MESH:D000361,Pain__Postoperative,symptom-disease,1.67786
MESH:D019851,Pain__Postoperative,symptom-disease,1.67786
MESH:D017492,Pain__Postoperative,symptom-disease,1.67786
MESH:D015470,Pelvic_Pain,symptom-disease,2.04108
MESH:D012516,Pelvic_Pain,symptom-disease,2.04108
MESH:D005910,Pelvic_Pain,symptom-disease,2.04108
MESH:D018288,Pelvic_Pain,symptom-disease,2.04108
MESH:D009456,Pelvic_Pain,symptom-disease,2.04108
MESH:D001943,Pelvic_Pain,symptom-disease,2.04108
MESH:D046152,Pelvic_Pain,symptom-disease,4.08216
MESH:D015179,Pelvic_Pain,symptom-disease,2.04108
MESH:D010051,Pelvic_Pain,symptom-disease,75.5199
MESH:D011471,Pelvic_Pain,symptom-disease,20.4108
MESH:D001749,Pelvic_Pain,symptom-disease,14.2875
MESH:D008180,Pelvic_Pain,symptom-disease,2.04108
MESH:D010051,Dysmenorrhea,symptom-disease,22.0808
MESH:D001749,Dysmenorrhea,symptom-disease,2.7601
MESH:D000741,Dysmenorrhea,symptom-disease,2.7601
MESH:D019851,Dysmenorrhea,symptom-disease,2.7601
MESH:D008180,Dysmenorrhea,symptom-disease,2.7601
MESH:D001943,Reticulocytosis,symptom-disease,5.1693
MESH:D000741,Reticulocytosis,symptom-disease,5.1693
MESH:D013274,Aerophagy,symptom-disease,4.07069
MESH:D010190,Aerophagy,symptom-disease,4.07069
MESH:D054198,Anorexia,symptom-disease,10.9516
MESH:D015464,Anorexia,symptom-disease,1.82526
MESH:D015470,Anorexia,symptom-disease,14.6021
MESH:D009396,Anorexia,symptom-disease,1.82526
MESH:D012516,Anorexia,symptom-disease,1.82526
MESH:D005910,Anorexia,symptom-disease,5.47578
MESH:D006528,Anorexia,symptom-disease,29.2042
MESH:D018288,Anorexia,symptom-disease,29.2042
MESH:D009101,Anorexia,symptom-disease,10.9516
MESH:D001943,Anorexia,symptom-disease,69.3599
MESH:D046152,Anorexia,symptom-disease,1.82526
MESH:D015179,Anorexia,symptom-disease,40.1557
MESH:D013274,Anorexia,symptom-disease,85.7872
MESH:D010190,Anorexia,symptom-disease,65.7094
MESH:D010051,Anorexia,symptom-disease,20.0779
MESH:D008175,Anorexia,symptom-disease,136.895
MESH:D011471,Anorexia,symptom-disease,20.0779
MESH:D001749,Anorexia,symptom-disease,23.7284
MESH:D009634,Anorexia,symptom-disease,1.82526
MESH:D000741,Anorexia,symptom-disease,3.65052
MESH:D009190,Anorexia,symptom-disease,3.65052
MESH:D008180,Anorexia,symptom-disease,7.30104
MESH:D054198,Constipation,symptom-disease,4.78175
MESH:D015470,Constipation,symptom-disease,3.18783
MESH:D015473,Constipation,symptom-disease,1.59392
MESH:D005910,Constipation,symptom-disease,1.59392
MESH:D011125,Constipation,symptom-disease,3.18783
MESH:D018288,Constipation,symptom-disease,7.96958
MESH:D009456,Constipation,symptom-disease,3.18783
MESH:D009101,Constipation,symptom-disease,30.2844
MESH:D001943,Constipation,symptom-disease,23.9087
MESH:D046152,Constipation,symptom-disease,1.59392
MESH:D015179,Constipation,symptom-disease,39.8479
MESH:D013274,Constipation,symptom-disease,6.37566
MESH:D010190,Constipation,symptom-disease,3.18783
MESH:D010051,Constipation,symptom-disease,30.2844
MESH:D008175,Constipation,symptom-disease,27.0966
MESH:D011471,Constipation,symptom-disease,25.5026
MESH:D001749,Constipation,symptom-disease,1.59392
MESH:D009190,Constipation,symptom-disease,3.18783
MESH:D010505,Constipation,symptom-disease,3.18783
MESH:D008180,Constipation,symptom-disease,1.59392
MESH:D017492,Constipation,symptom-disease,1.59392
MESH:D054198,Diarrhea,symptom-disease,9.23188
MESH:D015464,Diarrhea,symptom-disease,9.23188
MESH:D015470,Diarrhea,symptom-disease,18.4638
MESH:D015473,Diarrhea,symptom-disease,0.923188
MESH:D008415,Diarrhea,symptom-disease,16.6174
MESH:D012516,Diarrhea,symptom-disease,0.923188
MESH:D005910,Diarrhea,symptom-disease,1.84638
MESH:D008527,Diarrhea,symptom-disease,0.923188
MESH:D011125,Diarrhea,symptom-disease,2.76956
MESH:D006528,Diarrhea,symptom-disease,21.2333
MESH:D018288,Diarrhea,symptom-disease,12.9246
MESH:D009456,Diarrhea,symptom-disease,7.38551
MESH:D009101,Diarrhea,symptom-disease,14.771
MESH:D008258,Diarrhea,symptom-disease,6.46232
MESH:D001943,Diarrhea,symptom-disease,62.7768
MESH:D046152,Diarrhea,symptom-disease,2.76956
MESH:D015179,Diarrhea,symptom-disease,177.252
MESH:D013274,Diarrhea,symptom-disease,60.9304
MESH:D010190,Diarrhea,symptom-disease,167.097
MESH:D010051,Diarrhea,symptom-disease,23.0797
MESH:D008175,Diarrhea,symptom-disease,118.168
MESH:D011471,Diarrhea,symptom-disease,72.9319
MESH:D001749,Diarrhea,symptom-disease,15.6942
MESH:D009634,Diarrhea,symptom-disease,1.84638
MESH:D054990,Diarrhea,symptom-disease,3.69275
MESH:D001260,Diarrhea,symptom-disease,1.84638
MESH:D004916,Diarrhea,symptom-disease,0.923188
MESH:D000741,Diarrhea,symptom-disease,1.84638
MESH:D014923,Diarrhea,symptom-disease,0.923188
MESH:D013922,Diarrhea,symptom-disease,0.923188
MESH:D000361,Diarrhea,symptom-disease,58.1609
MESH:D009190,Diarrhea,symptom-disease,8.30869
MESH:D055728,Diarrhea,symptom-disease,0.923188
MESH:D017681,Diarrhea,symptom-disease,4.61594
MESH:D019851,Diarrhea,symptom-disease,1.84638
MESH:D019871,Diarrhea,symptom-disease,0.923188
MESH:D011038,Diarrhea,symptom-disease,0.923188
MESH:D010505,Diarrhea,symptom-disease,9.23188
MESH:D008180,Diarrhea,symptom-disease,14.771
MESH:D017074,Diarrhea,symptom-disease,18.4638
MESH:D054198,Diarrhea__Infantile,symptom-disease,2.28125
MESH:D010190,Diarrhea__Infantile,symptom-disease,4.56249
MESH:D054990,Diarrhea__Infantile,symptom-disease,2.28125
MESH:D000741,Diarrhea__Infantile,symptom-disease,2.28125
MESH:D014923,Diarrhea__Infantile,symptom-disease,2.28125
MESH:D000361,Diarrhea__Infantile,symptom-disease,4.56249
MESH:D008415,Dyspepsia,symptom-disease,4.1641
MESH:D009456,Dyspepsia,symptom-disease,2.08205
MESH:D001943,Dyspepsia,symptom-disease,4.1641
MESH:D046152,Dyspepsia,symptom-disease,2.08205
MESH:D015179,Dyspepsia,symptom-disease,4.1641
MESH:D013274,Dyspepsia,symptom-disease,310.226
MESH:D010190,Dyspepsia,symptom-disease,12.4923
MESH:D010051,Dyspepsia,symptom-disease,6.24616
MESH:D008175,Dyspepsia,symptom-disease,2.08205
MESH:D000361,Dyspepsia,symptom-disease,2.08205
MESH:D017681,Dyspepsia,symptom-disease,2.08205
MESH:D013274,Eructation,symptom-disease,7.95581
MESH:D010190,Eructation,symptom-disease,3.97791
MESH:D001943,Flatulence,symptom-disease,3.13787
MESH:D015179,Flatulence,symptom-disease,3.13787
MESH:D013274,Flatulence,symptom-disease,6.27573
MESH:D010051,Flatulence,symptom-disease,15.6893
MESH:D011471,Flatulence,symptom-disease,15.6893
MESH:D001749,Flatulence,symptom-disease,3.13787
MESH:D054198,Gagging,symptom-disease,3.73223
MESH:D054198,Halitosis,symptom-disease,3.24141
MESH:D010190,Halitosis,symptom-disease,3.24141
MESH:D008175,Halitosis,symptom-disease,3.24141
MESH:D008415,Heartburn,symptom-disease,3.17687
MESH:D001943,Heartburn,symptom-disease,12.7075
MESH:D013274,Heartburn,symptom-disease,15.8843
MESH:D010190,Heartburn,symptom-disease,6.35374
MESH:D054990,Heartburn,symptom-disease,3.17687
MESH:D008180,Heartburn,symptom-disease,6.35374
MESH:D054198,Hiccup,symptom-disease,2.95373
MESH:D009396,Hiccup,symptom-disease,2.95373
MESH:D005910,Hiccup,symptom-disease,2.95373
MESH:D018288,Hiccup,symptom-disease,2.95373
MESH:D013274,Hiccup,symptom-disease,5.90745
MESH:D010190,Hiccup,symptom-disease,5.90745
MESH:D008175,Hiccup,symptom-disease,8.86118
MESH:D008180,Hiccup,symptom-disease,2.95373
MESH:D054198,Hyperphagia,symptom-disease,2.39932
MESH:D013274,Hyperphagia,symptom-disease,2.39932
MESH:D010190,Hyperphagia,symptom-disease,2.39932
MESH:D008180,Hyperphagia,symptom-disease,2.39932
MESH:D008180,Bulimia,symptom-disease,2.76386
MESH:D054198,Nausea,symptom-disease,28.4688
MESH:D015464,Nausea,symptom-disease,10.2488
MESH:D015470,Nausea,symptom-disease,39.8564
MESH:D015473,Nausea,symptom-disease,4.55501
MESH:D009396,Nausea,symptom-disease,2.27751
MESH:D008415,Nausea,symptom-disease,1.13875
MESH:D012516,Nausea,symptom-disease,9.11002
MESH:D005910,Nausea,symptom-disease,22.7751
MESH:D008527,Nausea,symptom-disease,7.97127
MESH:D011125,Nausea,symptom-disease,1.13875
MESH:D006528,Nausea,symptom-disease,23.9138
MESH:D018288,Nausea,symptom-disease,63.7702
MESH:D009456,Nausea,symptom-disease,1.13875
MESH:D009101,Nausea,symptom-disease,20.4976
MESH:D008258,Nausea,symptom-disease,1.13875
MESH:D001943,Nausea,symptom-disease,368.956
MESH:D046152,Nausea,symptom-disease,2.27751
MESH:D015179,Nausea,symptom-disease,74.0189
MESH:D013274,Nausea,symptom-disease,95.6553
MESH:D010190,Nausea,symptom-disease,67.1864
MESH:D010051,Nausea,symptom-disease,153.732
MESH:D008175,Nausea,symptom-disease,278.995
MESH:D011471,Nausea,symptom-disease,45.5501
MESH:D001749,Nausea,symptom-disease,38.7176
MESH:D016864,Nausea,symptom-disease,2.27751
MESH:D006502,Nausea,symptom-disease,1.13875
MESH:D002538,Nausea,symptom-disease,4.55501
MESH:D000741,Nausea,symptom-disease,3.41626
MESH:D013922,Nausea,symptom-disease,1.13875
MESH:D009190,Nausea,symptom-disease,11.3875
MESH:D011087,Nausea,symptom-disease,2.27751
MESH:D055728,Nausea,symptom-disease,1.13875
MESH:D017681,Nausea,symptom-disease,1.13875
MESH:D010505,Nausea,symptom-disease,2.27751
MESH:D008180,Nausea,symptom-disease,10.2488
MESH:D017492,Nausea,symptom-disease,1.13875
MESH:D054198,Postoperative_Nausea_and_Vomiting,symptom-disease,3.4201
MESH:D006528,Postoperative_Nausea_and_Vomiting,symptom-disease,3.4201
MESH:D001943,Postoperative_Nausea_and_Vomiting,symptom-disease,3.4201
MESH:D015179,Postoperative_Nausea_and_Vomiting,symptom-disease,3.4201
MESH:D013274,Postoperative_Nausea_and_Vomiting,symptom-disease,3.4201
MESH:D008175,Postoperative_Nausea_and_Vomiting,symptom-disease,3.4201
MESH:D011471,Postoperative_Nausea_and_Vomiting,symptom-disease,3.4201
MESH:D054198,Vomiting,symptom-disease,23.6184
MESH:D015464,Vomiting,symptom-disease,5.06108
MESH:D015470,Vomiting,symptom-disease,29.5229
MESH:D015473,Vomiting,symptom-disease,1.68703
MESH:D009396,Vomiting,symptom-disease,2.53054
MESH:D008415,Vomiting,symptom-disease,1.68703
MESH:D012516,Vomiting,symptom-disease,12.6527
MESH:D005910,Vomiting,symptom-disease,15.1832
MESH:D008527,Vomiting,symptom-disease,10.9657
MESH:D012175,Vomiting,symptom-disease,1.68703
MESH:D011125,Vomiting,symptom-disease,1.68703
MESH:D006528,Vomiting,symptom-disease,10.1222
MESH:D018288,Vomiting,symptom-disease,37.1146
MESH:D009456,Vomiting,symptom-disease,2.53054
MESH:D009101,Vomiting,symptom-disease,8.43513
MESH:D008258,Vomiting,symptom-disease,0.843513
MESH:D001943,Vomiting,symptom-disease,189.79
MESH:D046152,Vomiting,symptom-disease,3.37405
MESH:D015179,Vomiting,symptom-disease,33.7405
MESH:D013274,Vomiting,symptom-disease,73.3856
MESH:D010190,Vomiting,symptom-disease,33.7405
MESH:D010051,Vomiting,symptom-disease,102.909
MESH:D020288,Vomiting,symptom-disease,2.53054
MESH:D008175,Vomiting,symptom-disease,172.92
MESH:D011471,Vomiting,symptom-disease,23.6184
MESH:D001749,Vomiting,symptom-disease,18.5573
MESH:D016864,Vomiting,symptom-disease,0.843513
MESH:D006502,Vomiting,symptom-disease,0.843513
MESH:D002538,Vomiting,symptom-disease,7.59161
MESH:D000741,Vomiting,symptom-disease,3.37405
MESH:D000361,Vomiting,symptom-disease,0.843513
MESH:D009190,Vomiting,symptom-disease,4.21756
MESH:D011087,Vomiting,symptom-disease,1.68703
MESH:D019851,Vomiting,symptom-disease,0.843513
MESH:D010505,Vomiting,symptom-disease,5.06108
MESH:D008180,Vomiting,symptom-disease,6.7481
MESH:D054198,Hematemesis,symptom-disease,6.25759
MESH:D015473,Hematemesis,symptom-disease,2.08586
MESH:D006528,Hematemesis,symptom-disease,10.4293
MESH:D009456,Hematemesis,symptom-disease,4.17172
MESH:D009101,Hematemesis,symptom-disease,4.17172
MESH:D001943,Hematemesis,symptom-disease,6.25759
MESH:D046152,Hematemesis,symptom-disease,14.601
MESH:D013274,Hematemesis,symptom-disease,152.268
MESH:D010190,Hematemesis,symptom-disease,22.9445
MESH:D008175,Hematemesis,symptom-disease,8.34345
MESH:D001749,Hematemesis,symptom-disease,2.08586
MESH:D006502,Hematemesis,symptom-disease,12.5152
MESH:D054990,Hematemesis,symptom-disease,2.08586
MESH:D014923,Hematemesis,symptom-disease,2.08586
MESH:D013922,Hematemesis,symptom-disease,2.08586
MESH:D055728,Hematemesis,symptom-disease,4.17172
MESH:D008180,Hematemesis,symptom-disease,4.17172
MESH:D009101,Hyperemesis_Gravidarum,symptom-disease,2.87508
MESH:D001943,Hyperemesis_Gravidarum,symptom-disease,5.75017
MESH:D013274,Hyperemesis_Gravidarum,symptom-disease,17.2505
MESH:D010190,Hyperemesis_Gravidarum,symptom-disease,2.87508
MESH:D019851,Hyperemesis_Gravidarum,symptom-disease,2.87508
MESH:D054198,Vomiting__Anticipatory,symptom-disease,13.6221
MESH:D015470,Vomiting__Anticipatory,symptom-disease,4.54069
MESH:D001943,Vomiting__Anticipatory,symptom-disease,127.139
MESH:D015179,Vomiting__Anticipatory,symptom-disease,36.3255
MESH:D013274,Vomiting__Anticipatory,symptom-disease,27.2441
MESH:D010190,Vomiting__Anticipatory,symptom-disease,18.1628
MESH:D010051,Vomiting__Anticipatory,symptom-disease,31.7848
MESH:D008175,Vomiting__Anticipatory,symptom-disease,99.8952
MESH:D054198,Anoxia,symptom-disease,3.00597
MESH:D015464,Anoxia,symptom-disease,10.0199
MESH:D015470,Anoxia,symptom-disease,7.01392
MESH:D015473,Anoxia,symptom-disease,2.00398
MESH:D008415,Anoxia,symptom-disease,3.00597
MESH:D012516,Anoxia,symptom-disease,15.0298
MESH:D005910,Anoxia,symptom-disease,49.0974
MESH:D008527,Anoxia,symptom-disease,1.00199
MESH:D012175,Anoxia,symptom-disease,7.01392
MESH:D011125,Anoxia,symptom-disease,1.00199
MESH:D006528,Anoxia,symptom-disease,35.0696
MESH:D018288,Anoxia,symptom-disease,5.00994
MESH:D009456,Anoxia,symptom-disease,1.00199
MESH:D009101,Anoxia,symptom-disease,6.01193
MESH:D008258,Anoxia,symptom-disease,1.00199
MESH:D001943,Anoxia,symptom-disease,77.1531
MESH:D015179,Anoxia,symptom-disease,20.0398
MESH:D013274,Anoxia,symptom-disease,18.0358
MESH:D010190,Anoxia,symptom-disease,25.0497
MESH:D010051,Anoxia,symptom-disease,12.0239
MESH:D008175,Anoxia,symptom-disease,82.1631
MESH:D011471,Anoxia,symptom-disease,40.0795
MESH:D001749,Anoxia,symptom-disease,8.01591
MESH:D006502,Anoxia,symptom-disease,1.00199
MESH:D054990,Anoxia,symptom-disease,74.1472
MESH:D002538,Anoxia,symptom-disease,1.00199
MESH:D004916,Anoxia,symptom-disease,1.00199
MESH:D000741,Anoxia,symptom-disease,8.01591
MESH:D005199,Anoxia,symptom-disease,1.00199
MESH:D013922,Anoxia,symptom-disease,7.01392
MESH:D009190,Anoxia,symptom-disease,2.00398
MESH:D011087,Anoxia,symptom-disease,27.0537
MESH:D055728,Anoxia,symptom-disease,3.00597
MESH:D019851,Anoxia,symptom-disease,3.00597
MESH:D019871,Anoxia,symptom-disease,1.00199
MESH:D008180,Anoxia,symptom-disease,9.0179
MESH:D054198,Apnea,symptom-disease,1.87655
MESH:D008415,Apnea,symptom-disease,3.75311
MESH:D005910,Apnea,symptom-disease,1.87655
MESH:D009456,Apnea,symptom-disease,3.75311
MESH:D008258,Apnea,symptom-disease,1.87655
MESH:D001943,Apnea,symptom-disease,1.87655
MESH:D054990,Apnea,symptom-disease,3.75311
MESH:D008180,Apnea,symptom-disease,1.87655
MESH:D054198,Cough,symptom-disease,1.31473
MESH:D015464,Cough,symptom-disease,2.62946
MESH:D015470,Cough,symptom-disease,5.25892
MESH:D012516,Cough,symptom-disease,1.31473
MESH:D008527,Cough,symptom-disease,1.31473
MESH:D006528,Cough,symptom-disease,1.31473
MESH:D018288,Cough,symptom-disease,17.0915
MESH:D009456,Cough,symptom-disease,2.62946
MESH:D009101,Cough,symptom-disease,2.62946
MESH:D008258,Cough,symptom-disease,3.94419
MESH:D001943,Cough,symptom-disease,14.462
MESH:D015179,Cough,symptom-disease,2.62946
MESH:D013274,Cough,symptom-disease,1.31473
MESH:D010190,Cough,symptom-disease,2.62946
MESH:D010051,Cough,symptom-disease,1.31473
MESH:D008175,Cough,symptom-disease,227.448
MESH:D054990,Cough,symptom-disease,38.1271
MESH:D052537,Cough,symptom-disease,1.31473
MESH:D001260,Cough,symptom-disease,1.31473
MESH:D002538,Cough,symptom-disease,1.31473
MESH:D000741,Cough,symptom-disease,1.31473
MESH:D014923,Cough,symptom-disease,1.31473
MESH:D000361,Cough,symptom-disease,2.62946
MESH:D009190,Cough,symptom-disease,1.31473
MESH:D011087,Cough,symptom-disease,3.94419
MESH:D017681,Cough,symptom-disease,7.88837
MESH:D008180,Cough,symptom-disease,11.8326
MESH:D017074,Cough,symptom-disease,6.57365
MESH:D054198,Dyspnea,symptom-disease,7.03655
MESH:D015464,Dyspnea,symptom-disease,6.03133
MESH:D015470,Dyspnea,symptom-disease,9.047
MESH:D015473,Dyspnea,symptom-disease,14.0731
MESH:D008415,Dyspnea,symptom-disease,2.01044
MESH:D012516,Dyspnea,symptom-disease,3.01567
MESH:D005910,Dyspnea,symptom-disease,2.01044
MESH:D006528,Dyspnea,symptom-disease,10.0522
MESH:D018288,Dyspnea,symptom-disease,18.094
MESH:D009456,Dyspnea,symptom-disease,9.047
MESH:D009101,Dyspnea,symptom-disease,20.1044
MESH:D008258,Dyspnea,symptom-disease,7.03655
MESH:D001943,Dyspnea,symptom-disease,40.2089
MESH:D046152,Dyspnea,symptom-disease,2.01044
MESH:D015179,Dyspnea,symptom-disease,1.00522
MESH:D013274,Dyspnea,symptom-disease,16.0835
MESH:D010190,Dyspnea,symptom-disease,5.02611
MESH:D010051,Dyspnea,symptom-disease,17.0888
MESH:D008175,Dyspnea,symptom-disease,323.681
MESH:D011471,Dyspnea,symptom-disease,4.02089
MESH:D001749,Dyspnea,symptom-disease,3.01567
MESH:D004613,Dyspnea,symptom-disease,3.01567
MESH:D044542,Dyspnea,symptom-disease,1.00522
MESH:D009634,Dyspnea,symptom-disease,2.01044
MESH:D054990,Dyspnea,symptom-disease,174.909
MESH:D052537,Dyspnea,symptom-disease,1.00522
MESH:D000741,Dyspnea,symptom-disease,6.03133
MESH:D000361,Dyspnea,symptom-disease,2.01044
MESH:D009190,Dyspnea,symptom-disease,3.01567
MESH:D011087,Dyspnea,symptom-disease,2.01044
MESH:D055728,Dyspnea,symptom-disease,9.047
MESH:D017681,Dyspnea,symptom-disease,8.04177
MESH:D019851,Dyspnea,symptom-disease,4.02089
MESH:D019871,Dyspnea,symptom-disease,1.00522
MESH:D008180,Dyspnea,symptom-disease,38.1984
MESH:D017074,Dyspnea,symptom-disease,1.00522
MESH:D001943,Dyspnea__Paroxysmal,symptom-disease,3.75223
MESH:D008175,Dyspnea__Paroxysmal,symptom-disease,3.75223
MESH:D054198,Hemoptysis,symptom-disease,10.1824
MESH:D015470,Hemoptysis,symptom-disease,6.7883
MESH:D015473,Hemoptysis,symptom-disease,1.69707
MESH:D012516,Hemoptysis,symptom-disease,1.69707
MESH:D012175,Hemoptysis,symptom-disease,1.69707
MESH:D006528,Hemoptysis,symptom-disease,1.69707
MESH:D018288,Hemoptysis,symptom-disease,23.759
MESH:D009101,Hemoptysis,symptom-disease,3.39415
MESH:D001943,Hemoptysis,symptom-disease,8.48537
MESH:D015179,Hemoptysis,symptom-disease,3.39415
MESH:D010190,Hemoptysis,symptom-disease,1.69707
MESH:D010051,Hemoptysis,symptom-disease,3.39415
MESH:D008175,Hemoptysis,symptom-disease,514.214
MESH:D011471,Hemoptysis,symptom-disease,1.69707
MESH:D054990,Hemoptysis,symptom-disease,25.4561
MESH:D001260,Hemoptysis,symptom-disease,1.69707
MESH:D013922,Hemoptysis,symptom-disease,3.39415
MESH:D009190,Hemoptysis,symptom-disease,1.69707
MESH:D010505,Hemoptysis,symptom-disease,1.69707
MESH:D008180,Hemoptysis,symptom-disease,33.9415
MESH:D005910,Hypercapnia,symptom-disease,2.11098
MESH:D008175,Hypercapnia,symptom-disease,4.22197
MESH:D054990,Hypercapnia,symptom-disease,10.5549
MESH:D002538,Hypercapnia,symptom-disease,2.11098
MESH:D008180,Hypercapnia,symptom-disease,2.11098
MESH:D005910,Hyperoxia,symptom-disease,2.94919
MESH:D018288,Hyperoxia,symptom-disease,2.94919
MESH:D001943,Hyperoxia,symptom-disease,2.94919
MESH:D008175,Hyperoxia,symptom-disease,2.94919
MESH:D011471,Hyperoxia,symptom-disease,2.94919
MESH:D001749,Hyperoxia,symptom-disease,2.94919
MESH:D054990,Hyperoxia,symptom-disease,29.4919
MESH:D005199,Hyperoxia,symptom-disease,2.94919
MESH:D015470,Hyperventilation,symptom-disease,2.10513
MESH:D005910,Hyperventilation,symptom-disease,8.42052
MESH:D008527,Hyperventilation,symptom-disease,2.10513
MESH:D009456,Hyperventilation,symptom-disease,2.10513
MESH:D054990,Hyperventilation,symptom-disease,10.5257
MESH:D002538,Hyperventilation,symptom-disease,4.21026
MESH:D011087,Hyperventilation,symptom-disease,2.10513
MESH:D008180,Hyperventilation,symptom-disease,4.21026
MESH:D005910,Hypocapnia,symptom-disease,3.37062
MESH:D002538,Hypocapnia,symptom-disease,3.37062
MESH:D018288,Hypoventilation,symptom-disease,7.56406
MESH:D009456,Hypoventilation,symptom-disease,2.52135
MESH:D001943,Hypoventilation,symptom-disease,2.52135
MESH:D010051,Hypoventilation,symptom-disease,7.56406
MESH:D008175,Hypoventilation,symptom-disease,17.6495
MESH:D001260,Hypoventilation,symptom-disease,2.52135
MESH:D011087,Hypoventilation,symptom-disease,2.52135
MESH:D054990,Mouth_Breathing,symptom-disease,3.22936
MESH:D011471,Respiratory_Aspiration,symptom-disease,3.33007
MESH:D054990,Respiratory_Aspiration,symptom-disease,6.66015
MESH:D054198,Respiratory_Sounds,symptom-disease,1.63927
MESH:D008415,Respiratory_Sounds,symptom-disease,1.63927
MESH:D012516,Respiratory_Sounds,symptom-disease,1.63927
MESH:D005910,Respiratory_Sounds,symptom-disease,1.63927
MESH:D018288,Respiratory_Sounds,symptom-disease,1.63927
MESH:D009456,Respiratory_Sounds,symptom-disease,1.63927
MESH:D009101,Respiratory_Sounds,symptom-disease,3.27854
MESH:D001943,Respiratory_Sounds,symptom-disease,3.27854
MESH:D013274,Respiratory_Sounds,symptom-disease,1.63927
MESH:D008175,Respiratory_Sounds,symptom-disease,39.3425
MESH:D004613,Respiratory_Sounds,symptom-disease,1.63927
MESH:D054990,Respiratory_Sounds,symptom-disease,39.3425
MESH:D000741,Respiratory_Sounds,symptom-disease,1.63927
MESH:D000361,Respiratory_Sounds,symptom-disease,1.63927
MESH:D008180,Respiratory_Sounds,symptom-disease,4.91781
MESH:D017074,Respiratory_Sounds,symptom-disease,1.63927
MESH:D005910,Snoring,symptom-disease,2.7601
MESH:D054990,Snoring,symptom-disease,2.7601
MESH:D015470,Skin_Manifestations,symptom-disease,3.67414
MESH:D008415,Skin_Manifestations,symptom-disease,1.83707
MESH:D012516,Skin_Manifestations,symptom-disease,0.612357
MESH:D005910,Skin_Manifestations,symptom-disease,0.612357
MESH:D008527,Skin_Manifestations,symptom-disease,0.612357
MESH:D009456,Skin_Manifestations,symptom-disease,19.5954
MESH:D009101,Skin_Manifestations,symptom-disease,7.34829
MESH:D008258,Skin_Manifestations,symptom-disease,6.12357
MESH:D001943,Skin_Manifestations,symptom-disease,4.2865
MESH:D013274,Skin_Manifestations,symptom-disease,3.06179
MESH:D010190,Skin_Manifestations,symptom-disease,6.73593
MESH:D010051,Skin_Manifestations,symptom-disease,2.44943
MESH:D008175,Skin_Manifestations,symptom-disease,9.18536
MESH:D011471,Skin_Manifestations,symptom-disease,0.612357
MESH:D001749,Skin_Manifestations,symptom-disease,0.612357
MESH:D008557,Skin_Manifestations,symptom-disease,0.612357
MESH:D006502,Skin_Manifestations,symptom-disease,0.612357
MESH:D054990,Skin_Manifestations,symptom-disease,0.612357
MESH:D001260,Skin_Manifestations,symptom-disease,4.2865
MESH:D000741,Skin_Manifestations,symptom-disease,0.612357
MESH:D014923,Skin_Manifestations,symptom-disease,0.612357
MESH:D013922,Skin_Manifestations,symptom-disease,1.83707
MESH:D000361,Skin_Manifestations,symptom-disease,4.2865
MESH:D011087,Skin_Manifestations,symptom-disease,1.83707
MESH:D055728,Skin_Manifestations,symptom-disease,1.83707
MESH:D011038,Skin_Manifestations,symptom-disease,0.612357
MESH:D010505,Skin_Manifestations,symptom-disease,2.44943
MESH:D008180,Skin_Manifestations,symptom-disease,36.1291
MESH:D054198,Cafe-au-Lait_Spots,symptom-disease,3.30393
MESH:D015470,Cafe-au-Lait_Spots,symptom-disease,3.30393
MESH:D008415,Cafe-au-Lait_Spots,symptom-disease,3.30393
MESH:D008527,Cafe-au-Lait_Spots,symptom-disease,3.30393
MESH:D009456,Cafe-au-Lait_Spots,symptom-disease,287.442
MESH:D015179,Cafe-au-Lait_Spots,symptom-disease,6.60786
MESH:D013274,Cafe-au-Lait_Spots,symptom-disease,3.30393
MESH:D008175,Cafe-au-Lait_Spots,symptom-disease,3.30393
MESH:D009634,Cafe-au-Lait_Spots,symptom-disease,16.5196
MESH:D005199,Cafe-au-Lait_Spots,symptom-disease,9.91178
MESH:D017074,Cafe-au-Lait_Spots,symptom-disease,3.30393
MESH:D054198,Ecchymosis,symptom-disease,4.59996
MESH:D015464,Ecchymosis,symptom-disease,2.29998
MESH:D015473,Ecchymosis,symptom-disease,4.59996
MESH:D006528,Ecchymosis,symptom-disease,2.29998
MESH:D018288,Ecchymosis,symptom-disease,4.59996
MESH:D009101,Ecchymosis,symptom-disease,22.9998
MESH:D001943,Ecchymosis,symptom-disease,4.59996
MESH:D008175,Ecchymosis,symptom-disease,6.89994
MESH:D011471,Ecchymosis,symptom-disease,4.59996
MESH:D000741,Ecchymosis,symptom-disease,4.59996
MESH:D013922,Ecchymosis,symptom-disease,2.29998
MESH:D019851,Ecchymosis,symptom-disease,4.59996
MESH:D010505,Ecchymosis,symptom-disease,2.29998
MESH:D008180,Ecchymosis,symptom-disease,11.4999
MESH:D054198,Jaundice,symptom-disease,4.36414
MESH:D015464,Jaundice,symptom-disease,1.45471
MESH:D015470,Jaundice,symptom-disease,10.183
MESH:D012516,Jaundice,symptom-disease,1.45471
MESH:D012175,Jaundice,symptom-disease,1.45471
MESH:D006528,Jaundice,symptom-disease,37.8225
MESH:D018288,Jaundice,symptom-disease,2.90942
MESH:D009456,Jaundice,symptom-disease,2.90942
MESH:D009101,Jaundice,symptom-disease,13.0924
MESH:D008258,Jaundice,symptom-disease,2.90942
MESH:D001943,Jaundice,symptom-disease,17.4565
MESH:D046152,Jaundice,symptom-disease,1.45471
MESH:D015179,Jaundice,symptom-disease,1.45471
MESH:D013274,Jaundice,symptom-disease,5.81885
MESH:D010190,Jaundice,symptom-disease,216.752
MESH:D010051,Jaundice,symptom-disease,1.45471
MESH:D008175,Jaundice,symptom-disease,5.81885
MESH:D011471,Jaundice,symptom-disease,2.90942
MESH:D006502,Jaundice,symptom-disease,1.45471
MESH:D054990,Jaundice,symptom-disease,2.90942
MESH:D000741,Jaundice,symptom-disease,17.4565
MESH:D013922,Jaundice,symptom-disease,1.45471
MESH:D000361,Jaundice,symptom-disease,5.81885
MESH:D011087,Jaundice,symptom-disease,1.45471
MESH:D055728,Jaundice,symptom-disease,2.90942
MESH:D008180,Jaundice,symptom-disease,11.6377
MESH:D054198,Jaundice__Obstructive,symptom-disease,4.99606
MESH:D015464,Jaundice__Obstructive,symptom-disease,2.49803
MESH:D015470,Jaundice__Obstructive,symptom-disease,7.49409
MESH:D006528,Jaundice__Obstructive,symptom-disease,82.4349
MESH:D018288,Jaundice__Obstructive,symptom-disease,4.99606
MESH:D009456,Jaundice__Obstructive,symptom-disease,4.99606
MESH:D009101,Jaundice__Obstructive,symptom-disease,7.49409
MESH:D001943,Jaundice__Obstructive,symptom-disease,4.99606
MESH:D046152,Jaundice__Obstructive,symptom-disease,7.49409
MESH:D013274,Jaundice__Obstructive,symptom-disease,49.9606
MESH:D010190,Jaundice__Obstructive,symptom-disease,202.34
MESH:D010051,Jaundice__Obstructive,symptom-disease,7.49409
MESH:D008175,Jaundice__Obstructive,symptom-disease,17.4862
MESH:D011471,Jaundice__Obstructive,symptom-disease,4.99606
MESH:D000361,Jaundice__Obstructive,symptom-disease,2.49803
MESH:D017681,Jaundice__Obstructive,symptom-disease,2.49803
MESH:D019851,Jaundice__Obstructive,symptom-disease,2.49803
MESH:D009101,Livedo_Reticularis,symptom-disease,4.09886
MESH:D001943,Livedo_Reticularis,symptom-disease,4.09886
MESH:D018860,Livedo_Reticularis,symptom-disease,16.3954
MESH:D019851,Livedo_Reticularis,symptom-disease,4.09886
MESH:D008180,Livedo_Reticularis,symptom-disease,12.2966
MESH:D010190,Necrolytic_Migratory_Erythema,symptom-disease,18.4504
MESH:D054198,Pallor,symptom-disease,3.53517
MESH:D013274,Pallor,symptom-disease,3.53517
MESH:D010051,Pallor,symptom-disease,7.07034
MESH:D000741,Pallor,symptom-disease,10.6055
MESH:D054198,Pruritus,symptom-disease,1.46594
MESH:D015464,Pruritus,symptom-disease,2.93188
MESH:D015470,Pruritus,symptom-disease,2.93188
MESH:D008415,Pruritus,symptom-disease,24.921
MESH:D012516,Pruritus,symptom-disease,1.46594
MESH:D005910,Pruritus,symptom-disease,2.93188
MESH:D012175,Pruritus,symptom-disease,1.46594
MESH:D006528,Pruritus,symptom-disease,4.39783
MESH:D018288,Pruritus,symptom-disease,4.39783
MESH:D009456,Pruritus,symptom-disease,10.2616
MESH:D009101,Pruritus,symptom-disease,7.32971
MESH:D008258,Pruritus,symptom-disease,2.93188
MESH:D001943,Pruritus,symptom-disease,35.1826
MESH:D046152,Pruritus,symptom-disease,1.46594
MESH:D015179,Pruritus,symptom-disease,4.39783
MESH:D013274,Pruritus,symptom-disease,5.86377
MESH:D010190,Pruritus,symptom-disease,8.79565
MESH:D008175,Pruritus,symptom-disease,24.921
MESH:D011471,Pruritus,symptom-disease,2.93188
MESH:D012415,Pruritus,symptom-disease,1.46594
MESH:D013922,Pruritus,symptom-disease,1.46594
MESH:D009190,Pruritus,symptom-disease,10.2616
MESH:D011087,Pruritus,symptom-disease,73.2971
MESH:D055728,Pruritus,symptom-disease,2.93188
MESH:D017681,Pruritus,symptom-disease,7.32971
MESH:D008180,Pruritus,symptom-disease,8.79565
MESH:D054198,Purpura,symptom-disease,3.18966
MESH:D015464,Purpura,symptom-disease,1.06322
MESH:D015470,Purpura,symptom-disease,6.37931
MESH:D006528,Purpura,symptom-disease,4.25287
MESH:D009101,Purpura,symptom-disease,23.3908
MESH:D008258,Purpura,symptom-disease,19.1379
MESH:D001943,Purpura,symptom-disease,1.06322
MESH:D013274,Purpura,symptom-disease,3.18966
MESH:D010190,Purpura,symptom-disease,2.12644
MESH:D008175,Purpura,symptom-disease,6.37931
MESH:D011471,Purpura,symptom-disease,2.12644
MESH:D054990,Purpura,symptom-disease,1.06322
MESH:D000741,Purpura,symptom-disease,9.56897
MESH:D005199,Purpura,symptom-disease,1.06322
MESH:D014923,Purpura,symptom-disease,4.25287
MESH:D013922,Purpura,symptom-disease,2.12644
MESH:D000361,Purpura,symptom-disease,7.44253
MESH:D009190,Purpura,symptom-disease,3.18966
MESH:D011087,Purpura,symptom-disease,1.06322
MESH:D055728,Purpura,symptom-disease,1.06322
MESH:D017681,Purpura,symptom-disease,2.12644
MESH:D019851,Purpura,symptom-disease,2.12644
MESH:D010505,Purpura,symptom-disease,5.31609
MESH:D008180,Purpura,symptom-disease,23.3908
MESH:D008180,Purpura_Fulminans,symptom-disease,4.68379
MESH:D015470,Purpura__Hyperglobulinemic,symptom-disease,3.67452
MESH:D009101,Purpura__Hyperglobulinemic,symptom-disease,33.0707
MESH:D008258,Purpura__Hyperglobulinemic,symptom-disease,33.0707
MESH:D054990,Purpura__Hyperglobulinemic,symptom-disease,7.34905
MESH:D000741,Purpura__Hyperglobulinemic,symptom-disease,3.67452
MESH:D055728,Purpura__Hyperglobulinemic,symptom-disease,3.67452
MESH:D008180,Purpura__Hyperglobulinemic,symptom-disease,11.0236
MESH:D009396,Purpura__Schoenlein-Henoch,symptom-disease,1.99821
MESH:D018288,Purpura__Schoenlein-Henoch,symptom-disease,1.99821
MESH:D009101,Purpura__Schoenlein-Henoch,symptom-disease,15.9857
MESH:D001943,Purpura__Schoenlein-Henoch,symptom-disease,5.99464
MESH:D013274,Purpura__Schoenlein-Henoch,symptom-disease,3.99643
MESH:D008175,Purpura__Schoenlein-Henoch,symptom-disease,15.9857
MESH:D011471,Purpura__Schoenlein-Henoch,symptom-disease,7.99286
MESH:D001749,Purpura__Schoenlein-Henoch,symptom-disease,1.99821
MESH:D018860,Purpura__Schoenlein-Henoch,symptom-disease,1.99821
MESH:D000741,Purpura__Schoenlein-Henoch,symptom-disease,1.99821
MESH:D014923,Purpura__Schoenlein-Henoch,symptom-disease,3.99643
MESH:D013922,Purpura__Schoenlein-Henoch,symptom-disease,7.99286
MESH:D009190,Purpura__Schoenlein-Henoch,symptom-disease,3.99643
MESH:D011087,Purpura__Schoenlein-Henoch,symptom-disease,1.99821
MESH:D019851,Purpura__Schoenlein-Henoch,symptom-disease,3.99643
MESH:D010505,Purpura__Schoenlein-Henoch,symptom-disease,31.9714
MESH:D008180,Purpura__Schoenlein-Henoch,symptom-disease,41.9625
MESH:D054198,Purpura__Thrombocytopenic,symptom-disease,4.24472
MESH:D015470,Purpura__Thrombocytopenic,symptom-disease,11.3192
MESH:D008415,Purpura__Thrombocytopenic,symptom-disease,1.41491
MESH:D006528,Purpura__Thrombocytopenic,symptom-disease,1.41491
MESH:D018288,Purpura__Thrombocytopenic,symptom-disease,2.82981
MESH:D009101,Purpura__Thrombocytopenic,symptom-disease,11.3192
MESH:D008258,Purpura__Thrombocytopenic,symptom-disease,2.82981
MESH:D001943,Purpura__Thrombocytopenic,symptom-disease,7.07453
MESH:D013274,Purpura__Thrombocytopenic,symptom-disease,9.90434
MESH:D010190,Purpura__Thrombocytopenic,symptom-disease,4.24472
MESH:D010051,Purpura__Thrombocytopenic,symptom-disease,1.41491
MESH:D008175,Purpura__Thrombocytopenic,symptom-disease,5.65962
MESH:D011471,Purpura__Thrombocytopenic,symptom-disease,1.41491
MESH:D009634,Purpura__Thrombocytopenic,symptom-disease,1.41491
MESH:D054990,Purpura__Thrombocytopenic,symptom-disease,1.41491
MESH:D000741,Purpura__Thrombocytopenic,symptom-disease,58.0111
MESH:D005199,Purpura__Thrombocytopenic,symptom-disease,1.41491
MESH:D014923,Purpura__Thrombocytopenic,symptom-disease,4.24472
MESH:D013922,Purpura__Thrombocytopenic,symptom-disease,14.1491
MESH:D000361,Purpura__Thrombocytopenic,symptom-disease,12.7341
MESH:D009190,Purpura__Thrombocytopenic,symptom-disease,2.82981
MESH:D011087,Purpura__Thrombocytopenic,symptom-disease,4.24472
MESH:D055728,Purpura__Thrombocytopenic,symptom-disease,9.90434
MESH:D019851,Purpura__Thrombocytopenic,symptom-disease,1.41491
MESH:D008180,Purpura__Thrombocytopenic,symptom-disease,108.948
MESH:D017074,Purpura__Thrombocytopenic,symptom-disease,1.41491
MESH:D054198,Purpura__Thrombocytopenic__Idiopathic,symptom-disease,21.2728
MESH:D015464,Purpura__Thrombocytopenic__Idiopathic,symptom-disease,7.73558
MESH:D015470,Purpura__Thrombocytopenic__Idiopathic,symptom-disease,1.93389
MESH:D015473,Purpura__Thrombocytopenic__Idiopathic,symptom-disease,1.93389
MESH:D009396,Purpura__Thrombocytopenic__Idiopathic,symptom-disease,1.93389
MESH:D006528,Purpura__Thrombocytopenic__Idiopathic,symptom-disease,1.93389
MESH:D018288,Purpura__Thrombocytopenic__Idiopathic,symptom-disease,3.86779
MESH:D009101,Purpura__Thrombocytopenic__Idiopathic,symptom-disease,15.4712
MESH:D008258,Purpura__Thrombocytopenic__Idiopathic,symptom-disease,5.80168
MESH:D001943,Purpura__Thrombocytopenic__Idiopathic,symptom-disease,11.6034
MESH:D046152,Purpura__Thrombocytopenic__Idiopathic,symptom-disease,1.93389
MESH:D015179,Purpura__Thrombocytopenic__Idiopathic,symptom-disease,1.93389
MESH:D013274,Purpura__Thrombocytopenic__Idiopathic,symptom-disease,13.5373
MESH:D010190,Purpura__Thrombocytopenic__Idiopathic,symptom-disease,1.93389
MESH:D010051,Purpura__Thrombocytopenic__Idiopathic,symptom-disease,5.80168
MESH:D008175,Purpura__Thrombocytopenic__Idiopathic,symptom-disease,19.3389
MESH:D001749,Purpura__Thrombocytopenic__Idiopathic,symptom-disease,1.93389
MESH:D006502,Purpura__Thrombocytopenic__Idiopathic,symptom-disease,1.93389
MESH:D054990,Purpura__Thrombocytopenic__Idiopathic,symptom-disease,3.86779
MESH:D001260,Purpura__Thrombocytopenic__Idiopathic,symptom-disease,3.86779
MESH:D002538,Purpura__Thrombocytopenic__Idiopathic,symptom-disease,3.86779
MESH:D018860,Purpura__Thrombocytopenic__Idiopathic,symptom-disease,1.93389
MESH:D004916,Purpura__Thrombocytopenic__Idiopathic,symptom-disease,3.86779
MESH:D000741,Purpura__Thrombocytopenic__Idiopathic,symptom-disease,42.5457
MESH:D014923,Purpura__Thrombocytopenic__Idiopathic,symptom-disease,5.80168
MESH:D013922,Purpura__Thrombocytopenic__Idiopathic,symptom-disease,7.73558
MESH:D000361,Purpura__Thrombocytopenic__Idiopathic,symptom-disease,3.86779
MESH:D009190,Purpura__Thrombocytopenic__Idiopathic,symptom-disease,40.6118
MESH:D011087,Purpura__Thrombocytopenic__Idiopathic,symptom-disease,5.80168
MESH:D055728,Purpura__Thrombocytopenic__Idiopathic,symptom-disease,3.86779
MESH:D017681,Purpura__Thrombocytopenic__Idiopathic,symptom-disease,1.93389
MESH:D019851,Purpura__Thrombocytopenic__Idiopathic,symptom-disease,5.80168
MESH:D008180,Purpura__Thrombocytopenic__Idiopathic,symptom-disease,88.9591
MESH:D017074,Purpura__Thrombocytopenic__Idiopathic,symptom-disease,40.6118
MESH:D054198,Purpura__Thrombotic_Thrombocytopenic,symptom-disease,8.73615
MESH:D015464,Purpura__Thrombotic_Thrombocytopenic,symptom-disease,10.9202
MESH:D015473,Purpura__Thrombotic_Thrombocytopenic,symptom-disease,2.18404
MESH:D018288,Purpura__Thrombotic_Thrombocytopenic,symptom-disease,2.18404
MESH:D009101,Purpura__Thrombotic_Thrombocytopenic,symptom-disease,6.55212
MESH:D008258,Purpura__Thrombotic_Thrombocytopenic,symptom-disease,2.18404
MESH:D001943,Purpura__Thrombotic_Thrombocytopenic,symptom-disease,15.2883
MESH:D013274,Purpura__Thrombotic_Thrombocytopenic,symptom-disease,41.4967
MESH:D010190,Purpura__Thrombotic_Thrombocytopenic,symptom-disease,10.9202
MESH:D010051,Purpura__Thrombotic_Thrombocytopenic,symptom-disease,4.36808
MESH:D008175,Purpura__Thrombotic_Thrombocytopenic,symptom-disease,4.36808
MESH:D011471,Purpura__Thrombotic_Thrombocytopenic,symptom-disease,10.9202
MESH:D006502,Purpura__Thrombotic_Thrombocytopenic,symptom-disease,4.36808
MESH:D004916,Purpura__Thrombotic_Thrombocytopenic,symptom-disease,4.36808
MESH:D000741,Purpura__Thrombotic_Thrombocytopenic,symptom-disease,4.36808
MESH:D013922,Purpura__Thrombotic_Thrombocytopenic,symptom-disease,4.36808
MESH:D009190,Purpura__Thrombotic_Thrombocytopenic,symptom-disease,6.55212
MESH:D055728,Purpura__Thrombotic_Thrombocytopenic,symptom-disease,2.18404
MESH:D017681,Purpura__Thrombotic_Thrombocytopenic,symptom-disease,2.18404
MESH:D019851,Purpura__Thrombotic_Thrombocytopenic,symptom-disease,10.9202
MESH:D008180,Purpura__Thrombotic_Thrombocytopenic,symptom-disease,257.717
MESH:D055728,Waterhouse-Friderichsen_Syndrome,symptom-disease,3.68391
MESH:D008180,Waterhouse-Friderichsen_Syndrome,symptom-disease,3.68391
MESH:D005910,Striae_Distensae,symptom-disease,6.40144
MESH:D015470,Dysuria,symptom-disease,3.83649
MESH:D001943,Dysuria,symptom-disease,3.83649
MESH:D046152,Dysuria,symptom-disease,3.83649
MESH:D010190,Dysuria,symptom-disease,3.83649
MESH:D008175,Dysuria,symptom-disease,3.83649
MESH:D011471,Dysuria,symptom-disease,15.346
MESH:D001749,Dysuria,symptom-disease,3.83649
MESH:D054198,Hypercalciuria,symptom-disease,3.70296
MESH:D015179,Hypercalciuria,symptom-disease,3.70296
MESH:D011471,Nocturia,symptom-disease,4.17297
MESH:D012516,Oliguria,symptom-disease,2.61401
MESH:D009101,Oliguria,symptom-disease,15.6841
MESH:D010190,Oliguria,symptom-disease,2.61401
MESH:D010051,Oliguria,symptom-disease,5.22802
MESH:D001749,Oliguria,symptom-disease,2.61401
MESH:D006502,Oliguria,symptom-disease,2.61401
MESH:D008180,Oliguria,symptom-disease,2.61401
MESH:D054198,Polyuria,symptom-disease,4.7218
MESH:D015470,Polyuria,symptom-disease,2.3609
MESH:D009396,Polyuria,symptom-disease,7.0827
MESH:D005910,Polyuria,symptom-disease,4.7218
MESH:D018288,Polyuria,symptom-disease,2.3609
MESH:D009456,Polyuria,symptom-disease,2.3609
MESH:D001943,Polyuria,symptom-disease,14.1654
MESH:D013274,Polyuria,symptom-disease,2.3609
MESH:D010190,Polyuria,symptom-disease,2.3609
MESH:D008175,Polyuria,symptom-disease,11.8045
MESH:D011471,Polyuria,symptom-disease,4.7218
MESH:D001749,Polyuria,symptom-disease,9.44361
MESH:D054990,Polyuria,symptom-disease,2.3609
MESH:D009190,Polyuria,symptom-disease,2.3609
MESH:D008180,Polyuria,symptom-disease,2.3609
MESH:D011471,Prostatism,symptom-disease,79.1941
MESH:D001749,Prostatism,symptom-disease,4.65847
MESH:D054198,Proteinuria,symptom-disease,3.74693
MESH:D015464,Proteinuria,symptom-disease,6.24489
MESH:D015470,Proteinuria,symptom-disease,13.7388
MESH:D015473,Proteinuria,symptom-disease,1.24898
MESH:D009396,Proteinuria,symptom-disease,6.24489
MESH:D012516,Proteinuria,symptom-disease,1.24898
MESH:D006528,Proteinuria,symptom-disease,2.49796
MESH:D018288,Proteinuria,symptom-disease,2.49796
MESH:D009456,Proteinuria,symptom-disease,1.24898
MESH:D009101,Proteinuria,symptom-disease,263.534
MESH:D008258,Proteinuria,symptom-disease,24.9796
MESH:D001943,Proteinuria,symptom-disease,9.99182
MESH:D015179,Proteinuria,symptom-disease,9.99182
MESH:D013274,Proteinuria,symptom-disease,7.49387
MESH:D010190,Proteinuria,symptom-disease,4.99591
MESH:D010051,Proteinuria,symptom-disease,2.49796
MESH:D008175,Proteinuria,symptom-disease,19.9836
MESH:D011471,Proteinuria,symptom-disease,8.74284
MESH:D001749,Proteinuria,symptom-disease,28.7265
MESH:D006502,Proteinuria,symptom-disease,1.24898
MESH:D054990,Proteinuria,symptom-disease,2.49796
MESH:D018860,Proteinuria,symptom-disease,1.24898
MESH:D000741,Proteinuria,symptom-disease,4.99591
MESH:D005199,Proteinuria,symptom-disease,1.24898
MESH:D013922,Proteinuria,symptom-disease,3.74693
MESH:D000361,Proteinuria,symptom-disease,12.4898
MESH:D011087,Proteinuria,symptom-disease,4.99591
MESH:D055728,Proteinuria,symptom-disease,6.24489
MESH:D017681,Proteinuria,symptom-disease,2.49796
MESH:D019851,Proteinuria,symptom-disease,3.74693
MESH:D010505,Proteinuria,symptom-disease,29.9755
MESH:D008180,Proteinuria,symptom-disease,385.934
MESH:D017074,Proteinuria,symptom-disease,1.24898
MESH:D054198,Albuminuria,symptom-disease,2.06509
MESH:D009396,Albuminuria,symptom-disease,8.26035
MESH:D012516,Albuminuria,symptom-disease,2.06509
MESH:D006528,Albuminuria,symptom-disease,2.06509
MESH:D009101,Albuminuria,symptom-disease,64.0177
MESH:D008258,Albuminuria,symptom-disease,10.3254
MESH:D001943,Albuminuria,symptom-disease,4.13017
MESH:D015179,Albuminuria,symptom-disease,4.13017
MESH:D013274,Albuminuria,symptom-disease,4.13017
MESH:D010190,Albuminuria,symptom-disease,2.06509
MESH:D008175,Albuminuria,symptom-disease,6.19526
MESH:D011471,Albuminuria,symptom-disease,2.06509
MESH:D001749,Albuminuria,symptom-disease,14.4556
MESH:D006502,Albuminuria,symptom-disease,2.06509
MESH:D019851,Albuminuria,symptom-disease,4.13017
MESH:D010505,Albuminuria,symptom-disease,14.4556
MESH:D008180,Albuminuria,symptom-disease,66.0828
MESH:D015470,Hemoglobinuria,symptom-disease,2.88352
MESH:D009101,Hemoglobinuria,symptom-disease,2.88352
MESH:D001943,Hemoglobinuria,symptom-disease,2.88352
MESH:D013274,Hemoglobinuria,symptom-disease,2.88352
MESH:D001749,Hemoglobinuria,symptom-disease,5.76704
MESH:D006502,Hemoglobinuria,symptom-disease,5.76704
MESH:D000741,Hemoglobinuria,symptom-disease,14.4176
MESH:D055728,Hemoglobinuria,symptom-disease,2.88352
MESH:D010505,Hemoglobinuria,symptom-disease,2.88352
MESH:D008180,Hemoglobinuria,symptom-disease,5.76704
MESH:D011471,Urinary_Bladder__Overactive,symptom-disease,21.26
MESH:D001749,Urinary_Bladder__Overactive,symptom-disease,3.54333
MESH:D054198,Urinary_Incontinence,symptom-disease,1.61753
MESH:D015470,Urinary_Incontinence,symptom-disease,4.85259
MESH:D005910,Urinary_Incontinence,symptom-disease,3.23506
MESH:D018288,Urinary_Incontinence,symptom-disease,3.23506
MESH:D009456,Urinary_Incontinence,symptom-disease,4.85259
MESH:D009101,Urinary_Incontinence,symptom-disease,1.61753
MESH:D001943,Urinary_Incontinence,symptom-disease,14.5578
MESH:D015179,Urinary_Incontinence,symptom-disease,1.61753
MESH:D010051,Urinary_Incontinence,symptom-disease,11.3227
MESH:D008175,Urinary_Incontinence,symptom-disease,1.61753
MESH:D011471,Urinary_Incontinence,symptom-disease,362.327
MESH:D001749,Urinary_Incontinence,symptom-disease,50.1434
MESH:D012415,Urinary_Incontinence,symptom-disease,1.61753
MESH:D001260,Urinary_Incontinence,symptom-disease,1.61753
MESH:D008180,Urinary_Incontinence,symptom-disease,3.23506
MESH:D001943,Urinary_Incontinence__Stress,symptom-disease,2.80218
MESH:D010051,Urinary_Incontinence__Stress,symptom-disease,5.60435
MESH:D011471,Urinary_Incontinence__Stress,symptom-disease,30.8239
MESH:D001749,Urinary_Incontinence__Stress,symptom-disease,16.8131
MESH:D011471,Urinary_Incontinence__Urge,symptom-disease,4.12785
MESH:D001749,Urinary_Incontinence__Urge,symptom-disease,8.25569
MESH:D010190,Urinoma,symptom-disease,5.12848
MESH:D001749,Urinoma,symptom-disease,5.12848
MESH:D015470,Virilism,symptom-disease,4.45411
MESH:D009396,Virilism,symptom-disease,2.22706
MESH:D011125,Virilism,symptom-disease,2.22706
MESH:D006528,Virilism,symptom-disease,4.45411
MESH:D001943,Virilism,symptom-disease,31.1788
MESH:D013274,Virilism,symptom-disease,6.68117
MESH:D010190,Virilism,symptom-disease,2.22706
MESH:D010051,Virilism,symptom-disease,681.479
MESH:D008175,Virilism,symptom-disease,4.45411
MESH:D016864,Virilism,symptom-disease,2.22706
MESH:D006502,Virilism,symptom-disease,2.22706
MESH:D000741,Virilism,symptom-disease,17.8164
MESH:D055728,Virilism,symptom-disease,4.45411
MESH:D009396,Hirsutism,symptom-disease,2.48372
MESH:D006528,Hirsutism,symptom-disease,4.96744
MESH:D001943,Hirsutism,symptom-disease,29.8047
MESH:D015179,Hirsutism,symptom-disease,2.48372
MESH:D013274,Hirsutism,symptom-disease,2.48372
MESH:D010190,Hirsutism,symptom-disease,9.93489
MESH:D010051,Hirsutism,symptom-disease,270.726
MESH:D008175,Hirsutism,symptom-disease,2.48372
MESH:D011471,Hirsutism,symptom-disease,4.96744
MESH:D006502,Hirsutism,symptom-disease,2.48372
MESH:D000741,Hirsutism,symptom-disease,2.48372
MESH:D055728,Hirsutism,symptom-disease,2.48372
MESH:D008180,Hirsutism,symptom-disease,4.96744
MESH:D015464,25,disease-gene,0
MESH:D018860,51816,disease-gene,0
MESH:C535729,103,disease-gene,0
MESH:C535607,103,disease-gene,0
MESH:C562618,210,disease-gene,0
MESH:D015179,324,disease-gene,0
MESH:C535944,324,disease-gene,0
MESH:D013274,324,disease-gene,0
MESH:D011125,324,disease-gene,0
MESH:D006528,324,disease-gene,0
MESH:D054429,23092,disease-gene,0
MESH:D009190,171023,disease-gene,0
MESH:C537419,171023,disease-gene,0
MESH:D001943,472,disease-gene,0
MESH:D001260,472,disease-gene,0
MESH:C563023,546,disease-gene,0
MESH:C538258,546,disease-gene,0
MESH:C537457,546,disease-gene,0
MESH:D015179,581,disease-gene,0
MESH:D054198,581,disease-gene,0
MESH:D015464,613,disease-gene,0
MESH:D054198,613,disease-gene,0
MESH:D001816,641,disease-gene,0
MESH:D015179,673,disease-gene,0
MESH:D009634,673,disease-gene,0
MESH:D008175,673,disease-gene,0
MESH:D000096142,673,disease-gene,0
MESH:C535579,673,disease-gene,0
MESH:D010190,675,disease-gene,0
MESH:D001943,675,disease-gene,0
MESH:D008527,675,disease-gene,0
MESH:C563980,675,disease-gene,0
MESH:D009396,675,disease-gene,0
MESH:D011471,675,disease-gene,0
MESH:D005910,675,disease-gene,0
MESH:D015179,699,disease-gene,0
MESH:D015179,701,disease-gene,0
MESH:C536987,701,disease-gene,0
MESH:D055728,811,disease-gene,0
MESH:D013922,811,disease-gene,0
MESH:D054429,867,disease-gene,0
MESH:D000096142,1029,disease-gene,0
MESH:C563985,1029,disease-gene,0
MESH:C536149,1029,disease-gene,0
MESH:D015470,1050,disease-gene,0
MESH:C536987,9702,disease-gene,0
MESH:C563755,11200,disease-gene,0
MESH:D012516,11200,disease-gene,0
MESH:D011471,11200,disease-gene,0
MESH:D015470,26511,disease-gene,0
MESH:D012415,1387,disease-gene,0
MESH:D019871,1736,disease-gene,0
MESH:D000081003,134218,disease-gene,0
MESH:D000080984,134218,disease-gene,0
MESH:D015470,1788,disease-gene,0
MESH:D012779,51626,disease-gene,0
MESH:C536227,1991,disease-gene,0
MESH:C565969,1991,disease-gene,0
MESH:D015179,2033,disease-gene,0
MESH:D012415,2033,disease-gene,0
MESH:D012415,2033,disease-gene,0
MESH:C537394,2065,disease-gene,0
MESH:C564369,2065,disease-gene,0
MESH:D015470,2120,disease-gene,0
MESH:C536695,2121,disease-gene,0
MESH:D004613,2121,disease-gene,0
MESH:C536695,132884,disease-gene,0
MESH:D004613,132884,disease-gene,0
MESH:C567691,2162,disease-gene,0
MESH:D019851,2162,disease-gene,0
MESH:C567688,2165,disease-gene,0
MESH:D005199,2175,disease-gene,0
MESH:D015470,2322,disease-gene,0
MESH:D054198,2322,disease-gene,0
MESH:C563551,2623,disease-gene,0
MESH:C564050,2623,disease-gene,0
MESH:D015470,2624,disease-gene,0
MESH:D009190,2624,disease-gene,0
MESH:C567748,2672,disease-gene,0
MESH:C564320,2672,disease-gene,0
MESH:D054198,2782,disease-gene,0
MESH:D009190,2782,disease-gene,0
MESH:C537592,10456,disease-gene,0
MESH:D005910,3417,disease-gene,0
MESH:C537343,64135,disease-gene,0
MESH:C535607,64135,disease-gene,0
MESH:D017074,10320,disease-gene,0
MESH:C536842,3717,disease-gene,0
MESH:D055728,3717,disease-gene,0
MESH:D013922,3717,disease-gene,0
MESH:D006502,3717,disease-gene,0
MESH:D011087,3717,disease-gene,0
MESH:D015470,3717,disease-gene,0
MESH:C563236,3815,disease-gene,0
MESH:D008415,3815,disease-gene,0
MESH:D015470,3815,disease-gene,0
MESH:D016116,3815,disease-gene,0
MESH:D046152,3815,disease-gene,0
MESH:D001943,3845,disease-gene,0
MESH:C535579,3845,disease-gene,0
MESH:D001749,3845,disease-gene,0
MESH:D013274,3845,disease-gene,0
MESH:D010190,3845,disease-gene,0
MESH:C537847,3845,disease-gene,0
MESH:D008175,3845,disease-gene,0
MESH:D015470,3845,disease-gene,0
MESH:D002538,3845,disease-gene,0
MESH:D054000,3845,disease-gene,0
MESH:C564694,3981,disease-gene,0
MESH:D009101,3981,disease-gene,0
MESH:D015470,4026,disease-gene,0
MESH:C536641,8216,disease-gene,0
MESH:C548081,8216,disease-gene,0
MESH:D009634,5604,disease-gene,0
MESH:C535579,5604,disease-gene,0
MESH:D008557,5604,disease-gene,0
MESH:C536494,8930,disease-gene,0
MESH:D010505,4210,disease-gene,0
MESH:D010505,4210,disease-gene,0
MESH:D055653,4292,disease-gene,0
MESH:C536928,4292,disease-gene,0
MESH:D055847,4292,disease-gene,0
MESH:D015470,8028,disease-gene,0
MESH:D013922,4352,disease-gene,0
MESH:D055728,4352,disease-gene,0
MESH:C535982,4352,disease-gene,0
MESH:D055653,4436,disease-gene,0
MESH:C537261,4436,disease-gene,0
MESH:D008258,4615,disease-gene,0
MESH:C567379,4615,disease-gene,0
MESH:D049932,4683,disease-gene,0
MESH:D000741,4683,disease-gene,0
MESH:D054198,4683,disease-gene,0
MESH:C537393,4763,disease-gene,0
MESH:D009456,4763,disease-gene,0
MESH:C563523,4763,disease-gene,0
MESH:D054429,4763,disease-gene,0
MESH:C565611,55505,disease-gene,0
MESH:D015470,4869,disease-gene,0
MESH:C580062,4893,disease-gene,0
MESH:D015179,4893,disease-gene,0
MESH:C537387,4893,disease-gene,0
MESH:D054000,4893,disease-gene,0
MESH:C548084,4893,disease-gene,0
MESH:C572845,4893,disease-gene,0
MESH:C536819,4893,disease-gene,0
MESH:D058495,64324,disease-gene,0
MESH:C567018,54888,disease-gene,0
MESH:D015473,4926,disease-gene,0
MESH:D015470,8021,disease-gene,0
MESH:D054198,8021,disease-gene,0
MESH:C563657,79728,disease-gene,0
MESH:D017681,5156,disease-gene,0
MESH:C562978,5159,disease-gene,0
MESH:C536653,5159,disease-gene,0
MESH:C536275,5159,disease-gene,0
MESH:C565054,5159,disease-gene,0
MESH:D015470,8301,disease-gene,0
MESH:C536729,9487,disease-gene,0
MESH:C567863,5290,disease-gene,0
MESH:D015179,5290,disease-gene,0
MESH:D001943,5290,disease-gene,0
MESH:D017492,5290,disease-gene,0
MESH:D013274,5290,disease-gene,0
MESH:C580062,5290,disease-gene,0
MESH:D008175,5290,disease-gene,0
MESH:D010051,5290,disease-gene,0
MESH:D006528,5290,disease-gene,0
MESH:C537327,5295,disease-gene,0
MESH:C562938,5781,disease-gene,0
MESH:D054429,5781,disease-gene,0
MESH:D009634,5781,disease-gene,0
MESH:D044542,5781,disease-gene,0
MESH:C548083,5894,disease-gene,0
MESH:C537117,5894,disease-gene,0
MESH:D015473,5914,disease-gene,0
MESH:D012175,5925,disease-gene,0
MESH:D012516,5925,disease-gene,0
MESH:D018288,5925,disease-gene,0
MESH:D001749,5925,disease-gene,0
MESH:D011038,9401,disease-gene,0
MESH:C535288,9401,disease-gene,0
MESH:C536788,9401,disease-gene,0
MESH:C563681,10535,disease-gene,0
MESH:C535607,79621,disease-gene,0
MESH:C563683,84153,disease-gene,0
MESH:C567254,6135,disease-gene,0
MESH:C567280,6165,disease-gene,0
MESH:C567650,6204,disease-gene,0
MESH:C535323,6208,disease-gene,0
MESH:C567281,6218,disease-gene,0
MESH:D029503,6223,disease-gene,0
MESH:C536355,6229,disease-gene,0
MESH:C567649,6231,disease-gene,0
MESH:C567253,6201,disease-gene,0
MESH:C563324,861,disease-gene,0
MESH:D015470,861,disease-gene,0
MESH:C566473,54809,disease-gene,0
MESH:C563233,219285,disease-gene,0
MESH:C535608,25939,disease-gene,0
MESH:D000741,51119,disease-gene,0
MESH:D000081003,51119,disease-gene,0
MESH:C565467,6335,disease-gene,0
MESH:C563475,6335,disease-gene,0
MESH:D004916,6335,disease-gene,0
MESH:C536632,26040,disease-gene,0
MESH:D009190,23451,disease-gene,0
MESH:C536842,10019,disease-gene,0
MESH:D055728,10019,disease-gene,0
MESH:D013922,10019,disease-gene,0
MESH:D015470,6455,disease-gene,0
MESH:D052536,6609,disease-gene,0
MESH:D052537,6609,disease-gene,0
MESH:C548082,6654,disease-gene,0
MESH:C548032,161742,disease-gene,0
MESH:D000081003,6729,disease-gene,0
MESH:D016114,412,disease-gene,0
MESH:D054198,6886,disease-gene,0
MESH:D054198,6887,disease-gene,0
MESH:D000361,6929,disease-gene,0
MESH:C564915,10312,disease-gene,0
MESH:C565079,7012,disease-gene,0
MESH:D000096142,7015,disease-gene,0
MESH:D054990,7015,disease-gene,0
MESH:D000741,7015,disease-gene,0
MESH:C565079,7015,disease-gene,0
MESH:D015470,7015,disease-gene,0
MESH:D009190,54790,disease-gene,0
MESH:D013922,7066,disease-gene,0
MESH:D015179,7157,disease-gene,0
MESH:D016864,7157,disease-gene,0
MESH:D000077274,7157,disease-gene,0
MESH:D001943,7157,disease-gene,0
MESH:C565972,7157,disease-gene,0
MESH:D010190,7157,disease-gene,0
MESH:D005910,7157,disease-gene,0
MESH:D012516,7157,disease-gene,0
MESH:D020288,7157,disease-gene,0
MESH:D006528,7157,disease-gene,0
MESH:C566007,11277,disease-gene,0
MESH:D008180,11277,disease-gene,0
MESH:C535924,11277,disease-gene,0
MESH:C535607,11277,disease-gene,0
MESH:C536329,7305,disease-gene,0
MESH:D014923,7454,disease-gene,0
MESH:C564539,7454,disease-gene,0
MESH:C564052,7454,disease-gene,0
MESH:D014923,7456,disease-gene,0
