source,target,type,subtype
RASGRF1,fu:ea3af571,gene_to_fu,
RASGRF2,fu:ea3af571,gene_to_fu,
DUSP10,fu:bd9bd64d,gene_to_fu,
DUSP1,fu:bd9bd64d,gene_to_fu,
DUSP2,fu:bd9bd64d,gene_to_fu,
DUSP4,fu:bd9bd64d,gene_to_fu,
DUSP5,fu:bd9bd64d,gene_to_fu,
DUSP6,fu:bd9bd64d,gene_to_fu,
DUSP7,fu:bd9bd64d,gene_to_fu,
DUSP8,fu:bd9bd64d,gene_to_fu,
DUSP9,fu:bd9bd64d,gene_to_fu,
DUSP16,fu:bd9bd64d,gene_to_fu,
DUSP3,fu:645ada17,gene_to_fu,
PTPN7,fu:645ada17,gene_to_fu,
PTPRR,fu:645ada17,gene_to_fu,
PTPN5,fu:645ada17,gene_to_fu,
PPM1B,fu:3c67a02d,gene_to_fu,
FASLG,fu:d4ebbf2b,gene_to_fu,
MAP4K4,fu:f0d46f11,gene_to_fu,
PLA2G4B,fu:0c2b138c,gene_to_fu,
PLA2G4E,fu:0c2b138c,gene_to_fu,
PLA2G4F,fu:0c2b138c,gene_to_fu,
PLA2G4D,fu:0c2b138c,gene_to_fu,
PLA2G4A,fu:0c2b138c,gene_to_fu,
PLA2G4C,fu:0c2b138c,gene_to_fu,
JMJD7-PLA2G4B,fu:0c2b138c,gene_to_fu,
STMN1,fu:e661480b,gene_to_fu,
MAPT,fu:7e702847,gene_to_fu,
NFKB1,fu:3c93b301,gene_to_fu,
NFKB2,fu:3c93b301,gene_to_fu,
RELA,fu:3c93b301,gene_to_fu,
RELB,fu:3c93b301,gene_to_fu,
CHUK,fu:523a744b,gene_to_fu,
IKBKB,fu:523a744b,gene_to_fu,
IKBKG,fu:523a744b,gene_to_fu,
MAP3K14,fu:b9ec221f,gene_to_fu,
MAPK1,fu:7c6d4d4a,gene_to_fu,
MAPK3,fu:7c6d4d4a,gene_to_fu,
LAMTOR3,fu:93eeec94,gene_to_fu,
MAP2K2,fu:4781eb07,gene_to_fu,
MAP2K1,fu:ee804b17,gene_to_fu,
RAF1,fu:5324c493,gene_to_fu,
BRAF,fu:7cec7b64,gene_to_fu,
RASA1,fu:30ad397b,gene_to_fu,
NF1,fu:3968d652,gene_to_fu,
PRKCA,fu:6fc31f40,gene_to_fu,
PRKCB,fu:6fc31f40,gene_to_fu,
PRKCG,fu:6fc31f40,gene_to_fu,
RAP1A,fu:5264ac6f,gene_to_fu,
RAP1B,fu:5264ac6f,gene_to_fu,
PRKACA,fu:0ddd2c17,gene_to_fu,
PRKACB,fu:0ddd2c17,gene_to_fu,
PRKACG,fu:0ddd2c17,gene_to_fu,
RAPGEF2,fu:cbc27d79,gene_to_fu,
RASA2,fu:7d8d1672,gene_to_fu,
RRAS2,fu:cb603216,gene_to_fu,
MRAS,fu:cb603216,gene_to_fu,
HRAS,fu:cb603216,gene_to_fu,
KRAS,fu:cb603216,gene_to_fu,
NRAS,fu:cb603216,gene_to_fu,
RRAS,fu:cb603216,gene_to_fu,
RASGRP1,fu:a6602c7f,gene_to_fu,
RASGRP2,fu:a6602c7f,gene_to_fu,
RASGRP4,fu:a6602c7f,gene_to_fu,
RASGRP3,fu:a6602c7f,gene_to_fu,
SOS1,fu:9bd0df30,gene_to_fu,
SOS2,fu:9bd0df30,gene_to_fu,
GNA12,fu:c3d880e8,gene_to_fu,
GNG12,fu:c3d880e8,gene_to_fu,
GRB2,fu:0d65318d,gene_to_fu,
CSF1R,fu:727cb396,gene_to_fu,
EGFR,fu:727cb396,gene_to_fu,
EPHA2,fu:727cb396,gene_to_fu,
ERBB2,fu:727cb396,gene_to_fu,
ERBB3,fu:727cb396,gene_to_fu,
ERBB4,fu:727cb396,gene_to_fu,
FGFR1,fu:727cb396,gene_to_fu,
FGFR3,fu:727cb396,gene_to_fu,
FGFR2,fu:727cb396,gene_to_fu,
FGFR4,fu:727cb396,gene_to_fu,
FLT1,fu:727cb396,gene_to_fu,
FLT3,fu:727cb396,gene_to_fu,
FLT4,fu:727cb396,gene_to_fu,
IGF1R,fu:727cb396,gene_to_fu,
INSR,fu:727cb396,gene_to_fu,
KDR,fu:727cb396,gene_to_fu,
KIT,fu:727cb396,gene_to_fu,
MET,fu:727cb396,gene_to_fu,
NGFR,fu:727cb396,gene_to_fu,
NTRK1,fu:727cb396,gene_to_fu,
NTRK2,fu:727cb396,gene_to_fu,
PDGFRA,fu:727cb396,gene_to_fu,
PDGFRB,fu:727cb396,gene_to_fu,
RET,fu:727cb396,gene_to_fu,
TEK,fu:727cb396,gene_to_fu,
CACNG3,fu:bd379c39,gene_to_fu,
CACNG2,fu:bd379c39,gene_to_fu,
CACNG5,fu:bd379c39,gene_to_fu,
CACNG4,fu:bd379c39,gene_to_fu,
CACNA2D3,fu:bd379c39,gene_to_fu,
CACNG8,fu:bd379c39,gene_to_fu,
CACNG7,fu:bd379c39,gene_to_fu,
CACNG6,fu:bd379c39,gene_to_fu,
CACNA1A,fu:bd379c39,gene_to_fu,
CACNA1B,fu:bd379c39,gene_to_fu,
CACNA1C,fu:bd379c39,gene_to_fu,
CACNA1D,fu:bd379c39,gene_to_fu,
CACNA1E,fu:bd379c39,gene_to_fu,
CACNA1F,fu:bd379c39,gene_to_fu,
CACNA1S,fu:bd379c39,gene_to_fu,
CACNA2D1,fu:bd379c39,gene_to_fu,
CACNB1,fu:bd379c39,gene_to_fu,
CACNB2,fu:bd379c39,gene_to_fu,
CACNB3,fu:bd379c39,gene_to_fu,
CACNB4,fu:bd379c39,gene_to_fu,
CACNG1,fu:bd379c39,gene_to_fu,
CACNA1I,fu:bd379c39,gene_to_fu,
CACNA1H,fu:bd379c39,gene_to_fu,
CACNA1G,fu:bd379c39,gene_to_fu,
CACNA2D2,fu:bd379c39,gene_to_fu,
CACNA2D4,fu:bd379c39,gene_to_fu,
NR4A1,fu:14d50a78,gene_to_fu,
MAPK7,fu:f05aba10,gene_to_fu,
MAP2K5,fu:faf1b7e0,gene_to_fu,
NLK,fu:db8a4a8a,gene_to_fu,
CDC25B,fu:e45fbd5c,gene_to_fu,
RPS6KA4,fu:b8ada536,gene_to_fu,
RPS6KA5,fu:b8ada536,gene_to_fu,
MAPKAPK3,fu:8c7ba104,gene_to_fu,
MAPKAPK2,fu:8c7ba104,gene_to_fu,
ATF4,fu:7bca3a7b,gene_to_fu,
MEF2C,fu:f101a6f1,gene_to_fu,
MAX,fu:45df5340,gene_to_fu,
DDIT3,fu:dda08e08,gene_to_fu,
ELK4,fu:0a37beb9,gene_to_fu,
TP53,fu:31725aa3,gene_to_fu,
ELK1,fu:5fde3828,gene_to_fu,
ATF2,fu:bfc9ae48,gene_to_fu,
MAPK14,fu:5800992d,gene_to_fu,
MAPK11,fu:5800992d,gene_to_fu,
MAPK13,fu:5800992d,gene_to_fu,
MAPK12,fu:5800992d,gene_to_fu,
PPP5C,fu:306b6021,gene_to_fu,
MAP2K6,fu:5e60e9dc,gene_to_fu,
MAP2K3,fu:416a5afd,gene_to_fu,
DUSP10,fu:da3df1ca,gene_to_fu,
DUSP2,fu:da3df1ca,gene_to_fu,
DUSP4,fu:da3df1ca,gene_to_fu,
DUSP5,fu:da3df1ca,gene_to_fu,
DUSP7,fu:da3df1ca,gene_to_fu,
DUSP8,fu:da3df1ca,gene_to_fu,
DUSP9,fu:da3df1ca,gene_to_fu,
DUSP16,fu:da3df1ca,gene_to_fu,
DUSP3,fu:7da6eba5,gene_to_fu,
PTPN7,fu:7da6eba5,gene_to_fu,
PTPRR,fu:7da6eba5,gene_to_fu,
PTPN5,fu:7da6eba5,gene_to_fu,
PPM1A,fu:5dc42453,gene_to_fu,
AKT3,fu:41203a8a,gene_to_fu,
AKT1,fu:41203a8a,gene_to_fu,
AKT2,fu:41203a8a,gene_to_fu,
TAOK3,fu:0c8f7154,gene_to_fu,
TAOK1,fu:0c8f7154,gene_to_fu,
TAOK2,fu:0c8f7154,gene_to_fu,
MAP3K4,fu:8cf03d63,gene_to_fu,
HSPB1,fu:6953fac9,gene_to_fu,
MAP3K7,fu:cabad419,gene_to_fu,
MAP3K5,fu:aacf07bb,gene_to_fu,
MAP3K6,fu:e9c5128e,gene_to_fu,
MAP3K20,fu:8ce177b4,gene_to_fu,
MAP3K12,fu:1ee1c600,gene_to_fu,
MAP3K13,fu:1ee1c600,gene_to_fu,
MAP3K9,fu:e7b77b07,gene_to_fu,
MAP3K10,fu:e7b77b07,gene_to_fu,
MAP3K21,fu:e7b77b07,gene_to_fu,
MAP4K2,fu:b8f9f795,gene_to_fu,
STK3,fu:b9db94ef,gene_to_fu,
STK4,fu:b9db94ef,gene_to_fu,
ECSIT,fu:3285e573,gene_to_fu,
TAB2,fu:545ebf7d,gene_to_fu,
TAB1,fu:d7d24a4c,gene_to_fu,
GADD45G,fu:41822415,gene_to_fu,
GADD45A,fu:41822415,gene_to_fu,
GADD45B,fu:41822415,gene_to_fu,
TRAF6,fu:4d346bcc,gene_to_fu,
DAXX,fu:02465256,gene_to_fu,
TRAF2,fu:af1b2d2f,gene_to_fu,
CASP3,fu:eda4acea,gene_to_fu,
CD14,fu:cec976f1,gene_to_fu,
TGFBR1,fu:e1dd59a5,gene_to_fu,
TGFBR2,fu:e1dd59a5,gene_to_fu,
FAS,fu:12950895,gene_to_fu,
IL1R1,fu:9274968e,gene_to_fu,
IL1RAP,fu:9274968e,gene_to_fu,
TNFRSF1A,fu:cb1c88d1,gene_to_fu,
TGFB1,fu:619d8916,gene_to_fu,
TGFB2,fu:619d8916,gene_to_fu,
TGFB3,fu:619d8916,gene_to_fu,
IL1A,fu:5b3ce1d9,gene_to_fu,
IL1B,fu:5b3ce1d9,gene_to_fu,
TNF,fu:93677f06,gene_to_fu,
MAPKAPK5,fu:9ac97dd2,gene_to_fu,
RAC1,fu:e2794b69,gene_to_fu,
RAC2,fu:e2794b69,gene_to_fu,
RAC3,fu:e2794b69,gene_to_fu,
CDC42,fu:e2794b69,gene_to_fu,
PAK1,fu:9a263ecd,gene_to_fu,
PAK2,fu:9a263ecd,gene_to_fu,
MAP3K2,fu:6dc0c7f6,gene_to_fu,
MAP3K3,fu:6dc0c7f6,gene_to_fu,
MAPK8IP2,fu:92589075,gene_to_fu,
MAPK8IP1,fu:92589075,gene_to_fu,
MAP3K11,fu:28d07664,gene_to_fu,
MAP2K7,fu:66672553,gene_to_fu,
MAPK8,fu:fefb3eac,gene_to_fu,
MAPK9,fu:fefb3eac,gene_to_fu,
MAPK10,fu:fefb3eac,gene_to_fu,
MAP2K4,fu:d7921de4,gene_to_fu,
CRK,fu:5d3f8d6d,gene_to_fu,
CRKL,fu:5d3f8d6d,gene_to_fu,
ARRB1,fu:05519816,gene_to_fu,
ARRB2,fu:05519816,gene_to_fu,
MECOM,fu:6a22a160,gene_to_fu,
HSPA1A,fu:5fff24cf,gene_to_fu,
HSPA1B,fu:5fff24cf,gene_to_fu,
HSPA1L,fu:5fff24cf,gene_to_fu,
HSPA6,fu:5fff24cf,gene_to_fu,
HSPA8,fu:5fff24cf,gene_to_fu,
JUND,fu:f5686479,gene_to_fu,
FOS,fu:1b813b45,gene_to_fu,
JUN,fu:1b813b45,gene_to_fu,
NFATC3,fu:55bfa81d,gene_to_fu,
NFATC1,fu:73b76124,gene_to_fu,
PPP3CA,fu:ff2e7a0f,gene_to_fu,
PPP3CB,fu:ff2e7a0f,gene_to_fu,
PPP3CC,fu:ff2e7a0f,gene_to_fu,
PPP3R1,fu:ff2e7a0f,gene_to_fu,
PPP3R2,fu:ff2e7a0f,gene_to_fu,
MAPK8IP3,fu:be5424aa,gene_to_fu,
FLNA,fu:d00c086a,gene_to_fu,
MAP3K1,fu:210acb65,gene_to_fu,
MAP3K8,fu:eadbb23d,gene_to_fu,
MAP4K1,fu:c7fdd986,gene_to_fu,
MAP4K3,fu:d0d79cd1,gene_to_fu,
FOS,fu:5926e68e,gene_to_fu,
SRF,fu:dc542d4d,gene_to_fu,
MYC,fu:fc6a389a,gene_to_fu,
ELK4,fu:f449b983,gene_to_fu,
ELK1,fu:7b593a5c,gene_to_fu,
ATF4,fu:f64183b7,gene_to_fu,
RPS6KA6,fu:99084968,gene_to_fu,
RPS6KA1,fu:99084968,gene_to_fu,
RPS6KA2,fu:99084968,gene_to_fu,
RPS6KA3,fu:99084968,gene_to_fu,
MKNK2,fu:642e62d6,gene_to_fu,
MKNK1,fu:642e62d6,gene_to_fu,
EFNA4-EFNA3,fu:0d329cca,gene_to_fu,
CSF1,fu:0d329cca,gene_to_fu,
EFNA1,fu:0d329cca,gene_to_fu,
EFNA2,fu:0d329cca,gene_to_fu,
EFNA3,fu:0d329cca,gene_to_fu,
EFNA4,fu:0d329cca,gene_to_fu,
EFNA5,fu:0d329cca,gene_to_fu,
EGF,fu:0d329cca,gene_to_fu,
EREG,fu:0d329cca,gene_to_fu,
FGF1,fu:0d329cca,gene_to_fu,
FGF2,fu:0d329cca,gene_to_fu,
FGF3,fu:0d329cca,gene_to_fu,
FGF4,fu:0d329cca,gene_to_fu,
FGF5,fu:0d329cca,gene_to_fu,
FGF6,fu:0d329cca,gene_to_fu,
FGF7,fu:0d329cca,gene_to_fu,
FGF8,fu:0d329cca,gene_to_fu,
FGF9,fu:0d329cca,gene_to_fu,
FGF10,fu:0d329cca,gene_to_fu,
VEGFD,fu:0d329cca,gene_to_fu,
FLT3LG,fu:0d329cca,gene_to_fu,
FGF20,fu:0d329cca,gene_to_fu,
FGF21,fu:0d329cca,gene_to_fu,
GDNF,fu:0d329cca,gene_to_fu,
FGF22,fu:0d329cca,gene_to_fu,
ANGPT1,fu:0d329cca,gene_to_fu,
ANGPT2,fu:0d329cca,gene_to_fu,
HGF,fu:0d329cca,gene_to_fu,
IGF1,fu:0d329cca,gene_to_fu,
IGF2,fu:0d329cca,gene_to_fu,
INS,fu:0d329cca,gene_to_fu,
AREG,fu:0d329cca,gene_to_fu,
KITLG,fu:0d329cca,gene_to_fu,
NGF,fu:0d329cca,gene_to_fu,
NRTN,fu:0d329cca,gene_to_fu,
NTF3,fu:0d329cca,gene_to_fu,
NTF4,fu:0d329cca,gene_to_fu,
ANGPT4,fu:0d329cca,gene_to_fu,
PDGFA,fu:0d329cca,gene_to_fu,
PDGFB,fu:0d329cca,gene_to_fu,
PGF,fu:0d329cca,gene_to_fu,
PDGFC,fu:0d329cca,gene_to_fu,
PSPN,fu:0d329cca,gene_to_fu,
BDNF,fu:0d329cca,gene_to_fu,
TGFA,fu:0d329cca,gene_to_fu,
VEGFA,fu:0d329cca,gene_to_fu,
VEGFB,fu:0d329cca,gene_to_fu,
VEGFC,fu:0d329cca,gene_to_fu,
PDGFD,fu:0d329cca,gene_to_fu,
FGF23,fu:0d329cca,gene_to_fu,
FGF18,fu:0d329cca,gene_to_fu,
FGF17,fu:0d329cca,gene_to_fu,
FGF16,fu:0d329cca,gene_to_fu,
ARTN,fu:0d329cca,gene_to_fu,
FGF19,fu:0d329cca,gene_to_fu,
TRADD,fu:fd78464d,gene_to_fu,
MYD88,fu:c2e0c4ae,gene_to_fu,
IRAK1,fu:622bda7f,gene_to_fu,
IRAK4,fu:622bda7f,gene_to_fu,
ARAF,fu:d0ad993a,gene_to_fu,
MAX,fu:0b389115,gene_to_fu,
MYC,fu:8f8c2fbf,gene_to_fu,
MAX,fu:8f8c2fbf,gene_to_fu,
SRF,fu:839c82c3,gene_to_fu,
ELK4,fu:839c82c3,gene_to_fu,
ELK1,fu:839c82c3,gene_to_fu,
fu:c3d880e8,fu:7d8d1672,protein_protein_interaction,activation
fu:cbc27d79,fu:cb603216,protein_protein_interaction,activation
fu:ea3af571,fu:cb603216,protein_protein_interaction,activation
fu:a6602c7f,fu:cb603216,protein_protein_interaction,activation
fu:5264ac6f,fu:7cec7b64,protein_protein_interaction,activation
fu:93677f06,fu:cb1c88d1,protein_protein_interaction,activation
fu:5b3ce1d9,fu:9274968e,protein_protein_interaction,activation
fu:d4ebbf2b,fu:12950895,protein_protein_interaction,activation
fu:619d8916,fu:e1dd59a5,protein_protein_interaction,activation
fu:12950895,fu:02465256,protein_protein_interaction,activation
fu:e1dd59a5,fu:02465256,protein_protein_interaction,activation
fu:0d65318d,fu:727cb396,protein_protein_interaction,binding/association
fu:9bd0df30,fu:0d65318d,protein_protein_interaction,binding/association
fu:545ebf7d,fu:4d346bcc,protein_protein_interaction,binding/association
fu:3285e573,fu:4d346bcc,protein_protein_interaction,binding/association
fu:dc542d4d,fu:7b593a5c,protein_protein_interaction,binding/association
fu:dc542d4d,fu:f449b983,protein_protein_interaction,binding/association
fu:93eeec94,fu:ee804b17,protein_protein_interaction,binding/association
fu:93eeec94,fu:4781eb07,protein_protein_interaction,binding/association
fu:7c6d4d4a,fu:93eeec94,protein_protein_interaction,binding/association
fu:92589075,fu:fefb3eac,protein_protein_interaction,binding/association
fu:92589075,fu:66672553,protein_protein_interaction,binding/association
fu:92589075,fu:28d07664,protein_protein_interaction,binding/association
fu:92589075,fu:c7fdd986,protein_protein_interaction,binding/association
fu:fefb3eac,fu:be5424aa,protein_protein_interaction,binding/association
fu:d7921de4,fu:be5424aa,protein_protein_interaction,binding/association
fu:66672553,fu:be5424aa,protein_protein_interaction,binding/association
fu:be5424aa,fu:210acb65,protein_protein_interaction,binding/association
fu:28d07664,fu:be5424aa,protein_protein_interaction,binding/association
fu:fefb3eac,fu:5d3f8d6d,protein_protein_interaction,binding/association
fu:d7921de4,fu:5d3f8d6d,protein_protein_interaction,binding/association
fu:d7921de4,fu:d00c086a,protein_protein_interaction,binding/association
fu:d7921de4,fu:05519816,protein_protein_interaction,binding/association
fu:0ddd2c17,fu:5264ac6f,protein_protein_interaction,phosphorylation
fu:6fc31f40,fu:cb603216,protein_protein_interaction,phosphorylation
fu:6fc31f40,fu:5324c493,protein_protein_interaction,phosphorylation
fu:9bd0df30,fu:cb603216,protein_protein_interaction,activation
fu:cb603216,fu:7cec7b64,protein_protein_interaction,activation
fu:cb603216,fu:5324c493,protein_protein_interaction,activation
fu:7cec7b64,fu:ee804b17,protein_protein_interaction,phosphorylation
fu:7cec7b64,fu:4781eb07,protein_protein_interaction,phosphorylation
fu:5324c493,fu:ee804b17,protein_protein_interaction,phosphorylation
fu:5324c493,fu:4781eb07,protein_protein_interaction,phosphorylation
fu:ee804b17,fu:7c6d4d4a,protein_protein_interaction,phosphorylation
fu:4781eb07,fu:7c6d4d4a,protein_protein_interaction,phosphorylation
fu:7c6d4d4a,fu:7e702847,protein_protein_interaction,phosphorylation
fu:7c6d4d4a,fu:e661480b,protein_protein_interaction,phosphorylation
fu:7c6d4d4a,fu:0c2b138c,protein_protein_interaction,phosphorylation
fu:7c6d4d4a,fu:642e62d6,protein_protein_interaction,phosphorylation
fu:7c6d4d4a,fu:99084968,protein_protein_interaction,phosphorylation
fu:7c6d4d4a,fu:7b593a5c,protein_protein_interaction,phosphorylation
fu:7c6d4d4a,fu:f449b983,protein_protein_interaction,phosphorylation
fu:642e62d6,fu:f64183b7,protein_protein_interaction,phosphorylation
fu:99084968,fu:f64183b7,protein_protein_interaction,phosphorylation
fu:7c6d4d4a,fu:8f8c2fbf,protein_protein_interaction,phosphorylation
fu:e2794b69,fu:210acb65,protein_protein_interaction,activation
fu:e2794b69,fu:9a263ecd,protein_protein_interaction,activation
fu:eda4acea,fu:b9db94ef,protein_protein_interaction,activation
fu:af1b2d2f,fu:b8f9f795,protein_protein_interaction,activation
fu:af1b2d2f,fu:aacf07bb,protein_protein_interaction,activation
fu:af1b2d2f,fu:210acb65,protein_protein_interaction,activation
fu:02465256,fu:aacf07bb,protein_protein_interaction,activation
fu:41822415,fu:8cf03d63,protein_protein_interaction,activation
fu:9a263ecd,fu:6dc0c7f6,protein_protein_interaction,phosphorylation
fu:c7fdd986,fu:28d07664,protein_protein_interaction,phosphorylation
fu:f0d46f11,fu:210acb65,protein_protein_interaction,phosphorylation
fu:d0d79cd1,fu:210acb65,protein_protein_interaction,phosphorylation
fu:1ee1c600,fu:66672553,protein_protein_interaction,phosphorylation
fu:e7b77b07,fu:66672553,protein_protein_interaction,phosphorylation
fu:8ce177b4,fu:66672553,protein_protein_interaction,phosphorylation
fu:aacf07bb,fu:416a5afd,protein_protein_interaction,phosphorylation
fu:aacf07bb,fu:5e60e9dc,protein_protein_interaction,phosphorylation
fu:cabad419,fu:b9ec221f,protein_protein_interaction,phosphorylation
fu:cabad419,fu:523a744b,protein_protein_interaction,phosphorylation
fu:cabad419,fu:416a5afd,protein_protein_interaction,phosphorylation
fu:cabad419,fu:5e60e9dc,protein_protein_interaction,phosphorylation
fu:cabad419,fu:db8a4a8a,protein_protein_interaction,phosphorylation
fu:e9c5128e,fu:416a5afd,protein_protein_interaction,phosphorylation
fu:e9c5128e,fu:5e60e9dc,protein_protein_interaction,phosphorylation
fu:416a5afd,fu:5800992d,protein_protein_interaction,phosphorylation
fu:5e60e9dc,fu:5800992d,protein_protein_interaction,phosphorylation
fu:5800992d,fu:bfc9ae48,protein_protein_interaction,phosphorylation
fu:5800992d,fu:5fde3828,protein_protein_interaction,phosphorylation
fu:5800992d,fu:31725aa3,protein_protein_interaction,phosphorylation
fu:5800992d,fu:0a37beb9,protein_protein_interaction,phosphorylation
fu:5800992d,fu:dda08e08,protein_protein_interaction,phosphorylation
fu:5800992d,fu:45df5340,protein_protein_interaction,phosphorylation
fu:5800992d,fu:f101a6f1,protein_protein_interaction,phosphorylation
fu:5800992d,fu:9ac97dd2,protein_protein_interaction,phosphorylation
fu:5800992d,fu:8c7ba104,protein_protein_interaction,phosphorylation
fu:5800992d,fu:b8ada536,protein_protein_interaction,phosphorylation
fu:5800992d,fu:e45fbd5c,protein_protein_interaction,phosphorylation
fu:9ac97dd2,fu:6953fac9,protein_protein_interaction,phosphorylation
fu:8c7ba104,fu:6953fac9,protein_protein_interaction,phosphorylation
fu:8c7ba104,fu:7bca3a7b,protein_protein_interaction,phosphorylation
fu:b8ada536,fu:7bca3a7b,protein_protein_interaction,phosphorylation
fu:faf1b7e0,fu:f05aba10,protein_protein_interaction,phosphorylation
fu:f05aba10,fu:14d50a78,protein_protein_interaction,phosphorylation
fu:eadbb23d,fu:b9ec221f,protein_protein_interaction,phosphorylation
fu:eadbb23d,fu:523a744b,protein_protein_interaction,phosphorylation
fu:eadbb23d,fu:ee804b17,protein_protein_interaction,phosphorylation
fu:eadbb23d,fu:4781eb07,protein_protein_interaction,phosphorylation
fu:210acb65,fu:523a744b,protein_protein_interaction,phosphorylation
fu:210acb65,fu:d7921de4,protein_protein_interaction,phosphorylation
fu:28d07664,fu:66672553,protein_protein_interaction,phosphorylation
fu:210acb65,fu:ee804b17,protein_protein_interaction,phosphorylation
fu:210acb65,fu:4781eb07,protein_protein_interaction,phosphorylation
fu:d7921de4,fu:fefb3eac,protein_protein_interaction,phosphorylation
fu:66672553,fu:fefb3eac,protein_protein_interaction,phosphorylation
fu:fefb3eac,fu:1b813b45,protein_protein_interaction,phosphorylation
fu:fefb3eac,fu:f5686479,protein_protein_interaction,phosphorylation
fu:fefb3eac,fu:5fde3828,protein_protein_interaction,phosphorylation
fu:fefb3eac,fu:31725aa3,protein_protein_interaction,phosphorylation
fu:fefb3eac,fu:73b76124,protein_protein_interaction,inhibition|phosphorylation
fu:fefb3eac,fu:55bfa81d,protein_protein_interaction,inhibition|phosphorylation
fu:ff2e7a0f,fu:73b76124,protein_protein_interaction,dephosphorylation
fu:41203a8a,fu:aacf07bb,protein_protein_interaction,inhibition|phosphorylation
fu:41203a8a,fu:d7921de4,protein_protein_interaction,inhibition|phosphorylation
fu:ff2e7a0f,fu:55bfa81d,protein_protein_interaction,dephosphorylation
fu:7d8d1672,fu:cb603216,protein_protein_interaction,inhibition
fu:3968d652,fu:cb603216,protein_protein_interaction,inhibition
fu:30ad397b,fu:cb603216,protein_protein_interaction,inhibition
fu:645ada17,fu:7c6d4d4a,protein_protein_interaction,inhibition|dephosphorylation
fu:bd9bd64d,fu:7c6d4d4a,protein_protein_interaction,inhibition|dephosphorylation
fu:da3df1ca,fu:fefb3eac,protein_protein_interaction,inhibition|dephosphorylation
fu:da3df1ca,fu:5800992d,protein_protein_interaction,inhibition|dephosphorylation
fu:7da6eba5,fu:fefb3eac,protein_protein_interaction,inhibition|dephosphorylation
fu:7da6eba5,fu:5800992d,protein_protein_interaction,inhibition|dephosphorylation
fu:5dc42453,fu:416a5afd,protein_protein_interaction,inhibition|dephosphorylation
fu:5dc42453,fu:5e60e9dc,protein_protein_interaction,inhibition|dephosphorylation
fu:5dc42453,fu:66672553,protein_protein_interaction,inhibition|dephosphorylation
fu:5dc42453,fu:d7921de4,protein_protein_interaction,inhibition|dephosphorylation
fu:306b6021,fu:aacf07bb,protein_protein_interaction,inhibition|dephosphorylation
fu:3c67a02d,fu:cabad419,protein_protein_interaction,inhibition|dephosphorylation
fu:6a22a160,fu:fefb3eac,protein_protein_interaction,inhibition
fu:5fff24cf,fu:fefb3eac,protein_protein_interaction,inhibition
fu:839c82c3,fu:5926e68e,gene_expression_regulation,expression
fu:cec976f1,fu:d7d24a4c,protein_protein_interaction,indirect effect
fu:b9ec221f,fu:3c93b301,protein_protein_interaction,indirect effect
fu:523a744b,fu:3c93b301,protein_protein_interaction,indirect effect
fu:bd379c39,fu:ea3af571,protein_protein_interaction,compound
fu:bd379c39,fu:a6602c7f,protein_protein_interaction,compound
fu:eda4acea,fu:9a263ecd,protein_protein_interaction,activation
fu:eda4acea,fu:210acb65,protein_protein_interaction,activation
fu:b9ec221f,fu:523a744b,protein_protein_interaction,phosphorylation
fu:d7d24a4c,fu:cabad419,protein_protein_interaction,activation
fu:545ebf7d,fu:cabad419,protein_protein_interaction,activation
fu:cb1c88d1,fu:fd78464d,protein_protein_interaction,
fu:fd78464d,fu:af1b2d2f,protein_protein_interaction,activation
fu:fd78464d,fu:eda4acea,protein_protein_interaction,activation|indirect effect
fu:9274968e,fu:c2e0c4ae,protein_protein_interaction,activation
fu:c2e0c4ae,fu:622bda7f,protein_protein_interaction,activation
fu:af1b2d2f,fu:d7d24a4c,protein_protein_interaction,activation
fu:622bda7f,fu:4d346bcc,protein_protein_interaction,activation|indirect effect
fu:4d346bcc,fu:d7d24a4c,protein_protein_interaction,binding/association
fu:0d329cca,fu:727cb396,protein_protein_interaction,activation
fu:cb603216,fu:d0ad993a,protein_protein_interaction,activation
fu:d0ad993a,fu:ee804b17,protein_protein_interaction,activation|phosphorylation
fu:d0ad993a,fu:4781eb07,protein_protein_interaction,activation|phosphorylation
fu:8cf03d63,fu:416a5afd,protein_protein_interaction,activation|phosphorylation
fu:8cf03d63,fu:5e60e9dc,protein_protein_interaction,activation|phosphorylation
fu:0c8f7154,fu:416a5afd,protein_protein_interaction,activation|phosphorylation
fu:0c8f7154,fu:5e60e9dc,protein_protein_interaction,activation|phosphorylation
fu:cb603216,fu:210acb65,protein_protein_interaction,
MIMAT0000680,FAS,mir_regulates_mrna,
MIMAT0002875,FAS,mir_regulates_mrna,
MIMAT0000456,FGFR2,mir_regulates_mrna,
MIMAT0002819,KIT,mir_regulates_mrna,
MIMAT0019025,KIT,mir_regulates_mrna,
MIMAT0000075,KIT,mir_regulates_mrna,
MIMAT0000263,KIT,mir_regulates_mrna,
MIMAT0000278,KIT,mir_regulates_mrna,
MIMAT0000456,KIT,mir_regulates_mrna,
MIMAT0000232,MET,mir_regulates_mrna,
MIMAT0000243,MET,mir_regulates_mrna,
MIMAT0004563,MET,mir_regulates_mrna,
MIMAT0000646,MET,mir_regulates_mrna,
MIMAT0019042,MET,mir_regulates_mrna,
MIMAT0019799,MET,mir_regulates_mrna,
MIMAT0000073,NF1,mir_regulates_mrna,
MIMAT0000074,NF1,mir_regulates_mrna,
MIMAT0000722,NF1,mir_regulates_mrna,
MIMAT0001629,GDNF,mir_regulates_mrna,
MIMAT0002171,GDNF,mir_regulates_mrna,
MIMAT0003221,GDNF,mir_regulates_mrna,
MIMAT0016854,GDNF,mir_regulates_mrna,
MIMAT0016860,GDNF,mir_regulates_mrna,
MIMAT0004495,GDNF,mir_regulates_mrna,
MIMAT0004597,GDNF,mir_regulates_mrna,
MIMAT0002879,GDNF,mir_regulates_mrna,
MIMAT0000073,TP53,mir_regulates_mrna,
MIMAT0004507,TP53,mir_regulates_mrna,
MIMAT0000245,TP53,mir_regulates_mrna,
MIMAT0000451,TP53,mir_regulates_mrna,
MIMAT0000761,TP53,mir_regulates_mrna,
MIMAT0005573,TP53,mir_regulates_mrna,
MIMAT0005876,TP53,mir_regulates_mrna,
MIMAT0022721,TP53,mir_regulates_mrna,
MIMAT0032029,TP53,mir_regulates_mrna,
MIMAT0016901,TP53,mir_regulates_mrna,
MIMAT0016916,TP53,mir_regulates_mrna,
MIMAT0019844,TP53,mir_regulates_mrna,
MIMAT0021129,TP53,mir_regulates_mrna,
MIMAT0022290,TP53,mir_regulates_mrna,
MIMAT0022496,TP53,mir_regulates_mrna,
MIMAT0024614,TP53,mir_regulates_mrna,
MIMAT0027402,TP53,mir_regulates_mrna,
MIMAT0027506,TP53,mir_regulates_mrna,
MIMAT0027572,TP53,mir_regulates_mrna,
MIMAT0028117,TP53,mir_regulates_mrna,
MIMAT0031012,TP53,mir_regulates_mrna,
MIMAT0000092,TP53,mir_regulates_mrna,
MIMAT0002175,TP53,mir_regulates_mrna,
MIMAT0003280,TP53,mir_regulates_mrna,
MIMAT0022938,TP53,mir_regulates_mrna,
MIMAT0005583,TP53,mir_regulates_mrna,
MIMAT0019862,TP53,mir_regulates_mrna,
MIMAT0021124,TP53,mir_regulates_mrna,
MIMAT0027456,TP53,mir_regulates_mrna,
MIMAT0027470,TP53,mir_regulates_mrna,
MIMAT0027666,TP53,mir_regulates_mrna,
MIMAT0028211,TP53,mir_regulates_mrna,
MIMAT0030998,TP53,mir_regulates_mrna,
MIMAT0004609,TP53,mir_regulates_mrna,
MIMAT0019047,TP53,mir_regulates_mrna,
MIMAT0024613,TP53,mir_regulates_mrna,
MIMAT0027494,TP53,mir_regulates_mrna,
MIMAT0000072,TP53,mir_regulates_mrna,
MIMAT0000074,TP53,mir_regulates_mrna,
MIMAT0004592,TP53,mir_regulates_mrna,
MIMAT0004671,TP53,mir_regulates_mrna,
MIMAT0019849,TP53,mir_regulates_mrna,
MIMAT0024617,TP53,mir_regulates_mrna,
MIMAT0004776,TP53,mir_regulates_mrna,
MIMAT0022741,TP53,mir_regulates_mrna,
MIMAT0027550,TP53,mir_regulates_mrna,
MIMAT0004697,TP53,mir_regulates_mrna,
MIMAT0021025,TP53,mir_regulates_mrna,
MIMAT0000080,IL1B,mir_regulates_mrna,
MIMAT0000070,TNF,mir_regulates_mrna,
MIMAT0000255,TNF,mir_regulates_mrna,
MIMAT0000232,HGF,mir_regulates_mrna,
MIMAT0005459,IGF2,mir_regulates_mrna,
MIMAT0006764,IGF2,mir_regulates_mrna,
MIMAT0018004,IGF2,mir_regulates_mrna,
MIMAT0027377,IGF2,mir_regulates_mrna,
MIMAT0027481,IGF2,mir_regulates_mrna,
MIMAT0027682,IGF2,mir_regulates_mrna,
MIMAT0000093,IGF2,mir_regulates_mrna,
MIMAT0004949,IGF2,mir_regulates_mrna,
MIMAT0005867,IGF2,mir_regulates_mrna,
MIMAT0019213,IGF2,mir_regulates_mrna,
MIMAT0015085,IGF2,mir_regulates_mrna,
MIMAT0027626,IGF2,mir_regulates_mrna,
MIMAT0000423,IGF2,mir_regulates_mrna,
MIMAT0005792,IGF2,mir_regulates_mrna,
MIMAT0018943,IGF2,mir_regulates_mrna,
MIMAT0000066,IGF1,mir_regulates_mrna,
MIMAT0000242,IGF1,mir_regulates_mrna,
MIMAT0004550,IGF1,mir_regulates_mrna,
MIMAT0004589,IGF1,mir_regulates_mrna,
MIMAT0000424,IGF1,mir_regulates_mrna,
MIMAT0004609,IGF1,mir_regulates_mrna,
MIMAT0001412,IGF1,mir_regulates_mrna,
MIMAT0002876,IGF1,mir_regulates_mrna,
MIMAT0026720,IGF1,mir_regulates_mrna,
MIMAT0014984,IGF1,mir_regulates_mrna,
MIMAT0018118,IGF1,mir_regulates_mrna,
MIMAT0018181,IGF1,mir_regulates_mrna,
MIMAT0018206,IGF1,mir_regulates_mrna,
MIMAT0019006,IGF1,mir_regulates_mrna,
MIMAT0019007,IGF1,mir_regulates_mrna,
MIMAT0019849,IGF1,mir_regulates_mrna,
MIMAT0023711,IGF1,mir_regulates_mrna,
MIMAT0024618,IGF1,mir_regulates_mrna,
MIMAT0025485,IGF1,mir_regulates_mrna,
MIMAT0027380,IGF1,mir_regulates_mrna,
MIMAT0027443,IGF1,mir_regulates_mrna,
MIMAT0027458,IGF1,mir_regulates_mrna,
MIMAT0027460,IGF1,mir_regulates_mrna,
MIMAT0027470,IGF1,mir_regulates_mrna,
MIMAT0027476,IGF1,mir_regulates_mrna,
MIMAT0027498,IGF1,mir_regulates_mrna,
MIMAT0027660,IGF1,mir_regulates_mrna,
MIMAT0027666,IGF1,mir_regulates_mrna,
MIMAT0027668,IGF1,mir_regulates_mrna,
MIMAT0028109,IGF1,mir_regulates_mrna,
MIMAT0030415,IGF1,mir_regulates_mrna,
MIMAT0030417,IGF1,mir_regulates_mrna,
MIMAT0030422,IGF1,mir_regulates_mrna,
MIMAT0004952,IGF1,mir_regulates_mrna,
MIMAT0016903,IGF1,mir_regulates_mrna,
MIMAT0025482,IGF1,mir_regulates_mrna,
MIMAT0027430,IGF1,mir_regulates_mrna,
MIMAT0027583,IGF1,mir_regulates_mrna,
MIMAT0027595,IGF1,mir_regulates_mrna,
MIMAT0027634,IGF1,mir_regulates_mrna,
MIMAT0002175,IGF1,mir_regulates_mrna,
MIMAT0003271,FASLG,mir_regulates_mrna,
MIMAT0000070,TGFB1,mir_regulates_mrna,
MIMAT0000103,TGFB1,mir_regulates_mrna,
MIMAT0019778,CACNA1B,mir_regulates_mrna,
MIMAT0000427,CACNA1C,mir_regulates_mrna,
MIMAT0015023,CACNA1C,mir_regulates_mrna,
MIMAT0015052,CACNA1C,mir_regulates_mrna,
MIMAT0016853,CACNA1C,mir_regulates_mrna,
MIMAT0016900,CACNA1C,mir_regulates_mrna,
MIMAT0018940,CACNA1C,mir_regulates_mrna,
MIMAT0019023,CACNA1C,mir_regulates_mrna,
MIMAT0019895,CACNA1C,mir_regulates_mrna,
MIMAT0027353,CACNA1C,mir_regulates_mrna,
MIMAT0027408,CACNA1C,mir_regulates_mrna,
MIMAT0027456,CACNA1C,mir_regulates_mrna,
MIMAT0027520,CACNA1C,mir_regulates_mrna,
MIMAT0027573,CACNA1C,mir_regulates_mrna,
MIMAT0028109,CACNA1C,mir_regulates_mrna,
MIMAT0000086,CACNA1C,mir_regulates_mrna,
MIMAT0019021,CACNA1C,mir_regulates_mrna,
MIMAT0021034,CACNA1C,mir_regulates_mrna,
MIMAT0019853,CACNA1C,mir_regulates_mrna,
MIMAT0000088,CACNA1E,mir_regulates_mrna,
MIMAT0004703,CACNA1E,mir_regulates_mrna,
MIMAT0027582,CACNA1E,mir_regulates_mrna,
MIMAT0003273,CACNA1E,mir_regulates_mrna,
MIMAT0005459,CACNA1E,mir_regulates_mrna,
MIMAT0004918,CACNA1E,mir_regulates_mrna,
MIMAT0019233,CACNA2D1,mir_regulates_mrna,
MIMAT0019977,CACNA2D1,mir_regulates_mrna,
MIMAT0019854,CACNA2D1,mir_regulates_mrna,
MIMAT0019849,CACNB1,mir_regulates_mrna,
MIMAT0015089,CACNB1,mir_regulates_mrna,
MIMAT0016901,CACNB1,mir_regulates_mrna,
MIMAT0019882,CACNB1,mir_regulates_mrna,
MIMAT0021128,CACNB1,mir_regulates_mrna,
MIMAT0027408,CACNB1,mir_regulates_mrna,
MIMAT0027470,CACNB1,mir_regulates_mrna,
MIMAT0027491,CACNB1,mir_regulates_mrna,
MIMAT0027507,CACNB1,mir_regulates_mrna,
MIMAT0027666,CACNB1,mir_regulates_mrna,
MIMAT0027675,CACNB1,mir_regulates_mrna,
MIMAT0004491,CACNB2,mir_regulates_mrna,
MIMAT0004492,CACNB2,mir_regulates_mrna,
MIMAT0000731,CACNB2,mir_regulates_mrna,
MIMAT0018971,CACNB2,mir_regulates_mrna,
MIMAT0019814,CACNB2,mir_regulates_mrna,
MIMAT0021124,CACNB2,mir_regulates_mrna,
MIMAT0022260,CACNB2,mir_regulates_mrna,
MIMAT0027426,CACNB2,mir_regulates_mrna,
MIMAT0027520,CACNB2,mir_regulates_mrna,
MIMAT0027614,CACNB2,mir_regulates_mrna,
MIMAT0027631,CACNB2,mir_regulates_mrna,
MIMAT0000069,CACNB2,mir_regulates_mrna,
MIMAT0016881,CACNB2,mir_regulates_mrna,
MIMAT0018349,CACNB2,mir_regulates_mrna,
MIMAT0027543,CACNB2,mir_regulates_mrna,
MIMAT0001080,CACNB3,mir_regulates_mrna,
MIMAT0000083,CACNB4,mir_regulates_mrna,
MIMAT0009206,CACNG1,mir_regulates_mrna,
MIMAT0019361,CACNG1,mir_regulates_mrna,
MIMAT0022714,CSF1,mir_regulates_mrna,
MIMAT0005871,CSF1,mir_regulates_mrna,
MIMAT0022273,CSF1,mir_regulates_mrna,
MIMAT0027688,CSF1,mir_regulates_mrna,
MIMAT0000454,CSF1,mir_regulates_mrna,
MIMAT0003945,CSF1,mir_regulates_mrna,
MIMAT0030422,CSF1,mir_regulates_mrna,
MIMAT0000422,FGF1,mir_regulates_mrna,
MIMAT0000756,FGF1,mir_regulates_mrna,
MIMAT0019050,FGF1,mir_regulates_mrna,
MIMAT0022293,FGF1,mir_regulates_mrna,
MIMAT0027358,FGF1,mir_regulates_mrna,
MIMAT0027539,FGF1,mir_regulates_mrna,
MIMAT0027655,FGF1,mir_regulates_mrna,
MIMAT0028116,FGF1,mir_regulates_mrna,
MIMAT0003256,FGF1,mir_regulates_mrna,
MIMAT0027032,FGF1,mir_regulates_mrna,
MIMAT0019928,FGF1,mir_regulates_mrna,
MIMAT0023694,FGF1,mir_regulates_mrna,
MIMAT0010195,IGF1R,mir_regulates_mrna,
MIMAT0000064,IGF1R,mir_regulates_mrna,
MIMAT0000066,IGF1R,mir_regulates_mrna,
MIMAT0000095,IGF1R,mir_regulates_mrna,
MIMAT0004564,IGF1R,mir_regulates_mrna,
MIMAT0004592,IGF1R,mir_regulates_mrna,
MIMAT0000427,IGF1R,mir_regulates_mrna,
MIMAT0000432,IGF1R,mir_regulates_mrna,
MIMAT0000455,IGF1R,mir_regulates_mrna,
MIMAT0003385,IGF1R,mir_regulates_mrna,
MIMAT0000720,IGF1R,mir_regulates_mrna,
MIMAT0004692,IGF1R,mir_regulates_mrna,
MIMAT0000770,IGF1R,mir_regulates_mrna,
MIMAT0002833,IGF1R,mir_regulates_mrna,
MIMAT0002856,IGF1R,mir_regulates_mrna,
MIMAT0002874,IGF1R,mir_regulates_mrna,
MIMAT0003163,IGF1R,mir_regulates_mrna,
MIMAT0003255,IGF1R,mir_regulates_mrna,
MIMAT0003294,IGF1R,mir_regulates_mrna,
MIMAT0003298,IGF1R,mir_regulates_mrna,
MIMAT0004948,IGF1R,mir_regulates_mrna,
MIMAT0005929,IGF1R,mir_regulates_mrna,
MIMAT0006767,IGF1R,mir_regulates_mrna,
MIMAT0026917,IGF1R,mir_regulates_mrna,
MIMAT0013517,IGF1R,mir_regulates_mrna,
MIMAT0019200,IGF1R,mir_regulates_mrna,
MIMAT0014988,IGF1R,mir_regulates_mrna,
MIMAT0015021,IGF1R,mir_regulates_mrna,
MIMAT0016881,IGF1R,mir_regulates_mrna,
MIMAT0018083,IGF1R,mir_regulates_mrna,
MIMAT0018980,IGF1R,mir_regulates_mrna,
MIMAT0019698,IGF1R,mir_regulates_mrna,
MIMAT0019721,IGF1R,mir_regulates_mrna,
MIMAT0019815,IGF1R,mir_regulates_mrna,
MIMAT0019838,IGF1R,mir_regulates_mrna,
MIMAT0019896,IGF1R,mir_regulates_mrna,
MIMAT0019953,IGF1R,mir_regulates_mrna,
MIMAT0019960,IGF1R,mir_regulates_mrna,
MIMAT0019978,IGF1R,mir_regulates_mrna,
MIMAT0022288,IGF1R,mir_regulates_mrna,
MIMAT0022491,IGF1R,mir_regulates_mrna,
MIMAT0024597,IGF1R,mir_regulates_mrna,
MIMAT0027363,IGF1R,mir_regulates_mrna,
MIMAT0027381,IGF1R,mir_regulates_mrna,
MIMAT0027391,IGF1R,mir_regulates_mrna,
MIMAT0027402,IGF1R,mir_regulates_mrna,
MIMAT0027429,IGF1R,mir_regulates_mrna,
MIMAT0027508,IGF1R,mir_regulates_mrna,
MIMAT0027535,IGF1R,mir_regulates_mrna,
MIMAT0027562,IGF1R,mir_regulates_mrna,
MIMAT0027640,IGF1R,mir_regulates_mrna,
MIMAT0027647,IGF1R,mir_regulates_mrna,
MIMAT0028118,IGF1R,mir_regulates_mrna,
MIMAT0028119,IGF1R,mir_regulates_mrna,
MIMAT0028212,IGF1R,mir_regulates_mrna,
MIMAT0028224,IGF1R,mir_regulates_mrna,
MIMAT0030998,IGF1R,mir_regulates_mrna,
MIMAT0031012,IGF1R,mir_regulates_mrna,
MIMAT0033692,IGF1R,mir_regulates_mrna,
MIMAT0000261,IGF1R,mir_regulates_mrna,
MIMAT0000415,IGF1R,mir_regulates_mrna,
MIMAT0000435,IGF1R,mir_regulates_mrna,
MIMAT0000437,IGF1R,mir_regulates_mrna,
MIMAT0002811,IGF1R,mir_regulates_mrna,
MIMAT0002834,IGF1R,mir_regulates_mrna,
MIMAT0002838,IGF1R,mir_regulates_mrna,
MIMAT0004794,IGF1R,mir_regulates_mrna,
MIMAT0003248,IGF1R,mir_regulates_mrna,
MIMAT0003299,IGF1R,mir_regulates_mrna,
MIMAT0022710,IGF1R,mir_regulates_mrna,
MIMAT0015002,IGF1R,mir_regulates_mrna,
MIMAT0016851,IGF1R,mir_regulates_mrna,
MIMAT0018978,IGF1R,mir_regulates_mrna,
MIMAT0019082,IGF1R,mir_regulates_mrna,
MIMAT0019847,IGF1R,mir_regulates_mrna,
MIMAT0021043,IGF1R,mir_regulates_mrna,
MIMAT0021045,IGF1R,mir_regulates_mrna,
MIMAT0025478,IGF1R,mir_regulates_mrna,
MIMAT0027425,IGF1R,mir_regulates_mrna,
MIMAT0027448,IGF1R,mir_regulates_mrna,
MIMAT0027549,IGF1R,mir_regulates_mrna,
MIMAT0027624,IGF1R,mir_regulates_mrna,
MIMAT0027686,IGF1R,mir_regulates_mrna,
MIMAT0028115,IGF1R,mir_regulates_mrna,
MIMAT0030413,IGF1R,mir_regulates_mrna,
MIMAT0031181,IGF1R,mir_regulates_mrna,
MIMAT0004515,KITLG,mir_regulates_mrna,
MIMAT0005457,KITLG,mir_regulates_mrna,
MIMAT0002862,KITLG,mir_regulates_mrna,
MIMAT0000265,PPP3R1,mir_regulates_mrna,
MIMAT0000268,PPP3R1,mir_regulates_mrna,
MIMAT0004780,PPP3R1,mir_regulates_mrna,
MIMAT0019895,PPP3R1,mir_regulates_mrna,
MIMAT0027370,PPP3R1,mir_regulates_mrna,
MIMAT0027427,PPP3R1,mir_regulates_mrna,
MIMAT0000762,CACNA1I,mir_regulates_mrna,
MIMAT0004762,CACNA2D2,mir_regulates_mrna,
MIMAT0025852,CACNA2D2,mir_regulates_mrna,
MIMAT0015024,CACNA2D2,mir_regulates_mrna,
MIMAT0015026,CACNA2D2,mir_regulates_mrna,
MIMAT0027448,CACNA2D2,mir_regulates_mrna,
MIMAT0004920,ERBB2,mir_regulates_mrna,
MIMAT0032026,ERBB2,mir_regulates_mrna,
MIMAT0015008,ERBB2,mir_regulates_mrna,
MIMAT0018090,ERBB2,mir_regulates_mrna,
MIMAT0027683,ERBB2,mir_regulates_mrna,
MIMAT0027402,ERBB3,mir_regulates_mrna,
MIMAT0027503,ERBB3,mir_regulates_mrna,
MIMAT0027553,ERBB3,mir_regulates_mrna,
MIMAT0028116,ERBB3,mir_regulates_mrna,
MIMAT0028117,ERBB3,mir_regulates_mrna,
MIMAT0005930,ERBB3,mir_regulates_mrna,
MIMAT0016863,ERBB3,mir_regulates_mrna,
MIMAT0022696,ERBB3,mir_regulates_mrna,
MIMAT0000760,ERBB3,mir_regulates_mrna,
MIMAT0018944,RPS6KA1,mir_regulates_mrna,
MIMAT0019720,RPS6KA1,mir_regulates_mrna,
MIMAT0019896,RPS6KA2,mir_regulates_mrna,
MIMAT0027550,RPS6KA2,mir_regulates_mrna,
MIMAT0004982,RPS6KA2,mir_regulates_mrna,
MIMAT0021033,RPS6KA2,mir_regulates_mrna,
MIMAT0015052,RPS6KA2,mir_regulates_mrna,
MIMAT0027038,RPS6KA2,mir_regulates_mrna,
MIMAT0015023,RPS6KA4,mir_regulates_mrna,
MIMAT0018190,RPS6KA4,mir_regulates_mrna,
MIMAT0019015,RPS6KA4,mir_regulates_mrna,
MIMAT0022491,RPS6KA4,mir_regulates_mrna,
MIMAT0002830,RPS6KA4,mir_regulates_mrna,
MIMAT0003292,RPS6KA4,mir_regulates_mrna,
MIMAT0005929,RPS6KA4,mir_regulates_mrna,
MIMAT0019715,RPS6KA4,mir_regulates_mrna,
MIMAT0019939,RPS6KA4,mir_regulates_mrna,
MIMAT0027426,RPS6KA4,mir_regulates_mrna,
MIMAT0027526,RPS6KA4,mir_regulates_mrna,
MIMAT0027550,RPS6KA4,mir_regulates_mrna,
MIMAT0027662,RPS6KA4,mir_regulates_mrna,
MIMAT0028119,RPS6KA4,mir_regulates_mrna,
MIMAT0000422,RPS6KA4,mir_regulates_mrna,
MIMAT0019737,RPS6KA4,mir_regulates_mrna,
MIMAT0027470,RPS6KA4,mir_regulates_mrna,
MIMAT0027614,RPS6KA4,mir_regulates_mrna,
MIMAT0027666,RPS6KA4,mir_regulates_mrna,
MIMAT0027672,RPS6KA4,mir_regulates_mrna,
MIMAT0000265,NTRK2,mir_regulates_mrna,
MIMAT0000617,NTRK2,mir_regulates_mrna,
MIMAT0000765,NTRK2,mir_regulates_mrna,
MIMAT0000072,RAP1A,mir_regulates_mrna,
MIMAT0004595,RAP1A,mir_regulates_mrna,
MIMAT0002830,RAP1A,mir_regulates_mrna,
MIMAT0004794,RAP1A,mir_regulates_mrna,
MIMAT0019908,RAP1A,mir_regulates_mrna,
MIMAT0025841,RAP1A,mir_regulates_mrna,
MIMAT0027400,RAP1A,mir_regulates_mrna,
MIMAT0027544,RAP1A,mir_regulates_mrna,
MIMAT0030986,RAP1A,mir_regulates_mrna,
MIMAT0000066,RAP1A,mir_regulates_mrna,
MIMAT0027443,RAP1A,mir_regulates_mrna,
MIMAT0000717,RAP1A,mir_regulates_mrna,
MIMAT0000098,RAP1B,mir_regulates_mrna,
MIMAT0000099,RAP1B,mir_regulates_mrna,
MIMAT0026474,RAP1B,mir_regulates_mrna,
MIMAT0000244,RAP1B,mir_regulates_mrna,
MIMAT0000250,RAP1B,mir_regulates_mrna,
MIMAT0000420,RAP1B,mir_regulates_mrna,
MIMAT0001339,RAP1B,mir_regulates_mrna,
MIMAT0002821,RAP1B,mir_regulates_mrna,
MIMAT0014999,RAP1B,mir_regulates_mrna,
MIMAT0018074,RAP1B,mir_regulates_mrna,
MIMAT0018984,RAP1B,mir_regulates_mrna,
MIMAT0019031,RAP1B,mir_regulates_mrna,
MIMAT0000084,RAP1B,mir_regulates_mrna,
MIMAT0022844,RAP1B,mir_regulates_mrna,
MIMAT0000419,RAP1B,mir_regulates_mrna,
MIMAT0002877,RAP1B,mir_regulates_mrna,
MIMAT0017986,RAP1B,mir_regulates_mrna,
MIMAT0018109,RAP1B,mir_regulates_mrna,
MIMAT0022736,RAP1B,mir_regulates_mrna,
MIMAT0027667,RAP1B,mir_regulates_mrna,
MIMAT0000255,AKT1,mir_regulates_mrna,
MIMAT0000756,AKT1,mir_regulates_mrna,
MIMAT0027633,AKT1,mir_regulates_mrna,
MIMAT0027549,AKT1,mir_regulates_mrna,
MIMAT0004609,AKT1,mir_regulates_mrna,
MIMAT0027429,AKT1,mir_regulates_mrna,
MIMAT0000092,TGFBR2,mir_regulates_mrna,
MIMAT0000680,TGFBR2,mir_regulates_mrna,
MIMAT0015004,TGFBR2,mir_regulates_mrna,
MIMAT0019363,TGFBR2,mir_regulates_mrna,
MIMAT0019855,TGFBR2,mir_regulates_mrna,
MIMAT0027516,TGFBR2,mir_regulates_mrna,
MIMAT0027536,TGFBR2,mir_regulates_mrna,
MIMAT0027634,TGFBR2,mir_regulates_mrna,
MIMAT0000255,TGFBR2,mir_regulates_mrna,
MIMAT0018088,TGFBR2,mir_regulates_mrna,
MIMAT0027416,TGFBR2,mir_regulates_mrna,
MIMAT0000222,IRAK1,mir_regulates_mrna,
MIMAT0000255,VEGFA,mir_regulates_mrna,
MIMAT0004598,VEGFA,mir_regulates_mrna,
MIMAT0000680,VEGFA,mir_regulates_mrna,
MIMAT0000685,VEGFA,mir_regulates_mrna,
MIMAT0000738,VEGFA,mir_regulates_mrna,
MIMAT0002875,VEGFA,mir_regulates_mrna,
MIMAT0018083,VEGFA,mir_regulates_mrna,
MIMAT0018357,VEGFA,mir_regulates_mrna,
MIMAT0027396,VEGFA,mir_regulates_mrna,
MIMAT0027418,VEGFA,mir_regulates_mrna,
MIMAT0027486,VEGFA,mir_regulates_mrna,
MIMAT0027620,VEGFA,mir_regulates_mrna,
MIMAT0027643,VEGFA,mir_regulates_mrna,
MIMAT0027650,VEGFA,mir_regulates_mrna,
MIMAT0033692,VEGFA,mir_regulates_mrna,
MIMAT0000069,VEGFA,mir_regulates_mrna,
MIMAT0000443,VEGFA,mir_regulates_mrna,
MIMAT0005883,VEGFA,mir_regulates_mrna,
MIMAT0022724,VEGFA,mir_regulates_mrna,
MIMAT0012735,VEGFA,mir_regulates_mrna,
MIMAT0014989,VEGFA,mir_regulates_mrna,
MIMAT0022487,VEGFA,mir_regulates_mrna,
MIMAT0027391,VEGFA,mir_regulates_mrna,
MIMAT0027412,VEGFA,mir_regulates_mrna,
MIMAT0027432,VEGFA,mir_regulates_mrna,
MIMAT0027646,VEGFA,mir_regulates_mrna,
MIMAT0000075,VEGFA,mir_regulates_mrna,
MIMAT0000251,VEGFA,mir_regulates_mrna,
MIMAT0000461,VEGFA,mir_regulates_mrna,
MIMAT0004602,VEGFA,mir_regulates_mrna,
MIMAT0000680,PPM1B,mir_regulates_mrna,
MIMAT0004493,CDC42,mir_regulates_mrna,
MIMAT0004509,CDC42,mir_regulates_mrna,
MIMAT0000104,CDC42,mir_regulates_mrna,
MIMAT0000273,CDC42,mir_regulates_mrna,
MIMAT0000281,CDC42,mir_regulates_mrna,
MIMAT0000427,CDC42,mir_regulates_mrna,
MIMAT0000455,CDC42,mir_regulates_mrna,
MIMAT0000680,CDC42,mir_regulates_mrna,
MIMAT0000770,CDC42,mir_regulates_mrna,
MIMAT0002174,CDC42,mir_regulates_mrna,
MIMAT0000265,CDC42,mir_regulates_mrna,
MIMAT0000751,CDC42,mir_regulates_mrna,
MIMAT0004761,MAPK3,mir_regulates_mrna,
MIMAT0004748,MAPK8IP3,mir_regulates_mrna,
MIMAT0021039,MAPK8IP3,mir_regulates_mrna,
MIMAT0022294,MAPK8IP3,mir_regulates_mrna,
MIMAT0027454,MAPK8IP3,mir_regulates_mrna,
MIMAT0027587,MAPK8IP3,mir_regulates_mrna,
MIMAT0015080,MAPK8IP3,mir_regulates_mrna,
MIMAT0019041,MAPK8IP3,mir_regulates_mrna,
MIMAT0022491,MAPK8IP3,mir_regulates_mrna,
MIMAT0023252,MAPK8IP3,mir_regulates_mrna,
MIMAT0027678,MAPK8IP3,mir_regulates_mrna,
MIMAT0000278,ERBB4,mir_regulates_mrna,
MIMAT0000449,ERBB4,mir_regulates_mrna,
MIMAT0003322,MRAS,mir_regulates_mrna,
MIMAT0017981,MRAS,mir_regulates_mrna,
MIMAT0019043,MRAS,mir_regulates_mrna,
MIMAT0021123,MRAS,mir_regulates_mrna,
MIMAT0027456,MRAS,mir_regulates_mrna,
MIMAT0023694,MRAS,mir_regulates_mrna,
MIMAT0000092,TGFA,mir_regulates_mrna,
MIMAT0000762,TGFA,mir_regulates_mrna,
MIMAT0002876,TGFA,mir_regulates_mrna,
MIMAT0015077,TGFA,mir_regulates_mrna,
MIMAT0019806,TGFA,mir_regulates_mrna,
MIMAT0019885,TGFA,mir_regulates_mrna,
MIMAT0021022,TGFA,mir_regulates_mrna,
MIMAT0027414,TGFA,mir_regulates_mrna,
MIMAT0027591,TGFA,mir_regulates_mrna,
MIMAT0027647,TGFA,mir_regulates_mrna,
MIMAT0000438,TGFA,mir_regulates_mrna,
MIMAT0027378,TGFA,mir_regulates_mrna,
MIMAT0027528,TGFA,mir_regulates_mrna,
MIMAT0019847,TGFA,mir_regulates_mrna,
MIMAT0009451,TGFA,mir_regulates_mrna,
MIMAT0004701,IKBKG,mir_regulates_mrna,
MIMAT0024610,IKBKG,mir_regulates_mrna,
MIMAT0024614,IKBKG,mir_regulates_mrna,
MIMAT0024617,IKBKG,mir_regulates_mrna,
MIMAT0019868,IKBKG,mir_regulates_mrna,
MIMAT0027646,IKBKG,mir_regulates_mrna,
MIMAT0004517,RRAS2,mir_regulates_mrna,
MIMAT0015035,RRAS2,mir_regulates_mrna,
MIMAT0004599,ELK1,mir_regulates_mrna,
MIMAT0004602,ELK1,mir_regulates_mrna,
MIMAT0026612,ELK1,mir_regulates_mrna,
MIMAT0022939,ELK1,mir_regulates_mrna,
MIMAT0011161,ELK1,mir_regulates_mrna,
MIMAT0018072,ELK1,mir_regulates_mrna,
MIMAT0018937,ELK1,mir_regulates_mrna,
MIMAT0018985,ELK1,mir_regulates_mrna,
MIMAT0019033,ELK1,mir_regulates_mrna,
MIMAT0019077,ELK1,mir_regulates_mrna,
MIMAT0019723,ELK1,mir_regulates_mrna,
MIMAT0019820,ELK1,mir_regulates_mrna,
MIMAT0025462,ELK1,mir_regulates_mrna,
MIMAT0028112,ELK1,mir_regulates_mrna,
MIMAT0000451,ELK1,mir_regulates_mrna,
MIMAT0004780,ELK1,mir_regulates_mrna,
MIMAT0005573,ELK1,mir_regulates_mrna,
MIMAT0027027,ELK1,mir_regulates_mrna,
MIMAT0018945,ELK1,mir_regulates_mrna,
MIMAT0000070,IRAK4,mir_regulates_mrna,
MIMAT0000075,IRAK4,mir_regulates_mrna,
MIMAT0000103,IRAK4,mir_regulates_mrna,
MIMAT0000451,IRAK4,mir_regulates_mrna,
MIMAT0000684,IRAK4,mir_regulates_mrna,
MIMAT0000715,IRAK4,mir_regulates_mrna,
MIMAT0000722,IRAK4,mir_regulates_mrna,
MIMAT0001413,IRAK4,mir_regulates_mrna,
MIMAT0004809,IRAK4,mir_regulates_mrna,
MIMAT0004952,IRAK4,mir_regulates_mrna,
MIMAT0004983,IRAK4,mir_regulates_mrna,
MIMAT0005871,IRAK4,mir_regulates_mrna,
MIMAT0022720,IRAK4,mir_regulates_mrna,
MIMAT0007883,IRAK4,mir_regulates_mrna,
MIMAT0019208,IRAK4,mir_regulates_mrna,
MIMAT0016889,IRAK4,mir_regulates_mrna,
MIMAT0018206,IRAK4,mir_regulates_mrna,
MIMAT0019006,IRAK4,mir_regulates_mrna,
MIMAT0019913,IRAK4,mir_regulates_mrna,
MIMAT0025481,IRAK4,mir_regulates_mrna,
MIMAT0025844,IRAK4,mir_regulates_mrna,
MIMAT0027457,IRAK4,mir_regulates_mrna,
MIMAT0027668,IRAK4,mir_regulates_mrna,
MIMAT0027686,IRAK4,mir_regulates_mrna,
MIMAT0027687,IRAK4,mir_regulates_mrna,
MIMAT0028111,IRAK4,mir_regulates_mrna,
MIMAT0028214,IRAK4,mir_regulates_mrna,
MIMAT0030426,IRAK4,mir_regulates_mrna,
MIMAT0019853,IRAK4,mir_regulates_mrna,
MIMAT0019927,IRAK4,mir_regulates_mrna,
MIMAT0025854,IRAK4,mir_regulates_mrna,
MIMAT0027516,IRAK4,mir_regulates_mrna,
MIMAT0000423,ANGPT2,mir_regulates_mrna,
MIMAT0002858,MAPT,mir_regulates_mrna,
MIMAT0005457,MAPT,mir_regulates_mrna,
MIMAT0002867,MAPT,mir_regulates_mrna,
MIMAT0002862,MAPT,mir_regulates_mrna,
MIMAT0004911,MAPT,mir_regulates_mrna,
MIMAT0011163,MAPT,mir_regulates_mrna,
MIMAT0011775,MAPT,mir_regulates_mrna,
MIMAT0018201,MAPT,mir_regulates_mrna,
MIMAT0019066,MAPT,mir_regulates_mrna,
MIMAT0019965,MAPT,mir_regulates_mrna,
MIMAT0019971,MAPT,mir_regulates_mrna,
MIMAT0027673,MAPT,mir_regulates_mrna,
MIMAT0014987,MAPT,mir_regulates_mrna,
MIMAT0019210,MAPT,mir_regulates_mrna,
MIMAT0019927,MAPT,mir_regulates_mrna,
MIMAT0022256,RASGRP1,mir_regulates_mrna,
MIMAT0019761,RASGRP1,mir_regulates_mrna,
MIMAT0022282,RASGRP1,mir_regulates_mrna,
MIMAT0015035,RASGRP1,mir_regulates_mrna,
MIMAT0000083,PAK1,mir_regulates_mrna,
MIMAT0000244,PAK1,mir_regulates_mrna,
MIMAT0000252,PAK1,mir_regulates_mrna,
MIMAT0000273,PAK1,mir_regulates_mrna,
MIMAT0000065,TGFBR1,mir_regulates_mrna,
MIMAT0000099,TGFBR1,mir_regulates_mrna,
MIMAT0022693,TGFBR1,mir_regulates_mrna,
MIMAT0000424,TGFBR1,mir_regulates_mrna,
MIMAT0002806,TGFBR1,mir_regulates_mrna,
MIMAT0015030,TGFBR1,mir_regulates_mrna,
MIMAT0019014,TGFBR1,mir_regulates_mrna,
MIMAT0019776,TGFBR1,mir_regulates_mrna,
MIMAT0027367,TGFBR1,mir_regulates_mrna,
MIMAT0027467,TGFBR1,mir_regulates_mrna,
MIMAT0027491,TGFBR1,mir_regulates_mrna,
MIMAT0027604,TGFBR1,mir_regulates_mrna,
MIMAT0031010,TGFBR1,mir_regulates_mrna,
MIMAT0000265,TGFBR1,mir_regulates_mrna,
MIMAT0000075,TGFBR1,mir_regulates_mrna,
MIMAT0022939,TGFBR1,mir_regulates_mrna,
MIMAT0019707,TGFBR1,mir_regulates_mrna,
MIMAT0000419,TGFBR1,mir_regulates_mrna,
MIMAT0000425,TGFBR1,mir_regulates_mrna,
MIMAT0018202,TGFBR1,mir_regulates_mrna,
MIMAT0019703,TGFBR1,mir_regulates_mrna,
MIMAT0027562,TGFBR1,mir_regulates_mrna,
MIMAT0000063,MEF2C,mir_regulates_mrna,
MIMAT0000271,MEF2C,mir_regulates_mrna,
MIMAT0000092,MEF2C,mir_regulates_mrna,
MIMAT0000070,MAPK9,mir_regulates_mrna,
MIMAT0000103,MAPK9,mir_regulates_mrna,
MIMAT0000680,MAPK9,mir_regulates_mrna,
MIMAT0018004,MAPK9,mir_regulates_mrna,
MIMAT0000222,MAPK9,mir_regulates_mrna,
MIMAT0000093,MAPK9,mir_regulates_mrna,
MIMAT0000232,MAPK9,mir_regulates_mrna,
MIMAT0019692,MAPK9,mir_regulates_mrna,
MIMAT0000075,MAPK9,mir_regulates_mrna,
MIMAT0001413,MAPK9,mir_regulates_mrna,
MIMAT0000231,TGFB2,mir_regulates_mrna,
MIMAT0004587,TGFB2,mir_regulates_mrna,
MIMAT0001339,TGFB2,mir_regulates_mrna,
MIMAT0018926,TGFB2,mir_regulates_mrna,
MIMAT0018082,TGFB2,mir_regulates_mrna,
MIMAT0018927,TGFB2,mir_regulates_mrna,
MIMAT0018932,TGFB2,mir_regulates_mrna,
MIMAT0018984,TGFB2,mir_regulates_mrna,
MIMAT0021041,TGFB2,mir_regulates_mrna,
MIMAT0003288,TGFB2,mir_regulates_mrna,
MIMAT0018119,TGFB2,mir_regulates_mrna,
MIMAT0019233,TGFB2,mir_regulates_mrna,
MIMAT0000080,RASGRP3,mir_regulates_mrna,
MIMAT0004784,RASGRP3,mir_regulates_mrna,
MIMAT0004927,RASGRP3,mir_regulates_mrna,
MIMAT0018956,RASGRP3,mir_regulates_mrna,
MIMAT0027103,PPP3CB,mir_regulates_mrna,
MIMAT0003385,ECSIT,mir_regulates_mrna,
MIMAT0004984,ECSIT,mir_regulates_mrna,
MIMAT0000256,BDNF,mir_regulates_mrna,
MIMAT0000259,BDNF,mir_regulates_mrna,
MIMAT0000422,BDNF,mir_regulates_mrna,
MIMAT0000265,BDNF,mir_regulates_mrna,
MIMAT0000095,BDNF,mir_regulates_mrna,
MIMAT0005913,RELA,mir_regulates_mrna,
MIMAT0015028,RELA,mir_regulates_mrna,
MIMAT0016853,RELA,mir_regulates_mrna,
MIMAT0022736,RELA,mir_regulates_mrna,
MIMAT0018952,RELA,mir_regulates_mrna,
MIMAT0023702,RELA,mir_regulates_mrna,
MIMAT0000278,STMN1,mir_regulates_mrna,
MIMAT0004767,STMN1,mir_regulates_mrna,
MIMAT0018949,STMN1,mir_regulates_mrna,
MIMAT0019921,STMN1,mir_regulates_mrna,
MIMAT0025482,STMN1,mir_regulates_mrna,
MIMAT0027357,STMN1,mir_regulates_mrna,
MIMAT0027439,STMN1,mir_regulates_mrna,
MIMAT0004513,STMN1,mir_regulates_mrna,
MIMAT0003298,STMN1,mir_regulates_mrna,
MIMAT0019820,STMN1,mir_regulates_mrna,
MIMAT0019841,STMN1,mir_regulates_mrna,
MIMAT0027415,STMN1,mir_regulates_mrna,
MIMAT0000099,STMN1,mir_regulates_mrna,
MIMAT0002174,STMN1,mir_regulates_mrna,
MIMAT0019938,STMN1,mir_regulates_mrna,
MIMAT0027635,STMN1,mir_regulates_mrna,
MIMAT0002173,RASGRF1,mir_regulates_mrna,
MIMAT0000098,FLT1,mir_regulates_mrna,
MIMAT0002827,FLT1,mir_regulates_mrna,
MIMAT0002829,FLT1,mir_regulates_mrna,
MIMAT0000430,NFKB1,mir_regulates_mrna,
MIMAT0026613,IL1RAP,mir_regulates_mrna,
MIMAT0005583,IL1RAP,mir_regulates_mrna,
MIMAT0000450,MYD88,mir_regulates_mrna,
MIMAT0000271,FGFR1,mir_regulates_mrna,
MIMAT0000455,FGFR1,mir_regulates_mrna,
MIMAT0000690,FGFR1,mir_regulates_mrna,
MIMAT0004945,FGFR1,mir_regulates_mrna,
MIMAT0022720,FGFR1,mir_regulates_mrna,
MIMAT0032029,FGFR1,mir_regulates_mrna,
MIMAT0005939,FGFR1,mir_regulates_mrna,
MIMAT0019047,FGFR1,mir_regulates_mrna,
MIMAT0019927,FGFR1,mir_regulates_mrna,
MIMAT0024613,FGFR1,mir_regulates_mrna,
MIMAT0024617,FGFR1,mir_regulates_mrna,
MIMAT0024618,FGFR1,mir_regulates_mrna,
MIMAT0025486,FGFR1,mir_regulates_mrna,
MIMAT0027363,FGFR1,mir_regulates_mrna,
MIMAT0027602,FGFR1,mir_regulates_mrna,
MIMAT0027681,FGFR1,mir_regulates_mrna,
MIMAT0031012,FGFR1,mir_regulates_mrna,
MIMAT0018087,FGFR1,mir_regulates_mrna,
MIMAT0024610,FGFR1,mir_regulates_mrna,
MIMAT0027420,FGFR1,mir_regulates_mrna,
MIMAT0019069,FGFR1,mir_regulates_mrna,
MIMAT0003222,FGFR1,mir_regulates_mrna,
MIMAT0017999,FGFR1,mir_regulates_mrna,
MIMAT0030422,FGFR1,mir_regulates_mrna,
MIMAT0019704,FGFR1,mir_regulates_mrna,
MIMAT0027384,FGFR1,mir_regulates_mrna,
MIMAT0004952,EGF,mir_regulates_mrna,
MIMAT0005892,EGF,mir_regulates_mrna,
MIMAT0006767,EGF,mir_regulates_mrna,
MIMAT0018949,EGF,mir_regulates_mrna,
MIMAT0019836,EGF,mir_regulates_mrna,
MIMAT0027430,EGF,mir_regulates_mrna,
MIMAT0027516,EGF,mir_regulates_mrna,
MIMAT0027668,EGF,mir_regulates_mrna,
MIMAT0027583,EGF,mir_regulates_mrna,
MIMAT0000226,IKBKB,mir_regulates_mrna,
MIMAT0000617,IKBKB,mir_regulates_mrna,
MIMAT0002874,IKBKB,mir_regulates_mrna,
MIMAT0000095,DDIT3,mir_regulates_mrna,
MIMAT0015087,PLA2G4E,mir_regulates_mrna,
MIMAT0000772,PLA2G4E,mir_regulates_mrna,
MIMAT0000279,AKT3,mir_regulates_mrna,
MIMAT0002874,AKT3,mir_regulates_mrna,
MIMAT0004450,AKT3,mir_regulates_mrna,
MIMAT0021129,AKT3,mir_regulates_mrna,
MIMAT0027416,AKT3,mir_regulates_mrna,
MIMAT0027578,AKT3,mir_regulates_mrna,
MIMAT0030429,AKT3,mir_regulates_mrna,
MIMAT0000422,AKT3,mir_regulates_mrna,
MIMAT0002853,AKT3,mir_regulates_mrna,
MIMAT0002867,AKT3,mir_regulates_mrna,
MIMAT0026615,AKT3,mir_regulates_mrna,
MIMAT0019062,AKT3,mir_regulates_mrna,
MIMAT0019965,AKT3,mir_regulates_mrna,
MIMAT0027612,AKT3,mir_regulates_mrna,
MIMAT0000278,AKT3,mir_regulates_mrna,
MIMAT0000417,AKT3,mir_regulates_mrna,
MIMAT0002858,AKT3,mir_regulates_mrna,
MIMAT0019363,MAP3K13,mir_regulates_mrna,
MIMAT0026480,MAP3K13,mir_regulates_mrna,
MIMAT0027421,MAP3K13,mir_regulates_mrna,
MIMAT0030425,MAP3K13,mir_regulates_mrna,
MIMAT0011777,PRKACB,mir_regulates_mrna,
MIMAT0018081,PRKACB,mir_regulates_mrna,
MIMAT0018122,PRKACB,mir_regulates_mrna,
MIMAT0019065,PRKACB,mir_regulates_mrna,
MIMAT0019841,PRKACB,mir_regulates_mrna,
MIMAT0000070,PRKACB,mir_regulates_mrna,
MIMAT0000103,PRKACB,mir_regulates_mrna,
MIMAT0000726,PRKACB,mir_regulates_mrna,
MIMAT0022471,PRKACB,mir_regulates_mrna,
MIMAT0000086,AKT2,mir_regulates_mrna,
MIMAT0000100,AKT2,mir_regulates_mrna,
MIMAT0000414,AKT2,mir_regulates_mrna,
MIMAT0000422,AKT2,mir_regulates_mrna,
MIMAT0000681,AKT2,mir_regulates_mrna,
MIMAT0001340,AKT2,mir_regulates_mrna,
MIMAT0004792,AKT2,mir_regulates_mrna,
MIMAT0010214,AKT2,mir_regulates_mrna,
MIMAT0004945,AKT2,mir_regulates_mrna,
MIMAT0004697,AKT2,mir_regulates_mrna,
MIMAT0005794,AKT2,mir_regulates_mrna,
MIMAT0013802,AKT2,mir_regulates_mrna,
MIMAT0000450,AKT2,mir_regulates_mrna,
MIMAT0003280,AKT2,mir_regulates_mrna,
MIMAT0000063,AKT2,mir_regulates_mrna,
MIMAT0000454,AKT2,mir_regulates_mrna,
MIMAT0019890,AKT2,mir_regulates_mrna,
MIMAT0027437,AKT2,mir_regulates_mrna,
MIMAT0004680,VEGFB,mir_regulates_mrna,
MIMAT0027370,VEGFB,mir_regulates_mrna,
MIMAT0027686,VEGFB,mir_regulates_mrna,
MIMAT0005878,LAMTOR3,mir_regulates_mrna,
MIMAT0018201,LAMTOR3,mir_regulates_mrna,
MIMAT0018985,LAMTOR3,mir_regulates_mrna,
MIMAT0022492,LAMTOR3,mir_regulates_mrna,
MIMAT0027599,LAMTOR3,mir_regulates_mrna,
MIMAT0001629,LAMTOR3,mir_regulates_mrna,
MIMAT0000422,MAPKAPK3,mir_regulates_mrna,
MIMAT0023711,PPP3CC,mir_regulates_mrna,
MIMAT0000722,MAP3K8,mir_regulates_mrna,
MIMAT0000760,TAOK2,mir_regulates_mrna,
MIMAT0000076,ATF2,mir_regulates_mrna,
MIMAT0000432,STK3,mir_regulates_mrna,
MIMAT0004602,ARRB2,mir_regulates_mrna,
MIMAT0000451,ARRB2,mir_regulates_mrna,
MIMAT0004748,ARRB2,mir_regulates_mrna,
MIMAT0002807,ARRB2,mir_regulates_mrna,
MIMAT0016852,ARRB2,mir_regulates_mrna,
MIMAT0018971,ARRB2,mir_regulates_mrna,
MIMAT0021125,ARRB2,mir_regulates_mrna,
MIMAT0021128,ARRB2,mir_regulates_mrna,
MIMAT0027614,ARRB2,mir_regulates_mrna,
MIMAT0029310,ARRB2,mir_regulates_mrna,
MIMAT0035542,ARRB2,mir_regulates_mrna,
MIMAT0004671,ARRB2,mir_regulates_mrna,
MIMAT0027369,ARRB2,mir_regulates_mrna,
MIMAT0000077,MAX,mir_regulates_mrna,
MIMAT0003276,MAX,mir_regulates_mrna,
MIMAT0005792,MAX,mir_regulates_mrna,
MIMAT0022713,MAX,mir_regulates_mrna,
MIMAT0022838,MAX,mir_regulates_mrna,
MIMAT0006764,MAX,mir_regulates_mrna,
MIMAT0015045,MAX,mir_regulates_mrna,
MIMAT0016880,MAX,mir_regulates_mrna,
MIMAT0018943,MAX,mir_regulates_mrna,
MIMAT0021085,MAX,mir_regulates_mrna,
MIMAT0022260,MAX,mir_regulates_mrna,
MIMAT0027394,MAX,mir_regulates_mrna,
MIMAT0027538,MAX,mir_regulates_mrna,
MIMAT0005793,MAX,mir_regulates_mrna,
MIMAT0019072,MAX,mir_regulates_mrna,
MIMAT0027610,MAX,mir_regulates_mrna,
MIMAT0000264,MAPK8,mir_regulates_mrna,
MIMAT0000271,MAPK8,mir_regulates_mrna,
MIMAT0000443,MAPK8,mir_regulates_mrna,
MIMAT0004918,MAPK8,mir_regulates_mrna,
MIMAT0004949,MAPK8,mir_regulates_mrna,
MIMAT0018107,MAPK8,mir_regulates_mrna,
MIMAT0030987,MAPK8,mir_regulates_mrna,
MIMAT0002819,MAPK8,mir_regulates_mrna,
MIMAT0004768,MAPK8,mir_regulates_mrna,
MIMAT0004909,MAPK8,mir_regulates_mrna,
MIMAT0022255,MAPK8,mir_regulates_mrna,
MIMAT0003284,MAPK8,mir_regulates_mrna,
MIMAT0000063,NFATC1,mir_regulates_mrna,
MIMAT0000422,NFATC1,mir_regulates_mrna,
MIMAT0021034,NFATC1,mir_regulates_mrna,
MIMAT0019200,NFATC1,mir_regulates_mrna,
MIMAT0003292,NFATC1,mir_regulates_mrna,
MIMAT0000417,MAP2K4,mir_regulates_mrna,
MIMAT0022838,MAP2K4,mir_regulates_mrna,
MIMAT0015065,MAP2K4,mir_regulates_mrna,
MIMAT0017992,MAP2K4,mir_regulates_mrna,
MIMAT0018949,MAP2K4,mir_regulates_mrna,
MIMAT0019073,MAP2K4,mir_regulates_mrna,
MIMAT0027485,MAP2K4,mir_regulates_mrna,
MIMAT0027537,MAP2K4,mir_regulates_mrna,
MIMAT0030018,MAP2K4,mir_regulates_mrna,
MIMAT0030430,MAP2K4,mir_regulates_mrna,
MIMAT0022713,MAP2K4,mir_regulates_mrna,
MIMAT0027399,MAP2K4,mir_regulates_mrna,
MIMAT0015083,GNA12,mir_regulates_mrna,
MIMAT0016859,GNA12,mir_regulates_mrna,
MIMAT0016900,GNA12,mir_regulates_mrna,
MIMAT0000252,GNA12,mir_regulates_mrna,
MIMAT0000422,GNA12,mir_regulates_mrna,
MIMAT0000450,GNA12,mir_regulates_mrna,
MIMAT0005920,GNA12,mir_regulates_mrna,
MIMAT0035542,GNA12,mir_regulates_mrna,
MIMAT0022694,GNA12,mir_regulates_mrna,
MIMAT0019719,GNA12,mir_regulates_mrna,
MIMAT0000070,MAP3K9,mir_regulates_mrna,
MIMAT0009197,MAP3K9,mir_regulates_mrna,
MIMAT0004603,MAP3K9,mir_regulates_mrna,
MIMAT0000691,MAP3K9,mir_regulates_mrna,
MIMAT0001340,MAP3K9,mir_regulates_mrna,
MIMAT0002826,MAP3K9,mir_regulates_mrna,
MIMAT0003310,MAP3K9,mir_regulates_mrna,
MIMAT0005592,MAP3K9,mir_regulates_mrna,
MIMAT0005878,MAP3K9,mir_regulates_mrna,
MIMAT0018193,MAP3K9,mir_regulates_mrna,
MIMAT0018200,MAP3K9,mir_regulates_mrna,
MIMAT0018349,MAP3K9,mir_regulates_mrna,
MIMAT0019025,MAP3K9,mir_regulates_mrna,
MIMAT0019784,MAP3K9,mir_regulates_mrna,
MIMAT0021080,MAP3K9,mir_regulates_mrna,
MIMAT0027369,MAP3K9,mir_regulates_mrna,
MIMAT0027377,MAP3K9,mir_regulates_mrna,
MIMAT0027392,MAP3K9,mir_regulates_mrna,
MIMAT0027409,MAP3K9,mir_regulates_mrna,
MIMAT0027417,MAP3K9,mir_regulates_mrna,
MIMAT0027442,MAP3K9,mir_regulates_mrna,
MIMAT0027602,MAP3K9,mir_regulates_mrna,
MIMAT0027637,MAP3K9,mir_regulates_mrna,
MIMAT0027685,MAP3K9,mir_regulates_mrna,
MIMAT0033692,MAP3K9,mir_regulates_mrna,
MIMAT0004488,MAP3K9,mir_regulates_mrna,
MIMAT0000080,MAP3K9,mir_regulates_mrna,
MIMAT0000231,MAP3K9,mir_regulates_mrna,
MIMAT0000425,MAP3K9,mir_regulates_mrna,
MIMAT0004748,MAP3K9,mir_regulates_mrna,
MIMAT0010313,MAP3K9,mir_regulates_mrna,
MIMAT0019008,MAP3K9,mir_regulates_mrna,
MIMAT0021021,MAP3K9,mir_regulates_mrna,
MIMAT0027365,MAP3K9,mir_regulates_mrna,
MIMAT0027378,MAP3K9,mir_regulates_mrna,
MIMAT0027466,MAP3K9,mir_regulates_mrna,
MIMAT0027483,MAP3K9,mir_regulates_mrna,
MIMAT0027621,MAP3K9,mir_regulates_mrna,
MIMAT0006765,MAP3K9,mir_regulates_mrna,
MIMAT0026623,MAP3K9,mir_regulates_mrna,
MIMAT0015032,MAP3K9,mir_regulates_mrna,
MIMAT0018072,MAP3K9,mir_regulates_mrna,
MIMAT0019027,MAP3K9,mir_regulates_mrna,
MIMAT0019854,MAP3K9,mir_regulates_mrna,
MIMAT0000074,MAP3K9,mir_regulates_mrna,
MIMAT0000243,MAP3K9,mir_regulates_mrna,
MIMAT0002828,MAP3K9,mir_regulates_mrna,
MIMAT0021086,MAP3K9,mir_regulates_mrna,
MIMAT0002838,CDC25B,mir_regulates_mrna,
MIMAT0004945,CDC25B,mir_regulates_mrna,
MIMAT0027508,CDC25B,mir_regulates_mrna,
MIMAT0018444,CDC25B,mir_regulates_mrna,
MIMAT0027357,CDC25B,mir_regulates_mrna,
MIMAT0015378,CDC25B,mir_regulates_mrna,
MIMAT0019809,CDC25B,mir_regulates_mrna,
MIMAT0025857,CDC25B,mir_regulates_mrna,
MIMAT0000077,CSF1R,mir_regulates_mrna,
MIMAT0015022,FGF5,mir_regulates_mrna,
MIMAT0028223,FGF5,mir_regulates_mrna,
MIMAT0004450,FGF5,mir_regulates_mrna,
MIMAT0018083,FGF5,mir_regulates_mrna,
MIMAT0019048,FGF5,mir_regulates_mrna,
MIMAT0025844,FGF5,mir_regulates_mrna,
MIMAT0000243,MAP3K4,mir_regulates_mrna,
MIMAT0014992,MAP3K4,mir_regulates_mrna,
MIMAT0010364,FGFR4,mir_regulates_mrna,
MIMAT0007883,FGFR4,mir_regulates_mrna,
MIMAT0002822,SRF,mir_regulates_mrna,
MIMAT0004983,SRF,mir_regulates_mrna,
MIMAT0013518,SRF,mir_regulates_mrna,
MIMAT0016855,SRF,mir_regulates_mrna,
MIMAT0018359,SRF,mir_regulates_mrna,
MIMAT0018949,SRF,mir_regulates_mrna,
MIMAT0019006,SRF,mir_regulates_mrna,
MIMAT0019047,SRF,mir_regulates_mrna,
MIMAT0019051,SRF,mir_regulates_mrna,
MIMAT0019700,SRF,mir_regulates_mrna,
MIMAT0019827,SRF,mir_regulates_mrna,
MIMAT0019838,SRF,mir_regulates_mrna,
MIMAT0019899,SRF,mir_regulates_mrna,
MIMAT0019921,SRF,mir_regulates_mrna,
MIMAT0022491,SRF,mir_regulates_mrna,
MIMAT0027356,SRF,mir_regulates_mrna,
MIMAT0027363,SRF,mir_regulates_mrna,
MIMAT0027391,SRF,mir_regulates_mrna,
MIMAT0027395,SRF,mir_regulates_mrna,
MIMAT0027463,SRF,mir_regulates_mrna,
MIMAT0027488,SRF,mir_regulates_mrna,
MIMAT0027505,SRF,mir_regulates_mrna,
MIMAT0027626,SRF,mir_regulates_mrna,
MIMAT0029310,SRF,mir_regulates_mrna,
MIMAT0004689,TAB2,mir_regulates_mrna,
MIMAT0027369,TAB2,mir_regulates_mrna,
MIMAT0030986,TAB2,mir_regulates_mrna,
MIMAT0019762,TAB2,mir_regulates_mrna,
MIMAT0000066,MAP2K7,mir_regulates_mrna,
MIMAT0005871,MAP2K7,mir_regulates_mrna,
MIMAT0016851,MAP2K7,mir_regulates_mrna,
MIMAT0018072,MAP2K7,mir_regulates_mrna,
MIMAT0018945,MAP2K7,mir_regulates_mrna,
MIMAT0018980,MAP2K7,mir_regulates_mrna,
MIMAT0027408,MAP2K7,mir_regulates_mrna,
MIMAT0027416,MAP2K7,mir_regulates_mrna,
MIMAT0027448,MAP2K7,mir_regulates_mrna,
MIMAT0027562,MAP2K7,mir_regulates_mrna,
MIMAT0027612,MAP2K7,mir_regulates_mrna,
MIMAT0027640,MAP2K7,mir_regulates_mrna,
MIMAT0027666,MAP2K7,mir_regulates_mrna,
MIMAT0031012,MAP2K7,mir_regulates_mrna,
MIMAT0000765,RASA2,mir_regulates_mrna,
MIMAT0004945,PRKACA,mir_regulates_mrna,
MIMAT0000417,MAP4K2,mir_regulates_mrna,
MIMAT0000461,MAP4K2,mir_regulates_mrna,
MIMAT0004761,MAP4K2,mir_regulates_mrna,
MIMAT0004767,MAP4K2,mir_regulates_mrna,
MIMAT0002874,MAP4K2,mir_regulates_mrna,
MIMAT0026612,MAP4K2,mir_regulates_mrna,
MIMAT0003315,MAP4K2,mir_regulates_mrna,
MIMAT0003316,MAP4K2,mir_regulates_mrna,
MIMAT0005891,MAP4K2,mir_regulates_mrna,
MIMAT0018005,MAP4K2,mir_regulates_mrna,
MIMAT0018945,MAP4K2,mir_regulates_mrna,
MIMAT0018985,MAP4K2,mir_regulates_mrna,
MIMAT0019856,MAP4K2,mir_regulates_mrna,
MIMAT0022491,MAP4K2,mir_regulates_mrna,
MIMAT0024615,MAP4K2,mir_regulates_mrna,
MIMAT0027421,MAP4K2,mir_regulates_mrna,
MIMAT0027588,MAP4K2,mir_regulates_mrna,
MIMAT0015069,MAP4K2,mir_regulates_mrna,
MIMAT0004612,MAPK14,mir_regulates_mrna,
MIMAT0026740,MAPK14,mir_regulates_mrna,
MIMAT0005788,MAPK14,mir_regulates_mrna,
MIMAT0013518,MAPK14,mir_regulates_mrna,
MIMAT0016917,MAPK14,mir_regulates_mrna,
MIMAT0019063,MAPK14,mir_regulates_mrna,
MIMAT0019772,MAPK14,mir_regulates_mrna,
MIMAT0022256,MAPK14,mir_regulates_mrna,
MIMAT0025458,MAPK14,mir_regulates_mrna,
MIMAT0027419,MAPK14,mir_regulates_mrna,
MIMAT0028111,MAPK14,mir_regulates_mrna,
MIMAT0000080,MAPK14,mir_regulates_mrna,
MIMAT0000266,MAPK14,mir_regulates_mrna,
MIMAT0026476,MAPK14,mir_regulates_mrna,
MIMAT0004602,MAPK14,mir_regulates_mrna,
MIMAT0005921,MAPK14,mir_regulates_mrna,
MIMAT0030982,MAPK14,mir_regulates_mrna,
MIMAT0000271,MAPK14,mir_regulates_mrna,
MIMAT0027558,RAC3,mir_regulates_mrna,
MIMAT0027630,RAC3,mir_regulates_mrna,
MIMAT0028110,RAC3,mir_regulates_mrna,
MIMAT0000074,MAP2K3,mir_regulates_mrna,
MIMAT0000422,MAP2K3,mir_regulates_mrna,
MIMAT0010364,MAP2K3,mir_regulates_mrna,
MIMAT0016900,MAP2K3,mir_regulates_mrna,
MIMAT0017999,MAP2K3,mir_regulates_mrna,
MIMAT0019015,MAP2K3,mir_regulates_mrna,
MIMAT0027438,MAP2K3,mir_regulates_mrna,
MIMAT0027620,MAP2K3,mir_regulates_mrna,
MIMAT0013802,MAP2K3,mir_regulates_mrna,
MIMAT0019878,MAP2K3,mir_regulates_mrna,
MIMAT0031012,MAP2K3,mir_regulates_mrna,
MIMAT0000075,MAP2K3,mir_regulates_mrna,
MIMAT0004694,MAPK10,mir_regulates_mrna,
MIMAT0031074,MAPK10,mir_regulates_mrna,
MIMAT0017997,MAPK10,mir_regulates_mrna,
MIMAT0018070,MAPK10,mir_regulates_mrna,
MIMAT0018977,MAPK10,mir_regulates_mrna,
MIMAT0027375,MAPK10,mir_regulates_mrna,
MIMAT0027394,MAPK10,mir_regulates_mrna,
MIMAT0027524,MAPK10,mir_regulates_mrna,
MIMAT0027538,MAPK10,mir_regulates_mrna,
MIMAT0000278,MAPK10,mir_regulates_mrna,
MIMAT0003276,MAPK10,mir_regulates_mrna,
MIMAT0004795,MAPK10,mir_regulates_mrna,
MIMAT0019715,MAPK10,mir_regulates_mrna,
MIMAT0021023,MAPK10,mir_regulates_mrna,
MIMAT0027610,MAPK10,mir_regulates_mrna,
MIMAT0004548,DUSP9,mir_regulates_mrna,
MIMAT0004605,DUSP9,mir_regulates_mrna,
MIMAT0019008,DUSP9,mir_regulates_mrna,
MIMAT0019868,DUSP9,mir_regulates_mrna,
MIMAT0030021,DUSP9,mir_regulates_mrna,
MIMAT0000072,RPS6KA5,mir_regulates_mrna,
MIMAT0000080,RPS6KA5,mir_regulates_mrna,
MIMAT0000084,RPS6KA5,mir_regulates_mrna,
MIMAT0000099,RPS6KA5,mir_regulates_mrna,
MIMAT0000242,RPS6KA5,mir_regulates_mrna,
MIMAT0000421,RPS6KA5,mir_regulates_mrna,
MIMAT0000424,RPS6KA5,mir_regulates_mrna,
MIMAT0004595,RPS6KA5,mir_regulates_mrna,
MIMAT0004599,RPS6KA5,mir_regulates_mrna,
MIMAT0000680,RPS6KA5,mir_regulates_mrna,
MIMAT0004703,RPS6KA5,mir_regulates_mrna,
MIMAT0026612,RPS6KA5,mir_regulates_mrna,
MIMAT0003221,RPS6KA5,mir_regulates_mrna,
MIMAT0003885,RPS6KA5,mir_regulates_mrna,
MIMAT0004945,RPS6KA5,mir_regulates_mrna,
MIMAT0018070,RPS6KA5,mir_regulates_mrna,
MIMAT0018072,RPS6KA5,mir_regulates_mrna,
MIMAT0018107,RPS6KA5,mir_regulates_mrna,
MIMAT0019232,RPS6KA5,mir_regulates_mrna,
MIMAT0018945,RPS6KA5,mir_regulates_mrna,
MIMAT0018953,RPS6KA5,mir_regulates_mrna,
MIMAT0019233,RPS6KA5,mir_regulates_mrna,
MIMAT0019047,RPS6KA5,mir_regulates_mrna,
MIMAT0019735,RPS6KA5,mir_regulates_mrna,
MIMAT0019850,RPS6KA5,mir_regulates_mrna,
MIMAT0019861,RPS6KA5,mir_regulates_mrna,
MIMAT0019971,RPS6KA5,mir_regulates_mrna,
MIMAT0021080,RPS6KA5,mir_regulates_mrna,
MIMAT0022283,RPS6KA5,mir_regulates_mrna,
MIMAT0022288,RPS6KA5,mir_regulates_mrna,
MIMAT0024613,RPS6KA5,mir_regulates_mrna,
MIMAT0024614,RPS6KA5,mir_regulates_mrna,
MIMAT0024617,RPS6KA5,mir_regulates_mrna,
MIMAT0025451,RPS6KA5,mir_regulates_mrna,
MIMAT0025458,RPS6KA5,mir_regulates_mrna,
MIMAT0027544,RPS6KA5,mir_regulates_mrna,
MIMAT0027568,RPS6KA5,mir_regulates_mrna,
MIMAT0028230,RPS6KA5,mir_regulates_mrna,
MIMAT0031004,RPS6KA5,mir_regulates_mrna,
MIMAT0035542,RPS6KA5,mir_regulates_mrna,
MIMAT0000093,RPS6KA5,mir_regulates_mrna,
MIMAT0001413,RPS6KA5,mir_regulates_mrna,
MIMAT0002176,RPS6KA5,mir_regulates_mrna,
MIMAT0022705,RPS6KA5,mir_regulates_mrna,
MIMAT0018985,RPS6KA5,mir_regulates_mrna,
MIMAT0021026,RPS6KA5,mir_regulates_mrna,
MIMAT0027650,RPS6KA5,mir_regulates_mrna,
MIMAT0004589,ANGPT4,mir_regulates_mrna,
MIMAT0004609,ANGPT4,mir_regulates_mrna,
MIMAT0002175,ANGPT4,mir_regulates_mrna,
MIMAT0026720,ANGPT4,mir_regulates_mrna,
MIMAT0004952,ANGPT4,mir_regulates_mrna,
MIMAT0005914,ANGPT4,mir_regulates_mrna,
MIMAT0015039,ANGPT4,mir_regulates_mrna,
MIMAT0018118,ANGPT4,mir_regulates_mrna,
MIMAT0018181,ANGPT4,mir_regulates_mrna,
MIMAT0019006,ANGPT4,mir_regulates_mrna,
MIMAT0019007,ANGPT4,mir_regulates_mrna,
MIMAT0019060,ANGPT4,mir_regulates_mrna,
MIMAT0019799,ANGPT4,mir_regulates_mrna,
MIMAT0019972,ANGPT4,mir_regulates_mrna,
MIMAT0027345,ANGPT4,mir_regulates_mrna,
MIMAT0027452,ANGPT4,mir_regulates_mrna,
MIMAT0027458,ANGPT4,mir_regulates_mrna,
MIMAT0027476,ANGPT4,mir_regulates_mrna,
MIMAT0027498,ANGPT4,mir_regulates_mrna,
MIMAT0027516,ANGPT4,mir_regulates_mrna,
MIMAT0027666,ANGPT4,mir_regulates_mrna,
MIMAT0027668,ANGPT4,mir_regulates_mrna,
MIMAT0028109,ANGPT4,mir_regulates_mrna,
MIMAT0030018,ANGPT4,mir_regulates_mrna,
MIMAT0019069,TRADD,mir_regulates_mrna,
MIMAT0022294,TRADD,mir_regulates_mrna,
MIMAT0022694,EPHA2,mir_regulates_mrna,
MIMAT0026477,EPHA2,mir_regulates_mrna,
MIMAT0026621,EPHA2,mir_regulates_mrna,
MIMAT0005798,EPHA2,mir_regulates_mrna,
MIMAT0005827,EPHA2,mir_regulates_mrna,
MIMAT0018098,EPHA2,mir_regulates_mrna,
MIMAT0018959,EPHA2,mir_regulates_mrna,
MIMAT0019043,EPHA2,mir_regulates_mrna,
MIMAT0019065,EPHA2,mir_regulates_mrna,
MIMAT0021020,EPHA2,mir_regulates_mrna,
MIMAT0021117,EPHA2,mir_regulates_mrna,
MIMAT0027414,EPHA2,mir_regulates_mrna,
MIMAT0000253,TGFB3,mir_regulates_mrna,
MIMAT0000259,MAP3K3,mir_regulates_mrna,
MIMAT0000426,MAP3K3,mir_regulates_mrna,
MIMAT0000457,MAP3K3,mir_regulates_mrna,
MIMAT0027508,MAP3K3,mir_regulates_mrna,
MIMAT0000100,MAP2K6,mir_regulates_mrna,
MIMAT0000437,MAP2K6,mir_regulates_mrna,
MIMAT0026623,MAP2K6,mir_regulates_mrna,
MIMAT0004972,MAP2K6,mir_regulates_mrna,
MIMAT0022940,MAP2K6,mir_regulates_mrna,
MIMAT0005576,MAP2K6,mir_regulates_mrna,
MIMAT0005892,MAP2K6,mir_regulates_mrna,
MIMAT0022289,MAP2K6,mir_regulates_mrna,
MIMAT0027508,MAP2K6,mir_regulates_mrna,
MIMAT0027568,MAP2K6,mir_regulates_mrna,
MIMAT0030982,MAP2K6,mir_regulates_mrna,
MIMAT0004808,MAP2K6,mir_regulates_mrna,
MIMAT0015040,MAP2K6,mir_regulates_mrna,
MIMAT0027439,MAP2K6,mir_regulates_mrna,
MIMAT0003879,RPS6KA6,mir_regulates_mrna,
MIMAT0009206,RPS6KA6,mir_regulates_mrna,
MIMAT0000062,EGFR,mir_regulates_mrna,
MIMAT0000252,EGFR,mir_regulates_mrna,
MIMAT0004553,EGFR,mir_regulates_mrna,
MIMAT0000682,EGFR,mir_regulates_mrna,
MIMAT0000646,EGFR,mir_regulates_mrna,
MIMAT0004501,EGFR,mir_regulates_mrna,
MIMAT0028109,PDGFRA,mir_regulates_mrna,
MIMAT0000242,PDGFRA,mir_regulates_mrna,
MIMAT0000255,PDGFRA,mir_regulates_mrna,
MIMAT0004761,PDGFRA,mir_regulates_mrna,
MIMAT0025478,PDGFRA,mir_regulates_mrna,
MIMAT0027460,PDGFRA,mir_regulates_mrna,
MIMAT0027470,PDGFRA,mir_regulates_mrna,
MIMAT0027671,PDGFRA,mir_regulates_mrna,
MIMAT0019833,RAPGEF2,mir_regulates_mrna,
MIMAT0000764,RAPGEF2,mir_regulates_mrna,
MIMAT0003283,RAPGEF2,mir_regulates_mrna,
MIMAT0027397,RAPGEF2,mir_regulates_mrna,
MIMAT0000062,STK4,mir_regulates_mrna,
MIMAT0000066,STK4,mir_regulates_mrna,
MIMAT0000072,STK4,mir_regulates_mrna,
MIMAT0004513,STK4,mir_regulates_mrna,
MIMAT0000415,STK4,mir_regulates_mrna,
MIMAT0004589,STK4,mir_regulates_mrna,
MIMAT0004602,STK4,mir_regulates_mrna,
MIMAT0004609,STK4,mir_regulates_mrna,
MIMAT0004763,STK4,mir_regulates_mrna,
MIMAT0002811,STK4,mir_regulates_mrna,
MIMAT0002844,STK4,mir_regulates_mrna,
MIMAT0002863,STK4,mir_regulates_mrna,
MIMAT0002864,STK4,mir_regulates_mrna,
MIMAT0004773,STK4,mir_regulates_mrna,
MIMAT0002872,STK4,mir_regulates_mrna,
MIMAT0004778,STK4,mir_regulates_mrna,
MIMAT0004780,STK4,mir_regulates_mrna,
MIMAT0003322,STK4,mir_regulates_mrna,
MIMAT0005459,STK4,mir_regulates_mrna,
MIMAT0026720,STK4,mir_regulates_mrna,
MIMAT0022943,STK4,mir_regulates_mrna,
MIMAT0026736,STK4,mir_regulates_mrna,
MIMAT0005876,STK4,mir_regulates_mrna,
MIMAT0005929,STK4,mir_regulates_mrna,
MIMAT0005930,STK4,mir_regulates_mrna,
MIMAT0005788,STK4,mir_regulates_mrna,
MIMAT0019199,STK4,mir_regulates_mrna,
MIMAT0014984,STK4,mir_regulates_mrna,
MIMAT0019209,STK4,mir_regulates_mrna,
MIMAT0015039,STK4,mir_regulates_mrna,
MIMAT0015065,STK4,mir_regulates_mrna,
MIMAT0019216,STK4,mir_regulates_mrna,
MIMAT0016886,STK4,mir_regulates_mrna,
MIMAT0018118,STK4,mir_regulates_mrna,
MIMAT0018181,STK4,mir_regulates_mrna,
MIMAT0018349,STK4,mir_regulates_mrna,
MIMAT0019007,STK4,mir_regulates_mrna,
MIMAT0019064,STK4,mir_regulates_mrna,
MIMAT0019079,STK4,mir_regulates_mrna,
MIMAT0019080,STK4,mir_regulates_mrna,
MIMAT0019705,STK4,mir_regulates_mrna,
MIMAT0019710,STK4,mir_regulates_mrna,
MIMAT0019739,STK4,mir_regulates_mrna,
MIMAT0019755,STK4,mir_regulates_mrna,
MIMAT0019767,STK4,mir_regulates_mrna,
MIMAT0019838,STK4,mir_regulates_mrna,
MIMAT0019841,STK4,mir_regulates_mrna,
MIMAT0019896,STK4,mir_regulates_mrna,
MIMAT0019908,STK4,mir_regulates_mrna,
MIMAT0021043,STK4,mir_regulates_mrna,
MIMAT0022491,STK4,mir_regulates_mrna,
MIMAT0027345,STK4,mir_regulates_mrna,
MIMAT0027399,STK4,mir_regulates_mrna,
MIMAT0027431,STK4,mir_regulates_mrna,
MIMAT0027456,STK4,mir_regulates_mrna,
MIMAT0027458,STK4,mir_regulates_mrna,
MIMAT0027523,STK4,mir_regulates_mrna,
MIMAT0027622,STK4,mir_regulates_mrna,
MIMAT0027630,STK4,mir_regulates_mrna,
MIMAT0027640,STK4,mir_regulates_mrna,
MIMAT0027652,STK4,mir_regulates_mrna,
MIMAT0027680,STK4,mir_regulates_mrna,
MIMAT0028109,STK4,mir_regulates_mrna,
MIMAT0028119,STK4,mir_regulates_mrna,
MIMAT0030415,STK4,mir_regulates_mrna,
MIMAT0000065,STK4,mir_regulates_mrna,
MIMAT0000067,STK4,mir_regulates_mrna,
MIMAT0003385,STK4,mir_regulates_mrna,
MIMAT0005907,STK4,mir_regulates_mrna,
MIMAT0015031,STK4,mir_regulates_mrna,
MIMAT0018089,STK4,mir_regulates_mrna,
MIMAT0022975,STK4,mir_regulates_mrna,
MIMAT0018949,STK4,mir_regulates_mrna,
MIMAT0019069,STK4,mir_regulates_mrna,
MIMAT0019359,STK4,mir_regulates_mrna,
MIMAT0019849,STK4,mir_regulates_mrna,
MIMAT0022469,STK4,mir_regulates_mrna,
MIMAT0025481,STK4,mir_regulates_mrna,
MIMAT0027460,STK4,mir_regulates_mrna,
MIMAT0027470,STK4,mir_regulates_mrna,
MIMAT0027530,STK4,mir_regulates_mrna,
MIMAT0030417,STK4,mir_regulates_mrna,
MIMAT0004945,BRAF,mir_regulates_mrna,
MIMAT0000437,BRAF,mir_regulates_mrna,
MIMAT0000456,RAF1,mir_regulates_mrna,
MIMAT0019777,RAF1,mir_regulates_mrna,
MIMAT0027387,RAF1,mir_regulates_mrna,
MIMAT0028120,RAF1,mir_regulates_mrna,
MIMAT0000087,CASP3,mir_regulates_mrna,
MIMAT0000245,CASP3,mir_regulates_mrna,
MIMAT0000692,CASP3,mir_regulates_mrna,
MIMAT0018107,CASP3,mir_regulates_mrna,
MIMAT0024597,CASP3,mir_regulates_mrna,
MIMAT0000281,CASP3,mir_regulates_mrna,
MIMAT0000737,CASP3,mir_regulates_mrna,
MIMAT0000226,CASP3,mir_regulates_mrna,
MIMAT0000064,MYC,mir_regulates_mrna,
MIMAT0000070,MYC,mir_regulates_mrna,
MIMAT0000075,MYC,mir_regulates_mrna,
MIMAT0000244,MYC,mir_regulates_mrna,
MIMAT0000443,MYC,mir_regulates_mrna,
MIMAT0004602,MYC,mir_regulates_mrna,
MIMAT0000686,MYC,mir_regulates_mrna,
MIMAT0000723,MYC,mir_regulates_mrna,
MIMAT0003291,MYC,mir_regulates_mrna,
MIMAT0005884,MYC,mir_regulates_mrna,
MIMAT0006767,MYC,mir_regulates_mrna,
MIMAT0022292,MYC,mir_regulates_mrna,
MIMAT0000066,MYC,mir_regulates_mrna,
MIMAT0000082,MYC,mir_regulates_mrna,
MIMAT0004551,MYC,mir_regulates_mrna,
MIMAT0000269,MYC,mir_regulates_mrna,
MIMAT0000685,MYC,mir_regulates_mrna,
MIMAT0000762,MYC,mir_regulates_mrna,
MIMAT0031001,MYC,mir_regulates_mrna,
MIMAT0000760,FLT4,mir_regulates_mrna,
MIMAT0000080,PDGFRB,mir_regulates_mrna,
MIMAT0000081,FGF2,mir_regulates_mrna,
MIMAT0000101,FGF2,mir_regulates_mrna,
MIMAT0000104,FGF2,mir_regulates_mrna,
MIMAT0000232,FGF2,mir_regulates_mrna,
MIMAT0004563,FGF2,mir_regulates_mrna,
MIMAT0000426,FGF2,mir_regulates_mrna,
MIMAT0000431,FGF2,mir_regulates_mrna,
MIMAT0000461,FGF2,mir_regulates_mrna,
MIMAT0002874,FGF2,mir_regulates_mrna,
MIMAT0004927,FGF2,mir_regulates_mrna,
MIMAT0004979,FGF2,mir_regulates_mrna,
MIMAT0011778,FGF2,mir_regulates_mrna,
MIMAT0014984,FGF2,mir_regulates_mrna,
MIMAT0015021,FGF2,mir_regulates_mrna,
MIMAT0015026,FGF2,mir_regulates_mrna,
MIMAT0018187,FGF2,mir_regulates_mrna,
MIMAT0025482,FGF2,mir_regulates_mrna,
MIMAT0027562,FGF2,mir_regulates_mrna,
MIMAT0027607,FGF2,mir_regulates_mrna,
MIMAT0028224,FGF2,mir_regulates_mrna,
MIMAT0000069,KRAS,mir_regulates_mrna,
MIMAT0002891,KRAS,mir_regulates_mrna,
MIMAT0000084,KRAS,mir_regulates_mrna,
MIMAT0022693,KRAS,mir_regulates_mrna,
MIMAT0000435,KRAS,mir_regulates_mrna,
MIMAT0004693,KRAS,mir_regulates_mrna,
MIMAT0001635,KRAS,mir_regulates_mrna,
MIMAT0003291,KRAS,mir_regulates_mrna,
MIMAT0003312,KRAS,mir_regulates_mrna,
MIMAT0003880,KRAS,mir_regulates_mrna,
MIMAT0004949,KRAS,mir_regulates_mrna,
MIMAT0015076,KRAS,mir_regulates_mrna,
MIMAT0016868,KRAS,mir_regulates_mrna,
MIMAT0027618,KRAS,mir_regulates_mrna,
MIMAT0027632,KRAS,mir_regulates_mrna,
MIMAT0000438,KRAS,mir_regulates_mrna,
MIMAT0004918,KRAS,mir_regulates_mrna,
MIMAT0025844,KRAS,mir_regulates_mrna,
MIMAT0000063,KRAS,mir_regulates_mrna,
MIMAT0000261,KRAS,mir_regulates_mrna,
MIMAT0000693,KRAS,mir_regulates_mrna,
MIMAT0000252,CACNG5,mir_regulates_mrna,
MIMAT0000075,MAPKAPK5,mir_regulates_mrna,
MIMAT0004498,MAPKAPK5,mir_regulates_mrna,
MIMAT0000093,MAPKAPK5,mir_regulates_mrna,
MIMAT0004517,MAPKAPK5,mir_regulates_mrna,
MIMAT0004589,MAPKAPK5,mir_regulates_mrna,
MIMAT0004612,MAPKAPK5,mir_regulates_mrna,
MIMAT0000684,MAPKAPK5,mir_regulates_mrna,
MIMAT0000715,MAPKAPK5,mir_regulates_mrna,
MIMAT0000718,MAPKAPK5,mir_regulates_mrna,
MIMAT0004689,MAPKAPK5,mir_regulates_mrna,
MIMAT0002175,MAPKAPK5,mir_regulates_mrna,
MIMAT0002834,MAPKAPK5,mir_regulates_mrna,
MIMAT0026612,MAPKAPK5,mir_regulates_mrna,
MIMAT0004784,MAPKAPK5,mir_regulates_mrna,
MIMAT0004802,MAPKAPK5,mir_regulates_mrna,
MIMAT0026622,MAPKAPK5,mir_regulates_mrna,
MIMAT0003330,MAPKAPK5,mir_regulates_mrna,
MIMAT0004920,MAPKAPK5,mir_regulates_mrna,
MIMAT0004952,MAPKAPK5,mir_regulates_mrna,
MIMAT0005582,MAPKAPK5,mir_regulates_mrna,
MIMAT0026737,MAPKAPK5,mir_regulates_mrna,
MIMAT0006767,MAPKAPK5,mir_regulates_mrna,
MIMAT0026917,MAPKAPK5,mir_regulates_mrna,
MIMAT0014984,MAPKAPK5,mir_regulates_mrna,
MIMAT0015003,MAPKAPK5,mir_regulates_mrna,
MIMAT0015073,MAPKAPK5,mir_regulates_mrna,
MIMAT0019218,MAPKAPK5,mir_regulates_mrna,
MIMAT0016886,MAPKAPK5,mir_regulates_mrna,
MIMAT0027032,MAPKAPK5,mir_regulates_mrna,
MIMAT0018109,MAPKAPK5,mir_regulates_mrna,
MIMAT0018118,MAPKAPK5,mir_regulates_mrna,
MIMAT0018181,MAPKAPK5,mir_regulates_mrna,
MIMAT0018201,MAPKAPK5,mir_regulates_mrna,
MIMAT0018206,MAPKAPK5,mir_regulates_mrna,
MIMAT0018945,MAPKAPK5,mir_regulates_mrna,
MIMAT0018957,MAPKAPK5,mir_regulates_mrna,
MIMAT0018974,MAPKAPK5,mir_regulates_mrna,
MIMAT0018985,MAPKAPK5,mir_regulates_mrna,
MIMAT0019006,MAPKAPK5,mir_regulates_mrna,
MIMAT0019007,MAPKAPK5,mir_regulates_mrna,
MIMAT0019018,MAPKAPK5,mir_regulates_mrna,
MIMAT0019769,MAPKAPK5,mir_regulates_mrna,
MIMAT0019849,MAPKAPK5,mir_regulates_mrna,
MIMAT0019921,MAPKAPK5,mir_regulates_mrna,
MIMAT0019953,MAPKAPK5,mir_regulates_mrna,
MIMAT0019954,MAPKAPK5,mir_regulates_mrna,
MIMAT0019960,MAPKAPK5,mir_regulates_mrna,
MIMAT0021081,MAPKAPK5,mir_regulates_mrna,
MIMAT0022486,MAPKAPK5,mir_regulates_mrna,
MIMAT0022492,MAPKAPK5,mir_regulates_mrna,
MIMAT0023711,MAPKAPK5,mir_regulates_mrna,
MIMAT0023714,MAPKAPK5,mir_regulates_mrna,
MIMAT0024618,MAPKAPK5,mir_regulates_mrna,
MIMAT0025468,MAPKAPK5,mir_regulates_mrna,
MIMAT0025478,MAPKAPK5,mir_regulates_mrna,
MIMAT0025482,MAPKAPK5,mir_regulates_mrna,
MIMAT0027443,MAPKAPK5,mir_regulates_mrna,
MIMAT0027447,MAPKAPK5,mir_regulates_mrna,
MIMAT0027460,MAPKAPK5,mir_regulates_mrna,
MIMAT0027476,MAPKAPK5,mir_regulates_mrna,
MIMAT0027498,MAPKAPK5,mir_regulates_mrna,
MIMAT0027599,MAPKAPK5,mir_regulates_mrna,
MIMAT0027615,MAPKAPK5,mir_regulates_mrna,
MIMAT0027659,MAPKAPK5,mir_regulates_mrna,
MIMAT0027666,MAPKAPK5,mir_regulates_mrna,
MIMAT0027668,MAPKAPK5,mir_regulates_mrna,
MIMAT0028109,MAPKAPK5,mir_regulates_mrna,
MIMAT0028230,MAPKAPK5,mir_regulates_mrna,
MIMAT0030415,MAPKAPK5,mir_regulates_mrna,
MIMAT0030429,MAPKAPK5,mir_regulates_mrna,
MIMAT0031180,MAPKAPK5,mir_regulates_mrna,
MIMAT0002816,MAPKAPK5,mir_regulates_mrna,
MIMAT0003328,MAPKAPK5,mir_regulates_mrna,
MIMAT0016915,MAPKAPK5,mir_regulates_mrna,
MIMAT0018072,MAPKAPK5,mir_regulates_mrna,
MIMAT0018934,MAPKAPK5,mir_regulates_mrna,
MIMAT0019853,MAPKAPK5,mir_regulates_mrna,
MIMAT0027514,MAPKAPK5,mir_regulates_mrna,
MIMAT0000103,MAPKAPK5,mir_regulates_mrna,
MIMAT0000447,MAPKAPK5,mir_regulates_mrna,
MIMAT0002836,MAPKAPK5,mir_regulates_mrna,
MIMAT0003270,MAPKAPK5,mir_regulates_mrna,
MIMAT0003320,MAPKAPK5,mir_regulates_mrna,
MIMAT0017989,MAPKAPK5,mir_regulates_mrna,
MIMAT0019050,MAPKAPK5,mir_regulates_mrna,
MIMAT0019692,MAPKAPK5,mir_regulates_mrna,
MIMAT0027470,MAPKAPK5,mir_regulates_mrna,
MIMAT0027537,MAPKAPK5,mir_regulates_mrna,
MIMAT0026472,MAP3K2,mir_regulates_mrna,
MIMAT0000070,MAP3K2,mir_regulates_mrna,
MIMAT0000075,MAP3K2,mir_regulates_mrna,
MIMAT0000103,MAP3K2,mir_regulates_mrna,
MIMAT0000278,MAP3K2,mir_regulates_mrna,
MIMAT0004599,MAP3K2,mir_regulates_mrna,
MIMAT0000680,MAP3K2,mir_regulates_mrna,
MIMAT0001413,MAP3K2,mir_regulates_mrna,
MIMAT0002834,MAP3K2,mir_regulates_mrna,
MIMAT0004784,MAP3K2,mir_regulates_mrna,
MIMAT0003218,MAP3K2,mir_regulates_mrna,
MIMAT0004795,MAP3K2,mir_regulates_mrna,
MIMAT0010497,MAP3K2,mir_regulates_mrna,
MIMAT0004970,MAP3K2,mir_regulates_mrna,
MIMAT0016853,MAP3K2,mir_regulates_mrna,
MIMAT0018105,MAP3K2,mir_regulates_mrna,
MIMAT0018973,MAP3K2,mir_regulates_mrna,
MIMAT0019847,MAP3K2,mir_regulates_mrna,
MIMAT0019923,MAP3K2,mir_regulates_mrna,
MIMAT0019937,MAP3K2,mir_regulates_mrna,
MIMAT0027041,MAP3K2,mir_regulates_mrna,
MIMAT0022301,MAP3K2,mir_regulates_mrna,
MIMAT0025454,MAP3K2,mir_regulates_mrna,
MIMAT0027368,MAP3K2,mir_regulates_mrna,
MIMAT0027378,MAP3K2,mir_regulates_mrna,
MIMAT0027440,MAP3K2,mir_regulates_mrna,
MIMAT0027534,MAP3K2,mir_regulates_mrna,
MIMAT0027553,MAP3K2,mir_regulates_mrna,
MIMAT0027562,MAP3K2,mir_regulates_mrna,
MIMAT0027634,MAP3K2,mir_regulates_mrna,
MIMAT0027651,MAP3K2,mir_regulates_mrna,
MIMAT0000242,MAP3K2,mir_regulates_mrna,
MIMAT0000751,MAP3K2,mir_regulates_mrna,
MIMAT0019201,MAP3K2,mir_regulates_mrna,
MIMAT0018090,MAP3K2,mir_regulates_mrna,
MIMAT0019363,MAP3K2,mir_regulates_mrna,
MIMAT0023715,MAP3K2,mir_regulates_mrna,
MIMAT0027413,MAP3K2,mir_regulates_mrna,
MIMAT0027632,MAP3K2,mir_regulates_mrna,
MIMAT0030990,MAP3K2,mir_regulates_mrna,
MIMAT0001080,MAP3K2,mir_regulates_mrna,
MIMAT0003283,MAP3K2,mir_regulates_mrna,
MIMAT0019215,MAP3K2,mir_regulates_mrna,
MIMAT0019690,MAP3K2,mir_regulates_mrna,
MIMAT0022272,MAP3K2,mir_regulates_mrna,
MIMAT0027370,MAP3K2,mir_regulates_mrna,
MIMAT0027465,MAP3K2,mir_regulates_mrna,
MIMAT0027637,MAP3K2,mir_regulates_mrna,
MIMAT0022844,SOS1,mir_regulates_mrna,
MIMAT0000424,SOS1,mir_regulates_mrna,
MIMAT0015031,SOS1,mir_regulates_mrna,
MIMAT0015002,SOS1,mir_regulates_mrna,
MIMAT0019703,SOS1,mir_regulates_mrna,
MIMAT0019980,SOS1,mir_regulates_mrna,
MIMAT0025841,SOS1,mir_regulates_mrna,
MIMAT0003945,CACNG7,mir_regulates_mrna,
MIMAT0027682,CACNG7,mir_regulates_mrna,
MIMAT0002882,DUSP4,mir_regulates_mrna,
MIMAT0032029,DUSP4,mir_regulates_mrna,
MIMAT0011156,DUSP4,mir_regulates_mrna,
MIMAT0019199,DUSP4,mir_regulates_mrna,
MIMAT0016917,DUSP4,mir_regulates_mrna,
MIMAT0016921,DUSP4,mir_regulates_mrna,
MIMAT0018090,DUSP4,mir_regulates_mrna,
MIMAT0019772,DUSP4,mir_regulates_mrna,
MIMAT0019921,DUSP4,mir_regulates_mrna,
MIMAT0027041,DUSP4,mir_regulates_mrna,
MIMAT0024618,DUSP4,mir_regulates_mrna,
MIMAT0025471,DUSP4,mir_regulates_mrna,
MIMAT0027399,DUSP4,mir_regulates_mrna,
MIMAT0027458,DUSP4,mir_regulates_mrna,
MIMAT0027460,DUSP4,mir_regulates_mrna,
MIMAT0027470,DUSP4,mir_regulates_mrna,
MIMAT0027485,DUSP4,mir_regulates_mrna,
MIMAT0027666,DUSP4,mir_regulates_mrna,
MIMAT0027688,DUSP4,mir_regulates_mrna,
MIMAT0004589,DUSP4,mir_regulates_mrna,
MIMAT0027456,DUSP4,mir_regulates_mrna,
MIMAT0027567,PDGFA,mir_regulates_mrna,
MIMAT0027647,PDGFA,mir_regulates_mrna,
MIMAT0025471,EFNA2,mir_regulates_mrna,
MIMAT0000070,EREG,mir_regulates_mrna,
MIMAT0000086,EREG,mir_regulates_mrna,
MIMAT0000422,EREG,mir_regulates_mrna,
MIMAT0004595,EREG,mir_regulates_mrna,
MIMAT0004612,EREG,mir_regulates_mrna,
MIMAT0000681,EREG,mir_regulates_mrna,
MIMAT0002836,EREG,mir_regulates_mrna,
MIMAT0010497,EREG,mir_regulates_mrna,
MIMAT0011161,EREG,mir_regulates_mrna,
MIMAT0018953,EREG,mir_regulates_mrna,
MIMAT0019954,EREG,mir_regulates_mrna,
MIMAT0022283,EREG,mir_regulates_mrna,
MIMAT0027635,EREG,mir_regulates_mrna,
MIMAT0030986,EREG,mir_regulates_mrna,
MIMAT0004487,DUSP6,mir_regulates_mrna,
MIMAT0000753,DUSP6,mir_regulates_mrna,
MIMAT0022713,DUSP6,mir_regulates_mrna,
MIMAT0022838,DUSP6,mir_regulates_mrna,
MIMAT0021127,DUSP6,mir_regulates_mrna,
MIMAT0033692,DUSP6,mir_regulates_mrna,
MIMAT0000736,DUSP6,mir_regulates_mrna,
MIMAT0004957,DUSP7,mir_regulates_mrna,
MIMAT0005952,DUSP7,mir_regulates_mrna,
MIMAT0015037,DUSP7,mir_regulates_mrna,
MIMAT0018953,DUSP7,mir_regulates_mrna,
MIMAT0019704,DUSP7,mir_regulates_mrna,
MIMAT0022491,DUSP7,mir_regulates_mrna,
MIMAT0027363,DUSP7,mir_regulates_mrna,
MIMAT0027612,DUSP7,mir_regulates_mrna,
MIMAT0027640,DUSP7,mir_regulates_mrna,
MIMAT0027674,DUSP7,mir_regulates_mrna,
MIMAT0028119,DUSP7,mir_regulates_mrna,
MIMAT0031012,DUSP7,mir_regulates_mrna,
MIMAT0000092,EFNA5,mir_regulates_mrna,
MIMAT0002872,EFNA5,mir_regulates_mrna,
MIMAT0016925,EFNA5,mir_regulates_mrna,
MIMAT0025841,EFNA5,mir_regulates_mrna,
MIMAT0025843,EFNA5,mir_regulates_mrna,
MIMAT0027395,EFNA5,mir_regulates_mrna,
MIMAT0027489,EFNA5,mir_regulates_mrna,
MIMAT0027559,EFNA5,mir_regulates_mrna,
MIMAT0027575,EFNA5,mir_regulates_mrna,
MIMAT0030981,EFNA5,mir_regulates_mrna,
MIMAT0004772,ELK4,mir_regulates_mrna,
MIMAT0019898,ELK4,mir_regulates_mrna,
MIMAT0004489,ELK4,mir_regulates_mrna,
MIMAT0000101,ELK4,mir_regulates_mrna,
MIMAT0000104,ELK4,mir_regulates_mrna,
MIMAT0000684,ELK4,mir_regulates_mrna,
MIMAT0000715,ELK4,mir_regulates_mrna,
MIMAT0000717,ELK4,mir_regulates_mrna,
MIMAT0000718,ELK4,mir_regulates_mrna,
MIMAT0022861,ELK4,mir_regulates_mrna,
MIMAT0000724,ELK4,mir_regulates_mrna,
MIMAT0000726,ELK4,mir_regulates_mrna,
MIMAT0004703,ELK4,mir_regulates_mrna,
MIMAT0002820,ELK4,mir_regulates_mrna,
MIMAT0002834,ELK4,mir_regulates_mrna,
MIMAT0002846,ELK4,mir_regulates_mrna,
MIMAT0002854,ELK4,mir_regulates_mrna,
MIMAT0002856,ELK4,mir_regulates_mrna,
MIMAT0002858,ELK4,mir_regulates_mrna,
MIMAT0002867,ELK4,mir_regulates_mrna,
MIMAT0004814,ELK4,mir_regulates_mrna,
MIMAT0018108,ELK4,mir_regulates_mrna,
MIMAT0018355,ELK4,mir_regulates_mrna,
MIMAT0018995,ELK4,mir_regulates_mrna,
MIMAT0019358,ELK4,mir_regulates_mrna,
MIMAT0019750,ELK4,mir_regulates_mrna,
MIMAT0019878,ELK4,mir_regulates_mrna,
MIMAT0019969,ELK4,mir_regulates_mrna,
MIMAT0027453,ELK4,mir_regulates_mrna,
MIMAT0027578,ELK4,mir_regulates_mrna,
MIMAT0027598,ELK4,mir_regulates_mrna,
MIMAT0033692,ELK4,mir_regulates_mrna,
MIMAT0015030,FGF7,mir_regulates_mrna,
MIMAT0002173,FGF9,mir_regulates_mrna,
MIMAT0003291,FGF9,mir_regulates_mrna,
MIMAT0019014,FGF9,mir_regulates_mrna,
MIMAT0027535,FGF9,mir_regulates_mrna,
MIMAT0027567,FGF9,mir_regulates_mrna,
MIMAT0027647,FGF9,mir_regulates_mrna,
MIMAT0027663,FGF9,mir_regulates_mrna,
MIMAT0033692,FGF9,mir_regulates_mrna,
MIMAT0000417,GRB2,mir_regulates_mrna,
MIMAT0000422,GRB2,mir_regulates_mrna,
MIMAT0000732,GRB2,mir_regulates_mrna,
MIMAT0001629,GRB2,mir_regulates_mrna,
MIMAT0003218,GRB2,mir_regulates_mrna,
MIMAT0003222,GRB2,mir_regulates_mrna,
MIMAT0003326,GRB2,mir_regulates_mrna,
MIMAT0022711,GRB2,mir_regulates_mrna,
MIMAT0007881,GRB2,mir_regulates_mrna,
MIMAT0014982,GRB2,mir_regulates_mrna,
MIMAT0015026,GRB2,mir_regulates_mrna,
MIMAT0015048,GRB2,mir_regulates_mrna,
MIMAT0019012,GRB2,mir_regulates_mrna,
MIMAT0019882,GRB2,mir_regulates_mrna,
MIMAT0019885,GRB2,mir_regulates_mrna,
MIMAT0021128,GRB2,mir_regulates_mrna,
MIMAT0024610,GRB2,mir_regulates_mrna,
MIMAT0024613,GRB2,mir_regulates_mrna,
MIMAT0024617,GRB2,mir_regulates_mrna,
MIMAT0027474,GRB2,mir_regulates_mrna,
MIMAT0027483,GRB2,mir_regulates_mrna,
MIMAT0027650,GRB2,mir_regulates_mrna,
MIMAT0027682,GRB2,mir_regulates_mrna,
MIMAT0002891,GRB2,mir_regulates_mrna,
MIMAT0000084,GRB2,mir_regulates_mrna,
MIMAT0004957,GRB2,mir_regulates_mrna,
MIMAT0018189,GRB2,mir_regulates_mrna,
MIMAT0023702,GRB2,mir_regulates_mrna,
MIMAT0024782,GRB2,mir_regulates_mrna,
MIMAT0027559,GRB2,mir_regulates_mrna,
MIMAT0027568,GRB2,mir_regulates_mrna,
MIMAT0031000,GRB2,mir_regulates_mrna,
MIMAT0025451,HSPA6,mir_regulates_mrna,
MIMAT0019985,JUN,mir_regulates_mrna,
MIMAT0000417,KDR,mir_regulates_mrna,
MIMAT0000427,NGFR,mir_regulates_mrna,
MIMAT0003276,NGFR,mir_regulates_mrna,
MIMAT0005952,NGFR,mir_regulates_mrna,
MIMAT0009447,NGFR,mir_regulates_mrna,
MIMAT0015056,NGFR,mir_regulates_mrna,
MIMAT0016900,NGFR,mir_regulates_mrna,
MIMAT0019043,NGFR,mir_regulates_mrna,
MIMAT0019715,NGFR,mir_regulates_mrna,
MIMAT0019849,NGFR,mir_regulates_mrna,
MIMAT0019868,NGFR,mir_regulates_mrna,
MIMAT0019899,NGFR,mir_regulates_mrna,
MIMAT0021043,NGFR,mir_regulates_mrna,
MIMAT0021128,NGFR,mir_regulates_mrna,
MIMAT0027365,NGFR,mir_regulates_mrna,
MIMAT0027550,NGFR,mir_regulates_mrna,
MIMAT0027640,NGFR,mir_regulates_mrna,
MIMAT0028109,NGFR,mir_regulates_mrna,
MIMAT0000062,NRAS,mir_regulates_mrna,
MIMAT0000063,NRAS,mir_regulates_mrna,
MIMAT0000064,NRAS,mir_regulates_mrna,
MIMAT0000082,NRAS,mir_regulates_mrna,
MIMAT0000271,NRAS,mir_regulates_mrna,
MIMAT0000422,NRAS,mir_regulates_mrna,
MIMAT0002841,NRAS,mir_regulates_mrna,
MIMAT0004950,NRAS,mir_regulates_mrna,
MIMAT0011775,NRAS,mir_regulates_mrna,
MIMAT0016878,NRAS,mir_regulates_mrna,
MIMAT0018200,NRAS,mir_regulates_mrna,
MIMAT0019043,NRAS,mir_regulates_mrna,
MIMAT0019773,NRAS,mir_regulates_mrna,
MIMAT0019953,NRAS,mir_regulates_mrna,
MIMAT0027566,NRAS,mir_regulates_mrna,
MIMAT0000318,PAK2,mir_regulates_mrna,
MIMAT0000726,PAK2,mir_regulates_mrna,
MIMAT0003881,PAK2,mir_regulates_mrna,
MIMAT0004901,PAK2,mir_regulates_mrna,
MIMAT0004972,PAK2,mir_regulates_mrna,
MIMAT0014982,PAK2,mir_regulates_mrna,
MIMAT0019021,PAK2,mir_regulates_mrna,
MIMAT0019793,PAK2,mir_regulates_mrna,
MIMAT0019966,PAK2,mir_regulates_mrna,
MIMAT0030421,PAK2,mir_regulates_mrna,
MIMAT0000454,PDGFB,mir_regulates_mrna,
MIMAT0002853,PDGFB,mir_regulates_mrna,
MIMAT0014984,PDGFB,mir_regulates_mrna,
MIMAT0014988,PDGFB,mir_regulates_mrna,
MIMAT0015026,PDGFB,mir_regulates_mrna,
MIMAT0015056,PDGFB,mir_regulates_mrna,
MIMAT0018190,PDGFB,mir_regulates_mrna,
MIMAT0018980,PDGFB,mir_regulates_mrna,
MIMAT0019845,PDGFB,mir_regulates_mrna,
MIMAT0019882,PDGFB,mir_regulates_mrna,
MIMAT0027416,PDGFB,mir_regulates_mrna,
MIMAT0027562,PDGFB,mir_regulates_mrna,
MIMAT0027612,PDGFB,mir_regulates_mrna,
MIMAT0027660,PDGFB,mir_regulates_mrna,
MIMAT0027690,PDGFB,mir_regulates_mrna,
MIMAT0030422,PDGFB,mir_regulates_mrna,
MIMAT0000063,PDGFB,mir_regulates_mrna,
MIMAT0000066,PDGFB,mir_regulates_mrna,
MIMAT0003385,PDGFB,mir_regulates_mrna,
MIMAT0019072,PDGFB,mir_regulates_mrna,
MIMAT0027488,PDGFB,mir_regulates_mrna,
MIMAT0027564,PDGFB,mir_regulates_mrna,
MIMAT0027602,PDGFB,mir_regulates_mrna,
MIMAT0000071,PRKCA,mir_regulates_mrna,
MIMAT0000080,PRKCA,mir_regulates_mrna,
MIMAT0000434,PRKCA,mir_regulates_mrna,
MIMAT0000451,PRKCA,mir_regulates_mrna,
MIMAT0002819,PRKCA,mir_regulates_mrna,
MIMAT0003317,PRKCA,mir_regulates_mrna,
MIMAT0009451,PRKCA,mir_regulates_mrna,
MIMAT0018072,PRKCA,mir_regulates_mrna,
MIMAT0018945,PRKCA,mir_regulates_mrna,
MIMAT0019041,PRKCA,mir_regulates_mrna,
MIMAT0021124,PRKCA,mir_regulates_mrna,
MIMAT0027356,PRKCA,mir_regulates_mrna,
MIMAT0027556,PRKCA,mir_regulates_mrna,
MIMAT0000092,PRKCA,mir_regulates_mrna,
MIMAT0002876,PRKCA,mir_regulates_mrna,
MIMAT0022711,PRKCA,mir_regulates_mrna,
MIMAT0019837,PRKCA,mir_regulates_mrna,
MIMAT0019892,PRKCA,mir_regulates_mrna,
MIMAT0021129,PRKCA,mir_regulates_mrna,
MIMAT0027395,PRKCA,mir_regulates_mrna,
MIMAT0027587,PRKCA,mir_regulates_mrna,
MIMAT0027595,PRKCA,mir_regulates_mrna,
MIMAT0000091,PRKCB,mir_regulates_mrna,
MIMAT0000433,PRKCB,mir_regulates_mrna,
MIMAT0000454,PRKCB,mir_regulates_mrna,
MIMAT0000736,PRKCB,mir_regulates_mrna,
MIMAT0002833,PRKCB,mir_regulates_mrna,
MIMAT0018977,PRKCB,mir_regulates_mrna,
MIMAT0019734,PRKCB,mir_regulates_mrna,
MIMAT0019873,PRKCB,mir_regulates_mrna,
MIMAT0019971,PRKCB,mir_regulates_mrna,
MIMAT0021017,PRKCB,mir_regulates_mrna,
MIMAT0027663,PRKCB,mir_regulates_mrna,
MIMAT0019937,PRKCB,mir_regulates_mrna,
MIMAT0000075,MAPK1,mir_regulates_mrna,
MIMAT0000421,MAPK1,mir_regulates_mrna,
MIMAT0000680,MAPK1,mir_regulates_mrna,
MIMAT0002837,MAPK1,mir_regulates_mrna,
MIMAT0004772,MAPK1,mir_regulates_mrna,
MIMAT0003250,MAPK1,mir_regulates_mrna,
MIMAT0003257,MAPK1,mir_regulates_mrna,
MIMAT0003888,MAPK1,mir_regulates_mrna,
MIMAT0010133,MAPK1,mir_regulates_mrna,
MIMAT0015004,MAPK1,mir_regulates_mrna,
MIMAT0016886,MAPK1,mir_regulates_mrna,
MIMAT0016901,MAPK1,mir_regulates_mrna,
MIMAT0016909,MAPK1,mir_regulates_mrna,
MIMAT0017981,MAPK1,mir_regulates_mrna,
MIMAT0018088,MAPK1,mir_regulates_mrna,
MIMAT0018351,MAPK1,mir_regulates_mrna,
MIMAT0018933,MAPK1,mir_regulates_mrna,
MIMAT0018945,MAPK1,mir_regulates_mrna,
MIMAT0018949,MAPK1,mir_regulates_mrna,
MIMAT0018972,MAPK1,mir_regulates_mrna,
MIMAT0018985,MAPK1,mir_regulates_mrna,
MIMAT0019051,MAPK1,mir_regulates_mrna,
MIMAT0019695,MAPK1,mir_regulates_mrna,
MIMAT0019757,MAPK1,mir_regulates_mrna,
MIMAT0019778,MAPK1,mir_regulates_mrna,
MIMAT0019789,MAPK1,mir_regulates_mrna,
MIMAT0019871,MAPK1,mir_regulates_mrna,
MIMAT0019924,MAPK1,mir_regulates_mrna,
MIMAT0019948,MAPK1,mir_regulates_mrna,
MIMAT0019971,MAPK1,mir_regulates_mrna,
MIMAT0021019,MAPK1,mir_regulates_mrna,
MIMAT0021121,MAPK1,mir_regulates_mrna,
MIMAT0023710,MAPK1,mir_regulates_mrna,
MIMAT0023713,MAPK1,mir_regulates_mrna,
MIMAT0025451,MAPK1,mir_regulates_mrna,
MIMAT0025481,MAPK1,mir_regulates_mrna,
MIMAT0027426,MAPK1,mir_regulates_mrna,
MIMAT0027455,MAPK1,mir_regulates_mrna,
MIMAT0027520,MAPK1,mir_regulates_mrna,
MIMAT0027526,MAPK1,mir_regulates_mrna,
MIMAT0027606,MAPK1,mir_regulates_mrna,
MIMAT0027616,MAPK1,mir_regulates_mrna,
MIMAT0027625,MAPK1,mir_regulates_mrna,
MIMAT0027635,MAPK1,mir_regulates_mrna,
MIMAT0027667,MAPK1,mir_regulates_mrna,
MIMAT0028120,MAPK1,mir_regulates_mrna,
MIMAT0019893,MAPK1,mir_regulates_mrna,
MIMAT0022275,MAPK1,mir_regulates_mrna,
MIMAT0000435,MAPK7,mir_regulates_mrna,
MIMAT0004945,MAPK7,mir_regulates_mrna,
MIMAT0001412,MAPK13,mir_regulates_mrna,
MIMAT0019053,MAPK13,mir_regulates_mrna,
MIMAT0019908,MAPK13,mir_regulates_mrna,
MIMAT0021043,MAPK13,mir_regulates_mrna,
MIMAT0022297,MAPK13,mir_regulates_mrna,
MIMAT0027490,MAPK13,mir_regulates_mrna,
MIMAT0027496,MAPK13,mir_regulates_mrna,
MIMAT0002820,MAP2K1,mir_regulates_mrna,
MIMAT0027612,MAP2K1,mir_regulates_mrna,
MIMAT0000089,RASA1,mir_regulates_mrna,
MIMAT0000271,RASA1,mir_regulates_mrna,
MIMAT0000416,RASA1,mir_regulates_mrna,
MIMAT0003316,MAP3K7,mir_regulates_mrna,
MIMAT0013517,MAP3K7,mir_regulates_mrna,
MIMAT0022298,MAP3K7,mir_regulates_mrna,
MIMAT0022489,MAP3K7,mir_regulates_mrna,
MIMAT0000069,MAP3K7,mir_regulates_mrna,
MIMAT0027686,MAP3K7,mir_regulates_mrna,
MIMAT0000092,ARRB1,mir_regulates_mrna,
MIMAT0004508,ARRB1,mir_regulates_mrna,
MIMAT0004602,ARRB1,mir_regulates_mrna,
MIMAT0002807,ARRB1,mir_regulates_mrna,
MIMAT0003312,ARRB1,mir_regulates_mrna,
MIMAT0003945,ARRB1,mir_regulates_mrna,
MIMAT0007348,ARRB1,mir_regulates_mrna,
MIMAT0026921,ARRB1,mir_regulates_mrna,
MIMAT0015023,ARRB1,mir_regulates_mrna,
MIMAT0015052,ARRB1,mir_regulates_mrna,
MIMAT0018349,ARRB1,mir_regulates_mrna,
MIMAT0018996,ARRB1,mir_regulates_mrna,
MIMAT0027038,ARRB1,mir_regulates_mrna,
MIMAT0019938,ARRB1,mir_regulates_mrna,
MIMAT0024599,ARRB1,mir_regulates_mrna,
MIMAT0027426,ARRB1,mir_regulates_mrna,
MIMAT0027508,ARRB1,mir_regulates_mrna,
MIMAT0027675,ARRB1,mir_regulates_mrna,
MIMAT0027685,ARRB1,mir_regulates_mrna,
MIMAT0028109,ARRB1,mir_regulates_mrna,
MIMAT0010367,ARRB1,mir_regulates_mrna,
MIMAT0019225,ARRB1,mir_regulates_mrna,
MIMAT0019700,ARRB1,mir_regulates_mrna,
MIMAT0019744,ARRB1,mir_regulates_mrna,
MIMAT0019763,DUSP3,mir_regulates_mrna,
MIMAT0027514,DUSP3,mir_regulates_mrna,
MIMAT0027595,DUSP3,mir_regulates_mrna,
MIMAT0000451,FLT3,mir_regulates_mrna,
MIMAT0018980,DUSP1,mir_regulates_mrna,
MIMAT0000070,DUSP2,mir_regulates_mrna,
MIMAT0000075,DUSP2,mir_regulates_mrna,
MIMAT0000103,DUSP2,mir_regulates_mrna,
MIMAT0000680,DUSP2,mir_regulates_mrna,
MIMAT0000726,DUSP2,mir_regulates_mrna,
MIMAT0001413,DUSP2,mir_regulates_mrna,
MIMAT0019939,DUSP2,mir_regulates_mrna,
MIMAT0027573,DUSP2,mir_regulates_mrna,
MIMAT0027690,DUSP2,mir_regulates_mrna,
MIMAT0000765,DUSP5,mir_regulates_mrna,
MIMAT0002821,DUSP5,mir_regulates_mrna,
MIMAT0005589,DUSP8,mir_regulates_mrna,
MIMAT0015028,DUSP8,mir_regulates_mrna,
MIMAT0019019,DUSP8,mir_regulates_mrna,
MIMAT0003307,EFNA1,mir_regulates_mrna,
MIMAT0027363,EFNA1,mir_regulates_mrna,
MIMAT0027516,EFNA1,mir_regulates_mrna,
MIMAT0027686,EFNA1,mir_regulates_mrna,
MIMAT0004508,EFNA1,mir_regulates_mrna,
MIMAT0004674,EFNA1,mir_regulates_mrna,
MIMAT0002823,EFNA1,mir_regulates_mrna,
MIMAT0015023,EFNA1,mir_regulates_mrna,
MIMAT0019079,EFNA1,mir_regulates_mrna,
MIMAT0027550,EFNA1,mir_regulates_mrna,
MIMAT0004703,FGF10,mir_regulates_mrna,
MIMAT0002808,FGF10,mir_regulates_mrna,
MIMAT0002860,FGF10,mir_regulates_mrna,
MIMAT0006778,FGF10,mir_regulates_mrna,
MIMAT0004959,FGF10,mir_regulates_mrna,
MIMAT0027561,FGF10,mir_regulates_mrna,
MIMAT0028214,FGF10,mir_regulates_mrna,
MIMAT0030020,FGF10,mir_regulates_mrna,
MIMAT0000063,NFATC3,mir_regulates_mrna,
MIMAT0000762,NFATC3,mir_regulates_mrna,
MIMAT0002841,NFATC3,mir_regulates_mrna,
MIMAT0026736,NFATC3,mir_regulates_mrna,
MIMAT0015028,NFATC3,mir_regulates_mrna,
MIMAT0000068,RPS6KA3,mir_regulates_mrna,
MIMAT0000258,RPS6KA3,mir_regulates_mrna,
MIMAT0000417,RPS6KA3,mir_regulates_mrna,
MIMAT0002842,RPS6KA3,mir_regulates_mrna,
MIMAT0003306,RPS6KA3,mir_regulates_mrna,
MIMAT0005794,RPS6KA3,mir_regulates_mrna,
MIMAT0003948,RPS6KA3,mir_regulates_mrna,
MIMAT0005592,RPS6KA3,mir_regulates_mrna,
MIMAT0014988,RPS6KA3,mir_regulates_mrna,
MIMAT0019836,RPS6KA3,mir_regulates_mrna,
MIMAT0019842,RPS6KA3,mir_regulates_mrna,
MIMAT0024782,RPS6KA3,mir_regulates_mrna,
MIMAT0027416,RPS6KA3,mir_regulates_mrna,
MIMAT0027612,RPS6KA3,mir_regulates_mrna,
MIMAT0027618,RPS6KA3,mir_regulates_mrna,
MIMAT0004508,TRAF6,mir_regulates_mrna,
MIMAT0000443,TRAF6,mir_regulates_mrna,
MIMAT0003385,TRAF6,mir_regulates_mrna,
MIMAT0002809,TRAF6,mir_regulates_mrna,
MIMAT0002871,TRAF6,mir_regulates_mrna,
MIMAT0004784,TRAF6,mir_regulates_mrna,
MIMAT0005892,TRAF6,mir_regulates_mrna,
MIMAT0032029,TRAF6,mir_regulates_mrna,
MIMAT0005904,TRAF6,mir_regulates_mrna,
MIMAT0015052,TRAF6,mir_regulates_mrna,
MIMAT0015089,TRAF6,mir_regulates_mrna,
MIMAT0019008,TRAF6,mir_regulates_mrna,
MIMAT0022484,TRAF6,mir_regulates_mrna,
MIMAT0023711,TRAF6,mir_regulates_mrna,
MIMAT0024610,TRAF6,mir_regulates_mrna,
MIMAT0024617,TRAF6,mir_regulates_mrna,
MIMAT0024618,TRAF6,mir_regulates_mrna,
MIMAT0025451,TRAF6,mir_regulates_mrna,
MIMAT0027396,TRAF6,mir_regulates_mrna,
MIMAT0027426,TRAF6,mir_regulates_mrna,
MIMAT0027432,TRAF6,mir_regulates_mrna,
MIMAT0027438,TRAF6,mir_regulates_mrna,
MIMAT0027470,TRAF6,mir_regulates_mrna,
MIMAT0027498,TRAF6,mir_regulates_mrna,
MIMAT0027550,TRAF6,mir_regulates_mrna,
MIMAT0027602,TRAF6,mir_regulates_mrna,
MIMAT0027660,TRAF6,mir_regulates_mrna,
MIMAT0000428,TRAF6,mir_regulates_mrna,
MIMAT0022721,TRAF6,mir_regulates_mrna,
MIMAT0019849,TRAF6,mir_regulates_mrna,
MIMAT0027391,TRAF6,mir_regulates_mrna,
MIMAT0027638,TRAF6,mir_regulates_mrna,
MIMAT0027656,TRAF6,mir_regulates_mrna,
MIMAT0004761,MAPKAPK2,mir_regulates_mrna,
MIMAT0003302,MAPKAPK2,mir_regulates_mrna,
MIMAT0019977,MAPKAPK2,mir_regulates_mrna,
MIMAT0027456,MAPKAPK2,mir_regulates_mrna,
MIMAT0027554,MAPKAPK2,mir_regulates_mrna,
MIMAT0002173,MAPKAPK2,mir_regulates_mrna,
MIMAT0022295,MAPKAPK2,mir_regulates_mrna,
MIMAT0027636,MAPKAPK2,mir_regulates_mrna,
MIMAT0005929,EFNA3,mir_regulates_mrna,
MIMAT0011778,EFNA3,mir_regulates_mrna,
MIMAT0016884,EFNA3,mir_regulates_mrna,
MIMAT0019064,EFNA3,mir_regulates_mrna,
MIMAT0019878,EFNA3,mir_regulates_mrna,
MIMAT0027456,EFNA3,mir_regulates_mrna,
MIMAT0027550,EFNA3,mir_regulates_mrna,
MIMAT0027640,EFNA3,mir_regulates_mrna,
MIMAT0028109,EFNA3,mir_regulates_mrna,
MIMAT0028119,EFNA3,mir_regulates_mrna,
MIMAT0004674,FGF19,mir_regulates_mrna,
MIMAT0003320,FGF19,mir_regulates_mrna,
MIMAT0010313,FGF19,mir_regulates_mrna,
MIMAT0005884,FGF19,mir_regulates_mrna,
MIMAT0015076,FGF19,mir_regulates_mrna,
MIMAT0022967,FGF19,mir_regulates_mrna,
MIMAT0018087,FGF19,mir_regulates_mrna,
MIMAT0018965,FGF19,mir_regulates_mrna,
MIMAT0019835,FGF19,mir_regulates_mrna,
MIMAT0021021,FGF19,mir_regulates_mrna,
MIMAT0027438,FGF19,mir_regulates_mrna,
MIMAT0027538,FGF19,mir_regulates_mrna,
MIMAT0027558,FGF19,mir_regulates_mrna,
MIMAT0027620,FGF19,mir_regulates_mrna,
MIMAT0030429,FGF19,mir_regulates_mrna,
MIMAT0000075,CRK,mir_regulates_mrna,
MIMAT0004674,CRK,mir_regulates_mrna,
MIMAT0000718,CRK,mir_regulates_mrna,
MIMAT0001629,CRK,mir_regulates_mrna,
MIMAT0002822,CRK,mir_regulates_mrna,
MIMAT0031074,CRK,mir_regulates_mrna,
MIMAT0026617,CRK,mir_regulates_mrna,
MIMAT0026621,CRK,mir_regulates_mrna,
MIMAT0003310,CRK,mir_regulates_mrna,
MIMAT0022720,CRK,mir_regulates_mrna,
MIMAT0015008,CRK,mir_regulates_mrna,
MIMAT0015041,CRK,mir_regulates_mrna,
MIMAT0015066,CRK,mir_regulates_mrna,
MIMAT0016871,CRK,mir_regulates_mrna,
MIMAT0016915,CRK,mir_regulates_mrna,
MIMAT0018004,CRK,mir_regulates_mrna,
MIMAT0018987,CRK,mir_regulates_mrna,
MIMAT0019021,CRK,mir_regulates_mrna,
MIMAT0019844,CRK,mir_regulates_mrna,
MIMAT0021128,CRK,mir_regulates_mrna,
MIMAT0027363,CRK,mir_regulates_mrna,
MIMAT0027520,CRK,mir_regulates_mrna,
MIMAT0027543,CRK,mir_regulates_mrna,
MIMAT0027572,CRK,mir_regulates_mrna,
MIMAT0027687,CRK,mir_regulates_mrna,
MIMAT0030426,CRK,mir_regulates_mrna,
MIMAT0031012,CRK,mir_regulates_mrna,
MIMAT0003288,CRK,mir_regulates_mrna,
MIMAT0005792,CRK,mir_regulates_mrna,
MIMAT0026917,CRK,mir_regulates_mrna,
MIMAT0015037,CRK,mir_regulates_mrna,
MIMAT0016881,CRK,mir_regulates_mrna,
MIMAT0017986,CRK,mir_regulates_mrna,
MIMAT0018930,CRK,mir_regulates_mrna,
MIMAT0019882,CRK,mir_regulates_mrna,
MIMAT0019962,CRK,mir_regulates_mrna,
MIMAT0027426,CRK,mir_regulates_mrna,
MIMAT0027476,CRK,mir_regulates_mrna,
MIMAT0027583,CRK,mir_regulates_mrna,
MIMAT0027614,CRK,mir_regulates_mrna,
MIMAT0030416,CRK,mir_regulates_mrna,
MIMAT0000071,CRKL,mir_regulates_mrna,
MIMAT0031890,CRKL,mir_regulates_mrna,
MIMAT0004565,CRKL,mir_regulates_mrna,
MIMAT0000418,CRKL,mir_regulates_mrna,
MIMAT0004599,CRKL,mir_regulates_mrna,
MIMAT0002175,CRKL,mir_regulates_mrna,
MIMAT0002882,CRKL,mir_regulates_mrna,
MIMAT0003291,CRKL,mir_regulates_mrna,
MIMAT0003320,CRKL,mir_regulates_mrna,
MIMAT0010367,CRKL,mir_regulates_mrna,
MIMAT0026720,CRKL,mir_regulates_mrna,
MIMAT0004952,CRKL,mir_regulates_mrna,
MIMAT0005869,CRKL,mir_regulates_mrna,
MIMAT0006767,CRKL,mir_regulates_mrna,
MIMAT0016886,CRKL,mir_regulates_mrna,
MIMAT0018089,CRKL,mir_regulates_mrna,
MIMAT0018122,CRKL,mir_regulates_mrna,
MIMAT0018206,CRKL,mir_regulates_mrna,
MIMAT0018349,CRKL,mir_regulates_mrna,
MIMAT0019712,CRKL,mir_regulates_mrna,
MIMAT0019788,CRKL,mir_regulates_mrna,
MIMAT0019799,CRKL,mir_regulates_mrna,
MIMAT0019966,CRKL,mir_regulates_mrna,
MIMAT0027345,CRKL,mir_regulates_mrna,
MIMAT0027386,CRKL,mir_regulates_mrna,
MIMAT0027389,CRKL,mir_regulates_mrna,
MIMAT0027460,CRKL,mir_regulates_mrna,
MIMAT0027578,CRKL,mir_regulates_mrna,
MIMAT0027668,CRKL,mir_regulates_mrna,
MIMAT0027686,CRKL,mir_regulates_mrna,
MIMAT0028121,CRKL,mir_regulates_mrna,
MIMAT0028227,CRKL,mir_regulates_mrna,
MIMAT0000763,FOS,mir_regulates_mrna,
MIMAT0015378,FOS,mir_regulates_mrna,
MIMAT0028213,FOS,mir_regulates_mrna,
MIMAT0031180,HSPA1B,mir_regulates_mrna,
MIMAT0000443,MAP3K1,mir_regulates_mrna,
MIMAT0019759,MAP3K1,mir_regulates_mrna,
MIMAT0027583,TAB1,mir_regulates_mrna,
MIMAT0019862,TAB1,mir_regulates_mrna,
MIMAT0027663,TAB1,mir_regulates_mrna,
MIMAT0027681,TAB1,mir_regulates_mrna,
MIMAT0000255,RRAS,mir_regulates_mrna,
MIMAT0000422,RRAS,mir_regulates_mrna,
MIMAT0005892,RRAS,mir_regulates_mrna,
MIMAT0004680,HSPA8,mir_regulates_mrna,
MIMAT0000244,RAC1,mir_regulates_mrna,
MIMAT0001343,RAC1,mir_regulates_mrna,
MIMAT0003247,RAC1,mir_regulates_mrna,
MIMAT0003320,RAC1,mir_regulates_mrna,
MIMAT0004947,RAC1,mir_regulates_mrna,
MIMAT0015052,RAC1,mir_regulates_mrna,
MIMAT0018114,RAC1,mir_regulates_mrna,
MIMAT0027520,RAC1,mir_regulates_mrna,
MIMAT0027550,RAC1,mir_regulates_mrna,
MIMAT0000759,SOS2,mir_regulates_mrna,
MIMAT0027633,SOS2,mir_regulates_mrna,
MIMAT0003884,DUSP10,mir_regulates_mrna,
MIMAT0022946,MAPK8IP2,mir_regulates_mrna,
MIMAT0019791,MAPK8IP2,mir_regulates_mrna,
MIMAT0031004,MAPK8IP2,mir_regulates_mrna,
MIMAT0004795,PDGFC,mir_regulates_mrna,
MIMAT0000257,NLK,mir_regulates_mrna,
MIMAT0026740,NLK,mir_regulates_mrna,
MIMAT0015032,NLK,mir_regulates_mrna,
MIMAT0027536,NLK,mir_regulates_mrna,
MIMAT0007888,MAP3K20,mir_regulates_mrna,
MIMAT0027499,MAP3K20,mir_regulates_mrna,
MIMAT0019886,MAP3K20,mir_regulates_mrna,
MIMAT0019214,MAP3K20,mir_regulates_mrna,
MIMAT0027405,MAP3K20,mir_regulates_mrna,
MIMAT0031179,MAP3K20,mir_regulates_mrna,
MIMAT0004564,MKNK2,mir_regulates_mrna,
MIMAT0000419,MKNK2,mir_regulates_mrna,
MIMAT0004748,MKNK2,mir_regulates_mrna,
MIMAT0004986,MKNK2,mir_regulates_mrna,
MIMAT0005825,MKNK2,mir_regulates_mrna,
MIMAT0005907,MKNK2,mir_regulates_mrna,
MIMAT0015377,MKNK2,mir_regulates_mrna,
MIMAT0015014,MKNK2,mir_regulates_mrna,
MIMAT0018006,MKNK2,mir_regulates_mrna,
MIMAT0018081,MKNK2,mir_regulates_mrna,
MIMAT0020956,MKNK2,mir_regulates_mrna,
MIMAT0019716,MKNK2,mir_regulates_mrna,
MIMAT0019781,MKNK2,mir_regulates_mrna,
MIMAT0019844,MKNK2,mir_regulates_mrna,
MIMAT0022979,MKNK2,mir_regulates_mrna,
MIMAT0023702,MKNK2,mir_regulates_mrna,
MIMAT0024617,MKNK2,mir_regulates_mrna,
MIMAT0025852,MKNK2,mir_regulates_mrna,
MIMAT0027454,MKNK2,mir_regulates_mrna,
MIMAT0027470,MKNK2,mir_regulates_mrna,
MIMAT0027516,MKNK2,mir_regulates_mrna,
MIMAT0027666,MKNK2,mir_regulates_mrna,
MIMAT0030413,MKNK2,mir_regulates_mrna,
MIMAT0004611,MKNK2,mir_regulates_mrna,
MIMAT0019955,MKNK2,mir_regulates_mrna,
MIMAT0027431,MKNK2,mir_regulates_mrna,
MIMAT0000104,GNG12,mir_regulates_mrna,
MIMAT0000273,GNG12,mir_regulates_mrna,
MIMAT0004748,GNG12,mir_regulates_mrna,
MIMAT0002833,GNG12,mir_regulates_mrna,
MIMAT0003249,GNG12,mir_regulates_mrna,
MIMAT0005827,GNG12,mir_regulates_mrna,
MIMAT0005878,GNG12,mir_regulates_mrna,
MIMAT0019201,GNG12,mir_regulates_mrna,
MIMAT0018109,GNG12,mir_regulates_mrna,
MIMAT0018985,GNG12,mir_regulates_mrna,
MIMAT0019709,GNG12,mir_regulates_mrna,
MIMAT0019841,GNG12,mir_regulates_mrna,
MIMAT0027578,GNG12,mir_regulates_mrna,
MIMAT0030990,GNG12,mir_regulates_mrna,
MIMAT0031007,GNG12,mir_regulates_mrna,
MIMAT0000068,TAOK1,mir_regulates_mrna,
MIMAT0000069,TAOK1,mir_regulates_mrna,
MIMAT0022691,TAOK1,mir_regulates_mrna,
MIMAT0022844,TAOK1,mir_regulates_mrna,
MIMAT0000417,TAOK1,mir_regulates_mrna,
MIMAT0004588,TAOK1,mir_regulates_mrna,
MIMAT0000424,TAOK1,mir_regulates_mrna,
MIMAT0000441,TAOK1,mir_regulates_mrna,
MIMAT0004602,TAOK1,mir_regulates_mrna,
MIMAT0000455,TAOK1,mir_regulates_mrna,
MIMAT0000461,TAOK1,mir_regulates_mrna,
MIMAT0000684,TAOK1,mir_regulates_mrna,
MIMAT0000715,TAOK1,mir_regulates_mrna,
MIMAT0000718,TAOK1,mir_regulates_mrna,
MIMAT0000724,TAOK1,mir_regulates_mrna,
MIMAT0001412,TAOK1,mir_regulates_mrna,
MIMAT0004767,TAOK1,mir_regulates_mrna,
MIMAT0002820,TAOK1,mir_regulates_mrna,
MIMAT0002838,TAOK1,mir_regulates_mrna,
MIMAT0002846,TAOK1,mir_regulates_mrna,
MIMAT0002856,TAOK1,mir_regulates_mrna,
MIMAT0003255,TAOK1,mir_regulates_mrna,
MIMAT0026622,TAOK1,mir_regulates_mrna,
MIMAT0003316,TAOK1,mir_regulates_mrna,
MIMAT0026734,TAOK1,mir_regulates_mrna,
MIMAT0022942,TAOK1,mir_regulates_mrna,
MIMAT0005898,TAOK1,mir_regulates_mrna,
MIMAT0005929,TAOK1,mir_regulates_mrna,
MIMAT0014997,TAOK1,mir_regulates_mrna,
MIMAT0015002,TAOK1,mir_regulates_mrna,
MIMAT0015039,TAOK1,mir_regulates_mrna,
MIMAT0019215,TAOK1,mir_regulates_mrna,
MIMAT0016886,TAOK1,mir_regulates_mrna,
MIMAT0018088,TAOK1,mir_regulates_mrna,
MIMAT0018203,TAOK1,mir_regulates_mrna,
MIMAT0019003,TAOK1,mir_regulates_mrna,
MIMAT0019043,TAOK1,mir_regulates_mrna,
MIMAT0019062,TAOK1,mir_regulates_mrna,
MIMAT0019730,TAOK1,mir_regulates_mrna,
MIMAT0019769,TAOK1,mir_regulates_mrna,
MIMAT0019838,TAOK1,mir_regulates_mrna,
MIMAT0019861,TAOK1,mir_regulates_mrna,
MIMAT0019891,TAOK1,mir_regulates_mrna,
MIMAT0019960,TAOK1,mir_regulates_mrna,
MIMAT0021043,TAOK1,mir_regulates_mrna,
MIMAT0021045,TAOK1,mir_regulates_mrna,
MIMAT0021081,TAOK1,mir_regulates_mrna,
MIMAT0022491,TAOK1,mir_regulates_mrna,
MIMAT0025857,TAOK1,mir_regulates_mrna,
MIMAT0027395,TAOK1,mir_regulates_mrna,
MIMAT0027438,TAOK1,mir_regulates_mrna,
MIMAT0027475,TAOK1,mir_regulates_mrna,
MIMAT0027514,TAOK1,mir_regulates_mrna,
MIMAT0027577,TAOK1,mir_regulates_mrna,
MIMAT0027607,TAOK1,mir_regulates_mrna,
MIMAT0027620,TAOK1,mir_regulates_mrna,
MIMAT0027634,TAOK1,mir_regulates_mrna,
MIMAT0027640,TAOK1,mir_regulates_mrna,
MIMAT0027652,TAOK1,mir_regulates_mrna,
MIMAT0027660,TAOK1,mir_regulates_mrna,
MIMAT0028213,TAOK1,mir_regulates_mrna,
MIMAT0030992,TAOK1,mir_regulates_mrna,
MIMAT0004919,TAOK1,mir_regulates_mrna,
MIMAT0015052,TAOK1,mir_regulates_mrna,
MIMAT0016916,TAOK1,mir_regulates_mrna,
MIMAT0019072,TAOK1,mir_regulates_mrna,
MIMAT0019739,TAOK1,mir_regulates_mrna,
MIMAT0019798,TAOK1,mir_regulates_mrna,
MIMAT0019799,TAOK1,mir_regulates_mrna,
MIMAT0019912,TAOK1,mir_regulates_mrna,
MIMAT0027391,TAOK1,mir_regulates_mrna,
MIMAT0027543,TAOK1,mir_regulates_mrna,
MIMAT0028119,TAOK1,mir_regulates_mrna,
MIMAT0031012,TAOK1,mir_regulates_mrna,
MIMAT0000418,PPM1A,mir_regulates_mrna,
MIMAT0000097,PPM1A,mir_regulates_mrna,
MIMAT0002174,PPM1A,mir_regulates_mrna,
MIMAT0002874,PPM1A,mir_regulates_mrna,
MIMAT0004780,PPM1A,mir_regulates_mrna,
MIMAT0022707,PPM1A,mir_regulates_mrna,
MIMAT0003271,PPM1A,mir_regulates_mrna,
MIMAT0003316,PPM1A,mir_regulates_mrna,
MIMAT0005949,PPM1A,mir_regulates_mrna,
MIMAT0019213,PPM1A,mir_regulates_mrna,
MIMAT0018989,PPM1A,mir_regulates_mrna,
MIMAT0033692,PPM1A,mir_regulates_mrna,
MIMAT0022255,PPM1A,mir_regulates_mrna,
MIMAT0021039,TRAF2,mir_regulates_mrna,
MIMAT0027041,TRAF2,mir_regulates_mrna,
MIMAT0000063,CACNG8,mir_regulates_mrna,
MIMAT0000227,CACNG8,mir_regulates_mrna,
MIMAT0004550,CACNG8,mir_regulates_mrna,
MIMAT0000265,CACNG8,mir_regulates_mrna,
MIMAT0004589,CACNG8,mir_regulates_mrna,
MIMAT0004599,CACNG8,mir_regulates_mrna,
MIMAT0004676,CACNG8,mir_regulates_mrna,
MIMAT0004687,CACNG8,mir_regulates_mrna,
MIMAT0000732,CACNG8,mir_regulates_mrna,
MIMAT0001629,CACNG8,mir_regulates_mrna,
MIMAT0004792,CACNG8,mir_regulates_mrna,
MIMAT0003284,CACNG8,mir_regulates_mrna,
MIMAT0003310,CACNG8,mir_regulates_mrna,
MIMAT0022711,CACNG8,mir_regulates_mrna,
MIMAT0018926,CACNG8,mir_regulates_mrna,
MIMAT0026720,CACNG8,mir_regulates_mrna,
MIMAT0004952,CACNG8,mir_regulates_mrna,
MIMAT0004983,CACNG8,mir_regulates_mrna,
MIMAT0005891,CACNG8,mir_regulates_mrna,
MIMAT0011157,CACNG8,mir_regulates_mrna,
MIMAT0019198,CACNG8,mir_regulates_mrna,
MIMAT0019200,CACNG8,mir_regulates_mrna,
MIMAT0014999,CACNG8,mir_regulates_mrna,
MIMAT0016879,CACNG8,mir_regulates_mrna,
MIMAT0016884,CACNG8,mir_regulates_mrna,
MIMAT0019220,CACNG8,mir_regulates_mrna,
MIMAT0018181,CACNG8,mir_regulates_mrna,
MIMAT0018932,CACNG8,mir_regulates_mrna,
MIMAT0018949,CACNG8,mir_regulates_mrna,
MIMAT0019006,CACNG8,mir_regulates_mrna,
MIMAT0019007,CACNG8,mir_regulates_mrna,
MIMAT0019717,CACNG8,mir_regulates_mrna,
MIMAT0019788,CACNG8,mir_regulates_mrna,
MIMAT0019895,CACNG8,mir_regulates_mrna,
MIMAT0019920,CACNG8,mir_regulates_mrna,
MIMAT0021124,CACNG8,mir_regulates_mrna,
MIMAT0025455,CACNG8,mir_regulates_mrna,
MIMAT0025465,CACNG8,mir_regulates_mrna,
MIMAT0025485,CACNG8,mir_regulates_mrna,
MIMAT0027381,CACNG8,mir_regulates_mrna,
MIMAT0027382,CACNG8,mir_regulates_mrna,
MIMAT0027417,CACNG8,mir_regulates_mrna,
MIMAT0027433,CACNG8,mir_regulates_mrna,
MIMAT0027458,CACNG8,mir_regulates_mrna,
MIMAT0027460,CACNG8,mir_regulates_mrna,
MIMAT0027519,CACNG8,mir_regulates_mrna,
MIMAT0027535,CACNG8,mir_regulates_mrna,
MIMAT0027543,CACNG8,mir_regulates_mrna,
MIMAT0027565,CACNG8,mir_regulates_mrna,
MIMAT0027588,CACNG8,mir_regulates_mrna,
MIMAT0027668,CACNG8,mir_regulates_mrna,
MIMAT0027689,CACNG8,mir_regulates_mrna,
MIMAT0027691,CACNG8,mir_regulates_mrna,
MIMAT0030415,CACNG8,mir_regulates_mrna,
MIMAT0019857,CACNG6,mir_regulates_mrna,
MIMAT0019883,MAP3K21,mir_regulates_mrna,
MIMAT0019001,PLA2G4D,mir_regulates_mrna,
MIMAT0031119,PLA2G4D,mir_regulates_mrna,
MIMAT0000092,PLA2G4F,mir_regulates_mrna,
