#node1,node2,node1_string_id,node2_string_id,combined_score
ABAT,SGPL1,9606.ENSP00000379845,9606.ENSP00000362298,0.581
ABCA1,SPTLC2,9606.ENSP00000363868,9606.ENSP00000216484,0.587
ABCA1,AGO2,9606.ENSP00000363868,9606.ENSP00000220592,0.637
ABCA1,CANX,9606.ENSP00000363868,9606.ENSP00000247461,0.454
ABCA1,SQLE,9606.ENSP00000363868,9606.ENSP00000265896,0.524
ABCA1,DMD,9606.ENSP00000363868,9606.ENSP00000354923,0.567
ABCA1,TBL1XR1,9606.ENSP00000363868,9606.ENSP00000405574,0.447
ABCA1,ATP8B1,9606.ENSP00000363868,9606.ENSP00000497896,0.545
ABCA1,RHOA,9606.ENSP00000363868,9606.ENSP00000400175,0.546
ABCA1,ESR1,9606.ENSP00000363868,9606.ENSP00000405330,0.613
ABHD17C,LYPLA1,9606.ENSP00000258884,9606.ENSP00000320043,0.69
ABHD2,LYPLA1,9606.ENSP00000268129,9606.ENSP00000320043,0.422
ACACB,THRSP,9606.ENSP00000341044,9606.ENSP00000281030,0.67
ACACB,GLUL,9606.ENSP00000341044,9606.ENSP00000307900,0.41
ACACB,RGS1,9606.ENSP00000341044,9606.ENSP00000356429,0.422
ACACB,MCCC2,9606.ENSP00000341044,9606.ENSP00000343657,0.766
ACACB,ALDH18A1,9606.ENSP00000341044,9606.ENSP00000360268,0.785
ACACB,ACLY,9606.ENSP00000341044,9606.ENSP00000466259,0.97
ACLY,PCK1,9606.ENSP00000466259,9606.ENSP00000319814,0.959
ACLY,MLXIPL,9606.ENSP00000466259,9606.ENSP00000320886,0.911
ACLY,SDHC,9606.ENSP00000466259,9606.ENSP00000356953,0.95
ACLY,HSP90AB1,9606.ENSP00000466259,9606.ENSP00000360609,0.42
ACTR2,GPRC5A,9606.ENSP00000367220,9606.ENSP00000014914,0.422
ACTR2,MAPK1,9606.ENSP00000367220,9606.ENSP00000215832,0.693
ACTR2,YWHAH,9606.ENSP00000367220,9606.ENSP00000248975,0.605
ACTR2,DSG2,9606.ENSP00000367220,9606.ENSP00000261590,0.44
ACTR2,PIK3C2A,9606.ENSP00000367220,9606.ENSP00000265970,0.51
ACTR2,ATP6V1A,9606.ENSP00000367220,9606.ENSP00000273398,0.405
ACTR2,CYBRD1,9606.ENSP00000367220,9606.ENSP00000319141,0.432
ACTR2,HIP1,9606.ENSP00000367220,9606.ENSP00000336747,0.415
ACTR2,EZR,9606.ENSP00000367220,9606.ENSP00000338934,0.426
ACTR2,GMFB,9606.ENSP00000367220,9606.ENSP00000350757,0.571
ACTR2,TAGLN2,9606.ENSP00000367220,9606.ENSP00000357076,0.51
ACTR2,MYO6,9606.ENSP00000367220,9606.ENSP00000358994,0.514
ACTR2,MAPRE1,9606.ENSP00000367220,9606.ENSP00000364721,0.459
ACTR2,DCTN4,9606.ENSP00000367220,9606.ENSP00000414906,0.404
ACTR2,SEPTIN2,9606.ENSP00000367220,9606.ENSP00000479861,0.411
ACTR2,DAAM1,9606.ENSP00000367220,9606.ENSP00000378557,0.443
ACTR2,TPM4,9606.ENSP00000367220,9606.ENSP00000494125,0.506
ACTR2,YWHAZ,9606.ENSP00000367220,9606.ENSP00000379287,0.53
ACTR2,ITGB1,9606.ENSP00000367220,9606.ENSP00000379350,0.559
ACTR2,TWF1,9606.ENSP00000367220,9606.ENSP00000449428,0.593
ACTR2,RHOA,9606.ENSP00000367220,9606.ENSP00000400175,0.647
ACTR2,ARPC4-TTLL3,9606.ENSP00000367220,9606.ENSP00000380427,0.777
ACTR2,CFL1,9606.ENSP00000367220,9606.ENSP00000432660,0.963
ADAM12,FBN1,9606.ENSP00000357668,9606.ENSP00000325527,0.445
ADAMTS2,COMP,9606.ENSP00000251582,9606.ENSP00000222271,0.436
ADAMTS2,COL1A1,9606.ENSP00000251582,9606.ENSP00000225964,0.936
ADAMTS2,MMP3,9606.ENSP00000251582,9606.ENSP00000299855,0.445
ADAMTS2,COL12A1,9606.ENSP00000251582,9606.ENSP00000325146,0.523
ADAMTS2,COL6A1,9606.ENSP00000251582,9606.ENSP00000355180,0.542
ADAMTS2,LOXL1,9606.ENSP00000251582,9606.ENSP00000261921,0.568
ADAMTS2,FN1,9606.ENSP00000251582,9606.ENSP00000346839,0.59
ADAMTS2,COL8A1,9606.ENSP00000251582,9606.ENSP00000261037,0.595
ADAMTS2,COL10A1,9606.ENSP00000251582,9606.ENSP00000327368,0.616
ADAMTS2,COL11A1,9606.ENSP00000251582,9606.ENSP00000359114,0.697
ADAMTS2,FBN1,9606.ENSP00000251582,9606.ENSP00000325527,0.736
ADAMTS2,COL5A2,9606.ENSP00000251582,9606.ENSP00000364000,0.797
ADAMTS2,COL5A1,9606.ENSP00000251582,9606.ENSP00000360882,0.826
ADAMTS2,COL1A2,9606.ENSP00000251582,9606.ENSP00000297268,0.946
ADAMTS5,COL1A1,9606.ENSP00000284987,9606.ENSP00000225964,0.55
ADAMTS5,TIMP3,9606.ENSP00000284987,9606.ENSP00000266085,0.888
ADAMTS5,COL11A1,9606.ENSP00000284987,9606.ENSP00000359114,0.414
ADAMTS5,FN1,9606.ENSP00000284987,9606.ENSP00000346839,0.442
ADAMTS5,COL10A1,9606.ENSP00000284987,9606.ENSP00000327368,0.662
ADAMTS5,MMP3,9606.ENSP00000284987,9606.ENSP00000299855,0.89
ADH1B,GSTM5,9606.ENSP00000306606,9606.ENSP00000256593,0.75
ADH1B,MAOA,9606.ENSP00000306606,9606.ENSP00000340684,0.946
ADH1B,ADH1C,9606.ENSP00000306606,9606.ENSP00000426083,0.986
ADH1C,GSTM5,9606.ENSP00000426083,9606.ENSP00000256593,0.738
ADH1C,MAOA,9606.ENSP00000426083,9606.ENSP00000340684,0.936
ADIPOQ,FABP4,9606.ENSP00000389814,9606.ENSP00000256104,0.942
ADIPOQ,MLXIPL,9606.ENSP00000389814,9606.ENSP00000320886,0.709
ADIPOQ,EBF1,9606.ENSP00000389814,9606.ENSP00000322898,0.61
ADIPOQ,MED23,9606.ENSP00000389814,9606.ENSP00000357047,0.507
ADM,GNB1,9606.ENSP00000436607,9606.ENSP00000367872,0.801
AGO2,FKBP4,9606.ENSP00000220592,9606.ENSP00000001008,0.525
AGO2,MAPK1,9606.ENSP00000220592,9606.ENSP00000215832,0.468
AGO2,SRSF1,9606.ENSP00000220592,9606.ENSP00000258962,0.419
AGO2,TOP2A,9606.ENSP00000220592,9606.ENSP00000411532,0.422
AGO2,DHX15,9606.ENSP00000220592,9606.ENSP00000336741,0.441
AGO2,HNRNPF,9606.ENSP00000220592,9606.ENSP00000400433,0.448
AGO2,TAB2,9606.ENSP00000220592,9606.ENSP00000356426,0.45
AGO2,YWHAZ,9606.ENSP00000220592,9606.ENSP00000379287,0.461
AGO2,TENT2,9606.ENSP00000220592,9606.ENSP00000397563,0.463
AGO2,MCL1,9606.ENSP00000220592,9606.ENSP00000358022,0.465
AGO2,RBM47,9606.ENSP00000220592,9606.ENSP00000295971,0.492
AGO2,FOS,9606.ENSP00000220592,9606.ENSP00000306245,0.497
AGO2,GREB1,9606.ENSP00000220592,9606.ENSP00000370896,0.499
AGO2,COL1A1,9606.ENSP00000220592,9606.ENSP00000225964,0.516
AGO2,PRKAR1A,9606.ENSP00000220592,9606.ENSP00000376475,0.518
AGO2,XRN2,9606.ENSP00000220592,9606.ENSP00000366396,0.54
AGO2,MBNL1,9606.ENSP00000220592,9606.ENSP00000282486,0.549
AGO2,H2BC4,9606.ENSP00000220592,9606.ENSP00000321744,0.566
AGO2,H2BC5,9606.ENSP00000220592,9606.ENSP00000289316,0.566
AGO2,H2BC9,9606.ENSP00000220592,9606.ENSP00000479169,0.568
AGO2,H2BS1,9606.ENSP00000220592,9606.ENSP00000481622,0.568
AGO2,H2BC11,9606.ENSP00000220592,9606.ENSP00000476136,0.57
AGO2,MAP3K7,9606.ENSP00000220592,9606.ENSP00000358335,0.571
AGO2,FKBP5,9606.ENSP00000220592,9606.ENSP00000444810,0.573
AGO2,H2AC18,9606.ENSP00000220592,9606.ENSP00000358155,0.578
AGO2,NOTCH2,9606.ENSP00000220592,9606.ENSP00000256646,0.6
AGO2,H2BC21,9606.ENSP00000220592,9606.ENSP00000358151,0.605
AGO2,ESR1,9606.ENSP00000220592,9606.ENSP00000405330,0.67
AGO2,P4HB,9606.ENSP00000220592,9606.ENSP00000327801,0.693
AGO2,HNRNPC,9606.ENSP00000220592,9606.ENSP00000451291,0.727
AGO2,PATL1,9606.ENSP00000220592,9606.ENSP00000300146,0.728
AGO2,TSN,9606.ENSP00000220592,9606.ENSP00000374332,0.952
AGO2,HSP90AB1,9606.ENSP00000220592,9606.ENSP00000360609,0.992
AGO2,DICER1,9606.ENSP00000220592,9606.ENSP00000437256,0.999
AGR2,CANX,9606.ENSP00000391490,9606.ENSP00000247461,0.569
AGR2,FOXA1,9606.ENSP00000391490,9606.ENSP00000250448,0.85
AGR2,YWHAE,9606.ENSP00000391490,9606.ENSP00000264335,0.51
AGR2,S100P,9606.ENSP00000391490,9606.ENSP00000296370,0.613
AGR2,P4HB,9606.ENSP00000391490,9606.ENSP00000327801,0.683
AGR2,MCCC2,9606.ENSP00000391490,9606.ENSP00000343657,0.538
AGR2,TAGLN2,9606.ENSP00000391490,9606.ENSP00000357076,0.536
AGR2,HSP90AB1,9606.ENSP00000391490,9606.ENSP00000360609,0.544
AGR2,PGK1,9606.ENSP00000391490,9606.ENSP00000362413,0.547
AGR2,AKR1C3,9606.ENSP00000391490,9606.ENSP00000369927,0.525
AGR2,YWHAZ,9606.ENSP00000391490,9606.ENSP00000379287,0.523
AGR2,RAB1A,9606.ENSP00000391490,9606.ENSP00000387286,0.525
AGR2,RAB5C,9606.ENSP00000391490,9606.ENSP00000447053,0.54
AGR2,ENO1,9606.ENSP00000391490,9606.ENSP00000495530,0.574
AGTRAP,EDNRB,9606.ENSP00000319713,9606.ENSP00000366416,0.458
AGTRAP,ESRP1,9606.ENSP00000319713,9606.ENSP00000405738,0.595
AKR1C3,SIAH2,9606.ENSP00000369927,9606.ENSP00000322457,0.673
ALDH18A1,GLUL,9606.ENSP00000360268,9606.ENSP00000307900,0.927
ALDH18A1,HSPD1,9606.ENSP00000360268,9606.ENSP00000340019,0.53
ALDH18A1,MCCC2,9606.ENSP00000360268,9606.ENSP00000343657,0.478
ALDH18A1,PRKAR1A,9606.ENSP00000360268,9606.ENSP00000376475,0.431
ALDH18A1,CKS2,9606.ENSP00000360268,9606.ENSP00000364976,0.585
ALDOC,PGK1,9606.ENSP00000378731,9606.ENSP00000362413,0.835
ALDOC,ENO1,9606.ENSP00000378731,9606.ENSP00000495530,0.951
ALDOC,FBP1,9606.ENSP00000378731,9606.ENSP00000408025,0.974
ALYREF,FYTTD1,9606.ENSP00000421592,9606.ENSP00000241502,0.93
ALYREF,FUS,9606.ENSP00000421592,9606.ENSP00000254108,0.453
ALYREF,SRSF1,9606.ENSP00000421592,9606.ENSP00000258962,0.984
ALYREF,MBNL1,9606.ENSP00000421592,9606.ENSP00000282486,0.578
ALYREF,DHX15,9606.ENSP00000421592,9606.ENSP00000336741,0.467
ALYREF,PRPF4B,9606.ENSP00000421592,9606.ENSP00000337194,0.839
ALYREF,CDC5L,9606.ENSP00000421592,9606.ENSP00000360532,0.787
ALYREF,SRSF3,9606.ENSP00000421592,9606.ENSP00000362820,0.95
ALYREF,PRPF4,9606.ENSP00000421592,9606.ENSP00000363313,0.666
ALYREF,XRN2,9606.ENSP00000421592,9606.ENSP00000366396,0.457
ALYREF,HNRNPF,9606.ENSP00000421592,9606.ENSP00000400433,0.835
ALYREF,SRSF10,9606.ENSP00000421592,9606.ENSP00000420195,0.539
ALYREF,HNRNPC,9606.ENSP00000421592,9606.ENSP00000451291,0.895
ANGPTL4,TGFB1,9606.ENSP00000301455,9606.ENSP00000221930,0.629
ANGPTL4,LIPE,9606.ENSP00000301455,9606.ENSP00000244289,0.463
ANGPTL4,FABP4,9606.ENSP00000301455,9606.ENSP00000256104,0.737
ANGPTL4,THBS1,9606.ENSP00000301455,9606.ENSP00000260356,0.405
ANGPTL4,LMF1,9606.ENSP00000301455,9606.ENSP00000262301,0.549
ANGPTL4,TBL1XR1,9606.ENSP00000301455,9606.ENSP00000405574,0.41
ANGPTL4,MED23,9606.ENSP00000301455,9606.ENSP00000357047,0.499
ANGPTL4,ITGB1,9606.ENSP00000301455,9606.ENSP00000379350,0.848
ANGPTL4,GPIHBP1,9606.ENSP00000301455,9606.ENSP00000480053,0.926
ANGPTL4,LPL,9606.ENSP00000301455,9606.ENSP00000497642,0.994
ANP32E,FYTTD1,9606.ENSP00000463154,9606.ENSP00000241502,0.437
ANP32E,PRKDC,9606.ENSP00000463154,9606.ENSP00000313420,0.403
ANP32E,H2BC21,9606.ENSP00000463154,9606.ENSP00000358151,0.66
ANP32E,MORF4L2,9606.ENSP00000463154,9606.ENSP00000394417,0.403
ANP32E,H2BC11,9606.ENSP00000463154,9606.ENSP00000476136,0.947
AOC3,MAOA,9606.ENSP00000312326,9606.ENSP00000340684,0.959
AP2B1,M6PR,9606.ENSP00000483185,9606.ENSP00000000412,0.522
AP2B1,CD74,9606.ENSP00000483185,9606.ENSP00000009530,0.524
AP2B1,VAMP3,9606.ENSP00000483185,9606.ENSP00000054666,0.555
AP2B1,MAPK1,9606.ENSP00000483185,9606.ENSP00000215832,0.635
AP2B1,VAMP7,9606.ENSP00000483185,9606.ENSP00000262640,0.585
AP2B1,SCARB2,9606.ENSP00000483185,9606.ENSP00000264896,0.525
AP2B1,SH3GL3,9606.ENSP00000483185,9606.ENSP00000320092,0.547
AP2B1,HIP1,9606.ENSP00000483185,9606.ENSP00000336747,0.836
AP2B1,EZR,9606.ENSP00000483185,9606.ENSP00000338934,0.557
AP2B1,MYO6,9606.ENSP00000483185,9606.ENSP00000358994,0.592
AP2B1,PICALM,9606.ENSP00000483185,9606.ENSP00000377015,0.908
AP2B1,NCALD,9606.ENSP00000483185,9606.ENSP00000379256,0.92
AP2B1,TF,9606.ENSP00000483185,9606.ENSP00000385834,0.512
AP2B1,TFAP2A,9606.ENSP00000483185,9606.ENSP00000501092,0.67
APPL1,RAB5A,9606.ENSP00000288266,9606.ENSP00000273047,0.999
APPL1,TRAPPC11,9606.ENSP00000288266,9606.ENSP00000335371,0.441
APPL1,RAB5C,9606.ENSP00000288266,9606.ENSP00000447053,0.462
APPL1,APPL2,9606.ENSP00000288266,9606.ENSP00000446917,0.989
APPL2,RAB5A,9606.ENSP00000446917,9606.ENSP00000273047,0.788
APPL2,RAB5C,9606.ENSP00000446917,9606.ENSP00000447053,0.68
AR,FKBP4,9606.ENSP00000363822,9606.ENSP00000001008,0.928
AR,RANBP9,9606.ENSP00000363822,9606.ENSP00000011619,0.588
AR,KRT14,9606.ENSP00000363822,9606.ENSP00000167586,0.488
AR,MAPK1,9606.ENSP00000363822,9606.ENSP00000215832,0.527
AR,FOXA1,9606.ENSP00000363822,9606.ENSP00000250448,0.996
AR,KRT5,9606.ENSP00000363822,9606.ENSP00000252242,0.631
AR,FUS,9606.ENSP00000363822,9606.ENSP00000254108,0.681
AR,DNAJB1,9606.ENSP00000363822,9606.ENSP00000254322,0.735
AR,SMARCC1,9606.ENSP00000363822,9606.ENSP00000254480,0.569
AR,LYVE1,9606.ENSP00000363822,9606.ENSP00000256178,0.621
AR,H2BC5,9606.ENSP00000363822,9606.ENSP00000289316,0.543
AR,REL,9606.ENSP00000363822,9606.ENSP00000295025,0.445
AR,HSPB2,9606.ENSP00000363822,9606.ENSP00000302476,0.738
AR,FOS,9606.ENSP00000363822,9606.ENSP00000306245,0.542
AR,ELF5,9606.ENSP00000363822,9606.ENSP00000311010,0.497
AR,PRKDC,9606.ENSP00000363822,9606.ENSP00000313420,0.672
AR,H2BC4,9606.ENSP00000363822,9606.ENSP00000321744,0.549
AR,SIAH2,9606.ENSP00000363822,9606.ENSP00000322457,0.726
AR,PGR,9606.ENSP00000363822,9606.ENSP00000325120,0.766
AR,NRIP1,9606.ENSP00000363822,9606.ENSP00000327213,0.563
AR,TGIF1,9606.ENSP00000363822,9606.ENSP00000327959,0.608
AR,TAB2,9606.ENSP00000363822,9606.ENSP00000356426,0.414
AR,H2BC21,9606.ENSP00000363822,9606.ENSP00000358151,0.643
AR,H2AC18,9606.ENSP00000363822,9606.ENSP00000358155,0.66
AR,VAV3,9606.ENSP00000363822,9606.ENSP00000359073,0.4
AR,RUNX2,9606.ENSP00000363822,9606.ENSP00000360493,0.881
AR,HSP90AB1,9606.ENSP00000363822,9606.ENSP00000360609,0.999
AR,PGK1,9606.ENSP00000363822,9606.ENSP00000362413,0.621
AR,DCTN4,9606.ENSP00000363822,9606.ENSP00000414906,0.4
AR,TPD52,9606.ENSP00000363822,9606.ENSP00000429309,0.451
AR,BMPR1B,9606.ENSP00000363822,9606.ENSP00000401907,0.486
AR,H2BS1,9606.ENSP00000363822,9606.ENSP00000481622,0.537
AR,H2BC9,9606.ENSP00000363822,9606.ENSP00000479169,0.538
AR,H2BC11,9606.ENSP00000363822,9606.ENSP00000476136,0.538
AR,FKBP5,9606.ENSP00000363822,9606.ENSP00000444810,0.905
ARF4,ARFGEF1,9606.ENSP00000306010,9606.ENSP00000262215,0.415
ARF4,TMED2,9606.ENSP00000306010,9606.ENSP00000262225,0.727
ARF4,RAB5A,9606.ENSP00000306010,9606.ENSP00000273047,0.476
ARF4,RASA1,9606.ENSP00000306010,9606.ENSP00000274376,0.607
ARF4,ARFGEF2,9606.ENSP00000306010,9606.ENSP00000360985,0.463
ARF4,MORF4L2,9606.ENSP00000306010,9606.ENSP00000394417,0.485
ARF4,KIF26B,9606.ENSP00000306010,9606.ENSP00000385545,0.533
ARF4,DCTN4,9606.ENSP00000306010,9606.ENSP00000414906,0.57
ARF4,KDELR1,9606.ENSP00000306010,9606.ENSP00000329471,0.626
ARF4,KDELR3,9606.ENSP00000306010,9606.ENSP00000386918,0.708
ARF4,RAB1A,9606.ENSP00000306010,9606.ENSP00000387286,0.76
ARFGEF1,RHOA,9606.ENSP00000262215,9606.ENSP00000400175,0.522
ARFGEF1,PRKAR1A,9606.ENSP00000262215,9606.ENSP00000376475,0.563
ARFGEF1,ARFGEF2,9606.ENSP00000262215,9606.ENSP00000360985,0.83
ARFGEF2,CCT2,9606.ENSP00000360985,9606.ENSP00000299300,0.514
ARFGEF2,XRN2,9606.ENSP00000360985,9606.ENSP00000366396,0.403
ARFGEF2,PRKAR1A,9606.ENSP00000360985,9606.ENSP00000376475,0.561
ARHGAP32,RASA1,9606.ENSP00000310561,9606.ENSP00000274376,0.793
ARHGAP32,YWHAZ,9606.ENSP00000310561,9606.ENSP00000379287,0.551
ARHGAP32,RHOA,9606.ENSP00000310561,9606.ENSP00000400175,0.911
ARHGDIB,TIAM1,9606.ENSP00000228945,9606.ENSP00000286827,0.417
ARHGDIB,NTRK2,9606.ENSP00000228945,9606.ENSP00000277120,0.464
ARHGDIB,WSB1,9606.ENSP00000228945,9606.ENSP00000262394,0.488
ARHGDIB,RHOH,9606.ENSP00000228945,9606.ENSP00000371219,0.85
ARHGDIB,RHOA,9606.ENSP00000228945,9606.ENSP00000400175,0.995
ARIH1,WSB1,9606.ENSP00000369217,9606.ENSP00000262394,0.41
ARIH1,UBE2N,9606.ENSP00000369217,9606.ENSP00000316176,0.897
ARIH1,JAK1,9606.ENSP00000369217,9606.ENSP00000499900,0.473
ARIH1,UBE2G1,9606.ENSP00000369217,9606.ENSP00000380178,0.507
ASAH1,TPP1,9606.ENSP00000371152,9606.ENSP00000299427,0.501
ASAH1,SGPL1,9606.ENSP00000371152,9606.ENSP00000362298,0.56
ASAH1,UGCG,9606.ENSP00000371152,9606.ENSP00000363397,0.971
ASCC1,MSH6,9606.ENSP00000339404,9606.ENSP00000234420,0.574
ASCC1,PRKDC,9606.ENSP00000339404,9606.ENSP00000313420,0.546
ASPN,OLFM4,9606.ENSP00000364694,9606.ENSP00000219022,0.489
ASPN,TGFB1,9606.ENSP00000364694,9606.ENSP00000221930,0.917
ASPN,COMP,9606.ENSP00000364694,9606.ENSP00000222271,0.573
ASPN,COL1A1,9606.ENSP00000364694,9606.ENSP00000225964,0.719
ASPN,COL8A1,9606.ENSP00000364694,9606.ENSP00000261037,0.418
ASPN,LOXL1,9606.ENSP00000364694,9606.ENSP00000261921,0.401
ASPN,GFM1,9606.ENSP00000364694,9606.ENSP00000264263,0.403
ASPN,VCAN,9606.ENSP00000364694,9606.ENSP00000265077,0.648
ASPN,COL1A2,9606.ENSP00000364694,9606.ENSP00000297268,0.714
ASPN,COL12A1,9606.ENSP00000364694,9606.ENSP00000325146,0.468
ASPN,FBN1,9606.ENSP00000364694,9606.ENSP00000325527,0.68
ASPN,COL10A1,9606.ENSP00000364694,9606.ENSP00000327368,0.621
ASPN,COL6A1,9606.ENSP00000364694,9606.ENSP00000355180,0.571
ASPN,COL11A1,9606.ENSP00000364694,9606.ENSP00000359114,0.814
ASPN,COL5A1,9606.ENSP00000364694,9606.ENSP00000360882,0.588
ASPN,COL5A2,9606.ENSP00000364694,9606.ENSP00000364000,0.482
ASPN,ESR1,9606.ENSP00000364694,9606.ENSP00000405330,0.41
ASPN,ITGBL1,9606.ENSP00000364694,9606.ENSP00000365351,0.471
ASPN,COL8A2,9606.ENSP00000364694,9606.ENSP00000380901,0.516
ASPN,POSTN,9606.ENSP00000364694,9606.ENSP00000369071,0.83
ATAD2,CKS2,9606.ENSP00000287394,9606.ENSP00000364976,0.422
ATAD2,SOX10,9606.ENSP00000287394,9606.ENSP00000380093,0.442
ATAD2,TFAP2A,9606.ENSP00000287394,9606.ENSP00000501092,0.519
ATAD2,SMC4,9606.ENSP00000287394,9606.ENSP00000341382,0.766
ATAD2,TOP2A,9606.ENSP00000287394,9606.ENSP00000411532,0.837
ATAD2,ESR1,9606.ENSP00000287394,9606.ENSP00000405330,0.977
ATG5,TRIM4,9606.ENSP00000358072,9606.ENSP00000348216,0.518
ATG5,TAB2,9606.ENSP00000358072,9606.ENSP00000356426,0.442
ATG5,RAB1A,9606.ENSP00000358072,9606.ENSP00000387286,0.452
ATG5,VDAC1,9606.ENSP00000358072,9606.ENSP00000378487,0.764
ATP1A2,MAPK1,9606.ENSP00000354490,9606.ENSP00000215832,0.914
ATP1A2,ATP6V1A,9606.ENSP00000354490,9606.ENSP00000273398,0.542
ATP1A2,CALD1,9606.ENSP00000354490,9606.ENSP00000354826,0.434
ATP1A2,CHRDL1,9606.ENSP00000354490,9606.ENSP00000361112,0.504
ATP1A2,FXYD1,9606.ENSP00000354490,9606.ENSP00000481244,0.946
ATP6AP2,CANX,9606.ENSP00000490083,9606.ENSP00000247461,0.426
ATP6AP2,ATP6V1A,9606.ENSP00000490083,9606.ENSP00000273398,0.997
ATP6AP2,MME,9606.ENSP00000490083,9606.ENSP00000418525,0.409
ATP6AP2,ATP6V1C1,9606.ENSP00000490083,9606.ENSP00000430282,0.998
ATP6V1A,CANX,9606.ENSP00000273398,9606.ENSP00000247461,0.424
ATP6V1A,RAB1A,9606.ENSP00000273398,9606.ENSP00000387286,0.416
ATP6V1A,ENO1,9606.ENSP00000273398,9606.ENSP00000495530,0.419
ATP6V1A,LAMP1,9606.ENSP00000273398,9606.ENSP00000333298,0.502
ATP6V1A,TF,9606.ENSP00000273398,9606.ENSP00000385834,0.518
ATP6V1A,ATP6V1C1,9606.ENSP00000273398,9606.ENSP00000430282,0.999
ATP6V1C1,TF,9606.ENSP00000430282,9606.ENSP00000385834,0.52
ATP7B,ATP8B1,9606.ENSP00000242839,9606.ENSP00000497896,0.559
ATP7B,DCTN4,9606.ENSP00000242839,9606.ENSP00000414906,0.65
B3GNT2,MUCL1,9606.ENSP00000305595,9606.ENSP00000311364,0.4
B3GNT2,MUC1,9606.ENSP00000305595,9606.ENSP00000484824,0.488
BGN,NID2,9606.ENSP00000327336,9606.ENSP00000216286,0.49
BGN,TGFB1,9606.ENSP00000327336,9606.ENSP00000221930,0.978
BGN,COMP,9606.ENSP00000327336,9606.ENSP00000222271,0.724
BGN,COL1A1,9606.ENSP00000327336,9606.ENSP00000225964,0.974
BGN,PRRX1,9606.ENSP00000327336,9606.ENSP00000239461,0.492
BGN,THBS1,9606.ENSP00000327336,9606.ENSP00000260356,0.779
BGN,COL8A1,9606.ENSP00000327336,9606.ENSP00000261037,0.5
BGN,LOXL1,9606.ENSP00000327336,9606.ENSP00000261921,0.727
BGN,VCAN,9606.ENSP00000327336,9606.ENSP00000265077,0.951
BGN,TIMP3,9606.ENSP00000327336,9606.ENSP00000266085,0.571
BGN,COL1A2,9606.ENSP00000327336,9606.ENSP00000297268,0.938
BGN,COL12A1,9606.ENSP00000327336,9606.ENSP00000325146,0.739
BGN,FBN1,9606.ENSP00000327336,9606.ENSP00000325527,0.784
BGN,COL8A2,9606.ENSP00000327336,9606.ENSP00000380901,0.538
BGN,PTN,9606.ENSP00000327336,9606.ENSP00000341170,0.544
BGN,COL11A1,9606.ENSP00000327336,9606.ENSP00000359114,0.577
BGN,COL10A1,9606.ENSP00000327336,9606.ENSP00000327368,0.695
BGN,COL5A1,9606.ENSP00000327336,9606.ENSP00000360882,0.774
BGN,COL5A2,9606.ENSP00000327336,9606.ENSP00000364000,0.807
BGN,POSTN,9606.ENSP00000327336,9606.ENSP00000369071,0.83
BGN,COL6A1,9606.ENSP00000327336,9606.ENSP00000355180,0.86
BGN,MFAP2,9606.ENSP00000327336,9606.ENSP00000364685,0.886
BHLHE40,CSNK2A1,9606.ENSP00000256495,9606.ENSP00000217244,0.42
BHLHE40,FOS,9606.ENSP00000256495,9606.ENSP00000306245,0.462
BMPR1B,TGFB1,9606.ENSP00000401907,9606.ENSP00000221930,0.511
BMPR1B,INHBA,9606.ENSP00000401907,9606.ENSP00000242208,0.464
BMPR1B,TF,9606.ENSP00000401907,9606.ENSP00000385834,0.55
BMPR1B,RGMA,9606.ENSP00000401907,9606.ENSP00000452126,0.927
BTNL9,PLIN1,9606.ENSP00000330200,9606.ENSP00000300055,0.469
BTNL9,MUC1,9606.ENSP00000330200,9606.ENSP00000484824,0.592
BZW1,TRARG1,9606.ENSP00000394316,9606.ENSP00000329548,0.447
BZW1,CDC5L,9606.ENSP00000394316,9606.ENSP00000360532,0.479
C1S,CD46,9606.ENSP00000385035,9606.ENSP00000313875,0.619
C1S,FN1,9606.ENSP00000385035,9606.ENSP00000346839,0.468
C1S,COL6A1,9606.ENSP00000385035,9606.ENSP00000355180,0.571
C1S,COL5A2,9606.ENSP00000385035,9606.ENSP00000364000,0.525
C1S,C4B,9606.ENSP00000385035,9606.ENSP00000415941,0.993
C4B,CD46,9606.ENSP00000415941,9606.ENSP00000313875,0.998
C4B,FN1,9606.ENSP00000415941,9606.ENSP00000346839,0.407
C4B,CFD,9606.ENSP00000415941,9606.ENSP00000468253,0.427
C4B,CFB,9606.ENSP00000415941,9606.ENSP00000416561,0.948
CA12,ESR1,9606.ENSP00000178638,9606.ENSP00000405330,0.403
CA12,CA4,9606.ENSP00000178638,9606.ENSP00000300900,0.64
CA4,WTAP,9606.ENSP00000300900,9606.ENSP00000351141,0.407
CA4,SLC4A4,9606.ENSP00000300900,9606.ENSP00000393557,0.822
CACNA1D,PPP2R5C,9606.ENSP00000288139,9606.ENSP00000412324,0.65
CACNA1D,GNB1,9606.ENSP00000288139,9606.ENSP00000367872,0.651
CACNA1D,OXTR,9606.ENSP00000288139,9606.ENSP00000324270,0.674
CACNA1D,KCNN4,9606.ENSP00000288139,9606.ENSP00000496939,0.833
CALD1,MAPK1,9606.ENSP00000354826,9606.ENSP00000215832,0.95
CALD1,COL1A1,9606.ENSP00000354826,9606.ENSP00000225964,0.412
CALD1,KRT5,9606.ENSP00000354826,9606.ENSP00000252242,0.416
CALD1,COL1A2,9606.ENSP00000354826,9606.ENSP00000297268,0.443
CALD1,FN1,9606.ENSP00000354826,9606.ENSP00000346839,0.47
CALD1,SOX10,9606.ENSP00000354826,9606.ENSP00000380093,0.478
CALD1,ESR1,9606.ENSP00000354826,9606.ENSP00000405330,0.512
CALD1,COL5A2,9606.ENSP00000354826,9606.ENSP00000364000,0.654
CALD1,TPM4,9606.ENSP00000354826,9606.ENSP00000494125,0.688
CALD1,LMOD1,9606.ENSP00000354826,9606.ENSP00000356257,0.894
CALU,CANX,9606.ENSP00000438248,9606.ENSP00000247461,0.428
CALU,TMED2,9606.ENSP00000438248,9606.ENSP00000262225,0.627
CALU,DNAJC10,9606.ENSP00000438248,9606.ENSP00000264065,0.67
CALU,P4HB,9606.ENSP00000438248,9606.ENSP00000327801,0.872
CALU,TPD52,9606.ENSP00000438248,9606.ENSP00000429309,0.453
CALU,DNAJC3,9606.ENSP00000438248,9606.ENSP00000473631,0.556
CANX,CD74,9606.ENSP00000247461,9606.ENSP00000009530,0.661
CANX,PGRMC1,9606.ENSP00000247461,9606.ENSP00000217971,0.521
CANX,SEC61A1,9606.ENSP00000247461,9606.ENSP00000243253,0.914
CANX,RHOA,9606.ENSP00000247461,9606.ENSP00000400175,0.407
CANX,RAB5C,9606.ENSP00000247461,9606.ENSP00000447053,0.42
CANX,SGPL1,9606.ENSP00000247461,9606.ENSP00000362298,0.458
CANX,RAB1A,9606.ENSP00000247461,9606.ENSP00000387286,0.498
CANX,UBXN4,9606.ENSP00000247461,9606.ENSP00000272638,0.501
CANX,ERP27,9606.ENSP00000247461,9606.ENSP00000266397,0.503
CANX,MAN2A1,9606.ENSP00000247461,9606.ENSP00000261483,0.514
CANX,TMED2,9606.ENSP00000247461,9606.ENSP00000262225,0.538
CANX,DNAJB1,9606.ENSP00000247461,9606.ENSP00000254322,0.592
CANX,RAB5A,9606.ENSP00000247461,9606.ENSP00000273047,0.618
CANX,SAR1B,9606.ENSP00000247461,9606.ENSP00000385432,0.633
CANX,DNAJC3,9606.ENSP00000247461,9606.ENSP00000473631,0.661
CANX,ITGB1,9606.ENSP00000247461,9606.ENSP00000379350,0.671
CANX,LAMP1,9606.ENSP00000247461,9606.ENSP00000333298,0.831
CANX,VDAC1,9606.ENSP00000247461,9606.ENSP00000378487,0.863
CANX,DNAJC10,9606.ENSP00000247461,9606.ENSP00000264065,0.876
CANX,HSP90AB1,9606.ENSP00000247461,9606.ENSP00000360609,0.886
CANX,P4HB,9606.ENSP00000247461,9606.ENSP00000327801,0.966
CAP2,FYTTD1,9606.ENSP00000229922,9606.ENSP00000241502,0.44
CAP2,TWF1,9606.ENSP00000229922,9606.ENSP00000449428,0.559
CAP2,CFL1,9606.ENSP00000229922,9606.ENSP00000432660,0.938
CARMIL1,PDLIM5,9606.ENSP00000331983,9606.ENSP00000480359,0.54
CARMIL1,MYO6,9606.ENSP00000331983,9606.ENSP00000358994,0.55
CCL28,CX3CL1,9606.ENSP00000354416,9606.ENSP00000006053,0.562
CCL28,CXCL10,9606.ENSP00000354416,9606.ENSP00000305651,0.997
CCL28,CCL4,9606.ENSP00000354416,9606.ENSP00000482259,0.542
CCL28,CXCR4,9606.ENSP00000354416,9606.ENSP00000386884,0.695
CCL28,CXCL9,9606.ENSP00000354416,9606.ENSP00000354901,0.997
CCL3L1,CXCL10,9606.ENSP00000480558,9606.ENSP00000305651,0.81
CCL3L1,CXCR4,9606.ENSP00000480558,9606.ENSP00000386884,0.844
CCL3L1,CCL4,9606.ENSP00000480558,9606.ENSP00000482259,0.865
CCL4,CX3CL1,9606.ENSP00000482259,9606.ENSP00000006053,0.904
CCL4,CXCL10,9606.ENSP00000482259,9606.ENSP00000305651,0.959
CCL4,CXCL9,9606.ENSP00000482259,9606.ENSP00000354901,0.959
CCL4,CXCR4,9606.ENSP00000482259,9606.ENSP00000386884,0.995
CCN1,ZWINT,9606.ENSP00000398736,9606.ENSP00000363055,0.78
CCN1,RHOA,9606.ENSP00000398736,9606.ENSP00000400175,0.506
CCN2,COMP,9606.ENSP00000356954,9606.ENSP00000222271,0.4
CCN2,THBS1,9606.ENSP00000356954,9606.ENSP00000260356,0.749
CCN2,FBN1,9606.ENSP00000356954,9606.ENSP00000325527,0.797
CCN2,FN1,9606.ENSP00000356954,9606.ENSP00000346839,0.963
CCN2,ESR1,9606.ENSP00000356954,9606.ENSP00000405330,0.69
CCNG2,CKS2,9606.ENSP00000315743,9606.ENSP00000364976,0.564
CCNG2,PPP2R5C,9606.ENSP00000315743,9606.ENSP00000412324,0.696
CCT2,CSNK2A1,9606.ENSP00000299300,9606.ENSP00000217244,0.449
CCT2,DNAJB1,9606.ENSP00000299300,9606.ENSP00000254322,0.47
CCT2,DNAJC10,9606.ENSP00000299300,9606.ENSP00000264065,0.413
CCT2,YWHAE,9606.ENSP00000299300,9606.ENSP00000264335,0.456
CCT2,GSPT1,9606.ENSP00000299300,9606.ENSP00000398131,0.413
CCT2,HNRNPC,9606.ENSP00000299300,9606.ENSP00000451291,0.449
CCT2,PGK1,9606.ENSP00000299300,9606.ENSP00000362413,0.45
CCT2,SMC3,9606.ENSP00000299300,9606.ENSP00000354720,0.462
CCT2,ESR1,9606.ENSP00000299300,9606.ENSP00000405330,0.521
CCT2,XRN2,9606.ENSP00000299300,9606.ENSP00000366396,0.573
CCT2,ENO1,9606.ENSP00000299300,9606.ENSP00000495530,0.573
CCT2,DHX15,9606.ENSP00000299300,9606.ENSP00000336741,0.575
CCT2,HSPH1,9606.ENSP00000299300,9606.ENSP00000487365,0.617
CCT2,EIF5A,9606.ENSP00000299300,9606.ENSP00000336702,0.656
CCT2,SPAG1,9606.ENSP00000299300,9606.ENSP00000373450,0.665
CCT2,GNB1,9606.ENSP00000299300,9606.ENSP00000367872,0.666
CCT2,STIP1,9606.ENSP00000299300,9606.ENSP00000351646,0.962
CCT2,HSP90AB1,9606.ENSP00000299300,9606.ENSP00000360609,0.97
CD164,CXCR4,9606.ENSP00000309376,9606.ENSP00000386884,0.82
CD36,COMP,9606.ENSP00000415743,9606.ENSP00000222271,0.953
CD36,SERPINE1,9606.ENSP00000415743,9606.ENSP00000223095,0.436
CD36,FABP4,9606.ENSP00000415743,9606.ENSP00000256104,0.969
CD36,THBS1,9606.ENSP00000415743,9606.ENSP00000260356,0.999
CD36,PLIN1,9606.ENSP00000415743,9606.ENSP00000300055,0.815
CD36,MED23,9606.ENSP00000415743,9606.ENSP00000357047,0.499
CD36,ITGB1,9606.ENSP00000415743,9606.ENSP00000379350,0.864
CD36,TBL1XR1,9606.ENSP00000415743,9606.ENSP00000405574,0.421
CD36,MUC1,9606.ENSP00000415743,9606.ENSP00000484824,0.474
CD36,PLIN4,9606.ENSP00000415743,9606.ENSP00000488481,0.489
CD46,DSG2,9606.ENSP00000313875,9606.ENSP00000261590,0.771
CD46,CFD,9606.ENSP00000313875,9606.ENSP00000468253,0.411
CD46,YWHAZ,9606.ENSP00000313875,9606.ENSP00000379287,0.465
CD46,ITGB1,9606.ENSP00000313875,9606.ENSP00000379350,0.465
CD46,CFB,9606.ENSP00000313875,9606.ENSP00000416561,0.724
CD74,VCAN,9606.ENSP00000009530,9606.ENSP00000265077,0.416
CD74,PIGX,9606.ENSP00000009530,9606.ENSP00000296333,0.428
CD74,LYVE1,9606.ENSP00000009530,9606.ENSP00000256178,0.487
CD74,HBB,9606.ENSP00000009530,9606.ENSP00000494175,0.487
CD74,EML4,9606.ENSP00000009530,9606.ENSP00000320663,0.546
CD74,SAR1B,9606.ENSP00000009530,9606.ENSP00000385432,0.563
CD74,DICER1,9606.ENSP00000009530,9606.ENSP00000437256,0.572
CD74,ENO1,9606.ENSP00000009530,9606.ENSP00000495530,0.586
CD74,EIF2S3,9606.ENSP00000009530,9606.ENSP00000253039,0.673
CD74,EIF5A,9606.ENSP00000009530,9606.ENSP00000336702,0.766
CD74,GFM1,9606.ENSP00000009530,9606.ENSP00000264263,0.806
CD74,SEC61A1,9606.ENSP00000009530,9606.ENSP00000243253,0.869
CD74,CTSB,9606.ENSP00000009530,9606.ENSP00000345672,0.954
CD74,RPS23,9606.ENSP00000009530,9606.ENSP00000296674,0.979
CD74,CTSS,9606.ENSP00000009530,9606.ENSP00000357981,0.981
CD74,CXCR4,9606.ENSP00000009530,9606.ENSP00000386884,0.994
CDC5L,CSNK2A1,9606.ENSP00000360532,9606.ENSP00000217244,0.488
CDC5L,DNAJC12,9606.ENSP00000360532,9606.ENSP00000225171,0.492
CDC5L,NAA50,9606.ENSP00000360532,9606.ENSP00000240922,0.555
CDC5L,FUS,9606.ENSP00000360532,9606.ENSP00000254108,0.566
CDC5L,SRSF1,9606.ENSP00000360532,9606.ENSP00000258962,0.957
CDC5L,GFM1,9606.ENSP00000360532,9606.ENSP00000264263,0.723
CDC5L,NIPBL,9606.ENSP00000360532,9606.ENSP00000282516,0.419
CDC5L,PRKDC,9606.ENSP00000360532,9606.ENSP00000313420,0.51
CDC5L,DHX15,9606.ENSP00000360532,9606.ENSP00000336741,0.996
CDC5L,PRPF4B,9606.ENSP00000360532,9606.ENSP00000337194,0.589
CDC5L,SMC4,9606.ENSP00000360532,9606.ENSP00000341382,0.5
CDC5L,WAC,9606.ENSP00000360532,9606.ENSP00000346986,0.828
CDC5L,SMC3,9606.ENSP00000360532,9606.ENSP00000354720,0.663
CDC5L,YWHAZ,9606.ENSP00000360532,9606.ENSP00000379287,0.402
CDC5L,TOP2A,9606.ENSP00000360532,9606.ENSP00000411532,0.565
CDC5L,HNRNPC,9606.ENSP00000360532,9606.ENSP00000451291,0.605
CDC5L,SRPK2,9606.ENSP00000360532,9606.ENSP00000377262,0.833
CDC5L,LSM4,9606.ENSP00000360532,9606.ENSP00000469468,0.838
CDH11,TGFB1,9606.ENSP00000268603,9606.ENSP00000221930,0.405
CDH11,COL1A1,9606.ENSP00000268603,9606.ENSP00000225964,0.64
CDH11,COL8A1,9606.ENSP00000268603,9606.ENSP00000261037,0.421
CDH11,MACF1,9606.ENSP00000268603,9606.ENSP00000354573,0.409
CDH11,ITGBL1,9606.ENSP00000268603,9606.ENSP00000365351,0.435
CDH11,COL11A1,9606.ENSP00000268603,9606.ENSP00000359114,0.455
CDH11,COL12A1,9606.ENSP00000268603,9606.ENSP00000325146,0.478
CDH11,FBN1,9606.ENSP00000268603,9606.ENSP00000325527,0.53
CDH11,COL5A1,9606.ENSP00000268603,9606.ENSP00000360882,0.648
CDH11,FN1,9606.ENSP00000268603,9606.ENSP00000346839,0.664
CDH11,COL5A2,9606.ENSP00000268603,9606.ENSP00000364000,0.676
CDH11,COL1A2,9606.ENSP00000268603,9606.ENSP00000297268,0.693
CDH11,CTNNA1,9606.ENSP00000268603,9606.ENSP00000304669,0.815
CELSR1,DAAM1,9606.ENSP00000262738,9606.ENSP00000378557,0.725
CENPU,EML4,9606.ENSP00000281453,9606.ENSP00000320663,0.513
CENPU,H2BC4,9606.ENSP00000281453,9606.ENSP00000321744,0.81
CFB,COL8A1,9606.ENSP00000416561,9606.ENSP00000261037,0.429
CFB,FN1,9606.ENSP00000416561,9606.ENSP00000346839,0.523
CFB,TF,9606.ENSP00000416561,9606.ENSP00000385834,0.457
CFB,CFD,9606.ENSP00000416561,9606.ENSP00000468253,0.997
CFD,SERPINE1,9606.ENSP00000468253,9606.ENSP00000223095,0.556
CFD,PLIN1,9606.ENSP00000468253,9606.ENSP00000300055,0.553
CFD,CIDEA,9606.ENSP00000468253,9606.ENSP00000320209,0.461
CFL1,UBE2M,9606.ENSP00000432660,9606.ENSP00000253023,0.657
CFL1,FABP4,9606.ENSP00000432660,9606.ENSP00000256104,0.409
CFL1,YWHAE,9606.ENSP00000432660,9606.ENSP00000264335,0.723
CFL1,NTRK2,9606.ENSP00000432660,9606.ENSP00000277120,0.414
CFL1,FN1,9606.ENSP00000432660,9606.ENSP00000346839,0.521
CFL1,GMFB,9606.ENSP00000432660,9606.ENSP00000350757,0.45
CFL1,TAGLN2,9606.ENSP00000432660,9606.ENSP00000357076,0.716
CFL1,DAAM1,9606.ENSP00000432660,9606.ENSP00000378557,0.406
CFL1,YWHAZ,9606.ENSP00000432660,9606.ENSP00000379287,0.888
CFL1,RHOA,9606.ENSP00000432660,9606.ENSP00000400175,0.962
CFL1,JAK1,9606.ENSP00000432660,9606.ENSP00000499900,0.523
CFL1,TPM4,9606.ENSP00000432660,9606.ENSP00000494125,0.63
CFL1,HSPH1,9606.ENSP00000432660,9606.ENSP00000487365,0.635
CFL1,ENO1,9606.ENSP00000432660,9606.ENSP00000495530,0.755
CFL1,TWF1,9606.ENSP00000432660,9606.ENSP00000449428,0.913
CHRDL1,GREM1,9606.ENSP00000361112,9606.ENSP00000498748,0.448
CIDEA,TRARG1,9606.ENSP00000320209,9606.ENSP00000329548,0.483
CIDEA,CIDEC,9606.ENSP00000320209,9606.ENSP00000373328,0.958
CILP,TGFB1,9606.ENSP00000261883,9606.ENSP00000221930,0.451
CILP,FN1,9606.ENSP00000261883,9606.ENSP00000346839,0.504
CILP,ITGBL1,9606.ENSP00000261883,9606.ENSP00000365351,0.517
CITED2,TFAP2A,9606.ENSP00000444198,9606.ENSP00000501092,0.989
CLDN3,KRT5,9606.ENSP00000378577,9606.ENSP00000252242,0.487
CLDN3,CLDN8,9606.ENSP00000378577,9606.ENSP00000382783,0.721
CLDND1,GOLGA7,9606.ENSP00000377735,9606.ENSP00000350378,0.814
COG5,MAN2A1,9606.ENSP00000297135,9606.ENSP00000261483,0.662
COG5,NAPA,9606.ENSP00000297135,9606.ENSP00000263354,0.526
COG5,RAB1A,9606.ENSP00000297135,9606.ENSP00000387286,0.416
COG5,DCTN4,9606.ENSP00000297135,9606.ENSP00000414906,0.503
COL10A1,MMP11,9606.ENSP00000327368,9606.ENSP00000215743,0.812
COL10A1,TGFB1,9606.ENSP00000327368,9606.ENSP00000221930,0.466
COL10A1,COMP,9606.ENSP00000327368,9606.ENSP00000222271,0.768
COL10A1,COL1A1,9606.ENSP00000327368,9606.ENSP00000225964,0.781
COL10A1,INHBA,9606.ENSP00000327368,9606.ENSP00000242208,0.46
COL10A1,COL8A1,9606.ENSP00000327368,9606.ENSP00000261037,0.781
COL10A1,COL1A2,9606.ENSP00000327368,9606.ENSP00000297268,0.755
COL10A1,MMP3,9606.ENSP00000327368,9606.ENSP00000299855,0.542
COL10A1,COL12A1,9606.ENSP00000327368,9606.ENSP00000325146,0.61
COL10A1,ITGBL1,9606.ENSP00000327368,9606.ENSP00000365351,0.412
COL10A1,LRRC15,9606.ENSP00000327368,9606.ENSP00000413707,0.439
COL10A1,COL6A6,9606.ENSP00000327368,9606.ENSP00000351310,0.509
COL10A1,ITGB1,9606.ENSP00000327368,9606.ENSP00000379350,0.551
COL10A1,COL8A2,9606.ENSP00000327368,9606.ENSP00000380901,0.552
COL10A1,COL6A1,9606.ENSP00000327368,9606.ENSP00000355180,0.568
COL10A1,POSTN,9606.ENSP00000327368,9606.ENSP00000369071,0.577
COL10A1,COL5A1,9606.ENSP00000327368,9606.ENSP00000360882,0.577
COL10A1,FN1,9606.ENSP00000327368,9606.ENSP00000346839,0.602
COL10A1,P4HB,9606.ENSP00000327368,9606.ENSP00000327801,0.701
COL10A1,COL5A2,9606.ENSP00000327368,9606.ENSP00000364000,0.753
COL10A1,COL11A1,9606.ENSP00000327368,9606.ENSP00000359114,0.877
COL11A1,MMP11,9606.ENSP00000359114,9606.ENSP00000215743,0.732
COL11A1,TGFB1,9606.ENSP00000359114,9606.ENSP00000221930,0.569
COL11A1,COMP,9606.ENSP00000359114,9606.ENSP00000222271,0.603
COL11A1,COL1A1,9606.ENSP00000359114,9606.ENSP00000225964,0.965
COL11A1,INHBA,9606.ENSP00000359114,9606.ENSP00000242208,0.478
COL11A1,THBS1,9606.ENSP00000359114,9606.ENSP00000260356,0.585
COL11A1,COL8A1,9606.ENSP00000359114,9606.ENSP00000261037,0.618
COL11A1,VCAN,9606.ENSP00000359114,9606.ENSP00000265077,0.498
COL11A1,PCOLCE2,9606.ENSP00000359114,9606.ENSP00000295992,0.608
COL11A1,COL1A2,9606.ENSP00000359114,9606.ENSP00000297268,0.992
COL11A1,MMP3,9606.ENSP00000359114,9606.ENSP00000299855,0.443
COL11A1,COL12A1,9606.ENSP00000359114,9606.ENSP00000325146,0.678
COL11A1,FBN1,9606.ENSP00000359114,9606.ENSP00000325527,0.602
COL11A1,P4HB,9606.ENSP00000359114,9606.ENSP00000327801,0.52
COL11A1,FN1,9606.ENSP00000359114,9606.ENSP00000346839,0.511
COL11A1,COL6A6,9606.ENSP00000359114,9606.ENSP00000351310,0.527
COL11A1,COL6A1,9606.ENSP00000359114,9606.ENSP00000355180,0.759
COL11A1,LAMB3,9606.ENSP00000359114,9606.ENSP00000375778,0.411
COL11A1,LRRC15,9606.ENSP00000359114,9606.ENSP00000413707,0.525
COL11A1,COL8A2,9606.ENSP00000359114,9606.ENSP00000380901,0.584
COL11A1,POSTN,9606.ENSP00000359114,9606.ENSP00000369071,0.648
COL11A1,COL5A1,9606.ENSP00000359114,9606.ENSP00000360882,0.877
COL11A1,COL5A2,9606.ENSP00000359114,9606.ENSP00000364000,0.976
COL12A1,NID2,9606.ENSP00000325146,9606.ENSP00000216286,0.468
COL12A1,COMP,9606.ENSP00000325146,9606.ENSP00000222271,0.533
COL12A1,COL1A1,9606.ENSP00000325146,9606.ENSP00000225964,0.836
COL12A1,THBS1,9606.ENSP00000325146,9606.ENSP00000260356,0.529
COL12A1,COL8A1,9606.ENSP00000325146,9606.ENSP00000261037,0.67
COL12A1,VCAN,9606.ENSP00000325146,9606.ENSP00000265077,0.637
COL12A1,COL1A2,9606.ENSP00000325146,9606.ENSP00000297268,0.793
COL12A1,MMP3,9606.ENSP00000325146,9606.ENSP00000299855,0.425
COL12A1,ITGBL1,9606.ENSP00000325146,9606.ENSP00000365351,0.441
COL12A1,FN1,9606.ENSP00000325146,9606.ENSP00000346839,0.447
COL12A1,COL6A6,9606.ENSP00000325146,9606.ENSP00000351310,0.505
COL12A1,P4HB,9606.ENSP00000325146,9606.ENSP00000327801,0.526
COL12A1,LAMB3,9606.ENSP00000325146,9606.ENSP00000375778,0.529
COL12A1,ITGB1,9606.ENSP00000325146,9606.ENSP00000379350,0.55
COL12A1,COL8A2,9606.ENSP00000325146,9606.ENSP00000380901,0.646
COL12A1,FBN1,9606.ENSP00000325146,9606.ENSP00000325527,0.667
COL12A1,POSTN,9606.ENSP00000325146,9606.ENSP00000369071,0.669
COL12A1,COL6A1,9606.ENSP00000325146,9606.ENSP00000355180,0.781
COL12A1,COL5A1,9606.ENSP00000325146,9606.ENSP00000360882,0.792
COL12A1,COL5A2,9606.ENSP00000325146,9606.ENSP00000364000,0.861
COL1A1,KRT14,9606.ENSP00000225964,9606.ENSP00000167586,0.404
COL1A1,MMP11,9606.ENSP00000225964,9606.ENSP00000215743,0.692
COL1A1,NID2,9606.ENSP00000225964,9606.ENSP00000216286,0.643
COL1A1,TGFB1,9606.ENSP00000225964,9606.ENSP00000221930,0.802
COL1A1,COMP,9606.ENSP00000225964,9606.ENSP00000222271,0.636
COL1A1,SERPINE1,9606.ENSP00000225964,9606.ENSP00000223095,0.643
COL1A1,PLAU,9606.ENSP00000225964,9606.ENSP00000361850,0.411
COL1A1,LAMB3,9606.ENSP00000225964,9606.ENSP00000375778,0.421
COL1A1,ITGBL1,9606.ENSP00000225964,9606.ENSP00000365351,0.433
COL1A1,ESR1,9606.ENSP00000225964,9606.ENSP00000405330,0.443
COL1A1,INHBA,9606.ENSP00000225964,9606.ENSP00000242208,0.446
COL1A1,HSP90AB1,9606.ENSP00000225964,9606.ENSP00000360609,0.469
COL1A1,COL6A6,9606.ENSP00000225964,9606.ENSP00000351310,0.539
COL1A1,VCAN,9606.ENSP00000225964,9606.ENSP00000265077,0.585
COL1A1,COL8A2,9606.ENSP00000225964,9606.ENSP00000380901,0.592
COL1A1,FOS,9606.ENSP00000225964,9606.ENSP00000306245,0.669
COL1A1,MMP3,9606.ENSP00000225964,9606.ENSP00000299855,0.678
COL1A1,LOXL1,9606.ENSP00000225964,9606.ENSP00000261921,0.689
COL1A1,PCOLCE2,9606.ENSP00000225964,9606.ENSP00000295992,0.703
COL1A1,ITGA7,9606.ENSP00000225964,9606.ENSP00000452120,0.75
COL1A1,P4HB,9606.ENSP00000225964,9606.ENSP00000327801,0.763
COL1A1,COL8A1,9606.ENSP00000225964,9606.ENSP00000261037,0.765
COL1A1,THBS1,9606.ENSP00000225964,9606.ENSP00000260356,0.896
COL1A1,POSTN,9606.ENSP00000225964,9606.ENSP00000369071,0.903
COL1A1,FBN1,9606.ENSP00000225964,9606.ENSP00000325527,0.929
COL1A1,RUNX2,9606.ENSP00000225964,9606.ENSP00000360493,0.955
COL1A1,COL6A1,9606.ENSP00000225964,9606.ENSP00000355180,0.969
COL1A1,FN1,9606.ENSP00000225964,9606.ENSP00000346839,0.974
COL1A1,ITGB1,9606.ENSP00000225964,9606.ENSP00000379350,0.984
COL1A1,COL5A1,9606.ENSP00000225964,9606.ENSP00000360882,0.994
COL1A1,COL5A2,9606.ENSP00000225964,9606.ENSP00000364000,0.995
COL1A1,COL1A2,9606.ENSP00000225964,9606.ENSP00000297268,0.999
COL1A2,KRT14,9606.ENSP00000297268,9606.ENSP00000167586,0.565
COL1A2,MMP11,9606.ENSP00000297268,9606.ENSP00000215743,0.41
COL1A2,NID2,9606.ENSP00000297268,9606.ENSP00000216286,0.536
COL1A2,TGFB1,9606.ENSP00000297268,9606.ENSP00000221930,0.804
COL1A2,COMP,9606.ENSP00000297268,9606.ENSP00000222271,0.551
COL1A2,SERPINE1,9606.ENSP00000297268,9606.ENSP00000223095,0.694
COL1A2,INHBA,9606.ENSP00000297268,9606.ENSP00000242208,0.599
COL1A2,THBS1,9606.ENSP00000297268,9606.ENSP00000260356,0.59
COL1A2,COL8A1,9606.ENSP00000297268,9606.ENSP00000261037,0.771
COL1A2,LOXL1,9606.ENSP00000297268,9606.ENSP00000261921,0.638
COL1A2,VCAN,9606.ENSP00000297268,9606.ENSP00000265077,0.756
COL1A2,PCOLCE2,9606.ENSP00000297268,9606.ENSP00000295992,0.638
COL1A2,ITGBL1,9606.ENSP00000297268,9606.ENSP00000365351,0.415
COL1A2,SLC2A10,9606.ENSP00000297268,9606.ENSP00000352216,0.455
COL1A2,COL6A6,9606.ENSP00000297268,9606.ENSP00000351310,0.539
COL1A2,COL8A2,9606.ENSP00000297268,9606.ENSP00000380901,0.574
COL1A2,P4HB,9606.ENSP00000297268,9606.ENSP00000327801,0.662
COL1A2,MMP3,9606.ENSP00000297268,9606.ENSP00000299855,0.68
COL1A2,ITGA7,9606.ENSP00000297268,9606.ENSP00000452120,0.727
COL1A2,COL6A1,9606.ENSP00000297268,9606.ENSP00000355180,0.875
COL1A2,POSTN,9606.ENSP00000297268,9606.ENSP00000369071,0.918
COL1A2,FBN1,9606.ENSP00000297268,9606.ENSP00000325527,0.965
COL1A2,FN1,9606.ENSP00000297268,9606.ENSP00000346839,0.982
COL1A2,ITGB1,9606.ENSP00000297268,9606.ENSP00000379350,0.988
COL1A2,COL5A1,9606.ENSP00000297268,9606.ENSP00000360882,0.989
COL1A2,COL5A2,9606.ENSP00000297268,9606.ENSP00000364000,0.998
COL5A1,MMP11,9606.ENSP00000360882,9606.ENSP00000215743,0.405
COL5A1,NID2,9606.ENSP00000360882,9606.ENSP00000216286,0.582
COL5A1,TGFB1,9606.ENSP00000360882,9606.ENSP00000221930,0.659
COL5A1,SERPINE1,9606.ENSP00000360882,9606.ENSP00000223095,0.432
COL5A1,THBS1,9606.ENSP00000360882,9606.ENSP00000260356,0.653
COL5A1,COL8A1,9606.ENSP00000360882,9606.ENSP00000261037,0.725
COL5A1,LOXL1,9606.ENSP00000360882,9606.ENSP00000261921,0.584
COL5A1,VCAN,9606.ENSP00000360882,9606.ENSP00000265077,0.631
COL5A1,PCOLCE2,9606.ENSP00000360882,9606.ENSP00000295992,0.58
COL5A1,MMP3,9606.ENSP00000360882,9606.ENSP00000299855,0.493
COL5A1,FBN1,9606.ENSP00000360882,9606.ENSP00000325527,0.929
COL5A1,P4HB,9606.ENSP00000360882,9606.ENSP00000327801,0.557
COL5A1,FN1,9606.ENSP00000360882,9606.ENSP00000346839,0.84
COL5A1,COL6A6,9606.ENSP00000360882,9606.ENSP00000351310,0.518
COL5A1,SLC2A10,9606.ENSP00000360882,9606.ENSP00000352216,0.547
COL5A1,COL6A1,9606.ENSP00000360882,9606.ENSP00000355180,0.879
COL5A1,LAMB3,9606.ENSP00000360882,9606.ENSP00000375778,0.41
COL5A1,POSTN,9606.ENSP00000360882,9606.ENSP00000369071,0.78
COL5A1,COL8A2,9606.ENSP00000360882,9606.ENSP00000380901,0.812
COL5A1,COL5A2,9606.ENSP00000360882,9606.ENSP00000364000,0.996
COL5A2,MMP11,9606.ENSP00000364000,9606.ENSP00000215743,0.424
COL5A2,NID2,9606.ENSP00000364000,9606.ENSP00000216286,0.557
COL5A2,KRT5,9606.ENSP00000364000,9606.ENSP00000252242,0.432
COL5A2,COL8A1,9606.ENSP00000364000,9606.ENSP00000261037,0.647
COL5A2,LOXL1,9606.ENSP00000364000,9606.ENSP00000261921,0.529
COL5A2,VCAN,9606.ENSP00000364000,9606.ENSP00000265077,0.589
COL5A2,PCOLCE2,9606.ENSP00000364000,9606.ENSP00000295992,0.585
COL5A2,MMP3,9606.ENSP00000364000,9606.ENSP00000299855,0.408
COL5A2,FBN1,9606.ENSP00000364000,9606.ENSP00000325527,0.924
COL5A2,P4HB,9606.ENSP00000364000,9606.ENSP00000327801,0.583
COL5A2,FN1,9606.ENSP00000364000,9606.ENSP00000346839,0.83
COL5A2,COL6A6,9606.ENSP00000364000,9606.ENSP00000351310,0.552
COL5A2,SLC2A10,9606.ENSP00000364000,9606.ENSP00000352216,0.584
COL5A2,COL6A1,9606.ENSP00000364000,9606.ENSP00000355180,0.904
COL5A2,PLAU,9606.ENSP00000364000,9606.ENSP00000361850,0.542
COL5A2,ITGBL1,9606.ENSP00000364000,9606.ENSP00000365351,0.424
COL5A2,COL8A2,9606.ENSP00000364000,9606.ENSP00000380901,0.574
COL5A2,POSTN,9606.ENSP00000364000,9606.ENSP00000369071,0.792
COL6A1,NID2,9606.ENSP00000355180,9606.ENSP00000216286,0.519
COL6A1,TGFB1,9606.ENSP00000355180,9606.ENSP00000221930,0.401
COL6A1,COMP,9606.ENSP00000355180,9606.ENSP00000222271,0.426
COL6A1,PPIF,9606.ENSP00000355180,9606.ENSP00000225174,0.649
COL6A1,THBS1,9606.ENSP00000355180,9606.ENSP00000260356,0.778
COL6A1,COL8A1,9606.ENSP00000355180,9606.ENSP00000261037,0.658
COL6A1,LOXL1,9606.ENSP00000355180,9606.ENSP00000261921,0.488
COL6A1,TIMP3,9606.ENSP00000355180,9606.ENSP00000266085,0.557
COL6A1,PCOLCE2,9606.ENSP00000355180,9606.ENSP00000295992,0.51
COL6A1,MMP3,9606.ENSP00000355180,9606.ENSP00000299855,0.411
COL6A1,FBN1,9606.ENSP00000355180,9606.ENSP00000325527,0.743
COL6A1,P4HB,9606.ENSP00000355180,9606.ENSP00000327801,0.606
COL6A1,FN1,9606.ENSP00000355180,9606.ENSP00000346839,0.78
COL6A1,COL6A6,9606.ENSP00000355180,9606.ENSP00000351310,0.562
COL6A1,LAMB3,9606.ENSP00000355180,9606.ENSP00000375778,0.459
COL6A1,PLAU,9606.ENSP00000355180,9606.ENSP00000361850,0.524
COL6A1,SPP1,9606.ENSP00000355180,9606.ENSP00000378517,0.567
COL6A1,COL8A2,9606.ENSP00000355180,9606.ENSP00000380901,0.631
COL6A1,POSTN,9606.ENSP00000355180,9606.ENSP00000369071,0.677
COL6A1,ITGB1,9606.ENSP00000355180,9606.ENSP00000379350,0.776
COL6A1,ITGA7,9606.ENSP00000355180,9606.ENSP00000452120,0.796
COL6A6,THBS1,9606.ENSP00000351310,9606.ENSP00000260356,0.512
COL6A6,COL8A1,9606.ENSP00000351310,9606.ENSP00000261037,0.502
COL6A6,P4HB,9606.ENSP00000351310,9606.ENSP00000327801,0.508
COL6A6,SPP1,9606.ENSP00000351310,9606.ENSP00000378517,0.416
COL6A6,COL8A2,9606.ENSP00000351310,9606.ENSP00000380901,0.536
COL6A6,ITGB1,9606.ENSP00000351310,9606.ENSP00000379350,0.706
COL6A6,ITGA7,9606.ENSP00000351310,9606.ENSP00000452120,0.738
COL8A1,NID2,9606.ENSP00000261037,9606.ENSP00000216286,0.402
COL8A1,THBS1,9606.ENSP00000261037,9606.ENSP00000260356,0.432
COL8A1,FN1,9606.ENSP00000261037,9606.ENSP00000346839,0.448
COL8A1,P4HB,9606.ENSP00000261037,9606.ENSP00000327801,0.526
COL8A1,ITGBL1,9606.ENSP00000261037,9606.ENSP00000365351,0.536
COL8A1,POSTN,9606.ENSP00000261037,9606.ENSP00000369071,0.553
COL8A1,FBN1,9606.ENSP00000261037,9606.ENSP00000325527,0.586
COL8A1,COL8A2,9606.ENSP00000261037,9606.ENSP00000380901,0.927
COL8A2,FBN1,9606.ENSP00000380901,9606.ENSP00000325527,0.403
COL8A2,P4HB,9606.ENSP00000380901,9606.ENSP00000327801,0.571
COL8A2,FN1,9606.ENSP00000380901,9606.ENSP00000346839,0.585
COMMD10,UBE2M,9606.ENSP00000274458,9606.ENSP00000253023,0.513
COMMD10,WSB1,9606.ENSP00000274458,9606.ENSP00000262394,0.499
COMMD10,COPS8,9606.ENSP00000274458,9606.ENSP00000346340,0.471
COMMD10,KLHL13,9606.ENSP00000274458,9606.ENSP00000419803,0.499
COMMD10,LRRC41,9606.ENSP00000274458,9606.ENSP00000477792,0.504
COMMD10,DDA1,9606.ENSP00000274458,9606.ENSP00000352928,0.521
COMMD10,DCAF10,9606.ENSP00000274458,9606.ENSP00000366953,0.544
COMP,TGFB1,9606.ENSP00000222271,9606.ENSP00000221930,0.65
COMP,P4HB,9606.ENSP00000222271,9606.ENSP00000327801,0.402
COMP,ITGBL1,9606.ENSP00000222271,9606.ENSP00000365351,0.437
COMP,LRG1,9606.ENSP00000222271,9606.ENSP00000302621,0.449
COMP,MUC1,9606.ENSP00000222271,9606.ENSP00000484824,0.497
COMP,POSTN,9606.ENSP00000222271,9606.ENSP00000369071,0.501
COMP,ITGA7,9606.ENSP00000222271,9606.ENSP00000452120,0.666
COMP,ITGB1,9606.ENSP00000222271,9606.ENSP00000379350,0.923
COPS8,UBE2M,9606.ENSP00000346340,9606.ENSP00000253023,0.571
COPS8,DCAF10,9606.ENSP00000346340,9606.ENSP00000366953,0.408
COPS8,DDA1,9606.ENSP00000346340,9606.ENSP00000352928,0.604
CPA3,TPSB2,9606.ENSP00000296046,9606.ENSP00000482743,0.875
CPA3,TPSAB1,9606.ENSP00000296046,9606.ENSP00000343577,0.945
CPEB4,TOB1,9606.ENSP00000265085,9606.ENSP00000427695,0.631
CPEB4,TENT2,9606.ENSP00000265085,9606.ENSP00000397563,0.682
CRYAB,DNAJB1,9606.ENSP00000433560,9606.ENSP00000254322,0.73
CRYAB,HSPB2,9606.ENSP00000433560,9606.ENSP00000302476,0.921
CRYAB,DMD,9606.ENSP00000433560,9606.ENSP00000354923,0.459
CRYAB,HSP90AB1,9606.ENSP00000433560,9606.ENSP00000360609,0.718
CSNK1A1,HNRNPC,9606.ENSP00000261798,9606.ENSP00000451291,0.425
CSNK1A1,PPP1R14A,9606.ENSP00000261798,9606.ENSP00000301242,0.524
CSNK1A1,PPP2R5C,9606.ENSP00000261798,9606.ENSP00000412324,0.59
CSNK1A1,DVL3,9606.ENSP00000261798,9606.ENSP00000316054,0.676
CSNK1A1,YWHAZ,9606.ENSP00000261798,9606.ENSP00000379287,0.772
CSNK1A1,RPS23,9606.ENSP00000261798,9606.ENSP00000296674,0.802
CSNK2A1,MAPK1,9606.ENSP00000217244,9606.ENSP00000215832,0.649
CSNK2A1,FUS,9606.ENSP00000217244,9606.ENSP00000254108,0.4
CSNK2A1,STIP1,9606.ENSP00000217244,9606.ENSP00000351646,0.414
CSNK2A1,HNRNPC,9606.ENSP00000217244,9606.ENSP00000451291,0.426
CSNK2A1,TBL1XR1,9606.ENSP00000217244,9606.ENSP00000405574,0.43
CSNK2A1,FOS,9606.ENSP00000217244,9606.ENSP00000306245,0.457
CSNK2A1,PRKDC,9606.ENSP00000217244,9606.ENSP00000313420,0.503
CSNK2A1,SMC4,9606.ENSP00000217244,9606.ENSP00000341382,0.511
CSNK2A1,CTNNA1,9606.ENSP00000217244,9606.ENSP00000304669,0.546
CSNK2A1,SRSF1,9606.ENSP00000217244,9606.ENSP00000258962,0.551
CSNK2A1,HSP90AB1,9606.ENSP00000217244,9606.ENSP00000360609,0.559
CSNK2A1,TOP2A,9606.ENSP00000217244,9606.ENSP00000411532,0.711
CSNK2A1,MME,9606.ENSP00000217244,9606.ENSP00000418525,0.713
CSNK2A1,NOLC1,9606.ENSP00000217244,9606.ENSP00000385410,0.746
CSNK2A1,DVL3,9606.ENSP00000217244,9606.ENSP00000316054,0.949
CSTA,SERPINE1,9606.ENSP00000264474,9606.ENSP00000223095,0.595
CSTA,DSG2,9606.ENSP00000264474,9606.ENSP00000261590,0.543
CSTA,SLPI,9606.ENSP00000264474,9606.ENSP00000342082,0.4
CSTA,PTN,9606.ENSP00000264474,9606.ENSP00000341170,0.447
CSTA,PLAU,9606.ENSP00000264474,9606.ENSP00000361850,0.612
CSTA,CTSS,9606.ENSP00000264474,9606.ENSP00000357981,0.921
CSTA,CTSB,9606.ENSP00000264474,9606.ENSP00000345672,0.998
CTNNA1,YWHAH,9606.ENSP00000304669,9606.ENSP00000248975,0.923
CTNNA1,DSG2,9606.ENSP00000304669,9606.ENSP00000261590,0.485
CTNNA1,YWHAE,9606.ENSP00000304669,9606.ENSP00000264335,0.912
CTNNA1,MAPRE1,9606.ENSP00000304669,9606.ENSP00000364721,0.492
CTNNA1,VAV3,9606.ENSP00000304669,9606.ENSP00000359073,0.51
CTNNA1,RHOA,9606.ENSP00000304669,9606.ENSP00000400175,0.523
CTNNA1,DMD,9606.ENSP00000304669,9606.ENSP00000354923,0.533
CTNNA1,YWHAZ,9606.ENSP00000304669,9606.ENSP00000379287,0.914
CTSB,SERPINE1,9606.ENSP00000345672,9606.ENSP00000223095,0.725
CTSB,PPIF,9606.ENSP00000345672,9606.ENSP00000225174,0.507
CTSB,TPP1,9606.ENSP00000345672,9606.ENSP00000299427,0.558
CTSB,MMP3,9606.ENSP00000345672,9606.ENSP00000299855,0.67
CTSB,LAMP1,9606.ENSP00000345672,9606.ENSP00000333298,0.812
CTSB,HSP90AB1,9606.ENSP00000345672,9606.ENSP00000360609,0.423
CTSB,RHOA,9606.ENSP00000345672,9606.ENSP00000400175,0.564
CTSB,PLAU,9606.ENSP00000345672,9606.ENSP00000361850,0.88
CTSB,CTSS,9606.ENSP00000345672,9606.ENSP00000357981,0.958
CTSS,MMP3,9606.ENSP00000357981,9606.ENSP00000299855,0.711
CTSS,LAMP1,9606.ENSP00000357981,9606.ENSP00000333298,0.739
CX3CL1,ITGB1,9606.ENSP00000006053,9606.ENSP00000379350,0.441
CX3CL1,FN1,9606.ENSP00000006053,9606.ENSP00000346839,0.562
CX3CL1,TGFB1,9606.ENSP00000006053,9606.ENSP00000221930,0.653
CX3CL1,GNB1,9606.ENSP00000006053,9606.ENSP00000367872,0.8
CX3CL1,CXCL9,9606.ENSP00000006053,9606.ENSP00000354901,0.926
CX3CL1,CXCL10,9606.ENSP00000006053,9606.ENSP00000305651,0.948
CX3CL1,CXCR4,9606.ENSP00000006053,9606.ENSP00000386884,0.995
CXCL10,REL,9606.ENSP00000305651,9606.ENSP00000295025,0.401
CXCL10,CXCR4,9606.ENSP00000305651,9606.ENSP00000386884,0.997
CXCL10,CXCL9,9606.ENSP00000305651,9606.ENSP00000354901,0.999
CXCL9,CXCR4,9606.ENSP00000354901,9606.ENSP00000386884,0.994
CXCR4,TGFB1,9606.ENSP00000386884,9606.ENSP00000221930,0.794
CXCR4,NOTCH2,9606.ENSP00000386884,9606.ENSP00000256646,0.42
CXCR4,THBS1,9606.ENSP00000386884,9606.ENSP00000260356,0.461
CXCR4,REL,9606.ENSP00000386884,9606.ENSP00000295025,0.458
CXCR4,PLAU,9606.ENSP00000386884,9606.ENSP00000361850,0.515
CXCR4,GNB1,9606.ENSP00000386884,9606.ENSP00000367872,0.919
CXCR4,RHOH,9606.ENSP00000386884,9606.ENSP00000371219,0.602
CXCR4,MUC1,9606.ENSP00000386884,9606.ENSP00000484824,0.402
CXCR4,RELN,9606.ENSP00000386884,9606.ENSP00000392423,0.454
CXCR4,JAK1,9606.ENSP00000386884,9606.ENSP00000499900,0.481
CXCR4,RHOA,9606.ENSP00000386884,9606.ENSP00000400175,0.608
CYB5R3,HBA2,9606.ENSP00000354468,9606.ENSP00000251595,0.923
CYB5R3,GLUL,9606.ENSP00000354468,9606.ENSP00000307900,0.476
CYB5R3,VDAC1,9606.ENSP00000354468,9606.ENSP00000378487,0.497
CYB5R3,HBB,9606.ENSP00000354468,9606.ENSP00000494175,0.847
DAAM1,VAMP3,9606.ENSP00000378557,9606.ENSP00000054666,0.436
DAAM1,DVL3,9606.ENSP00000378557,9606.ENSP00000316054,0.948
DAAM1,RHOH,9606.ENSP00000378557,9606.ENSP00000371219,0.429
DAAM1,RHOA,9606.ENSP00000378557,9606.ENSP00000400175,0.996
DACT1,DVL3,9606.ENSP00000337439,9606.ENSP00000316054,0.758
DAZAP2,HIP1,9606.ENSP00000448051,9606.ENSP00000336747,0.47
DAZAP2,REEP1,9606.ENSP00000448051,9606.ENSP00000392197,0.493
DAZAP2,RBFOX2,9606.ENSP00000448051,9606.ENSP00000413035,0.61
DCAF10,UBE2M,9606.ENSP00000366953,9606.ENSP00000253023,0.524
DCAF10,DDA1,9606.ENSP00000366953,9606.ENSP00000352928,0.915
DCTN4,FKBP4,9606.ENSP00000414906,9606.ENSP00000001008,0.411
DCTN4,RAB5A,9606.ENSP00000414906,9606.ENSP00000273047,0.532
DCTN4,PGR,9606.ENSP00000414906,9606.ENSP00000325120,0.4
DCTN4,RAB3GAP2,9606.ENSP00000414906,9606.ENSP00000351832,0.613
DCTN4,HSP90AB1,9606.ENSP00000414906,9606.ENSP00000360609,0.435
DDA1,UBE2M,9606.ENSP00000352928,9606.ENSP00000253023,0.709
DGAT2,SCD5,9606.ENSP00000228027,9606.ENSP00000316329,0.449
DGAT2,PLIN4,9606.ENSP00000228027,9606.ENSP00000488481,0.58
DGAT2,PLIN1,9606.ENSP00000228027,9606.ENSP00000300055,0.69
DGAT2,PLPP4,9606.ENSP00000228027,9606.ENSP00000381302,0.951
DHX15,FUS,9606.ENSP00000336741,9606.ENSP00000254108,0.63
DHX15,SRSF1,9606.ENSP00000336741,9606.ENSP00000258962,0.763
DHX15,RRM1,9606.ENSP00000336741,9606.ENSP00000300738,0.415
DHX15,PARP9,9606.ENSP00000336741,9606.ENSP00000353512,0.42
DHX15,SECISBP2,9606.ENSP00000336741,9606.ENSP00000364965,0.466
DHX15,DICER1,9606.ENSP00000336741,9606.ENSP00000437256,0.481
DHX15,SRPK2,9606.ENSP00000336741,9606.ENSP00000377262,0.52
DHX15,SRSF10,9606.ENSP00000336741,9606.ENSP00000420195,0.54
DHX15,PRPF4,9606.ENSP00000336741,9606.ENSP00000363313,0.55
DHX15,HNRNPF,9606.ENSP00000336741,9606.ENSP00000400433,0.666
DHX15,XRN2,9606.ENSP00000336741,9606.ENSP00000366396,0.712
DHX15,SRSF3,9606.ENSP00000336741,9606.ENSP00000362820,0.754
DHX15,HNRNPC,9606.ENSP00000336741,9606.ENSP00000451291,0.762
DHX15,NOLC1,9606.ENSP00000336741,9606.ENSP00000385410,0.801
DICER1,MAPK1,9606.ENSP00000437256,9606.ENSP00000215832,0.598
DICER1,PPIF,9606.ENSP00000437256,9606.ENSP00000225174,0.427
DICER1,FUS,9606.ENSP00000437256,9606.ENSP00000254108,0.848
DICER1,SRSF1,9606.ENSP00000437256,9606.ENSP00000258962,0.403
DICER1,MBNL1,9606.ENSP00000437256,9606.ENSP00000282486,0.436
DICER1,RPS23,9606.ENSP00000437256,9606.ENSP00000296674,0.664
DICER1,HSPD1,9606.ENSP00000437256,9606.ENSP00000340019,0.444
DICER1,HSP90AB1,9606.ENSP00000437256,9606.ENSP00000360609,0.802
DICER1,XRN2,9606.ENSP00000437256,9606.ENSP00000366396,0.776
DICER1,TSN,9606.ENSP00000437256,9606.ENSP00000374332,0.888
DICER1,TENT2,9606.ENSP00000437256,9606.ENSP00000397563,0.602
DICER1,RHOA,9606.ENSP00000437256,9606.ENSP00000400175,0.413
DICER1,FKBP5,9606.ENSP00000437256,9606.ENSP00000444810,0.433
DICER1,HNRNPC,9606.ENSP00000437256,9606.ENSP00000451291,0.62
DIO2,WSB1,9606.ENSP00000451419,9606.ENSP00000262394,0.856
DIO2,UBE2G1,9606.ENSP00000451419,9606.ENSP00000380178,0.541
DLK1,NOTCH2,9606.ENSP00000340292,9606.ENSP00000256646,0.787
DLK1,PLIN1,9606.ENSP00000340292,9606.ENSP00000300055,0.422
DLK1,PROM1,9606.ENSP00000340292,9606.ENSP00000426809,0.415
DMD,MBNL1,9606.ENSP00000354923,9606.ENSP00000282486,0.454
DMD,PLEC,9606.ENSP00000354923,9606.ENSP00000323856,0.902
DMD,LAMB3,9606.ENSP00000354923,9606.ENSP00000375778,0.525
DMD,TPM4,9606.ENSP00000354923,9606.ENSP00000494125,0.548
DNAJB1,FKBP4,9606.ENSP00000254322,9606.ENSP00000001008,0.957
DNAJB1,DNAJC12,9606.ENSP00000254322,9606.ENSP00000225171,0.781
DNAJB1,SEC61A1,9606.ENSP00000254322,9606.ENSP00000243253,0.681
DNAJB1,FOS,9606.ENSP00000254322,9606.ENSP00000306245,0.427
DNAJB1,PGR,9606.ENSP00000254322,9606.ENSP00000325120,0.475
DNAJB1,YWHAZ,9606.ENSP00000254322,9606.ENSP00000379287,0.523
DNAJB1,HSPD1,9606.ENSP00000254322,9606.ENSP00000340019,0.736
DNAJB1,HSPB2,9606.ENSP00000254322,9606.ENSP00000302476,0.782
DNAJB1,FKBP5,9606.ENSP00000254322,9606.ENSP00000444810,0.936
DNAJB1,DNAJC3,9606.ENSP00000254322,9606.ENSP00000473631,0.976
DNAJB1,HSPH1,9606.ENSP00000254322,9606.ENSP00000487365,0.99
DNAJB1,STIP1,9606.ENSP00000254322,9606.ENSP00000351646,0.997
DNAJB1,HSP90AB1,9606.ENSP00000254322,9606.ENSP00000360609,0.999
DNAJC10,SEC61A1,9606.ENSP00000264065,9606.ENSP00000243253,0.567
DNAJC10,HSPD1,9606.ENSP00000264065,9606.ENSP00000340019,0.466
DNAJC10,ERP27,9606.ENSP00000264065,9606.ENSP00000266397,0.511
DNAJC10,DNAJC3,9606.ENSP00000264065,9606.ENSP00000473631,0.638
DNAJC10,HSP90AB1,9606.ENSP00000264065,9606.ENSP00000360609,0.687
DNAJC10,HSPH1,9606.ENSP00000264065,9606.ENSP00000487365,0.693
DNAJC10,P4HB,9606.ENSP00000264065,9606.ENSP00000327801,0.703
DNAJC3,SEC61A1,9606.ENSP00000473631,9606.ENSP00000243253,0.762
DNAJC3,P4HB,9606.ENSP00000473631,9606.ENSP00000327801,0.773
DNAJC3,HSP90AB1,9606.ENSP00000473631,9606.ENSP00000360609,0.606
DNAJC3,HSPH1,9606.ENSP00000473631,9606.ENSP00000487365,0.729
DNALI1,SCUBE2,9606.ENSP00000296218,9606.ENSP00000310658,0.404
DSG2,VAMP3,9606.ENSP00000261590,9606.ENSP00000054666,0.583
DSG2,THBS1,9606.ENSP00000261590,9606.ENSP00000260356,0.459
DSG2,PSEN1,9606.ENSP00000261590,9606.ENSP00000326366,0.482
DSG2,ITGB1,9606.ENSP00000261590,9606.ENSP00000379350,0.508
DSG2,PLEC,9606.ENSP00000261590,9606.ENSP00000323856,0.673
DUSP5,MAPK1,9606.ENSP00000358596,9606.ENSP00000215832,0.888
DUSP5,FOS,9606.ENSP00000358596,9606.ENSP00000306245,0.786
DVL3,SFRP1,9606.ENSP00000316054,9606.ENSP00000220772,0.702
DVL3,NOTCH2,9606.ENSP00000316054,9606.ENSP00000256646,0.921
DVL3,PPP2R5C,9606.ENSP00000316054,9606.ENSP00000412324,0.556
DVL3,RHOA,9606.ENSP00000316054,9606.ENSP00000400175,0.67
EBF1,FABP4,9606.ENSP00000322898,9606.ENSP00000256104,0.625
EBF1,LEP,9606.ENSP00000322898,9606.ENSP00000312652,0.589
EBF1,MED23,9606.ENSP00000322898,9606.ENSP00000357047,0.499
EBF1,RHOH,9606.ENSP00000322898,9606.ENSP00000371219,0.525
EIF2S3,P4HB,9606.ENSP00000253039,9606.ENSP00000327801,0.408
EIF2S3,HNRNPC,9606.ENSP00000253039,9606.ENSP00000451291,0.448
EIF2S3,GSPT1,9606.ENSP00000253039,9606.ENSP00000398131,0.535
EIF2S3,EIF5A,9606.ENSP00000253039,9606.ENSP00000336702,0.572
EIF2S3,RPS23,9606.ENSP00000253039,9606.ENSP00000296674,0.992
EIF5A,UBE2M,9606.ENSP00000336702,9606.ENSP00000253023,0.475
EIF5A,SRSF1,9606.ENSP00000336702,9606.ENSP00000258962,0.458
EIF5A,GFM1,9606.ENSP00000336702,9606.ENSP00000264263,0.705
EIF5A,RPS23,9606.ENSP00000336702,9606.ENSP00000296674,0.981
EIF5A,HSPD1,9606.ENSP00000336702,9606.ENSP00000340019,0.44
EIF5A,HSP90AB1,9606.ENSP00000336702,9606.ENSP00000360609,0.461
ELF5,KRT14,9606.ENSP00000311010,9606.ENSP00000167586,0.469
ELF5,KRT5,9606.ENSP00000311010,9606.ENSP00000252242,0.406
ELF5,PGR,9606.ENSP00000311010,9606.ENSP00000325120,0.418
ELF5,ESR1,9606.ENSP00000311010,9606.ENSP00000405330,0.458
EML4,HIP1,9606.ENSP00000320663,9606.ENSP00000336747,0.432
EML4,FGFR3,9606.ENSP00000320663,9606.ENSP00000339824,0.48
EML4,FN1,9606.ENSP00000320663,9606.ENSP00000346839,0.49
EML4,ZWINT,9606.ENSP00000320663,9606.ENSP00000363055,0.519
EML4,PPP2R5C,9606.ENSP00000320663,9606.ENSP00000412324,0.526
EML4,PRKAR1A,9606.ENSP00000320663,9606.ENSP00000376475,0.608
EML4,MAPRE1,9606.ENSP00000320663,9606.ENSP00000364721,0.611
EML4,HSP90AB1,9606.ENSP00000320663,9606.ENSP00000360609,0.654
EML4,RET,9606.ENSP00000320663,9606.ENSP00000347942,0.822
EML4,TPM4,9606.ENSP00000320663,9606.ENSP00000494125,0.831
EML4,JAK1,9606.ENSP00000320663,9606.ENSP00000499900,0.924
ENC1,KLHL13,9606.ENSP00000499185,9606.ENSP00000419803,0.936
ENO1,GFM1,9606.ENSP00000495530,9606.ENSP00000264263,0.576
ENO1,YWHAE,9606.ENSP00000495530,9606.ENSP00000264335,0.702
ENO1,RPS23,9606.ENSP00000495530,9606.ENSP00000296674,0.434
ENO1,HSPB2,9606.ENSP00000495530,9606.ENSP00000302476,0.5
ENO1,FOS,9606.ENSP00000495530,9606.ENSP00000306245,0.423
ENO1,PCK1,9606.ENSP00000495530,9606.ENSP00000319814,0.962
ENO1,PLEC,9606.ENSP00000495530,9606.ENSP00000323856,0.528
ENO1,P4HB,9606.ENSP00000495530,9606.ENSP00000327801,0.659
ENO1,EZR,9606.ENSP00000495530,9606.ENSP00000338934,0.446
ENO1,HSPD1,9606.ENSP00000495530,9606.ENSP00000340019,0.597
ENO1,FN1,9606.ENSP00000495530,9606.ENSP00000346839,0.791
ENO1,PNP,9606.ENSP00000495530,9606.ENSP00000354532,0.437
ENO1,TAGLN2,9606.ENSP00000495530,9606.ENSP00000357076,0.531
ENO1,HSP90AB1,9606.ENSP00000495530,9606.ENSP00000360609,0.804
ENO1,PGK1,9606.ENSP00000495530,9606.ENSP00000362413,0.996
ENO1,GNB1,9606.ENSP00000495530,9606.ENSP00000367872,0.452
ENO1,VDAC1,9606.ENSP00000495530,9606.ENSP00000378487,0.747
ENO1,YWHAZ,9606.ENSP00000495530,9606.ENSP00000379287,0.794
ENO1,RHOA,9606.ENSP00000495530,9606.ENSP00000400175,0.401
ERG28,SQLE,9606.ENSP00000256319,9606.ENSP00000265896,0.71
ESR1,FKBP4,9606.ENSP00000405330,9606.ENSP00000001008,0.893
ESR1,KRT14,9606.ENSP00000405330,9606.ENSP00000167586,0.609
ESR1,MAPK1,9606.ENSP00000405330,9606.ENSP00000215832,0.987
ESR1,SERPINE1,9606.ENSP00000405330,9606.ENSP00000223095,0.473
ESR1,MSH6,9606.ENSP00000405330,9606.ENSP00000234420,0.577
ESR1,YWHAH,9606.ENSP00000405330,9606.ENSP00000248975,0.48
ESR1,FOXA1,9606.ENSP00000405330,9606.ENSP00000250448,0.998
ESR1,KRT5,9606.ENSP00000405330,9606.ENSP00000252242,0.737
ESR1,NOTCH2,9606.ENSP00000405330,9606.ENSP00000256646,0.594
ESR1,RERG,9606.ENSP00000405330,9606.ENSP00000256953,0.6
ESR1,TRAM1,9606.ENSP00000405330,9606.ENSP00000262213,0.48
ESR1,GPAM,9606.ENSP00000405330,9606.ENSP00000265276,0.471
ESR1,SLC39A6,9606.ENSP00000405330,9606.ENSP00000269187,0.442
ESR1,NTRK2,9606.ENSP00000405330,9606.ENSP00000277120,0.555
ESR1,H2BC5,9606.ENSP00000405330,9606.ENSP00000289316,0.633
ESR1,REL,9606.ENSP00000405330,9606.ENSP00000295025,0.74
ESR1,FOS,9606.ENSP00000405330,9606.ENSP00000306245,0.999
ESR1,KRT17,9606.ENSP00000405330,9606.ENSP00000308452,0.457
ESR1,SCUBE2,9606.ENSP00000405330,9606.ENSP00000310658,0.493
ESR1,PRKDC,9606.ENSP00000405330,9606.ENSP00000313420,0.717
ESR1,H2BC4,9606.ENSP00000405330,9606.ENSP00000321744,0.631
ESR1,PGR,9606.ENSP00000405330,9606.ENSP00000325120,0.974
ESR1,NRIP1,9606.ENSP00000405330,9606.ENSP00000327213,0.999
ESR1,FGFR3,9606.ENSP00000405330,9606.ENSP00000339824,0.614
ESR1,HSPD1,9606.ENSP00000405330,9606.ENSP00000340019,0.44
ESR1,MAOA,9606.ENSP00000405330,9606.ENSP00000340684,0.401
ESR1,FN1,9606.ENSP00000405330,9606.ENSP00000346839,0.969
ESR1,RET,9606.ENSP00000405330,9606.ENSP00000347942,0.67
ESR1,SMC3,9606.ENSP00000405330,9606.ENSP00000354720,0.625
ESR1,TAB2,9606.ENSP00000405330,9606.ENSP00000356426,0.774
ESR1,MED23,9606.ENSP00000405330,9606.ENSP00000357047,0.46
ESR1,MCL1,9606.ENSP00000405330,9606.ENSP00000358022,0.653
ESR1,H2BC21,9606.ENSP00000405330,9606.ENSP00000358151,0.687
ESR1,H2AC18,9606.ENSP00000405330,9606.ENSP00000358155,0.673
ESR1,MAP3K7,9606.ENSP00000405330,9606.ENSP00000358335,0.484
ESR1,VAV3,9606.ENSP00000405330,9606.ENSP00000359073,0.507
ESR1,RUNX2,9606.ENSP00000405330,9606.ENSP00000360493,0.942
ESR1,HSP90AB1,9606.ENSP00000405330,9606.ENSP00000360609,0.993
ESR1,GNB1,9606.ENSP00000405330,9606.ENSP00000367872,0.583
ESR1,XDH,9606.ENSP00000405330,9606.ENSP00000368727,0.469
ESR1,GREB1,9606.ENSP00000405330,9606.ENSP00000370896,0.983
ESR1,VDAC1,9606.ENSP00000405330,9606.ENSP00000378487,0.678
ESR1,TRPS1,9606.ENSP00000405330,9606.ENSP00000379065,0.609
ESR1,YWHAZ,9606.ENSP00000405330,9606.ENSP00000379287,0.633
ESR1,ITGB1,9606.ENSP00000405330,9606.ENSP00000379350,0.411
ESR1,SGK3,9606.ENSP00000405330,9606.ENSP00000379842,0.492
ESR1,RHOA,9606.ENSP00000405330,9606.ENSP00000400175,0.506
ESR1,PHGDH,9606.ENSP00000405330,9606.ENSP00000493382,0.451
ESR1,TOP2A,9606.ENSP00000405330,9606.ENSP00000411532,0.498
ESR1,FHL1,9606.ENSP00000405330,9606.ENSP00000498684,0.544
ESR1,TBL1XR1,9606.ENSP00000405330,9606.ENSP00000405574,0.568
ESR1,H2BC9,9606.ENSP00000405330,9606.ENSP00000479169,0.586
ESR1,H2BS1,9606.ENSP00000405330,9606.ENSP00000481622,0.587
ESR1,H2BC11,9606.ENSP00000405330,9606.ENSP00000476136,0.595
ESR1,RBFOX2,9606.ENSP00000405330,9606.ENSP00000413035,0.759
ESR1,MUC1,9606.ENSP00000405330,9606.ENSP00000484824,0.839
ESR1,TFAP2A,9606.ENSP00000405330,9606.ENSP00000501092,0.879
ESR1,FKBP5,9606.ENSP00000405330,9606.ENSP00000444810,0.883
ESRP1,HNRNPF,9606.ENSP00000405738,9606.ENSP00000400433,0.562
ESRP1,RBFOX2,9606.ENSP00000405738,9606.ENSP00000413035,0.814
EVL,RHOA,9606.ENSP00000376652,9606.ENSP00000400175,0.58
EXOSC7,HNRNPC,9606.ENSP00000265564,9606.ENSP00000451291,0.537
EXOSC7,RPS23,9606.ENSP00000265564,9606.ENSP00000296674,0.551
EZR,VCAN,9606.ENSP00000338934,9606.ENSP00000265077,0.455
EZR,S100P,9606.ENSP00000338934,9606.ENSP00000296370,0.432
EZR,MME,9606.ENSP00000338934,9606.ENSP00000418525,0.41
EZR,MACF1,9606.ENSP00000338934,9606.ENSP00000354573,0.501
EZR,JAK1,9606.ENSP00000338934,9606.ENSP00000499900,0.55
EZR,ITGB1,9606.ENSP00000338934,9606.ENSP00000379350,0.635
EZR,YWHAZ,9606.ENSP00000338934,9606.ENSP00000379287,0.648
EZR,FN1,9606.ENSP00000338934,9606.ENSP00000346839,0.689
EZR,TWF1,9606.ENSP00000338934,9606.ENSP00000449428,0.835
EZR,RHOA,9606.ENSP00000338934,9606.ENSP00000400175,0.897
EZR,HSP90AB1,9606.ENSP00000338934,9606.ENSP00000360609,0.927
FABP4,LIPE,9606.ENSP00000256104,9606.ENSP00000244289,0.999
FABP4,MED23,9606.ENSP00000256104,9606.ENSP00000357047,0.499
FABP4,FABP7,9606.ENSP00000256104,9606.ENSP00000348931,0.704
FABP4,PCK1,9606.ENSP00000256104,9606.ENSP00000319814,0.805
FABP4,PLIN1,9606.ENSP00000256104,9606.ENSP00000300055,0.927
FABP4,LPL,9606.ENSP00000256104,9606.ENSP00000497642,0.965
FABP7,LIPE,9606.ENSP00000348931,9606.ENSP00000244289,0.64
FAM120A,HNRNPC,9606.ENSP00000277165,9606.ENSP00000451291,0.544
FAM189A2,YWHAE,9606.ENSP00000304435,9606.ENSP00000264335,0.441
FAM189A2,YWHAZ,9606.ENSP00000304435,9606.ENSP00000379287,0.442
FAP,PLAUR,9606.ENSP00000188790,9606.ENSP00000339328,0.463
FAP,THY1,9606.ENSP00000188790,9606.ENSP00000284240,0.641
FBN1,NID2,9606.ENSP00000325527,9606.ENSP00000216286,0.465
FBN1,TGFB1,9606.ENSP00000325527,9606.ENSP00000221930,0.882
FBN1,PRRX1,9606.ENSP00000325527,9606.ENSP00000239461,0.525
FBN1,SULF1,9606.ENSP00000325527,9606.ENSP00000260128,0.408
FBN1,VCAN,9606.ENSP00000325527,9606.ENSP00000265077,0.91
FBN1,TNXB,9606.ENSP00000325527,9606.ENSP00000407685,0.467
FBN1,ITGBL1,9606.ENSP00000325527,9606.ENSP00000365351,0.517
FBN1,SLC2A10,9606.ENSP00000325527,9606.ENSP00000352216,0.69
FBN1,ITGB1,9606.ENSP00000325527,9606.ENSP00000379350,0.716
FBN1,POSTN,9606.ENSP00000325527,9606.ENSP00000369071,0.785
FBN1,FN1,9606.ENSP00000325527,9606.ENSP00000346839,0.982
FBN1,MFAP2,9606.ENSP00000325527,9606.ENSP00000364685,0.997
FBP1,RANBP9,9606.ENSP00000408025,9606.ENSP00000011619,0.54
FGFR1OP,SEPTIN2,9606.ENSP00000355812,9606.ENSP00000479861,0.434
FGFR1OP,MAPRE1,9606.ENSP00000355812,9606.ENSP00000364721,0.612
FGFR3,MAPK1,9606.ENSP00000339824,9606.ENSP00000215832,0.473
FGFR3,KLB,9606.ENSP00000339824,9606.ENSP00000257408,0.905
FGFR3,NTRK2,9606.ENSP00000339824,9606.ENSP00000277120,0.479
FGFR3,SH3GL3,9606.ENSP00000339824,9606.ENSP00000320092,0.675
FGFR3,HSP90AB1,9606.ENSP00000339824,9606.ENSP00000360609,0.56
FGFR3,JAK1,9606.ENSP00000339824,9606.ENSP00000499900,0.915
FKBP4,MAPK1,9606.ENSP00000001008,9606.ENSP00000215832,0.457
FKBP4,MUC1,9606.ENSP00000001008,9606.ENSP00000484824,0.476
FKBP4,REL,9606.ENSP00000001008,9606.ENSP00000295025,0.485
FKBP4,NRIP1,9606.ENSP00000001008,9606.ENSP00000327213,0.499
FKBP4,MAP3K7,9606.ENSP00000001008,9606.ENSP00000358335,0.517
FKBP4,HSPH1,9606.ENSP00000001008,9606.ENSP00000487365,0.525
FKBP4,YWHAE,9606.ENSP00000001008,9606.ENSP00000264335,0.534
FKBP4,FOXA1,9606.ENSP00000001008,9606.ENSP00000250448,0.56
FKBP4,PPIF,9606.ENSP00000001008,9606.ENSP00000225174,0.68
FKBP4,FKBP5,9606.ENSP00000001008,9606.ENSP00000444810,0.972
FKBP4,PGR,9606.ENSP00000001008,9606.ENSP00000325120,0.977
FKBP4,STIP1,9606.ENSP00000001008,9606.ENSP00000351646,0.979
FKBP4,HSP90AB1,9606.ENSP00000001008,9606.ENSP00000360609,0.999
FKBP5,MAPK1,9606.ENSP00000444810,9606.ENSP00000215832,0.489
FKBP5,PPIF,9606.ENSP00000444810,9606.ENSP00000225174,0.41
FKBP5,HACD3,9606.ENSP00000444810,9606.ENSP00000261875,0.416
FKBP5,FOS,9606.ENSP00000444810,9606.ENSP00000306245,0.62
FKBP5,PGR,9606.ENSP00000444810,9606.ENSP00000325120,0.977
FKBP5,STIP1,9606.ENSP00000444810,9606.ENSP00000351646,0.93
FKBP5,MAP3K7,9606.ENSP00000444810,9606.ENSP00000358335,0.595
FKBP5,HSP90AB1,9606.ENSP00000444810,9606.ENSP00000360609,0.999
FN1,MAPK1,9606.ENSP00000346839,9606.ENSP00000215832,0.716
FN1,SEMA3G,9606.ENSP00000346839,9606.ENSP00000231721,0.471
FN1,KRT5,9606.ENSP00000346839,9606.ENSP00000252242,0.628
FN1,SRSF1,9606.ENSP00000346839,9606.ENSP00000258962,0.564
FN1,THBS1,9606.ENSP00000346839,9606.ENSP00000260356,0.999
FN1,YWHAE,9606.ENSP00000346839,9606.ENSP00000264335,0.471
FN1,TIMP3,9606.ENSP00000346839,9606.ENSP00000266085,0.751
FN1,TIMP4,9606.ENSP00000346839,9606.ENSP00000287814,0.501
FN1,PLEC,9606.ENSP00000346839,9606.ENSP00000323856,0.591
FN1,HIP1,9606.ENSP00000346839,9606.ENSP00000336747,0.403
FN1,HSPD1,9606.ENSP00000346839,9606.ENSP00000340019,0.583
FN1,PRKAR1A,9606.ENSP00000346839,9606.ENSP00000376475,0.452
FN1,TOP2A,9606.ENSP00000346839,9606.ENSP00000411532,0.453
FN1,PGK1,9606.ENSP00000346839,9606.ENSP00000362413,0.483
FN1,SRSF3,9606.ENSP00000346839,9606.ENSP00000362820,0.516
FN1,YWHAZ,9606.ENSP00000346839,9606.ENSP00000379287,0.576
FN1,HSP90AB1,9606.ENSP00000346839,9606.ENSP00000360609,0.577
FN1,TPM4,9606.ENSP00000346839,9606.ENSP00000494125,0.625
FN1,NES,9606.ENSP00000346839,9606.ENSP00000357206,0.63
FN1,MIA,9606.ENSP00000346839,9606.ENSP00000470129,0.752
FN1,ITGA7,9606.ENSP00000346839,9606.ENSP00000452120,0.892
FN1,POSTN,9606.ENSP00000346839,9606.ENSP00000369071,0.996
FN1,ITGB1,9606.ENSP00000346839,9606.ENSP00000379350,0.999
FOLR1,TMED2,9606.ENSP00000377284,9606.ENSP00000262225,0.4
FOLR1,NAPA,9606.ENSP00000377284,9606.ENSP00000263354,0.503
FOLR1,KDELR1,9606.ENSP00000377284,9606.ENSP00000329471,0.4
FOLR1,KDELR3,9606.ENSP00000377284,9606.ENSP00000386918,0.41
FOLR1,SAR1B,9606.ENSP00000377284,9606.ENSP00000385432,0.499
FOLR1,MUC1,9606.ENSP00000377284,9606.ENSP00000484824,0.571
FOS,MAPK1,9606.ENSP00000306245,9606.ENSP00000215832,0.992
FOS,FOXA1,9606.ENSP00000306245,9606.ENSP00000250448,0.802
FOS,SMARCC1,9606.ENSP00000306245,9606.ENSP00000254480,0.502
FOS,THBS1,9606.ENSP00000306245,9606.ENSP00000260356,0.569
FOS,NTRK2,9606.ENSP00000306245,9606.ENSP00000277120,0.606
FOS,H2BC5,9606.ENSP00000306245,9606.ENSP00000289316,0.599
FOS,REL,9606.ENSP00000306245,9606.ENSP00000295025,0.754
FOS,MAP3K7,9606.ENSP00000306245,9606.ENSP00000358335,0.413
FOS,GREB1,9606.ENSP00000306245,9606.ENSP00000370896,0.427
FOS,HSP90AB1,9606.ENSP00000306245,9606.ENSP00000360609,0.446
FOS,JAK1,9606.ENSP00000306245,9606.ENSP00000499900,0.458
FOS,NES,9606.ENSP00000306245,9606.ENSP00000357206,0.485
FOS,SH3GL3,9606.ENSP00000306245,9606.ENSP00000320092,0.52
FOS,RHOA,9606.ENSP00000306245,9606.ENSP00000400175,0.538
FOS,MUC1,9606.ENSP00000306245,9606.ENSP00000484824,0.547
FOS,H2BC9,9606.ENSP00000306245,9606.ENSP00000479169,0.572
FOS,H2BS1,9606.ENSP00000306245,9606.ENSP00000481622,0.575
FOS,H2BC11,9606.ENSP00000306245,9606.ENSP00000476136,0.583
FOS,H2BC4,9606.ENSP00000306245,9606.ENSP00000321744,0.588
FOS,H2AC18,9606.ENSP00000306245,9606.ENSP00000358155,0.658
FOS,PGR,9606.ENSP00000306245,9606.ENSP00000325120,0.659
FOS,H2BC21,9606.ENSP00000306245,9606.ENSP00000358151,0.696
FOS,RUNX2,9606.ENSP00000306245,9606.ENSP00000360493,0.987
FOXA1,MUC1,9606.ENSP00000250448,9606.ENSP00000484824,0.406
FOXA1,TOP2A,9606.ENSP00000250448,9606.ENSP00000411532,0.435
FOXA1,XRN2,9606.ENSP00000250448,9606.ENSP00000366396,0.51
FOXA1,TRPS1,9606.ENSP00000250448,9606.ENSP00000379065,0.526
FOXA1,H2BS1,9606.ENSP00000250448,9606.ENSP00000481622,0.534
FOXA1,H2BC9,9606.ENSP00000250448,9606.ENSP00000479169,0.534
FOXA1,H2BC11,9606.ENSP00000250448,9606.ENSP00000476136,0.535
FOXA1,H2BC5,9606.ENSP00000250448,9606.ENSP00000289316,0.538
FOXA1,H2BC4,9606.ENSP00000250448,9606.ENSP00000321744,0.55
FOXA1,HSP90AB1,9606.ENSP00000250448,9606.ENSP00000360609,0.59
FOXA1,H2AC18,9606.ENSP00000250448,9606.ENSP00000358155,0.596
FOXA1,H2BC21,9606.ENSP00000250448,9606.ENSP00000358151,0.602
FOXA1,GREB1,9606.ENSP00000250448,9606.ENSP00000370896,0.674
FOXA1,TFAP2A,9606.ENSP00000250448,9606.ENSP00000501092,0.716
FOXA1,PGR,9606.ENSP00000250448,9606.ENSP00000325120,0.887
FOXA1,NRIP1,9606.ENSP00000250448,9606.ENSP00000327213,0.902
FRYL,YWHAH,9606.ENSP00000351113,9606.ENSP00000248975,0.41
FUS,NAA50,9606.ENSP00000254108,9606.ENSP00000240922,0.488
FUS,HSPD1,9606.ENSP00000254108,9606.ENSP00000340019,0.416
FUS,YWHAZ,9606.ENSP00000254108,9606.ENSP00000379287,0.453
FUS,PICALM,9606.ENSP00000254108,9606.ENSP00000377015,0.454
FUS,SMARCC1,9606.ENSP00000254108,9606.ENSP00000254480,0.455
FUS,LSM4,9606.ENSP00000254108,9606.ENSP00000469468,0.51
FUS,RBM6,9606.ENSP00000254108,9606.ENSP00000266022,0.534
FUS,PHGDH,9606.ENSP00000254108,9606.ENSP00000493382,0.537
FUS,XRN2,9606.ENSP00000254108,9606.ENSP00000366396,0.593
FUS,HNRNPF,9606.ENSP00000254108,9606.ENSP00000400433,0.794
FUS,SRSF3,9606.ENSP00000254108,9606.ENSP00000362820,0.827
FUS,SRSF1,9606.ENSP00000254108,9606.ENSP00000258962,0.868
FUS,HNRNPC,9606.ENSP00000254108,9606.ENSP00000451291,0.976
FUS,SRSF10,9606.ENSP00000254108,9606.ENSP00000420195,0.985
FXYD1,NDRG3,9606.ENSP00000481244,9606.ENSP00000345292,0.447
G0S2,TBL1XR1,9606.ENSP00000355996,9606.ENSP00000405574,0.4
GABRP,KRT17,9606.ENSP00000430100,9606.ENSP00000308452,0.4
GABRP,KCNN4,9606.ENSP00000430100,9606.ENSP00000496939,0.618
GALNT10,MUCL1,9606.ENSP00000297107,9606.ENSP00000311364,0.415
GALNT10,MUC1,9606.ENSP00000297107,9606.ENSP00000484824,0.497
GALNT16,MUCL1,9606.ENSP00000336729,9606.ENSP00000311364,0.404
GALNT16,MUC1,9606.ENSP00000336729,9606.ENSP00000484824,0.422
GALNT7,MUCL1,9606.ENSP00000265000,9606.ENSP00000311364,0.4
GALNT7,MUC1,9606.ENSP00000265000,9606.ENSP00000484824,0.46
GDI2,YWHAE,9606.ENSP00000369538,9606.ENSP00000264335,0.716
GDI2,RAB5A,9606.ENSP00000369538,9606.ENSP00000273047,0.961
GDI2,TRAPPC11,9606.ENSP00000369538,9606.ENSP00000335371,0.461
GDI2,RAB3GAP2,9606.ENSP00000369538,9606.ENSP00000351832,0.589
GDI2,HSP90AB1,9606.ENSP00000369538,9606.ENSP00000360609,0.408
GDI2,RHOA,9606.ENSP00000369538,9606.ENSP00000400175,0.611
GDI2,RAB31,9606.ENSP00000369538,9606.ENSP00000461945,0.908
GDI2,RAB5C,9606.ENSP00000369538,9606.ENSP00000447053,0.94
GDI2,RAB1A,9606.ENSP00000369538,9606.ENSP00000387286,0.997
GDPD5,LYPLA1,9606.ENSP00000337972,9606.ENSP00000320043,0.414
GFM1,PRPF4,9606.ENSP00000264263,9606.ENSP00000363313,0.414
GFM1,HSPD1,9606.ENSP00000264263,9606.ENSP00000340019,0.795
GFM1,MRPL42,9606.ENSP00000264263,9606.ENSP00000449884,0.831
GFM1,RPS23,9606.ENSP00000264263,9606.ENSP00000296674,0.878
GFM1,MRPS30,9606.ENSP00000264263,9606.ENSP00000424328,0.918
GFRA1,RET,9606.ENSP00000347591,9606.ENSP00000347942,0.999
GHR,MAPK1,9606.ENSP00000483403,9606.ENSP00000215832,0.545
GHR,LEP,9606.ENSP00000483403,9606.ENSP00000312652,0.885
GHR,JAK1,9606.ENSP00000483403,9606.ENSP00000499900,0.88
GLUL,NES,9606.ENSP00000307900,9606.ENSP00000357206,0.476
GLUL,MCCC2,9606.ENSP00000307900,9606.ENSP00000343657,0.641
GLUL,HSPD1,9606.ENSP00000307900,9606.ENSP00000340019,0.888
GMFB,TWF1,9606.ENSP00000350757,9606.ENSP00000449428,0.457
GNB1,MAPK1,9606.ENSP00000367872,9606.ENSP00000215832,0.808
GNB1,OXTR,9606.ENSP00000367872,9606.ENSP00000324270,0.845
GNB1,PRKCD,9606.ENSP00000367872,9606.ENSP00000331602,0.617
GNB1,RGS1,9606.ENSP00000367872,9606.ENSP00000356429,0.691
GNB1,PREX1,9606.ENSP00000367872,9606.ENSP00000361009,0.992
GNB1,YWHAZ,9606.ENSP00000367872,9606.ENSP00000379287,0.401
GNB1,RGS5,9606.ENSP00000367872,9606.ENSP00000433001,0.656
GNB1,ITGB1,9606.ENSP00000367872,9606.ENSP00000379350,0.694
GNB1,RHOA,9606.ENSP00000367872,9606.ENSP00000400175,0.874
GOLGA7,SPTLC2,9606.ENSP00000350378,9606.ENSP00000216484,0.9
GPAM,GPD1,9606.ENSP00000265276,9606.ENSP00000301149,0.972
GPD1,PLIN1,9606.ENSP00000301149,9606.ENSP00000300055,0.584
GPD1,PLIN4,9606.ENSP00000301149,9606.ENSP00000488481,0.428
GPD1,PLPP4,9606.ENSP00000301149,9606.ENSP00000381302,0.821
GPIHBP1,LPL,9606.ENSP00000480053,9606.ENSP00000497642,0.999
GREB1,H2BC5,9606.ENSP00000370896,9606.ENSP00000289316,0.514
GREB1,H2BC4,9606.ENSP00000370896,9606.ENSP00000321744,0.514
GREB1,H2BC21,9606.ENSP00000370896,9606.ENSP00000358151,0.534
GREB1,H2AC18,9606.ENSP00000370896,9606.ENSP00000358155,0.524
GREB1,H2BC11,9606.ENSP00000370896,9606.ENSP00000476136,0.512
GREB1,H2BS1,9606.ENSP00000370896,9606.ENSP00000481622,0.516
GREB1,H2BC9,9606.ENSP00000370896,9606.ENSP00000479169,0.526
GREM1,INHBA,9606.ENSP00000498748,9606.ENSP00000242208,0.41
GREM1,YWHAH,9606.ENSP00000498748,9606.ENSP00000248975,0.598
GSPT1,RPS23,9606.ENSP00000398131,9606.ENSP00000296674,0.967
GSPT1,HSPH1,9606.ENSP00000398131,9606.ENSP00000487365,0.416
H2AC18,SMARCC1,9606.ENSP00000358155,9606.ENSP00000254480,0.537
H2AC18,THBS1,9606.ENSP00000358155,9606.ENSP00000260356,0.48
H2AC18,H2BC5,9606.ENSP00000358155,9606.ENSP00000289316,0.975
H2AC18,UBE2N,9606.ENSP00000358155,9606.ENSP00000316176,0.555
H2AC18,H2BC4,9606.ENSP00000358155,9606.ENSP00000321744,0.996
H2AC18,HMG20B,9606.ENSP00000358155,9606.ENSP00000328269,0.56
H2AC18,SMC4,9606.ENSP00000358155,9606.ENSP00000341382,0.618
H2AC18,SMC3,9606.ENSP00000358155,9606.ENSP00000354720,0.685
H2AC18,MAPKAPK2,9606.ENSP00000358155,9606.ENSP00000356070,0.503
H2AC18,USP21,9606.ENSP00000358155,9606.ENSP00000356981,0.847
H2AC18,H2BC21,9606.ENSP00000358155,9606.ENSP00000358151,0.999
H2AC18,MORF4L2,9606.ENSP00000358155,9606.ENSP00000394417,0.496
H2AC18,TBL1XR1,9606.ENSP00000358155,9606.ENSP00000405574,0.516
H2AC18,H2BS1,9606.ENSP00000358155,9606.ENSP00000481622,0.902
H2AC18,H2BC11,9606.ENSP00000358155,9606.ENSP00000476136,0.941
H2AC18,H2BC9,9606.ENSP00000358155,9606.ENSP00000479169,0.943
H2BC11,SMARCC1,9606.ENSP00000476136,9606.ENSP00000254480,0.489
H2BC11,THBS1,9606.ENSP00000476136,9606.ENSP00000260356,0.448
H2BC11,UBE2B,9606.ENSP00000476136,9606.ENSP00000265339,0.697
H2BC11,H2BC5,9606.ENSP00000476136,9606.ENSP00000289316,0.627
H2BC11,PRKDC,9606.ENSP00000476136,9606.ENSP00000313420,0.604
H2BC11,UBE2N,9606.ENSP00000476136,9606.ENSP00000316176,0.607
H2BC11,H2BC4,9606.ENSP00000476136,9606.ENSP00000321744,0.676
H2BC11,HMG20B,9606.ENSP00000476136,9606.ENSP00000328269,0.502
H2BC11,PRKCD,9606.ENSP00000476136,9606.ENSP00000331602,0.451
H2BC11,SMC4,9606.ENSP00000476136,9606.ENSP00000341382,0.586
H2BC11,WAC,9606.ENSP00000476136,9606.ENSP00000346986,0.642
H2BC11,PARP9,9606.ENSP00000476136,9606.ENSP00000353512,0.493
H2BC11,SMC3,9606.ENSP00000476136,9606.ENSP00000354720,0.628
H2BC11,MAPKAPK2,9606.ENSP00000476136,9606.ENSP00000356070,0.516
H2BC11,MED23,9606.ENSP00000476136,9606.ENSP00000357047,0.821
H2BC11,H2BC21,9606.ENSP00000476136,9606.ENSP00000358151,0.938
H2BC11,TBL1XR1,9606.ENSP00000476136,9606.ENSP00000405574,0.463
H2BC11,TOP2A,9606.ENSP00000476136,9606.ENSP00000411532,0.522
H2BC11,MACROH2A1,9606.ENSP00000476136,9606.ENSP00000423563,0.958
H2BC11,H2BS1,9606.ENSP00000476136,9606.ENSP00000481622,0.506
H2BC11,H2BC9,9606.ENSP00000476136,9606.ENSP00000479169,0.744
H2BC21,SMARCC1,9606.ENSP00000358151,9606.ENSP00000254480,0.756
H2BC21,THBS1,9606.ENSP00000358151,9606.ENSP00000260356,0.506
H2BC21,YWHAE,9606.ENSP00000358151,9606.ENSP00000264335,0.494
H2BC21,UBE2B,9606.ENSP00000358151,9606.ENSP00000265339,0.524
H2BC21,H2BC5,9606.ENSP00000358151,9606.ENSP00000289316,0.966
H2BC21,PRKDC,9606.ENSP00000358151,9606.ENSP00000313420,0.831
H2BC21,UBE2N,9606.ENSP00000358151,9606.ENSP00000316176,0.694
H2BC21,H2BC4,9606.ENSP00000358151,9606.ENSP00000321744,0.977
H2BC21,HMG20B,9606.ENSP00000358151,9606.ENSP00000328269,0.547
H2BC21,HSPD1,9606.ENSP00000358151,9606.ENSP00000340019,0.435
H2BC21,SMC4,9606.ENSP00000358151,9606.ENSP00000341382,0.629
H2BC21,PARP9,9606.ENSP00000358151,9606.ENSP00000353512,0.533
H2BC21,SMC3,9606.ENSP00000358151,9606.ENSP00000354720,0.691
H2BC21,MAPKAPK2,9606.ENSP00000358151,9606.ENSP00000356070,0.517
H2BC21,HIPK2,9606.ENSP00000358151,9606.ENSP00000385571,0.416
H2BC21,HSP90AB1,9606.ENSP00000358151,9606.ENSP00000360609,0.435
H2BC21,MORF4L2,9606.ENSP00000358151,9606.ENSP00000394417,0.564
H2BC21,TOP2A,9606.ENSP00000358151,9606.ENSP00000411532,0.621
H2BC21,TBL1XR1,9606.ENSP00000358151,9606.ENSP00000405574,0.802
H2BC21,H2BS1,9606.ENSP00000358151,9606.ENSP00000481622,0.859
H2BC21,MACROH2A1,9606.ENSP00000358151,9606.ENSP00000423563,0.915
H2BC21,H2BC9,9606.ENSP00000358151,9606.ENSP00000479169,0.941
H2BC4,SMARCC1,9606.ENSP00000321744,9606.ENSP00000254480,0.507
H2BC4,THBS1,9606.ENSP00000321744,9606.ENSP00000260356,0.438
H2BC4,UBE2B,9606.ENSP00000321744,9606.ENSP00000265339,0.7
H2BC4,H2BC5,9606.ENSP00000321744,9606.ENSP00000289316,0.972
H2BC4,PRKDC,9606.ENSP00000321744,9606.ENSP00000313420,0.601
H2BC4,UBE2N,9606.ENSP00000321744,9606.ENSP00000316176,0.606
H2BC4,PRKCD,9606.ENSP00000321744,9606.ENSP00000331602,0.446
H2BC4,TBL1XR1,9606.ENSP00000321744,9606.ENSP00000405574,0.464
H2BC4,HMG20B,9606.ENSP00000321744,9606.ENSP00000328269,0.497
H2BC4,TOP2A,9606.ENSP00000321744,9606.ENSP00000411532,0.509
H2BC4,H2BS1,9606.ENSP00000321744,9606.ENSP00000481622,0.513
H2BC4,MAPKAPK2,9606.ENSP00000321744,9606.ENSP00000356070,0.524
H2BC4,SMC4,9606.ENSP00000321744,9606.ENSP00000341382,0.586
H2BC4,MACROH2A1,9606.ENSP00000321744,9606.ENSP00000423563,0.596
H2BC4,SMC3,9606.ENSP00000321744,9606.ENSP00000354720,0.633
H2BC4,WAC,9606.ENSP00000321744,9606.ENSP00000346986,0.638
H2BC4,H2BC9,9606.ENSP00000321744,9606.ENSP00000479169,0.976
H2BC5,SMARCC1,9606.ENSP00000289316,9606.ENSP00000254480,0.492
H2BC5,SRSF1,9606.ENSP00000289316,9606.ENSP00000258962,0.411
H2BC5,THBS1,9606.ENSP00000289316,9606.ENSP00000260356,0.44
H2BC5,UBE2B,9606.ENSP00000289316,9606.ENSP00000265339,0.695
H2BC5,PRKCD,9606.ENSP00000289316,9606.ENSP00000331602,0.447
H2BC5,TBL1XR1,9606.ENSP00000289316,9606.ENSP00000405574,0.459
H2BC5,HMG20B,9606.ENSP00000289316,9606.ENSP00000328269,0.5
H2BC5,H2BS1,9606.ENSP00000289316,9606.ENSP00000481622,0.503
H2BC5,TOP2A,9606.ENSP00000289316,9606.ENSP00000411532,0.521
H2BC5,MAPKAPK2,9606.ENSP00000289316,9606.ENSP00000356070,0.522
H2BC5,MACROH2A1,9606.ENSP00000289316,9606.ENSP00000423563,0.593
H2BC5,SMC4,9606.ENSP00000289316,9606.ENSP00000341382,0.595
H2BC5,PRKDC,9606.ENSP00000289316,9606.ENSP00000313420,0.603
H2BC5,UBE2N,9606.ENSP00000289316,9606.ENSP00000316176,0.605
H2BC5,SMC3,9606.ENSP00000289316,9606.ENSP00000354720,0.632
H2BC5,WAC,9606.ENSP00000289316,9606.ENSP00000346986,0.64
H2BC5,H2BC9,9606.ENSP00000289316,9606.ENSP00000479169,0.977
H2BC9,SMARCC1,9606.ENSP00000479169,9606.ENSP00000254480,0.501
H2BC9,THBS1,9606.ENSP00000479169,9606.ENSP00000260356,0.439
H2BC9,UBE2B,9606.ENSP00000479169,9606.ENSP00000265339,0.698
H2BC9,PRKDC,9606.ENSP00000479169,9606.ENSP00000313420,0.602
H2BC9,UBE2N,9606.ENSP00000479169,9606.ENSP00000316176,0.608
H2BC9,HMG20B,9606.ENSP00000479169,9606.ENSP00000328269,0.511
H2BC9,PRKCD,9606.ENSP00000479169,9606.ENSP00000331602,0.454
H2BC9,SMC4,9606.ENSP00000479169,9606.ENSP00000341382,0.586
H2BC9,WAC,9606.ENSP00000479169,9606.ENSP00000346986,0.645
H2BC9,SMC3,9606.ENSP00000479169,9606.ENSP00000354720,0.631
H2BC9,MAPKAPK2,9606.ENSP00000479169,9606.ENSP00000356070,0.515
H2BC9,TBL1XR1,9606.ENSP00000479169,9606.ENSP00000405574,0.465
H2BC9,TOP2A,9606.ENSP00000479169,9606.ENSP00000411532,0.582
H2BC9,MACROH2A1,9606.ENSP00000479169,9606.ENSP00000423563,0.603
H2BC9,H2BS1,9606.ENSP00000479169,9606.ENSP00000481622,0.584
H2BS1,SMARCC1,9606.ENSP00000481622,9606.ENSP00000254480,0.493
H2BS1,THBS1,9606.ENSP00000481622,9606.ENSP00000260356,0.443
H2BS1,UBE2B,9606.ENSP00000481622,9606.ENSP00000265339,0.421
H2BS1,PRKDC,9606.ENSP00000481622,9606.ENSP00000313420,0.602
H2BS1,UBE2N,9606.ENSP00000481622,9606.ENSP00000316176,0.609
H2BS1,PRKCD,9606.ENSP00000481622,9606.ENSP00000331602,0.451
H2BS1,SMC4,9606.ENSP00000481622,9606.ENSP00000341382,0.575
H2BS1,SMC3,9606.ENSP00000481622,9606.ENSP00000354720,0.631
H2BS1,MAPKAPK2,9606.ENSP00000481622,9606.ENSP00000356070,0.509
H2BS1,TOP2A,9606.ENSP00000481622,9606.ENSP00000411532,0.521
H2BS1,MACROH2A1,9606.ENSP00000481622,9606.ENSP00000423563,0.594
HACD3,PGRMC1,9606.ENSP00000261875,9606.ENSP00000217971,0.505
HACD3,SCD5,9606.ENSP00000261875,9606.ENSP00000316329,0.92
HBA2,RPS23,9606.ENSP00000251595,9606.ENSP00000296674,0.907
HBA2,HBB,9606.ENSP00000251595,9606.ENSP00000494175,0.999
HBB,HSP90AB1,9606.ENSP00000494175,9606.ENSP00000360609,0.601
HBB,TF,9606.ENSP00000494175,9606.ENSP00000385834,0.509
HIP1,PIK3C2A,9606.ENSP00000336747,9606.ENSP00000265970,0.504
HIP1,PRKAR1A,9606.ENSP00000336747,9606.ENSP00000376475,0.444
HIP1,TPM4,9606.ENSP00000336747,9606.ENSP00000494125,0.53
HIPK2,RANBP9,9606.ENSP00000385571,9606.ENSP00000011619,0.675
HIPK2,WSB1,9606.ENSP00000385571,9606.ENSP00000262394,0.757
HIPK2,SIAH2,9606.ENSP00000385571,9606.ENSP00000322457,0.84
HIPK2,MAP3K7,9606.ENSP00000385571,9606.ENSP00000358335,0.56
HNRNPC,SMARCC1,9606.ENSP00000451291,9606.ENSP00000254480,0.469
HNRNPC,SRSF1,9606.ENSP00000451291,9606.ENSP00000258962,0.977
HNRNPC,YWHAE,9606.ENSP00000451291,9606.ENSP00000264335,0.702
HNRNPC,MBNL1,9606.ENSP00000451291,9606.ENSP00000282486,0.821
HNRNPC,RPS23,9606.ENSP00000451291,9606.ENSP00000296674,0.401
HNRNPC,PRKDC,9606.ENSP00000451291,9606.ENSP00000313420,0.471
HNRNPC,UBE2N,9606.ENSP00000451291,9606.ENSP00000316176,0.404
HNRNPC,WTAP,9606.ENSP00000451291,9606.ENSP00000351141,0.841
HNRNPC,HSP90AB1,9606.ENSP00000451291,9606.ENSP00000360609,0.729
HNRNPC,SRSF3,9606.ENSP00000451291,9606.ENSP00000362820,0.981
HNRNPC,PRPF4,9606.ENSP00000451291,9606.ENSP00000363313,0.421
HNRNPC,XRN2,9606.ENSP00000451291,9606.ENSP00000366396,0.489
HNRNPC,SRPK2,9606.ENSP00000451291,9606.ENSP00000377262,0.576
HNRNPC,YWHAZ,9606.ENSP00000451291,9606.ENSP00000379287,0.514
HNRNPC,HNRNPF,9606.ENSP00000451291,9606.ENSP00000400433,0.971
HNRNPC,SRSF10,9606.ENSP00000451291,9606.ENSP00000420195,0.889
HNRNPC,LSM4,9606.ENSP00000451291,9606.ENSP00000469468,0.424
HNRNPF,SRSF1,9606.ENSP00000400433,9606.ENSP00000258962,0.97
HNRNPF,MBNL1,9606.ENSP00000400433,9606.ENSP00000282486,0.849
HNRNPF,SRSF3,9606.ENSP00000400433,9606.ENSP00000362820,0.941
HNRNPF,ZWINT,9606.ENSP00000400433,9606.ENSP00000363055,0.795
HNRNPF,SRSF10,9606.ENSP00000400433,9606.ENSP00000420195,0.837
HNRNPF,RBFOX2,9606.ENSP00000400433,9606.ENSP00000413035,0.956
HOXA5,THBS1,9606.ENSP00000222726,9606.ENSP00000260356,0.432
HSP90AB1,MAPK1,9606.ENSP00000360609,9606.ENSP00000215832,0.813
HSP90AB1,PPIF,9606.ENSP00000360609,9606.ENSP00000225174,0.982
HSP90AB1,YWHAH,9606.ENSP00000360609,9606.ENSP00000248975,0.441
HSP90AB1,UBE2M,9606.ENSP00000360609,9606.ENSP00000253023,0.447
HSP90AB1,SRSF1,9606.ENSP00000360609,9606.ENSP00000258962,0.591
HSP90AB1,THBS1,9606.ENSP00000360609,9606.ENSP00000260356,0.516
HSP90AB1,YWHAE,9606.ENSP00000360609,9606.ENSP00000264335,0.817
HSP90AB1,RPS23,9606.ENSP00000360609,9606.ENSP00000296674,0.477
HSP90AB1,TPP1,9606.ENSP00000360609,9606.ENSP00000299427,0.434
HSP90AB1,PRKDC,9606.ENSP00000360609,9606.ENSP00000313420,0.73
HSP90AB1,PGR,9606.ENSP00000360609,9606.ENSP00000325120,0.978
HSP90AB1,NRIP1,9606.ENSP00000360609,9606.ENSP00000327213,0.575
HSP90AB1,P4HB,9606.ENSP00000360609,9606.ENSP00000327801,0.72
HSP90AB1,PRKCD,9606.ENSP00000360609,9606.ENSP00000331602,0.588
HSP90AB1,HSPD1,9606.ENSP00000360609,9606.ENSP00000340019,0.97
HSP90AB1,NBR1,9606.ENSP00000360609,9606.ENSP00000343479,0.523
HSP90AB1,RET,9606.ENSP00000360609,9606.ENSP00000347942,0.536
HSP90AB1,STIP1,9606.ENSP00000360609,9606.ENSP00000351646,0.999
HSP90AB1,SMC3,9606.ENSP00000360609,9606.ENSP00000354720,0.455
HSP90AB1,MAP3K7,9606.ENSP00000360609,9606.ENSP00000358335,0.638
HSP90AB1,JAK1,9606.ENSP00000360609,9606.ENSP00000499900,0.519
HSP90AB1,RHOA,9606.ENSP00000360609,9606.ENSP00000400175,0.545
HSP90AB1,PGK1,9606.ENSP00000360609,9606.ENSP00000362413,0.641
HSP90AB1,MUC1,9606.ENSP00000360609,9606.ENSP00000484824,0.699
HSP90AB1,SPAG1,9606.ENSP00000360609,9606.ENSP00000373450,0.732
HSP90AB1,VDAC1,9606.ENSP00000360609,9606.ENSP00000378487,0.817
HSP90AB1,YWHAZ,9606.ENSP00000360609,9606.ENSP00000379287,0.835
HSP90AB1,HSPH1,9606.ENSP00000360609,9606.ENSP00000487365,0.916
HSPB2,PRKCD,9606.ENSP00000302476,9606.ENSP00000331602,0.417
HSPB2,STIP1,9606.ENSP00000302476,9606.ENSP00000351646,0.487
HSPB2,SYNM,9606.ENSP00000302476,9606.ENSP00000336775,0.515
HSPB2,NES,9606.ENSP00000302476,9606.ENSP00000357206,0.55
HSPB2,HSPD1,9606.ENSP00000302476,9606.ENSP00000340019,0.587
HSPB2,HSPH1,9606.ENSP00000302476,9606.ENSP00000487365,0.689
HSPB2,MAPKAPK2,9606.ENSP00000302476,9606.ENSP00000356070,0.822
HSPD1,PPIF,9606.ENSP00000340019,9606.ENSP00000225174,0.608
HSPD1,PLEC,9606.ENSP00000340019,9606.ENSP00000323856,0.731
HSPD1,P4HB,9606.ENSP00000340019,9606.ENSP00000327801,0.438
HSPD1,MCCC2,9606.ENSP00000340019,9606.ENSP00000343657,0.446
HSPD1,MCL1,9606.ENSP00000340019,9606.ENSP00000358022,0.46
HSPD1,SDHC,9606.ENSP00000340019,9606.ENSP00000356953,0.473
HSPD1,PGK1,9606.ENSP00000340019,9606.ENSP00000362413,0.722
HSPD1,TFAP2A,9606.ENSP00000340019,9606.ENSP00000501092,0.75
HSPD1,STIP1,9606.ENSP00000340019,9606.ENSP00000351646,0.787
HSPD1,HSPH1,9606.ENSP00000340019,9606.ENSP00000487365,0.799
HSPD1,VDAC1,9606.ENSP00000340019,9606.ENSP00000378487,0.898
HSPH1,STIP1,9606.ENSP00000487365,9606.ENSP00000351646,0.928
HSPH1,SH3BGRL,9606.ENSP00000487365,9606.ENSP00000362308,0.416
IL13RA1,LEP,9606.ENSP00000360730,9606.ENSP00000312652,0.668
IL13RA1,JAK1,9606.ENSP00000360730,9606.ENSP00000499900,0.973
INHBA,TGFB1,9606.ENSP00000242208,9606.ENSP00000221930,0.92
INHBA,THBS1,9606.ENSP00000242208,9606.ENSP00000260356,0.403
INMT,MAOA,9606.ENSP00000013222,9606.ENSP00000340684,0.93
ITGA7,THBS1,9606.ENSP00000452120,9606.ENSP00000260356,0.811
ITGA7,ITGBL1,9606.ENSP00000452120,9606.ENSP00000365351,0.474
ITGA7,LAMB3,9606.ENSP00000452120,9606.ENSP00000375778,0.755
ITGA7,SPP1,9606.ENSP00000452120,9606.ENSP00000378517,0.724
ITGA7,ITGB1,9606.ENSP00000452120,9606.ENSP00000379350,0.995
ITGA7,RELN,9606.ENSP00000452120,9606.ENSP00000392423,0.708
ITGA7,TNXB,9606.ENSP00000452120,9606.ENSP00000407685,0.749
ITGB1,VAMP3,9606.ENSP00000379350,9606.ENSP00000054666,0.502
ITGB1,TGFB1,9606.ENSP00000379350,9606.ENSP00000221930,0.885
ITGB1,THBS1,9606.ENSP00000379350,9606.ENSP00000260356,0.989
ITGB1,VCAN,9606.ENSP00000379350,9606.ENSP00000265077,0.667
ITGB1,RAB5A,9606.ENSP00000379350,9606.ENSP00000273047,0.623
ITGB1,MMP3,9606.ENSP00000379350,9606.ENSP00000299855,0.441
ITGB1,LAMP1,9606.ENSP00000379350,9606.ENSP00000333298,0.439
ITGB1,PTN,9606.ENSP00000379350,9606.ENSP00000341170,0.527
ITGB1,PEAR1,9606.ENSP00000379350,9606.ENSP00000344465,0.476
ITGB1,NES,9606.ENSP00000379350,9606.ENSP00000357206,0.607
ITGB1,LAMB3,9606.ENSP00000379350,9606.ENSP00000375778,0.765
ITGB1,SPP1,9606.ENSP00000379350,9606.ENSP00000378517,0.996
ITGB1,LRRC15,9606.ENSP00000379350,9606.ENSP00000413707,0.456
ITGB1,RAB5C,9606.ENSP00000379350,9606.ENSP00000447053,0.485
ITGB1,RHOA,9606.ENSP00000379350,9606.ENSP00000400175,0.839
ITGB1,TNXB,9606.ENSP00000379350,9606.ENSP00000407685,0.911
ITGB1,RELN,9606.ENSP00000379350,9606.ENSP00000392423,0.94
ITGB1,NPNT,9606.ENSP00000379350,9606.ENSP00000389252,0.972
ITGBL1,MMP3,9606.ENSP00000365351,9606.ENSP00000299855,0.54
ITGBL1,RUNX2,9606.ENSP00000365351,9606.ENSP00000360493,0.818
JAK1,MAPK1,9606.ENSP00000499900,9606.ENSP00000215832,0.745
JAK1,TGFB1,9606.ENSP00000499900,9606.ENSP00000221930,0.511
JAK1,REL,9606.ENSP00000499900,9606.ENSP00000295025,0.425
JAK1,PRKCD,9606.ENSP00000499900,9606.ENSP00000331602,0.495
JAK1,PLAUR,9606.ENSP00000499900,9606.ENSP00000339328,0.609
JAK1,PARP9,9606.ENSP00000499900,9606.ENSP00000353512,0.414
JAK1,RHOA,9606.ENSP00000499900,9606.ENSP00000400175,0.484
KDELR1,TMED2,9606.ENSP00000329471,9606.ENSP00000262225,0.631
KDELR1,NAPA,9606.ENSP00000329471,9606.ENSP00000263354,0.598
KDELR1,RAB1A,9606.ENSP00000329471,9606.ENSP00000387286,0.667
KDELR1,KDELR3,9606.ENSP00000329471,9606.ENSP00000386918,0.906
KDELR3,TMED2,9606.ENSP00000386918,9606.ENSP00000262225,0.531
KDELR3,NAPA,9606.ENSP00000386918,9606.ENSP00000263354,0.499
KDELR3,RAB1A,9606.ENSP00000386918,9606.ENSP00000387286,0.572
KLB,MAPK1,9606.ENSP00000257408,9606.ENSP00000215832,0.616
KLHL13,UBE2M,9606.ENSP00000419803,9606.ENSP00000253023,0.687
KRT14,SOX10,9606.ENSP00000167586,9606.ENSP00000380093,0.447
KRT14,MUC1,9606.ENSP00000167586,9606.ENSP00000484824,0.509
KRT14,NES,9606.ENSP00000167586,9606.ENSP00000357206,0.586
KRT14,KRT15,9606.ENSP00000167586,9606.ENSP00000377546,0.731
KRT14,PGR,9606.ENSP00000167586,9606.ENSP00000325120,0.734
KRT14,KRT17,9606.ENSP00000167586,9606.ENSP00000308452,0.814
KRT14,PLEC,9606.ENSP00000167586,9606.ENSP00000323856,0.848
KRT14,KRT5,9606.ENSP00000167586,9606.ENSP00000252242,0.999
KRT15,KRT5,9606.ENSP00000377546,9606.ENSP00000252242,0.749
KRT15,KRT17,9606.ENSP00000377546,9606.ENSP00000308452,0.618
KRT15,NES,9606.ENSP00000377546,9606.ENSP00000357206,0.451
KRT17,KRT5,9606.ENSP00000308452,9606.ENSP00000252242,0.866
KRT17,MUC1,9606.ENSP00000308452,9606.ENSP00000484824,0.468
KRT17,PGR,9606.ENSP00000308452,9606.ENSP00000325120,0.528
KRT5,SOX10,9606.ENSP00000252242,9606.ENSP00000380093,0.518
KRT5,MUC1,9606.ENSP00000252242,9606.ENSP00000484824,0.597
KRT5,PGR,9606.ENSP00000252242,9606.ENSP00000325120,0.777
LAMB3,THBS1,9606.ENSP00000375778,9606.ENSP00000260356,0.54
LAMB3,MMP3,9606.ENSP00000375778,9606.ENSP00000299855,0.56
LAMB3,PLEC,9606.ENSP00000375778,9606.ENSP00000323856,0.728
LAMP1,VAMP3,9606.ENSP00000333298,9606.ENSP00000054666,0.717
LAMP1,NECTIN2,9606.ENSP00000333298,9606.ENSP00000252483,0.464
LAMP1,VAMP7,9606.ENSP00000333298,9606.ENSP00000262640,0.804
LAMP1,SCARB2,9606.ENSP00000333298,9606.ENSP00000264896,0.647
LAMP1,TPP1,9606.ENSP00000333298,9606.ENSP00000299427,0.401
LAMP1,RAB1A,9606.ENSP00000333298,9606.ENSP00000387286,0.404
LARP4B,RPS23,9606.ENSP00000326128,9606.ENSP00000296674,0.901
LARP4B,ZMYND11,9606.ENSP00000326128,9606.ENSP00000371003,0.502
LEP,TRARG1,9606.ENSP00000312652,9606.ENSP00000329548,0.459
LEP,MED23,9606.ENSP00000312652,9606.ENSP00000357047,0.499
LGALS12,TRARG1,9606.ENSP00000339374,9606.ENSP00000329548,0.427
LGR6,RSPO3,9606.ENSP00000356247,9606.ENSP00000349131,0.958
LIPE,SQLE,9606.ENSP00000244289,9606.ENSP00000265896,0.464
LIPE,PLIN4,9606.ENSP00000244289,9606.ENSP00000488481,0.705
LIPE,PRKAR1A,9606.ENSP00000244289,9606.ENSP00000376475,0.91
LIPE,PLIN1,9606.ENSP00000244289,9606.ENSP00000300055,0.999
LMF1,LPL,9606.ENSP00000262301,9606.ENSP00000497642,0.937
LMOD1,TPM4,9606.ENSP00000356257,9606.ENSP00000494125,0.602
LOXL1,NID2,9606.ENSP00000261921,9606.ENSP00000216286,0.436
LOXL1,TGFB1,9606.ENSP00000261921,9606.ENSP00000221930,0.506
LOXL1,NPNT,9606.ENSP00000261921,9606.ENSP00000389252,0.452
LOXL1,POSTN,9606.ENSP00000261921,9606.ENSP00000369071,0.512
LOXL1,MFAP2,9606.ENSP00000261921,9606.ENSP00000364685,0.877
LPL,MED23,9606.ENSP00000497642,9606.ENSP00000357047,0.499
LPL,PLPP4,9606.ENSP00000497642,9606.ENSP00000381302,0.9
LPL,SAA2,9606.ENSP00000497642,9606.ENSP00000436126,0.637
LPL,SAA2-SAA4,9606.ENSP00000497642,9606.ENSP00000485552,0.6
LRG1,TF,9606.ENSP00000302621,9606.ENSP00000385834,0.529
LRRC15,POSTN,9606.ENSP00000413707,9606.ENSP00000369071,0.42
LSM4,SRSF1,9606.ENSP00000469468,9606.ENSP00000258962,0.89
LSM4,PATL1,9606.ENSP00000469468,9606.ENSP00000300146,0.999
LSM4,PRPF4B,9606.ENSP00000469468,9606.ENSP00000337194,0.892
LSM4,WTAP,9606.ENSP00000469468,9606.ENSP00000351141,0.463
LSM4,PRPF4,9606.ENSP00000469468,9606.ENSP00000363313,0.999
LYVE1,SEMA3G,9606.ENSP00000256178,9606.ENSP00000231721,0.491
LYVE1,SPP1,9606.ENSP00000256178,9606.ENSP00000378517,0.621
LYVE1,VCAN,9606.ENSP00000256178,9606.ENSP00000265077,0.819
M6PR,TF,9606.ENSP00000000412,9606.ENSP00000385834,0.4
M6PR,PICALM,9606.ENSP00000000412,9606.ENSP00000377015,0.508
M6PR,NAPA,9606.ENSP00000000412,9606.ENSP00000263354,0.534
M6PR,SCARB2,9606.ENSP00000000412,9606.ENSP00000264896,0.562
M6PR,VAMP3,9606.ENSP00000000412,9606.ENSP00000054666,0.624
M6PR,VAMP7,9606.ENSP00000000412,9606.ENSP00000262640,0.658
MACF1,YWHAE,9606.ENSP00000354573,9606.ENSP00000264335,0.454
MACF1,RHOA,9606.ENSP00000354573,9606.ENSP00000400175,0.43
MACF1,MAPRE1,9606.ENSP00000354573,9606.ENSP00000364721,0.902
MACROH2A1,SMARCC1,9606.ENSP00000423563,9606.ENSP00000254480,0.447
MACROH2A1,TRIM59,9606.ENSP00000423563,9606.ENSP00000311219,0.443
MAN2A1,NAPA,9606.ENSP00000261483,9606.ENSP00000263354,0.547
MAOA,NTRK2,9606.ENSP00000340684,9606.ENSP00000277120,0.456
MAOA,PSEN1,9606.ENSP00000340684,9606.ENSP00000326366,0.578
MAP3K7,MAPK1,9606.ENSP00000358335,9606.ENSP00000215832,0.926
MAP3K7,TGFB1,9606.ENSP00000358335,9606.ENSP00000221930,0.504
MAP3K7,REL,9606.ENSP00000358335,9606.ENSP00000295025,0.733
MAP3K7,UBE2N,9606.ENSP00000358335,9606.ENSP00000316176,0.993
MAP3K7,TAB2,9606.ENSP00000358335,9606.ENSP00000356426,0.999
MAP3K7,USP21,9606.ENSP00000358335,9606.ENSP00000356981,0.457
MAP3K7,RHOA,9606.ENSP00000358335,9606.ENSP00000400175,0.404
MAP3K7,PGK1,9606.ENSP00000358335,9606.ENSP00000362413,0.429
MAPK1,TOP2A,9606.ENSP00000215832,9606.ENSP00000411532,0.421
MAPK1,SULF2,9606.ENSP00000215832,9606.ENSP00000353007,0.426
MAPK1,VDAC1,9606.ENSP00000215832,9606.ENSP00000378487,0.431
MAPK1,SOX10,9606.ENSP00000215832,9606.ENSP00000380093,0.449
MAPK1,RASA1,9606.ENSP00000215832,9606.ENSP00000274376,0.456
MAPK1,RET,9606.ENSP00000215832,9606.ENSP00000347942,0.459
MAPK1,TGFB1,9606.ENSP00000215832,9606.ENSP00000221930,0.482
MAPK1,MTUS1,9606.ENSP00000215832,9606.ENSP00000262102,0.484
MAPK1,SRSF1,9606.ENSP00000215832,9606.ENSP00000258962,0.564
MAPK1,S100B,9606.ENSP00000215832,9606.ENSP00000291700,0.569
MAPK1,RUNX2,9606.ENSP00000215832,9606.ENSP00000360493,0.583
MAPK1,YWHAE,9606.ENSP00000215832,9606.ENSP00000264335,0.586
MAPK1,RHOA,9606.ENSP00000215832,9606.ENSP00000400175,0.593
MAPK1,YWHAZ,9606.ENSP00000215832,9606.ENSP00000379287,0.617
MAPK1,TOB1,9606.ENSP00000215832,9606.ENSP00000427695,0.62
MAPK1,PPP2R5C,9606.ENSP00000215832,9606.ENSP00000412324,0.657
MAPK1,PGR,9606.ENSP00000215832,9606.ENSP00000325120,0.662
MAPK1,MCL1,9606.ENSP00000215832,9606.ENSP00000358022,0.74
MAPK1,MAPKAPK2,9606.ENSP00000215832,9606.ENSP00000356070,0.888
MAPK1,PRKCD,9606.ENSP00000215832,9606.ENSP00000331602,0.929
MAPKAPK2,ZFP36L2,9606.ENSP00000356070,9606.ENSP00000282388,0.926
MAPKAPK2,YWHAZ,9606.ENSP00000356070,9606.ENSP00000379287,0.465
MAPRE1,MTUS1,9606.ENSP00000364721,9606.ENSP00000262102,0.491
MAPRE1,YWHAZ,9606.ENSP00000364721,9606.ENSP00000379287,0.417
MAPRE1,MARCHF7,9606.ENSP00000364721,9606.ENSP00000386830,0.44
MAPRE1,RHOA,9606.ENSP00000364721,9606.ENSP00000400175,0.455
MAPRE1,SEPTIN2,9606.ENSP00000364721,9606.ENSP00000479861,0.561
MARCHF7,UBE2N,9606.ENSP00000386830,9606.ENSP00000316176,0.694
MBNL1,SRSF10,9606.ENSP00000282486,9606.ENSP00000420195,0.502
MBNL1,RBM47,9606.ENSP00000282486,9606.ENSP00000295971,0.521
MBNL1,RBFOX2,9606.ENSP00000282486,9606.ENSP00000413035,0.813
MCL1,PMAIP1,9606.ENSP00000358022,9606.ENSP00000326119,0.999
MCL1,VDAC1,9606.ENSP00000358022,9606.ENSP00000378487,0.971
MED23,NIPBL,9606.ENSP00000357047,9606.ENSP00000282516,0.525
MED23,PLIN1,9606.ENSP00000357047,9606.ENSP00000300055,0.499
MED23,PCK1,9606.ENSP00000357047,9606.ENSP00000319814,0.499
MLXIPL,PLIN1,9606.ENSP00000320886,9606.ENSP00000300055,0.447
MME,MUC1,9606.ENSP00000418525,9606.ENSP00000484824,0.487
MMP11,POSTN,9606.ENSP00000215743,9606.ENSP00000369071,0.403
MMP11,TIMP4,9606.ENSP00000215743,9606.ENSP00000287814,0.497
MMP11,SCUBE2,9606.ENSP00000215743,9606.ENSP00000310658,0.596
MMP11,TIMP3,9606.ENSP00000215743,9606.ENSP00000266085,0.666
MMP3,TGFB1,9606.ENSP00000299855,9606.ENSP00000221930,0.787
MMP3,TIMP3,9606.ENSP00000299855,9606.ENSP00000266085,0.918
MMP3,TIMP4,9606.ENSP00000299855,9606.ENSP00000287814,0.882
MMP3,POSTN,9606.ENSP00000299855,9606.ENSP00000369071,0.533
MMP3,SPP1,9606.ENSP00000299855,9606.ENSP00000378517,0.997
MRPL42,MRPS30,9606.ENSP00000449884,9606.ENSP00000424328,0.97
MSH6,MTUS1,9606.ENSP00000234420,9606.ENSP00000262102,0.44
MSH6,NOTCH2,9606.ENSP00000234420,9606.ENSP00000256646,0.462
MSH6,RRM1,9606.ENSP00000234420,9606.ENSP00000300738,0.676
MSH6,SMC3,9606.ENSP00000234420,9606.ENSP00000354720,0.687
MSH6,PRKDC,9606.ENSP00000234420,9606.ENSP00000313420,0.967
MSI2,SRSF1,9606.ENSP00000284073,9606.ENSP00000258962,0.404
MSI2,RBFOX2,9606.ENSP00000284073,9606.ENSP00000413035,0.521
MUC1,THBS1,9606.ENSP00000484824,9606.ENSP00000260356,0.531
MUC1,SCARB2,9606.ENSP00000484824,9606.ENSP00000264896,0.471
MUC1,MUCL1,9606.ENSP00000484824,9606.ENSP00000311364,0.635
MUC1,PRKCD,9606.ENSP00000484824,9606.ENSP00000331602,0.678
MUC1,SLPI,9606.ENSP00000484824,9606.ENSP00000342082,0.415
MUC1,PIGR,9606.ENSP00000484824,9606.ENSP00000348888,0.514
MUC1,NPR1,9606.ENSP00000484824,9606.ENSP00000357669,0.45
MUC1,SPP1,9606.ENSP00000484824,9606.ENSP00000378517,0.437
MYO6,PIK3C2A,9606.ENSP00000358994,9606.ENSP00000265970,0.549
MYO6,NTRK2,9606.ENSP00000358994,9606.ENSP00000277120,0.504
MYO6,PDLIM5,9606.ENSP00000358994,9606.ENSP00000480359,0.592
MYO6,PICALM,9606.ENSP00000358994,9606.ENSP00000377015,0.642
NAPA,VAMP3,9606.ENSP00000263354,9606.ENSP00000054666,0.974
NAPA,TMED2,9606.ENSP00000263354,9606.ENSP00000262225,0.552
NAPA,VAMP7,9606.ENSP00000263354,9606.ENSP00000262640,0.966
NAPA,PIK3C2A,9606.ENSP00000263354,9606.ENSP00000265970,0.5
NAPA,PICALM,9606.ENSP00000263354,9606.ENSP00000377015,0.521
NAPA,TPD52,9606.ENSP00000263354,9606.ENSP00000429309,0.583
NAPA,RAB5C,9606.ENSP00000263354,9606.ENSP00000447053,0.605
NAPA,RAB1A,9606.ENSP00000263354,9606.ENSP00000387286,0.676
NAT1,XDH,9606.ENSP00000443194,9606.ENSP00000368727,0.911
NBR1,PSEN1,9606.ENSP00000343479,9606.ENSP00000326366,0.545
NCALD,S100B,9606.ENSP00000379256,9606.ENSP00000291700,0.443
NCALD,PICALM,9606.ENSP00000379256,9606.ENSP00000377015,0.72
NES,TGFB1,9606.ENSP00000357206,9606.ENSP00000221930,0.501
NES,NOTCH2,9606.ENSP00000357206,9606.ENSP00000256646,0.431
NES,NTRK2,9606.ENSP00000357206,9606.ENSP00000277120,0.546
NES,PLEC,9606.ENSP00000357206,9606.ENSP00000323856,0.595
NES,SYNM,9606.ENSP00000357206,9606.ENSP00000336775,0.949
NES,RHOA,9606.ENSP00000357206,9606.ENSP00000400175,0.42
NET1,RHOA,9606.ENSP00000347134,9606.ENSP00000400175,0.987
NIPBL,SMC4,9606.ENSP00000282516,9606.ENSP00000341382,0.828
NIPBL,WAPL,9606.ENSP00000282516,9606.ENSP00000298767,0.998
NIPBL,SMC3,9606.ENSP00000282516,9606.ENSP00000354720,0.999
NOLC1,XRN2,9606.ENSP00000385410,9606.ENSP00000366396,0.42
NOTCH2,TGFB1,9606.ENSP00000256646,9606.ENSP00000221930,0.644
NOTCH2,RHOA,9606.ENSP00000256646,9606.ENSP00000400175,0.408
NOTCH2,TMED2,9606.ENSP00000256646,9606.ENSP00000262225,0.46
NOTCH2,PROM1,9606.ENSP00000256646,9606.ENSP00000426809,0.512
NOTCH2,PSENEN,9606.ENSP00000256646,9606.ENSP00000468411,0.775
NOTCH2,PSEN1,9606.ENSP00000256646,9606.ENSP00000326366,0.823
NPR1,PDE9A,9606.ENSP00000357669,9606.ENSP00000291539,0.818
NRIP1,PCK1,9606.ENSP00000327213,9606.ENSP00000319814,0.576
NRIP1,PGR,9606.ENSP00000327213,9606.ENSP00000325120,0.688
NTRK2,RANBP9,9606.ENSP00000277120,9606.ENSP00000011619,0.631
NTRK2,TGFB1,9606.ENSP00000277120,9606.ENSP00000221930,0.581
NTRK2,P2RX4,9606.ENSP00000277120,9606.ENSP00000353032,0.421
NTRK2,RHOA,9606.ENSP00000277120,9606.ENSP00000400175,0.51
NTRK2,RET,9606.ENSP00000277120,9606.ENSP00000347942,0.564
NTRK2,TIAM1,9606.ENSP00000277120,9606.ENSP00000286827,0.908
NUSAP1,S100P,9606.ENSP00000499238,9606.ENSP00000296370,0.428
OAS1,PARP9,9606.ENSP00000388001,9606.ENSP00000353512,0.87
OSTC,SEC61A1,9606.ENSP00000426167,9606.ENSP00000243253,0.934
OSTC,PICALM,9606.ENSP00000426167,9606.ENSP00000377015,0.472
OXTR,RELN,9606.ENSP00000324270,9606.ENSP00000392423,0.407
P4HB,SEC61A1,9606.ENSP00000327801,9606.ENSP00000243253,0.855
P4HB,TRIM4,9606.ENSP00000327801,9606.ENSP00000348216,0.49
PAMR1,SCARA5,9606.ENSP00000482899,9606.ENSP00000346990,0.529
PARD6B,RHOA,9606.ENSP00000360672,9606.ENSP00000400175,0.527
PARP9,RNF213,9606.ENSP00000353512,9606.ENSP00000464087,0.622
PATL1,XRN2,9606.ENSP00000300146,9606.ENSP00000366396,0.509
PATL1,PRPF4,9606.ENSP00000300146,9606.ENSP00000363313,0.683
PDLIM5,SORBS2,9606.ENSP00000480359,9606.ENSP00000347852,0.683
PDLIM5,VDAC1,9606.ENSP00000480359,9606.ENSP00000378487,0.512
PGK1,YWHAE,9606.ENSP00000362413,9606.ENSP00000264335,0.532
PGK1,STIP1,9606.ENSP00000362413,9606.ENSP00000351646,0.558
PGK1,RHOA,9606.ENSP00000362413,9606.ENSP00000400175,0.497
PGK1,YWHAZ,9606.ENSP00000362413,9606.ENSP00000379287,0.787
PGR,SCUBE2,9606.ENSP00000325120,9606.ENSP00000310658,0.556
PGR,PRKDC,9606.ENSP00000325120,9606.ENSP00000313420,0.42
PGR,STIP1,9606.ENSP00000325120,9606.ENSP00000351646,0.817
PHGDH,SRSF1,9606.ENSP00000493382,9606.ENSP00000258962,0.424
PHGDH,TPP1,9606.ENSP00000493382,9606.ENSP00000299427,0.541
PHGDH,PRKDC,9606.ENSP00000493382,9606.ENSP00000313420,0.59
PHGDH,PLPBP,9606.ENSP00000493382,9606.ENSP00000333551,0.415
PHGDH,YWHAZ,9606.ENSP00000493382,9606.ENSP00000379287,0.476
PICALM,VAMP3,9606.ENSP00000377015,9606.ENSP00000054666,0.737
PICALM,VAMP7,9606.ENSP00000377015,9606.ENSP00000262640,0.591
PICALM,SCARB2,9606.ENSP00000377015,9606.ENSP00000264896,0.608
PICALM,PIK3C2A,9606.ENSP00000377015,9606.ENSP00000265970,0.9
PICALM,SH3GL3,9606.ENSP00000377015,9606.ENSP00000320092,0.62
PICALM,TPD52,9606.ENSP00000377015,9606.ENSP00000429309,0.5
PICALM,TF,9606.ENSP00000377015,9606.ENSP00000385834,0.502
PICALM,RAB5C,9606.ENSP00000377015,9606.ENSP00000447053,0.562
PIGX,RPS23,9606.ENSP00000296333,9606.ENSP00000296674,0.456
PIK3C2A,VAMP7,9606.ENSP00000265970,9606.ENSP00000262640,0.518
PIK3C2A,TPD52,9606.ENSP00000265970,9606.ENSP00000429309,0.504
PIK3C2A,RAB5C,9606.ENSP00000265970,9606.ENSP00000447053,0.568
PLAU,SERPINE1,9606.ENSP00000361850,9606.ENSP00000223095,0.999
PLAU,THBS1,9606.ENSP00000361850,9606.ENSP00000260356,0.738
PLAU,PLAUR,9606.ENSP00000361850,9606.ENSP00000339328,0.999
PLAU,SGPL1,9606.ENSP00000361850,9606.ENSP00000362298,0.521
PLAU,RHOA,9606.ENSP00000361850,9606.ENSP00000400175,0.658
PLAUR,SERPINE1,9606.ENSP00000339328,9606.ENSP00000223095,0.994
PLIN1,SCARB2,9606.ENSP00000300055,9606.ENSP00000264896,0.76
PLIN1,TRARG1,9606.ENSP00000300055,9606.ENSP00000329548,0.546
PLIN4,SCARB2,9606.ENSP00000488481,9606.ENSP00000264896,0.413
PLIN4,TRARG1,9606.ENSP00000488481,9606.ENSP00000329548,0.643
PNP,XDH,9606.ENSP00000354532,9606.ENSP00000368727,0.997
POSTN,THBS1,9606.ENSP00000369071,9606.ENSP00000260356,0.648
POSTN,VCAN,9606.ENSP00000369071,9606.ENSP00000265077,0.607
PPIF,TBL1XR1,9606.ENSP00000225174,9606.ENSP00000405574,0.44
PPIF,VDAC1,9606.ENSP00000225174,9606.ENSP00000378487,0.999
PPP1R11,PPP1R2,9606.ENSP00000365963,9606.ENSP00000484580,0.767
PPP1R14A,RHOA,9606.ENSP00000301242,9606.ENSP00000400175,0.807
PPP1R1A,PPP2R5C,9606.ENSP00000257905,9606.ENSP00000412324,0.903
PREX1,RHOH,9606.ENSP00000361009,9606.ENSP00000371219,0.582
PREX1,RHOA,9606.ENSP00000361009,9606.ENSP00000400175,0.789
PRKAR1A,YWHAZ,9606.ENSP00000376475,9606.ENSP00000379287,0.469
PRKAR1A,TPM4,9606.ENSP00000376475,9606.ENSP00000494125,0.571
PRKAR1A,RAPGEF3,9606.ENSP00000376475,9606.ENSP00000395708,0.571
PRKCD,RASA1,9606.ENSP00000331602,9606.ENSP00000274376,0.577
PRKCD,PRKDC,9606.ENSP00000331602,9606.ENSP00000313420,0.485
PRKCD,RHOA,9606.ENSP00000331602,9606.ENSP00000400175,0.575
PRKCD,YWHAZ,9606.ENSP00000331602,9606.ENSP00000379287,0.576
PRKDC,SRSF1,9606.ENSP00000313420,9606.ENSP00000258962,0.591
PRKDC,SGK3,9606.ENSP00000313420,9606.ENSP00000379842,0.411
PRKDC,UBE2N,9606.ENSP00000313420,9606.ENSP00000316176,0.657
PRKDC,TOP2A,9606.ENSP00000313420,9606.ENSP00000411532,0.793
PRPF4,SRSF1,9606.ENSP00000363313,9606.ENSP00000258962,0.566
PRPF4,PRPF4B,9606.ENSP00000363313,9606.ENSP00000337194,0.959
PRPF4B,SRSF1,9606.ENSP00000337194,9606.ENSP00000258962,0.715
PRPF4B,SRPK2,9606.ENSP00000337194,9606.ENSP00000377262,0.606
PSEN1,VDAC1,9606.ENSP00000326366,9606.ENSP00000378487,0.449
PSEN1,PSENEN,9606.ENSP00000326366,9606.ENSP00000468411,0.999
PTPN12,SORBS2,9606.ENSP00000248594,9606.ENSP00000347852,0.403
PTPN12,RHOA,9606.ENSP00000248594,9606.ENSP00000400175,0.461
PWWP3B,SRSF1,9606.ENSP00000338641,9606.ENSP00000258962,0.405
PWWP3B,SDHC,9606.ENSP00000338641,9606.ENSP00000356953,0.689
RAB1A,VAMP3,9606.ENSP00000387286,9606.ENSP00000054666,0.47
RAB1A,TMED2,9606.ENSP00000387286,9606.ENSP00000262225,0.839
RAB1A,RAB5A,9606.ENSP00000387286,9606.ENSP00000273047,0.519
RAB1A,RASA1,9606.ENSP00000387286,9606.ENSP00000274376,0.454
RAB1A,YIPF5,9606.ENSP00000387286,9606.ENSP00000274496,0.691
RAB1A,TRAPPC11,9606.ENSP00000387286,9606.ENSP00000335371,0.589
RAB1A,SAR1B,9606.ENSP00000387286,9606.ENSP00000385432,0.723
RAB1A,RABEP1,9606.ENSP00000387286,9606.ENSP00000445408,0.558
RAB1A,RAB5C,9606.ENSP00000387286,9606.ENSP00000447053,0.69
RAB31,RAB5A,9606.ENSP00000461945,9606.ENSP00000273047,0.633
RAB31,RASA1,9606.ENSP00000461945,9606.ENSP00000274376,0.818
RAB31,TRIM4,9606.ENSP00000461945,9606.ENSP00000348216,0.439
RAB31,VPS8,9606.ENSP00000461945,9606.ENSP00000487164,0.5
RAB5A,VAMP3,9606.ENSP00000273047,9606.ENSP00000054666,0.669
RAB5A,VAMP7,9606.ENSP00000273047,9606.ENSP00000262640,0.63
RAB5A,RASA1,9606.ENSP00000273047,9606.ENSP00000274376,0.881
RAB5A,VPS8,9606.ENSP00000273047,9606.ENSP00000487164,0.902
RAB5A,RAB5C,9606.ENSP00000273047,9606.ENSP00000447053,0.989
RAB5A,RABEP1,9606.ENSP00000273047,9606.ENSP00000445408,0.999
RAB5C,VAMP3,9606.ENSP00000447053,9606.ENSP00000054666,0.664
RAB5C,VAMP7,9606.ENSP00000447053,9606.ENSP00000262640,0.611
RAB5C,TPD52,9606.ENSP00000447053,9606.ENSP00000429309,0.613
RAB5C,RABEP1,9606.ENSP00000447053,9606.ENSP00000445408,0.843
RAB5C,VPS8,9606.ENSP00000447053,9606.ENSP00000487164,0.659
RAP1GDS1,RASL10A,9606.ENSP00000340454,9606.ENSP00000216101,0.752
RAP1GDS1,RHOA,9606.ENSP00000340454,9606.ENSP00000400175,0.945
RAP2B,RASA1,9606.ENSP00000319096,9606.ENSP00000274376,0.711
RAP2B,RAPGEF3,9606.ENSP00000319096,9606.ENSP00000395708,0.506
RAPGEF3,YWHAZ,9606.ENSP00000395708,9606.ENSP00000379287,0.5
RAPGEF3,RHOA,9606.ENSP00000395708,9606.ENSP00000400175,0.57
RASA1,YWHAH,9606.ENSP00000274376,9606.ENSP00000248975,0.443
RASA1,RHOA,9606.ENSP00000274376,9606.ENSP00000400175,0.813
RASL10A,RHOA,9606.ENSP00000216101,9606.ENSP00000400175,0.647
RBFOX2,SRSF1,9606.ENSP00000413035,9606.ENSP00000258962,0.605
RBFOX2,RBM24,9606.ENSP00000413035,9606.ENSP00000368341,0.677
REL,TGFB1,9606.ENSP00000295025,9606.ENSP00000221930,0.402
REL,SDHC,9606.ENSP00000295025,9606.ENSP00000356953,0.41
RET,TBL1XR1,9606.ENSP00000347942,9606.ENSP00000405574,0.463
RGS1,RGS5,9606.ENSP00000356429,9606.ENSP00000433001,0.576
RHOA,VAMP3,9606.ENSP00000400175,9606.ENSP00000054666,0.698
RHOA,ROPN1,9606.ENSP00000400175,9606.ENSP00000184183,0.546
RHOA,TGFB1,9606.ENSP00000400175,9606.ENSP00000221930,0.834
RHOA,THBS1,9606.ENSP00000400175,9606.ENSP00000260356,0.422
RHOA,TIAM1,9606.ENSP00000400175,9606.ENSP00000286827,0.906
RHOA,VAV3,9606.ENSP00000400175,9606.ENSP00000359073,0.975
RHOA,RUNX2,9606.ENSP00000400175,9606.ENSP00000360493,0.478
RHOA,YWHAZ,9606.ENSP00000400175,9606.ENSP00000379287,0.687
RHOA,SEPTIN2,9606.ENSP00000400175,9606.ENSP00000479861,0.41
RHOH,VAMP3,9606.ENSP00000371219,9606.ENSP00000054666,0.585
RIOK3,RPS23,9606.ENSP00000341874,9606.ENSP00000296674,0.4
RNF213,SP110,9606.ENSP00000464087,9606.ENSP00000258381,0.441
RNF213,UBE2N,9606.ENSP00000464087,9606.ENSP00000316176,0.45
RNF213,TPM4,9606.ENSP00000464087,9606.ENSP00000494125,0.458
ROPN1,ROPN1B,9606.ENSP00000184183,9606.ENSP00000426271,0.884
RPRD1A,XRN2,9606.ENSP00000381984,9606.ENSP00000366396,0.883
RPS23,SEC61A1,9606.ENSP00000296674,9606.ENSP00000243253,0.978
RPS23,SECISBP2,9606.ENSP00000296674,9606.ENSP00000364965,0.815
RRM1,SAE1,9606.ENSP00000300738,9606.ENSP00000270225,0.455
RRM1,SMC4,9606.ENSP00000300738,9606.ENSP00000341382,0.615
RRM1,RRM2,9606.ENSP00000300738,9606.ENSP00000353770,0.999
RRM2,SRSF1,9606.ENSP00000353770,9606.ENSP00000258962,0.677
RRM2,THBS1,9606.ENSP00000353770,9606.ENSP00000260356,0.472
RRM2,SMC4,9606.ENSP00000353770,9606.ENSP00000341382,0.652
RSPO3,THBS1,9606.ENSP00000349131,9606.ENSP00000260356,0.555
RUNX2,TRPS1,9606.ENSP00000360493,9606.ENSP00000379065,0.69
S100B,TAB2,9606.ENSP00000291700,9606.ENSP00000356426,0.499
S100B,S100P,9606.ENSP00000291700,9606.ENSP00000296370,0.698
S100P,SLPI,9606.ENSP00000296370,9606.ENSP00000342082,0.416
SAA2,SAA2-SAA4,9606.ENSP00000436126,9606.ENSP00000485552,0.753
SAE1,UBE2M,9606.ENSP00000270225,9606.ENSP00000253023,0.798
SAE1,UBE2N,9606.ENSP00000270225,9606.ENSP00000316176,0.599
SAR1B,TMED2,9606.ENSP00000385432,9606.ENSP00000262225,0.755
SCARB2,VAMP3,9606.ENSP00000264896,9606.ENSP00000054666,0.691
SCARB2,SERPINE1,9606.ENSP00000264896,9606.ENSP00000223095,0.427
SCARB2,THBS1,9606.ENSP00000264896,9606.ENSP00000260356,0.997
SCARB2,VAMP7,9606.ENSP00000264896,9606.ENSP00000262640,0.852
SCARB2,TF,9606.ENSP00000264896,9606.ENSP00000385834,0.415
SCN3A,SCN4B,9606.ENSP00000283254,9606.ENSP00000322460,0.917
SDHC,VDAC1,9606.ENSP00000356953,9606.ENSP00000378487,0.421
SDHC,SGPL1,9606.ENSP00000356953,9606.ENSP00000362298,0.488
SEC61A1,TMEM41B,9606.ENSP00000243253,9606.ENSP00000433126,0.402
SEC61A1,TMED2,9606.ENSP00000243253,9606.ENSP00000262225,0.445
SEC61A1,TRAM1,9606.ENSP00000243253,9606.ENSP00000262213,0.758
SECISBP2,SELENOT,9606.ENSP00000364965,9606.ENSP00000418910,0.873
SEPTIN2,YWHAE,9606.ENSP00000479861,9606.ENSP00000264335,0.523
SERPINE1,TGIF1,9606.ENSP00000223095,9606.ENSP00000327959,0.532
SETD5,TBL1XR1,9606.ENSP00000385852,9606.ENSP00000405574,0.414
SFRP1,THBS1,9606.ENSP00000220772,9606.ENSP00000260356,0.569
SFRP1,WIF1,9606.ENSP00000220772,9606.ENSP00000286574,0.924
SGK3,UBE2G1,9606.ENSP00000379842,9606.ENSP00000380178,0.776
SGPL1,SPTLC2,9606.ENSP00000362298,9606.ENSP00000216484,0.686
SGPL1,TRARG1,9606.ENSP00000362298,9606.ENSP00000329548,0.446
SH3GL3,VAMP3,9606.ENSP00000320092,9606.ENSP00000054666,0.578
SH3GL3,VAMP7,9606.ENSP00000320092,9606.ENSP00000262640,0.527
SIAH2,UBE2N,9606.ENSP00000322457,9606.ENSP00000316176,0.693
SIK1,YWHAE,9606.ENSP00000270162,9606.ENSP00000264335,0.43
SIK1,YWHAZ,9606.ENSP00000270162,9606.ENSP00000379287,0.42
SLC1A1,SLC38A1,9606.ENSP00000262352,9606.ENSP00000449756,0.578
SMARCC1,TBL1XR1,9606.ENSP00000254480,9606.ENSP00000405574,0.587
SMC3,WAPL,9606.ENSP00000354720,9606.ENSP00000298767,0.999
SMC3,SMC4,9606.ENSP00000354720,9606.ENSP00000341382,0.844
SMC3,TOP2A,9606.ENSP00000354720,9606.ENSP00000411532,0.675
SMC4,WAPL,9606.ENSP00000341382,9606.ENSP00000298767,0.627
SMC4,TOP2A,9606.ENSP00000341382,9606.ENSP00000411532,0.903
SORBS2,YWHAE,9606.ENSP00000347852,9606.ENSP00000264335,0.647
SPAG1,STIP1,9606.ENSP00000373450,9606.ENSP00000351646,0.584
SPAG1,YWHAZ,9606.ENSP00000373450,9606.ENSP00000379287,0.506
SPP1,THBS1,9606.ENSP00000378517,9606.ENSP00000260356,0.731
SRGN,VCAN,9606.ENSP00000242465,9606.ENSP00000265077,0.645
SRPK2,SRSF1,9606.ENSP00000377262,9606.ENSP00000258962,0.973
SRPK2,SRSF3,9606.ENSP00000377262,9606.ENSP00000362820,0.787
SRPK2,SRSF10,9606.ENSP00000377262,9606.ENSP00000420195,0.654
SRSF1,WAC,9606.ENSP00000258962,9606.ENSP00000346986,0.449
SRSF1,ZMYND11,9606.ENSP00000258962,9606.ENSP00000371003,0.45
SRSF1,XRN2,9606.ENSP00000258962,9606.ENSP00000366396,0.538
SRSF1,SRSF3,9606.ENSP00000258962,9606.ENSP00000362820,0.994
SRSF1,SRSF10,9606.ENSP00000258962,9606.ENSP00000420195,0.999
SRSF10,WTAP,9606.ENSP00000420195,9606.ENSP00000351141,0.515
SRSF10,SRSF3,9606.ENSP00000420195,9606.ENSP00000362820,0.876
SRSF10,XRN2,9606.ENSP00000420195,9606.ENSP00000366396,0.405
STIP1,UBE2N,9606.ENSP00000351646,9606.ENSP00000316176,0.52
SULF1,VCAN,9606.ENSP00000260128,9606.ENSP00000265077,0.422
SYPL1,VAMP3,9606.ENSP00000011473,9606.ENSP00000054666,0.596
TAB2,UBE2N,9606.ENSP00000356426,9606.ENSP00000316176,0.967
TAB2,USP21,9606.ENSP00000356426,9606.ENSP00000356981,0.453
TAB2,TBL1XR1,9606.ENSP00000356426,9606.ENSP00000405574,0.619
TF,VAMP3,9606.ENSP00000385834,9606.ENSP00000054666,0.502
TF,VAMP7,9606.ENSP00000385834,9606.ENSP00000262640,0.499
TGFB1,TIMP4,9606.ENSP00000221930,9606.ENSP00000287814,0.417
TGFB1,VCAN,9606.ENSP00000221930,9606.ENSP00000265077,0.645
TGFB1,TIMP3,9606.ENSP00000221930,9606.ENSP00000266085,0.743
TGFB1,THBS1,9606.ENSP00000221930,9606.ENSP00000260356,0.985
THBS1,TPM4,9606.ENSP00000260356,9606.ENSP00000494125,0.572
TIAM1,YWHAH,9606.ENSP00000286827,9606.ENSP00000248975,0.457
TIAM1,YWHAZ,9606.ENSP00000286827,9606.ENSP00000379287,0.766
TIAM1,VAV3,9606.ENSP00000286827,9606.ENSP00000359073,0.86
TM9SF3,TMEM41B,9606.ENSP00000360184,9606.ENSP00000433126,0.461
TMED2,YIPF5,9606.ENSP00000262225,9606.ENSP00000274496,0.504
TMEM41B,VMP1,9606.ENSP00000433126,9606.ENSP00000262291,0.867
TNXB,VCAN,9606.ENSP00000407685,9606.ENSP00000265077,0.757
TOP2A,YWHAE,9606.ENSP00000411532,9606.ENSP00000264335,0.414
TPD52,VAMP7,9606.ENSP00000429309,9606.ENSP00000262640,0.542
TPSAB1,TPSB2,9606.ENSP00000343577,9606.ENSP00000482743,0.999
TRARG1,YWHAE,9606.ENSP00000329548,9606.ENSP00000264335,0.808
UBE2B,WAC,9606.ENSP00000265339,9606.ENSP00000346986,0.658
UBE2B,UBE2N,9606.ENSP00000265339,9606.ENSP00000316176,0.929
UBE2G1,UBE2H,9606.ENSP00000380178,9606.ENSP00000347836,0.571
VAMP3,VAMP7,9606.ENSP00000054666,9606.ENSP00000262640,0.998
VDAC1,YWHAE,9606.ENSP00000378487,9606.ENSP00000264335,0.765
VDAC1,YWHAZ,9606.ENSP00000378487,9606.ENSP00000379287,0.469
YWHAE,YWHAH,9606.ENSP00000264335,9606.ENSP00000248975,0.948
YWHAE,ZNF148,9606.ENSP00000264335,9606.ENSP00000353863,0.4
YWHAE,ZFP36L2,9606.ENSP00000264335,9606.ENSP00000282388,0.52
YWHAE,YWHAZ,9606.ENSP00000264335,9606.ENSP00000379287,0.998
YWHAH,ZFP36L2,9606.ENSP00000248975,9606.ENSP00000282388,0.567
YWHAH,YWHAZ,9606.ENSP00000248975,9606.ENSP00000379287,0.972
YWHAZ,ZFP36L2,9606.ENSP00000379287,9606.ENSP00000282388,0.664
