#node1,node2,node1_string_id,node2_string_id,combined_score
ADCY1,ADCY8,9606.ENSP00000297323,9606.ENSP00000286355,0.921
ADCY1,CALM3,9606.ENSP00000297323,9606.ENSP00000291295,0.975
ADCY1,ADCY9,9606.ENSP00000297323,9606.ENSP00000294016,0.775
ADCY1,ADCY6,9606.ENSP00000297323,9606.ENSP00000311405,0.556
ADCY1,ADCY4,9606.ENSP00000297323,9606.ENSP00000312126,0.568
ADCY1,ADCY5,9606.ENSP00000297323,9606.ENSP00000419361,0.595
ADCY1,CREB1,9606.ENSP00000297323,9606.ENSP00000387699,0.68
ADCY1,AKT2,9606.ENSP00000297323,9606.ENSP00000375892,0.68
ADCY1,AKT3,9606.ENSP00000297323,9606.ENSP00000500582,0.693
ADCY1,AKT1,9606.ENSP00000297323,9606.ENSP00000451828,0.714
ADCY1,ADCY2,9606.ENSP00000297323,9606.ENSP00000342952,0.715
ADCY1,ADCY7,9606.ENSP00000297323,9606.ENSP00000501053,0.718
ADCY1,GNAI2,9606.ENSP00000297323,9606.ENSP00000312999,0.765
ADCY1,GNAI1,9606.ENSP00000297323,9606.ENSP00000497260,0.798
ADCY1,GNAI3,9606.ENSP00000297323,9606.ENSP00000358867,0.852
ADCY1,ADCY3,9606.ENSP00000297323,9606.ENSP00000384484,0.91
ADCY1,PRKCD,9606.ENSP00000297323,9606.ENSP00000331602,0.915
ADCY1,PRKACA,9606.ENSP00000297323,9606.ENSP00000309591,0.948
ADCY1,PRKACB,9606.ENSP00000297323,9606.ENSP00000359719,0.949
ADCY1,PRKACG,9606.ENSP00000297323,9606.ENSP00000366488,0.963
ADCY1,CALML3,9606.ENSP00000297323,9606.ENSP00000315299,0.974
ADCY1,CALML4,9606.ENSP00000297323,9606.ENSP00000419081,0.975
ADCY1,CALML6,9606.ENSP00000297323,9606.ENSP00000304643,0.975
ADCY1,CALML5,9606.ENSP00000297323,9606.ENSP00000369689,0.976
ADCY1,GNAS,9606.ENSP00000297323,9606.ENSP00000360141,0.979
ADCY2,MAPK1,9606.ENSP00000342952,9606.ENSP00000215832,0.468
ADCY2,ADCY8,9606.ENSP00000342952,9606.ENSP00000286355,0.602
ADCY2,CALM3,9606.ENSP00000342952,9606.ENSP00000291295,0.745
ADCY2,ADCY9,9606.ENSP00000342952,9606.ENSP00000294016,0.658
ADCY2,CALML6,9606.ENSP00000342952,9606.ENSP00000304643,0.718
ADCY2,PRKACA,9606.ENSP00000342952,9606.ENSP00000309591,0.859
ADCY2,ADCY6,9606.ENSP00000342952,9606.ENSP00000311405,0.781
ADCY2,ADCY4,9606.ENSP00000342952,9606.ENSP00000312126,0.522
ADCY2,GNAI2,9606.ENSP00000342952,9606.ENSP00000312999,0.759
ADCY2,CALML3,9606.ENSP00000342952,9606.ENSP00000315299,0.743
ADCY2,PRKCD,9606.ENSP00000342952,9606.ENSP00000331602,0.91
ADCY2,ADCY7,9606.ENSP00000342952,9606.ENSP00000501053,0.525
ADCY2,ADCY3,9606.ENSP00000342952,9606.ENSP00000384484,0.575
ADCY2,AKT2,9606.ENSP00000342952,9606.ENSP00000375892,0.671
ADCY2,AKT1,9606.ENSP00000342952,9606.ENSP00000451828,0.708
ADCY2,AKT3,9606.ENSP00000342952,9606.ENSP00000500582,0.716
ADCY2,CALML5,9606.ENSP00000342952,9606.ENSP00000369689,0.737
ADCY2,CALML4,9606.ENSP00000342952,9606.ENSP00000419081,0.738
ADCY2,PRKACG,9606.ENSP00000342952,9606.ENSP00000366488,0.764
ADCY2,GNAI3,9606.ENSP00000342952,9606.ENSP00000358867,0.773
ADCY2,GNAI1,9606.ENSP00000342952,9606.ENSP00000497260,0.78
ADCY2,PRKACB,9606.ENSP00000342952,9606.ENSP00000359719,0.781
ADCY2,ADCY5,9606.ENSP00000342952,9606.ENSP00000419361,0.891
ADCY2,GNAS,9606.ENSP00000342952,9606.ENSP00000360141,0.978
ADCY3,MAPK1,9606.ENSP00000384484,9606.ENSP00000215832,0.487
ADCY3,MAPK3,9606.ENSP00000384484,9606.ENSP00000263025,0.516
ADCY3,ADCY8,9606.ENSP00000384484,9606.ENSP00000286355,0.914
ADCY3,CALM3,9606.ENSP00000384484,9606.ENSP00000291295,0.945
ADCY3,ADCY9,9606.ENSP00000384484,9606.ENSP00000294016,0.933
ADCY3,CALML6,9606.ENSP00000384484,9606.ENSP00000304643,0.94
ADCY3,PRKACA,9606.ENSP00000384484,9606.ENSP00000309591,0.968
ADCY3,ADCY6,9606.ENSP00000384484,9606.ENSP00000311405,0.919
ADCY3,ADCY4,9606.ENSP00000384484,9606.ENSP00000312126,0.6
ADCY3,GNAI2,9606.ENSP00000384484,9606.ENSP00000312999,0.753
ADCY3,CALML3,9606.ENSP00000384484,9606.ENSP00000315299,0.943
ADCY3,PRKCD,9606.ENSP00000384484,9606.ENSP00000331602,0.905
ADCY3,GNAI3,9606.ENSP00000384484,9606.ENSP00000358867,0.76
ADCY3,PRKACB,9606.ENSP00000384484,9606.ENSP00000359719,0.947
ADCY3,GNAS,9606.ENSP00000384484,9606.ENSP00000360141,0.948
ADCY3,PRKACG,9606.ENSP00000384484,9606.ENSP00000366488,0.946
ADCY3,CALML5,9606.ENSP00000384484,9606.ENSP00000369689,0.942
ADCY3,AKT2,9606.ENSP00000384484,9606.ENSP00000375892,0.671
ADCY3,ADCY7,9606.ENSP00000384484,9606.ENSP00000501053,0.58
ADCY3,ADCY5,9606.ENSP00000384484,9606.ENSP00000419361,0.585
ADCY3,AKT3,9606.ENSP00000384484,9606.ENSP00000500582,0.693
ADCY3,AKT1,9606.ENSP00000384484,9606.ENSP00000451828,0.723
ADCY3,GNAI1,9606.ENSP00000384484,9606.ENSP00000497260,0.768
ADCY3,CALML4,9606.ENSP00000384484,9606.ENSP00000419081,0.944
ADCY4,ADCY8,9606.ENSP00000312126,9606.ENSP00000286355,0.945
ADCY4,CALM3,9606.ENSP00000312126,9606.ENSP00000291295,0.773
ADCY4,ADCY9,9606.ENSP00000312126,9606.ENSP00000294016,0.717
ADCY4,CALML6,9606.ENSP00000312126,9606.ENSP00000304643,0.756
ADCY4,PRKACA,9606.ENSP00000312126,9606.ENSP00000309591,0.796
ADCY4,ADCY6,9606.ENSP00000312126,9606.ENSP00000311405,0.949
ADCY4,AKT3,9606.ENSP00000312126,9606.ENSP00000500582,0.671
ADCY4,AKT2,9606.ENSP00000312126,9606.ENSP00000375892,0.676
ADCY4,AKT1,9606.ENSP00000312126,9606.ENSP00000451828,0.7
ADCY4,GNAI3,9606.ENSP00000312126,9606.ENSP00000358867,0.734
ADCY4,GNAI1,9606.ENSP00000312126,9606.ENSP00000497260,0.749
ADCY4,GNAI2,9606.ENSP00000312126,9606.ENSP00000312999,0.755
ADCY4,CALML3,9606.ENSP00000312126,9606.ENSP00000315299,0.772
ADCY4,CALML5,9606.ENSP00000312126,9606.ENSP00000369689,0.772
ADCY4,CALML4,9606.ENSP00000312126,9606.ENSP00000419081,0.779
ADCY4,ADCY7,9606.ENSP00000312126,9606.ENSP00000501053,0.78
ADCY4,PRKACG,9606.ENSP00000312126,9606.ENSP00000366488,0.792
ADCY4,PRKACB,9606.ENSP00000312126,9606.ENSP00000359719,0.794
ADCY4,ADCY5,9606.ENSP00000312126,9606.ENSP00000419361,0.835
ADCY4,PRKCD,9606.ENSP00000312126,9606.ENSP00000331602,0.908
ADCY4,GNAS,9606.ENSP00000312126,9606.ENSP00000360141,0.953
ADCY5,MAPK3,9606.ENSP00000419361,9606.ENSP00000263025,0.442
ADCY5,ADCY8,9606.ENSP00000419361,9606.ENSP00000286355,0.719
ADCY5,CALM3,9606.ENSP00000419361,9606.ENSP00000291295,0.838
ADCY5,ADCY9,9606.ENSP00000419361,9606.ENSP00000294016,0.827
ADCY5,CALML6,9606.ENSP00000419361,9606.ENSP00000304643,0.818
ADCY5,PRKACA,9606.ENSP00000419361,9606.ENSP00000309591,0.983
ADCY5,ADCY6,9606.ENSP00000419361,9606.ENSP00000311405,0.96
ADCY5,GNAI2,9606.ENSP00000419361,9606.ENSP00000312999,0.933
ADCY5,CALML3,9606.ENSP00000419361,9606.ENSP00000315299,0.825
ADCY5,PRKCD,9606.ENSP00000419361,9606.ENSP00000331602,0.913
ADCY5,GNAI3,9606.ENSP00000419361,9606.ENSP00000358867,0.933
ADCY5,PRKACB,9606.ENSP00000419361,9606.ENSP00000359719,0.974
ADCY5,GNAS,9606.ENSP00000419361,9606.ENSP00000360141,0.981
ADCY5,PRKACG,9606.ENSP00000419361,9606.ENSP00000366488,0.973
ADCY5,CALML5,9606.ENSP00000419361,9606.ENSP00000369689,0.825
ADCY5,AKT2,9606.ENSP00000419361,9606.ENSP00000375892,0.755
ADCY5,CALML4,9606.ENSP00000419361,9606.ENSP00000419081,0.827
ADCY5,AKT3,9606.ENSP00000419361,9606.ENSP00000500582,0.709
ADCY5,AKT1,9606.ENSP00000419361,9606.ENSP00000451828,0.737
ADCY5,ADCY7,9606.ENSP00000419361,9606.ENSP00000501053,0.808
ADCY5,GNAI1,9606.ENSP00000419361,9606.ENSP00000497260,0.955
ADCY6,ADCY8,9606.ENSP00000311405,9606.ENSP00000286355,0.912
ADCY6,CALM3,9606.ENSP00000311405,9606.ENSP00000291295,0.825
ADCY6,ADCY9,9606.ENSP00000311405,9606.ENSP00000294016,0.958
ADCY6,CALML6,9606.ENSP00000311405,9606.ENSP00000304643,0.818
ADCY6,PRKACA,9606.ENSP00000311405,9606.ENSP00000309591,0.861
ADCY6,AKT2,9606.ENSP00000311405,9606.ENSP00000375892,0.678
ADCY6,AKT3,9606.ENSP00000311405,9606.ENSP00000500582,0.685
ADCY6,ITPR2,9606.ENSP00000311405,9606.ENSP00000370744,0.74
ADCY6,ADCY7,9606.ENSP00000311405,9606.ENSP00000501053,0.747
ADCY6,AKT1,9606.ENSP00000311405,9606.ENSP00000451828,0.748
ADCY6,CALML3,9606.ENSP00000311405,9606.ENSP00000315299,0.825
ADCY6,CALML5,9606.ENSP00000311405,9606.ENSP00000369689,0.825
ADCY6,CALML4,9606.ENSP00000311405,9606.ENSP00000419081,0.827
ADCY6,PRKACG,9606.ENSP00000311405,9606.ENSP00000366488,0.861
ADCY6,PRKACB,9606.ENSP00000311405,9606.ENSP00000359719,0.861
ADCY6,PRKCD,9606.ENSP00000311405,9606.ENSP00000331602,0.904
ADCY6,GNAI3,9606.ENSP00000311405,9606.ENSP00000358867,0.929
ADCY6,GNAI2,9606.ENSP00000311405,9606.ENSP00000312999,0.931
ADCY6,GNAI1,9606.ENSP00000311405,9606.ENSP00000497260,0.936
ADCY6,GNAS,9606.ENSP00000311405,9606.ENSP00000360141,0.97
ADCY7,ADCY8,9606.ENSP00000501053,9606.ENSP00000286355,0.584
ADCY7,CALM3,9606.ENSP00000501053,9606.ENSP00000291295,0.767
ADCY7,ADCY9,9606.ENSP00000501053,9606.ENSP00000294016,0.749
ADCY7,CALML6,9606.ENSP00000501053,9606.ENSP00000304643,0.756
ADCY7,PRKACA,9606.ENSP00000501053,9606.ENSP00000309591,0.798
ADCY7,GNAI2,9606.ENSP00000501053,9606.ENSP00000312999,0.757
ADCY7,CALML3,9606.ENSP00000501053,9606.ENSP00000315299,0.765
ADCY7,PRKCD,9606.ENSP00000501053,9606.ENSP00000331602,0.918
ADCY7,GNAI3,9606.ENSP00000501053,9606.ENSP00000358867,0.739
ADCY7,PRKACB,9606.ENSP00000501053,9606.ENSP00000359719,0.8
ADCY7,GNAS,9606.ENSP00000501053,9606.ENSP00000360141,0.951
ADCY7,PRKACG,9606.ENSP00000501053,9606.ENSP00000366488,0.796
ADCY7,CALML5,9606.ENSP00000501053,9606.ENSP00000369689,0.83
ADCY7,AKT2,9606.ENSP00000501053,9606.ENSP00000375892,0.681
ADCY7,CALML4,9606.ENSP00000501053,9606.ENSP00000419081,0.781
ADCY7,AKT1,9606.ENSP00000501053,9606.ENSP00000451828,0.712
ADCY7,GNAI1,9606.ENSP00000501053,9606.ENSP00000497260,0.824
ADCY7,AKT3,9606.ENSP00000501053,9606.ENSP00000500582,0.688
ADCY8,AKT2,9606.ENSP00000286355,9606.ENSP00000375892,0.671
ADCY8,ADCY9,9606.ENSP00000286355,9606.ENSP00000294016,0.675
ADCY8,CREB1,9606.ENSP00000286355,9606.ENSP00000387699,0.706
ADCY8,AKT3,9606.ENSP00000286355,9606.ENSP00000500582,0.72
ADCY8,AKT1,9606.ENSP00000286355,9606.ENSP00000451828,0.723
ADCY8,GNAI2,9606.ENSP00000286355,9606.ENSP00000312999,0.772
ADCY8,GNAI1,9606.ENSP00000286355,9606.ENSP00000497260,0.791
ADCY8,GNAI3,9606.ENSP00000286355,9606.ENSP00000358867,0.877
ADCY8,PRKCD,9606.ENSP00000286355,9606.ENSP00000331602,0.906
ADCY8,GNAS,9606.ENSP00000286355,9606.ENSP00000360141,0.949
ADCY8,PRKACB,9606.ENSP00000286355,9606.ENSP00000359719,0.955
ADCY8,PRKACA,9606.ENSP00000286355,9606.ENSP00000309591,0.971
ADCY8,PRKACG,9606.ENSP00000286355,9606.ENSP00000366488,0.982
ADCY8,CALML6,9606.ENSP00000286355,9606.ENSP00000304643,0.992
ADCY8,CALML3,9606.ENSP00000286355,9606.ENSP00000315299,0.993
ADCY8,CALML5,9606.ENSP00000286355,9606.ENSP00000369689,0.993
ADCY8,CALML4,9606.ENSP00000286355,9606.ENSP00000419081,0.993
ADCY8,CALM3,9606.ENSP00000286355,9606.ENSP00000291295,0.995
ADCY9,MAPK1,9606.ENSP00000294016,9606.ENSP00000215832,0.471
ADCY9,CALM3,9606.ENSP00000294016,9606.ENSP00000291295,0.788
ADCY9,AKT2,9606.ENSP00000294016,9606.ENSP00000375892,0.682
ADCY9,AKT3,9606.ENSP00000294016,9606.ENSP00000500582,0.684
ADCY9,AKT1,9606.ENSP00000294016,9606.ENSP00000451828,0.706
ADCY9,GNAI1,9606.ENSP00000294016,9606.ENSP00000497260,0.744
ADCY9,GNAI3,9606.ENSP00000294016,9606.ENSP00000358867,0.751
ADCY9,CALML6,9606.ENSP00000294016,9606.ENSP00000304643,0.776
ADCY9,CALML4,9606.ENSP00000294016,9606.ENSP00000419081,0.776
ADCY9,CALML5,9606.ENSP00000294016,9606.ENSP00000369689,0.785
ADCY9,CALML3,9606.ENSP00000294016,9606.ENSP00000315299,0.785
ADCY9,GNAI2,9606.ENSP00000294016,9606.ENSP00000312999,0.875
ADCY9,PRKCD,9606.ENSP00000294016,9606.ENSP00000331602,0.912
ADCY9,PRKACG,9606.ENSP00000294016,9606.ENSP00000366488,0.95
ADCY9,PRKACA,9606.ENSP00000294016,9606.ENSP00000309591,0.95
ADCY9,PRKACB,9606.ENSP00000294016,9606.ENSP00000359719,0.952
ADCY9,GNAS,9606.ENSP00000294016,9606.ENSP00000360141,0.986
AKT1,FKBP4,9606.ENSP00000451828,9606.ENSP00000001008,0.914
AKT1,CREB3L3,9606.ENSP00000451828,9606.ENSP00000078445,0.72
AKT1,KRT14,9606.ENSP00000451828,9606.ENSP00000167586,0.441
AKT1,MAPK1,9606.ENSP00000451828,9606.ENSP00000215832,0.988
AKT1,SOS2,9606.ENSP00000451828,9606.ENSP00000216373,0.601
AKT1,PIK3R2,9606.ENSP00000451828,9606.ENSP00000222254,0.971
AKT1,CTSD,9606.ENSP00000451828,9606.ENSP00000236671,0.482
AKT1,RARA,9606.ENSP00000451828,9606.ENSP00000254066,0.765
AKT1,KRAS,9606.ENSP00000451828,9606.ENSP00000256078,0.904
AKT1,PIK3R3,9606.ENSP00000451828,9606.ENSP00000262741,0.962
AKT1,MAP2K2,9606.ENSP00000451828,9606.ENSP00000262948,0.593
AKT1,MAPK3,9606.ENSP00000451828,9606.ENSP00000263025,0.957
AKT1,PIK3CA,9606.ENSP00000451828,9606.ENSP00000263967,0.998
AKT1,ATF2,9606.ENSP00000451828,9606.ENSP00000264110,0.799
AKT1,KRT10,9606.ENSP00000451828,9606.ENSP00000269576,0.692
AKT1,CREB3L4,9606.ENSP00000451828,9606.ENSP00000271889,0.733
AKT1,EGFR,9606.ENSP00000451828,9606.ENSP00000275493,0.792
AKT1,GRM1,9606.ENSP00000451828,9606.ENSP00000282753,0.421
AKT1,CALM3,9606.ENSP00000451828,9606.ENSP00000291295,0.802
AKT1,NOS3,9606.ENSP00000451828,9606.ENSP00000297494,0.997
AKT1,HSP90B1,9606.ENSP00000451828,9606.ENSP00000299767,0.981
AKT1,MAP2K1,9606.ENSP00000451828,9606.ENSP00000302486,0.49
AKT1,CALML6,9606.ENSP00000451828,9606.ENSP00000304643,0.713
AKT1,FOS,9606.ENSP00000451828,9606.ENSP00000306245,0.746
AKT1,ITPR1,9606.ENSP00000451828,9606.ENSP00000306253,0.981
AKT1,CALML3,9606.ENSP00000451828,9606.ENSP00000315299,0.719
AKT1,PGR,9606.ENSP00000451828,9606.ENSP00000325120,0.683
AKT1,CREB3L2,9606.ENSP00000451828,9606.ENSP00000329140,0.7
AKT1,SP1,9606.ENSP00000451828,9606.ENSP00000329357,0.682
AKT1,HSP90AA1,9606.ENSP00000451828,9606.ENSP00000335153,0.999
AKT1,ATF4,9606.ENSP00000451828,9606.ENSP00000336790,0.826
AKT1,CREB3,9606.ENSP00000451828,9606.ENSP00000342136,0.742
AKT1,ESR2,9606.ENSP00000451828,9606.ENSP00000343925,0.684
AKT1,CREB5,9606.ENSP00000451828,9606.ENSP00000350359,0.727
AKT1,KRT19,9606.ENSP00000451828,9606.ENSP00000355124,0.483
AKT1,NRAS,9606.ENSP00000451828,9606.ENSP00000358548,0.815
AKT1,GNAS,9606.ENSP00000451828,9606.ENSP00000360141,0.524
AKT1,JUN,9606.ENSP00000451828,9606.ENSP00000360266,0.991
AKT1,HSP90AB1,9606.ENSP00000451828,9606.ENSP00000360609,0.999
AKT1,SRC,9606.ENSP00000451828,9606.ENSP00000362680,0.995
AKT1,ITPR3,9606.ENSP00000451828,9606.ENSP00000363435,0.967
AKT1,ATF6B,9606.ENSP00000451828,9606.ENSP00000364349,0.714
AKT1,HSPA1B,9606.ENSP00000451828,9606.ENSP00000364801,0.557
AKT1,PIK3CD,9606.ENSP00000451828,9606.ENSP00000366563,0.976
AKT1,CALML5,9606.ENSP00000451828,9606.ENSP00000369689,0.719
AKT1,KRT18,9606.ENSP00000451828,9606.ENSP00000373489,0.471
AKT1,AKT2,9606.ENSP00000451828,9606.ENSP00000375892,0.991
AKT1,GRB2,9606.ENSP00000451828,9606.ENSP00000376345,0.907
AKT1,BCL2,9606.ENSP00000451828,9606.ENSP00000381185,0.993
AKT1,SOS1,9606.ENSP00000451828,9606.ENSP00000384675,0.765
AKT1,CREB1,9606.ENSP00000451828,9606.ENSP00000387699,0.965
AKT1,SHC1,9606.ENSP00000451828,9606.ENSP00000401303,0.771
AKT1,RAF1,9606.ENSP00000451828,9606.ENSP00000401888,0.992
AKT1,ESR1,9606.ENSP00000451828,9606.ENSP00000405330,0.913
AKT1,HRAS,9606.ENSP00000451828,9606.ENSP00000407586,0.896
AKT1,CALML4,9606.ENSP00000451828,9606.ENSP00000419081,0.713
AKT1,PIK3R1,9606.ENSP00000451828,9606.ENSP00000428056,0.995
AKT1,HSPA8,9606.ENSP00000451828,9606.ENSP00000437125,0.85
AKT1,FKBP5,9606.ENSP00000451828,9606.ENSP00000444810,0.964
AKT1,CREB3L1,9606.ENSP00000451828,9606.ENSP00000481956,0.706
AKT1,AKT3,9606.ENSP00000451828,9606.ENSP00000500582,0.958
AKT1,PIK3CB,9606.ENSP00000451828,9606.ENSP00000501150,0.992
AKT2,FKBP4,9606.ENSP00000375892,9606.ENSP00000001008,0.563
AKT2,CREB3L3,9606.ENSP00000375892,9606.ENSP00000078445,0.683
AKT2,MAPK1,9606.ENSP00000375892,9606.ENSP00000215832,0.929
AKT2,PIK3R2,9606.ENSP00000375892,9606.ENSP00000222254,0.963
AKT2,KRAS,9606.ENSP00000375892,9606.ENSP00000256078,0.646
AKT2,PIK3R3,9606.ENSP00000375892,9606.ENSP00000262741,0.953
AKT2,MAPK3,9606.ENSP00000375892,9606.ENSP00000263025,0.962
AKT2,PIK3CA,9606.ENSP00000375892,9606.ENSP00000263967,0.984
AKT2,ATF2,9606.ENSP00000375892,9606.ENSP00000264110,0.7
AKT2,CREB3L4,9606.ENSP00000375892,9606.ENSP00000271889,0.675
AKT2,EGFR,9606.ENSP00000375892,9606.ENSP00000275493,0.612
AKT2,CALM3,9606.ENSP00000375892,9606.ENSP00000291295,0.568
AKT2,NOS3,9606.ENSP00000375892,9606.ENSP00000297494,0.925
AKT2,HSP90B1,9606.ENSP00000375892,9606.ENSP00000299767,0.932
AKT2,CALML6,9606.ENSP00000375892,9606.ENSP00000304643,0.706
AKT2,CALML3,9606.ENSP00000375892,9606.ENSP00000315299,0.712
AKT2,PGR,9606.ENSP00000375892,9606.ENSP00000325120,0.6
AKT2,CREB3L2,9606.ENSP00000375892,9606.ENSP00000329140,0.657
AKT2,HSP90AA1,9606.ENSP00000375892,9606.ENSP00000335153,0.948
AKT2,ATF4,9606.ENSP00000375892,9606.ENSP00000336790,0.684
AKT2,CREB3,9606.ENSP00000375892,9606.ENSP00000342136,0.682
AKT2,ESR2,9606.ENSP00000375892,9606.ENSP00000343925,0.419
AKT2,CREB5,9606.ENSP00000375892,9606.ENSP00000350359,0.689
AKT2,NRAS,9606.ENSP00000375892,9606.ENSP00000358548,0.499
AKT2,JUN,9606.ENSP00000375892,9606.ENSP00000360266,0.967
AKT2,HSP90AB1,9606.ENSP00000375892,9606.ENSP00000360609,0.946
AKT2,SRC,9606.ENSP00000375892,9606.ENSP00000362680,0.829
AKT2,ATF6B,9606.ENSP00000375892,9606.ENSP00000364349,0.672
AKT2,PIK3CD,9606.ENSP00000375892,9606.ENSP00000366563,0.962
AKT2,CALML5,9606.ENSP00000375892,9606.ENSP00000369689,0.713
AKT2,GRB2,9606.ENSP00000375892,9606.ENSP00000376345,0.439
AKT2,SHC1,9606.ENSP00000375892,9606.ENSP00000401303,0.486
AKT2,HRAS,9606.ENSP00000375892,9606.ENSP00000407586,0.501
AKT2,ESR1,9606.ENSP00000375892,9606.ENSP00000405330,0.616
AKT2,CREB3L1,9606.ENSP00000375892,9606.ENSP00000481956,0.652
AKT2,FKBP5,9606.ENSP00000375892,9606.ENSP00000444810,0.686
AKT2,CALML4,9606.ENSP00000375892,9606.ENSP00000419081,0.706
AKT2,CREB1,9606.ENSP00000375892,9606.ENSP00000387699,0.858
AKT2,RAF1,9606.ENSP00000375892,9606.ENSP00000401888,0.923
AKT2,BCL2,9606.ENSP00000375892,9606.ENSP00000381185,0.95
AKT2,AKT3,9606.ENSP00000375892,9606.ENSP00000500582,0.965
AKT2,PIK3R1,9606.ENSP00000375892,9606.ENSP00000428056,0.979
AKT2,PIK3CB,9606.ENSP00000375892,9606.ENSP00000501150,0.983
AKT3,CREB3L3,9606.ENSP00000500582,9606.ENSP00000078445,0.655
AKT3,MAPK1,9606.ENSP00000500582,9606.ENSP00000215832,0.927
AKT3,PIK3R2,9606.ENSP00000500582,9606.ENSP00000222254,0.967
AKT3,KRAS,9606.ENSP00000500582,9606.ENSP00000256078,0.566
AKT3,PIK3R3,9606.ENSP00000500582,9606.ENSP00000262741,0.973
AKT3,MAPK3,9606.ENSP00000500582,9606.ENSP00000263025,0.928
AKT3,PIK3CA,9606.ENSP00000500582,9606.ENSP00000263967,0.984
AKT3,ATF2,9606.ENSP00000500582,9606.ENSP00000264110,0.693
AKT3,CREB3L4,9606.ENSP00000500582,9606.ENSP00000271889,0.702
AKT3,NOS3,9606.ENSP00000500582,9606.ENSP00000297494,0.917
AKT3,HSP90B1,9606.ENSP00000500582,9606.ENSP00000299767,0.93
AKT3,CREB3L2,9606.ENSP00000500582,9606.ENSP00000329140,0.677
AKT3,PRKCD,9606.ENSP00000500582,9606.ENSP00000331602,0.455
AKT3,HSP90AA1,9606.ENSP00000500582,9606.ENSP00000335153,0.954
AKT3,ATF4,9606.ENSP00000500582,9606.ENSP00000336790,0.676
AKT3,CREB3,9606.ENSP00000500582,9606.ENSP00000342136,0.703
AKT3,CREB5,9606.ENSP00000500582,9606.ENSP00000350359,0.755
AKT3,NRAS,9606.ENSP00000500582,9606.ENSP00000358548,0.564
AKT3,JUN,9606.ENSP00000500582,9606.ENSP00000360266,0.941
AKT3,HSP90AB1,9606.ENSP00000500582,9606.ENSP00000360609,0.956
AKT3,SRC,9606.ENSP00000500582,9606.ENSP00000362680,0.647
AKT3,ATF6B,9606.ENSP00000500582,9606.ENSP00000364349,0.664
AKT3,PIK3CD,9606.ENSP00000500582,9606.ENSP00000366563,0.95
AKT3,BCL2,9606.ENSP00000500582,9606.ENSP00000381185,0.947
AKT3,SOS1,9606.ENSP00000500582,9606.ENSP00000384675,0.42
AKT3,CREB1,9606.ENSP00000500582,9606.ENSP00000387699,0.765
AKT3,SHC1,9606.ENSP00000500582,9606.ENSP00000401303,0.417
AKT3,RAF1,9606.ENSP00000500582,9606.ENSP00000401888,0.922
AKT3,ESR1,9606.ENSP00000500582,9606.ENSP00000405330,0.429
AKT3,HRAS,9606.ENSP00000500582,9606.ENSP00000407586,0.47
AKT3,PIK3R1,9606.ENSP00000500582,9606.ENSP00000428056,0.977
AKT3,CREB3L1,9606.ENSP00000500582,9606.ENSP00000481956,0.671
AKT3,PIK3CB,9606.ENSP00000500582,9606.ENSP00000501150,0.964
ATF2,CREB3L3,9606.ENSP00000264110,9606.ENSP00000078445,0.907
ATF2,MAPK1,9606.ENSP00000264110,9606.ENSP00000215832,0.973
ATF2,MAPK3,9606.ENSP00000264110,9606.ENSP00000263025,0.903
ATF2,ESR1,9606.ENSP00000264110,9606.ENSP00000405330,0.614
ATF2,PRKACG,9606.ENSP00000264110,9606.ENSP00000366488,0.776
ATF2,PRKACA,9606.ENSP00000264110,9606.ENSP00000309591,0.777
ATF2,PRKACB,9606.ENSP00000264110,9606.ENSP00000359719,0.782
ATF2,CREB3L1,9606.ENSP00000264110,9606.ENSP00000481956,0.903
ATF2,CREB3L2,9606.ENSP00000264110,9606.ENSP00000329140,0.906
ATF2,CREB3L4,9606.ENSP00000264110,9606.ENSP00000271889,0.913
ATF2,ATF6B,9606.ENSP00000264110,9606.ENSP00000364349,0.919
ATF2,ATF4,9606.ENSP00000264110,9606.ENSP00000336790,0.932
ATF2,CREB3,9606.ENSP00000264110,9606.ENSP00000342136,0.95
ATF2,CREB1,9606.ENSP00000264110,9606.ENSP00000387699,0.986
ATF2,CREB5,9606.ENSP00000264110,9606.ENSP00000350359,0.989
ATF2,FOS,9606.ENSP00000264110,9606.ENSP00000306245,0.99
ATF2,JUN,9606.ENSP00000264110,9606.ENSP00000360266,0.999
ATF4,CREB3L3,9606.ENSP00000336790,9606.ENSP00000078445,0.935
ATF4,MAPK1,9606.ENSP00000336790,9606.ENSP00000215832,0.702
ATF4,MAPK3,9606.ENSP00000336790,9606.ENSP00000263025,0.75
ATF4,CREB3L4,9606.ENSP00000336790,9606.ENSP00000271889,0.929
ATF4,FOS,9606.ENSP00000336790,9606.ENSP00000306245,0.831
ATF4,PRKACA,9606.ENSP00000336790,9606.ENSP00000309591,0.926
ATF4,CREB3L2,9606.ENSP00000336790,9606.ENSP00000329140,0.927
ATF4,GABBR1,9606.ENSP00000336790,9606.ENSP00000366233,0.554
ATF4,CREB5,9606.ENSP00000336790,9606.ENSP00000350359,0.921
ATF4,PRKACB,9606.ENSP00000336790,9606.ENSP00000359719,0.925
ATF4,PRKACG,9606.ENSP00000336790,9606.ENSP00000366488,0.926
ATF4,JUN,9606.ENSP00000336790,9606.ENSP00000360266,0.928
ATF4,CREB3L1,9606.ENSP00000336790,9606.ENSP00000481956,0.929
ATF4,CREB3,9606.ENSP00000336790,9606.ENSP00000342136,0.94
ATF4,CREB1,9606.ENSP00000336790,9606.ENSP00000387699,0.959
ATF4,ATF6B,9606.ENSP00000336790,9606.ENSP00000364349,0.962
ATF6B,CREB3L3,9606.ENSP00000364349,9606.ENSP00000078445,0.931
ATF6B,MAPK1,9606.ENSP00000364349,9606.ENSP00000215832,0.67
ATF6B,MAPK3,9606.ENSP00000364349,9606.ENSP00000263025,0.673
ATF6B,CREB3L4,9606.ENSP00000364349,9606.ENSP00000271889,0.929
ATF6B,PRKACA,9606.ENSP00000364349,9606.ENSP00000309591,0.658
ATF6B,CREB3L2,9606.ENSP00000364349,9606.ENSP00000329140,0.932
ATF6B,CREB3,9606.ENSP00000364349,9606.ENSP00000342136,0.926
ATF6B,CREB5,9606.ENSP00000364349,9606.ENSP00000350359,0.909
ATF6B,PRKACB,9606.ENSP00000364349,9606.ENSP00000359719,0.658
ATF6B,PRKACG,9606.ENSP00000364349,9606.ENSP00000366488,0.65
ATF6B,CREB3L1,9606.ENSP00000364349,9606.ENSP00000481956,0.931
ATF6B,CREB1,9606.ENSP00000364349,9606.ENSP00000387699,0.953
BCL2,MAPK1,9606.ENSP00000381185,9606.ENSP00000215832,0.969
BCL2,CTSD,9606.ENSP00000381185,9606.ENSP00000236671,0.949
BCL2,RARA,9606.ENSP00000381185,9606.ENSP00000254066,0.494
BCL2,KRAS,9606.ENSP00000381185,9606.ENSP00000256078,0.862
BCL2,MAPK3,9606.ENSP00000381185,9606.ENSP00000263025,0.985
BCL2,ITPR1,9606.ENSP00000381185,9606.ENSP00000306253,0.996
BCL2,PGR,9606.ENSP00000381185,9606.ENSP00000325120,0.636
BCL2,HSP90AA1,9606.ENSP00000381185,9606.ENSP00000335153,0.929
BCL2,ESR2,9606.ENSP00000381185,9606.ENSP00000343925,0.599
BCL2,NRAS,9606.ENSP00000381185,9606.ENSP00000358548,0.764
BCL2,ITPR3,9606.ENSP00000381185,9606.ENSP00000363435,0.993
BCL2,HSPA1B,9606.ENSP00000381185,9606.ENSP00000364801,0.613
BCL2,RAF1,9606.ENSP00000381185,9606.ENSP00000401888,0.892
BCL2,ESR1,9606.ENSP00000381185,9606.ENSP00000405330,0.897
BCL2,CREB1,9606.ENSP00000381185,9606.ENSP00000387699,0.925
BCL2,HRAS,9606.ENSP00000381185,9606.ENSP00000407586,0.938
CALM3,FKBP4,9606.ENSP00000291295,9606.ENSP00000001008,0.613
CALM3,MAPK1,9606.ENSP00000291295,9606.ENSP00000215832,0.553
CALM3,KRAS,9606.ENSP00000291295,9606.ENSP00000256078,0.998
CALM3,PLCB2,9606.ENSP00000291295,9606.ENSP00000260402,0.716
CALM3,MAPK3,9606.ENSP00000291295,9606.ENSP00000263025,0.673
CALM3,EGFR,9606.ENSP00000291295,9606.ENSP00000275493,0.859
CALM3,GRM1,9606.ENSP00000291295,9606.ENSP00000282753,0.445
CALM3,PRKCD,9606.ENSP00000291295,9606.ENSP00000331602,0.468
CALM3,MAP2K1,9606.ENSP00000291295,9606.ENSP00000302486,0.539
CALM3,HSPA1B,9606.ENSP00000291295,9606.ENSP00000364801,0.551
CALM3,RAF1,9606.ENSP00000291295,9606.ENSP00000401888,0.613
CALM3,GRB2,9606.ENSP00000291295,9606.ENSP00000376345,0.65
CALM3,FOS,9606.ENSP00000291295,9606.ENSP00000306245,0.672
CALM3,HSPA8,9606.ENSP00000291295,9606.ENSP00000437125,0.723
CALM3,PLCB4,9606.ENSP00000291295,9606.ENSP00000367762,0.724
CALM3,PLCB3,9606.ENSP00000291295,9606.ENSP00000443631,0.751
CALM3,PLCB1,9606.ENSP00000291295,9606.ENSP00000338185,0.762
CALM3,SRC,9606.ENSP00000291295,9606.ENSP00000362680,0.858
CALM3,HSP90B1,9606.ENSP00000291295,9606.ENSP00000299767,0.861
CALM3,ITPR2,9606.ENSP00000291295,9606.ENSP00000370744,0.957
CALM3,NRAS,9606.ENSP00000291295,9606.ENSP00000358548,0.959
CALM3,HRAS,9606.ENSP00000291295,9606.ENSP00000407586,0.965
CALM3,ITPR1,9606.ENSP00000291295,9606.ENSP00000306253,0.983
CALM3,ITPR3,9606.ENSP00000291295,9606.ENSP00000363435,0.985
CALM3,PRKACB,9606.ENSP00000291295,9606.ENSP00000359719,0.989
CALM3,PRKACA,9606.ENSP00000291295,9606.ENSP00000309591,0.989
CALM3,PRKACG,9606.ENSP00000291295,9606.ENSP00000366488,0.992
CALM3,ESR1,9606.ENSP00000291295,9606.ENSP00000405330,0.995
CALM3,HSP90AB1,9606.ENSP00000291295,9606.ENSP00000360609,0.995
CALM3,CALML4,9606.ENSP00000291295,9606.ENSP00000419081,0.996
CALM3,HSP90AA1,9606.ENSP00000291295,9606.ENSP00000335153,0.996
CALM3,CALML5,9606.ENSP00000291295,9606.ENSP00000369689,0.996
CALM3,CALML3,9606.ENSP00000291295,9606.ENSP00000315299,0.996
CALM3,CALML6,9606.ENSP00000291295,9606.ENSP00000304643,0.996
CALM3,NOS3,9606.ENSP00000291295,9606.ENSP00000297494,0.999
CALML3,FKBP4,9606.ENSP00000315299,9606.ENSP00000001008,0.622
CALML3,KRT14,9606.ENSP00000315299,9606.ENSP00000167586,0.442
CALML3,MAPK1,9606.ENSP00000315299,9606.ENSP00000215832,0.497
CALML3,KRAS,9606.ENSP00000315299,9606.ENSP00000256078,0.998
CALML3,PLCB2,9606.ENSP00000315299,9606.ENSP00000260402,0.704
CALML3,MAPK3,9606.ENSP00000315299,9606.ENSP00000263025,0.648
CALML3,GRM1,9606.ENSP00000315299,9606.ENSP00000282753,0.432
CALML3,NOS3,9606.ENSP00000315299,9606.ENSP00000297494,0.999
CALML3,HSP90B1,9606.ENSP00000315299,9606.ENSP00000299767,0.885
CALML3,MAP2K1,9606.ENSP00000315299,9606.ENSP00000302486,0.512
CALML3,CALML6,9606.ENSP00000315299,9606.ENSP00000304643,0.962
CALML3,FOS,9606.ENSP00000315299,9606.ENSP00000306245,0.634
CALML3,ITPR1,9606.ENSP00000315299,9606.ENSP00000306253,0.984
CALML3,PRKACA,9606.ENSP00000315299,9606.ENSP00000309591,0.989
CALML3,PRKCD,9606.ENSP00000315299,9606.ENSP00000331602,0.446
CALML3,ESR2,9606.ENSP00000315299,9606.ENSP00000343925,0.554
CALML3,RAF1,9606.ENSP00000315299,9606.ENSP00000401888,0.611
CALML3,HSPA8,9606.ENSP00000315299,9606.ENSP00000437125,0.664
CALML3,PLCB4,9606.ENSP00000315299,9606.ENSP00000367762,0.718
CALML3,PLCB3,9606.ENSP00000315299,9606.ENSP00000443631,0.747
CALML3,PLCB1,9606.ENSP00000315299,9606.ENSP00000338185,0.751
CALML3,SRC,9606.ENSP00000315299,9606.ENSP00000362680,0.927
CALML3,ITPR2,9606.ENSP00000315299,9606.ENSP00000370744,0.945
CALML3,NRAS,9606.ENSP00000315299,9606.ENSP00000358548,0.958
CALML3,HRAS,9606.ENSP00000315299,9606.ENSP00000407586,0.963
CALML3,CALML4,9606.ENSP00000315299,9606.ENSP00000419081,0.963
CALML3,CALML5,9606.ENSP00000315299,9606.ENSP00000369689,0.967
CALML3,ESR1,9606.ENSP00000315299,9606.ENSP00000405330,0.981
CALML3,ITPR3,9606.ENSP00000315299,9606.ENSP00000363435,0.982
CALML3,PRKACB,9606.ENSP00000315299,9606.ENSP00000359719,0.989
CALML3,PRKACG,9606.ENSP00000315299,9606.ENSP00000366488,0.992
CALML3,HSP90AB1,9606.ENSP00000315299,9606.ENSP00000360609,0.995
CALML3,HSP90AA1,9606.ENSP00000315299,9606.ENSP00000335153,0.996
CALML4,FKBP4,9606.ENSP00000419081,9606.ENSP00000001008,0.623
CALML4,MAPK1,9606.ENSP00000419081,9606.ENSP00000215832,0.473
CALML4,KRAS,9606.ENSP00000419081,9606.ENSP00000256078,0.998
CALML4,PLCB2,9606.ENSP00000419081,9606.ENSP00000260402,0.707
CALML4,MAPK3,9606.ENSP00000419081,9606.ENSP00000263025,0.633
CALML4,GRM1,9606.ENSP00000419081,9606.ENSP00000282753,0.427
CALML4,NOS3,9606.ENSP00000419081,9606.ENSP00000297494,0.999
CALML4,HSP90B1,9606.ENSP00000419081,9606.ENSP00000299767,0.885
CALML4,MAP2K1,9606.ENSP00000419081,9606.ENSP00000302486,0.49
CALML4,CALML6,9606.ENSP00000419081,9606.ENSP00000304643,0.961
CALML4,FOS,9606.ENSP00000419081,9606.ENSP00000306245,0.589
CALML4,ITPR1,9606.ENSP00000419081,9606.ENSP00000306253,0.98
CALML4,PRKACA,9606.ENSP00000419081,9606.ENSP00000309591,0.989
CALML4,PRKCD,9606.ENSP00000419081,9606.ENSP00000331602,0.427
CALML4,HSP90AA1,9606.ENSP00000419081,9606.ENSP00000335153,0.996
CALML4,PLCB1,9606.ENSP00000419081,9606.ENSP00000338185,0.752
CALML4,ESR2,9606.ENSP00000419081,9606.ENSP00000343925,0.554
CALML4,NRAS,9606.ENSP00000419081,9606.ENSP00000358548,0.954
CALML4,PRKACB,9606.ENSP00000419081,9606.ENSP00000359719,0.989
CALML4,HSP90AB1,9606.ENSP00000419081,9606.ENSP00000360609,0.995
CALML4,SRC,9606.ENSP00000419081,9606.ENSP00000362680,0.927
CALML4,ITPR3,9606.ENSP00000419081,9606.ENSP00000363435,0.979
CALML4,PRKACG,9606.ENSP00000419081,9606.ENSP00000366488,0.992
CALML4,PLCB4,9606.ENSP00000419081,9606.ENSP00000367762,0.708
CALML4,CALML5,9606.ENSP00000419081,9606.ENSP00000369689,0.964
CALML4,ITPR2,9606.ENSP00000419081,9606.ENSP00000370744,0.939
CALML4,RAF1,9606.ENSP00000419081,9606.ENSP00000401888,0.611
CALML4,ESR1,9606.ENSP00000419081,9606.ENSP00000405330,0.979
CALML4,HRAS,9606.ENSP00000419081,9606.ENSP00000407586,0.96
CALML4,HSPA8,9606.ENSP00000419081,9606.ENSP00000437125,0.651
CALML4,PLCB3,9606.ENSP00000419081,9606.ENSP00000443631,0.738
CALML5,FKBP4,9606.ENSP00000369689,9606.ENSP00000001008,0.623
CALML5,MAPK1,9606.ENSP00000369689,9606.ENSP00000215832,0.497
CALML5,CTSD,9606.ENSP00000369689,9606.ENSP00000236671,0.534
CALML5,KRAS,9606.ENSP00000369689,9606.ENSP00000256078,0.998
CALML5,PLCB2,9606.ENSP00000369689,9606.ENSP00000260402,0.704
CALML5,MAPK3,9606.ENSP00000369689,9606.ENSP00000263025,0.648
CALML5,GRM1,9606.ENSP00000369689,9606.ENSP00000282753,0.432
CALML5,NOS3,9606.ENSP00000369689,9606.ENSP00000297494,0.999
CALML5,HSP90B1,9606.ENSP00000369689,9606.ENSP00000299767,0.885
CALML5,MAP2K1,9606.ENSP00000369689,9606.ENSP00000302486,0.513
CALML5,CALML6,9606.ENSP00000369689,9606.ENSP00000304643,0.963
CALML5,FOS,9606.ENSP00000369689,9606.ENSP00000306245,0.654
CALML5,ITPR1,9606.ENSP00000369689,9606.ENSP00000306253,0.983
CALML5,PRKACA,9606.ENSP00000369689,9606.ENSP00000309591,0.989
CALML5,PRKCD,9606.ENSP00000369689,9606.ENSP00000331602,0.445
CALML5,HSP90AA1,9606.ENSP00000369689,9606.ENSP00000335153,0.996
CALML5,PLCB1,9606.ENSP00000369689,9606.ENSP00000338185,0.808
CALML5,ESR2,9606.ENSP00000369689,9606.ENSP00000343925,0.554
CALML5,NRAS,9606.ENSP00000369689,9606.ENSP00000358548,0.958
CALML5,PRKACB,9606.ENSP00000369689,9606.ENSP00000359719,0.989
CALML5,HSP90AB1,9606.ENSP00000369689,9606.ENSP00000360609,0.995
CALML5,SRC,9606.ENSP00000369689,9606.ENSP00000362680,0.927
CALML5,ITPR3,9606.ENSP00000369689,9606.ENSP00000363435,0.981
CALML5,PRKACG,9606.ENSP00000369689,9606.ENSP00000366488,0.992
CALML5,PLCB4,9606.ENSP00000369689,9606.ENSP00000367762,0.718
CALML5,RAF1,9606.ENSP00000369689,9606.ENSP00000401888,0.611
CALML5,HSPA8,9606.ENSP00000369689,9606.ENSP00000437125,0.664
CALML5,PLCB3,9606.ENSP00000369689,9606.ENSP00000443631,0.742
CALML5,ITPR2,9606.ENSP00000369689,9606.ENSP00000370744,0.946
CALML5,HRAS,9606.ENSP00000369689,9606.ENSP00000407586,0.963
CALML5,ESR1,9606.ENSP00000369689,9606.ENSP00000405330,0.979
CALML6,FKBP4,9606.ENSP00000304643,9606.ENSP00000001008,0.623
CALML6,MAPK1,9606.ENSP00000304643,9606.ENSP00000215832,0.473
CALML6,KRAS,9606.ENSP00000304643,9606.ENSP00000256078,0.998
CALML6,PLCB2,9606.ENSP00000304643,9606.ENSP00000260402,0.701
CALML6,MAPK3,9606.ENSP00000304643,9606.ENSP00000263025,0.633
CALML6,GRM1,9606.ENSP00000304643,9606.ENSP00000282753,0.428
CALML6,NOS3,9606.ENSP00000304643,9606.ENSP00000297494,0.999
CALML6,HSP90B1,9606.ENSP00000304643,9606.ENSP00000299767,0.885
CALML6,MAP2K1,9606.ENSP00000304643,9606.ENSP00000302486,0.49
CALML6,PRKCD,9606.ENSP00000304643,9606.ENSP00000331602,0.425
CALML6,ESR2,9606.ENSP00000304643,9606.ENSP00000343925,0.554
CALML6,FOS,9606.ENSP00000304643,9606.ENSP00000306245,0.589
CALML6,RAF1,9606.ENSP00000304643,9606.ENSP00000401888,0.611
CALML6,HSPA8,9606.ENSP00000304643,9606.ENSP00000437125,0.651
CALML6,PLCB4,9606.ENSP00000304643,9606.ENSP00000367762,0.706
CALML6,PLCB3,9606.ENSP00000304643,9606.ENSP00000443631,0.735
CALML6,PLCB1,9606.ENSP00000304643,9606.ENSP00000338185,0.752
CALML6,SRC,9606.ENSP00000304643,9606.ENSP00000362680,0.927
CALML6,ITPR2,9606.ENSP00000304643,9606.ENSP00000370744,0.939
CALML6,NRAS,9606.ENSP00000304643,9606.ENSP00000358548,0.954
CALML6,HRAS,9606.ENSP00000304643,9606.ENSP00000407586,0.96
CALML6,ITPR3,9606.ENSP00000304643,9606.ENSP00000363435,0.979
CALML6,ESR1,9606.ENSP00000304643,9606.ENSP00000405330,0.979
CALML6,ITPR1,9606.ENSP00000304643,9606.ENSP00000306253,0.98
CALML6,PRKACA,9606.ENSP00000304643,9606.ENSP00000309591,0.988
CALML6,PRKACB,9606.ENSP00000304643,9606.ENSP00000359719,0.988
CALML6,PRKACG,9606.ENSP00000304643,9606.ENSP00000366488,0.991
CALML6,HSP90AB1,9606.ENSP00000304643,9606.ENSP00000360609,0.995
CALML6,HSP90AA1,9606.ENSP00000304643,9606.ENSP00000335153,0.996
CREB1,CREB3L3,9606.ENSP00000387699,9606.ENSP00000078445,0.972
CREB1,MAPK1,9606.ENSP00000387699,9606.ENSP00000215832,0.962
CREB1,RARA,9606.ENSP00000387699,9606.ENSP00000254066,0.571
CREB1,KRAS,9606.ENSP00000387699,9606.ENSP00000256078,0.445
CREB1,MAPK3,9606.ENSP00000387699,9606.ENSP00000263025,0.987
CREB1,CREB3L4,9606.ENSP00000387699,9606.ENSP00000271889,0.955
CREB1,FOS,9606.ENSP00000387699,9606.ENSP00000306245,0.998
CREB1,PRKACA,9606.ENSP00000387699,9606.ENSP00000309591,0.996
CREB1,PGR,9606.ENSP00000387699,9606.ENSP00000325120,0.407
CREB1,CREB3L2,9606.ENSP00000387699,9606.ENSP00000329140,0.936
CREB1,SP1,9606.ENSP00000387699,9606.ENSP00000329357,0.784
CREB1,CREB3,9606.ENSP00000387699,9606.ENSP00000342136,0.955
CREB1,ESR2,9606.ENSP00000387699,9606.ENSP00000343925,0.746
CREB1,CREB5,9606.ENSP00000387699,9606.ENSP00000350359,0.944
CREB1,NRAS,9606.ENSP00000387699,9606.ENSP00000358548,0.401
CREB1,PRKACB,9606.ENSP00000387699,9606.ENSP00000359719,0.995
CREB1,JUN,9606.ENSP00000387699,9606.ENSP00000360266,0.998
CREB1,PRKACG,9606.ENSP00000387699,9606.ENSP00000366488,0.994
CREB1,OPRM1,9606.ENSP00000387699,9606.ENSP00000394624,0.477
CREB1,ESR1,9606.ENSP00000387699,9606.ENSP00000405330,0.757
CREB1,CREB3L1,9606.ENSP00000387699,9606.ENSP00000481956,0.938
CREB3,CREB3L3,9606.ENSP00000342136,9606.ENSP00000078445,0.958
CREB3,MAPK1,9606.ENSP00000342136,9606.ENSP00000215832,0.918
CREB3,MAPK3,9606.ENSP00000342136,9606.ENSP00000263025,0.915
CREB3,CREB3L4,9606.ENSP00000342136,9606.ENSP00000271889,0.96
CREB3,PRKACA,9606.ENSP00000342136,9606.ENSP00000309591,0.702
CREB3,CREB3L2,9606.ENSP00000342136,9606.ENSP00000329140,0.964
CREB3,PRKACG,9606.ENSP00000342136,9606.ENSP00000366488,0.695
CREB3,PRKACB,9606.ENSP00000342136,9606.ENSP00000359719,0.701
CREB3,JUN,9606.ENSP00000342136,9606.ENSP00000360266,0.765
CREB3,CREB5,9606.ENSP00000342136,9606.ENSP00000350359,0.932
CREB3,CREB3L1,9606.ENSP00000342136,9606.ENSP00000481956,0.947
CREB3L1,CREB3L3,9606.ENSP00000481956,9606.ENSP00000078445,0.95
CREB3L1,MAPK1,9606.ENSP00000481956,9606.ENSP00000215832,0.9
CREB3L1,MAPK3,9606.ENSP00000481956,9606.ENSP00000263025,0.905
CREB3L1,CREB3L4,9606.ENSP00000481956,9606.ENSP00000271889,0.928
CREB3L1,ITPR1,9606.ENSP00000481956,9606.ENSP00000306253,0.463
CREB3L1,PRKACA,9606.ENSP00000481956,9606.ENSP00000309591,0.671
CREB3L1,CREB3L2,9606.ENSP00000481956,9606.ENSP00000329140,0.955
CREB3L1,CREB5,9606.ENSP00000481956,9606.ENSP00000350359,0.919
CREB3L1,PRKACB,9606.ENSP00000481956,9606.ENSP00000359719,0.676
CREB3L1,PRKACG,9606.ENSP00000481956,9606.ENSP00000366488,0.666
CREB3L1,ITPR2,9606.ENSP00000481956,9606.ENSP00000370744,0.432
CREB3L2,CREB3L3,9606.ENSP00000329140,9606.ENSP00000078445,0.94
CREB3L2,MAPK1,9606.ENSP00000329140,9606.ENSP00000215832,0.903
CREB3L2,MAPK3,9606.ENSP00000329140,9606.ENSP00000263025,0.904
CREB3L2,CREB3L4,9606.ENSP00000329140,9606.ENSP00000271889,0.926
CREB3L2,PRKACA,9606.ENSP00000329140,9606.ENSP00000309591,0.662
CREB3L2,PRKACG,9606.ENSP00000329140,9606.ENSP00000366488,0.666
CREB3L2,PRKACB,9606.ENSP00000329140,9606.ENSP00000359719,0.681
CREB3L2,CREB5,9606.ENSP00000329140,9606.ENSP00000350359,0.922
CREB3L3,PRKACG,9606.ENSP00000078445,9606.ENSP00000366488,0.688
CREB3L3,PRKACA,9606.ENSP00000078445,9606.ENSP00000309591,0.689
CREB3L3,PRKACB,9606.ENSP00000078445,9606.ENSP00000359719,0.732
CREB3L3,MAPK1,9606.ENSP00000078445,9606.ENSP00000215832,0.907
CREB3L3,MAPK3,9606.ENSP00000078445,9606.ENSP00000263025,0.915
CREB3L3,CREB5,9606.ENSP00000078445,9606.ENSP00000350359,0.918
CREB3L3,CREB3L4,9606.ENSP00000078445,9606.ENSP00000271889,0.93
CREB3L4,MAPK1,9606.ENSP00000271889,9606.ENSP00000215832,0.909
CREB3L4,MAPK3,9606.ENSP00000271889,9606.ENSP00000263025,0.906
CREB3L4,PRKACG,9606.ENSP00000271889,9606.ENSP00000366488,0.683
CREB3L4,PRKACA,9606.ENSP00000271889,9606.ENSP00000309591,0.685
CREB3L4,PRKACB,9606.ENSP00000271889,9606.ENSP00000359719,0.695
CREB3L4,CREB5,9606.ENSP00000271889,9606.ENSP00000350359,0.941
CREB5,MAPK1,9606.ENSP00000350359,9606.ENSP00000215832,0.946
CREB5,MAPK3,9606.ENSP00000350359,9606.ENSP00000263025,0.939
CREB5,FOS,9606.ENSP00000350359,9606.ENSP00000306245,0.886
CREB5,PRKACA,9606.ENSP00000350359,9606.ENSP00000309591,0.718
CREB5,PRKACG,9606.ENSP00000350359,9606.ENSP00000366488,0.715
CREB5,PRKACB,9606.ENSP00000350359,9606.ENSP00000359719,0.725
CREB5,JUN,9606.ENSP00000350359,9606.ENSP00000360266,0.971
CTSD,HSP90AA1,9606.ENSP00000236671,9606.ENSP00000335153,0.419
CTSD,EGFR,9606.ENSP00000236671,9606.ENSP00000275493,0.468
CTSD,HSP90B1,9606.ENSP00000236671,9606.ENSP00000299767,0.47
CTSD,HSPA8,9606.ENSP00000236671,9606.ENSP00000437125,0.493
CTSD,NCOA2,9606.ENSP00000236671,9606.ENSP00000399968,0.535
CTSD,NCOA1,9606.ENSP00000236671,9606.ENSP00000385216,0.538
CTSD,SP1,9606.ENSP00000236671,9606.ENSP00000329357,0.551
CTSD,NCOA3,9606.ENSP00000236671,9606.ENSP00000361066,0.589
CTSD,HSP90AB1,9606.ENSP00000236671,9606.ENSP00000360609,0.618
CTSD,ESR1,9606.ENSP00000236671,9606.ENSP00000405330,0.793
EBAG9,ESR1,9606.ENSP00000337675,9606.ENSP00000405330,0.969
EGFR,KRT14,9606.ENSP00000275493,9606.ENSP00000167586,0.696
EGFR,KRT20,9606.ENSP00000275493,9606.ENSP00000167588,0.59
EGFR,MAPK1,9606.ENSP00000275493,9606.ENSP00000215832,0.612
EGFR,SOS2,9606.ENSP00000275493,9606.ENSP00000216373,0.998
EGFR,PIK3R2,9606.ENSP00000275493,9606.ENSP00000222254,0.993
EGFR,HBEGF,9606.ENSP00000275493,9606.ENSP00000230990,0.999
EGFR,RARA,9606.ENSP00000275493,9606.ENSP00000254066,0.441
EGFR,KRAS,9606.ENSP00000275493,9606.ENSP00000256078,0.997
EGFR,PLCB2,9606.ENSP00000275493,9606.ENSP00000260402,0.691
EGFR,PIK3R3,9606.ENSP00000275493,9606.ENSP00000262741,0.99
EGFR,MAP2K2,9606.ENSP00000275493,9606.ENSP00000262948,0.591
EGFR,MAPK3,9606.ENSP00000275493,9606.ENSP00000263025,0.528
EGFR,PIK3CA,9606.ENSP00000275493,9606.ENSP00000263967,0.999
EGFR,SHC2,9606.ENSP00000275493,9606.ENSP00000264554,0.987
EGFR,FKBP5,9606.ENSP00000275493,9606.ENSP00000444810,0.407
EGFR,SP1,9606.ENSP00000275493,9606.ENSP00000329357,0.455
EGFR,OPRM1,9606.ENSP00000275493,9606.ENSP00000394624,0.494
EGFR,GNAI3,9606.ENSP00000275493,9606.ENSP00000358867,0.556
EGFR,MAP2K1,9606.ENSP00000275493,9606.ENSP00000302486,0.579
EGFR,KRT19,9606.ENSP00000275493,9606.ENSP00000355124,0.622
EGFR,PRKACA,9606.ENSP00000275493,9606.ENSP00000309591,0.707
EGFR,PLCB3,9606.ENSP00000275493,9606.ENSP00000443631,0.711
EGFR,PLCB4,9606.ENSP00000275493,9606.ENSP00000367762,0.714
EGFR,GNAS,9606.ENSP00000275493,9606.ENSP00000360141,0.718
EGFR,PLCB1,9606.ENSP00000275493,9606.ENSP00000338185,0.72
EGFR,ESR2,9606.ENSP00000275493,9606.ENSP00000343925,0.755
EGFR,HSP90B1,9606.ENSP00000275493,9606.ENSP00000299767,0.766
EGFR,KRT17,9606.ENSP00000275493,9606.ENSP00000308452,0.772
EGFR,PGR,9606.ENSP00000275493,9606.ENSP00000325120,0.83
EGFR,KRT18,9606.ENSP00000275493,9606.ENSP00000373489,0.84
EGFR,RAF1,9606.ENSP00000275493,9606.ENSP00000401888,0.848
EGFR,JUN,9606.ENSP00000275493,9606.ENSP00000360266,0.871
EGFR,HSPA1B,9606.ENSP00000275493,9606.ENSP00000364801,0.923
EGFR,HSPA8,9606.ENSP00000275493,9606.ENSP00000437125,0.932
EGFR,FOS,9606.ENSP00000275493,9606.ENSP00000306245,0.94
EGFR,PIK3CD,9606.ENSP00000275493,9606.ENSP00000366563,0.942
EGFR,ESR1,9606.ENSP00000275493,9606.ENSP00000405330,0.988
EGFR,SHC3,9606.ENSP00000275493,9606.ENSP00000364995,0.988
EGFR,SHC4,9606.ENSP00000275493,9606.ENSP00000329668,0.988
EGFR,NRAS,9606.ENSP00000275493,9606.ENSP00000358548,0.991
EGFR,PIK3CB,9606.ENSP00000275493,9606.ENSP00000501150,0.993
EGFR,HRAS,9606.ENSP00000275493,9606.ENSP00000407586,0.994
EGFR,PIK3R1,9606.ENSP00000275493,9606.ENSP00000428056,0.998
EGFR,HSP90AB1,9606.ENSP00000275493,9606.ENSP00000360609,0.998
EGFR,TGFA,9606.ENSP00000275493,9606.ENSP00000404131,0.999
EGFR,SHC1,9606.ENSP00000275493,9606.ENSP00000401303,0.999
EGFR,SOS1,9606.ENSP00000275493,9606.ENSP00000384675,0.999
EGFR,GRB2,9606.ENSP00000275493,9606.ENSP00000376345,0.999
EGFR,HSP90AA1,9606.ENSP00000275493,9606.ENSP00000335153,0.999
EGFR,SRC,9606.ENSP00000275493,9606.ENSP00000362680,0.999
ESR1,FKBP4,9606.ENSP00000405330,9606.ENSP00000001008,0.893
ESR1,KRT14,9606.ENSP00000405330,9606.ENSP00000167586,0.609
ESR1,KRT20,9606.ENSP00000405330,9606.ENSP00000167588,0.626
ESR1,MAPK1,9606.ENSP00000405330,9606.ENSP00000215832,0.987
ESR1,SOS2,9606.ENSP00000405330,9606.ENSP00000216373,0.432
ESR1,PIK3R2,9606.ENSP00000405330,9606.ENSP00000222254,0.637
ESR1,HBEGF,9606.ENSP00000405330,9606.ENSP00000230990,0.636
ESR1,RARA,9606.ENSP00000405330,9606.ENSP00000254066,0.699
ESR1,KRAS,9606.ENSP00000405330,9606.ENSP00000256078,0.764
ESR1,PIK3R3,9606.ENSP00000405330,9606.ENSP00000262741,0.513
ESR1,MAP2K2,9606.ENSP00000405330,9606.ENSP00000262948,0.53
ESR1,MAPK3,9606.ENSP00000405330,9606.ENSP00000263025,0.981
ESR1,PIK3CA,9606.ENSP00000405330,9606.ENSP00000263967,0.941
ESR1,TFF1,9606.ENSP00000405330,9606.ENSP00000291527,0.978
ESR1,NOS3,9606.ENSP00000405330,9606.ENSP00000297494,0.773
ESR1,HSP90B1,9606.ENSP00000405330,9606.ENSP00000299767,0.453
ESR1,MAP2K1,9606.ENSP00000405330,9606.ENSP00000302486,0.521
ESR1,FOS,9606.ENSP00000405330,9606.ENSP00000306245,0.999
ESR1,KRT17,9606.ENSP00000405330,9606.ENSP00000308452,0.457
ESR1,PRKACA,9606.ENSP00000405330,9606.ENSP00000309591,0.956
ESR1,GNAI2,9606.ENSP00000405330,9606.ENSP00000312999,0.672
ESR1,PGR,9606.ENSP00000405330,9606.ENSP00000325120,0.974
ESR1,SP1,9606.ENSP00000405330,9606.ENSP00000329357,0.999
ESR1,HSP90AA1,9606.ENSP00000405330,9606.ENSP00000335153,0.999
ESR1,ESR2,9606.ENSP00000405330,9606.ENSP00000343925,0.998
ESR1,KRT19,9606.ENSP00000405330,9606.ENSP00000355124,0.59
ESR1,NRAS,9606.ENSP00000405330,9606.ENSP00000358548,0.466
ESR1,GNAI3,9606.ENSP00000405330,9606.ENSP00000358867,0.639
ESR1,PRKACB,9606.ENSP00000405330,9606.ENSP00000359719,0.956
ESR1,JUN,9606.ENSP00000405330,9606.ENSP00000360266,0.999
ESR1,HSP90AB1,9606.ENSP00000405330,9606.ENSP00000360609,0.993
ESR1,NCOA3,9606.ENSP00000405330,9606.ENSP00000361066,0.999
ESR1,SRC,9606.ENSP00000405330,9606.ENSP00000362680,0.999
ESR1,HSPA1B,9606.ENSP00000405330,9606.ENSP00000364801,0.454
ESR1,PRKACG,9606.ENSP00000405330,9606.ENSP00000366488,0.956
ESR1,KRT18,9606.ENSP00000405330,9606.ENSP00000373489,0.614
ESR1,GRB2,9606.ENSP00000405330,9606.ENSP00000376345,0.819
ESR1,GPER1,9606.ENSP00000405330,9606.ENSP00000380281,0.953
ESR1,NCOA1,9606.ENSP00000405330,9606.ENSP00000385216,0.999
ESR1,NCOA2,9606.ENSP00000405330,9606.ENSP00000399968,0.999
ESR1,SHC1,9606.ENSP00000405330,9606.ENSP00000401303,0.99
ESR1,RAF1,9606.ENSP00000405330,9606.ENSP00000401888,0.642
ESR1,TGFA,9606.ENSP00000405330,9606.ENSP00000404131,0.691
ESR1,GNAI1,9606.ENSP00000405330,9606.ENSP00000497260,0.647
ESR1,HRAS,9606.ENSP00000405330,9606.ENSP00000407586,0.715
ESR1,FKBP5,9606.ENSP00000405330,9606.ENSP00000444810,0.883
ESR1,HSPA8,9606.ENSP00000405330,9606.ENSP00000437125,0.919
ESR1,PIK3R1,9606.ENSP00000405330,9606.ENSP00000428056,0.994
ESR2,FKBP4,9606.ENSP00000343925,9606.ENSP00000001008,0.596
ESR2,MAPK1,9606.ENSP00000343925,9606.ENSP00000215832,0.948
ESR2,PIK3R2,9606.ENSP00000343925,9606.ENSP00000222254,0.435
ESR2,PIK3R3,9606.ENSP00000343925,9606.ENSP00000262741,0.436
ESR2,MAPK3,9606.ENSP00000343925,9606.ENSP00000263025,0.955
ESR2,PIK3CA,9606.ENSP00000343925,9606.ENSP00000263967,0.575
ESR2,TFF1,9606.ENSP00000343925,9606.ENSP00000291527,0.429
ESR2,NOS3,9606.ENSP00000343925,9606.ENSP00000297494,0.689
ESR2,FOS,9606.ENSP00000343925,9606.ENSP00000306245,0.961
ESR2,PRKACA,9606.ENSP00000343925,9606.ENSP00000309591,0.943
ESR2,GNAI2,9606.ENSP00000343925,9606.ENSP00000312999,0.542
ESR2,PGR,9606.ENSP00000343925,9606.ENSP00000325120,0.471
ESR2,SP1,9606.ENSP00000343925,9606.ENSP00000329357,0.988
ESR2,HSP90AA1,9606.ENSP00000343925,9606.ENSP00000335153,0.884
ESR2,GNAI1,9606.ENSP00000343925,9606.ENSP00000497260,0.526
ESR2,GNAI3,9606.ENSP00000343925,9606.ENSP00000358867,0.526
ESR2,PIK3R1,9606.ENSP00000343925,9606.ENSP00000428056,0.53
ESR2,KRT18,9606.ENSP00000343925,9606.ENSP00000373489,0.532
ESR2,FKBP5,9606.ENSP00000343925,9606.ENSP00000444810,0.62
ESR2,HSP90AB1,9606.ENSP00000343925,9606.ENSP00000360609,0.832
ESR2,PRKACG,9606.ENSP00000343925,9606.ENSP00000366488,0.943
ESR2,PRKACB,9606.ENSP00000343925,9606.ENSP00000359719,0.943
ESR2,JUN,9606.ENSP00000343925,9606.ENSP00000360266,0.967
ESR2,NCOA2,9606.ENSP00000343925,9606.ENSP00000399968,0.993
ESR2,SRC,9606.ENSP00000343925,9606.ENSP00000362680,0.995
ESR2,NCOA3,9606.ENSP00000343925,9606.ENSP00000361066,0.997
ESR2,NCOA1,9606.ENSP00000343925,9606.ENSP00000385216,0.999
FKBP4,MAPK1,9606.ENSP00000001008,9606.ENSP00000215832,0.457
FKBP4,HSP90B1,9606.ENSP00000001008,9606.ENSP00000299767,0.463
FKBP4,MAPK3,9606.ENSP00000001008,9606.ENSP00000263025,0.488
FKBP4,SRC,9606.ENSP00000001008,9606.ENSP00000362680,0.543
FKBP4,HSPA1L,9606.ENSP00000001008,9606.ENSP00000364805,0.606
FKBP4,HSPA2,9606.ENSP00000001008,9606.ENSP00000378199,0.748
FKBP4,HSPA1B,9606.ENSP00000001008,9606.ENSP00000364801,0.806
FKBP4,HSPA8,9606.ENSP00000001008,9606.ENSP00000437125,0.942
FKBP4,FKBP5,9606.ENSP00000001008,9606.ENSP00000444810,0.972
FKBP4,PGR,9606.ENSP00000001008,9606.ENSP00000325120,0.977
FKBP4,HSP90AB1,9606.ENSP00000001008,9606.ENSP00000360609,0.999
FKBP4,HSP90AA1,9606.ENSP00000001008,9606.ENSP00000335153,0.999
FKBP5,MAPK1,9606.ENSP00000444810,9606.ENSP00000215832,0.489
FKBP5,MAPK3,9606.ENSP00000444810,9606.ENSP00000263025,0.579
FKBP5,FOS,9606.ENSP00000444810,9606.ENSP00000306245,0.62
FKBP5,PRKACA,9606.ENSP00000444810,9606.ENSP00000309591,0.417
FKBP5,PGR,9606.ENSP00000444810,9606.ENSP00000325120,0.977
FKBP5,HSP90AA1,9606.ENSP00000444810,9606.ENSP00000335153,0.999
FKBP5,HSP90AB1,9606.ENSP00000444810,9606.ENSP00000360609,0.999
FKBP5,SRC,9606.ENSP00000444810,9606.ENSP00000362680,0.542
FKBP5,HSPA1B,9606.ENSP00000444810,9606.ENSP00000364801,0.69
FKBP5,HSPA1L,9606.ENSP00000444810,9606.ENSP00000364805,0.701
FKBP5,HSPA2,9606.ENSP00000444810,9606.ENSP00000378199,0.608
FKBP5,HSPA8,9606.ENSP00000444810,9606.ENSP00000437125,0.871
FOS,MAPK1,9606.ENSP00000306245,9606.ENSP00000215832,0.992
FOS,HBEGF,9606.ENSP00000306245,9606.ENSP00000230990,0.695
FOS,RARA,9606.ENSP00000306245,9606.ENSP00000254066,0.868
FOS,KRAS,9606.ENSP00000306245,9606.ENSP00000256078,0.55
FOS,MAPK3,9606.ENSP00000306245,9606.ENSP00000263025,0.994
FOS,PIK3CA,9606.ENSP00000306245,9606.ENSP00000263967,0.625
FOS,TFF1,9606.ENSP00000306245,9606.ENSP00000291527,0.413
FOS,NOS3,9606.ENSP00000306245,9606.ENSP00000297494,0.432
FOS,HSP90B1,9606.ENSP00000306245,9606.ENSP00000299767,0.405
FOS,MAP2K1,9606.ENSP00000306245,9606.ENSP00000302486,0.652
FOS,HSP90AB1,9606.ENSP00000306245,9606.ENSP00000360609,0.446
FOS,NRAS,9606.ENSP00000306245,9606.ENSP00000358548,0.481
FOS,NCOA2,9606.ENSP00000306245,9606.ENSP00000399968,0.517
FOS,RAF1,9606.ENSP00000306245,9606.ENSP00000401888,0.517
FOS,KRT19,9606.ENSP00000306245,9606.ENSP00000355124,0.525
FOS,HSPA1B,9606.ENSP00000306245,9606.ENSP00000364801,0.532
FOS,HSPA8,9606.ENSP00000306245,9606.ENSP00000437125,0.584
FOS,HSP90AA1,9606.ENSP00000306245,9606.ENSP00000335153,0.604
FOS,PIK3R1,9606.ENSP00000306245,9606.ENSP00000428056,0.644
FOS,PGR,9606.ENSP00000306245,9606.ENSP00000325120,0.659
FOS,TGFA,9606.ENSP00000306245,9606.ENSP00000404131,0.67
FOS,HRAS,9606.ENSP00000306245,9606.ENSP00000407586,0.763
FOS,SP1,9606.ENSP00000306245,9606.ENSP00000329357,0.944
FOS,NCOA1,9606.ENSP00000306245,9606.ENSP00000385216,0.949
FOS,PRKACA,9606.ENSP00000306245,9606.ENSP00000309591,0.959
FOS,PRKACG,9606.ENSP00000306245,9606.ENSP00000366488,0.959
FOS,PRKACB,9606.ENSP00000306245,9606.ENSP00000359719,0.959
FOS,NCOA3,9606.ENSP00000306245,9606.ENSP00000361066,0.97
FOS,SRC,9606.ENSP00000306245,9606.ENSP00000362680,0.986
FOS,JUN,9606.ENSP00000306245,9606.ENSP00000360266,0.999
GABBR1,GABBR2,9606.ENSP00000366233,9606.ENSP00000259455,0.999
GABBR1,GRM1,9606.ENSP00000366233,9606.ENSP00000282753,0.905
GABBR1,KCNJ3,9606.ENSP00000366233,9606.ENSP00000295101,0.953
GABBR1,GNAI2,9606.ENSP00000366233,9606.ENSP00000312999,0.904
GABBR1,KCNJ9,9606.ENSP00000366233,9606.ENSP00000357067,0.94
GABBR1,GNAI3,9606.ENSP00000366233,9606.ENSP00000358867,0.909
GABBR1,SRC,9606.ENSP00000366233,9606.ENSP00000362680,0.581
GABBR1,PIK3R1,9606.ENSP00000366233,9606.ENSP00000428056,0.441
GABBR1,KCNJ5,9606.ENSP00000366233,9606.ENSP00000433295,0.91
GABBR1,KCNJ6,9606.ENSP00000366233,9606.ENSP00000477437,0.96
GABBR1,GNAI1,9606.ENSP00000366233,9606.ENSP00000497260,0.98
GABBR2,SRC,9606.ENSP00000259455,9606.ENSP00000362680,0.54
GABBR2,GRM1,9606.ENSP00000259455,9606.ENSP00000282753,0.827
GABBR2,KCNJ5,9606.ENSP00000259455,9606.ENSP00000433295,0.911
GABBR2,GNAI2,9606.ENSP00000259455,9606.ENSP00000312999,0.929
GABBR2,GNAI3,9606.ENSP00000259455,9606.ENSP00000358867,0.936
GABBR2,KCNJ9,9606.ENSP00000259455,9606.ENSP00000357067,0.946
GABBR2,KCNJ3,9606.ENSP00000259455,9606.ENSP00000295101,0.959
GABBR2,KCNJ6,9606.ENSP00000259455,9606.ENSP00000477437,0.962
GABBR2,GNAI1,9606.ENSP00000259455,9606.ENSP00000497260,0.992
GNAI1,MAPK1,9606.ENSP00000497260,9606.ENSP00000215832,0.931
GNAI1,PIK3R2,9606.ENSP00000497260,9606.ENSP00000222254,0.902
GNAI1,KRAS,9606.ENSP00000497260,9606.ENSP00000256078,0.926
GNAI1,PLCB2,9606.ENSP00000497260,9606.ENSP00000260402,0.926
GNAI1,PIK3R3,9606.ENSP00000497260,9606.ENSP00000262741,0.915
GNAI1,MAPK3,9606.ENSP00000497260,9606.ENSP00000263025,0.953
GNAI1,PIK3CA,9606.ENSP00000497260,9606.ENSP00000263967,0.914
GNAI1,GRM1,9606.ENSP00000497260,9606.ENSP00000282753,0.907
GNAI1,GNAQ,9606.ENSP00000497260,9606.ENSP00000286548,0.744
GNAI1,KCNJ3,9606.ENSP00000497260,9606.ENSP00000295101,0.902
GNAI1,NOS3,9606.ENSP00000497260,9606.ENSP00000297494,0.906
GNAI1,PRKACA,9606.ENSP00000497260,9606.ENSP00000309591,0.739
GNAI1,GNAI2,9606.ENSP00000497260,9606.ENSP00000312999,0.975
GNAI1,PLCB1,9606.ENSP00000497260,9606.ENSP00000338185,0.928
GNAI1,KCNJ9,9606.ENSP00000497260,9606.ENSP00000357067,0.918
GNAI1,NRAS,9606.ENSP00000497260,9606.ENSP00000358548,0.918
GNAI1,GNAI3,9606.ENSP00000497260,9606.ENSP00000358867,0.984
GNAI1,PRKACB,9606.ENSP00000497260,9606.ENSP00000359719,0.757
GNAI1,GNAS,9606.ENSP00000497260,9606.ENSP00000360141,0.728
GNAI1,SRC,9606.ENSP00000497260,9606.ENSP00000362680,0.916
GNAI1,PRKACG,9606.ENSP00000497260,9606.ENSP00000366488,0.743
GNAI1,PIK3CD,9606.ENSP00000497260,9606.ENSP00000366563,0.903
GNAI1,PLCB4,9606.ENSP00000497260,9606.ENSP00000367762,0.936
GNAI1,POMC,9606.ENSP00000497260,9606.ENSP00000384092,0.816
GNAI1,SOS1,9606.ENSP00000497260,9606.ENSP00000384675,0.579
GNAI1,OPRM1,9606.ENSP00000497260,9606.ENSP00000394624,0.992
GNAI1,HRAS,9606.ENSP00000497260,9606.ENSP00000407586,0.923
GNAI1,PIK3R1,9606.ENSP00000497260,9606.ENSP00000428056,0.912
GNAI1,KCNJ5,9606.ENSP00000497260,9606.ENSP00000433295,0.904
GNAI1,PLCB3,9606.ENSP00000497260,9606.ENSP00000443631,0.93
GNAI1,KCNJ6,9606.ENSP00000497260,9606.ENSP00000477437,0.903
GNAI1,PIK3CB,9606.ENSP00000497260,9606.ENSP00000501150,0.942
GNAI2,MAPK1,9606.ENSP00000312999,9606.ENSP00000215832,0.934
GNAI2,PIK3R2,9606.ENSP00000312999,9606.ENSP00000222254,0.902
GNAI2,KRAS,9606.ENSP00000312999,9606.ENSP00000256078,0.938
GNAI2,PLCB2,9606.ENSP00000312999,9606.ENSP00000260402,0.934
GNAI2,PIK3R3,9606.ENSP00000312999,9606.ENSP00000262741,0.902
GNAI2,MAPK3,9606.ENSP00000312999,9606.ENSP00000263025,0.937
GNAI2,PIK3CA,9606.ENSP00000312999,9606.ENSP00000263967,0.915
GNAI2,GRM1,9606.ENSP00000312999,9606.ENSP00000282753,0.912
GNAI2,GNAQ,9606.ENSP00000312999,9606.ENSP00000286548,0.745
GNAI2,KCNJ3,9606.ENSP00000312999,9606.ENSP00000295101,0.903
GNAI2,NOS3,9606.ENSP00000312999,9606.ENSP00000297494,0.906
GNAI2,PRKACA,9606.ENSP00000312999,9606.ENSP00000309591,0.744
GNAI2,HSP90AB1,9606.ENSP00000312999,9606.ENSP00000360609,0.575
GNAI2,SOS1,9606.ENSP00000312999,9606.ENSP00000384675,0.588
GNAI2,GNAS,9606.ENSP00000312999,9606.ENSP00000360141,0.626
GNAI2,PRKACG,9606.ENSP00000312999,9606.ENSP00000366488,0.729
GNAI2,PRKACB,9606.ENSP00000312999,9606.ENSP00000359719,0.738
GNAI2,KCNJ6,9606.ENSP00000312999,9606.ENSP00000477437,0.903
GNAI2,KCNJ5,9606.ENSP00000312999,9606.ENSP00000433295,0.907
GNAI2,PIK3CD,9606.ENSP00000312999,9606.ENSP00000366563,0.91
GNAI2,PIK3CB,9606.ENSP00000312999,9606.ENSP00000501150,0.911
GNAI2,PIK3R1,9606.ENSP00000312999,9606.ENSP00000428056,0.915
GNAI2,OPRM1,9606.ENSP00000312999,9606.ENSP00000394624,0.917
GNAI2,KCNJ9,9606.ENSP00000312999,9606.ENSP00000357067,0.92
GNAI2,SRC,9606.ENSP00000312999,9606.ENSP00000362680,0.92
GNAI2,HRAS,9606.ENSP00000312999,9606.ENSP00000407586,0.922
GNAI2,PLCB4,9606.ENSP00000312999,9606.ENSP00000367762,0.924
GNAI2,PLCB3,9606.ENSP00000312999,9606.ENSP00000443631,0.926
GNAI2,PLCB1,9606.ENSP00000312999,9606.ENSP00000338185,0.926
GNAI2,NRAS,9606.ENSP00000312999,9606.ENSP00000358548,0.927
GNAI2,GNAI3,9606.ENSP00000312999,9606.ENSP00000358867,0.992
GNAI3,MAPK1,9606.ENSP00000358867,9606.ENSP00000215832,0.934
GNAI3,PIK3R2,9606.ENSP00000358867,9606.ENSP00000222254,0.9
GNAI3,KRAS,9606.ENSP00000358867,9606.ENSP00000256078,0.936
GNAI3,PLCB2,9606.ENSP00000358867,9606.ENSP00000260402,0.925
GNAI3,PIK3R3,9606.ENSP00000358867,9606.ENSP00000262741,0.915
GNAI3,MAPK3,9606.ENSP00000358867,9606.ENSP00000263025,0.929
GNAI3,PIK3CA,9606.ENSP00000358867,9606.ENSP00000263967,0.923
GNAI3,GRM1,9606.ENSP00000358867,9606.ENSP00000282753,0.903
GNAI3,GNAQ,9606.ENSP00000358867,9606.ENSP00000286548,0.745
GNAI3,KCNJ3,9606.ENSP00000358867,9606.ENSP00000295101,0.912
GNAI3,NOS3,9606.ENSP00000358867,9606.ENSP00000297494,0.906
GNAI3,PRKACA,9606.ENSP00000358867,9606.ENSP00000309591,0.721
GNAI3,PLCB1,9606.ENSP00000358867,9606.ENSP00000338185,0.929
GNAI3,KCNJ9,9606.ENSP00000358867,9606.ENSP00000357067,0.919
GNAI3,NRAS,9606.ENSP00000358867,9606.ENSP00000358548,0.927
GNAI3,HSP90AB1,9606.ENSP00000358867,9606.ENSP00000360609,0.498
GNAI3,SOS1,9606.ENSP00000358867,9606.ENSP00000384675,0.609
GNAI3,GNAS,9606.ENSP00000358867,9606.ENSP00000360141,0.623
GNAI3,PRKACG,9606.ENSP00000358867,9606.ENSP00000366488,0.718
GNAI3,PRKACB,9606.ENSP00000358867,9606.ENSP00000359719,0.733
GNAI3,KCNJ5,9606.ENSP00000358867,9606.ENSP00000433295,0.902
GNAI3,PIK3CD,9606.ENSP00000358867,9606.ENSP00000366563,0.903
GNAI3,KCNJ6,9606.ENSP00000358867,9606.ENSP00000477437,0.903
GNAI3,PIK3R1,9606.ENSP00000358867,9606.ENSP00000428056,0.91
GNAI3,SRC,9606.ENSP00000358867,9606.ENSP00000362680,0.911
GNAI3,OPRM1,9606.ENSP00000358867,9606.ENSP00000394624,0.911
GNAI3,PIK3CB,9606.ENSP00000358867,9606.ENSP00000501150,0.915
GNAI3,HRAS,9606.ENSP00000358867,9606.ENSP00000407586,0.924
GNAI3,PLCB3,9606.ENSP00000358867,9606.ENSP00000443631,0.935
GNAI3,PLCB4,9606.ENSP00000358867,9606.ENSP00000367762,0.953
GNAQ,PIK3R2,9606.ENSP00000286548,9606.ENSP00000222254,0.588
GNAQ,RARA,9606.ENSP00000286548,9606.ENSP00000254066,0.777
GNAQ,KRAS,9606.ENSP00000286548,9606.ENSP00000256078,0.96
GNAQ,PLCB2,9606.ENSP00000286548,9606.ENSP00000260402,0.994
GNAQ,PIK3R3,9606.ENSP00000286548,9606.ENSP00000262741,0.571
GNAQ,PIK3CA,9606.ENSP00000286548,9606.ENSP00000263967,0.901
GNAQ,GRM1,9606.ENSP00000286548,9606.ENSP00000282753,0.998
GNAQ,SOS1,9606.ENSP00000286548,9606.ENSP00000384675,0.625
GNAQ,POMC,9606.ENSP00000286548,9606.ENSP00000384092,0.674
GNAQ,GNAS,9606.ENSP00000286548,9606.ENSP00000360141,0.717
GNAQ,ITPR2,9606.ENSP00000286548,9606.ENSP00000370744,0.796
GNAQ,OPRM1,9606.ENSP00000286548,9606.ENSP00000394624,0.823
GNAQ,PIK3R1,9606.ENSP00000286548,9606.ENSP00000428056,0.854
GNAQ,SRC,9606.ENSP00000286548,9606.ENSP00000362680,0.86
GNAQ,ITPR1,9606.ENSP00000286548,9606.ENSP00000306253,0.88
GNAQ,ITPR3,9606.ENSP00000286548,9606.ENSP00000363435,0.896
GNAQ,HRAS,9606.ENSP00000286548,9606.ENSP00000407586,0.967
GNAQ,PLCB4,9606.ENSP00000286548,9606.ENSP00000367762,0.973
GNAQ,NRAS,9606.ENSP00000286548,9606.ENSP00000358548,0.974
GNAQ,PLCB1,9606.ENSP00000286548,9606.ENSP00000338185,0.999
GNAQ,PLCB3,9606.ENSP00000286548,9606.ENSP00000443631,0.999
GNAS,KRAS,9606.ENSP00000360141,9606.ENSP00000256078,0.792
GNAS,GRM1,9606.ENSP00000360141,9606.ENSP00000282753,0.905
GNAS,PRKACA,9606.ENSP00000360141,9606.ENSP00000309591,0.827
GNAS,NRAS,9606.ENSP00000360141,9606.ENSP00000358548,0.707
GNAS,PRKACB,9606.ENSP00000360141,9606.ENSP00000359719,0.824
GNAS,SHC1,9606.ENSP00000360141,9606.ENSP00000401303,0.505
GNAS,SOS1,9606.ENSP00000360141,9606.ENSP00000384675,0.621
GNAS,HRAS,9606.ENSP00000360141,9606.ENSP00000407586,0.812
GNAS,PRKACG,9606.ENSP00000360141,9606.ENSP00000366488,0.814
GNAS,POMC,9606.ENSP00000360141,9606.ENSP00000384092,0.89
GNAS,GPER1,9606.ENSP00000360141,9606.ENSP00000380281,0.919
GNAS,OPRM1,9606.ENSP00000360141,9606.ENSP00000394624,0.92
GNAS,SRC,9606.ENSP00000360141,9606.ENSP00000362680,0.942
GPER1,SRC,9606.ENSP00000380281,9606.ENSP00000362680,0.948
GPER1,SHC1,9606.ENSP00000380281,9606.ENSP00000401303,0.635
GPER1,POMC,9606.ENSP00000380281,9606.ENSP00000384092,0.698
GPER1,OPRM1,9606.ENSP00000380281,9606.ENSP00000394624,0.732
GRB2,MAPK1,9606.ENSP00000376345,9606.ENSP00000215832,0.92
GRB2,SOS2,9606.ENSP00000376345,9606.ENSP00000216373,0.999
GRB2,PIK3R2,9606.ENSP00000376345,9606.ENSP00000222254,0.789
GRB2,HBEGF,9606.ENSP00000376345,9606.ENSP00000230990,0.592
GRB2,KRAS,9606.ENSP00000376345,9606.ENSP00000256078,0.931
GRB2,PIK3R3,9606.ENSP00000376345,9606.ENSP00000262741,0.655
GRB2,MAPK3,9606.ENSP00000376345,9606.ENSP00000263025,0.868
GRB2,PIK3CA,9606.ENSP00000376345,9606.ENSP00000263967,0.924
GRB2,SHC2,9606.ENSP00000376345,9606.ENSP00000264554,0.957
GRB2,ITPR1,9606.ENSP00000376345,9606.ENSP00000306253,0.61
GRB2,SHC4,9606.ENSP00000376345,9606.ENSP00000329668,0.968
GRB2,PRKCD,9606.ENSP00000376345,9606.ENSP00000331602,0.605
GRB2,HSP90AA1,9606.ENSP00000376345,9606.ENSP00000335153,0.835
GRB2,NRAS,9606.ENSP00000376345,9606.ENSP00000358548,0.815
GRB2,HSP90AB1,9606.ENSP00000376345,9606.ENSP00000360609,0.658
GRB2,SRC,9606.ENSP00000376345,9606.ENSP00000362680,0.999
GRB2,ITPR3,9606.ENSP00000376345,9606.ENSP00000363435,0.74
GRB2,HSPA1B,9606.ENSP00000376345,9606.ENSP00000364801,0.412
GRB2,SHC3,9606.ENSP00000376345,9606.ENSP00000364995,0.987
GRB2,PIK3CD,9606.ENSP00000376345,9606.ENSP00000366563,0.612
GRB2,ITPR2,9606.ENSP00000376345,9606.ENSP00000370744,0.521
GRB2,KRT18,9606.ENSP00000376345,9606.ENSP00000373489,0.479
GRB2,HSPA8,9606.ENSP00000376345,9606.ENSP00000437125,0.693
GRB2,TGFA,9606.ENSP00000376345,9606.ENSP00000404131,0.768
GRB2,PIK3CB,9606.ENSP00000376345,9606.ENSP00000501150,0.775
GRB2,RAF1,9606.ENSP00000376345,9606.ENSP00000401888,0.797
GRB2,HRAS,9606.ENSP00000376345,9606.ENSP00000407586,0.938
GRB2,PIK3R1,9606.ENSP00000376345,9606.ENSP00000428056,0.998
GRB2,SOS1,9606.ENSP00000376345,9606.ENSP00000384675,0.999
GRB2,SHC1,9606.ENSP00000376345,9606.ENSP00000401303,0.999
GRM1,PLCB2,9606.ENSP00000282753,9606.ENSP00000260402,0.619
GRM1,PLCB3,9606.ENSP00000282753,9606.ENSP00000443631,0.624
GRM1,SRC,9606.ENSP00000282753,9606.ENSP00000362680,0.655
GRM1,ITPR3,9606.ENSP00000282753,9606.ENSP00000363435,0.678
GRM1,PLCB1,9606.ENSP00000282753,9606.ENSP00000338185,0.729
GRM1,ITPR1,9606.ENSP00000282753,9606.ENSP00000306253,0.868
HBEGF,MMP2,9606.ENSP00000230990,9606.ENSP00000219070,0.939
HBEGF,PIK3R1,9606.ENSP00000230990,9606.ENSP00000428056,0.452
HBEGF,SOS1,9606.ENSP00000230990,9606.ENSP00000384675,0.498
HBEGF,PIK3CA,9606.ENSP00000230990,9606.ENSP00000263967,0.513
HBEGF,NRAS,9606.ENSP00000230990,9606.ENSP00000358548,0.58
HBEGF,HSP90AA1,9606.ENSP00000230990,9606.ENSP00000335153,0.582
HBEGF,HRAS,9606.ENSP00000230990,9606.ENSP00000407586,0.596
HBEGF,SHC1,9606.ENSP00000230990,9606.ENSP00000401303,0.606
HBEGF,KRAS,9606.ENSP00000230990,9606.ENSP00000256078,0.678
HBEGF,SRC,9606.ENSP00000230990,9606.ENSP00000362680,0.809
HBEGF,TGFA,9606.ENSP00000230990,9606.ENSP00000404131,0.917
HBEGF,MMP9,9606.ENSP00000230990,9606.ENSP00000361405,0.95
HRAS,MAPK1,9606.ENSP00000407586,9606.ENSP00000215832,0.979
HRAS,SOS2,9606.ENSP00000407586,9606.ENSP00000216373,0.981
HRAS,PIK3R2,9606.ENSP00000407586,9606.ENSP00000222254,0.93
HRAS,KRAS,9606.ENSP00000407586,9606.ENSP00000256078,0.992
HRAS,PIK3R3,9606.ENSP00000407586,9606.ENSP00000262741,0.922
HRAS,MAP2K2,9606.ENSP00000407586,9606.ENSP00000262948,0.968
HRAS,MAPK3,9606.ENSP00000407586,9606.ENSP00000263025,0.983
HRAS,PIK3CA,9606.ENSP00000407586,9606.ENSP00000263967,0.995
HRAS,SHC2,9606.ENSP00000407586,9606.ENSP00000264554,0.574
HRAS,MAP2K1,9606.ENSP00000407586,9606.ENSP00000302486,0.989
HRAS,PRKACA,9606.ENSP00000407586,9606.ENSP00000309591,0.433
HRAS,PRKCD,9606.ENSP00000407586,9606.ENSP00000331602,0.628
HRAS,HSP90AA1,9606.ENSP00000407586,9606.ENSP00000335153,0.819
HRAS,NRAS,9606.ENSP00000407586,9606.ENSP00000358548,0.932
HRAS,PRKACB,9606.ENSP00000407586,9606.ENSP00000359719,0.424
HRAS,JUN,9606.ENSP00000407586,9606.ENSP00000360266,0.778
HRAS,HSP90AB1,9606.ENSP00000407586,9606.ENSP00000360609,0.443
HRAS,SRC,9606.ENSP00000407586,9606.ENSP00000362680,0.994
HRAS,HSPA1B,9606.ENSP00000407586,9606.ENSP00000364801,0.462
HRAS,SHC3,9606.ENSP00000407586,9606.ENSP00000364995,0.545
HRAS,PRKACG,9606.ENSP00000407586,9606.ENSP00000366488,0.421
HRAS,PIK3CD,9606.ENSP00000407586,9606.ENSP00000366563,0.971
HRAS,SOS1,9606.ENSP00000407586,9606.ENSP00000384675,0.999
HRAS,SHC1,9606.ENSP00000407586,9606.ENSP00000401303,0.86
HRAS,RAF1,9606.ENSP00000407586,9606.ENSP00000401888,0.999
HRAS,TGFA,9606.ENSP00000407586,9606.ENSP00000404131,0.704
HRAS,PIK3CB,9606.ENSP00000407586,9606.ENSP00000501150,0.963
HRAS,PIK3R1,9606.ENSP00000407586,9606.ENSP00000428056,0.99
HSP90AA1,MAPK1,9606.ENSP00000335153,9606.ENSP00000215832,0.941
HSP90AA1,MMP2,9606.ENSP00000335153,9606.ENSP00000219070,0.831
HSP90AA1,PIK3R2,9606.ENSP00000335153,9606.ENSP00000222254,0.578
HSP90AA1,RARA,9606.ENSP00000335153,9606.ENSP00000254066,0.401
HSP90AA1,KRAS,9606.ENSP00000335153,9606.ENSP00000256078,0.818
HSP90AA1,MAP2K2,9606.ENSP00000335153,9606.ENSP00000262948,0.492
HSP90AA1,MAPK3,9606.ENSP00000335153,9606.ENSP00000263025,0.823
HSP90AA1,PIK3CA,9606.ENSP00000335153,9606.ENSP00000263967,0.837
HSP90AA1,NOS3,9606.ENSP00000335153,9606.ENSP00000297494,0.999
HSP90AA1,HSP90B1,9606.ENSP00000335153,9606.ENSP00000299767,0.95
HSP90AA1,MAP2K1,9606.ENSP00000335153,9606.ENSP00000302486,0.798
HSP90AA1,PRKACA,9606.ENSP00000335153,9606.ENSP00000309591,0.794
HSP90AA1,HSPA6,9606.ENSP00000335153,9606.ENSP00000310219,0.879
HSP90AA1,PGR,9606.ENSP00000335153,9606.ENSP00000325120,0.99
HSP90AA1,SP1,9606.ENSP00000335153,9606.ENSP00000329357,0.667
HSP90AA1,PRKCD,9606.ENSP00000335153,9606.ENSP00000331602,0.78
HSP90AA1,NCOA3,9606.ENSP00000335153,9606.ENSP00000361066,0.517
HSP90AA1,KRT19,9606.ENSP00000335153,9606.ENSP00000355124,0.522
HSP90AA1,PRKACG,9606.ENSP00000335153,9606.ENSP00000366488,0.551
HSP90AA1,NCOA2,9606.ENSP00000335153,9606.ENSP00000399968,0.607
HSP90AA1,SOS1,9606.ENSP00000335153,9606.ENSP00000384675,0.627
HSP90AA1,SHC1,9606.ENSP00000335153,9606.ENSP00000401303,0.68
HSP90AA1,PRKACB,9606.ENSP00000335153,9606.ENSP00000359719,0.724
HSP90AA1,PIK3R1,9606.ENSP00000335153,9606.ENSP00000428056,0.788
HSP90AA1,JUN,9606.ENSP00000335153,9606.ENSP00000360266,0.798
HSP90AA1,NRAS,9606.ENSP00000335153,9606.ENSP00000358548,0.817
HSP90AA1,HSPA2,9606.ENSP00000335153,9606.ENSP00000378199,0.896
HSP90AA1,RAF1,9606.ENSP00000335153,9606.ENSP00000401888,0.985
HSP90AA1,HSPA1L,9606.ENSP00000335153,9606.ENSP00000364805,0.996
HSP90AA1,HSP90AB1,9606.ENSP00000335153,9606.ENSP00000360609,0.997
HSP90AA1,HSPA1B,9606.ENSP00000335153,9606.ENSP00000364801,0.998
HSP90AA1,SRC,9606.ENSP00000335153,9606.ENSP00000362680,0.999
HSP90AA1,HSPA8,9606.ENSP00000335153,9606.ENSP00000437125,0.999
HSP90AB1,MAPK1,9606.ENSP00000360609,9606.ENSP00000215832,0.813
HSP90AB1,KRAS,9606.ENSP00000360609,9606.ENSP00000256078,0.635
HSP90AB1,MAP2K2,9606.ENSP00000360609,9606.ENSP00000262948,0.504
HSP90AB1,MAPK3,9606.ENSP00000360609,9606.ENSP00000263025,0.818
HSP90AB1,NOS3,9606.ENSP00000360609,9606.ENSP00000297494,0.998
HSP90AB1,HSP90B1,9606.ENSP00000360609,9606.ENSP00000299767,0.953
HSP90AB1,MAP2K1,9606.ENSP00000360609,9606.ENSP00000302486,0.761
HSP90AB1,PRKACA,9606.ENSP00000360609,9606.ENSP00000309591,0.669
HSP90AB1,HSPA6,9606.ENSP00000360609,9606.ENSP00000310219,0.889
HSP90AB1,PGR,9606.ENSP00000360609,9606.ENSP00000325120,0.978
HSP90AB1,PRKCD,9606.ENSP00000360609,9606.ENSP00000331602,0.588
HSP90AB1,KRT19,9606.ENSP00000360609,9606.ENSP00000355124,0.522
HSP90AB1,NRAS,9606.ENSP00000360609,9606.ENSP00000358548,0.608
HSP90AB1,PRKACB,9606.ENSP00000360609,9606.ENSP00000359719,0.698
HSP90AB1,JUN,9606.ENSP00000360609,9606.ENSP00000360266,0.752
HSP90AB1,PRKACG,9606.ENSP00000360609,9606.ENSP00000366488,0.545
HSP90AB1,KRT18,9606.ENSP00000360609,9606.ENSP00000373489,0.574
HSP90AB1,NCOA2,9606.ENSP00000360609,9606.ENSP00000399968,0.591
HSP90AB1,HSPA2,9606.ENSP00000360609,9606.ENSP00000378199,0.899
HSP90AB1,HSPA1L,9606.ENSP00000360609,9606.ENSP00000364805,0.924
HSP90AB1,HSPA1B,9606.ENSP00000360609,9606.ENSP00000364801,0.991
HSP90AB1,RAF1,9606.ENSP00000360609,9606.ENSP00000401888,0.993
HSP90AB1,SRC,9606.ENSP00000360609,9606.ENSP00000362680,0.995
HSP90AB1,HSPA8,9606.ENSP00000360609,9606.ENSP00000437125,0.999
HSP90B1,MAPK3,9606.ENSP00000299767,9606.ENSP00000263025,0.417
HSP90B1,NOS3,9606.ENSP00000299767,9606.ENSP00000297494,0.832
HSP90B1,SRC,9606.ENSP00000299767,9606.ENSP00000362680,0.41
HSP90B1,JUN,9606.ENSP00000299767,9606.ENSP00000360266,0.482
HSP90B1,HSPA2,9606.ENSP00000299767,9606.ENSP00000378199,0.649
HSP90B1,HSPA6,9606.ENSP00000299767,9606.ENSP00000310219,0.695
HSP90B1,HSPA1L,9606.ENSP00000299767,9606.ENSP00000364805,0.79
HSP90B1,HSPA1B,9606.ENSP00000299767,9606.ENSP00000364801,0.798
HSP90B1,HSPA8,9606.ENSP00000299767,9606.ENSP00000437125,0.884
HSPA1B,MAP2K2,9606.ENSP00000364801,9606.ENSP00000262948,0.521
HSPA1B,MAPK3,9606.ENSP00000364801,9606.ENSP00000263025,0.467
HSPA1B,MAP2K1,9606.ENSP00000364801,9606.ENSP00000302486,0.618
HSPA1B,HSPA6,9606.ENSP00000364801,9606.ENSP00000310219,0.959
HSPA1B,PGR,9606.ENSP00000364801,9606.ENSP00000325120,0.698
HSPA1B,JUN,9606.ENSP00000364801,9606.ENSP00000360266,0.588
HSPA1B,RAF1,9606.ENSP00000364801,9606.ENSP00000401888,0.407
HSPA1B,SHC1,9606.ENSP00000364801,9606.ENSP00000401303,0.407
HSPA1B,KRT18,9606.ENSP00000364801,9606.ENSP00000373489,0.508
HSPA1B,HSPA2,9606.ENSP00000364801,9606.ENSP00000378199,0.873
HSPA1B,HSPA1L,9606.ENSP00000364801,9606.ENSP00000364805,0.879
HSPA1B,HSPA8,9606.ENSP00000364801,9606.ENSP00000437125,0.947
HSPA1L,HSPA6,9606.ENSP00000364805,9606.ENSP00000310219,0.817
HSPA1L,PGR,9606.ENSP00000364805,9606.ENSP00000325120,0.556
HSPA1L,HSPA2,9606.ENSP00000364805,9606.ENSP00000378199,0.533
HSPA1L,HSPA8,9606.ENSP00000364805,9606.ENSP00000437125,0.753
HSPA2,HSPA6,9606.ENSP00000378199,9606.ENSP00000310219,0.599
HSPA2,PGR,9606.ENSP00000378199,9606.ENSP00000325120,0.552
HSPA2,HSPA8,9606.ENSP00000378199,9606.ENSP00000437125,0.884
HSPA6,MAPK3,9606.ENSP00000310219,9606.ENSP00000263025,0.404
HSPA6,HSPA8,9606.ENSP00000310219,9606.ENSP00000437125,0.831
HSPA8,MAPK1,9606.ENSP00000437125,9606.ENSP00000215832,0.506
HSPA8,KRT9,9606.ENSP00000437125,9606.ENSP00000246662,0.472
HSPA8,RARA,9606.ENSP00000437125,9606.ENSP00000254066,0.446
HSPA8,MAPK3,9606.ENSP00000437125,9606.ENSP00000263025,0.525
HSPA8,MAP2K1,9606.ENSP00000437125,9606.ENSP00000302486,0.685
HSPA8,PGR,9606.ENSP00000437125,9606.ENSP00000325120,0.631
HSPA8,SP1,9606.ENSP00000437125,9606.ENSP00000329357,0.428
HSPA8,JUN,9606.ENSP00000437125,9606.ENSP00000360266,0.503
HSPA8,SRC,9606.ENSP00000437125,9606.ENSP00000362680,0.451
HSPA8,KRT18,9606.ENSP00000437125,9606.ENSP00000373489,0.528
HSPA8,SHC1,9606.ENSP00000437125,9606.ENSP00000401303,0.559
HSPA8,RAF1,9606.ENSP00000437125,9606.ENSP00000401888,0.776
ITPR1,PLCB2,9606.ENSP00000306253,9606.ENSP00000260402,0.946
ITPR1,SRC,9606.ENSP00000306253,9606.ENSP00000362680,0.413
ITPR1,PRKCD,9606.ENSP00000306253,9606.ENSP00000331602,0.42
ITPR1,SOS1,9606.ENSP00000306253,9606.ENSP00000384675,0.593
ITPR1,ITPR2,9606.ENSP00000306253,9606.ENSP00000370744,0.943
ITPR1,PLCB4,9606.ENSP00000306253,9606.ENSP00000367762,0.947
ITPR1,PLCB1,9606.ENSP00000306253,9606.ENSP00000338185,0.95
ITPR1,ITPR3,9606.ENSP00000306253,9606.ENSP00000363435,0.965
ITPR1,PLCB3,9606.ENSP00000306253,9606.ENSP00000443631,0.968
ITPR1,PRKACG,9606.ENSP00000306253,9606.ENSP00000366488,0.971
ITPR1,PRKACB,9606.ENSP00000306253,9606.ENSP00000359719,0.972
ITPR1,PRKACA,9606.ENSP00000306253,9606.ENSP00000309591,0.974
ITPR2,PLCB2,9606.ENSP00000370744,9606.ENSP00000260402,0.935
ITPR2,PRKACA,9606.ENSP00000370744,9606.ENSP00000309591,0.937
ITPR2,PLCB1,9606.ENSP00000370744,9606.ENSP00000338185,0.938
ITPR2,PRKACB,9606.ENSP00000370744,9606.ENSP00000359719,0.93
ITPR2,ITPR3,9606.ENSP00000370744,9606.ENSP00000363435,0.953
ITPR2,PRKACG,9606.ENSP00000370744,9606.ENSP00000366488,0.927
ITPR2,PLCB4,9606.ENSP00000370744,9606.ENSP00000367762,0.937
ITPR2,SOS1,9606.ENSP00000370744,9606.ENSP00000384675,0.559
ITPR2,PLCB3,9606.ENSP00000370744,9606.ENSP00000443631,0.929
ITPR3,PLCB2,9606.ENSP00000363435,9606.ENSP00000260402,0.966
ITPR3,PRKACA,9606.ENSP00000363435,9606.ENSP00000309591,0.972
ITPR3,PLCB1,9606.ENSP00000363435,9606.ENSP00000338185,0.946
ITPR3,PRKACB,9606.ENSP00000363435,9606.ENSP00000359719,0.968
ITPR3,SRC,9606.ENSP00000363435,9606.ENSP00000362680,0.425
ITPR3,SOS1,9606.ENSP00000363435,9606.ENSP00000384675,0.586
ITPR3,PLCB4,9606.ENSP00000363435,9606.ENSP00000367762,0.939
ITPR3,PLCB3,9606.ENSP00000363435,9606.ENSP00000443631,0.967
ITPR3,PRKACG,9606.ENSP00000363435,9606.ENSP00000366488,0.968
JUN,MAPK1,9606.ENSP00000360266,9606.ENSP00000215832,0.998
JUN,RARA,9606.ENSP00000360266,9606.ENSP00000254066,0.759
JUN,KRAS,9606.ENSP00000360266,9606.ENSP00000256078,0.624
JUN,MAPK3,9606.ENSP00000360266,9606.ENSP00000263025,0.987
JUN,TFF1,9606.ENSP00000360266,9606.ENSP00000291527,0.558
JUN,PRKACA,9606.ENSP00000360266,9606.ENSP00000309591,0.963
JUN,PGR,9606.ENSP00000360266,9606.ENSP00000325120,0.664
JUN,SP1,9606.ENSP00000360266,9606.ENSP00000329357,0.996
JUN,NRAS,9606.ENSP00000360266,9606.ENSP00000358548,0.51
JUN,PRKACB,9606.ENSP00000360266,9606.ENSP00000359719,0.963
JUN,RAF1,9606.ENSP00000360266,9606.ENSP00000401888,0.602
JUN,PIK3R1,9606.ENSP00000360266,9606.ENSP00000428056,0.615
JUN,MMP9,9606.ENSP00000360266,9606.ENSP00000361405,0.866
JUN,NCOA3,9606.ENSP00000360266,9606.ENSP00000361066,0.938
JUN,PRKACG,9606.ENSP00000360266,9606.ENSP00000366488,0.963
JUN,NCOA1,9606.ENSP00000360266,9606.ENSP00000385216,0.965
JUN,SRC,9606.ENSP00000360266,9606.ENSP00000362680,0.974
KCNJ3,PRKACG,9606.ENSP00000295101,9606.ENSP00000366488,0.923
KCNJ3,PRKACA,9606.ENSP00000295101,9606.ENSP00000309591,0.924
KCNJ3,PRKACB,9606.ENSP00000295101,9606.ENSP00000359719,0.924
KCNJ3,KCNJ9,9606.ENSP00000295101,9606.ENSP00000357067,0.99
KCNJ3,KCNJ5,9606.ENSP00000295101,9606.ENSP00000433295,0.997
KCNJ3,KCNJ6,9606.ENSP00000295101,9606.ENSP00000477437,0.998
KCNJ5,PRKACA,9606.ENSP00000433295,9606.ENSP00000309591,0.932
KCNJ5,KCNJ9,9606.ENSP00000433295,9606.ENSP00000357067,0.917
KCNJ5,PRKACB,9606.ENSP00000433295,9606.ENSP00000359719,0.929
KCNJ5,PRKACG,9606.ENSP00000433295,9606.ENSP00000366488,0.925
KCNJ5,KCNJ6,9606.ENSP00000433295,9606.ENSP00000477437,0.924
KCNJ6,PRKACA,9606.ENSP00000477437,9606.ENSP00000309591,0.916
KCNJ6,KCNJ9,9606.ENSP00000477437,9606.ENSP00000357067,0.994
KCNJ6,PRKACB,9606.ENSP00000477437,9606.ENSP00000359719,0.917
KCNJ6,PRKACG,9606.ENSP00000477437,9606.ENSP00000366488,0.916
KCNJ9,PRKACA,9606.ENSP00000357067,9606.ENSP00000309591,0.909
KCNJ9,PRKACG,9606.ENSP00000357067,9606.ENSP00000366488,0.909
KCNJ9,PRKACB,9606.ENSP00000357067,9606.ENSP00000359719,0.913
KRAS,KRT20,9606.ENSP00000256078,9606.ENSP00000167588,0.607
KRAS,MAPK1,9606.ENSP00000256078,9606.ENSP00000215832,0.988
KRAS,SOS2,9606.ENSP00000256078,9606.ENSP00000216373,0.985
KRAS,PIK3R2,9606.ENSP00000256078,9606.ENSP00000222254,0.946
KRAS,RARA,9606.ENSP00000256078,9606.ENSP00000254066,0.419
KRAS,PRKACG,9606.ENSP00000256078,9606.ENSP00000366488,0.42
KRAS,PRKACA,9606.ENSP00000256078,9606.ENSP00000309591,0.435
KRAS,KRT17,9606.ENSP00000256078,9606.ENSP00000308452,0.445
KRAS,PRKACB,9606.ENSP00000256078,9606.ENSP00000359719,0.471
KRAS,SHC3,9606.ENSP00000256078,9606.ENSP00000364995,0.56
KRAS,SHC2,9606.ENSP00000256078,9606.ENSP00000264554,0.587
KRAS,KRT19,9606.ENSP00000256078,9606.ENSP00000355124,0.607
KRAS,PRKCD,9606.ENSP00000256078,9606.ENSP00000331602,0.663
KRAS,PGR,9606.ENSP00000256078,9606.ENSP00000325120,0.697
KRAS,SHC1,9606.ENSP00000256078,9606.ENSP00000401303,0.758
KRAS,TGFA,9606.ENSP00000256078,9606.ENSP00000404131,0.762
KRAS,NRAS,9606.ENSP00000256078,9606.ENSP00000358548,0.944
KRAS,PIK3R3,9606.ENSP00000256078,9606.ENSP00000262741,0.952
KRAS,PIK3R1,9606.ENSP00000256078,9606.ENSP00000428056,0.963
KRAS,MAP2K2,9606.ENSP00000256078,9606.ENSP00000262948,0.966
KRAS,PIK3CB,9606.ENSP00000256078,9606.ENSP00000501150,0.973
KRAS,PIK3CD,9606.ENSP00000256078,9606.ENSP00000366563,0.974
KRAS,MAPK3,9606.ENSP00000256078,9606.ENSP00000263025,0.982
KRAS,SRC,9606.ENSP00000256078,9606.ENSP00000362680,0.99
KRAS,MAP2K1,9606.ENSP00000256078,9606.ENSP00000302486,0.995
KRAS,PIK3CA,9606.ENSP00000256078,9606.ENSP00000263967,0.998
KRAS,SOS1,9606.ENSP00000256078,9606.ENSP00000384675,0.999
KRAS,RAF1,9606.ENSP00000256078,9606.ENSP00000401888,0.999
KRT10,KRT33A,9606.ENSP00000269576,9606.ENSP00000007735,0.439
KRT10,KRT14,9606.ENSP00000269576,9606.ENSP00000167586,0.493
KRT10,KRT20,9606.ENSP00000269576,9606.ENSP00000167588,0.425
KRT10,KRT23,9606.ENSP00000269576,9606.ENSP00000209718,0.444
KRT10,KRT37,9606.ENSP00000269576,9606.ENSP00000225550,0.415
KRT10,KRT32,9606.ENSP00000269576,9606.ENSP00000225899,0.444
KRT10,KRT13,9606.ENSP00000269576,9606.ENSP00000246635,0.43
KRT10,KRT38,9606.ENSP00000269576,9606.ENSP00000246646,0.406
KRT10,KRT9,9606.ENSP00000269576,9606.ENSP00000246662,0.575
KRT10,KRT12,9606.ENSP00000269576,9606.ENSP00000251643,0.433
KRT10,KRT31,9606.ENSP00000269576,9606.ENSP00000251645,0.424
KRT10,KRT33B,9606.ENSP00000269576,9606.ENSP00000251646,0.414
KRT10,KRT24,9606.ENSP00000269576,9606.ENSP00000264651,0.426
KRT10,KRT39,9606.ENSP00000269576,9606.ENSP00000347823,0.402
KRT10,KRT35,9606.ENSP00000269576,9606.ENSP00000377558,0.408
KRT10,KRT40,9606.ENSP00000269576,9606.ENSP00000366984,0.411
KRT10,KRT34,9606.ENSP00000269576,9606.ENSP00000377570,0.418
KRT10,KRT19,9606.ENSP00000269576,9606.ENSP00000355124,0.423
KRT10,KRT15,9606.ENSP00000269576,9606.ENSP00000377546,0.434
KRT10,KRT25,9606.ENSP00000269576,9606.ENSP00000310573,0.436
KRT10,KRT28,9606.ENSP00000269576,9606.ENSP00000305263,0.436
KRT10,KRT26,9606.ENSP00000269576,9606.ENSP00000334798,0.438
KRT10,KRT36,9606.ENSP00000269576,9606.ENSP00000329165,0.439
KRT10,KRT18,9606.ENSP00000269576,9606.ENSP00000373489,0.445
KRT10,KRT27,9606.ENSP00000269576,9606.ENSP00000301656,0.449
KRT10,KRT17,9606.ENSP00000269576,9606.ENSP00000308452,0.483
KRT10,KRT16,9606.ENSP00000269576,9606.ENSP00000301653,0.788
KRT12,KRT33A,9606.ENSP00000251643,9606.ENSP00000007735,0.444
KRT12,KRT14,9606.ENSP00000251643,9606.ENSP00000167586,0.42
KRT12,KRT20,9606.ENSP00000251643,9606.ENSP00000167588,0.573
KRT12,KRT23,9606.ENSP00000251643,9606.ENSP00000209718,0.423
KRT12,KRT37,9606.ENSP00000251643,9606.ENSP00000225550,0.409
KRT12,KRT32,9606.ENSP00000251643,9606.ENSP00000225899,0.408
KRT12,KRT13,9606.ENSP00000251643,9606.ENSP00000246635,0.422
KRT12,KRT38,9606.ENSP00000251643,9606.ENSP00000246646,0.409
KRT12,KRT9,9606.ENSP00000251643,9606.ENSP00000246662,0.453
KRT12,KRT26,9606.ENSP00000251643,9606.ENSP00000334798,0.405
KRT12,KRT16,9606.ENSP00000251643,9606.ENSP00000301653,0.406
KRT12,KRT17,9606.ENSP00000251643,9606.ENSP00000308452,0.407
KRT12,KRT35,9606.ENSP00000251643,9606.ENSP00000377558,0.408
KRT12,KRT39,9606.ENSP00000251643,9606.ENSP00000347823,0.41
KRT12,KRT18,9606.ENSP00000251643,9606.ENSP00000373489,0.41
KRT12,KRT25,9606.ENSP00000251643,9606.ENSP00000310573,0.413
KRT12,KRT28,9606.ENSP00000251643,9606.ENSP00000305263,0.413
KRT12,KRT24,9606.ENSP00000251643,9606.ENSP00000264651,0.423
KRT12,KRT19,9606.ENSP00000251643,9606.ENSP00000355124,0.423
KRT12,KRT31,9606.ENSP00000251643,9606.ENSP00000251645,0.426
KRT12,KRT15,9606.ENSP00000251643,9606.ENSP00000377546,0.426
KRT12,KRT33B,9606.ENSP00000251643,9606.ENSP00000251646,0.433
KRT12,KRT36,9606.ENSP00000251643,9606.ENSP00000329165,0.435
KRT12,KRT40,9606.ENSP00000251643,9606.ENSP00000366984,0.44
KRT12,KRT34,9606.ENSP00000251643,9606.ENSP00000377570,0.441
KRT12,KRT27,9606.ENSP00000251643,9606.ENSP00000301656,0.467
KRT13,KRT33A,9606.ENSP00000246635,9606.ENSP00000007735,0.437
KRT13,KRT14,9606.ENSP00000246635,9606.ENSP00000167586,0.561
KRT13,KRT20,9606.ENSP00000246635,9606.ENSP00000167588,0.624
KRT13,KRT23,9606.ENSP00000246635,9606.ENSP00000209718,0.459
KRT13,KRT37,9606.ENSP00000246635,9606.ENSP00000225550,0.419
KRT13,KRT32,9606.ENSP00000246635,9606.ENSP00000225899,0.48
KRT13,KRT39,9606.ENSP00000246635,9606.ENSP00000347823,0.4
KRT13,KRT33B,9606.ENSP00000246635,9606.ENSP00000251646,0.401
KRT13,KRT28,9606.ENSP00000246635,9606.ENSP00000305263,0.403
KRT13,KRT26,9606.ENSP00000246635,9606.ENSP00000334798,0.404
KRT13,KRT34,9606.ENSP00000246635,9606.ENSP00000377570,0.404
KRT13,KRT25,9606.ENSP00000246635,9606.ENSP00000310573,0.406
KRT13,KRT38,9606.ENSP00000246635,9606.ENSP00000246646,0.407
KRT13,KRT35,9606.ENSP00000246635,9606.ENSP00000377558,0.42
KRT13,KRT40,9606.ENSP00000246635,9606.ENSP00000366984,0.427
KRT13,KRT27,9606.ENSP00000246635,9606.ENSP00000301656,0.43
KRT13,KRT9,9606.ENSP00000246635,9606.ENSP00000246662,0.44
KRT13,KRT31,9606.ENSP00000246635,9606.ENSP00000251645,0.45
KRT13,KRT36,9606.ENSP00000246635,9606.ENSP00000329165,0.457
KRT13,KRT18,9606.ENSP00000246635,9606.ENSP00000373489,0.489
KRT13,KRT24,9606.ENSP00000246635,9606.ENSP00000264651,0.489
KRT13,KRT16,9606.ENSP00000246635,9606.ENSP00000301653,0.596
KRT13,KRT17,9606.ENSP00000246635,9606.ENSP00000308452,0.596
KRT13,KRT19,9606.ENSP00000246635,9606.ENSP00000355124,0.658
KRT13,KRT15,9606.ENSP00000246635,9606.ENSP00000377546,0.676
KRT14,KRT33A,9606.ENSP00000167586,9606.ENSP00000007735,0.46
KRT14,KRT38,9606.ENSP00000167586,9606.ENSP00000246646,0.413
KRT14,KRT37,9606.ENSP00000167586,9606.ENSP00000225550,0.413
KRT14,KRT33B,9606.ENSP00000167586,9606.ENSP00000251646,0.416
KRT14,KRT40,9606.ENSP00000167586,9606.ENSP00000366984,0.416
KRT14,KRT39,9606.ENSP00000167586,9606.ENSP00000347823,0.418
KRT14,KRT28,9606.ENSP00000167586,9606.ENSP00000305263,0.423
KRT14,KRT32,9606.ENSP00000167586,9606.ENSP00000225899,0.425
KRT14,KRT20,9606.ENSP00000167586,9606.ENSP00000167588,0.425
KRT14,KRT34,9606.ENSP00000167586,9606.ENSP00000377570,0.427
KRT14,KRT26,9606.ENSP00000167586,9606.ENSP00000334798,0.433
KRT14,KRT25,9606.ENSP00000167586,9606.ENSP00000310573,0.435
KRT14,KRT35,9606.ENSP00000167586,9606.ENSP00000377558,0.438
KRT14,KRT31,9606.ENSP00000167586,9606.ENSP00000251645,0.446
KRT14,KRT24,9606.ENSP00000167586,9606.ENSP00000264651,0.448
KRT14,KRT36,9606.ENSP00000167586,9606.ENSP00000329165,0.452
KRT14,KRT23,9606.ENSP00000167586,9606.ENSP00000209718,0.458
KRT14,KRT27,9606.ENSP00000167586,9606.ENSP00000301656,0.46
KRT14,KRT19,9606.ENSP00000167586,9606.ENSP00000355124,0.47
KRT14,KRT9,9606.ENSP00000167586,9606.ENSP00000246662,0.537
KRT14,KRT18,9606.ENSP00000167586,9606.ENSP00000373489,0.637
KRT14,KRT15,9606.ENSP00000167586,9606.ENSP00000377546,0.731
KRT14,PGR,9606.ENSP00000167586,9606.ENSP00000325120,0.734
KRT14,KRT17,9606.ENSP00000167586,9606.ENSP00000308452,0.814
KRT14,KRT16,9606.ENSP00000167586,9606.ENSP00000301653,0.868
KRT15,KRT33A,9606.ENSP00000377546,9606.ENSP00000007735,0.475
KRT15,KRT20,9606.ENSP00000377546,9606.ENSP00000167588,0.577
KRT15,KRT23,9606.ENSP00000377546,9606.ENSP00000209718,0.468
KRT15,KRT37,9606.ENSP00000377546,9606.ENSP00000225550,0.406
KRT15,KRT32,9606.ENSP00000377546,9606.ENSP00000225899,0.461
KRT15,KRT38,9606.ENSP00000377546,9606.ENSP00000246646,0.413
KRT15,KRT9,9606.ENSP00000377546,9606.ENSP00000246662,0.442
KRT15,KRT31,9606.ENSP00000377546,9606.ENSP00000251645,0.455
KRT15,KRT33B,9606.ENSP00000377546,9606.ENSP00000251646,0.41
KRT15,KRT24,9606.ENSP00000377546,9606.ENSP00000264651,0.432
KRT15,KRT16,9606.ENSP00000377546,9606.ENSP00000301653,0.621
KRT15,KRT27,9606.ENSP00000377546,9606.ENSP00000301656,0.455
KRT15,KRT28,9606.ENSP00000377546,9606.ENSP00000305263,0.415
KRT15,KRT17,9606.ENSP00000377546,9606.ENSP00000308452,0.618
KRT15,KRT25,9606.ENSP00000377546,9606.ENSP00000310573,0.422
KRT15,KRT36,9606.ENSP00000377546,9606.ENSP00000329165,0.454
KRT15,KRT26,9606.ENSP00000377546,9606.ENSP00000334798,0.421
KRT15,KRT39,9606.ENSP00000377546,9606.ENSP00000347823,0.406
KRT15,KRT19,9606.ENSP00000377546,9606.ENSP00000355124,0.57
KRT15,KRT40,9606.ENSP00000377546,9606.ENSP00000366984,0.407
KRT15,KRT18,9606.ENSP00000377546,9606.ENSP00000373489,0.626
KRT15,KRT34,9606.ENSP00000377546,9606.ENSP00000377570,0.417
KRT15,KRT35,9606.ENSP00000377546,9606.ENSP00000377558,0.429
KRT16,KRT33A,9606.ENSP00000301653,9606.ENSP00000007735,0.47
KRT16,KRT20,9606.ENSP00000301653,9606.ENSP00000167588,0.415
KRT16,KRT23,9606.ENSP00000301653,9606.ENSP00000209718,0.48
KRT16,KRT37,9606.ENSP00000301653,9606.ENSP00000225550,0.431
KRT16,KRT32,9606.ENSP00000301653,9606.ENSP00000225899,0.442
KRT16,KRT38,9606.ENSP00000301653,9606.ENSP00000246646,0.415
KRT16,KRT9,9606.ENSP00000301653,9606.ENSP00000246662,0.547
KRT16,KRT31,9606.ENSP00000301653,9606.ENSP00000251645,0.444
KRT16,KRT33B,9606.ENSP00000301653,9606.ENSP00000251646,0.432
KRT16,KRT24,9606.ENSP00000301653,9606.ENSP00000264651,0.439
KRT16,KRT39,9606.ENSP00000301653,9606.ENSP00000347823,0.4
KRT16,KRT40,9606.ENSP00000301653,9606.ENSP00000366984,0.407
KRT16,KRT28,9606.ENSP00000301653,9606.ENSP00000305263,0.426
KRT16,KRT25,9606.ENSP00000301653,9606.ENSP00000310573,0.429
KRT16,KRT35,9606.ENSP00000301653,9606.ENSP00000377558,0.434
KRT16,KRT34,9606.ENSP00000301653,9606.ENSP00000377570,0.438
KRT16,KRT26,9606.ENSP00000301653,9606.ENSP00000334798,0.438
KRT16,KRT27,9606.ENSP00000301653,9606.ENSP00000301656,0.454
KRT16,KRT36,9606.ENSP00000301653,9606.ENSP00000329165,0.459
KRT16,KRT19,9606.ENSP00000301653,9606.ENSP00000355124,0.469
KRT16,KRT18,9606.ENSP00000301653,9606.ENSP00000373489,0.473
KRT16,KRT17,9606.ENSP00000301653,9606.ENSP00000308452,0.88
KRT17,KRT33A,9606.ENSP00000308452,9606.ENSP00000007735,0.456
KRT17,KRT20,9606.ENSP00000308452,9606.ENSP00000167588,0.423
KRT17,KRT23,9606.ENSP00000308452,9606.ENSP00000209718,0.458
KRT17,KRT37,9606.ENSP00000308452,9606.ENSP00000225550,0.416
KRT17,KRT32,9606.ENSP00000308452,9606.ENSP00000225899,0.423
KRT17,KRT38,9606.ENSP00000308452,9606.ENSP00000246646,0.414
KRT17,KRT9,9606.ENSP00000308452,9606.ENSP00000246662,0.494
KRT17,KRT31,9606.ENSP00000308452,9606.ENSP00000251645,0.428
KRT17,KRT33B,9606.ENSP00000308452,9606.ENSP00000251646,0.421
KRT17,KRT24,9606.ENSP00000308452,9606.ENSP00000264651,0.41
KRT17,KRT27,9606.ENSP00000308452,9606.ENSP00000301656,0.481
KRT17,KRT28,9606.ENSP00000308452,9606.ENSP00000305263,0.419
KRT17,KRT39,9606.ENSP00000308452,9606.ENSP00000347823,0.408
KRT17,KRT26,9606.ENSP00000308452,9606.ENSP00000334798,0.421
KRT17,KRT25,9606.ENSP00000308452,9606.ENSP00000310573,0.425
KRT17,KRT34,9606.ENSP00000308452,9606.ENSP00000377570,0.427
KRT17,KRT40,9606.ENSP00000308452,9606.ENSP00000366984,0.43
KRT17,KRT35,9606.ENSP00000308452,9606.ENSP00000377558,0.443
KRT17,KRT36,9606.ENSP00000308452,9606.ENSP00000329165,0.45
KRT17,KRT19,9606.ENSP00000308452,9606.ENSP00000355124,0.509
KRT17,PGR,9606.ENSP00000308452,9606.ENSP00000325120,0.528
KRT17,KRT18,9606.ENSP00000308452,9606.ENSP00000373489,0.686
KRT18,KRT33A,9606.ENSP00000373489,9606.ENSP00000007735,0.563
KRT18,KRT20,9606.ENSP00000373489,9606.ENSP00000167588,0.647
KRT18,KRT23,9606.ENSP00000373489,9606.ENSP00000209718,0.448
KRT18,KRT37,9606.ENSP00000373489,9606.ENSP00000225550,0.402
KRT18,KRT32,9606.ENSP00000373489,9606.ENSP00000225899,0.406
KRT18,KRT38,9606.ENSP00000373489,9606.ENSP00000246646,0.405
KRT18,KRT9,9606.ENSP00000373489,9606.ENSP00000246662,0.652
KRT18,KRT31,9606.ENSP00000373489,9606.ENSP00000251645,0.408
KRT18,KRT33B,9606.ENSP00000373489,9606.ENSP00000251646,0.403
KRT18,KRT24,9606.ENSP00000373489,9606.ENSP00000264651,0.406
KRT18,KRT27,9606.ENSP00000373489,9606.ENSP00000301656,0.446
KRT18,KRT28,9606.ENSP00000373489,9606.ENSP00000305263,0.418
KRT18,KRT25,9606.ENSP00000373489,9606.ENSP00000310573,0.421
KRT18,PGR,9606.ENSP00000373489,9606.ENSP00000325120,0.534
KRT18,KRT36,9606.ENSP00000373489,9606.ENSP00000329165,0.429
KRT18,KRT26,9606.ENSP00000373489,9606.ENSP00000334798,0.433
KRT18,KRT39,9606.ENSP00000373489,9606.ENSP00000347823,0.427
KRT18,KRT19,9606.ENSP00000373489,9606.ENSP00000355124,0.928
KRT18,KRT40,9606.ENSP00000373489,9606.ENSP00000366984,0.413
KRT18,RAF1,9606.ENSP00000373489,9606.ENSP00000401888,0.404
KRT18,KRT34,9606.ENSP00000373489,9606.ENSP00000377570,0.421
KRT18,KRT35,9606.ENSP00000373489,9606.ENSP00000377558,0.655
KRT19,KRT33A,9606.ENSP00000355124,9606.ENSP00000007735,0.436
KRT19,KRT20,9606.ENSP00000355124,9606.ENSP00000167588,0.664
KRT19,KRT23,9606.ENSP00000355124,9606.ENSP00000209718,0.442
KRT19,KRT37,9606.ENSP00000355124,9606.ENSP00000225550,0.412
KRT19,KRT32,9606.ENSP00000355124,9606.ENSP00000225899,0.415
KRT19,KRT38,9606.ENSP00000355124,9606.ENSP00000246646,0.405
KRT19,KRT9,9606.ENSP00000355124,9606.ENSP00000246662,0.552
KRT19,KRT31,9606.ENSP00000355124,9606.ENSP00000251645,0.403
KRT19,KRT33B,9606.ENSP00000355124,9606.ENSP00000251646,0.4
KRT19,MAPK3,9606.ENSP00000355124,9606.ENSP00000263025,0.406
KRT19,KRT24,9606.ENSP00000355124,9606.ENSP00000264651,0.411
KRT19,KRT27,9606.ENSP00000355124,9606.ENSP00000301656,0.432
KRT19,KRT28,9606.ENSP00000355124,9606.ENSP00000305263,0.405
KRT19,KRT25,9606.ENSP00000355124,9606.ENSP00000310573,0.408
KRT19,PGR,9606.ENSP00000355124,9606.ENSP00000325120,0.533
KRT19,KRT36,9606.ENSP00000355124,9606.ENSP00000329165,0.428
KRT19,KRT26,9606.ENSP00000355124,9606.ENSP00000334798,0.41
KRT19,KRT39,9606.ENSP00000355124,9606.ENSP00000347823,0.401
KRT19,KRT35,9606.ENSP00000355124,9606.ENSP00000377558,0.401
KRT19,RAF1,9606.ENSP00000355124,9606.ENSP00000401888,0.405
KRT19,KRT34,9606.ENSP00000355124,9606.ENSP00000377570,0.406
KRT19,KRT40,9606.ENSP00000355124,9606.ENSP00000366984,0.418
KRT20,KRT33A,9606.ENSP00000167588,9606.ENSP00000007735,0.571
KRT20,NRAS,9606.ENSP00000167588,9606.ENSP00000358548,0.407
KRT20,KRT35,9606.ENSP00000167588,9606.ENSP00000377558,0.411
KRT20,KRT37,9606.ENSP00000167588,9606.ENSP00000225550,0.417
KRT20,PIK3CA,9606.ENSP00000167588,9606.ENSP00000263967,0.418
KRT20,KRT33B,9606.ENSP00000167588,9606.ENSP00000251646,0.418
KRT20,KRT25,9606.ENSP00000167588,9606.ENSP00000310573,0.42
KRT20,KRT38,9606.ENSP00000167588,9606.ENSP00000246646,0.42
KRT20,KRT28,9606.ENSP00000167588,9606.ENSP00000305263,0.421
KRT20,KRT32,9606.ENSP00000167588,9606.ENSP00000225899,0.423
KRT20,KRT39,9606.ENSP00000167588,9606.ENSP00000347823,0.426
KRT20,KRT26,9606.ENSP00000167588,9606.ENSP00000334798,0.427
KRT20,KRT23,9606.ENSP00000167588,9606.ENSP00000209718,0.428
KRT20,KRT36,9606.ENSP00000167588,9606.ENSP00000329165,0.442
KRT20,KRT31,9606.ENSP00000167588,9606.ENSP00000251645,0.444
KRT20,KRT34,9606.ENSP00000167588,9606.ENSP00000377570,0.452
KRT20,KRT40,9606.ENSP00000167588,9606.ENSP00000366984,0.469
KRT20,KRT27,9606.ENSP00000167588,9606.ENSP00000301656,0.473
KRT20,KRT24,9606.ENSP00000167588,9606.ENSP00000264651,0.573
KRT20,PGR,9606.ENSP00000167588,9606.ENSP00000325120,0.675
KRT20,KRT9,9606.ENSP00000167588,9606.ENSP00000246662,0.771
KRT23,KRT33A,9606.ENSP00000209718,9606.ENSP00000007735,0.466
KRT23,KRT36,9606.ENSP00000209718,9606.ENSP00000329165,0.42
KRT23,KRT24,9606.ENSP00000209718,9606.ENSP00000264651,0.423
KRT23,KRT35,9606.ENSP00000209718,9606.ENSP00000377558,0.432
KRT23,KRT9,9606.ENSP00000209718,9606.ENSP00000246662,0.438
KRT23,KRT33B,9606.ENSP00000209718,9606.ENSP00000251646,0.442
KRT23,KRT38,9606.ENSP00000209718,9606.ENSP00000246646,0.443
KRT23,KRT32,9606.ENSP00000209718,9606.ENSP00000225899,0.445
KRT23,KRT28,9606.ENSP00000209718,9606.ENSP00000305263,0.447
KRT23,KRT34,9606.ENSP00000209718,9606.ENSP00000377570,0.454
KRT23,KRT27,9606.ENSP00000209718,9606.ENSP00000301656,0.457
KRT23,KRT37,9606.ENSP00000209718,9606.ENSP00000225550,0.458
KRT23,KRT31,9606.ENSP00000209718,9606.ENSP00000251645,0.462
KRT23,KRT26,9606.ENSP00000209718,9606.ENSP00000334798,0.463
KRT23,KRT25,9606.ENSP00000209718,9606.ENSP00000310573,0.468
KRT23,KRT39,9606.ENSP00000209718,9606.ENSP00000347823,0.472
KRT23,KRT40,9606.ENSP00000209718,9606.ENSP00000366984,0.483
KRT24,KRT33A,9606.ENSP00000264651,9606.ENSP00000007735,0.434
KRT24,KRT37,9606.ENSP00000264651,9606.ENSP00000225550,0.432
KRT24,KRT32,9606.ENSP00000264651,9606.ENSP00000225899,0.434
KRT24,KRT38,9606.ENSP00000264651,9606.ENSP00000246646,0.427
KRT24,KRT9,9606.ENSP00000264651,9606.ENSP00000246662,0.414
KRT24,KRT31,9606.ENSP00000264651,9606.ENSP00000251645,0.445
KRT24,KRT33B,9606.ENSP00000264651,9606.ENSP00000251646,0.412
KRT24,KRT35,9606.ENSP00000264651,9606.ENSP00000377558,0.416
KRT24,KRT28,9606.ENSP00000264651,9606.ENSP00000305263,0.422
KRT24,KRT25,9606.ENSP00000264651,9606.ENSP00000310573,0.426
KRT24,KRT26,9606.ENSP00000264651,9606.ENSP00000334798,0.429
KRT24,KRT39,9606.ENSP00000264651,9606.ENSP00000347823,0.431
KRT24,KRT34,9606.ENSP00000264651,9606.ENSP00000377570,0.431
KRT24,KRT40,9606.ENSP00000264651,9606.ENSP00000366984,0.45
KRT24,KRT27,9606.ENSP00000264651,9606.ENSP00000301656,0.462
KRT24,KRT36,9606.ENSP00000264651,9606.ENSP00000329165,0.464
KRT25,KRT33A,9606.ENSP00000310573,9606.ENSP00000007735,0.539
KRT25,KRT37,9606.ENSP00000310573,9606.ENSP00000225550,0.487
KRT25,KRT32,9606.ENSP00000310573,9606.ENSP00000225899,0.506
KRT25,KRT38,9606.ENSP00000310573,9606.ENSP00000246646,0.522
KRT25,KRT9,9606.ENSP00000310573,9606.ENSP00000246662,0.443
KRT25,KRT31,9606.ENSP00000310573,9606.ENSP00000251645,0.549
KRT25,KRT33B,9606.ENSP00000310573,9606.ENSP00000251646,0.592
KRT25,KRT27,9606.ENSP00000310573,9606.ENSP00000301656,0.879
KRT25,KRT28,9606.ENSP00000310573,9606.ENSP00000305263,0.582
KRT25,KRT39,9606.ENSP00000310573,9606.ENSP00000347823,0.472
KRT25,KRT26,9606.ENSP00000310573,9606.ENSP00000334798,0.479
KRT25,KRT36,9606.ENSP00000310573,9606.ENSP00000329165,0.484
KRT25,KRT40,9606.ENSP00000310573,9606.ENSP00000366984,0.505
KRT25,KRT34,9606.ENSP00000310573,9606.ENSP00000377570,0.559
KRT25,KRT35,9606.ENSP00000310573,9606.ENSP00000377558,0.72
KRT26,KRT33A,9606.ENSP00000334798,9606.ENSP00000007735,0.484
KRT26,KRT37,9606.ENSP00000334798,9606.ENSP00000225550,0.505
KRT26,KRT32,9606.ENSP00000334798,9606.ENSP00000225899,0.477
KRT26,KRT38,9606.ENSP00000334798,9606.ENSP00000246646,0.519
KRT26,KRT9,9606.ENSP00000334798,9606.ENSP00000246662,0.438
KRT26,KRT31,9606.ENSP00000334798,9606.ENSP00000251645,0.503
KRT26,KRT33B,9606.ENSP00000334798,9606.ENSP00000251646,0.476
KRT26,KRT27,9606.ENSP00000334798,9606.ENSP00000301656,0.599
KRT26,KRT28,9606.ENSP00000334798,9606.ENSP00000305263,0.484
KRT26,KRT36,9606.ENSP00000334798,9606.ENSP00000329165,0.488
KRT26,KRT34,9606.ENSP00000334798,9606.ENSP00000377570,0.493
KRT26,KRT40,9606.ENSP00000334798,9606.ENSP00000366984,0.5
KRT26,KRT35,9606.ENSP00000334798,9606.ENSP00000377558,0.509
KRT26,KRT39,9606.ENSP00000334798,9606.ENSP00000347823,0.514
KRT27,KRT33A,9606.ENSP00000301656,9606.ENSP00000007735,0.624
KRT27,KRT37,9606.ENSP00000301656,9606.ENSP00000225550,0.493
KRT27,KRT32,9606.ENSP00000301656,9606.ENSP00000225899,0.561
KRT27,KRT38,9606.ENSP00000301656,9606.ENSP00000246646,0.538
KRT27,KRT9,9606.ENSP00000301656,9606.ENSP00000246662,0.436
KRT27,KRT31,9606.ENSP00000301656,9606.ENSP00000251645,0.597
KRT27,KRT33B,9606.ENSP00000301656,9606.ENSP00000251646,0.672
KRT27,KRT39,9606.ENSP00000301656,9606.ENSP00000347823,0.479
KRT27,KRT36,9606.ENSP00000301656,9606.ENSP00000329165,0.494
KRT27,KRT28,9606.ENSP00000301656,9606.ENSP00000305263,0.501
KRT27,KRT40,9606.ENSP00000301656,9606.ENSP00000366984,0.554
KRT27,KRT34,9606.ENSP00000301656,9606.ENSP00000377570,0.636
KRT27,KRT35,9606.ENSP00000301656,9606.ENSP00000377558,0.855
KRT28,KRT33A,9606.ENSP00000305263,9606.ENSP00000007735,0.49
KRT28,KRT37,9606.ENSP00000305263,9606.ENSP00000225550,0.481
KRT28,KRT32,9606.ENSP00000305263,9606.ENSP00000225899,0.447
KRT28,KRT38,9606.ENSP00000305263,9606.ENSP00000246646,0.506
KRT28,KRT9,9606.ENSP00000305263,9606.ENSP00000246662,0.433
KRT28,KRT31,9606.ENSP00000305263,9606.ENSP00000251645,0.489
KRT28,KRT33B,9606.ENSP00000305263,9606.ENSP00000251646,0.47
KRT28,KRT34,9606.ENSP00000305263,9606.ENSP00000377570,0.462
KRT28,KRT36,9606.ENSP00000305263,9606.ENSP00000329165,0.472
KRT28,KRT40,9606.ENSP00000305263,9606.ENSP00000366984,0.482
KRT28,KRT39,9606.ENSP00000305263,9606.ENSP00000347823,0.483
KRT28,KRT35,9606.ENSP00000305263,9606.ENSP00000377558,0.495
KRT31,KRT33A,9606.ENSP00000251645,9606.ENSP00000007735,0.776
KRT31,KRT37,9606.ENSP00000251645,9606.ENSP00000225550,0.473
KRT31,KRT32,9606.ENSP00000251645,9606.ENSP00000225899,0.51
KRT31,KRT38,9606.ENSP00000251645,9606.ENSP00000246646,0.481
KRT31,KRT9,9606.ENSP00000251645,9606.ENSP00000246662,0.468
KRT31,KRT39,9606.ENSP00000251645,9606.ENSP00000347823,0.415
KRT31,KRT40,9606.ENSP00000251645,9606.ENSP00000366984,0.439
KRT31,KRT36,9606.ENSP00000251645,9606.ENSP00000329165,0.473
KRT31,KRT34,9606.ENSP00000251645,9606.ENSP00000377570,0.527
KRT31,KRT33B,9606.ENSP00000251645,9606.ENSP00000251646,0.545
KRT31,KRT35,9606.ENSP00000251645,9606.ENSP00000377558,0.577
KRT32,KRT33A,9606.ENSP00000225899,9606.ENSP00000007735,0.485
KRT32,KRT37,9606.ENSP00000225899,9606.ENSP00000225550,0.551
KRT32,KRT39,9606.ENSP00000225899,9606.ENSP00000347823,0.431
KRT32,KRT40,9606.ENSP00000225899,9606.ENSP00000366984,0.441
KRT32,KRT36,9606.ENSP00000225899,9606.ENSP00000329165,0.462
KRT32,KRT34,9606.ENSP00000225899,9606.ENSP00000377570,0.49
KRT32,KRT9,9606.ENSP00000225899,9606.ENSP00000246662,0.558
KRT32,KRT38,9606.ENSP00000225899,9606.ENSP00000246646,0.558
KRT32,KRT33B,9606.ENSP00000225899,9606.ENSP00000251646,0.605
KRT32,KRT35,9606.ENSP00000225899,9606.ENSP00000377558,0.778
KRT33A,KRT39,9606.ENSP00000007735,9606.ENSP00000347823,0.418
KRT33A,KRT40,9606.ENSP00000007735,9606.ENSP00000366984,0.439
KRT33A,KRT9,9606.ENSP00000007735,9606.ENSP00000246662,0.439
KRT33A,KRT37,9606.ENSP00000007735,9606.ENSP00000225550,0.445
KRT33A,KRT38,9606.ENSP00000007735,9606.ENSP00000246646,0.485
KRT33A,KRT36,9606.ENSP00000007735,9606.ENSP00000329165,0.509
KRT33A,KRT35,9606.ENSP00000007735,9606.ENSP00000377558,0.656
KRT33A,KRT34,9606.ENSP00000007735,9606.ENSP00000377570,0.707
KRT33A,KRT33B,9606.ENSP00000007735,9606.ENSP00000251646,0.711
KRT33B,KRT37,9606.ENSP00000251646,9606.ENSP00000225550,0.542
KRT33B,KRT38,9606.ENSP00000251646,9606.ENSP00000246646,0.703
KRT33B,KRT9,9606.ENSP00000251646,9606.ENSP00000246662,0.443
KRT33B,KRT39,9606.ENSP00000251646,9606.ENSP00000347823,0.42
KRT33B,KRT40,9606.ENSP00000251646,9606.ENSP00000366984,0.439
KRT33B,KRT36,9606.ENSP00000251646,9606.ENSP00000329165,0.528
KRT33B,KRT35,9606.ENSP00000251646,9606.ENSP00000377558,0.722
KRT33B,KRT34,9606.ENSP00000251646,9606.ENSP00000377570,0.855
KRT34,KRT37,9606.ENSP00000377570,9606.ENSP00000225550,0.465
KRT34,KRT38,9606.ENSP00000377570,9606.ENSP00000246646,0.525
KRT34,KRT9,9606.ENSP00000377570,9606.ENSP00000246662,0.433
KRT34,KRT36,9606.ENSP00000377570,9606.ENSP00000329165,0.486
KRT34,KRT39,9606.ENSP00000377570,9606.ENSP00000347823,0.423
KRT34,KRT40,9606.ENSP00000377570,9606.ENSP00000366984,0.424
KRT34,KRT35,9606.ENSP00000377570,9606.ENSP00000377558,0.581
KRT35,KRT37,9606.ENSP00000377558,9606.ENSP00000225550,0.483
KRT35,KRT38,9606.ENSP00000377558,9606.ENSP00000246646,0.691
KRT35,KRT9,9606.ENSP00000377558,9606.ENSP00000246662,0.432
KRT35,KRT36,9606.ENSP00000377558,9606.ENSP00000329165,0.499
KRT35,KRT39,9606.ENSP00000377558,9606.ENSP00000347823,0.426
KRT35,KRT40,9606.ENSP00000377558,9606.ENSP00000366984,0.476
KRT36,KRT37,9606.ENSP00000329165,9606.ENSP00000225550,0.48
KRT36,KRT38,9606.ENSP00000329165,9606.ENSP00000246646,0.497
KRT36,KRT9,9606.ENSP00000329165,9606.ENSP00000246662,0.438
KRT36,KRT39,9606.ENSP00000329165,9606.ENSP00000347823,0.45
KRT36,KRT40,9606.ENSP00000329165,9606.ENSP00000366984,0.466
KRT37,KRT9,9606.ENSP00000225550,9606.ENSP00000246662,0.416
KRT37,KRT40,9606.ENSP00000225550,9606.ENSP00000366984,0.434
KRT37,KRT39,9606.ENSP00000225550,9606.ENSP00000347823,0.441
KRT37,KRT38,9606.ENSP00000225550,9606.ENSP00000246646,0.552
KRT38,KRT9,9606.ENSP00000246646,9606.ENSP00000246662,0.429
KRT38,KRT39,9606.ENSP00000246646,9606.ENSP00000347823,0.44
KRT38,KRT40,9606.ENSP00000246646,9606.ENSP00000366984,0.471
KRT39,KRT9,9606.ENSP00000347823,9606.ENSP00000246662,0.401
KRT39,KRT40,9606.ENSP00000347823,9606.ENSP00000366984,0.464
KRT40,KRT9,9606.ENSP00000366984,9606.ENSP00000246662,0.43
MAP2K1,MAPK1,9606.ENSP00000302486,9606.ENSP00000215832,0.999
MAP2K1,SOS2,9606.ENSP00000302486,9606.ENSP00000216373,0.651
MAP2K1,MAP2K2,9606.ENSP00000302486,9606.ENSP00000262948,0.996
MAP2K1,MAPK3,9606.ENSP00000302486,9606.ENSP00000263025,0.999
MAP2K1,PIK3CA,9606.ENSP00000302486,9606.ENSP00000263967,0.844
MAP2K1,PGR,9606.ENSP00000302486,9606.ENSP00000325120,0.476
MAP2K1,SRC,9606.ENSP00000302486,9606.ENSP00000362680,0.794
MAP2K1,SOS1,9606.ENSP00000302486,9606.ENSP00000384675,0.827
MAP2K1,PRKCD,9606.ENSP00000302486,9606.ENSP00000331602,0.925
MAP2K1,PRKACB,9606.ENSP00000302486,9606.ENSP00000359719,0.925
MAP2K1,PRKACA,9606.ENSP00000302486,9606.ENSP00000309591,0.929
MAP2K1,PRKACG,9606.ENSP00000302486,9606.ENSP00000366488,0.929
MAP2K1,NRAS,9606.ENSP00000302486,9606.ENSP00000358548,0.983
MAP2K1,RAF1,9606.ENSP00000302486,9606.ENSP00000401888,0.999
MAP2K2,MAPK1,9606.ENSP00000262948,9606.ENSP00000215832,0.999
MAP2K2,SOS2,9606.ENSP00000262948,9606.ENSP00000216373,0.535
MAP2K2,SRC,9606.ENSP00000262948,9606.ENSP00000362680,0.716
MAP2K2,SOS1,9606.ENSP00000262948,9606.ENSP00000384675,0.792
MAP2K2,PRKACB,9606.ENSP00000262948,9606.ENSP00000359719,0.914
MAP2K2,PRKACA,9606.ENSP00000262948,9606.ENSP00000309591,0.915
MAP2K2,PRKACG,9606.ENSP00000262948,9606.ENSP00000366488,0.918
MAP2K2,PRKCD,9606.ENSP00000262948,9606.ENSP00000331602,0.924
MAP2K2,NRAS,9606.ENSP00000262948,9606.ENSP00000358548,0.968
MAP2K2,MAPK3,9606.ENSP00000262948,9606.ENSP00000263025,0.99
MAP2K2,RAF1,9606.ENSP00000262948,9606.ENSP00000401888,0.996
MAPK1,RARA,9606.ENSP00000215832,9606.ENSP00000254066,0.444
MAPK1,SOS2,9606.ENSP00000215832,9606.ENSP00000216373,0.524
MAPK1,NCOA3,9606.ENSP00000215832,9606.ENSP00000361066,0.608
MAPK1,PGR,9606.ENSP00000215832,9606.ENSP00000325120,0.662
MAPK1,SOS1,9606.ENSP00000215832,9606.ENSP00000384675,0.772
MAPK1,PRKACG,9606.ENSP00000215832,9606.ENSP00000366488,0.927
MAPK1,PRKACA,9606.ENSP00000215832,9606.ENSP00000309591,0.929
MAPK1,PRKCD,9606.ENSP00000215832,9606.ENSP00000331602,0.929
MAPK1,PRKACB,9606.ENSP00000215832,9606.ENSP00000359719,0.929
MAPK1,SRC,9606.ENSP00000215832,9606.ENSP00000362680,0.932
MAPK1,NRAS,9606.ENSP00000215832,9606.ENSP00000358548,0.959
MAPK1,SHC1,9606.ENSP00000215832,9606.ENSP00000401303,0.962
MAPK1,SP1,9606.ENSP00000215832,9606.ENSP00000329357,0.969
MAPK1,RAF1,9606.ENSP00000215832,9606.ENSP00000401888,0.975
MAPK1,MAPK3,9606.ENSP00000215832,9606.ENSP00000263025,0.994
MAPK3,SOS2,9606.ENSP00000263025,9606.ENSP00000216373,0.505
MAPK3,SHC1,9606.ENSP00000263025,9606.ENSP00000401303,0.78
MAPK3,SOS1,9606.ENSP00000263025,9606.ENSP00000384675,0.814
MAPK3,PRKCD,9606.ENSP00000263025,9606.ENSP00000331602,0.935
MAPK3,SRC,9606.ENSP00000263025,9606.ENSP00000362680,0.944
MAPK3,PRKACG,9606.ENSP00000263025,9606.ENSP00000366488,0.957
MAPK3,PRKACB,9606.ENSP00000263025,9606.ENSP00000359719,0.958
MAPK3,PRKACA,9606.ENSP00000263025,9606.ENSP00000309591,0.959
MAPK3,RAF1,9606.ENSP00000263025,9606.ENSP00000401888,0.962
MAPK3,NRAS,9606.ENSP00000263025,9606.ENSP00000358548,0.97
MAPK3,SP1,9606.ENSP00000263025,9606.ENSP00000329357,0.972
MMP2,POMC,9606.ENSP00000219070,9606.ENSP00000384092,0.529
MMP2,SP1,9606.ENSP00000219070,9606.ENSP00000329357,0.57
MMP2,MMP9,9606.ENSP00000219070,9606.ENSP00000361405,0.918
MMP2,SRC,9606.ENSP00000219070,9606.ENSP00000362680,0.972
MMP9,POMC,9606.ENSP00000361405,9606.ENSP00000384092,0.573
MMP9,SRC,9606.ENSP00000361405,9606.ENSP00000362680,0.97
NCOA1,RARA,9606.ENSP00000385216,9606.ENSP00000254066,0.996
NCOA1,TFF1,9606.ENSP00000385216,9606.ENSP00000291527,0.554
NCOA1,PGR,9606.ENSP00000385216,9606.ENSP00000325120,0.997
NCOA1,SP1,9606.ENSP00000385216,9606.ENSP00000329357,0.848
NCOA1,NCOA3,9606.ENSP00000385216,9606.ENSP00000361066,0.994
NCOA1,SRC,9606.ENSP00000385216,9606.ENSP00000362680,0.672
NCOA1,TGFA,9606.ENSP00000385216,9606.ENSP00000404131,0.44
NCOA1,NCOA2,9606.ENSP00000385216,9606.ENSP00000399968,0.997
NCOA2,RARA,9606.ENSP00000399968,9606.ENSP00000254066,0.992
NCOA2,PGR,9606.ENSP00000399968,9606.ENSP00000325120,0.911
NCOA2,SP1,9606.ENSP00000399968,9606.ENSP00000329357,0.638
NCOA2,NCOA3,9606.ENSP00000399968,9606.ENSP00000361066,0.997
NCOA2,SRC,9606.ENSP00000399968,9606.ENSP00000362680,0.427
NCOA3,RARA,9606.ENSP00000361066,9606.ENSP00000254066,0.948
NCOA3,TFF1,9606.ENSP00000361066,9606.ENSP00000291527,0.809
NCOA3,PRKACA,9606.ENSP00000361066,9606.ENSP00000309591,0.919
NCOA3,PGR,9606.ENSP00000361066,9606.ENSP00000325120,0.986
NCOA3,SP1,9606.ENSP00000361066,9606.ENSP00000329357,0.931
NCOA3,PRKACB,9606.ENSP00000361066,9606.ENSP00000359719,0.919
NCOA3,TGFA,9606.ENSP00000361066,9606.ENSP00000404131,0.514
NCOA3,PRKACG,9606.ENSP00000361066,9606.ENSP00000366488,0.919
NCOA3,SRC,9606.ENSP00000361066,9606.ENSP00000362680,0.975
NOS3,SRC,9606.ENSP00000297494,9606.ENSP00000362680,0.586
NOS3,PRKACB,9606.ENSP00000297494,9606.ENSP00000359719,0.597
NOS3,PRKACA,9606.ENSP00000297494,9606.ENSP00000309591,0.598
NOS3,PRKACG,9606.ENSP00000297494,9606.ENSP00000366488,0.599
NRAS,SOS2,9606.ENSP00000358548,9606.ENSP00000216373,0.966
NRAS,PIK3R2,9606.ENSP00000358548,9606.ENSP00000222254,0.933
NRAS,RARA,9606.ENSP00000358548,9606.ENSP00000254066,0.453
NRAS,PIK3R3,9606.ENSP00000358548,9606.ENSP00000262741,0.923
NRAS,PIK3CA,9606.ENSP00000358548,9606.ENSP00000263967,0.995
NRAS,SHC2,9606.ENSP00000358548,9606.ENSP00000264554,0.557
NRAS,PRKCD,9606.ENSP00000358548,9606.ENSP00000331602,0.667
NRAS,SHC3,9606.ENSP00000358548,9606.ENSP00000364995,0.543
NRAS,TGFA,9606.ENSP00000358548,9606.ENSP00000404131,0.643
NRAS,SHC1,9606.ENSP00000358548,9606.ENSP00000401303,0.691
NRAS,PIK3CB,9606.ENSP00000358548,9606.ENSP00000501150,0.947
NRAS,PIK3CD,9606.ENSP00000358548,9606.ENSP00000366563,0.954
NRAS,PIK3R1,9606.ENSP00000358548,9606.ENSP00000428056,0.956
NRAS,SRC,9606.ENSP00000358548,9606.ENSP00000362680,0.97
NRAS,SOS1,9606.ENSP00000358548,9606.ENSP00000384675,0.992
NRAS,RAF1,9606.ENSP00000358548,9606.ENSP00000401888,0.999
OPRM1,SRC,9606.ENSP00000394624,9606.ENSP00000362680,0.654
OPRM1,POMC,9606.ENSP00000394624,9606.ENSP00000384092,0.999
PGR,PIK3R2,9606.ENSP00000325120,9606.ENSP00000222254,0.912
PGR,PIK3R3,9606.ENSP00000325120,9606.ENSP00000262741,0.911
PGR,PIK3CA,9606.ENSP00000325120,9606.ENSP00000263967,0.961
PGR,PRKACA,9606.ENSP00000325120,9606.ENSP00000309591,0.937
PGR,SP1,9606.ENSP00000325120,9606.ENSP00000329357,0.663
PGR,PIK3CD,9606.ENSP00000325120,9606.ENSP00000366563,0.911
PGR,PIK3CB,9606.ENSP00000325120,9606.ENSP00000501150,0.92
PGR,PIK3R1,9606.ENSP00000325120,9606.ENSP00000428056,0.931
PGR,PRKACB,9606.ENSP00000325120,9606.ENSP00000359719,0.937
PGR,SRC,9606.ENSP00000325120,9606.ENSP00000362680,0.937
PGR,PRKACG,9606.ENSP00000325120,9606.ENSP00000366488,0.937
PIK3CA,PIK3R2,9606.ENSP00000263967,9606.ENSP00000222254,0.999
PIK3CA,PLCB2,9606.ENSP00000263967,9606.ENSP00000260402,0.688
PIK3CA,PIK3R3,9606.ENSP00000263967,9606.ENSP00000262741,0.999
PIK3CA,TGFA,9606.ENSP00000263967,9606.ENSP00000404131,0.6
PIK3CA,SHC1,9606.ENSP00000263967,9606.ENSP00000401303,0.637
PIK3CA,PLCB4,9606.ENSP00000263967,9606.ENSP00000367762,0.703
PIK3CA,PLCB1,9606.ENSP00000263967,9606.ENSP00000338185,0.704
PIK3CA,PLCB3,9606.ENSP00000263967,9606.ENSP00000443631,0.705
PIK3CA,PRKCD,9606.ENSP00000263967,9606.ENSP00000331602,0.918
PIK3CA,SOS1,9606.ENSP00000263967,9606.ENSP00000384675,0.926
PIK3CA,RAF1,9606.ENSP00000263967,9606.ENSP00000401888,0.972
PIK3CA,SRC,9606.ENSP00000263967,9606.ENSP00000362680,0.984
PIK3CA,PIK3CD,9606.ENSP00000263967,9606.ENSP00000366563,0.998
PIK3CA,PIK3CB,9606.ENSP00000263967,9606.ENSP00000501150,0.998
PIK3CA,PIK3R1,9606.ENSP00000263967,9606.ENSP00000428056,0.999
PIK3CB,PIK3R2,9606.ENSP00000501150,9606.ENSP00000222254,0.999
PIK3CB,PLCB2,9606.ENSP00000501150,9606.ENSP00000260402,0.708
PIK3CB,PIK3R3,9606.ENSP00000501150,9606.ENSP00000262741,0.999
PIK3CB,PRKCD,9606.ENSP00000501150,9606.ENSP00000331602,0.966
PIK3CB,PLCB1,9606.ENSP00000501150,9606.ENSP00000338185,0.717
PIK3CB,SRC,9606.ENSP00000501150,9606.ENSP00000362680,0.967
PIK3CB,PIK3CD,9606.ENSP00000501150,9606.ENSP00000366563,0.998
PIK3CB,PLCB4,9606.ENSP00000501150,9606.ENSP00000367762,0.67
PIK3CB,SOS1,9606.ENSP00000501150,9606.ENSP00000384675,0.707
PIK3CB,SHC1,9606.ENSP00000501150,9606.ENSP00000401303,0.631
PIK3CB,RAF1,9606.ENSP00000501150,9606.ENSP00000401888,0.939
PIK3CB,PIK3R1,9606.ENSP00000501150,9606.ENSP00000428056,0.999
PIK3CB,PLCB3,9606.ENSP00000501150,9606.ENSP00000443631,0.702
PIK3CD,PIK3R2,9606.ENSP00000366563,9606.ENSP00000222254,0.999
PIK3CD,PLCB2,9606.ENSP00000366563,9606.ENSP00000260402,0.743
PIK3CD,PIK3R3,9606.ENSP00000366563,9606.ENSP00000262741,0.999
PIK3CD,PRKCD,9606.ENSP00000366563,9606.ENSP00000331602,0.923
PIK3CD,PLCB1,9606.ENSP00000366563,9606.ENSP00000338185,0.683
PIK3CD,SRC,9606.ENSP00000366563,9606.ENSP00000362680,0.967
PIK3CD,SHC1,9606.ENSP00000366563,9606.ENSP00000401303,0.552
PIK3CD,SOS1,9606.ENSP00000366563,9606.ENSP00000384675,0.632
PIK3CD,PLCB4,9606.ENSP00000366563,9606.ENSP00000367762,0.66
PIK3CD,PLCB3,9606.ENSP00000366563,9606.ENSP00000443631,0.702
PIK3CD,RAF1,9606.ENSP00000366563,9606.ENSP00000401888,0.932
PIK3CD,PIK3R1,9606.ENSP00000366563,9606.ENSP00000428056,0.999
PIK3R1,SOS2,9606.ENSP00000428056,9606.ENSP00000216373,0.421
PIK3R1,PIK3R2,9606.ENSP00000428056,9606.ENSP00000222254,0.999
PIK3R1,RARA,9606.ENSP00000428056,9606.ENSP00000254066,0.641
PIK3R1,PLCB2,9606.ENSP00000428056,9606.ENSP00000260402,0.687
PIK3R1,PIK3R3,9606.ENSP00000428056,9606.ENSP00000262741,0.997
PIK3R1,PRKCD,9606.ENSP00000428056,9606.ENSP00000331602,0.934
PIK3R1,PLCB1,9606.ENSP00000428056,9606.ENSP00000338185,0.731
PIK3R1,SRC,9606.ENSP00000428056,9606.ENSP00000362680,0.998
PIK3R1,SHC3,9606.ENSP00000428056,9606.ENSP00000364995,0.416
PIK3R1,PLCB4,9606.ENSP00000428056,9606.ENSP00000367762,0.694
PIK3R1,SOS1,9606.ENSP00000428056,9606.ENSP00000384675,0.927
PIK3R1,SHC1,9606.ENSP00000428056,9606.ENSP00000401303,0.971
PIK3R1,RAF1,9606.ENSP00000428056,9606.ENSP00000401888,0.944
PIK3R1,TGFA,9606.ENSP00000428056,9606.ENSP00000404131,0.498
PIK3R1,PLCB3,9606.ENSP00000428056,9606.ENSP00000443631,0.669
PIK3R2,SOS1,9606.ENSP00000222254,9606.ENSP00000384675,0.613
PIK3R2,PLCB2,9606.ENSP00000222254,9606.ENSP00000260402,0.668
PIK3R2,PLCB3,9606.ENSP00000222254,9606.ENSP00000443631,0.678
PIK3R2,PLCB4,9606.ENSP00000222254,9606.ENSP00000367762,0.681
PIK3R2,PLCB1,9606.ENSP00000222254,9606.ENSP00000338185,0.693
PIK3R2,SHC1,9606.ENSP00000222254,9606.ENSP00000401303,0.731
PIK3R2,PRKCD,9606.ENSP00000222254,9606.ENSP00000331602,0.916
PIK3R2,RAF1,9606.ENSP00000222254,9606.ENSP00000401888,0.925
PIK3R2,SRC,9606.ENSP00000222254,9606.ENSP00000362680,0.959
PIK3R2,PIK3R3,9606.ENSP00000222254,9606.ENSP00000262741,0.999
PIK3R3,PLCB2,9606.ENSP00000262741,9606.ENSP00000260402,0.674
PIK3R3,SHC1,9606.ENSP00000262741,9606.ENSP00000401303,0.549
PIK3R3,PLCB3,9606.ENSP00000262741,9606.ENSP00000443631,0.661
PIK3R3,PLCB4,9606.ENSP00000262741,9606.ENSP00000367762,0.685
PIK3R3,PLCB1,9606.ENSP00000262741,9606.ENSP00000338185,0.8
PIK3R3,RAF1,9606.ENSP00000262741,9606.ENSP00000401888,0.913
PIK3R3,PRKCD,9606.ENSP00000262741,9606.ENSP00000331602,0.915
PIK3R3,SRC,9606.ENSP00000262741,9606.ENSP00000362680,0.961
PLCB1,PLCB2,9606.ENSP00000338185,9606.ENSP00000260402,0.801
PLCB1,PRKCD,9606.ENSP00000338185,9606.ENSP00000331602,0.916
PLCB1,PLCB4,9606.ENSP00000338185,9606.ENSP00000367762,0.783
PLCB1,PLCB3,9606.ENSP00000338185,9606.ENSP00000443631,0.854
PLCB2,PLCB4,9606.ENSP00000260402,9606.ENSP00000367762,0.707
PLCB2,PLCB3,9606.ENSP00000260402,9606.ENSP00000443631,0.835
PLCB2,PRKCD,9606.ENSP00000260402,9606.ENSP00000331602,0.918
PLCB3,PRKCD,9606.ENSP00000443631,9606.ENSP00000331602,0.922
PLCB3,PLCB4,9606.ENSP00000443631,9606.ENSP00000367762,0.808
PLCB4,PRKCD,9606.ENSP00000367762,9606.ENSP00000331602,0.917
POMC,SRC,9606.ENSP00000384092,9606.ENSP00000362680,0.66
PRKACA,RAF1,9606.ENSP00000309591,9606.ENSP00000401888,0.923
PRKACA,SP1,9606.ENSP00000309591,9606.ENSP00000329357,0.937
PRKACA,PRKACG,9606.ENSP00000309591,9606.ENSP00000366488,0.965
PRKACA,PRKACB,9606.ENSP00000309591,9606.ENSP00000359719,0.987
PRKACB,SP1,9606.ENSP00000359719,9606.ENSP00000329357,0.935
PRKACB,RAF1,9606.ENSP00000359719,9606.ENSP00000401888,0.923
PRKACB,PRKACG,9606.ENSP00000359719,9606.ENSP00000366488,0.968
PRKACG,SP1,9606.ENSP00000366488,9606.ENSP00000329357,0.935
PRKACG,RAF1,9606.ENSP00000366488,9606.ENSP00000401888,0.923
PRKCD,SP1,9606.ENSP00000331602,9606.ENSP00000329357,0.678
PRKCD,RAF1,9606.ENSP00000331602,9606.ENSP00000401888,0.912
PRKCD,SHC1,9606.ENSP00000331602,9606.ENSP00000401303,0.924
PRKCD,SRC,9606.ENSP00000331602,9606.ENSP00000362680,0.983
RAF1,SOS2,9606.ENSP00000401888,9606.ENSP00000216373,0.64
RAF1,SRC,9606.ENSP00000401888,9606.ENSP00000362680,0.954
RAF1,SOS1,9606.ENSP00000401888,9606.ENSP00000384675,0.812
RAF1,SHC1,9606.ENSP00000401888,9606.ENSP00000401303,0.533
RARA,SRC,9606.ENSP00000254066,9606.ENSP00000362680,0.631
RARA,SP1,9606.ENSP00000254066,9606.ENSP00000329357,0.729
SHC1,SOS2,9606.ENSP00000401303,9606.ENSP00000216373,0.999
SHC1,SHC2,9606.ENSP00000401303,9606.ENSP00000264554,0.565
SHC1,SRC,9606.ENSP00000401303,9606.ENSP00000362680,0.999
SHC1,SHC3,9606.ENSP00000401303,9606.ENSP00000364995,0.584
SHC1,SOS1,9606.ENSP00000401303,9606.ENSP00000384675,0.999
SHC1,TGFA,9606.ENSP00000401303,9606.ENSP00000404131,0.635
SHC2,SOS2,9606.ENSP00000264554,9606.ENSP00000216373,0.921
SHC2,SHC3,9606.ENSP00000264554,9606.ENSP00000364995,0.506
SHC2,SOS1,9606.ENSP00000264554,9606.ENSP00000384675,0.923
SHC2,SRC,9606.ENSP00000264554,9606.ENSP00000362680,0.961
SHC3,SOS2,9606.ENSP00000364995,9606.ENSP00000216373,0.931
SHC3,SHC4,9606.ENSP00000364995,9606.ENSP00000329668,0.526
SHC3,SRC,9606.ENSP00000364995,9606.ENSP00000362680,0.963
SHC3,SOS1,9606.ENSP00000364995,9606.ENSP00000384675,0.959
SHC4,SOS2,9606.ENSP00000329668,9606.ENSP00000216373,0.915
SHC4,SOS1,9606.ENSP00000329668,9606.ENSP00000384675,0.921
SHC4,SRC,9606.ENSP00000329668,9606.ENSP00000362680,0.929
SOS1,SOS2,9606.ENSP00000384675,9606.ENSP00000216373,0.966
SOS1,SRC,9606.ENSP00000384675,9606.ENSP00000362680,0.962
SOS1,TGFA,9606.ENSP00000384675,9606.ENSP00000404131,0.554
SOS2,SRC,9606.ENSP00000216373,9606.ENSP00000362680,0.786
SP1,SRC,9606.ENSP00000329357,9606.ENSP00000362680,0.947
SRC,TGFA,9606.ENSP00000362680,9606.ENSP00000404131,0.731
