layer,source,target,edge_type,edge_subtype,mean_attention,head_1_attention,head_2_attention,head_3_attention,head_4_attention
1,MIMAT0005824,CREB5,mir_to_gene,,1.0,1.0,1.0,1.0,1.0
1,MIMAT0005824,SETD1B,mir_to_gene,,1.0,1.0,1.0,1.0,1.0
1,MIMAT0005824,RORA,mir_to_gene,,0.5001672506332397,0.49962663650512695,0.5017443299293518,0.49917441606521606,0.5001236200332642
1,MIMAT0005824,GRIN2B,mir_to_gene,,1.0,1.0,1.0,1.0,1.0
1,MIMAT0005899,ATXN1,mir_to_gene,,0.24942001700401306,0.24850787222385406,0.2500002086162567,0.2490379363298416,0.25013402104377747
1,MIMAT0005899,TCF20,mir_to_gene,,1.0,1.0,1.0,1.0,1.0
1,MIMAT0005899,EFHD2,mir_to_gene,,1.0,1.0,1.0,1.0,1.0
1,MIMAT0004607,TPM3,mir_to_gene,,0.3335070013999939,0.3338809609413147,0.3333209455013275,0.3333664536476135,0.3334595859050751
1,MIMAT0004607,ERGIC1,mir_to_gene,,1.0,1.0,1.0,1.0,1.0
1,MIMAT0004607,ATP6V1A,mir_to_gene,,1.0,1.0,1.0,1.0,1.0
1,MIMAT0004607,CSNK2A1,mir_to_gene,,0.5005518794059753,0.5012016296386719,0.5001793503761292,0.5008208751678467,0.5000057816505432
1,MIMAT0004607,PEX5L,mir_to_gene,,1.0,1.0,1.0,1.0,1.0
1,MIMAT0004607,SLC46A1,mir_to_gene,,1.0,1.0,1.0,1.0,1.0
1,MIMAT0004607,CYBRD1,mir_to_gene,,1.0,1.0,1.0,1.0,1.0
1,MIMAT0004607,GNA13,mir_to_gene,,0.4997114837169647,0.49926435947418213,0.5000737905502319,0.49970415234565735,0.49980366230010986
1,MIMAT0004607,PAG1,mir_to_gene,,1.0,1.0,1.0,1.0,1.0
1,MIMAT0004607,MECP2,mir_to_gene,,0.5004186034202576,0.500963568687439,0.5001033544540405,0.5004765391349792,0.5001309514045715
1,MIMAT0004607,IGFBP4,mir_to_gene,,1.0,1.0,1.0,1.0,1.0
1,MIMAT0004607,YY1,mir_to_gene,,0.5003750324249268,0.5007956027984619,0.5003554224967957,0.5003557205200195,0.4999932646751404
1,MIMAT0004607,RSBN1,mir_to_gene,,1.0,1.0,1.0,1.0,1.0
1,MIMAT0000430,EIF4EBP1,mir_to_gene,,1.0,1.0,1.0,1.0,1.0
1,MIMAT0000430,RHOC,mir_to_gene,,1.0,1.0,1.0,1.0,1.0
1,MIMAT0000430,DMKN,mir_to_gene,,1.0,1.0,1.0,1.0,1.0
1,MIMAT0000430,DNAJB6,mir_to_gene,,0.5002795457839966,0.5010411143302917,0.4999329149723053,0.5002787709236145,0.4998652935028076
1,MIMAT0000430,NFKB1,mir_to_gene,,1.0,1.0,1.0,1.0,1.0
1,MIMAT0000430,LNPEP,mir_to_gene,,0.5006012916564941,0.5016195178031921,0.5006963610649109,0.5001475811004639,0.49994179606437683
1,MIMAT0000430,TERT,mir_to_gene,,1.0,1.0,1.0,1.0,1.0
1,MIMAT0000430,ZMYND11,mir_to_gene,,0.4998943507671356,0.50054931640625,0.49950188398361206,0.4998086392879486,0.49971747398376465
1,MIMAT0000430,EID1,mir_to_gene,,1.0,1.0,1.0,1.0,1.0
1,MIMAT0000430,YAP1,mir_to_gene,,1.0,1.0,1.0,1.0,1.0
1,MIMAT0000430,MXD1,mir_to_gene,,1.0,1.0,1.0,1.0,1.0
1,MIMAT0000430,MEAF6,mir_to_gene,,1.0,1.0,1.0,1.0,1.0
1,MIMAT0000430,IGF2BP1,mir_to_gene,,1.0,1.0,1.0,1.0,1.0
1,MIMAT0000430,BLCAP,mir_to_gene,,0.5001683831214905,0.5009728670120239,0.4993702173233032,0.5002111196517944,0.5001193284988403
1,MIMAT0000430,CELF1,mir_to_gene,,1.0,1.0,1.0,1.0,1.0
1,MIMAT0000430,S100A1,mir_to_gene,,1.0,1.0,1.0,1.0,1.0
1,MIMAT0000430,FOXC1,mir_to_gene,,1.0,1.0,1.0,1.0,1.0
1,MIMAT0000430,CDH2,mir_to_gene,,1.0,1.0,1.0,1.0,1.0
1,MIMAT0000430,RPA1,mir_to_gene,,1.0,1.0,1.0,1.0,1.0
1,MIMAT0000430,IGLON5,mir_to_gene,,1.0,1.0,1.0,1.0,1.0
1,MIMAT0000430,CCND1,mir_to_gene,,0.4997130334377289,0.4995083510875702,0.5000573396682739,0.4993634521961212,0.4999230206012726
1,MIMAT0000430,BCL11A,mir_to_gene,,1.0,1.0,1.0,1.0,1.0
1,MIMAT0000430,ZNF426,mir_to_gene,,1.0,1.0,1.0,1.0,1.0
1,MIMAT0000430,PHKG2,mir_to_gene,,1.0,1.0,1.0,1.0,1.0
1,MIMAT0000436,FNDC3A,mir_to_gene,,1.0,1.0,1.0,1.0,1.0
1,MIMAT0000436,IRS1,mir_to_gene,,1.0,1.0,1.0,1.0,1.0
1,MIMAT0000436,TEX9,mir_to_gene,,1.0,1.0,1.0,1.0,1.0
1,MIMAT0004600,ADARB2,mir_to_gene,,1.0,1.0,1.0,1.0,1.0
1,MIMAT0004600,SMAD4,mir_to_gene,,0.3333034813404083,0.333055317401886,0.3328988552093506,0.33397892117500305,0.3332808315753937
1,MIMAT0004600,SOD2,mir_to_gene,,0.20016837120056152,0.20034778118133545,0.19987882673740387,0.20047025382518768,0.19997663795948029
1,MIMAT0004600,BLMH,mir_to_gene,,1.0,1.0,1.0,1.0,1.0
1,MIMAT0004766,REL,mir_to_gene,,1.0,1.0,1.0,1.0,1.0
1,MIMAT0004766,ATXN1,mir_to_gene,,0.24988999962806702,0.24975062906742096,0.25002482533454895,0.25006935000419617,0.24971522390842438
1,MIMAT0004766,TPM3,mir_to_gene,,0.33308202028274536,0.33291101455688477,0.33330467343330383,0.33298251032829285,0.3331298828125
1,MIMAT0004766,KY,mir_to_gene,,1.0,1.0,1.0,1.0,1.0
1,MIMAT0004766,SLC12A7,mir_to_gene,,1.0,1.0,1.0,1.0,1.0
1,MIMAT0004766,KLHDC8B,mir_to_gene,,1.0,1.0,1.0,1.0,1.0
1,MIMAT0004766,POLR3G,mir_to_gene,,0.4995054304599762,0.4985354542732239,0.5005302429199219,0.4991523325443268,0.49980366230010986
1,MIMAT0004766,BIVM,mir_to_gene,,1.0,1.0,1.0,1.0,1.0
1,MIMAT0004766,PTGS1,mir_to_gene,,1.0,1.0,1.0,1.0,1.0
1,MIMAT0004766,OLFML2A,mir_to_gene,,1.0,1.0,1.0,1.0,1.0
1,MIMAT0004766,APOL6,mir_to_gene,,1.0,1.0,1.0,1.0,1.0
1,MIMAT0004766,BLCAP,mir_to_gene,,0.49983158707618713,0.4990271329879761,0.500629723072052,0.49978888034820557,0.49988067150115967
1,MIMAT0004766,RAB8A,mir_to_gene,,1.0,1.0,1.0,1.0,1.0
1,MIMAT0004766,MAT2A,mir_to_gene,,1.0,1.0,1.0,1.0,1.0
1,MIMAT0004766,LSM4,mir_to_gene,,1.0,1.0,1.0,1.0,1.0
1,MIMAT0004766,LIMD1,mir_to_gene,,0.5005191564559937,0.5006884932518005,0.5011804699897766,0.5005117058753967,0.49969592690467834
1,MIMAT0004766,ZNF551,mir_to_gene,,1.0,1.0,1.0,1.0,1.0
1,MIMAT0004766,CPEB4,mir_to_gene,,1.0,1.0,1.0,1.0,1.0
1,MIMAT0004766,GANAB,mir_to_gene,,0.5000441074371338,0.5000682473182678,0.5002943277359009,0.5000676512718201,0.4997459650039673
1,MIMAT0004766,GK5,mir_to_gene,,1.0,1.0,1.0,1.0,1.0
1,MIMAT0002809,USP48,mir_to_gene,,0.4995933771133423,0.49827560782432556,0.5009134411811829,0.4990323781967163,0.500152051448822
1,MIMAT0002809,LIMD2,mir_to_gene,,1.0,1.0,1.0,1.0,1.0
1,MIMAT0002809,TMEM167A,mir_to_gene,,0.3331681787967682,0.3324812948703766,0.3338688313961029,0.33287981152534485,0.3334428369998932
1,MIMAT0002809,RUFY2,mir_to_gene,,1.0,1.0,1.0,1.0,1.0
1,MIMAT0002809,ZNRF3,mir_to_gene,,1.0,1.0,1.0,1.0,1.0
1,MIMAT0002809,ARL8A,mir_to_gene,,1.0,1.0,1.0,1.0,1.0
1,MIMAT0002809,TMPRSS5,mir_to_gene,,1.0,1.0,1.0,1.0,1.0
1,MIMAT0002809,PMAIP1,mir_to_gene,,1.0,1.0,1.0,1.0,1.0
1,MIMAT0002809,PPP1R11,mir_to_gene,,0.3334185481071472,0.3332377076148987,0.3336641192436218,0.3333405554294586,0.33343181014060974
1,MIMAT0002809,KCTD15,mir_to_gene,,0.4997451901435852,0.49951720237731934,0.49994710087776184,0.49937868118286133,0.5001378059387207
1,MIMAT0002809,CCDC6,mir_to_gene,,1.0,1.0,1.0,1.0,1.0
1,MIMAT0002809,AKAP8,mir_to_gene,,1.0,1.0,1.0,1.0,1.0
1,MIMAT0002809,NOVA1,mir_to_gene,,1.0,1.0,1.0,1.0,1.0
1,MIMAT0002809,TRAF6,mir_to_gene,,1.0,1.0,1.0,1.0,1.0
1,MIMAT0002809,GXYLT2,mir_to_gene,,1.0,1.0,1.0,1.0,1.0
1,MIMAT0002809,ZNF629,mir_to_gene,,1.0,1.0,1.0,1.0,1.0
1,MIMAT0002809,UMPS,mir_to_gene,,1.0,1.0,1.0,1.0,1.0
1,MIMAT0000262,MRO,mir_to_gene,,1.0,1.0,1.0,1.0,1.0
1,MIMAT0000262,NDUFB5,mir_to_gene,,1.0,1.0,1.0,1.0,1.0
1,MIMAT0000461,KIF21A,mir_to_gene,,1.0,1.0,1.0,1.0,1.0
1,MIMAT0000461,SBNO1,mir_to_gene,,1.0,1.0,1.0,1.0,1.0
1,MIMAT0000461,ACVR2A,mir_to_gene,,1.0,1.0,1.0,1.0,1.0
1,MIMAT0000461,GPR27,mir_to_gene,,1.0,1.0,1.0,1.0,1.0
1,MIMAT0000461,TCF3,mir_to_gene,,1.0,1.0,1.0,1.0,1.0
1,MIMAT0000461,BCL2,mir_to_gene,,1.0,1.0,1.0,1.0,1.0
1,MIMAT0000461,KANK1,mir_to_gene,,1.0,1.0,1.0,1.0,1.0
1,MIMAT0000461,FGF2,mir_to_gene,,0.3333762288093567,0.3333492875099182,0.33346572518348694,0.3334032893180847,0.3332865834236145
1,MIMAT0000461,ZNF275,mir_to_gene,,0.33286184072494507,0.33213067054748535,0.33326831459999084,0.33294859528541565,0.3330997824668884
1,MIMAT0000461,TMEM135,mir_to_gene,,1.0,1.0,1.0,1.0,1.0
1,MIMAT0000461,GOSR1,mir_to_gene,,1.0,1.0,1.0,1.0,1.0
1,MIMAT0000461,GNB1,mir_to_gene,,1.0,1.0,1.0,1.0,1.0
1,MIMAT0000461,PLEKHA1,mir_to_gene,,1.0,1.0,1.0,1.0,1.0
1,MIMAT0000461,AVL9,mir_to_gene,,1.0,1.0,1.0,1.0,1.0
1,MIMAT0000461,HNRNPA2B1,mir_to_gene,,1.0,1.0,1.0,1.0,1.0
1,MIMAT0000461,MTHFR,mir_to_gene,,1.0,1.0,1.0,1.0,1.0
1,MIMAT0000461,CHEK1,mir_to_gene,,1.0,1.0,1.0,1.0,1.0
1,MIMAT0000461,TBL1XR1,mir_to_gene,,1.0,1.0,1.0,1.0,1.0
1,MIMAT0000461,RASEF,mir_to_gene,,1.0,1.0,1.0,1.0,1.0
1,MIMAT0000461,TAB3,mir_to_gene,,1.0,1.0,1.0,1.0,1.0
1,MIMAT0000461,CPNE1,mir_to_gene,,1.0,1.0,1.0,1.0,1.0
1,MIMAT0000461,LRRC57,mir_to_gene,,1.0,1.0,1.0,1.0,1.0
1,MIMAT0000461,LSM11,mir_to_gene,,1.0,1.0,1.0,1.0,1.0
1,MIMAT0000461,RAB3IP,mir_to_gene,,0.4994371235370636,0.49829918146133423,0.500460684299469,0.498963862657547,0.5000247955322266
1,MIMAT0000461,CBFA2T3,mir_to_gene,,1.0,1.0,1.0,1.0,1.0
1,MIMAT0000461,DICER1,mir_to_gene,,0.4995611011981964,0.4993401765823364,0.4996758699417114,0.4994090497493744,0.499819278717041
1,MIMAT0000461,SMURF1,mir_to_gene,,1.0,1.0,1.0,1.0,1.0
1,MIMAT0000461,RASSF5,mir_to_gene,,1.0,1.0,1.0,1.0,1.0
1,MIMAT0000461,GNAL,mir_to_gene,,1.0,1.0,1.0,1.0,1.0
1,MIMAT0000461,BSG,mir_to_gene,,0.4997633695602417,0.49896812438964844,0.5001747012138367,0.49981024861335754,0.5001003742218018
1,MIMAT0000461,UBE2V1,mir_to_gene,,0.49953609704971313,0.4995408058166504,0.4992828667163849,0.49931010603904724,0.50001060962677
1,MIMAT0000461,CCDC80,mir_to_gene,,0.3333497643470764,0.3333492875099182,0.33335983753204346,0.3334032893180847,0.3332865834236145
1,MIMAT0000461,CYLD,mir_to_gene,,1.0,1.0,1.0,1.0,1.0
1,MIMAT0000461,ZBTB34,mir_to_gene,,0.5001884698867798,0.49997034668922424,0.5009769201278687,0.4998895525932312,0.49991700053215027
1,MIMAT0000461,SEC61A1,mir_to_gene,,1.0,1.0,1.0,1.0,1.0
1,MIMAT0000461,HEYL,mir_to_gene,,1.0,1.0,1.0,1.0,1.0
1,MIMAT0000461,TSC22D2,mir_to_gene,,0.3332734704017639,0.33299174904823303,0.3334980607032776,0.33323052525520325,0.3333735167980194
1,MIMAT0000461,CPEB3,mir_to_gene,,1.0,1.0,1.0,1.0,1.0
1,MIMAT0000461,WIPI2,mir_to_gene,,1.0,1.0,1.0,1.0,1.0
1,MIMAT0000461,SERBP1,mir_to_gene,,1.0,1.0,1.0,1.0,1.0
1,MIMAT0000461,AKAP11,mir_to_gene,,1.0,1.0,1.0,1.0,1.0
1,MIMAT0000461,CDC37L1,mir_to_gene,,1.0,1.0,1.0,1.0,1.0
1,MIMAT0000461,STX17,mir_to_gene,,1.0,1.0,1.0,1.0,1.0
1,MIMAT0000461,RFK,mir_to_gene,,1.0,1.0,1.0,1.0,1.0
1,MIMAT0000461,PDE4D,mir_to_gene,,1.0,1.0,1.0,1.0,1.0
1,MIMAT0000461,BAG4,mir_to_gene,,1.0,1.0,1.0,1.0,1.0
1,MIMAT0000461,BZW1,mir_to_gene,,1.0,1.0,1.0,1.0,1.0
1,MIMAT0000461,CCNE1,mir_to_gene,,1.0,1.0,1.0,1.0,1.0
1,MIMAT0000461,CCNT1,mir_to_gene,,0.49928951263427734,0.4983007609844208,0.4998520612716675,0.4992276132106781,0.49977749586105347
1,MIMAT0000461,CCNT2,mir_to_gene,,0.49996837973594666,0.4988234341144562,0.5009824633598328,0.5000208020210266,0.5000468492507935
1,MIMAT0000461,TPI1,mir_to_gene,,1.0,1.0,1.0,1.0,1.0
1,MIMAT0000461,SHOC2,mir_to_gene,,1.0,1.0,1.0,1.0,1.0
1,MIMAT0000461,DNAJC10,mir_to_gene,,0.4994371235370636,0.49829918146133423,0.500460684299469,0.498963862657547,0.5000247955322266
1,MIMAT0000461,ABCB7,mir_to_gene,,1.0,1.0,1.0,1.0,1.0
1,MIMAT0000461,CDV3,mir_to_gene,,1.0,1.0,1.0,1.0,1.0
1,MIMAT0000461,ETNK1,mir_to_gene,,1.0,1.0,1.0,1.0,1.0
1,MIMAT0000461,C21orf62,mir_to_gene,,0.49996837973594666,0.4988234341144562,0.5009824633598328,0.5000208020210266,0.5000468492507935
1,MIMAT0000461,MIB1,mir_to_gene,,1.0,1.0,1.0,1.0,1.0
1,MIMAT0000461,TAOK1,mir_to_gene,,0.5001111030578613,0.49993661046028137,0.500617265701294,0.5000351667404175,0.49985551834106445
1,MIMAT0000461,RPRD1B,mir_to_gene,,1.0,1.0,1.0,1.0,1.0
1,MIMAT0000461,PPP1R11,mir_to_gene,,0.3332102298736572,0.3332691490650177,0.3330604135990143,0.33324918150901794,0.333262175321579
1,MIMAT0000461,HAUS3,mir_to_gene,,1.0,1.0,1.0,1.0,1.0
1,MIMAT0000461,DCAF17,mir_to_gene,,1.0,1.0,1.0,1.0,1.0
1,MIMAT0000461,GABARAPL1,mir_to_gene,,1.0,1.0,1.0,1.0,1.0
1,MIMAT0000461,LUZP1,mir_to_gene,,1.0,1.0,1.0,1.0,1.0
1,MIMAT0000461,SMAD3,mir_to_gene,,1.0,1.0,1.0,1.0,1.0
1,MIMAT0000461,TKTL1,mir_to_gene,,1.0,1.0,1.0,1.0,1.0
1,MIMAT0000461,VEGFA,mir_to_gene,,0.49991148710250854,0.49983200430870056,0.4999677240848541,0.4998791813850403,0.4999670684337616
1,MIMAT0000461,MECP2,mir_to_gene,,0.49958139657974243,0.49903640151023865,0.4998966455459595,0.49952346086502075,0.49986910820007324
1,MIMAT0000461,THRAP3,mir_to_gene,,1.0,1.0,1.0,1.0,1.0
1,MIMAT0000461,CD180,mir_to_gene,,0.49953609704971313,0.4995408058166504,0.4992828667163849,0.49931013584136963,0.50001060962677
1,MIMAT0000461,ACTR2,mir_to_gene,,1.0,1.0,1.0,1.0,1.0
1,MIMAT0000461,ARIH1,mir_to_gene,,1.0,1.0,1.0,1.0,1.0
1,MIMAT0000461,PURA,mir_to_gene,,1.0,1.0,1.0,1.0,1.0
1,MIMAT0000461,MLLT6,mir_to_gene,,1.0,1.0,1.0,1.0,1.0
1,MIMAT0000461,PSKH1,mir_to_gene,,1.0,1.0,1.0,1.0,1.0
1,MIMAT0000461,YWHAQ,mir_to_gene,,1.0,1.0,1.0,1.0,1.0
1,MIMAT0000461,VPS4A,mir_to_gene,,1.0,1.0,1.0,1.0,1.0
1,MIMAT0000461,RACGAP1,mir_to_gene,,0.4994371235370636,0.49829918146133423,0.500460684299469,0.498963862657547,0.5000247955322266
1,MIMAT0000461,VCL,mir_to_gene,,1.0,1.0,1.0,1.0,1.0
1,MIMAT0000461,SOCS5,mir_to_gene,,0.4994371235370636,0.49829918146133423,0.500460684299469,0.498963862657547,0.5000247955322266
1,MIMAT0000461,OCRL,mir_to_gene,,1.0,1.0,1.0,1.0,1.0
1,MIMAT0000461,KPNA1,mir_to_gene,,1.0,1.0,1.0,1.0,1.0
1,MIMAT0000461,PAFAH1B2,mir_to_gene,,1.0,1.0,1.0,1.0,1.0
1,MIMAT0000461,CCL4,mir_to_gene,,1.0,1.0,1.0,1.0,1.0
1,MIMAT0000461,SNCG,mir_to_gene,,1.0,1.0,1.0,1.0,1.0
1,MIMAT0000461,CREG1,mir_to_gene,,1.0,1.0,1.0,1.0,1.0
1,MIMAT0000461,ARHGDIA,mir_to_gene,,1.0,1.0,1.0,1.0,1.0
1,MIMAT0000461,MAP4K2,mir_to_gene,,1.0,1.0,1.0,1.0,1.0
1,MIMAT0000461,RAPH1,mir_to_gene,,1.0,1.0,1.0,1.0,1.0
1,MIMAT0000461,MAFK,mir_to_gene,,1.0,1.0,1.0,1.0,1.0
1,MIMAT0000461,ENTPD6,mir_to_gene,,1.0,1.0,1.0,1.0,1.0
1,MIMAT0000461,APP,mir_to_gene,,0.4995611011981964,0.4993401765823364,0.4996758699417114,0.4994090497493744,0.499819278717041
1,MIMAT0000461,SH3BGRL2,mir_to_gene,,1.0,1.0,1.0,1.0,1.0
1,MIMAT0000461,KATNAL1,mir_to_gene,,0.49934500455856323,0.49829918146133423,0.5000921487808228,0.498963862657547,0.5000247955322266
1,MIMAT0000461,GNAT1,mir_to_gene,,1.0,1.0,1.0,1.0,1.0
1,MIMAT0000461,ZNF585B,mir_to_gene,,1.0,1.0,1.0,1.0,1.0
1,MIMAT0000461,YTHDC1,mir_to_gene,,1.0,1.0,1.0,1.0,1.0
1,MIMAT0000461,ZNF284,mir_to_gene,,1.0,1.0,1.0,1.0,1.0
1,MIMAT0000232,TSPAN3,mir_to_gene,,0.5,0.5,0.5,0.5,0.5
1,MIMAT0000232,FGF2,mir_to_gene,,0.33331188559532166,0.3333253264427185,0.3332671523094177,0.33329835534095764,0.33335670828819275
1,MIMAT0000232,LIN54,mir_to_gene,,0.5,0.5,0.5,0.5,0.5
1,MIMAT0000232,CCDC80,mir_to_gene,,0.3333251178264618,0.3333253264427185,0.33332011103630066,0.33329835534095764,0.33335670828819275
1,MIMAT0000232,CCNL1,mir_to_gene,,0.2500084936618805,0.2500084936618805,0.24999602138996124,0.250016450881958,0.25001296401023865
1,MIMAT0000232,FOXA2,mir_to_gene,,1.0,1.0,1.0,1.0,1.0
1,MIMAT0000232,TFAM,mir_to_gene,,0.49989303946495056,0.49981406331062317,0.49993792176246643,0.499800443649292,0.5000196695327759
1,MIMAT0000232,MET,mir_to_gene,,0.5,0.5,0.5,0.5,0.5
1,MIMAT0000232,MAPK9,mir_to_gene,,0.49932652711868286,0.49828121066093445,0.5000623464584351,0.4988851547241211,0.5000774264335632
1,MIMAT0000232,SOD2,mir_to_gene,,0.19974473118782043,0.19943374395370483,0.2000238299369812,0.19952569901943207,0.19999566674232483
1,MIMAT0000232,HGF,mir_to_gene,,1.0,1.0,1.0,1.0,1.0
1,MIMAT0000232,PAK4,mir_to_gene,,0.5,0.5,0.5,0.5,0.5
1,MIMAT0004563,TSPAN3,mir_to_gene,,0.5,0.5,0.5,0.5,0.5
1,MIMAT0004563,FGF2,mir_to_gene,,0.33331188559532166,0.3333253264427185,0.3332671523094177,0.33329835534095764,0.33335670828819275
1,MIMAT0004563,LIN54,mir_to_gene,,0.5,0.5,0.5,0.5,0.5
1,MIMAT0004563,CCDC80,mir_to_gene,,0.3333251178264618,0.3333253264427185,0.33332011103630066,0.33329835534095764,0.33335670828819275
1,MIMAT0004563,CCNL1,mir_to_gene,,0.2500084936618805,0.2500084936618805,0.24999602138996124,0.250016450881958,0.25001296401023865
1,MIMAT0004563,MET,mir_to_gene,,0.5,0.5,0.5,0.5,0.5
1,MIMAT0004563,SOD2,mir_to_gene,,0.19974473118782043,0.19943374395370483,0.2000238299369812,0.19952569901943207,0.19999566674232483
1,MIMAT0004563,PAK4,mir_to_gene,,0.5,0.5,0.5,0.5,0.5
1,MIMAT0000263,ZNF394,mir_to_gene,,1.0,1.0,1.0,1.0,1.0
1,MIMAT0000263,JAG1,mir_to_gene,,1.0,1.0,1.0,1.0,1.0
1,MIMAT0000263,CSGALNACT1,mir_to_gene,,1.0,1.0,1.0,1.0,1.0
1,MIMAT0000263,CSNK2A1,mir_to_gene,,0.49944809079170227,0.49879834055900574,0.49982067942619324,0.4991791248321533,0.4999941885471344
1,MIMAT0000263,EXTL3,mir_to_gene,,1.0,1.0,1.0,1.0,1.0
1,MIMAT0000263,KIT,mir_to_gene,,0.4992673695087433,0.49875321984291077,0.4990362524986267,0.4995625615119934,0.4997173547744751
1,MIMAT0000263,CCNL1,mir_to_gene,,0.2498675137758255,0.24978847801685333,0.2499498426914215,0.24975097179412842,0.24998076260089874
1,MIMAT0000263,OXSR1,mir_to_gene,,1.0,1.0,1.0,1.0,1.0
1,MIMAT0000263,HES1,mir_to_gene,,1.0,1.0,1.0,1.0,1.0
1,MIMAT0000263,POLA2,mir_to_gene,,1.0,1.0,1.0,1.0,1.0
1,MIMAT0000263,PDE11A,mir_to_gene,,1.0,1.0,1.0,1.0,1.0
1,MIMAT0000263,ZNF846,mir_to_gene,,1.0,1.0,1.0,1.0,1.0
1,MIMAT0000263,CHCHD4,mir_to_gene,,1.0,1.0,1.0,1.0,1.0
1,MIMAT0000263,DDI2,mir_to_gene,,0.4991855025291443,0.4980611205101013,0.5000161528587341,0.49861952662467957,0.5000451803207397
1,MIMAT0000263,ZNF584,mir_to_gene,,1.0,1.0,1.0,1.0,1.0
1,MIMAT0000263,SLC26A2,mir_to_gene,,1.0,1.0,1.0,1.0,1.0
1,MIMAT0000263,PODXL,mir_to_gene,,0.4996437728404999,0.49959394335746765,0.49945876002311707,0.49953484535217285,0.4999874532222748
1,MIMAT0000265,ADAT2,mir_to_gene,,1.0,1.0,1.0,1.0,1.0
1,MIMAT0000265,ANKFY1,mir_to_gene,,1.0,1.0,1.0,1.0,1.0
1,MIMAT0000265,CHCHD3,mir_to_gene,,1.0,1.0,1.0,1.0,1.0
1,MIMAT0000265,CD44,mir_to_gene,,0.499910831451416,0.5010085701942444,0.4988560974597931,0.49985837936401367,0.4999202489852905
1,MIMAT0000265,MTA3,mir_to_gene,,1.0,1.0,1.0,1.0,1.0
1,MIMAT0000265,TLK2,mir_to_gene,,1.0,1.0,1.0,1.0,1.0
1,MIMAT0000265,HOXA10,mir_to_gene,,1.0,1.0,1.0,1.0,1.0
1,MIMAT0000265,ZBTB20,mir_to_gene,,1.0,1.0,1.0,1.0,1.0
1,MIMAT0000265,CTSC,mir_to_gene,,1.0,1.0,1.0,1.0,1.0
1,MIMAT0000265,CLNK,mir_to_gene,,1.0,1.0,1.0,1.0,1.0
1,MIMAT0000265,NR3C1,mir_to_gene,,1.0,1.0,1.0,1.0,1.0
1,MIMAT0000265,ENAH,mir_to_gene,,1.0,1.0,1.0,1.0,1.0
1,MIMAT0000265,LRRC55,mir_to_gene,,1.0,1.0,1.0,1.0,1.0
1,MIMAT0000265,CDH11,mir_to_gene,,1.0,1.0,1.0,1.0,1.0
1,MIMAT0000265,TCF4,mir_to_gene,,0.49946874380111694,0.49947574734687805,0.4994782507419586,0.498943030834198,0.4999779760837555
1,MIMAT0000265,SRGAP1,mir_to_gene,,1.0,1.0,1.0,1.0,1.0
1,MIMAT0000265,POU2F1,mir_to_gene,,0.49997711181640625,0.5010085701942444,0.4991212785243988,0.49985837936401367,0.4999202489852905
1,MIMAT0000265,TRPM3,mir_to_gene,,1.0,1.0,1.0,1.0,1.0
1,MIMAT0000265,SYT6,mir_to_gene,,1.0,1.0,1.0,1.0,1.0
1,MIMAT0000265,ATP2B1,mir_to_gene,,0.49946874380111694,0.49947574734687805,0.4994782507419586,0.498943030834198,0.4999779760837555
1,MIMAT0000265,CAMK2G,mir_to_gene,,1.0,1.0,1.0,1.0,1.0
1,MIMAT0000265,PRKAR1A,mir_to_gene,,1.0,1.0,1.0,1.0,1.0
1,MIMAT0000265,RUNX2,mir_to_gene,,1.0,1.0,1.0,1.0,1.0
1,MIMAT0000265,NTRK2,mir_to_gene,,1.0,1.0,1.0,1.0,1.0
1,MIMAT0000265,WNK3,mir_to_gene,,1.0,1.0,1.0,1.0,1.0
1,MIMAT0000265,CDH8,mir_to_gene,,1.0,1.0,1.0,1.0,1.0
1,MIMAT0000265,POU2F2,mir_to_gene,,1.0,1.0,1.0,1.0,1.0
1,MIMAT0000265,AGAP1,mir_to_gene,,0.49970778822898865,0.5001678466796875,0.49912700057029724,0.49988609552383423,0.49965009093284607
1,MIMAT0000265,IKZF2,mir_to_gene,,1.0,1.0,1.0,1.0,1.0
1,MIMAT0000265,ZNF385D,mir_to_gene,,1.0,1.0,1.0,1.0,1.0
1,MIMAT0000265,ZNF362,mir_to_gene,,1.0,1.0,1.0,1.0,1.0
1,MIMAT0000265,PHF13,mir_to_gene,,1.0,1.0,1.0,1.0,1.0
1,MIMAT0000265,ALDH1A2,mir_to_gene,,1.0,1.0,1.0,1.0,1.0
1,MIMAT0000265,ST3GAL1,mir_to_gene,,1.0,1.0,1.0,1.0,1.0
1,MIMAT0000265,B4GALNT3,mir_to_gene,,1.0,1.0,1.0,1.0,1.0
1,MIMAT0000265,OPN5,mir_to_gene,,1.0,1.0,1.0,1.0,1.0
1,MIMAT0000265,ZSCAN22,mir_to_gene,,1.0,1.0,1.0,1.0,1.0
1,MIMAT0000265,BCL9L,mir_to_gene,,1.0,1.0,1.0,1.0,1.0
1,MIMAT0000265,GALNT10,mir_to_gene,,1.0,1.0,1.0,1.0,1.0
1,MIMAT0000265,SFT2D2,mir_to_gene,,1.0,1.0,1.0,1.0,1.0
1,MIMAT0000265,CREB1,mir_to_gene,,1.0,1.0,1.0,1.0,1.0
1,MIMAT0000265,MBNL1,mir_to_gene,,1.0,1.0,1.0,1.0,1.0
1,MIMAT0000265,SEMA4G,mir_to_gene,,1.0,1.0,1.0,1.0,1.0
1,MIMAT0000265,PTPRT,mir_to_gene,,1.0,1.0,1.0,1.0,1.0
1,MIMAT0000265,CCR5,mir_to_gene,,1.0,1.0,1.0,1.0,1.0
1,MIMAT0000265,MAPRE2,mir_to_gene,,1.0,1.0,1.0,1.0,1.0
1,MIMAT0000265,SERP1,mir_to_gene,,1.0,1.0,1.0,1.0,1.0
1,MIMAT0000265,USP47,mir_to_gene,,1.0,1.0,1.0,1.0,1.0
1,MIMAT0000265,ZWILCH,mir_to_gene,,1.0,1.0,1.0,1.0,1.0
1,MIMAT0000265,PRLR,mir_to_gene,,1.0,1.0,1.0,1.0,1.0
1,MIMAT0000265,ZNF48,mir_to_gene,,1.0,1.0,1.0,1.0,1.0
1,MIMAT0000265,CCNT2,mir_to_gene,,0.5000316500663757,0.5011765360832214,0.49901750683784485,0.4999791979789734,0.49995318055152893
1,MIMAT0000265,AKAP1,mir_to_gene,,1.0,1.0,1.0,1.0,1.0
1,MIMAT0000265,SPIB,mir_to_gene,,1.0,1.0,1.0,1.0,1.0
1,MIMAT0000265,CDX2,mir_to_gene,,0.5002158284187317,0.5011131167411804,0.49992695450782776,0.5000143647193909,0.4998086988925934
1,MIMAT0000265,IL11,mir_to_gene,,1.0,1.0,1.0,1.0,1.0
1,MIMAT0000265,AKAP13,mir_to_gene,,1.0,1.0,1.0,1.0,1.0
1,MIMAT0000265,DPF3,mir_to_gene,,1.0,1.0,1.0,1.0,1.0
1,MIMAT0000265,ETF1,mir_to_gene,,1.0,1.0,1.0,1.0,1.0
1,MIMAT0000265,AP1S1,mir_to_gene,,1.0,1.0,1.0,1.0,1.0
1,MIMAT0000265,GTDC1,mir_to_gene,,1.0,1.0,1.0,1.0,1.0
1,MIMAT0000265,FARP1,mir_to_gene,,1.0,1.0,1.0,1.0,1.0
1,MIMAT0000265,SYNJ2BP,mir_to_gene,,1.0,1.0,1.0,1.0,1.0
1,MIMAT0000265,VN1R1,mir_to_gene,,1.0,1.0,1.0,1.0,1.0
1,MIMAT0000265,BCL7A,mir_to_gene,,1.0,1.0,1.0,1.0,1.0
1,MIMAT0000265,BACH2,mir_to_gene,,1.0,1.0,1.0,1.0,1.0
1,MIMAT0000265,MCL1,mir_to_gene,,1.0,1.0,1.0,1.0,1.0
1,MIMAT0000265,LRRC4,mir_to_gene,,1.0,1.0,1.0,1.0,1.0
1,MIMAT0000265,WWC2,mir_to_gene,,1.0,1.0,1.0,1.0,1.0
1,MIMAT0000265,SOST,mir_to_gene,,1.0,1.0,1.0,1.0,1.0
1,MIMAT0000265,BDNF,mir_to_gene,,1.0,1.0,1.0,1.0,1.0
1,MIMAT0000265,C21orf62,mir_to_gene,,0.5000316500663757,0.5011765360832214,0.49901750683784485,0.4999791979789734,0.49995318055152893
1,MIMAT0000265,USP14,mir_to_gene,,1.0,1.0,1.0,1.0,1.0
1,MIMAT0000265,SMAD4,mir_to_gene,,0.33292606472969055,0.33312374353408813,0.332918256521225,0.3324822783470154,0.3331799805164337
1,MIMAT0000265,MDFI,mir_to_gene,,1.0,1.0,1.0,1.0,1.0
1,MIMAT0000265,IPO7,mir_to_gene,,1.0,1.0,1.0,1.0,1.0
1,MIMAT0000265,TXNIP,mir_to_gene,,1.0,1.0,1.0,1.0,1.0
1,MIMAT0000265,ERF,mir_to_gene,,1.0,1.0,1.0,1.0,1.0
1,MIMAT0000265,WDR3,mir_to_gene,,1.0,1.0,1.0,1.0,1.0
1,MIMAT0000265,SERINC3,mir_to_gene,,1.0,1.0,1.0,1.0,1.0
1,MIMAT0000265,TPPP,mir_to_gene,,1.0,1.0,1.0,1.0,1.0
1,MIMAT0000265,PADI2,mir_to_gene,,1.0,1.0,1.0,1.0,1.0
1,MIMAT0000265,ANGPTL2,mir_to_gene,,1.0,1.0,1.0,1.0,1.0
1,MIMAT0000265,G3BP2,mir_to_gene,,0.33359867334365845,0.33460578322410583,0.33320751786231995,0.33335593342781067,0.33322545886039734
1,MIMAT0000265,ASGR1,mir_to_gene,,1.0,1.0,1.0,1.0,1.0
1,MIMAT0000265,GLP1R,mir_to_gene,,1.0,1.0,1.0,1.0,1.0
1,MIMAT0000265,SOX4,mir_to_gene,,0.4993210434913635,0.4994772970676422,0.49886953830718994,0.4992068111896515,0.49973064661026
1,MIMAT0000265,SP1,mir_to_gene,,1.0,1.0,1.0,1.0,1.0
1,MIMAT0000265,SPARC,mir_to_gene,,1.0,1.0,1.0,1.0,1.0
1,MIMAT0000265,HMGA2,mir_to_gene,,1.0,1.0,1.0,1.0,1.0
1,MIMAT0000265,STC2,mir_to_gene,,1.0,1.0,1.0,1.0,1.0
1,MIMAT0000265,SGPL1,mir_to_gene,,1.0,1.0,1.0,1.0,1.0
1,MIMAT0000265,EFNB2,mir_to_gene,,0.49957308173179626,0.49947574734687805,0.4998956322669983,0.498943030834198,0.4999779760837555
1,MIMAT0000265,BMPR1A,mir_to_gene,,1.0,1.0,1.0,1.0,1.0
1,MIMAT0000265,CDH1,mir_to_gene,,1.0,1.0,1.0,1.0,1.0
1,MIMAT0000265,CPT1B,mir_to_gene,,1.0,1.0,1.0,1.0,1.0
1,MIMAT0000265,ATF6B,mir_to_gene,,1.0,1.0,1.0,1.0,1.0
1,MIMAT0000265,EFNB1,mir_to_gene,,0.500139594078064,0.5010085701942444,0.49977120757102966,0.49985837936401367,0.4999202489852905
1,MIMAT0000265,MUC4,mir_to_gene,,1.0,1.0,1.0,1.0,1.0
1,MIMAT0000265,SYNGR1,mir_to_gene,,1.0,1.0,1.0,1.0,1.0
1,MIMAT0000265,CHCHD5,mir_to_gene,,1.0,1.0,1.0,1.0,1.0
1,MIMAT0000265,SORCS2,mir_to_gene,,1.0,1.0,1.0,1.0,1.0
1,MIMAT0000265,TGFBR1,mir_to_gene,,1.0,1.0,1.0,1.0,1.0
1,MIMAT0000265,SLC39A11,mir_to_gene,,0.4995676875114441,0.5007173418998718,0.49830037355422974,0.49928930401802063,0.4999637305736542
1,MIMAT0000265,PLAG1,mir_to_gene,,1.0,1.0,1.0,1.0,1.0
1,MIMAT0000265,ELOVL6,mir_to_gene,,1.0,1.0,1.0,1.0,1.0
1,MIMAT0000265,CACNG8,mir_to_gene,,1.0,1.0,1.0,1.0,1.0
1,MIMAT0000265,RAB11FIP4,mir_to_gene,,1.0,1.0,1.0,1.0,1.0
1,MIMAT0000265,CDC42,mir_to_gene,,1.0,1.0,1.0,1.0,1.0
1,MIMAT0000265,MYO18A,mir_to_gene,,1.0,1.0,1.0,1.0,1.0
1,MIMAT0000265,TSC22D2,mir_to_gene,,0.33357810974121094,0.3345625698566437,0.3332360088825226,0.3332028090953827,0.3333110809326172
1,MIMAT0000265,IGFBP2,mir_to_gene,,1.0,1.0,1.0,1.0,1.0
1,MIMAT0000265,CYBB,mir_to_gene,,1.0,1.0,1.0,1.0,1.0
1,MIMAT0000265,IGFBP5,mir_to_gene,,1.0,1.0,1.0,1.0,1.0
1,MIMAT0000265,PPP3R1,mir_to_gene,,1.0,1.0,1.0,1.0,1.0
1,MIMAT0000265,PLCXD3,mir_to_gene,,1.0,1.0,1.0,1.0,1.0
1,MIMAT0000265,SAMD5,mir_to_gene,,1.0,1.0,1.0,1.0,1.0
1,MIMAT0000265,SMOC1,mir_to_gene,,1.0,1.0,1.0,1.0,1.0
1,MIMAT0001413,WDR89,mir_to_gene,,1.0,1.0,1.0,1.0,1.0
1,MIMAT0001413,ZNF264,mir_to_gene,,0.5007097721099854,0.5013618469238281,0.4999708831310272,0.50152587890625,0.4999803602695465
1,MIMAT0001413,ACBD5,mir_to_gene,,1.0,1.0,1.0,1.0,1.0
1,MIMAT0001413,GPRIN3,mir_to_gene,,1.0,1.0,1.0,1.0,1.0
1,MIMAT0001413,FMNL3,mir_to_gene,,1.0,1.0,1.0,1.0,1.0
1,MIMAT0001413,TRAPPC2,mir_to_gene,,0.5001944303512573,0.5003318786621094,0.49969348311424255,0.5007651448249817,0.4999872148036957
1,MIMAT0001413,DCAF8,mir_to_gene,,1.0,1.0,1.0,1.0,1.0
1,MIMAT0001413,SH3GLB1,mir_to_gene,,1.0,1.0,1.0,1.0,1.0
1,MIMAT0001413,GNPTAB,mir_to_gene,,1.0,1.0,1.0,1.0,1.0
1,MIMAT0001413,F2RL3,mir_to_gene,,1.0,1.0,1.0,1.0,1.0
1,MIMAT0001413,VPS53,mir_to_gene,,0.5000656843185425,0.5006920695304871,0.4989553689956665,0.5009430646896362,0.49967214465141296
1,MIMAT0001413,ITGB1,mir_to_gene,,1.0,1.0,1.0,1.0,1.0
1,MIMAT0001413,NHLRC3,mir_to_gene,,1.0,1.0,1.0,1.0,1.0
1,MIMAT0001413,SEC16A,mir_to_gene,,1.0,1.0,1.0,1.0,1.0
1,MIMAT0001413,QSOX1,mir_to_gene,,0.5004183650016785,0.5006689429283142,0.5000825524330139,0.5008463859558105,0.5000755786895752
1,MIMAT0001413,CCND1,mir_to_gene,,0.5002869963645935,0.5004916787147522,0.4999426603317261,0.5006365776062012,0.500076949596405
1,MIMAT0001413,CNKSR3,mir_to_gene,,1.0,1.0,1.0,1.0,1.0
1,MIMAT0001413,POFUT1,mir_to_gene,,1.0,1.0,1.0,1.0,1.0
1,MIMAT0001413,F2RL1,mir_to_gene,,1.0,1.0,1.0,1.0,1.0
1,MIMAT0001413,SERF1A,mir_to_gene,,1.0,1.0,1.0,1.0,1.0
1,MIMAT0001413,IQSEC1,mir_to_gene,,1.0,1.0,1.0,1.0,1.0
1,MIMAT0001413,RABGAP1L,mir_to_gene,,1.0,1.0,1.0,1.0,1.0
1,MIMAT0001413,WDR53,mir_to_gene,,1.0,1.0,1.0,1.0,1.0
1,MIMAT0001413,USP28,mir_to_gene,,1.0,1.0,1.0,1.0,1.0
1,MIMAT0001413,CAMTA1,mir_to_gene,,0.5004420876502991,0.5015328526496887,0.49937787652015686,0.5009152889251709,0.49994227290153503
1,MIMAT0001413,SAMD12,mir_to_gene,,1.0,1.0,1.0,1.0,1.0
1,MIMAT0001413,KLRD1,mir_to_gene,,1.0,1.0,1.0,1.0,1.0
1,MIMAT0001413,KIF6,mir_to_gene,,1.0,1.0,1.0,1.0,1.0
1,MIMAT0001413,ATXN1,mir_to_gene,,0.25046753883361816,0.2512179911136627,0.2498219609260559,0.2509187161922455,0.2499113827943802
1,MIMAT0001413,PSD3,mir_to_gene,,1.0,1.0,1.0,1.0,1.0
1,MIMAT0001413,REST,mir_to_gene,,0.5006493926048279,0.5016374588012695,0.5000582337379456,0.5010713338851929,0.4998306930065155
1,MIMAT0001413,MFSD8,mir_to_gene,,1.0,1.0,1.0,1.0,1.0
1,MIMAT0001413,SLC12A6,mir_to_gene,,1.0,1.0,1.0,1.0,1.0
1,MIMAT0001413,RGMB,mir_to_gene,,1.0,1.0,1.0,1.0,1.0
1,MIMAT0001413,ATP2B1,mir_to_gene,,0.5005312561988831,0.5005242824554443,0.5005217790603638,0.5010569095611572,0.5000220537185669
1,MIMAT0001413,SOCS7,mir_to_gene,,1.0,1.0,1.0,1.0,1.0
1,MIMAT0001413,OCIAD1,mir_to_gene,,1.0,1.0,1.0,1.0,1.0
1,MIMAT0001413,AGFG2,mir_to_gene,,1.0,1.0,1.0,1.0,1.0
1,MIMAT0001413,TMEM67,mir_to_gene,,1.0,1.0,1.0,1.0,1.0
1,MIMAT0001413,INPP5F,mir_to_gene,,1.0,1.0,1.0,1.0,1.0
1,MIMAT0001413,WAC,mir_to_gene,,1.0,1.0,1.0,1.0,1.0
1,MIMAT0001413,WEE1,mir_to_gene,,1.0,1.0,1.0,1.0,1.0
1,MIMAT0001413,PAFAH1B1,mir_to_gene,,1.0,1.0,1.0,1.0,1.0
1,MIMAT0001413,GRK7,mir_to_gene,,1.0,1.0,1.0,1.0,1.0
1,MIMAT0001413,NR2C2,mir_to_gene,,1.0,1.0,1.0,1.0,1.0
1,MIMAT0001413,GAB1,mir_to_gene,,1.0,1.0,1.0,1.0,1.0
1,MIMAT0001413,DUSP18,mir_to_gene,,0.5007155537605286,0.5013618469238281,0.4999941885471344,0.50152587890625,0.4999803602695465
1,MIMAT0001413,ABHD2,mir_to_gene,,1.0,1.0,1.0,1.0,1.0
1,MIMAT0001413,N4BP1,mir_to_gene,,1.0,1.0,1.0,1.0,1.0
1,MIMAT0001413,MTMR3,mir_to_gene,,1.0,1.0,1.0,1.0,1.0
1,MIMAT0001413,ZDHHC20,mir_to_gene,,1.0,1.0,1.0,1.0,1.0
1,MIMAT0001413,PGM2L1,mir_to_gene,,0.5001944303512573,0.5003318786621094,0.49969348311424255,0.5007651448249817,0.4999872148036957
1,MIMAT0001413,TMEM167A,mir_to_gene,,0.3337111473083496,0.33478254079818726,0.33265116810798645,0.33417069911956787,0.3332401216030121
1,MIMAT0001413,RAB3IP,mir_to_gene,,0.500562846660614,0.5017008185386658,0.4995392858982086,0.5010361671447754,0.49997517466545105
1,MIMAT0001413,NCOA3,mir_to_gene,,1.0,1.0,1.0,1.0,1.0
1,MIMAT0001413,UBXN2A,mir_to_gene,,1.0,1.0,1.0,1.0,1.0
1,MIMAT0001413,PRNP,mir_to_gene,,0.5001944303512573,0.5003318786621094,0.49969348311424255,0.5007651448249817,0.4999872148036957
1,MIMAT0001413,BTN3A1,mir_to_gene,,1.0,1.0,1.0,1.0,1.0
1,MIMAT0001413,ABHD15,mir_to_gene,,1.0,1.0,1.0,1.0,1.0
1,MIMAT0001413,STAC2,mir_to_gene,,1.0,1.0,1.0,1.0,1.0
1,MIMAT0001413,POLQ,mir_to_gene,,1.0,1.0,1.0,1.0,1.0
1,MIMAT0001413,DSTYK,mir_to_gene,,1.0,1.0,1.0,1.0,1.0
1,MIMAT0001413,ZBTB37,mir_to_gene,,0.3337962031364441,0.3347538709640503,0.33310142159461975,0.3341354727745056,0.3331940770149231
1,MIMAT0001413,A1CF,mir_to_gene,,1.0,1.0,1.0,1.0,1.0
1,MIMAT0001413,POLR3G,mir_to_gene,,0.5004945993423462,0.5014645457267761,0.4994697570800781,0.5008476972579956,0.5001962780952454
1,MIMAT0001413,FHDC1,mir_to_gene,,1.0,1.0,1.0,1.0,1.0
1,MIMAT0001413,AAK1,mir_to_gene,,1.0,1.0,1.0,1.0,1.0
1,MIMAT0001413,MAP3K2,mir_to_gene,,0.5000656843185425,0.5006920695304871,0.4989553689956665,0.5009430646896362,0.4996721148490906
1,MIMAT0001413,RBM12B,mir_to_gene,,0.5008309483528137,0.5021111369132996,0.5004096627235413,0.500784158706665,0.5000187754631042
1,MIMAT0001413,HIP1,mir_to_gene,,1.0,1.0,1.0,1.0,1.0
1,MIMAT0001413,CAPRIN2,mir_to_gene,,1.0,1.0,1.0,1.0,1.0
1,MIMAT0001413,ELAVL2,mir_to_gene,,1.0,1.0,1.0,1.0,1.0
1,MIMAT0001413,DPYSL2,mir_to_gene,,1.0,1.0,1.0,1.0,1.0
1,MIMAT0001413,SLC7A11,mir_to_gene,,1.0,1.0,1.0,1.0,1.0
1,MIMAT0001413,RNF115,mir_to_gene,,1.0,1.0,1.0,1.0,1.0
1,MIMAT0001413,SLK,mir_to_gene,,1.0,1.0,1.0,1.0,1.0
1,MIMAT0001413,PLEKHM1,mir_to_gene,,1.0,1.0,1.0,1.0,1.0
1,MIMAT0001413,MLXIP,mir_to_gene,,1.0,1.0,1.0,1.0,1.0
1,MIMAT0001413,FBXO21,mir_to_gene,,0.5001239776611328,0.5010409951210022,0.49921518564224243,0.5004451870918274,0.49979445338249207
1,MIMAT0001413,TNRC6B,mir_to_gene,,0.49985232949256897,0.5000016093254089,0.4993913173675537,0.5002637505531311,0.4997526705265045
1,MIMAT0001413,WSB1,mir_to_gene,,1.0,1.0,1.0,1.0,1.0
1,MIMAT0001413,IRAK4,mir_to_gene,,1.0,1.0,1.0,1.0,1.0
1,MIMAT0001413,GNB5,mir_to_gene,,1.0,1.0,1.0,1.0,1.0
1,MIMAT0001413,TLR7,mir_to_gene,,1.0,1.0,1.0,1.0,1.0
1,MIMAT0001413,ERGIC2,mir_to_gene,,1.0,1.0,1.0,1.0,1.0
1,MIMAT0001413,WDR1,mir_to_gene,,1.0,1.0,1.0,1.0,1.0
1,MIMAT0001413,HIF1AN,mir_to_gene,,0.4999740719795227,0.5000016093254089,0.49987828731536865,0.5002637505531311,0.4997526705265045
1,MIMAT0001413,FKBP14,mir_to_gene,,1.0,1.0,1.0,1.0,1.0
1,MIMAT0001413,RAB42,mir_to_gene,,1.0,1.0,1.0,1.0,1.0
1,MIMAT0001413,LDLR,mir_to_gene,,1.0,1.0,1.0,1.0,1.0
1,MIMAT0001413,BTN3A2,mir_to_gene,,1.0,1.0,1.0,1.0,1.0
1,MIMAT0001413,C18orf32,mir_to_gene,,0.5004420876502991,0.5015328526496887,0.49937787652015686,0.5009152889251709,0.49994227290153503
1,MIMAT0001413,DCTN5,mir_to_gene,,1.0,1.0,1.0,1.0,1.0
1,MIMAT0001413,DNAL1,mir_to_gene,,0.5008309483528137,0.5021111369132996,0.5004096627235413,0.500784158706665,0.5000187754631042
1,MIMAT0001413,BCL2L11,mir_to_gene,,0.33374127745628357,0.33436909317970276,0.3332543671131134,0.3342292308807373,0.3331123888492584
1,MIMAT0001413,TCF4,mir_to_gene,,0.5005312561988831,0.5005242824554443,0.5005217790603638,0.5010569095611572,0.5000220537185669
1,MIMAT0001413,CFL2,mir_to_gene,,1.0,1.0,1.0,1.0,1.0
1,MIMAT0001413,BTF3L4,mir_to_gene,,1.0,1.0,1.0,1.0,1.0
1,MIMAT0001413,RAB5B,mir_to_gene,,0.5003345012664795,0.5012416243553162,0.49976441264152527,0.500346302986145,0.4999857544898987
1,MIMAT0001413,SLC4A7,mir_to_gene,,1.0,1.0,1.0,1.0,1.0
1,MIMAT0001413,CDK6,mir_to_gene,,0.25029581785202026,0.2509550154209137,0.24987077713012695,0.2504268288612366,0.24993062019348145
1,MIMAT0001413,TTPAL,mir_to_gene,,1.0,1.0,1.0,1.0,1.0
1,MIMAT0001413,DNAJC10,mir_to_gene,,0.500562846660614,0.5017008185386658,0.4995392858982086,0.5010361671447754,0.49997517466545105
1,MIMAT0001413,GTF2H3,mir_to_gene,,1.0,1.0,1.0,1.0,1.0
1,MIMAT0001413,ISCA2,mir_to_gene,,1.0,1.0,1.0,1.0,1.0
1,MIMAT0001413,YOD1,mir_to_gene,,0.33370739221572876,0.33432260155677795,0.33318522572517395,0.3341597616672516,0.3331619203090668
1,MIMAT0001413,MIXL1,mir_to_gene,,1.0,1.0,1.0,1.0,1.0
1,MIMAT0001413,PTGES3,mir_to_gene,,1.0,1.0,1.0,1.0,1.0
1,MIMAT0001413,FBXO31,mir_to_gene,,1.0,1.0,1.0,1.0,1.0
1,MIMAT0001413,MFSD2A,mir_to_gene,,1.0,1.0,1.0,1.0,1.0
1,MIMAT0001413,ICA1L,mir_to_gene,,1.0,1.0,1.0,1.0,1.0
1,MIMAT0001413,ENPP5,mir_to_gene,,1.0,1.0,1.0,1.0,1.0
1,MIMAT0001413,CYCS,mir_to_gene,,0.5004420876502991,0.5015328526496887,0.49937787652015686,0.5009152889251709,0.49994227290153503
1,MIMAT0001413,UBFD1,mir_to_gene,,1.0,1.0,1.0,1.0,1.0
1,MIMAT0001413,ENTPD7,mir_to_gene,,1.0,1.0,1.0,1.0,1.0
1,MIMAT0001413,NRIP3,mir_to_gene,,1.0,1.0,1.0,1.0,1.0
1,MIMAT0001413,ZNFX1,mir_to_gene,,1.0,1.0,1.0,1.0,1.0
1,MIMAT0001413,GATAD1,mir_to_gene,,1.0,1.0,1.0,1.0,1.0
1,MIMAT0001413,SLC30A1,mir_to_gene,,1.0,1.0,1.0,1.0,1.0
1,MIMAT0001413,C17orf75,mir_to_gene,,1.0,1.0,1.0,1.0,1.0
1,MIMAT0001413,ABCG8,mir_to_gene,,1.0,1.0,1.0,1.0,1.0
1,MIMAT0001413,PANK3,mir_to_gene,,0.3334178626537323,0.3341039717197418,0.3325206935405731,0.3339504897594452,0.33309629559516907
1,MIMAT0001413,GPR157,mir_to_gene,,1.0,1.0,1.0,1.0,1.0
1,MIMAT0001413,SLC35F5,mir_to_gene,,1.0,1.0,1.0,1.0,1.0
1,MIMAT0001413,KLHL15,mir_to_gene,,1.0,1.0,1.0,1.0,1.0
1,MIMAT0001413,DDHD1,mir_to_gene,,1.0,1.0,1.0,1.0,1.0
1,MIMAT0001413,TRIM8,mir_to_gene,,1.0,1.0,1.0,1.0,1.0
1,MIMAT0001413,SLCO5A1,mir_to_gene,,1.0,1.0,1.0,1.0,1.0
1,MIMAT0001413,ZNF805,mir_to_gene,,0.2501714825630188,0.2506010830402374,0.24964435398578644,0.25055864453315735,0.24988187849521637
1,MIMAT0001413,SLC1A5,mir_to_gene,,1.0,1.0,1.0,1.0,1.0
1,MIMAT0001413,TRAF3IP2,mir_to_gene,,1.0,1.0,1.0,1.0,1.0
1,MIMAT0001413,ZBED1,mir_to_gene,,1.0,1.0,1.0,1.0,1.0
1,MIMAT0001413,ZNF347,mir_to_gene,,1.0,1.0,1.0,1.0,1.0
1,MIMAT0001413,SAMD8,mir_to_gene,,1.0,1.0,1.0,1.0,1.0
1,MIMAT0001413,ARL1,mir_to_gene,,1.0,1.0,1.0,1.0,1.0
1,MIMAT0001413,KCNK6,mir_to_gene,,0.5002152323722839,0.5004054307937622,0.4999563992023468,0.5004709362983704,0.500028133392334
1,MIMAT0001413,SPTLC2,mir_to_gene,,1.0,1.0,1.0,1.0,1.0
1,MIMAT0001413,VPS26A,mir_to_gene,,1.0,1.0,1.0,1.0,1.0
1,MIMAT0001413,FEZ2,mir_to_gene,,1.0,1.0,1.0,1.0,1.0
1,MIMAT0001413,HMGB3,mir_to_gene,,1.0,1.0,1.0,1.0,1.0
1,MIMAT0001413,CHAF1A,mir_to_gene,,1.0,1.0,1.0,1.0,1.0
1,MIMAT0001413,MTF1,mir_to_gene,,1.0,1.0,1.0,1.0,1.0
1,MIMAT0001413,MXI1,mir_to_gene,,1.0,1.0,1.0,1.0,1.0
1,MIMAT0001413,LASP1,mir_to_gene,,1.0,1.0,1.0,1.0,1.0
1,MIMAT0001413,PVR,mir_to_gene,,1.0,1.0,1.0,1.0,1.0
1,MIMAT0001413,NFAT5,mir_to_gene,,0.2502567172050476,0.25057676434516907,0.249989852309227,0.25054559111595154,0.24991469085216522
1,MIMAT0001413,ZBTB6,mir_to_gene,,1.0,1.0,1.0,1.0,1.0
1,MIMAT0001413,NUDT3,mir_to_gene,,0.4999740719795227,0.5000016093254089,0.49987828731536865,0.5002637505531311,0.4997526705265045
1,MIMAT0001413,GLO1,mir_to_gene,,0.5007097721099854,0.5013618469238281,0.4999708831310272,0.50152587890625,0.4999803602695465
1,MIMAT0001413,ZBTB25,mir_to_gene,,1.0,1.0,1.0,1.0,1.0
1,MIMAT0001413,BRCA1,mir_to_gene,,0.5004420876502991,0.5015328526496887,0.49937787652015686,0.5009152889251709,0.49994227290153503
1,MIMAT0001413,CBX5,mir_to_gene,,1.0,1.0,1.0,1.0,1.0
1,MIMAT0001413,SF3B3,mir_to_gene,,0.3335852324962616,0.33447813987731934,0.33270832896232605,0.3339381515979767,0.3332163095474243
1,MIMAT0001413,RACGAP1,mir_to_gene,,0.500562846660614,0.5017008185386658,0.4995392858982086,0.5010361671447754,0.49997517466545105
1,MIMAT0001413,SOCS5,mir_to_gene,,0.500562846660614,0.5017008185386658,0.4995392858982086,0.5010361671447754,0.49997517466545105
1,MIMAT0001413,WDR37,mir_to_gene,,1.0,1.0,1.0,1.0,1.0
1,MIMAT0001413,OSTM1,mir_to_gene,,1.0,1.0,1.0,1.0,1.0
1,MIMAT0001413,SPCS1,mir_to_gene,,1.0,1.0,1.0,1.0,1.0
1,MIMAT0001413,E2F5,mir_to_gene,,0.5005664825439453,0.5015328526496887,0.49987557530403137,0.5009152889251709,0.49994227290153503
1,MIMAT0001413,HMGB1,mir_to_gene,,0.5005087852478027,0.5015328526496887,0.49987557530403137,0.5009152889251709,0.4997113049030304
1,MIMAT0001413,ITGA2,mir_to_gene,,1.0,1.0,1.0,1.0,1.0
1,MIMAT0001413,JAK1,mir_to_gene,,0.5006740093231201,0.5016374588012695,0.5001565217971802,0.5010713338851929,0.4998306930065155
1,MIMAT0001413,MSH3,mir_to_gene,,1.0,1.0,1.0,1.0,1.0
1,MIMAT0001413,PPP1R12B,mir_to_gene,,1.0,1.0,1.0,1.0,1.0
1,MIMAT0001413,PPP6C,mir_to_gene,,0.5002745985984802,0.5006920695304871,0.49979108572006226,0.5009430646896362,0.4996721148490906
1,MIMAT0001413,RNASEH1,mir_to_gene,,1.0,1.0,1.0,1.0,1.0
1,MIMAT0001413,RORA,mir_to_gene,,0.49983274936676025,0.500373363494873,0.4982556700706482,0.5008255839347839,0.49987637996673584
1,MIMAT0001413,CCL5,mir_to_gene,,1.0,1.0,1.0,1.0,1.0
1,MIMAT0001413,E2F2,mir_to_gene,,0.3334203362464905,0.3337714374065399,0.3332464098930359,0.33352088928222656,0.33314260840415955
1,MIMAT0001413,EFNB2,mir_to_gene,,0.5004268884658813,0.5005242824554443,0.5001043677330017,0.5010569095611572,0.5000220537185669
1,MIMAT0001413,EIF2S1,mir_to_gene,,0.5002809166908264,0.5010409951210022,0.499843031167984,0.5004451870918274,0.49979445338249207
1,MIMAT0001413,KCNMB1,mir_to_gene,,1.0,1.0,1.0,1.0,1.0
1,MIMAT0001413,BNIP2,mir_to_gene,,0.33388176560401917,0.33470335602760315,0.33325284719467163,0.3343246281147003,0.3332462012767792
1,MIMAT0001413,DUSP2,mir_to_gene,,1.0,1.0,1.0,1.0,1.0
1,MIMAT0001413,PKNOX1,mir_to_gene,,1.0,1.0,1.0,1.0,1.0
1,MIMAT0001413,WIPF2,mir_to_gene,,1.0,1.0,1.0,1.0,1.0
1,MIMAT0001413,ANKRD13C,mir_to_gene,,1.0,1.0,1.0,1.0,1.0
1,MIMAT0001413,MAPRE3,mir_to_gene,,1.0,1.0,1.0,1.0,1.0
1,MIMAT0001413,MFN1,mir_to_gene,,1.0,1.0,1.0,1.0,1.0
1,MIMAT0001413,KCND3,mir_to_gene,,1.0,1.0,1.0,1.0,1.0
1,MIMAT0001413,ESR1,mir_to_gene,,0.3334178626537323,0.3341039717197418,0.3325206935405731,0.3339504897594452,0.33309629559516907
1,MIMAT0001413,ORAI2,mir_to_gene,,0.5006480813026428,0.5016711354255676,0.500103235244751,0.5009257197380066,0.4998921751976013
1,MIMAT0001413,KATNAL1,mir_to_gene,,0.5006549954414368,0.5017008185386658,0.49990785121917725,0.5010361671447754,0.49997517466545105
1,MIMAT0001413,YIPF4,mir_to_gene,,0.5002557039260864,0.5003318786621094,0.4999386966228485,0.5007651448249817,0.4999872148036957
1,MIMAT0001413,GINS4,mir_to_gene,,1.0,1.0,1.0,1.0,1.0
1,MIMAT0001413,DDI2,mir_to_gene,,0.5008144974708557,0.5019388794898987,0.4999838173389435,0.501380443572998,0.49995478987693787
1,MIMAT0001413,PURB,mir_to_gene,,1.0,1.0,1.0,1.0,1.0
1,MIMAT0001413,ZNF280B,mir_to_gene,,1.0,1.0,1.0,1.0,1.0
1,MIMAT0001413,C15orf40,mir_to_gene,,1.0,1.0,1.0,1.0,1.0
1,MIMAT0001413,CXorf38,mir_to_gene,,0.5002745985984802,0.5006920695304871,0.49979108572006226,0.5009430646896362,0.4996721148490906
1,MIMAT0001413,VTI1A,mir_to_gene,,1.0,1.0,1.0,1.0,1.0
1,MIMAT0001413,ANKS4B,mir_to_gene,,1.0,1.0,1.0,1.0,1.0
1,MIMAT0001413,RRN3,mir_to_gene,,0.5007513165473938,0.5016711354255676,0.5005162358283997,0.5009257197380066,0.4998921751976013
1,MIMAT0001413,ZYG11A,mir_to_gene,,1.0,1.0,1.0,1.0,1.0
1,MIMAT0001413,MAPK9,mir_to_gene,,0.5006734728813171,0.5017187595367432,0.49993765354156494,0.5011148452758789,0.49992260336875916
1,MIMAT0001413,NME6,mir_to_gene,,1.0,1.0,1.0,1.0,1.0
1,MIMAT0001413,RUNX3,mir_to_gene,,1.0,1.0,1.0,1.0,1.0
1,MIMAT0001413,RPS6KA5,mir_to_gene,,1.0,1.0,1.0,1.0,1.0
1,MIMAT0001413,SOD2,mir_to_gene,,0.2002836912870407,0.20080959796905518,0.1999739408493042,0.2004174441099167,0.1999337524175644
1,MIMAT0001413,USP48,mir_to_gene,,0.5004065632820129,0.501724362373352,0.49908652901649475,0.5009675621986389,0.49984797835350037
1,MIMAT0001413,ALDH9A1,mir_to_gene,,1.0,1.0,1.0,1.0,1.0
1,MIMAT0001413,REEP3,mir_to_gene,,0.5005664825439453,0.5015328526496887,0.49987557530403137,0.5009152889251709,0.49994227290153503
1,MIMAT0001413,AKTIP,mir_to_gene,,1.0,1.0,1.0,1.0,1.0
1,MIMAT0001413,FBXO48,mir_to_gene,,1.0,1.0,1.0,1.0,1.0
1,MIMAT0001413,COX19,mir_to_gene,,1.0,1.0,1.0,1.0,1.0
1,MIMAT0001413,GPR155,mir_to_gene,,1.0,1.0,1.0,1.0,1.0
1,MIMAT0001413,MUC17,mir_to_gene,,1.0,1.0,1.0,1.0,1.0
1,MIMAT0001413,CRCP,mir_to_gene,,1.0,1.0,1.0,1.0,1.0
1,MIMAT0000076,MGAT4A,mir_to_gene,,1.0,1.0,1.0,1.0,1.0
1,MIMAT0000076,ZNF292,mir_to_gene,,1.0,1.0,1.0,1.0,1.0
1,MIMAT0000076,PBX1,mir_to_gene,,1.0,1.0,1.0,1.0,1.0
1,MIMAT0000076,DDAH1,mir_to_gene,,0.4999001622200012,0.4999862611293793,0.49993225932121277,0.49960169196128845,0.5000805258750916
1,MIMAT0000076,LMBR1,mir_to_gene,,1.0,1.0,1.0,1.0,1.0
1,MIMAT0000076,NT5C2,mir_to_gene,,1.0,1.0,1.0,1.0,1.0
1,MIMAT0000076,PHF20L1,mir_to_gene,,1.0,1.0,1.0,1.0,1.0
1,MIMAT0000076,RSF1,mir_to_gene,,1.0,1.0,1.0,1.0,1.0
1,MIMAT0000076,SOX5,mir_to_gene,,1.0,1.0,1.0,1.0,1.0
1,MIMAT0000076,LONRF2,mir_to_gene,,1.0,1.0,1.0,1.0,1.0
1,MIMAT0000076,RALGPS2,mir_to_gene,,1.0,1.0,1.0,1.0,1.0
1,MIMAT0000076,HOXA9,mir_to_gene,,1.0,1.0,1.0,1.0,1.0
1,MIMAT0000076,FAM126B,mir_to_gene,,1.0,1.0,1.0,1.0,1.0
1,MIMAT0000076,ANKRD46,mir_to_gene,,1.0,1.0,1.0,1.0,1.0
1,MIMAT0000076,CKAP5,mir_to_gene,,1.0,1.0,1.0,1.0,1.0
1,MIMAT0000076,LPGAT1,mir_to_gene,,1.0,1.0,1.0,1.0,1.0
1,MIMAT0000076,ERP44,mir_to_gene,,1.0,1.0,1.0,1.0,1.0
1,MIMAT0000076,DDHD2,mir_to_gene,,1.0,1.0,1.0,1.0,1.0
1,MIMAT0000076,SATB1,mir_to_gene,,1.0,1.0,1.0,1.0,1.0
1,MIMAT0000076,PPP1R3B,mir_to_gene,,1.0,1.0,1.0,1.0,1.0
1,MIMAT0000076,MDM4,mir_to_gene,,0.33346033096313477,0.33362463116645813,0.3338369131088257,0.3329904079437256,0.3333893418312073
1,MIMAT0000076,DNM1L,mir_to_gene,,1.0,1.0,1.0,1.0,1.0
1,MIMAT0000076,NUFIP2,mir_to_gene,,0.33316901326179504,0.3332531154155731,0.3332898020744324,0.33273112773895264,0.33340200781822205
1,MIMAT0000076,NFIA,mir_to_gene,,1.0,1.0,1.0,1.0,1.0
1,MIMAT0000076,FMR1,mir_to_gene,,0.49960827827453613,0.4991455376148224,0.4998477101325989,0.4996294379234314,0.49981042742729187
1,MIMAT0000076,ZNF217,mir_to_gene,,1.0,1.0,1.0,1.0,1.0
1,MIMAT0000076,EXOC5,mir_to_gene,,1.0,1.0,1.0,1.0,1.0
1,MIMAT0000076,ATF2,mir_to_gene,,1.0,1.0,1.0,1.0,1.0
1,MIMAT0000076,THBS1,mir_to_gene,,1.0,1.0,1.0,1.0,1.0
1,MIMAT0000076,EIF4EBP2,mir_to_gene,,1.0,1.0,1.0,1.0,1.0
1,MIMAT0000076,B3GNT5,mir_to_gene,,1.0,1.0,1.0,1.0,1.0
1,MIMAT0000076,SOCS4,mir_to_gene,,1.0,1.0,1.0,1.0,1.0
1,MIMAT0000076,PLAT,mir_to_gene,,1.0,1.0,1.0,1.0,1.0
1,MIMAT0000076,BNIP2,mir_to_gene,,0.33299270272254944,0.332639217376709,0.33332839608192444,0.3325725495815277,0.33343061804771423
1,MIMAT0000076,OXTR,mir_to_gene,,1.0,1.0,1.0,1.0,1.0
1,MIMAT0000076,ATP2B4,mir_to_gene,,1.0,1.0,1.0,1.0,1.0
1,MIMAT0000076,ZNF207,mir_to_gene,,1.0,1.0,1.0,1.0,1.0
1,MIMAT0000271,RLIM,mir_to_gene,,1.0,1.0,1.0,1.0,1.0
1,MIMAT0000271,HIGD1A,mir_to_gene,,1.0,1.0,1.0,1.0,1.0
1,MIMAT0000271,AP2B1,mir_to_gene,,1.0,1.0,1.0,1.0,1.0
1,MIMAT0000271,RASSF4,mir_to_gene,,1.0,1.0,1.0,1.0,1.0
1,MIMAT0000271,TPM3,mir_to_gene,,0.33341097831726074,0.33320799469947815,0.33337438106536865,0.33365103602409363,0.3334105610847473
1,MIMAT0000271,AP3M1,mir_to_gene,,1.0,1.0,1.0,1.0,1.0
1,MIMAT0000271,ABLIM3,mir_to_gene,,1.0,1.0,1.0,1.0,1.0
1,MIMAT0000271,GDPD5,mir_to_gene,,1.0,1.0,1.0,1.0,1.0
1,MIMAT0000271,FGFR1,mir_to_gene,,1.0,1.0,1.0,1.0,1.0
1,MIMAT0000271,BCL2L13,mir_to_gene,,1.0,1.0,1.0,1.0,1.0
1,MIMAT0000271,KIF1B,mir_to_gene,,0.500575065612793,0.5003957748413086,0.5013344287872314,0.5007250905036926,0.4998449385166168
1,MIMAT0000271,ZNRF1,mir_to_gene,,1.0,1.0,1.0,1.0,1.0
1,MIMAT0000271,CTNNB1,mir_to_gene,,1.0,1.0,1.0,1.0,1.0
1,MIMAT0000271,MAPK8,mir_to_gene,,1.0,1.0,1.0,1.0,1.0
1,MIMAT0000271,UBE2I,mir_to_gene,,0.5001357793807983,0.49942734837532043,0.5005260705947876,0.5005000829696655,0.5000897645950317
1,MIMAT0000271,SLC39A11,mir_to_gene,,0.5004323124885559,0.49928268790245056,0.501699686050415,0.500710666179657,0.5000362992286682
1,MIMAT0000271,GMEB2,mir_to_gene,,1.0,1.0,1.0,1.0,1.0
1,MIMAT0000271,SH3BP4,mir_to_gene,,1.0,1.0,1.0,1.0,1.0
1,MIMAT0000271,PSMD10,mir_to_gene,,1.0,1.0,1.0,1.0,1.0
1,MIMAT0000271,SCN4B,mir_to_gene,,1.0,1.0,1.0,1.0,1.0
1,MIMAT0000271,ERC1,mir_to_gene,,0.49996671080589294,0.4994504749774933,0.5001332759857178,0.5005967617034912,0.4996863603591919
1,MIMAT0000271,CNNM2,mir_to_gene,,1.0,1.0,1.0,1.0,1.0
1,MIMAT0000271,MEF2C,mir_to_gene,,1.0,1.0,1.0,1.0,1.0
1,MIMAT0000271,GSR,mir_to_gene,,1.0,1.0,1.0,1.0,1.0
1,MIMAT0000271,CLEC2D,mir_to_gene,,1.0,1.0,1.0,1.0,1.0
1,MIMAT0000271,CALU,mir_to_gene,,1.0,1.0,1.0,1.0,1.0
1,MIMAT0000271,CPD,mir_to_gene,,1.0,1.0,1.0,1.0,1.0
1,MIMAT0000271,NFIC,mir_to_gene,,1.0,1.0,1.0,1.0,1.0
1,MIMAT0000271,RAB5B,mir_to_gene,,0.4996654987335205,0.49875837564468384,0.5002355575561523,0.49965372681617737,0.5000142455101013
1,MIMAT0000271,TBPL1,mir_to_gene,,0.5003081560134888,0.5003957748413086,0.5002668499946594,0.5007250905036926,0.4998449385166168
1,MIMAT0000271,UBE2V1,mir_to_gene,,0.5004639029502869,0.5004591941833496,0.5007171630859375,0.5006898641586304,0.49998942017555237
1,MIMAT0000271,CDK6,mir_to_gene,,0.249960795044899,0.24971173703670502,0.2501063644886017,0.2500802278518677,0.24994485080242157
1,MIMAT0000271,TRPS1,mir_to_gene,,0.3333296477794647,0.33299994468688965,0.3335672616958618,0.33364248275756836,0.33310893177986145
1,MIMAT0000271,PHLPP2,mir_to_gene,,0.5006523132324219,0.5004295706748962,0.5016940832138062,0.5005794167518616,0.49990642070770264
1,MIMAT0000271,NUFIP2,mir_to_gene,,0.33385053277015686,0.3336598575115204,0.3344845771789551,0.33402109146118164,0.33323660492897034
1,MIMAT0000271,RASA1,mir_to_gene,,0.4997534155845642,0.4987599551677704,0.500569224357605,0.49991747736930847,0.49976691603660583
1,MIMAT0000271,KCTD15,mir_to_gene,,0.5002548098564148,0.5004827976226807,0.5000528693199158,0.5006213188171387,0.4998622238636017
1,MIMAT0000271,ZBTB8B,mir_to_gene,,0.49993932247161865,0.4990902543067932,0.5002466440200806,0.5004188418388367,0.5000014901161194
1,MIMAT0000271,PPARGC1B,mir_to_gene,,1.0,1.0,1.0,1.0,1.0
1,MIMAT0000271,ZBTB33,mir_to_gene,,1.0,1.0,1.0,1.0,1.0
1,MIMAT0000271,CD180,mir_to_gene,,0.5004639029502869,0.5004591941833496,0.5007171630859375,0.5006898641586304,0.49998942017555237
1,MIMAT0000271,SUGT1,mir_to_gene,,0.5002320408821106,0.5002912282943726,0.5001111626625061,0.5005690455436707,0.49995651841163635
1,MIMAT0000271,WASF2,mir_to_gene,,1.0,1.0,1.0,1.0,1.0
1,MIMAT0000271,AHSA1,mir_to_gene,,1.0,1.0,1.0,1.0,1.0
1,MIMAT0000271,CD274,mir_to_gene,,1.0,1.0,1.0,1.0,1.0
1,MIMAT0000271,NRAS,mir_to_gene,,1.0,1.0,1.0,1.0,1.0
1,MIMAT0000271,PLXNB1,mir_to_gene,,1.0,1.0,1.0,1.0,1.0
1,MIMAT0000271,FLOT2,mir_to_gene,,1.0,1.0,1.0,1.0,1.0
1,MIMAT0000271,POU4F2,mir_to_gene,,1.0,1.0,1.0,1.0,1.0
1,MIMAT0000271,ASH1L,mir_to_gene,,1.0,1.0,1.0,1.0,1.0
1,MIMAT0000271,SRD5A3,mir_to_gene,,1.0,1.0,1.0,1.0,1.0
1,MIMAT0000271,ALPK2,mir_to_gene,,1.0,1.0,1.0,1.0,1.0
1,MIMAT0000271,BAX,mir_to_gene,,1.0,1.0,1.0,1.0,1.0
1,MIMAT0000271,MAPK14,mir_to_gene,,1.0,1.0,1.0,1.0,1.0
1,MIMAT0000271,PGAM4,mir_to_gene,,1.0,1.0,1.0,1.0,1.0
1,MIMAT0000271,LRTM2,mir_to_gene,,1.0,1.0,1.0,1.0,1.0
1,MIMAT0000278,YOD1,mir_to_gene,,0.33334073424339294,0.33339834213256836,0.33346375823020935,0.33290165662765503,0.33359915018081665
1,MIMAT0000278,SSX2IP,mir_to_gene,,1.0,1.0,1.0,1.0,1.0
1,MIMAT0000278,ERBB4,mir_to_gene,,1.0,1.0,1.0,1.0,1.0
1,MIMAT0000278,POU3F2,mir_to_gene,,1.0,1.0,1.0,1.0,1.0
1,MIMAT0000278,AMMECR1L,mir_to_gene,,1.0,1.0,1.0,1.0,1.0
1,MIMAT0000278,CXorf38,mir_to_gene,,0.4997254014015198,0.49930790066719055,0.5002089142799377,0.49905696511268616,0.5003278851509094
1,MIMAT0000278,TIAM1,mir_to_gene,,1.0,1.0,1.0,1.0,1.0
1,MIMAT0000278,ATXN1,mir_to_gene,,0.25022247433662415,0.25052350759506226,0.2501530349254608,0.24997399747371674,0.2502393424510956
1,MIMAT0000278,MAPK10,mir_to_gene,,1.0,1.0,1.0,1.0,1.0
1,MIMAT0000278,VPS53,mir_to_gene,,0.4999343156814575,0.49930790066719055,0.5010446310043335,0.49905696511268616,0.5003278851509094
1,MIMAT0000278,ZNF275,mir_to_gene,,0.3333684802055359,0.3334735035896301,0.33342400193214417,0.33307260274887085,0.3335038125514984
1,MIMAT0000278,ERC1,mir_to_gene,,0.5000332593917847,0.5005494952201843,0.499866783618927,0.4994032382965088,0.5003136396408081
1,MIMAT0000278,ZNF652,mir_to_gene,,0.5000063180923462,0.5003489255905151,0.5000519752502441,0.49950212240219116,0.5001223683357239
1,MIMAT0000278,IQCE,mir_to_gene,,1.0,1.0,1.0,1.0,1.0
1,MIMAT0000278,PTPRF,mir_to_gene,,1.0,1.0,1.0,1.0,1.0
1,MIMAT0000278,DYRK3,mir_to_gene,,1.0,1.0,1.0,1.0,1.0
1,MIMAT0000278,STAMBP,mir_to_gene,,1.0,1.0,1.0,1.0,1.0
1,MIMAT0000278,AGAP1,mir_to_gene,,0.5002923011779785,0.4998321831226349,0.5008730292320251,0.5001139044761658,0.5003498792648315
1,MIMAT0000278,SLC19A3,mir_to_gene,,0.5000582933425903,0.5003489255905151,0.5002598166465759,0.49950212240219116,0.5001223683357239
1,MIMAT0000278,CABYR,mir_to_gene,,0.5001286268234253,0.5003489255905151,0.5000519752502441,0.49950212240219116,0.5006116032600403
1,MIMAT0000278,CAMKK1,mir_to_gene,,1.0,1.0,1.0,1.0,1.0
1,MIMAT0000278,UBN2,mir_to_gene,,0.5000063180923462,0.5003489255905151,0.5000519752502441,0.49950212240219116,0.5001223683357239
1,MIMAT0000278,MIDN,mir_to_gene,,1.0,1.0,1.0,1.0,1.0
1,MIMAT0000278,AKT3,mir_to_gene,,0.5000582933425903,0.5003489255905151,0.5002598166465759,0.49950212240219116,0.5001223683357239
1,MIMAT0000278,PRDM16,mir_to_gene,,1.0,1.0,1.0,1.0,1.0
1,MIMAT0000278,LIMS1,mir_to_gene,,1.0,1.0,1.0,1.0,1.0
1,MIMAT0000278,MAP3K2,mir_to_gene,,0.4999343156814575,0.49930790066719055,0.5010446310043335,0.49905696511268616,0.5003278851509094
1,MIMAT0000278,KIT,mir_to_gene,,0.5007327198982239,0.5012468099594116,0.5009637475013733,0.5004374384880066,0.5002827048301697
1,MIMAT0000278,BRD1,mir_to_gene,,1.0,1.0,1.0,1.0,1.0
1,MIMAT0000278,EEF1A1,mir_to_gene,,1.0,1.0,1.0,1.0,1.0
1,MIMAT0000278,DKK2,mir_to_gene,,1.0,1.0,1.0,1.0,1.0
1,MIMAT0000278,POGZ,mir_to_gene,,1.0,1.0,1.0,1.0,1.0
1,MIMAT0000278,ANKRD28,mir_to_gene,,1.0,1.0,1.0,1.0,1.0
1,MIMAT0000278,PHF21A,mir_to_gene,,1.0,1.0,1.0,1.0,1.0
1,MIMAT0000278,NDUFS1,mir_to_gene,,1.0,1.0,1.0,1.0,1.0
1,MIMAT0000278,BCL2L11,mir_to_gene,,0.3333745002746582,0.3334447145462036,0.33353298902511597,0.33297082781791687,0.33354952931404114
1,MIMAT0000278,CROT,mir_to_gene,,1.0,1.0,1.0,1.0,1.0
1,MIMAT0000278,C19orf12,mir_to_gene,,1.0,1.0,1.0,1.0,1.0
1,MIMAT0000278,TRPS1,mir_to_gene,,0.3333740830421448,0.3337327241897583,0.3333895206451416,0.332846999168396,0.3335270881652832
1,MIMAT0000278,GPR107,mir_to_gene,,0.5000582933425903,0.5003489255905151,0.5002598166465759,0.49950212240219116,0.5001223683357239
1,MIMAT0000278,PANK3,mir_to_gene,,0.3333300054073334,0.33318033814430237,0.33391305804252625,0.3326931595802307,0.3335334360599518
1,MIMAT0000278,TNKS2,mir_to_gene,,1.0,1.0,1.0,1.0,1.0
1,MIMAT0000278,NDFIP1,mir_to_gene,,1.0,1.0,1.0,1.0,1.0
1,MIMAT0000278,SIRT1,mir_to_gene,,0.33362677693367004,0.33412760496139526,0.3334776759147644,0.33337801694869995,0.3335238993167877
1,MIMAT0000278,SLC30A7,mir_to_gene,,1.0,1.0,1.0,1.0,1.0
1,MIMAT0000278,STMN1,mir_to_gene,,1.0,1.0,1.0,1.0,1.0
1,MIMAT0000278,VANGL1,mir_to_gene,,1.0,1.0,1.0,1.0,1.0
1,MIMAT0000278,PEG10,mir_to_gene,,0.5002919435501099,0.5008407235145569,0.5000845193862915,0.49997225403785706,0.5002701282501221
1,MIMAT0000278,FMR1,mir_to_gene,,0.5003917217254639,0.5008544325828552,0.5001522898674011,0.5003705620765686,0.5001895427703857
1,MIMAT0000278,TNFSF10,mir_to_gene,,1.0,1.0,1.0,1.0,1.0
1,MIMAT0000278,ARID1A,mir_to_gene,,1.0,1.0,1.0,1.0,1.0
1,MIMAT0000278,ZNF236,mir_to_gene,,1.0,1.0,1.0,1.0,1.0
1,MIMAT0000278,KPNA6,mir_to_gene,,0.5000582933425903,0.5003489255905151,0.5002598166465759,0.49950212240219116,0.5001223683357239
1,MIMAT0000278,RHOA,mir_to_gene,,0.33317628502845764,0.33315613865852356,0.3334321081638336,0.33268293738365173,0.33343401551246643
1,MIMAT0000278,HNRNPD,mir_to_gene,,0.5000582933425903,0.5003489255905151,0.5002598166465759,0.49950212240219116,0.5001223683357239
1,MIMAT0000278,ABLIM1,mir_to_gene,,0.5000582933425903,0.5003489255905151,0.5002598166465759,0.49950212240219116,0.5001223683357239
1,MIMAT0000278,PPP6C,mir_to_gene,,0.4997254014015198,0.49930790066719055,0.5002089142799377,0.49905696511268616,0.5003278851509094
1,MIMAT0000278,DENR,mir_to_gene,,1.0,1.0,1.0,1.0,1.0
1,MIMAT0000278,SNX4,mir_to_gene,,1.0,1.0,1.0,1.0,1.0
1,MIMAT0000278,DDX6,mir_to_gene,,1.0,1.0,1.0,1.0,1.0
1,MIMAT0000278,TCEAL1,mir_to_gene,,0.5000582933425903,0.5003489255905151,0.5002598166465759,0.49950212240219116,0.5001223683357239
1,MIMAT0000278,LRP6,mir_to_gene,,0.5006440877914429,0.5006697773933411,0.5010155439376831,0.5005828142166138,0.5003082156181335
1,MIMAT0000278,SLC10A7,mir_to_gene,,1.0,1.0,1.0,1.0,1.0
1,MIMAT0000278,ESR1,mir_to_gene,,0.3333300054073334,0.33318033814430237,0.33391305804252625,0.3326931595802307,0.3335334360599518
1,MIMAT0000278,PCDHA3,mir_to_gene,,1.0,1.0,1.0,1.0,1.0
1,MIMAT0000278,PCDHAC1,mir_to_gene,,1.0,1.0,1.0,1.0,1.0
1,MIMAT0000278,BMF,mir_to_gene,,1.0,1.0,1.0,1.0,1.0
1,MIMAT0000278,BRWD1,mir_to_gene,,1.0,1.0,1.0,1.0,1.0
1,MIMAT0000278,RBM33,mir_to_gene,,1.0,1.0,1.0,1.0,1.0
1,MIMAT0000278,TMEM183A,mir_to_gene,,1.0,1.0,1.0,1.0,1.0
1,MIMAT0000278,SELE,mir_to_gene,,1.0,1.0,1.0,1.0,1.0
1,MIMAT0004568,HNRNPA1,mir_to_gene,,1.0,1.0,1.0,1.0,1.0
1,MIMAT0004568,SDC4,mir_to_gene,,0.49965792894363403,0.49966973066329956,0.49969783425331116,0.4994986653327942,0.49976545572280884
1,MIMAT0004568,TMEM101,mir_to_gene,,1.0,1.0,1.0,1.0,1.0
1,MIMAT0004568,CKAP2L,mir_to_gene,,1.0,1.0,1.0,1.0,1.0
1,MIMAT0004568,VKORC1L1,mir_to_gene,,1.0,1.0,1.0,1.0,1.0
1,MIMAT0004568,PGM2L1,mir_to_gene,,0.49980559945106506,0.4996681809425354,0.5003064870834351,0.4992349147796631,0.5000127553939819
1,MIMAT0004568,MYLK3,mir_to_gene,,1.0,1.0,1.0,1.0,1.0
1,MIMAT0004568,PRNP,mir_to_gene,,0.4998055696487427,0.499668151140213,0.5003064870834351,0.4992349147796631,0.5000127553939819
1,MIMAT0004568,TRAPPC2,mir_to_gene,,0.4998055696487427,0.499668151140213,0.5003064870834351,0.4992349147796631,0.5000127553939819
1,MIMAT0004568,RCOR1,mir_to_gene,,1.0,1.0,1.0,1.0,1.0
1,MIMAT0004568,RRP15,mir_to_gene,,1.0,1.0,1.0,1.0,1.0
1,MIMAT0004568,MRPS16,mir_to_gene,,1.0,1.0,1.0,1.0,1.0
1,MIMAT0004568,RPL15,mir_to_gene,,1.0,1.0,1.0,1.0,1.0
1,MIMAT0004568,SLC39A10,mir_to_gene,,1.0,1.0,1.0,1.0,1.0
1,MIMAT0004568,DSC3,mir_to_gene,,1.0,1.0,1.0,1.0,1.0
1,MIMAT0004568,ZBTB8B,mir_to_gene,,0.5000607371330261,0.5009097456932068,0.4997533857822418,0.4995811879634857,0.499998539686203
1,MIMAT0004568,CARD8,mir_to_gene,,1.0,1.0,1.0,1.0,1.0
1,MIMAT0004568,ABL1,mir_to_gene,,1.0,1.0,1.0,1.0,1.0
1,MIMAT0004568,PABPC1,mir_to_gene,,1.0,1.0,1.0,1.0,1.0
1,MIMAT0004568,YIPF4,mir_to_gene,,0.4997442662715912,0.499668151140213,0.5000612735748291,0.4992349147796631,0.5000127553939819
1,MIMAT0004568,CYP1A2,mir_to_gene,,1.0,1.0,1.0,1.0,1.0
1,MIMAT0004568,RPL27A,mir_to_gene,,1.0,1.0,1.0,1.0,1.0
1,MIMAT0004568,ZNF749,mir_to_gene,,1.0,1.0,1.0,1.0,1.0
1,MIMAT0000279,TRAT1,mir_to_gene,,1.0,1.0,1.0,1.0,1.0
1,MIMAT0000279,GPR107,mir_to_gene,,0.49994170665740967,0.49965110421180725,0.4997401833534241,0.5004978179931641,0.4998776912689209
1,MIMAT0000279,LGALS3BP,mir_to_gene,,1.0,1.0,1.0,1.0,1.0
1,MIMAT0000279,SOD2,mir_to_gene,,0.2000584453344345,0.1999751627445221,0.20009954273700714,0.2000608593225479,0.2000982016324997
1,MIMAT0000279,GNAI3,mir_to_gene,,1.0,1.0,1.0,1.0,1.0
1,MIMAT0000279,KPNA6,mir_to_gene,,0.49994170665740967,0.49965110421180725,0.4997401833534241,0.5004978179931641,0.4998776912689209
1,MIMAT0000279,TOP3A,mir_to_gene,,1.0,1.0,1.0,1.0,1.0
1,MIMAT0000279,ZNF131,mir_to_gene,,1.0,1.0,1.0,1.0,1.0
1,MIMAT0000279,TRMT5,mir_to_gene,,1.0,1.0,1.0,1.0,1.0
1,MIMAT0000279,ABCG2,mir_to_gene,,1.0,1.0,1.0,1.0,1.0
1,MIMAT0000279,TMCC1,mir_to_gene,,1.0,1.0,1.0,1.0,1.0
1,MIMAT0000279,GRB10,mir_to_gene,,1.0,1.0,1.0,1.0,1.0
1,MIMAT0000279,SPTBN2,mir_to_gene,,1.0,1.0,1.0,1.0,1.0
1,MIMAT0000279,FBXO21,mir_to_gene,,0.4998760223388672,0.4989590048789978,0.5007848143577576,0.4995548129081726,0.5002055168151855
1,MIMAT0000279,SMAD5,mir_to_gene,,1.0,1.0,1.0,1.0,1.0
1,MIMAT0000279,PPP2R2A,mir_to_gene,,0.4997045397758484,0.49896058440208435,0.5000807642936707,0.4998185932636261,0.49995824694633484
1,MIMAT0000279,AKT3,mir_to_gene,,0.49994170665740967,0.49965110421180725,0.4997401833534241,0.5004978179931641,0.4998776912689209
1,MIMAT0000279,ZNF652,mir_to_gene,,0.4999936819076538,0.49965110421180725,0.49994805455207825,0.5004978179931641,0.4998776912689209
1,MIMAT0000279,SMARCA4,mir_to_gene,,1.0,1.0,1.0,1.0,1.0
1,MIMAT0000279,MGAT4B,mir_to_gene,,1.0,1.0,1.0,1.0,1.0
1,MIMAT0000279,SLC19A3,mir_to_gene,,0.49994170665740967,0.49965110421180725,0.4997401833534241,0.5004978775978088,0.4998776912689209
1,MIMAT0000279,OSBPL10,mir_to_gene,,1.0,1.0,1.0,1.0,1.0
1,MIMAT0000279,CABYR,mir_to_gene,,0.4998713731765747,0.49965110421180725,0.49994805455207825,0.5004978179931641,0.4993883967399597
1,MIMAT0000279,UBN2,mir_to_gene,,0.4999936819076538,0.49965110421180725,0.49994805455207825,0.5004978179931641,0.4998776912689209
1,MIMAT0000279,UBR7,mir_to_gene,,1.0,1.0,1.0,1.0,1.0
1,MIMAT0000279,ZNF714,mir_to_gene,,1.0,1.0,1.0,1.0,1.0
1,MIMAT0000279,APP,mir_to_gene,,0.500438928604126,0.5006598234176636,0.5003241300582886,0.500590980052948,0.500180721282959
1,MIMAT0000279,ZMYND11,mir_to_gene,,0.500105619430542,0.4994506537914276,0.5004981160163879,0.500191330909729,0.5002825260162354
1,MIMAT0000279,EIF3I,mir_to_gene,,1.0,1.0,1.0,1.0,1.0
1,MIMAT0000279,DICER1,mir_to_gene,,0.500438928604126,0.5006598234176636,0.5003241300582886,0.500590980052948,0.500180721282959
1,MIMAT0000279,ZFYVE16,mir_to_gene,,1.0,1.0,1.0,1.0,1.0
1,MIMAT0000279,LUC7L2,mir_to_gene,,1.0,1.0,1.0,1.0,1.0
1,MIMAT0000279,TRIM44,mir_to_gene,,1.0,1.0,1.0,1.0,1.0
1,MIMAT0000279,PGPEP1,mir_to_gene,,1.0,1.0,1.0,1.0,1.0
1,MIMAT0000279,WDR6,mir_to_gene,,1.0,1.0,1.0,1.0,1.0
1,MIMAT0000279,NLE1,mir_to_gene,,1.0,1.0,1.0,1.0,1.0
1,MIMAT0000279,DDX21,mir_to_gene,,1.0,1.0,1.0,1.0,1.0
1,MIMAT0000279,CDK6,mir_to_gene,,0.25001436471939087,0.24991221725940704,0.25002771615982056,0.24998129904270172,0.25013619661331177
1,MIMAT0000279,MDM2,mir_to_gene,,0.500627338886261,0.5006301403045654,0.5013010501861572,0.5004805326461792,0.5000976920127869
1,MIMAT0000279,SLC35A2,mir_to_gene,,1.0,1.0,1.0,1.0,1.0
1,MIMAT0000279,TRPS1,mir_to_gene,,0.3332962393760681,0.3332672715187073,0.33304324746131897,0.33351051807403564,0.33336395025253296
1,MIMAT0000279,TLE3,mir_to_gene,,1.0,1.0,1.0,1.0,1.0
1,MIMAT0000279,SERTAD4,mir_to_gene,,1.0,1.0,1.0,1.0,1.0
1,MIMAT0000279,STOX2,mir_to_gene,,1.0,1.0,1.0,1.0,1.0
1,MIMAT0000279,NFS1,mir_to_gene,,1.0,1.0,1.0,1.0,1.0
1,MIMAT0000279,RECK,mir_to_gene,,1.0,1.0,1.0,1.0,1.0
1,MIMAT0000279,PELI2,mir_to_gene,,1.0,1.0,1.0,1.0,1.0
1,MIMAT0000279,CSNK1G1,mir_to_gene,,1.0,1.0,1.0,1.0,1.0
1,MIMAT0000279,HIPK2,mir_to_gene,,1.0,1.0,1.0,1.0,1.0
1,MIMAT0000279,PHACTR4,mir_to_gene,,1.0,1.0,1.0,1.0,1.0
1,MIMAT0000279,PANK3,mir_to_gene,,0.3332521319389343,0.3327156603336334,0.33356624841690063,0.3333563506603241,0.33337026834487915
1,MIMAT0000279,DOCK5,mir_to_gene,,1.0,1.0,1.0,1.0,1.0
1,MIMAT0000279,FBXL18,mir_to_gene,,1.0,1.0,1.0,1.0,1.0
1,MIMAT0000279,ZNF772,mir_to_gene,,1.0,1.0,1.0,1.0,1.0
1,MIMAT0000279,ZNF805,mir_to_gene,,0.25004732608795166,0.24955976009368896,0.25042930245399475,0.2501128613948822,0.2500874102115631
1,MIMAT0000279,COG5,mir_to_gene,,1.0,1.0,1.0,1.0,1.0
1,MIMAT0000279,KIF3B,mir_to_gene,,1.0,1.0,1.0,1.0,1.0
1,MIMAT0000279,SART1,mir_to_gene,,1.0,1.0,1.0,1.0,1.0
1,MIMAT0000279,SS18,mir_to_gene,,1.0,1.0,1.0,1.0,1.0
1,MIMAT0000279,DCAF7,mir_to_gene,,1.0,1.0,1.0,1.0,1.0
1,MIMAT0000279,CAPRIN1,mir_to_gene,,0.5003181099891663,0.5004917979240417,0.5001627206802368,0.5004701018333435,0.500147819519043
1,MIMAT0000279,POLE,mir_to_gene,,1.0,1.0,1.0,1.0,1.0
1,MIMAT0000279,RNPS1,mir_to_gene,,1.0,1.0,1.0,1.0,1.0
1,MIMAT0000279,ABLIM1,mir_to_gene,,0.49994170665740967,0.49965110421180725,0.4997401833534241,0.5004978179931641,0.4998776912689209
1,MIMAT0000279,QKI,mir_to_gene,,1.0,1.0,1.0,1.0,1.0
1,MIMAT0000279,CPSF6,mir_to_gene,,1.0,1.0,1.0,1.0,1.0
1,MIMAT0000279,FICD,mir_to_gene,,1.0,1.0,1.0,1.0,1.0
1,MIMAT0000279,VCP,mir_to_gene,,1.0,1.0,1.0,1.0,1.0
1,MIMAT0000279,SF3B3,mir_to_gene,,0.3334192633628845,0.3330882787704468,0.33375442028045654,0.333344042301178,0.33349040150642395
1,MIMAT0000279,LRP10,mir_to_gene,,1.0,1.0,1.0,1.0,1.0
1,MIMAT0000279,ZNF770,mir_to_gene,,1.0,1.0,1.0,1.0,1.0
1,MIMAT0000279,HNRNPD,mir_to_gene,,0.49994170665740967,0.49965110421180725,0.4997401833534241,0.5004978179931641,0.4998776912689209
1,MIMAT0000279,MGMT,mir_to_gene,,1.0,1.0,1.0,1.0,1.0
1,MIMAT0000279,PBX2,mir_to_gene,,1.0,1.0,1.0,1.0,1.0
1,MIMAT0000279,RBMS2,mir_to_gene,,1.0,1.0,1.0,1.0,1.0
1,MIMAT0000279,SORT1,mir_to_gene,,1.0,1.0,1.0,1.0,1.0
1,MIMAT0000279,EIF2S1,mir_to_gene,,0.4997190833091736,0.4989590048789978,0.5001569390296936,0.4995548129081726,0.5002055168151855
1,MIMAT0000279,SDHA,mir_to_gene,,1.0,1.0,1.0,1.0,1.0
1,MIMAT0000279,ZW10,mir_to_gene,,1.0,1.0,1.0,1.0,1.0
1,MIMAT0000279,PIWIL1,mir_to_gene,,1.0,1.0,1.0,1.0,1.0
1,MIMAT0000279,TCEAL1,mir_to_gene,,0.49994170665740967,0.49965110421180725,0.4997401833534241,0.5004978179931641,0.4998776912689209
1,MIMAT0000279,BBC3,mir_to_gene,,1.0,1.0,1.0,1.0,1.0
1,MIMAT0000279,TOM1,mir_to_gene,,1.0,1.0,1.0,1.0,1.0
1,MIMAT0000279,FYTTD1,mir_to_gene,,1.0,1.0,1.0,1.0,1.0
1,MIMAT0000279,ZBTB37,mir_to_gene,,0.33363020420074463,0.3333628475666046,0.3341487646102905,0.33354100584983826,0.33346813917160034
1,MIMAT0000279,CBX2,mir_to_gene,,1.0,1.0,1.0,1.0,1.0
1,MIMAT0000279,C18orf25,mir_to_gene,,1.0,1.0,1.0,1.0,1.0
1,MIMAT0000279,CDKL5,mir_to_gene,,1.0,1.0,1.0,1.0,1.0
1,MIMAT0000279,ESR1,mir_to_gene,,0.3332521319389343,0.3327156603336334,0.33356624841690063,0.3333563506603241,0.33337026834487915
1,MIMAT0000279,UBIAD1,mir_to_gene,,1.0,1.0,1.0,1.0,1.0
1,MIMAT0000279,TIMM50,mir_to_gene,,0.5004346966743469,0.5003208518028259,0.5001511573791504,0.5010806918144226,0.5001859068870544
1,MIMAT0000279,RNF215,mir_to_gene,,1.0,1.0,1.0,1.0,1.0
1,MIMAT0000279,TP53BP2,mir_to_gene,,1.0,1.0,1.0,1.0,1.0
1,MIMAT0004501,POLL,mir_to_gene,,1.0,1.0,1.0,1.0,1.0
1,MIMAT0004501,ADD1,mir_to_gene,,1.0,1.0,1.0,1.0,1.0
1,MIMAT0004501,SPIN3,mir_to_gene,,1.0,1.0,1.0,1.0,1.0
1,MIMAT0004501,PPARA,mir_to_gene,,0.5005226135253906,0.5010912418365479,0.500532329082489,0.5002090930938721,0.5002576112747192
1,MIMAT0004501,UFM1,mir_to_gene,,1.0,1.0,1.0,1.0,1.0
1,MIMAT0004501,EGFR,mir_to_gene,,0.5007902383804321,0.500920295715332,0.5011253356933594,0.5008196830749512,0.5002956986427307
1,MIMAT0004501,NPTX1,mir_to_gene,,1.0,1.0,1.0,1.0,1.0
1,MIMAT0004501,STX7,mir_to_gene,,1.0,1.0,1.0,1.0,1.0
1,MIMAT0004501,CLEC4E,mir_to_gene,,1.0,1.0,1.0,1.0,1.0
1,MIMAT0004501,UBXN2B,mir_to_gene,,0.500416100025177,0.5010912418365479,0.5001064538955688,0.5002090930938721,0.5002576112747192
1,MIMAT0004504,NLGN1,mir_to_gene,,1.0,1.0,1.0,1.0,1.0
1,MIMAT0004504,CBX3,mir_to_gene,,1.0,1.0,1.0,1.0,1.0
1,MIMAT0004504,FRS2,mir_to_gene,,1.0,1.0,1.0,1.0,1.0
1,MIMAT0004504,SLC38A1,mir_to_gene,,1.0,1.0,1.0,1.0,1.0
1,MIMAT0004504,INHBA,mir_to_gene,,1.0,1.0,1.0,1.0,1.0
1,MIMAT0004504,E2F2,mir_to_gene,,0.3331247568130493,0.3324591815471649,0.33334484696388245,0.33330991864204407,0.33338505029678345
1,MIMAT0004504,RHOA,mir_to_gene,,0.333246648311615,0.33276623487472534,0.3332520127296448,0.33372899889945984,0.33323934674263
1,MIMAT0004504,DCK,mir_to_gene,,1.0,1.0,1.0,1.0,1.0
1,MIMAT0000089,OTUD4,mir_to_gene,,1.0,1.0,1.0,1.0,1.0
1,MIMAT0000089,PHLDA1,mir_to_gene,,1.0,1.0,1.0,1.0,1.0
1,MIMAT0000089,BAHD1,mir_to_gene,,1.0,1.0,1.0,1.0,1.0
1,MIMAT0000089,NPM1,mir_to_gene,,1.0,1.0,1.0,1.0,1.0
1,MIMAT0000089,RPL7L1,mir_to_gene,,1.0,1.0,1.0,1.0,1.0
1,MIMAT0000089,ZNF275,mir_to_gene,,0.3337697386741638,0.3343958556652069,0.33330774307250977,0.3339788317680359,0.33339637517929077
1,MIMAT0000089,SLC1A2,mir_to_gene,,1.0,1.0,1.0,1.0,1.0
1,MIMAT0000089,SRC,mir_to_gene,,1.0,1.0,1.0,1.0,1.0
1,MIMAT0000089,MYO1D,mir_to_gene,,1.0,1.0,1.0,1.0,1.0
1,MIMAT0000089,ZNF331,mir_to_gene,,1.0,1.0,1.0,1.0,1.0
1,MIMAT0000089,RPS4Y1,mir_to_gene,,1.0,1.0,1.0,1.0,1.0
1,MIMAT0000089,SATB2,mir_to_gene,,1.0,1.0,1.0,1.0,1.0
1,MIMAT0000089,SPRED1,mir_to_gene,,1.0,1.0,1.0,1.0,1.0
1,MIMAT0000089,IL5RA,mir_to_gene,,1.0,1.0,1.0,1.0,1.0
1,MIMAT0000089,NF2,mir_to_gene,,1.0,1.0,1.0,1.0,1.0
1,MIMAT0000089,RAB27A,mir_to_gene,,1.0,1.0,1.0,1.0,1.0
1,MIMAT0000089,CXCL12,mir_to_gene,,1.0,1.0,1.0,1.0,1.0
1,MIMAT0000089,NDFIP2,mir_to_gene,,1.0,1.0,1.0,1.0,1.0
1,MIMAT0000089,SRPX2,mir_to_gene,,1.0,1.0,1.0,1.0,1.0
1,MIMAT0000089,SERTAD2,mir_to_gene,,0.5010453462600708,0.501360297203064,0.5005795359611511,0.5012621283531189,0.5009795427322388
1,MIMAT0000089,KLHDC10,mir_to_gene,,1.0,1.0,1.0,1.0,1.0
1,MIMAT0000089,XPO6,mir_to_gene,,1.0,1.0,1.0,1.0,1.0
1,MIMAT0000089,INTU,mir_to_gene,,1.0,1.0,1.0,1.0,1.0
1,MIMAT0000089,HIF1AN,mir_to_gene,,0.5000259280204773,0.49999842047691345,0.5001217126846313,0.4997362196445465,0.5002472996711731
1,MIMAT0000089,UBA6,mir_to_gene,,1.0,1.0,1.0,1.0,1.0
1,MIMAT0000089,CCNT1,mir_to_gene,,0.5007105469703674,0.5016992688179016,0.5001479983329773,0.5007723569869995,0.5002225041389465
1,MIMAT0000089,RDX,mir_to_gene,,1.0,1.0,1.0,1.0,1.0
1,MIMAT0000089,JARID2,mir_to_gene,,1.0,1.0,1.0,1.0,1.0
1,MIMAT0000089,ARPC5,mir_to_gene,,1.0,1.0,1.0,1.0,1.0
1,MIMAT0000089,STK40,mir_to_gene,,1.0,1.0,1.0,1.0,1.0
1,MIMAT0000089,RASA1,mir_to_gene,,0.5002465844154358,0.5012400150299072,0.4994308054447174,0.5000824928283691,0.5002330541610718
1,MIMAT0000089,SFXN1,mir_to_gene,,1.0,1.0,1.0,1.0,1.0
1,MIMAT0000089,EDC3,mir_to_gene,,1.0,1.0,1.0,1.0,1.0
1,MIMAT0000089,ETS1,mir_to_gene,,1.0,1.0,1.0,1.0,1.0
1,MIMAT0000089,ZNF805,mir_to_gene,,0.2503190040588379,0.2505995035171509,0.250252902507782,0.25029444694519043,0.25012919306755066
1,MIMAT0000089,CDK1,mir_to_gene,,1.0,1.0,1.0,1.0,1.0
1,MIMAT0000089,SP7,mir_to_gene,,1.0,1.0,1.0,1.0,1.0
1,MIMAT0000089,PPP2R2A,mir_to_gene,,0.5002954602241516,0.501039445400238,0.49991923570632935,0.5001814365386963,0.5000417828559875
1,MIMAT0000089,CASR,mir_to_gene,,1.0,1.0,1.0,1.0,1.0
1,MIMAT0000089,SMAD4,mir_to_gene,,0.33377042412757874,0.3338209390640259,0.33418282866477966,0.33353883028030396,0.33353912830352783
1,MIMAT0000089,MMP16,mir_to_gene,,1.0,1.0,1.0,1.0,1.0
1,MIMAT0000089,GNA13,mir_to_gene,,0.5002884864807129,0.5007356405258179,0.49992623925209045,0.5002958178520203,0.5001962780952454
1,MIMAT0000089,NFAT5,mir_to_gene,,0.2504044771194458,0.2505751848220825,0.2505992352962494,0.2502813935279846,0.2501620650291443
1,MIMAT0000089,NUDT3,mir_to_gene,,0.5000259280204773,0.49999842047691345,0.5001217126846313,0.4997362494468689,0.5002472996711731
1,MIMAT0000089,FRK,mir_to_gene,,1.0,1.0,1.0,1.0,1.0
1,MIMAT0000089,SDC4,mir_to_gene,,0.500342071056366,0.5003302693367004,0.5003021359443665,0.5005013346672058,0.5002345442771912
1,MIMAT0000089,SOX4,mir_to_gene,,0.5006788969039917,0.5005226731300354,0.5011304616928101,0.5007932186126709,0.5002692937850952
1,MIMAT0000089,E2F2,mir_to_gene,,0.3334549069404602,0.3337693214416504,0.3334087133407593,0.33316919207572937,0.333472341299057
1,MIMAT0000089,ABCB9,mir_to_gene,,1.0,1.0,1.0,1.0,1.0
1,MIMAT0000089,QSER1,mir_to_gene,,1.0,1.0,1.0,1.0,1.0
1,MIMAT0000089,NFATC2IP,mir_to_gene,,1.0,1.0,1.0,1.0,1.0
1,MIMAT0000089,PPM1L,mir_to_gene,,1.0,1.0,1.0,1.0,1.0
1,MIMAT0000089,PPIL2,mir_to_gene,,1.0,1.0,1.0,1.0,1.0
1,MIMAT0000089,RHOA,mir_to_gene,,0.333577036857605,0.3340776264667511,0.3333158493041992,0.3335880935192108,0.3333266079425812
1,MIMAT0000089,NFE2L1,mir_to_gene,,1.0,1.0,1.0,1.0,1.0
1,MIMAT0000089,AR,mir_to_gene,,1.0,1.0,1.0,1.0,1.0
1,MIMAT0000089,RPL37A,mir_to_gene,,1.0,1.0,1.0,1.0,1.0
1,MIMAT0000089,MXRA7,mir_to_gene,,1.0,1.0,1.0,1.0,1.0
1,MIMAT0000089,TNRC6B,mir_to_gene,,0.5001476407051086,0.49999842047691345,0.5006086230278015,0.4997362494468689,0.5002472996711731
1,MIMAT0000255,CAPRIN1,mir_to_gene,,0.49968186020851135,0.49950817227363586,0.4998372793197632,0.4995298683643341,0.4998522102832794
1,MIMAT0000255,VAV3,mir_to_gene,,1.0,1.0,1.0,1.0,1.0
1,MIMAT0000255,SUGT1,mir_to_gene,,0.49976804852485657,0.49970880150794983,0.4998888373374939,0.49943095445632935,0.500043511390686
1,MIMAT0000255,HDLBP,mir_to_gene,,1.0,1.0,1.0,1.0,1.0
1,MIMAT0000255,GNPDA1,mir_to_gene,,1.0,1.0,1.0,1.0,1.0
1,MIMAT0000255,PLA2G2D,mir_to_gene,,1.0,1.0,1.0,1.0,1.0
1,MIMAT0000255,CDC23,mir_to_gene,,1.0,1.0,1.0,1.0,1.0
1,MIMAT0000255,NLRC5,mir_to_gene,,1.0,1.0,1.0,1.0,1.0
1,MIMAT0000255,CPT2,mir_to_gene,,1.0,1.0,1.0,1.0,1.0
1,MIMAT0000255,ADARB1,mir_to_gene,,1.0,1.0,1.0,1.0,1.0
1,MIMAT0000255,CAMTA1,mir_to_gene,,0.4995579123497009,0.49846720695495605,0.5006220936775208,0.4990846812725067,0.5000577569007874
1,MIMAT0000255,CFLAR,mir_to_gene,,1.0,1.0,1.0,1.0,1.0
1,MIMAT0000255,GAPVD1,mir_to_gene,,1.0,1.0,1.0,1.0,1.0
1,MIMAT0000255,OPA1,mir_to_gene,,1.0,1.0,1.0,1.0,1.0
1,MIMAT0000255,CD40,mir_to_gene,,0.5003173351287842,0.5008439421653748,0.5001744627952576,0.5003342628479004,0.49991676211357117
1,MIMAT0000255,ERLIN2,mir_to_gene,,1.0,1.0,1.0,1.0,1.0
1,MIMAT0000255,HMGB1,mir_to_gene,,0.49949127435684204,0.49846720695495605,0.500124454498291,0.4990846812725067,0.500288724899292
1,MIMAT0000255,SYNGR2,mir_to_gene,,1.0,1.0,1.0,1.0,1.0
1,MIMAT0000255,AXIN2,mir_to_gene,,1.0,1.0,1.0,1.0,1.0
1,MIMAT0000255,CLTB,mir_to_gene,,1.0,1.0,1.0,1.0,1.0
1,MIMAT0000255,NUP98,mir_to_gene,,1.0,1.0,1.0,1.0,1.0
1,MIMAT0000255,ITGA6,mir_to_gene,,1.0,1.0,1.0,1.0,1.0
1,MIMAT0000255,TPM1,mir_to_gene,,1.0,1.0,1.0,1.0,1.0
1,MIMAT0000255,POU2F1,mir_to_gene,,0.5000228881835938,0.498991459608078,0.5008786916732788,0.5001416802406311,0.5000797510147095
1,MIMAT0000255,LARP1,mir_to_gene,,1.0,1.0,1.0,1.0,1.0
1,MIMAT0000255,CDON,mir_to_gene,,1.0,1.0,1.0,1.0,1.0
1,MIMAT0000255,ANKS1A,mir_to_gene,,1.0,1.0,1.0,1.0,1.0
1,MIMAT0000255,CASP6,mir_to_gene,,1.0,1.0,1.0,1.0,1.0
1,MIMAT0000255,G3BP2,mir_to_gene,,0.3334119915962219,0.33325865864753723,0.3335125744342804,0.33354488015174866,0.33333176374435425
1,MIMAT0000255,CDC25C,mir_to_gene,,1.0,1.0,1.0,1.0,1.0
1,MIMAT0000255,KCNH1,mir_to_gene,,1.0,1.0,1.0,1.0,1.0
1,MIMAT0000255,MKLN1,mir_to_gene,,1.0,1.0,1.0,1.0,1.0
1,MIMAT0000255,AKT1,mir_to_gene,,1.0,1.0,1.0,1.0,1.0
1,MIMAT0000255,ADNP,mir_to_gene,,1.0,1.0,1.0,1.0,1.0
1,MIMAT0000255,PPARA,mir_to_gene,,0.49947741627693176,0.49890872836112976,0.499467670917511,0.49979090690612793,0.49974241852760315
1,MIMAT0000255,CCNL1,mir_to_gene,,0.2501155138015747,0.2501945197582245,0.2500580847263336,0.2502160966396332,0.24999329447746277
1,MIMAT0000255,RBM12,mir_to_gene,,1.0,1.0,1.0,1.0,1.0
1,MIMAT0000255,TMEM167A,mir_to_gene,,0.3331206738948822,0.33273616433143616,0.33347997069358826,0.3329494595527649,0.3333171010017395
1,MIMAT0000255,FUT8,mir_to_gene,,1.0,1.0,1.0,1.0,1.0
1,MIMAT0000255,SPTBN1,mir_to_gene,,1.0,1.0,1.0,1.0,1.0
1,MIMAT0000255,APAF1,mir_to_gene,,1.0,1.0,1.0,1.0,1.0
1,MIMAT0000255,SYNE2,mir_to_gene,,1.0,1.0,1.0,1.0,1.0
1,MIMAT0000255,BIRC3,mir_to_gene,,1.0,1.0,1.0,1.0,1.0
1,MIMAT0000255,ZDHHC16,mir_to_gene,,1.0,1.0,1.0,1.0,1.0
1,MIMAT0000255,DIABLO,mir_to_gene,,1.0,1.0,1.0,1.0,1.0
1,MIMAT0000255,NDRG1,mir_to_gene,,1.0,1.0,1.0,1.0,1.0
1,MIMAT0000255,TRAF3,mir_to_gene,,1.0,1.0,1.0,1.0,1.0
1,MIMAT0000255,IRGQ,mir_to_gene,,1.0,1.0,1.0,1.0,1.0
1,MIMAT0000255,EXT2,mir_to_gene,,1.0,1.0,1.0,1.0,1.0
1,MIMAT0000255,MTAP,mir_to_gene,,1.0,1.0,1.0,1.0,1.0
1,MIMAT0000255,TMOD2,mir_to_gene,,1.0,1.0,1.0,1.0,1.0
1,MIMAT0000255,BCLAF1,mir_to_gene,,1.0,1.0,1.0,1.0,1.0
1,MIMAT0000255,RNF40,mir_to_gene,,1.0,1.0,1.0,1.0,1.0
1,MIMAT0000255,MTMR9,mir_to_gene,,1.0,1.0,1.0,1.0,1.0
1,MIMAT0000255,GIGYF2,mir_to_gene,,1.0,1.0,1.0,1.0,1.0
1,MIMAT0000255,GDE1,mir_to_gene,,1.0,1.0,1.0,1.0,1.0
1,MIMAT0000255,FIGN,mir_to_gene,,1.0,1.0,1.0,1.0,1.0
1,MIMAT0000255,POLR3E,mir_to_gene,,1.0,1.0,1.0,1.0,1.0
1,MIMAT0000255,TGIF2,mir_to_gene,,1.0,1.0,1.0,1.0,1.0
1,MIMAT0000255,CD44,mir_to_gene,,0.500089168548584,0.498991459608078,0.5011438727378845,0.5001416802406311,0.5000797510147095
1,MIMAT0000255,VEGFA,mir_to_gene,,0.5000885128974915,0.500167965888977,0.5000323057174683,0.5001208186149597,0.500032901763916
1,MIMAT0000255,CASP10,mir_to_gene,,1.0,1.0,1.0,1.0,1.0
1,MIMAT0000255,KIF2A,mir_to_gene,,1.0,1.0,1.0,1.0,1.0
1,MIMAT0000255,CDK6,mir_to_gene,,0.24972906708717346,0.24942104518413544,0.2499951720237732,0.24951164424419403,0.2499883621931076
1,MIMAT0000255,TFAM,mir_to_gene,,0.500106930732727,0.5001859664916992,0.5000620484352112,0.5001994967460632,0.4999803304672241
1,MIMAT0000255,YOD1,mir_to_gene,,0.3329518735408783,0.3322790563106537,0.3333510756492615,0.3329385817050934,0.3332388699054718
1,MIMAT0000255,GANAB,mir_to_gene,,0.499955952167511,0.4999317228794098,0.49970564246177673,0.4999323785305023,0.5002540349960327
1,MIMAT0000255,FAM104A,mir_to_gene,,1.0,1.0,1.0,1.0,1.0
1,MIMAT0000255,CYCS,mir_to_gene,,0.4995579123497009,0.49846720695495605,0.5006220936775208,0.4990846812725067,0.5000577569007874
1,MIMAT0000255,PPP1R11,mir_to_gene,,0.33337125182151794,0.333493173122406,0.3332754969596863,0.3334102928638458,0.33330607414245605
1,MIMAT0000255,NUCKS1,mir_to_gene,,0.3332291841506958,0.3328932225704193,0.3334704637527466,0.33314037322998047,0.33341261744499207
1,MIMAT0000255,ACSL4,mir_to_gene,,1.0,1.0,1.0,1.0,1.0
1,MIMAT0000255,WDR77,mir_to_gene,,1.0,1.0,1.0,1.0,1.0
1,MIMAT0000255,MAP4,mir_to_gene,,1.0,1.0,1.0,1.0,1.0
1,MIMAT0000255,SIRT1,mir_to_gene,,0.3332373797893524,0.3330058455467224,0.33336496353149414,0.3334150016307831,0.33316370844841003
1,MIMAT0000255,PLIN3,mir_to_gene,,1.0,1.0,1.0,1.0,1.0
1,MIMAT0000255,RRM2,mir_to_gene,,1.0,1.0,1.0,1.0,1.0
1,MIMAT0000255,LEF1,mir_to_gene,,1.0,1.0,1.0,1.0,1.0
1,MIMAT0000255,XIAP,mir_to_gene,,1.0,1.0,1.0,1.0,1.0
1,MIMAT0000255,PEG10,mir_to_gene,,0.4997081160545349,0.4991592764854431,0.4999155104160309,0.5000277161598206,0.49972987174987793
1,MIMAT0000255,GYG1,mir_to_gene,,1.0,1.0,1.0,1.0,1.0
1,MIMAT0000255,FOSL1,mir_to_gene,,1.0,1.0,1.0,1.0,1.0
1,MIMAT0000255,DNAJB6,mir_to_gene,,0.4997204542160034,0.4989588260650635,0.5000670552253723,0.4997212290763855,0.5001347064971924
1,MIMAT0000255,UST,mir_to_gene,,1.0,1.0,1.0,1.0,1.0
1,MIMAT0000255,CCT3,mir_to_gene,,1.0,1.0,1.0,1.0,1.0
1,MIMAT0000255,PDGFRA,mir_to_gene,,1.0,1.0,1.0,1.0,1.0
1,MIMAT0000255,RRAS,mir_to_gene,,1.0,1.0,1.0,1.0,1.0
1,MIMAT0000255,ERLIN1,mir_to_gene,,1.0,1.0,1.0,1.0,1.0
1,MIMAT0000255,SNTB2,mir_to_gene,,1.0,1.0,1.0,1.0,1.0
1,MIMAT0000255,BRCA1,mir_to_gene,,0.4995579123497009,0.49846720695495605,0.5006220936775208,0.4990846812725067,0.5000577569007874
1,MIMAT0000255,RAB3GAP2,mir_to_gene,,1.0,1.0,1.0,1.0,1.0
1,MIMAT0000255,SF3B3,mir_to_gene,,0.3329955041408539,0.33243364095687866,0.3335372805595398,0.33271777629852295,0.33329328894615173
1,MIMAT0000255,AKR1B1,mir_to_gene,,1.0,1.0,1.0,1.0,1.0
1,MIMAT0000255,GATA4,mir_to_gene,,1.0,1.0,1.0,1.0,1.0
1,MIMAT0000255,CXCL9,mir_to_gene,,1.0,1.0,1.0,1.0,1.0
1,MIMAT0000255,CCL22,mir_to_gene,,1.0,1.0,1.0,1.0,1.0
1,MIMAT0000255,YY1,mir_to_gene,,0.499625027179718,0.4992044270038605,0.49964457750320435,0.49964430928230286,0.5000067353248596
1,MIMAT0000255,PDXK,mir_to_gene,,1.0,1.0,1.0,1.0,1.0
1,MIMAT0000255,PEA15,mir_to_gene,,1.0,1.0,1.0,1.0,1.0
1,MIMAT0000255,HRK,mir_to_gene,,1.0,1.0,1.0,1.0,1.0
1,MIMAT0000255,TNFRSF10A,mir_to_gene,,1.0,1.0,1.0,1.0,1.0
1,MIMAT0000255,BCL10,mir_to_gene,,1.0,1.0,1.0,1.0,1.0
1,MIMAT0000255,CDKN1B,mir_to_gene,,1.0,1.0,1.0,1.0,1.0
1,MIMAT0000255,BNIP2,mir_to_gene,,0.3331255614757538,0.33265748620033264,0.33341875672340393,0.333102822303772,0.3333231806755066
1,MIMAT0000255,EFNB1,mir_to_gene,,0.4998604357242584,0.498991459608078,0.500228762626648,0.5001416802406311,0.5000797510147095
1,MIMAT0000255,PKP2,mir_to_gene,,1.0,1.0,1.0,1.0,1.0
1,MIMAT0000255,STX1A,mir_to_gene,,1.0,1.0,1.0,1.0,1.0
1,MIMAT0000255,TSN,mir_to_gene,,1.0,1.0,1.0,1.0,1.0
1,MIMAT0000255,TOMM40,mir_to_gene,,1.0,1.0,1.0,1.0,1.0
1,MIMAT0000255,RBCK1,mir_to_gene,,1.0,1.0,1.0,1.0,1.0
1,MIMAT0000255,EDEM3,mir_to_gene,,1.0,1.0,1.0,1.0,1.0
1,MIMAT0000255,ZSWIM7,mir_to_gene,,1.0,1.0,1.0,1.0,1.0
1,MIMAT0000255,UBXN2B,mir_to_gene,,0.499583899974823,0.49890872836112976,0.49989354610443115,0.49979090690612793,0.49974241852760315
1,MIMAT0000255,E2F5,mir_to_gene,,0.4994335174560547,0.49846720695495605,0.500124454498291,0.4990846812725067,0.5000577569007874
1,MIMAT0000255,RNF169,mir_to_gene,,1.0,1.0,1.0,1.0,1.0
1,MIMAT0000255,BCL2A1,mir_to_gene,,1.0,1.0,1.0,1.0,1.0
1,MIMAT0000255,AIFM1,mir_to_gene,,1.0,1.0,1.0,1.0,1.0
1,MIMAT0000255,DDAH1,mir_to_gene,,0.5000998377799988,0.5000137686729431,0.5000677704811096,0.5003982782363892,0.49991944432258606
1,MIMAT0000255,ALS2,mir_to_gene,,1.0,1.0,1.0,1.0,1.0
1,MIMAT0000255,LLPH,mir_to_gene,,0.5001668334007263,0.4998290538787842,0.5001185536384583,0.5006105899810791,0.5001091361045837
1,MIMAT0000255,MBD6,mir_to_gene,,1.0,1.0,1.0,1.0,1.0
1,MIMAT0000255,FKBP1B,mir_to_gene,,1.0,1.0,1.0,1.0,1.0
1,MIMAT0000255,TPCN2,mir_to_gene,,1.0,1.0,1.0,1.0,1.0
1,MIMAT0000255,GDF5,mir_to_gene,,1.0,1.0,1.0,1.0,1.0
1,MIMAT0000255,MOV10,mir_to_gene,,1.0,1.0,1.0,1.0,1.0
1,MIMAT0000255,CD70,mir_to_gene,,1.0,1.0,1.0,1.0,1.0
1,MIMAT0000255,TNF,mir_to_gene,,1.0,1.0,1.0,1.0,1.0
1,MIMAT0000255,POLR2A,mir_to_gene,,1.0,1.0,1.0,1.0,1.0
1,MIMAT0000255,RPL37,mir_to_gene,,1.0,1.0,1.0,1.0,1.0
1,MIMAT0000255,REEP3,mir_to_gene,,0.4994335174560547,0.49846720695495605,0.500124454498291,0.4990846812725067,0.5000577569007874
1,MIMAT0000255,BIRC5,mir_to_gene,,1.0,1.0,1.0,1.0,1.0
1,MIMAT0000255,PODXL,mir_to_gene,,0.5003562569618225,0.5004060864448547,0.5005412697792053,0.5004651546478271,0.5000125765800476
1,MIMAT0000255,TGFBR2,mir_to_gene,,1.0,1.0,1.0,1.0,1.0
1,MIMAT0000255,C18orf32,mir_to_gene,,0.4995579123497009,0.49846720695495605,0.5006220936775208,0.4990846812725067,0.5000577569007874
1,MIMAT0000707,SHE,mir_to_gene,,1.0,1.0,1.0,1.0,1.0
1,MIMAT0000707,ZNF460,mir_to_gene,,1.0,1.0,1.0,1.0,1.0
1,MIMAT0000707,FNIP1,mir_to_gene,,1.0,1.0,1.0,1.0,1.0
1,MIMAT0000707,MDM2,mir_to_gene,,0.49937260150909424,0.4993698000907898,0.4986989498138428,0.4995194673538208,0.49990224838256836
1,MIMAT0000707,FBXW2,mir_to_gene,,1.0,1.0,1.0,1.0,1.0
1,MIMAT0000707,GGCX,mir_to_gene,,1.0,1.0,1.0,1.0,1.0
1,MIMAT0000707,ZNF417,mir_to_gene,,1.0,1.0,1.0,1.0,1.0
1,MIMAT0000707,IL6ST,mir_to_gene,,1.0,1.0,1.0,1.0,1.0
1,MIMAT0000707,CYP20A1,mir_to_gene,,1.0,1.0,1.0,1.0,1.0
1,MIMAT0000707,AURKA,mir_to_gene,,1.0,1.0,1.0,1.0,1.0
1,MIMAT0000707,NUP43,mir_to_gene,,1.0,1.0,1.0,1.0,1.0
1,MIMAT0000707,TXLNA,mir_to_gene,,1.0,1.0,1.0,1.0,1.0
1,MIMAT0000707,KCNC4,mir_to_gene,,1.0,1.0,1.0,1.0,1.0
1,MIMAT0000707,ZBTB34,mir_to_gene,,0.4998115301132202,0.5000296235084534,0.49902305006980896,0.500110387802124,0.5000830292701721
1,MIMAT0000707,SUPT7L,mir_to_gene,,1.0,1.0,1.0,1.0,1.0
1,MIMAT0000707,PHLPP2,mir_to_gene,,0.49934762716293335,0.49957045912742615,0.49830591678619385,0.49942052364349365,0.5000935792922974
1,MIMAT0000707,ZDHHC5,mir_to_gene,,1.0,1.0,1.0,1.0,1.0
1,MIMAT0000707,CYTH2,mir_to_gene,,1.0,1.0,1.0,1.0,1.0
1,MIMAT0000707,ESRP1,mir_to_gene,,1.0,1.0,1.0,1.0,1.0
1,MIMAT0000707,UHRF1BP1,mir_to_gene,,1.0,1.0,1.0,1.0,1.0
1,MIMAT0000707,G2E3,mir_to_gene,,1.0,1.0,1.0,1.0,1.0
1,MIMAT0000707,TMEM33,mir_to_gene,,1.0,1.0,1.0,1.0,1.0
1,MIMAT0000707,SLC25A36,mir_to_gene,,1.0,1.0,1.0,1.0,1.0
1,MIMAT0000707,ORAI2,mir_to_gene,,0.4993519186973572,0.4983288049697876,0.499896764755249,0.4990742802619934,0.5001078248023987
1,MIMAT0000707,RRN3,mir_to_gene,,0.4992486834526062,0.4983288049697876,0.49948379397392273,0.4990742802619934,0.5001078248023987
1,MIMAT0000707,NUFIP2,mir_to_gene,,0.3329804539680481,0.3330870270729065,0.33222565054893494,0.3332477807998657,0.3333613872528076
1,MIMAT0000707,NUCKS1,mir_to_gene,,0.3331872820854187,0.33270901441574097,0.3331669270992279,0.3331264853477478,0.3337467908859253
1,MIMAT0000707,TEF,mir_to_gene,,1.0,1.0,1.0,1.0,1.0
1,MIMAT0000707,LHFPL2,mir_to_gene,,1.0,1.0,1.0,1.0,1.0
1,MIMAT0000707,AKAP10,mir_to_gene,,1.0,1.0,1.0,1.0,1.0
1,MIMAT0000707,SOX11,mir_to_gene,,1.0,1.0,1.0,1.0,1.0
1,MIMAT0000707,ZNF157,mir_to_gene,,1.0,1.0,1.0,1.0,1.0
1,MIMAT0000707,KIF5B,mir_to_gene,,1.0,1.0,1.0,1.0,1.0
1,MIMAT0000707,GCNT3,mir_to_gene,,1.0,1.0,1.0,1.0,1.0
1,MIMAT0000707,SPRYD4,mir_to_gene,,1.0,1.0,1.0,1.0,1.0
1,MIMAT0000707,HOXA13,mir_to_gene,,1.0,1.0,1.0,1.0,1.0
1,MIMAT0000707,CNOT4,mir_to_gene,,1.0,1.0,1.0,1.0,1.0
1,MIMAT0000733,LNPEP,mir_to_gene,,0.49939870834350586,0.49838054180145264,0.4993036687374115,0.49985241889953613,0.5000582337379456
1,MIMAT0000733,RBM12B,mir_to_gene,,0.49916908144950867,0.49788883328437805,0.49959036707878113,0.49921587109565735,0.49998125433921814
1,MIMAT0000733,TSC22D2,mir_to_gene,,0.33314839005470276,0.3324456512928009,0.33326593041419983,0.3335666060447693,0.3333154022693634
1,MIMAT0000733,DNAL1,mir_to_gene,,0.49916908144950867,0.49788883328437805,0.49959036707878113,0.49921587109565735,0.49998125433921814
1,MIMAT0000733,MDM4,mir_to_gene,,0.33316531777381897,0.3328720033168793,0.3329128921031952,0.3336963951587677,0.33317995071411133
1,MIMAT0000733,TRIM13,mir_to_gene,,1.0,1.0,1.0,1.0,1.0
1,MIMAT0000733,MTRF1L,mir_to_gene,,1.0,1.0,1.0,1.0,1.0
1,MIMAT0000733,TM2D2,mir_to_gene,,0.49987882375717163,0.4992506802082062,0.49956125020980835,0.500741720199585,0.49996158480644226
1,MIMAT0001631,IL6R,mir_to_gene,,1.0,1.0,1.0,1.0,1.0
1,MIMAT0002177,FOXP1,mir_to_gene,,0.49974146485328674,0.49926066398620605,0.49991172552108765,0.49982181191444397,0.4999716579914093
1,MIMAT0002177,CD40,mir_to_gene,,0.49968263506889343,0.49915602803230286,0.49982550740242004,0.4996657967567444,0.5000832080841064
1,MIMAT0002177,SMAD2,mir_to_gene,,0.4995669722557068,0.4982922077178955,0.5001624226570129,0.49959683418273926,0.500216543674469
1,MIMAT0002177,G3BP2,mir_to_gene,,0.332989364862442,0.33213552832603455,0.33327990770339966,0.33309924602508545,0.3334427773952484
1,MIMAT0002177,PIK3R1,mir_to_gene,,1.0,1.0,1.0,1.0,1.0
1,MIMAT0002177,CADM1,mir_to_gene,,1.0,1.0,1.0,1.0,1.0
1,MIMAT0002177,UBE2S,mir_to_gene,,1.0,1.0,1.0,1.0,1.0
1,MIMAT0002177,RCOR3,mir_to_gene,,1.0,1.0,1.0,1.0,1.0
1,MIMAT0002177,HPGD,mir_to_gene,,1.0,1.0,1.0,1.0,1.0
1,MIMAT0002177,CENPN,mir_to_gene,,1.0,1.0,1.0,1.0,1.0
1,MIMAT0002177,MBD4,mir_to_gene,,1.0,1.0,1.0,1.0,1.0
1,MIMAT0002177,SEC23IP,mir_to_gene,,1.0,1.0,1.0,1.0,1.0
1,MIMAT0002177,IGSF3,mir_to_gene,,1.0,1.0,1.0,1.0,1.0
1,MIMAT0002177,UBASH3B,mir_to_gene,,1.0,1.0,1.0,1.0,1.0
1,MIMAT0002177,MACROD2,mir_to_gene,,1.0,1.0,1.0,1.0,1.0
1,MIMAT0003233,PDE4C,mir_to_gene,,1.0,1.0,1.0,1.0,1.0
1,MIMAT0003233,ANKRD50,mir_to_gene,,1.0,1.0,1.0,1.0,1.0
1,MIMAT0003322,RPS16,mir_to_gene,,1.0,1.0,1.0,1.0,1.0
1,MIMAT0003322,NFAT5,mir_to_gene,,0.2497556507587433,0.24990716576576233,0.24957750737667084,0.24969878792762756,0.2498391717672348
1,MIMAT0003322,AP1G1,mir_to_gene,,1.0,1.0,1.0,1.0,1.0
1,MIMAT0003322,ANKRD9,mir_to_gene,,1.0,1.0,1.0,1.0,1.0
1,MIMAT0003322,STK4,mir_to_gene,,1.0,1.0,1.0,1.0,1.0
1,MIMAT0003322,UBE2I,mir_to_gene,,0.4998641610145569,0.500572681427002,0.4994739294052124,0.4994998872280121,0.4999101758003235
1,MIMAT0003322,KIF1A,mir_to_gene,,0.5001730918884277,0.5009684562683105,0.49974384903907776,0.5002249479293823,0.4997551441192627
1,MIMAT0003322,YIPF6,mir_to_gene,,1.0,1.0,1.0,1.0,1.0
1,MIMAT0003322,GEN1,mir_to_gene,,1.0,1.0,1.0,1.0,1.0
1,MIMAT0003322,BSG,mir_to_gene,,0.5002366304397583,0.5010318756103516,0.4998253285884857,0.5001897811889648,0.49989962577819824
1,MIMAT0003322,FAM120AOS,mir_to_gene,,1.0,1.0,1.0,1.0,1.0
1,MIMAT0003322,ZBTB44,mir_to_gene,,1.0,1.0,1.0,1.0,1.0
1,MIMAT0003322,ATP11B,mir_to_gene,,1.0,1.0,1.0,1.0,1.0
1,MIMAT0003322,RAP1GAP2,mir_to_gene,,1.0,1.0,1.0,1.0,1.0
1,MIMAT0003322,MRAS,mir_to_gene,,1.0,1.0,1.0,1.0,1.0
1,MIMAT0003322,AGAP3,mir_to_gene,,1.0,1.0,1.0,1.0,1.0
1,MIMAT0003322,ACTN4,mir_to_gene,,1.0,1.0,1.0,1.0,1.0
1,MIMAT0003322,SMAD2,mir_to_gene,,0.5004330277442932,0.5017078518867493,0.49983757734298706,0.500403106212616,0.499783456325531
1,MIMAT0003322,CEBPG,mir_to_gene,,1.0,1.0,1.0,1.0,1.0
1,MIMAT0003322,SLC31A1,mir_to_gene,,1.0,1.0,1.0,1.0,1.0
1,MIMAT0003322,QSOX1,mir_to_gene,,0.49958163499832153,0.4993310272693634,0.49991747736930847,0.49915361404418945,0.4999244511127472
1,MIMAT0003322,SRPK1,mir_to_gene,,1.0,1.0,1.0,1.0,1.0
1,MIMAT0003322,GCM1,mir_to_gene,,1.0,1.0,1.0,1.0,1.0
1,MIMAT0003322,ARCN1,mir_to_gene,,1.0,1.0,1.0,1.0,1.0
1,MIMAT0003322,MORF4L2,mir_to_gene,,1.0,1.0,1.0,1.0,1.0
1,MIMAT0003322,ZNF431,mir_to_gene,,1.0,1.0,1.0,1.0,1.0
1,MIMAT0003322,RPS19,mir_to_gene,,1.0,1.0,1.0,1.0,1.0
1,MIMAT0003322,RPS29,mir_to_gene,,1.0,1.0,1.0,1.0,1.0
1,MIMAT0006790,TK1,mir_to_gene,,1.0,1.0,1.0,1.0,1.0
1,MIMAT0006790,AZIN1,mir_to_gene,,1.0,1.0,1.0,1.0,1.0
1,MIMAT0006790,LHFPL5,mir_to_gene,,1.0,1.0,1.0,1.0,1.0
1,MIMAT0006790,ZNF107,mir_to_gene,,1.0,1.0,1.0,1.0,1.0
1,MIMAT0006790,GPR173,mir_to_gene,,1.0,1.0,1.0,1.0,1.0
1,MIMAT0006790,NUCKS1,mir_to_gene,,0.3335835337638855,0.3343977928161621,0.3333626985549927,0.33373308181762695,0.33284062147140503
1,MIMAT0006790,LCOR,mir_to_gene,,1.0,1.0,1.0,1.0,1.0
1,MIMAT0006790,KCNK6,mir_to_gene,,0.49978476762771606,0.4995945692062378,0.5000436305999756,0.49952906370162964,0.4999718964099884
1,MIMAT0006790,ZNF268,mir_to_gene,,1.0,1.0,1.0,1.0,1.0
1,MIMAT0004554,EEF2K,mir_to_gene,,1.0,1.0,1.0,1.0,1.0
1,MIMAT0004554,PAK3,mir_to_gene,,1.0,1.0,1.0,1.0,1.0
1,MIMAT0004554,VGLL4,mir_to_gene,,1.0,1.0,1.0,1.0,1.0
1,MIMAT0004554,ZBTB37,mir_to_gene,,0.33257362246513367,0.33188334107398987,0.3327498733997345,0.33232352137565613,0.3333377540111542
1,MIMAT0004554,TOR1AIP1,mir_to_gene,,1.0,1.0,1.0,1.0,1.0
1,MIMAT0004554,COPS7B,mir_to_gene,,1.0,1.0,1.0,1.0,1.0
1,MIMAT0004554,KLF6,mir_to_gene,,1.0,1.0,1.0,1.0,1.0
1,MIMAT0004554,KCNB1,mir_to_gene,,1.0,1.0,1.0,1.0,1.0
1,MIMAT0004554,NCBP2,mir_to_gene,,1.0,1.0,1.0,1.0,1.0
1,MIMAT0004554,LIMD1,mir_to_gene,,0.49948084354400635,0.49931153655052185,0.49881958961486816,0.4994882643222809,0.5003040432929993
1,MIMAT0004554,MATN1,mir_to_gene,,1.0,1.0,1.0,1.0,1.0
1,MIMAT0004554,COIL,mir_to_gene,,1.0,1.0,1.0,1.0,1.0
1,MIMAT0004554,ANKRD40,mir_to_gene,,1.0,1.0,1.0,1.0,1.0
1,MIMAT0004554,OTUD7A,mir_to_gene,,1.0,1.0,1.0,1.0,1.0
1,MIMAT0004554,ZNF740,mir_to_gene,,1.0,1.0,1.0,1.0,1.0
1,MIMAT0000252,TMEM97,mir_to_gene,,1.0,1.0,1.0,1.0,1.0
1,MIMAT0000252,TMEM106B,mir_to_gene,,1.0,1.0,1.0,1.0,1.0
1,MIMAT0000252,IDE,mir_to_gene,,1.0,1.0,1.0,1.0,1.0
1,MIMAT0000252,TFRC,mir_to_gene,,1.0,1.0,1.0,1.0,1.0
1,MIMAT0000252,PPIP5K2,mir_to_gene,,1.0,1.0,1.0,1.0,1.0
1,MIMAT0000252,EGFR,mir_to_gene,,0.49920976161956787,0.49907970428466797,0.4988746643066406,0.49918031692504883,0.4997043013572693
1,MIMAT0000252,ST3GAL5,mir_to_gene,,1.0,1.0,1.0,1.0,1.0
1,MIMAT0000252,FXR1,mir_to_gene,,1.0,1.0,1.0,1.0,1.0
1,MIMAT0000252,GLDN,mir_to_gene,,1.0,1.0,1.0,1.0,1.0
1,MIMAT0000252,SCARB2,mir_to_gene,,1.0,1.0,1.0,1.0,1.0
1,MIMAT0000252,SRGAP2,mir_to_gene,,1.0,1.0,1.0,1.0,1.0
1,MIMAT0000252,ABCC1,mir_to_gene,,1.0,1.0,1.0,1.0,1.0
1,MIMAT0000252,MICALL1,mir_to_gene,,1.0,1.0,1.0,1.0,1.0
1,MIMAT0000252,UBE2A,mir_to_gene,,1.0,1.0,1.0,1.0,1.0
1,MIMAT0000252,PAK1,mir_to_gene,,1.0,1.0,1.0,1.0,1.0
1,MIMAT0000252,SLC25A15,mir_to_gene,,1.0,1.0,1.0,1.0,1.0
1,MIMAT0000252,SULT1B1,mir_to_gene,,1.0,1.0,1.0,1.0,1.0
1,MIMAT0000252,EHD3,mir_to_gene,,1.0,1.0,1.0,1.0,1.0
1,MIMAT0000252,SERTAD2,mir_to_gene,,0.4989546239376068,0.49863970279693604,0.4994204342365265,0.4987378716468811,0.49902045726776123
1,MIMAT0000252,ZNF385A,mir_to_gene,,1.0,1.0,1.0,1.0,1.0
1,MIMAT0000252,KIF16B,mir_to_gene,,1.0,1.0,1.0,1.0,1.0
1,MIMAT0000252,BMPR2,mir_to_gene,,1.0,1.0,1.0,1.0,1.0
1,MIMAT0000252,GLS,mir_to_gene,,1.0,1.0,1.0,1.0,1.0
1,MIMAT0000252,GNA12,mir_to_gene,,1.0,1.0,1.0,1.0,1.0
1,MIMAT0000252,RCC2,mir_to_gene,,1.0,1.0,1.0,1.0,1.0
1,MIMAT0000252,CRLS1,mir_to_gene,,1.0,1.0,1.0,1.0,1.0
1,MIMAT0000252,CNNM4,mir_to_gene,,1.0,1.0,1.0,1.0,1.0
1,MIMAT0000252,ALG9,mir_to_gene,,1.0,1.0,1.0,1.0,1.0
1,MIMAT0000252,ROR1,mir_to_gene,,1.0,1.0,1.0,1.0,1.0
1,MIMAT0000252,LANCL1,mir_to_gene,,1.0,1.0,1.0,1.0,1.0
1,MIMAT0000252,GLO1,mir_to_gene,,0.49929025769233704,0.4986381232738495,0.5000291466712952,0.4984740912914276,0.5000196695327759
1,MIMAT0000252,SLC5A3,mir_to_gene,,1.0,1.0,1.0,1.0,1.0
1,MIMAT0000252,CNTNAP2,mir_to_gene,,1.0,1.0,1.0,1.0,1.0
1,MIMAT0000252,LRP6,mir_to_gene,,0.49935591220855713,0.49933022260665894,0.4989844858646393,0.49941712617874146,0.49969178438186646
1,MIMAT0000252,SERPINB5,mir_to_gene,,1.0,1.0,1.0,1.0,1.0
1,MIMAT0000252,RYK,mir_to_gene,,1.0,1.0,1.0,1.0,1.0
1,MIMAT0000252,SLIT3,mir_to_gene,,1.0,1.0,1.0,1.0,1.0
1,MIMAT0000252,ZNF264,mir_to_gene,,0.49929025769233704,0.4986381232738495,0.5000291466712952,0.4984740912914276,0.5000196695327759
1,MIMAT0000252,PIGH,mir_to_gene,,1.0,1.0,1.0,1.0,1.0
1,MIMAT0000252,GJC1,mir_to_gene,,1.0,1.0,1.0,1.0,1.0
1,MIMAT0000252,COMMD7,mir_to_gene,,1.0,1.0,1.0,1.0,1.0
1,MIMAT0000252,ADCY9,mir_to_gene,,1.0,1.0,1.0,1.0,1.0
1,MIMAT0000252,DAZAP2,mir_to_gene,,1.0,1.0,1.0,1.0,1.0
1,MIMAT0000252,TM2D2,mir_to_gene,,0.5001211762428284,0.5007492899894714,0.5004387497901917,0.49925822019577026,0.5000384449958801
1,MIMAT0000252,LLPH,mir_to_gene,,0.4998331367969513,0.5001709461212158,0.499881386756897,0.4993894100189209,0.4998908042907715
1,MIMAT0000252,RSPRY1,mir_to_gene,,1.0,1.0,1.0,1.0,1.0
1,MIMAT0000252,CACNG5,mir_to_gene,,1.0,1.0,1.0,1.0,1.0
1,MIMAT0000252,PIK3R3,mir_to_gene,,1.0,1.0,1.0,1.0,1.0
1,MIMAT0000252,DUSP18,mir_to_gene,,0.49928444623947144,0.4986381232738495,0.500005841255188,0.4984740912914276,0.5000196695327759
1,MIMAT0000252,FAM136A,mir_to_gene,,1.0,1.0,1.0,1.0,1.0
1,MIMAT0000252,TIMM50,mir_to_gene,,0.49956533312797546,0.4996791183948517,0.4998488426208496,0.498919278383255,0.49981412291526794
1,MIMAT0000252,ZNF805,mir_to_gene,,0.24946215748786926,0.24923966825008392,0.24967342615127563,0.24903400242328644,0.24990151822566986
1,MIMAT0000441,MTHFD2,mir_to_gene,,1.0,1.0,1.0,1.0,1.0
1,MIMAT0000441,BCL2L11,mir_to_gene,,0.3328842222690582,0.332186222076416,0.33321264386177063,0.3328000009059906,0.33333805203437805
1,MIMAT0000441,APBB2,mir_to_gene,,1.0,1.0,1.0,1.0,1.0
1,MIMAT0000441,KIF1A,mir_to_gene,,0.49982690811157227,0.49903151392936707,0.5002561807632446,0.4997750520706177,0.5002448558807373
1,MIMAT0000441,HOXC12,mir_to_gene,,1.0,1.0,1.0,1.0,1.0
1,MIMAT0000441,PPP4R2,mir_to_gene,,1.0,1.0,1.0,1.0,1.0
1,MIMAT0000441,NTRK3,mir_to_gene,,1.0,1.0,1.0,1.0,1.0
1,MIMAT0000441,TNFAIP8,mir_to_gene,,1.0,1.0,1.0,1.0,1.0
1,MIMAT0000441,KIF1B,mir_to_gene,,0.4994249641895294,0.49960416555404663,0.49866563081741333,0.49927496910095215,0.5001550912857056
1,MIMAT0000441,FRMD4B,mir_to_gene,,1.0,1.0,1.0,1.0,1.0
1,MIMAT0000441,FOXP1,mir_to_gene,,0.5002585053443909,0.500739336013794,0.5000882744789124,0.5001782178878784,0.5000283122062683
1,MIMAT0000441,TBPL1,mir_to_gene,,0.49969184398651123,0.49960416555404663,0.4997331202030182,0.49927496910095215,0.5001550912857056
1,MIMAT0000441,CDX2,mir_to_gene,,0.4997842013835907,0.4988868534564972,0.5000730752944946,0.49998560547828674,0.500191330909729
1,MIMAT0000441,MDM4,mir_to_gene,,0.33337435126304626,0.3335033655166626,0.33325013518333435,0.3333132565021515,0.333430677652359
1,MIMAT0000441,NR6A1,mir_to_gene,,1.0,1.0,1.0,1.0,1.0
1,MIMAT0000441,TAOK1,mir_to_gene,,0.4998888671398163,0.500063419342041,0.49938276410102844,0.49996480345726013,0.5001444816589355
1,MIMAT0000441,PRRX1,mir_to_gene,,1.0,1.0,1.0,1.0,1.0
1,MIMAT0000441,SOX7,mir_to_gene,,1.0,1.0,1.0,1.0,1.0
1,MIMAT0000441,SIRT1,mir_to_gene,,0.33313581347465515,0.3328665494918823,0.33315736055374146,0.33320698142051697,0.33331239223480225
1,MIMAT0000441,SERINC5,mir_to_gene,,1.0,1.0,1.0,1.0,1.0
1,MIMAT0000441,ONECUT2,mir_to_gene,,1.0,1.0,1.0,1.0,1.0
1,MIMAT0000441,REST,mir_to_gene,,0.49935057759284973,0.49836260080337524,0.49994179606437683,0.49892866611480713,0.5001692771911621
1,MIMAT0000441,NFAT5,mir_to_gene,,0.24958312511444092,0.24894091486930847,0.2498333752155304,0.24947421252727509,0.2500840127468109
1,MIMAT0000441,SLC30A4,mir_to_gene,,1.0,1.0,1.0,1.0,1.0
1,MIMAT0000441,JAK1,mir_to_gene,,0.4993259906768799,0.49836260080337524,0.49984344840049744,0.49892866611480713,0.5001692771911621
1,MIMAT0000441,MYLK,mir_to_gene,,1.0,1.0,1.0,1.0,1.0
1,MIMAT0000441,TTC7B,mir_to_gene,,1.0,1.0,1.0,1.0,1.0
1,MIMAT0000441,ZNF704,mir_to_gene,,1.0,1.0,1.0,1.0,1.0
1,RASGRF1,fu:7e2a8487,gene_to_fu,,0.33444467186927795,0.3319084644317627,0.33922410011291504,0.3340654969215393,0.33258071541786194
1,RASGRF2,fu:7e2a8487,gene_to_fu,,0.3346569538116455,0.3310621380805969,0.3408994972705841,0.3336000144481659,0.3330661356449127
1,DUSP10,fu:fd226da5,gene_to_fu,,0.09890405088663101,0.09884346276521683,0.09659159928560257,0.10041486471891403,0.09976629167795181
1,DUSP1,fu:fd226da5,gene_to_fu,,0.10034842789173126,0.09998060762882233,0.10208427160978317,0.09937691688537598,0.09995191544294357
1,DUSP2,fu:fd226da5,gene_to_fu,,0.10130965709686279,0.10122078657150269,0.10409584641456604,0.09973973780870438,0.10018227249383926
1,DUSP4,fu:fd226da5,gene_to_fu,,0.10032857954502106,0.10037755221128464,0.10092464834451675,0.09988276660442352,0.1001293808221817
1,DUSP5,fu:fd226da5,gene_to_fu,,0.10052164644002914,0.0998726487159729,0.10275765508413315,0.09936044365167618,0.10009583085775375
1,DUSP6,fu:fd226da5,gene_to_fu,,0.09941726922988892,0.09985852986574173,0.09789317846298218,0.1000545546412468,0.09986279904842377
1,DUSP7,fu:fd226da5,gene_to_fu,,0.09945397824048996,0.0991525873541832,0.09871675819158554,0.1000988632440567,0.0998476967215538
1,DUSP8,fu:fd226da5,gene_to_fu,,0.10008109360933304,0.10031329840421677,0.09929933398962021,0.10046104341745377,0.10025068372488022
1,DUSP9,fu:fd226da5,gene_to_fu,,0.10063673555850983,0.10107143223285675,0.10097191482782364,0.10040334612131119,0.10010023415088654
1,DUSP16,fu:fd226da5,gene_to_fu,,0.0989985540509224,0.09930906444787979,0.09666474908590317,0.10020749270915985,0.09981289505958557
1,DUSP3,fu:084a3d94,gene_to_fu,,0.25025755167007446,0.25348472595214844,0.2509019672870636,0.2480461299419403,0.2485974133014679
1,PTPN7,fu:084a3d94,gene_to_fu,,0.250857412815094,0.249527707695961,0.2552787959575653,0.2482575625181198,0.25036561489105225
1,PTPRR,fu:084a3d94,gene_to_fu,,0.24878057837486267,0.2488943636417389,0.24579206109046936,0.24997372925281525,0.250462144613266
1,PTPN5,fu:084a3d94,gene_to_fu,,0.2501044273376465,0.24809321761131287,0.24802714586257935,0.25372257828712463,0.25057482719421387
1,PPM1B,fu:0047a61e,gene_to_fu,,1.0,1.0,1.0,1.0,1.0
1,FASLG,fu:c8457d96,gene_to_fu,,1.0,1.0,1.0,1.0,1.0
1,MAP4K4,fu:3687d0f8,gene_to_fu,,1.0,1.0,1.0,1.0,1.0
1,PLA2G4E,fu:770a684e,gene_to_fu,,0.14289823174476624,0.1427227407693863,0.14371837675571442,0.14233213663101196,0.14281970262527466
1,PLA2G4F,fu:770a684e,gene_to_fu,,0.14384955167770386,0.14372889697551727,0.14476753771305084,0.14427383244037628,0.14262798428535461
1,PLA2G4D,fu:770a684e,gene_to_fu,,0.14329105615615845,0.14242906868457794,0.14437271654605865,0.1437692940235138,0.142593115568161
1,PLA2G4A,fu:770a684e,gene_to_fu,,0.1420084536075592,0.14119532704353333,0.1416737288236618,0.142563134431839,0.14260165393352509
1,PLA2G4C,fu:770a684e,gene_to_fu,,0.14306865632534027,0.14228171110153198,0.1441347748041153,0.1430448442697525,0.14281333982944489
1,JMJD7-PLA2G4B,fu:770a684e,gene_to_fu,,0.14428141713142395,0.14248350262641907,0.14879922568798065,0.1426645964384079,0.1431783139705658
1,STMN1,fu:8ef29752,gene_to_fu,,0.49857214093208313,0.494445264339447,0.5077732801437378,0.4962073862552643,0.4958627223968506
1,MAPT,fu:02b71dbc,gene_to_fu,,0.5030059218406677,0.49257370829582214,0.5208021402359009,0.4991488456726074,0.49949896335601807
1,NFKB1,fu:6b254be8,gene_to_fu,,0.16655728220939636,0.16410835087299347,0.16851776838302612,0.16768719255924225,0.16591587662696838
1,NFKB2,fu:6b254be8,gene_to_fu,,0.16774821281433105,0.16555164754390717,0.1714230179786682,0.16759748756885529,0.16642072796821594
1,RELA,fu:6b254be8,gene_to_fu,,0.16765345633029938,0.1656312644481659,0.17269718647003174,0.16523101925849915,0.16705435514450073
1,RELB,fu:6b254be8,gene_to_fu,,0.16860997676849365,0.16693276166915894,0.17245155572891235,0.16813527047634125,0.1669202744960785
1,CHUK,fu:e96fee09,gene_to_fu,,0.14409440755844116,0.14254720509052277,0.14720848202705383,0.14414134621620178,0.14248056709766388
1,IKBKB,fu:e96fee09,gene_to_fu,,0.1438700258731842,0.14212797582149506,0.14678935706615448,0.14411307871341705,0.14244964718818665
1,IKBKG,fu:e96fee09,gene_to_fu,,0.14404794573783875,0.13985301554203033,0.15251602232456207,0.14112360775470734,0.14269913733005524
1,MAP3K14,fu:f132c1b4,gene_to_fu,,0.32880303263664246,0.3275294303894043,0.3304900825023651,0.3308577835559845,0.3263348340988159
1,MAPK1,fu:b1fed606,gene_to_fu,,0.1685706228017807,0.16463272273540497,0.17778192460536957,0.16587483882904053,0.16599301993846893
1,MAPK3,fu:b1fed606,gene_to_fu,,0.1688062697649002,0.16494739055633545,0.1777433604001999,0.1662839651107788,0.1662503480911255
1,MAP2K2,fu:e711f0a6,gene_to_fu,,0.14536809921264648,0.14095358550548553,0.15549273788928986,0.14237061142921448,0.14265549182891846
1,MAP2K1,fu:74ae7efc,gene_to_fu,,0.14499416947364807,0.14082734286785126,0.15480750799179077,0.14180876314640045,0.1425330936908722
1,RAF1,fu:21c326d4,gene_to_fu,,0.3368295431137085,0.3301340639591217,0.35047921538352966,0.3339599668979645,0.3327449560165405
1,BRAF,fu:7ebcd056,gene_to_fu,,0.33703285455703735,0.32907453179359436,0.35160553455352783,0.334453821182251,0.33299753069877625
1,RASA1,fu:69624e88,gene_to_fu,,1.0,1.0,1.0,1.0,1.0
1,NF1,fu:368c2fa7,gene_to_fu,,1.0,1.0,1.0,1.0,1.0
1,PRKCA,fu:35131c42,gene_to_fu,,0.3321607708930969,0.3317301869392395,0.3314749598503113,0.33238258957862854,0.3330553472042084
1,PRKCB,fu:35131c42,gene_to_fu,,0.332372784614563,0.3322688341140747,0.33178991079330444,0.3320894241333008,0.3333430290222168
1,PRKCG,fu:35131c42,gene_to_fu,,0.3354664146900177,0.3360009491443634,0.3367350697517395,0.3355279862880707,0.33360162377357483
1,RAP1A,fu:9786b5ed,gene_to_fu,,0.3348942697048187,0.3331427276134491,0.34211763739585876,0.3321966230869293,0.33212006092071533
1,RAP1B,fu:9786b5ed,gene_to_fu,,0.33526918292045593,0.33274081349372864,0.34368231892585754,0.33227235078811646,0.3323812484741211
1,PRKACA,fu:bcdaeed1,gene_to_fu,,0.3329865336418152,0.33339962363243103,0.3322775959968567,0.33306923508644104,0.33319973945617676
1,PRKACB,fu:bcdaeed1,gene_to_fu,,0.3325546979904175,0.33121487498283386,0.33217954635620117,0.3335336446762085,0.3332906663417816
1,PRKACG,fu:bcdaeed1,gene_to_fu,,0.33445876836776733,0.3353854715824127,0.33554285764694214,0.33339712023735046,0.33350953459739685
1,RAPGEF2,fu:bd2e123e,gene_to_fu,,1.0,1.0,1.0,1.0,1.0
1,RASA2,fu:fa467b33,gene_to_fu,,0.5029197931289673,0.49283653497695923,0.519257128238678,0.5006473064422607,0.49893808364868164
1,RRAS2,fu:35bcc57b,gene_to_fu,,0.07213175296783447,0.07129776477813721,0.07502184063196182,0.07100154459476471,0.07120585441589355
1,MRAS,fu:35bcc57b,gene_to_fu,,0.071939617395401,0.0707964226603508,0.07501068711280823,0.07093393057584763,0.07101742923259735
1,HRAS,fu:35bcc57b,gene_to_fu,,0.07224863767623901,0.0713592916727066,0.07524774223566055,0.07133464515209198,0.07105286419391632
1,KRAS,fu:35bcc57b,gene_to_fu,,0.07182429730892181,0.07083418220281601,0.07452365756034851,0.07099544256925583,0.07094388455152512
1,NRAS,fu:35bcc57b,gene_to_fu,,0.07217738777399063,0.07124719023704529,0.07513168454170227,0.07135166972875595,0.07097899168729782
1,RRAS,fu:35bcc57b,gene_to_fu,,0.07265937328338623,0.07149967551231384,0.07678189873695374,0.07105062901973724,0.0713052749633789
1,RASGRP1,fu:82456880,gene_to_fu,,0.19987326860427856,0.1980651170015335,0.20261560380458832,0.1990271508693695,0.1997852474451065
1,RASGRP2,fu:82456880,gene_to_fu,,0.20089153945446014,0.19966211915016174,0.20374347269535065,0.20019742846488953,0.19996316730976105
1,RASGRP4,fu:82456880,gene_to_fu,,0.2023785561323166,0.20140080153942108,0.20581920444965363,0.20229388773441315,0.2000003457069397
1,RASGRP3,fu:82456880,gene_to_fu,,0.1995309740304947,0.19850602746009827,0.19993406534194946,0.20013907551765442,0.1995447278022766
1,SOS1,fu:def1099f,gene_to_fu,,0.49978017807006836,0.4992370307445526,0.5004530549049377,0.49971309304237366,0.499717652797699
1,SOS2,fu:def1099f,gene_to_fu,,0.5002198219299316,0.5007629990577698,0.49954691529273987,0.5002869367599487,0.500282347202301
1,GNA12,fu:f390c31d,gene_to_fu,,0.5071502327919006,0.4962685704231262,0.5270342230796814,0.5004822015762329,0.504815936088562
1,GNG12,fu:f390c31d,gene_to_fu,,0.492849737405777,0.5037314295768738,0.47296571731567383,0.4995177686214447,0.4951840937137604
1,GRB2,fu:c110bb17,gene_to_fu,,0.5043495893478394,0.49702370166778564,0.524426281452179,0.4975240230560303,0.49842432141304016
1,CSF1R,fu:7f7b2f5f,gene_to_fu,,0.03723888844251633,0.03705596923828125,0.03773462772369385,0.037119295448064804,0.037045661360025406
1,EGFR,fu:7f7b2f5f,gene_to_fu,,0.03689425438642502,0.03698378801345825,0.03663424775004387,0.03697335347533226,0.0369856134057045
1,EPHA2,fu:7f7b2f5f,gene_to_fu,,0.03719635307788849,0.03683612868189812,0.037876490503549576,0.03697607293725014,0.037096720188856125
1,ERBB2,fu:7f7b2f5f,gene_to_fu,,0.037252191454172134,0.03728841617703438,0.037316277623176575,0.03745830059051514,0.036945778876543045
1,ERBB3,fu:7f7b2f5f,gene_to_fu,,0.03718940168619156,0.03721098601818085,0.03710586950182915,0.037406954914331436,0.037033792585134506
1,ERBB4,fu:7f7b2f5f,gene_to_fu,,0.03697683662176132,0.03705890104174614,0.0366397351026535,0.03720886632800102,0.03699982911348343
1,FGFR1,fu:7f7b2f5f,gene_to_fu,,0.03707446902990341,0.036836933344602585,0.03750421479344368,0.03690256178379059,0.03705417364835739
1,FGFR3,fu:7f7b2f5f,gene_to_fu,,0.037341490387916565,0.036933016031980515,0.03824077546596527,0.037106938660144806,0.03708523511886597
1,FGFR2,fu:7f7b2f5f,gene_to_fu,,0.03698688745498657,0.036631036549806595,0.037409260869026184,0.03686715289950371,0.037040092051029205
1,FGFR4,fu:7f7b2f5f,gene_to_fu,,0.037457022815942764,0.0373796783387661,0.038079891353845596,0.03729593753814697,0.03707258030772209
1,FLT1,fu:7f7b2f5f,gene_to_fu,,0.03680277615785599,0.03709312900900841,0.036445502191782,0.03669782355427742,0.036974649876356125
1,FLT3,fu:7f7b2f5f,gene_to_fu,,0.03686779364943504,0.036868490278720856,0.03686892241239548,0.03669741749763489,0.03703634813427925
1,FLT4,fu:7f7b2f5f,gene_to_fu,,0.037245191633701324,0.03716690093278885,0.03753816708922386,0.03721150383353233,0.037064190953969955
1,IGF1R,fu:7f7b2f5f,gene_to_fu,,0.036958277225494385,0.037219323217868805,0.036320701241493225,0.03728124871850014,0.03701183944940567
1,INSR,fu:7f7b2f5f,gene_to_fu,,0.03703309968113899,0.03726327419281006,0.03657332435250282,0.03732734173536301,0.03696846589446068
1,KDR,fu:7f7b2f5f,gene_to_fu,,0.03692378103733063,0.036870718002319336,0.03688647970557213,0.0369124561548233,0.037025466561317444
1,KIT,fu:7f7b2f5f,gene_to_fu,,0.03685439005494118,0.03662101551890373,0.03694303706288338,0.03684867173433304,0.03700483962893486
1,MET,fu:7f7b2f5f,gene_to_fu,,0.03682969510555267,0.036697689443826675,0.03682863712310791,0.036789748817682266,0.037002719938755035
1,NGFR,fu:7f7b2f5f,gene_to_fu,,0.03733300790190697,0.036763619631528854,0.03865039348602295,0.03685401380062103,0.03706400468945503
1,NTRK1,fu:7f7b2f5f,gene_to_fu,,0.037364132702350616,0.03727171570062637,0.037817131727933884,0.037337955087423325,0.037029728293418884
1,NTRK2,fu:7f7b2f5f,gene_to_fu,,0.03693078085780144,0.03678496927022934,0.036908019334077835,0.03698716685175896,0.03704296424984932
1,PDGFRA,fu:7f7b2f5f,gene_to_fu,,0.03683708235621452,0.03662003204226494,0.036726146936416626,0.03704025223851204,0.03696189820766449
1,PDGFRB,fu:7f7b2f5f,gene_to_fu,,0.03716714307665825,0.037094056606292725,0.03714999929070473,0.03738913685083389,0.03703538700938225
1,RET,fu:7f7b2f5f,gene_to_fu,,0.03736079856753349,0.037057917565107346,0.03823605179786682,0.03710736334323883,0.037041861563920975
1,TEK,fu:7f7b2f5f,gene_to_fu,,0.037050649523735046,0.037030383944511414,0.03707994148135185,0.03701430559158325,0.037077970802783966
1,CACNG3,fu:dd374616,gene_to_fu,,0.03853258490562439,0.03881746530532837,0.03890465945005417,0.03791945055127144,0.038488756865262985
1,CACNG2,fu:dd374616,gene_to_fu,,0.038437873125076294,0.03853621706366539,0.0388881154358387,0.03791387379169464,0.038413289934396744
1,CACNG5,fu:dd374616,gene_to_fu,,0.03858540952205658,0.039229996502399445,0.038632556796073914,0.03813618794083595,0.03834288939833641
1,CACNG4,fu:dd374616,gene_to_fu,,0.03859003633260727,0.03893110901117325,0.038920946419239044,0.038040466606616974,0.03846761956810951
1,CACNA2D3,fu:dd374616,gene_to_fu,,0.038203995674848557,0.037765804678201675,0.03817090764641762,0.03847842290997505,0.03840084373950958
1,CACNG8,fu:dd374616,gene_to_fu,,0.03886205703020096,0.038578227162361145,0.0394015870988369,0.038941640406847,0.03852677345275879
1,CACNG7,fu:dd374616,gene_to_fu,,0.03860693797469139,0.0390620082616806,0.03892944008111954,0.038053784519433975,0.03838251903653145
1,CACNG6,fu:dd374616,gene_to_fu,,0.03907210752367973,0.03934105858206749,0.04027592018246651,0.0383625254034996,0.03830892592668533
1,CACNA1A,fu:dd374616,gene_to_fu,,0.03834640979766846,0.038332290947437286,0.037899862974882126,0.03865882009267807,0.038494668900966644
1,CACNA1B,fu:dd374616,gene_to_fu,,0.03849342465400696,0.038455285131931305,0.03827063739299774,0.0387180931866169,0.03852968290448189
1,CACNA1C,fu:dd374616,gene_to_fu,,0.038328953087329865,0.03806415945291519,0.038261208683252335,0.0385509729385376,0.038439471274614334
1,CACNA1D,fu:dd374616,gene_to_fu,,0.03828222304582596,0.03826882690191269,0.037908885627985,0.038468580693006516,0.038482584059238434
1,CACNA1E,fu:dd374616,gene_to_fu,,0.03850382938981056,0.03845376521348953,0.03836812078952789,0.038669735193252563,0.03852369636297226
1,CACNA1F,fu:dd374616,gene_to_fu,,0.03860985487699509,0.03858637064695358,0.03840320557355881,0.038941968232393265,0.03850788623094559
1,CACNA1S,fu:dd374616,gene_to_fu,,0.03840036690235138,0.03867795318365097,0.0376296304166317,0.03882285952568054,0.03847102075815201
1,CACNA2D1,fu:dd374616,gene_to_fu,,0.03818212449550629,0.037793438881635666,0.037956394255161285,0.03857588395476341,0.03840278834104538
1,CACNB1,fu:dd374616,gene_to_fu,,0.038208331912755966,0.03811401128768921,0.03800491243600845,0.038218941539525986,0.038495469838380814
1,CACNB2,fu:dd374616,gene_to_fu,,0.038217395544052124,0.03789795935153961,0.03840978071093559,0.03804639354348183,0.038515444844961166
1,CACNB3,fu:dd374616,gene_to_fu,,0.038325488567352295,0.03797931224107742,0.03835552930831909,0.038424745202064514,0.03854236751794815
1,CACNB4,fu:dd374616,gene_to_fu,,0.03824193403124809,0.038239799439907074,0.03777569904923439,0.038453247398138046,0.03849898651242256
1,CACNG1,fu:dd374616,gene_to_fu,,0.03859078139066696,0.039309244602918625,0.038885075598955154,0.03792659193277359,0.03824220970273018
1,CACNA1I,fu:dd374616,gene_to_fu,,0.038472872227430344,0.03846976161003113,0.03813673555850983,0.03877643495798111,0.03850856050848961
1,CACNA1H,fu:dd374616,gene_to_fu,,0.03871866315603256,0.038657281547784805,0.03879060223698616,0.03882099688053131,0.038605764508247375
1,CACNA1G,fu:dd374616,gene_to_fu,,0.03865805268287659,0.038725245743989944,0.0383465476334095,0.0390331968665123,0.0385272242128849
1,CACNA2D2,fu:dd374616,gene_to_fu,,0.03832816705107689,0.03778962790966034,0.03857630491256714,0.03846360743045807,0.03848312422633171
1,CACNA2D4,fu:dd374616,gene_to_fu,,0.03820020705461502,0.037923816591501236,0.03789675980806351,0.03858271613717079,0.03839753568172455
1,NR4A1,fu:aeb42500,gene_to_fu,,0.5045862793922424,0.49651452898979187,0.5226047039031982,0.49968481063842773,0.4995410740375519
1,MAPK7,fu:4e3892e3,gene_to_fu,,0.5049766302108765,0.49440068006515503,0.5255709290504456,0.49995771050453186,0.4999772906303406
1,MAP2K5,fu:9a13759c,gene_to_fu,,1.0,1.0,1.0,1.0,1.0
1,NLK,fu:ede2f5af,gene_to_fu,,0.504906952381134,0.49378857016563416,0.5264078974723816,0.5004261136054993,0.4990052580833435
1,CDC25B,fu:6463ffd1,gene_to_fu,,0.504551112651825,0.4961274564266205,0.5208197236061096,0.5013599991798401,0.4998972713947296
1,RPS6KA4,fu:3273328d,gene_to_fu,,0.336883008480072,0.3330978751182556,0.34549853205680847,0.33558085560798645,0.3333548605442047
1,RPS6KA5,fu:3273328d,gene_to_fu,,0.3334219455718994,0.32885077595710754,0.3388034403324127,0.3337195813655853,0.33231407403945923
1,MAPKAPK3,fu:dd701a8d,gene_to_fu,,0.33537423610687256,0.33110058307647705,0.3445151746273041,0.3331335186958313,0.3327476382255554
1,MAPKAPK2,fu:dd701a8d,gene_to_fu,,0.33489397168159485,0.3309606611728668,0.3437243402004242,0.3316550552845001,0.33323583006858826
1,ATF4,fu:b5bf47cc,gene_to_fu,,0.3364132046699524,0.32757413387298584,0.3550669848918915,0.3312222957611084,0.33178940415382385
1,MEF2C,fu:9217ec0a,gene_to_fu,,0.5037524700164795,0.4959500730037689,0.5183766484260559,0.5016408562660217,0.4990423023700714
1,MAX,fu:83098143,gene_to_fu,,0.5011529326438904,0.4968840181827545,0.5132384896278381,0.4971134066581726,0.4973757565021515
1,DDIT3,fu:2b9b82f8,gene_to_fu,,0.5021712183952332,0.49767613410949707,0.5161271095275879,0.4974088668823242,0.49747276306152344
1,ELK4,fu:13ad26cc,gene_to_fu,,0.5029251575469971,0.4955572485923767,0.5194174647331238,0.4974655508995056,0.49926048517227173
1,TP53,fu:7d38c72e,gene_to_fu,,0.337462842464447,0.3283335566520691,0.35725459456443787,0.3312937319278717,0.3329695463180542
1,ELK1,fu:2be3360b,gene_to_fu,,0.3384692966938019,0.3299807608127594,0.35876521468162537,0.3318885266780853,0.33324265480041504
1,ATF2,fu:fa6497d0,gene_to_fu,,0.5031425952911377,0.4929386079311371,0.5225076079368591,0.4977852404117584,0.4993390142917633
1,MAPK14,fu:828681e8,gene_to_fu,,0.12617141008377075,0.12380793690681458,0.13140137493610382,0.12485506385564804,0.12462123483419418
1,MAPK11,fu:828681e8,gene_to_fu,,0.12662182748317719,0.12437541037797928,0.13266809284687042,0.12457163631916046,0.12487214803695679
1,MAPK13,fu:828681e8,gene_to_fu,,0.12581832706928253,0.12366849929094315,0.13081875443458557,0.12420192360877991,0.1245841532945633
1,MAPK12,fu:828681e8,gene_to_fu,,0.12626557052135468,0.12335067987442017,0.13249559700489044,0.12453208863735199,0.1246839389204979
1,PPP5C,fu:c1b5761a,gene_to_fu,,1.0,1.0,1.0,1.0,1.0
1,MAP2K6,fu:57f73e22,gene_to_fu,,0.14510491490364075,0.14115895330905914,0.15531954169273376,0.14151501655578613,0.14242614805698395
1,MAP2K3,fu:39b0ba80,gene_to_fu,,0.14522039890289307,0.1408054381608963,0.15596996247768402,0.1416010707616806,0.14250512421131134
1,DUSP10,fu:377d6159,gene_to_fu,,0.12359350919723511,0.12352950125932693,0.12073610723018646,0.1254294365644455,0.12467898428440094
1,DUSP2,fu:377d6159,gene_to_fu,,0.12660041451454163,0.12650056183338165,0.13011614978313446,0.12458612024784088,0.1251988410949707
1,DUSP4,fu:377d6159,gene_to_fu,,0.12537412345409393,0.12544672191143036,0.12615226209163666,0.12476478517055511,0.1251327395439148
1,DUSP5,fu:377d6159,gene_to_fu,,0.12561558187007904,0.12481572479009628,0.12844344973564148,0.12411234527826309,0.1250908076763153
1,DUSP7,fu:377d6159,gene_to_fu,,0.12428092956542969,0.12391582131385803,0.12339247763156891,0.12503471970558167,0.12478072196245193
1,DUSP8,fu:377d6159,gene_to_fu,,0.1250646412372589,0.1253664195537567,0.12412067502737045,0.12548711895942688,0.1252843290567398
1,DUSP9,fu:377d6159,gene_to_fu,,0.12575915455818176,0.12631389498710632,0.12621134519577026,0.12541505694389343,0.12509632110595703
1,DUSP16,fu:377d6159,gene_to_fu,,0.12371163815259933,0.12411137670278549,0.12082753330469131,0.12517040967941284,0.12473723292350769
1,DUSP3,fu:86cdce68,gene_to_fu,,0.25025755167007446,0.25348472595214844,0.2509019672870636,0.2480461299419403,0.2485974133014679
1,PTPN7,fu:86cdce68,gene_to_fu,,0.250857412815094,0.249527707695961,0.2552787959575653,0.2482575625181198,0.25036561489105225
1,PTPRR,fu:86cdce68,gene_to_fu,,0.24878057837486267,0.2488943636417389,0.24579206109046936,0.24997372925281525,0.250462144613266
1,PTPN5,fu:86cdce68,gene_to_fu,,0.2501044273376465,0.24809321761131287,0.24802714586257935,0.25372257828712463,0.25057482719421387
1,PPM1A,fu:628792dc,gene_to_fu,,1.0,1.0,1.0,1.0,1.0
1,AKT3,fu:2959a7f6,gene_to_fu,,0.3325658142566681,0.33288663625717163,0.33081522583961487,0.33339715003967285,0.333164244890213
1,AKT1,fu:2959a7f6,gene_to_fu,,0.333162397146225,0.3329259157180786,0.33342593908309937,0.33310526609420776,0.3331924378871918
1,AKT2,fu:2959a7f6,gene_to_fu,,0.3342718183994293,0.33418741822242737,0.33575889468193054,0.3334976136684418,0.3336432874202728
1,TAOK3,fu:e2d583f5,gene_to_fu,,0.332975834608078,0.3332354724407196,0.33206284046173096,0.3336261510848999,0.3329788148403168
1,TAOK1,fu:e2d583f5,gene_to_fu,,0.3327673673629761,0.33286648988723755,0.3319685161113739,0.3329634368419647,0.33327099680900574
1,TAOK2,fu:e2d583f5,gene_to_fu,,0.3342568278312683,0.33389800786972046,0.33596864342689514,0.33341044187545776,0.33375024795532227
1,MAP3K4,fu:5e066f99,gene_to_fu,,0.5024756193161011,0.4929248094558716,0.5175157189369202,0.4998408257961273,0.49962112307548523
1,HSPB1,fu:18b46668,gene_to_fu,,0.33929023146629333,0.3337954878807068,0.35980281233787537,0.33126771450042725,0.33229491114616394
1,MAP3K7,fu:4dbb2d89,gene_to_fu,,0.25268810987472534,0.24633027613162994,0.26446545124053955,0.2503052055835724,0.24965161085128784
1,MAP3K5,fu:127bf490,gene_to_fu,,0.20287945866584778,0.19688113033771515,0.21384605765342712,0.20133349299430847,0.19945713877677917
1,MAP3K6,fu:fe378cbc,gene_to_fu,,1.0,1.0,1.0,1.0,1.0
1,MAP3K12,fu:12e2c442,gene_to_fu,,0.5021373629570007,0.5019792914390564,0.5043572187423706,0.501848042011261,0.5003650784492493
1,MAP3K13,fu:12e2c442,gene_to_fu,,0.4978625774383545,0.4980207085609436,0.4956427812576294,0.4981519877910614,0.49963486194610596
1,MAP3K9,fu:ef42bc35,gene_to_fu,,0.49841538071632385,0.4990466833114624,0.49554353952407837,0.4992862045764923,0.49978506565093994
1,MAP3K10,fu:ef42bc35,gene_to_fu,,0.5015846490859985,0.5009533166885376,0.5044565200805664,0.5007137656211853,0.5002149343490601
1,MAP4K2,fu:f6a34c03,gene_to_fu,,0.5047400593757629,0.4966364800930023,0.5202962160110474,0.5029094219207764,0.49911805987358093
1,STK3,fu:20a3b14c,gene_to_fu,,0.33365723490715027,0.3299162685871124,0.3396145701408386,0.33231404423713684,0.3327840268611908
1,STK4,fu:20a3b14c,gene_to_fu,,0.3343384861946106,0.33018404245376587,0.3402232229709625,0.3339333236217499,0.3330133259296417
1,ECSIT,fu:12774d68,gene_to_fu,,1.0,1.0,1.0,1.0,1.0
1,TAB2,fu:1bdb6764,gene_to_fu,,1.0,1.0,1.0,1.0,1.0
1,TAB1,fu:cc0e0a55,gene_to_fu,,0.25382059812545776,0.24577617645263672,0.26815980672836304,0.2521093189716339,0.2492370456457138
1,GADD45G,fu:fcc91474,gene_to_fu,,0.3333031237125397,0.333524227142334,0.332229882478714,0.33396077156066895,0.33349764347076416
1,GADD45A,fu:fcc91474,gene_to_fu,,0.33405154943466187,0.33425626158714294,0.33536264300346375,0.33291539549827576,0.3336718678474426
1,GADD45B,fu:fcc91474,gene_to_fu,,0.3326452970504761,0.33221954107284546,0.3324074447154999,0.3331238329410553,0.3328304588794708
1,TRAF6,fu:d3570c60,gene_to_fu,,0.25252994894981384,0.2465684711933136,0.2625821530818939,0.25158828496932983,0.2493809014558792
1,DAXX,fu:80de25d0,gene_to_fu,,0.3365282416343689,0.32697999477386475,0.3505038022994995,0.3358767628669739,0.332752525806427
1,TRAF2,fu:3f6a023b,gene_to_fu,,0.5049692392349243,0.4957510828971863,0.5233173370361328,0.5014709830284119,0.49933743476867676
1,CASP3,fu:69217a4b,gene_to_fu,,0.5028262734413147,0.49625304341316223,0.5187641382217407,0.49800848960876465,0.49827948212623596
1,CD14,fu:ac41e7b6,gene_to_fu,,1.0,1.0,1.0,1.0,1.0
1,TGFBR1,fu:7961a9c2,gene_to_fu,,0.3365558087825775,0.3310990631580353,0.3472834527492523,0.33471497893333435,0.3331257402896881
1,TGFBR2,fu:7961a9c2,gene_to_fu,,0.3338489234447479,0.331034392118454,0.33727556467056274,0.3341796100139618,0.3329061269760132
1,FAS,fu:ac1b5dfa,gene_to_fu,,0.5035877823829651,0.4959099590778351,0.5223432183265686,0.49787890911102295,0.49821898341178894
1,IL1R1,fu:f017c41c,gene_to_fu,,0.33371978998184204,0.33068737387657166,0.33803239464759827,0.33313122391700745,0.3330281674861908
1,IL1RAP,fu:f017c41c,gene_to_fu,,0.3357735872268677,0.3309451937675476,0.3436671197414398,0.3356519639492035,0.3328300714492798
1,TNFRSF1A,fu:0c8f29ae,gene_to_fu,,0.50541090965271,0.4972172975540161,0.522226095199585,0.5031757354736328,0.4990245997905731
1,TGFB1,fu:c12b6dd3,gene_to_fu,,0.33541998267173767,0.3359801769256592,0.3386753499507904,0.33348527550697327,0.33353909850120544
1,TGFB2,fu:c12b6dd3,gene_to_fu,,0.3319437801837921,0.33182424306869507,0.3310062885284424,0.33135318756103516,0.33359140157699585
1,TGFB3,fu:c12b6dd3,gene_to_fu,,0.3326362669467926,0.3321956396102905,0.3303183913230896,0.3351615369319916,0.3328695297241211
1,IL1A,fu:6e503f28,gene_to_fu,,0.4993571639060974,0.4995119869709015,0.49806398153305054,0.5001196265220642,0.4997329115867615
1,IL1B,fu:6e503f28,gene_to_fu,,0.5006428360939026,0.5004880428314209,0.5019360184669495,0.4998803734779358,0.5002670288085938
1,TNF,fu:69228b75,gene_to_fu,,1.0,1.0,1.0,1.0,1.0
1,MAPKAPK5,fu:a6e8f63a,gene_to_fu,,0.5027994513511658,0.4933905601501465,0.5195935964584351,0.4992232024669647,0.49899041652679443
1,RAC1,fu:2b5c3e60,gene_to_fu,,0.2500990331172943,0.25043952465057373,0.24994754791259766,0.25004205107688904,0.24996693432331085
1,RAC2,fu:2b5c3e60,gene_to_fu,,0.25005677342414856,0.2503654956817627,0.24980808794498444,0.24997077882289886,0.25008270144462585
1,RAC3,fu:2b5c3e60,gene_to_fu,,0.25061166286468506,0.2503226101398468,0.2516939342021942,0.2501673698425293,0.25026270747184753
1,CDC42,fu:2b5c3e60,gene_to_fu,,0.24923253059387207,0.24887236952781677,0.2485503852367401,0.2498197704553604,0.24968764185905457
1,PAK1,fu:435e22e3,gene_to_fu,,0.2508605718612671,0.24620993435382843,0.257795125246048,0.24992482364177704,0.24951235949993134
1,PAK2,fu:435e22e3,gene_to_fu,,0.2509574592113495,0.24634002149105072,0.25852516293525696,0.2496187388896942,0.24934594333171844
1,MAP3K2,fu:ad5afd37,gene_to_fu,,0.33447912335395813,0.3312739431858063,0.33938536047935486,0.3343932032585144,0.3328639566898346
1,MAP3K3,fu:ad5afd37,gene_to_fu,,0.33518242835998535,0.3314838409423828,0.3413532078266144,0.334627240896225,0.33326536417007446
1,MAPK8IP2,fu:991f34de,gene_to_fu,,0.5004145503044128,0.4995077848434448,0.500091016292572,0.5016566514968872,0.5004027485847473
1,MAPK8IP1,fu:991f34de,gene_to_fu,,0.49958544969558716,0.5004922151565552,0.4999089241027832,0.4983433187007904,0.4995972514152527
1,MAP3K11,fu:a7fa684d,gene_to_fu,,0.3394847512245178,0.33148545026779175,0.3559257686138153,0.33704328536987305,0.3334844708442688
1,MAP2K7,fu:3cd4cf69,gene_to_fu,,0.14479468762874603,0.14085766673088074,0.15373548865318298,0.1420370191335678,0.1425485759973526
1,MAPK8,fu:ba3ca63f,gene_to_fu,,0.1012096181511879,0.09848912060260773,0.10674423724412918,0.09977021813392639,0.0998348817229271
1,MAPK9,fu:ba3ca63f,gene_to_fu,,0.1010950431227684,0.09827050566673279,0.10664482414722443,0.09959923475980759,0.09986562281847
1,MAPK10,fu:ba3ca63f,gene_to_fu,,0.1009170338511467,0.09794677048921585,0.1060836985707283,0.09994130581617355,0.09969636052846909
1,MAP2K4,fu:d1f9d8ef,gene_to_fu,,0.2533794343471527,0.24667493999004364,0.2687179446220398,0.24841277301311493,0.2497120499610901
1,CRK,fu:77025b10,gene_to_fu,,0.25311145186424255,0.24959486722946167,0.26356324553489685,0.24925588071346283,0.25003185868263245
1,CRKL,fu:77025b10,gene_to_fu,,0.2521288990974426,0.247100368142128,0.26321640610694885,0.24863503873348236,0.2495637983083725
1,ARRB1,fu:faa1f8c9,gene_to_fu,,0.3348531723022461,0.3299024999141693,0.34313324093818665,0.3336094915866852,0.3327674865722656
1,ARRB2,fu:faa1f8c9,gene_to_fu,,0.33547621965408325,0.33022987842559814,0.34636470675468445,0.3322017192840576,0.333108514547348
1,MECOM,fu:4b038677,gene_to_fu,,1.0,1.0,1.0,1.0,1.0
1,HSPA1A,fu:95cbce1b,gene_to_fu,,0.19984565675258636,0.1999993920326233,0.19962549209594727,0.19975098967552185,0.20000679790973663
1,HSPA1B,fu:95cbce1b,gene_to_fu,,0.19991816580295563,0.2000168263912201,0.19971294701099396,0.1999376267194748,0.20000524818897247
1,HSPA1L,fu:95cbce1b,gene_to_fu,,0.19997134804725647,0.20000571012496948,0.199741393327713,0.20018945634365082,0.19994886219501495
1,HSPA6,fu:95cbce1b,gene_to_fu,,0.2005954086780548,0.20008598268032074,0.20185711979866028,0.200386181473732,0.20005236566066742
1,HSPA8,fu:95cbce1b,gene_to_fu,,0.19966942071914673,0.19989211857318878,0.1990630179643631,0.19973579049110413,0.1999867707490921
1,JUND,fu:6625a9a4,gene_to_fu,,0.5063551664352417,0.49414652585983276,0.5352936387062073,0.49697843194007874,0.499002069234848
1,FOS,fu:db67d58a,gene_to_fu,,0.3358575105667114,0.33015504479408264,0.34724316000938416,0.33232733607292175,0.33370441198349
1,JUN,fu:db67d58a,gene_to_fu,,0.33502721786499023,0.3324166238307953,0.3439358174800873,0.33177247643470764,0.33198389410972595
1,NFATC3,fu:3e02b3f0,gene_to_fu,,0.3371584713459015,0.32988524436950684,0.3503945767879486,0.33546751737594604,0.33288657665252686
1,NFATC1,fu:6d28341f,gene_to_fu,,0.33756446838378906,0.32937803864479065,0.35366374254226685,0.3343862295150757,0.3328297734260559
1,PPP3CA,fu:5feacf84,gene_to_fu,,0.20009785890579224,0.19764406979084015,0.20108406245708466,0.20141904056072235,0.20024427771568298
1,PPP3CB,fu:5feacf84,gene_to_fu,,0.20080335438251495,0.19821928441524506,0.20316101610660553,0.20105159282684326,0.20078150928020477
1,PPP3CC,fu:5feacf84,gene_to_fu,,0.2003595530986786,0.1985604465007782,0.20087945461273193,0.2016170173883438,0.20038127899169922
1,PPP3R1,fu:5feacf84,gene_to_fu,,0.1991199105978012,0.20219537615776062,0.1972798854112625,0.1977182924747467,0.19928602874279022
1,PPP3R2,fu:5feacf84,gene_to_fu,,0.199619323015213,0.20338080823421478,0.19759555160999298,0.19819404184818268,0.1993069350719452
1,MAPK8IP3,fu:a06203ac,gene_to_fu,,0.2017275094985962,0.1954251527786255,0.21009576320648193,0.2021479457616806,0.19924113154411316
1,FLNA,fu:f1632042,gene_to_fu,,0.5038354992866516,0.4926861822605133,0.5228522419929504,0.5005182027816772,0.49928542971611023
1,MAP3K1,fu:a4e579d9,gene_to_fu,,0.1275288462638855,0.12341814488172531,0.13672199845314026,0.12468735873699188,0.12528787553310394
1,MAP3K8,fu:f13c95ed,gene_to_fu,,1.0,1.0,1.0,1.0,1.0
1,MAP4K1,fu:e83e0bc2,gene_to_fu,,0.5047011971473694,0.49747711420059204,0.5197756290435791,0.5019010305404663,0.4996510446071625
1,MAP4K3,fu:3202b50f,gene_to_fu,,1.0,1.0,1.0,1.0,1.0
1,FOS,fu:2c3cace2,gene_to_fu,,0.5051767826080322,0.4945525527000427,0.5292823314666748,0.4973266124725342,0.49954548478126526
1,SRF,fu:87b9367a,gene_to_fu,,1.0,1.0,1.0,1.0,1.0
1,MYC,fu:a3c029a6,gene_to_fu,,1.0,1.0,1.0,1.0,1.0
1,ELK4,fu:346aac61,gene_to_fu,,0.33599403500556946,0.3293958902359009,0.3508196473121643,0.331084281206131,0.33267632126808167
1,ELK1,fu:f4b875b3,gene_to_fu,,0.3384692966938019,0.3299807608127594,0.35876521468162537,0.3318885266780853,0.33324265480041504
1,ATF4,fu:860fdcaa,gene_to_fu,,0.3364132046699524,0.32757413387298584,0.3550669848918915,0.3312222957611084,0.33178940415382385
1,RPS6KA6,fu:53e63667,gene_to_fu,,0.20020607113838196,0.19804196059703827,0.202964186668396,0.20007450878620148,0.19974365830421448
1,RPS6KA1,fu:53e63667,gene_to_fu,,0.20107011497020721,0.19981567561626434,0.20393410325050354,0.20069760084152222,0.19983309507369995
1,RPS6KA2,fu:53e63667,gene_to_fu,,0.20093125104904175,0.20003415644168854,0.20301803946495056,0.2006632685661316,0.2000095248222351
1,RPS6KA3,fu:53e63667,gene_to_fu,,0.19977593421936035,0.19835886359214783,0.20127390325069427,0.1997257024049759,0.199745312333107
1,MKNK2,fu:6732a41f,gene_to_fu,,0.3353273868560791,0.3306264877319336,0.343105286359787,0.33423668146133423,0.3333410620689392
1,MKNK1,fu:6732a41f,gene_to_fu,,0.3354942202568054,0.3312149941921234,0.3457050025463104,0.33205392956733704,0.33300289511680603
1,CSF1,fu:8933daca,gene_to_fu,,0.01875104382634163,0.018481671810150146,0.018512729555368423,0.01904304511845112,0.01896672695875168
1,EFNA1,fu:8933daca,gene_to_fu,,0.018786009401082993,0.01871553808450699,0.018869450315833092,0.018758315593004227,0.018800731748342514
1,EFNA2,fu:8933daca,gene_to_fu,,0.018936609849333763,0.018866997212171555,0.019191695377230644,0.018809841945767403,0.0188779104501009
1,EFNA3,fu:8933daca,gene_to_fu,,0.018865518271923065,0.018864830955863,0.018987128511071205,0.018794246017932892,0.018815869465470314
1,EFNA4,fu:8933daca,gene_to_fu,,0.019087467342615128,0.019412586465477943,0.01897141896188259,0.01910867542028427,0.018857188522815704
1,EFNA5,fu:8933daca,gene_to_fu,,0.018833186477422714,0.018711378797888756,0.018984636291861534,0.018771203234791756,0.01886552944779396
1,EGF,fu:8933daca,gene_to_fu,,0.018786901608109474,0.018519021570682526,0.01841653138399124,0.019261972978711128,0.018950080499053
1,EREG,fu:8933daca,gene_to_fu,,0.018833545967936516,0.019117657095193863,0.018550435081124306,0.018860090523958206,0.01880599930882454
1,FGF1,fu:8933daca,gene_to_fu,,0.01846769079566002,0.01886148191988468,0.017561187967658043,0.018797188997268677,0.018650900572538376
1,FGF2,fu:8933daca,gene_to_fu,,0.018656430765986443,0.018995756283402443,0.018119413405656815,0.018749020993709564,0.01876153238117695
1,FGF3,fu:8933daca,gene_to_fu,,0.019073298200964928,0.019220631569623947,0.019199959933757782,0.01896035671234131,0.018912246450781822
1,FGF4,fu:8933daca,gene_to_fu,,0.018945204094052315,0.018874550238251686,0.01932615227997303,0.018764719367027283,0.01881539262831211
1,FGF5,fu:8933daca,gene_to_fu,,0.0188380628824234,0.018935123458504677,0.01880340650677681,0.01870790496468544,0.018905816599726677
1,FGF6,fu:8933daca,gene_to_fu,,0.018973708152770996,0.019186219200491905,0.018895762041211128,0.01898260787129402,0.01883023977279663
1,FGF7,fu:8933daca,gene_to_fu,,0.01868973858654499,0.018824463710188866,0.01839820109307766,0.018754100427031517,0.01878218911588192
1,FGF8,fu:8933daca,gene_to_fu,,0.018867718055844307,0.01896722987294197,0.018886875361204147,0.01876460388302803,0.01885216310620308
1,FGF9,fu:8933daca,gene_to_fu,,0.018886571750044823,0.01894565485417843,0.018711617216467857,0.019058814272284508,0.018830202519893646
1,FGF10,fu:8933daca,gene_to_fu,,0.018808187916874886,0.018917564302682877,0.018783260136842728,0.01873200759291649,0.0187999214977026
1,FLT3LG,fu:8933daca,gene_to_fu,,0.018948234617710114,0.019175902009010315,0.01901647262275219,0.018761513754725456,0.018839050084352493
1,FGF20,fu:8933daca,gene_to_fu,,0.018937010318040848,0.019082453101873398,0.018764955922961235,0.019079534336924553,0.018821099773049355
1,FGF21,fu:8933daca,gene_to_fu,,0.018894733861088753,0.018915364518761635,0.018911724910140038,0.01892559602856636,0.01882624812424183
1,GDNF,fu:8933daca,gene_to_fu,,0.01892213709652424,0.01879804953932762,0.019221972674131393,0.01876780577003956,0.01890072226524353
1,FGF22,fu:8933daca,gene_to_fu,,0.01920650526881218,0.019520673900842667,0.019276883453130722,0.01904224418103695,0.018986213952302933
1,ANGPT1,fu:8933daca,gene_to_fu,,0.018527816981077194,0.01823677122592926,0.017902778461575508,0.01912766508758068,0.018844055011868477
1,ANGPT2,fu:8933daca,gene_to_fu,,0.018498795107007027,0.01822524704039097,0.017935430631041527,0.018969865515828133,0.01886463724076748
1,HGF,fu:8933daca,gene_to_fu,,0.01866883784532547,0.018386533483862877,0.018129104748368263,0.01920139230787754,0.018958326429128647
1,IGF1,fu:8933daca,gene_to_fu,,0.01869257166981697,0.01911693997681141,0.01820170320570469,0.018728259950876236,0.01872337982058525
1,IGF2,fu:8933daca,gene_to_fu,,0.018984049558639526,0.01911277137696743,0.019168276339769363,0.01874830201268196,0.0189068540930748
1,INS,fu:8933daca,gene_to_fu,,0.018645193427801132,0.01904856599867344,0.017911838367581367,0.018983064219355583,0.01863730512559414
1,AREG,fu:8933daca,gene_to_fu,,0.018707582727074623,0.018508389592170715,0.018706688657402992,0.018744681030511856,0.01887057162821293
1,KITLG,fu:8933daca,gene_to_fu,,0.018736984580755234,0.018610581755638123,0.018709493800997734,0.018734710291028023,0.018893152475357056
1,NGF,fu:8933daca,gene_to_fu,,0.018901566043496132,0.018615977838635445,0.019336199387907982,0.018732083961367607,0.018922002986073494
1,NRTN,fu:8933daca,gene_to_fu,,0.019345590844750404,0.01931837573647499,0.020132122561335564,0.01895805075764656,0.018973814323544502
1,NTF3,fu:8933daca,gene_to_fu,,0.01880953647196293,0.018714051693677902,0.018843134865164757,0.01876036450266838,0.018920598551630974
1,NTF4,fu:8933daca,gene_to_fu,,0.019183415919542313,0.019128473475575447,0.01972116157412529,0.01892062835395336,0.018963400274515152
1,ANGPT4,fu:8933daca,gene_to_fu,,0.0187042448669672,0.01845802366733551,0.018434546887874603,0.019041307270526886,0.018883099779486656
1,PDGFA,fu:8933daca,gene_to_fu,,0.018964022397994995,0.018888011574745178,0.019298475235700607,0.018796373158693314,0.01887323148548603
1,PDGFB,fu:8933daca,gene_to_fu,,0.018879521638154984,0.018825940787792206,0.019034335389733315,0.0187689196318388,0.018888887017965317
1,PGF,fu:8933daca,gene_to_fu,,0.01901722140610218,0.019227279350161552,0.01913067325949669,0.018783383071422577,0.018927551805973053
1,PDGFC,fu:8933daca,gene_to_fu,,0.018864169716835022,0.01867792382836342,0.01890789344906807,0.018936369568109512,0.018934495747089386
1,PSPN,fu:8933daca,gene_to_fu,,0.0190211720764637,0.01943219266831875,0.018808070570230484,0.01904209703207016,0.018802333623170853
1,BDNF,fu:8933daca,gene_to_fu,,0.018792275339365005,0.01868387684226036,0.01882319338619709,0.01881546713411808,0.018846562132239342
1,TGFA,fu:8933daca,gene_to_fu,,0.018927423283457756,0.01881640963256359,0.019358253106474876,0.01872945949435234,0.018805572763085365
1,VEGFA,fu:8933daca,gene_to_fu,,0.018905557692050934,0.01853124238550663,0.019285723567008972,0.018767448142170906,0.019037820398807526
1,VEGFB,fu:8933daca,gene_to_fu,,0.01900826022028923,0.018711984157562256,0.01972048729658127,0.0187184140086174,0.018882155418395996
1,VEGFC,fu:8933daca,gene_to_fu,,0.01875126361846924,0.01834547519683838,0.018932567909359932,0.018764540553092957,0.018962472677230835
1,PDGFD,fu:8933daca,gene_to_fu,,0.01877017505466938,0.018456164747476578,0.018825875595211983,0.018826816231012344,0.018971839919686317
1,FGF23,fu:8933daca,gene_to_fu,,0.018962441012263298,0.018915656954050064,0.019124092534184456,0.018895449116826057,0.018914563581347466
1,FGF18,fu:8933daca,gene_to_fu,,0.018781347200274467,0.018840370699763298,0.018736237660050392,0.01874607242643833,0.018802711740136147
1,FGF17,fu:8933daca,gene_to_fu,,0.018774263560771942,0.018916374072432518,0.018617067486047745,0.018717152997851372,0.018846455961465836
1,FGF16,fu:8933daca,gene_to_fu,,0.018882546573877335,0.01908019557595253,0.01858714036643505,0.019036784768104553,0.018826067447662354
1,ARTN,fu:8933daca,gene_to_fu,,0.019274987280368805,0.019263900816440582,0.02004295401275158,0.01878918707370758,0.019003907218575478
1,FGF19,fu:8933daca,gene_to_fu,,0.019021667540073395,0.01899539865553379,0.01927262730896473,0.01896032504737377,0.018858321011066437
1,TRADD,fu:11724fb3,gene_to_fu,,0.507911205291748,0.49849429726600647,0.5357084274291992,0.4981915354728699,0.49925073981285095
1,MYD88,fu:41d49051,gene_to_fu,,0.5061495900154114,0.49853628873825073,0.5293383598327637,0.49764904379844666,0.4990745782852173
1,IRAK1,fu:114f4869,gene_to_fu,,0.3378375172615051,0.3339052200317383,0.34903016686439514,0.33456945419311523,0.333845317363739
1,IRAK4,fu:114f4869,gene_to_fu,,0.3327259123325348,0.3281958997249603,0.3378097712993622,0.33269086480140686,0.3322071135044098
1,ARAF,fu:dcf55614,gene_to_fu,,0.504822313785553,0.4951646625995636,0.5231476426124573,0.5015603303909302,0.4994165897369385
1,MAX,fu:051b9bd1,gene_to_fu,,1.0,1.0,1.0,1.0,1.0
1,MYC,fu:c6ef8860,gene_to_fu,,0.33561044931411743,0.3284319341182709,0.34659749269485474,0.3330960273742676,0.3343163728713989
1,MAX,fu:c6ef8860,gene_to_fu,,0.33291614055633545,0.33369144797325134,0.33535128831863403,0.33152690529823303,0.3310949206352234
1,SRF,fu:50d7c36d,gene_to_fu,,0.33328062295913696,0.33242547512054443,0.3317607641220093,0.3364350497722626,0.33250120282173157
1,ELK4,fu:50d7c36d,gene_to_fu,,0.33154281973838806,0.33334559202194214,0.3283213973045349,0.3311804533004761,0.3333238661289215
1,ELK1,fu:50d7c36d,gene_to_fu,,0.33517658710479736,0.3342289328575134,0.3399178087711334,0.33238455653190613,0.3341749608516693
1,fu:f390c31d,fu:fa467b33,protein_protein_interaction,activation,0.4970802366733551,0.5071634650230408,0.4807429015636444,0.49935266375541687,0.5010619163513184
1,fu:bd2e123e,fu:35bcc57b,protein_protein_interaction,activation,0.07087737321853638,0.07162068784236908,0.06853531301021576,0.07166652381420135,0.07168696075677872
1,fu:7e2a8487,fu:35bcc57b,protein_protein_interaction,activation,0.07087737321853638,0.07162068784236908,0.06853531301021576,0.07166652381420135,0.07168696075677872
1,fu:82456880,fu:35bcc57b,protein_protein_interaction,activation,0.07087737321853638,0.07162068784236908,0.06853531301021576,0.07166652381420135,0.07168696075677872
1,fu:9786b5ed,fu:7ebcd056,protein_protein_interaction,activation,0.3314835727214813,0.335462749004364,0.3241972327232361,0.3327730894088745,0.3335012197494507
1,fu:69228b75,fu:0c8f29ae,protein_protein_interaction,activation,0.49458906054496765,0.5027827024459839,0.47777390480041504,0.4968242645263672,0.5009753704071045
1,fu:6e503f28,fu:f017c41c,protein_protein_interaction,activation,0.3305066227912903,0.33836743235588074,0.3183004558086395,0.33121681213378906,0.3341417610645294
1,fu:c8457d96,fu:ac1b5dfa,protein_protein_interaction,activation,0.4964122176170349,0.5040900111198425,0.4776567816734314,0.5021210312843323,0.5017810463905334
1,fu:c12b6dd3,fu:7961a9c2,protein_protein_interaction,activation,0.32959526777267456,0.33786654472351074,0.31544095277786255,0.33110544085502625,0.3339681029319763
1,fu:ac1b5dfa,fu:80de25d0,protein_protein_interaction,activation,0.33173584938049316,0.33651003241539,0.32474809885025024,0.33206164836883545,0.3336237072944641
1,fu:7961a9c2,fu:80de25d0,protein_protein_interaction,activation,0.33173584938049316,0.33651003241539,0.32474809885025024,0.33206164836883545,0.3336237072944641
1,fu:c110bb17,fu:7f7b2f5f,protein_protein_interaction,binding/association,0.03641678765416145,0.037680912762880325,0.03424316644668579,0.03659401461482048,0.03714905306696892
1,fu:def1099f,fu:c110bb17,protein_protein_interaction,binding/association,0.49565041065216064,0.5029762387275696,0.47557371854782104,0.5024759769439697,0.5015756487846375
1,fu:1bdb6764,fu:d3570c60,protein_protein_interaction,binding/association,0.24915668368339539,0.25114384293556213,0.24580593407154083,0.2494705617427826,0.2502063810825348
1,fu:12774d68,fu:d3570c60,protein_protein_interaction,binding/association,0.24915668368339539,0.25114384293556213,0.24580593407154083,0.2494705617427826,0.2502063810825348
1,fu:87b9367a,fu:f4b875b3,protein_protein_interaction,binding/association,0.33076536655426025,0.3350096344947815,0.3206173777580261,0.33405572175979614,0.3333786725997925
1,fu:87b9367a,fu:346aac61,protein_protein_interaction,binding/association,0.33200299739837646,0.33530205488204956,0.32459017634391785,0.3344578444957733,0.33366185426712036
1,fu:418e3a71,fu:74ae7efc,protein_protein_interaction,binding/association,0.14250096678733826,0.14319545030593872,0.14086541533470154,0.14303186535835266,0.1429111510515213
1,fu:418e3a71,fu:e711f0a6,protein_protein_interaction,binding/association,0.14243865013122559,0.143174409866333,0.1407512128353119,0.14293822646141052,0.14289075136184692
1,fu:b1fed606,fu:418e3a71,protein_protein_interaction,binding/association,1.0,1.0,1.0,1.0,1.0
1,fu:991f34de,fu:ba3ca63f,protein_protein_interaction,binding/association,0.09953975677490234,0.10075623542070389,0.09721817821264267,0.10009846091270447,0.10008616000413895
1,fu:991f34de,fu:3cd4cf69,protein_protein_interaction,binding/association,0.14253422617912292,0.1431903839111328,0.14104408025741577,0.14299383759498596,0.14290857315063477
1,fu:991f34de,fu:a7fa684d,protein_protein_interaction,binding/association,0.3302576541900635,0.3342573046684265,0.32203713059425354,0.3314783573150635,0.3332577645778656
1,fu:991f34de,fu:e83e0bc2,protein_protein_interaction,binding/association,0.4952987730503082,0.502522885799408,0.4802243709564209,0.4980989396572113,0.5003489255905151
1,fu:ba3ca63f,fu:a06203ac,protein_protein_interaction,binding/association,0.19956812262535095,0.20114369690418243,0.19747604429721832,0.19946302473545074,0.2001897096633911
1,fu:d1f9d8ef,fu:a06203ac,protein_protein_interaction,binding/association,0.19956812262535095,0.20114369690418243,0.19747604429721832,0.19946302473545074,0.2001897096633911
1,fu:3cd4cf69,fu:a06203ac,protein_protein_interaction,binding/association,0.19956812262535095,0.20114369690418243,0.19747604429721832,0.19946302473545074,0.2001897096633911
1,fu:a06203ac,fu:a4e579d9,protein_protein_interaction,binding/association,0.12463873624801636,0.1252259761095047,0.1233254224061966,0.12504465878009796,0.12495886534452438
1,fu:a7fa684d,fu:a06203ac,protein_protein_interaction,binding/association,0.19956812262535095,0.20114369690418243,0.19747604429721832,0.19946302473545074,0.2001897096633911
1,fu:ba3ca63f,fu:77025b10,protein_protein_interaction,binding/association,0.24737980961799622,0.25165238976478577,0.23661015927791595,0.2510545551776886,0.25020214915275574
1,fu:d1f9d8ef,fu:77025b10,protein_protein_interaction,binding/association,0.24737980961799622,0.25165238976478577,0.23661015927791595,0.2510545551776886,0.25020214915275574
1,fu:d1f9d8ef,fu:f1632042,protein_protein_interaction,binding/association,0.4961645007133484,0.5073138475418091,0.47714778780937195,0.49948179721832275,0.5007145404815674
1,fu:d1f9d8ef,fu:faa1f8c9,protein_protein_interaction,binding/association,0.32967060804367065,0.33986762166023254,0.3105020821094513,0.3341887593269348,0.33412396907806396
1,fu:bcdaeed1,fu:9786b5ed,protein_protein_interaction,phosphorylation,0.32983654737472534,0.3341164290904999,0.3141999840736389,0.3355310559272766,0.33549872040748596
1,fu:35131c42,fu:35bcc57b,protein_protein_interaction,phosphorylation,0.07087737321853638,0.07162068784236908,0.06853531301021576,0.07166652381420135,0.07168696075677872
1,fu:35131c42,fu:21c326d4,protein_protein_interaction,phosphorylation,0.33158522844314575,0.33493298292160034,0.324760377407074,0.33302003145217896,0.33362752199172974
1,fu:def1099f,fu:35bcc57b,protein_protein_interaction,activation,0.07087737321853638,0.07162068784236908,0.06853531301021576,0.07166652381420135,0.07168696075677872
1,fu:35bcc57b,fu:7ebcd056,protein_protein_interaction,activation,0.3314835727214813,0.335462749004364,0.3241972327232361,0.3327730894088745,0.3335012197494507
1,fu:35bcc57b,fu:21c326d4,protein_protein_interaction,activation,0.33158522844314575,0.33493298292160034,0.324760377407074,0.33302003145217896,0.33362752199172974
1,fu:7ebcd056,fu:74ae7efc,protein_protein_interaction,phosphorylation,0.14250096678733826,0.14319545030593872,0.14086541533470154,0.14303186535835266,0.1429111510515213
1,fu:7ebcd056,fu:e711f0a6,protein_protein_interaction,phosphorylation,0.14243865013122559,0.143174409866333,0.1407512128353119,0.14293822646141052,0.14289075136184692
1,fu:21c326d4,fu:74ae7efc,protein_protein_interaction,phosphorylation,0.14250096678733826,0.14319545030593872,0.14086541533470154,0.14303186535835266,0.1429111510515213
1,fu:21c326d4,fu:e711f0a6,protein_protein_interaction,phosphorylation,0.14243865013122559,0.143174409866333,0.1407512128353119,0.14293822646141052,0.14289075136184692
1,fu:74ae7efc,fu:b1fed606,protein_protein_interaction,phosphorylation,0.16565577685832977,0.1676049828529358,0.16111865639686584,0.16696029901504517,0.1669391542673111
1,fu:e711f0a6,fu:b1fed606,protein_protein_interaction,phosphorylation,0.16565577685832977,0.1676049828529358,0.16111865639686584,0.16696029901504517,0.1669391542673111
1,fu:b1fed606,fu:02b71dbc,protein_protein_interaction,phosphorylation,0.4969940781593323,0.5074262619018555,0.4791978597640991,0.5008511543273926,0.5005010366439819
1,fu:b1fed606,fu:8ef29752,protein_protein_interaction,phosphorylation,0.5014278292655945,0.505554735660553,0.4922266900539398,0.5037925839424133,0.5041372776031494
1,fu:b1fed606,fu:770a684e,protein_protein_interaction,phosphorylation,0.14060260355472565,0.14515875279903412,0.13253360986709595,0.14135217666625977,0.14336587488651276
1,fu:b1fed606,fu:6732a41f,protein_protein_interaction,phosphorylation,0.3291783928871155,0.338158518075943,0.3111896812915802,0.3337094187736511,0.3336560130119324
1,fu:b1fed606,fu:53e63667,protein_protein_interaction,phosphorylation,0.19801664352416992,0.2037494033575058,0.18880970776081085,0.1988389790058136,0.20066842436790466
1,fu:b1fed606,fu:f4b875b3,protein_protein_interaction,phosphorylation,0.33076536655426025,0.3350096344947815,0.3206173777580261,0.33405572175979614,0.3333786725997925
1,fu:b1fed606,fu:346aac61,protein_protein_interaction,phosphorylation,0.33200299739837646,0.33530205488204956,0.32459017634391785,0.3344578444957733,0.33366185426712036
1,fu:6732a41f,fu:860fdcaa,protein_protein_interaction,phosphorylation,0.3317933678627014,0.3362129330635071,0.32246649265289307,0.3343888223171234,0.3341052830219269
1,fu:53e63667,fu:860fdcaa,protein_protein_interaction,phosphorylation,0.3317933678627014,0.3362129330635071,0.32246649265289307,0.3343888223171234,0.3341052830219269
1,fu:b1fed606,fu:c6ef8860,protein_protein_interaction,phosphorylation,0.3314734101295471,0.3378766179084778,0.31805118918418884,0.3353770673274994,0.3345887064933777
1,fu:2b5c3e60,fu:a4e579d9,protein_protein_interaction,activation,0.12463873624801636,0.1252259761095047,0.1233254224061966,0.12504465878009796,0.12495886534452438
1,fu:2b5c3e60,fu:435e22e3,protein_protein_interaction,activation,0.2490909844636917,0.2537250220775604,0.24183985590934753,0.2502281963825226,0.2505708336830139
1,fu:69217a4b,fu:20a3b14c,protein_protein_interaction,activation,0.3320043087005615,0.3398996889591217,0.32016220688819885,0.3337526321411133,0.3342026472091675
1,fu:3f6a023b,fu:f6a34c03,protein_protein_interaction,activation,0.49525994062423706,0.5033635497093201,0.47970375418663025,0.49709057807922363,0.5008819699287415
1,fu:3f6a023b,fu:127bf490,protein_protein_interaction,activation,0.19928012788295746,0.2007797211408615,0.19653847813606262,0.19966661930084229,0.2001357078552246
1,fu:3f6a023b,fu:a4e579d9,protein_protein_interaction,activation,0.12463873624801636,0.1252259761095047,0.1233254224061966,0.12504465878009796,0.12495886534452438
1,fu:80de25d0,fu:127bf490,protein_protein_interaction,activation,0.19928012788295746,0.2007797211408615,0.19653847813606262,0.19966661930084229,0.2001357078552246
1,fu:fcc91474,fu:5e066f99,protein_protein_interaction,activation,0.4975243806838989,0.5070751905441284,0.4824843108654022,0.5001591444015503,0.5003789067268372
1,fu:435e22e3,fu:ad5afd37,protein_protein_interaction,phosphorylation,0.3303384780883789,0.3372422456741333,0.31926143169403076,0.3309795558452606,0.33387064933776855
1,fu:e83e0bc2,fu:a7fa684d,protein_protein_interaction,phosphorylation,0.3302576541900635,0.3342573046684265,0.32203713059425354,0.3314783573150635,0.3332577645778656
1,fu:3687d0f8,fu:a4e579d9,protein_protein_interaction,phosphorylation,0.12463873624801636,0.1252259761095047,0.1233254224061966,0.12504465878009796,0.12495886534452438
1,fu:3202b50f,fu:a4e579d9,protein_protein_interaction,phosphorylation,0.12463873624801636,0.1252259761095047,0.1233254224061966,0.12504465878009796,0.12495886534452438
1,fu:12e2c442,fu:3cd4cf69,protein_protein_interaction,phosphorylation,0.14253422617912292,0.1431903839111328,0.14104408025741577,0.14299383759498596,0.14290857315063477
1,fu:ef42bc35,fu:3cd4cf69,protein_protein_interaction,phosphorylation,0.14253422617912292,0.1431903839111328,0.14104408025741577,0.14299383759498596,0.14290857315063477
1,fu:3ce31490,fu:3cd4cf69,protein_protein_interaction,phosphorylation,0.14253422617912292,0.1431903839111328,0.14104408025741577,0.14299383759498596,0.14290857315063477
1,fu:127bf490,fu:39b0ba80,protein_protein_interaction,phosphorylation,0.14246326684951782,0.14319908618927002,0.14067168533802032,0.14306649565696716,0.14291581511497498
1,fu:127bf490,fu:57f73e22,protein_protein_interaction,phosphorylation,0.14248250424861908,0.14314018189907074,0.14078006148338318,0.14308083057403564,0.14292897284030914
1,fu:4dbb2d89,fu:f132c1b4,protein_protein_interaction,phosphorylation,0.3355984687805176,0.33623528480529785,0.33475494384765625,0.33457112312316895,0.33683258295059204
1,fu:4dbb2d89,fu:e96fee09,protein_protein_interaction,phosphorylation,0.14199692010879517,0.14386793971061707,0.138371542096138,0.14265550673007965,0.14309266209602356
1,fu:4dbb2d89,fu:39b0ba80,protein_protein_interaction,phosphorylation,0.14246326684951782,0.14319908618927002,0.14067168533802032,0.14306649565696716,0.14291581511497498
1,fu:4dbb2d89,fu:57f73e22,protein_protein_interaction,phosphorylation,0.14248250424861908,0.14314018189907074,0.14078006148338318,0.14308083057403564,0.14292897284030914
1,fu:4dbb2d89,fu:ede2f5af,protein_protein_interaction,phosphorylation,0.49509304761886597,0.5062114596366882,0.473592072725296,0.4995739161968231,0.5009947419166565
1,fu:fe378cbc,fu:39b0ba80,protein_protein_interaction,phosphorylation,0.14246326684951782,0.14319908618927002,0.14067168533802032,0.14306649565696716,0.14291581511497498
1,fu:fe378cbc,fu:57f73e22,protein_protein_interaction,phosphorylation,0.14248250424861908,0.14314018189907074,0.14078006148338318,0.14308083057403564,0.14292897284030914
1,fu:39b0ba80,fu:828681e8,protein_protein_interaction,phosphorylation,0.12378070503473282,0.1261993646621704,0.11815401911735535,0.12545982003211975,0.12530961632728577
1,fu:57f73e22,fu:828681e8,protein_protein_interaction,phosphorylation,0.12378070503473282,0.1261993646621704,0.11815401911735535,0.12545982003211975,0.12530961632728577
1,fu:828681e8,fu:fa6497d0,protein_protein_interaction,phosphorylation,0.4968574047088623,0.5070613622665405,0.47749242186546326,0.502214789390564,0.5006610155105591
1,fu:828681e8,fu:2be3360b,protein_protein_interaction,phosphorylation,0.33076536655426025,0.3350096344947815,0.3206173777580261,0.33405572175979614,0.3333786725997925
1,fu:828681e8,fu:7d38c72e,protein_protein_interaction,phosphorylation,0.3312685787677765,0.33583322167396545,0.3213726878166199,0.33435314893722534,0.3335152268409729
1,fu:828681e8,fu:13ad26cc,protein_protein_interaction,phosphorylation,0.49707478284835815,0.5044426918029785,0.4805825352668762,0.5025344491004944,0.5007395148277283
1,fu:828681e8,fu:2b9b82f8,protein_protein_interaction,phosphorylation,0.49782878160476685,0.5023238658905029,0.48387283086776733,0.5025911331176758,0.5025272369384766
1,fu:828681e8,fu:83098143,protein_protein_interaction,phosphorylation,0.4988470673561096,0.5031159520149231,0.48676154017448425,0.5028865933418274,0.5026242136955261
1,fu:828681e8,fu:9217ec0a,protein_protein_interaction,phosphorylation,0.4962475597858429,0.5040499567985535,0.4816233515739441,0.49835917353630066,0.500957727432251
1,fu:828681e8,fu:a6e8f63a,protein_protein_interaction,phosphorylation,0.49720054864883423,0.5066094398498535,0.48040643334388733,0.5007767677307129,0.5010095834732056
1,fu:828681e8,fu:dd701a8d,protein_protein_interaction,phosphorylation,0.329731822013855,0.33793872594833374,0.3117605447769165,0.33521145582199097,0.3340165317058563
1,fu:828681e8,fu:3273328d,protein_protein_interaction,phosphorylation,0.3296950161457062,0.3380514085292816,0.3156980276107788,0.33069953322410583,0.33433103561401367
1,fu:828681e8,fu:6463ffd1,protein_protein_interaction,phosphorylation,0.49544888734817505,0.5038725137710571,0.47918030619621277,0.4986400306224823,0.500102698802948
1,fu:a6e8f63a,fu:18b46668,protein_protein_interaction,phosphorylation,0.3303548991680145,0.3331022560596466,0.3200985789299011,0.3343661427497864,0.3338525593280792
1,fu:dd701a8d,fu:18b46668,protein_protein_interaction,phosphorylation,0.3303548991680145,0.3331022560596466,0.3200985789299011,0.3343661427497864,0.3338525593280792
1,fu:dd701a8d,fu:b5bf47cc,protein_protein_interaction,phosphorylation,0.3317933678627014,0.3362129330635071,0.32246649265289307,0.3343888223171234,0.3341052830219269
1,fu:3273328d,fu:b5bf47cc,protein_protein_interaction,phosphorylation,0.3317933678627014,0.3362129330635071,0.32246649265289307,0.3343888223171234,0.3341052830219269
1,fu:9a13759c,fu:4e3892e3,protein_protein_interaction,phosphorylation,0.49502336978912354,0.505599319934845,0.47442904114723206,0.5000423192977905,0.5000227093696594
1,fu:4e3892e3,fu:aeb42500,protein_protein_interaction,phosphorylation,0.49541372060775757,0.5034854412078857,0.47739529609680176,0.5003151297569275,0.5004589557647705
1,fu:f13c95ed,fu:f132c1b4,protein_protein_interaction,phosphorylation,0.3355984687805176,0.33623528480529785,0.33475494384765625,0.33457112312316895,0.33683258295059204
1,fu:f13c95ed,fu:e96fee09,protein_protein_interaction,phosphorylation,0.14199692010879517,0.14386793971061707,0.138371542096138,0.14265550673007965,0.14309266209602356
1,fu:f13c95ed,fu:74ae7efc,protein_protein_interaction,phosphorylation,0.14250096678733826,0.14319545030593872,0.14086541533470154,0.14303186535835266,0.1429111510515213
1,fu:f13c95ed,fu:e711f0a6,protein_protein_interaction,phosphorylation,0.14243865013122559,0.143174409866333,0.1407512128353119,0.14293822646141052,0.14289075136184692
1,fu:a4e579d9,fu:e96fee09,protein_protein_interaction,phosphorylation,0.14199692010879517,0.14386793971061707,0.138371542096138,0.14265550673007965,0.14309266209602356
1,fu:a4e579d9,fu:d1f9d8ef,protein_protein_interaction,phosphorylation,0.2488735318183899,0.2511083483695984,0.24376069009304047,0.25052905082702637,0.25009599328041077
1,fu:a7fa684d,fu:3cd4cf69,protein_protein_interaction,phosphorylation,0.14253422617912292,0.1431903839111328,0.14104408025741577,0.14299383759498596,0.14290857315063477
1,fu:a4e579d9,fu:74ae7efc,protein_protein_interaction,phosphorylation,0.14250096678733826,0.14319545030593872,0.14086541533470154,0.14303186535835266,0.1429111510515213
1,fu:a4e579d9,fu:e711f0a6,protein_protein_interaction,phosphorylation,0.14243865013122559,0.143174409866333,0.1407512128353119,0.14293822646141052,0.14289075136184692
1,fu:d1f9d8ef,fu:ba3ca63f,protein_protein_interaction,phosphorylation,0.09953975677490234,0.10075623542070389,0.09721817821264267,0.10009846091270447,0.10008616000413895
1,fu:3cd4cf69,fu:ba3ca63f,protein_protein_interaction,phosphorylation,0.09953975677490234,0.10075623542070389,0.09721817821264267,0.10009846091270447,0.10008616000413895
1,fu:ba3ca63f,fu:db67d58a,protein_protein_interaction,phosphorylation,0.32911527156829834,0.3374283015727997,0.30882102251052856,0.335900217294693,0.33431166410446167
1,fu:ba3ca63f,fu:6625a9a4,protein_protein_interaction,phosphorylation,0.4936448335647583,0.5058534741401672,0.4647063910961151,0.5030215978622437,0.5009979009628296
1,fu:ba3ca63f,fu:2be3360b,protein_protein_interaction,phosphorylation,0.33076536655426025,0.3350096344947815,0.3206173777580261,0.33405572175979614,0.3333786725997925
1,fu:ba3ca63f,fu:7d38c72e,protein_protein_interaction,phosphorylation,0.3312685787677765,0.33583322167396545,0.3213726878166199,0.33435314893722534,0.3335152268409729
1,fu:ba3ca63f,fu:6d28341f,protein_protein_interaction,inhibition|phosphorylation,0.33121776580810547,0.33531099557876587,0.3231681287288666,0.33280685544013977,0.33358514308929443
1,fu:ba3ca63f,fu:3e02b3f0,protein_protein_interaction,inhibition|phosphorylation,0.33142077922821045,0.3350573778152466,0.3248027265071869,0.3322662115097046,0.3335567116737366
1,fu:5feacf84,fu:6d28341f,protein_protein_interaction,dephosphorylation,0.33121776580810547,0.33531099557876587,0.3231681287288666,0.33280685544013977,0.33358514308929443
1,fu:2959a7f6,fu:127bf490,protein_protein_interaction,inhibition|phosphorylation,0.19928012788295746,0.2007797211408615,0.19653847813606262,0.19966661930084229,0.2001357078552246
1,fu:2959a7f6,fu:d1f9d8ef,protein_protein_interaction,inhibition|phosphorylation,0.2488735318183899,0.2511083483695984,0.24376069009304047,0.25052905082702637,0.25009599328041077
1,fu:5feacf84,fu:3e02b3f0,protein_protein_interaction,dephosphorylation,0.33142077922821045,0.3350573778152466,0.3248027265071869,0.3322662115097046,0.3335567116737366
1,fu:fa467b33,fu:35bcc57b,protein_protein_interaction,inhibition,0.07087737321853638,0.07162068784236908,0.06853531301021576,0.07166652381420135,0.07168696075677872
1,fu:368c2fa7,fu:35bcc57b,protein_protein_interaction,inhibition,0.07087737321853638,0.07162068784236908,0.06853531301021576,0.07166652381420135,0.07168696075677872
1,fu:69624e88,fu:35bcc57b,protein_protein_interaction,inhibition,0.07087737321853638,0.07162068784236908,0.06853531301021576,0.07166652381420135,0.07168696075677872
1,fu:084a3d94,fu:b1fed606,protein_protein_interaction,inhibition|dephosphorylation,0.16565577685832977,0.1676049828529358,0.16111865639686584,0.16696029901504517,0.1669391542673111
1,fu:fd226da5,fu:b1fed606,protein_protein_interaction,inhibition|dephosphorylation,0.16565577685832977,0.1676049828529358,0.16111865639686584,0.16696029901504517,0.1669391542673111
1,fu:377d6159,fu:ba3ca63f,protein_protein_interaction,inhibition|dephosphorylation,0.09953975677490234,0.10075623542070389,0.09721817821264267,0.10009846091270447,0.10008616000413895
1,fu:377d6159,fu:828681e8,protein_protein_interaction,inhibition|dephosphorylation,0.12378070503473282,0.1261993646621704,0.11815401911735535,0.12545982003211975,0.12530961632728577
1,fu:86cdce68,fu:ba3ca63f,protein_protein_interaction,inhibition|dephosphorylation,0.09953975677490234,0.10075623542070389,0.09721817821264267,0.10009846091270447,0.10008616000413895
1,fu:86cdce68,fu:828681e8,protein_protein_interaction,inhibition|dephosphorylation,0.12378070503473282,0.1261993646621704,0.11815401911735535,0.12545982003211975,0.12530961632728577
1,fu:628792dc,fu:39b0ba80,protein_protein_interaction,inhibition|dephosphorylation,0.14246326684951782,0.14319908618927002,0.14067168533802032,0.14306649565696716,0.14291581511497498
1,fu:628792dc,fu:57f73e22,protein_protein_interaction,inhibition|dephosphorylation,0.14248250424861908,0.14314018189907074,0.14078006148338318,0.14308083057403564,0.14292897284030914
1,fu:628792dc,fu:3cd4cf69,protein_protein_interaction,inhibition|dephosphorylation,0.14253422617912292,0.1431903839111328,0.14104408025741577,0.14299383759498596,0.14290857315063477
1,fu:628792dc,fu:d1f9d8ef,protein_protein_interaction,inhibition|dephosphorylation,0.2488735318183899,0.2511083483695984,0.24376069009304047,0.25052905082702637,0.25009599328041077
1,fu:c1b5761a,fu:127bf490,protein_protein_interaction,inhibition|dephosphorylation,0.19928012788295746,0.2007797211408615,0.19653847813606262,0.19966661930084229,0.2001357078552246
1,fu:0047a61e,fu:4dbb2d89,protein_protein_interaction,inhibition|dephosphorylation,0.24910396337509155,0.25122323632240295,0.24517817795276642,0.2498982846736908,0.25011613965034485
1,fu:4b038677,fu:ba3ca63f,protein_protein_interaction,inhibition,0.09953975677490234,0.10075623542070389,0.09721817821264267,0.10009846091270447,0.10008616000413895
1,fu:95cbce1b,fu:ba3ca63f,protein_protein_interaction,inhibition,0.09953975677490234,0.10075623542070389,0.09721817821264267,0.10009846091270447,0.10008616000413895
1,fu:50d7c36d,fu:2c3cace2,gene_expression_regulation,expression,0.49482330679893494,0.5054474472999573,0.4707176983356476,0.5026734471321106,0.5004545450210571
1,fu:ac41e7b6,fu:cc0e0a55,protein_protein_interaction,indirect effect,0.2487264722585678,0.2514079511165619,0.24394673109054565,0.2492969036102295,0.2502543330192566
1,fu:f132c1b4,fu:6b254be8,protein_protein_interaction,indirect effect,0.16471552848815918,0.16888795793056488,0.15745525062084198,0.16567452251911163,0.16684438288211823
1,fu:e96fee09,fu:6b254be8,protein_protein_interaction,indirect effect,0.16471552848815918,0.16888795793056488,0.15745525062084198,0.16567452251911163,0.16684438288211823
1,fu:dd374616,fu:7e2a8487,protein_protein_interaction,compound,0.33089834451675415,0.337029367685318,0.31987640261650085,0.33233439922332764,0.33435317873954773
1,fu:dd374616,fu:82456880,protein_protein_interaction,compound,0.1973256766796112,0.20236599445343018,0.18788768351078033,0.1983424872159958,0.20070652663707733
1,fu:69217a4b,fu:435e22e3,protein_protein_interaction,activation,0.2490909844636917,0.2537250220775604,0.24183985590934753,0.2502281963825226,0.2505708336830139
1,fu:69217a4b,fu:a4e579d9,protein_protein_interaction,activation,0.12463873624801636,0.1252259761095047,0.1233254224061966,0.12504465878009796,0.12495886534452438
1,fu:f132c1b4,fu:e96fee09,protein_protein_interaction,phosphorylation,0.14199692010879517,0.14386793971061707,0.138371542096138,0.14265550673007965,0.14309266209602356
1,fu:cc0e0a55,fu:4dbb2d89,protein_protein_interaction,activation,0.24910396337509155,0.25122323632240295,0.24517817795276642,0.2498982846736908,0.25011613965034485
1,fu:1bdb6764,fu:4dbb2d89,protein_protein_interaction,activation,0.24910396337509155,0.25122323632240295,0.24517817795276642,0.2498982846736908,0.25011613965034485
1,fu:0c8f29ae,fu:11724fb3,protein_protein_interaction,,0.4920887351036072,0.5015056729316711,0.46429160237312317,0.5018084049224854,0.5007492899894714
1,fu:11724fb3,fu:3f6a023b,protein_protein_interaction,activation,0.49503079056739807,0.5042489767074585,0.4766826927661896,0.49852898716926575,0.5006625652313232
1,fu:11724fb3,fu:69217a4b,protein_protein_interaction,activation|indirect effect,0.4971737265586853,0.5037469863891602,0.4812358319759369,0.5019915103912354,0.5017204880714417
1,fu:f017c41c,fu:41d49051,protein_protein_interaction,activation,0.4938504695892334,0.501463770866394,0.47066161036491394,0.5023509860038757,0.5009254813194275
1,fu:41d49051,fu:114f4869,protein_protein_interaction,activation,0.3294365406036377,0.3378988802433014,0.3131600320339203,0.3327396512031555,0.3339475989341736
1,fu:3f6a023b,fu:cc0e0a55,protein_protein_interaction,activation,0.2487264722585678,0.2514079511165619,0.24394673109054565,0.2492969036102295,0.2502543330192566
1,fu:114f4869,fu:d3570c60,protein_protein_interaction,activation|indirect effect,0.24915668368339539,0.25114384293556213,0.24580593407154083,0.2494705617427826,0.2502063810825348
1,fu:d3570c60,fu:cc0e0a55,protein_protein_interaction,binding/association,0.2487264722585678,0.2514079511165619,0.24394673109054565,0.2492969036102295,0.2502543330192566
1,fu:8933daca,fu:7f7b2f5f,protein_protein_interaction,activation,0.03641678765416145,0.037680912762880325,0.03424316644668579,0.03659401461482048,0.03714905306696892
1,fu:35bcc57b,fu:dcf55614,protein_protein_interaction,activation,0.495177686214447,0.504835307598114,0.47685232758522034,0.4984396696090698,0.5005834102630615
1,fu:dcf55614,fu:74ae7efc,protein_protein_interaction,activation|phosphorylation,0.14250096678733826,0.14319545030593872,0.14086541533470154,0.14303186535835266,0.1429111510515213
1,fu:dcf55614,fu:e711f0a6,protein_protein_interaction,activation|phosphorylation,0.14243865013122559,0.143174409866333,0.1407512128353119,0.14293822646141052,0.14289075136184692
1,fu:5e066f99,fu:39b0ba80,protein_protein_interaction,activation|phosphorylation,0.14246326684951782,0.14319908618927002,0.14067168533802032,0.14306649565696716,0.14291581511497498
1,fu:5e066f99,fu:57f73e22,protein_protein_interaction,activation|phosphorylation,0.14248250424861908,0.14314018189907074,0.14078006148338318,0.14308083057403564,0.14292897284030914
1,fu:e2d583f5,fu:39b0ba80,protein_protein_interaction,activation|phosphorylation,0.14246326684951782,0.14319908618927002,0.14067168533802032,0.14306649565696716,0.14291581511497498
1,fu:e2d583f5,fu:57f73e22,protein_protein_interaction,activation|phosphorylation,0.14248250424861908,0.14314018189907074,0.14078006148338318,0.14308083057403564,0.14292897284030914
1,fu:35bcc57b,fu:a4e579d9,protein_protein_interaction,,0.12463873624801636,0.1252259761095047,0.1233254224061966,0.12504465878009796,0.12495886534452438
2,MIMAT0005824,CREB5,mir_to_gene,,1.0,1.0,1.0,1.0,1.0
2,MIMAT0005824,SETD1B,mir_to_gene,,1.0,1.0,1.0,1.0,1.0
2,MIMAT0005824,RORA,mir_to_gene,,0.5,0.5,0.5,0.5,0.5
2,MIMAT0005824,GRIN2B,mir_to_gene,,1.0,1.0,1.0,1.0,1.0
2,MIMAT0005899,ATXN1,mir_to_gene,,0.25,0.25,0.25,0.25,0.25
2,MIMAT0005899,TCF20,mir_to_gene,,1.0,1.0,1.0,1.0,1.0
2,MIMAT0005899,EFHD2,mir_to_gene,,1.0,1.0,1.0,1.0,1.0
2,MIMAT0004607,TPM3,mir_to_gene,,0.3333333432674408,0.3333333432674408,0.3333333432674408,0.3333333432674408,0.3333333432674408
2,MIMAT0004607,ERGIC1,mir_to_gene,,1.0,1.0,1.0,1.0,1.0
2,MIMAT0004607,ATP6V1A,mir_to_gene,,1.0,1.0,1.0,1.0,1.0
2,MIMAT0004607,CSNK2A1,mir_to_gene,,0.5,0.5,0.5,0.5,0.5
2,MIMAT0004607,PEX5L,mir_to_gene,,1.0,1.0,1.0,1.0,1.0
2,MIMAT0004607,SLC46A1,mir_to_gene,,1.0,1.0,1.0,1.0,1.0
2,MIMAT0004607,CYBRD1,mir_to_gene,,1.0,1.0,1.0,1.0,1.0
2,MIMAT0004607,GNA13,mir_to_gene,,0.5,0.5,0.5,0.5,0.5
2,MIMAT0004607,PAG1,mir_to_gene,,1.0,1.0,1.0,1.0,1.0
2,MIMAT0004607,MECP2,mir_to_gene,,0.5,0.5,0.5,0.5,0.5
2,MIMAT0004607,IGFBP4,mir_to_gene,,1.0,1.0,1.0,1.0,1.0
2,MIMAT0004607,YY1,mir_to_gene,,0.5,0.5,0.5,0.5,0.5
2,MIMAT0004607,RSBN1,mir_to_gene,,1.0,1.0,1.0,1.0,1.0
2,MIMAT0000430,EIF4EBP1,mir_to_gene,,1.0,1.0,1.0,1.0,1.0
2,MIMAT0000430,RHOC,mir_to_gene,,1.0,1.0,1.0,1.0,1.0
2,MIMAT0000430,DMKN,mir_to_gene,,1.0,1.0,1.0,1.0,1.0
2,MIMAT0000430,DNAJB6,mir_to_gene,,0.5,0.5,0.5,0.5,0.5
2,MIMAT0000430,NFKB1,mir_to_gene,,1.0,1.0,1.0,1.0,1.0
2,MIMAT0000430,LNPEP,mir_to_gene,,0.5,0.5,0.5,0.5,0.5
2,MIMAT0000430,TERT,mir_to_gene,,1.0,1.0,1.0,1.0,1.0
2,MIMAT0000430,ZMYND11,mir_to_gene,,0.5,0.5,0.5,0.5,0.5
2,MIMAT0000430,EID1,mir_to_gene,,1.0,1.0,1.0,1.0,1.0
2,MIMAT0000430,YAP1,mir_to_gene,,1.0,1.0,1.0,1.0,1.0
2,MIMAT0000430,MXD1,mir_to_gene,,1.0,1.0,1.0,1.0,1.0
2,MIMAT0000430,MEAF6,mir_to_gene,,1.0,1.0,1.0,1.0,1.0
2,MIMAT0000430,IGF2BP1,mir_to_gene,,1.0,1.0,1.0,1.0,1.0
2,MIMAT0000430,BLCAP,mir_to_gene,,0.5,0.5,0.5,0.5,0.5
2,MIMAT0000430,CELF1,mir_to_gene,,1.0,1.0,1.0,1.0,1.0
2,MIMAT0000430,S100A1,mir_to_gene,,1.0,1.0,1.0,1.0,1.0
2,MIMAT0000430,FOXC1,mir_to_gene,,1.0,1.0,1.0,1.0,1.0
2,MIMAT0000430,CDH2,mir_to_gene,,1.0,1.0,1.0,1.0,1.0
2,MIMAT0000430,RPA1,mir_to_gene,,1.0,1.0,1.0,1.0,1.0
2,MIMAT0000430,IGLON5,mir_to_gene,,1.0,1.0,1.0,1.0,1.0
2,MIMAT0000430,CCND1,mir_to_gene,,0.5,0.5,0.5,0.5,0.5
2,MIMAT0000430,BCL11A,mir_to_gene,,1.0,1.0,1.0,1.0,1.0
2,MIMAT0000430,ZNF426,mir_to_gene,,1.0,1.0,1.0,1.0,1.0
2,MIMAT0000430,PHKG2,mir_to_gene,,1.0,1.0,1.0,1.0,1.0
2,MIMAT0000436,FNDC3A,mir_to_gene,,1.0,1.0,1.0,1.0,1.0
2,MIMAT0000436,IRS1,mir_to_gene,,1.0,1.0,1.0,1.0,1.0
2,MIMAT0000436,TEX9,mir_to_gene,,1.0,1.0,1.0,1.0,1.0
2,MIMAT0004600,ADARB2,mir_to_gene,,1.0,1.0,1.0,1.0,1.0
2,MIMAT0004600,SMAD4,mir_to_gene,,0.3333333432674408,0.3333333432674408,0.3333333432674408,0.3333333432674408,0.3333333432674408
2,MIMAT0004600,SOD2,mir_to_gene,,0.20000000298023224,0.20000000298023224,0.20000000298023224,0.20000000298023224,0.20000000298023224
2,MIMAT0004600,BLMH,mir_to_gene,,1.0,1.0,1.0,1.0,1.0
2,MIMAT0004766,REL,mir_to_gene,,1.0,1.0,1.0,1.0,1.0
2,MIMAT0004766,ATXN1,mir_to_gene,,0.25,0.25,0.25,0.25,0.25
2,MIMAT0004766,TPM3,mir_to_gene,,0.3333333432674408,0.3333333432674408,0.3333333432674408,0.3333333432674408,0.3333333432674408
2,MIMAT0004766,KY,mir_to_gene,,1.0,1.0,1.0,1.0,1.0
2,MIMAT0004766,SLC12A7,mir_to_gene,,1.0,1.0,1.0,1.0,1.0
2,MIMAT0004766,KLHDC8B,mir_to_gene,,1.0,1.0,1.0,1.0,1.0
2,MIMAT0004766,POLR3G,mir_to_gene,,0.5,0.5,0.5,0.5,0.5
2,MIMAT0004766,BIVM,mir_to_gene,,1.0,1.0,1.0,1.0,1.0
2,MIMAT0004766,PTGS1,mir_to_gene,,1.0,1.0,1.0,1.0,1.0
2,MIMAT0004766,OLFML2A,mir_to_gene,,1.0,1.0,1.0,1.0,1.0
2,MIMAT0004766,APOL6,mir_to_gene,,1.0,1.0,1.0,1.0,1.0
2,MIMAT0004766,BLCAP,mir_to_gene,,0.5,0.5,0.5,0.5,0.5
2,MIMAT0004766,RAB8A,mir_to_gene,,1.0,1.0,1.0,1.0,1.0
2,MIMAT0004766,MAT2A,mir_to_gene,,1.0,1.0,1.0,1.0,1.0
2,MIMAT0004766,LSM4,mir_to_gene,,1.0,1.0,1.0,1.0,1.0
2,MIMAT0004766,LIMD1,mir_to_gene,,0.5,0.5,0.5,0.5,0.5
2,MIMAT0004766,ZNF551,mir_to_gene,,1.0,1.0,1.0,1.0,1.0
2,MIMAT0004766,CPEB4,mir_to_gene,,1.0,1.0,1.0,1.0,1.0
2,MIMAT0004766,GANAB,mir_to_gene,,0.5,0.5,0.5,0.5,0.5
2,MIMAT0004766,GK5,mir_to_gene,,1.0,1.0,1.0,1.0,1.0
2,MIMAT0002809,USP48,mir_to_gene,,0.5,0.5,0.5,0.5,0.5
2,MIMAT0002809,LIMD2,mir_to_gene,,1.0,1.0,1.0,1.0,1.0
2,MIMAT0002809,TMEM167A,mir_to_gene,,0.3333333432674408,0.3333333432674408,0.3333333432674408,0.3333333432674408,0.3333333432674408
2,MIMAT0002809,RUFY2,mir_to_gene,,1.0,1.0,1.0,1.0,1.0
2,MIMAT0002809,ZNRF3,mir_to_gene,,1.0,1.0,1.0,1.0,1.0
2,MIMAT0002809,ARL8A,mir_to_gene,,1.0,1.0,1.0,1.0,1.0
2,MIMAT0002809,TMPRSS5,mir_to_gene,,1.0,1.0,1.0,1.0,1.0
2,MIMAT0002809,PMAIP1,mir_to_gene,,1.0,1.0,1.0,1.0,1.0
2,MIMAT0002809,PPP1R11,mir_to_gene,,0.3333333432674408,0.3333333432674408,0.3333333432674408,0.3333333432674408,0.3333333432674408
2,MIMAT0002809,KCTD15,mir_to_gene,,0.5,0.5,0.5,0.5,0.5
2,MIMAT0002809,CCDC6,mir_to_gene,,1.0,1.0,1.0,1.0,1.0
2,MIMAT0002809,AKAP8,mir_to_gene,,1.0,1.0,1.0,1.0,1.0
2,MIMAT0002809,NOVA1,mir_to_gene,,1.0,1.0,1.0,1.0,1.0
2,MIMAT0002809,TRAF6,mir_to_gene,,1.0,1.0,1.0,1.0,1.0
2,MIMAT0002809,GXYLT2,mir_to_gene,,1.0,1.0,1.0,1.0,1.0
2,MIMAT0002809,ZNF629,mir_to_gene,,1.0,1.0,1.0,1.0,1.0
2,MIMAT0002809,UMPS,mir_to_gene,,1.0,1.0,1.0,1.0,1.0
2,MIMAT0000262,MRO,mir_to_gene,,1.0,1.0,1.0,1.0,1.0
2,MIMAT0000262,NDUFB5,mir_to_gene,,1.0,1.0,1.0,1.0,1.0
2,MIMAT0000461,KIF21A,mir_to_gene,,1.0,1.0,1.0,1.0,1.0
2,MIMAT0000461,SBNO1,mir_to_gene,,1.0,1.0,1.0,1.0,1.0
2,MIMAT0000461,ACVR2A,mir_to_gene,,1.0,1.0,1.0,1.0,1.0
2,MIMAT0000461,GPR27,mir_to_gene,,1.0,1.0,1.0,1.0,1.0
2,MIMAT0000461,TCF3,mir_to_gene,,1.0,1.0,1.0,1.0,1.0
2,MIMAT0000461,BCL2,mir_to_gene,,1.0,1.0,1.0,1.0,1.0
2,MIMAT0000461,KANK1,mir_to_gene,,1.0,1.0,1.0,1.0,1.0
2,MIMAT0000461,FGF2,mir_to_gene,,0.3333333432674408,0.3333333432674408,0.3333333432674408,0.3333333432674408,0.3333333432674408
2,MIMAT0000461,ZNF275,mir_to_gene,,0.3333333432674408,0.3333333432674408,0.3333333432674408,0.3333333432674408,0.3333333432674408
2,MIMAT0000461,TMEM135,mir_to_gene,,1.0,1.0,1.0,1.0,1.0
2,MIMAT0000461,GOSR1,mir_to_gene,,1.0,1.0,1.0,1.0,1.0
2,MIMAT0000461,GNB1,mir_to_gene,,1.0,1.0,1.0,1.0,1.0
2,MIMAT0000461,PLEKHA1,mir_to_gene,,1.0,1.0,1.0,1.0,1.0
2,MIMAT0000461,AVL9,mir_to_gene,,1.0,1.0,1.0,1.0,1.0
2,MIMAT0000461,HNRNPA2B1,mir_to_gene,,1.0,1.0,1.0,1.0,1.0
2,MIMAT0000461,MTHFR,mir_to_gene,,1.0,1.0,1.0,1.0,1.0
2,MIMAT0000461,CHEK1,mir_to_gene,,1.0,1.0,1.0,1.0,1.0
2,MIMAT0000461,TBL1XR1,mir_to_gene,,1.0,1.0,1.0,1.0,1.0
2,MIMAT0000461,RASEF,mir_to_gene,,1.0,1.0,1.0,1.0,1.0
2,MIMAT0000461,TAB3,mir_to_gene,,1.0,1.0,1.0,1.0,1.0
2,MIMAT0000461,CPNE1,mir_to_gene,,1.0,1.0,1.0,1.0,1.0
2,MIMAT0000461,LRRC57,mir_to_gene,,1.0,1.0,1.0,1.0,1.0
2,MIMAT0000461,LSM11,mir_to_gene,,1.0,1.0,1.0,1.0,1.0
2,MIMAT0000461,RAB3IP,mir_to_gene,,0.5,0.5,0.5,0.5,0.5
2,MIMAT0000461,CBFA2T3,mir_to_gene,,1.0,1.0,1.0,1.0,1.0
2,MIMAT0000461,DICER1,mir_to_gene,,0.5,0.5,0.5,0.5,0.5
2,MIMAT0000461,SMURF1,mir_to_gene,,1.0,1.0,1.0,1.0,1.0
2,MIMAT0000461,RASSF5,mir_to_gene,,1.0,1.0,1.0,1.0,1.0
2,MIMAT0000461,GNAL,mir_to_gene,,1.0,1.0,1.0,1.0,1.0
2,MIMAT0000461,BSG,mir_to_gene,,0.5,0.5,0.5,0.5,0.5
2,MIMAT0000461,UBE2V1,mir_to_gene,,0.5,0.5,0.5,0.5,0.5
2,MIMAT0000461,CCDC80,mir_to_gene,,0.3333333432674408,0.3333333432674408,0.3333333432674408,0.3333333432674408,0.3333333432674408
2,MIMAT0000461,CYLD,mir_to_gene,,1.0,1.0,1.0,1.0,1.0
2,MIMAT0000461,ZBTB34,mir_to_gene,,0.5,0.5,0.5,0.5,0.5
2,MIMAT0000461,SEC61A1,mir_to_gene,,1.0,1.0,1.0,1.0,1.0
2,MIMAT0000461,HEYL,mir_to_gene,,1.0,1.0,1.0,1.0,1.0
2,MIMAT0000461,TSC22D2,mir_to_gene,,0.3333333432674408,0.3333333432674408,0.3333333432674408,0.3333333432674408,0.3333333432674408
2,MIMAT0000461,CPEB3,mir_to_gene,,1.0,1.0,1.0,1.0,1.0
2,MIMAT0000461,WIPI2,mir_to_gene,,1.0,1.0,1.0,1.0,1.0
2,MIMAT0000461,SERBP1,mir_to_gene,,1.0,1.0,1.0,1.0,1.0
2,MIMAT0000461,AKAP11,mir_to_gene,,1.0,1.0,1.0,1.0,1.0
2,MIMAT0000461,CDC37L1,mir_to_gene,,1.0,1.0,1.0,1.0,1.0
2,MIMAT0000461,STX17,mir_to_gene,,1.0,1.0,1.0,1.0,1.0
2,MIMAT0000461,RFK,mir_to_gene,,1.0,1.0,1.0,1.0,1.0
2,MIMAT0000461,PDE4D,mir_to_gene,,1.0,1.0,1.0,1.0,1.0
2,MIMAT0000461,BAG4,mir_to_gene,,1.0,1.0,1.0,1.0,1.0
2,MIMAT0000461,BZW1,mir_to_gene,,1.0,1.0,1.0,1.0,1.0
2,MIMAT0000461,CCNE1,mir_to_gene,,1.0,1.0,1.0,1.0,1.0
2,MIMAT0000461,CCNT1,mir_to_gene,,0.5,0.5,0.5,0.5,0.5
2,MIMAT0000461,CCNT2,mir_to_gene,,0.5,0.5,0.5,0.5,0.5
2,MIMAT0000461,TPI1,mir_to_gene,,1.0,1.0,1.0,1.0,1.0
2,MIMAT0000461,SHOC2,mir_to_gene,,1.0,1.0,1.0,1.0,1.0
2,MIMAT0000461,DNAJC10,mir_to_gene,,0.5,0.5,0.5,0.5,0.5
2,MIMAT0000461,ABCB7,mir_to_gene,,1.0,1.0,1.0,1.0,1.0
2,MIMAT0000461,CDV3,mir_to_gene,,1.0,1.0,1.0,1.0,1.0
2,MIMAT0000461,ETNK1,mir_to_gene,,1.0,1.0,1.0,1.0,1.0
2,MIMAT0000461,C21orf62,mir_to_gene,,0.5,0.5,0.5,0.5,0.5
2,MIMAT0000461,MIB1,mir_to_gene,,1.0,1.0,1.0,1.0,1.0
2,MIMAT0000461,TAOK1,mir_to_gene,,0.5,0.5,0.5,0.5,0.5
2,MIMAT0000461,RPRD1B,mir_to_gene,,1.0,1.0,1.0,1.0,1.0
2,MIMAT0000461,PPP1R11,mir_to_gene,,0.3333333432674408,0.3333333432674408,0.3333333432674408,0.3333333432674408,0.3333333432674408
2,MIMAT0000461,HAUS3,mir_to_gene,,1.0,1.0,1.0,1.0,1.0
2,MIMAT0000461,DCAF17,mir_to_gene,,1.0,1.0,1.0,1.0,1.0
2,MIMAT0000461,GABARAPL1,mir_to_gene,,1.0,1.0,1.0,1.0,1.0
2,MIMAT0000461,LUZP1,mir_to_gene,,1.0,1.0,1.0,1.0,1.0
2,MIMAT0000461,SMAD3,mir_to_gene,,1.0,1.0,1.0,1.0,1.0
2,MIMAT0000461,TKTL1,mir_to_gene,,1.0,1.0,1.0,1.0,1.0
2,MIMAT0000461,VEGFA,mir_to_gene,,0.5,0.5,0.5,0.5,0.5
2,MIMAT0000461,MECP2,mir_to_gene,,0.5,0.5,0.5,0.5,0.5
2,MIMAT0000461,THRAP3,mir_to_gene,,1.0,1.0,1.0,1.0,1.0
2,MIMAT0000461,CD180,mir_to_gene,,0.5,0.5,0.5,0.5,0.5
2,MIMAT0000461,ACTR2,mir_to_gene,,1.0,1.0,1.0,1.0,1.0
2,MIMAT0000461,ARIH1,mir_to_gene,,1.0,1.0,1.0,1.0,1.0
2,MIMAT0000461,PURA,mir_to_gene,,1.0,1.0,1.0,1.0,1.0
2,MIMAT0000461,MLLT6,mir_to_gene,,1.0,1.0,1.0,1.0,1.0
2,MIMAT0000461,PSKH1,mir_to_gene,,1.0,1.0,1.0,1.0,1.0
2,MIMAT0000461,YWHAQ,mir_to_gene,,1.0,1.0,1.0,1.0,1.0
2,MIMAT0000461,VPS4A,mir_to_gene,,1.0,1.0,1.0,1.0,1.0
2,MIMAT0000461,RACGAP1,mir_to_gene,,0.5,0.5,0.5,0.5,0.5
2,MIMAT0000461,VCL,mir_to_gene,,1.0,1.0,1.0,1.0,1.0
2,MIMAT0000461,SOCS5,mir_to_gene,,0.5,0.5,0.5,0.5,0.5
2,MIMAT0000461,OCRL,mir_to_gene,,1.0,1.0,1.0,1.0,1.0
2,MIMAT0000461,KPNA1,mir_to_gene,,1.0,1.0,1.0,1.0,1.0
2,MIMAT0000461,PAFAH1B2,mir_to_gene,,1.0,1.0,1.0,1.0,1.0
2,MIMAT0000461,CCL4,mir_to_gene,,1.0,1.0,1.0,1.0,1.0
2,MIMAT0000461,SNCG,mir_to_gene,,1.0,1.0,1.0,1.0,1.0
2,MIMAT0000461,CREG1,mir_to_gene,,1.0,1.0,1.0,1.0,1.0
2,MIMAT0000461,ARHGDIA,mir_to_gene,,1.0,1.0,1.0,1.0,1.0
2,MIMAT0000461,MAP4K2,mir_to_gene,,1.0,1.0,1.0,1.0,1.0
2,MIMAT0000461,RAPH1,mir_to_gene,,1.0,1.0,1.0,1.0,1.0
2,MIMAT0000461,MAFK,mir_to_gene,,1.0,1.0,1.0,1.0,1.0
2,MIMAT0000461,ENTPD6,mir_to_gene,,1.0,1.0,1.0,1.0,1.0
2,MIMAT0000461,APP,mir_to_gene,,0.5,0.5,0.5,0.5,0.5
2,MIMAT0000461,SH3BGRL2,mir_to_gene,,1.0,1.0,1.0,1.0,1.0
2,MIMAT0000461,KATNAL1,mir_to_gene,,0.5,0.5,0.5,0.5,0.5
2,MIMAT0000461,GNAT1,mir_to_gene,,1.0,1.0,1.0,1.0,1.0
2,MIMAT0000461,ZNF585B,mir_to_gene,,1.0,1.0,1.0,1.0,1.0
2,MIMAT0000461,YTHDC1,mir_to_gene,,1.0,1.0,1.0,1.0,1.0
2,MIMAT0000461,ZNF284,mir_to_gene,,1.0,1.0,1.0,1.0,1.0
2,MIMAT0000232,TSPAN3,mir_to_gene,,0.5,0.5,0.5,0.5,0.5
2,MIMAT0000232,FGF2,mir_to_gene,,0.3333333432674408,0.3333333432674408,0.3333333432674408,0.3333333432674408,0.3333333432674408
2,MIMAT0000232,LIN54,mir_to_gene,,0.5,0.5,0.5,0.5,0.5
2,MIMAT0000232,CCDC80,mir_to_gene,,0.3333333432674408,0.3333333432674408,0.3333333432674408,0.3333333432674408,0.3333333432674408
2,MIMAT0000232,CCNL1,mir_to_gene,,0.25,0.25,0.25,0.25,0.25
2,MIMAT0000232,FOXA2,mir_to_gene,,1.0,1.0,1.0,1.0,1.0
2,MIMAT0000232,TFAM,mir_to_gene,,0.5,0.5,0.5,0.5,0.5
2,MIMAT0000232,MET,mir_to_gene,,0.5,0.5,0.5,0.5,0.5
2,MIMAT0000232,MAPK9,mir_to_gene,,0.5,0.5,0.5,0.5,0.5
2,MIMAT0000232,SOD2,mir_to_gene,,0.20000000298023224,0.20000000298023224,0.20000000298023224,0.20000000298023224,0.20000000298023224
2,MIMAT0000232,HGF,mir_to_gene,,1.0,1.0,1.0,1.0,1.0
2,MIMAT0000232,PAK4,mir_to_gene,,0.5,0.5,0.5,0.5,0.5
2,MIMAT0004563,TSPAN3,mir_to_gene,,0.5,0.5,0.5,0.5,0.5
2,MIMAT0004563,FGF2,mir_to_gene,,0.3333333432674408,0.3333333432674408,0.3333333432674408,0.3333333432674408,0.3333333432674408
2,MIMAT0004563,LIN54,mir_to_gene,,0.5,0.5,0.5,0.5,0.5
2,MIMAT0004563,CCDC80,mir_to_gene,,0.3333333432674408,0.3333333432674408,0.3333333432674408,0.3333333432674408,0.3333333432674408
2,MIMAT0004563,CCNL1,mir_to_gene,,0.25,0.25,0.25,0.25,0.25
2,MIMAT0004563,MET,mir_to_gene,,0.5,0.5,0.5,0.5,0.5
2,MIMAT0004563,SOD2,mir_to_gene,,0.20000000298023224,0.20000000298023224,0.20000000298023224,0.20000000298023224,0.20000000298023224
2,MIMAT0004563,PAK4,mir_to_gene,,0.5,0.5,0.5,0.5,0.5
2,MIMAT0000263,ZNF394,mir_to_gene,,1.0,1.0,1.0,1.0,1.0
2,MIMAT0000263,JAG1,mir_to_gene,,1.0,1.0,1.0,1.0,1.0
2,MIMAT0000263,CSGALNACT1,mir_to_gene,,1.0,1.0,1.0,1.0,1.0
2,MIMAT0000263,CSNK2A1,mir_to_gene,,0.5,0.5,0.5,0.5,0.5
2,MIMAT0000263,EXTL3,mir_to_gene,,1.0,1.0,1.0,1.0,1.0
2,MIMAT0000263,KIT,mir_to_gene,,0.5,0.5,0.5,0.5,0.5
2,MIMAT0000263,CCNL1,mir_to_gene,,0.25,0.25,0.25,0.25,0.25
2,MIMAT0000263,OXSR1,mir_to_gene,,1.0,1.0,1.0,1.0,1.0
2,MIMAT0000263,HES1,mir_to_gene,,1.0,1.0,1.0,1.0,1.0
2,MIMAT0000263,POLA2,mir_to_gene,,1.0,1.0,1.0,1.0,1.0
2,MIMAT0000263,PDE11A,mir_to_gene,,1.0,1.0,1.0,1.0,1.0
2,MIMAT0000263,ZNF846,mir_to_gene,,1.0,1.0,1.0,1.0,1.0
2,MIMAT0000263,CHCHD4,mir_to_gene,,1.0,1.0,1.0,1.0,1.0
2,MIMAT0000263,DDI2,mir_to_gene,,0.5,0.5,0.5,0.5,0.5
2,MIMAT0000263,ZNF584,mir_to_gene,,1.0,1.0,1.0,1.0,1.0
2,MIMAT0000263,SLC26A2,mir_to_gene,,1.0,1.0,1.0,1.0,1.0
2,MIMAT0000263,PODXL,mir_to_gene,,0.5,0.5,0.5,0.5,0.5
2,MIMAT0000265,ADAT2,mir_to_gene,,1.0,1.0,1.0,1.0,1.0
2,MIMAT0000265,ANKFY1,mir_to_gene,,1.0,1.0,1.0,1.0,1.0
2,MIMAT0000265,CHCHD3,mir_to_gene,,1.0,1.0,1.0,1.0,1.0
2,MIMAT0000265,CD44,mir_to_gene,,0.5,0.5,0.5,0.5,0.5
2,MIMAT0000265,MTA3,mir_to_gene,,1.0,1.0,1.0,1.0,1.0
2,MIMAT0000265,TLK2,mir_to_gene,,1.0,1.0,1.0,1.0,1.0
2,MIMAT0000265,HOXA10,mir_to_gene,,1.0,1.0,1.0,1.0,1.0
2,MIMAT0000265,ZBTB20,mir_to_gene,,1.0,1.0,1.0,1.0,1.0
2,MIMAT0000265,CTSC,mir_to_gene,,1.0,1.0,1.0,1.0,1.0
2,MIMAT0000265,CLNK,mir_to_gene,,1.0,1.0,1.0,1.0,1.0
2,MIMAT0000265,NR3C1,mir_to_gene,,1.0,1.0,1.0,1.0,1.0
2,MIMAT0000265,ENAH,mir_to_gene,,1.0,1.0,1.0,1.0,1.0
2,MIMAT0000265,LRRC55,mir_to_gene,,1.0,1.0,1.0,1.0,1.0
2,MIMAT0000265,CDH11,mir_to_gene,,1.0,1.0,1.0,1.0,1.0
2,MIMAT0000265,TCF4,mir_to_gene,,0.5,0.5,0.5,0.5,0.5
2,MIMAT0000265,SRGAP1,mir_to_gene,,1.0,1.0,1.0,1.0,1.0
2,MIMAT0000265,POU2F1,mir_to_gene,,0.5,0.5,0.5,0.5,0.5
2,MIMAT0000265,TRPM3,mir_to_gene,,1.0,1.0,1.0,1.0,1.0
2,MIMAT0000265,SYT6,mir_to_gene,,1.0,1.0,1.0,1.0,1.0
2,MIMAT0000265,ATP2B1,mir_to_gene,,0.5,0.5,0.5,0.5,0.5
2,MIMAT0000265,CAMK2G,mir_to_gene,,1.0,1.0,1.0,1.0,1.0
2,MIMAT0000265,PRKAR1A,mir_to_gene,,1.0,1.0,1.0,1.0,1.0
2,MIMAT0000265,RUNX2,mir_to_gene,,1.0,1.0,1.0,1.0,1.0
2,MIMAT0000265,NTRK2,mir_to_gene,,1.0,1.0,1.0,1.0,1.0
2,MIMAT0000265,WNK3,mir_to_gene,,1.0,1.0,1.0,1.0,1.0
2,MIMAT0000265,CDH8,mir_to_gene,,1.0,1.0,1.0,1.0,1.0
2,MIMAT0000265,POU2F2,mir_to_gene,,1.0,1.0,1.0,1.0,1.0
2,MIMAT0000265,AGAP1,mir_to_gene,,0.5,0.5,0.5,0.5,0.5
2,MIMAT0000265,IKZF2,mir_to_gene,,1.0,1.0,1.0,1.0,1.0
2,MIMAT0000265,ZNF385D,mir_to_gene,,1.0,1.0,1.0,1.0,1.0
2,MIMAT0000265,ZNF362,mir_to_gene,,1.0,1.0,1.0,1.0,1.0
2,MIMAT0000265,PHF13,mir_to_gene,,1.0,1.0,1.0,1.0,1.0
2,MIMAT0000265,ALDH1A2,mir_to_gene,,1.0,1.0,1.0,1.0,1.0
2,MIMAT0000265,ST3GAL1,mir_to_gene,,1.0,1.0,1.0,1.0,1.0
2,MIMAT0000265,B4GALNT3,mir_to_gene,,1.0,1.0,1.0,1.0,1.0
2,MIMAT0000265,OPN5,mir_to_gene,,1.0,1.0,1.0,1.0,1.0
2,MIMAT0000265,ZSCAN22,mir_to_gene,,1.0,1.0,1.0,1.0,1.0
2,MIMAT0000265,BCL9L,mir_to_gene,,1.0,1.0,1.0,1.0,1.0
2,MIMAT0000265,GALNT10,mir_to_gene,,1.0,1.0,1.0,1.0,1.0
2,MIMAT0000265,SFT2D2,mir_to_gene,,1.0,1.0,1.0,1.0,1.0
2,MIMAT0000265,CREB1,mir_to_gene,,1.0,1.0,1.0,1.0,1.0
2,MIMAT0000265,MBNL1,mir_to_gene,,1.0,1.0,1.0,1.0,1.0
2,MIMAT0000265,SEMA4G,mir_to_gene,,1.0,1.0,1.0,1.0,1.0
2,MIMAT0000265,PTPRT,mir_to_gene,,1.0,1.0,1.0,1.0,1.0
2,MIMAT0000265,CCR5,mir_to_gene,,1.0,1.0,1.0,1.0,1.0
2,MIMAT0000265,MAPRE2,mir_to_gene,,1.0,1.0,1.0,1.0,1.0
2,MIMAT0000265,SERP1,mir_to_gene,,1.0,1.0,1.0,1.0,1.0
2,MIMAT0000265,USP47,mir_to_gene,,1.0,1.0,1.0,1.0,1.0
2,MIMAT0000265,ZWILCH,mir_to_gene,,1.0,1.0,1.0,1.0,1.0
2,MIMAT0000265,PRLR,mir_to_gene,,1.0,1.0,1.0,1.0,1.0
2,MIMAT0000265,ZNF48,mir_to_gene,,1.0,1.0,1.0,1.0,1.0
2,MIMAT0000265,CCNT2,mir_to_gene,,0.5,0.5,0.5,0.5,0.5
2,MIMAT0000265,AKAP1,mir_to_gene,,1.0,1.0,1.0,1.0,1.0
2,MIMAT0000265,SPIB,mir_to_gene,,1.0,1.0,1.0,1.0,1.0
2,MIMAT0000265,CDX2,mir_to_gene,,0.5,0.5,0.5,0.5,0.5
2,MIMAT0000265,IL11,mir_to_gene,,1.0,1.0,1.0,1.0,1.0
2,MIMAT0000265,AKAP13,mir_to_gene,,1.0,1.0,1.0,1.0,1.0
2,MIMAT0000265,DPF3,mir_to_gene,,1.0,1.0,1.0,1.0,1.0
2,MIMAT0000265,ETF1,mir_to_gene,,1.0,1.0,1.0,1.0,1.0
2,MIMAT0000265,AP1S1,mir_to_gene,,1.0,1.0,1.0,1.0,1.0
2,MIMAT0000265,GTDC1,mir_to_gene,,1.0,1.0,1.0,1.0,1.0
2,MIMAT0000265,FARP1,mir_to_gene,,1.0,1.0,1.0,1.0,1.0
2,MIMAT0000265,SYNJ2BP,mir_to_gene,,1.0,1.0,1.0,1.0,1.0
2,MIMAT0000265,VN1R1,mir_to_gene,,1.0,1.0,1.0,1.0,1.0
2,MIMAT0000265,BCL7A,mir_to_gene,,1.0,1.0,1.0,1.0,1.0
2,MIMAT0000265,BACH2,mir_to_gene,,1.0,1.0,1.0,1.0,1.0
2,MIMAT0000265,MCL1,mir_to_gene,,1.0,1.0,1.0,1.0,1.0
2,MIMAT0000265,LRRC4,mir_to_gene,,1.0,1.0,1.0,1.0,1.0
2,MIMAT0000265,WWC2,mir_to_gene,,1.0,1.0,1.0,1.0,1.0
2,MIMAT0000265,SOST,mir_to_gene,,1.0,1.0,1.0,1.0,1.0
2,MIMAT0000265,BDNF,mir_to_gene,,1.0,1.0,1.0,1.0,1.0
2,MIMAT0000265,C21orf62,mir_to_gene,,0.5,0.5,0.5,0.5,0.5
2,MIMAT0000265,USP14,mir_to_gene,,1.0,1.0,1.0,1.0,1.0
2,MIMAT0000265,SMAD4,mir_to_gene,,0.3333333432674408,0.3333333432674408,0.3333333432674408,0.3333333432674408,0.3333333432674408
2,MIMAT0000265,MDFI,mir_to_gene,,1.0,1.0,1.0,1.0,1.0
2,MIMAT0000265,IPO7,mir_to_gene,,1.0,1.0,1.0,1.0,1.0
2,MIMAT0000265,TXNIP,mir_to_gene,,1.0,1.0,1.0,1.0,1.0
2,MIMAT0000265,ERF,mir_to_gene,,1.0,1.0,1.0,1.0,1.0
2,MIMAT0000265,WDR3,mir_to_gene,,1.0,1.0,1.0,1.0,1.0
2,MIMAT0000265,SERINC3,mir_to_gene,,1.0,1.0,1.0,1.0,1.0
2,MIMAT0000265,TPPP,mir_to_gene,,1.0,1.0,1.0,1.0,1.0
2,MIMAT0000265,PADI2,mir_to_gene,,1.0,1.0,1.0,1.0,1.0
2,MIMAT0000265,ANGPTL2,mir_to_gene,,1.0,1.0,1.0,1.0,1.0
2,MIMAT0000265,G3BP2,mir_to_gene,,0.3333333432674408,0.3333333432674408,0.3333333432674408,0.3333333432674408,0.3333333432674408
2,MIMAT0000265,ASGR1,mir_to_gene,,1.0,1.0,1.0,1.0,1.0
2,MIMAT0000265,GLP1R,mir_to_gene,,1.0,1.0,1.0,1.0,1.0
2,MIMAT0000265,SOX4,mir_to_gene,,0.5,0.5,0.5,0.5,0.5
2,MIMAT0000265,SP1,mir_to_gene,,1.0,1.0,1.0,1.0,1.0
2,MIMAT0000265,SPARC,mir_to_gene,,1.0,1.0,1.0,1.0,1.0
2,MIMAT0000265,HMGA2,mir_to_gene,,1.0,1.0,1.0,1.0,1.0
2,MIMAT0000265,STC2,mir_to_gene,,1.0,1.0,1.0,1.0,1.0
2,MIMAT0000265,SGPL1,mir_to_gene,,1.0,1.0,1.0,1.0,1.0
2,MIMAT0000265,EFNB2,mir_to_gene,,0.5,0.5,0.5,0.5,0.5
2,MIMAT0000265,BMPR1A,mir_to_gene,,1.0,1.0,1.0,1.0,1.0
2,MIMAT0000265,CDH1,mir_to_gene,,1.0,1.0,1.0,1.0,1.0
2,MIMAT0000265,CPT1B,mir_to_gene,,1.0,1.0,1.0,1.0,1.0
2,MIMAT0000265,ATF6B,mir_to_gene,,1.0,1.0,1.0,1.0,1.0
2,MIMAT0000265,EFNB1,mir_to_gene,,0.5,0.5,0.5,0.5,0.5
2,MIMAT0000265,MUC4,mir_to_gene,,1.0,1.0,1.0,1.0,1.0
2,MIMAT0000265,SYNGR1,mir_to_gene,,1.0,1.0,1.0,1.0,1.0
2,MIMAT0000265,CHCHD5,mir_to_gene,,1.0,1.0,1.0,1.0,1.0
2,MIMAT0000265,SORCS2,mir_to_gene,,1.0,1.0,1.0,1.0,1.0
2,MIMAT0000265,TGFBR1,mir_to_gene,,1.0,1.0,1.0,1.0,1.0
2,MIMAT0000265,SLC39A11,mir_to_gene,,0.5,0.5,0.5,0.5,0.5
2,MIMAT0000265,PLAG1,mir_to_gene,,1.0,1.0,1.0,1.0,1.0
2,MIMAT0000265,ELOVL6,mir_to_gene,,1.0,1.0,1.0,1.0,1.0
2,MIMAT0000265,CACNG8,mir_to_gene,,1.0,1.0,1.0,1.0,1.0
2,MIMAT0000265,RAB11FIP4,mir_to_gene,,1.0,1.0,1.0,1.0,1.0
2,MIMAT0000265,CDC42,mir_to_gene,,1.0,1.0,1.0,1.0,1.0
2,MIMAT0000265,MYO18A,mir_to_gene,,1.0,1.0,1.0,1.0,1.0
2,MIMAT0000265,TSC22D2,mir_to_gene,,0.3333333432674408,0.3333333432674408,0.3333333432674408,0.3333333432674408,0.3333333432674408
2,MIMAT0000265,IGFBP2,mir_to_gene,,1.0,1.0,1.0,1.0,1.0
2,MIMAT0000265,CYBB,mir_to_gene,,1.0,1.0,1.0,1.0,1.0
2,MIMAT0000265,IGFBP5,mir_to_gene,,1.0,1.0,1.0,1.0,1.0
2,MIMAT0000265,PPP3R1,mir_to_gene,,1.0,1.0,1.0,1.0,1.0
2,MIMAT0000265,PLCXD3,mir_to_gene,,1.0,1.0,1.0,1.0,1.0
2,MIMAT0000265,SAMD5,mir_to_gene,,1.0,1.0,1.0,1.0,1.0
2,MIMAT0000265,SMOC1,mir_to_gene,,1.0,1.0,1.0,1.0,1.0
2,MIMAT0001413,WDR89,mir_to_gene,,1.0,1.0,1.0,1.0,1.0
2,MIMAT0001413,ZNF264,mir_to_gene,,0.5,0.5,0.5,0.5,0.5
2,MIMAT0001413,ACBD5,mir_to_gene,,1.0,1.0,1.0,1.0,1.0
2,MIMAT0001413,GPRIN3,mir_to_gene,,1.0,1.0,1.0,1.0,1.0
2,MIMAT0001413,FMNL3,mir_to_gene,,1.0,1.0,1.0,1.0,1.0
2,MIMAT0001413,TRAPPC2,mir_to_gene,,0.5,0.5,0.5,0.5,0.5
2,MIMAT0001413,DCAF8,mir_to_gene,,1.0,1.0,1.0,1.0,1.0
2,MIMAT0001413,SH3GLB1,mir_to_gene,,1.0,1.0,1.0,1.0,1.0
2,MIMAT0001413,GNPTAB,mir_to_gene,,1.0,1.0,1.0,1.0,1.0
2,MIMAT0001413,F2RL3,mir_to_gene,,1.0,1.0,1.0,1.0,1.0
2,MIMAT0001413,VPS53,mir_to_gene,,0.5,0.5,0.5,0.5,0.5
2,MIMAT0001413,ITGB1,mir_to_gene,,1.0,1.0,1.0,1.0,1.0
2,MIMAT0001413,NHLRC3,mir_to_gene,,1.0,1.0,1.0,1.0,1.0
2,MIMAT0001413,SEC16A,mir_to_gene,,1.0,1.0,1.0,1.0,1.0
2,MIMAT0001413,QSOX1,mir_to_gene,,0.5,0.5,0.5,0.5,0.5
2,MIMAT0001413,CCND1,mir_to_gene,,0.5,0.5,0.5,0.5,0.5
2,MIMAT0001413,CNKSR3,mir_to_gene,,1.0,1.0,1.0,1.0,1.0
2,MIMAT0001413,POFUT1,mir_to_gene,,1.0,1.0,1.0,1.0,1.0
2,MIMAT0001413,F2RL1,mir_to_gene,,1.0,1.0,1.0,1.0,1.0
2,MIMAT0001413,SERF1A,mir_to_gene,,1.0,1.0,1.0,1.0,1.0
2,MIMAT0001413,IQSEC1,mir_to_gene,,1.0,1.0,1.0,1.0,1.0
2,MIMAT0001413,RABGAP1L,mir_to_gene,,1.0,1.0,1.0,1.0,1.0
2,MIMAT0001413,WDR53,mir_to_gene,,1.0,1.0,1.0,1.0,1.0
2,MIMAT0001413,USP28,mir_to_gene,,1.0,1.0,1.0,1.0,1.0
2,MIMAT0001413,CAMTA1,mir_to_gene,,0.5,0.5,0.5,0.5,0.5
2,MIMAT0001413,SAMD12,mir_to_gene,,1.0,1.0,1.0,1.0,1.0
2,MIMAT0001413,KLRD1,mir_to_gene,,1.0,1.0,1.0,1.0,1.0
2,MIMAT0001413,KIF6,mir_to_gene,,1.0,1.0,1.0,1.0,1.0
2,MIMAT0001413,ATXN1,mir_to_gene,,0.25,0.25,0.25,0.25,0.25
2,MIMAT0001413,PSD3,mir_to_gene,,1.0,1.0,1.0,1.0,1.0
2,MIMAT0001413,REST,mir_to_gene,,0.5,0.5,0.5,0.5,0.5
2,MIMAT0001413,MFSD8,mir_to_gene,,1.0,1.0,1.0,1.0,1.0
2,MIMAT0001413,SLC12A6,mir_to_gene,,1.0,1.0,1.0,1.0,1.0
2,MIMAT0001413,RGMB,mir_to_gene,,1.0,1.0,1.0,1.0,1.0
2,MIMAT0001413,ATP2B1,mir_to_gene,,0.5,0.5,0.5,0.5,0.5
2,MIMAT0001413,SOCS7,mir_to_gene,,1.0,1.0,1.0,1.0,1.0
2,MIMAT0001413,OCIAD1,mir_to_gene,,1.0,1.0,1.0,1.0,1.0
2,MIMAT0001413,AGFG2,mir_to_gene,,1.0,1.0,1.0,1.0,1.0
2,MIMAT0001413,TMEM67,mir_to_gene,,1.0,1.0,1.0,1.0,1.0
2,MIMAT0001413,INPP5F,mir_to_gene,,1.0,1.0,1.0,1.0,1.0
2,MIMAT0001413,WAC,mir_to_gene,,1.0,1.0,1.0,1.0,1.0
2,MIMAT0001413,WEE1,mir_to_gene,,1.0,1.0,1.0,1.0,1.0
2,MIMAT0001413,PAFAH1B1,mir_to_gene,,1.0,1.0,1.0,1.0,1.0
2,MIMAT0001413,GRK7,mir_to_gene,,1.0,1.0,1.0,1.0,1.0
2,MIMAT0001413,NR2C2,mir_to_gene,,1.0,1.0,1.0,1.0,1.0
2,MIMAT0001413,GAB1,mir_to_gene,,1.0,1.0,1.0,1.0,1.0
2,MIMAT0001413,DUSP18,mir_to_gene,,0.5,0.5,0.5,0.5,0.5
2,MIMAT0001413,ABHD2,mir_to_gene,,1.0,1.0,1.0,1.0,1.0
2,MIMAT0001413,N4BP1,mir_to_gene,,1.0,1.0,1.0,1.0,1.0
2,MIMAT0001413,MTMR3,mir_to_gene,,1.0,1.0,1.0,1.0,1.0
2,MIMAT0001413,ZDHHC20,mir_to_gene,,1.0,1.0,1.0,1.0,1.0
2,MIMAT0001413,PGM2L1,mir_to_gene,,0.5,0.5,0.5,0.5,0.5
2,MIMAT0001413,TMEM167A,mir_to_gene,,0.3333333432674408,0.3333333432674408,0.3333333432674408,0.3333333432674408,0.3333333432674408
2,MIMAT0001413,RAB3IP,mir_to_gene,,0.5,0.5,0.5,0.5,0.5
2,MIMAT0001413,NCOA3,mir_to_gene,,1.0,1.0,1.0,1.0,1.0
2,MIMAT0001413,UBXN2A,mir_to_gene,,1.0,1.0,1.0,1.0,1.0
2,MIMAT0001413,PRNP,mir_to_gene,,0.5,0.5,0.5,0.5,0.5
2,MIMAT0001413,BTN3A1,mir_to_gene,,1.0,1.0,1.0,1.0,1.0
2,MIMAT0001413,ABHD15,mir_to_gene,,1.0,1.0,1.0,1.0,1.0
2,MIMAT0001413,STAC2,mir_to_gene,,1.0,1.0,1.0,1.0,1.0
2,MIMAT0001413,POLQ,mir_to_gene,,1.0,1.0,1.0,1.0,1.0
2,MIMAT0001413,DSTYK,mir_to_gene,,1.0,1.0,1.0,1.0,1.0
2,MIMAT0001413,ZBTB37,mir_to_gene,,0.3333333432674408,0.3333333432674408,0.3333333432674408,0.3333333432674408,0.3333333432674408
2,MIMAT0001413,A1CF,mir_to_gene,,1.0,1.0,1.0,1.0,1.0
2,MIMAT0001413,POLR3G,mir_to_gene,,0.5,0.5,0.5,0.5,0.5
2,MIMAT0001413,FHDC1,mir_to_gene,,1.0,1.0,1.0,1.0,1.0
2,MIMAT0001413,AAK1,mir_to_gene,,1.0,1.0,1.0,1.0,1.0
2,MIMAT0001413,MAP3K2,mir_to_gene,,0.5,0.5,0.5,0.5,0.5
2,MIMAT0001413,RBM12B,mir_to_gene,,0.5,0.5,0.5,0.5,0.5
2,MIMAT0001413,HIP1,mir_to_gene,,1.0,1.0,1.0,1.0,1.0
2,MIMAT0001413,CAPRIN2,mir_to_gene,,1.0,1.0,1.0,1.0,1.0
2,MIMAT0001413,ELAVL2,mir_to_gene,,1.0,1.0,1.0,1.0,1.0
2,MIMAT0001413,DPYSL2,mir_to_gene,,1.0,1.0,1.0,1.0,1.0
2,MIMAT0001413,SLC7A11,mir_to_gene,,1.0,1.0,1.0,1.0,1.0
2,MIMAT0001413,RNF115,mir_to_gene,,1.0,1.0,1.0,1.0,1.0
2,MIMAT0001413,SLK,mir_to_gene,,1.0,1.0,1.0,1.0,1.0
2,MIMAT0001413,PLEKHM1,mir_to_gene,,1.0,1.0,1.0,1.0,1.0
2,MIMAT0001413,MLXIP,mir_to_gene,,1.0,1.0,1.0,1.0,1.0
2,MIMAT0001413,FBXO21,mir_to_gene,,0.5,0.5,0.5,0.5,0.5
2,MIMAT0001413,TNRC6B,mir_to_gene,,0.5,0.5,0.5,0.5,0.5
2,MIMAT0001413,WSB1,mir_to_gene,,1.0,1.0,1.0,1.0,1.0
2,MIMAT0001413,IRAK4,mir_to_gene,,1.0,1.0,1.0,1.0,1.0
2,MIMAT0001413,GNB5,mir_to_gene,,1.0,1.0,1.0,1.0,1.0
2,MIMAT0001413,TLR7,mir_to_gene,,1.0,1.0,1.0,1.0,1.0
2,MIMAT0001413,ERGIC2,mir_to_gene,,1.0,1.0,1.0,1.0,1.0
2,MIMAT0001413,WDR1,mir_to_gene,,1.0,1.0,1.0,1.0,1.0
2,MIMAT0001413,HIF1AN,mir_to_gene,,0.5,0.5,0.5,0.5,0.5
2,MIMAT0001413,FKBP14,mir_to_gene,,1.0,1.0,1.0,1.0,1.0
2,MIMAT0001413,RAB42,mir_to_gene,,1.0,1.0,1.0,1.0,1.0
2,MIMAT0001413,LDLR,mir_to_gene,,1.0,1.0,1.0,1.0,1.0
2,MIMAT0001413,BTN3A2,mir_to_gene,,1.0,1.0,1.0,1.0,1.0
2,MIMAT0001413,C18orf32,mir_to_gene,,0.5,0.5,0.5,0.5,0.5
2,MIMAT0001413,DCTN5,mir_to_gene,,1.0,1.0,1.0,1.0,1.0
2,MIMAT0001413,DNAL1,mir_to_gene,,0.5,0.5,0.5,0.5,0.5
2,MIMAT0001413,BCL2L11,mir_to_gene,,0.3333333432674408,0.3333333432674408,0.3333333432674408,0.3333333432674408,0.3333333432674408
2,MIMAT0001413,TCF4,mir_to_gene,,0.5,0.5,0.5,0.5,0.5
2,MIMAT0001413,CFL2,mir_to_gene,,1.0,1.0,1.0,1.0,1.0
2,MIMAT0001413,BTF3L4,mir_to_gene,,1.0,1.0,1.0,1.0,1.0
2,MIMAT0001413,RAB5B,mir_to_gene,,0.5,0.5,0.5,0.5,0.5
2,MIMAT0001413,SLC4A7,mir_to_gene,,1.0,1.0,1.0,1.0,1.0
2,MIMAT0001413,CDK6,mir_to_gene,,0.25,0.25,0.25,0.25,0.25
2,MIMAT0001413,TTPAL,mir_to_gene,,1.0,1.0,1.0,1.0,1.0
2,MIMAT0001413,DNAJC10,mir_to_gene,,0.5,0.5,0.5,0.5,0.5
2,MIMAT0001413,GTF2H3,mir_to_gene,,1.0,1.0,1.0,1.0,1.0
2,MIMAT0001413,ISCA2,mir_to_gene,,1.0,1.0,1.0,1.0,1.0
2,MIMAT0001413,YOD1,mir_to_gene,,0.3333333432674408,0.3333333432674408,0.3333333432674408,0.3333333432674408,0.3333333432674408
2,MIMAT0001413,MIXL1,mir_to_gene,,1.0,1.0,1.0,1.0,1.0
2,MIMAT0001413,PTGES3,mir_to_gene,,1.0,1.0,1.0,1.0,1.0
2,MIMAT0001413,FBXO31,mir_to_gene,,1.0,1.0,1.0,1.0,1.0
2,MIMAT0001413,MFSD2A,mir_to_gene,,1.0,1.0,1.0,1.0,1.0
2,MIMAT0001413,ICA1L,mir_to_gene,,1.0,1.0,1.0,1.0,1.0
2,MIMAT0001413,ENPP5,mir_to_gene,,1.0,1.0,1.0,1.0,1.0
2,MIMAT0001413,CYCS,mir_to_gene,,0.5,0.5,0.5,0.5,0.5
2,MIMAT0001413,UBFD1,mir_to_gene,,1.0,1.0,1.0,1.0,1.0
2,MIMAT0001413,ENTPD7,mir_to_gene,,1.0,1.0,1.0,1.0,1.0
2,MIMAT0001413,NRIP3,mir_to_gene,,1.0,1.0,1.0,1.0,1.0
2,MIMAT0001413,ZNFX1,mir_to_gene,,1.0,1.0,1.0,1.0,1.0
2,MIMAT0001413,GATAD1,mir_to_gene,,1.0,1.0,1.0,1.0,1.0
2,MIMAT0001413,SLC30A1,mir_to_gene,,1.0,1.0,1.0,1.0,1.0
2,MIMAT0001413,C17orf75,mir_to_gene,,1.0,1.0,1.0,1.0,1.0
2,MIMAT0001413,ABCG8,mir_to_gene,,1.0,1.0,1.0,1.0,1.0
2,MIMAT0001413,PANK3,mir_to_gene,,0.3333333432674408,0.3333333432674408,0.3333333432674408,0.3333333432674408,0.3333333432674408
2,MIMAT0001413,GPR157,mir_to_gene,,1.0,1.0,1.0,1.0,1.0
2,MIMAT0001413,SLC35F5,mir_to_gene,,1.0,1.0,1.0,1.0,1.0
2,MIMAT0001413,KLHL15,mir_to_gene,,1.0,1.0,1.0,1.0,1.0
2,MIMAT0001413,DDHD1,mir_to_gene,,1.0,1.0,1.0,1.0,1.0
2,MIMAT0001413,TRIM8,mir_to_gene,,1.0,1.0,1.0,1.0,1.0
2,MIMAT0001413,SLCO5A1,mir_to_gene,,1.0,1.0,1.0,1.0,1.0
2,MIMAT0001413,ZNF805,mir_to_gene,,0.25,0.25,0.25,0.25,0.25
2,MIMAT0001413,SLC1A5,mir_to_gene,,1.0,1.0,1.0,1.0,1.0
2,MIMAT0001413,TRAF3IP2,mir_to_gene,,1.0,1.0,1.0,1.0,1.0
2,MIMAT0001413,ZBED1,mir_to_gene,,1.0,1.0,1.0,1.0,1.0
2,MIMAT0001413,ZNF347,mir_to_gene,,1.0,1.0,1.0,1.0,1.0
2,MIMAT0001413,SAMD8,mir_to_gene,,1.0,1.0,1.0,1.0,1.0
2,MIMAT0001413,ARL1,mir_to_gene,,1.0,1.0,1.0,1.0,1.0
2,MIMAT0001413,KCNK6,mir_to_gene,,0.5,0.5,0.5,0.5,0.5
2,MIMAT0001413,SPTLC2,mir_to_gene,,1.0,1.0,1.0,1.0,1.0
2,MIMAT0001413,VPS26A,mir_to_gene,,1.0,1.0,1.0,1.0,1.0
2,MIMAT0001413,FEZ2,mir_to_gene,,1.0,1.0,1.0,1.0,1.0
2,MIMAT0001413,HMGB3,mir_to_gene,,1.0,1.0,1.0,1.0,1.0
2,MIMAT0001413,CHAF1A,mir_to_gene,,1.0,1.0,1.0,1.0,1.0
2,MIMAT0001413,MTF1,mir_to_gene,,1.0,1.0,1.0,1.0,1.0
2,MIMAT0001413,MXI1,mir_to_gene,,1.0,1.0,1.0,1.0,1.0
2,MIMAT0001413,LASP1,mir_to_gene,,1.0,1.0,1.0,1.0,1.0
2,MIMAT0001413,PVR,mir_to_gene,,1.0,1.0,1.0,1.0,1.0
2,MIMAT0001413,NFAT5,mir_to_gene,,0.25,0.25,0.25,0.25,0.25
2,MIMAT0001413,ZBTB6,mir_to_gene,,1.0,1.0,1.0,1.0,1.0
2,MIMAT0001413,NUDT3,mir_to_gene,,0.5,0.5,0.5,0.5,0.5
2,MIMAT0001413,GLO1,mir_to_gene,,0.5,0.5,0.5,0.5,0.5
2,MIMAT0001413,ZBTB25,mir_to_gene,,1.0,1.0,1.0,1.0,1.0
2,MIMAT0001413,BRCA1,mir_to_gene,,0.5,0.5,0.5,0.5,0.5
2,MIMAT0001413,CBX5,mir_to_gene,,1.0,1.0,1.0,1.0,1.0
2,MIMAT0001413,SF3B3,mir_to_gene,,0.3333333432674408,0.3333333432674408,0.3333333432674408,0.3333333432674408,0.3333333432674408
2,MIMAT0001413,RACGAP1,mir_to_gene,,0.5,0.5,0.5,0.5,0.5
2,MIMAT0001413,SOCS5,mir_to_gene,,0.5,0.5,0.5,0.5,0.5
2,MIMAT0001413,WDR37,mir_to_gene,,1.0,1.0,1.0,1.0,1.0
2,MIMAT0001413,OSTM1,mir_to_gene,,1.0,1.0,1.0,1.0,1.0
2,MIMAT0001413,SPCS1,mir_to_gene,,1.0,1.0,1.0,1.0,1.0
2,MIMAT0001413,E2F5,mir_to_gene,,0.5,0.5,0.5,0.5,0.5
2,MIMAT0001413,HMGB1,mir_to_gene,,0.5,0.5,0.5,0.5,0.5
2,MIMAT0001413,ITGA2,mir_to_gene,,1.0,1.0,1.0,1.0,1.0
2,MIMAT0001413,JAK1,mir_to_gene,,0.5,0.5,0.5,0.5,0.5
2,MIMAT0001413,MSH3,mir_to_gene,,1.0,1.0,1.0,1.0,1.0
2,MIMAT0001413,PPP1R12B,mir_to_gene,,1.0,1.0,1.0,1.0,1.0
2,MIMAT0001413,PPP6C,mir_to_gene,,0.5,0.5,0.5,0.5,0.5
2,MIMAT0001413,RNASEH1,mir_to_gene,,1.0,1.0,1.0,1.0,1.0
2,MIMAT0001413,RORA,mir_to_gene,,0.5,0.5,0.5,0.5,0.5
2,MIMAT0001413,CCL5,mir_to_gene,,1.0,1.0,1.0,1.0,1.0
2,MIMAT0001413,E2F2,mir_to_gene,,0.3333333432674408,0.3333333432674408,0.3333333432674408,0.3333333432674408,0.3333333432674408
2,MIMAT0001413,EFNB2,mir_to_gene,,0.5,0.5,0.5,0.5,0.5
2,MIMAT0001413,EIF2S1,mir_to_gene,,0.5,0.5,0.5,0.5,0.5
2,MIMAT0001413,KCNMB1,mir_to_gene,,1.0,1.0,1.0,1.0,1.0
2,MIMAT0001413,BNIP2,mir_to_gene,,0.3333333432674408,0.3333333432674408,0.3333333432674408,0.3333333432674408,0.3333333432674408
2,MIMAT0001413,DUSP2,mir_to_gene,,1.0,1.0,1.0,1.0,1.0
2,MIMAT0001413,PKNOX1,mir_to_gene,,1.0,1.0,1.0,1.0,1.0
2,MIMAT0001413,WIPF2,mir_to_gene,,1.0,1.0,1.0,1.0,1.0
2,MIMAT0001413,ANKRD13C,mir_to_gene,,1.0,1.0,1.0,1.0,1.0
2,MIMAT0001413,MAPRE3,mir_to_gene,,1.0,1.0,1.0,1.0,1.0
2,MIMAT0001413,MFN1,mir_to_gene,,1.0,1.0,1.0,1.0,1.0
2,MIMAT0001413,KCND3,mir_to_gene,,1.0,1.0,1.0,1.0,1.0
2,MIMAT0001413,ESR1,mir_to_gene,,0.3333333432674408,0.3333333432674408,0.3333333432674408,0.3333333432674408,0.3333333432674408
2,MIMAT0001413,ORAI2,mir_to_gene,,0.5,0.5,0.5,0.5,0.5
2,MIMAT0001413,KATNAL1,mir_to_gene,,0.5,0.5,0.5,0.5,0.5
2,MIMAT0001413,YIPF4,mir_to_gene,,0.5,0.5,0.5,0.5,0.5
2,MIMAT0001413,GINS4,mir_to_gene,,1.0,1.0,1.0,1.0,1.0
2,MIMAT0001413,DDI2,mir_to_gene,,0.5,0.5,0.5,0.5,0.5
2,MIMAT0001413,PURB,mir_to_gene,,1.0,1.0,1.0,1.0,1.0
2,MIMAT0001413,ZNF280B,mir_to_gene,,1.0,1.0,1.0,1.0,1.0
2,MIMAT0001413,C15orf40,mir_to_gene,,1.0,1.0,1.0,1.0,1.0
2,MIMAT0001413,CXorf38,mir_to_gene,,0.5,0.5,0.5,0.5,0.5
2,MIMAT0001413,VTI1A,mir_to_gene,,1.0,1.0,1.0,1.0,1.0
2,MIMAT0001413,ANKS4B,mir_to_gene,,1.0,1.0,1.0,1.0,1.0
2,MIMAT0001413,RRN3,mir_to_gene,,0.5,0.5,0.5,0.5,0.5
2,MIMAT0001413,ZYG11A,mir_to_gene,,1.0,1.0,1.0,1.0,1.0
2,MIMAT0001413,MAPK9,mir_to_gene,,0.5,0.5,0.5,0.5,0.5
2,MIMAT0001413,NME6,mir_to_gene,,1.0,1.0,1.0,1.0,1.0
2,MIMAT0001413,RUNX3,mir_to_gene,,1.0,1.0,1.0,1.0,1.0
2,MIMAT0001413,RPS6KA5,mir_to_gene,,1.0,1.0,1.0,1.0,1.0
2,MIMAT0001413,SOD2,mir_to_gene,,0.20000000298023224,0.20000000298023224,0.20000000298023224,0.20000000298023224,0.20000000298023224
2,MIMAT0001413,USP48,mir_to_gene,,0.5,0.5,0.5,0.5,0.5
2,MIMAT0001413,ALDH9A1,mir_to_gene,,1.0,1.0,1.0,1.0,1.0
2,MIMAT0001413,REEP3,mir_to_gene,,0.5,0.5,0.5,0.5,0.5
2,MIMAT0001413,AKTIP,mir_to_gene,,1.0,1.0,1.0,1.0,1.0
2,MIMAT0001413,FBXO48,mir_to_gene,,1.0,1.0,1.0,1.0,1.0
2,MIMAT0001413,COX19,mir_to_gene,,1.0,1.0,1.0,1.0,1.0
2,MIMAT0001413,GPR155,mir_to_gene,,1.0,1.0,1.0,1.0,1.0
2,MIMAT0001413,MUC17,mir_to_gene,,1.0,1.0,1.0,1.0,1.0
2,MIMAT0001413,CRCP,mir_to_gene,,1.0,1.0,1.0,1.0,1.0
2,MIMAT0000076,MGAT4A,mir_to_gene,,1.0,1.0,1.0,1.0,1.0
2,MIMAT0000076,ZNF292,mir_to_gene,,1.0,1.0,1.0,1.0,1.0
2,MIMAT0000076,PBX1,mir_to_gene,,1.0,1.0,1.0,1.0,1.0
2,MIMAT0000076,DDAH1,mir_to_gene,,0.5,0.5,0.5,0.5,0.5
2,MIMAT0000076,LMBR1,mir_to_gene,,1.0,1.0,1.0,1.0,1.0
2,MIMAT0000076,NT5C2,mir_to_gene,,1.0,1.0,1.0,1.0,1.0
2,MIMAT0000076,PHF20L1,mir_to_gene,,1.0,1.0,1.0,1.0,1.0
2,MIMAT0000076,RSF1,mir_to_gene,,1.0,1.0,1.0,1.0,1.0
2,MIMAT0000076,SOX5,mir_to_gene,,1.0,1.0,1.0,1.0,1.0
2,MIMAT0000076,LONRF2,mir_to_gene,,1.0,1.0,1.0,1.0,1.0
2,MIMAT0000076,RALGPS2,mir_to_gene,,1.0,1.0,1.0,1.0,1.0
2,MIMAT0000076,HOXA9,mir_to_gene,,1.0,1.0,1.0,1.0,1.0
2,MIMAT0000076,FAM126B,mir_to_gene,,1.0,1.0,1.0,1.0,1.0
2,MIMAT0000076,ANKRD46,mir_to_gene,,1.0,1.0,1.0,1.0,1.0
2,MIMAT0000076,CKAP5,mir_to_gene,,1.0,1.0,1.0,1.0,1.0
2,MIMAT0000076,LPGAT1,mir_to_gene,,1.0,1.0,1.0,1.0,1.0
2,MIMAT0000076,ERP44,mir_to_gene,,1.0,1.0,1.0,1.0,1.0
2,MIMAT0000076,DDHD2,mir_to_gene,,1.0,1.0,1.0,1.0,1.0
2,MIMAT0000076,SATB1,mir_to_gene,,1.0,1.0,1.0,1.0,1.0
2,MIMAT0000076,PPP1R3B,mir_to_gene,,1.0,1.0,1.0,1.0,1.0
2,MIMAT0000076,MDM4,mir_to_gene,,0.3333333432674408,0.3333333432674408,0.3333333432674408,0.3333333432674408,0.3333333432674408
2,MIMAT0000076,DNM1L,mir_to_gene,,1.0,1.0,1.0,1.0,1.0
2,MIMAT0000076,NUFIP2,mir_to_gene,,0.3333333432674408,0.3333333432674408,0.3333333432674408,0.3333333432674408,0.3333333432674408
2,MIMAT0000076,NFIA,mir_to_gene,,1.0,1.0,1.0,1.0,1.0
2,MIMAT0000076,FMR1,mir_to_gene,,0.5,0.5,0.5,0.5,0.5
2,MIMAT0000076,ZNF217,mir_to_gene,,1.0,1.0,1.0,1.0,1.0
2,MIMAT0000076,EXOC5,mir_to_gene,,1.0,1.0,1.0,1.0,1.0
2,MIMAT0000076,ATF2,mir_to_gene,,1.0,1.0,1.0,1.0,1.0
2,MIMAT0000076,THBS1,mir_to_gene,,1.0,1.0,1.0,1.0,1.0
2,MIMAT0000076,EIF4EBP2,mir_to_gene,,1.0,1.0,1.0,1.0,1.0
2,MIMAT0000076,B3GNT5,mir_to_gene,,1.0,1.0,1.0,1.0,1.0
2,MIMAT0000076,SOCS4,mir_to_gene,,1.0,1.0,1.0,1.0,1.0
2,MIMAT0000076,PLAT,mir_to_gene,,1.0,1.0,1.0,1.0,1.0
2,MIMAT0000076,BNIP2,mir_to_gene,,0.3333333432674408,0.3333333432674408,0.3333333432674408,0.3333333432674408,0.3333333432674408
2,MIMAT0000076,OXTR,mir_to_gene,,1.0,1.0,1.0,1.0,1.0
2,MIMAT0000076,ATP2B4,mir_to_gene,,1.0,1.0,1.0,1.0,1.0
2,MIMAT0000076,ZNF207,mir_to_gene,,1.0,1.0,1.0,1.0,1.0
2,MIMAT0000271,RLIM,mir_to_gene,,1.0,1.0,1.0,1.0,1.0
2,MIMAT0000271,HIGD1A,mir_to_gene,,1.0,1.0,1.0,1.0,1.0
2,MIMAT0000271,AP2B1,mir_to_gene,,1.0,1.0,1.0,1.0,1.0
2,MIMAT0000271,RASSF4,mir_to_gene,,1.0,1.0,1.0,1.0,1.0
2,MIMAT0000271,TPM3,mir_to_gene,,0.3333333432674408,0.3333333432674408,0.3333333432674408,0.3333333432674408,0.3333333432674408
2,MIMAT0000271,AP3M1,mir_to_gene,,1.0,1.0,1.0,1.0,1.0
2,MIMAT0000271,ABLIM3,mir_to_gene,,1.0,1.0,1.0,1.0,1.0
2,MIMAT0000271,GDPD5,mir_to_gene,,1.0,1.0,1.0,1.0,1.0
2,MIMAT0000271,FGFR1,mir_to_gene,,1.0,1.0,1.0,1.0,1.0
2,MIMAT0000271,BCL2L13,mir_to_gene,,1.0,1.0,1.0,1.0,1.0
2,MIMAT0000271,KIF1B,mir_to_gene,,0.5,0.5,0.5,0.5,0.5
2,MIMAT0000271,ZNRF1,mir_to_gene,,1.0,1.0,1.0,1.0,1.0
2,MIMAT0000271,CTNNB1,mir_to_gene,,1.0,1.0,1.0,1.0,1.0
2,MIMAT0000271,MAPK8,mir_to_gene,,1.0,1.0,1.0,1.0,1.0
2,MIMAT0000271,UBE2I,mir_to_gene,,0.5,0.5,0.5,0.5,0.5
2,MIMAT0000271,SLC39A11,mir_to_gene,,0.5,0.5,0.5,0.5,0.5
2,MIMAT0000271,GMEB2,mir_to_gene,,1.0,1.0,1.0,1.0,1.0
2,MIMAT0000271,SH3BP4,mir_to_gene,,1.0,1.0,1.0,1.0,1.0
2,MIMAT0000271,PSMD10,mir_to_gene,,1.0,1.0,1.0,1.0,1.0
2,MIMAT0000271,SCN4B,mir_to_gene,,1.0,1.0,1.0,1.0,1.0
2,MIMAT0000271,ERC1,mir_to_gene,,0.5,0.5,0.5,0.5,0.5
2,MIMAT0000271,CNNM2,mir_to_gene,,1.0,1.0,1.0,1.0,1.0
2,MIMAT0000271,MEF2C,mir_to_gene,,1.0,1.0,1.0,1.0,1.0
2,MIMAT0000271,GSR,mir_to_gene,,1.0,1.0,1.0,1.0,1.0
2,MIMAT0000271,CLEC2D,mir_to_gene,,1.0,1.0,1.0,1.0,1.0
2,MIMAT0000271,CALU,mir_to_gene,,1.0,1.0,1.0,1.0,1.0
2,MIMAT0000271,CPD,mir_to_gene,,1.0,1.0,1.0,1.0,1.0
2,MIMAT0000271,NFIC,mir_to_gene,,1.0,1.0,1.0,1.0,1.0
2,MIMAT0000271,RAB5B,mir_to_gene,,0.5,0.5,0.5,0.5,0.5
2,MIMAT0000271,TBPL1,mir_to_gene,,0.5,0.5,0.5,0.5,0.5
2,MIMAT0000271,UBE2V1,mir_to_gene,,0.5,0.5,0.5,0.5,0.5
2,MIMAT0000271,CDK6,mir_to_gene,,0.25,0.25,0.25,0.25,0.25
2,MIMAT0000271,TRPS1,mir_to_gene,,0.3333333432674408,0.3333333432674408,0.3333333432674408,0.3333333432674408,0.3333333432674408
2,MIMAT0000271,PHLPP2,mir_to_gene,,0.5,0.5,0.5,0.5,0.5
2,MIMAT0000271,NUFIP2,mir_to_gene,,0.3333333432674408,0.3333333432674408,0.3333333432674408,0.3333333432674408,0.3333333432674408
2,MIMAT0000271,RASA1,mir_to_gene,,0.5,0.5,0.5,0.5,0.5
2,MIMAT0000271,KCTD15,mir_to_gene,,0.5,0.5,0.5,0.5,0.5
2,MIMAT0000271,ZBTB8B,mir_to_gene,,0.5,0.5,0.5,0.5,0.5
2,MIMAT0000271,PPARGC1B,mir_to_gene,,1.0,1.0,1.0,1.0,1.0
2,MIMAT0000271,ZBTB33,mir_to_gene,,1.0,1.0,1.0,1.0,1.0
2,MIMAT0000271,CD180,mir_to_gene,,0.5,0.5,0.5,0.5,0.5
2,MIMAT0000271,SUGT1,mir_to_gene,,0.5,0.5,0.5,0.5,0.5
2,MIMAT0000271,WASF2,mir_to_gene,,1.0,1.0,1.0,1.0,1.0
2,MIMAT0000271,AHSA1,mir_to_gene,,1.0,1.0,1.0,1.0,1.0
2,MIMAT0000271,CD274,mir_to_gene,,1.0,1.0,1.0,1.0,1.0
2,MIMAT0000271,NRAS,mir_to_gene,,1.0,1.0,1.0,1.0,1.0
2,MIMAT0000271,PLXNB1,mir_to_gene,,1.0,1.0,1.0,1.0,1.0
2,MIMAT0000271,FLOT2,mir_to_gene,,1.0,1.0,1.0,1.0,1.0
2,MIMAT0000271,POU4F2,mir_to_gene,,1.0,1.0,1.0,1.0,1.0
2,MIMAT0000271,ASH1L,mir_to_gene,,1.0,1.0,1.0,1.0,1.0
2,MIMAT0000271,SRD5A3,mir_to_gene,,1.0,1.0,1.0,1.0,1.0
2,MIMAT0000271,ALPK2,mir_to_gene,,1.0,1.0,1.0,1.0,1.0
2,MIMAT0000271,BAX,mir_to_gene,,1.0,1.0,1.0,1.0,1.0
2,MIMAT0000271,MAPK14,mir_to_gene,,1.0,1.0,1.0,1.0,1.0
2,MIMAT0000271,PGAM4,mir_to_gene,,1.0,1.0,1.0,1.0,1.0
2,MIMAT0000271,LRTM2,mir_to_gene,,1.0,1.0,1.0,1.0,1.0
2,MIMAT0000278,YOD1,mir_to_gene,,0.3333333432674408,0.3333333432674408,0.3333333432674408,0.3333333432674408,0.3333333432674408
2,MIMAT0000278,SSX2IP,mir_to_gene,,1.0,1.0,1.0,1.0,1.0
2,MIMAT0000278,ERBB4,mir_to_gene,,1.0,1.0,1.0,1.0,1.0
2,MIMAT0000278,POU3F2,mir_to_gene,,1.0,1.0,1.0,1.0,1.0
2,MIMAT0000278,AMMECR1L,mir_to_gene,,1.0,1.0,1.0,1.0,1.0
2,MIMAT0000278,CXorf38,mir_to_gene,,0.5,0.5,0.5,0.5,0.5
2,MIMAT0000278,TIAM1,mir_to_gene,,1.0,1.0,1.0,1.0,1.0
2,MIMAT0000278,ATXN1,mir_to_gene,,0.25,0.25,0.25,0.25,0.25
2,MIMAT0000278,MAPK10,mir_to_gene,,1.0,1.0,1.0,1.0,1.0
2,MIMAT0000278,VPS53,mir_to_gene,,0.5,0.5,0.5,0.5,0.5
2,MIMAT0000278,ZNF275,mir_to_gene,,0.3333333432674408,0.3333333432674408,0.3333333432674408,0.3333333432674408,0.3333333432674408
2,MIMAT0000278,ERC1,mir_to_gene,,0.5,0.5,0.5,0.5,0.5
2,MIMAT0000278,ZNF652,mir_to_gene,,0.5,0.5,0.5,0.5,0.5
2,MIMAT0000278,IQCE,mir_to_gene,,1.0,1.0,1.0,1.0,1.0
2,MIMAT0000278,PTPRF,mir_to_gene,,1.0,1.0,1.0,1.0,1.0
2,MIMAT0000278,DYRK3,mir_to_gene,,1.0,1.0,1.0,1.0,1.0
2,MIMAT0000278,STAMBP,mir_to_gene,,1.0,1.0,1.0,1.0,1.0
2,MIMAT0000278,AGAP1,mir_to_gene,,0.5,0.5,0.5,0.5,0.5
2,MIMAT0000278,SLC19A3,mir_to_gene,,0.5,0.5,0.5,0.5,0.5
2,MIMAT0000278,CABYR,mir_to_gene,,0.5,0.5,0.5,0.5,0.5
2,MIMAT0000278,CAMKK1,mir_to_gene,,1.0,1.0,1.0,1.0,1.0
2,MIMAT0000278,UBN2,mir_to_gene,,0.5,0.5,0.5,0.5,0.5
2,MIMAT0000278,MIDN,mir_to_gene,,1.0,1.0,1.0,1.0,1.0
2,MIMAT0000278,AKT3,mir_to_gene,,0.5,0.5,0.5,0.5,0.5
2,MIMAT0000278,PRDM16,mir_to_gene,,1.0,1.0,1.0,1.0,1.0
2,MIMAT0000278,LIMS1,mir_to_gene,,1.0,1.0,1.0,1.0,1.0
2,MIMAT0000278,MAP3K2,mir_to_gene,,0.5,0.5,0.5,0.5,0.5
2,MIMAT0000278,KIT,mir_to_gene,,0.5,0.5,0.5,0.5,0.5
2,MIMAT0000278,BRD1,mir_to_gene,,1.0,1.0,1.0,1.0,1.0
2,MIMAT0000278,EEF1A1,mir_to_gene,,1.0,1.0,1.0,1.0,1.0
2,MIMAT0000278,DKK2,mir_to_gene,,1.0,1.0,1.0,1.0,1.0
2,MIMAT0000278,POGZ,mir_to_gene,,1.0,1.0,1.0,1.0,1.0
2,MIMAT0000278,ANKRD28,mir_to_gene,,1.0,1.0,1.0,1.0,1.0
2,MIMAT0000278,PHF21A,mir_to_gene,,1.0,1.0,1.0,1.0,1.0
2,MIMAT0000278,NDUFS1,mir_to_gene,,1.0,1.0,1.0,1.0,1.0
2,MIMAT0000278,BCL2L11,mir_to_gene,,0.3333333432674408,0.3333333432674408,0.3333333432674408,0.3333333432674408,0.3333333432674408
2,MIMAT0000278,CROT,mir_to_gene,,1.0,1.0,1.0,1.0,1.0
2,MIMAT0000278,C19orf12,mir_to_gene,,1.0,1.0,1.0,1.0,1.0
2,MIMAT0000278,TRPS1,mir_to_gene,,0.3333333432674408,0.3333333432674408,0.3333333432674408,0.3333333432674408,0.3333333432674408
2,MIMAT0000278,GPR107,mir_to_gene,,0.5,0.5,0.5,0.5,0.5
2,MIMAT0000278,PANK3,mir_to_gene,,0.3333333432674408,0.3333333432674408,0.3333333432674408,0.3333333432674408,0.3333333432674408
2,MIMAT0000278,TNKS2,mir_to_gene,,1.0,1.0,1.0,1.0,1.0
2,MIMAT0000278,NDFIP1,mir_to_gene,,1.0,1.0,1.0,1.0,1.0
2,MIMAT0000278,SIRT1,mir_to_gene,,0.3333333432674408,0.3333333432674408,0.3333333432674408,0.3333333432674408,0.3333333432674408
2,MIMAT0000278,SLC30A7,mir_to_gene,,1.0,1.0,1.0,1.0,1.0
2,MIMAT0000278,STMN1,mir_to_gene,,1.0,1.0,1.0,1.0,1.0
2,MIMAT0000278,VANGL1,mir_to_gene,,1.0,1.0,1.0,1.0,1.0
2,MIMAT0000278,PEG10,mir_to_gene,,0.5,0.5,0.5,0.5,0.5
2,MIMAT0000278,FMR1,mir_to_gene,,0.5,0.5,0.5,0.5,0.5
2,MIMAT0000278,TNFSF10,mir_to_gene,,1.0,1.0,1.0,1.0,1.0
2,MIMAT0000278,ARID1A,mir_to_gene,,1.0,1.0,1.0,1.0,1.0
2,MIMAT0000278,ZNF236,mir_to_gene,,1.0,1.0,1.0,1.0,1.0
2,MIMAT0000278,KPNA6,mir_to_gene,,0.5,0.5,0.5,0.5,0.5
2,MIMAT0000278,RHOA,mir_to_gene,,0.3333333432674408,0.3333333432674408,0.3333333432674408,0.3333333432674408,0.3333333432674408
2,MIMAT0000278,HNRNPD,mir_to_gene,,0.5,0.5,0.5,0.5,0.5
2,MIMAT0000278,ABLIM1,mir_to_gene,,0.5,0.5,0.5,0.5,0.5
2,MIMAT0000278,PPP6C,mir_to_gene,,0.5,0.5,0.5,0.5,0.5
2,MIMAT0000278,DENR,mir_to_gene,,1.0,1.0,1.0,1.0,1.0
2,MIMAT0000278,SNX4,mir_to_gene,,1.0,1.0,1.0,1.0,1.0
2,MIMAT0000278,DDX6,mir_to_gene,,1.0,1.0,1.0,1.0,1.0
2,MIMAT0000278,TCEAL1,mir_to_gene,,0.5,0.5,0.5,0.5,0.5
2,MIMAT0000278,LRP6,mir_to_gene,,0.5,0.5,0.5,0.5,0.5
2,MIMAT0000278,SLC10A7,mir_to_gene,,1.0,1.0,1.0,1.0,1.0
2,MIMAT0000278,ESR1,mir_to_gene,,0.3333333432674408,0.3333333432674408,0.3333333432674408,0.3333333432674408,0.3333333432674408
2,MIMAT0000278,PCDHA3,mir_to_gene,,1.0,1.0,1.0,1.0,1.0
2,MIMAT0000278,PCDHAC1,mir_to_gene,,1.0,1.0,1.0,1.0,1.0
2,MIMAT0000278,BMF,mir_to_gene,,1.0,1.0,1.0,1.0,1.0
2,MIMAT0000278,BRWD1,mir_to_gene,,1.0,1.0,1.0,1.0,1.0
2,MIMAT0000278,RBM33,mir_to_gene,,1.0,1.0,1.0,1.0,1.0
2,MIMAT0000278,TMEM183A,mir_to_gene,,1.0,1.0,1.0,1.0,1.0
2,MIMAT0000278,SELE,mir_to_gene,,1.0,1.0,1.0,1.0,1.0
2,MIMAT0004568,HNRNPA1,mir_to_gene,,1.0,1.0,1.0,1.0,1.0
2,MIMAT0004568,SDC4,mir_to_gene,,0.5,0.5,0.5,0.5,0.5
2,MIMAT0004568,TMEM101,mir_to_gene,,1.0,1.0,1.0,1.0,1.0
2,MIMAT0004568,CKAP2L,mir_to_gene,,1.0,1.0,1.0,1.0,1.0
2,MIMAT0004568,VKORC1L1,mir_to_gene,,1.0,1.0,1.0,1.0,1.0
2,MIMAT0004568,PGM2L1,mir_to_gene,,0.5,0.5,0.5,0.5,0.5
2,MIMAT0004568,MYLK3,mir_to_gene,,1.0,1.0,1.0,1.0,1.0
2,MIMAT0004568,PRNP,mir_to_gene,,0.5,0.5,0.5,0.5,0.5
2,MIMAT0004568,TRAPPC2,mir_to_gene,,0.5,0.5,0.5,0.5,0.5
2,MIMAT0004568,RCOR1,mir_to_gene,,1.0,1.0,1.0,1.0,1.0
2,MIMAT0004568,RRP15,mir_to_gene,,1.0,1.0,1.0,1.0,1.0
2,MIMAT0004568,MRPS16,mir_to_gene,,1.0,1.0,1.0,1.0,1.0
2,MIMAT0004568,RPL15,mir_to_gene,,1.0,1.0,1.0,1.0,1.0
2,MIMAT0004568,SLC39A10,mir_to_gene,,1.0,1.0,1.0,1.0,1.0
2,MIMAT0004568,DSC3,mir_to_gene,,1.0,1.0,1.0,1.0,1.0
2,MIMAT0004568,ZBTB8B,mir_to_gene,,0.5,0.5,0.5,0.5,0.5
2,MIMAT0004568,CARD8,mir_to_gene,,1.0,1.0,1.0,1.0,1.0
2,MIMAT0004568,ABL1,mir_to_gene,,1.0,1.0,1.0,1.0,1.0
2,MIMAT0004568,PABPC1,mir_to_gene,,1.0,1.0,1.0,1.0,1.0
2,MIMAT0004568,YIPF4,mir_to_gene,,0.5,0.5,0.5,0.5,0.5
2,MIMAT0004568,CYP1A2,mir_to_gene,,1.0,1.0,1.0,1.0,1.0
2,MIMAT0004568,RPL27A,mir_to_gene,,1.0,1.0,1.0,1.0,1.0
2,MIMAT0004568,ZNF749,mir_to_gene,,1.0,1.0,1.0,1.0,1.0
2,MIMAT0000279,TRAT1,mir_to_gene,,1.0,1.0,1.0,1.0,1.0
2,MIMAT0000279,GPR107,mir_to_gene,,0.5,0.5,0.5,0.5,0.5
2,MIMAT0000279,LGALS3BP,mir_to_gene,,1.0,1.0,1.0,1.0,1.0
2,MIMAT0000279,SOD2,mir_to_gene,,0.20000000298023224,0.20000000298023224,0.20000000298023224,0.20000000298023224,0.20000000298023224
2,MIMAT0000279,GNAI3,mir_to_gene,,1.0,1.0,1.0,1.0,1.0
2,MIMAT0000279,KPNA6,mir_to_gene,,0.5,0.5,0.5,0.5,0.5
2,MIMAT0000279,TOP3A,mir_to_gene,,1.0,1.0,1.0,1.0,1.0
2,MIMAT0000279,ZNF131,mir_to_gene,,1.0,1.0,1.0,1.0,1.0
2,MIMAT0000279,TRMT5,mir_to_gene,,1.0,1.0,1.0,1.0,1.0
2,MIMAT0000279,ABCG2,mir_to_gene,,1.0,1.0,1.0,1.0,1.0
2,MIMAT0000279,TMCC1,mir_to_gene,,1.0,1.0,1.0,1.0,1.0
2,MIMAT0000279,GRB10,mir_to_gene,,1.0,1.0,1.0,1.0,1.0
2,MIMAT0000279,SPTBN2,mir_to_gene,,1.0,1.0,1.0,1.0,1.0
2,MIMAT0000279,FBXO21,mir_to_gene,,0.5,0.5,0.5,0.5,0.5
2,MIMAT0000279,SMAD5,mir_to_gene,,1.0,1.0,1.0,1.0,1.0
2,MIMAT0000279,PPP2R2A,mir_to_gene,,0.5,0.5,0.5,0.5,0.5
2,MIMAT0000279,AKT3,mir_to_gene,,0.5,0.5,0.5,0.5,0.5
2,MIMAT0000279,ZNF652,mir_to_gene,,0.5,0.5,0.5,0.5,0.5
2,MIMAT0000279,SMARCA4,mir_to_gene,,1.0,1.0,1.0,1.0,1.0
2,MIMAT0000279,MGAT4B,mir_to_gene,,1.0,1.0,1.0,1.0,1.0
2,MIMAT0000279,SLC19A3,mir_to_gene,,0.5,0.5,0.5,0.5,0.5
2,MIMAT0000279,OSBPL10,mir_to_gene,,1.0,1.0,1.0,1.0,1.0
2,MIMAT0000279,CABYR,mir_to_gene,,0.5,0.5,0.5,0.5,0.5
2,MIMAT0000279,UBN2,mir_to_gene,,0.5,0.5,0.5,0.5,0.5
2,MIMAT0000279,UBR7,mir_to_gene,,1.0,1.0,1.0,1.0,1.0
2,MIMAT0000279,ZNF714,mir_to_gene,,1.0,1.0,1.0,1.0,1.0
2,MIMAT0000279,APP,mir_to_gene,,0.5,0.5,0.5,0.5,0.5
2,MIMAT0000279,ZMYND11,mir_to_gene,,0.5,0.5,0.5,0.5,0.5
2,MIMAT0000279,EIF3I,mir_to_gene,,1.0,1.0,1.0,1.0,1.0
2,MIMAT0000279,DICER1,mir_to_gene,,0.5,0.5,0.5,0.5,0.5
2,MIMAT0000279,ZFYVE16,mir_to_gene,,1.0,1.0,1.0,1.0,1.0
2,MIMAT0000279,LUC7L2,mir_to_gene,,1.0,1.0,1.0,1.0,1.0
2,MIMAT0000279,TRIM44,mir_to_gene,,1.0,1.0,1.0,1.0,1.0
2,MIMAT0000279,PGPEP1,mir_to_gene,,1.0,1.0,1.0,1.0,1.0
2,MIMAT0000279,WDR6,mir_to_gene,,1.0,1.0,1.0,1.0,1.0
2,MIMAT0000279,NLE1,mir_to_gene,,1.0,1.0,1.0,1.0,1.0
2,MIMAT0000279,DDX21,mir_to_gene,,1.0,1.0,1.0,1.0,1.0
2,MIMAT0000279,CDK6,mir_to_gene,,0.25,0.25,0.25,0.25,0.25
2,MIMAT0000279,MDM2,mir_to_gene,,0.5,0.5,0.5,0.5,0.5
2,MIMAT0000279,SLC35A2,mir_to_gene,,1.0,1.0,1.0,1.0,1.0
2,MIMAT0000279,TRPS1,mir_to_gene,,0.3333333432674408,0.3333333432674408,0.3333333432674408,0.3333333432674408,0.3333333432674408
2,MIMAT0000279,TLE3,mir_to_gene,,1.0,1.0,1.0,1.0,1.0
2,MIMAT0000279,SERTAD4,mir_to_gene,,1.0,1.0,1.0,1.0,1.0
2,MIMAT0000279,STOX2,mir_to_gene,,1.0,1.0,1.0,1.0,1.0
2,MIMAT0000279,NFS1,mir_to_gene,,1.0,1.0,1.0,1.0,1.0
2,MIMAT0000279,RECK,mir_to_gene,,1.0,1.0,1.0,1.0,1.0
2,MIMAT0000279,PELI2,mir_to_gene,,1.0,1.0,1.0,1.0,1.0
2,MIMAT0000279,CSNK1G1,mir_to_gene,,1.0,1.0,1.0,1.0,1.0
2,MIMAT0000279,HIPK2,mir_to_gene,,1.0,1.0,1.0,1.0,1.0
2,MIMAT0000279,PHACTR4,mir_to_gene,,1.0,1.0,1.0,1.0,1.0
2,MIMAT0000279,PANK3,mir_to_gene,,0.3333333432674408,0.3333333432674408,0.3333333432674408,0.3333333432674408,0.3333333432674408
2,MIMAT0000279,DOCK5,mir_to_gene,,1.0,1.0,1.0,1.0,1.0
2,MIMAT0000279,FBXL18,mir_to_gene,,1.0,1.0,1.0,1.0,1.0
2,MIMAT0000279,ZNF772,mir_to_gene,,1.0,1.0,1.0,1.0,1.0
2,MIMAT0000279,ZNF805,mir_to_gene,,0.25,0.25,0.25,0.25,0.25
2,MIMAT0000279,COG5,mir_to_gene,,1.0,1.0,1.0,1.0,1.0
2,MIMAT0000279,KIF3B,mir_to_gene,,1.0,1.0,1.0,1.0,1.0
2,MIMAT0000279,SART1,mir_to_gene,,1.0,1.0,1.0,1.0,1.0
2,MIMAT0000279,SS18,mir_to_gene,,1.0,1.0,1.0,1.0,1.0
2,MIMAT0000279,DCAF7,mir_to_gene,,1.0,1.0,1.0,1.0,1.0
2,MIMAT0000279,CAPRIN1,mir_to_gene,,0.5,0.5,0.5,0.5,0.5
2,MIMAT0000279,POLE,mir_to_gene,,1.0,1.0,1.0,1.0,1.0
2,MIMAT0000279,RNPS1,mir_to_gene,,1.0,1.0,1.0,1.0,1.0
2,MIMAT0000279,ABLIM1,mir_to_gene,,0.5,0.5,0.5,0.5,0.5
2,MIMAT0000279,QKI,mir_to_gene,,1.0,1.0,1.0,1.0,1.0
2,MIMAT0000279,CPSF6,mir_to_gene,,1.0,1.0,1.0,1.0,1.0
2,MIMAT0000279,FICD,mir_to_gene,,1.0,1.0,1.0,1.0,1.0
2,MIMAT0000279,VCP,mir_to_gene,,1.0,1.0,1.0,1.0,1.0
2,MIMAT0000279,SF3B3,mir_to_gene,,0.3333333432674408,0.3333333432674408,0.3333333432674408,0.3333333432674408,0.3333333432674408
2,MIMAT0000279,LRP10,mir_to_gene,,1.0,1.0,1.0,1.0,1.0
2,MIMAT0000279,ZNF770,mir_to_gene,,1.0,1.0,1.0,1.0,1.0
2,MIMAT0000279,HNRNPD,mir_to_gene,,0.5,0.5,0.5,0.5,0.5
2,MIMAT0000279,MGMT,mir_to_gene,,1.0,1.0,1.0,1.0,1.0
2,MIMAT0000279,PBX2,mir_to_gene,,1.0,1.0,1.0,1.0,1.0
2,MIMAT0000279,RBMS2,mir_to_gene,,1.0,1.0,1.0,1.0,1.0
2,MIMAT0000279,SORT1,mir_to_gene,,1.0,1.0,1.0,1.0,1.0
2,MIMAT0000279,EIF2S1,mir_to_gene,,0.5,0.5,0.5,0.5,0.5
2,MIMAT0000279,SDHA,mir_to_gene,,1.0,1.0,1.0,1.0,1.0
2,MIMAT0000279,ZW10,mir_to_gene,,1.0,1.0,1.0,1.0,1.0
2,MIMAT0000279,PIWIL1,mir_to_gene,,1.0,1.0,1.0,1.0,1.0
2,MIMAT0000279,TCEAL1,mir_to_gene,,0.5,0.5,0.5,0.5,0.5
2,MIMAT0000279,BBC3,mir_to_gene,,1.0,1.0,1.0,1.0,1.0
2,MIMAT0000279,TOM1,mir_to_gene,,1.0,1.0,1.0,1.0,1.0
2,MIMAT0000279,FYTTD1,mir_to_gene,,1.0,1.0,1.0,1.0,1.0
2,MIMAT0000279,ZBTB37,mir_to_gene,,0.3333333432674408,0.3333333432674408,0.3333333432674408,0.3333333432674408,0.3333333432674408
2,MIMAT0000279,CBX2,mir_to_gene,,1.0,1.0,1.0,1.0,1.0
2,MIMAT0000279,C18orf25,mir_to_gene,,1.0,1.0,1.0,1.0,1.0
2,MIMAT0000279,CDKL5,mir_to_gene,,1.0,1.0,1.0,1.0,1.0
2,MIMAT0000279,ESR1,mir_to_gene,,0.3333333432674408,0.3333333432674408,0.3333333432674408,0.3333333432674408,0.3333333432674408
2,MIMAT0000279,UBIAD1,mir_to_gene,,1.0,1.0,1.0,1.0,1.0
2,MIMAT0000279,TIMM50,mir_to_gene,,0.5,0.5,0.5,0.5,0.5
2,MIMAT0000279,RNF215,mir_to_gene,,1.0,1.0,1.0,1.0,1.0
2,MIMAT0000279,TP53BP2,mir_to_gene,,1.0,1.0,1.0,1.0,1.0
2,MIMAT0004501,POLL,mir_to_gene,,1.0,1.0,1.0,1.0,1.0
2,MIMAT0004501,ADD1,mir_to_gene,,1.0,1.0,1.0,1.0,1.0
2,MIMAT0004501,SPIN3,mir_to_gene,,1.0,1.0,1.0,1.0,1.0
2,MIMAT0004501,PPARA,mir_to_gene,,0.5,0.5,0.5,0.5,0.5
2,MIMAT0004501,UFM1,mir_to_gene,,1.0,1.0,1.0,1.0,1.0
2,MIMAT0004501,EGFR,mir_to_gene,,0.5,0.5,0.5,0.5,0.5
2,MIMAT0004501,NPTX1,mir_to_gene,,1.0,1.0,1.0,1.0,1.0
2,MIMAT0004501,STX7,mir_to_gene,,1.0,1.0,1.0,1.0,1.0
2,MIMAT0004501,CLEC4E,mir_to_gene,,1.0,1.0,1.0,1.0,1.0
2,MIMAT0004501,UBXN2B,mir_to_gene,,0.5,0.5,0.5,0.5,0.5
2,MIMAT0004504,NLGN1,mir_to_gene,,1.0,1.0,1.0,1.0,1.0
2,MIMAT0004504,CBX3,mir_to_gene,,1.0,1.0,1.0,1.0,1.0
2,MIMAT0004504,FRS2,mir_to_gene,,1.0,1.0,1.0,1.0,1.0
2,MIMAT0004504,SLC38A1,mir_to_gene,,1.0,1.0,1.0,1.0,1.0
2,MIMAT0004504,INHBA,mir_to_gene,,1.0,1.0,1.0,1.0,1.0
2,MIMAT0004504,E2F2,mir_to_gene,,0.3333333432674408,0.3333333432674408,0.3333333432674408,0.3333333432674408,0.3333333432674408
2,MIMAT0004504,RHOA,mir_to_gene,,0.3333333432674408,0.3333333432674408,0.3333333432674408,0.3333333432674408,0.3333333432674408
2,MIMAT0004504,DCK,mir_to_gene,,1.0,1.0,1.0,1.0,1.0
2,MIMAT0000089,OTUD4,mir_to_gene,,1.0,1.0,1.0,1.0,1.0
2,MIMAT0000089,PHLDA1,mir_to_gene,,1.0,1.0,1.0,1.0,1.0
2,MIMAT0000089,BAHD1,mir_to_gene,,1.0,1.0,1.0,1.0,1.0
2,MIMAT0000089,NPM1,mir_to_gene,,1.0,1.0,1.0,1.0,1.0
2,MIMAT0000089,RPL7L1,mir_to_gene,,1.0,1.0,1.0,1.0,1.0
2,MIMAT0000089,ZNF275,mir_to_gene,,0.3333333432674408,0.3333333432674408,0.3333333432674408,0.3333333432674408,0.3333333432674408
2,MIMAT0000089,SLC1A2,mir_to_gene,,1.0,1.0,1.0,1.0,1.0
2,MIMAT0000089,SRC,mir_to_gene,,1.0,1.0,1.0,1.0,1.0
2,MIMAT0000089,MYO1D,mir_to_gene,,1.0,1.0,1.0,1.0,1.0
2,MIMAT0000089,ZNF331,mir_to_gene,,1.0,1.0,1.0,1.0,1.0
2,MIMAT0000089,RPS4Y1,mir_to_gene,,1.0,1.0,1.0,1.0,1.0
2,MIMAT0000089,SATB2,mir_to_gene,,1.0,1.0,1.0,1.0,1.0
2,MIMAT0000089,SPRED1,mir_to_gene,,1.0,1.0,1.0,1.0,1.0
2,MIMAT0000089,IL5RA,mir_to_gene,,1.0,1.0,1.0,1.0,1.0
2,MIMAT0000089,NF2,mir_to_gene,,1.0,1.0,1.0,1.0,1.0
2,MIMAT0000089,RAB27A,mir_to_gene,,1.0,1.0,1.0,1.0,1.0
2,MIMAT0000089,CXCL12,mir_to_gene,,1.0,1.0,1.0,1.0,1.0
2,MIMAT0000089,NDFIP2,mir_to_gene,,1.0,1.0,1.0,1.0,1.0
2,MIMAT0000089,SRPX2,mir_to_gene,,1.0,1.0,1.0,1.0,1.0
2,MIMAT0000089,SERTAD2,mir_to_gene,,0.5,0.5,0.5,0.5,0.5
2,MIMAT0000089,KLHDC10,mir_to_gene,,1.0,1.0,1.0,1.0,1.0
2,MIMAT0000089,XPO6,mir_to_gene,,1.0,1.0,1.0,1.0,1.0
2,MIMAT0000089,INTU,mir_to_gene,,1.0,1.0,1.0,1.0,1.0
2,MIMAT0000089,HIF1AN,mir_to_gene,,0.5,0.5,0.5,0.5,0.5
2,MIMAT0000089,UBA6,mir_to_gene,,1.0,1.0,1.0,1.0,1.0
2,MIMAT0000089,CCNT1,mir_to_gene,,0.5,0.5,0.5,0.5,0.5
2,MIMAT0000089,RDX,mir_to_gene,,1.0,1.0,1.0,1.0,1.0
2,MIMAT0000089,JARID2,mir_to_gene,,1.0,1.0,1.0,1.0,1.0
2,MIMAT0000089,ARPC5,mir_to_gene,,1.0,1.0,1.0,1.0,1.0
2,MIMAT0000089,STK40,mir_to_gene,,1.0,1.0,1.0,1.0,1.0
2,MIMAT0000089,RASA1,mir_to_gene,,0.5,0.5,0.5,0.5,0.5
2,MIMAT0000089,SFXN1,mir_to_gene,,1.0,1.0,1.0,1.0,1.0
2,MIMAT0000089,EDC3,mir_to_gene,,1.0,1.0,1.0,1.0,1.0
2,MIMAT0000089,ETS1,mir_to_gene,,1.0,1.0,1.0,1.0,1.0
2,MIMAT0000089,ZNF805,mir_to_gene,,0.25,0.25,0.25,0.25,0.25
2,MIMAT0000089,CDK1,mir_to_gene,,1.0,1.0,1.0,1.0,1.0
2,MIMAT0000089,SP7,mir_to_gene,,1.0,1.0,1.0,1.0,1.0
2,MIMAT0000089,PPP2R2A,mir_to_gene,,0.5,0.5,0.5,0.5,0.5
2,MIMAT0000089,CASR,mir_to_gene,,1.0,1.0,1.0,1.0,1.0
2,MIMAT0000089,SMAD4,mir_to_gene,,0.3333333432674408,0.3333333432674408,0.3333333432674408,0.3333333432674408,0.3333333432674408
2,MIMAT0000089,MMP16,mir_to_gene,,1.0,1.0,1.0,1.0,1.0
2,MIMAT0000089,GNA13,mir_to_gene,,0.5,0.5,0.5,0.5,0.5
2,MIMAT0000089,NFAT5,mir_to_gene,,0.25,0.25,0.25,0.25,0.25
2,MIMAT0000089,NUDT3,mir_to_gene,,0.5,0.5,0.5,0.5,0.5
2,MIMAT0000089,FRK,mir_to_gene,,1.0,1.0,1.0,1.0,1.0
2,MIMAT0000089,SDC4,mir_to_gene,,0.5,0.5,0.5,0.5,0.5
2,MIMAT0000089,SOX4,mir_to_gene,,0.5,0.5,0.5,0.5,0.5
2,MIMAT0000089,E2F2,mir_to_gene,,0.3333333432674408,0.3333333432674408,0.3333333432674408,0.3333333432674408,0.3333333432674408
2,MIMAT0000089,ABCB9,mir_to_gene,,1.0,1.0,1.0,1.0,1.0
2,MIMAT0000089,QSER1,mir_to_gene,,1.0,1.0,1.0,1.0,1.0
2,MIMAT0000089,NFATC2IP,mir_to_gene,,1.0,1.0,1.0,1.0,1.0
2,MIMAT0000089,PPM1L,mir_to_gene,,1.0,1.0,1.0,1.0,1.0
2,MIMAT0000089,PPIL2,mir_to_gene,,1.0,1.0,1.0,1.0,1.0
2,MIMAT0000089,RHOA,mir_to_gene,,0.3333333432674408,0.3333333432674408,0.3333333432674408,0.3333333432674408,0.3333333432674408
2,MIMAT0000089,NFE2L1,mir_to_gene,,1.0,1.0,1.0,1.0,1.0
2,MIMAT0000089,AR,mir_to_gene,,1.0,1.0,1.0,1.0,1.0
2,MIMAT0000089,RPL37A,mir_to_gene,,1.0,1.0,1.0,1.0,1.0
2,MIMAT0000089,MXRA7,mir_to_gene,,1.0,1.0,1.0,1.0,1.0
2,MIMAT0000089,TNRC6B,mir_to_gene,,0.5,0.5,0.5,0.5,0.5
2,MIMAT0000255,CAPRIN1,mir_to_gene,,0.5,0.5,0.5,0.5,0.5
2,MIMAT0000255,VAV3,mir_to_gene,,1.0,1.0,1.0,1.0,1.0
2,MIMAT0000255,SUGT1,mir_to_gene,,0.5,0.5,0.5,0.5,0.5
2,MIMAT0000255,HDLBP,mir_to_gene,,1.0,1.0,1.0,1.0,1.0
2,MIMAT0000255,GNPDA1,mir_to_gene,,1.0,1.0,1.0,1.0,1.0
2,MIMAT0000255,PLA2G2D,mir_to_gene,,1.0,1.0,1.0,1.0,1.0
2,MIMAT0000255,CDC23,mir_to_gene,,1.0,1.0,1.0,1.0,1.0
2,MIMAT0000255,NLRC5,mir_to_gene,,1.0,1.0,1.0,1.0,1.0
2,MIMAT0000255,CPT2,mir_to_gene,,1.0,1.0,1.0,1.0,1.0
2,MIMAT0000255,ADARB1,mir_to_gene,,1.0,1.0,1.0,1.0,1.0
2,MIMAT0000255,CAMTA1,mir_to_gene,,0.5,0.5,0.5,0.5,0.5
2,MIMAT0000255,CFLAR,mir_to_gene,,1.0,1.0,1.0,1.0,1.0
2,MIMAT0000255,GAPVD1,mir_to_gene,,1.0,1.0,1.0,1.0,1.0
2,MIMAT0000255,OPA1,mir_to_gene,,1.0,1.0,1.0,1.0,1.0
2,MIMAT0000255,CD40,mir_to_gene,,0.5,0.5,0.5,0.5,0.5
2,MIMAT0000255,ERLIN2,mir_to_gene,,1.0,1.0,1.0,1.0,1.0
2,MIMAT0000255,HMGB1,mir_to_gene,,0.5,0.5,0.5,0.5,0.5
2,MIMAT0000255,SYNGR2,mir_to_gene,,1.0,1.0,1.0,1.0,1.0
2,MIMAT0000255,AXIN2,mir_to_gene,,1.0,1.0,1.0,1.0,1.0
2,MIMAT0000255,CLTB,mir_to_gene,,1.0,1.0,1.0,1.0,1.0
2,MIMAT0000255,NUP98,mir_to_gene,,1.0,1.0,1.0,1.0,1.0
2,MIMAT0000255,ITGA6,mir_to_gene,,1.0,1.0,1.0,1.0,1.0
2,MIMAT0000255,TPM1,mir_to_gene,,1.0,1.0,1.0,1.0,1.0
2,MIMAT0000255,POU2F1,mir_to_gene,,0.5,0.5,0.5,0.5,0.5
2,MIMAT0000255,LARP1,mir_to_gene,,1.0,1.0,1.0,1.0,1.0
2,MIMAT0000255,CDON,mir_to_gene,,1.0,1.0,1.0,1.0,1.0
2,MIMAT0000255,ANKS1A,mir_to_gene,,1.0,1.0,1.0,1.0,1.0
2,MIMAT0000255,CASP6,mir_to_gene,,1.0,1.0,1.0,1.0,1.0
2,MIMAT0000255,G3BP2,mir_to_gene,,0.3333333432674408,0.3333333432674408,0.3333333432674408,0.3333333432674408,0.3333333432674408
2,MIMAT0000255,CDC25C,mir_to_gene,,1.0,1.0,1.0,1.0,1.0
2,MIMAT0000255,KCNH1,mir_to_gene,,1.0,1.0,1.0,1.0,1.0
2,MIMAT0000255,MKLN1,mir_to_gene,,1.0,1.0,1.0,1.0,1.0
2,MIMAT0000255,AKT1,mir_to_gene,,1.0,1.0,1.0,1.0,1.0
2,MIMAT0000255,ADNP,mir_to_gene,,1.0,1.0,1.0,1.0,1.0
2,MIMAT0000255,PPARA,mir_to_gene,,0.5,0.5,0.5,0.5,0.5
2,MIMAT0000255,CCNL1,mir_to_gene,,0.25,0.25,0.25,0.25,0.25
2,MIMAT0000255,RBM12,mir_to_gene,,1.0,1.0,1.0,1.0,1.0
2,MIMAT0000255,TMEM167A,mir_to_gene,,0.3333333432674408,0.3333333432674408,0.3333333432674408,0.3333333432674408,0.3333333432674408
2,MIMAT0000255,FUT8,mir_to_gene,,1.0,1.0,1.0,1.0,1.0
2,MIMAT0000255,SPTBN1,mir_to_gene,,1.0,1.0,1.0,1.0,1.0
2,MIMAT0000255,APAF1,mir_to_gene,,1.0,1.0,1.0,1.0,1.0
2,MIMAT0000255,SYNE2,mir_to_gene,,1.0,1.0,1.0,1.0,1.0
2,MIMAT0000255,BIRC3,mir_to_gene,,1.0,1.0,1.0,1.0,1.0
2,MIMAT0000255,ZDHHC16,mir_to_gene,,1.0,1.0,1.0,1.0,1.0
2,MIMAT0000255,DIABLO,mir_to_gene,,1.0,1.0,1.0,1.0,1.0
2,MIMAT0000255,NDRG1,mir_to_gene,,1.0,1.0,1.0,1.0,1.0
2,MIMAT0000255,TRAF3,mir_to_gene,,1.0,1.0,1.0,1.0,1.0
2,MIMAT0000255,IRGQ,mir_to_gene,,1.0,1.0,1.0,1.0,1.0
2,MIMAT0000255,EXT2,mir_to_gene,,1.0,1.0,1.0,1.0,1.0
2,MIMAT0000255,MTAP,mir_to_gene,,1.0,1.0,1.0,1.0,1.0
2,MIMAT0000255,TMOD2,mir_to_gene,,1.0,1.0,1.0,1.0,1.0
2,MIMAT0000255,BCLAF1,mir_to_gene,,1.0,1.0,1.0,1.0,1.0
2,MIMAT0000255,RNF40,mir_to_gene,,1.0,1.0,1.0,1.0,1.0
2,MIMAT0000255,MTMR9,mir_to_gene,,1.0,1.0,1.0,1.0,1.0
2,MIMAT0000255,GIGYF2,mir_to_gene,,1.0,1.0,1.0,1.0,1.0
2,MIMAT0000255,GDE1,mir_to_gene,,1.0,1.0,1.0,1.0,1.0
2,MIMAT0000255,FIGN,mir_to_gene,,1.0,1.0,1.0,1.0,1.0
2,MIMAT0000255,POLR3E,mir_to_gene,,1.0,1.0,1.0,1.0,1.0
2,MIMAT0000255,TGIF2,mir_to_gene,,1.0,1.0,1.0,1.0,1.0
2,MIMAT0000255,CD44,mir_to_gene,,0.5,0.5,0.5,0.5,0.5
2,MIMAT0000255,VEGFA,mir_to_gene,,0.5,0.5,0.5,0.5,0.5
2,MIMAT0000255,CASP10,mir_to_gene,,1.0,1.0,1.0,1.0,1.0
2,MIMAT0000255,KIF2A,mir_to_gene,,1.0,1.0,1.0,1.0,1.0
2,MIMAT0000255,CDK6,mir_to_gene,,0.25,0.25,0.25,0.25,0.25
2,MIMAT0000255,TFAM,mir_to_gene,,0.5,0.5,0.5,0.5,0.5
2,MIMAT0000255,YOD1,mir_to_gene,,0.3333333432674408,0.3333333432674408,0.3333333432674408,0.3333333432674408,0.3333333432674408
2,MIMAT0000255,GANAB,mir_to_gene,,0.5,0.5,0.5,0.5,0.5
2,MIMAT0000255,FAM104A,mir_to_gene,,1.0,1.0,1.0,1.0,1.0
2,MIMAT0000255,CYCS,mir_to_gene,,0.5,0.5,0.5,0.5,0.5
2,MIMAT0000255,PPP1R11,mir_to_gene,,0.3333333432674408,0.3333333432674408,0.3333333432674408,0.3333333432674408,0.3333333432674408
2,MIMAT0000255,NUCKS1,mir_to_gene,,0.3333333432674408,0.3333333432674408,0.3333333432674408,0.3333333432674408,0.3333333432674408
2,MIMAT0000255,ACSL4,mir_to_gene,,1.0,1.0,1.0,1.0,1.0
2,MIMAT0000255,WDR77,mir_to_gene,,1.0,1.0,1.0,1.0,1.0
2,MIMAT0000255,MAP4,mir_to_gene,,1.0,1.0,1.0,1.0,1.0
2,MIMAT0000255,SIRT1,mir_to_gene,,0.3333333432674408,0.3333333432674408,0.3333333432674408,0.3333333432674408,0.3333333432674408
2,MIMAT0000255,PLIN3,mir_to_gene,,1.0,1.0,1.0,1.0,1.0
2,MIMAT0000255,RRM2,mir_to_gene,,1.0,1.0,1.0,1.0,1.0
2,MIMAT0000255,LEF1,mir_to_gene,,1.0,1.0,1.0,1.0,1.0
2,MIMAT0000255,XIAP,mir_to_gene,,1.0,1.0,1.0,1.0,1.0
2,MIMAT0000255,PEG10,mir_to_gene,,0.5,0.5,0.5,0.5,0.5
2,MIMAT0000255,GYG1,mir_to_gene,,1.0,1.0,1.0,1.0,1.0
2,MIMAT0000255,FOSL1,mir_to_gene,,1.0,1.0,1.0,1.0,1.0
2,MIMAT0000255,DNAJB6,mir_to_gene,,0.5,0.5,0.5,0.5,0.5
2,MIMAT0000255,UST,mir_to_gene,,1.0,1.0,1.0,1.0,1.0
2,MIMAT0000255,CCT3,mir_to_gene,,1.0,1.0,1.0,1.0,1.0
2,MIMAT0000255,PDGFRA,mir_to_gene,,1.0,1.0,1.0,1.0,1.0
2,MIMAT0000255,RRAS,mir_to_gene,,1.0,1.0,1.0,1.0,1.0
2,MIMAT0000255,ERLIN1,mir_to_gene,,1.0,1.0,1.0,1.0,1.0
2,MIMAT0000255,SNTB2,mir_to_gene,,1.0,1.0,1.0,1.0,1.0
2,MIMAT0000255,BRCA1,mir_to_gene,,0.5,0.5,0.5,0.5,0.5
2,MIMAT0000255,RAB3GAP2,mir_to_gene,,1.0,1.0,1.0,1.0,1.0
2,MIMAT0000255,SF3B3,mir_to_gene,,0.3333333432674408,0.3333333432674408,0.3333333432674408,0.3333333432674408,0.3333333432674408
2,MIMAT0000255,AKR1B1,mir_to_gene,,1.0,1.0,1.0,1.0,1.0
2,MIMAT0000255,GATA4,mir_to_gene,,1.0,1.0,1.0,1.0,1.0
2,MIMAT0000255,CXCL9,mir_to_gene,,1.0,1.0,1.0,1.0,1.0
2,MIMAT0000255,CCL22,mir_to_gene,,1.0,1.0,1.0,1.0,1.0
2,MIMAT0000255,YY1,mir_to_gene,,0.5,0.5,0.5,0.5,0.5
2,MIMAT0000255,PDXK,mir_to_gene,,1.0,1.0,1.0,1.0,1.0
2,MIMAT0000255,PEA15,mir_to_gene,,1.0,1.0,1.0,1.0,1.0
2,MIMAT0000255,HRK,mir_to_gene,,1.0,1.0,1.0,1.0,1.0
2,MIMAT0000255,TNFRSF10A,mir_to_gene,,1.0,1.0,1.0,1.0,1.0
2,MIMAT0000255,BCL10,mir_to_gene,,1.0,1.0,1.0,1.0,1.0
2,MIMAT0000255,CDKN1B,mir_to_gene,,1.0,1.0,1.0,1.0,1.0
2,MIMAT0000255,BNIP2,mir_to_gene,,0.3333333432674408,0.3333333432674408,0.3333333432674408,0.3333333432674408,0.3333333432674408
2,MIMAT0000255,EFNB1,mir_to_gene,,0.5,0.5,0.5,0.5,0.5
2,MIMAT0000255,PKP2,mir_to_gene,,1.0,1.0,1.0,1.0,1.0
2,MIMAT0000255,STX1A,mir_to_gene,,1.0,1.0,1.0,1.0,1.0
2,MIMAT0000255,TSN,mir_to_gene,,1.0,1.0,1.0,1.0,1.0
2,MIMAT0000255,TOMM40,mir_to_gene,,1.0,1.0,1.0,1.0,1.0
2,MIMAT0000255,RBCK1,mir_to_gene,,1.0,1.0,1.0,1.0,1.0
2,MIMAT0000255,EDEM3,mir_to_gene,,1.0,1.0,1.0,1.0,1.0
2,MIMAT0000255,ZSWIM7,mir_to_gene,,1.0,1.0,1.0,1.0,1.0
2,MIMAT0000255,UBXN2B,mir_to_gene,,0.5,0.5,0.5,0.5,0.5
2,MIMAT0000255,E2F5,mir_to_gene,,0.5,0.5,0.5,0.5,0.5
2,MIMAT0000255,RNF169,mir_to_gene,,1.0,1.0,1.0,1.0,1.0
2,MIMAT0000255,BCL2A1,mir_to_gene,,1.0,1.0,1.0,1.0,1.0
2,MIMAT0000255,AIFM1,mir_to_gene,,1.0,1.0,1.0,1.0,1.0
2,MIMAT0000255,DDAH1,mir_to_gene,,0.5,0.5,0.5,0.5,0.5
2,MIMAT0000255,ALS2,mir_to_gene,,1.0,1.0,1.0,1.0,1.0
2,MIMAT0000255,LLPH,mir_to_gene,,0.5,0.5,0.5,0.5,0.5
2,MIMAT0000255,MBD6,mir_to_gene,,1.0,1.0,1.0,1.0,1.0
2,MIMAT0000255,FKBP1B,mir_to_gene,,1.0,1.0,1.0,1.0,1.0
2,MIMAT0000255,TPCN2,mir_to_gene,,1.0,1.0,1.0,1.0,1.0
2,MIMAT0000255,GDF5,mir_to_gene,,1.0,1.0,1.0,1.0,1.0
2,MIMAT0000255,MOV10,mir_to_gene,,1.0,1.0,1.0,1.0,1.0
2,MIMAT0000255,CD70,mir_to_gene,,1.0,1.0,1.0,1.0,1.0
2,MIMAT0000255,TNF,mir_to_gene,,1.0,1.0,1.0,1.0,1.0
2,MIMAT0000255,POLR2A,mir_to_gene,,1.0,1.0,1.0,1.0,1.0
2,MIMAT0000255,RPL37,mir_to_gene,,1.0,1.0,1.0,1.0,1.0
2,MIMAT0000255,REEP3,mir_to_gene,,0.5,0.5,0.5,0.5,0.5
2,MIMAT0000255,BIRC5,mir_to_gene,,1.0,1.0,1.0,1.0,1.0
2,MIMAT0000255,PODXL,mir_to_gene,,0.5,0.5,0.5,0.5,0.5
2,MIMAT0000255,TGFBR2,mir_to_gene,,1.0,1.0,1.0,1.0,1.0
2,MIMAT0000255,C18orf32,mir_to_gene,,0.5,0.5,0.5,0.5,0.5
2,MIMAT0000707,SHE,mir_to_gene,,1.0,1.0,1.0,1.0,1.0
2,MIMAT0000707,ZNF460,mir_to_gene,,1.0,1.0,1.0,1.0,1.0
2,MIMAT0000707,FNIP1,mir_to_gene,,1.0,1.0,1.0,1.0,1.0
2,MIMAT0000707,MDM2,mir_to_gene,,0.5,0.5,0.5,0.5,0.5
2,MIMAT0000707,FBXW2,mir_to_gene,,1.0,1.0,1.0,1.0,1.0
2,MIMAT0000707,GGCX,mir_to_gene,,1.0,1.0,1.0,1.0,1.0
2,MIMAT0000707,ZNF417,mir_to_gene,,1.0,1.0,1.0,1.0,1.0
2,MIMAT0000707,IL6ST,mir_to_gene,,1.0,1.0,1.0,1.0,1.0
2,MIMAT0000707,CYP20A1,mir_to_gene,,1.0,1.0,1.0,1.0,1.0
2,MIMAT0000707,AURKA,mir_to_gene,,1.0,1.0,1.0,1.0,1.0
2,MIMAT0000707,NUP43,mir_to_gene,,1.0,1.0,1.0,1.0,1.0
2,MIMAT0000707,TXLNA,mir_to_gene,,1.0,1.0,1.0,1.0,1.0
2,MIMAT0000707,KCNC4,mir_to_gene,,1.0,1.0,1.0,1.0,1.0
2,MIMAT0000707,ZBTB34,mir_to_gene,,0.5,0.5,0.5,0.5,0.5
2,MIMAT0000707,SUPT7L,mir_to_gene,,1.0,1.0,1.0,1.0,1.0
2,MIMAT0000707,PHLPP2,mir_to_gene,,0.5,0.5,0.5,0.5,0.5
2,MIMAT0000707,ZDHHC5,mir_to_gene,,1.0,1.0,1.0,1.0,1.0
2,MIMAT0000707,CYTH2,mir_to_gene,,1.0,1.0,1.0,1.0,1.0
2,MIMAT0000707,ESRP1,mir_to_gene,,1.0,1.0,1.0,1.0,1.0
2,MIMAT0000707,UHRF1BP1,mir_to_gene,,1.0,1.0,1.0,1.0,1.0
2,MIMAT0000707,G2E3,mir_to_gene,,1.0,1.0,1.0,1.0,1.0
2,MIMAT0000707,TMEM33,mir_to_gene,,1.0,1.0,1.0,1.0,1.0
2,MIMAT0000707,SLC25A36,mir_to_gene,,1.0,1.0,1.0,1.0,1.0
2,MIMAT0000707,ORAI2,mir_to_gene,,0.5,0.5,0.5,0.5,0.5
2,MIMAT0000707,RRN3,mir_to_gene,,0.5,0.5,0.5,0.5,0.5
2,MIMAT0000707,NUFIP2,mir_to_gene,,0.3333333432674408,0.3333333432674408,0.3333333432674408,0.3333333432674408,0.3333333432674408
2,MIMAT0000707,NUCKS1,mir_to_gene,,0.3333333432674408,0.3333333432674408,0.3333333432674408,0.3333333432674408,0.3333333432674408
2,MIMAT0000707,TEF,mir_to_gene,,1.0,1.0,1.0,1.0,1.0
2,MIMAT0000707,LHFPL2,mir_to_gene,,1.0,1.0,1.0,1.0,1.0
2,MIMAT0000707,AKAP10,mir_to_gene,,1.0,1.0,1.0,1.0,1.0
2,MIMAT0000707,SOX11,mir_to_gene,,1.0,1.0,1.0,1.0,1.0
2,MIMAT0000707,ZNF157,mir_to_gene,,1.0,1.0,1.0,1.0,1.0
2,MIMAT0000707,KIF5B,mir_to_gene,,1.0,1.0,1.0,1.0,1.0
2,MIMAT0000707,GCNT3,mir_to_gene,,1.0,1.0,1.0,1.0,1.0
2,MIMAT0000707,SPRYD4,mir_to_gene,,1.0,1.0,1.0,1.0,1.0
2,MIMAT0000707,HOXA13,mir_to_gene,,1.0,1.0,1.0,1.0,1.0
2,MIMAT0000707,CNOT4,mir_to_gene,,1.0,1.0,1.0,1.0,1.0
2,MIMAT0000733,LNPEP,mir_to_gene,,0.5,0.5,0.5,0.5,0.5
2,MIMAT0000733,RBM12B,mir_to_gene,,0.5,0.5,0.5,0.5,0.5
2,MIMAT0000733,TSC22D2,mir_to_gene,,0.3333333432674408,0.3333333432674408,0.3333333432674408,0.3333333432674408,0.3333333432674408
2,MIMAT0000733,DNAL1,mir_to_gene,,0.5,0.5,0.5,0.5,0.5
2,MIMAT0000733,MDM4,mir_to_gene,,0.3333333432674408,0.3333333432674408,0.3333333432674408,0.3333333432674408,0.3333333432674408
2,MIMAT0000733,TRIM13,mir_to_gene,,1.0,1.0,1.0,1.0,1.0
2,MIMAT0000733,MTRF1L,mir_to_gene,,1.0,1.0,1.0,1.0,1.0
2,MIMAT0000733,TM2D2,mir_to_gene,,0.5,0.5,0.5,0.5,0.5
2,MIMAT0001631,IL6R,mir_to_gene,,1.0,1.0,1.0,1.0,1.0
2,MIMAT0002177,FOXP1,mir_to_gene,,0.5,0.5,0.5,0.5,0.5
2,MIMAT0002177,CD40,mir_to_gene,,0.5,0.5,0.5,0.5,0.5
2,MIMAT0002177,SMAD2,mir_to_gene,,0.5,0.5,0.5,0.5,0.5
2,MIMAT0002177,G3BP2,mir_to_gene,,0.3333333432674408,0.3333333432674408,0.3333333432674408,0.3333333432674408,0.3333333432674408
2,MIMAT0002177,PIK3R1,mir_to_gene,,1.0,1.0,1.0,1.0,1.0
2,MIMAT0002177,CADM1,mir_to_gene,,1.0,1.0,1.0,1.0,1.0
2,MIMAT0002177,UBE2S,mir_to_gene,,1.0,1.0,1.0,1.0,1.0
2,MIMAT0002177,RCOR3,mir_to_gene,,1.0,1.0,1.0,1.0,1.0
2,MIMAT0002177,HPGD,mir_to_gene,,1.0,1.0,1.0,1.0,1.0
2,MIMAT0002177,CENPN,mir_to_gene,,1.0,1.0,1.0,1.0,1.0
2,MIMAT0002177,MBD4,mir_to_gene,,1.0,1.0,1.0,1.0,1.0
2,MIMAT0002177,SEC23IP,mir_to_gene,,1.0,1.0,1.0,1.0,1.0
2,MIMAT0002177,IGSF3,mir_to_gene,,1.0,1.0,1.0,1.0,1.0
2,MIMAT0002177,UBASH3B,mir_to_gene,,1.0,1.0,1.0,1.0,1.0
2,MIMAT0002177,MACROD2,mir_to_gene,,1.0,1.0,1.0,1.0,1.0
2,MIMAT0003233,PDE4C,mir_to_gene,,1.0,1.0,1.0,1.0,1.0
2,MIMAT0003233,ANKRD50,mir_to_gene,,1.0,1.0,1.0,1.0,1.0
2,MIMAT0003322,RPS16,mir_to_gene,,1.0,1.0,1.0,1.0,1.0
2,MIMAT0003322,NFAT5,mir_to_gene,,0.25,0.25,0.25,0.25,0.25
2,MIMAT0003322,AP1G1,mir_to_gene,,1.0,1.0,1.0,1.0,1.0
2,MIMAT0003322,ANKRD9,mir_to_gene,,1.0,1.0,1.0,1.0,1.0
2,MIMAT0003322,STK4,mir_to_gene,,1.0,1.0,1.0,1.0,1.0
2,MIMAT0003322,UBE2I,mir_to_gene,,0.5,0.5,0.5,0.5,0.5
2,MIMAT0003322,KIF1A,mir_to_gene,,0.5,0.5,0.5,0.5,0.5
2,MIMAT0003322,YIPF6,mir_to_gene,,1.0,1.0,1.0,1.0,1.0
2,MIMAT0003322,GEN1,mir_to_gene,,1.0,1.0,1.0,1.0,1.0
2,MIMAT0003322,BSG,mir_to_gene,,0.5,0.5,0.5,0.5,0.5
2,MIMAT0003322,FAM120AOS,mir_to_gene,,1.0,1.0,1.0,1.0,1.0
2,MIMAT0003322,ZBTB44,mir_to_gene,,1.0,1.0,1.0,1.0,1.0
2,MIMAT0003322,ATP11B,mir_to_gene,,1.0,1.0,1.0,1.0,1.0
2,MIMAT0003322,RAP1GAP2,mir_to_gene,,1.0,1.0,1.0,1.0,1.0
2,MIMAT0003322,MRAS,mir_to_gene,,1.0,1.0,1.0,1.0,1.0
2,MIMAT0003322,AGAP3,mir_to_gene,,1.0,1.0,1.0,1.0,1.0
2,MIMAT0003322,ACTN4,mir_to_gene,,1.0,1.0,1.0,1.0,1.0
2,MIMAT0003322,SMAD2,mir_to_gene,,0.5,0.5,0.5,0.5,0.5
2,MIMAT0003322,CEBPG,mir_to_gene,,1.0,1.0,1.0,1.0,1.0
2,MIMAT0003322,SLC31A1,mir_to_gene,,1.0,1.0,1.0,1.0,1.0
2,MIMAT0003322,QSOX1,mir_to_gene,,0.5,0.5,0.5,0.5,0.5
2,MIMAT0003322,SRPK1,mir_to_gene,,1.0,1.0,1.0,1.0,1.0
2,MIMAT0003322,GCM1,mir_to_gene,,1.0,1.0,1.0,1.0,1.0
2,MIMAT0003322,ARCN1,mir_to_gene,,1.0,1.0,1.0,1.0,1.0
2,MIMAT0003322,MORF4L2,mir_to_gene,,1.0,1.0,1.0,1.0,1.0
2,MIMAT0003322,ZNF431,mir_to_gene,,1.0,1.0,1.0,1.0,1.0
2,MIMAT0003322,RPS19,mir_to_gene,,1.0,1.0,1.0,1.0,1.0
2,MIMAT0003322,RPS29,mir_to_gene,,1.0,1.0,1.0,1.0,1.0
2,MIMAT0006790,TK1,mir_to_gene,,1.0,1.0,1.0,1.0,1.0
2,MIMAT0006790,AZIN1,mir_to_gene,,1.0,1.0,1.0,1.0,1.0
2,MIMAT0006790,LHFPL5,mir_to_gene,,1.0,1.0,1.0,1.0,1.0
2,MIMAT0006790,ZNF107,mir_to_gene,,1.0,1.0,1.0,1.0,1.0
2,MIMAT0006790,GPR173,mir_to_gene,,1.0,1.0,1.0,1.0,1.0
2,MIMAT0006790,NUCKS1,mir_to_gene,,0.3333333432674408,0.3333333432674408,0.3333333432674408,0.3333333432674408,0.3333333432674408
2,MIMAT0006790,LCOR,mir_to_gene,,1.0,1.0,1.0,1.0,1.0
2,MIMAT0006790,KCNK6,mir_to_gene,,0.5,0.5,0.5,0.5,0.5
2,MIMAT0006790,ZNF268,mir_to_gene,,1.0,1.0,1.0,1.0,1.0
2,MIMAT0004554,EEF2K,mir_to_gene,,1.0,1.0,1.0,1.0,1.0
2,MIMAT0004554,PAK3,mir_to_gene,,1.0,1.0,1.0,1.0,1.0
2,MIMAT0004554,VGLL4,mir_to_gene,,1.0,1.0,1.0,1.0,1.0
2,MIMAT0004554,ZBTB37,mir_to_gene,,0.3333333432674408,0.3333333432674408,0.3333333432674408,0.3333333432674408,0.3333333432674408
2,MIMAT0004554,TOR1AIP1,mir_to_gene,,1.0,1.0,1.0,1.0,1.0
2,MIMAT0004554,COPS7B,mir_to_gene,,1.0,1.0,1.0,1.0,1.0
2,MIMAT0004554,KLF6,mir_to_gene,,1.0,1.0,1.0,1.0,1.0
2,MIMAT0004554,KCNB1,mir_to_gene,,1.0,1.0,1.0,1.0,1.0
2,MIMAT0004554,NCBP2,mir_to_gene,,1.0,1.0,1.0,1.0,1.0
2,MIMAT0004554,LIMD1,mir_to_gene,,0.5,0.5,0.5,0.5,0.5
2,MIMAT0004554,MATN1,mir_to_gene,,1.0,1.0,1.0,1.0,1.0
2,MIMAT0004554,COIL,mir_to_gene,,1.0,1.0,1.0,1.0,1.0
2,MIMAT0004554,ANKRD40,mir_to_gene,,1.0,1.0,1.0,1.0,1.0
2,MIMAT0004554,OTUD7A,mir_to_gene,,1.0,1.0,1.0,1.0,1.0
2,MIMAT0004554,ZNF740,mir_to_gene,,1.0,1.0,1.0,1.0,1.0
2,MIMAT0000252,TMEM97,mir_to_gene,,1.0,1.0,1.0,1.0,1.0
2,MIMAT0000252,TMEM106B,mir_to_gene,,1.0,1.0,1.0,1.0,1.0
2,MIMAT0000252,IDE,mir_to_gene,,1.0,1.0,1.0,1.0,1.0
2,MIMAT0000252,TFRC,mir_to_gene,,1.0,1.0,1.0,1.0,1.0
2,MIMAT0000252,PPIP5K2,mir_to_gene,,1.0,1.0,1.0,1.0,1.0
2,MIMAT0000252,EGFR,mir_to_gene,,0.5,0.5,0.5,0.5,0.5
2,MIMAT0000252,ST3GAL5,mir_to_gene,,1.0,1.0,1.0,1.0,1.0
2,MIMAT0000252,FXR1,mir_to_gene,,1.0,1.0,1.0,1.0,1.0
2,MIMAT0000252,GLDN,mir_to_gene,,1.0,1.0,1.0,1.0,1.0
2,MIMAT0000252,SCARB2,mir_to_gene,,1.0,1.0,1.0,1.0,1.0
2,MIMAT0000252,SRGAP2,mir_to_gene,,1.0,1.0,1.0,1.0,1.0
2,MIMAT0000252,ABCC1,mir_to_gene,,1.0,1.0,1.0,1.0,1.0
2,MIMAT0000252,MICALL1,mir_to_gene,,1.0,1.0,1.0,1.0,1.0
2,MIMAT0000252,UBE2A,mir_to_gene,,1.0,1.0,1.0,1.0,1.0
2,MIMAT0000252,PAK1,mir_to_gene,,1.0,1.0,1.0,1.0,1.0
2,MIMAT0000252,SLC25A15,mir_to_gene,,1.0,1.0,1.0,1.0,1.0
2,MIMAT0000252,SULT1B1,mir_to_gene,,1.0,1.0,1.0,1.0,1.0
2,MIMAT0000252,EHD3,mir_to_gene,,1.0,1.0,1.0,1.0,1.0
2,MIMAT0000252,SERTAD2,mir_to_gene,,0.5,0.5,0.5,0.5,0.5
2,MIMAT0000252,ZNF385A,mir_to_gene,,1.0,1.0,1.0,1.0,1.0
2,MIMAT0000252,KIF16B,mir_to_gene,,1.0,1.0,1.0,1.0,1.0
2,MIMAT0000252,BMPR2,mir_to_gene,,1.0,1.0,1.0,1.0,1.0
2,MIMAT0000252,GLS,mir_to_gene,,1.0,1.0,1.0,1.0,1.0
2,MIMAT0000252,GNA12,mir_to_gene,,1.0,1.0,1.0,1.0,1.0
2,MIMAT0000252,RCC2,mir_to_gene,,1.0,1.0,1.0,1.0,1.0
2,MIMAT0000252,CRLS1,mir_to_gene,,1.0,1.0,1.0,1.0,1.0
2,MIMAT0000252,CNNM4,mir_to_gene,,1.0,1.0,1.0,1.0,1.0
2,MIMAT0000252,ALG9,mir_to_gene,,1.0,1.0,1.0,1.0,1.0
2,MIMAT0000252,ROR1,mir_to_gene,,1.0,1.0,1.0,1.0,1.0
2,MIMAT0000252,LANCL1,mir_to_gene,,1.0,1.0,1.0,1.0,1.0
2,MIMAT0000252,GLO1,mir_to_gene,,0.5,0.5,0.5,0.5,0.5
2,MIMAT0000252,SLC5A3,mir_to_gene,,1.0,1.0,1.0,1.0,1.0
2,MIMAT0000252,CNTNAP2,mir_to_gene,,1.0,1.0,1.0,1.0,1.0
2,MIMAT0000252,LRP6,mir_to_gene,,0.5,0.5,0.5,0.5,0.5
2,MIMAT0000252,SERPINB5,mir_to_gene,,1.0,1.0,1.0,1.0,1.0
2,MIMAT0000252,RYK,mir_to_gene,,1.0,1.0,1.0,1.0,1.0
2,MIMAT0000252,SLIT3,mir_to_gene,,1.0,1.0,1.0,1.0,1.0
2,MIMAT0000252,ZNF264,mir_to_gene,,0.5,0.5,0.5,0.5,0.5
2,MIMAT0000252,PIGH,mir_to_gene,,1.0,1.0,1.0,1.0,1.0
2,MIMAT0000252,GJC1,mir_to_gene,,1.0,1.0,1.0,1.0,1.0
2,MIMAT0000252,COMMD7,mir_to_gene,,1.0,1.0,1.0,1.0,1.0
2,MIMAT0000252,ADCY9,mir_to_gene,,1.0,1.0,1.0,1.0,1.0
2,MIMAT0000252,DAZAP2,mir_to_gene,,1.0,1.0,1.0,1.0,1.0
2,MIMAT0000252,TM2D2,mir_to_gene,,0.5,0.5,0.5,0.5,0.5
2,MIMAT0000252,LLPH,mir_to_gene,,0.5,0.5,0.5,0.5,0.5
2,MIMAT0000252,RSPRY1,mir_to_gene,,1.0,1.0,1.0,1.0,1.0
2,MIMAT0000252,CACNG5,mir_to_gene,,1.0,1.0,1.0,1.0,1.0
2,MIMAT0000252,PIK3R3,mir_to_gene,,1.0,1.0,1.0,1.0,1.0
2,MIMAT0000252,DUSP18,mir_to_gene,,0.5,0.5,0.5,0.5,0.5
2,MIMAT0000252,FAM136A,mir_to_gene,,1.0,1.0,1.0,1.0,1.0
2,MIMAT0000252,TIMM50,mir_to_gene,,0.5,0.5,0.5,0.5,0.5
2,MIMAT0000252,ZNF805,mir_to_gene,,0.25,0.25,0.25,0.25,0.25
2,MIMAT0000441,MTHFD2,mir_to_gene,,1.0,1.0,1.0,1.0,1.0
2,MIMAT0000441,BCL2L11,mir_to_gene,,0.3333333432674408,0.3333333432674408,0.3333333432674408,0.3333333432674408,0.3333333432674408
2,MIMAT0000441,APBB2,mir_to_gene,,1.0,1.0,1.0,1.0,1.0
2,MIMAT0000441,KIF1A,mir_to_gene,,0.5,0.5,0.5,0.5,0.5
2,MIMAT0000441,HOXC12,mir_to_gene,,1.0,1.0,1.0,1.0,1.0
2,MIMAT0000441,PPP4R2,mir_to_gene,,1.0,1.0,1.0,1.0,1.0
2,MIMAT0000441,NTRK3,mir_to_gene,,1.0,1.0,1.0,1.0,1.0
2,MIMAT0000441,TNFAIP8,mir_to_gene,,1.0,1.0,1.0,1.0,1.0
2,MIMAT0000441,KIF1B,mir_to_gene,,0.5,0.5,0.5,0.5,0.5
2,MIMAT0000441,FRMD4B,mir_to_gene,,1.0,1.0,1.0,1.0,1.0
2,MIMAT0000441,FOXP1,mir_to_gene,,0.5,0.5,0.5,0.5,0.5
2,MIMAT0000441,TBPL1,mir_to_gene,,0.5,0.5,0.5,0.5,0.5
2,MIMAT0000441,CDX2,mir_to_gene,,0.5,0.5,0.5,0.5,0.5
2,MIMAT0000441,MDM4,mir_to_gene,,0.3333333432674408,0.3333333432674408,0.3333333432674408,0.3333333432674408,0.3333333432674408
2,MIMAT0000441,NR6A1,mir_to_gene,,1.0,1.0,1.0,1.0,1.0
2,MIMAT0000441,TAOK1,mir_to_gene,,0.5,0.5,0.5,0.5,0.5
2,MIMAT0000441,PRRX1,mir_to_gene,,1.0,1.0,1.0,1.0,1.0
2,MIMAT0000441,SOX7,mir_to_gene,,1.0,1.0,1.0,1.0,1.0
2,MIMAT0000441,SIRT1,mir_to_gene,,0.3333333432674408,0.3333333432674408,0.3333333432674408,0.3333333432674408,0.3333333432674408
2,MIMAT0000441,SERINC5,mir_to_gene,,1.0,1.0,1.0,1.0,1.0
2,MIMAT0000441,ONECUT2,mir_to_gene,,1.0,1.0,1.0,1.0,1.0
2,MIMAT0000441,REST,mir_to_gene,,0.5,0.5,0.5,0.5,0.5
2,MIMAT0000441,NFAT5,mir_to_gene,,0.25,0.25,0.25,0.25,0.25
2,MIMAT0000441,SLC30A4,mir_to_gene,,1.0,1.0,1.0,1.0,1.0
2,MIMAT0000441,JAK1,mir_to_gene,,0.5,0.5,0.5,0.5,0.5
2,MIMAT0000441,MYLK,mir_to_gene,,1.0,1.0,1.0,1.0,1.0
2,MIMAT0000441,TTC7B,mir_to_gene,,1.0,1.0,1.0,1.0,1.0
2,MIMAT0000441,ZNF704,mir_to_gene,,1.0,1.0,1.0,1.0,1.0
2,RASGRF1,fu:7e2a8487,gene_to_fu,,0.3331027030944824,0.3328363001346588,0.33408164978027344,0.3350483477115631,0.3304445743560791
2,RASGRF2,fu:7e2a8487,gene_to_fu,,0.3331027030944824,0.3328363001346588,0.33408164978027344,0.3350483477115631,0.3304445743560791
2,DUSP10,fu:fd226da5,gene_to_fu,,0.10001175105571747,0.10002689063549042,0.10002872347831726,0.10006741434335709,0.09992397576570511
2,DUSP1,fu:fd226da5,gene_to_fu,,0.10001175105571747,0.10002689063549042,0.10002872347831726,0.10006741434335709,0.09992397576570511
2,DUSP2,fu:fd226da5,gene_to_fu,,0.09989424049854279,0.09975799918174744,0.09974151849746704,0.09939325600862503,0.10068418085575104
2,DUSP4,fu:fd226da5,gene_to_fu,,0.10001175105571747,0.10002689063549042,0.10002872347831726,0.10006741434335709,0.09992397576570511
2,DUSP5,fu:fd226da5,gene_to_fu,,0.10001175105571747,0.10002689063549042,0.10002872347831726,0.10006741434335709,0.09992397576570511
2,DUSP6,fu:fd226da5,gene_to_fu,,0.10001175105571747,0.10002689063549042,0.10002872347831726,0.10006741434335709,0.09992397576570511
2,DUSP7,fu:fd226da5,gene_to_fu,,0.10001175105571747,0.10002689063549042,0.10002872347831726,0.10006741434335709,0.09992397576570511
2,DUSP8,fu:fd226da5,gene_to_fu,,0.10001175105571747,0.10002689063549042,0.10002872347831726,0.10006741434335709,0.09992397576570511
2,DUSP9,fu:fd226da5,gene_to_fu,,0.10001175105571747,0.10002689063549042,0.10002872347831726,0.10006741434335709,0.09992397576570511
2,DUSP16,fu:fd226da5,gene_to_fu,,0.10001175105571747,0.10002689063549042,0.10002872347831726,0.10006741434335709,0.09992397576570511
2,DUSP3,fu:084a3d94,gene_to_fu,,0.25,0.25,0.25,0.25,0.25
2,PTPN7,fu:084a3d94,gene_to_fu,,0.25,0.25,0.25,0.25,0.25
2,PTPRR,fu:084a3d94,gene_to_fu,,0.25,0.25,0.25,0.25,0.25
2,PTPN5,fu:084a3d94,gene_to_fu,,0.25,0.25,0.25,0.25,0.25
2,PPM1B,fu:0047a61e,gene_to_fu,,1.0,1.0,1.0,1.0,1.0
2,FASLG,fu:c8457d96,gene_to_fu,,1.0,1.0,1.0,1.0,1.0
2,MAP4K4,fu:3687d0f8,gene_to_fu,,1.0,1.0,1.0,1.0,1.0
2,PLA2G4E,fu:770a684e,gene_to_fu,,0.14287203550338745,0.14283129572868347,0.14292730391025543,0.14310529828071594,0.14262424409389496
2,PLA2G4F,fu:770a684e,gene_to_fu,,0.14287203550338745,0.14283129572868347,0.14292730391025543,0.14310529828071594,0.14262424409389496
2,PLA2G4D,fu:770a684e,gene_to_fu,,0.14287203550338745,0.14283129572868347,0.14292730391025543,0.14310529828071594,0.14262424409389496
2,PLA2G4A,fu:770a684e,gene_to_fu,,0.14287203550338745,0.14283129572868347,0.14292730391025543,0.14310529828071594,0.14262424409389496
2,PLA2G4C,fu:770a684e,gene_to_fu,,0.14287203550338745,0.14283129572868347,0.14292730391025543,0.14310529828071594,0.14262424409389496
2,JMJD7-PLA2G4B,fu:770a684e,gene_to_fu,,0.14287203550338745,0.14283129572868347,0.14292730391025543,0.14310529828071594,0.14262424409389496
2,STMN1,fu:8ef29752,gene_to_fu,,0.49965065717697144,0.4999523460865021,0.5000795722007751,0.5002023577690125,0.4983683228492737
2,MAPT,fu:02b71dbc,gene_to_fu,,0.49980759620666504,0.4996834695339203,0.5008605718612671,0.5015278458595276,0.49715858697891235
2,NFKB1,fu:6b254be8,gene_to_fu,,0.16655762493610382,0.16659919917583466,0.1664319485425949,0.16620807349681854,0.16699129343032837
2,NFKB2,fu:6b254be8,gene_to_fu,,0.16677764058113098,0.1667965203523636,0.16693051159381866,0.1675422489643097,0.16584129631519318
2,RELA,fu:6b254be8,gene_to_fu,,0.16677764058113098,0.1667965203523636,0.16693051159381866,0.1675422489643097,0.16584129631519318
2,RELB,fu:6b254be8,gene_to_fu,,0.16677764058113098,0.1667965203523636,0.16693051159381866,0.1675422489643097,0.16584129631519318
2,CHUK,fu:e96fee09,gene_to_fu,,0.14280930161476135,0.1427503377199173,0.14315904676914215,0.14349991083145142,0.14182788133621216
2,IKBKB,fu:e96fee09,gene_to_fu,,0.14280930161476135,0.1427503377199173,0.14315904676914215,0.14349991083145142,0.14182788133621216
2,IKBKG,fu:e96fee09,gene_to_fu,,0.14280930161476135,0.1427503377199173,0.14315904676914215,0.14349991083145142,0.14182788133621216
2,MAP3K14,fu:f132c1b4,gene_to_fu,,0.3332363963127136,0.33322030305862427,0.33476078510284424,0.33517923951148987,0.3297852873802185
2,MAPK1,fu:b1fed606,gene_to_fu,,0.1665186583995819,0.16651605069637299,0.1671551614999771,0.16745488345623016,0.1649484932422638
2,MAPK3,fu:b1fed606,gene_to_fu,,0.1665186583995819,0.16651605069637299,0.1671551614999771,0.16745488345623016,0.1649484932422638
2,MAP2K2,fu:e711f0a6,gene_to_fu,,0.1426967978477478,0.14281156659126282,0.1433304101228714,0.14345383644104004,0.14119133353233337
2,MAP2K1,fu:74ae7efc,gene_to_fu,,0.14270244538784027,0.14281156659126282,0.1433304101228714,0.1434764564037323,0.14119133353233337
2,RAF1,fu:21c326d4,gene_to_fu,,0.33294641971588135,0.3325870633125305,0.3341493010520935,0.3356170356273651,0.32943224906921387
2,BRAF,fu:7ebcd056,gene_to_fu,,0.3333190083503723,0.3319668769836426,0.33380481600761414,0.3353021442890167,0.33220216631889343
2,RASA1,fu:69624e88,gene_to_fu,,1.0,1.0,1.0,1.0,1.0
2,NF1,fu:368c2fa7,gene_to_fu,,1.0,1.0,1.0,1.0,1.0
2,PRKCA,fu:35131c42,gene_to_fu,,0.3333333432674408,0.3333333432674408,0.3333333432674408,0.3333333432674408,0.3333333432674408
2,PRKCB,fu:35131c42,gene_to_fu,,0.3333333432674408,0.3333333432674408,0.3333333432674408,0.3333333432674408,0.3333333432674408
2,PRKCG,fu:35131c42,gene_to_fu,,0.3333333432674408,0.3333333432674408,0.3333333432674408,0.3333333432674408,0.3333333432674408
2,RAP1A,fu:9786b5ed,gene_to_fu,,0.3331966698169708,0.3333105444908142,0.333705872297287,0.33419904112815857,0.33157119154930115
2,RAP1B,fu:9786b5ed,gene_to_fu,,0.3331966698169708,0.3333105444908142,0.333705872297287,0.33419904112815857,0.33157119154930115
2,PRKACA,fu:bcdaeed1,gene_to_fu,,0.3333333432674408,0.3333333432674408,0.3333333432674408,0.3333333432674408,0.3333333432674408
2,PRKACB,fu:bcdaeed1,gene_to_fu,,0.3333333432674408,0.3333333432674408,0.3333333432674408,0.3333333432674408,0.3333333432674408
2,PRKACG,fu:bcdaeed1,gene_to_fu,,0.3333333432674408,0.3333333432674408,0.3333333432674408,0.3333333432674408,0.3333333432674408
2,RAPGEF2,fu:bd2e123e,gene_to_fu,,1.0,1.0,1.0,1.0,1.0
2,RASA2,fu:fa467b33,gene_to_fu,,0.4997243583202362,0.49915745854377747,0.5007455348968506,0.5042120814323425,0.49478235840797424
2,RRAS2,fu:35bcc57b,gene_to_fu,,0.07128247618675232,0.07138637453317642,0.07168496400117874,0.07177762687206268,0.07028093189001083
2,MRAS,fu:35bcc57b,gene_to_fu,,0.07124907523393631,0.07136321067810059,0.07146723568439484,0.07146156579256058,0.07070427387952805
2,HRAS,fu:35bcc57b,gene_to_fu,,0.07128247618675232,0.07138637453317642,0.07168496400117874,0.07177762687206268,0.07028093189001083
2,KRAS,fu:35bcc57b,gene_to_fu,,0.07128247618675232,0.07138637453317642,0.07168496400117874,0.07177762687206268,0.07028093189001083
2,NRAS,fu:35bcc57b,gene_to_fu,,0.07129082828760147,0.07136590033769608,0.0714786946773529,0.0714799016714096,0.0708388164639473
2,RRAS,fu:35bcc57b,gene_to_fu,,0.07129211723804474,0.07137125730514526,0.07149892300367355,0.07145263999700546,0.07084563374519348
2,RASGRP1,fu:82456880,gene_to_fu,,0.19993092119693756,0.19982096552848816,0.2002691626548767,0.20067712664604187,0.1989564299583435
2,RASGRP2,fu:82456880,gene_to_fu,,0.19993092119693756,0.19982096552848816,0.2002691626548767,0.20067712664604187,0.1989564299583435
2,RASGRP4,fu:82456880,gene_to_fu,,0.19993092119693756,0.19982096552848816,0.2002691626548767,0.20067712664604187,0.1989564299583435
2,RASGRP3,fu:82456880,gene_to_fu,,0.19993092119693756,0.19982096552848816,0.2002691626548767,0.20067712664604187,0.1989564299583435
2,SOS1,fu:def1099f,gene_to_fu,,0.5,0.5,0.5,0.5,0.5
2,SOS2,fu:def1099f,gene_to_fu,,0.5,0.5,0.5,0.5,0.5
2,GNA12,fu:f390c31d,gene_to_fu,,0.4997880160808563,0.49974003434181213,0.4992862343788147,0.4980030059814453,0.5021227598190308
2,GNG12,fu:f390c31d,gene_to_fu,,0.5002120137214661,0.5002599358558655,0.5007137656211853,0.5019969344139099,0.4978772699832916
2,GRB2,fu:c110bb17,gene_to_fu,,0.4990499019622803,0.49944034218788147,0.5012068152427673,0.5022504925727844,0.4933019280433655
2,CSF1R,fu:7f7b2f5f,gene_to_fu,,0.03704771399497986,0.037019480019807816,0.03707434609532356,0.03716408461332321,0.03693295270204544
2,EGFR,fu:7f7b2f5f,gene_to_fu,,0.03700653836131096,0.03694375231862068,0.03696470707654953,0.036853332072496414,0.03726435825228691
2,EPHA2,fu:7f7b2f5f,gene_to_fu,,0.03704771399497986,0.037019480019807816,0.03707434609532356,0.03716408461332321,0.03693295270204544
2,ERBB2,fu:7f7b2f5f,gene_to_fu,,0.03704771399497986,0.037019480019807816,0.03707434609532356,0.03716408461332321,0.03693295270204544
2,ERBB3,fu:7f7b2f5f,gene_to_fu,,0.03704771399497986,0.037019480019807816,0.03707434609532356,0.03716408461332321,0.03693295270204544
2,ERBB4,fu:7f7b2f5f,gene_to_fu,,0.0369909331202507,0.037031058222055435,0.03695870563387871,0.03686186671257019,0.037112101912498474
2,FGFR1,fu:7f7b2f5f,gene_to_fu,,0.037019986659288406,0.036966416984796524,0.03696766495704651,0.03691974654793739,0.0372261218726635
2,FGFR3,fu:7f7b2f5f,gene_to_fu,,0.03704771399497986,0.037019480019807816,0.03707434609532356,0.03716408461332321,0.03693295270204544
2,FGFR2,fu:7f7b2f5f,gene_to_fu,,0.03704771399497986,0.037019480019807816,0.03707434609532356,0.03716408461332321,0.03693295270204544
2,FGFR4,fu:7f7b2f5f,gene_to_fu,,0.03704771399497986,0.037019480019807816,0.03707434609532356,0.03716408461332321,0.03693295270204544
2,FLT1,fu:7f7b2f5f,gene_to_fu,,0.03704771399497986,0.037019480019807816,0.03707434609532356,0.03716408461332321,0.03693295270204544
2,FLT3,fu:7f7b2f5f,gene_to_fu,,0.03704771399497986,0.037019480019807816,0.03707434609532356,0.03716408461332321,0.03693295270204544
2,FLT4,fu:7f7b2f5f,gene_to_fu,,0.03704771399497986,0.037019480019807816,0.03707434609532356,0.03716408461332321,0.03693295270204544
2,IGF1R,fu:7f7b2f5f,gene_to_fu,,0.03704771399497986,0.037019480019807816,0.03707434609532356,0.03716408461332321,0.03693295270204544
2,INSR,fu:7f7b2f5f,gene_to_fu,,0.03704771399497986,0.037019480019807816,0.03707434609532356,0.03716408461332321,0.03693295270204544
2,KDR,fu:7f7b2f5f,gene_to_fu,,0.03704771399497986,0.037019480019807816,0.03707434609532356,0.03716408461332321,0.03693295270204544
2,KIT,fu:7f7b2f5f,gene_to_fu,,0.036997318267822266,0.036972954869270325,0.03696403652429581,0.036859653890132904,0.03719262778759003
2,MET,fu:7f7b2f5f,gene_to_fu,,0.03700558841228485,0.036959484219551086,0.03698883205652237,0.03690822422504425,0.0371658094227314
2,NGFR,fu:7f7b2f5f,gene_to_fu,,0.03704771399497986,0.037019480019807816,0.03707434609532356,0.03716408461332321,0.03693295270204544
2,NTRK1,fu:7f7b2f5f,gene_to_fu,,0.03704771399497986,0.037019480019807816,0.03707434609532356,0.03716408461332321,0.03693295270204544
2,NTRK2,fu:7f7b2f5f,gene_to_fu,,0.03701817989349365,0.03708123788237572,0.03697343170642853,0.03686007112264633,0.03715796768665314
2,PDGFRA,fu:7f7b2f5f,gene_to_fu,,0.037009380757808685,0.03698030486702919,0.03697812929749489,0.03684938699007034,0.03722970560193062
2,PDGFRB,fu:7f7b2f5f,gene_to_fu,,0.03704771399497986,0.037019480019807816,0.03707434609532356,0.03716408461332321,0.03693295270204544
2,RET,fu:7f7b2f5f,gene_to_fu,,0.03704771399497986,0.037019480019807816,0.03707434609532356,0.03716408461332321,0.03693295270204544
2,TEK,fu:7f7b2f5f,gene_to_fu,,0.03704771399497986,0.037019480019807816,0.03707434609532356,0.03716408461332321,0.03693295270204544
2,CACNG3,fu:dd374616,gene_to_fu,,0.0384649857878685,0.038464803248643875,0.03846978396177292,0.03848542273044586,0.038439929485321045
2,CACNG2,fu:dd374616,gene_to_fu,,0.0384649857878685,0.038464803248643875,0.03846978396177292,0.03848542273044586,0.038439929485321045
2,CACNG5,fu:dd374616,gene_to_fu,,0.0384056456387043,0.0383155383169651,0.0383601076900959,0.03817922994494438,0.03876771405339241
2,CACNG4,fu:dd374616,gene_to_fu,,0.0384649857878685,0.038464803248643875,0.03846978396177292,0.03848542273044586,0.038439929485321045
2,CACNA2D3,fu:dd374616,gene_to_fu,,0.0384649857878685,0.038464803248643875,0.03846978396177292,0.03848542273044586,0.038439929485321045
2,CACNG8,fu:dd374616,gene_to_fu,,0.038434695452451706,0.03852897137403488,0.03836507350206375,0.038170602172613144,0.03867412731051445
2,CACNG7,fu:dd374616,gene_to_fu,,0.0384649857878685,0.038464803248643875,0.03846978396177292,0.03848542273044586,0.038439929485321045
2,CACNG6,fu:dd374616,gene_to_fu,,0.0384649857878685,0.038464803248643875,0.03846978396177292,0.03848542273044586,0.038439929485321045
2,CACNA1A,fu:dd374616,gene_to_fu,,0.0384649857878685,0.038464803248643875,0.03846978396177292,0.03848542273044586,0.038439929485321045
2,CACNA1B,fu:dd374616,gene_to_fu,,0.0384649857878685,0.038464803248643875,0.03846978396177292,0.03848542273044586,0.038439929485321045
2,CACNA1C,fu:dd374616,gene_to_fu,,0.0384649857878685,0.038464803248643875,0.03846978396177292,0.03848542273044586,0.038439929485321045
2,CACNA1D,fu:dd374616,gene_to_fu,,0.0384649857878685,0.038464803248643875,0.03846978396177292,0.03848542273044586,0.038439929485321045
2,CACNA1E,fu:dd374616,gene_to_fu,,0.0384649857878685,0.038464803248643875,0.03846978396177292,0.03848542273044586,0.038439929485321045
2,CACNA1F,fu:dd374616,gene_to_fu,,0.0384649857878685,0.038464803248643875,0.03846978396177292,0.03848542273044586,0.038439929485321045
2,CACNA1S,fu:dd374616,gene_to_fu,,0.0384649857878685,0.038464803248643875,0.03846978396177292,0.03848542273044586,0.038439929485321045
2,CACNA2D1,fu:dd374616,gene_to_fu,,0.0384649857878685,0.038464803248643875,0.03846978396177292,0.03848542273044586,0.038439929485321045
2,CACNB1,fu:dd374616,gene_to_fu,,0.0384649857878685,0.038464803248643875,0.03846978396177292,0.03848542273044586,0.038439929485321045
2,CACNB2,fu:dd374616,gene_to_fu,,0.0384649857878685,0.038464803248643875,0.03846978396177292,0.03848542273044586,0.038439929485321045
2,CACNB3,fu:dd374616,gene_to_fu,,0.0384649857878685,0.038464803248643875,0.03846978396177292,0.03848542273044586,0.038439929485321045
2,CACNB4,fu:dd374616,gene_to_fu,,0.0384649857878685,0.038464803248643875,0.03846978396177292,0.03848542273044586,0.038439929485321045
2,CACNG1,fu:dd374616,gene_to_fu,,0.0384649857878685,0.038464803248643875,0.03846978396177292,0.03848542273044586,0.038439929485321045
2,CACNA1I,fu:dd374616,gene_to_fu,,0.0384649857878685,0.038464803248643875,0.03846978396177292,0.03848542273044586,0.038439929485321045
2,CACNA1H,fu:dd374616,gene_to_fu,,0.0384649857878685,0.038464803248643875,0.03846978396177292,0.03848542273044586,0.038439929485321045
2,CACNA1G,fu:dd374616,gene_to_fu,,0.0384649857878685,0.038464803248643875,0.03846978396177292,0.03848542273044586,0.038439929485321045
2,CACNA2D2,fu:dd374616,gene_to_fu,,0.0384649857878685,0.038464803248643875,0.03846978396177292,0.03848542273044586,0.038439929485321045
2,CACNA2D4,fu:dd374616,gene_to_fu,,0.0384649857878685,0.038464803248643875,0.03846978396177292,0.03848542273044586,0.038439929485321045
2,NR4A1,fu:aeb42500,gene_to_fu,,0.49933746457099915,0.49840861558914185,0.5010232925415039,0.5025759339332581,0.4953420162200928
2,MAPK7,fu:4e3892e3,gene_to_fu,,0.49984675645828247,0.4997212290763855,0.501737654209137,0.5025182962417603,0.49540990591049194
2,MAP2K5,fu:9a13759c,gene_to_fu,,1.0,1.0,1.0,1.0,1.0
2,NLK,fu:ede2f5af,gene_to_fu,,0.49998870491981506,0.49969378113746643,0.50084388256073,0.5022391080856323,0.4971780776977539
2,CDC25B,fu:6463ffd1,gene_to_fu,,0.4998253583908081,0.4989711046218872,0.5007703900337219,0.5024925470352173,0.49706748127937317
2,RPS6KA4,fu:3273328d,gene_to_fu,,0.33345216512680054,0.33317387104034424,0.3339955508708954,0.3354484438896179,0.3311908543109894
2,RPS6KA5,fu:3273328d,gene_to_fu,,0.33305346965789795,0.3322782516479492,0.3330365717411041,0.333188533782959,0.33371052145957947
2,MAPKAPK3,fu:dd701a8d,gene_to_fu,,0.3331628739833832,0.33287572860717773,0.3336755633354187,0.3340727984905243,0.3320274353027344
2,MAPKAPK2,fu:dd701a8d,gene_to_fu,,0.3331628739833832,0.33287572860717773,0.3336755633354187,0.3340727984905243,0.3320274353027344
2,ATF4,fu:b5bf47cc,gene_to_fu,,0.3329783082008362,0.33323588967323303,0.33428600430488586,0.3347817361354828,0.3296096622943878
2,MEF2C,fu:9217ec0a,gene_to_fu,,0.4997662901878357,0.49917352199554443,0.5000500082969666,0.5007973909378052,0.49904412031173706
2,MAX,fu:83098143,gene_to_fu,,0.49958497285842896,0.49979421496391296,0.5007703900337219,0.5007078051567078,0.49706748127937317
2,DDIT3,fu:2b9b82f8,gene_to_fu,,0.49958252906799316,0.49979421496391296,0.5007703900337219,0.5006980299949646,0.49706748127937317
2,ELK4,fu:13ad26cc,gene_to_fu,,0.4997817873954773,0.49929696321487427,0.5007703900337219,0.5019923448562622,0.49706748127937317
2,TP53,fu:7d38c72e,gene_to_fu,,0.3330658972263336,0.3327164649963379,0.33400845527648926,0.3345029056072235,0.3310357630252838
2,ELK1,fu:2be3360b,gene_to_fu,,0.3329755961894989,0.3326631188392639,0.33400845527648926,0.3341950476169586,0.3310357630252838
2,ATF2,fu:fa6497d0,gene_to_fu,,0.4996669292449951,0.49877360463142395,0.5001536011695862,0.5003464221954346,0.4993939995765686
2,MAPK14,fu:828681e8,gene_to_fu,,0.12485814839601517,0.1246880516409874,0.12495025247335434,0.12488831579685211,0.12490596622228622
2,MAPK11,fu:828681e8,gene_to_fu,,0.1249009296298027,0.1248670369386673,0.12531082332134247,0.1255035698413849,0.12392228096723557
2,MAPK13,fu:828681e8,gene_to_fu,,0.1249009296298027,0.1248670369386673,0.12531082332134247,0.1255035698413849,0.12392228096723557
2,MAPK12,fu:828681e8,gene_to_fu,,0.1249009296298027,0.1248670369386673,0.12531082332134247,0.1255035698413849,0.12392228096723557
2,PPP5C,fu:c1b5761a,gene_to_fu,,1.0,1.0,1.0,1.0,1.0
2,MAP2K6,fu:57f73e22,gene_to_fu,,0.14259502291679382,0.14274097979068756,0.14346465468406677,0.14355722069740295,0.1406172215938568
2,MAP2K3,fu:39b0ba80,gene_to_fu,,0.1426001787185669,0.14272862672805786,0.14346465468406677,0.14359016716480255,0.1406172215938568
2,DUSP10,fu:377d6159,gene_to_fu,,0.12501837313175201,0.12504202127456665,0.12504488229751587,0.1251053512096405,0.12488123774528503
2,DUSP2,fu:377d6159,gene_to_fu,,0.1248713880777359,0.12470588833093643,0.1246858537197113,0.12426251918077469,0.12583132088184357
2,DUSP4,fu:377d6159,gene_to_fu,,0.12501837313175201,0.12504202127456665,0.12504488229751587,0.1251053512096405,0.12488123774528503
2,DUSP5,fu:377d6159,gene_to_fu,,0.12501837313175201,0.12504202127456665,0.12504488229751587,0.1251053512096405,0.12488123774528503
2,DUSP7,fu:377d6159,gene_to_fu,,0.12501837313175201,0.12504202127456665,0.12504488229751587,0.1251053512096405,0.12488123774528503
2,DUSP8,fu:377d6159,gene_to_fu,,0.12501837313175201,0.12504202127456665,0.12504488229751587,0.1251053512096405,0.12488123774528503
2,DUSP9,fu:377d6159,gene_to_fu,,0.12501837313175201,0.12504202127456665,0.12504488229751587,0.1251053512096405,0.12488123774528503
2,DUSP16,fu:377d6159,gene_to_fu,,0.12501837313175201,0.12504202127456665,0.12504488229751587,0.1251053512096405,0.12488123774528503
2,DUSP3,fu:86cdce68,gene_to_fu,,0.25,0.25,0.25,0.25,0.25
2,PTPN7,fu:86cdce68,gene_to_fu,,0.25,0.25,0.25,0.25,0.25
2,PTPRR,fu:86cdce68,gene_to_fu,,0.25,0.25,0.25,0.25,0.25
2,PTPN5,fu:86cdce68,gene_to_fu,,0.25,0.25,0.25,0.25,0.25
2,PPM1A,fu:628792dc,gene_to_fu,,1.0,1.0,1.0,1.0,1.0
2,AKT3,fu:2959a7f6,gene_to_fu,,0.33320873975753784,0.3338026702404022,0.3329240381717682,0.3325408399105072,0.33356741070747375
2,AKT1,fu:2959a7f6,gene_to_fu,,0.33322179317474365,0.3329223096370697,0.33310461044311523,0.33231061697006226,0.33454960584640503
2,AKT2,fu:2959a7f6,gene_to_fu,,0.3335694670677185,0.3332749903202057,0.3339713513851166,0.33514857292175293,0.33188295364379883
2,TAOK3,fu:e2d583f5,gene_to_fu,,0.3334139287471771,0.3334285020828247,0.3336246907711029,0.33407512307167053,0.33252739906311035
2,TAOK1,fu:e2d583f5,gene_to_fu,,0.33317214250564575,0.333143025636673,0.3327505886554718,0.3318497836589813,0.3349452018737793
2,TAOK2,fu:e2d583f5,gene_to_fu,,0.3334139287471771,0.3334285020828247,0.3336246907711029,0.33407512307167053,0.33252739906311035
2,MAP3K4,fu:5e066f99,gene_to_fu,,0.499355673789978,0.49552226066589355,0.5010737180709839,0.5031782984733582,0.4976484775543213
2,HSPB1,fu:18b46668,gene_to_fu,,0.3330520987510681,0.3331305980682373,0.3341262638568878,0.33408045768737793,0.3308711051940918
2,MAP3K7,fu:4dbb2d89,gene_to_fu,,0.24988162517547607,0.24983437359333038,0.2510690987110138,0.2515485882759094,0.2470744401216507
2,MAP3K5,fu:127bf490,gene_to_fu,,0.19970978796482086,0.19984018802642822,0.20064212381839752,0.2012961357831955,0.197060689330101
2,MAP3K6,fu:fe378cbc,gene_to_fu,,1.0,1.0,1.0,1.0,1.0
2,MAP3K12,fu:12e2c442,gene_to_fu,,0.5,0.5,0.5,0.5,0.5
2,MAP3K13,fu:12e2c442,gene_to_fu,,0.5,0.5,0.5,0.5,0.5
2,MAP3K9,fu:ef42bc35,gene_to_fu,,0.5,0.5,0.5,0.5,0.5
2,MAP3K10,fu:ef42bc35,gene_to_fu,,0.5,0.5,0.5,0.5,0.5
2,MAP4K2,fu:f6a34c03,gene_to_fu,,0.49924302101135254,0.4987421929836273,0.500379204750061,0.5007195472717285,0.4971311092376709
2,STK3,fu:20a3b14c,gene_to_fu,,0.3335748314857483,0.3327827453613281,0.3339667022228241,0.3357802927494049,0.33176952600479126
2,STK4,fu:20a3b14c,gene_to_fu,,0.33302709460258484,0.3322431445121765,0.3329523503780365,0.3331449627876282,0.33376795053482056
2,ECSIT,fu:12774d68,gene_to_fu,,1.0,1.0,1.0,1.0,1.0
2,TAB2,fu:1bdb6764,gene_to_fu,,1.0,1.0,1.0,1.0,1.0
2,TAB1,fu:cc0e0a55,gene_to_fu,,0.24962881207466125,0.24964754283428192,0.2508566677570343,0.2513711750507355,0.24663987755775452
2,GADD45G,fu:fcc91474,gene_to_fu,,0.3333333432674408,0.3333333432674408,0.3333333432674408,0.3333333432674408,0.3333333432674408
2,GADD45A,fu:fcc91474,gene_to_fu,,0.3333333432674408,0.3333333432674408,0.3333333432674408,0.3333333432674408,0.3333333432674408
2,GADD45B,fu:fcc91474,gene_to_fu,,0.3333333432674408,0.3333333432674408,0.3333333432674408,0.3333333432674408,0.3333333432674408
2,TRAF6,fu:d3570c60,gene_to_fu,,0.24968191981315613,0.24952426552772522,0.25056400895118713,0.2504654824733734,0.24817398190498352
2,DAXX,fu:80de25d0,gene_to_fu,,0.33312755823135376,0.33311495184898376,0.33433085680007935,0.3352659344673157,0.3297984302043915
2,TRAF2,fu:3f6a023b,gene_to_fu,,0.4996011555194855,0.4977934658527374,0.5011246800422668,0.5029295682907104,0.4965569078922272
2,CASP3,fu:69217a4b,gene_to_fu,,0.499565452337265,0.49816393852233887,0.5011246800422668,0.5024163126945496,0.4965569078922272
2,CD14,fu:ac41e7b6,gene_to_fu,,1.0,1.0,1.0,1.0,1.0
2,TGFBR1,fu:7961a9c2,gene_to_fu,,0.33337894082069397,0.33348751068115234,0.33358389139175415,0.33436429500579834,0.33208003640174866
2,TGFBR2,fu:7961a9c2,gene_to_fu,,0.3332986831665039,0.3325797915458679,0.33362630009651184,0.33426737785339355,0.33272117376327515
2,FAS,fu:ac1b5dfa,gene_to_fu,,0.49960100650787354,0.4991752803325653,0.5008841753005981,0.5023842453956604,0.49596020579338074
2,IL1R1,fu:f017c41c,gene_to_fu,,0.33346810936927795,0.33203068375587463,0.3334060311317444,0.33554673194885254,0.33288896083831787
2,IL1RAP,fu:f017c41c,gene_to_fu,,0.33346810936927795,0.33203068375587463,0.3334060311317444,0.33554673194885254,0.33288896083831787
2,TNFRSF1A,fu:0c8f29ae,gene_to_fu,,0.4993066191673279,0.4965951442718506,0.5011089444160461,0.503150224685669,0.49637219309806824
2,TGFB1,fu:c12b6dd3,gene_to_fu,,0.3333333432674408,0.3333333432674408,0.3333333432674408,0.3333333432674408,0.3333333432674408
2,TGFB2,fu:c12b6dd3,gene_to_fu,,0.3333333432674408,0.3333333432674408,0.3333333432674408,0.3333333432674408,0.3333333432674408
2,TGFB3,fu:c12b6dd3,gene_to_fu,,0.3333333432674408,0.3333333432674408,0.3333333432674408,0.3333333432674408,0.3333333432674408
2,IL1A,fu:6e503f28,gene_to_fu,,0.5,0.5,0.5,0.5,0.5
2,IL1B,fu:6e503f28,gene_to_fu,,0.5,0.5,0.5,0.5,0.5
2,TNF,fu:69228b75,gene_to_fu,,1.0,1.0,1.0,1.0,1.0
2,MAPKAPK5,fu:a6e8f63a,gene_to_fu,,0.4998343586921692,0.4989711046218872,0.5007703900337219,0.5025284886360168,0.49706748127937317
2,RAC1,fu:2b5c3e60,gene_to_fu,,0.25000253319740295,0.24989576637744904,0.2501702308654785,0.2503243088722229,0.24961979687213898
2,RAC2,fu:2b5c3e60,gene_to_fu,,0.25000253319740295,0.24989576637744904,0.2501702308654785,0.2503243088722229,0.24961979687213898
2,RAC3,fu:2b5c3e60,gene_to_fu,,0.25000253319740295,0.24989576637744904,0.2501702308654785,0.2503243088722229,0.24961979687213898
2,CDC42,fu:2b5c3e60,gene_to_fu,,0.24999240040779114,0.2503126561641693,0.24948929250240326,0.2490270882844925,0.25114062428474426
2,PAK1,fu:435e22e3,gene_to_fu,,0.24970346689224243,0.24831058084964752,0.249705508351326,0.25011053681373596,0.25068727135658264
2,PAK2,fu:435e22e3,gene_to_fu,,0.24994373321533203,0.24867139756679535,0.2504194676876068,0.2521163821220398,0.24856768548488617
2,MAP3K2,fu:ad5afd37,gene_to_fu,,0.3330174684524536,0.33281224966049194,0.33300837874412537,0.33323654532432556,0.3330126404762268
2,MAP3K3,fu:ad5afd37,gene_to_fu,,0.333474725484848,0.3332076370716095,0.33400899171829224,0.33573201298713684,0.3309502899646759
2,MAPK8IP2,fu:991f34de,gene_to_fu,,0.5,0.5,0.5,0.5,0.5
2,MAPK8IP1,fu:991f34de,gene_to_fu,,0.5,0.5,0.5,0.5,0.5
2,MAP3K11,fu:a7fa684d,gene_to_fu,,0.33221864700317383,0.33174341917037964,0.33454155921936035,0.335096150636673,0.32749345898628235
2,MAP2K7,fu:3cd4cf69,gene_to_fu,,0.14250686764717102,0.14262443780899048,0.14351221919059753,0.14357627928256989,0.14031453430652618
2,MAPK8,fu:ba3ca63f,gene_to_fu,,0.0998336523771286,0.09983702749013901,0.10013794898986816,0.10019324719905853,0.0991663858294487
2,MAPK9,fu:ba3ca63f,gene_to_fu,,0.0998077243566513,0.09982261806726456,0.10016682744026184,0.10017131268978119,0.09907011687755585
2,MAPK10,fu:ba3ca63f,gene_to_fu,,0.09974823147058487,0.0998719185590744,0.10011368244886398,0.10014467686414719,0.0988626554608345
2,MAP2K4,fu:d1f9d8ef,gene_to_fu,,0.24979519844055176,0.2497837096452713,0.250844269990921,0.25135716795921326,0.24719560146331787
2,CRK,fu:77025b10,gene_to_fu,,0.24981598556041718,0.2497720569372177,0.250380277633667,0.2502778470516205,0.24883370101451874
2,CRKL,fu:77025b10,gene_to_fu,,0.24981598556041718,0.2497720569372177,0.250380277633667,0.2502778470516205,0.24883370101451874
2,ARRB1,fu:faa1f8c9,gene_to_fu,,0.33337193727493286,0.3332129716873169,0.3336767852306366,0.33434173464775085,0.33225616812705994
2,ARRB2,fu:faa1f8c9,gene_to_fu,,0.33337193727493286,0.3332129716873169,0.3336767852306366,0.33434173464775085,0.33225616812705994
2,MECOM,fu:4b038677,gene_to_fu,,1.0,1.0,1.0,1.0,1.0
2,HSPA1A,fu:95cbce1b,gene_to_fu,,0.20000000298023224,0.20000000298023224,0.20000000298023224,0.20000000298023224,0.20000000298023224
2,HSPA1B,fu:95cbce1b,gene_to_fu,,0.20000000298023224,0.20000000298023224,0.20000000298023224,0.20000000298023224,0.20000000298023224
2,HSPA1L,fu:95cbce1b,gene_to_fu,,0.20000000298023224,0.20000000298023224,0.20000000298023224,0.20000000298023224,0.20000000298023224
2,HSPA6,fu:95cbce1b,gene_to_fu,,0.20000000298023224,0.20000000298023224,0.20000000298023224,0.20000000298023224,0.20000000298023224
2,HSPA8,fu:95cbce1b,gene_to_fu,,0.20000000298023224,0.20000000298023224,0.20000000298023224,0.20000000298023224,0.20000000298023224
2,JUND,fu:6625a9a4,gene_to_fu,,0.4995827078819275,0.4993591606616974,0.5007479190826416,0.5004691481590271,0.4977545738220215
2,FOS,fu:db67d58a,gene_to_fu,,0.33314740657806396,0.33304840326309204,0.3336655795574188,0.33354178071022034,0.33233389258384705
2,JUN,fu:db67d58a,gene_to_fu,,0.33314740657806396,0.33304840326309204,0.3336655795574188,0.33354178071022034,0.33233389258384705
2,NFATC3,fu:3e02b3f0,gene_to_fu,,0.33296239376068115,0.3328743278980255,0.33425211906433105,0.33539190888404846,0.32933124899864197
2,NFATC1,fu:6d28341f,gene_to_fu,,0.3328939378261566,0.3328811228275299,0.33425211906433105,0.33511120080947876,0.32933124899864197
2,PPP3CA,fu:5feacf84,gene_to_fu,,0.20003163814544678,0.19993329048156738,0.20010893046855927,0.20032773911952972,0.19975659251213074
2,PPP3CB,fu:5feacf84,gene_to_fu,,0.20003163814544678,0.19993329048156738,0.20010893046855927,0.20032773911952972,0.19975659251213074
2,PPP3CC,fu:5feacf84,gene_to_fu,,0.20003163814544678,0.19993329048156738,0.20010893046855927,0.20032773911952972,0.19975659251213074
2,PPP3R1,fu:5feacf84,gene_to_fu,,0.1998734325170517,0.20026683807373047,0.19956424832344055,0.19868901371955872,0.20097362995147705
2,PPP3R2,fu:5feacf84,gene_to_fu,,0.20003163814544678,0.19993329048156738,0.20010893046855927,0.20032773911952972,0.19975659251213074
2,MAPK8IP3,fu:a06203ac,gene_to_fu,,0.1999220848083496,0.19994448125362396,0.20055733621120453,0.20098374783992767,0.19820280373096466
2,FLNA,fu:f1632042,gene_to_fu,,0.5000854134559631,0.4997292160987854,0.5007731914520264,0.5022590756416321,0.49758028984069824
2,MAP3K1,fu:a4e579d9,gene_to_fu,,0.12480222433805466,0.12467869371175766,0.12541568279266357,0.12572218477725983,0.12339231371879578
2,MAP3K8,fu:f13c95ed,gene_to_fu,,1.0,1.0,1.0,1.0,1.0
2,MAP4K1,fu:e83e0bc2,gene_to_fu,,0.49842315912246704,0.4969870150089264,0.5016372203826904,0.5030243396759033,0.492044061422348
2,MAP4K3,fu:3202b50f,gene_to_fu,,1.0,1.0,1.0,1.0,1.0
2,FOS,fu:2c3cace2,gene_to_fu,,0.49924707412719727,0.4987965226173401,0.5010022521018982,0.5016751289367676,0.4955143630504608
2,SRF,fu:87b9367a,gene_to_fu,,1.0,1.0,1.0,1.0,1.0
2,MYC,fu:a3c029a6,gene_to_fu,,1.0,1.0,1.0,1.0,1.0
2,ELK4,fu:346aac61,gene_to_fu,,0.3331776559352875,0.3332827091217041,0.33419105410575867,0.33487245440483093,0.33036431670188904
2,ELK1,fu:f4b875b3,gene_to_fu,,0.33300021290779114,0.33315184712409973,0.33419105410575867,0.33429357409477234,0.33036431670188904
2,ATF4,fu:860fdcaa,gene_to_fu,,0.33274418115615845,0.3330918550491333,0.3342793583869934,0.33477070927619934,0.32883474230766296
2,RPS6KA6,fu:53e63667,gene_to_fu,,0.20002935826778412,0.19994933903217316,0.20013754069805145,0.20048673450946808,0.1995438188314438
2,RPS6KA1,fu:53e63667,gene_to_fu,,0.20002935826778412,0.19994933903217316,0.20013754069805145,0.20048673450946808,0.1995438188314438
2,RPS6KA2,fu:53e63667,gene_to_fu,,0.20002935826778412,0.19994933903217316,0.20013754069805145,0.20048673450946808,0.1995438188314438
2,RPS6KA3,fu:53e63667,gene_to_fu,,0.20002935826778412,0.19994933903217316,0.20013754069805145,0.20048673450946808,0.1995438188314438
2,MKNK2,fu:6732a41f,gene_to_fu,,0.33333712816238403,0.3331926167011261,0.3337155878543854,0.33437225222587585,0.3320680856704712
2,MKNK1,fu:6732a41f,gene_to_fu,,0.33333712816238403,0.3331926167011261,0.3337155878543854,0.33437225222587585,0.3320680856704712
2,CSF1,fu:8933daca,gene_to_fu,,0.018867651000618935,0.018869154155254364,0.018871508538722992,0.01887158676981926,0.018858352676033974
2,EFNA1,fu:8933daca,gene_to_fu,,0.018867651000618935,0.018869154155254364,0.018871508538722992,0.01887158676981926,0.018858352676033974
2,EFNA2,fu:8933daca,gene_to_fu,,0.018867651000618935,0.018869154155254364,0.018871508538722992,0.01887158676981926,0.018858352676033974
2,EFNA3,fu:8933daca,gene_to_fu,,0.018867651000618935,0.018869154155254364,0.018871508538722992,0.01887158676981926,0.018858352676033974
2,EFNA4,fu:8933daca,gene_to_fu,,0.018867651000618935,0.018869154155254364,0.018871508538722992,0.01887158676981926,0.018858352676033974
2,EFNA5,fu:8933daca,gene_to_fu,,0.018867651000618935,0.018869154155254364,0.018871508538722992,0.01887158676981926,0.018858352676033974
2,EGF,fu:8933daca,gene_to_fu,,0.018867651000618935,0.018869154155254364,0.018871508538722992,0.01887158676981926,0.018858352676033974
2,EREG,fu:8933daca,gene_to_fu,,0.018867651000618935,0.018869154155254364,0.018871508538722992,0.01887158676981926,0.018858352676033974
2,FGF1,fu:8933daca,gene_to_fu,,0.018867651000618935,0.018869154155254364,0.018871508538722992,0.01887158676981926,0.018858352676033974
2,FGF2,fu:8933daca,gene_to_fu,,0.01886770874261856,0.01883467100560665,0.018825888633728027,0.018825380131602287,0.018984893336892128
2,FGF3,fu:8933daca,gene_to_fu,,0.018867651000618935,0.018869154155254364,0.018871508538722992,0.01887158676981926,0.018858352676033974
2,FGF4,fu:8933daca,gene_to_fu,,0.018867651000618935,0.018869154155254364,0.018871508538722992,0.01887158676981926,0.018858352676033974
2,FGF5,fu:8933daca,gene_to_fu,,0.018867651000618935,0.018869154155254364,0.018871508538722992,0.01887158676981926,0.018858352676033974
2,FGF6,fu:8933daca,gene_to_fu,,0.018867651000618935,0.018869154155254364,0.018871508538722992,0.01887158676981926,0.018858352676033974
2,FGF7,fu:8933daca,gene_to_fu,,0.018867651000618935,0.018869154155254364,0.018871508538722992,0.01887158676981926,0.018858352676033974
2,FGF8,fu:8933daca,gene_to_fu,,0.018867651000618935,0.018869154155254364,0.018871508538722992,0.01887158676981926,0.018858352676033974
2,FGF9,fu:8933daca,gene_to_fu,,0.018867651000618935,0.018869154155254364,0.018871508538722992,0.01887158676981926,0.018858352676033974
2,FGF10,fu:8933daca,gene_to_fu,,0.018867651000618935,0.018869154155254364,0.018871508538722992,0.01887158676981926,0.018858352676033974
2,FLT3LG,fu:8933daca,gene_to_fu,,0.018867651000618935,0.018869154155254364,0.018871508538722992,0.01887158676981926,0.018858352676033974
2,FGF20,fu:8933daca,gene_to_fu,,0.018867651000618935,0.018869154155254364,0.018871508538722992,0.01887158676981926,0.018858352676033974
2,FGF21,fu:8933daca,gene_to_fu,,0.018867651000618935,0.018869154155254364,0.018871508538722992,0.01887158676981926,0.018858352676033974
2,GDNF,fu:8933daca,gene_to_fu,,0.018867651000618935,0.018869154155254364,0.018871508538722992,0.01887158676981926,0.018858352676033974
2,FGF22,fu:8933daca,gene_to_fu,,0.018867651000618935,0.018869154155254364,0.018871508538722992,0.01887158676981926,0.018858352676033974
2,ANGPT1,fu:8933daca,gene_to_fu,,0.018867651000618935,0.018869154155254364,0.018871508538722992,0.01887158676981926,0.018858352676033974
2,ANGPT2,fu:8933daca,gene_to_fu,,0.018867651000618935,0.018869154155254364,0.018871508538722992,0.01887158676981926,0.018858352676033974
2,HGF,fu:8933daca,gene_to_fu,,0.018867088481783867,0.01883857138454914,0.018827980384230614,0.01882454752922058,0.018977252766489983
2,IGF1,fu:8933daca,gene_to_fu,,0.018867651000618935,0.018869154155254364,0.018871508538722992,0.01887158676981926,0.018858352676033974
2,IGF2,fu:8933daca,gene_to_fu,,0.018867651000618935,0.018869154155254364,0.018871508538722992,0.01887158676981926,0.018858352676033974
2,INS,fu:8933daca,gene_to_fu,,0.018867651000618935,0.018869154155254364,0.018871508538722992,0.01887158676981926,0.018858352676033974
2,AREG,fu:8933daca,gene_to_fu,,0.018867651000618935,0.018869154155254364,0.018871508538722992,0.01887158676981926,0.018858352676033974
2,KITLG,fu:8933daca,gene_to_fu,,0.018867651000618935,0.018869154155254364,0.018871508538722992,0.01887158676981926,0.018858352676033974
2,NGF,fu:8933daca,gene_to_fu,,0.018867651000618935,0.018869154155254364,0.018871508538722992,0.01887158676981926,0.018858352676033974
2,NRTN,fu:8933daca,gene_to_fu,,0.018867651000618935,0.018869154155254364,0.018871508538722992,0.01887158676981926,0.018858352676033974
2,NTF3,fu:8933daca,gene_to_fu,,0.018867651000618935,0.018869154155254364,0.018871508538722992,0.01887158676981926,0.018858352676033974
2,NTF4,fu:8933daca,gene_to_fu,,0.018867651000618935,0.018869154155254364,0.018871508538722992,0.01887158676981926,0.018858352676033974
2,ANGPT4,fu:8933daca,gene_to_fu,,0.018867651000618935,0.018869154155254364,0.018871508538722992,0.01887158676981926,0.018858352676033974
2,PDGFA,fu:8933daca,gene_to_fu,,0.018867651000618935,0.018869154155254364,0.018871508538722992,0.01887158676981926,0.018858352676033974
2,PDGFB,fu:8933daca,gene_to_fu,,0.018867651000618935,0.018869154155254364,0.018871508538722992,0.01887158676981926,0.018858352676033974
2,PGF,fu:8933daca,gene_to_fu,,0.018867651000618935,0.018869154155254364,0.018871508538722992,0.01887158676981926,0.018858352676033974
2,PDGFC,fu:8933daca,gene_to_fu,,0.018867651000618935,0.018869154155254364,0.018871508538722992,0.01887158676981926,0.018858352676033974
2,PSPN,fu:8933daca,gene_to_fu,,0.018867651000618935,0.018869154155254364,0.018871508538722992,0.01887158676981926,0.018858352676033974
2,BDNF,fu:8933daca,gene_to_fu,,0.01887841336429119,0.018900632858276367,0.0188201405107975,0.01881963200867176,0.018973248079419136
2,TGFA,fu:8933daca,gene_to_fu,,0.018867651000618935,0.018869154155254364,0.018871508538722992,0.01887158676981926,0.018858352676033974
2,VEGFA,fu:8933daca,gene_to_fu,,0.01887200027704239,0.018838059157133102,0.01882212609052658,0.018822789192199707,0.019005024805665016
2,VEGFB,fu:8933daca,gene_to_fu,,0.018867651000618935,0.018869154155254364,0.018871508538722992,0.01887158676981926,0.018858352676033974
2,VEGFC,fu:8933daca,gene_to_fu,,0.018867651000618935,0.018869154155254364,0.018871508538722992,0.01887158676981926,0.018858352676033974
2,PDGFD,fu:8933daca,gene_to_fu,,0.018867651000618935,0.018869154155254364,0.018871508538722992,0.01887158676981926,0.018858352676033974
2,FGF23,fu:8933daca,gene_to_fu,,0.018867651000618935,0.018869154155254364,0.018871508538722992,0.01887158676981926,0.018858352676033974
2,FGF18,fu:8933daca,gene_to_fu,,0.018867651000618935,0.018869154155254364,0.018871508538722992,0.01887158676981926,0.018858352676033974
2,FGF17,fu:8933daca,gene_to_fu,,0.018867651000618935,0.018869154155254364,0.018871508538722992,0.01887158676981926,0.018858352676033974
2,FGF16,fu:8933daca,gene_to_fu,,0.018867651000618935,0.018869154155254364,0.018871508538722992,0.01887158676981926,0.018858352676033974
2,ARTN,fu:8933daca,gene_to_fu,,0.018867651000618935,0.018869154155254364,0.018871508538722992,0.01887158676981926,0.018858352676033974
2,FGF19,fu:8933daca,gene_to_fu,,0.018867651000618935,0.018869154155254364,0.018871508538722992,0.01887158676981926,0.018858352676033974
2,TRADD,fu:11724fb3,gene_to_fu,,0.49910515546798706,0.4991062879562378,0.5011119246482849,0.5006036162376404,0.4955987334251404
2,MYD88,fu:41d49051,gene_to_fu,,0.4991435706615448,0.49954530596733093,0.5012117624282837,0.5009379386901855,0.49487927556037903
2,IRAK1,fu:114f4869,gene_to_fu,,0.33334076404571533,0.332683265209198,0.3339982032775879,0.3353998363018036,0.33128178119659424
2,IRAK4,fu:114f4869,gene_to_fu,,0.3329426348209381,0.33178895711898804,0.33303922414779663,0.3331402540206909,0.33380213379859924
2,ARAF,fu:dcf55614,gene_to_fu,,0.49996086955070496,0.49812597036361694,0.5005356669425964,0.5027269124984741,0.4984549582004547
2,MAX,fu:051b9bd1,gene_to_fu,,1.0,1.0,1.0,1.0,1.0
2,MYC,fu:c6ef8860,gene_to_fu,,0.33326780796051025,0.3333052098751068,0.3337155878543854,0.33398234844207764,0.3320680856704712
2,MAX,fu:c6ef8860,gene_to_fu,,0.33326780796051025,0.3333052098751068,0.3337155878543854,0.33398234844207764,0.3320680856704712
2,SRF,fu:50d7c36d,gene_to_fu,,0.3333333432674408,0.3333333432674408,0.3333333432674408,0.3333333432674408,0.3333333432674408
2,ELK4,fu:50d7c36d,gene_to_fu,,0.3333333432674408,0.3333333432674408,0.3333333432674408,0.3333333432674408,0.3333333432674408
2,ELK1,fu:50d7c36d,gene_to_fu,,0.3333333432674408,0.3333333432674408,0.3333333432674408,0.3333333432674408,0.3333333432674408
2,fu:f390c31d,fu:fa467b33,protein_protein_interaction,activation,0.5002756118774414,0.5008425116539001,0.4992545247077942,0.49578791856765747,0.5052176117897034
2,fu:bd2e123e,fu:35bcc57b,protein_protein_interaction,activation,0.07161032408475876,0.07176434248685837,0.0712415874004364,0.07130561023950577,0.0721297562122345
2,fu:7e2a8487,fu:35bcc57b,protein_protein_interaction,activation,0.07146546244621277,0.0714007019996643,0.07136844098567963,0.07129741460084915,0.07179529964923859
2,fu:82456880,fu:35bcc57b,protein_protein_interaction,activation,0.0715557336807251,0.071471206843853,0.0713089182972908,0.07129805535078049,0.07214473932981491
2,fu:9786b5ed,fu:7ebcd056,protein_protein_interaction,activation,0.3332076668739319,0.33395957946777344,0.33310481905937195,0.3322298526763916,0.3335363268852234
2,fu:69228b75,fu:0c8f29ae,protein_protein_interaction,activation,0.5006933808326721,0.5034048557281494,0.49889105558395386,0.49684977531433105,0.5036277770996094
2,fu:6e503f28,fu:f017c41c,protein_protein_interaction,activation,0.3330637812614441,0.33593863248825073,0.33318793773651123,0.32890647649765015,0.33422204852104187
2,fu:c8457d96,fu:ac1b5dfa,protein_protein_interaction,activation,0.5003990530967712,0.5008246898651123,0.49911582469940186,0.497615784406662,0.5040398240089417
2,fu:c12b6dd3,fu:7961a9c2,protein_protein_interaction,activation,0.3333224058151245,0.3339327275753021,0.332789808511734,0.3313683867454529,0.3351987600326538
2,fu:ac1b5dfa,fu:80de25d0,protein_protein_interaction,activation,0.33302587270736694,0.33318257331848145,0.33309033513069153,0.33239173889160156,0.3334389328956604
2,fu:7961a9c2,fu:80de25d0,protein_protein_interaction,activation,0.3338465690612793,0.3337025046348572,0.3325788080692291,0.3323422968387604,0.33676260709762573
2,fu:c110bb17,fu:7f7b2f5f,protein_protein_interaction,binding/association,0.03702942281961441,0.03733440861105919,0.03696541115641594,0.03649876266717911,0.037319108843803406
2,fu:def1099f,fu:c110bb17,protein_protein_interaction,binding/association,0.5009500980377197,0.5005596280097961,0.4987931549549103,0.49774953722953796,0.5066980719566345
2,fu:1bdb6764,fu:d3570c60,protein_protein_interaction,binding/association,0.24976035952568054,0.24935106933116913,0.24960799515247345,0.24976831674575806,0.25031405687332153
2,fu:12774d68,fu:d3570c60,protein_protein_interaction,binding/association,0.2501603364944458,0.2507055997848511,0.24958528578281403,0.2497638612985611,0.2505866289138794
2,fu:87b9367a,fu:f4b875b3,protein_protein_interaction,binding/association,0.33359625935554504,0.3333817422389984,0.33276623487472534,0.33274197578430176,0.33549514412879944
2,fu:87b9367a,fu:346aac61,protein_protein_interaction,binding/association,0.33351603150367737,0.33335018157958984,0.33276623487472534,0.3324526250362396,0.33549514412879944
2,fu:418e3a71,fu:74ae7efc,protein_protein_interaction,binding/association,0.14272816479206085,0.14280466735363007,0.14295890927314758,0.14292408525943756,0.14222504198551178
2,fu:418e3a71,fu:e711f0a6,protein_protein_interaction,binding/association,0.14272911846637726,0.14280466735363007,0.14295890927314758,0.1429278552532196,0.14222504198551178
2,fu:b1fed606,fu:418e3a71,protein_protein_interaction,binding/association,1.0,1.0,1.0,1.0,1.0
2,fu:991f34de,fu:ba3ca63f,protein_protein_interaction,binding/association,0.10052062571048737,0.10082487016916275,0.09977138042449951,0.09991922229528427,0.10156702995300293
2,fu:991f34de,fu:3cd4cf69,protein_protein_interaction,binding/association,0.14344336092472076,0.143771231174469,0.1425754278898239,0.14257469773292542,0.14485207200050354
2,fu:991f34de,fu:a7fa684d,protein_protein_interaction,binding/association,0.33462437987327576,0.3357657790184021,0.33235782384872437,0.33228981494903564,0.33808407187461853
2,fu:991f34de,fu:e83e0bc2,protein_protein_interaction,binding/association,0.501576840877533,0.5030129551887512,0.49836277961730957,0.49697569012641907,0.5079559683799744
2,fu:ba3ca63f,fu:a06203ac,protein_protein_interaction,binding/association,0.19993741810321808,0.20004701614379883,0.19995823502540588,0.19975340366363525,0.19999103248119354
2,fu:d1f9d8ef,fu:a06203ac,protein_protein_interaction,binding/association,0.19995537400245667,0.19998779892921448,0.19993801414966583,0.1997651308774948,0.20013049244880676
2,fu:3cd4cf69,fu:a06203ac,protein_protein_interaction,binding/association,0.19994592666625977,0.1999625563621521,0.19998028874397278,0.19980867207050323,0.20003218948841095
2,fu:a06203ac,fu:a4e579d9,protein_protein_interaction,binding/association,0.12490594387054443,0.12471944838762283,0.12500883638858795,0.12516094744205475,0.12473452836275101
2,fu:a7fa684d,fu:a06203ac,protein_protein_interaction,binding/association,0.20023922622203827,0.20005817711353302,0.19956615567207336,0.1996890902519226,0.2016434669494629
2,fu:ba3ca63f,fu:77025b10,protein_protein_interaction,binding/association,0.2502097487449646,0.25041308999061584,0.2496323585510254,0.24971482157707214,0.2510787546634674
2,fu:d1f9d8ef,fu:77025b10,protein_protein_interaction,binding/association,0.25015828013420105,0.25004273653030396,0.24960710108280182,0.2497294694185257,0.2512538433074951
2,fu:d1f9d8ef,fu:f1632042,protein_protein_interaction,binding/association,0.4999145567417145,0.5002707839012146,0.49922680854797363,0.49774089455604553,0.5024197101593018
2,fu:d1f9d8ef,fu:faa1f8c9,protein_protein_interaction,binding/association,0.33325615525245667,0.3335740566253662,0.3326463997364044,0.3313165307044983,0.3354876637458801
2,fu:bcdaeed1,fu:9786b5ed,protein_protein_interaction,phosphorylation,0.33360669016838074,0.33337897062301636,0.3325882852077484,0.3316018879413605,0.3368576467037201
2,fu:35131c42,fu:35bcc57b,protein_protein_interaction,phosphorylation,0.0715722143650055,0.07138066738843918,0.07131323218345642,0.07125292718410492,0.07234200835227966
2,fu:35131c42,fu:21c326d4,protein_protein_interaction,phosphorylation,0.3339857757091522,0.3325604796409607,0.3324165344238281,0.331872820854187,0.33909326791763306
2,fu:def1099f,fu:35bcc57b,protein_protein_interaction,activation,0.0715426653623581,0.07141834497451782,0.07133974879980087,0.07122307270765305,0.07218948751688004
2,fu:35bcc57b,fu:7ebcd056,protein_protein_interaction,activation,0.3334733843803406,0.33407357335090637,0.3330903947353363,0.3324679732322693,0.33426156640052795
2,fu:35bcc57b,fu:21c326d4,protein_protein_interaction,activation,0.33306777477264404,0.3348524272441864,0.33343416452407837,0.3325101435184479,0.3314744830131531
2,fu:7ebcd056,fu:74ae7efc,protein_protein_interaction,phosphorylation,0.14291222393512726,0.14287154376506805,0.14277219772338867,0.1427736133337021,0.14323151111602783
2,fu:7ebcd056,fu:e711f0a6,protein_protein_interaction,phosphorylation,0.14291316270828247,0.14287154376506805,0.14277219772338867,0.14277738332748413,0.14323151111602783
2,fu:21c326d4,fu:74ae7efc,protein_protein_interaction,phosphorylation,0.14287175238132477,0.14284442365169525,0.14280061423778534,0.1427561193704605,0.14308583736419678
2,fu:21c326d4,fu:e711f0a6,protein_protein_interaction,phosphorylation,0.14287269115447998,0.14284442365169525,0.14280061423778534,0.14275988936424255,0.14308583736419678
2,fu:74ae7efc,fu:b1fed606,protein_protein_interaction,phosphorylation,0.16655562818050385,0.16652663052082062,0.16666021943092346,0.1665322631597519,0.16650338470935822
2,fu:e711f0a6,fu:b1fed606,protein_protein_interaction,phosphorylation,0.16655899584293365,0.1665402352809906,0.1666182428598404,0.16652771830558777,0.16654975712299347
2,fu:b1fed606,fu:02b71dbc,protein_protein_interaction,phosphorylation,0.500192403793335,0.5003165006637573,0.4991394281387329,0.4984721839427948,0.5028414130210876
2,fu:b1fed606,fu:8ef29752,protein_protein_interaction,phosphorylation,0.5003493428230286,0.5000476837158203,0.49992045760154724,0.4997975826263428,0.5016316771507263
2,fu:b1fed606,fu:770a684e,protein_protein_interaction,phosphorylation,0.1427677869796753,0.14301225543022156,0.1424361616373062,0.14136816561222076,0.14425453543663025
2,fu:b1fed606,fu:6732a41f,protein_protein_interaction,phosphorylation,0.33332571387290955,0.3336147367954254,0.33256882429122925,0.3312554657459259,0.3358638286590576
2,fu:b1fed606,fu:53e63667,protein_protein_interaction,phosphorylation,0.19988255202770233,0.20020264387130737,0.1994498074054718,0.1980530470609665,0.20182472467422485
2,fu:b1fed606,fu:f4b875b3,protein_protein_interaction,phosphorylation,0.3334035277366638,0.33346641063690186,0.3330426812171936,0.3329645097255707,0.3341405391693115
2,fu:b1fed606,fu:346aac61,protein_protein_interaction,phosphorylation,0.33330631256103516,0.33336710929870605,0.3330426812171936,0.3326749801635742,0.3341405391693115
2,fu:6732a41f,fu:860fdcaa,protein_protein_interaction,phosphorylation,0.33322542905807495,0.33360105752944946,0.3329039216041565,0.3327406644821167,0.3336561322212219
2,fu:53e63667,fu:860fdcaa,protein_protein_interaction,phosphorylation,0.3340303599834442,0.33330708742141724,0.3328166902065277,0.3324885964393616,0.3375090956687927
2,fu:b1fed606,fu:c6ef8860,protein_protein_interaction,phosphorylation,0.3334643840789795,0.33338961005210876,0.33256882429122925,0.3320353329181671,0.3358638286590576
2,fu:2b5c3e60,fu:a4e579d9,protein_protein_interaction,activation,0.12509748339653015,0.12623830139636993,0.12526559829711914,0.12470343708992004,0.12418264150619507
2,fu:2b5c3e60,fu:435e22e3,protein_protein_interaction,activation,0.2504096031188965,0.25270912051200867,0.25011974573135376,0.24864976108074188,0.25015977025032043
2,fu:69217a4b,fu:20a3b14c,protein_protein_interaction,activation,0.33339810371398926,0.33497413992881775,0.3330809772014618,0.3310747444629669,0.3344624936580658
2,fu:3f6a023b,fu:f6a34c03,protein_protein_interaction,activation,0.5007569789886475,0.5012577772140503,0.49962079524993896,0.4992804527282715,0.5028688907623291
2,fu:3f6a023b,fu:127bf490,protein_protein_interaction,activation,0.20008845627307892,0.199951633810997,0.19980941712856293,0.19975890219211578,0.20083387196063995
2,fu:3f6a023b,fu:a4e579d9,protein_protein_interaction,activation,0.1250951737165451,0.12474822998046875,0.12489518523216248,0.1249823123216629,0.1257549524307251
2,fu:80de25d0,fu:127bf490,protein_protein_interaction,activation,0.199947327375412,0.20011615753173828,0.19993019104003906,0.19991450011730194,0.19982843101024628
2,fu:fcc91474,fu:5e066f99,protein_protein_interaction,activation,0.500644326210022,0.5044777393341064,0.4989262819290161,0.49682167172431946,0.5023515820503235
2,fu:435e22e3,fu:ad5afd37,protein_protein_interaction,phosphorylation,0.33350780606269836,0.33398008346557617,0.3329826295375824,0.33103147149086,0.3360370695590973
2,fu:e83e0bc2,fu:a7fa684d,protein_protein_interaction,phosphorylation,0.3331569731235504,0.33249083161354065,0.33310067653656006,0.3326139748096466,0.3344224691390991
2,fu:3687d0f8,fu:a4e579d9,protein_protein_interaction,phosphorylation,0.1251222789287567,0.1247376874089241,0.12439084053039551,0.12472538650035858,0.12663519382476807
2,fu:3202b50f,fu:a4e579d9,protein_protein_interaction,phosphorylation,0.12524046003818512,0.12468235194683075,0.12479347735643387,0.12473676353693008,0.12674923241138458
2,fu:12e2c442,fu:3cd4cf69,protein_protein_interaction,phosphorylation,0.1430976390838623,0.1427057981491089,0.14256590604782104,0.1424892544746399,0.1446295976638794
2,fu:ef42bc35,fu:3cd4cf69,protein_protein_interaction,phosphorylation,0.14314883947372437,0.14287537336349487,0.14235126972198486,0.14240163564682007,0.14496710896492004
2,fu:3ce31490,fu:3cd4cf69,protein_protein_interaction,phosphorylation,0.14250686764717102,0.14262443780899048,0.14351221919059753,0.14357627928256989,0.14031453430652618
2,fu:127bf490,fu:39b0ba80,protein_protein_interaction,phosphorylation,0.14276644587516785,0.1427701860666275,0.14298321306705475,0.14294025301933289,0.14237213134765625
2,fu:127bf490,fu:57f73e22,protein_protein_interaction,phosphorylation,0.142770916223526,0.1427825540304184,0.14298321306705475,0.14294575154781342,0.14237213134765625
2,fu:4dbb2d89,fu:f132c1b4,protein_protein_interaction,phosphorylation,0.33314982056617737,0.33330196142196655,0.3329981863498688,0.3327701687812805,0.33352896571159363
2,fu:4dbb2d89,fu:e96fee09,protein_protein_interaction,phosphorylation,0.14287906885147095,0.14292530715465546,0.14267662167549133,0.14247649908065796,0.14343789219856262
2,fu:4dbb2d89,fu:39b0ba80,protein_protein_interaction,phosphorylation,0.14271670579910278,0.14276359975337982,0.14298120141029358,0.14290857315063477,0.14221349358558655
2,fu:4dbb2d89,fu:57f73e22,protein_protein_interaction,phosphorylation,0.14272119104862213,0.14277596771717072,0.14298120141029358,0.1429140865802765,0.14221349358558655
2,fu:4dbb2d89,fu:ede2f5af,protein_protein_interaction,phosphorylation,0.5000113248825073,0.500306248664856,0.49915608763694763,0.4977608919143677,0.5028219819068909
2,fu:fe378cbc,fu:39b0ba80,protein_protein_interaction,phosphorylation,0.14346584677696228,0.14321516454219818,0.1422801911830902,0.14267504215240479,0.14569300413131714
2,fu:fe378cbc,fu:57f73e22,protein_protein_interaction,phosphorylation,0.14345312118530273,0.14315874874591827,0.1422801911830902,0.14268054068088531,0.14569300413131714
2,fu:39b0ba80,fu:828681e8,protein_protein_interaction,phosphorylation,0.12495540082454681,0.12499845772981644,0.12496113032102585,0.1248365193605423,0.12502552568912506
2,fu:57f73e22,fu:828681e8,protein_protein_interaction,phosphorylation,0.12494251877069473,0.12494293600320816,0.12496313452720642,0.12483625113964081,0.12502774596214294
2,fu:828681e8,fu:fa6497d0,protein_protein_interaction,phosphorylation,0.5003330707550049,0.5012263655662537,0.49984636902809143,0.4996536076068878,0.5006059408187866
2,fu:828681e8,fu:2be3360b,protein_protein_interaction,phosphorylation,0.33364999294281006,0.3339274227619171,0.332980751991272,0.3327500820159912,0.3349417448043823
2,fu:828681e8,fu:7d38c72e,protein_protein_interaction,phosphorylation,0.3336048424243927,0.33390071988105774,0.332980751991272,0.33259621262550354,0.3349417448043823
2,fu:828681e8,fu:13ad26cc,protein_protein_interaction,phosphorylation,0.5002182126045227,0.5007030963897705,0.4992295801639557,0.4980076849460602,0.5029324889183044
2,fu:828681e8,fu:2b9b82f8,protein_protein_interaction,phosphorylation,0.5004174709320068,0.5002057552337646,0.4992295801639557,0.4993019700050354,0.5029324889183044
2,fu:828681e8,fu:83098143,protein_protein_interaction,phosphorylation,0.5004149675369263,0.5002057552337646,0.4992295801639557,0.49929216504096985,0.5029324889183044
2,fu:828681e8,fu:9217ec0a,protein_protein_interaction,phosphorylation,0.5002337694168091,0.5008264780044556,0.49994999170303345,0.49920254945755005,0.5009559392929077
2,fu:828681e8,fu:a6e8f63a,protein_protein_interaction,phosphorylation,0.5001656413078308,0.5010288953781128,0.4992295801639557,0.49747151136398315,0.5029324889183044
2,fu:828681e8,fu:dd701a8d,protein_protein_interaction,phosphorylation,0.33367422223091125,0.33424854278564453,0.3326488733291626,0.33185437321662903,0.33594512939453125
2,fu:828681e8,fu:3273328d,protein_protein_interaction,phosphorylation,0.3334943652153015,0.33454790711402893,0.3329678773880005,0.3313630521297455,0.33509865403175354
2,fu:828681e8,fu:6463ffd1,protein_protein_interaction,phosphorylation,0.5001745820045471,0.5010288953781128,0.4992295801639557,0.49750739336013794,0.5029324889183044
2,fu:a6e8f63a,fu:18b46668,protein_protein_interaction,phosphorylation,0.3336898386478424,0.3337227702140808,0.3329521715641022,0.33304640650749207,0.3350379467010498
2,fu:dd701a8d,fu:18b46668,protein_protein_interaction,phosphorylation,0.3332580327987671,0.3331466019153595,0.3329215347766876,0.33287307620048523,0.334090918302536
2,fu:dd701a8d,fu:b5bf47cc,protein_protein_interaction,phosphorylation,0.3329342007637024,0.3332519233226776,0.3330807089805603,0.33258703351020813,0.3328171968460083
2,fu:3273328d,fu:b5bf47cc,protein_protein_interaction,phosphorylation,0.3340874910354614,0.33351224660873413,0.33263328671455383,0.3326312303543091,0.3375731408596039
2,fu:9a13759c,fu:4e3892e3,protein_protein_interaction,phosphorylation,0.5001533031463623,0.5002788305282593,0.4982623755931854,0.49748170375823975,0.5045901536941528
2,fu:4e3892e3,fu:aeb42500,protein_protein_interaction,phosphorylation,0.5006625652313232,0.5015913844108582,0.4989767074584961,0.49742409586906433,0.5046579837799072
2,fu:f13c95ed,fu:f132c1b4,protein_protein_interaction,phosphorylation,0.3336137533187866,0.33347776532173157,0.3322409987449646,0.3320505619049072,0.3366857171058655
2,fu:f13c95ed,fu:e96fee09,protein_protein_interaction,phosphorylation,0.14315469563007355,0.14330267906188965,0.14235219359397888,0.14216840267181396,0.1447954922914505
2,fu:f13c95ed,fu:74ae7efc,protein_protein_interaction,phosphorylation,0.14301982522010803,0.14292190968990326,0.14252257347106934,0.1424892097711563,0.14414562284946442
2,fu:f13c95ed,fu:e711f0a6,protein_protein_interaction,phosphorylation,0.14302076399326324,0.14292190968990326,0.14252257347106934,0.14249296486377716,0.14414562284946442
2,fu:a4e579d9,fu:e96fee09,protein_protein_interaction,phosphorylation,0.1428687572479248,0.14294885098934174,0.1427120864391327,0.14252740144729614,0.14328671991825104
2,fu:a4e579d9,fu:d1f9d8ef,protein_protein_interaction,phosphorylation,0.24990350008010864,0.24985314905643463,0.2500610947608948,0.24996155500411987,0.24973823130130768
2,fu:a7fa684d,fu:3cd4cf69,protein_protein_interaction,phosphorylation,0.14276860654354095,0.1427055448293686,0.14280295372009277,0.14281558990478516,0.1427503079175949
2,fu:a4e579d9,fu:74ae7efc,protein_protein_interaction,phosphorylation,0.14280670881271362,0.14285126328468323,0.14288289844989777,0.14284902811050415,0.14264361560344696
2,fu:a4e579d9,fu:e711f0a6,protein_protein_interaction,phosphorylation,0.14280764758586884,0.14285126328468323,0.14288289844989777,0.1428527981042862,0.14264361560344696
2,fu:d1f9d8ef,fu:ba3ca63f,protein_protein_interaction,phosphorylation,0.09986814111471176,0.09988731145858765,0.1001168042421341,0.10012616962194443,0.09934229403734207
2,fu:3cd4cf69,fu:ba3ca63f,protein_protein_interaction,phosphorylation,0.09986354410648346,0.09987471252679825,0.10013797879219055,0.10014798492193222,0.09929349273443222
2,fu:ba3ca63f,fu:db67d58a,protein_protein_interaction,phosphorylation,0.33370518684387207,0.33390316367149353,0.33266887068748474,0.3329164683818817,0.3353322744369507
2,fu:ba3ca63f,fu:6625a9a4,protein_protein_interaction,phosphorylation,0.5004172921180725,0.5006408095359802,0.4992521107196808,0.4995308518409729,0.5022454261779785
2,fu:ba3ca63f,fu:2be3360b,protein_protein_interaction,phosphorylation,0.33337438106536865,0.33340945839881897,0.333010733127594,0.3330548405647278,0.3340224623680115
2,fu:ba3ca63f,fu:7d38c72e,protein_protein_interaction,phosphorylation,0.3333292007446289,0.333382785320282,0.333010733127594,0.33290085196495056,0.3340224623680115
2,fu:ba3ca63f,fu:6d28341f,protein_protein_interaction,inhibition|phosphorylation,0.3329012393951416,0.33305180072784424,0.3332536816596985,0.3329969346523285,0.3323025405406952
2,fu:ba3ca63f,fu:3e02b3f0,protein_protein_interaction,inhibition|phosphorylation,0.3328644037246704,0.33304500579833984,0.3332536816596985,0.33285635709762573,0.3323025405406952
2,fu:5feacf84,fu:6d28341f,protein_protein_interaction,dephosphorylation,0.3342048227787018,0.33406704664230347,0.33249422907829285,0.33189186453819275,0.33836618065834045
2,fu:2959a7f6,fu:127bf490,protein_protein_interaction,inhibition|phosphorylation,0.20020227134227753,0.20021189749240875,0.199730783700943,0.19949854910373688,0.2013678401708603
2,fu:2959a7f6,fu:d1f9d8ef,protein_protein_interaction,inhibition|phosphorylation,0.25051629543304443,0.25045904517173767,0.24970491230487823,0.24930264055728912,0.2525985538959503
2,fu:5feacf84,fu:3e02b3f0,protein_protein_interaction,dephosphorylation,0.33417320251464844,0.33408066630363464,0.33249422907829285,0.3317517638206482,0.33836618065834045
2,fu:fa467b33,fu:35bcc57b,protein_protein_interaction,inhibition,0.0714554414153099,0.07151108235120773,0.07144182920455933,0.07139135897159576,0.0714774951338768
2,fu:368c2fa7,fu:35bcc57b,protein_protein_interaction,inhibition,0.07155032455921173,0.07140997052192688,0.07135926187038422,0.07116436213254929,0.07226769626140594
2,fu:69624e88,fu:35bcc57b,protein_protein_interaction,inhibition,0.07156835496425629,0.07138418406248093,0.07112716138362885,0.07134012877941132,0.07242193818092346
2,fu:084a3d94,fu:b1fed606,protein_protein_interaction,inhibition|dephosphorylation,0.1668444573879242,0.16685190796852112,0.16620539128780365,0.16598589718341827,0.16833467781543732
2,fu:fd226da5,fu:b1fed606,protein_protein_interaction,inhibition|dephosphorylation,0.1670036017894745,0.16704913973808289,0.16620582342147827,0.16604432463645935,0.16871514916419983
2,fu:377d6159,fu:ba3ca63f,protein_protein_interaction,inhibition|dephosphorylation,0.10012248903512955,0.10010647773742676,0.09985261410474777,0.09985467046499252,0.10067617148160934
2,fu:377d6159,fu:828681e8,protein_protein_interaction,inhibition|dephosphorylation,0.1253424882888794,0.1254805624485016,0.12459421902894974,0.12448757886886597,0.12680763006210327
2,fu:86cdce68,fu:ba3ca63f,protein_protein_interaction,inhibition|dephosphorylation,0.10000800341367722,0.09995358437299728,0.09985630214214325,0.09981699287891388,0.10040513426065445
2,fu:86cdce68,fu:828681e8,protein_protein_interaction,inhibition|dephosphorylation,0.125198632478714,0.12528890371322632,0.12459881603717804,0.12444061040878296,0.12646624445915222
2,fu:628792dc,fu:39b0ba80,protein_protein_interaction,inhibition|dephosphorylation,0.14263373613357544,0.14279742538928986,0.14263275265693665,0.14262621104717255,0.14247849583625793
2,fu:628792dc,fu:57f73e22,protein_protein_interaction,inhibition|dephosphorylation,0.1426381766796112,0.14280979335308075,0.14263275265693665,0.14263169467449188,0.14247849583625793
2,fu:628792dc,fu:3cd4cf69,protein_protein_interaction,inhibition|dephosphorylation,0.14252781867980957,0.1426931917667389,0.14268003404140472,0.1425662785768509,0.14217180013656616
2,fu:628792dc,fu:d1f9d8ef,protein_protein_interaction,inhibition|dephosphorylation,0.24978497624397278,0.2499041110277176,0.24938970804214478,0.24937857687473297,0.25046756863594055
2,fu:c1b5761a,fu:127bf490,protein_protein_interaction,inhibition|dephosphorylation,0.2000521868467331,0.19988016784191132,0.19988751411437988,0.1995319277048111,0.20090912282466888
2,fu:0047a61e,fu:4dbb2d89,protein_protein_interaction,inhibition|dephosphorylation,0.2503010034561157,0.25062230229377747,0.24937382340431213,0.24940064549446106,0.25180724263191223
2,fu:4b038677,fu:ba3ca63f,protein_protein_interaction,inhibition,0.10009993612766266,0.09989415854215622,0.09999839961528778,0.09977550059556961,0.10073169320821762
2,fu:95cbce1b,fu:ba3ca63f,protein_protein_interaction,inhibition,0.10012763738632202,0.09992735832929611,0.09984803199768066,0.09985017776489258,0.10088498145341873
2,fu:50d7c36d,fu:2c3cace2,gene_expression_regulation,expression,0.5007529258728027,0.5012034773826599,0.4989977478981018,0.49832484126091003,0.5044856071472168
2,fu:ac41e7b6,fu:cc0e0a55,protein_protein_interaction,indirect effect,0.2504214942455292,0.25089696049690247,0.24936795234680176,0.24920830130577087,0.252212792634964
2,fu:f132c1b4,fu:6b254be8,protein_protein_interaction,indirect effect,0.16634945571422577,0.1661510169506073,0.1664908081293106,0.16554859280586243,0.16720740497112274
2,fu:e96fee09,fu:6b254be8,protein_protein_interaction,indirect effect,0.16675996780395508,0.16686023771762848,0.16628572344779968,0.16561654210090637,0.16827735304832458
2,fu:dd374616,fu:7e2a8487,protein_protein_interaction,compound,0.3337945342063904,0.33432742953300476,0.33183667063713074,0.3299032747745514,0.339110791683197
2,fu:dd374616,fu:82456880,protein_protein_interaction,compound,0.20027631521224976,0.20071616768836975,0.19892337918281555,0.19729147851467133,0.2041742354631424
2,fu:69217a4b,fu:435e22e3,protein_protein_interaction,activation,0.24994322657585144,0.25030893087387085,0.24975530803203583,0.24912330508232117,0.25058528780937195
2,fu:69217a4b,fu:a4e579d9,protein_protein_interaction,activation,0.12486429512500763,0.12503930926322937,0.1250830739736557,0.12494093179702759,0.12439388036727905
2,fu:f132c1b4,fu:e96fee09,protein_protein_interaction,phosphorylation,0.14266955852508545,0.14257214963436127,0.14278195798397064,0.14232796430587769,0.1429961770772934
2,fu:cc0e0a55,fu:4dbb2d89,protein_protein_interaction,activation,0.2500040829181671,0.2499658316373825,0.2502017915248871,0.2498701959848404,0.24997857213020325
2,fu:1bdb6764,fu:4dbb2d89,protein_protein_interaction,activation,0.2498132735490799,0.24957744777202606,0.24935534596443176,0.24918054044246674,0.251139760017395
2,fu:0c8f29ae,fu:11724fb3,protein_protein_interaction,,0.5008948445320129,0.5008937120437622,0.4988880753517151,0.4993963837623596,0.5044012665748596
2,fu:11724fb3,fu:3f6a023b,protein_protein_interaction,activation,0.5003988742828369,0.502206563949585,0.49887531995773315,0.49707043170928955,0.5034431219100952
2,fu:11724fb3,fu:69217a4b,protein_protein_interaction,activation|indirect effect,0.5004345178604126,0.5018360614776611,0.49887531995773315,0.49758368730545044,0.5034431219100952
2,fu:f017c41c,fu:41d49051,protein_protein_interaction,activation,0.5008563995361328,0.5004546642303467,0.4987882077693939,0.49906206130981445,0.5051207542419434
2,fu:41d49051,fu:114f4869,protein_protein_interaction,activation,0.33371660113334656,0.33552777767181396,0.33296260237693787,0.3314599394798279,0.3349160850048065
2,fu:3f6a023b,fu:cc0e0a55,protein_protein_interaction,activation,0.2501445412635803,0.24978677928447723,0.24981555342674255,0.2496134638786316,0.2513623833656311
2,fu:114f4869,fu:d3570c60,protein_protein_interaction,activation|indirect effect,0.25039735436439514,0.25041908025741577,0.2502426505088806,0.25000235438346863,0.25092533230781555
2,fu:d3570c60,fu:cc0e0a55,protein_protein_interaction,binding/association,0.24980518221855164,0.24966879189014435,0.2499598115682602,0.24980710446834564,0.24978499114513397
2,fu:8933daca,fu:7f7b2f5f,protein_protein_interaction,activation,0.03706381842494011,0.037379804998636246,0.03690091520547867,0.036435481160879135,0.03753906860947609
2,fu:35bcc57b,fu:dcf55614,protein_protein_interaction,activation,0.5000391006469727,0.5018739700317383,0.49946439266204834,0.4972730576992035,0.5015450119972229
2,fu:dcf55614,fu:74ae7efc,protein_protein_interaction,activation|phosphorylation,0.1429588943719864,0.1428946852684021,0.14273235201835632,0.1427314728498459,0.14347706735134125
2,fu:dcf55614,fu:e711f0a6,protein_protein_interaction,activation|phosphorylation,0.1429598331451416,0.1428946852684021,0.14273235201835632,0.14273524284362793,0.14347706735134125
2,fu:5e066f99,fu:39b0ba80,protein_protein_interaction,activation|phosphorylation,0.14289818704128265,0.14283375442028046,0.14292597770690918,0.14275866746902466,0.14307431876659393
2,fu:5e066f99,fu:57f73e22,protein_protein_interaction,activation|phosphorylation,0.14290264248847961,0.14284612238407135,0.14292597770690918,0.1427641659975052,0.14307431876659393
2,fu:e2d583f5,fu:39b0ba80,protein_protein_interaction,activation|phosphorylation,0.1429189145565033,0.14289122819900513,0.14273199439048767,0.1425010710954666,0.14355136454105377
2,fu:e2d583f5,fu:57f73e22,protein_protein_interaction,activation|phosphorylation,0.1429189294576645,0.14288580417633057,0.14273199439048767,0.14250655472278595,0.14355136454105377
2,fu:35bcc57b,fu:a4e579d9,protein_protein_interaction,,0.1248721182346344,0.1251559853553772,0.1251472681760788,0.12502795457839966,0.12415724992752075
3,MIMAT0005824,CREB5,mir_to_gene,,1.0,1.0,1.0,1.0,1.0
3,MIMAT0005824,SETD1B,mir_to_gene,,1.0,1.0,1.0,1.0,1.0
3,MIMAT0005824,RORA,mir_to_gene,,0.5,0.5,0.5,0.5,0.5
3,MIMAT0005824,GRIN2B,mir_to_gene,,1.0,1.0,1.0,1.0,1.0
3,MIMAT0005899,ATXN1,mir_to_gene,,0.25,0.25,0.25,0.25,0.25
3,MIMAT0005899,TCF20,mir_to_gene,,1.0,1.0,1.0,1.0,1.0
3,MIMAT0005899,EFHD2,mir_to_gene,,1.0,1.0,1.0,1.0,1.0
3,MIMAT0004607,TPM3,mir_to_gene,,0.3333333432674408,0.3333333432674408,0.3333333432674408,0.3333333432674408,0.3333333432674408
3,MIMAT0004607,ERGIC1,mir_to_gene,,1.0,1.0,1.0,1.0,1.0
3,MIMAT0004607,ATP6V1A,mir_to_gene,,1.0,1.0,1.0,1.0,1.0
3,MIMAT0004607,CSNK2A1,mir_to_gene,,0.5,0.5,0.5,0.5,0.5
3,MIMAT0004607,PEX5L,mir_to_gene,,1.0,1.0,1.0,1.0,1.0
3,MIMAT0004607,SLC46A1,mir_to_gene,,1.0,1.0,1.0,1.0,1.0
3,MIMAT0004607,CYBRD1,mir_to_gene,,1.0,1.0,1.0,1.0,1.0
3,MIMAT0004607,GNA13,mir_to_gene,,0.5,0.5,0.5,0.5,0.5
3,MIMAT0004607,PAG1,mir_to_gene,,1.0,1.0,1.0,1.0,1.0
3,MIMAT0004607,MECP2,mir_to_gene,,0.5,0.5,0.5,0.5,0.5
3,MIMAT0004607,IGFBP4,mir_to_gene,,1.0,1.0,1.0,1.0,1.0
3,MIMAT0004607,YY1,mir_to_gene,,0.5,0.5,0.5,0.5,0.5
3,MIMAT0004607,RSBN1,mir_to_gene,,1.0,1.0,1.0,1.0,1.0
3,MIMAT0000430,EIF4EBP1,mir_to_gene,,1.0,1.0,1.0,1.0,1.0
3,MIMAT0000430,RHOC,mir_to_gene,,1.0,1.0,1.0,1.0,1.0
3,MIMAT0000430,DMKN,mir_to_gene,,1.0,1.0,1.0,1.0,1.0
3,MIMAT0000430,DNAJB6,mir_to_gene,,0.5,0.5,0.5,0.5,0.5
3,MIMAT0000430,NFKB1,mir_to_gene,,1.0,1.0,1.0,1.0,1.0
3,MIMAT0000430,LNPEP,mir_to_gene,,0.5,0.5,0.5,0.5,0.5
3,MIMAT0000430,TERT,mir_to_gene,,1.0,1.0,1.0,1.0,1.0
3,MIMAT0000430,ZMYND11,mir_to_gene,,0.5,0.5,0.5,0.5,0.5
3,MIMAT0000430,EID1,mir_to_gene,,1.0,1.0,1.0,1.0,1.0
3,MIMAT0000430,YAP1,mir_to_gene,,1.0,1.0,1.0,1.0,1.0
3,MIMAT0000430,MXD1,mir_to_gene,,1.0,1.0,1.0,1.0,1.0
3,MIMAT0000430,MEAF6,mir_to_gene,,1.0,1.0,1.0,1.0,1.0
3,MIMAT0000430,IGF2BP1,mir_to_gene,,1.0,1.0,1.0,1.0,1.0
3,MIMAT0000430,BLCAP,mir_to_gene,,0.5,0.5,0.5,0.5,0.5
3,MIMAT0000430,CELF1,mir_to_gene,,1.0,1.0,1.0,1.0,1.0
3,MIMAT0000430,S100A1,mir_to_gene,,1.0,1.0,1.0,1.0,1.0
3,MIMAT0000430,FOXC1,mir_to_gene,,1.0,1.0,1.0,1.0,1.0
3,MIMAT0000430,CDH2,mir_to_gene,,1.0,1.0,1.0,1.0,1.0
3,MIMAT0000430,RPA1,mir_to_gene,,1.0,1.0,1.0,1.0,1.0
3,MIMAT0000430,IGLON5,mir_to_gene,,1.0,1.0,1.0,1.0,1.0
3,MIMAT0000430,CCND1,mir_to_gene,,0.5,0.5,0.5,0.5,0.5
3,MIMAT0000430,BCL11A,mir_to_gene,,1.0,1.0,1.0,1.0,1.0
3,MIMAT0000430,ZNF426,mir_to_gene,,1.0,1.0,1.0,1.0,1.0
3,MIMAT0000430,PHKG2,mir_to_gene,,1.0,1.0,1.0,1.0,1.0
3,MIMAT0000436,FNDC3A,mir_to_gene,,1.0,1.0,1.0,1.0,1.0
3,MIMAT0000436,IRS1,mir_to_gene,,1.0,1.0,1.0,1.0,1.0
3,MIMAT0000436,TEX9,mir_to_gene,,1.0,1.0,1.0,1.0,1.0
3,MIMAT0004600,ADARB2,mir_to_gene,,1.0,1.0,1.0,1.0,1.0
3,MIMAT0004600,SMAD4,mir_to_gene,,0.3333333432674408,0.3333333432674408,0.3333333432674408,0.3333333432674408,0.3333333432674408
3,MIMAT0004600,SOD2,mir_to_gene,,0.20000000298023224,0.20000000298023224,0.20000000298023224,0.20000000298023224,0.20000000298023224
3,MIMAT0004600,BLMH,mir_to_gene,,1.0,1.0,1.0,1.0,1.0
3,MIMAT0004766,REL,mir_to_gene,,1.0,1.0,1.0,1.0,1.0
3,MIMAT0004766,ATXN1,mir_to_gene,,0.25,0.25,0.25,0.25,0.25
3,MIMAT0004766,TPM3,mir_to_gene,,0.3333333432674408,0.3333333432674408,0.3333333432674408,0.3333333432674408,0.3333333432674408
3,MIMAT0004766,KY,mir_to_gene,,1.0,1.0,1.0,1.0,1.0
3,MIMAT0004766,SLC12A7,mir_to_gene,,1.0,1.0,1.0,1.0,1.0
3,MIMAT0004766,KLHDC8B,mir_to_gene,,1.0,1.0,1.0,1.0,1.0
3,MIMAT0004766,POLR3G,mir_to_gene,,0.5,0.5,0.5,0.5,0.5
3,MIMAT0004766,BIVM,mir_to_gene,,1.0,1.0,1.0,1.0,1.0
3,MIMAT0004766,PTGS1,mir_to_gene,,1.0,1.0,1.0,1.0,1.0
3,MIMAT0004766,OLFML2A,mir_to_gene,,1.0,1.0,1.0,1.0,1.0
3,MIMAT0004766,APOL6,mir_to_gene,,1.0,1.0,1.0,1.0,1.0
3,MIMAT0004766,BLCAP,mir_to_gene,,0.5,0.5,0.5,0.5,0.5
3,MIMAT0004766,RAB8A,mir_to_gene,,1.0,1.0,1.0,1.0,1.0
3,MIMAT0004766,MAT2A,mir_to_gene,,1.0,1.0,1.0,1.0,1.0
3,MIMAT0004766,LSM4,mir_to_gene,,1.0,1.0,1.0,1.0,1.0
3,MIMAT0004766,LIMD1,mir_to_gene,,0.5,0.5,0.5,0.5,0.5
3,MIMAT0004766,ZNF551,mir_to_gene,,1.0,1.0,1.0,1.0,1.0
3,MIMAT0004766,CPEB4,mir_to_gene,,1.0,1.0,1.0,1.0,1.0
3,MIMAT0004766,GANAB,mir_to_gene,,0.5,0.5,0.5,0.5,0.5
3,MIMAT0004766,GK5,mir_to_gene,,1.0,1.0,1.0,1.0,1.0
3,MIMAT0002809,USP48,mir_to_gene,,0.5,0.5,0.5,0.5,0.5
3,MIMAT0002809,LIMD2,mir_to_gene,,1.0,1.0,1.0,1.0,1.0
3,MIMAT0002809,TMEM167A,mir_to_gene,,0.3333333432674408,0.3333333432674408,0.3333333432674408,0.3333333432674408,0.3333333432674408
3,MIMAT0002809,RUFY2,mir_to_gene,,1.0,1.0,1.0,1.0,1.0
3,MIMAT0002809,ZNRF3,mir_to_gene,,1.0,1.0,1.0,1.0,1.0
3,MIMAT0002809,ARL8A,mir_to_gene,,1.0,1.0,1.0,1.0,1.0
3,MIMAT0002809,TMPRSS5,mir_to_gene,,1.0,1.0,1.0,1.0,1.0
3,MIMAT0002809,PMAIP1,mir_to_gene,,1.0,1.0,1.0,1.0,1.0
3,MIMAT0002809,PPP1R11,mir_to_gene,,0.3333333432674408,0.3333333432674408,0.3333333432674408,0.3333333432674408,0.3333333432674408
3,MIMAT0002809,KCTD15,mir_to_gene,,0.5,0.5,0.5,0.5,0.5
3,MIMAT0002809,CCDC6,mir_to_gene,,1.0,1.0,1.0,1.0,1.0
3,MIMAT0002809,AKAP8,mir_to_gene,,1.0,1.0,1.0,1.0,1.0
3,MIMAT0002809,NOVA1,mir_to_gene,,1.0,1.0,1.0,1.0,1.0
3,MIMAT0002809,TRAF6,mir_to_gene,,1.0,1.0,1.0,1.0,1.0
3,MIMAT0002809,GXYLT2,mir_to_gene,,1.0,1.0,1.0,1.0,1.0
3,MIMAT0002809,ZNF629,mir_to_gene,,1.0,1.0,1.0,1.0,1.0
3,MIMAT0002809,UMPS,mir_to_gene,,1.0,1.0,1.0,1.0,1.0
3,MIMAT0000262,MRO,mir_to_gene,,1.0,1.0,1.0,1.0,1.0
3,MIMAT0000262,NDUFB5,mir_to_gene,,1.0,1.0,1.0,1.0,1.0
3,MIMAT0000461,KIF21A,mir_to_gene,,1.0,1.0,1.0,1.0,1.0
3,MIMAT0000461,SBNO1,mir_to_gene,,1.0,1.0,1.0,1.0,1.0
3,MIMAT0000461,ACVR2A,mir_to_gene,,1.0,1.0,1.0,1.0,1.0
3,MIMAT0000461,GPR27,mir_to_gene,,1.0,1.0,1.0,1.0,1.0
3,MIMAT0000461,TCF3,mir_to_gene,,1.0,1.0,1.0,1.0,1.0
3,MIMAT0000461,BCL2,mir_to_gene,,1.0,1.0,1.0,1.0,1.0
3,MIMAT0000461,KANK1,mir_to_gene,,1.0,1.0,1.0,1.0,1.0
3,MIMAT0000461,FGF2,mir_to_gene,,0.3333333432674408,0.3333333432674408,0.3333333432674408,0.3333333432674408,0.3333333432674408
3,MIMAT0000461,ZNF275,mir_to_gene,,0.3333333432674408,0.3333333432674408,0.3333333432674408,0.3333333432674408,0.3333333432674408
3,MIMAT0000461,TMEM135,mir_to_gene,,1.0,1.0,1.0,1.0,1.0
3,MIMAT0000461,GOSR1,mir_to_gene,,1.0,1.0,1.0,1.0,1.0
3,MIMAT0000461,GNB1,mir_to_gene,,1.0,1.0,1.0,1.0,1.0
3,MIMAT0000461,PLEKHA1,mir_to_gene,,1.0,1.0,1.0,1.0,1.0
3,MIMAT0000461,AVL9,mir_to_gene,,1.0,1.0,1.0,1.0,1.0
3,MIMAT0000461,HNRNPA2B1,mir_to_gene,,1.0,1.0,1.0,1.0,1.0
3,MIMAT0000461,MTHFR,mir_to_gene,,1.0,1.0,1.0,1.0,1.0
3,MIMAT0000461,CHEK1,mir_to_gene,,1.0,1.0,1.0,1.0,1.0
3,MIMAT0000461,TBL1XR1,mir_to_gene,,1.0,1.0,1.0,1.0,1.0
3,MIMAT0000461,RASEF,mir_to_gene,,1.0,1.0,1.0,1.0,1.0
3,MIMAT0000461,TAB3,mir_to_gene,,1.0,1.0,1.0,1.0,1.0
3,MIMAT0000461,CPNE1,mir_to_gene,,1.0,1.0,1.0,1.0,1.0
3,MIMAT0000461,LRRC57,mir_to_gene,,1.0,1.0,1.0,1.0,1.0
3,MIMAT0000461,LSM11,mir_to_gene,,1.0,1.0,1.0,1.0,1.0
3,MIMAT0000461,RAB3IP,mir_to_gene,,0.5,0.5,0.5,0.5,0.5
3,MIMAT0000461,CBFA2T3,mir_to_gene,,1.0,1.0,1.0,1.0,1.0
3,MIMAT0000461,DICER1,mir_to_gene,,0.5,0.5,0.5,0.5,0.5
3,MIMAT0000461,SMURF1,mir_to_gene,,1.0,1.0,1.0,1.0,1.0
3,MIMAT0000461,RASSF5,mir_to_gene,,1.0,1.0,1.0,1.0,1.0
3,MIMAT0000461,GNAL,mir_to_gene,,1.0,1.0,1.0,1.0,1.0
3,MIMAT0000461,BSG,mir_to_gene,,0.5,0.5,0.5,0.5,0.5
3,MIMAT0000461,UBE2V1,mir_to_gene,,0.5,0.5,0.5,0.5,0.5
3,MIMAT0000461,CCDC80,mir_to_gene,,0.3333333432674408,0.3333333432674408,0.3333333432674408,0.3333333432674408,0.3333333432674408
3,MIMAT0000461,CYLD,mir_to_gene,,1.0,1.0,1.0,1.0,1.0
3,MIMAT0000461,ZBTB34,mir_to_gene,,0.5,0.5,0.5,0.5,0.5
3,MIMAT0000461,SEC61A1,mir_to_gene,,1.0,1.0,1.0,1.0,1.0
3,MIMAT0000461,HEYL,mir_to_gene,,1.0,1.0,1.0,1.0,1.0
3,MIMAT0000461,TSC22D2,mir_to_gene,,0.3333333432674408,0.3333333432674408,0.3333333432674408,0.3333333432674408,0.3333333432674408
3,MIMAT0000461,CPEB3,mir_to_gene,,1.0,1.0,1.0,1.0,1.0
3,MIMAT0000461,WIPI2,mir_to_gene,,1.0,1.0,1.0,1.0,1.0
3,MIMAT0000461,SERBP1,mir_to_gene,,1.0,1.0,1.0,1.0,1.0
3,MIMAT0000461,AKAP11,mir_to_gene,,1.0,1.0,1.0,1.0,1.0
3,MIMAT0000461,CDC37L1,mir_to_gene,,1.0,1.0,1.0,1.0,1.0
3,MIMAT0000461,STX17,mir_to_gene,,1.0,1.0,1.0,1.0,1.0
3,MIMAT0000461,RFK,mir_to_gene,,1.0,1.0,1.0,1.0,1.0
3,MIMAT0000461,PDE4D,mir_to_gene,,1.0,1.0,1.0,1.0,1.0
3,MIMAT0000461,BAG4,mir_to_gene,,1.0,1.0,1.0,1.0,1.0
3,MIMAT0000461,BZW1,mir_to_gene,,1.0,1.0,1.0,1.0,1.0
3,MIMAT0000461,CCNE1,mir_to_gene,,1.0,1.0,1.0,1.0,1.0
3,MIMAT0000461,CCNT1,mir_to_gene,,0.5,0.5,0.5,0.5,0.5
3,MIMAT0000461,CCNT2,mir_to_gene,,0.5,0.5,0.5,0.5,0.5
3,MIMAT0000461,TPI1,mir_to_gene,,1.0,1.0,1.0,1.0,1.0
3,MIMAT0000461,SHOC2,mir_to_gene,,1.0,1.0,1.0,1.0,1.0
3,MIMAT0000461,DNAJC10,mir_to_gene,,0.5,0.5,0.5,0.5,0.5
3,MIMAT0000461,ABCB7,mir_to_gene,,1.0,1.0,1.0,1.0,1.0
3,MIMAT0000461,CDV3,mir_to_gene,,1.0,1.0,1.0,1.0,1.0
3,MIMAT0000461,ETNK1,mir_to_gene,,1.0,1.0,1.0,1.0,1.0
3,MIMAT0000461,C21orf62,mir_to_gene,,0.5,0.5,0.5,0.5,0.5
3,MIMAT0000461,MIB1,mir_to_gene,,1.0,1.0,1.0,1.0,1.0
3,MIMAT0000461,TAOK1,mir_to_gene,,0.5,0.5,0.5,0.5,0.5
3,MIMAT0000461,RPRD1B,mir_to_gene,,1.0,1.0,1.0,1.0,1.0
3,MIMAT0000461,PPP1R11,mir_to_gene,,0.3333333432674408,0.3333333432674408,0.3333333432674408,0.3333333432674408,0.3333333432674408
3,MIMAT0000461,HAUS3,mir_to_gene,,1.0,1.0,1.0,1.0,1.0
3,MIMAT0000461,DCAF17,mir_to_gene,,1.0,1.0,1.0,1.0,1.0
3,MIMAT0000461,GABARAPL1,mir_to_gene,,1.0,1.0,1.0,1.0,1.0
3,MIMAT0000461,LUZP1,mir_to_gene,,1.0,1.0,1.0,1.0,1.0
3,MIMAT0000461,SMAD3,mir_to_gene,,1.0,1.0,1.0,1.0,1.0
3,MIMAT0000461,TKTL1,mir_to_gene,,1.0,1.0,1.0,1.0,1.0
3,MIMAT0000461,VEGFA,mir_to_gene,,0.5,0.5,0.5,0.5,0.5
3,MIMAT0000461,MECP2,mir_to_gene,,0.5,0.5,0.5,0.5,0.5
3,MIMAT0000461,THRAP3,mir_to_gene,,1.0,1.0,1.0,1.0,1.0
3,MIMAT0000461,CD180,mir_to_gene,,0.5,0.5,0.5,0.5,0.5
3,MIMAT0000461,ACTR2,mir_to_gene,,1.0,1.0,1.0,1.0,1.0
3,MIMAT0000461,ARIH1,mir_to_gene,,1.0,1.0,1.0,1.0,1.0
3,MIMAT0000461,PURA,mir_to_gene,,1.0,1.0,1.0,1.0,1.0
3,MIMAT0000461,MLLT6,mir_to_gene,,1.0,1.0,1.0,1.0,1.0
3,MIMAT0000461,PSKH1,mir_to_gene,,1.0,1.0,1.0,1.0,1.0
3,MIMAT0000461,YWHAQ,mir_to_gene,,1.0,1.0,1.0,1.0,1.0
3,MIMAT0000461,VPS4A,mir_to_gene,,1.0,1.0,1.0,1.0,1.0
3,MIMAT0000461,RACGAP1,mir_to_gene,,0.5,0.5,0.5,0.5,0.5
3,MIMAT0000461,VCL,mir_to_gene,,1.0,1.0,1.0,1.0,1.0
3,MIMAT0000461,SOCS5,mir_to_gene,,0.5,0.5,0.5,0.5,0.5
3,MIMAT0000461,OCRL,mir_to_gene,,1.0,1.0,1.0,1.0,1.0
3,MIMAT0000461,KPNA1,mir_to_gene,,1.0,1.0,1.0,1.0,1.0
3,MIMAT0000461,PAFAH1B2,mir_to_gene,,1.0,1.0,1.0,1.0,1.0
3,MIMAT0000461,CCL4,mir_to_gene,,1.0,1.0,1.0,1.0,1.0
3,MIMAT0000461,SNCG,mir_to_gene,,1.0,1.0,1.0,1.0,1.0
3,MIMAT0000461,CREG1,mir_to_gene,,1.0,1.0,1.0,1.0,1.0
3,MIMAT0000461,ARHGDIA,mir_to_gene,,1.0,1.0,1.0,1.0,1.0
3,MIMAT0000461,MAP4K2,mir_to_gene,,1.0,1.0,1.0,1.0,1.0
3,MIMAT0000461,RAPH1,mir_to_gene,,1.0,1.0,1.0,1.0,1.0
3,MIMAT0000461,MAFK,mir_to_gene,,1.0,1.0,1.0,1.0,1.0
3,MIMAT0000461,ENTPD6,mir_to_gene,,1.0,1.0,1.0,1.0,1.0
3,MIMAT0000461,APP,mir_to_gene,,0.5,0.5,0.5,0.5,0.5
3,MIMAT0000461,SH3BGRL2,mir_to_gene,,1.0,1.0,1.0,1.0,1.0
3,MIMAT0000461,KATNAL1,mir_to_gene,,0.5,0.5,0.5,0.5,0.5
3,MIMAT0000461,GNAT1,mir_to_gene,,1.0,1.0,1.0,1.0,1.0
3,MIMAT0000461,ZNF585B,mir_to_gene,,1.0,1.0,1.0,1.0,1.0
3,MIMAT0000461,YTHDC1,mir_to_gene,,1.0,1.0,1.0,1.0,1.0
3,MIMAT0000461,ZNF284,mir_to_gene,,1.0,1.0,1.0,1.0,1.0
3,MIMAT0000232,TSPAN3,mir_to_gene,,0.5,0.5,0.5,0.5,0.5
3,MIMAT0000232,FGF2,mir_to_gene,,0.3333333432674408,0.3333333432674408,0.3333333432674408,0.3333333432674408,0.3333333432674408
3,MIMAT0000232,LIN54,mir_to_gene,,0.5,0.5,0.5,0.5,0.5
3,MIMAT0000232,CCDC80,mir_to_gene,,0.3333333432674408,0.3333333432674408,0.3333333432674408,0.3333333432674408,0.3333333432674408
3,MIMAT0000232,CCNL1,mir_to_gene,,0.25,0.25,0.25,0.25,0.25
3,MIMAT0000232,FOXA2,mir_to_gene,,1.0,1.0,1.0,1.0,1.0
3,MIMAT0000232,TFAM,mir_to_gene,,0.5,0.5,0.5,0.5,0.5
3,MIMAT0000232,MET,mir_to_gene,,0.5,0.5,0.5,0.5,0.5
3,MIMAT0000232,MAPK9,mir_to_gene,,0.5,0.5,0.5,0.5,0.5
3,MIMAT0000232,SOD2,mir_to_gene,,0.20000000298023224,0.20000000298023224,0.20000000298023224,0.20000000298023224,0.20000000298023224
3,MIMAT0000232,HGF,mir_to_gene,,1.0,1.0,1.0,1.0,1.0
3,MIMAT0000232,PAK4,mir_to_gene,,0.5,0.5,0.5,0.5,0.5
3,MIMAT0004563,TSPAN3,mir_to_gene,,0.5,0.5,0.5,0.5,0.5
3,MIMAT0004563,FGF2,mir_to_gene,,0.3333333432674408,0.3333333432674408,0.3333333432674408,0.3333333432674408,0.3333333432674408
3,MIMAT0004563,LIN54,mir_to_gene,,0.5,0.5,0.5,0.5,0.5
3,MIMAT0004563,CCDC80,mir_to_gene,,0.3333333432674408,0.3333333432674408,0.3333333432674408,0.3333333432674408,0.3333333432674408
3,MIMAT0004563,CCNL1,mir_to_gene,,0.25,0.25,0.25,0.25,0.25
3,MIMAT0004563,MET,mir_to_gene,,0.5,0.5,0.5,0.5,0.5
3,MIMAT0004563,SOD2,mir_to_gene,,0.20000000298023224,0.20000000298023224,0.20000000298023224,0.20000000298023224,0.20000000298023224
3,MIMAT0004563,PAK4,mir_to_gene,,0.5,0.5,0.5,0.5,0.5
3,MIMAT0000263,ZNF394,mir_to_gene,,1.0,1.0,1.0,1.0,1.0
3,MIMAT0000263,JAG1,mir_to_gene,,1.0,1.0,1.0,1.0,1.0
3,MIMAT0000263,CSGALNACT1,mir_to_gene,,1.0,1.0,1.0,1.0,1.0
3,MIMAT0000263,CSNK2A1,mir_to_gene,,0.5,0.5,0.5,0.5,0.5
3,MIMAT0000263,EXTL3,mir_to_gene,,1.0,1.0,1.0,1.0,1.0
3,MIMAT0000263,KIT,mir_to_gene,,0.5,0.5,0.5,0.5,0.5
3,MIMAT0000263,CCNL1,mir_to_gene,,0.25,0.25,0.25,0.25,0.25
3,MIMAT0000263,OXSR1,mir_to_gene,,1.0,1.0,1.0,1.0,1.0
3,MIMAT0000263,HES1,mir_to_gene,,1.0,1.0,1.0,1.0,1.0
3,MIMAT0000263,POLA2,mir_to_gene,,1.0,1.0,1.0,1.0,1.0
3,MIMAT0000263,PDE11A,mir_to_gene,,1.0,1.0,1.0,1.0,1.0
3,MIMAT0000263,ZNF846,mir_to_gene,,1.0,1.0,1.0,1.0,1.0
3,MIMAT0000263,CHCHD4,mir_to_gene,,1.0,1.0,1.0,1.0,1.0
3,MIMAT0000263,DDI2,mir_to_gene,,0.5,0.5,0.5,0.5,0.5
3,MIMAT0000263,ZNF584,mir_to_gene,,1.0,1.0,1.0,1.0,1.0
3,MIMAT0000263,SLC26A2,mir_to_gene,,1.0,1.0,1.0,1.0,1.0
3,MIMAT0000263,PODXL,mir_to_gene,,0.5,0.5,0.5,0.5,0.5
3,MIMAT0000265,ADAT2,mir_to_gene,,1.0,1.0,1.0,1.0,1.0
3,MIMAT0000265,ANKFY1,mir_to_gene,,1.0,1.0,1.0,1.0,1.0
3,MIMAT0000265,CHCHD3,mir_to_gene,,1.0,1.0,1.0,1.0,1.0
3,MIMAT0000265,CD44,mir_to_gene,,0.5,0.5,0.5,0.5,0.5
3,MIMAT0000265,MTA3,mir_to_gene,,1.0,1.0,1.0,1.0,1.0
3,MIMAT0000265,TLK2,mir_to_gene,,1.0,1.0,1.0,1.0,1.0
3,MIMAT0000265,HOXA10,mir_to_gene,,1.0,1.0,1.0,1.0,1.0
3,MIMAT0000265,ZBTB20,mir_to_gene,,1.0,1.0,1.0,1.0,1.0
3,MIMAT0000265,CTSC,mir_to_gene,,1.0,1.0,1.0,1.0,1.0
3,MIMAT0000265,CLNK,mir_to_gene,,1.0,1.0,1.0,1.0,1.0
3,MIMAT0000265,NR3C1,mir_to_gene,,1.0,1.0,1.0,1.0,1.0
3,MIMAT0000265,ENAH,mir_to_gene,,1.0,1.0,1.0,1.0,1.0
3,MIMAT0000265,LRRC55,mir_to_gene,,1.0,1.0,1.0,1.0,1.0
3,MIMAT0000265,CDH11,mir_to_gene,,1.0,1.0,1.0,1.0,1.0
3,MIMAT0000265,TCF4,mir_to_gene,,0.5,0.5,0.5,0.5,0.5
3,MIMAT0000265,SRGAP1,mir_to_gene,,1.0,1.0,1.0,1.0,1.0
3,MIMAT0000265,POU2F1,mir_to_gene,,0.5,0.5,0.5,0.5,0.5
3,MIMAT0000265,TRPM3,mir_to_gene,,1.0,1.0,1.0,1.0,1.0
3,MIMAT0000265,SYT6,mir_to_gene,,1.0,1.0,1.0,1.0,1.0
3,MIMAT0000265,ATP2B1,mir_to_gene,,0.5,0.5,0.5,0.5,0.5
3,MIMAT0000265,CAMK2G,mir_to_gene,,1.0,1.0,1.0,1.0,1.0
3,MIMAT0000265,PRKAR1A,mir_to_gene,,1.0,1.0,1.0,1.0,1.0
3,MIMAT0000265,RUNX2,mir_to_gene,,1.0,1.0,1.0,1.0,1.0
3,MIMAT0000265,NTRK2,mir_to_gene,,1.0,1.0,1.0,1.0,1.0
3,MIMAT0000265,WNK3,mir_to_gene,,1.0,1.0,1.0,1.0,1.0
3,MIMAT0000265,CDH8,mir_to_gene,,1.0,1.0,1.0,1.0,1.0
3,MIMAT0000265,POU2F2,mir_to_gene,,1.0,1.0,1.0,1.0,1.0
3,MIMAT0000265,AGAP1,mir_to_gene,,0.5,0.5,0.5,0.5,0.5
3,MIMAT0000265,IKZF2,mir_to_gene,,1.0,1.0,1.0,1.0,1.0
3,MIMAT0000265,ZNF385D,mir_to_gene,,1.0,1.0,1.0,1.0,1.0
3,MIMAT0000265,ZNF362,mir_to_gene,,1.0,1.0,1.0,1.0,1.0
3,MIMAT0000265,PHF13,mir_to_gene,,1.0,1.0,1.0,1.0,1.0
3,MIMAT0000265,ALDH1A2,mir_to_gene,,1.0,1.0,1.0,1.0,1.0
3,MIMAT0000265,ST3GAL1,mir_to_gene,,1.0,1.0,1.0,1.0,1.0
3,MIMAT0000265,B4GALNT3,mir_to_gene,,1.0,1.0,1.0,1.0,1.0
3,MIMAT0000265,OPN5,mir_to_gene,,1.0,1.0,1.0,1.0,1.0
3,MIMAT0000265,ZSCAN22,mir_to_gene,,1.0,1.0,1.0,1.0,1.0
3,MIMAT0000265,BCL9L,mir_to_gene,,1.0,1.0,1.0,1.0,1.0
3,MIMAT0000265,GALNT10,mir_to_gene,,1.0,1.0,1.0,1.0,1.0
3,MIMAT0000265,SFT2D2,mir_to_gene,,1.0,1.0,1.0,1.0,1.0
3,MIMAT0000265,CREB1,mir_to_gene,,1.0,1.0,1.0,1.0,1.0
3,MIMAT0000265,MBNL1,mir_to_gene,,1.0,1.0,1.0,1.0,1.0
3,MIMAT0000265,SEMA4G,mir_to_gene,,1.0,1.0,1.0,1.0,1.0
3,MIMAT0000265,PTPRT,mir_to_gene,,1.0,1.0,1.0,1.0,1.0
3,MIMAT0000265,CCR5,mir_to_gene,,1.0,1.0,1.0,1.0,1.0
3,MIMAT0000265,MAPRE2,mir_to_gene,,1.0,1.0,1.0,1.0,1.0
3,MIMAT0000265,SERP1,mir_to_gene,,1.0,1.0,1.0,1.0,1.0
3,MIMAT0000265,USP47,mir_to_gene,,1.0,1.0,1.0,1.0,1.0
3,MIMAT0000265,ZWILCH,mir_to_gene,,1.0,1.0,1.0,1.0,1.0
3,MIMAT0000265,PRLR,mir_to_gene,,1.0,1.0,1.0,1.0,1.0
3,MIMAT0000265,ZNF48,mir_to_gene,,1.0,1.0,1.0,1.0,1.0
3,MIMAT0000265,CCNT2,mir_to_gene,,0.5,0.5,0.5,0.5,0.5
3,MIMAT0000265,AKAP1,mir_to_gene,,1.0,1.0,1.0,1.0,1.0
3,MIMAT0000265,SPIB,mir_to_gene,,1.0,1.0,1.0,1.0,1.0
3,MIMAT0000265,CDX2,mir_to_gene,,0.5,0.5,0.5,0.5,0.5
3,MIMAT0000265,IL11,mir_to_gene,,1.0,1.0,1.0,1.0,1.0
3,MIMAT0000265,AKAP13,mir_to_gene,,1.0,1.0,1.0,1.0,1.0
3,MIMAT0000265,DPF3,mir_to_gene,,1.0,1.0,1.0,1.0,1.0
3,MIMAT0000265,ETF1,mir_to_gene,,1.0,1.0,1.0,1.0,1.0
3,MIMAT0000265,AP1S1,mir_to_gene,,1.0,1.0,1.0,1.0,1.0
3,MIMAT0000265,GTDC1,mir_to_gene,,1.0,1.0,1.0,1.0,1.0
3,MIMAT0000265,FARP1,mir_to_gene,,1.0,1.0,1.0,1.0,1.0
3,MIMAT0000265,SYNJ2BP,mir_to_gene,,1.0,1.0,1.0,1.0,1.0
3,MIMAT0000265,VN1R1,mir_to_gene,,1.0,1.0,1.0,1.0,1.0
3,MIMAT0000265,BCL7A,mir_to_gene,,1.0,1.0,1.0,1.0,1.0
3,MIMAT0000265,BACH2,mir_to_gene,,1.0,1.0,1.0,1.0,1.0
3,MIMAT0000265,MCL1,mir_to_gene,,1.0,1.0,1.0,1.0,1.0
3,MIMAT0000265,LRRC4,mir_to_gene,,1.0,1.0,1.0,1.0,1.0
3,MIMAT0000265,WWC2,mir_to_gene,,1.0,1.0,1.0,1.0,1.0
3,MIMAT0000265,SOST,mir_to_gene,,1.0,1.0,1.0,1.0,1.0
3,MIMAT0000265,BDNF,mir_to_gene,,1.0,1.0,1.0,1.0,1.0
3,MIMAT0000265,C21orf62,mir_to_gene,,0.5,0.5,0.5,0.5,0.5
3,MIMAT0000265,USP14,mir_to_gene,,1.0,1.0,1.0,1.0,1.0
3,MIMAT0000265,SMAD4,mir_to_gene,,0.3333333432674408,0.3333333432674408,0.3333333432674408,0.3333333432674408,0.3333333432674408
3,MIMAT0000265,MDFI,mir_to_gene,,1.0,1.0,1.0,1.0,1.0
3,MIMAT0000265,IPO7,mir_to_gene,,1.0,1.0,1.0,1.0,1.0
3,MIMAT0000265,TXNIP,mir_to_gene,,1.0,1.0,1.0,1.0,1.0
3,MIMAT0000265,ERF,mir_to_gene,,1.0,1.0,1.0,1.0,1.0
3,MIMAT0000265,WDR3,mir_to_gene,,1.0,1.0,1.0,1.0,1.0
3,MIMAT0000265,SERINC3,mir_to_gene,,1.0,1.0,1.0,1.0,1.0
3,MIMAT0000265,TPPP,mir_to_gene,,1.0,1.0,1.0,1.0,1.0
3,MIMAT0000265,PADI2,mir_to_gene,,1.0,1.0,1.0,1.0,1.0
3,MIMAT0000265,ANGPTL2,mir_to_gene,,1.0,1.0,1.0,1.0,1.0
3,MIMAT0000265,G3BP2,mir_to_gene,,0.3333333432674408,0.3333333432674408,0.3333333432674408,0.3333333432674408,0.3333333432674408
3,MIMAT0000265,ASGR1,mir_to_gene,,1.0,1.0,1.0,1.0,1.0
3,MIMAT0000265,GLP1R,mir_to_gene,,1.0,1.0,1.0,1.0,1.0
3,MIMAT0000265,SOX4,mir_to_gene,,0.5,0.5,0.5,0.5,0.5
3,MIMAT0000265,SP1,mir_to_gene,,1.0,1.0,1.0,1.0,1.0
3,MIMAT0000265,SPARC,mir_to_gene,,1.0,1.0,1.0,1.0,1.0
3,MIMAT0000265,HMGA2,mir_to_gene,,1.0,1.0,1.0,1.0,1.0
3,MIMAT0000265,STC2,mir_to_gene,,1.0,1.0,1.0,1.0,1.0
3,MIMAT0000265,SGPL1,mir_to_gene,,1.0,1.0,1.0,1.0,1.0
3,MIMAT0000265,EFNB2,mir_to_gene,,0.5,0.5,0.5,0.5,0.5
3,MIMAT0000265,BMPR1A,mir_to_gene,,1.0,1.0,1.0,1.0,1.0
3,MIMAT0000265,CDH1,mir_to_gene,,1.0,1.0,1.0,1.0,1.0
3,MIMAT0000265,CPT1B,mir_to_gene,,1.0,1.0,1.0,1.0,1.0
3,MIMAT0000265,ATF6B,mir_to_gene,,1.0,1.0,1.0,1.0,1.0
3,MIMAT0000265,EFNB1,mir_to_gene,,0.5,0.5,0.5,0.5,0.5
3,MIMAT0000265,MUC4,mir_to_gene,,1.0,1.0,1.0,1.0,1.0
3,MIMAT0000265,SYNGR1,mir_to_gene,,1.0,1.0,1.0,1.0,1.0
3,MIMAT0000265,CHCHD5,mir_to_gene,,1.0,1.0,1.0,1.0,1.0
3,MIMAT0000265,SORCS2,mir_to_gene,,1.0,1.0,1.0,1.0,1.0
3,MIMAT0000265,TGFBR1,mir_to_gene,,1.0,1.0,1.0,1.0,1.0
3,MIMAT0000265,SLC39A11,mir_to_gene,,0.5,0.5,0.5,0.5,0.5
3,MIMAT0000265,PLAG1,mir_to_gene,,1.0,1.0,1.0,1.0,1.0
3,MIMAT0000265,ELOVL6,mir_to_gene,,1.0,1.0,1.0,1.0,1.0
3,MIMAT0000265,CACNG8,mir_to_gene,,1.0,1.0,1.0,1.0,1.0
3,MIMAT0000265,RAB11FIP4,mir_to_gene,,1.0,1.0,1.0,1.0,1.0
3,MIMAT0000265,CDC42,mir_to_gene,,1.0,1.0,1.0,1.0,1.0
3,MIMAT0000265,MYO18A,mir_to_gene,,1.0,1.0,1.0,1.0,1.0
3,MIMAT0000265,TSC22D2,mir_to_gene,,0.3333333432674408,0.3333333432674408,0.3333333432674408,0.3333333432674408,0.3333333432674408
3,MIMAT0000265,IGFBP2,mir_to_gene,,1.0,1.0,1.0,1.0,1.0
3,MIMAT0000265,CYBB,mir_to_gene,,1.0,1.0,1.0,1.0,1.0
3,MIMAT0000265,IGFBP5,mir_to_gene,,1.0,1.0,1.0,1.0,1.0
3,MIMAT0000265,PPP3R1,mir_to_gene,,1.0,1.0,1.0,1.0,1.0
3,MIMAT0000265,PLCXD3,mir_to_gene,,1.0,1.0,1.0,1.0,1.0
3,MIMAT0000265,SAMD5,mir_to_gene,,1.0,1.0,1.0,1.0,1.0
3,MIMAT0000265,SMOC1,mir_to_gene,,1.0,1.0,1.0,1.0,1.0
3,MIMAT0001413,WDR89,mir_to_gene,,1.0,1.0,1.0,1.0,1.0
3,MIMAT0001413,ZNF264,mir_to_gene,,0.5,0.5,0.5,0.5,0.5
3,MIMAT0001413,ACBD5,mir_to_gene,,1.0,1.0,1.0,1.0,1.0
3,MIMAT0001413,GPRIN3,mir_to_gene,,1.0,1.0,1.0,1.0,1.0
3,MIMAT0001413,FMNL3,mir_to_gene,,1.0,1.0,1.0,1.0,1.0
3,MIMAT0001413,TRAPPC2,mir_to_gene,,0.5,0.5,0.5,0.5,0.5
3,MIMAT0001413,DCAF8,mir_to_gene,,1.0,1.0,1.0,1.0,1.0
3,MIMAT0001413,SH3GLB1,mir_to_gene,,1.0,1.0,1.0,1.0,1.0
3,MIMAT0001413,GNPTAB,mir_to_gene,,1.0,1.0,1.0,1.0,1.0
3,MIMAT0001413,F2RL3,mir_to_gene,,1.0,1.0,1.0,1.0,1.0
3,MIMAT0001413,VPS53,mir_to_gene,,0.5,0.5,0.5,0.5,0.5
3,MIMAT0001413,ITGB1,mir_to_gene,,1.0,1.0,1.0,1.0,1.0
3,MIMAT0001413,NHLRC3,mir_to_gene,,1.0,1.0,1.0,1.0,1.0
3,MIMAT0001413,SEC16A,mir_to_gene,,1.0,1.0,1.0,1.0,1.0
3,MIMAT0001413,QSOX1,mir_to_gene,,0.5,0.5,0.5,0.5,0.5
3,MIMAT0001413,CCND1,mir_to_gene,,0.5,0.5,0.5,0.5,0.5
3,MIMAT0001413,CNKSR3,mir_to_gene,,1.0,1.0,1.0,1.0,1.0
3,MIMAT0001413,POFUT1,mir_to_gene,,1.0,1.0,1.0,1.0,1.0
3,MIMAT0001413,F2RL1,mir_to_gene,,1.0,1.0,1.0,1.0,1.0
3,MIMAT0001413,SERF1A,mir_to_gene,,1.0,1.0,1.0,1.0,1.0
3,MIMAT0001413,IQSEC1,mir_to_gene,,1.0,1.0,1.0,1.0,1.0
3,MIMAT0001413,RABGAP1L,mir_to_gene,,1.0,1.0,1.0,1.0,1.0
3,MIMAT0001413,WDR53,mir_to_gene,,1.0,1.0,1.0,1.0,1.0
3,MIMAT0001413,USP28,mir_to_gene,,1.0,1.0,1.0,1.0,1.0
3,MIMAT0001413,CAMTA1,mir_to_gene,,0.5,0.5,0.5,0.5,0.5
3,MIMAT0001413,SAMD12,mir_to_gene,,1.0,1.0,1.0,1.0,1.0
3,MIMAT0001413,KLRD1,mir_to_gene,,1.0,1.0,1.0,1.0,1.0
3,MIMAT0001413,KIF6,mir_to_gene,,1.0,1.0,1.0,1.0,1.0
3,MIMAT0001413,ATXN1,mir_to_gene,,0.25,0.25,0.25,0.25,0.25
3,MIMAT0001413,PSD3,mir_to_gene,,1.0,1.0,1.0,1.0,1.0
3,MIMAT0001413,REST,mir_to_gene,,0.5,0.5,0.5,0.5,0.5
3,MIMAT0001413,MFSD8,mir_to_gene,,1.0,1.0,1.0,1.0,1.0
3,MIMAT0001413,SLC12A6,mir_to_gene,,1.0,1.0,1.0,1.0,1.0
3,MIMAT0001413,RGMB,mir_to_gene,,1.0,1.0,1.0,1.0,1.0
3,MIMAT0001413,ATP2B1,mir_to_gene,,0.5,0.5,0.5,0.5,0.5
3,MIMAT0001413,SOCS7,mir_to_gene,,1.0,1.0,1.0,1.0,1.0
3,MIMAT0001413,OCIAD1,mir_to_gene,,1.0,1.0,1.0,1.0,1.0
3,MIMAT0001413,AGFG2,mir_to_gene,,1.0,1.0,1.0,1.0,1.0
3,MIMAT0001413,TMEM67,mir_to_gene,,1.0,1.0,1.0,1.0,1.0
3,MIMAT0001413,INPP5F,mir_to_gene,,1.0,1.0,1.0,1.0,1.0
3,MIMAT0001413,WAC,mir_to_gene,,1.0,1.0,1.0,1.0,1.0
3,MIMAT0001413,WEE1,mir_to_gene,,1.0,1.0,1.0,1.0,1.0
3,MIMAT0001413,PAFAH1B1,mir_to_gene,,1.0,1.0,1.0,1.0,1.0
3,MIMAT0001413,GRK7,mir_to_gene,,1.0,1.0,1.0,1.0,1.0
3,MIMAT0001413,NR2C2,mir_to_gene,,1.0,1.0,1.0,1.0,1.0
3,MIMAT0001413,GAB1,mir_to_gene,,1.0,1.0,1.0,1.0,1.0
3,MIMAT0001413,DUSP18,mir_to_gene,,0.5,0.5,0.5,0.5,0.5
3,MIMAT0001413,ABHD2,mir_to_gene,,1.0,1.0,1.0,1.0,1.0
3,MIMAT0001413,N4BP1,mir_to_gene,,1.0,1.0,1.0,1.0,1.0
3,MIMAT0001413,MTMR3,mir_to_gene,,1.0,1.0,1.0,1.0,1.0
3,MIMAT0001413,ZDHHC20,mir_to_gene,,1.0,1.0,1.0,1.0,1.0
3,MIMAT0001413,PGM2L1,mir_to_gene,,0.5,0.5,0.5,0.5,0.5
3,MIMAT0001413,TMEM167A,mir_to_gene,,0.3333333432674408,0.3333333432674408,0.3333333432674408,0.3333333432674408,0.3333333432674408
3,MIMAT0001413,RAB3IP,mir_to_gene,,0.5,0.5,0.5,0.5,0.5
3,MIMAT0001413,NCOA3,mir_to_gene,,1.0,1.0,1.0,1.0,1.0
3,MIMAT0001413,UBXN2A,mir_to_gene,,1.0,1.0,1.0,1.0,1.0
3,MIMAT0001413,PRNP,mir_to_gene,,0.5,0.5,0.5,0.5,0.5
3,MIMAT0001413,BTN3A1,mir_to_gene,,1.0,1.0,1.0,1.0,1.0
3,MIMAT0001413,ABHD15,mir_to_gene,,1.0,1.0,1.0,1.0,1.0
3,MIMAT0001413,STAC2,mir_to_gene,,1.0,1.0,1.0,1.0,1.0
3,MIMAT0001413,POLQ,mir_to_gene,,1.0,1.0,1.0,1.0,1.0
3,MIMAT0001413,DSTYK,mir_to_gene,,1.0,1.0,1.0,1.0,1.0
3,MIMAT0001413,ZBTB37,mir_to_gene,,0.3333333432674408,0.3333333432674408,0.3333333432674408,0.3333333432674408,0.3333333432674408
3,MIMAT0001413,A1CF,mir_to_gene,,1.0,1.0,1.0,1.0,1.0
3,MIMAT0001413,POLR3G,mir_to_gene,,0.5,0.5,0.5,0.5,0.5
3,MIMAT0001413,FHDC1,mir_to_gene,,1.0,1.0,1.0,1.0,1.0
3,MIMAT0001413,AAK1,mir_to_gene,,1.0,1.0,1.0,1.0,1.0
3,MIMAT0001413,MAP3K2,mir_to_gene,,0.5,0.5,0.5,0.5,0.5
3,MIMAT0001413,RBM12B,mir_to_gene,,0.5,0.5,0.5,0.5,0.5
3,MIMAT0001413,HIP1,mir_to_gene,,1.0,1.0,1.0,1.0,1.0
3,MIMAT0001413,CAPRIN2,mir_to_gene,,1.0,1.0,1.0,1.0,1.0
3,MIMAT0001413,ELAVL2,mir_to_gene,,1.0,1.0,1.0,1.0,1.0
3,MIMAT0001413,DPYSL2,mir_to_gene,,1.0,1.0,1.0,1.0,1.0
3,MIMAT0001413,SLC7A11,mir_to_gene,,1.0,1.0,1.0,1.0,1.0
3,MIMAT0001413,RNF115,mir_to_gene,,1.0,1.0,1.0,1.0,1.0
3,MIMAT0001413,SLK,mir_to_gene,,1.0,1.0,1.0,1.0,1.0
3,MIMAT0001413,PLEKHM1,mir_to_gene,,1.0,1.0,1.0,1.0,1.0
3,MIMAT0001413,MLXIP,mir_to_gene,,1.0,1.0,1.0,1.0,1.0
3,MIMAT0001413,FBXO21,mir_to_gene,,0.5,0.5,0.5,0.5,0.5
3,MIMAT0001413,TNRC6B,mir_to_gene,,0.5,0.5,0.5,0.5,0.5
3,MIMAT0001413,WSB1,mir_to_gene,,1.0,1.0,1.0,1.0,1.0
3,MIMAT0001413,IRAK4,mir_to_gene,,1.0,1.0,1.0,1.0,1.0
3,MIMAT0001413,GNB5,mir_to_gene,,1.0,1.0,1.0,1.0,1.0
3,MIMAT0001413,TLR7,mir_to_gene,,1.0,1.0,1.0,1.0,1.0
3,MIMAT0001413,ERGIC2,mir_to_gene,,1.0,1.0,1.0,1.0,1.0
3,MIMAT0001413,WDR1,mir_to_gene,,1.0,1.0,1.0,1.0,1.0
3,MIMAT0001413,HIF1AN,mir_to_gene,,0.5,0.5,0.5,0.5,0.5
3,MIMAT0001413,FKBP14,mir_to_gene,,1.0,1.0,1.0,1.0,1.0
3,MIMAT0001413,RAB42,mir_to_gene,,1.0,1.0,1.0,1.0,1.0
3,MIMAT0001413,LDLR,mir_to_gene,,1.0,1.0,1.0,1.0,1.0
3,MIMAT0001413,BTN3A2,mir_to_gene,,1.0,1.0,1.0,1.0,1.0
3,MIMAT0001413,C18orf32,mir_to_gene,,0.5,0.5,0.5,0.5,0.5
3,MIMAT0001413,DCTN5,mir_to_gene,,1.0,1.0,1.0,1.0,1.0
3,MIMAT0001413,DNAL1,mir_to_gene,,0.5,0.5,0.5,0.5,0.5
3,MIMAT0001413,BCL2L11,mir_to_gene,,0.3333333432674408,0.3333333432674408,0.3333333432674408,0.3333333432674408,0.3333333432674408
3,MIMAT0001413,TCF4,mir_to_gene,,0.5,0.5,0.5,0.5,0.5
3,MIMAT0001413,CFL2,mir_to_gene,,1.0,1.0,1.0,1.0,1.0
3,MIMAT0001413,BTF3L4,mir_to_gene,,1.0,1.0,1.0,1.0,1.0
3,MIMAT0001413,RAB5B,mir_to_gene,,0.5,0.5,0.5,0.5,0.5
3,MIMAT0001413,SLC4A7,mir_to_gene,,1.0,1.0,1.0,1.0,1.0
3,MIMAT0001413,CDK6,mir_to_gene,,0.25,0.25,0.25,0.25,0.25
3,MIMAT0001413,TTPAL,mir_to_gene,,1.0,1.0,1.0,1.0,1.0
3,MIMAT0001413,DNAJC10,mir_to_gene,,0.5,0.5,0.5,0.5,0.5
3,MIMAT0001413,GTF2H3,mir_to_gene,,1.0,1.0,1.0,1.0,1.0
3,MIMAT0001413,ISCA2,mir_to_gene,,1.0,1.0,1.0,1.0,1.0
3,MIMAT0001413,YOD1,mir_to_gene,,0.3333333432674408,0.3333333432674408,0.3333333432674408,0.3333333432674408,0.3333333432674408
3,MIMAT0001413,MIXL1,mir_to_gene,,1.0,1.0,1.0,1.0,1.0
3,MIMAT0001413,PTGES3,mir_to_gene,,1.0,1.0,1.0,1.0,1.0
3,MIMAT0001413,FBXO31,mir_to_gene,,1.0,1.0,1.0,1.0,1.0
3,MIMAT0001413,MFSD2A,mir_to_gene,,1.0,1.0,1.0,1.0,1.0
3,MIMAT0001413,ICA1L,mir_to_gene,,1.0,1.0,1.0,1.0,1.0
3,MIMAT0001413,ENPP5,mir_to_gene,,1.0,1.0,1.0,1.0,1.0
3,MIMAT0001413,CYCS,mir_to_gene,,0.5,0.5,0.5,0.5,0.5
3,MIMAT0001413,UBFD1,mir_to_gene,,1.0,1.0,1.0,1.0,1.0
3,MIMAT0001413,ENTPD7,mir_to_gene,,1.0,1.0,1.0,1.0,1.0
3,MIMAT0001413,NRIP3,mir_to_gene,,1.0,1.0,1.0,1.0,1.0
3,MIMAT0001413,ZNFX1,mir_to_gene,,1.0,1.0,1.0,1.0,1.0
3,MIMAT0001413,GATAD1,mir_to_gene,,1.0,1.0,1.0,1.0,1.0
3,MIMAT0001413,SLC30A1,mir_to_gene,,1.0,1.0,1.0,1.0,1.0
3,MIMAT0001413,C17orf75,mir_to_gene,,1.0,1.0,1.0,1.0,1.0
3,MIMAT0001413,ABCG8,mir_to_gene,,1.0,1.0,1.0,1.0,1.0
3,MIMAT0001413,PANK3,mir_to_gene,,0.3333333432674408,0.3333333432674408,0.3333333432674408,0.3333333432674408,0.3333333432674408
3,MIMAT0001413,GPR157,mir_to_gene,,1.0,1.0,1.0,1.0,1.0
3,MIMAT0001413,SLC35F5,mir_to_gene,,1.0,1.0,1.0,1.0,1.0
3,MIMAT0001413,KLHL15,mir_to_gene,,1.0,1.0,1.0,1.0,1.0
3,MIMAT0001413,DDHD1,mir_to_gene,,1.0,1.0,1.0,1.0,1.0
3,MIMAT0001413,TRIM8,mir_to_gene,,1.0,1.0,1.0,1.0,1.0
3,MIMAT0001413,SLCO5A1,mir_to_gene,,1.0,1.0,1.0,1.0,1.0
3,MIMAT0001413,ZNF805,mir_to_gene,,0.25,0.25,0.25,0.25,0.25
3,MIMAT0001413,SLC1A5,mir_to_gene,,1.0,1.0,1.0,1.0,1.0
3,MIMAT0001413,TRAF3IP2,mir_to_gene,,1.0,1.0,1.0,1.0,1.0
3,MIMAT0001413,ZBED1,mir_to_gene,,1.0,1.0,1.0,1.0,1.0
3,MIMAT0001413,ZNF347,mir_to_gene,,1.0,1.0,1.0,1.0,1.0
3,MIMAT0001413,SAMD8,mir_to_gene,,1.0,1.0,1.0,1.0,1.0
3,MIMAT0001413,ARL1,mir_to_gene,,1.0,1.0,1.0,1.0,1.0
3,MIMAT0001413,KCNK6,mir_to_gene,,0.5,0.5,0.5,0.5,0.5
3,MIMAT0001413,SPTLC2,mir_to_gene,,1.0,1.0,1.0,1.0,1.0
3,MIMAT0001413,VPS26A,mir_to_gene,,1.0,1.0,1.0,1.0,1.0
3,MIMAT0001413,FEZ2,mir_to_gene,,1.0,1.0,1.0,1.0,1.0
3,MIMAT0001413,HMGB3,mir_to_gene,,1.0,1.0,1.0,1.0,1.0
3,MIMAT0001413,CHAF1A,mir_to_gene,,1.0,1.0,1.0,1.0,1.0
3,MIMAT0001413,MTF1,mir_to_gene,,1.0,1.0,1.0,1.0,1.0
3,MIMAT0001413,MXI1,mir_to_gene,,1.0,1.0,1.0,1.0,1.0
3,MIMAT0001413,LASP1,mir_to_gene,,1.0,1.0,1.0,1.0,1.0
3,MIMAT0001413,PVR,mir_to_gene,,1.0,1.0,1.0,1.0,1.0
3,MIMAT0001413,NFAT5,mir_to_gene,,0.25,0.25,0.25,0.25,0.25
3,MIMAT0001413,ZBTB6,mir_to_gene,,1.0,1.0,1.0,1.0,1.0
3,MIMAT0001413,NUDT3,mir_to_gene,,0.5,0.5,0.5,0.5,0.5
3,MIMAT0001413,GLO1,mir_to_gene,,0.5,0.5,0.5,0.5,0.5
3,MIMAT0001413,ZBTB25,mir_to_gene,,1.0,1.0,1.0,1.0,1.0
3,MIMAT0001413,BRCA1,mir_to_gene,,0.5,0.5,0.5,0.5,0.5
3,MIMAT0001413,CBX5,mir_to_gene,,1.0,1.0,1.0,1.0,1.0
3,MIMAT0001413,SF3B3,mir_to_gene,,0.3333333432674408,0.3333333432674408,0.3333333432674408,0.3333333432674408,0.3333333432674408
3,MIMAT0001413,RACGAP1,mir_to_gene,,0.5,0.5,0.5,0.5,0.5
3,MIMAT0001413,SOCS5,mir_to_gene,,0.5,0.5,0.5,0.5,0.5
3,MIMAT0001413,WDR37,mir_to_gene,,1.0,1.0,1.0,1.0,1.0
3,MIMAT0001413,OSTM1,mir_to_gene,,1.0,1.0,1.0,1.0,1.0
3,MIMAT0001413,SPCS1,mir_to_gene,,1.0,1.0,1.0,1.0,1.0
3,MIMAT0001413,E2F5,mir_to_gene,,0.5,0.5,0.5,0.5,0.5
3,MIMAT0001413,HMGB1,mir_to_gene,,0.5,0.5,0.5,0.5,0.5
3,MIMAT0001413,ITGA2,mir_to_gene,,1.0,1.0,1.0,1.0,1.0
3,MIMAT0001413,JAK1,mir_to_gene,,0.5,0.5,0.5,0.5,0.5
3,MIMAT0001413,MSH3,mir_to_gene,,1.0,1.0,1.0,1.0,1.0
3,MIMAT0001413,PPP1R12B,mir_to_gene,,1.0,1.0,1.0,1.0,1.0
3,MIMAT0001413,PPP6C,mir_to_gene,,0.5,0.5,0.5,0.5,0.5
3,MIMAT0001413,RNASEH1,mir_to_gene,,1.0,1.0,1.0,1.0,1.0
3,MIMAT0001413,RORA,mir_to_gene,,0.5,0.5,0.5,0.5,0.5
3,MIMAT0001413,CCL5,mir_to_gene,,1.0,1.0,1.0,1.0,1.0
3,MIMAT0001413,E2F2,mir_to_gene,,0.3333333432674408,0.3333333432674408,0.3333333432674408,0.3333333432674408,0.3333333432674408
3,MIMAT0001413,EFNB2,mir_to_gene,,0.5,0.5,0.5,0.5,0.5
3,MIMAT0001413,EIF2S1,mir_to_gene,,0.5,0.5,0.5,0.5,0.5
3,MIMAT0001413,KCNMB1,mir_to_gene,,1.0,1.0,1.0,1.0,1.0
3,MIMAT0001413,BNIP2,mir_to_gene,,0.3333333432674408,0.3333333432674408,0.3333333432674408,0.3333333432674408,0.3333333432674408
3,MIMAT0001413,DUSP2,mir_to_gene,,1.0,1.0,1.0,1.0,1.0
3,MIMAT0001413,PKNOX1,mir_to_gene,,1.0,1.0,1.0,1.0,1.0
3,MIMAT0001413,WIPF2,mir_to_gene,,1.0,1.0,1.0,1.0,1.0
3,MIMAT0001413,ANKRD13C,mir_to_gene,,1.0,1.0,1.0,1.0,1.0
3,MIMAT0001413,MAPRE3,mir_to_gene,,1.0,1.0,1.0,1.0,1.0
3,MIMAT0001413,MFN1,mir_to_gene,,1.0,1.0,1.0,1.0,1.0
3,MIMAT0001413,KCND3,mir_to_gene,,1.0,1.0,1.0,1.0,1.0
3,MIMAT0001413,ESR1,mir_to_gene,,0.3333333432674408,0.3333333432674408,0.3333333432674408,0.3333333432674408,0.3333333432674408
3,MIMAT0001413,ORAI2,mir_to_gene,,0.5,0.5,0.5,0.5,0.5
3,MIMAT0001413,KATNAL1,mir_to_gene,,0.5,0.5,0.5,0.5,0.5
3,MIMAT0001413,YIPF4,mir_to_gene,,0.5,0.5,0.5,0.5,0.5
3,MIMAT0001413,GINS4,mir_to_gene,,1.0,1.0,1.0,1.0,1.0
3,MIMAT0001413,DDI2,mir_to_gene,,0.5,0.5,0.5,0.5,0.5
3,MIMAT0001413,PURB,mir_to_gene,,1.0,1.0,1.0,1.0,1.0
3,MIMAT0001413,ZNF280B,mir_to_gene,,1.0,1.0,1.0,1.0,1.0
3,MIMAT0001413,C15orf40,mir_to_gene,,1.0,1.0,1.0,1.0,1.0
3,MIMAT0001413,CXorf38,mir_to_gene,,0.5,0.5,0.5,0.5,0.5
3,MIMAT0001413,VTI1A,mir_to_gene,,1.0,1.0,1.0,1.0,1.0
3,MIMAT0001413,ANKS4B,mir_to_gene,,1.0,1.0,1.0,1.0,1.0
3,MIMAT0001413,RRN3,mir_to_gene,,0.5,0.5,0.5,0.5,0.5
3,MIMAT0001413,ZYG11A,mir_to_gene,,1.0,1.0,1.0,1.0,1.0
3,MIMAT0001413,MAPK9,mir_to_gene,,0.5,0.5,0.5,0.5,0.5
3,MIMAT0001413,NME6,mir_to_gene,,1.0,1.0,1.0,1.0,1.0
3,MIMAT0001413,RUNX3,mir_to_gene,,1.0,1.0,1.0,1.0,1.0
3,MIMAT0001413,RPS6KA5,mir_to_gene,,1.0,1.0,1.0,1.0,1.0
3,MIMAT0001413,SOD2,mir_to_gene,,0.20000000298023224,0.20000000298023224,0.20000000298023224,0.20000000298023224,0.20000000298023224
3,MIMAT0001413,USP48,mir_to_gene,,0.5,0.5,0.5,0.5,0.5
3,MIMAT0001413,ALDH9A1,mir_to_gene,,1.0,1.0,1.0,1.0,1.0
3,MIMAT0001413,REEP3,mir_to_gene,,0.5,0.5,0.5,0.5,0.5
3,MIMAT0001413,AKTIP,mir_to_gene,,1.0,1.0,1.0,1.0,1.0
3,MIMAT0001413,FBXO48,mir_to_gene,,1.0,1.0,1.0,1.0,1.0
3,MIMAT0001413,COX19,mir_to_gene,,1.0,1.0,1.0,1.0,1.0
3,MIMAT0001413,GPR155,mir_to_gene,,1.0,1.0,1.0,1.0,1.0
3,MIMAT0001413,MUC17,mir_to_gene,,1.0,1.0,1.0,1.0,1.0
3,MIMAT0001413,CRCP,mir_to_gene,,1.0,1.0,1.0,1.0,1.0
3,MIMAT0000076,MGAT4A,mir_to_gene,,1.0,1.0,1.0,1.0,1.0
3,MIMAT0000076,ZNF292,mir_to_gene,,1.0,1.0,1.0,1.0,1.0
3,MIMAT0000076,PBX1,mir_to_gene,,1.0,1.0,1.0,1.0,1.0
3,MIMAT0000076,DDAH1,mir_to_gene,,0.5,0.5,0.5,0.5,0.5
3,MIMAT0000076,LMBR1,mir_to_gene,,1.0,1.0,1.0,1.0,1.0
3,MIMAT0000076,NT5C2,mir_to_gene,,1.0,1.0,1.0,1.0,1.0
3,MIMAT0000076,PHF20L1,mir_to_gene,,1.0,1.0,1.0,1.0,1.0
3,MIMAT0000076,RSF1,mir_to_gene,,1.0,1.0,1.0,1.0,1.0
3,MIMAT0000076,SOX5,mir_to_gene,,1.0,1.0,1.0,1.0,1.0
3,MIMAT0000076,LONRF2,mir_to_gene,,1.0,1.0,1.0,1.0,1.0
3,MIMAT0000076,RALGPS2,mir_to_gene,,1.0,1.0,1.0,1.0,1.0
3,MIMAT0000076,HOXA9,mir_to_gene,,1.0,1.0,1.0,1.0,1.0
3,MIMAT0000076,FAM126B,mir_to_gene,,1.0,1.0,1.0,1.0,1.0
3,MIMAT0000076,ANKRD46,mir_to_gene,,1.0,1.0,1.0,1.0,1.0
3,MIMAT0000076,CKAP5,mir_to_gene,,1.0,1.0,1.0,1.0,1.0
3,MIMAT0000076,LPGAT1,mir_to_gene,,1.0,1.0,1.0,1.0,1.0
3,MIMAT0000076,ERP44,mir_to_gene,,1.0,1.0,1.0,1.0,1.0
3,MIMAT0000076,DDHD2,mir_to_gene,,1.0,1.0,1.0,1.0,1.0
3,MIMAT0000076,SATB1,mir_to_gene,,1.0,1.0,1.0,1.0,1.0
3,MIMAT0000076,PPP1R3B,mir_to_gene,,1.0,1.0,1.0,1.0,1.0
3,MIMAT0000076,MDM4,mir_to_gene,,0.3333333432674408,0.3333333432674408,0.3333333432674408,0.3333333432674408,0.3333333432674408
3,MIMAT0000076,DNM1L,mir_to_gene,,1.0,1.0,1.0,1.0,1.0
3,MIMAT0000076,NUFIP2,mir_to_gene,,0.3333333432674408,0.3333333432674408,0.3333333432674408,0.3333333432674408,0.3333333432674408
3,MIMAT0000076,NFIA,mir_to_gene,,1.0,1.0,1.0,1.0,1.0
3,MIMAT0000076,FMR1,mir_to_gene,,0.5,0.5,0.5,0.5,0.5
3,MIMAT0000076,ZNF217,mir_to_gene,,1.0,1.0,1.0,1.0,1.0
3,MIMAT0000076,EXOC5,mir_to_gene,,1.0,1.0,1.0,1.0,1.0
3,MIMAT0000076,ATF2,mir_to_gene,,1.0,1.0,1.0,1.0,1.0
3,MIMAT0000076,THBS1,mir_to_gene,,1.0,1.0,1.0,1.0,1.0
3,MIMAT0000076,EIF4EBP2,mir_to_gene,,1.0,1.0,1.0,1.0,1.0
3,MIMAT0000076,B3GNT5,mir_to_gene,,1.0,1.0,1.0,1.0,1.0
3,MIMAT0000076,SOCS4,mir_to_gene,,1.0,1.0,1.0,1.0,1.0
3,MIMAT0000076,PLAT,mir_to_gene,,1.0,1.0,1.0,1.0,1.0
3,MIMAT0000076,BNIP2,mir_to_gene,,0.3333333432674408,0.3333333432674408,0.3333333432674408,0.3333333432674408,0.3333333432674408
3,MIMAT0000076,OXTR,mir_to_gene,,1.0,1.0,1.0,1.0,1.0
3,MIMAT0000076,ATP2B4,mir_to_gene,,1.0,1.0,1.0,1.0,1.0
3,MIMAT0000076,ZNF207,mir_to_gene,,1.0,1.0,1.0,1.0,1.0
3,MIMAT0000271,RLIM,mir_to_gene,,1.0,1.0,1.0,1.0,1.0
3,MIMAT0000271,HIGD1A,mir_to_gene,,1.0,1.0,1.0,1.0,1.0
3,MIMAT0000271,AP2B1,mir_to_gene,,1.0,1.0,1.0,1.0,1.0
3,MIMAT0000271,RASSF4,mir_to_gene,,1.0,1.0,1.0,1.0,1.0
3,MIMAT0000271,TPM3,mir_to_gene,,0.3333333432674408,0.3333333432674408,0.3333333432674408,0.3333333432674408,0.3333333432674408
3,MIMAT0000271,AP3M1,mir_to_gene,,1.0,1.0,1.0,1.0,1.0
3,MIMAT0000271,ABLIM3,mir_to_gene,,1.0,1.0,1.0,1.0,1.0
3,MIMAT0000271,GDPD5,mir_to_gene,,1.0,1.0,1.0,1.0,1.0
3,MIMAT0000271,FGFR1,mir_to_gene,,1.0,1.0,1.0,1.0,1.0
3,MIMAT0000271,BCL2L13,mir_to_gene,,1.0,1.0,1.0,1.0,1.0
3,MIMAT0000271,KIF1B,mir_to_gene,,0.5,0.5,0.5,0.5,0.5
3,MIMAT0000271,ZNRF1,mir_to_gene,,1.0,1.0,1.0,1.0,1.0
3,MIMAT0000271,CTNNB1,mir_to_gene,,1.0,1.0,1.0,1.0,1.0
3,MIMAT0000271,MAPK8,mir_to_gene,,1.0,1.0,1.0,1.0,1.0
3,MIMAT0000271,UBE2I,mir_to_gene,,0.5,0.5,0.5,0.5,0.5
3,MIMAT0000271,SLC39A11,mir_to_gene,,0.5,0.5,0.5,0.5,0.5
3,MIMAT0000271,GMEB2,mir_to_gene,,1.0,1.0,1.0,1.0,1.0
3,MIMAT0000271,SH3BP4,mir_to_gene,,1.0,1.0,1.0,1.0,1.0
3,MIMAT0000271,PSMD10,mir_to_gene,,1.0,1.0,1.0,1.0,1.0
3,MIMAT0000271,SCN4B,mir_to_gene,,1.0,1.0,1.0,1.0,1.0
3,MIMAT0000271,ERC1,mir_to_gene,,0.5,0.5,0.5,0.5,0.5
3,MIMAT0000271,CNNM2,mir_to_gene,,1.0,1.0,1.0,1.0,1.0
3,MIMAT0000271,MEF2C,mir_to_gene,,1.0,1.0,1.0,1.0,1.0
3,MIMAT0000271,GSR,mir_to_gene,,1.0,1.0,1.0,1.0,1.0
3,MIMAT0000271,CLEC2D,mir_to_gene,,1.0,1.0,1.0,1.0,1.0
3,MIMAT0000271,CALU,mir_to_gene,,1.0,1.0,1.0,1.0,1.0
3,MIMAT0000271,CPD,mir_to_gene,,1.0,1.0,1.0,1.0,1.0
3,MIMAT0000271,NFIC,mir_to_gene,,1.0,1.0,1.0,1.0,1.0
3,MIMAT0000271,RAB5B,mir_to_gene,,0.5,0.5,0.5,0.5,0.5
3,MIMAT0000271,TBPL1,mir_to_gene,,0.5,0.5,0.5,0.5,0.5
3,MIMAT0000271,UBE2V1,mir_to_gene,,0.5,0.5,0.5,0.5,0.5
3,MIMAT0000271,CDK6,mir_to_gene,,0.25,0.25,0.25,0.25,0.25
3,MIMAT0000271,TRPS1,mir_to_gene,,0.3333333432674408,0.3333333432674408,0.3333333432674408,0.3333333432674408,0.3333333432674408
3,MIMAT0000271,PHLPP2,mir_to_gene,,0.5,0.5,0.5,0.5,0.5
3,MIMAT0000271,NUFIP2,mir_to_gene,,0.3333333432674408,0.3333333432674408,0.3333333432674408,0.3333333432674408,0.3333333432674408
3,MIMAT0000271,RASA1,mir_to_gene,,0.5,0.5,0.5,0.5,0.5
3,MIMAT0000271,KCTD15,mir_to_gene,,0.5,0.5,0.5,0.5,0.5
3,MIMAT0000271,ZBTB8B,mir_to_gene,,0.5,0.5,0.5,0.5,0.5
3,MIMAT0000271,PPARGC1B,mir_to_gene,,1.0,1.0,1.0,1.0,1.0
3,MIMAT0000271,ZBTB33,mir_to_gene,,1.0,1.0,1.0,1.0,1.0
3,MIMAT0000271,CD180,mir_to_gene,,0.5,0.5,0.5,0.5,0.5
3,MIMAT0000271,SUGT1,mir_to_gene,,0.5,0.5,0.5,0.5,0.5
3,MIMAT0000271,WASF2,mir_to_gene,,1.0,1.0,1.0,1.0,1.0
3,MIMAT0000271,AHSA1,mir_to_gene,,1.0,1.0,1.0,1.0,1.0
3,MIMAT0000271,CD274,mir_to_gene,,1.0,1.0,1.0,1.0,1.0
3,MIMAT0000271,NRAS,mir_to_gene,,1.0,1.0,1.0,1.0,1.0
3,MIMAT0000271,PLXNB1,mir_to_gene,,1.0,1.0,1.0,1.0,1.0
3,MIMAT0000271,FLOT2,mir_to_gene,,1.0,1.0,1.0,1.0,1.0
3,MIMAT0000271,POU4F2,mir_to_gene,,1.0,1.0,1.0,1.0,1.0
3,MIMAT0000271,ASH1L,mir_to_gene,,1.0,1.0,1.0,1.0,1.0
3,MIMAT0000271,SRD5A3,mir_to_gene,,1.0,1.0,1.0,1.0,1.0
3,MIMAT0000271,ALPK2,mir_to_gene,,1.0,1.0,1.0,1.0,1.0
3,MIMAT0000271,BAX,mir_to_gene,,1.0,1.0,1.0,1.0,1.0
3,MIMAT0000271,MAPK14,mir_to_gene,,1.0,1.0,1.0,1.0,1.0
3,MIMAT0000271,PGAM4,mir_to_gene,,1.0,1.0,1.0,1.0,1.0
3,MIMAT0000271,LRTM2,mir_to_gene,,1.0,1.0,1.0,1.0,1.0
3,MIMAT0000278,YOD1,mir_to_gene,,0.3333333432674408,0.3333333432674408,0.3333333432674408,0.3333333432674408,0.3333333432674408
3,MIMAT0000278,SSX2IP,mir_to_gene,,1.0,1.0,1.0,1.0,1.0
3,MIMAT0000278,ERBB4,mir_to_gene,,1.0,1.0,1.0,1.0,1.0
3,MIMAT0000278,POU3F2,mir_to_gene,,1.0,1.0,1.0,1.0,1.0
3,MIMAT0000278,AMMECR1L,mir_to_gene,,1.0,1.0,1.0,1.0,1.0
3,MIMAT0000278,CXorf38,mir_to_gene,,0.5,0.5,0.5,0.5,0.5
3,MIMAT0000278,TIAM1,mir_to_gene,,1.0,1.0,1.0,1.0,1.0
3,MIMAT0000278,ATXN1,mir_to_gene,,0.25,0.25,0.25,0.25,0.25
3,MIMAT0000278,MAPK10,mir_to_gene,,1.0,1.0,1.0,1.0,1.0
3,MIMAT0000278,VPS53,mir_to_gene,,0.5,0.5,0.5,0.5,0.5
3,MIMAT0000278,ZNF275,mir_to_gene,,0.3333333432674408,0.3333333432674408,0.3333333432674408,0.3333333432674408,0.3333333432674408
3,MIMAT0000278,ERC1,mir_to_gene,,0.5,0.5,0.5,0.5,0.5
3,MIMAT0000278,ZNF652,mir_to_gene,,0.5,0.5,0.5,0.5,0.5
3,MIMAT0000278,IQCE,mir_to_gene,,1.0,1.0,1.0,1.0,1.0
3,MIMAT0000278,PTPRF,mir_to_gene,,1.0,1.0,1.0,1.0,1.0
3,MIMAT0000278,DYRK3,mir_to_gene,,1.0,1.0,1.0,1.0,1.0
3,MIMAT0000278,STAMBP,mir_to_gene,,1.0,1.0,1.0,1.0,1.0
3,MIMAT0000278,AGAP1,mir_to_gene,,0.5,0.5,0.5,0.5,0.5
3,MIMAT0000278,SLC19A3,mir_to_gene,,0.5,0.5,0.5,0.5,0.5
3,MIMAT0000278,CABYR,mir_to_gene,,0.5,0.5,0.5,0.5,0.5
3,MIMAT0000278,CAMKK1,mir_to_gene,,1.0,1.0,1.0,1.0,1.0
3,MIMAT0000278,UBN2,mir_to_gene,,0.5,0.5,0.5,0.5,0.5
3,MIMAT0000278,MIDN,mir_to_gene,,1.0,1.0,1.0,1.0,1.0
3,MIMAT0000278,AKT3,mir_to_gene,,0.5,0.5,0.5,0.5,0.5
3,MIMAT0000278,PRDM16,mir_to_gene,,1.0,1.0,1.0,1.0,1.0
3,MIMAT0000278,LIMS1,mir_to_gene,,1.0,1.0,1.0,1.0,1.0
3,MIMAT0000278,MAP3K2,mir_to_gene,,0.5,0.5,0.5,0.5,0.5
3,MIMAT0000278,KIT,mir_to_gene,,0.5,0.5,0.5,0.5,0.5
3,MIMAT0000278,BRD1,mir_to_gene,,1.0,1.0,1.0,1.0,1.0
3,MIMAT0000278,EEF1A1,mir_to_gene,,1.0,1.0,1.0,1.0,1.0
3,MIMAT0000278,DKK2,mir_to_gene,,1.0,1.0,1.0,1.0,1.0
3,MIMAT0000278,POGZ,mir_to_gene,,1.0,1.0,1.0,1.0,1.0
3,MIMAT0000278,ANKRD28,mir_to_gene,,1.0,1.0,1.0,1.0,1.0
3,MIMAT0000278,PHF21A,mir_to_gene,,1.0,1.0,1.0,1.0,1.0
3,MIMAT0000278,NDUFS1,mir_to_gene,,1.0,1.0,1.0,1.0,1.0
3,MIMAT0000278,BCL2L11,mir_to_gene,,0.3333333432674408,0.3333333432674408,0.3333333432674408,0.3333333432674408,0.3333333432674408
3,MIMAT0000278,CROT,mir_to_gene,,1.0,1.0,1.0,1.0,1.0
3,MIMAT0000278,C19orf12,mir_to_gene,,1.0,1.0,1.0,1.0,1.0
3,MIMAT0000278,TRPS1,mir_to_gene,,0.3333333432674408,0.3333333432674408,0.3333333432674408,0.3333333432674408,0.3333333432674408
3,MIMAT0000278,GPR107,mir_to_gene,,0.5,0.5,0.5,0.5,0.5
3,MIMAT0000278,PANK3,mir_to_gene,,0.3333333432674408,0.3333333432674408,0.3333333432674408,0.3333333432674408,0.3333333432674408
3,MIMAT0000278,TNKS2,mir_to_gene,,1.0,1.0,1.0,1.0,1.0
3,MIMAT0000278,NDFIP1,mir_to_gene,,1.0,1.0,1.0,1.0,1.0
3,MIMAT0000278,SIRT1,mir_to_gene,,0.3333333432674408,0.3333333432674408,0.3333333432674408,0.3333333432674408,0.3333333432674408
3,MIMAT0000278,SLC30A7,mir_to_gene,,1.0,1.0,1.0,1.0,1.0
3,MIMAT0000278,STMN1,mir_to_gene,,1.0,1.0,1.0,1.0,1.0
3,MIMAT0000278,VANGL1,mir_to_gene,,1.0,1.0,1.0,1.0,1.0
3,MIMAT0000278,PEG10,mir_to_gene,,0.5,0.5,0.5,0.5,0.5
3,MIMAT0000278,FMR1,mir_to_gene,,0.5,0.5,0.5,0.5,0.5
3,MIMAT0000278,TNFSF10,mir_to_gene,,1.0,1.0,1.0,1.0,1.0
3,MIMAT0000278,ARID1A,mir_to_gene,,1.0,1.0,1.0,1.0,1.0
3,MIMAT0000278,ZNF236,mir_to_gene,,1.0,1.0,1.0,1.0,1.0
3,MIMAT0000278,KPNA6,mir_to_gene,,0.5,0.5,0.5,0.5,0.5
3,MIMAT0000278,RHOA,mir_to_gene,,0.3333333432674408,0.3333333432674408,0.3333333432674408,0.3333333432674408,0.3333333432674408
3,MIMAT0000278,HNRNPD,mir_to_gene,,0.5,0.5,0.5,0.5,0.5
3,MIMAT0000278,ABLIM1,mir_to_gene,,0.5,0.5,0.5,0.5,0.5
3,MIMAT0000278,PPP6C,mir_to_gene,,0.5,0.5,0.5,0.5,0.5
3,MIMAT0000278,DENR,mir_to_gene,,1.0,1.0,1.0,1.0,1.0
3,MIMAT0000278,SNX4,mir_to_gene,,1.0,1.0,1.0,1.0,1.0
3,MIMAT0000278,DDX6,mir_to_gene,,1.0,1.0,1.0,1.0,1.0
3,MIMAT0000278,TCEAL1,mir_to_gene,,0.5,0.5,0.5,0.5,0.5
3,MIMAT0000278,LRP6,mir_to_gene,,0.5,0.5,0.5,0.5,0.5
3,MIMAT0000278,SLC10A7,mir_to_gene,,1.0,1.0,1.0,1.0,1.0
3,MIMAT0000278,ESR1,mir_to_gene,,0.3333333432674408,0.3333333432674408,0.3333333432674408,0.3333333432674408,0.3333333432674408
3,MIMAT0000278,PCDHA3,mir_to_gene,,1.0,1.0,1.0,1.0,1.0
3,MIMAT0000278,PCDHAC1,mir_to_gene,,1.0,1.0,1.0,1.0,1.0
3,MIMAT0000278,BMF,mir_to_gene,,1.0,1.0,1.0,1.0,1.0
3,MIMAT0000278,BRWD1,mir_to_gene,,1.0,1.0,1.0,1.0,1.0
3,MIMAT0000278,RBM33,mir_to_gene,,1.0,1.0,1.0,1.0,1.0
3,MIMAT0000278,TMEM183A,mir_to_gene,,1.0,1.0,1.0,1.0,1.0
3,MIMAT0000278,SELE,mir_to_gene,,1.0,1.0,1.0,1.0,1.0
3,MIMAT0004568,HNRNPA1,mir_to_gene,,1.0,1.0,1.0,1.0,1.0
3,MIMAT0004568,SDC4,mir_to_gene,,0.5,0.5,0.5,0.5,0.5
3,MIMAT0004568,TMEM101,mir_to_gene,,1.0,1.0,1.0,1.0,1.0
3,MIMAT0004568,CKAP2L,mir_to_gene,,1.0,1.0,1.0,1.0,1.0
3,MIMAT0004568,VKORC1L1,mir_to_gene,,1.0,1.0,1.0,1.0,1.0
3,MIMAT0004568,PGM2L1,mir_to_gene,,0.5,0.5,0.5,0.5,0.5
3,MIMAT0004568,MYLK3,mir_to_gene,,1.0,1.0,1.0,1.0,1.0
3,MIMAT0004568,PRNP,mir_to_gene,,0.5,0.5,0.5,0.5,0.5
3,MIMAT0004568,TRAPPC2,mir_to_gene,,0.5,0.5,0.5,0.5,0.5
3,MIMAT0004568,RCOR1,mir_to_gene,,1.0,1.0,1.0,1.0,1.0
3,MIMAT0004568,RRP15,mir_to_gene,,1.0,1.0,1.0,1.0,1.0
3,MIMAT0004568,MRPS16,mir_to_gene,,1.0,1.0,1.0,1.0,1.0
3,MIMAT0004568,RPL15,mir_to_gene,,1.0,1.0,1.0,1.0,1.0
3,MIMAT0004568,SLC39A10,mir_to_gene,,1.0,1.0,1.0,1.0,1.0
3,MIMAT0004568,DSC3,mir_to_gene,,1.0,1.0,1.0,1.0,1.0
3,MIMAT0004568,ZBTB8B,mir_to_gene,,0.5,0.5,0.5,0.5,0.5
3,MIMAT0004568,CARD8,mir_to_gene,,1.0,1.0,1.0,1.0,1.0
3,MIMAT0004568,ABL1,mir_to_gene,,1.0,1.0,1.0,1.0,1.0
3,MIMAT0004568,PABPC1,mir_to_gene,,1.0,1.0,1.0,1.0,1.0
3,MIMAT0004568,YIPF4,mir_to_gene,,0.5,0.5,0.5,0.5,0.5
3,MIMAT0004568,CYP1A2,mir_to_gene,,1.0,1.0,1.0,1.0,1.0
3,MIMAT0004568,RPL27A,mir_to_gene,,1.0,1.0,1.0,1.0,1.0
3,MIMAT0004568,ZNF749,mir_to_gene,,1.0,1.0,1.0,1.0,1.0
3,MIMAT0000279,TRAT1,mir_to_gene,,1.0,1.0,1.0,1.0,1.0
3,MIMAT0000279,GPR107,mir_to_gene,,0.5,0.5,0.5,0.5,0.5
3,MIMAT0000279,LGALS3BP,mir_to_gene,,1.0,1.0,1.0,1.0,1.0
3,MIMAT0000279,SOD2,mir_to_gene,,0.20000000298023224,0.20000000298023224,0.20000000298023224,0.20000000298023224,0.20000000298023224
3,MIMAT0000279,GNAI3,mir_to_gene,,1.0,1.0,1.0,1.0,1.0
3,MIMAT0000279,KPNA6,mir_to_gene,,0.5,0.5,0.5,0.5,0.5
3,MIMAT0000279,TOP3A,mir_to_gene,,1.0,1.0,1.0,1.0,1.0
3,MIMAT0000279,ZNF131,mir_to_gene,,1.0,1.0,1.0,1.0,1.0
3,MIMAT0000279,TRMT5,mir_to_gene,,1.0,1.0,1.0,1.0,1.0
3,MIMAT0000279,ABCG2,mir_to_gene,,1.0,1.0,1.0,1.0,1.0
3,MIMAT0000279,TMCC1,mir_to_gene,,1.0,1.0,1.0,1.0,1.0
3,MIMAT0000279,GRB10,mir_to_gene,,1.0,1.0,1.0,1.0,1.0
3,MIMAT0000279,SPTBN2,mir_to_gene,,1.0,1.0,1.0,1.0,1.0
3,MIMAT0000279,FBXO21,mir_to_gene,,0.5,0.5,0.5,0.5,0.5
3,MIMAT0000279,SMAD5,mir_to_gene,,1.0,1.0,1.0,1.0,1.0
3,MIMAT0000279,PPP2R2A,mir_to_gene,,0.5,0.5,0.5,0.5,0.5
3,MIMAT0000279,AKT3,mir_to_gene,,0.5,0.5,0.5,0.5,0.5
3,MIMAT0000279,ZNF652,mir_to_gene,,0.5,0.5,0.5,0.5,0.5
3,MIMAT0000279,SMARCA4,mir_to_gene,,1.0,1.0,1.0,1.0,1.0
3,MIMAT0000279,MGAT4B,mir_to_gene,,1.0,1.0,1.0,1.0,1.0
3,MIMAT0000279,SLC19A3,mir_to_gene,,0.5,0.5,0.5,0.5,0.5
3,MIMAT0000279,OSBPL10,mir_to_gene,,1.0,1.0,1.0,1.0,1.0
3,MIMAT0000279,CABYR,mir_to_gene,,0.5,0.5,0.5,0.5,0.5
3,MIMAT0000279,UBN2,mir_to_gene,,0.5,0.5,0.5,0.5,0.5
3,MIMAT0000279,UBR7,mir_to_gene,,1.0,1.0,1.0,1.0,1.0
3,MIMAT0000279,ZNF714,mir_to_gene,,1.0,1.0,1.0,1.0,1.0
3,MIMAT0000279,APP,mir_to_gene,,0.5,0.5,0.5,0.5,0.5
3,MIMAT0000279,ZMYND11,mir_to_gene,,0.5,0.5,0.5,0.5,0.5
3,MIMAT0000279,EIF3I,mir_to_gene,,1.0,1.0,1.0,1.0,1.0
3,MIMAT0000279,DICER1,mir_to_gene,,0.5,0.5,0.5,0.5,0.5
3,MIMAT0000279,ZFYVE16,mir_to_gene,,1.0,1.0,1.0,1.0,1.0
3,MIMAT0000279,LUC7L2,mir_to_gene,,1.0,1.0,1.0,1.0,1.0
3,MIMAT0000279,TRIM44,mir_to_gene,,1.0,1.0,1.0,1.0,1.0
3,MIMAT0000279,PGPEP1,mir_to_gene,,1.0,1.0,1.0,1.0,1.0
3,MIMAT0000279,WDR6,mir_to_gene,,1.0,1.0,1.0,1.0,1.0
3,MIMAT0000279,NLE1,mir_to_gene,,1.0,1.0,1.0,1.0,1.0
3,MIMAT0000279,DDX21,mir_to_gene,,1.0,1.0,1.0,1.0,1.0
3,MIMAT0000279,CDK6,mir_to_gene,,0.25,0.25,0.25,0.25,0.25
3,MIMAT0000279,MDM2,mir_to_gene,,0.5,0.5,0.5,0.5,0.5
3,MIMAT0000279,SLC35A2,mir_to_gene,,1.0,1.0,1.0,1.0,1.0
3,MIMAT0000279,TRPS1,mir_to_gene,,0.3333333432674408,0.3333333432674408,0.3333333432674408,0.3333333432674408,0.3333333432674408
3,MIMAT0000279,TLE3,mir_to_gene,,1.0,1.0,1.0,1.0,1.0
3,MIMAT0000279,SERTAD4,mir_to_gene,,1.0,1.0,1.0,1.0,1.0
3,MIMAT0000279,STOX2,mir_to_gene,,1.0,1.0,1.0,1.0,1.0
3,MIMAT0000279,NFS1,mir_to_gene,,1.0,1.0,1.0,1.0,1.0
3,MIMAT0000279,RECK,mir_to_gene,,1.0,1.0,1.0,1.0,1.0
3,MIMAT0000279,PELI2,mir_to_gene,,1.0,1.0,1.0,1.0,1.0
3,MIMAT0000279,CSNK1G1,mir_to_gene,,1.0,1.0,1.0,1.0,1.0
3,MIMAT0000279,HIPK2,mir_to_gene,,1.0,1.0,1.0,1.0,1.0
3,MIMAT0000279,PHACTR4,mir_to_gene,,1.0,1.0,1.0,1.0,1.0
3,MIMAT0000279,PANK3,mir_to_gene,,0.3333333432674408,0.3333333432674408,0.3333333432674408,0.3333333432674408,0.3333333432674408
3,MIMAT0000279,DOCK5,mir_to_gene,,1.0,1.0,1.0,1.0,1.0
3,MIMAT0000279,FBXL18,mir_to_gene,,1.0,1.0,1.0,1.0,1.0
3,MIMAT0000279,ZNF772,mir_to_gene,,1.0,1.0,1.0,1.0,1.0
3,MIMAT0000279,ZNF805,mir_to_gene,,0.25,0.25,0.25,0.25,0.25
3,MIMAT0000279,COG5,mir_to_gene,,1.0,1.0,1.0,1.0,1.0
3,MIMAT0000279,KIF3B,mir_to_gene,,1.0,1.0,1.0,1.0,1.0
3,MIMAT0000279,SART1,mir_to_gene,,1.0,1.0,1.0,1.0,1.0
3,MIMAT0000279,SS18,mir_to_gene,,1.0,1.0,1.0,1.0,1.0
3,MIMAT0000279,DCAF7,mir_to_gene,,1.0,1.0,1.0,1.0,1.0
3,MIMAT0000279,CAPRIN1,mir_to_gene,,0.5,0.5,0.5,0.5,0.5
3,MIMAT0000279,POLE,mir_to_gene,,1.0,1.0,1.0,1.0,1.0
3,MIMAT0000279,RNPS1,mir_to_gene,,1.0,1.0,1.0,1.0,1.0
3,MIMAT0000279,ABLIM1,mir_to_gene,,0.5,0.5,0.5,0.5,0.5
3,MIMAT0000279,QKI,mir_to_gene,,1.0,1.0,1.0,1.0,1.0
3,MIMAT0000279,CPSF6,mir_to_gene,,1.0,1.0,1.0,1.0,1.0
3,MIMAT0000279,FICD,mir_to_gene,,1.0,1.0,1.0,1.0,1.0
3,MIMAT0000279,VCP,mir_to_gene,,1.0,1.0,1.0,1.0,1.0
3,MIMAT0000279,SF3B3,mir_to_gene,,0.3333333432674408,0.3333333432674408,0.3333333432674408,0.3333333432674408,0.3333333432674408
3,MIMAT0000279,LRP10,mir_to_gene,,1.0,1.0,1.0,1.0,1.0
3,MIMAT0000279,ZNF770,mir_to_gene,,1.0,1.0,1.0,1.0,1.0
3,MIMAT0000279,HNRNPD,mir_to_gene,,0.5,0.5,0.5,0.5,0.5
3,MIMAT0000279,MGMT,mir_to_gene,,1.0,1.0,1.0,1.0,1.0
3,MIMAT0000279,PBX2,mir_to_gene,,1.0,1.0,1.0,1.0,1.0
3,MIMAT0000279,RBMS2,mir_to_gene,,1.0,1.0,1.0,1.0,1.0
3,MIMAT0000279,SORT1,mir_to_gene,,1.0,1.0,1.0,1.0,1.0
3,MIMAT0000279,EIF2S1,mir_to_gene,,0.5,0.5,0.5,0.5,0.5
3,MIMAT0000279,SDHA,mir_to_gene,,1.0,1.0,1.0,1.0,1.0
3,MIMAT0000279,ZW10,mir_to_gene,,1.0,1.0,1.0,1.0,1.0
3,MIMAT0000279,PIWIL1,mir_to_gene,,1.0,1.0,1.0,1.0,1.0
3,MIMAT0000279,TCEAL1,mir_to_gene,,0.5,0.5,0.5,0.5,0.5
3,MIMAT0000279,BBC3,mir_to_gene,,1.0,1.0,1.0,1.0,1.0
3,MIMAT0000279,TOM1,mir_to_gene,,1.0,1.0,1.0,1.0,1.0
3,MIMAT0000279,FYTTD1,mir_to_gene,,1.0,1.0,1.0,1.0,1.0
3,MIMAT0000279,ZBTB37,mir_to_gene,,0.3333333432674408,0.3333333432674408,0.3333333432674408,0.3333333432674408,0.3333333432674408
3,MIMAT0000279,CBX2,mir_to_gene,,1.0,1.0,1.0,1.0,1.0
3,MIMAT0000279,C18orf25,mir_to_gene,,1.0,1.0,1.0,1.0,1.0
3,MIMAT0000279,CDKL5,mir_to_gene,,1.0,1.0,1.0,1.0,1.0
3,MIMAT0000279,ESR1,mir_to_gene,,0.3333333432674408,0.3333333432674408,0.3333333432674408,0.3333333432674408,0.3333333432674408
3,MIMAT0000279,UBIAD1,mir_to_gene,,1.0,1.0,1.0,1.0,1.0
3,MIMAT0000279,TIMM50,mir_to_gene,,0.5,0.5,0.5,0.5,0.5
3,MIMAT0000279,RNF215,mir_to_gene,,1.0,1.0,1.0,1.0,1.0
3,MIMAT0000279,TP53BP2,mir_to_gene,,1.0,1.0,1.0,1.0,1.0
3,MIMAT0004501,POLL,mir_to_gene,,1.0,1.0,1.0,1.0,1.0
3,MIMAT0004501,ADD1,mir_to_gene,,1.0,1.0,1.0,1.0,1.0
3,MIMAT0004501,SPIN3,mir_to_gene,,1.0,1.0,1.0,1.0,1.0
3,MIMAT0004501,PPARA,mir_to_gene,,0.5,0.5,0.5,0.5,0.5
3,MIMAT0004501,UFM1,mir_to_gene,,1.0,1.0,1.0,1.0,1.0
3,MIMAT0004501,EGFR,mir_to_gene,,0.5,0.5,0.5,0.5,0.5
3,MIMAT0004501,NPTX1,mir_to_gene,,1.0,1.0,1.0,1.0,1.0
3,MIMAT0004501,STX7,mir_to_gene,,1.0,1.0,1.0,1.0,1.0
3,MIMAT0004501,CLEC4E,mir_to_gene,,1.0,1.0,1.0,1.0,1.0
3,MIMAT0004501,UBXN2B,mir_to_gene,,0.5,0.5,0.5,0.5,0.5
3,MIMAT0004504,NLGN1,mir_to_gene,,1.0,1.0,1.0,1.0,1.0
3,MIMAT0004504,CBX3,mir_to_gene,,1.0,1.0,1.0,1.0,1.0
3,MIMAT0004504,FRS2,mir_to_gene,,1.0,1.0,1.0,1.0,1.0
3,MIMAT0004504,SLC38A1,mir_to_gene,,1.0,1.0,1.0,1.0,1.0
3,MIMAT0004504,INHBA,mir_to_gene,,1.0,1.0,1.0,1.0,1.0
3,MIMAT0004504,E2F2,mir_to_gene,,0.3333333432674408,0.3333333432674408,0.3333333432674408,0.3333333432674408,0.3333333432674408
3,MIMAT0004504,RHOA,mir_to_gene,,0.3333333432674408,0.3333333432674408,0.3333333432674408,0.3333333432674408,0.3333333432674408
3,MIMAT0004504,DCK,mir_to_gene,,1.0,1.0,1.0,1.0,1.0
3,MIMAT0000089,OTUD4,mir_to_gene,,1.0,1.0,1.0,1.0,1.0
3,MIMAT0000089,PHLDA1,mir_to_gene,,1.0,1.0,1.0,1.0,1.0
3,MIMAT0000089,BAHD1,mir_to_gene,,1.0,1.0,1.0,1.0,1.0
3,MIMAT0000089,NPM1,mir_to_gene,,1.0,1.0,1.0,1.0,1.0
3,MIMAT0000089,RPL7L1,mir_to_gene,,1.0,1.0,1.0,1.0,1.0
3,MIMAT0000089,ZNF275,mir_to_gene,,0.3333333432674408,0.3333333432674408,0.3333333432674408,0.3333333432674408,0.3333333432674408
3,MIMAT0000089,SLC1A2,mir_to_gene,,1.0,1.0,1.0,1.0,1.0
3,MIMAT0000089,SRC,mir_to_gene,,1.0,1.0,1.0,1.0,1.0
3,MIMAT0000089,MYO1D,mir_to_gene,,1.0,1.0,1.0,1.0,1.0
3,MIMAT0000089,ZNF331,mir_to_gene,,1.0,1.0,1.0,1.0,1.0
3,MIMAT0000089,RPS4Y1,mir_to_gene,,1.0,1.0,1.0,1.0,1.0
3,MIMAT0000089,SATB2,mir_to_gene,,1.0,1.0,1.0,1.0,1.0
3,MIMAT0000089,SPRED1,mir_to_gene,,1.0,1.0,1.0,1.0,1.0
3,MIMAT0000089,IL5RA,mir_to_gene,,1.0,1.0,1.0,1.0,1.0
3,MIMAT0000089,NF2,mir_to_gene,,1.0,1.0,1.0,1.0,1.0
3,MIMAT0000089,RAB27A,mir_to_gene,,1.0,1.0,1.0,1.0,1.0
3,MIMAT0000089,CXCL12,mir_to_gene,,1.0,1.0,1.0,1.0,1.0
3,MIMAT0000089,NDFIP2,mir_to_gene,,1.0,1.0,1.0,1.0,1.0
3,MIMAT0000089,SRPX2,mir_to_gene,,1.0,1.0,1.0,1.0,1.0
3,MIMAT0000089,SERTAD2,mir_to_gene,,0.5,0.5,0.5,0.5,0.5
3,MIMAT0000089,KLHDC10,mir_to_gene,,1.0,1.0,1.0,1.0,1.0
3,MIMAT0000089,XPO6,mir_to_gene,,1.0,1.0,1.0,1.0,1.0
3,MIMAT0000089,INTU,mir_to_gene,,1.0,1.0,1.0,1.0,1.0
3,MIMAT0000089,HIF1AN,mir_to_gene,,0.5,0.5,0.5,0.5,0.5
3,MIMAT0000089,UBA6,mir_to_gene,,1.0,1.0,1.0,1.0,1.0
3,MIMAT0000089,CCNT1,mir_to_gene,,0.5,0.5,0.5,0.5,0.5
3,MIMAT0000089,RDX,mir_to_gene,,1.0,1.0,1.0,1.0,1.0
3,MIMAT0000089,JARID2,mir_to_gene,,1.0,1.0,1.0,1.0,1.0
3,MIMAT0000089,ARPC5,mir_to_gene,,1.0,1.0,1.0,1.0,1.0
3,MIMAT0000089,STK40,mir_to_gene,,1.0,1.0,1.0,1.0,1.0
3,MIMAT0000089,RASA1,mir_to_gene,,0.5,0.5,0.5,0.5,0.5
3,MIMAT0000089,SFXN1,mir_to_gene,,1.0,1.0,1.0,1.0,1.0
3,MIMAT0000089,EDC3,mir_to_gene,,1.0,1.0,1.0,1.0,1.0
3,MIMAT0000089,ETS1,mir_to_gene,,1.0,1.0,1.0,1.0,1.0
3,MIMAT0000089,ZNF805,mir_to_gene,,0.25,0.25,0.25,0.25,0.25
3,MIMAT0000089,CDK1,mir_to_gene,,1.0,1.0,1.0,1.0,1.0
3,MIMAT0000089,SP7,mir_to_gene,,1.0,1.0,1.0,1.0,1.0
3,MIMAT0000089,PPP2R2A,mir_to_gene,,0.5,0.5,0.5,0.5,0.5
3,MIMAT0000089,CASR,mir_to_gene,,1.0,1.0,1.0,1.0,1.0
3,MIMAT0000089,SMAD4,mir_to_gene,,0.3333333432674408,0.3333333432674408,0.3333333432674408,0.3333333432674408,0.3333333432674408
3,MIMAT0000089,MMP16,mir_to_gene,,1.0,1.0,1.0,1.0,1.0
3,MIMAT0000089,GNA13,mir_to_gene,,0.5,0.5,0.5,0.5,0.5
3,MIMAT0000089,NFAT5,mir_to_gene,,0.25,0.25,0.25,0.25,0.25
3,MIMAT0000089,NUDT3,mir_to_gene,,0.5,0.5,0.5,0.5,0.5
3,MIMAT0000089,FRK,mir_to_gene,,1.0,1.0,1.0,1.0,1.0
3,MIMAT0000089,SDC4,mir_to_gene,,0.5,0.5,0.5,0.5,0.5
3,MIMAT0000089,SOX4,mir_to_gene,,0.5,0.5,0.5,0.5,0.5
3,MIMAT0000089,E2F2,mir_to_gene,,0.3333333432674408,0.3333333432674408,0.3333333432674408,0.3333333432674408,0.3333333432674408
3,MIMAT0000089,ABCB9,mir_to_gene,,1.0,1.0,1.0,1.0,1.0
3,MIMAT0000089,QSER1,mir_to_gene,,1.0,1.0,1.0,1.0,1.0
3,MIMAT0000089,NFATC2IP,mir_to_gene,,1.0,1.0,1.0,1.0,1.0
3,MIMAT0000089,PPM1L,mir_to_gene,,1.0,1.0,1.0,1.0,1.0
3,MIMAT0000089,PPIL2,mir_to_gene,,1.0,1.0,1.0,1.0,1.0
3,MIMAT0000089,RHOA,mir_to_gene,,0.3333333432674408,0.3333333432674408,0.3333333432674408,0.3333333432674408,0.3333333432674408
3,MIMAT0000089,NFE2L1,mir_to_gene,,1.0,1.0,1.0,1.0,1.0
3,MIMAT0000089,AR,mir_to_gene,,1.0,1.0,1.0,1.0,1.0
3,MIMAT0000089,RPL37A,mir_to_gene,,1.0,1.0,1.0,1.0,1.0
3,MIMAT0000089,MXRA7,mir_to_gene,,1.0,1.0,1.0,1.0,1.0
3,MIMAT0000089,TNRC6B,mir_to_gene,,0.5,0.5,0.5,0.5,0.5
3,MIMAT0000255,CAPRIN1,mir_to_gene,,0.5,0.5,0.5,0.5,0.5
3,MIMAT0000255,VAV3,mir_to_gene,,1.0,1.0,1.0,1.0,1.0
3,MIMAT0000255,SUGT1,mir_to_gene,,0.5,0.5,0.5,0.5,0.5
3,MIMAT0000255,HDLBP,mir_to_gene,,1.0,1.0,1.0,1.0,1.0
3,MIMAT0000255,GNPDA1,mir_to_gene,,1.0,1.0,1.0,1.0,1.0
3,MIMAT0000255,PLA2G2D,mir_to_gene,,1.0,1.0,1.0,1.0,1.0
3,MIMAT0000255,CDC23,mir_to_gene,,1.0,1.0,1.0,1.0,1.0
3,MIMAT0000255,NLRC5,mir_to_gene,,1.0,1.0,1.0,1.0,1.0
3,MIMAT0000255,CPT2,mir_to_gene,,1.0,1.0,1.0,1.0,1.0
3,MIMAT0000255,ADARB1,mir_to_gene,,1.0,1.0,1.0,1.0,1.0
3,MIMAT0000255,CAMTA1,mir_to_gene,,0.5,0.5,0.5,0.5,0.5
3,MIMAT0000255,CFLAR,mir_to_gene,,1.0,1.0,1.0,1.0,1.0
3,MIMAT0000255,GAPVD1,mir_to_gene,,1.0,1.0,1.0,1.0,1.0
3,MIMAT0000255,OPA1,mir_to_gene,,1.0,1.0,1.0,1.0,1.0
3,MIMAT0000255,CD40,mir_to_gene,,0.5,0.5,0.5,0.5,0.5
3,MIMAT0000255,ERLIN2,mir_to_gene,,1.0,1.0,1.0,1.0,1.0
3,MIMAT0000255,HMGB1,mir_to_gene,,0.5,0.5,0.5,0.5,0.5
3,MIMAT0000255,SYNGR2,mir_to_gene,,1.0,1.0,1.0,1.0,1.0
3,MIMAT0000255,AXIN2,mir_to_gene,,1.0,1.0,1.0,1.0,1.0
3,MIMAT0000255,CLTB,mir_to_gene,,1.0,1.0,1.0,1.0,1.0
3,MIMAT0000255,NUP98,mir_to_gene,,1.0,1.0,1.0,1.0,1.0
3,MIMAT0000255,ITGA6,mir_to_gene,,1.0,1.0,1.0,1.0,1.0
3,MIMAT0000255,TPM1,mir_to_gene,,1.0,1.0,1.0,1.0,1.0
3,MIMAT0000255,POU2F1,mir_to_gene,,0.5,0.5,0.5,0.5,0.5
3,MIMAT0000255,LARP1,mir_to_gene,,1.0,1.0,1.0,1.0,1.0
3,MIMAT0000255,CDON,mir_to_gene,,1.0,1.0,1.0,1.0,1.0
3,MIMAT0000255,ANKS1A,mir_to_gene,,1.0,1.0,1.0,1.0,1.0
3,MIMAT0000255,CASP6,mir_to_gene,,1.0,1.0,1.0,1.0,1.0
3,MIMAT0000255,G3BP2,mir_to_gene,,0.3333333432674408,0.3333333432674408,0.3333333432674408,0.3333333432674408,0.3333333432674408
3,MIMAT0000255,CDC25C,mir_to_gene,,1.0,1.0,1.0,1.0,1.0
3,MIMAT0000255,KCNH1,mir_to_gene,,1.0,1.0,1.0,1.0,1.0
3,MIMAT0000255,MKLN1,mir_to_gene,,1.0,1.0,1.0,1.0,1.0
3,MIMAT0000255,AKT1,mir_to_gene,,1.0,1.0,1.0,1.0,1.0
3,MIMAT0000255,ADNP,mir_to_gene,,1.0,1.0,1.0,1.0,1.0
3,MIMAT0000255,PPARA,mir_to_gene,,0.5,0.5,0.5,0.5,0.5
3,MIMAT0000255,CCNL1,mir_to_gene,,0.25,0.25,0.25,0.25,0.25
3,MIMAT0000255,RBM12,mir_to_gene,,1.0,1.0,1.0,1.0,1.0
3,MIMAT0000255,TMEM167A,mir_to_gene,,0.3333333432674408,0.3333333432674408,0.3333333432674408,0.3333333432674408,0.3333333432674408
3,MIMAT0000255,FUT8,mir_to_gene,,1.0,1.0,1.0,1.0,1.0
3,MIMAT0000255,SPTBN1,mir_to_gene,,1.0,1.0,1.0,1.0,1.0
3,MIMAT0000255,APAF1,mir_to_gene,,1.0,1.0,1.0,1.0,1.0
3,MIMAT0000255,SYNE2,mir_to_gene,,1.0,1.0,1.0,1.0,1.0
3,MIMAT0000255,BIRC3,mir_to_gene,,1.0,1.0,1.0,1.0,1.0
3,MIMAT0000255,ZDHHC16,mir_to_gene,,1.0,1.0,1.0,1.0,1.0
3,MIMAT0000255,DIABLO,mir_to_gene,,1.0,1.0,1.0,1.0,1.0
3,MIMAT0000255,NDRG1,mir_to_gene,,1.0,1.0,1.0,1.0,1.0
3,MIMAT0000255,TRAF3,mir_to_gene,,1.0,1.0,1.0,1.0,1.0
3,MIMAT0000255,IRGQ,mir_to_gene,,1.0,1.0,1.0,1.0,1.0
3,MIMAT0000255,EXT2,mir_to_gene,,1.0,1.0,1.0,1.0,1.0
3,MIMAT0000255,MTAP,mir_to_gene,,1.0,1.0,1.0,1.0,1.0
3,MIMAT0000255,TMOD2,mir_to_gene,,1.0,1.0,1.0,1.0,1.0
3,MIMAT0000255,BCLAF1,mir_to_gene,,1.0,1.0,1.0,1.0,1.0
3,MIMAT0000255,RNF40,mir_to_gene,,1.0,1.0,1.0,1.0,1.0
3,MIMAT0000255,MTMR9,mir_to_gene,,1.0,1.0,1.0,1.0,1.0
3,MIMAT0000255,GIGYF2,mir_to_gene,,1.0,1.0,1.0,1.0,1.0
3,MIMAT0000255,GDE1,mir_to_gene,,1.0,1.0,1.0,1.0,1.0
3,MIMAT0000255,FIGN,mir_to_gene,,1.0,1.0,1.0,1.0,1.0
3,MIMAT0000255,POLR3E,mir_to_gene,,1.0,1.0,1.0,1.0,1.0
3,MIMAT0000255,TGIF2,mir_to_gene,,1.0,1.0,1.0,1.0,1.0
3,MIMAT0000255,CD44,mir_to_gene,,0.5,0.5,0.5,0.5,0.5
3,MIMAT0000255,VEGFA,mir_to_gene,,0.5,0.5,0.5,0.5,0.5
3,MIMAT0000255,CASP10,mir_to_gene,,1.0,1.0,1.0,1.0,1.0
3,MIMAT0000255,KIF2A,mir_to_gene,,1.0,1.0,1.0,1.0,1.0
3,MIMAT0000255,CDK6,mir_to_gene,,0.25,0.25,0.25,0.25,0.25
3,MIMAT0000255,TFAM,mir_to_gene,,0.5,0.5,0.5,0.5,0.5
3,MIMAT0000255,YOD1,mir_to_gene,,0.3333333432674408,0.3333333432674408,0.3333333432674408,0.3333333432674408,0.3333333432674408
3,MIMAT0000255,GANAB,mir_to_gene,,0.5,0.5,0.5,0.5,0.5
3,MIMAT0000255,FAM104A,mir_to_gene,,1.0,1.0,1.0,1.0,1.0
3,MIMAT0000255,CYCS,mir_to_gene,,0.5,0.5,0.5,0.5,0.5
3,MIMAT0000255,PPP1R11,mir_to_gene,,0.3333333432674408,0.3333333432674408,0.3333333432674408,0.3333333432674408,0.3333333432674408
3,MIMAT0000255,NUCKS1,mir_to_gene,,0.3333333432674408,0.3333333432674408,0.3333333432674408,0.3333333432674408,0.3333333432674408
3,MIMAT0000255,ACSL4,mir_to_gene,,1.0,1.0,1.0,1.0,1.0
3,MIMAT0000255,WDR77,mir_to_gene,,1.0,1.0,1.0,1.0,1.0
3,MIMAT0000255,MAP4,mir_to_gene,,1.0,1.0,1.0,1.0,1.0
3,MIMAT0000255,SIRT1,mir_to_gene,,0.3333333432674408,0.3333333432674408,0.3333333432674408,0.3333333432674408,0.3333333432674408
3,MIMAT0000255,PLIN3,mir_to_gene,,1.0,1.0,1.0,1.0,1.0
3,MIMAT0000255,RRM2,mir_to_gene,,1.0,1.0,1.0,1.0,1.0
3,MIMAT0000255,LEF1,mir_to_gene,,1.0,1.0,1.0,1.0,1.0
3,MIMAT0000255,XIAP,mir_to_gene,,1.0,1.0,1.0,1.0,1.0
3,MIMAT0000255,PEG10,mir_to_gene,,0.5,0.5,0.5,0.5,0.5
3,MIMAT0000255,GYG1,mir_to_gene,,1.0,1.0,1.0,1.0,1.0
3,MIMAT0000255,FOSL1,mir_to_gene,,1.0,1.0,1.0,1.0,1.0
3,MIMAT0000255,DNAJB6,mir_to_gene,,0.5,0.5,0.5,0.5,0.5
3,MIMAT0000255,UST,mir_to_gene,,1.0,1.0,1.0,1.0,1.0
3,MIMAT0000255,CCT3,mir_to_gene,,1.0,1.0,1.0,1.0,1.0
3,MIMAT0000255,PDGFRA,mir_to_gene,,1.0,1.0,1.0,1.0,1.0
3,MIMAT0000255,RRAS,mir_to_gene,,1.0,1.0,1.0,1.0,1.0
3,MIMAT0000255,ERLIN1,mir_to_gene,,1.0,1.0,1.0,1.0,1.0
3,MIMAT0000255,SNTB2,mir_to_gene,,1.0,1.0,1.0,1.0,1.0
3,MIMAT0000255,BRCA1,mir_to_gene,,0.5,0.5,0.5,0.5,0.5
3,MIMAT0000255,RAB3GAP2,mir_to_gene,,1.0,1.0,1.0,1.0,1.0
3,MIMAT0000255,SF3B3,mir_to_gene,,0.3333333432674408,0.3333333432674408,0.3333333432674408,0.3333333432674408,0.3333333432674408
3,MIMAT0000255,AKR1B1,mir_to_gene,,1.0,1.0,1.0,1.0,1.0
3,MIMAT0000255,GATA4,mir_to_gene,,1.0,1.0,1.0,1.0,1.0
3,MIMAT0000255,CXCL9,mir_to_gene,,1.0,1.0,1.0,1.0,1.0
3,MIMAT0000255,CCL22,mir_to_gene,,1.0,1.0,1.0,1.0,1.0
3,MIMAT0000255,YY1,mir_to_gene,,0.5,0.5,0.5,0.5,0.5
3,MIMAT0000255,PDXK,mir_to_gene,,1.0,1.0,1.0,1.0,1.0
3,MIMAT0000255,PEA15,mir_to_gene,,1.0,1.0,1.0,1.0,1.0
3,MIMAT0000255,HRK,mir_to_gene,,1.0,1.0,1.0,1.0,1.0
3,MIMAT0000255,TNFRSF10A,mir_to_gene,,1.0,1.0,1.0,1.0,1.0
3,MIMAT0000255,BCL10,mir_to_gene,,1.0,1.0,1.0,1.0,1.0
3,MIMAT0000255,CDKN1B,mir_to_gene,,1.0,1.0,1.0,1.0,1.0
3,MIMAT0000255,BNIP2,mir_to_gene,,0.3333333432674408,0.3333333432674408,0.3333333432674408,0.3333333432674408,0.3333333432674408
3,MIMAT0000255,EFNB1,mir_to_gene,,0.5,0.5,0.5,0.5,0.5
3,MIMAT0000255,PKP2,mir_to_gene,,1.0,1.0,1.0,1.0,1.0
3,MIMAT0000255,STX1A,mir_to_gene,,1.0,1.0,1.0,1.0,1.0
3,MIMAT0000255,TSN,mir_to_gene,,1.0,1.0,1.0,1.0,1.0
3,MIMAT0000255,TOMM40,mir_to_gene,,1.0,1.0,1.0,1.0,1.0
3,MIMAT0000255,RBCK1,mir_to_gene,,1.0,1.0,1.0,1.0,1.0
3,MIMAT0000255,EDEM3,mir_to_gene,,1.0,1.0,1.0,1.0,1.0
3,MIMAT0000255,ZSWIM7,mir_to_gene,,1.0,1.0,1.0,1.0,1.0
3,MIMAT0000255,UBXN2B,mir_to_gene,,0.5,0.5,0.5,0.5,0.5
3,MIMAT0000255,E2F5,mir_to_gene,,0.5,0.5,0.5,0.5,0.5
3,MIMAT0000255,RNF169,mir_to_gene,,1.0,1.0,1.0,1.0,1.0
3,MIMAT0000255,BCL2A1,mir_to_gene,,1.0,1.0,1.0,1.0,1.0
3,MIMAT0000255,AIFM1,mir_to_gene,,1.0,1.0,1.0,1.0,1.0
3,MIMAT0000255,DDAH1,mir_to_gene,,0.5,0.5,0.5,0.5,0.5
3,MIMAT0000255,ALS2,mir_to_gene,,1.0,1.0,1.0,1.0,1.0
3,MIMAT0000255,LLPH,mir_to_gene,,0.5,0.5,0.5,0.5,0.5
3,MIMAT0000255,MBD6,mir_to_gene,,1.0,1.0,1.0,1.0,1.0
3,MIMAT0000255,FKBP1B,mir_to_gene,,1.0,1.0,1.0,1.0,1.0
3,MIMAT0000255,TPCN2,mir_to_gene,,1.0,1.0,1.0,1.0,1.0
3,MIMAT0000255,GDF5,mir_to_gene,,1.0,1.0,1.0,1.0,1.0
3,MIMAT0000255,MOV10,mir_to_gene,,1.0,1.0,1.0,1.0,1.0
3,MIMAT0000255,CD70,mir_to_gene,,1.0,1.0,1.0,1.0,1.0
3,MIMAT0000255,TNF,mir_to_gene,,1.0,1.0,1.0,1.0,1.0
3,MIMAT0000255,POLR2A,mir_to_gene,,1.0,1.0,1.0,1.0,1.0
3,MIMAT0000255,RPL37,mir_to_gene,,1.0,1.0,1.0,1.0,1.0
3,MIMAT0000255,REEP3,mir_to_gene,,0.5,0.5,0.5,0.5,0.5
3,MIMAT0000255,BIRC5,mir_to_gene,,1.0,1.0,1.0,1.0,1.0
3,MIMAT0000255,PODXL,mir_to_gene,,0.5,0.5,0.5,0.5,0.5
3,MIMAT0000255,TGFBR2,mir_to_gene,,1.0,1.0,1.0,1.0,1.0
3,MIMAT0000255,C18orf32,mir_to_gene,,0.5,0.5,0.5,0.5,0.5
3,MIMAT0000707,SHE,mir_to_gene,,1.0,1.0,1.0,1.0,1.0
3,MIMAT0000707,ZNF460,mir_to_gene,,1.0,1.0,1.0,1.0,1.0
3,MIMAT0000707,FNIP1,mir_to_gene,,1.0,1.0,1.0,1.0,1.0
3,MIMAT0000707,MDM2,mir_to_gene,,0.5,0.5,0.5,0.5,0.5
3,MIMAT0000707,FBXW2,mir_to_gene,,1.0,1.0,1.0,1.0,1.0
3,MIMAT0000707,GGCX,mir_to_gene,,1.0,1.0,1.0,1.0,1.0
3,MIMAT0000707,ZNF417,mir_to_gene,,1.0,1.0,1.0,1.0,1.0
3,MIMAT0000707,IL6ST,mir_to_gene,,1.0,1.0,1.0,1.0,1.0
3,MIMAT0000707,CYP20A1,mir_to_gene,,1.0,1.0,1.0,1.0,1.0
3,MIMAT0000707,AURKA,mir_to_gene,,1.0,1.0,1.0,1.0,1.0
3,MIMAT0000707,NUP43,mir_to_gene,,1.0,1.0,1.0,1.0,1.0
3,MIMAT0000707,TXLNA,mir_to_gene,,1.0,1.0,1.0,1.0,1.0
3,MIMAT0000707,KCNC4,mir_to_gene,,1.0,1.0,1.0,1.0,1.0
3,MIMAT0000707,ZBTB34,mir_to_gene,,0.5,0.5,0.5,0.5,0.5
3,MIMAT0000707,SUPT7L,mir_to_gene,,1.0,1.0,1.0,1.0,1.0
3,MIMAT0000707,PHLPP2,mir_to_gene,,0.5,0.5,0.5,0.5,0.5
3,MIMAT0000707,ZDHHC5,mir_to_gene,,1.0,1.0,1.0,1.0,1.0
3,MIMAT0000707,CYTH2,mir_to_gene,,1.0,1.0,1.0,1.0,1.0
3,MIMAT0000707,ESRP1,mir_to_gene,,1.0,1.0,1.0,1.0,1.0
3,MIMAT0000707,UHRF1BP1,mir_to_gene,,1.0,1.0,1.0,1.0,1.0
3,MIMAT0000707,G2E3,mir_to_gene,,1.0,1.0,1.0,1.0,1.0
3,MIMAT0000707,TMEM33,mir_to_gene,,1.0,1.0,1.0,1.0,1.0
3,MIMAT0000707,SLC25A36,mir_to_gene,,1.0,1.0,1.0,1.0,1.0
3,MIMAT0000707,ORAI2,mir_to_gene,,0.5,0.5,0.5,0.5,0.5
3,MIMAT0000707,RRN3,mir_to_gene,,0.5,0.5,0.5,0.5,0.5
3,MIMAT0000707,NUFIP2,mir_to_gene,,0.3333333432674408,0.3333333432674408,0.3333333432674408,0.3333333432674408,0.3333333432674408
3,MIMAT0000707,NUCKS1,mir_to_gene,,0.3333333432674408,0.3333333432674408,0.3333333432674408,0.3333333432674408,0.3333333432674408
3,MIMAT0000707,TEF,mir_to_gene,,1.0,1.0,1.0,1.0,1.0
3,MIMAT0000707,LHFPL2,mir_to_gene,,1.0,1.0,1.0,1.0,1.0
3,MIMAT0000707,AKAP10,mir_to_gene,,1.0,1.0,1.0,1.0,1.0
3,MIMAT0000707,SOX11,mir_to_gene,,1.0,1.0,1.0,1.0,1.0
3,MIMAT0000707,ZNF157,mir_to_gene,,1.0,1.0,1.0,1.0,1.0
3,MIMAT0000707,KIF5B,mir_to_gene,,1.0,1.0,1.0,1.0,1.0
3,MIMAT0000707,GCNT3,mir_to_gene,,1.0,1.0,1.0,1.0,1.0
3,MIMAT0000707,SPRYD4,mir_to_gene,,1.0,1.0,1.0,1.0,1.0
3,MIMAT0000707,HOXA13,mir_to_gene,,1.0,1.0,1.0,1.0,1.0
3,MIMAT0000707,CNOT4,mir_to_gene,,1.0,1.0,1.0,1.0,1.0
3,MIMAT0000733,LNPEP,mir_to_gene,,0.5,0.5,0.5,0.5,0.5
3,MIMAT0000733,RBM12B,mir_to_gene,,0.5,0.5,0.5,0.5,0.5
3,MIMAT0000733,TSC22D2,mir_to_gene,,0.3333333432674408,0.3333333432674408,0.3333333432674408,0.3333333432674408,0.3333333432674408
3,MIMAT0000733,DNAL1,mir_to_gene,,0.5,0.5,0.5,0.5,0.5
3,MIMAT0000733,MDM4,mir_to_gene,,0.3333333432674408,0.3333333432674408,0.3333333432674408,0.3333333432674408,0.3333333432674408
3,MIMAT0000733,TRIM13,mir_to_gene,,1.0,1.0,1.0,1.0,1.0
3,MIMAT0000733,MTRF1L,mir_to_gene,,1.0,1.0,1.0,1.0,1.0
3,MIMAT0000733,TM2D2,mir_to_gene,,0.5,0.5,0.5,0.5,0.5
3,MIMAT0001631,IL6R,mir_to_gene,,1.0,1.0,1.0,1.0,1.0
3,MIMAT0002177,FOXP1,mir_to_gene,,0.5,0.5,0.5,0.5,0.5
3,MIMAT0002177,CD40,mir_to_gene,,0.5,0.5,0.5,0.5,0.5
3,MIMAT0002177,SMAD2,mir_to_gene,,0.5,0.5,0.5,0.5,0.5
3,MIMAT0002177,G3BP2,mir_to_gene,,0.3333333432674408,0.3333333432674408,0.3333333432674408,0.3333333432674408,0.3333333432674408
3,MIMAT0002177,PIK3R1,mir_to_gene,,1.0,1.0,1.0,1.0,1.0
3,MIMAT0002177,CADM1,mir_to_gene,,1.0,1.0,1.0,1.0,1.0
3,MIMAT0002177,UBE2S,mir_to_gene,,1.0,1.0,1.0,1.0,1.0
3,MIMAT0002177,RCOR3,mir_to_gene,,1.0,1.0,1.0,1.0,1.0
3,MIMAT0002177,HPGD,mir_to_gene,,1.0,1.0,1.0,1.0,1.0
3,MIMAT0002177,CENPN,mir_to_gene,,1.0,1.0,1.0,1.0,1.0
3,MIMAT0002177,MBD4,mir_to_gene,,1.0,1.0,1.0,1.0,1.0
3,MIMAT0002177,SEC23IP,mir_to_gene,,1.0,1.0,1.0,1.0,1.0
3,MIMAT0002177,IGSF3,mir_to_gene,,1.0,1.0,1.0,1.0,1.0
3,MIMAT0002177,UBASH3B,mir_to_gene,,1.0,1.0,1.0,1.0,1.0
3,MIMAT0002177,MACROD2,mir_to_gene,,1.0,1.0,1.0,1.0,1.0
3,MIMAT0003233,PDE4C,mir_to_gene,,1.0,1.0,1.0,1.0,1.0
3,MIMAT0003233,ANKRD50,mir_to_gene,,1.0,1.0,1.0,1.0,1.0
3,MIMAT0003322,RPS16,mir_to_gene,,1.0,1.0,1.0,1.0,1.0
3,MIMAT0003322,NFAT5,mir_to_gene,,0.25,0.25,0.25,0.25,0.25
3,MIMAT0003322,AP1G1,mir_to_gene,,1.0,1.0,1.0,1.0,1.0
3,MIMAT0003322,ANKRD9,mir_to_gene,,1.0,1.0,1.0,1.0,1.0
3,MIMAT0003322,STK4,mir_to_gene,,1.0,1.0,1.0,1.0,1.0
3,MIMAT0003322,UBE2I,mir_to_gene,,0.5,0.5,0.5,0.5,0.5
3,MIMAT0003322,KIF1A,mir_to_gene,,0.5,0.5,0.5,0.5,0.5
3,MIMAT0003322,YIPF6,mir_to_gene,,1.0,1.0,1.0,1.0,1.0
3,MIMAT0003322,GEN1,mir_to_gene,,1.0,1.0,1.0,1.0,1.0
3,MIMAT0003322,BSG,mir_to_gene,,0.5,0.5,0.5,0.5,0.5
3,MIMAT0003322,FAM120AOS,mir_to_gene,,1.0,1.0,1.0,1.0,1.0
3,MIMAT0003322,ZBTB44,mir_to_gene,,1.0,1.0,1.0,1.0,1.0
3,MIMAT0003322,ATP11B,mir_to_gene,,1.0,1.0,1.0,1.0,1.0
3,MIMAT0003322,RAP1GAP2,mir_to_gene,,1.0,1.0,1.0,1.0,1.0
3,MIMAT0003322,MRAS,mir_to_gene,,1.0,1.0,1.0,1.0,1.0
3,MIMAT0003322,AGAP3,mir_to_gene,,1.0,1.0,1.0,1.0,1.0
3,MIMAT0003322,ACTN4,mir_to_gene,,1.0,1.0,1.0,1.0,1.0
3,MIMAT0003322,SMAD2,mir_to_gene,,0.5,0.5,0.5,0.5,0.5
3,MIMAT0003322,CEBPG,mir_to_gene,,1.0,1.0,1.0,1.0,1.0
3,MIMAT0003322,SLC31A1,mir_to_gene,,1.0,1.0,1.0,1.0,1.0
3,MIMAT0003322,QSOX1,mir_to_gene,,0.5,0.5,0.5,0.5,0.5
3,MIMAT0003322,SRPK1,mir_to_gene,,1.0,1.0,1.0,1.0,1.0
3,MIMAT0003322,GCM1,mir_to_gene,,1.0,1.0,1.0,1.0,1.0
3,MIMAT0003322,ARCN1,mir_to_gene,,1.0,1.0,1.0,1.0,1.0
3,MIMAT0003322,MORF4L2,mir_to_gene,,1.0,1.0,1.0,1.0,1.0
3,MIMAT0003322,ZNF431,mir_to_gene,,1.0,1.0,1.0,1.0,1.0
3,MIMAT0003322,RPS19,mir_to_gene,,1.0,1.0,1.0,1.0,1.0
3,MIMAT0003322,RPS29,mir_to_gene,,1.0,1.0,1.0,1.0,1.0
3,MIMAT0006790,TK1,mir_to_gene,,1.0,1.0,1.0,1.0,1.0
3,MIMAT0006790,AZIN1,mir_to_gene,,1.0,1.0,1.0,1.0,1.0
3,MIMAT0006790,LHFPL5,mir_to_gene,,1.0,1.0,1.0,1.0,1.0
3,MIMAT0006790,ZNF107,mir_to_gene,,1.0,1.0,1.0,1.0,1.0
3,MIMAT0006790,GPR173,mir_to_gene,,1.0,1.0,1.0,1.0,1.0
3,MIMAT0006790,NUCKS1,mir_to_gene,,0.3333333432674408,0.3333333432674408,0.3333333432674408,0.3333333432674408,0.3333333432674408
3,MIMAT0006790,LCOR,mir_to_gene,,1.0,1.0,1.0,1.0,1.0
3,MIMAT0006790,KCNK6,mir_to_gene,,0.5,0.5,0.5,0.5,0.5
3,MIMAT0006790,ZNF268,mir_to_gene,,1.0,1.0,1.0,1.0,1.0
3,MIMAT0004554,EEF2K,mir_to_gene,,1.0,1.0,1.0,1.0,1.0
3,MIMAT0004554,PAK3,mir_to_gene,,1.0,1.0,1.0,1.0,1.0
3,MIMAT0004554,VGLL4,mir_to_gene,,1.0,1.0,1.0,1.0,1.0
3,MIMAT0004554,ZBTB37,mir_to_gene,,0.3333333432674408,0.3333333432674408,0.3333333432674408,0.3333333432674408,0.3333333432674408
3,MIMAT0004554,TOR1AIP1,mir_to_gene,,1.0,1.0,1.0,1.0,1.0
3,MIMAT0004554,COPS7B,mir_to_gene,,1.0,1.0,1.0,1.0,1.0
3,MIMAT0004554,KLF6,mir_to_gene,,1.0,1.0,1.0,1.0,1.0
3,MIMAT0004554,KCNB1,mir_to_gene,,1.0,1.0,1.0,1.0,1.0
3,MIMAT0004554,NCBP2,mir_to_gene,,1.0,1.0,1.0,1.0,1.0
3,MIMAT0004554,LIMD1,mir_to_gene,,0.5,0.5,0.5,0.5,0.5
3,MIMAT0004554,MATN1,mir_to_gene,,1.0,1.0,1.0,1.0,1.0
3,MIMAT0004554,COIL,mir_to_gene,,1.0,1.0,1.0,1.0,1.0
3,MIMAT0004554,ANKRD40,mir_to_gene,,1.0,1.0,1.0,1.0,1.0
3,MIMAT0004554,OTUD7A,mir_to_gene,,1.0,1.0,1.0,1.0,1.0
3,MIMAT0004554,ZNF740,mir_to_gene,,1.0,1.0,1.0,1.0,1.0
3,MIMAT0000252,TMEM97,mir_to_gene,,1.0,1.0,1.0,1.0,1.0
3,MIMAT0000252,TMEM106B,mir_to_gene,,1.0,1.0,1.0,1.0,1.0
3,MIMAT0000252,IDE,mir_to_gene,,1.0,1.0,1.0,1.0,1.0
3,MIMAT0000252,TFRC,mir_to_gene,,1.0,1.0,1.0,1.0,1.0
3,MIMAT0000252,PPIP5K2,mir_to_gene,,1.0,1.0,1.0,1.0,1.0
3,MIMAT0000252,EGFR,mir_to_gene,,0.5,0.5,0.5,0.5,0.5
3,MIMAT0000252,ST3GAL5,mir_to_gene,,1.0,1.0,1.0,1.0,1.0
3,MIMAT0000252,FXR1,mir_to_gene,,1.0,1.0,1.0,1.0,1.0
3,MIMAT0000252,GLDN,mir_to_gene,,1.0,1.0,1.0,1.0,1.0
3,MIMAT0000252,SCARB2,mir_to_gene,,1.0,1.0,1.0,1.0,1.0
3,MIMAT0000252,SRGAP2,mir_to_gene,,1.0,1.0,1.0,1.0,1.0
3,MIMAT0000252,ABCC1,mir_to_gene,,1.0,1.0,1.0,1.0,1.0
3,MIMAT0000252,MICALL1,mir_to_gene,,1.0,1.0,1.0,1.0,1.0
3,MIMAT0000252,UBE2A,mir_to_gene,,1.0,1.0,1.0,1.0,1.0
3,MIMAT0000252,PAK1,mir_to_gene,,1.0,1.0,1.0,1.0,1.0
3,MIMAT0000252,SLC25A15,mir_to_gene,,1.0,1.0,1.0,1.0,1.0
3,MIMAT0000252,SULT1B1,mir_to_gene,,1.0,1.0,1.0,1.0,1.0
3,MIMAT0000252,EHD3,mir_to_gene,,1.0,1.0,1.0,1.0,1.0
3,MIMAT0000252,SERTAD2,mir_to_gene,,0.5,0.5,0.5,0.5,0.5
3,MIMAT0000252,ZNF385A,mir_to_gene,,1.0,1.0,1.0,1.0,1.0
3,MIMAT0000252,KIF16B,mir_to_gene,,1.0,1.0,1.0,1.0,1.0
3,MIMAT0000252,BMPR2,mir_to_gene,,1.0,1.0,1.0,1.0,1.0
3,MIMAT0000252,GLS,mir_to_gene,,1.0,1.0,1.0,1.0,1.0
3,MIMAT0000252,GNA12,mir_to_gene,,1.0,1.0,1.0,1.0,1.0
3,MIMAT0000252,RCC2,mir_to_gene,,1.0,1.0,1.0,1.0,1.0
3,MIMAT0000252,CRLS1,mir_to_gene,,1.0,1.0,1.0,1.0,1.0
3,MIMAT0000252,CNNM4,mir_to_gene,,1.0,1.0,1.0,1.0,1.0
3,MIMAT0000252,ALG9,mir_to_gene,,1.0,1.0,1.0,1.0,1.0
3,MIMAT0000252,ROR1,mir_to_gene,,1.0,1.0,1.0,1.0,1.0
3,MIMAT0000252,LANCL1,mir_to_gene,,1.0,1.0,1.0,1.0,1.0
3,MIMAT0000252,GLO1,mir_to_gene,,0.5,0.5,0.5,0.5,0.5
3,MIMAT0000252,SLC5A3,mir_to_gene,,1.0,1.0,1.0,1.0,1.0
3,MIMAT0000252,CNTNAP2,mir_to_gene,,1.0,1.0,1.0,1.0,1.0
3,MIMAT0000252,LRP6,mir_to_gene,,0.5,0.5,0.5,0.5,0.5
3,MIMAT0000252,SERPINB5,mir_to_gene,,1.0,1.0,1.0,1.0,1.0
3,MIMAT0000252,RYK,mir_to_gene,,1.0,1.0,1.0,1.0,1.0
3,MIMAT0000252,SLIT3,mir_to_gene,,1.0,1.0,1.0,1.0,1.0
3,MIMAT0000252,ZNF264,mir_to_gene,,0.5,0.5,0.5,0.5,0.5
3,MIMAT0000252,PIGH,mir_to_gene,,1.0,1.0,1.0,1.0,1.0
3,MIMAT0000252,GJC1,mir_to_gene,,1.0,1.0,1.0,1.0,1.0
3,MIMAT0000252,COMMD7,mir_to_gene,,1.0,1.0,1.0,1.0,1.0
3,MIMAT0000252,ADCY9,mir_to_gene,,1.0,1.0,1.0,1.0,1.0
3,MIMAT0000252,DAZAP2,mir_to_gene,,1.0,1.0,1.0,1.0,1.0
3,MIMAT0000252,TM2D2,mir_to_gene,,0.5,0.5,0.5,0.5,0.5
3,MIMAT0000252,LLPH,mir_to_gene,,0.5,0.5,0.5,0.5,0.5
3,MIMAT0000252,RSPRY1,mir_to_gene,,1.0,1.0,1.0,1.0,1.0
3,MIMAT0000252,CACNG5,mir_to_gene,,1.0,1.0,1.0,1.0,1.0
3,MIMAT0000252,PIK3R3,mir_to_gene,,1.0,1.0,1.0,1.0,1.0
3,MIMAT0000252,DUSP18,mir_to_gene,,0.5,0.5,0.5,0.5,0.5
3,MIMAT0000252,FAM136A,mir_to_gene,,1.0,1.0,1.0,1.0,1.0
3,MIMAT0000252,TIMM50,mir_to_gene,,0.5,0.5,0.5,0.5,0.5
3,MIMAT0000252,ZNF805,mir_to_gene,,0.25,0.25,0.25,0.25,0.25
3,MIMAT0000441,MTHFD2,mir_to_gene,,1.0,1.0,1.0,1.0,1.0
3,MIMAT0000441,BCL2L11,mir_to_gene,,0.3333333432674408,0.3333333432674408,0.3333333432674408,0.3333333432674408,0.3333333432674408
3,MIMAT0000441,APBB2,mir_to_gene,,1.0,1.0,1.0,1.0,1.0
3,MIMAT0000441,KIF1A,mir_to_gene,,0.5,0.5,0.5,0.5,0.5
3,MIMAT0000441,HOXC12,mir_to_gene,,1.0,1.0,1.0,1.0,1.0
3,MIMAT0000441,PPP4R2,mir_to_gene,,1.0,1.0,1.0,1.0,1.0
3,MIMAT0000441,NTRK3,mir_to_gene,,1.0,1.0,1.0,1.0,1.0
3,MIMAT0000441,TNFAIP8,mir_to_gene,,1.0,1.0,1.0,1.0,1.0
3,MIMAT0000441,KIF1B,mir_to_gene,,0.5,0.5,0.5,0.5,0.5
3,MIMAT0000441,FRMD4B,mir_to_gene,,1.0,1.0,1.0,1.0,1.0
3,MIMAT0000441,FOXP1,mir_to_gene,,0.5,0.5,0.5,0.5,0.5
3,MIMAT0000441,TBPL1,mir_to_gene,,0.5,0.5,0.5,0.5,0.5
3,MIMAT0000441,CDX2,mir_to_gene,,0.5,0.5,0.5,0.5,0.5
3,MIMAT0000441,MDM4,mir_to_gene,,0.3333333432674408,0.3333333432674408,0.3333333432674408,0.3333333432674408,0.3333333432674408
3,MIMAT0000441,NR6A1,mir_to_gene,,1.0,1.0,1.0,1.0,1.0
3,MIMAT0000441,TAOK1,mir_to_gene,,0.5,0.5,0.5,0.5,0.5
3,MIMAT0000441,PRRX1,mir_to_gene,,1.0,1.0,1.0,1.0,1.0
3,MIMAT0000441,SOX7,mir_to_gene,,1.0,1.0,1.0,1.0,1.0
3,MIMAT0000441,SIRT1,mir_to_gene,,0.3333333432674408,0.3333333432674408,0.3333333432674408,0.3333333432674408,0.3333333432674408
3,MIMAT0000441,SERINC5,mir_to_gene,,1.0,1.0,1.0,1.0,1.0
3,MIMAT0000441,ONECUT2,mir_to_gene,,1.0,1.0,1.0,1.0,1.0
3,MIMAT0000441,REST,mir_to_gene,,0.5,0.5,0.5,0.5,0.5
3,MIMAT0000441,NFAT5,mir_to_gene,,0.25,0.25,0.25,0.25,0.25
3,MIMAT0000441,SLC30A4,mir_to_gene,,1.0,1.0,1.0,1.0,1.0
3,MIMAT0000441,JAK1,mir_to_gene,,0.5,0.5,0.5,0.5,0.5
3,MIMAT0000441,MYLK,mir_to_gene,,1.0,1.0,1.0,1.0,1.0
3,MIMAT0000441,TTC7B,mir_to_gene,,1.0,1.0,1.0,1.0,1.0
3,MIMAT0000441,ZNF704,mir_to_gene,,1.0,1.0,1.0,1.0,1.0
3,RASGRF1,fu:7e2a8487,gene_to_fu,,0.33334314823150635,0.3333379328250885,0.33337870240211487,0.333336740732193,0.3333192467689514
3,RASGRF2,fu:7e2a8487,gene_to_fu,,0.33334314823150635,0.3333379328250885,0.33337870240211487,0.333336740732193,0.3333192467689514
3,DUSP10,fu:fd226da5,gene_to_fu,,0.10000000149011612,0.10000000149011612,0.10000000149011612,0.10000000149011612,0.10000000149011612
3,DUSP1,fu:fd226da5,gene_to_fu,,0.10000000149011612,0.10000000149011612,0.10000000149011612,0.10000000149011612,0.10000000149011612
3,DUSP2,fu:fd226da5,gene_to_fu,,0.10000000149011612,0.10000000149011612,0.10000000149011612,0.10000000149011612,0.10000000149011612
3,DUSP4,fu:fd226da5,gene_to_fu,,0.10000000149011612,0.10000000149011612,0.10000000149011612,0.10000000149011612,0.10000000149011612
3,DUSP5,fu:fd226da5,gene_to_fu,,0.10000000149011612,0.10000000149011612,0.10000000149011612,0.10000000149011612,0.10000000149011612
3,DUSP6,fu:fd226da5,gene_to_fu,,0.10000000149011612,0.10000000149011612,0.10000000149011612,0.10000000149011612,0.10000000149011612
3,DUSP7,fu:fd226da5,gene_to_fu,,0.10000000149011612,0.10000000149011612,0.10000000149011612,0.10000000149011612,0.10000000149011612
3,DUSP8,fu:fd226da5,gene_to_fu,,0.10000000149011612,0.10000000149011612,0.10000000149011612,0.10000000149011612,0.10000000149011612
3,DUSP9,fu:fd226da5,gene_to_fu,,0.10000000149011612,0.10000000149011612,0.10000000149011612,0.10000000149011612,0.10000000149011612
3,DUSP16,fu:fd226da5,gene_to_fu,,0.10000000149011612,0.10000000149011612,0.10000000149011612,0.10000000149011612,0.10000000149011612
3,DUSP3,fu:084a3d94,gene_to_fu,,0.25,0.25,0.25,0.25,0.25
3,PTPN7,fu:084a3d94,gene_to_fu,,0.25,0.25,0.25,0.25,0.25
3,PTPRR,fu:084a3d94,gene_to_fu,,0.25,0.25,0.25,0.25,0.25
3,PTPN5,fu:084a3d94,gene_to_fu,,0.25,0.25,0.25,0.25,0.25
3,PPM1B,fu:0047a61e,gene_to_fu,,1.0,1.0,1.0,1.0,1.0
3,FASLG,fu:c8457d96,gene_to_fu,,1.0,1.0,1.0,1.0,1.0
3,MAP4K4,fu:3687d0f8,gene_to_fu,,1.0,1.0,1.0,1.0,1.0
3,PLA2G4E,fu:770a684e,gene_to_fu,,0.14284802973270416,0.14289382100105286,0.1428333818912506,0.14288866519927979,0.1427762508392334
3,PLA2G4F,fu:770a684e,gene_to_fu,,0.14284802973270416,0.14289382100105286,0.1428333818912506,0.14288866519927979,0.1427762508392334
3,PLA2G4D,fu:770a684e,gene_to_fu,,0.14284802973270416,0.14289382100105286,0.1428333818912506,0.14288866519927979,0.1427762508392334
3,PLA2G4A,fu:770a684e,gene_to_fu,,0.14284802973270416,0.14289382100105286,0.1428333818912506,0.14288866519927979,0.1427762508392334
3,PLA2G4C,fu:770a684e,gene_to_fu,,0.14284802973270416,0.14289382100105286,0.1428333818912506,0.14288866519927979,0.1427762508392334
3,JMJD7-PLA2G4B,fu:770a684e,gene_to_fu,,0.14284802973270416,0.14289382100105286,0.1428333818912506,0.14288866519927979,0.1427762508392334
3,STMN1,fu:8ef29752,gene_to_fu,,0.5000442266464233,0.5006804466247559,0.49970895051956177,0.5007769465446472,0.49901047348976135
3,MAPT,fu:02b71dbc,gene_to_fu,,0.5000135898590088,0.5008189678192139,0.49970895051956177,0.500515878200531,0.49901047348976135
3,NFKB1,fu:6b254be8,gene_to_fu,,0.16670344769954681,0.1667124480009079,0.16676779091358185,0.16675423085689545,0.16657929122447968
3,NFKB2,fu:6b254be8,gene_to_fu,,0.16670344769954681,0.1667124480009079,0.16676779091358185,0.16675423085689545,0.16657929122447968
3,RELA,fu:6b254be8,gene_to_fu,,0.16670344769954681,0.1667124480009079,0.16676779091358185,0.16675423085689545,0.16657929122447968
3,RELB,fu:6b254be8,gene_to_fu,,0.16670344769954681,0.1667124480009079,0.16676779091358185,0.16675423085689545,0.16657929122447968
3,CHUK,fu:e96fee09,gene_to_fu,,0.14288200438022614,0.14300288259983063,0.14291900396347046,0.14300352334976196,0.14260262250900269
3,IKBKB,fu:e96fee09,gene_to_fu,,0.14288200438022614,0.14300288259983063,0.14291900396347046,0.14300352334976196,0.14260262250900269
3,IKBKG,fu:e96fee09,gene_to_fu,,0.14288200438022614,0.14300288259983063,0.14291900396347046,0.14300352334976196,0.14260262250900269
3,MAP3K14,fu:f132c1b4,gene_to_fu,,0.33352044224739075,0.334086149930954,0.33323267102241516,0.3338279724121094,0.3329349756240845
3,MAPK1,fu:b1fed606,gene_to_fu,,0.16677692532539368,0.1669953316450119,0.16683030128479004,0.16680723428726196,0.166474848985672
3,MAPK3,fu:b1fed606,gene_to_fu,,0.16677692532539368,0.1669953316450119,0.16683030128479004,0.16680723428726196,0.166474848985672
3,MAP2K2,fu:e711f0a6,gene_to_fu,,0.14302119612693787,0.14331835508346558,0.14296381175518036,0.1432967483997345,0.14250588417053223
3,MAP2K1,fu:74ae7efc,gene_to_fu,,0.14302119612693787,0.14331835508346558,0.14296381175518036,0.1432967483997345,0.14250588417053223
3,RAF1,fu:21c326d4,gene_to_fu,,0.33363136649131775,0.3342708945274353,0.3337872326374054,0.33382341265678406,0.33264389634132385
3,BRAF,fu:7ebcd056,gene_to_fu,,0.3334435820579529,0.334450364112854,0.3336002826690674,0.3336945176124573,0.3320290744304657
3,RASA1,fu:69624e88,gene_to_fu,,1.0,1.0,1.0,1.0,1.0
3,NF1,fu:368c2fa7,gene_to_fu,,1.0,1.0,1.0,1.0,1.0
3,PRKCA,fu:35131c42,gene_to_fu,,0.3333333432674408,0.3333333432674408,0.3333333432674408,0.3333333432674408,0.3333333432674408
3,PRKCB,fu:35131c42,gene_to_fu,,0.3333333432674408,0.3333333432674408,0.3333333432674408,0.3333333432674408,0.3333333432674408
3,PRKCG,fu:35131c42,gene_to_fu,,0.3333333432674408,0.3333333432674408,0.3333333432674408,0.3333333432674408,0.3333333432674408
3,RAP1A,fu:9786b5ed,gene_to_fu,,0.3333333432674408,0.3333333432674408,0.3333333432674408,0.3333333432674408,0.3333333432674408
3,RAP1B,fu:9786b5ed,gene_to_fu,,0.3333333432674408,0.3333333432674408,0.3333333432674408,0.3333333432674408,0.3333333432674408
3,PRKACA,fu:bcdaeed1,gene_to_fu,,0.3333333432674408,0.3333333432674408,0.3333333432674408,0.3333333432674408,0.3333333432674408
3,PRKACB,fu:bcdaeed1,gene_to_fu,,0.3333333432674408,0.3333333432674408,0.3333333432674408,0.3333333432674408,0.3333333432674408
3,PRKACG,fu:bcdaeed1,gene_to_fu,,0.3333333432674408,0.3333333432674408,0.3333333432674408,0.3333333432674408,0.3333333432674408
3,RAPGEF2,fu:bd2e123e,gene_to_fu,,1.0,1.0,1.0,1.0,1.0
3,RASA2,fu:fa467b33,gene_to_fu,,0.5000802874565125,0.4999934732913971,0.5005840063095093,0.5000070333480835,0.49973660707473755
3,RRAS2,fu:35bcc57b,gene_to_fu,,0.07145629823207855,0.07151128351688385,0.07145355641841888,0.07149926573038101,0.07136107981204987
3,MRAS,fu:35bcc57b,gene_to_fu,,0.07145629823207855,0.07151128351688385,0.07145355641841888,0.07149926573038101,0.07136107981204987
3,HRAS,fu:35bcc57b,gene_to_fu,,0.07145629823207855,0.07151128351688385,0.07145355641841888,0.07149926573038101,0.07136107981204987
3,KRAS,fu:35bcc57b,gene_to_fu,,0.07145629823207855,0.07151128351688385,0.07145355641841888,0.07149926573038101,0.07136107981204987
3,NRAS,fu:35bcc57b,gene_to_fu,,0.07145629823207855,0.07151128351688385,0.07145355641841888,0.07149926573038101,0.07136107981204987
3,RRAS,fu:35bcc57b,gene_to_fu,,0.07145629823207855,0.07151128351688385,0.07145355641841888,0.07149926573038101,0.07136107981204987
3,RASGRP1,fu:82456880,gene_to_fu,,0.20000353455543518,0.20000165700912476,0.2000163346529007,0.20000123977661133,0.19999493658542633
3,RASGRP2,fu:82456880,gene_to_fu,,0.20000353455543518,0.20000165700912476,0.2000163346529007,0.20000123977661133,0.19999493658542633
3,RASGRP4,fu:82456880,gene_to_fu,,0.20000353455543518,0.20000165700912476,0.2000163346529007,0.20000123977661133,0.19999493658542633
3,RASGRP3,fu:82456880,gene_to_fu,,0.20000353455543518,0.20000165700912476,0.2000163346529007,0.20000123977661133,0.19999493658542633
3,SOS1,fu:def1099f,gene_to_fu,,0.5,0.5,0.5,0.5,0.5
3,SOS2,fu:def1099f,gene_to_fu,,0.5,0.5,0.5,0.5,0.5
3,GNA12,fu:f390c31d,gene_to_fu,,0.5,0.5,0.5,0.5,0.5
3,GNG12,fu:f390c31d,gene_to_fu,,0.5,0.5,0.5,0.5,0.5
3,GRB2,fu:c110bb17,gene_to_fu,,0.5,0.5,0.5,0.5,0.5
3,CSF1R,fu:7f7b2f5f,gene_to_fu,,0.03703708574175835,0.03703988716006279,0.03704013675451279,0.03704060986638069,0.03702772036194801
3,EGFR,fu:7f7b2f5f,gene_to_fu,,0.03703708574175835,0.03703988716006279,0.03704013675451279,0.03704060986638069,0.03702772036194801
3,EPHA2,fu:7f7b2f5f,gene_to_fu,,0.03703708574175835,0.03703988716006279,0.03704013675451279,0.03704060986638069,0.03702772036194801
3,ERBB2,fu:7f7b2f5f,gene_to_fu,,0.03703708574175835,0.03703988716006279,0.03704013675451279,0.03704060986638069,0.03702772036194801
3,ERBB3,fu:7f7b2f5f,gene_to_fu,,0.03703708574175835,0.03703988716006279,0.03704013675451279,0.03704060986638069,0.03702772036194801
3,ERBB4,fu:7f7b2f5f,gene_to_fu,,0.03703708574175835,0.03703988716006279,0.03704013675451279,0.03704060986638069,0.03702772036194801
3,FGFR1,fu:7f7b2f5f,gene_to_fu,,0.03703708574175835,0.03703988716006279,0.03704013675451279,0.03704060986638069,0.03702772036194801
3,FGFR3,fu:7f7b2f5f,gene_to_fu,,0.03703708574175835,0.03703988716006279,0.03704013675451279,0.03704060986638069,0.03702772036194801
3,FGFR2,fu:7f7b2f5f,gene_to_fu,,0.03703708574175835,0.03703988716006279,0.03704013675451279,0.03704060986638069,0.03702772036194801
3,FGFR4,fu:7f7b2f5f,gene_to_fu,,0.03703708574175835,0.03703988716006279,0.03704013675451279,0.03704060986638069,0.03702772036194801
3,FLT1,fu:7f7b2f5f,gene_to_fu,,0.03703708574175835,0.03703988716006279,0.03704013675451279,0.03704060986638069,0.03702772036194801
3,FLT3,fu:7f7b2f5f,gene_to_fu,,0.03703708574175835,0.03703988716006279,0.03704013675451279,0.03704060986638069,0.03702772036194801
3,FLT4,fu:7f7b2f5f,gene_to_fu,,0.03703708574175835,0.03703988716006279,0.03704013675451279,0.03704060986638069,0.03702772036194801
3,IGF1R,fu:7f7b2f5f,gene_to_fu,,0.03703708574175835,0.03703988716006279,0.03704013675451279,0.03704060986638069,0.03702772036194801
3,INSR,fu:7f7b2f5f,gene_to_fu,,0.03703708574175835,0.03703988716006279,0.03704013675451279,0.03704060986638069,0.03702772036194801
3,KDR,fu:7f7b2f5f,gene_to_fu,,0.03703708574175835,0.03703988716006279,0.03704013675451279,0.03704060986638069,0.03702772036194801
3,KIT,fu:7f7b2f5f,gene_to_fu,,0.03703708574175835,0.03703988716006279,0.03704013675451279,0.03704060986638069,0.03702772036194801
3,MET,fu:7f7b2f5f,gene_to_fu,,0.03703708574175835,0.03703988716006279,0.03704013675451279,0.03704060986638069,0.03702772036194801
3,NGFR,fu:7f7b2f5f,gene_to_fu,,0.03703708574175835,0.03703988716006279,0.03704013675451279,0.03704060986638069,0.03702772036194801
3,NTRK1,fu:7f7b2f5f,gene_to_fu,,0.03703708574175835,0.03703988716006279,0.03704013675451279,0.03704060986638069,0.03702772036194801
3,NTRK2,fu:7f7b2f5f,gene_to_fu,,0.03703708574175835,0.03703988716006279,0.03704013675451279,0.03704060986638069,0.03702772036194801
3,PDGFRA,fu:7f7b2f5f,gene_to_fu,,0.03703708574175835,0.03703988716006279,0.03704013675451279,0.03704060986638069,0.03702772036194801
3,PDGFRB,fu:7f7b2f5f,gene_to_fu,,0.03703708574175835,0.03703988716006279,0.03704013675451279,0.03704060986638069,0.03702772036194801
3,RET,fu:7f7b2f5f,gene_to_fu,,0.03703708574175835,0.03703988716006279,0.03704013675451279,0.03704060986638069,0.03702772036194801
3,TEK,fu:7f7b2f5f,gene_to_fu,,0.03703708574175835,0.03703988716006279,0.03704013675451279,0.03704060986638069,0.03702772036194801
3,CACNG3,fu:dd374616,gene_to_fu,,0.03846153989434242,0.03846153989434242,0.03846153989434242,0.03846153989434242,0.03846153989434242
3,CACNG2,fu:dd374616,gene_to_fu,,0.03846153989434242,0.03846153989434242,0.03846153989434242,0.03846153989434242,0.03846153989434242
3,CACNG5,fu:dd374616,gene_to_fu,,0.03846153989434242,0.03846153989434242,0.03846153989434242,0.03846153989434242,0.03846153989434242
3,CACNG4,fu:dd374616,gene_to_fu,,0.03846153989434242,0.03846153989434242,0.03846153989434242,0.03846153989434242,0.03846153989434242
3,CACNA2D3,fu:dd374616,gene_to_fu,,0.03846153989434242,0.03846153989434242,0.03846153989434242,0.03846153989434242,0.03846153989434242
3,CACNG8,fu:dd374616,gene_to_fu,,0.03846153989434242,0.03846153989434242,0.03846153989434242,0.03846153989434242,0.03846153989434242
3,CACNG7,fu:dd374616,gene_to_fu,,0.03846153989434242,0.03846153989434242,0.03846153989434242,0.03846153989434242,0.03846153989434242
3,CACNG6,fu:dd374616,gene_to_fu,,0.03846153989434242,0.03846153989434242,0.03846153989434242,0.03846153989434242,0.03846153989434242
3,CACNA1A,fu:dd374616,gene_to_fu,,0.03846153989434242,0.03846153989434242,0.03846153989434242,0.03846153989434242,0.03846153989434242
3,CACNA1B,fu:dd374616,gene_to_fu,,0.03846153989434242,0.03846153989434242,0.03846153989434242,0.03846153989434242,0.03846153989434242
3,CACNA1C,fu:dd374616,gene_to_fu,,0.03846153989434242,0.03846153989434242,0.03846153989434242,0.03846153989434242,0.03846153989434242
3,CACNA1D,fu:dd374616,gene_to_fu,,0.03846153989434242,0.03846153989434242,0.03846153989434242,0.03846153989434242,0.03846153989434242
3,CACNA1E,fu:dd374616,gene_to_fu,,0.03846153989434242,0.03846153989434242,0.03846153989434242,0.03846153989434242,0.03846153989434242
3,CACNA1F,fu:dd374616,gene_to_fu,,0.03846153989434242,0.03846153989434242,0.03846153989434242,0.03846153989434242,0.03846153989434242
3,CACNA1S,fu:dd374616,gene_to_fu,,0.03846153989434242,0.03846153989434242,0.03846153989434242,0.03846153989434242,0.03846153989434242
3,CACNA2D1,fu:dd374616,gene_to_fu,,0.03846153989434242,0.03846153989434242,0.03846153989434242,0.03846153989434242,0.03846153989434242
3,CACNB1,fu:dd374616,gene_to_fu,,0.03846153989434242,0.03846153989434242,0.03846153989434242,0.03846153989434242,0.03846153989434242
3,CACNB2,fu:dd374616,gene_to_fu,,0.03846153989434242,0.03846153989434242,0.03846153989434242,0.03846153989434242,0.03846153989434242
3,CACNB3,fu:dd374616,gene_to_fu,,0.03846153989434242,0.03846153989434242,0.03846153989434242,0.03846153989434242,0.03846153989434242
3,CACNB4,fu:dd374616,gene_to_fu,,0.03846153989434242,0.03846153989434242,0.03846153989434242,0.03846153989434242,0.03846153989434242
3,CACNG1,fu:dd374616,gene_to_fu,,0.03846153989434242,0.03846153989434242,0.03846153989434242,0.03846153989434242,0.03846153989434242
3,CACNA1I,fu:dd374616,gene_to_fu,,0.03846153989434242,0.03846153989434242,0.03846153989434242,0.03846153989434242,0.03846153989434242
3,CACNA1H,fu:dd374616,gene_to_fu,,0.03846153989434242,0.03846153989434242,0.03846153989434242,0.03846153989434242,0.03846153989434242
3,CACNA1G,fu:dd374616,gene_to_fu,,0.03846153989434242,0.03846153989434242,0.03846153989434242,0.03846153989434242,0.03846153989434242
3,CACNA2D2,fu:dd374616,gene_to_fu,,0.03846153989434242,0.03846153989434242,0.03846153989434242,0.03846153989434242,0.03846153989434242
3,CACNA2D4,fu:dd374616,gene_to_fu,,0.03846153989434242,0.03846153989434242,0.03846153989434242,0.03846153989434242,0.03846153989434242
3,NR4A1,fu:aeb42500,gene_to_fu,,0.5001047849655151,0.5011130571365356,0.49931129813194275,0.5011410117149353,0.4988537132740021
3,MAPK7,fu:4e3892e3,gene_to_fu,,0.5,0.5,0.5,0.5,0.5
3,MAP2K5,fu:9a13759c,gene_to_fu,,1.0,1.0,1.0,1.0,1.0
3,NLK,fu:ede2f5af,gene_to_fu,,0.5001243948936462,0.5007336139678955,0.4997735619544983,0.5008861422538757,0.49910423159599304
3,CDC25B,fu:6463ffd1,gene_to_fu,,0.5001382827758789,0.5010806322097778,0.4998999238014221,0.5004310607910156,0.49914151430130005
3,RPS6KA4,fu:3273328d,gene_to_fu,,0.3333570063114166,0.3336186408996582,0.33328884840011597,0.3335689604282379,0.3329515755176544
3,RPS6KA5,fu:3273328d,gene_to_fu,,0.3333570063114166,0.3336186408996582,0.33328884840011597,0.3335689604282379,0.3329515755176544
3,MAPKAPK3,fu:dd701a8d,gene_to_fu,,0.3333575129508972,0.3336903154850006,0.33328884840011597,0.33349931240081787,0.3329515755176544
3,MAPKAPK2,fu:dd701a8d,gene_to_fu,,0.3333575129508972,0.3336903154850006,0.33328884840011597,0.33349931240081787,0.3329515755176544
3,ATF4,fu:b5bf47cc,gene_to_fu,,0.33353203535079956,0.33406001329421997,0.33342331647872925,0.33392050862312317,0.33272430300712585
3,MEF2C,fu:9217ec0a,gene_to_fu,,0.500154972076416,0.5009559392929077,0.4998999238014221,0.500622570514679,0.49914151430130005
3,MAX,fu:83098143,gene_to_fu,,0.5001387000083923,0.5010795593261719,0.4998999238014221,0.5004338622093201,0.49914151430130005
3,DDIT3,fu:2b9b82f8,gene_to_fu,,0.5001387000083923,0.5010795593261719,0.4998999238014221,0.5004338622093201,0.49914151430130005
3,ELK4,fu:13ad26cc,gene_to_fu,,0.5001384019851685,0.5010802745819092,0.4998999238014221,0.5004319548606873,0.49914151430130005
3,TP53,fu:7d38c72e,gene_to_fu,,0.3335444927215576,0.33444944024086,0.3334919214248657,0.3339572846889496,0.3322792947292328
3,ELK1,fu:2be3360b,gene_to_fu,,0.33354452252388,0.3344493508338928,0.3334919214248657,0.3339575231075287,0.3322792947292328
3,ATF2,fu:fa6497d0,gene_to_fu,,0.5001802444458008,0.5010305643081665,0.4998999238014221,0.5006488561630249,0.49914151430130005
3,MAPK14,fu:828681e8,gene_to_fu,,0.12503015995025635,0.12516167759895325,0.12503553926944733,0.1251034438610077,0.12481999397277832
3,MAPK11,fu:828681e8,gene_to_fu,,0.12503015995025635,0.12516167759895325,0.12503553926944733,0.1251034438610077,0.12481999397277832
3,MAPK13,fu:828681e8,gene_to_fu,,0.12503015995025635,0.12516167759895325,0.12503553926944733,0.1251034438610077,0.12481999397277832
3,MAPK12,fu:828681e8,gene_to_fu,,0.12503015995025635,0.12516167759895325,0.12503553926944733,0.1251034438610077,0.12481999397277832
3,PPP5C,fu:c1b5761a,gene_to_fu,,1.0,1.0,1.0,1.0,1.0
3,MAP2K6,fu:57f73e22,gene_to_fu,,0.1429806500673294,0.14320041239261627,0.1428970992565155,0.14317120611667633,0.14265389740467072
3,MAP2K3,fu:39b0ba80,gene_to_fu,,0.1429806500673294,0.14320041239261627,0.1428970992565155,0.14317117631435394,0.14265389740467072
3,DUSP10,fu:377d6159,gene_to_fu,,0.125,0.125,0.125,0.125,0.125
3,DUSP2,fu:377d6159,gene_to_fu,,0.125,0.125,0.125,0.125,0.125
3,DUSP4,fu:377d6159,gene_to_fu,,0.125,0.125,0.125,0.125,0.125
3,DUSP5,fu:377d6159,gene_to_fu,,0.125,0.125,0.125,0.125,0.125
3,DUSP7,fu:377d6159,gene_to_fu,,0.125,0.125,0.125,0.125,0.125
3,DUSP8,fu:377d6159,gene_to_fu,,0.125,0.125,0.125,0.125,0.125
3,DUSP9,fu:377d6159,gene_to_fu,,0.125,0.125,0.125,0.125,0.125
3,DUSP16,fu:377d6159,gene_to_fu,,0.125,0.125,0.125,0.125,0.125
3,DUSP3,fu:86cdce68,gene_to_fu,,0.25,0.25,0.25,0.25,0.25
3,PTPN7,fu:86cdce68,gene_to_fu,,0.25,0.25,0.25,0.25,0.25
3,PTPRR,fu:86cdce68,gene_to_fu,,0.25,0.25,0.25,0.25,0.25
3,PTPN5,fu:86cdce68,gene_to_fu,,0.25,0.25,0.25,0.25,0.25
3,PPM1A,fu:628792dc,gene_to_fu,,1.0,1.0,1.0,1.0,1.0
3,AKT3,fu:2959a7f6,gene_to_fu,,0.3333333432674408,0.3333333432674408,0.3333333432674408,0.3333333432674408,0.3333333432674408
3,AKT1,fu:2959a7f6,gene_to_fu,,0.3333333432674408,0.3333333432674408,0.3333333432674408,0.3333333432674408,0.3333333432674408
3,AKT2,fu:2959a7f6,gene_to_fu,,0.3333333432674408,0.3333333432674408,0.3333333432674408,0.3333333432674408,0.3333333432674408
3,TAOK3,fu:e2d583f5,gene_to_fu,,0.3333333432674408,0.3333333432674408,0.3333333432674408,0.3333333432674408,0.3333333432674408
3,TAOK1,fu:e2d583f5,gene_to_fu,,0.3333333432674408,0.3333333432674408,0.3333333432674408,0.3333333432674408,0.3333333432674408
3,TAOK2,fu:e2d583f5,gene_to_fu,,0.3333333432674408,0.3333333432674408,0.3333333432674408,0.3333333432674408,0.3333333432674408
3,MAP3K4,fu:5e066f99,gene_to_fu,,0.5,0.5,0.5,0.5,0.5
3,HSPB1,fu:18b46668,gene_to_fu,,0.33348727226257324,0.3341924250125885,0.3331737518310547,0.33393511176109314,0.33264774084091187
3,MAP3K7,fu:4dbb2d89,gene_to_fu,,0.2500472664833069,0.25045332312583923,0.24987858533859253,0.2501889169216156,0.24966827034950256
3,MAP3K5,fu:127bf490,gene_to_fu,,0.20009064674377441,0.20038512349128723,0.2000141739845276,0.20035701990127563,0.1996062994003296
3,MAP3K6,fu:fe378cbc,gene_to_fu,,1.0,1.0,1.0,1.0,1.0
3,MAP3K12,fu:12e2c442,gene_to_fu,,0.5,0.5,0.5,0.5,0.5
3,MAP3K13,fu:12e2c442,gene_to_fu,,0.5,0.5,0.5,0.5,0.5
3,MAP3K9,fu:ef42bc35,gene_to_fu,,0.5,0.5,0.5,0.5,0.5
3,MAP3K10,fu:ef42bc35,gene_to_fu,,0.5,0.5,0.5,0.5,0.5
3,MAP4K2,fu:f6a34c03,gene_to_fu,,0.4998817443847656,0.5005449652671814,0.49901819229125977,0.5007595419883728,0.49920421838760376
3,STK3,fu:20a3b14c,gene_to_fu,,0.3332325220108032,0.333511084318161,0.3328965902328491,0.3335426449775696,0.33297979831695557
3,STK4,fu:20a3b14c,gene_to_fu,,0.3332325220108032,0.333511084318161,0.3328965902328491,0.3335426449775696,0.33297979831695557
3,ECSIT,fu:12774d68,gene_to_fu,,1.0,1.0,1.0,1.0,1.0
3,TAB2,fu:1bdb6764,gene_to_fu,,1.0,1.0,1.0,1.0,1.0
3,TAB1,fu:cc0e0a55,gene_to_fu,,0.24998149275779724,0.25061917304992676,0.24962350726127625,0.25030988454818726,0.24937337636947632
3,GADD45G,fu:fcc91474,gene_to_fu,,0.3333333432674408,0.3333333432674408,0.3333333432674408,0.3333333432674408,0.3333333432674408
3,GADD45A,fu:fcc91474,gene_to_fu,,0.3333333432674408,0.3333333432674408,0.3333333432674408,0.3333333432674408,0.3333333432674408
3,GADD45B,fu:fcc91474,gene_to_fu,,0.3333333432674408,0.3333333432674408,0.3333333432674408,0.3333333432674408,0.3333333432674408
3,TRAF6,fu:d3570c60,gene_to_fu,,0.2500719726085663,0.2501624524593353,0.25005701184272766,0.2502274513244629,0.24984098970890045
3,DAXX,fu:80de25d0,gene_to_fu,,0.3334183096885681,0.3346436321735382,0.33242034912109375,0.33408570289611816,0.33252352476119995
3,TRAF2,fu:3f6a023b,gene_to_fu,,0.5002028942108154,0.5008032917976379,0.5001891851425171,0.5002605319023132,0.4995584487915039
3,CASP3,fu:69217a4b,gene_to_fu,,0.5002027153968811,0.5008026957511902,0.5001891851425171,0.5002605319023132,0.4995584487915039
3,CD14,fu:ac41e7b6,gene_to_fu,,1.0,1.0,1.0,1.0,1.0
3,TGFBR1,fu:7961a9c2,gene_to_fu,,0.3333333432674408,0.3333333432674408,0.3333333432674408,0.3333333432674408,0.3333333432674408
3,TGFBR2,fu:7961a9c2,gene_to_fu,,0.3333333432674408,0.3333333432674408,0.3333333432674408,0.3333333432674408,0.3333333432674408
3,FAS,fu:ac1b5dfa,gene_to_fu,,0.5,0.5,0.5,0.5,0.5
3,IL1R1,fu:f017c41c,gene_to_fu,,0.3333333432674408,0.3333333432674408,0.3333333432674408,0.3333333432674408,0.3333333432674408
3,IL1RAP,fu:f017c41c,gene_to_fu,,0.3333333432674408,0.3333333432674408,0.3333333432674408,0.3333333432674408,0.3333333432674408
3,TNFRSF1A,fu:0c8f29ae,gene_to_fu,,0.5000892281532288,0.5000870227813721,0.5008636116981506,0.5000463724136353,0.4993598759174347
3,TGFB1,fu:c12b6dd3,gene_to_fu,,0.3333333432674408,0.3333333432674408,0.3333333432674408,0.3333333432674408,0.3333333432674408
3,TGFB2,fu:c12b6dd3,gene_to_fu,,0.3333333432674408,0.3333333432674408,0.3333333432674408,0.3333333432674408,0.3333333432674408
3,TGFB3,fu:c12b6dd3,gene_to_fu,,0.3333333432674408,0.3333333432674408,0.3333333432674408,0.3333333432674408,0.3333333432674408
3,IL1A,fu:6e503f28,gene_to_fu,,0.5,0.5,0.5,0.5,0.5
3,IL1B,fu:6e503f28,gene_to_fu,,0.5,0.5,0.5,0.5,0.5
3,TNF,fu:69228b75,gene_to_fu,,1.0,1.0,1.0,1.0,1.0
3,MAPKAPK5,fu:a6e8f63a,gene_to_fu,,0.5001382827758789,0.5010806322097778,0.4998999238014221,0.5004310607910156,0.49914151430130005
3,RAC1,fu:2b5c3e60,gene_to_fu,,0.25,0.25,0.25,0.25,0.25
3,RAC2,fu:2b5c3e60,gene_to_fu,,0.25,0.25,0.25,0.25,0.25
3,RAC3,fu:2b5c3e60,gene_to_fu,,0.25,0.25,0.25,0.25,0.25
3,CDC42,fu:2b5c3e60,gene_to_fu,,0.25,0.25,0.25,0.25,0.25
3,PAK1,fu:435e22e3,gene_to_fu,,0.24997535347938538,0.250153124332428,0.24984729290008545,0.2501181364059448,0.24978289008140564
3,PAK2,fu:435e22e3,gene_to_fu,,0.24997535347938538,0.250153124332428,0.24984729290008545,0.2501181364059448,0.24978289008140564
3,MAP3K2,fu:ad5afd37,gene_to_fu,,0.33344075083732605,0.333606481552124,0.33332768082618713,0.3337917625904083,0.3330371677875519
3,MAP3K3,fu:ad5afd37,gene_to_fu,,0.33344075083732605,0.333606481552124,0.33332768082618713,0.3337917625904083,0.3330371677875519
3,MAPK8IP2,fu:991f34de,gene_to_fu,,0.5,0.5,0.5,0.5,0.5
3,MAPK8IP1,fu:991f34de,gene_to_fu,,0.5,0.5,0.5,0.5,0.5
3,MAP3K11,fu:a7fa684d,gene_to_fu,,0.3336738049983978,0.33406102657318115,0.3333604037761688,0.33411914110183716,0.3331545293331146
3,MAP2K7,fu:3cd4cf69,gene_to_fu,,0.14292019605636597,0.1430211365222931,0.14289140701293945,0.14297528564929962,0.1427929550409317
3,MAPK8,fu:ba3ca63f,gene_to_fu,,0.10004421323537827,0.10015972703695297,0.10001072287559509,0.10011407732963562,0.09989232569932938
3,MAPK9,fu:ba3ca63f,gene_to_fu,,0.10004421323537827,0.10015972703695297,0.10001072287559509,0.10011407732963562,0.09989232569932938
3,MAPK10,fu:ba3ca63f,gene_to_fu,,0.10004421323537827,0.10015972703695297,0.10001072287559509,0.10011407732963562,0.09989232569932938
3,MAP2K4,fu:d1f9d8ef,gene_to_fu,,0.2501808702945709,0.25049516558647156,0.25031790137290955,0.25032585859298706,0.2495846003293991
3,CRK,fu:77025b10,gene_to_fu,,0.25006675720214844,0.2504633069038391,0.25012800097465515,0.250402569770813,0.24927321076393127
3,CRKL,fu:77025b10,gene_to_fu,,0.25006675720214844,0.2504633069038391,0.25012800097465515,0.250402569770813,0.24927321076393127
3,ARRB1,fu:faa1f8c9,gene_to_fu,,0.33334416151046753,0.33365556597709656,0.3333578109741211,0.3336493968963623,0.332713782787323
3,ARRB2,fu:faa1f8c9,gene_to_fu,,0.33334416151046753,0.33365556597709656,0.3333578109741211,0.3336493968963623,0.332713782787323
3,MECOM,fu:4b038677,gene_to_fu,,1.0,1.0,1.0,1.0,1.0
3,HSPA1A,fu:95cbce1b,gene_to_fu,,0.20000000298023224,0.20000000298023224,0.20000000298023224,0.20000000298023224,0.20000000298023224
3,HSPA1B,fu:95cbce1b,gene_to_fu,,0.20000000298023224,0.20000000298023224,0.20000000298023224,0.20000000298023224,0.20000000298023224
3,HSPA1L,fu:95cbce1b,gene_to_fu,,0.20000000298023224,0.20000000298023224,0.20000000298023224,0.20000000298023224,0.20000000298023224
3,HSPA6,fu:95cbce1b,gene_to_fu,,0.20000000298023224,0.20000000298023224,0.20000000298023224,0.20000000298023224,0.20000000298023224
3,HSPA8,fu:95cbce1b,gene_to_fu,,0.20000000298023224,0.20000000298023224,0.20000000298023224,0.20000000298023224,0.20000000298023224
3,JUND,fu:6625a9a4,gene_to_fu,,0.5001861453056335,0.5009855031967163,0.5004571676254272,0.5008164048194885,0.4984855651855469
3,FOS,fu:db67d58a,gene_to_fu,,0.333377867937088,0.33369484543800354,0.3335031569004059,0.33365386724472046,0.3326595723628998
3,JUN,fu:db67d58a,gene_to_fu,,0.333377867937088,0.33369484543800354,0.3335031569004059,0.33365386724472046,0.3326595723628998
3,NFATC3,fu:3e02b3f0,gene_to_fu,,0.3335634469985962,0.33411678671836853,0.3336690068244934,0.3338342308998108,0.33263376355171204
3,NFATC1,fu:6d28341f,gene_to_fu,,0.3335634768009186,0.33411672711372375,0.3336690068244934,0.3338344395160675,0.33263376355171204
3,PPP3CA,fu:5feacf84,gene_to_fu,,0.20000000298023224,0.20000000298023224,0.20000000298023224,0.20000000298023224,0.20000000298023224
3,PPP3CB,fu:5feacf84,gene_to_fu,,0.20000000298023224,0.20000000298023224,0.20000000298023224,0.20000000298023224,0.20000000298023224
3,PPP3CC,fu:5feacf84,gene_to_fu,,0.20000000298023224,0.20000000298023224,0.20000000298023224,0.20000000298023224,0.20000000298023224
3,PPP3R1,fu:5feacf84,gene_to_fu,,0.20000000298023224,0.20000000298023224,0.20000000298023224,0.20000000298023224,0.20000000298023224
3,PPP3R2,fu:5feacf84,gene_to_fu,,0.20000000298023224,0.20000000298023224,0.20000000298023224,0.20000000298023224,0.20000000298023224
3,MAPK8IP3,fu:a06203ac,gene_to_fu,,0.20016992092132568,0.2006606161594391,0.20015379786491394,0.2006543129682541,0.19921094179153442
3,FLNA,fu:f1632042,gene_to_fu,,0.5000807642936707,0.5008682012557983,0.5000550746917725,0.5007925033569336,0.4986072778701782
3,MAP3K1,fu:a4e579d9,gene_to_fu,,0.12506310641765594,0.12524637579917908,0.12499714642763138,0.12524862587451935,0.12476025521755219
3,MAP3K8,fu:f13c95ed,gene_to_fu,,1.0,1.0,1.0,1.0,1.0
3,MAP4K1,fu:e83e0bc2,gene_to_fu,,0.5,0.5,0.5,0.5,0.5
3,MAP4K3,fu:3202b50f,gene_to_fu,,1.0,1.0,1.0,1.0,1.0
3,FOS,fu:2c3cace2,gene_to_fu,,0.5,0.5,0.5,0.5,0.5
3,SRF,fu:87b9367a,gene_to_fu,,1.0,1.0,1.0,1.0,1.0
3,MYC,fu:a3c029a6,gene_to_fu,,1.0,1.0,1.0,1.0,1.0
3,ELK4,fu:346aac61,gene_to_fu,,0.3334103226661682,0.3339941203594208,0.3332039713859558,0.33354994654655457,0.3328932523727417
3,ELK1,fu:f4b875b3,gene_to_fu,,0.333410382270813,0.3339941203594208,0.3332039713859558,0.33355018496513367,0.3328932523727417
3,ATF4,fu:860fdcaa,gene_to_fu,,0.3334680497646332,0.33369994163513184,0.3333681523799896,0.3337847590446472,0.3330193758010864
3,RPS6KA6,fu:53e63667,gene_to_fu,,0.1999853551387787,0.2000814974308014,0.19995342195034027,0.200065016746521,0.1998414844274521
3,RPS6KA1,fu:53e63667,gene_to_fu,,0.1999853551387787,0.2000814974308014,0.19995342195034027,0.200065016746521,0.1998414844274521
3,RPS6KA2,fu:53e63667,gene_to_fu,,0.1999853551387787,0.2000814974308014,0.19995342195034027,0.200065016746521,0.1998414844274521
3,RPS6KA3,fu:53e63667,gene_to_fu,,0.1999853551387787,0.2000814974308014,0.19995342195034027,0.200065016746521,0.1998414844274521
3,MKNK2,fu:6732a41f,gene_to_fu,,0.3333134949207306,0.33362138271331787,0.3332039713859558,0.333535373210907,0.3328932523727417
3,MKNK1,fu:6732a41f,gene_to_fu,,0.3333134949207306,0.33362138271331787,0.3332039713859558,0.333535373210907,0.3328932523727417
3,CSF1,fu:8933daca,gene_to_fu,,0.01886792480945587,0.01886792480945587,0.01886792480945587,0.01886792480945587,0.01886792480945587
3,EFNA1,fu:8933daca,gene_to_fu,,0.01886792480945587,0.01886792480945587,0.01886792480945587,0.01886792480945587,0.01886792480945587
3,EFNA2,fu:8933daca,gene_to_fu,,0.01886792480945587,0.01886792480945587,0.01886792480945587,0.01886792480945587,0.01886792480945587
3,EFNA3,fu:8933daca,gene_to_fu,,0.01886792480945587,0.01886792480945587,0.01886792480945587,0.01886792480945587,0.01886792480945587
3,EFNA4,fu:8933daca,gene_to_fu,,0.01886792480945587,0.01886792480945587,0.01886792480945587,0.01886792480945587,0.01886792480945587
3,EFNA5,fu:8933daca,gene_to_fu,,0.01886792480945587,0.01886792480945587,0.01886792480945587,0.01886792480945587,0.01886792480945587
3,EGF,fu:8933daca,gene_to_fu,,0.01886792480945587,0.01886792480945587,0.01886792480945587,0.01886792480945587,0.01886792480945587
3,EREG,fu:8933daca,gene_to_fu,,0.01886792480945587,0.01886792480945587,0.01886792480945587,0.01886792480945587,0.01886792480945587
3,FGF1,fu:8933daca,gene_to_fu,,0.01886792480945587,0.01886792480945587,0.01886792480945587,0.01886792480945587,0.01886792480945587
3,FGF2,fu:8933daca,gene_to_fu,,0.01886792480945587,0.01886792480945587,0.01886792480945587,0.01886792480945587,0.01886792480945587
3,FGF3,fu:8933daca,gene_to_fu,,0.01886792480945587,0.01886792480945587,0.01886792480945587,0.01886792480945587,0.01886792480945587
3,FGF4,fu:8933daca,gene_to_fu,,0.01886792480945587,0.01886792480945587,0.01886792480945587,0.01886792480945587,0.01886792480945587
3,FGF5,fu:8933daca,gene_to_fu,,0.01886792480945587,0.01886792480945587,0.01886792480945587,0.01886792480945587,0.01886792480945587
3,FGF6,fu:8933daca,gene_to_fu,,0.01886792480945587,0.01886792480945587,0.01886792480945587,0.01886792480945587,0.01886792480945587
3,FGF7,fu:8933daca,gene_to_fu,,0.01886792480945587,0.01886792480945587,0.01886792480945587,0.01886792480945587,0.01886792480945587
3,FGF8,fu:8933daca,gene_to_fu,,0.01886792480945587,0.01886792480945587,0.01886792480945587,0.01886792480945587,0.01886792480945587
3,FGF9,fu:8933daca,gene_to_fu,,0.01886792480945587,0.01886792480945587,0.01886792480945587,0.01886792480945587,0.01886792480945587
3,FGF10,fu:8933daca,gene_to_fu,,0.01886792480945587,0.01886792480945587,0.01886792480945587,0.01886792480945587,0.01886792480945587
3,FLT3LG,fu:8933daca,gene_to_fu,,0.01886792480945587,0.01886792480945587,0.01886792480945587,0.01886792480945587,0.01886792480945587
3,FGF20,fu:8933daca,gene_to_fu,,0.01886792480945587,0.01886792480945587,0.01886792480945587,0.01886792480945587,0.01886792480945587
3,FGF21,fu:8933daca,gene_to_fu,,0.01886792480945587,0.01886792480945587,0.01886792480945587,0.01886792480945587,0.01886792480945587
3,GDNF,fu:8933daca,gene_to_fu,,0.01886792480945587,0.01886792480945587,0.01886792480945587,0.01886792480945587,0.01886792480945587
3,FGF22,fu:8933daca,gene_to_fu,,0.01886792480945587,0.01886792480945587,0.01886792480945587,0.01886792480945587,0.01886792480945587
3,ANGPT1,fu:8933daca,gene_to_fu,,0.01886792480945587,0.01886792480945587,0.01886792480945587,0.01886792480945587,0.01886792480945587
3,ANGPT2,fu:8933daca,gene_to_fu,,0.01886792480945587,0.01886792480945587,0.01886792480945587,0.01886792480945587,0.01886792480945587
3,HGF,fu:8933daca,gene_to_fu,,0.01886792480945587,0.01886792480945587,0.01886792480945587,0.01886792480945587,0.01886792480945587
3,IGF1,fu:8933daca,gene_to_fu,,0.01886792480945587,0.01886792480945587,0.01886792480945587,0.01886792480945587,0.01886792480945587
3,IGF2,fu:8933daca,gene_to_fu,,0.01886792480945587,0.01886792480945587,0.01886792480945587,0.01886792480945587,0.01886792480945587
3,INS,fu:8933daca,gene_to_fu,,0.01886792480945587,0.01886792480945587,0.01886792480945587,0.01886792480945587,0.01886792480945587
3,AREG,fu:8933daca,gene_to_fu,,0.01886792480945587,0.01886792480945587,0.01886792480945587,0.01886792480945587,0.01886792480945587
3,KITLG,fu:8933daca,gene_to_fu,,0.01886792480945587,0.01886792480945587,0.01886792480945587,0.01886792480945587,0.01886792480945587
3,NGF,fu:8933daca,gene_to_fu,,0.01886792480945587,0.01886792480945587,0.01886792480945587,0.01886792480945587,0.01886792480945587
3,NRTN,fu:8933daca,gene_to_fu,,0.01886792480945587,0.01886792480945587,0.01886792480945587,0.01886792480945587,0.01886792480945587
3,NTF3,fu:8933daca,gene_to_fu,,0.01886792480945587,0.01886792480945587,0.01886792480945587,0.01886792480945587,0.01886792480945587
3,NTF4,fu:8933daca,gene_to_fu,,0.01886792480945587,0.01886792480945587,0.01886792480945587,0.01886792480945587,0.01886792480945587
3,ANGPT4,fu:8933daca,gene_to_fu,,0.01886792480945587,0.01886792480945587,0.01886792480945587,0.01886792480945587,0.01886792480945587
3,PDGFA,fu:8933daca,gene_to_fu,,0.01886792480945587,0.01886792480945587,0.01886792480945587,0.01886792480945587,0.01886792480945587
3,PDGFB,fu:8933daca,gene_to_fu,,0.01886792480945587,0.01886792480945587,0.01886792480945587,0.01886792480945587,0.01886792480945587
3,PGF,fu:8933daca,gene_to_fu,,0.01886792480945587,0.01886792480945587,0.01886792480945587,0.01886792480945587,0.01886792480945587
3,PDGFC,fu:8933daca,gene_to_fu,,0.01886792480945587,0.01886792480945587,0.01886792480945587,0.01886792480945587,0.01886792480945587
3,PSPN,fu:8933daca,gene_to_fu,,0.01886792480945587,0.01886792480945587,0.01886792480945587,0.01886792480945587,0.01886792480945587
3,BDNF,fu:8933daca,gene_to_fu,,0.01886792480945587,0.01886792480945587,0.01886792480945587,0.01886792480945587,0.01886792480945587
3,TGFA,fu:8933daca,gene_to_fu,,0.01886792480945587,0.01886792480945587,0.01886792480945587,0.01886792480945587,0.01886792480945587
3,VEGFA,fu:8933daca,gene_to_fu,,0.01886792480945587,0.01886792480945587,0.01886792480945587,0.01886792480945587,0.01886792480945587
3,VEGFB,fu:8933daca,gene_to_fu,,0.01886792480945587,0.01886792480945587,0.01886792480945587,0.01886792480945587,0.01886792480945587
3,VEGFC,fu:8933daca,gene_to_fu,,0.01886792480945587,0.01886792480945587,0.01886792480945587,0.01886792480945587,0.01886792480945587
3,PDGFD,fu:8933daca,gene_to_fu,,0.01886792480945587,0.01886792480945587,0.01886792480945587,0.01886792480945587,0.01886792480945587
3,FGF23,fu:8933daca,gene_to_fu,,0.01886792480945587,0.01886792480945587,0.01886792480945587,0.01886792480945587,0.01886792480945587
3,FGF18,fu:8933daca,gene_to_fu,,0.01886792480945587,0.01886792480945587,0.01886792480945587,0.01886792480945587,0.01886792480945587
3,FGF17,fu:8933daca,gene_to_fu,,0.01886792480945587,0.01886792480945587,0.01886792480945587,0.01886792480945587,0.01886792480945587
3,FGF16,fu:8933daca,gene_to_fu,,0.01886792480945587,0.01886792480945587,0.01886792480945587,0.01886792480945587,0.01886792480945587
3,ARTN,fu:8933daca,gene_to_fu,,0.01886792480945587,0.01886792480945587,0.01886792480945587,0.01886792480945587,0.01886792480945587
3,FGF19,fu:8933daca,gene_to_fu,,0.01886792480945587,0.01886792480945587,0.01886792480945587,0.01886792480945587,0.01886792480945587
3,TRADD,fu:11724fb3,gene_to_fu,,0.4999256432056427,0.5011578798294067,0.49848905205726624,0.500679075717926,0.4993766248226166
3,MYD88,fu:41d49051,gene_to_fu,,0.5003535151481628,0.5013269186019897,0.49985694885253906,0.5009521842002869,0.4992780089378357
3,IRAK1,fu:114f4869,gene_to_fu,,0.33342429995536804,0.33360710740089417,0.3335905373096466,0.3336249589920044,0.3328746557235718
3,IRAK4,fu:114f4869,gene_to_fu,,0.33342429995536804,0.33360710740089417,0.3335905373096466,0.3336249589920044,0.3328746557235718
3,ARAF,fu:dcf55614,gene_to_fu,,0.5001771450042725,0.5009967088699341,0.5007021427154541,0.5005593299865723,0.4984503984451294
3,MAX,fu:051b9bd1,gene_to_fu,,1.0,1.0,1.0,1.0,1.0
3,MYC,fu:c6ef8860,gene_to_fu,,0.33331355452537537,0.33362120389938354,0.3332039713859558,0.333535760641098,0.3328932523727417
3,MAX,fu:c6ef8860,gene_to_fu,,0.33331355452537537,0.33362120389938354,0.3332039713859558,0.333535760641098,0.3328932523727417
3,SRF,fu:50d7c36d,gene_to_fu,,0.3333333432674408,0.3333333432674408,0.3333333432674408,0.3333333432674408,0.3333333432674408
3,ELK4,fu:50d7c36d,gene_to_fu,,0.3333333432674408,0.3333333432674408,0.3333333432674408,0.3333333432674408,0.3333333432674408
3,ELK1,fu:50d7c36d,gene_to_fu,,0.3333333432674408,0.3333333432674408,0.3333333432674408,0.3333333432674408,0.3333333432674408
3,fu:f390c31d,fu:fa467b33,protein_protein_interaction,activation,0.49991971254348755,0.5000065565109253,0.4994159936904907,0.4999929666519165,0.5002633929252625
3,fu:bd2e123e,fu:35bcc57b,protein_protein_interaction,activation,0.07145629823207855,0.07151128351688385,0.07145355641841888,0.07149926573038101,0.07136107981204987
3,fu:7e2a8487,fu:35bcc57b,protein_protein_interaction,activation,0.07135699689388275,0.07109946012496948,0.07152323424816132,0.07118077576160431,0.0716245174407959
3,fu:82456880,fu:35bcc57b,protein_protein_interaction,activation,0.07138560712337494,0.0712616816163063,0.07149707525968552,0.07126149535179138,0.07152216881513596
3,fu:9786b5ed,fu:7ebcd056,protein_protein_interaction,activation,0.33352965116500854,0.33286747336387634,0.33411192893981934,0.33326175808906555,0.3338773846626282
3,fu:69228b75,fu:0c8f29ae,protein_protein_interaction,activation,0.49991077184677124,0.49991294741630554,0.49913638830184937,0.49995359778404236,0.5006401538848877
3,fu:6e503f28,fu:f017c41c,protein_protein_interaction,activation,0.3333333432674408,0.3333333432674408,0.3333333432674408,0.3333333432674408,0.3333333432674408
3,fu:c8457d96,fu:ac1b5dfa,protein_protein_interaction,activation,0.5,0.5,0.5,0.5,0.5
3,fu:c12b6dd3,fu:7961a9c2,protein_protein_interaction,activation,0.3333333432674408,0.3333333432674408,0.3333333432674408,0.3333333432674408,0.3333333432674408
3,fu:ac1b5dfa,fu:80de25d0,protein_protein_interaction,activation,0.3336157202720642,0.3327154815196991,0.33559146523475647,0.3329026401042938,0.33325326442718506
3,fu:7961a9c2,fu:80de25d0,protein_protein_interaction,activation,0.3329659700393677,0.3326408863067627,0.3319881856441498,0.333011656999588,0.3342231810092926
3,fu:c110bb17,fu:7f7b2f5f,protein_protein_interaction,binding/association,0.0370381660759449,0.03696532920002937,0.03696811944246292,0.036946121603250504,0.037273090332746506
3,fu:def1099f,fu:c110bb17,protein_protein_interaction,binding/association,0.5,0.5,0.5,0.5,0.5
3,fu:1bdb6764,fu:d3570c60,protein_protein_interaction,binding/association,0.2500719726085663,0.2501624524593353,0.25005701184272766,0.2502274513244629,0.24984098970890045
3,fu:12774d68,fu:d3570c60,protein_protein_interaction,binding/association,0.2500719726085663,0.2501624524593353,0.25005701184272766,0.2502274513244629,0.24984098970890045
3,fu:87b9367a,fu:f4b875b3,protein_protein_interaction,binding/association,0.333410382270813,0.3339941203594208,0.3332039713859558,0.33355018496513367,0.3328932523727417
3,fu:87b9367a,fu:346aac61,protein_protein_interaction,binding/association,0.3334103226661682,0.3339941203594208,0.3332039713859558,0.33354994654655457,0.3328932523727417
3,fu:418e3a71,fu:74ae7efc,protein_protein_interaction,binding/association,0.14284177124500275,0.14255748689174652,0.14285926520824432,0.1427101492881775,0.14324016869068146
3,fu:418e3a71,fu:e711f0a6,protein_protein_interaction,binding/association,0.14284175634384155,0.14255748689174652,0.14285926520824432,0.1427101343870163,0.14324016869068146
3,fu:b1fed606,fu:418e3a71,protein_protein_interaction,binding/association,1.0,1.0,1.0,1.0,1.0
3,fu:991f34de,fu:ba3ca63f,protein_protein_interaction,binding/association,0.10004421323537827,0.10015972703695297,0.10001072287559509,0.10011407732963562,0.09989232569932938
3,fu:991f34de,fu:3cd4cf69,protein_protein_interaction,binding/association,0.14292019605636597,0.1430211365222931,0.14289140701293945,0.14297528564929962,0.1427929550409317
3,fu:991f34de,fu:a7fa684d,protein_protein_interaction,binding/association,0.3336738049983978,0.33406102657318115,0.3333604037761688,0.33411914110183716,0.3331545293331146
3,fu:991f34de,fu:e83e0bc2,protein_protein_interaction,binding/association,0.5,0.5,0.5,0.5,0.5
3,fu:ba3ca63f,fu:a06203ac,protein_protein_interaction,binding/association,0.19996783137321472,0.1998128890991211,0.1997881382703781,0.19984889030456543,0.20042139291763306
3,fu:d1f9d8ef,fu:a06203ac,protein_protein_interaction,binding/association,0.20002633333206177,0.19983728229999542,0.20010969042778015,0.19983452558517456,0.20032380521297455
3,fu:3cd4cf69,fu:a06203ac,protein_protein_interaction,binding/association,0.1999920755624771,0.19982795417308807,0.20013058185577393,0.19980381429195404,0.20020592212677002
3,fu:a06203ac,fu:a4e579d9,protein_protein_interaction,binding/association,0.12484271824359894,0.12477127462625504,0.12475550174713135,0.12477308511734009,0.12507103383541107
3,fu:a7fa684d,fu:a06203ac,protein_protein_interaction,binding/association,0.1998438686132431,0.19986127316951752,0.19981783628463745,0.19985845685005188,0.19983786344528198
3,fu:ba3ca63f,fu:77025b10,protein_protein_interaction,binding/association,0.24989670515060425,0.24952146410942078,0.2496710568666458,0.2496064305305481,0.2507878541946411
3,fu:d1f9d8ef,fu:77025b10,protein_protein_interaction,binding/association,0.2499697506427765,0.2495518922805786,0.2500728964805603,0.2495884895324707,0.2506657540798187
3,fu:d1f9d8ef,fu:f1632042,protein_protein_interaction,binding/association,0.49991920590400696,0.4991317391395569,0.49994489550590515,0.4992075264453888,0.5013927221298218
3,fu:d1f9d8ef,fu:faa1f8c9,protein_protein_interaction,binding/association,0.3333117365837097,0.3326888978481293,0.3332843482494354,0.3327012062072754,0.3345724642276764
3,fu:bcdaeed1,fu:9786b5ed,protein_protein_interaction,phosphorylation,0.3333333432674408,0.3333333432674408,0.3333333432674408,0.3333333432674408,0.3333333432674408
3,fu:35131c42,fu:35bcc57b,protein_protein_interaction,phosphorylation,0.07145629823207855,0.07151128351688385,0.07145355641841888,0.07149926573038101,0.07136107981204987
3,fu:35131c42,fu:21c326d4,protein_protein_interaction,phosphorylation,0.33363136649131775,0.3342708945274353,0.3337872326374054,0.33382341265678406,0.33264389634132385
3,fu:def1099f,fu:35bcc57b,protein_protein_interaction,activation,0.07145629823207855,0.07151128351688385,0.07145355641841888,0.07149926573038101,0.07136107981204987
3,fu:35bcc57b,fu:7ebcd056,protein_protein_interaction,activation,0.33302679657936096,0.33268216252326965,0.3322877883911133,0.33304375410079956,0.33409351110458374
3,fu:35bcc57b,fu:21c326d4,protein_protein_interaction,activation,0.3327372670173645,0.33145827054977417,0.3324255347251892,0.3323531448841095,0.3347121477127075
3,fu:7ebcd056,fu:74ae7efc,protein_protein_interaction,phosphorylation,0.14280207455158234,0.14281335473060608,0.1429734081029892,0.1426934003829956,0.14272814989089966
3,fu:7ebcd056,fu:e711f0a6,protein_protein_interaction,phosphorylation,0.14280207455158234,0.14281335473060608,0.1429734081029892,0.1426933854818344,0.14272814989089966
3,fu:21c326d4,fu:74ae7efc,protein_protein_interaction,phosphorylation,0.1427353322505951,0.1424856334924698,0.14263518154621124,0.14265739917755127,0.14316309988498688
3,fu:21c326d4,fu:e711f0a6,protein_protein_interaction,phosphorylation,0.1427353173494339,0.1424856334924698,0.14263518154621124,0.14265738427639008,0.14316309988498688
3,fu:74ae7efc,fu:b1fed606,protein_protein_interaction,phosphorylation,0.16645921766757965,0.16601869463920593,0.16638848185539246,0.1663924902677536,0.16703717410564423
3,fu:e711f0a6,fu:b1fed606,protein_protein_interaction,phosphorylation,0.16645920276641846,0.16601869463920593,0.16638848185539246,0.1663924902677536,0.16703714430332184
3,fu:b1fed606,fu:02b71dbc,protein_protein_interaction,phosphorylation,0.4999864101409912,0.49918103218078613,0.5002910494804382,0.4994841516017914,0.5009894967079163
3,fu:b1fed606,fu:8ef29752,protein_protein_interaction,phosphorylation,0.49995583295822144,0.4993196129798889,0.5002910494804382,0.49922308325767517,0.5009894967079163
3,fu:b1fed606,fu:770a684e,protein_protein_interaction,phosphorylation,0.14291183650493622,0.14263708889484406,0.14299975335597992,0.1426679939031601,0.14334248006343842
3,fu:b1fed606,fu:6732a41f,protein_protein_interaction,phosphorylation,0.3333730101585388,0.33275723457336426,0.33359208703041077,0.3329292833805084,0.3342134952545166
3,fu:b1fed606,fu:53e63667,protein_protein_interaction,phosphorylation,0.20005857944488525,0.19967399537563324,0.2001863270998001,0.19973991811275482,0.20063404738903046
3,fu:b1fed606,fu:f4b875b3,protein_protein_interaction,phosphorylation,0.333179235458374,0.3320118188858032,0.33359208703041077,0.33289963006973267,0.3342134952545166
3,fu:b1fed606,fu:346aac61,protein_protein_interaction,phosphorylation,0.3331793546676636,0.3320118188858032,0.33359208703041077,0.3329000473022461,0.3342134952545166
3,fu:6732a41f,fu:860fdcaa,protein_protein_interaction,phosphorylation,0.33321574330329895,0.3330143094062805,0.33330175280570984,0.33294031023979187,0.3336065709590912
3,fu:53e63667,fu:860fdcaa,protein_protein_interaction,phosphorylation,0.33331623673439026,0.3332858085632324,0.3333301246166229,0.3332749009132385,0.3333740830421448
3,fu:b1fed606,fu:c6ef8860,protein_protein_interaction,phosphorylation,0.33337289094924927,0.3327575922012329,0.33359208703041077,0.33292847871780396,0.3342134952545166
3,fu:2b5c3e60,fu:a4e579d9,protein_protein_interaction,activation,0.12501315772533417,0.12521228194236755,0.12481078505516052,0.12523294985294342,0.12479663640260696
3,fu:2b5c3e60,fu:435e22e3,protein_protein_interaction,activation,0.24987560510635376,0.2500850558280945,0.24947479367256165,0.25008681416511536,0.24985574185848236
3,fu:69217a4b,fu:20a3b14c,protein_protein_interaction,activation,0.33353492617607117,0.3329778015613556,0.33420678973197937,0.3329147398471832,0.33404040336608887
3,fu:3f6a023b,fu:f6a34c03,protein_protein_interaction,activation,0.5001182556152344,0.4994550049304962,0.5009817481040955,0.4992404580116272,0.5007957816123962
3,fu:3f6a023b,fu:127bf490,protein_protein_interaction,activation,0.20015528798103333,0.1999487727880478,0.20080119371414185,0.19962847232818604,0.20024268329143524
3,fu:3f6a023b,fu:a4e579d9,protein_protein_interaction,activation,0.12510520219802856,0.12497363239526749,0.1254889816045761,0.12480020523071289,0.12515801191329956
3,fu:80de25d0,fu:127bf490,protein_protein_interaction,activation,0.1996806412935257,0.19896270334720612,0.19974969327449799,0.1994001865386963,0.2006099820137024
3,fu:fcc91474,fu:5e066f99,protein_protein_interaction,activation,0.5,0.5,0.5,0.5,0.5
3,fu:435e22e3,fu:ad5afd37,protein_protein_interaction,phosphorylation,0.3331184983253479,0.33278703689575195,0.3333446681499481,0.33241647481918335,0.333925724029541
3,fu:e83e0bc2,fu:a7fa684d,protein_protein_interaction,phosphorylation,0.3326524496078491,0.3318779170513153,0.33327919244766235,0.3317617177963257,0.33369094133377075
3,fu:3687d0f8,fu:a4e579d9,protein_protein_interaction,phosphorylation,0.12506310641765594,0.12524637579917908,0.12499714642763138,0.12524862587451935,0.12476025521755219
3,fu:3202b50f,fu:a4e579d9,protein_protein_interaction,phosphorylation,0.12506310641765594,0.12524637579917908,0.12499714642763138,0.12524862587451935,0.12476025521755219
3,fu:12e2c442,fu:3cd4cf69,protein_protein_interaction,phosphorylation,0.14292019605636597,0.1430211365222931,0.14289140701293945,0.14297528564929962,0.1427929550409317
3,fu:ef42bc35,fu:3cd4cf69,protein_protein_interaction,phosphorylation,0.14292019605636597,0.1430211365222931,0.14289140701293945,0.14297528564929962,0.1427929550409317
3,fu:3ce31490,fu:3cd4cf69,protein_protein_interaction,phosphorylation,0.14292019605636597,0.1430211365222931,0.14289140701293945,0.14297528564929962,0.1427929550409317
3,fu:127bf490,fu:39b0ba80,protein_protein_interaction,phosphorylation,0.14257681369781494,0.14194123446941376,0.14234691858291626,0.14239303767681122,0.14362606406211853
3,fu:127bf490,fu:57f73e22,protein_protein_interaction,phosphorylation,0.14257681369781494,0.14194126427173615,0.14234691858291626,0.14239299297332764,0.14362606406211853
3,fu:4dbb2d89,fu:f132c1b4,protein_protein_interaction,phosphorylation,0.3329591155052185,0.33182770013809204,0.33353468775749207,0.33234405517578125,0.33413007855415344
3,fu:4dbb2d89,fu:e96fee09,protein_protein_interaction,phosphorylation,0.14287184178829193,0.14264699816703796,0.14304853975772858,0.14267729222774506,0.14311450719833374
3,fu:4dbb2d89,fu:39b0ba80,protein_protein_interaction,phosphorylation,0.14267514646053314,0.14202286303043365,0.14302660524845123,0.14248515665531158,0.1431659609079361
3,fu:4dbb2d89,fu:57f73e22,protein_protein_interaction,phosphorylation,0.14267513155937195,0.14202286303043365,0.14302660524845123,0.142485111951828,0.1431659609079361
3,fu:4dbb2d89,fu:ede2f5af,protein_protein_interaction,phosphorylation,0.49987560510635376,0.4992663860321045,0.5002264976501465,0.49911385774612427,0.5008957982063293
3,fu:fe378cbc,fu:39b0ba80,protein_protein_interaction,phosphorylation,0.1429806500673294,0.14320041239261627,0.1428970992565155,0.14317117631435394,0.14265389740467072
3,fu:fe378cbc,fu:57f73e22,protein_protein_interaction,phosphorylation,0.1429806500673294,0.14320041239261627,0.1428970992565155,0.14317120611667633,0.14265389740467072
3,fu:39b0ba80,fu:828681e8,protein_protein_interaction,phosphorylation,0.1249217540025711,0.12452375143766403,0.12493935227394104,0.12469619512557983,0.12552772462368011
3,fu:57f73e22,fu:828681e8,protein_protein_interaction,phosphorylation,0.1249217540025711,0.12452375143766403,0.12493935972452164,0.12469621002674103,0.12552766501903534
3,fu:828681e8,fu:fa6497d0,protein_protein_interaction,phosphorylation,0.499819815158844,0.4989694356918335,0.5001000761985779,0.4993511736392975,0.5008585453033447
3,fu:828681e8,fu:2be3360b,protein_protein_interaction,phosphorylation,0.3332943022251129,0.3329262137413025,0.3336254358291626,0.33320319652557373,0.33342233300209045
3,fu:828681e8,fu:7d38c72e,protein_protein_interaction,phosphorylation,0.3332943022251129,0.3329262137413025,0.3336254358291626,0.3332032859325409,0.33342233300209045
3,fu:828681e8,fu:13ad26cc,protein_protein_interaction,phosphorylation,0.49986159801483154,0.4989197254180908,0.5001000761985779,0.49956798553466797,0.5008585453033447
3,fu:828681e8,fu:2b9b82f8,protein_protein_interaction,phosphorylation,0.49986129999160767,0.4989204704761505,0.5001000761985779,0.49956610798835754,0.5008585453033447
3,fu:828681e8,fu:83098143,protein_protein_interaction,phosphorylation,0.49986129999160767,0.4989204704761505,0.5001000761985779,0.49956613779067993,0.5008585453033447
3,fu:828681e8,fu:9217ec0a,protein_protein_interaction,phosphorylation,0.49984505772590637,0.49904412031173706,0.5001000761985779,0.49937745928764343,0.5008585453033447
3,fu:828681e8,fu:a6e8f63a,protein_protein_interaction,phosphorylation,0.4998617172241211,0.4989193379878998,0.5001000761985779,0.49956896901130676,0.5008585453033447
3,fu:828681e8,fu:dd701a8d,protein_protein_interaction,phosphorylation,0.33328503370285034,0.33261939883232117,0.33342230319976807,0.33300143480300903,0.33409690856933594
3,fu:828681e8,fu:3273328d,protein_protein_interaction,phosphorylation,0.33328601717948914,0.3327626883983612,0.33342230319976807,0.33286210894584656,0.33409690856933594
3,fu:828681e8,fu:6463ffd1,protein_protein_interaction,phosphorylation,0.4998617172241211,0.49891936779022217,0.5001000761985779,0.499568909406662,0.5008585453033447
3,fu:a6e8f63a,fu:18b46668,protein_protein_interaction,phosphorylation,0.333240270614624,0.3326511085033417,0.3334568440914154,0.3329748809337616,0.3338783085346222
3,fu:dd701a8d,fu:18b46668,protein_protein_interaction,phosphorylation,0.33327245712280273,0.33315640687942505,0.3333694040775299,0.33309003710746765,0.33347395062446594
3,fu:dd701a8d,fu:b5bf47cc,protein_protein_interaction,phosphorylation,0.3333105146884918,0.33302441239356995,0.3336191177368164,0.33304789662361145,0.33355069160461426
3,fu:3273328d,fu:b5bf47cc,protein_protein_interaction,phosphorylation,0.33315742015838623,0.3329155147075653,0.33295759558677673,0.3330315351486206,0.3337250351905823
3,fu:9a13759c,fu:4e3892e3,protein_protein_interaction,phosphorylation,0.5,0.5,0.5,0.5,0.5
3,fu:4e3892e3,fu:aeb42500,protein_protein_interaction,phosphorylation,0.49989521503448486,0.49888691306114197,0.5006886720657349,0.4988589882850647,0.5011462569236755
3,fu:f13c95ed,fu:f132c1b4,protein_protein_interaction,phosphorylation,0.33352044224739075,0.334086149930954,0.33323267102241516,0.3338279724121094,0.3329349756240845
3,fu:f13c95ed,fu:e96fee09,protein_protein_interaction,phosphorylation,0.14288200438022614,0.14300288259983063,0.14291900396347046,0.14300352334976196,0.14260262250900269
3,fu:f13c95ed,fu:74ae7efc,protein_protein_interaction,phosphorylation,0.14302119612693787,0.14331835508346558,0.14296381175518036,0.1432967483997345,0.14250588417053223
3,fu:f13c95ed,fu:e711f0a6,protein_protein_interaction,phosphorylation,0.14302119612693787,0.14331835508346558,0.14296381175518036,0.1432967483997345,0.14250588417053223
3,fu:a4e579d9,fu:e96fee09,protein_protein_interaction,phosphorylation,0.14280235767364502,0.14266568422317505,0.14261703193187714,0.1426093578338623,0.14331737160682678
3,fu:a4e579d9,fu:d1f9d8ef,protein_protein_interaction,phosphorylation,0.24959245324134827,0.2485981434583664,0.24978898465633392,0.24914708733558655,0.2508355677127838
3,fu:a7fa684d,fu:3cd4cf69,protein_protein_interaction,phosphorylation,0.1424788534641266,0.14187322556972504,0.14265155792236328,0.14214831590652466,0.14324232935905457
3,fu:a4e579d9,fu:74ae7efc,protein_protein_interaction,phosphorylation,0.14274004101753235,0.14251133799552917,0.14266173541545868,0.14256694912910461,0.14322015643119812
3,fu:a4e579d9,fu:e711f0a6,protein_protein_interaction,phosphorylation,0.14274004101753235,0.14251135289669037,0.14266173541545868,0.14256693422794342,0.14322015643119812
3,fu:d1f9d8ef,fu:ba3ca63f,protein_protein_interaction,phosphorylation,0.09984150528907776,0.09937038272619247,0.09998868405818939,0.0995565876364708,0.10045036673545837
3,fu:3cd4cf69,fu:ba3ca63f,protein_protein_interaction,phosphorylation,0.09982435405254364,0.09936575591564178,0.09999912232160568,0.09954128414392471,0.10039125382900238
3,fu:ba3ca63f,fu:db67d58a,protein_protein_interaction,phosphorylation,0.33324429392814636,0.33261027932167053,0.3329937160015106,0.33269229531288147,0.3346808850765228
3,fu:ba3ca63f,fu:6625a9a4,protein_protein_interaction,phosphorylation,0.49981385469436646,0.49901455640792847,0.49954286217689514,0.4991835951805115,0.5015144944190979
3,fu:ba3ca63f,fu:2be3360b,protein_protein_interaction,phosphorylation,0.3331611752510071,0.3326243758201599,0.3328826427459717,0.33283933997154236,0.334298312664032
3,fu:ba3ca63f,fu:7d38c72e,protein_protein_interaction,phosphorylation,0.3331611752510071,0.3326243460178375,0.3328826427459717,0.3328394293785095,0.334298312664032
3,fu:ba3ca63f,fu:6d28341f,protein_protein_interaction,inhibition|phosphorylation,0.332979679107666,0.33183977007865906,0.3330594599246979,0.33236458897590637,0.33465492725372314
3,fu:ba3ca63f,fu:3e02b3f0,protein_protein_interaction,inhibition|phosphorylation,0.3329797387123108,0.3318396508693695,0.3330594599246979,0.3323649764060974,0.33465492725372314
3,fu:5feacf84,fu:6d28341f,protein_protein_interaction,dephosphorylation,0.3334568440914154,0.3340435326099396,0.33327150344848633,0.3338009715080261,0.3327113091945648
3,fu:2959a7f6,fu:127bf490,protein_protein_interaction,inhibition|phosphorylation,0.19998276233673096,0.20031824707984924,0.1994207799434662,0.20025727152824402,0.1999347060918808
3,fu:2959a7f6,fu:d1f9d8ef,protein_protein_interaction,inhibition|phosphorylation,0.2500458359718323,0.2504115700721741,0.24957525730133057,0.2502012252807617,0.24999524652957916
3,fu:5feacf84,fu:3e02b3f0,protein_protein_interaction,dephosphorylation,0.333456814289093,0.33404359221458435,0.33327150344848633,0.3338007628917694,0.3327113091945648
3,fu:fa467b33,fu:35bcc57b,protein_protein_interaction,inhibition,0.07132423669099808,0.07115540653467178,0.07131873071193695,0.0711183026432991,0.07170449942350388
3,fu:368c2fa7,fu:35bcc57b,protein_protein_interaction,inhibition,0.07145629823207855,0.07151128351688385,0.07145355641841888,0.07149926573038101,0.07136107981204987
3,fu:69624e88,fu:35bcc57b,protein_protein_interaction,inhibition,0.07137013971805573,0.07137059420347214,0.07112522423267365,0.0714467465877533,0.07153801620006561
3,fu:084a3d94,fu:b1fed606,protein_protein_interaction,inhibition|dephosphorylation,0.16677692532539368,0.1669953316450119,0.16683030128479004,0.16680723428726196,0.166474848985672
3,fu:fd226da5,fu:b1fed606,protein_protein_interaction,inhibition|dephosphorylation,0.16675080358982086,0.16697660088539124,0.16673211753368378,0.1667933315038681,0.16650116443634033
3,fu:377d6159,fu:ba3ca63f,protein_protein_interaction,inhibition|dephosphorylation,0.10002464056015015,0.10014571249485016,0.09993713349103928,0.10010366886854172,0.09991205483675003
3,fu:377d6159,fu:828681e8,protein_protein_interaction,inhibition|dephosphorylation,0.12500569224357605,0.12514415383338928,0.12494354695081711,0.12509043514728546,0.12484463304281235
3,fu:86cdce68,fu:ba3ca63f,protein_protein_interaction,inhibition|dephosphorylation,0.10004421323537827,0.10015972703695297,0.10001072287559509,0.10011407732963562,0.09989232569932938
3,fu:86cdce68,fu:828681e8,protein_protein_interaction,inhibition|dephosphorylation,0.12503015995025635,0.12516167759895325,0.12503553926944733,0.1251034438610077,0.12481999397277832
3,fu:628792dc,fu:39b0ba80,protein_protein_interaction,inhibition|dephosphorylation,0.1429806500673294,0.14320041239261627,0.1428970992565155,0.14317117631435394,0.14265389740467072
3,fu:628792dc,fu:57f73e22,protein_protein_interaction,inhibition|dephosphorylation,0.1429806500673294,0.14320041239261627,0.1428970992565155,0.14317120611667633,0.14265389740467072
3,fu:628792dc,fu:3cd4cf69,protein_protein_interaction,inhibition|dephosphorylation,0.14292019605636597,0.1430211365222931,0.14289140701293945,0.14297528564929962,0.1427929550409317
3,fu:628792dc,fu:d1f9d8ef,protein_protein_interaction,inhibition|dephosphorylation,0.2501808702945709,0.25049516558647156,0.25031790137290955,0.25032585859298706,0.2495846003293991
3,fu:c1b5761a,fu:127bf490,protein_protein_interaction,inhibition|dephosphorylation,0.20009064674377441,0.20038512349128723,0.2000141739845276,0.20035701990127563,0.1996062994003296
3,fu:0047a61e,fu:4dbb2d89,protein_protein_interaction,inhibition|dephosphorylation,0.2500472664833069,0.25045332312583923,0.24987858533859253,0.2501889169216156,0.24966827034950256
3,fu:4b038677,fu:ba3ca63f,protein_protein_interaction,inhibition,0.10004421323537827,0.10015972703695297,0.10001072287559509,0.10011407732963562,0.09989232569932938
3,fu:95cbce1b,fu:ba3ca63f,protein_protein_interaction,inhibition,0.10004421323537827,0.10015972703695297,0.10001072287559509,0.10011407732963562,0.09989232569932938
3,fu:50d7c36d,fu:2c3cace2,gene_expression_regulation,expression,0.5,0.5,0.5,0.5,0.5
3,fu:ac41e7b6,fu:cc0e0a55,protein_protein_interaction,indirect effect,0.24998149275779724,0.25061917304992676,0.24962350726127625,0.25030988454818726,0.24937337636947632
3,fu:f132c1b4,fu:6b254be8,protein_protein_interaction,indirect effect,0.166615828871727,0.1664709746837616,0.16646362841129303,0.16644546389579773,0.1670832484960556
3,fu:e96fee09,fu:6b254be8,protein_protein_interaction,indirect effect,0.16657043993473053,0.16667930781841278,0.16646523773670197,0.16653764247894287,0.1665995717048645
3,fu:dd374616,fu:7e2a8487,protein_protein_interaction,compound,0.3333136737346649,0.3333241045475006,0.33324262499809265,0.3333264887332916,0.33336153626441956
3,fu:dd374616,fu:82456880,protein_protein_interaction,compound,0.19998586177825928,0.19999335706233978,0.1999346911907196,0.19999507069587708,0.20002029836177826
3,fu:69217a4b,fu:435e22e3,protein_protein_interaction,activation,0.2501736879348755,0.24960874021053314,0.25083062052726746,0.24967694282531738,0.25057849287986755
3,fu:69217a4b,fu:a4e579d9,protein_protein_interaction,activation,0.12510520219802856,0.12497380375862122,0.12548910081386566,0.12480024993419647,0.12515763938426971
3,fu:f132c1b4,fu:e96fee09,protein_protein_interaction,phosphorylation,0.14279772341251373,0.14267580211162567,0.14265833795070648,0.14269916713237762,0.14315761625766754
3,fu:cc0e0a55,fu:4dbb2d89,protein_protein_interaction,activation,0.24985817074775696,0.2486400157213211,0.2503642141819,0.2494332641363144,0.2509951889514923
3,fu:1bdb6764,fu:4dbb2d89,protein_protein_interaction,activation,0.2500472664833069,0.25045332312583923,0.24987858533859253,0.2501889169216156,0.24966827034950256
3,fu:0c8f29ae,fu:11724fb3,protein_protein_interaction,,0.5000743269920349,0.4988420903682709,0.5015109181404114,0.499320924282074,0.5006234049797058
3,fu:11724fb3,fu:3f6a023b,protein_protein_interaction,activation,0.49979716539382935,0.49919673800468445,0.4998108148574829,0.49973946809768677,0.5004415512084961
3,fu:11724fb3,fu:69217a4b,protein_protein_interaction,activation|indirect effect,0.4997972846031189,0.4991973042488098,0.4998108148574829,0.49973946809768677,0.5004415512084961
3,fu:f017c41c,fu:41d49051,protein_protein_interaction,activation,0.49964645504951477,0.49867305159568787,0.5001430511474609,0.49904775619506836,0.5007219314575195
3,fu:41d49051,fu:114f4869,protein_protein_interaction,activation,0.33315137028694153,0.3327857553958893,0.3328189551830292,0.3327500820159912,0.33425071835517883
3,fu:3f6a023b,fu:cc0e0a55,protein_protein_interaction,activation,0.25018033385276794,0.2500734329223633,0.2506057322025299,0.24987377226352692,0.25016844272613525
3,fu:114f4869,fu:d3570c60,protein_protein_interaction,activation|indirect effect,0.24978405237197876,0.2495126724243164,0.24982894957065582,0.24931760132312775,0.25047701597213745
3,fu:d3570c60,fu:cc0e0a55,protein_protein_interaction,binding/association,0.24985671043395996,0.24868829548358917,0.2501472532749176,0.24950648844242096,0.2510848045349121
3,fu:8933daca,fu:7f7b2f5f,protein_protein_interaction,activation,0.03703457862138748,0.03703748434782028,0.03702850267291069,0.03703855723142624,0.03703378140926361
3,fu:35bcc57b,fu:dcf55614,protein_protein_interaction,activation,0.49982279539108276,0.49900323152542114,0.4992978572845459,0.49944061040878296,0.5015495419502258
3,fu:dcf55614,fu:74ae7efc,protein_protein_interaction,activation|phosphorylation,0.14283838868141174,0.14299549162387848,0.14294281601905823,0.14277862012386322,0.14263662695884705
3,fu:dcf55614,fu:e711f0a6,protein_protein_interaction,activation|phosphorylation,0.14283838868141174,0.14299549162387848,0.14294281601905823,0.14277860522270203,0.14263662695884705
3,fu:5e066f99,fu:39b0ba80,protein_protein_interaction,activation|phosphorylation,0.14287114143371582,0.14328287541866302,0.14322423934936523,0.14247970283031464,0.1424976885318756
3,fu:5e066f99,fu:57f73e22,protein_protein_interaction,activation|phosphorylation,0.14287111163139343,0.14328287541866302,0.14322423934936523,0.14247964322566986,0.1424976885318756
3,fu:e2d583f5,fu:39b0ba80,protein_protein_interaction,activation|phosphorylation,0.14293500781059265,0.14315180480480194,0.14271095395088196,0.14312861859798431,0.14274862408638
3,fu:e2d583f5,fu:57f73e22,protein_protein_interaction,activation|phosphorylation,0.14293500781059265,0.14315180480480194,0.14271095395088196,0.1431286334991455,0.14274862408638
3,fu:35bcc57b,fu:a4e579d9,protein_protein_interaction,,0.12474442273378372,0.12432990968227386,0.12446421384811401,0.1246476098895073,0.1255359649658203
