source,target,type,subtype,final_layer_mean_attn,final_layer_max_attn
MIMAT0005824,CREB5,mir_to_gene,,0.5001380443572998,0.5009227991104126
MIMAT0005824,SETD1B,mir_to_gene,,0.5002924203872681,0.5010685324668884
MIMAT0005824,RORA,mir_to_gene,,0.3334423899650574,0.33368656039237976
MIMAT0005824,GRIN2B,mir_to_gene,,0.5004090666770935,0.5010719895362854
MIMAT0005899,ATXN1,mir_to_gene,,0.2000475376844406,0.20009911060333252
MIMAT0005899,TCF20,mir_to_gene,,0.5001210570335388,0.5007539987564087
MIMAT0005899,EFHD2,mir_to_gene,,0.5001218318939209,0.5008338093757629
MIMAT0004607,TPM3,mir_to_gene,,0.2500302493572235,0.2502084970474243
MIMAT0004607,ERGIC1,mir_to_gene,,0.5000268220901489,0.5007274150848389
MIMAT0004607,ATP6V1A,mir_to_gene,,0.5002562999725342,0.5008916854858398
MIMAT0004607,CSNK2A1,mir_to_gene,,0.3333774209022522,0.3336957097053528
MIMAT0004607,PEX5L,mir_to_gene,,0.5002008676528931,0.5008633732795715
MIMAT0004607,SLC46A1,mir_to_gene,,0.5000727772712708,0.5010749101638794
MIMAT0004607,CYBRD1,mir_to_gene,,0.4998234212398529,0.5006798505783081
MIMAT0004607,GNA13,mir_to_gene,,0.33337855339050293,0.33364352583885193
MIMAT0004607,PAG1,mir_to_gene,,0.5002383589744568,0.5007563233375549
MIMAT0004607,MECP2,mir_to_gene,,0.33337104320526123,0.33373183012008667
MIMAT0004607,IGFBP4,mir_to_gene,,0.49991101026535034,0.5004039406776428
MIMAT0004607,YY1,mir_to_gene,,0.33336159586906433,0.33367985486984253
MIMAT0004607,RSBN1,mir_to_gene,,0.5001779198646545,0.5009766817092896
MIMAT0000430,EIF4EBP1,mir_to_gene,,0.5002524852752686,0.500920295715332
MIMAT0000430,RHOC,mir_to_gene,,0.5001512765884399,0.5007086992263794
MIMAT0000430,DMKN,mir_to_gene,,0.500084400177002,0.5009527802467346
MIMAT0000430,DNAJB6,mir_to_gene,,0.33336547017097473,0.3336485028266907
MIMAT0000430,NFKB1,mir_to_gene,,0.5002819299697876,0.5008299350738525
MIMAT0000430,LNPEP,mir_to_gene,,0.33343440294265747,0.33365073800086975
MIMAT0000430,TERT,mir_to_gene,,0.49998676776885986,0.5007216930389404
MIMAT0000430,ZMYND11,mir_to_gene,,0.3334314227104187,0.3337389826774597
MIMAT0000430,EID1,mir_to_gene,,0.5002129077911377,0.5007267594337463
MIMAT0000430,YAP1,mir_to_gene,,0.5001456141471863,0.500813364982605
MIMAT0000430,MXD1,mir_to_gene,,0.5000824332237244,0.5003730058670044
MIMAT0000430,MEAF6,mir_to_gene,,0.5000140070915222,0.5004370808601379
MIMAT0000430,IGF2BP1,mir_to_gene,,0.5001368522644043,0.5008081793785095
MIMAT0000430,BLCAP,mir_to_gene,,0.33340969681739807,0.3335717022418976
MIMAT0000430,CELF1,mir_to_gene,,0.5001254081726074,0.5008925199508667
MIMAT0000430,S100A1,mir_to_gene,,0.5001511573791504,0.50035560131073
MIMAT0000430,FOXC1,mir_to_gene,,0.500053346157074,0.5009118914604187
MIMAT0000430,CDH2,mir_to_gene,,0.5002016425132751,0.5008801221847534
MIMAT0000430,RPA1,mir_to_gene,,0.5002783536911011,0.5010340213775635
MIMAT0000430,IGLON5,mir_to_gene,,0.49974578619003296,0.5006844997406006
MIMAT0000430,CCND1,mir_to_gene,,0.333406925201416,0.333638459444046
MIMAT0000430,BCL11A,mir_to_gene,,0.5003135800361633,0.5011740922927856
MIMAT0000430,ZNF426,mir_to_gene,,0.500292181968689,0.5007084012031555
MIMAT0000430,PHKG2,mir_to_gene,,0.5001024007797241,0.5006967782974243
MIMAT0000436,FNDC3A,mir_to_gene,,0.5001975893974304,0.5009045004844666
MIMAT0000436,IRS1,mir_to_gene,,0.5001789331436157,0.5007790923118591
MIMAT0000436,TEX9,mir_to_gene,,0.4999884068965912,0.5006570816040039
MIMAT0004600,ADARB2,mir_to_gene,,0.5000193119049072,0.5005808472633362
MIMAT0004600,SMAD4,mir_to_gene,,0.24995583295822144,0.25001978874206543
MIMAT0004600,SOD2,mir_to_gene,,0.16661006212234497,0.16665278375148773
MIMAT0004600,BLMH,mir_to_gene,,0.5000602006912231,0.5006979703903198
MIMAT0004766,REL,mir_to_gene,,0.5002743601799011,0.5010054707527161
MIMAT0004766,ATXN1,mir_to_gene,,0.19999098777770996,0.20006798207759857
MIMAT0004766,TPM3,mir_to_gene,,0.2500184178352356,0.2501557171344757
MIMAT0004766,KY,mir_to_gene,,0.5002644658088684,0.5007729530334473
MIMAT0004766,SLC12A7,mir_to_gene,,0.5001820921897888,0.5008506774902344
MIMAT0004766,KLHDC8B,mir_to_gene,,0.4997295141220093,0.5006972551345825
MIMAT0004766,POLR3G,mir_to_gene,,0.33344602584838867,0.33375126123428345
MIMAT0004766,BIVM,mir_to_gene,,0.5002612471580505,0.5008150339126587
MIMAT0004766,PTGS1,mir_to_gene,,0.5002788305282593,0.5008878111839294
MIMAT0004766,OLFML2A,mir_to_gene,,0.5002164840698242,0.5008360147476196
MIMAT0004766,APOL6,mir_to_gene,,0.4999118745326996,0.5007482767105103
MIMAT0004766,BLCAP,mir_to_gene,,0.33336731791496277,0.3334846496582031
MIMAT0004766,RAB8A,mir_to_gene,,0.5001339316368103,0.50063556432724
MIMAT0004766,MAT2A,mir_to_gene,,0.5000292658805847,0.5010201930999756
MIMAT0004766,LSM4,mir_to_gene,,0.49998122453689575,0.5005260109901428
MIMAT0004766,LIMD1,mir_to_gene,,0.3334009349346161,0.3337898552417755
MIMAT0004766,ZNF551,mir_to_gene,,0.5002737641334534,0.5008915662765503
MIMAT0004766,CPEB4,mir_to_gene,,0.5002116560935974,0.5008391737937927
MIMAT0004766,GANAB,mir_to_gene,,0.33336231112480164,0.33368706703186035
MIMAT0004766,GK5,mir_to_gene,,0.5002937316894531,0.5009123086929321
MIMAT0002809,USP48,mir_to_gene,,0.33348211646080017,0.3337211310863495
MIMAT0002809,LIMD2,mir_to_gene,,0.5001589059829712,0.500383198261261
MIMAT0002809,TMEM167A,mir_to_gene,,0.25008246302604675,0.250182181596756
MIMAT0002809,RUFY2,mir_to_gene,,0.5001286268234253,0.500911295413971
MIMAT0002809,ZNRF3,mir_to_gene,,0.5001462697982788,0.5008829236030579
MIMAT0002809,ARL8A,mir_to_gene,,0.5001217126846313,0.5007216930389404
MIMAT0002809,TMPRSS5,mir_to_gene,,0.50005042552948,0.5007249712944031
MIMAT0002809,PMAIP1,mir_to_gene,,0.5000283122062683,0.500201404094696
MIMAT0002809,PPP1R11,mir_to_gene,,0.25005537271499634,0.2502480447292328
MIMAT0002809,KCTD15,mir_to_gene,,0.3333873152732849,0.3336394131183624
MIMAT0002809,CCDC6,mir_to_gene,,0.5001829862594604,0.501049280166626
MIMAT0002809,AKAP8,mir_to_gene,,0.5002599358558655,0.5009626746177673
MIMAT0002809,NOVA1,mir_to_gene,,0.5000083446502686,0.5006944537162781
MIMAT0002809,TRAF6,mir_to_gene,,0.5002570748329163,0.5010761618614197
MIMAT0002809,GXYLT2,mir_to_gene,,0.5000581741333008,0.5008900761604309
MIMAT0002809,ZNF629,mir_to_gene,,0.5002720355987549,0.5010412335395813
MIMAT0002809,UMPS,mir_to_gene,,0.5001572370529175,0.500728189945221
MIMAT0000262,MRO,mir_to_gene,,0.5000602602958679,0.5008068680763245
MIMAT0000262,NDUFB5,mir_to_gene,,0.4999599754810333,0.5006445050239563
MIMAT0000461,KIF21A,mir_to_gene,,0.5002180337905884,0.5008346438407898
MIMAT0000461,SBNO1,mir_to_gene,,0.5002167820930481,0.5008319020271301
MIMAT0000461,ACVR2A,mir_to_gene,,0.5002180933952332,0.5008440017700195
MIMAT0000461,GPR27,mir_to_gene,,0.4997090697288513,0.5009506344795227
MIMAT0000461,TCF3,mir_to_gene,,0.5002275705337524,0.5008145570755005
MIMAT0000461,BCL2,mir_to_gene,,0.4998225271701813,0.5005864500999451
MIMAT0000461,KANK1,mir_to_gene,,0.5001578330993652,0.500760555267334
MIMAT0000461,FGF2,mir_to_gene,,0.24998264014720917,0.25010523200035095
MIMAT0000461,ZNF275,mir_to_gene,,0.24998778104782104,0.25004541873931885
MIMAT0000461,TMEM135,mir_to_gene,,0.5001891851425171,0.5007978081703186
MIMAT0000461,GOSR1,mir_to_gene,,0.4999772906303406,0.5003585815429688
MIMAT0000461,GNB1,mir_to_gene,,0.4999023675918579,0.5009220242500305
MIMAT0000461,PLEKHA1,mir_to_gene,,0.5000306367874146,0.5007578134536743
MIMAT0000461,AVL9,mir_to_gene,,0.5002471208572388,0.5006736516952515
MIMAT0000461,HNRNPA2B1,mir_to_gene,,0.4998781681060791,0.5006009340286255
MIMAT0000461,MTHFR,mir_to_gene,,0.5002915859222412,0.5009294748306274
MIMAT0000461,CHEK1,mir_to_gene,,0.5002605319023132,0.5008172988891602
MIMAT0000461,TBL1XR1,mir_to_gene,,0.5002080202102661,0.5008850693702698
MIMAT0000461,RASEF,mir_to_gene,,0.5002188682556152,0.5008513927459717
MIMAT0000461,TAB3,mir_to_gene,,0.5000908374786377,0.5007722973823547
MIMAT0000461,CPNE1,mir_to_gene,,0.500195324420929,0.5008513927459717
MIMAT0000461,LRRC57,mir_to_gene,,0.49999216198921204,0.5003706812858582
MIMAT0000461,LSM11,mir_to_gene,,0.4998057782649994,0.5007534623146057
MIMAT0000461,RAB3IP,mir_to_gene,,0.33342060446739197,0.3335952162742615
MIMAT0000461,CBFA2T3,mir_to_gene,,0.5001221299171448,0.5009776949882507
MIMAT0000461,DICER1,mir_to_gene,,0.33342766761779785,0.33366113901138306
MIMAT0000461,SMURF1,mir_to_gene,,0.5002292990684509,0.500670850276947
MIMAT0000461,RASSF5,mir_to_gene,,0.49999579787254333,0.5007573366165161
MIMAT0000461,GNAL,mir_to_gene,,0.500148355960846,0.5008752942085266
MIMAT0000461,BSG,mir_to_gene,,0.3333216905593872,0.3334733247756958
MIMAT0000461,UBE2V1,mir_to_gene,,0.33336102962493896,0.3335345983505249
MIMAT0000461,CCDC80,mir_to_gene,,0.2499862015247345,0.250127911567688
MIMAT0000461,CYLD,mir_to_gene,,0.500311017036438,0.5008346438407898
MIMAT0000461,ZBTB34,mir_to_gene,,0.3333899974822998,0.3336630165576935
MIMAT0000461,SEC61A1,mir_to_gene,,0.5001581311225891,0.5008304119110107
MIMAT0000461,HEYL,mir_to_gene,,0.49975913763046265,0.5006883144378662
MIMAT0000461,TSC22D2,mir_to_gene,,0.25005096197128296,0.2501010298728943
MIMAT0000461,CPEB3,mir_to_gene,,0.5000739097595215,0.5008848309516907
MIMAT0000461,WIPI2,mir_to_gene,,0.5001089572906494,0.5008253455162048
MIMAT0000461,SERBP1,mir_to_gene,,0.49993014335632324,0.5005528330802917
MIMAT0000461,AKAP11,mir_to_gene,,0.5003668069839478,0.5009762644767761
MIMAT0000461,CDC37L1,mir_to_gene,,0.4998771846294403,0.5005201101303101
MIMAT0000461,STX17,mir_to_gene,,0.49980801343917847,0.5004429221153259
MIMAT0000461,RFK,mir_to_gene,,0.5000888705253601,0.5003595948219299
MIMAT0000461,PDE4D,mir_to_gene,,0.5001876354217529,0.5008723139762878
MIMAT0000461,BAG4,mir_to_gene,,0.5000065565109253,0.5006694793701172
MIMAT0000461,BZW1,mir_to_gene,,0.5000784397125244,0.5006188154220581
MIMAT0000461,CCNE1,mir_to_gene,,0.500058650970459,0.5006833672523499
MIMAT0000461,CCNT1,mir_to_gene,,0.3333819508552551,0.3336108326911926
MIMAT0000461,CCNT2,mir_to_gene,,0.33343350887298584,0.33355969190597534
MIMAT0000461,TPI1,mir_to_gene,,0.49987420439720154,0.5006258487701416
MIMAT0000461,SHOC2,mir_to_gene,,0.500270426273346,0.5007340312004089
MIMAT0000461,DNAJC10,mir_to_gene,,0.3334391713142395,0.3335918188095093
MIMAT0000461,ABCB7,mir_to_gene,,0.500092089176178,0.5009620189666748
MIMAT0000461,CDV3,mir_to_gene,,0.49983543157577515,0.500393271446228
MIMAT0000461,ETNK1,mir_to_gene,,0.49992722272872925,0.5006542801856995
MIMAT0000461,C21orf62,mir_to_gene,,0.33335697650909424,0.33340349793434143
MIMAT0000461,MIB1,mir_to_gene,,0.5001148581504822,0.5008288621902466
MIMAT0000461,TAOK1,mir_to_gene,,0.3334105610847473,0.3336716294288635
MIMAT0000461,RPRD1B,mir_to_gene,,0.499863862991333,0.5004675388336182
MIMAT0000461,PPP1R11,mir_to_gene,,0.2500249743461609,0.2501198351383209
MIMAT0000461,HAUS3,mir_to_gene,,0.5001969933509827,0.5007637143135071
MIMAT0000461,DCAF17,mir_to_gene,,0.5002521872520447,0.5007833242416382
MIMAT0000461,GABARAPL1,mir_to_gene,,0.5002455711364746,0.5009092688560486
MIMAT0000461,LUZP1,mir_to_gene,,0.5001645088195801,0.5009015798568726
MIMAT0000461,SMAD3,mir_to_gene,,0.5000354647636414,0.5006377696990967
MIMAT0000461,TKTL1,mir_to_gene,,0.5001955032348633,0.50086510181427
MIMAT0000461,VEGFA,mir_to_gene,,0.3333010971546173,0.3335588872432709
MIMAT0000461,MECP2,mir_to_gene,,0.333377867937088,0.3335002362728119
MIMAT0000461,THRAP3,mir_to_gene,,0.5002723932266235,0.5008808970451355
MIMAT0000461,CD180,mir_to_gene,,0.33339574933052063,0.33353671431541443
MIMAT0000461,ACTR2,mir_to_gene,,0.500004768371582,0.5007192492485046
MIMAT0000461,ARIH1,mir_to_gene,,0.5002622008323669,0.500669538974762
MIMAT0000461,PURA,mir_to_gene,,0.4997343122959137,0.5002085566520691
MIMAT0000461,MLLT6,mir_to_gene,,0.5002031326293945,0.5007572770118713
MIMAT0000461,PSKH1,mir_to_gene,,0.4999960660934448,0.5008100867271423
MIMAT0000461,YWHAQ,mir_to_gene,,0.49999335408210754,0.5003984570503235
MIMAT0000461,VPS4A,mir_to_gene,,0.5001401901245117,0.5007676482200623
MIMAT0000461,RACGAP1,mir_to_gene,,0.3334202766418457,0.3336106538772583
MIMAT0000461,VCL,mir_to_gene,,0.5000761151313782,0.5007790923118591
MIMAT0000461,SOCS5,mir_to_gene,,0.3334408402442932,0.3335818648338318
MIMAT0000461,OCRL,mir_to_gene,,0.5002202987670898,0.5008929967880249
MIMAT0000461,KPNA1,mir_to_gene,,0.5002102851867676,0.5008392333984375
MIMAT0000461,PAFAH1B2,mir_to_gene,,0.4999057650566101,0.5002891421318054
MIMAT0000461,CCL4,mir_to_gene,,0.5001702308654785,0.500698983669281
MIMAT0000461,SNCG,mir_to_gene,,0.4999391436576843,0.5005000829696655
MIMAT0000461,CREG1,mir_to_gene,,0.4998677372932434,0.500516951084137
MIMAT0000461,ARHGDIA,mir_to_gene,,0.5000418424606323,0.5005072951316833
MIMAT0000461,MAP4K2,mir_to_gene,,0.5002334117889404,0.500935435295105
MIMAT0000461,RAPH1,mir_to_gene,,0.5002533197402954,0.5007187724113464
MIMAT0000461,MAFK,mir_to_gene,,0.49992313981056213,0.5004233717918396
MIMAT0000461,ENTPD6,mir_to_gene,,0.5001158118247986,0.5009340643882751
MIMAT0000461,APP,mir_to_gene,,0.333426296710968,0.3336728811264038
MIMAT0000461,SH3BGRL2,mir_to_gene,,0.5002553462982178,0.5009032487869263
MIMAT0000461,KATNAL1,mir_to_gene,,0.3334195017814636,0.3336471617221832
MIMAT0000461,GNAT1,mir_to_gene,,0.5000133514404297,0.5006455779075623
MIMAT0000461,ZNF585B,mir_to_gene,,0.5002610087394714,0.5006936192512512
MIMAT0000461,YTHDC1,mir_to_gene,,0.5002841949462891,0.5010220408439636
MIMAT0000461,ZNF284,mir_to_gene,,0.5002718567848206,0.500675618648529
MIMAT0000232,TSPAN3,mir_to_gene,,0.3333018720149994,0.33339786529541016
MIMAT0000232,FGF2,mir_to_gene,,0.250027596950531,0.2500731647014618
MIMAT0000232,LIN54,mir_to_gene,,0.33335188031196594,0.33352577686309814
MIMAT0000232,CCDC80,mir_to_gene,,0.2500190734863281,0.2500495910644531
MIMAT0000232,CCNL1,mir_to_gene,,0.20001205801963806,0.20003001391887665
MIMAT0000232,FOXA2,mir_to_gene,,0.4999822974205017,0.5005810260772705
MIMAT0000232,TFAM,mir_to_gene,,0.33336442708969116,0.3335307836532593
MIMAT0000232,MET,mir_to_gene,,0.33337539434432983,0.3335231840610504
MIMAT0000232,MAPK9,mir_to_gene,,0.3334437906742096,0.3335203528404236
MIMAT0000232,SOD2,mir_to_gene,,0.1667168140411377,0.1667574942111969
MIMAT0000232,HGF,mir_to_gene,,0.5003289580345154,0.5008189082145691
MIMAT0000232,PAK4,mir_to_gene,,0.3333405554294586,0.3335224688053131
MIMAT0004563,TSPAN3,mir_to_gene,,0.3333018720149994,0.33339786529541016
MIMAT0004563,FGF2,mir_to_gene,,0.250027596950531,0.2500731647014618
MIMAT0004563,LIN54,mir_to_gene,,0.33335188031196594,0.33352577686309814
MIMAT0004563,CCDC80,mir_to_gene,,0.2500190734863281,0.2500495910644531
MIMAT0004563,CCNL1,mir_to_gene,,0.20001205801963806,0.20003001391887665
MIMAT0004563,MET,mir_to_gene,,0.33337539434432983,0.3335231840610504
MIMAT0004563,SOD2,mir_to_gene,,0.1667168140411377,0.1667574942111969
MIMAT0004563,PAK4,mir_to_gene,,0.3333405554294586,0.3335224688053131
MIMAT0000263,ZNF394,mir_to_gene,,0.5002012848854065,0.5009335279464722
MIMAT0000263,JAG1,mir_to_gene,,0.5002039670944214,0.5005531907081604
MIMAT0000263,CSGALNACT1,mir_to_gene,,0.5001920461654663,0.5008758902549744
MIMAT0000263,CSNK2A1,mir_to_gene,,0.33334803581237793,0.333499014377594
MIMAT0000263,EXTL3,mir_to_gene,,0.5002216100692749,0.5009395480155945
MIMAT0000263,KIT,mir_to_gene,,0.3333178758621216,0.33346617221832275
MIMAT0000263,CCNL1,mir_to_gene,,0.1999974250793457,0.20005562901496887
MIMAT0000263,OXSR1,mir_to_gene,,0.500210702419281,0.5009955167770386
MIMAT0000263,HES1,mir_to_gene,,0.4998730421066284,0.500792920589447
MIMAT0000263,POLA2,mir_to_gene,,0.5002952814102173,0.5009251832962036
MIMAT0000263,PDE11A,mir_to_gene,,0.5002413392066956,0.5009087920188904
MIMAT0000263,ZNF846,mir_to_gene,,0.5002228617668152,0.5007743835449219
MIMAT0000263,CHCHD4,mir_to_gene,,0.5002225637435913,0.5008969306945801
MIMAT0000263,DDI2,mir_to_gene,,0.33341196179389954,0.3335525691509247
MIMAT0000263,ZNF584,mir_to_gene,,0.5001431703567505,0.5005952715873718
MIMAT0000263,SLC26A2,mir_to_gene,,0.5002633929252625,0.5008159279823303
MIMAT0000263,PODXL,mir_to_gene,,0.3333775997161865,0.33363696932792664
MIMAT0000265,ADAT2,mir_to_gene,,0.4999510645866394,0.5005663633346558
MIMAT0000265,ANKFY1,mir_to_gene,,0.5001116991043091,0.5006936192512512
MIMAT0000265,CHCHD3,mir_to_gene,,0.49999168515205383,0.5004287958145142
MIMAT0000265,CD44,mir_to_gene,,0.33333900570869446,0.33370542526245117
MIMAT0000265,MTA3,mir_to_gene,,0.50018709897995,0.5009104609489441
MIMAT0000265,TLK2,mir_to_gene,,0.5001006722450256,0.5008754730224609
MIMAT0000265,HOXA10,mir_to_gene,,0.4999530613422394,0.500531017780304
MIMAT0000265,ZBTB20,mir_to_gene,,0.5002422332763672,0.500808596611023
MIMAT0000265,CTSC,mir_to_gene,,0.5001546740531921,0.5008059740066528
MIMAT0000265,CLNK,mir_to_gene,,0.5001620054244995,0.5009783506393433
MIMAT0000265,NR3C1,mir_to_gene,,0.5002618432044983,0.500808596611023
MIMAT0000265,ENAH,mir_to_gene,,0.5000943541526794,0.5011215806007385
MIMAT0000265,LRRC55,mir_to_gene,,0.49988412857055664,0.5003977417945862
MIMAT0000265,CDH11,mir_to_gene,,0.5002254843711853,0.5009749531745911
MIMAT0000265,TCF4,mir_to_gene,,0.33338597416877747,0.3335718810558319
MIMAT0000265,SRGAP1,mir_to_gene,,0.5001205801963806,0.5010023713111877
MIMAT0000265,POU2F1,mir_to_gene,,0.3332960903644562,0.3336193859577179
MIMAT0000265,TRPM3,mir_to_gene,,0.5001837015151978,0.500810444355011
MIMAT0000265,SYT6,mir_to_gene,,0.5002442002296448,0.5010598301887512
MIMAT0000265,ATP2B1,mir_to_gene,,0.3333698511123657,0.33364173769950867
MIMAT0000265,CAMK2G,mir_to_gene,,0.5001513361930847,0.5008719563484192
MIMAT0000265,PRKAR1A,mir_to_gene,,0.49999213218688965,0.5006735324859619
MIMAT0000265,RUNX2,mir_to_gene,,0.5001814365386963,0.5008459687232971
MIMAT0000265,NTRK2,mir_to_gene,,0.5002752542495728,0.5008767247200012
MIMAT0000265,WNK3,mir_to_gene,,0.5002267956733704,0.5012324452400208
MIMAT0000265,CDH8,mir_to_gene,,0.5002412796020508,0.5010713934898376
MIMAT0000265,POU2F2,mir_to_gene,,0.5001568794250488,0.5008861422538757
MIMAT0000265,AGAP1,mir_to_gene,,0.3332640528678894,0.3334972560405731
MIMAT0000265,IKZF2,mir_to_gene,,0.5002135634422302,0.5009562373161316
MIMAT0000265,ZNF385D,mir_to_gene,,0.49999818205833435,0.5007635951042175
MIMAT0000265,ZNF362,mir_to_gene,,0.5000688433647156,0.5006773471832275
MIMAT0000265,PHF13,mir_to_gene,,0.5001747012138367,0.5009003281593323
MIMAT0000265,ALDH1A2,mir_to_gene,,0.5001676678657532,0.5009198784828186
MIMAT0000265,ST3GAL1,mir_to_gene,,0.4999583959579468,0.5006798505783081
MIMAT0000265,B4GALNT3,mir_to_gene,,0.5001815557479858,0.5008190870285034
MIMAT0000265,OPN5,mir_to_gene,,0.5000209808349609,0.5009393692016602
MIMAT0000265,ZSCAN22,mir_to_gene,,0.5001665949821472,0.5007419586181641
MIMAT0000265,BCL9L,mir_to_gene,,0.5000203847885132,0.5008514523506165
MIMAT0000265,GALNT10,mir_to_gene,,0.5001773238182068,0.5009748935699463
MIMAT0000265,SFT2D2,mir_to_gene,,0.5001122951507568,0.5004346966743469
MIMAT0000265,CREB1,mir_to_gene,,0.49968981742858887,0.5004238486289978
MIMAT0000265,MBNL1,mir_to_gene,,0.4998001456260681,0.500554621219635
MIMAT0000265,SEMA4G,mir_to_gene,,0.5002266764640808,0.500828206539154
MIMAT0000265,PTPRT,mir_to_gene,,0.5001260638237,0.5007343292236328
MIMAT0000265,CCR5,mir_to_gene,,0.49997788667678833,0.5008262395858765
MIMAT0000265,MAPRE2,mir_to_gene,,0.49988824129104614,0.5006150007247925
MIMAT0000265,SERP1,mir_to_gene,,0.4998950958251953,0.5001850724220276
MIMAT0000265,USP47,mir_to_gene,,0.5002671480178833,0.5009282231330872
MIMAT0000265,ZWILCH,mir_to_gene,,0.5002220869064331,0.5009108185768127
MIMAT0000265,PRLR,mir_to_gene,,0.5002935528755188,0.5010923147201538
MIMAT0000265,ZNF48,mir_to_gene,,0.5002198219299316,0.5010765194892883
MIMAT0000265,CCNT2,mir_to_gene,,0.33332163095474243,0.3335811495780945
MIMAT0000265,AKAP1,mir_to_gene,,0.5002061128616333,0.5009934306144714
MIMAT0000265,SPIB,mir_to_gene,,0.49997785687446594,0.500613272190094
MIMAT0000265,CDX2,mir_to_gene,,0.33325308561325073,0.3335801064968109
MIMAT0000265,IL11,mir_to_gene,,0.4998210072517395,0.5003553628921509
MIMAT0000265,AKAP13,mir_to_gene,,0.5002740621566772,0.5008128881454468
MIMAT0000265,DPF3,mir_to_gene,,0.49997013807296753,0.5005473494529724
MIMAT0000265,ETF1,mir_to_gene,,0.5001735687255859,0.5006983280181885
MIMAT0000265,AP1S1,mir_to_gene,,0.5001652836799622,0.5005500912666321
MIMAT0000265,GTDC1,mir_to_gene,,0.5002260804176331,0.5007855892181396
MIMAT0000265,FARP1,mir_to_gene,,0.5001648664474487,0.5009753108024597
MIMAT0000265,SYNJ2BP,mir_to_gene,,0.49981391429901123,0.500545084476471
MIMAT0000265,VN1R1,mir_to_gene,,0.5000420212745667,0.5009532570838928
MIMAT0000265,BCL7A,mir_to_gene,,0.5001463890075684,0.5008158087730408
MIMAT0000265,BACH2,mir_to_gene,,0.5002429485321045,0.5010047554969788
MIMAT0000265,MCL1,mir_to_gene,,0.4998433291912079,0.5005471706390381
MIMAT0000265,LRRC4,mir_to_gene,,0.5002012252807617,0.5007930397987366
MIMAT0000265,WWC2,mir_to_gene,,0.5001821517944336,0.5008836388587952
MIMAT0000265,SOST,mir_to_gene,,0.49984368681907654,0.500528872013092
MIMAT0000265,BDNF,mir_to_gene,,0.5000114440917969,0.5005614757537842
MIMAT0000265,C21orf62,mir_to_gene,,0.33331298828125,0.33335039019584656
MIMAT0000265,USP14,mir_to_gene,,0.5001862049102783,0.5009929537773132
MIMAT0000265,SMAD4,mir_to_gene,,0.25000736117362976,0.25018608570098877
MIMAT0000265,MDFI,mir_to_gene,,0.5000757575035095,0.5003476738929749
MIMAT0000265,IPO7,mir_to_gene,,0.5001642107963562,0.5010226368904114
MIMAT0000265,TXNIP,mir_to_gene,,0.5001212954521179,0.5007856488227844
MIMAT0000265,ERF,mir_to_gene,,0.5002613067626953,0.5011236667633057
MIMAT0000265,WDR3,mir_to_gene,,0.500235378742218,0.5008798241615295
MIMAT0000265,SERINC3,mir_to_gene,,0.5003130435943604,0.5010257363319397
MIMAT0000265,TPPP,mir_to_gene,,0.5000488758087158,0.5005792379379272
MIMAT0000265,PADI2,mir_to_gene,,0.500304102897644,0.5009545683860779
MIMAT0000265,ANGPTL2,mir_to_gene,,0.5000541806221008,0.5006062984466553
MIMAT0000265,G3BP2,mir_to_gene,,0.2499987632036209,0.2501213848590851
MIMAT0000265,ASGR1,mir_to_gene,,0.49989524483680725,0.5002193450927734
MIMAT0000265,GLP1R,mir_to_gene,,0.5001829266548157,0.5007832050323486
MIMAT0000265,SOX4,mir_to_gene,,0.3333379030227661,0.3335801362991333
MIMAT0000265,SP1,mir_to_gene,,0.4999629259109497,0.500571608543396
MIMAT0000265,SPARC,mir_to_gene,,0.5000457763671875,0.5007273554801941
MIMAT0000265,HMGA2,mir_to_gene,,0.500067949295044,0.5008921027183533
MIMAT0000265,STC2,mir_to_gene,,0.499798446893692,0.5003519058227539
MIMAT0000265,SGPL1,mir_to_gene,,0.5002096891403198,0.5009722709655762
MIMAT0000265,EFNB2,mir_to_gene,,0.3333391845226288,0.333566278219223
MIMAT0000265,BMPR1A,mir_to_gene,,0.5002266764640808,0.5008571743965149
MIMAT0000265,CDH1,mir_to_gene,,0.5002734661102295,0.5009750127792358
MIMAT0000265,CPT1B,mir_to_gene,,0.5002021789550781,0.5008124709129333
MIMAT0000265,ATF6B,mir_to_gene,,0.5001950860023499,0.5008621215820312
MIMAT0000265,EFNB1,mir_to_gene,,0.33325493335723877,0.3335787355899811
MIMAT0000265,MUC4,mir_to_gene,,0.5004192590713501,0.5011163353919983
MIMAT0000265,SYNGR1,mir_to_gene,,0.49995318055152893,0.500697910785675
MIMAT0000265,CHCHD5,mir_to_gene,,0.5000395178794861,0.5005526542663574
MIMAT0000265,SORCS2,mir_to_gene,,0.5002276301383972,0.5008646249771118
MIMAT0000265,TGFBR1,mir_to_gene,,0.5001992583274841,0.5008822083473206
MIMAT0000265,SLC39A11,mir_to_gene,,0.333294153213501,0.3335159122943878
MIMAT0000265,PLAG1,mir_to_gene,,0.5002461671829224,0.5008073449134827
MIMAT0000265,ELOVL6,mir_to_gene,,0.5000280141830444,0.500481128692627
MIMAT0000265,CACNG8,mir_to_gene,,0.499957799911499,0.500812292098999
MIMAT0000265,RAB11FIP4,mir_to_gene,,0.5002418160438538,0.5010592937469482
MIMAT0000265,CDC42,mir_to_gene,,0.5001916289329529,0.5007175803184509
MIMAT0000265,MYO18A,mir_to_gene,,0.5002152919769287,0.5009500980377197
MIMAT0000265,TSC22D2,mir_to_gene,,0.24997523427009583,0.2500979006290436
MIMAT0000265,IGFBP2,mir_to_gene,,0.49966931343078613,0.5003737211227417
MIMAT0000265,CYBB,mir_to_gene,,0.5002148151397705,0.5008837580680847
MIMAT0000265,IGFBP5,mir_to_gene,,0.49998772144317627,0.5006159543991089
MIMAT0000265,PPP3R1,mir_to_gene,,0.5001611709594727,0.5005702376365662
MIMAT0000265,PLCXD3,mir_to_gene,,0.49993211030960083,0.5006942749023438
MIMAT0000265,SAMD5,mir_to_gene,,0.4999436140060425,0.5005939602851868
MIMAT0000265,SMOC1,mir_to_gene,,0.5001617074012756,0.5007447004318237
MIMAT0001413,WDR89,mir_to_gene,,0.5000474452972412,0.5008551478385925
MIMAT0001413,ZNF264,mir_to_gene,,0.3333371877670288,0.33351266384124756
MIMAT0001413,ACBD5,mir_to_gene,,0.5002248287200928,0.5008295774459839
MIMAT0001413,GPRIN3,mir_to_gene,,0.5001679062843323,0.5009212493896484
MIMAT0001413,FMNL3,mir_to_gene,,0.5001575946807861,0.5009504556655884
MIMAT0001413,TRAPPC2,mir_to_gene,,0.3333629369735718,0.3335804045200348
MIMAT0001413,DCAF8,mir_to_gene,,0.5002292990684509,0.5007040500640869
MIMAT0001413,SH3GLB1,mir_to_gene,,0.49993380904197693,0.5004680156707764
MIMAT0001413,GNPTAB,mir_to_gene,,0.5002272725105286,0.5007318258285522
MIMAT0001413,F2RL3,mir_to_gene,,0.4998263418674469,0.5009695887565613
MIMAT0001413,VPS53,mir_to_gene,,0.33327317237854004,0.3335031569004059
MIMAT0001413,ITGB1,mir_to_gene,,0.5002151727676392,0.5008054375648499
MIMAT0001413,NHLRC3,mir_to_gene,,0.49991148710250854,0.5010000467300415
MIMAT0001413,SEC16A,mir_to_gene,,0.5000192523002625,0.5007386803627014
MIMAT0001413,QSOX1,mir_to_gene,,0.333314448595047,0.33343806862831116
MIMAT0001413,CCND1,mir_to_gene,,0.33330270648002625,0.33347076177597046
MIMAT0001413,CNKSR3,mir_to_gene,,0.5002219080924988,0.5009163022041321
MIMAT0001413,POFUT1,mir_to_gene,,0.4999859929084778,0.5006437301635742
MIMAT0001413,F2RL1,mir_to_gene,,0.5000078678131104,0.5010807514190674
MIMAT0001413,SERF1A,mir_to_gene,,0.5001906752586365,0.5006231069564819
MIMAT0001413,IQSEC1,mir_to_gene,,0.5002052783966064,0.5008679628372192
MIMAT0001413,RABGAP1L,mir_to_gene,,0.5002931356430054,0.5010296702384949
MIMAT0001413,WDR53,mir_to_gene,,0.49993059039115906,0.500550389289856
MIMAT0001413,USP28,mir_to_gene,,0.500191330909729,0.5009097456932068
MIMAT0001413,CAMTA1,mir_to_gene,,0.3333185315132141,0.3335731625556946
MIMAT0001413,SAMD12,mir_to_gene,,0.49988076090812683,0.5002142786979675
MIMAT0001413,KLRD1,mir_to_gene,,0.5001494884490967,0.5003187656402588
MIMAT0001413,KIF6,mir_to_gene,,0.5001343488693237,0.5008858442306519
MIMAT0001413,ATXN1,mir_to_gene,,0.19993597269058228,0.19998516142368317
MIMAT0001413,PSD3,mir_to_gene,,0.500236988067627,0.5008049011230469
MIMAT0001413,REST,mir_to_gene,,0.33335769176483154,0.3336215615272522
MIMAT0001413,MFSD8,mir_to_gene,,0.5001745820045471,0.5007321238517761
MIMAT0001413,SLC12A6,mir_to_gene,,0.5002409815788269,0.5008315443992615
MIMAT0001413,RGMB,mir_to_gene,,0.5000585913658142,0.5007359981536865
MIMAT0001413,ATP2B1,mir_to_gene,,0.3333781957626343,0.3335394859313965
MIMAT0001413,SOCS7,mir_to_gene,,0.500079333782196,0.5008969902992249
MIMAT0001413,OCIAD1,mir_to_gene,,0.5000147223472595,0.5007022023200989
MIMAT0001413,AGFG2,mir_to_gene,,0.5000998377799988,0.5007079839706421
MIMAT0001413,TMEM67,mir_to_gene,,0.5001940131187439,0.5007248520851135
MIMAT0001413,INPP5F,mir_to_gene,,0.5001831650733948,0.500892698764801
MIMAT0001413,WAC,mir_to_gene,,0.5002234578132629,0.5008749961853027
MIMAT0001413,WEE1,mir_to_gene,,0.500246524810791,0.500988781452179
MIMAT0001413,PAFAH1B1,mir_to_gene,,0.5001826286315918,0.5007271766662598
MIMAT0001413,GRK7,mir_to_gene,,0.5001469254493713,0.5008977651596069
MIMAT0001413,NR2C2,mir_to_gene,,0.5002039670944214,0.5007783770561218
MIMAT0001413,GAB1,mir_to_gene,,0.5003085136413574,0.5011541247367859
MIMAT0001413,DUSP18,mir_to_gene,,0.3333173096179962,0.3334553837776184
MIMAT0001413,ABHD2,mir_to_gene,,0.5000843405723572,0.5006853938102722
MIMAT0001413,N4BP1,mir_to_gene,,0.5001614689826965,0.50099116563797
MIMAT0001413,MTMR3,mir_to_gene,,0.5001730918884277,0.5007779598236084
MIMAT0001413,ZDHHC20,mir_to_gene,,0.5000534057617188,0.5007299780845642
MIMAT0001413,PGM2L1,mir_to_gene,,0.33334606885910034,0.3336094915866852
MIMAT0001413,TMEM167A,mir_to_gene,,0.24993878602981567,0.2499934881925583
MIMAT0001413,RAB3IP,mir_to_gene,,0.3333280086517334,0.3335144519805908
MIMAT0001413,NCOA3,mir_to_gene,,0.5001391172409058,0.5007096529006958
MIMAT0001413,UBXN2A,mir_to_gene,,0.4999912977218628,0.5004940032958984
MIMAT0001413,PRNP,mir_to_gene,,0.33325323462486267,0.33344680070877075
MIMAT0001413,BTN3A1,mir_to_gene,,0.5001867413520813,0.5007621645927429
MIMAT0001413,ABHD15,mir_to_gene,,0.500109076499939,0.5006347298622131
MIMAT0001413,STAC2,mir_to_gene,,0.5001450181007385,0.500799834728241
MIMAT0001413,POLQ,mir_to_gene,,0.5001901388168335,0.500684380531311
MIMAT0001413,DSTYK,mir_to_gene,,0.5001621842384338,0.5007201433181763
MIMAT0001413,ZBTB37,mir_to_gene,,0.25001275539398193,0.25016188621520996
MIMAT0001413,A1CF,mir_to_gene,,0.5001121759414673,0.5007419586181641
MIMAT0001413,POLR3G,mir_to_gene,,0.33336201310157776,0.33350926637649536
MIMAT0001413,FHDC1,mir_to_gene,,0.5001575946807861,0.5011056065559387
MIMAT0001413,AAK1,mir_to_gene,,0.500049889087677,0.5006630420684814
MIMAT0001413,MAP3K2,mir_to_gene,,0.3332754373550415,0.33344846963882446
MIMAT0001413,RBM12B,mir_to_gene,,0.3333345651626587,0.33350372314453125
MIMAT0001413,HIP1,mir_to_gene,,0.5001241564750671,0.5007602572441101
MIMAT0001413,CAPRIN2,mir_to_gene,,0.5001251101493835,0.5009517669677734
MIMAT0001413,ELAVL2,mir_to_gene,,0.49984151124954224,0.5006377100944519
MIMAT0001413,DPYSL2,mir_to_gene,,0.5001844167709351,0.5007949471473694
MIMAT0001413,SLC7A11,mir_to_gene,,0.5001897811889648,0.500801682472229
MIMAT0001413,RNF115,mir_to_gene,,0.4999662935733795,0.5005691647529602
MIMAT0001413,SLK,mir_to_gene,,0.5001944899559021,0.5012094378471375
MIMAT0001413,PLEKHM1,mir_to_gene,,0.5001506209373474,0.5005971193313599
MIMAT0001413,MLXIP,mir_to_gene,,0.5002694725990295,0.5012354850769043
MIMAT0001413,FBXO21,mir_to_gene,,0.33336058259010315,0.3335595726966858
MIMAT0001413,TNRC6B,mir_to_gene,,0.333330899477005,0.3335215449333191
MIMAT0001413,WSB1,mir_to_gene,,0.5001000761985779,0.5008840560913086
MIMAT0001413,IRAK4,mir_to_gene,,0.5001835227012634,0.5008326768875122
MIMAT0001413,GNB5,mir_to_gene,,0.5001011490821838,0.5008764863014221
MIMAT0001413,TLR7,mir_to_gene,,0.5001574754714966,0.5007762908935547
MIMAT0001413,ERGIC2,mir_to_gene,,0.5000442862510681,0.500657856464386
MIMAT0001413,WDR1,mir_to_gene,,0.5002390146255493,0.5010074377059937
MIMAT0001413,HIF1AN,mir_to_gene,,0.33329644799232483,0.33350345492362976
MIMAT0001413,FKBP14,mir_to_gene,,0.5001188516616821,0.5005571246147156
MIMAT0001413,RAB42,mir_to_gene,,0.4998052716255188,0.5001799464225769
MIMAT0001413,LDLR,mir_to_gene,,0.5003171563148499,0.5007099509239197
MIMAT0001413,BTN3A2,mir_to_gene,,0.4998058080673218,0.5003564953804016
MIMAT0001413,C18orf32,mir_to_gene,,0.3333333432674408,0.3335479199886322
MIMAT0001413,DCTN5,mir_to_gene,,0.5000200271606445,0.5003463625907898
MIMAT0001413,DNAL1,mir_to_gene,,0.3333442807197571,0.3335404694080353
MIMAT0001413,BCL2L11,mir_to_gene,,0.2499493658542633,0.25003349781036377
MIMAT0001413,TCF4,mir_to_gene,,0.3333943486213684,0.3334696590900421
MIMAT0001413,CFL2,mir_to_gene,,0.500152587890625,0.5006328821182251
MIMAT0001413,BTF3L4,mir_to_gene,,0.5000168085098267,0.5004743337631226
MIMAT0001413,RAB5B,mir_to_gene,,0.3332814872264862,0.33343854546546936
MIMAT0001413,SLC4A7,mir_to_gene,,0.5002396702766418,0.5009812116622925
MIMAT0001413,CDK6,mir_to_gene,,0.19996918737888336,0.20004576444625854
MIMAT0001413,TTPAL,mir_to_gene,,0.49993520975112915,0.500571072101593
MIMAT0001413,DNAJC10,mir_to_gene,,0.33331581950187683,0.3335110545158386
MIMAT0001413,GTF2H3,mir_to_gene,,0.49992507696151733,0.500449538230896
MIMAT0001413,ISCA2,mir_to_gene,,0.49994033575057983,0.5004599690437317
MIMAT0001413,YOD1,mir_to_gene,,0.24992388486862183,0.2500162422657013
MIMAT0001413,MIXL1,mir_to_gene,,0.4998374581336975,0.5005563497543335
MIMAT0001413,PTGES3,mir_to_gene,,0.5002752542495728,0.5007293820381165
MIMAT0001413,FBXO31,mir_to_gene,,0.5001464486122131,0.5008791089057922
MIMAT0001413,MFSD2A,mir_to_gene,,0.5001914501190186,0.5007597804069519
MIMAT0001413,ICA1L,mir_to_gene,,0.5001369714736938,0.5007850527763367
MIMAT0001413,ENPP5,mir_to_gene,,0.5002215504646301,0.5007765293121338
MIMAT0001413,CYCS,mir_to_gene,,0.33335211873054504,0.3335570693016052
MIMAT0001413,UBFD1,mir_to_gene,,0.49982911348342896,0.5005751252174377
MIMAT0001413,ENTPD7,mir_to_gene,,0.5001953840255737,0.5006686449050903
MIMAT0001413,NRIP3,mir_to_gene,,0.4999852180480957,0.5003636479377747
MIMAT0001413,ZNFX1,mir_to_gene,,0.5001463294029236,0.5009061694145203
MIMAT0001413,GATAD1,mir_to_gene,,0.4999273419380188,0.5004377961158752
MIMAT0001413,SLC30A1,mir_to_gene,,0.5001294016838074,0.5006536841392517
MIMAT0001413,C17orf75,mir_to_gene,,0.5000625252723694,0.500474214553833
MIMAT0001413,ABCG8,mir_to_gene,,0.5001890063285828,0.5006875991821289
MIMAT0001413,PANK3,mir_to_gene,,0.24995540082454681,0.2500284016132355
MIMAT0001413,GPR157,mir_to_gene,,0.49981826543807983,0.5007541179656982
MIMAT0001413,SLC35F5,mir_to_gene,,0.5001775622367859,0.5007467269897461
MIMAT0001413,KLHL15,mir_to_gene,,0.5002316236495972,0.5008275508880615
MIMAT0001413,DDHD1,mir_to_gene,,0.500222384929657,0.500710129737854
MIMAT0001413,TRIM8,mir_to_gene,,0.5001187920570374,0.5006096363067627
MIMAT0001413,SLCO5A1,mir_to_gene,,0.5002126097679138,0.5007926821708679
MIMAT0001413,ZNF805,mir_to_gene,,0.19998854398727417,0.20001588761806488
MIMAT0001413,SLC1A5,mir_to_gene,,0.50004643201828,0.5007786750793457
MIMAT0001413,TRAF3IP2,mir_to_gene,,0.5001463890075684,0.5009405612945557
MIMAT0001413,ZBED1,mir_to_gene,,0.500113844871521,0.5007550716400146
MIMAT0001413,ZNF347,mir_to_gene,,0.5001156330108643,0.5005457997322083
MIMAT0001413,SAMD8,mir_to_gene,,0.5001962780952454,0.5008019208908081
MIMAT0001413,ARL1,mir_to_gene,,0.5001229643821716,0.5005325078964233
MIMAT0001413,KCNK6,mir_to_gene,,0.3332749903202057,0.33342957496643066
MIMAT0001413,SPTLC2,mir_to_gene,,0.5000952482223511,0.500654935836792
MIMAT0001413,VPS26A,mir_to_gene,,0.49993038177490234,0.5006503462791443
MIMAT0001413,FEZ2,mir_to_gene,,0.500053346157074,0.5007091164588928
MIMAT0001413,HMGB3,mir_to_gene,,0.5001800656318665,0.501127302646637
MIMAT0001413,CHAF1A,mir_to_gene,,0.5001629590988159,0.5012305974960327
MIMAT0001413,MTF1,mir_to_gene,,0.500224769115448,0.5007846355438232
MIMAT0001413,MXI1,mir_to_gene,,0.4999862015247345,0.500730037689209
MIMAT0001413,LASP1,mir_to_gene,,0.499891996383667,0.500375509262085
MIMAT0001413,PVR,mir_to_gene,,0.4999312460422516,0.5007128119468689
MIMAT0001413,NFAT5,mir_to_gene,,0.1999833583831787,0.2000173181295395
MIMAT0001413,ZBTB6,mir_to_gene,,0.5001250505447388,0.5004757642745972
MIMAT0001413,NUDT3,mir_to_gene,,0.3333459794521332,0.3334990441799164
MIMAT0001413,GLO1,mir_to_gene,,0.333340585231781,0.33353668451309204
MIMAT0001413,ZBTB25,mir_to_gene,,0.5001357197761536,0.5005586743354797
MIMAT0001413,BRCA1,mir_to_gene,,0.33332163095474243,0.3336049020290375
MIMAT0001413,CBX5,mir_to_gene,,0.5001968145370483,0.5009578466415405
MIMAT0001413,SF3B3,mir_to_gene,,0.2499832808971405,0.2500995397567749
MIMAT0001413,RACGAP1,mir_to_gene,,0.3333207070827484,0.33352988958358765
MIMAT0001413,SOCS5,mir_to_gene,,0.33332207798957825,0.33350110054016113
MIMAT0001413,WDR37,mir_to_gene,,0.5002121925354004,0.5007174015045166
MIMAT0001413,OSTM1,mir_to_gene,,0.4998616576194763,0.5003607869148254
MIMAT0001413,SPCS1,mir_to_gene,,0.5002115964889526,0.5006468296051025
MIMAT0001413,E2F5,mir_to_gene,,0.3332667052745819,0.33350783586502075
MIMAT0001413,HMGB1,mir_to_gene,,0.33334654569625854,0.33365973830223083
MIMAT0001413,ITGA2,mir_to_gene,,0.5001348257064819,0.5007597208023071
MIMAT0001413,JAK1,mir_to_gene,,0.3333510160446167,0.3336298167705536
MIMAT0001413,MSH3,mir_to_gene,,0.500156819820404,0.5008588433265686
MIMAT0001413,PPP1R12B,mir_to_gene,,0.5001144409179688,0.5008769035339355
MIMAT0001413,PPP6C,mir_to_gene,,0.3332575559616089,0.3334414064884186
MIMAT0001413,RNASEH1,mir_to_gene,,0.4998086094856262,0.5004726648330688
MIMAT0001413,RORA,mir_to_gene,,0.33331647515296936,0.33348098397254944
MIMAT0001413,CCL5,mir_to_gene,,0.5000282526016235,0.5005130171775818
MIMAT0001413,E2F2,mir_to_gene,,0.24999186396598816,0.2500356137752533
MIMAT0001413,EFNB2,mir_to_gene,,0.33334752917289734,0.3334640562534332
MIMAT0001413,EIF2S1,mir_to_gene,,0.33334651589393616,0.3335931897163391
MIMAT0001413,KCNMB1,mir_to_gene,,0.4999293386936188,0.500347375869751
MIMAT0001413,BNIP2,mir_to_gene,,0.249944269657135,0.2500767409801483
MIMAT0001413,DUSP2,mir_to_gene,,0.4997515380382538,0.5003904700279236
MIMAT0001413,PKNOX1,mir_to_gene,,0.5000529289245605,0.500566840171814
MIMAT0001413,WIPF2,mir_to_gene,,0.49997782707214355,0.5011237859725952
MIMAT0001413,ANKRD13C,mir_to_gene,,0.5001550912857056,0.5009004473686218
MIMAT0001413,MAPRE3,mir_to_gene,,0.4999620020389557,0.5005305409431458
MIMAT0001413,MFN1,mir_to_gene,,0.5001776814460754,0.5009598731994629
MIMAT0001413,KCND3,mir_to_gene,,0.5002297163009644,0.5009191036224365
MIMAT0001413,ESR1,mir_to_gene,,0.24995708465576172,0.2500297725200653
MIMAT0001413,ORAI2,mir_to_gene,,0.33330169320106506,0.3335829973220825
MIMAT0001413,KATNAL1,mir_to_gene,,0.33332693576812744,0.3335663974285126
MIMAT0001413,YIPF4,mir_to_gene,,0.33332425355911255,0.33353298902511597
MIMAT0001413,GINS4,mir_to_gene,,0.5001220703125,0.5007463097572327
MIMAT0001413,DDI2,mir_to_gene,,0.3332999348640442,0.33353352546691895
MIMAT0001413,PURB,mir_to_gene,,0.4997866153717041,0.5002300143241882
MIMAT0001413,ZNF280B,mir_to_gene,,0.50020831823349,0.5009716153144836
MIMAT0001413,C15orf40,mir_to_gene,,0.49998754262924194,0.5005398392677307
MIMAT0001413,CXorf38,mir_to_gene,,0.3332267999649048,0.33339226245880127
MIMAT0001413,VTI1A,mir_to_gene,,0.4999615550041199,0.500525951385498
MIMAT0001413,ANKS4B,mir_to_gene,,0.5000752210617065,0.5006064176559448
MIMAT0001413,RRN3,mir_to_gene,,0.33333808183670044,0.33367347717285156
MIMAT0001413,ZYG11A,mir_to_gene,,0.5001429915428162,0.5007950663566589
MIMAT0001413,MAPK9,mir_to_gene,,0.33328887820243835,0.3335440158843994
MIMAT0001413,NME6,mir_to_gene,,0.49994444847106934,0.5004903078079224
MIMAT0001413,RUNX3,mir_to_gene,,0.500034511089325,0.5007886290550232
MIMAT0001413,RPS6KA5,mir_to_gene,,0.5001713037490845,0.5008237361907959
MIMAT0001413,SOD2,mir_to_gene,,0.16664856672286987,0.16672223806381226
MIMAT0001413,USP48,mir_to_gene,,0.33329054713249207,0.333469420671463
MIMAT0001413,ALDH9A1,mir_to_gene,,0.5001539587974548,0.5008149147033691
MIMAT0001413,REEP3,mir_to_gene,,0.3332855701446533,0.3335302770137787
MIMAT0001413,AKTIP,mir_to_gene,,0.4999997913837433,0.5007491111755371
MIMAT0001413,FBXO48,mir_to_gene,,0.5001352429389954,0.5005244612693787
MIMAT0001413,COX19,mir_to_gene,,0.500231921672821,0.5006814002990723
MIMAT0001413,GPR155,mir_to_gene,,0.5001988410949707,0.5009148716926575
MIMAT0001413,MUC17,mir_to_gene,,0.500419557094574,0.5012602806091309
MIMAT0001413,CRCP,mir_to_gene,,0.5001763701438904,0.5005468130111694
MIMAT0000076,MGAT4A,mir_to_gene,,0.5002736449241638,0.5009046792984009
MIMAT0000076,ZNF292,mir_to_gene,,0.5002086162567139,0.5007831454277039
MIMAT0000076,PBX1,mir_to_gene,,0.49994632601737976,0.5004514455795288
MIMAT0000076,DDAH1,mir_to_gene,,0.33333635330200195,0.33354049921035767
MIMAT0000076,LMBR1,mir_to_gene,,0.5002626180648804,0.5007014274597168
MIMAT0000076,NT5C2,mir_to_gene,,0.5003370046615601,0.5008161067962646
MIMAT0000076,PHF20L1,mir_to_gene,,0.5002226829528809,0.501137912273407
MIMAT0000076,RSF1,mir_to_gene,,0.5002251267433167,0.5012830495834351
MIMAT0000076,SOX5,mir_to_gene,,0.5000821352005005,0.5007398128509521
MIMAT0000076,LONRF2,mir_to_gene,,0.5001215934753418,0.5007987022399902
MIMAT0000076,RALGPS2,mir_to_gene,,0.5002365112304688,0.5007944703102112
MIMAT0000076,HOXA9,mir_to_gene,,0.49983587861061096,0.5005043148994446
MIMAT0000076,FAM126B,mir_to_gene,,0.5000103712081909,0.5000298023223877
MIMAT0000076,ANKRD46,mir_to_gene,,0.4999582767486572,0.5003846883773804
MIMAT0000076,CKAP5,mir_to_gene,,0.500119686126709,0.5008943676948547
MIMAT0000076,LPGAT1,mir_to_gene,,0.49996310472488403,0.500775158405304
MIMAT0000076,ERP44,mir_to_gene,,0.5001623034477234,0.5007753968238831
MIMAT0000076,DDHD2,mir_to_gene,,0.5003484487533569,0.5008996725082397
MIMAT0000076,SATB1,mir_to_gene,,0.5000681281089783,0.5006964206695557
MIMAT0000076,PPP1R3B,mir_to_gene,,0.5000534653663635,0.5006130337715149
MIMAT0000076,MDM4,mir_to_gene,,0.25008144974708557,0.2501997649669647
MIMAT0000076,DNM1L,mir_to_gene,,0.5002197027206421,0.5008967518806458
MIMAT0000076,NUFIP2,mir_to_gene,,0.2500574290752411,0.25017714500427246
MIMAT0000076,NFIA,mir_to_gene,,0.5003101825714111,0.5010707974433899
MIMAT0000076,FMR1,mir_to_gene,,0.33333820104599,0.3335053622722626
MIMAT0000076,ZNF217,mir_to_gene,,0.5002502202987671,0.5008710622787476
MIMAT0000076,EXOC5,mir_to_gene,,0.5001862049102783,0.5008268356323242
MIMAT0000076,ATF2,mir_to_gene,,0.500207781791687,0.5009631514549255
MIMAT0000076,THBS1,mir_to_gene,,0.5002480745315552,0.500730574131012
MIMAT0000076,EIF4EBP2,mir_to_gene,,0.5001577734947205,0.5006318092346191
MIMAT0000076,B3GNT5,mir_to_gene,,0.49999484419822693,0.5007783770561218
MIMAT0000076,SOCS4,mir_to_gene,,0.5002665519714355,0.5007773041725159
MIMAT0000076,PLAT,mir_to_gene,,0.5001906156539917,0.5006273984909058
MIMAT0000076,BNIP2,mir_to_gene,,0.25006207823753357,0.25014999508857727
MIMAT0000076,OXTR,mir_to_gene,,0.49984270334243774,0.5008794069290161
MIMAT0000076,ATP2B4,mir_to_gene,,0.5001987814903259,0.5008019208908081
MIMAT0000076,ZNF207,mir_to_gene,,0.5000760555267334,0.50114905834198
MIMAT0000271,RLIM,mir_to_gene,,0.500177264213562,0.5006110668182373
MIMAT0000271,HIGD1A,mir_to_gene,,0.5000432729721069,0.5004537105560303
MIMAT0000271,AP2B1,mir_to_gene,,0.5001310706138611,0.5007731318473816
MIMAT0000271,RASSF4,mir_to_gene,,0.49985629320144653,0.5006127953529358
MIMAT0000271,TPM3,mir_to_gene,,0.2500113546848297,0.2501250207424164
MIMAT0000271,AP3M1,mir_to_gene,,0.5001232028007507,0.5008178949356079
MIMAT0000271,ABLIM3,mir_to_gene,,0.5002501010894775,0.5006340742111206
MIMAT0000271,GDPD5,mir_to_gene,,0.5001172423362732,0.500691831111908
MIMAT0000271,FGFR1,mir_to_gene,,0.5002017617225647,0.5007371306419373
MIMAT0000271,BCL2L13,mir_to_gene,,0.5001710057258606,0.5007516741752625
MIMAT0000271,KIF1B,mir_to_gene,,0.33339962363243103,0.3336023688316345
MIMAT0000271,ZNRF1,mir_to_gene,,0.4999731183052063,0.5004057288169861
MIMAT0000271,CTNNB1,mir_to_gene,,0.5000200867652893,0.5005714297294617
MIMAT0000271,MAPK8,mir_to_gene,,0.5000523328781128,0.5006563067436218
MIMAT0000271,UBE2I,mir_to_gene,,0.33339953422546387,0.33364537358283997
MIMAT0000271,SLC39A11,mir_to_gene,,0.33339521288871765,0.33362892270088196
MIMAT0000271,GMEB2,mir_to_gene,,0.5001060962677002,0.5007193088531494
MIMAT0000271,SH3BP4,mir_to_gene,,0.5002947449684143,0.5007843375205994
MIMAT0000271,PSMD10,mir_to_gene,,0.49985140562057495,0.5002782940864563
MIMAT0000271,SCN4B,mir_to_gene,,0.5000832080841064,0.5005632638931274
MIMAT0000271,ERC1,mir_to_gene,,0.3333330750465393,0.3334847390651703
MIMAT0000271,CNNM2,mir_to_gene,,0.5001717209815979,0.500738799571991
MIMAT0000271,MEF2C,mir_to_gene,,0.5001634359359741,0.5006659030914307
MIMAT0000271,GSR,mir_to_gene,,0.5000805258750916,0.500689685344696
MIMAT0000271,CLEC2D,mir_to_gene,,0.5000748038291931,0.5004038214683533
MIMAT0000271,CALU,mir_to_gene,,0.500119686126709,0.5007303953170776
MIMAT0000271,CPD,mir_to_gene,,0.5001696348190308,0.5006619691848755
MIMAT0000271,NFIC,mir_to_gene,,0.500245988368988,0.500872790813446
MIMAT0000271,RAB5B,mir_to_gene,,0.33337414264678955,0.33341366052627563
MIMAT0000271,TBPL1,mir_to_gene,,0.3333677351474762,0.33355700969696045
MIMAT0000271,UBE2V1,mir_to_gene,,0.33333855867385864,0.333528995513916
MIMAT0000271,CDK6,mir_to_gene,,0.20002481341362,0.20007658004760742
MIMAT0000271,TRPS1,mir_to_gene,,0.25000953674316406,0.2500287890434265
MIMAT0000271,PHLPP2,mir_to_gene,,0.3333657681941986,0.33357515931129456
MIMAT0000271,NUFIP2,mir_to_gene,,0.25000911951065063,0.25010910630226135
MIMAT0000271,RASA1,mir_to_gene,,0.3333776593208313,0.3335162103176117
MIMAT0000271,KCTD15,mir_to_gene,,0.33328843116760254,0.3333628475666046
MIMAT0000271,ZBTB8B,mir_to_gene,,0.33339354395866394,0.3335472345352173
MIMAT0000271,PPARGC1B,mir_to_gene,,0.5002061724662781,0.501014769077301
MIMAT0000271,ZBTB33,mir_to_gene,,0.5003138184547424,0.500844419002533
MIMAT0000271,CD180,mir_to_gene,,0.3333732485771179,0.33343106508255005
MIMAT0000271,SUGT1,mir_to_gene,,0.3333021104335785,0.3334874212741852
MIMAT0000271,WASF2,mir_to_gene,,0.5002285242080688,0.5012085437774658
MIMAT0000271,AHSA1,mir_to_gene,,0.49988189339637756,0.5005891919136047
MIMAT0000271,CD274,mir_to_gene,,0.4998643398284912,0.5003854036331177
MIMAT0000271,NRAS,mir_to_gene,,0.5000591278076172,0.5003446340560913
MIMAT0000271,PLXNB1,mir_to_gene,,0.5000108480453491,0.500725269317627
MIMAT0000271,FLOT2,mir_to_gene,,0.4999086260795593,0.5004611611366272
MIMAT0000271,POU4F2,mir_to_gene,,0.49988552927970886,0.5004237294197083
MIMAT0000271,ASH1L,mir_to_gene,,0.5001899600028992,0.5007190108299255
MIMAT0000271,SRD5A3,mir_to_gene,,0.49975109100341797,0.5006785988807678
MIMAT0000271,ALPK2,mir_to_gene,,0.5002937912940979,0.5006414651870728
MIMAT0000271,BAX,mir_to_gene,,0.500055730342865,0.5004305839538574
MIMAT0000271,MAPK14,mir_to_gene,,0.4998995065689087,0.5006081461906433
MIMAT0000271,PGAM4,mir_to_gene,,0.4998699426651001,0.500487208366394
MIMAT0000271,LRTM2,mir_to_gene,,0.4998286962509155,0.5005269646644592
MIMAT0000278,YOD1,mir_to_gene,,0.2500832974910736,0.25018981099128723
MIMAT0000278,SSX2IP,mir_to_gene,,0.5002757906913757,0.5010256767272949
MIMAT0000278,ERBB4,mir_to_gene,,0.5003435611724854,0.5009846091270447
MIMAT0000278,POU3F2,mir_to_gene,,0.4999273717403412,0.5006464123725891
MIMAT0000278,AMMECR1L,mir_to_gene,,0.4999985098838806,0.5006564259529114
MIMAT0000278,CXorf38,mir_to_gene,,0.33343932032585144,0.3336237072944641
MIMAT0000278,TIAM1,mir_to_gene,,0.5003273487091064,0.5008326172828674
MIMAT0000278,ATXN1,mir_to_gene,,0.20005658268928528,0.20018666982650757
MIMAT0000278,MAPK10,mir_to_gene,,0.5002777576446533,0.5009446144104004
MIMAT0000278,VPS53,mir_to_gene,,0.3334857225418091,0.3337346911430359
MIMAT0000278,ZNF275,mir_to_gene,,0.2500777542591095,0.250158429145813
MIMAT0000278,ERC1,mir_to_gene,,0.3334529399871826,0.333741158246994
MIMAT0000278,ZNF652,mir_to_gene,,0.3335023820400238,0.33381208777427673
MIMAT0000278,IQCE,mir_to_gene,,0.5003039240837097,0.5012391805648804
MIMAT0000278,PTPRF,mir_to_gene,,0.5002102851867676,0.5010204911231995
MIMAT0000278,DYRK3,mir_to_gene,,0.5003270506858826,0.5009826421737671
MIMAT0000278,STAMBP,mir_to_gene,,0.5002347230911255,0.5009424686431885
MIMAT0000278,AGAP1,mir_to_gene,,0.33349576592445374,0.33362653851509094
MIMAT0000278,SLC19A3,mir_to_gene,,0.33349111676216125,0.33368492126464844
MIMAT0000278,CABYR,mir_to_gene,,0.3334704339504242,0.33375126123428345
MIMAT0000278,CAMKK1,mir_to_gene,,0.5002658367156982,0.5010713934898376
MIMAT0000278,UBN2,mir_to_gene,,0.3334813416004181,0.33378055691719055
MIMAT0000278,MIDN,mir_to_gene,,0.5001925826072693,0.500975489616394
MIMAT0000278,AKT3,mir_to_gene,,0.3335040807723999,0.3337964415550232
MIMAT0000278,PRDM16,mir_to_gene,,0.5003651976585388,0.5011696219444275
MIMAT0000278,LIMS1,mir_to_gene,,0.4999127984046936,0.50049889087677
MIMAT0000278,MAP3K2,mir_to_gene,,0.33348798751831055,0.3336799442768097
MIMAT0000278,KIT,mir_to_gene,,0.33346056938171387,0.33367863297462463
MIMAT0000278,BRD1,mir_to_gene,,0.5002489686012268,0.5010501742362976
MIMAT0000278,EEF1A1,mir_to_gene,,0.5002230405807495,0.5010363459587097
MIMAT0000278,DKK2,mir_to_gene,,0.4999995231628418,0.5005703568458557
MIMAT0000278,POGZ,mir_to_gene,,0.5002401471138,0.5010305047035217
MIMAT0000278,ANKRD28,mir_to_gene,,0.5002212524414062,0.501008152961731
MIMAT0000278,PHF21A,mir_to_gene,,0.5001717209815979,0.5010679364204407
MIMAT0000278,NDUFS1,mir_to_gene,,0.5002870559692383,0.5010036826133728
MIMAT0000278,BCL2L11,mir_to_gene,,0.2501088082790375,0.2502261698246002
MIMAT0000278,CROT,mir_to_gene,,0.500293493270874,0.5010159015655518
MIMAT0000278,C19orf12,mir_to_gene,,0.499914288520813,0.5004650354385376
MIMAT0000278,TRPS1,mir_to_gene,,0.25009942054748535,0.2502206265926361
MIMAT0000278,GPR107,mir_to_gene,,0.3334865868091583,0.333688348531723
MIMAT0000278,PANK3,mir_to_gene,,0.2501148283481598,0.2502155005931854
MIMAT0000278,TNKS2,mir_to_gene,,0.5001471042633057,0.5008068680763245
MIMAT0000278,NDFIP1,mir_to_gene,,0.5001773834228516,0.5007182955741882
MIMAT0000278,SIRT1,mir_to_gene,,0.2500841021537781,0.25025010108947754
MIMAT0000278,SLC30A7,mir_to_gene,,0.5000886917114258,0.5010378360748291
MIMAT0000278,STMN1,mir_to_gene,,0.5002825260162354,0.5011619329452515
MIMAT0000278,VANGL1,mir_to_gene,,0.5003148317337036,0.5009996891021729
MIMAT0000278,PEG10,mir_to_gene,,0.3334185779094696,0.33371618390083313
MIMAT0000278,FMR1,mir_to_gene,,0.33342912793159485,0.333670973777771
MIMAT0000278,TNFSF10,mir_to_gene,,0.5000513792037964,0.5005607008934021
MIMAT0000278,ARID1A,mir_to_gene,,0.4998171627521515,0.5005638599395752
MIMAT0000278,ZNF236,mir_to_gene,,0.5002739429473877,0.501011848449707
MIMAT0000278,KPNA6,mir_to_gene,,0.3334701657295227,0.33370885252952576
MIMAT0000278,RHOA,mir_to_gene,,0.2501010298728943,0.2502153813838959
MIMAT0000278,HNRNPD,mir_to_gene,,0.33343228697776794,0.3336268961429596
MIMAT0000278,ABLIM1,mir_to_gene,,0.33350899815559387,0.33375582098960876
MIMAT0000278,PPP6C,mir_to_gene,,0.33347010612487793,0.3336728811264038
MIMAT0000278,DENR,mir_to_gene,,0.5002303123474121,0.5008469820022583
MIMAT0000278,SNX4,mir_to_gene,,0.5002021789550781,0.5008978843688965
MIMAT0000278,DDX6,mir_to_gene,,0.5002784729003906,0.5008760690689087
MIMAT0000278,TCEAL1,mir_to_gene,,0.3335154950618744,0.33382031321525574
MIMAT0000278,LRP6,mir_to_gene,,0.33341461420059204,0.3335926830768585
MIMAT0000278,SLC10A7,mir_to_gene,,0.5000287294387817,0.5009552240371704
MIMAT0000278,ESR1,mir_to_gene,,0.2501165270805359,0.25022250413894653
MIMAT0000278,PCDHA3,mir_to_gene,,0.5003307461738586,0.5010031461715698
MIMAT0000278,PCDHAC1,mir_to_gene,,0.5002785325050354,0.5009055733680725
MIMAT0000278,BMF,mir_to_gene,,0.49994203448295593,0.5004199743270874
MIMAT0000278,BRWD1,mir_to_gene,,0.500337541103363,0.501037061214447
MIMAT0000278,RBM33,mir_to_gene,,0.5003075003623962,0.5012498497962952
MIMAT0000278,TMEM183A,mir_to_gene,,0.5000709295272827,0.5008498430252075
MIMAT0000278,SELE,mir_to_gene,,0.5003504753112793,0.5009151697158813
MIMAT0004568,HNRNPA1,mir_to_gene,,0.5000094175338745,0.5007700324058533
MIMAT0004568,SDC4,mir_to_gene,,0.33337175846099854,0.33347928524017334
MIMAT0004568,TMEM101,mir_to_gene,,0.49981367588043213,0.5006387829780579
MIMAT0004568,CKAP2L,mir_to_gene,,0.5001358985900879,0.5008442997932434
MIMAT0004568,VKORC1L1,mir_to_gene,,0.4998355209827423,0.5001945495605469
MIMAT0004568,PGM2L1,mir_to_gene,,0.33340805768966675,0.3335305154323578
MIMAT0004568,MYLK3,mir_to_gene,,0.499991238117218,0.5007272958755493
MIMAT0004568,PRNP,mir_to_gene,,0.3333515524864197,0.33345508575439453
MIMAT0004568,TRAPPC2,mir_to_gene,,0.3334449827671051,0.3335282504558563
MIMAT0004568,RCOR1,mir_to_gene,,0.49997591972351074,0.5006746053695679
MIMAT0004568,RRP15,mir_to_gene,,0.5000783205032349,0.5008097290992737
MIMAT0004568,MRPS16,mir_to_gene,,0.5000046491622925,0.5003700852394104
MIMAT0004568,RPL15,mir_to_gene,,0.4996667504310608,0.5001546144485474
MIMAT0004568,SLC39A10,mir_to_gene,,0.5002422332763672,0.5004869103431702
MIMAT0004568,DSC3,mir_to_gene,,0.5001896619796753,0.5008008480072021
MIMAT0004568,ZBTB8B,mir_to_gene,,0.3333529829978943,0.3334931433200836
MIMAT0004568,CARD8,mir_to_gene,,0.5002859830856323,0.5008613467216492
MIMAT0004568,ABL1,mir_to_gene,,0.5002094507217407,0.5006479620933533
MIMAT0004568,PABPC1,mir_to_gene,,0.5000638365745544,0.5008703470230103
MIMAT0004568,YIPF4,mir_to_gene,,0.3333788812160492,0.3334540128707886
MIMAT0004568,CYP1A2,mir_to_gene,,0.5002421736717224,0.5008459687232971
MIMAT0004568,RPL27A,mir_to_gene,,0.4998299181461334,0.5002464056015015
MIMAT0004568,ZNF749,mir_to_gene,,0.5002343654632568,0.5005729794502258
MIMAT0000279,TRAT1,mir_to_gene,,0.5001609325408936,0.500568151473999
MIMAT0000279,GPR107,mir_to_gene,,0.33327516913414,0.3334270715713501
MIMAT0000279,LGALS3BP,mir_to_gene,,0.5002577900886536,0.5009106397628784
MIMAT0000279,SOD2,mir_to_gene,,0.16665276885032654,0.16668939590454102
MIMAT0000279,GNAI3,mir_to_gene,,0.5000474452972412,0.5007727146148682
MIMAT0000279,KPNA6,mir_to_gene,,0.3332655727863312,0.3334037661552429
MIMAT0000279,TOP3A,mir_to_gene,,0.5001946091651917,0.500907301902771
MIMAT0000279,ZNF131,mir_to_gene,,0.5002124905586243,0.5008828043937683
MIMAT0000279,TRMT5,mir_to_gene,,0.5002318620681763,0.5009869337081909
MIMAT0000279,ABCG2,mir_to_gene,,0.5002607107162476,0.5009029507637024
MIMAT0000279,TMCC1,mir_to_gene,,0.500140368938446,0.5007308125495911
MIMAT0000279,GRB10,mir_to_gene,,0.5001779198646545,0.5007144212722778
MIMAT0000279,SPTBN2,mir_to_gene,,0.5001434087753296,0.5007425546646118
MIMAT0000279,FBXO21,mir_to_gene,,0.3333689570426941,0.33348599076271057
MIMAT0000279,SMAD5,mir_to_gene,,0.5001956820487976,0.5007858872413635
MIMAT0000279,PPP2R2A,mir_to_gene,,0.3333633244037628,0.33354809880256653
MIMAT0000279,AKT3,mir_to_gene,,0.3332947790622711,0.3334912955760956
MIMAT0000279,ZNF652,mir_to_gene,,0.3332982063293457,0.3335069417953491
MIMAT0000279,SMARCA4,mir_to_gene,,0.4999637305736542,0.5008982419967651
MIMAT0000279,MGAT4B,mir_to_gene,,0.5002543926239014,0.5009378790855408
MIMAT0000279,SLC19A3,mir_to_gene,,0.33327966928482056,0.3334425985813141
MIMAT0000279,OSBPL10,mir_to_gene,,0.5001583099365234,0.5006518959999084
MIMAT0000279,CABYR,mir_to_gene,,0.3332590162754059,0.3334461450576782
MIMAT0000279,UBN2,mir_to_gene,,0.33327716588974,0.3334754407405853
MIMAT0000279,UBR7,mir_to_gene,,0.5002005696296692,0.5007244944572449
MIMAT0000279,ZNF714,mir_to_gene,,0.5002153515815735,0.5008750557899475
MIMAT0000279,APP,mir_to_gene,,0.3333420753479004,0.33351850509643555
MIMAT0000279,ZMYND11,mir_to_gene,,0.3333355784416199,0.33349764347076416
MIMAT0000279,EIF3I,mir_to_gene,,0.4999754726886749,0.5006754994392395
MIMAT0000279,DICER1,mir_to_gene,,0.3333321809768677,0.3335067927837372
MIMAT0000279,ZFYVE16,mir_to_gene,,0.5003690123558044,0.5008295178413391
MIMAT0000279,LUC7L2,mir_to_gene,,0.5000202655792236,0.5006695985794067
MIMAT0000279,TRIM44,mir_to_gene,,0.5001633167266846,0.5007559657096863
MIMAT0000279,PGPEP1,mir_to_gene,,0.49998345971107483,0.5004979968070984
MIMAT0000279,WDR6,mir_to_gene,,0.5001180768013,0.5009415149688721
MIMAT0000279,NLE1,mir_to_gene,,0.5001492500305176,0.5010502934455872
MIMAT0000279,DDX21,mir_to_gene,,0.5001842975616455,0.5010594725608826
MIMAT0000279,CDK6,mir_to_gene,,0.19997423887252808,0.20001614093780518
MIMAT0000279,MDM2,mir_to_gene,,0.3333679735660553,0.3336446285247803
MIMAT0000279,SLC35A2,mir_to_gene,,0.49987614154815674,0.5012070536613464
MIMAT0000279,TRPS1,mir_to_gene,,0.24994632601737976,0.2500333786010742
MIMAT0000279,TLE3,mir_to_gene,,0.5001806616783142,0.5008228421211243
MIMAT0000279,SERTAD4,mir_to_gene,,0.49996885657310486,0.5006579160690308
MIMAT0000279,STOX2,mir_to_gene,,0.5002959966659546,0.5012006759643555
MIMAT0000279,NFS1,mir_to_gene,,0.5000489354133606,0.50076824426651
MIMAT0000279,RECK,mir_to_gene,,0.5002388954162598,0.5007818937301636
MIMAT0000279,PELI2,mir_to_gene,,0.5000423789024353,0.5008336901664734
MIMAT0000279,CSNK1G1,mir_to_gene,,0.5000970959663391,0.5007595419883728
MIMAT0000279,HIPK2,mir_to_gene,,0.5002750754356384,0.5008456110954285
MIMAT0000279,PHACTR4,mir_to_gene,,0.5003043413162231,0.5015096664428711
MIMAT0000279,PANK3,mir_to_gene,,0.24996167421340942,0.250021755695343
MIMAT0000279,DOCK5,mir_to_gene,,0.500238835811615,0.5008069276809692
MIMAT0000279,FBXL18,mir_to_gene,,0.5001709461212158,0.500853955745697
MIMAT0000279,ZNF772,mir_to_gene,,0.5001101493835449,0.5005314350128174
MIMAT0000279,ZNF805,mir_to_gene,,0.19999092817306519,0.20001628994941711
MIMAT0000279,COG5,mir_to_gene,,0.5001006722450256,0.5007210373878479
MIMAT0000279,KIF3B,mir_to_gene,,0.5001647472381592,0.5008055567741394
MIMAT0000279,SART1,mir_to_gene,,0.500145673751831,0.5009335279464722
MIMAT0000279,SS18,mir_to_gene,,0.49963319301605225,0.5001767873764038
MIMAT0000279,DCAF7,mir_to_gene,,0.4998818039894104,0.5007684230804443
MIMAT0000279,CAPRIN1,mir_to_gene,,0.33331844210624695,0.33354395627975464
MIMAT0000279,POLE,mir_to_gene,,0.5002806782722473,0.5010009407997131
MIMAT0000279,RNPS1,mir_to_gene,,0.5000738501548767,0.5010066628456116
MIMAT0000279,ABLIM1,mir_to_gene,,0.3332975506782532,0.33345070481300354
MIMAT0000279,QKI,mir_to_gene,,0.49980103969573975,0.5006585717201233
MIMAT0000279,CPSF6,mir_to_gene,,0.5001269578933716,0.5009085536003113
MIMAT0000279,FICD,mir_to_gene,,0.5001334547996521,0.5007493495941162
MIMAT0000279,VCP,mir_to_gene,,0.5002204775810242,0.5009821653366089
MIMAT0000279,SF3B3,mir_to_gene,,0.2499895691871643,0.25004440546035767
MIMAT0000279,LRP10,mir_to_gene,,0.5001845359802246,0.5008468627929688
MIMAT0000279,ZNF770,mir_to_gene,,0.5001665353775024,0.5008464455604553
MIMAT0000279,HNRNPD,mir_to_gene,,0.33322086930274963,0.333362340927124
MIMAT0000279,MGMT,mir_to_gene,,0.4998074769973755,0.5003432631492615
MIMAT0000279,PBX2,mir_to_gene,,0.49998217821121216,0.5005687475204468
MIMAT0000279,RBMS2,mir_to_gene,,0.49996596574783325,0.50096595287323
MIMAT0000279,SORT1,mir_to_gene,,0.5002982020378113,0.5010241866111755
MIMAT0000279,EIF2S1,mir_to_gene,,0.3333548903465271,0.3335196375846863
MIMAT0000279,SDHA,mir_to_gene,,0.500118613243103,0.500820517539978
MIMAT0000279,ZW10,mir_to_gene,,0.5002415776252747,0.5009414553642273
MIMAT0000279,PIWIL1,mir_to_gene,,0.5001699924468994,0.5007222890853882
MIMAT0000279,TCEAL1,mir_to_gene,,0.33333075046539307,0.33351513743400574
MIMAT0000279,BBC3,mir_to_gene,,0.4996221661567688,0.500525951385498
MIMAT0000279,TOM1,mir_to_gene,,0.5001828670501709,0.5008512735366821
MIMAT0000279,FYTTD1,mir_to_gene,,0.4996884763240814,0.5006186366081238
MIMAT0000279,ZBTB37,mir_to_gene,,0.25001904368400574,0.25010669231414795
MIMAT0000279,CBX2,mir_to_gene,,0.5001629590988159,0.5008335709571838
MIMAT0000279,C18orf25,mir_to_gene,,0.5000015497207642,0.5000106692314148
MIMAT0000279,CDKL5,mir_to_gene,,0.5002084970474243,0.5007473230361938
MIMAT0000279,ESR1,mir_to_gene,,0.24996338784694672,0.2500162720680237
MIMAT0000279,UBIAD1,mir_to_gene,,0.499834805727005,0.5009992718696594
MIMAT0000279,TIMM50,mir_to_gene,,0.33324918150901794,0.3333868384361267
MIMAT0000279,RNF215,mir_to_gene,,0.4997430443763733,0.5008623003959656
MIMAT0000279,TP53BP2,mir_to_gene,,0.5000846982002258,0.5007883310317993
MIMAT0004501,POLL,mir_to_gene,,0.5001789331436157,0.5007888078689575
MIMAT0004501,ADD1,mir_to_gene,,0.5002111196517944,0.500799834728241
MIMAT0004501,SPIN3,mir_to_gene,,0.5000772476196289,0.5007472634315491
MIMAT0004501,PPARA,mir_to_gene,,0.3333960473537445,0.3336470127105713
MIMAT0004501,UFM1,mir_to_gene,,0.5001664757728577,0.5006252527236938
MIMAT0004501,EGFR,mir_to_gene,,0.33338552713394165,0.3335428833961487
MIMAT0004501,NPTX1,mir_to_gene,,0.5000496506690979,0.5007693767547607
MIMAT0004501,STX7,mir_to_gene,,0.4999047815799713,0.5004761219024658
MIMAT0004501,CLEC4E,mir_to_gene,,0.5001621842384338,0.5005264282226562
MIMAT0004501,UBXN2B,mir_to_gene,,0.33336105942726135,0.33360663056373596
MIMAT0004504,NLGN1,mir_to_gene,,0.5001674890518188,0.5008604526519775
MIMAT0004504,CBX3,mir_to_gene,,0.5002025365829468,0.5009905099868774
MIMAT0004504,FRS2,mir_to_gene,,0.5002100467681885,0.500945508480072
MIMAT0004504,SLC38A1,mir_to_gene,,0.5002833604812622,0.5010195970535278
MIMAT0004504,INHBA,mir_to_gene,,0.5000911951065063,0.5007015466690063
MIMAT0004504,E2F2,mir_to_gene,,0.2499990165233612,0.2501656711101532
MIMAT0004504,RHOA,mir_to_gene,,0.24994872510433197,0.25010594725608826
MIMAT0004504,DCK,mir_to_gene,,0.5000413060188293,0.5006116032600403
MIMAT0000089,OTUD4,mir_to_gene,,0.5001964569091797,0.500895619392395
MIMAT0000089,PHLDA1,mir_to_gene,,0.4997222423553467,0.5005477070808411
MIMAT0000089,BAHD1,mir_to_gene,,0.5001266002655029,0.501036524772644
MIMAT0000089,NPM1,mir_to_gene,,0.5001486539840698,0.5008856654167175
MIMAT0000089,RPL7L1,mir_to_gene,,0.4998873174190521,0.5006644129753113
MIMAT0000089,ZNF275,mir_to_gene,,0.24998122453689575,0.25002649426460266
MIMAT0000089,SLC1A2,mir_to_gene,,0.5001869201660156,0.5008546113967896
MIMAT0000089,SRC,mir_to_gene,,0.5001763105392456,0.5008299946784973
MIMAT0000089,MYO1D,mir_to_gene,,0.5001999139785767,0.5009333491325378
MIMAT0000089,ZNF331,mir_to_gene,,0.5001562237739563,0.5006389617919922
MIMAT0000089,RPS4Y1,mir_to_gene,,0.4999295175075531,0.5006790161132812
MIMAT0000089,SATB2,mir_to_gene,,0.5000820159912109,0.5008665323257446
MIMAT0000089,SPRED1,mir_to_gene,,0.5002773404121399,0.5008836388587952
MIMAT0000089,IL5RA,mir_to_gene,,0.5001562833786011,0.5008254051208496
MIMAT0000089,NF2,mir_to_gene,,0.5001376867294312,0.501283586025238
MIMAT0000089,RAB27A,mir_to_gene,,0.4999980330467224,0.5003628134727478
MIMAT0000089,CXCL12,mir_to_gene,,0.49994128942489624,0.5002023577690125
MIMAT0000089,NDFIP2,mir_to_gene,,0.49982091784477234,0.5005935430526733
MIMAT0000089,SRPX2,mir_to_gene,,0.5001354813575745,0.5007535815238953
MIMAT0000089,SERTAD2,mir_to_gene,,0.3333691954612732,0.33358079195022583
MIMAT0000089,KLHDC10,mir_to_gene,,0.49996358156204224,0.5006388425827026
MIMAT0000089,XPO6,mir_to_gene,,0.5002542734146118,0.5010184049606323
MIMAT0000089,INTU,mir_to_gene,,0.5002651214599609,0.5009301900863647
MIMAT0000089,HIF1AN,mir_to_gene,,0.33338025212287903,0.33355894684791565
MIMAT0000089,UBA6,mir_to_gene,,0.5002422332763672,0.5009412169456482
MIMAT0000089,CCNT1,mir_to_gene,,0.33337321877479553,0.33358559012413025
MIMAT0000089,RDX,mir_to_gene,,0.500130832195282,0.5012686252593994
MIMAT0000089,JARID2,mir_to_gene,,0.5001558661460876,0.5009256601333618
MIMAT0000089,ARPC5,mir_to_gene,,0.49999725818634033,0.5003247857093811
MIMAT0000089,STK40,mir_to_gene,,0.5000802874565125,0.5006157755851746
MIMAT0000089,RASA1,mir_to_gene,,0.33336877822875977,0.3335966169834137
MIMAT0000089,SFXN1,mir_to_gene,,0.4997633993625641,0.5007469654083252
MIMAT0000089,EDC3,mir_to_gene,,0.5001872777938843,0.500817596912384
MIMAT0000089,ETS1,mir_to_gene,,0.5002889633178711,0.5009235143661499
MIMAT0000089,ZNF805,mir_to_gene,,0.20002040266990662,0.20007067918777466
MIMAT0000089,CDK1,mir_to_gene,,0.4999742805957794,0.5006114840507507
MIMAT0000089,SP7,mir_to_gene,,0.5000808238983154,0.5006506443023682
MIMAT0000089,PPP2R2A,mir_to_gene,,0.3334106206893921,0.3336772322654724
MIMAT0000089,CASR,mir_to_gene,,0.500257670879364,0.5009044408798218
MIMAT0000089,SMAD4,mir_to_gene,,0.2500765323638916,0.2501510679721832
MIMAT0000089,MMP16,mir_to_gene,,0.5002967119216919,0.501081109046936
MIMAT0000089,GNA13,mir_to_gene,,0.33332616090774536,0.33338671922683716
MIMAT0000089,NFAT5,mir_to_gene,,0.2000272274017334,0.20010969042778015
MIMAT0000089,NUDT3,mir_to_gene,,0.33342981338500977,0.3335757553577423
MIMAT0000089,FRK,mir_to_gene,,0.5002113580703735,0.5008618831634521
MIMAT0000089,SDC4,mir_to_gene,,0.33339184522628784,0.3336137533187866
MIMAT0000089,SOX4,mir_to_gene,,0.33343008160591125,0.3335334360599518
MIMAT0000089,E2F2,mir_to_gene,,0.2500547766685486,0.25015679001808167
MIMAT0000089,ABCB9,mir_to_gene,,0.5002113580703735,0.5008136034011841
MIMAT0000089,QSER1,mir_to_gene,,0.5002168416976929,0.5007878541946411
MIMAT0000089,NFATC2IP,mir_to_gene,,0.5001245141029358,0.5008734464645386
MIMAT0000089,PPM1L,mir_to_gene,,0.5000633597373962,0.5006662011146545
MIMAT0000089,PPIL2,mir_to_gene,,0.5002223253250122,0.5010120868682861
MIMAT0000089,RHOA,mir_to_gene,,0.25000447034835815,0.2500523626804352
MIMAT0000089,NFE2L1,mir_to_gene,,0.5003431439399719,0.5008565783500671
MIMAT0000089,AR,mir_to_gene,,0.4999200701713562,0.5003476142883301
MIMAT0000089,RPL37A,mir_to_gene,,0.5001620650291443,0.5004975199699402
MIMAT0000089,MXRA7,mir_to_gene,,0.500121533870697,0.501063346862793
MIMAT0000089,TNRC6B,mir_to_gene,,0.3334147334098816,0.333577036857605
MIMAT0000255,CAPRIN1,mir_to_gene,,0.333426296710968,0.3335680067539215
MIMAT0000255,VAV3,mir_to_gene,,0.5002756118774414,0.5008640289306641
MIMAT0000255,SUGT1,mir_to_gene,,0.3333436846733093,0.3334658443927765
MIMAT0000255,HDLBP,mir_to_gene,,0.5001946687698364,0.5009638071060181
MIMAT0000255,GNPDA1,mir_to_gene,,0.500049889087677,0.5007195472717285
MIMAT0000255,PLA2G2D,mir_to_gene,,0.5000821948051453,0.5007577538490295
MIMAT0000255,CDC23,mir_to_gene,,0.500220000743866,0.5008977055549622
MIMAT0000255,NLRC5,mir_to_gene,,0.5002293586730957,0.5009130835533142
MIMAT0000255,CPT2,mir_to_gene,,0.5002999305725098,0.5010647177696228
MIMAT0000255,ADARB1,mir_to_gene,,0.5002884268760681,0.5009457468986511
MIMAT0000255,CAMTA1,mir_to_gene,,0.33346080780029297,0.33352363109588623
MIMAT0000255,CFLAR,mir_to_gene,,0.5002930760383606,0.5008985996246338
MIMAT0000255,GAPVD1,mir_to_gene,,0.5002586245536804,0.5007506012916565
MIMAT0000255,OPA1,mir_to_gene,,0.5002954006195068,0.5008751749992371
MIMAT0000255,CD40,mir_to_gene,,0.33338838815689087,0.33350250124931335
MIMAT0000255,ERLIN2,mir_to_gene,,0.4999036490917206,0.5006506443023682
MIMAT0000255,HMGB1,mir_to_gene,,0.333442360162735,0.3336101770401001
MIMAT0000255,SYNGR2,mir_to_gene,,0.49994200468063354,0.5008468627929688
MIMAT0000255,AXIN2,mir_to_gene,,0.5003377199172974,0.5008378624916077
MIMAT0000255,CLTB,mir_to_gene,,0.49999091029167175,0.5004865527153015
MIMAT0000255,NUP98,mir_to_gene,,0.5003753900527954,0.5012081861495972
MIMAT0000255,ITGA6,mir_to_gene,,0.5002562999725342,0.5011443495750427
MIMAT0000255,TPM1,mir_to_gene,,0.5000351667404175,0.5007225871086121
MIMAT0000255,POU2F1,mir_to_gene,,0.33342069387435913,0.33346763253211975
MIMAT0000255,LARP1,mir_to_gene,,0.500184178352356,0.5009365677833557
MIMAT0000255,CDON,mir_to_gene,,0.5002153515815735,0.501154363155365
MIMAT0000255,ANKS1A,mir_to_gene,,0.5002138614654541,0.5008166432380676
MIMAT0000255,CASP6,mir_to_gene,,0.5000655651092529,0.5007041096687317
MIMAT0000255,G3BP2,mir_to_gene,,0.2500217854976654,0.2500394880771637
MIMAT0000255,CDC25C,mir_to_gene,,0.5003451704978943,0.5008189678192139
MIMAT0000255,KCNH1,mir_to_gene,,0.5003409385681152,0.5011281967163086
MIMAT0000255,MKLN1,mir_to_gene,,0.5003734827041626,0.500947117805481
MIMAT0000255,AKT1,mir_to_gene,,0.5002899169921875,0.5009014010429382
MIMAT0000255,ADNP,mir_to_gene,,0.5002054572105408,0.5009391903877258
MIMAT0000255,PPARA,mir_to_gene,,0.33338257670402527,0.333519846200943
MIMAT0000255,CCNL1,mir_to_gene,,0.19999997317790985,0.20002396404743195
MIMAT0000255,RBM12,mir_to_gene,,0.5001158714294434,0.5008543133735657
MIMAT0000255,TMEM167A,mir_to_gene,,0.25002598762512207,0.25006866455078125
MIMAT0000255,FUT8,mir_to_gene,,0.5002577304840088,0.5008329153060913
MIMAT0000255,SPTBN1,mir_to_gene,,0.5002126693725586,0.5008816719055176
MIMAT0000255,APAF1,mir_to_gene,,0.5003204345703125,0.5010021924972534
MIMAT0000255,SYNE2,mir_to_gene,,0.5003167390823364,0.5009000897407532
MIMAT0000255,BIRC3,mir_to_gene,,0.500325083732605,0.5008591413497925
MIMAT0000255,ZDHHC16,mir_to_gene,,0.4998379051685333,0.5009570121765137
MIMAT0000255,DIABLO,mir_to_gene,,0.5000025033950806,0.5004175305366516
MIMAT0000255,NDRG1,mir_to_gene,,0.4999755620956421,0.5008351802825928
MIMAT0000255,TRAF3,mir_to_gene,,0.5002586245536804,0.5007849931716919
MIMAT0000255,IRGQ,mir_to_gene,,0.5000189542770386,0.5008201599121094
MIMAT0000255,EXT2,mir_to_gene,,0.5002439022064209,0.5010766983032227
MIMAT0000255,MTAP,mir_to_gene,,0.500013530254364,0.5005990862846375
MIMAT0000255,TMOD2,mir_to_gene,,0.4999620318412781,0.5006428956985474
MIMAT0000255,BCLAF1,mir_to_gene,,0.5003520846366882,0.5008492469787598
MIMAT0000255,RNF40,mir_to_gene,,0.5001614689826965,0.5007278919219971
MIMAT0000255,MTMR9,mir_to_gene,,0.5002942681312561,0.5008790493011475
MIMAT0000255,GIGYF2,mir_to_gene,,0.5003198981285095,0.5010847449302673
MIMAT0000255,GDE1,mir_to_gene,,0.4999904930591583,0.5009178519248962
MIMAT0000255,FIGN,mir_to_gene,,0.5002490878105164,0.5010521411895752
MIMAT0000255,POLR3E,mir_to_gene,,0.5002279877662659,0.5007823705673218
MIMAT0000255,TGIF2,mir_to_gene,,0.5000077486038208,0.5006537437438965
MIMAT0000255,CD44,mir_to_gene,,0.3334731459617615,0.33355364203453064
MIMAT0000255,VEGFA,mir_to_gene,,0.3333328366279602,0.33342862129211426
MIMAT0000255,CASP10,mir_to_gene,,0.5002688765525818,0.5008063316345215
MIMAT0000255,KIF2A,mir_to_gene,,0.5002474188804626,0.5008659362792969
MIMAT0000255,CDK6,mir_to_gene,,0.20003898441791534,0.2000846117734909
MIMAT0000255,TFAM,mir_to_gene,,0.3333442807197571,0.33350488543510437
MIMAT0000255,YOD1,mir_to_gene,,0.2500110864639282,0.25003018975257874
MIMAT0000255,GANAB,mir_to_gene,,0.33340853452682495,0.3335021734237671
MIMAT0000255,FAM104A,mir_to_gene,,0.5000098943710327,0.5000225901603699
MIMAT0000255,CYCS,mir_to_gene,,0.3334414064884186,0.3335075378417969
MIMAT0000255,PPP1R11,mir_to_gene,,0.2500145733356476,0.25002214312553406
MIMAT0000255,NUCKS1,mir_to_gene,,0.25004085898399353,0.2501329481601715
MIMAT0000255,ACSL4,mir_to_gene,,0.5003334283828735,0.5009591579437256
MIMAT0000255,WDR77,mir_to_gene,,0.4999545216560364,0.5010161995887756
MIMAT0000255,MAP4,mir_to_gene,,0.5003390312194824,0.5012916326522827
MIMAT0000255,SIRT1,mir_to_gene,,0.2500118613243103,0.25003936886787415
MIMAT0000255,PLIN3,mir_to_gene,,0.5000591278076172,0.5009035468101501
MIMAT0000255,RRM2,mir_to_gene,,0.5001428127288818,0.5008346438407898
MIMAT0000255,LEF1,mir_to_gene,,0.500006914138794,0.5007001757621765
MIMAT0000255,XIAP,mir_to_gene,,0.5002909302711487,0.5008373856544495
MIMAT0000255,PEG10,mir_to_gene,,0.3333294987678528,0.33343514800071716
MIMAT0000255,GYG1,mir_to_gene,,0.5000916719436646,0.5012274384498596
MIMAT0000255,FOSL1,mir_to_gene,,0.49996158480644226,0.5007724165916443
MIMAT0000255,DNAJB6,mir_to_gene,,0.33335286378860474,0.3334312438964844
MIMAT0000255,UST,mir_to_gene,,0.500097930431366,0.5007774829864502
MIMAT0000255,CCT3,mir_to_gene,,0.500258207321167,0.5009317398071289
MIMAT0000255,PDGFRA,mir_to_gene,,0.5003528594970703,0.5008563995361328
MIMAT0000255,RRAS,mir_to_gene,,0.4998960793018341,0.5004879236221313
MIMAT0000255,ERLIN1,mir_to_gene,,0.49987709522247314,0.5007118582725525
MIMAT0000255,SNTB2,mir_to_gene,,0.49964451789855957,0.5002099871635437
MIMAT0000255,BRCA1,mir_to_gene,,0.33343788981437683,0.3335553705692291
MIMAT0000255,RAB3GAP2,mir_to_gene,,0.500224232673645,0.5009250640869141
MIMAT0000255,SF3B3,mir_to_gene,,0.2500705122947693,0.2501399517059326
MIMAT0000255,AKR1B1,mir_to_gene,,0.4999140202999115,0.500698447227478
MIMAT0000255,GATA4,mir_to_gene,,0.49992290139198303,0.5009472370147705
MIMAT0000255,CXCL9,mir_to_gene,,0.5000958442687988,0.5003098845481873
MIMAT0000255,CCL22,mir_to_gene,,0.5000110268592834,0.5004644989967346
MIMAT0000255,YY1,mir_to_gene,,0.3333725929260254,0.3335391879081726
MIMAT0000255,PDXK,mir_to_gene,,0.49977338314056396,0.5004858374595642
MIMAT0000255,PEA15,mir_to_gene,,0.5004024505615234,0.5010143518447876
MIMAT0000255,HRK,mir_to_gene,,0.4996124505996704,0.5001994967460632
MIMAT0000255,TNFRSF10A,mir_to_gene,,0.5000699758529663,0.5008075833320618
MIMAT0000255,BCL10,mir_to_gene,,0.5001522302627563,0.500617265701294
MIMAT0000255,CDKN1B,mir_to_gene,,0.49994656443595886,0.5005195736885071
MIMAT0000255,BNIP2,mir_to_gene,,0.2500314712524414,0.25005146861076355
MIMAT0000255,EFNB1,mir_to_gene,,0.33340737223625183,0.33347195386886597
MIMAT0000255,PKP2,mir_to_gene,,0.5001548528671265,0.5008932948112488
MIMAT0000255,STX1A,mir_to_gene,,0.5000880360603333,0.5007709860801697
MIMAT0000255,TSN,mir_to_gene,,0.5000179409980774,0.5005761384963989
MIMAT0000255,TOMM40,mir_to_gene,,0.49986475706100464,0.5010546445846558
MIMAT0000255,RBCK1,mir_to_gene,,0.5001552104949951,0.5006876587867737
MIMAT0000255,EDEM3,mir_to_gene,,0.500313401222229,0.5009941458702087
MIMAT0000255,ZSWIM7,mir_to_gene,,0.5000999569892883,0.500499963760376
MIMAT0000255,UBXN2B,mir_to_gene,,0.33331960439682007,0.33342602849006653
MIMAT0000255,E2F5,mir_to_gene,,0.33338552713394165,0.3334583342075348
MIMAT0000255,RNF169,mir_to_gene,,0.5001800060272217,0.5009235739707947
MIMAT0000255,BCL2A1,mir_to_gene,,0.5001397132873535,0.5004855394363403
MIMAT0000255,AIFM1,mir_to_gene,,0.5001789331436157,0.5010058283805847
MIMAT0000255,DDAH1,mir_to_gene,,0.3333416283130646,0.33354076743125916
MIMAT0000255,ALS2,mir_to_gene,,0.500191867351532,0.5008528232574463
MIMAT0000255,LLPH,mir_to_gene,,0.33338168263435364,0.3335321545600891
MIMAT0000255,MBD6,mir_to_gene,,0.5001227855682373,0.5008769631385803
MIMAT0000255,FKBP1B,mir_to_gene,,0.5001640319824219,0.5005462169647217
MIMAT0000255,TPCN2,mir_to_gene,,0.500263512134552,0.5011311173439026
MIMAT0000255,GDF5,mir_to_gene,,0.500180721282959,0.5008885860443115
MIMAT0000255,MOV10,mir_to_gene,,0.5003045797348022,0.5008682012557983
MIMAT0000255,CD70,mir_to_gene,,0.49985867738723755,0.5002501010894775
MIMAT0000255,TNF,mir_to_gene,,0.49989962577819824,0.5005925297737122
MIMAT0000255,POLR2A,mir_to_gene,,0.5002474784851074,0.5008113980293274
MIMAT0000255,RPL37,mir_to_gene,,0.5000725984573364,0.5003793239593506
MIMAT0000255,REEP3,mir_to_gene,,0.3334113657474518,0.33348074555397034
MIMAT0000255,BIRC5,mir_to_gene,,0.5002838373184204,0.5010366439819336
MIMAT0000255,PODXL,mir_to_gene,,0.3334265947341919,0.33356839418411255
MIMAT0000255,TGFBR2,mir_to_gene,,0.5003520250320435,0.5009111762046814
MIMAT0000255,C18orf32,mir_to_gene,,0.3334437608718872,0.33349838852882385
MIMAT0000707,SHE,mir_to_gene,,0.5000845193862915,0.5005871057510376
MIMAT0000707,ZNF460,mir_to_gene,,0.5002039670944214,0.5005490779876709
MIMAT0000707,FNIP1,mir_to_gene,,0.500303328037262,0.5007784962654114
MIMAT0000707,MDM2,mir_to_gene,,0.33342164754867554,0.3335285484790802
MIMAT0000707,FBXW2,mir_to_gene,,0.5002788305282593,0.5011324286460876
MIMAT0000707,GGCX,mir_to_gene,,0.5002604722976685,0.5010822415351868
MIMAT0000707,ZNF417,mir_to_gene,,0.5001491904258728,0.500523030757904
MIMAT0000707,IL6ST,mir_to_gene,,0.5003128051757812,0.500963568687439
MIMAT0000707,CYP20A1,mir_to_gene,,0.500207781791687,0.5008213520050049
MIMAT0000707,AURKA,mir_to_gene,,0.499875545501709,0.5005914568901062
MIMAT0000707,NUP43,mir_to_gene,,0.5000219941139221,0.5009047389030457
MIMAT0000707,TXLNA,mir_to_gene,,0.5000624060630798,0.5006505846977234
MIMAT0000707,KCNC4,mir_to_gene,,0.5002424716949463,0.5008151531219482
MIMAT0000707,ZBTB34,mir_to_gene,,0.3333641588687897,0.3334537744522095
MIMAT0000707,SUPT7L,mir_to_gene,,0.5000460743904114,0.5005100965499878
MIMAT0000707,PHLPP2,mir_to_gene,,0.3333888351917267,0.33359262347221375
MIMAT0000707,ZDHHC5,mir_to_gene,,0.5002663135528564,0.5008366703987122
MIMAT0000707,CYTH2,mir_to_gene,,0.49998414516448975,0.5005077123641968
MIMAT0000707,ESRP1,mir_to_gene,,0.500201404094696,0.5007133483886719
MIMAT0000707,UHRF1BP1,mir_to_gene,,0.5000002384185791,0.5000174641609192
MIMAT0000707,G2E3,mir_to_gene,,0.5002334713935852,0.5006495118141174
MIMAT0000707,TMEM33,mir_to_gene,,0.49986135959625244,0.5006611347198486
MIMAT0000707,SLC25A36,mir_to_gene,,0.49979016184806824,0.5005624294281006
MIMAT0000707,ORAI2,mir_to_gene,,0.33333513140678406,0.3333720266819
MIMAT0000707,RRN3,mir_to_gene,,0.333407998085022,0.33357828855514526
MIMAT0000707,NUFIP2,mir_to_gene,,0.2499828189611435,0.2501252591609955
MIMAT0000707,NUCKS1,mir_to_gene,,0.2499995082616806,0.25003179907798767
MIMAT0000707,TEF,mir_to_gene,,0.49992048740386963,0.5006661415100098
MIMAT0000707,LHFPL2,mir_to_gene,,0.4999414384365082,0.5006096959114075
MIMAT0000707,AKAP10,mir_to_gene,,0.5002332329750061,0.5006852149963379
MIMAT0000707,SOX11,mir_to_gene,,0.5001717805862427,0.5007694959640503
MIMAT0000707,ZNF157,mir_to_gene,,0.5001879930496216,0.5004960298538208
MIMAT0000707,KIF5B,mir_to_gene,,0.5002102851867676,0.5006456971168518
MIMAT0000707,GCNT3,mir_to_gene,,0.5000488758087158,0.5008466839790344
MIMAT0000707,SPRYD4,mir_to_gene,,0.49991050362586975,0.5006148219108582
MIMAT0000707,HOXA13,mir_to_gene,,0.49969685077667236,0.500709056854248
MIMAT0000707,CNOT4,mir_to_gene,,0.5002204775810242,0.5007376074790955
MIMAT0000733,LNPEP,mir_to_gene,,0.3333408236503601,0.3334940969944
MIMAT0000733,RBM12B,mir_to_gene,,0.33340364694595337,0.3335217535495758
MIMAT0000733,TSC22D2,mir_to_gene,,0.25000321865081787,0.250029593706131
MIMAT0000733,DNAL1,mir_to_gene,,0.33340153098106384,0.3335515558719635
MIMAT0000733,MDM4,mir_to_gene,,0.24999506771564484,0.2501165270805359
MIMAT0000733,TRIM13,mir_to_gene,,0.5001811981201172,0.5007363557815552
MIMAT0000733,MTRF1L,mir_to_gene,,0.49986791610717773,0.5004439949989319
MIMAT0000733,TM2D2,mir_to_gene,,0.33330467343330383,0.33333972096443176
MIMAT0001631,IL6R,mir_to_gene,,0.5000838041305542,0.5008692741394043
MIMAT0002177,FOXP1,mir_to_gene,,0.333357036113739,0.3335569500923157
MIMAT0002177,CD40,mir_to_gene,,0.3333297371864319,0.33354851603507996
MIMAT0002177,SMAD2,mir_to_gene,,0.3333788812160492,0.33346477150917053
MIMAT0002177,G3BP2,mir_to_gene,,0.2500268220901489,0.250078946352005
MIMAT0002177,PIK3R1,mir_to_gene,,0.5002202391624451,0.5009023547172546
MIMAT0002177,CADM1,mir_to_gene,,0.5002024173736572,0.5008870959281921
MIMAT0002177,UBE2S,mir_to_gene,,0.4999060332775116,0.5003877878189087
MIMAT0002177,RCOR3,mir_to_gene,,0.5001925230026245,0.500860869884491
MIMAT0002177,HPGD,mir_to_gene,,0.49986904859542847,0.5005819797515869
MIMAT0002177,CENPN,mir_to_gene,,0.49997448921203613,0.5006707310676575
MIMAT0002177,MBD4,mir_to_gene,,0.500288188457489,0.5010572075843811
MIMAT0002177,SEC23IP,mir_to_gene,,0.5002886652946472,0.500908374786377
MIMAT0002177,IGSF3,mir_to_gene,,0.500245213508606,0.5007965564727783
MIMAT0002177,UBASH3B,mir_to_gene,,0.5002543330192566,0.5007984638214111
MIMAT0002177,MACROD2,mir_to_gene,,0.5002071261405945,0.5008227825164795
MIMAT0003233,PDE4C,mir_to_gene,,0.5002469420433044,0.5008253455162048
MIMAT0003233,ANKRD50,mir_to_gene,,0.5002700686454773,0.500920832157135
MIMAT0003322,RPS16,mir_to_gene,,0.4998372793197632,0.5002749562263489
MIMAT0003322,NFAT5,mir_to_gene,,0.20002974569797516,0.20012237131595612
MIMAT0003322,AP1G1,mir_to_gene,,0.5002421736717224,0.5008641481399536
MIMAT0003322,ANKRD9,mir_to_gene,,0.4996471703052521,0.500558614730835
MIMAT0003322,STK4,mir_to_gene,,0.5002425909042358,0.5009562969207764
MIMAT0003322,UBE2I,mir_to_gene,,0.3333212435245514,0.33361953496932983
MIMAT0003322,KIF1A,mir_to_gene,,0.33340492844581604,0.3337137997150421
MIMAT0003322,YIPF6,mir_to_gene,,0.500072717666626,0.5009507536888123
MIMAT0003322,GEN1,mir_to_gene,,0.5002661347389221,0.5007943511009216
MIMAT0003322,BSG,mir_to_gene,,0.33333417773246765,0.3336876630783081
MIMAT0003322,FAM120AOS,mir_to_gene,,0.49983081221580505,0.5007429122924805
MIMAT0003322,ZBTB44,mir_to_gene,,0.5003445148468018,0.5008956789970398
MIMAT0003322,ATP11B,mir_to_gene,,0.5003529191017151,0.50099778175354
MIMAT0003322,RAP1GAP2,mir_to_gene,,0.5003161430358887,0.5009937882423401
MIMAT0003322,MRAS,mir_to_gene,,0.5000812411308289,0.5006591081619263
MIMAT0003322,AGAP3,mir_to_gene,,0.5001303553581238,0.5009620785713196
MIMAT0003322,ACTN4,mir_to_gene,,0.5001991391181946,0.5008479952812195
MIMAT0003322,SMAD2,mir_to_gene,,0.3333759009838104,0.33359429240226746
MIMAT0003322,CEBPG,mir_to_gene,,0.4999316334724426,0.5002762675285339
MIMAT0003322,SLC31A1,mir_to_gene,,0.5000369548797607,0.500420868396759
MIMAT0003322,QSOX1,mir_to_gene,,0.33339762687683105,0.33361440896987915
MIMAT0003322,SRPK1,mir_to_gene,,0.5002365112304688,0.5008403062820435
MIMAT0003322,GCM1,mir_to_gene,,0.5002221465110779,0.5010929107666016
MIMAT0003322,ARCN1,mir_to_gene,,0.5002650022506714,0.5010006427764893
MIMAT0003322,MORF4L2,mir_to_gene,,0.49982112646102905,0.5005430579185486
MIMAT0003322,ZNF431,mir_to_gene,,0.5002554655075073,0.5008684992790222
MIMAT0003322,RPS19,mir_to_gene,,0.499809592962265,0.500258207321167
MIMAT0003322,RPS29,mir_to_gene,,0.5001404881477356,0.5007008910179138
MIMAT0006790,TK1,mir_to_gene,,0.49989697337150574,0.5006024837493896
MIMAT0006790,AZIN1,mir_to_gene,,0.500235378742218,0.5009117126464844
MIMAT0006790,LHFPL5,mir_to_gene,,0.5000154376029968,0.5007905960083008
MIMAT0006790,ZNF107,mir_to_gene,,0.50017249584198,0.5007616877555847
MIMAT0006790,GPR173,mir_to_gene,,0.4998670220375061,0.5009677410125732
MIMAT0006790,NUCKS1,mir_to_gene,,0.25003835558891296,0.2501991093158722
MIMAT0006790,LCOR,mir_to_gene,,0.5002886056900024,0.5008233785629272
MIMAT0006790,KCNK6,mir_to_gene,,0.33332177996635437,0.3334682285785675
MIMAT0006790,ZNF268,mir_to_gene,,0.5002589225769043,0.5006943345069885
MIMAT0004554,EEF2K,mir_to_gene,,0.5002905130386353,0.500715970993042
MIMAT0004554,PAK3,mir_to_gene,,0.5002110004425049,0.5009282231330872
MIMAT0004554,VGLL4,mir_to_gene,,0.4998948872089386,0.5004931092262268
MIMAT0004554,ZBTB37,mir_to_gene,,0.25001218914985657,0.25004813075065613
MIMAT0004554,TOR1AIP1,mir_to_gene,,0.5001883506774902,0.5007537603378296
MIMAT0004554,COPS7B,mir_to_gene,,0.49982914328575134,0.5002655982971191
MIMAT0004554,KLF6,mir_to_gene,,0.5001516938209534,0.5004881620407104
MIMAT0004554,KCNB1,mir_to_gene,,0.5002275705337524,0.5009085536003113
MIMAT0004554,NCBP2,mir_to_gene,,0.5001760721206665,0.5004342198371887
MIMAT0004554,LIMD1,mir_to_gene,,0.3333549499511719,0.33344128727912903
MIMAT0004554,MATN1,mir_to_gene,,0.5001880526542664,0.5010310411453247
MIMAT0004554,COIL,mir_to_gene,,0.5002080798149109,0.5008804202079773
MIMAT0004554,ANKRD40,mir_to_gene,,0.4999437928199768,0.5005864500999451
MIMAT0004554,OTUD7A,mir_to_gene,,0.5001972317695618,0.5006846189498901
MIMAT0004554,ZNF740,mir_to_gene,,0.5000660419464111,0.5002636909484863
MIMAT0000252,TMEM97,mir_to_gene,,0.5002251267433167,0.5010057091712952
MIMAT0000252,TMEM106B,mir_to_gene,,0.49993669986724854,0.5006330609321594
MIMAT0000252,IDE,mir_to_gene,,0.500308632850647,0.5010444521903992
MIMAT0000252,TFRC,mir_to_gene,,0.5003258585929871,0.5010166168212891
MIMAT0000252,PPIP5K2,mir_to_gene,,0.5003280639648438,0.501164436340332
MIMAT0000252,EGFR,mir_to_gene,,0.33338528871536255,0.3335777521133423
MIMAT0000252,ST3GAL5,mir_to_gene,,0.5001895427703857,0.5009611248970032
MIMAT0000252,FXR1,mir_to_gene,,0.5002851486206055,0.5010524392127991
MIMAT0000252,GLDN,mir_to_gene,,0.500154972076416,0.5008165240287781
MIMAT0000252,SCARB2,mir_to_gene,,0.5003655552864075,0.5010360479354858
MIMAT0000252,SRGAP2,mir_to_gene,,0.500208854675293,0.501030445098877
MIMAT0000252,ABCC1,mir_to_gene,,0.5003204345703125,0.5011420249938965
MIMAT0000252,MICALL1,mir_to_gene,,0.5002614259719849,0.5011698007583618
MIMAT0000252,UBE2A,mir_to_gene,,0.5001257658004761,0.5008971095085144
MIMAT0000252,PAK1,mir_to_gene,,0.5003179311752319,0.5012564659118652
MIMAT0000252,SLC25A15,mir_to_gene,,0.49994921684265137,0.5007996559143066
MIMAT0000252,SULT1B1,mir_to_gene,,0.5001922845840454,0.5010757446289062
MIMAT0000252,EHD3,mir_to_gene,,0.5002992749214172,0.5011498332023621
MIMAT0000252,SERTAD2,mir_to_gene,,0.3334290683269501,0.33369559049606323
MIMAT0000252,ZNF385A,mir_to_gene,,0.499885231256485,0.5007553100585938
MIMAT0000252,KIF16B,mir_to_gene,,0.5003125667572021,0.5009667873382568
MIMAT0000252,BMPR2,mir_to_gene,,0.5003103613853455,0.5010074973106384
MIMAT0000252,GLS,mir_to_gene,,0.5002669095993042,0.5009151101112366
MIMAT0000252,GNA12,mir_to_gene,,0.5000824332237244,0.5008352994918823
MIMAT0000252,RCC2,mir_to_gene,,0.5001775026321411,0.5007711052894592
MIMAT0000252,CRLS1,mir_to_gene,,0.4997411072254181,0.5007110834121704
MIMAT0000252,CNNM4,mir_to_gene,,0.5003640651702881,0.5009135603904724
MIMAT0000252,ALG9,mir_to_gene,,0.5003429651260376,0.5010534524917603
MIMAT0000252,ROR1,mir_to_gene,,0.5002957582473755,0.5010493397712708
MIMAT0000252,LANCL1,mir_to_gene,,0.4999886155128479,0.5009966492652893
MIMAT0000252,GLO1,mir_to_gene,,0.3334679901599884,0.3337070047855377
MIMAT0000252,SLC5A3,mir_to_gene,,0.5002381801605225,0.5010197162628174
MIMAT0000252,CNTNAP2,mir_to_gene,,0.4999661445617676,0.5006735324859619
MIMAT0000252,LRP6,mir_to_gene,,0.33337193727493286,0.33353981375694275
MIMAT0000252,SERPINB5,mir_to_gene,,0.5002018809318542,0.5009018778800964
MIMAT0000252,RYK,mir_to_gene,,0.5002844333648682,0.501013457775116
MIMAT0000252,SLIT3,mir_to_gene,,0.5002098083496094,0.500848650932312
MIMAT0000252,ZNF264,mir_to_gene,,0.3334645926952362,0.33368298411369324
MIMAT0000252,PIGH,mir_to_gene,,0.5001967549324036,0.5005647540092468
MIMAT0000252,GJC1,mir_to_gene,,0.5000640153884888,0.5007080435752869
MIMAT0000252,COMMD7,mir_to_gene,,0.5000825524330139,0.500504732131958
MIMAT0000252,ADCY9,mir_to_gene,,0.5003419518470764,0.5009369850158691
MIMAT0000252,DAZAP2,mir_to_gene,,0.4997868537902832,0.500511109828949
MIMAT0000252,TM2D2,mir_to_gene,,0.33339613676071167,0.3335058391094208
MIMAT0000252,LLPH,mir_to_gene,,0.33339282870292664,0.3337520360946655
MIMAT0000252,RSPRY1,mir_to_gene,,0.5003228783607483,0.5009270906448364
MIMAT0000252,CACNG5,mir_to_gene,,0.5001208186149597,0.5006877779960632
MIMAT0000252,PIK3R3,mir_to_gene,,0.5002720952033997,0.500902533531189
MIMAT0000252,DUSP18,mir_to_gene,,0.3334446847438812,0.3336256742477417
MIMAT0000252,FAM136A,mir_to_gene,,0.49994558095932007,0.5005831122398376
MIMAT0000252,TIMM50,mir_to_gene,,0.3334086537361145,0.33363068103790283
MIMAT0000252,ZNF805,mir_to_gene,,0.20004650950431824,0.2001180201768875
MIMAT0000441,MTHFD2,mir_to_gene,,0.49969297647476196,0.5007500052452087
MIMAT0000441,BCL2L11,mir_to_gene,,0.24997317790985107,0.25003042817115784
MIMAT0000441,APBB2,mir_to_gene,,0.5002655982971191,0.5008338093757629
MIMAT0000441,KIF1A,mir_to_gene,,0.33335959911346436,0.3334159851074219
MIMAT0000441,HOXC12,mir_to_gene,,0.4998193383216858,0.5004507899284363
MIMAT0000441,PPP4R2,mir_to_gene,,0.5002468228340149,0.5008780360221863
MIMAT0000441,NTRK3,mir_to_gene,,0.5002370476722717,0.5008029341697693
MIMAT0000441,TNFAIP8,mir_to_gene,,0.5000286102294922,0.5003366470336914
MIMAT0000441,KIF1B,mir_to_gene,,0.33334019780158997,0.33348381519317627
MIMAT0000441,FRMD4B,mir_to_gene,,0.5002304315567017,0.5007564425468445
MIMAT0000441,FOXP1,mir_to_gene,,0.33333107829093933,0.3333679735660553
MIMAT0000441,TBPL1,mir_to_gene,,0.33330678939819336,0.3334384858608246
MIMAT0000441,CDX2,mir_to_gene,,0.3332931101322174,0.33335259556770325
MIMAT0000441,MDM4,mir_to_gene,,0.2499874085187912,0.25004467368125916
MIMAT0000441,NR6A1,mir_to_gene,,0.5002245306968689,0.5006145238876343
MIMAT0000441,TAOK1,mir_to_gene,,0.33334335684776306,0.3334474265575409
MIMAT0000441,PRRX1,mir_to_gene,,0.4997764229774475,0.5005573630332947
MIMAT0000441,SOX7,mir_to_gene,,0.4999053478240967,0.500758171081543
MIMAT0000441,SIRT1,mir_to_gene,,0.24994847178459167,0.2500116527080536
MIMAT0000441,SERINC5,mir_to_gene,,0.5002365708351135,0.5011100769042969
MIMAT0000441,ONECUT2,mir_to_gene,,0.5000931024551392,0.5005762577056885
MIMAT0000441,REST,mir_to_gene,,0.33338937163352966,0.3334781527519226
MIMAT0000441,NFAT5,mir_to_gene,,0.1999959647655487,0.2000351995229721
MIMAT0000441,SLC30A4,mir_to_gene,,0.5001279711723328,0.5010940432548523
MIMAT0000441,JAK1,mir_to_gene,,0.3333875834941864,0.333486407995224
MIMAT0000441,MYLK,mir_to_gene,,0.5001391172409058,0.5007725358009338
MIMAT0000441,TTC7B,mir_to_gene,,0.5001329183578491,0.5006226897239685
MIMAT0000441,ZNF704,mir_to_gene,,0.5002379417419434,0.5010269284248352
RASGRF1,fu:7e2a8487,gene_to_fu,,0.24985697865486145,0.2504797875881195
RASGRF2,fu:7e2a8487,gene_to_fu,,0.24989153444766998,0.25021892786026
DUSP10,fu:fd226da5,gene_to_fu,,0.0907449871301651,0.09101967513561249
DUSP1,fu:fd226da5,gene_to_fu,,0.09107574075460434,0.09154985100030899
DUSP2,fu:fd226da5,gene_to_fu,,0.09101524204015732,0.09206019341945648
DUSP4,fu:fd226da5,gene_to_fu,,0.09101356565952301,0.09147647768259048
DUSP5,fu:fd226da5,gene_to_fu,,0.09116621315479279,0.09185737371444702
DUSP6,fu:fd226da5,gene_to_fu,,0.09079480916261673,0.09098580479621887
DUSP7,fu:fd226da5,gene_to_fu,,0.0908144861459732,0.09086751937866211
DUSP8,fu:fd226da5,gene_to_fu,,0.0908389762043953,0.09112238138914108
DUSP9,fu:fd226da5,gene_to_fu,,0.09103024005889893,0.09136354923248291
DUSP16,fu:fd226da5,gene_to_fu,,0.09061399102210999,0.09106363356113434
DUSP3,fu:084a3d94,gene_to_fu,,0.19992952048778534,0.20069783926010132
PTPN7,fu:084a3d94,gene_to_fu,,0.2007954716682434,0.20248544216156006
PTPRR,fu:084a3d94,gene_to_fu,,0.19980107247829437,0.2012261003255844
PTPN5,fu:084a3d94,gene_to_fu,,0.19952431321144104,0.19992810487747192
PPM1B,fu:0047a61e,gene_to_fu,,0.49997609853744507,0.5004141926765442
FASLG,fu:c8457d96,gene_to_fu,,0.5002176761627197,0.5013443827629089
MAP4K4,fu:3687d0f8,gene_to_fu,,0.5000763535499573,0.5006768107414246
PLA2G4E,fu:770a684e,gene_to_fu,,0.12490996718406677,0.12515422701835632
PLA2G4F,fu:770a684e,gene_to_fu,,0.1250048279762268,0.12537004053592682
PLA2G4D,fu:770a684e,gene_to_fu,,0.12489785999059677,0.12496142089366913
PLA2G4A,fu:770a684e,gene_to_fu,,0.12480677664279938,0.1250339299440384
PLA2G4C,fu:770a684e,gene_to_fu,,0.1249161809682846,0.12535855174064636
JMJD7-PLA2G4B,fu:770a684e,gene_to_fu,,0.12523500621318817,0.1258695274591446
STMN1,fu:8ef29752,gene_to_fu,,0.3331150710582733,0.333612859249115
MAPT,fu:02b71dbc,gene_to_fu,,0.33330315351486206,0.33398836851119995
NFKB1,fu:6b254be8,gene_to_fu,,0.14273396134376526,0.14309553802013397
NFKB2,fu:6b254be8,gene_to_fu,,0.14286606013774872,0.14329324662685394
RELA,fu:6b254be8,gene_to_fu,,0.14307743310928345,0.14378301799297333
RELB,fu:6b254be8,gene_to_fu,,0.14289340376853943,0.14330454170703888
CHUK,fu:e96fee09,gene_to_fu,,0.12492097914218903,0.12563173472881317
IKBKB,fu:e96fee09,gene_to_fu,,0.12495511770248413,0.1257062554359436
IKBKG,fu:e96fee09,gene_to_fu,,0.12526661157608032,0.1257321685552597
MAP3K14,fu:f132c1b4,gene_to_fu,,0.2515052556991577,0.25826266407966614
MAPK1,fu:b1fed606,gene_to_fu,,0.14309926331043243,0.14378386735916138
MAPK3,fu:b1fed606,gene_to_fu,,0.1430554986000061,0.14348529279232025
MAP2K2,fu:e711f0a6,gene_to_fu,,0.12538987398147583,0.1261889636516571
MAP2K1,fu:74ae7efc,gene_to_fu,,0.1253204643726349,0.12592951953411102
RAF1,fu:21c326d4,gene_to_fu,,0.25007346272468567,0.25059279799461365
BRAF,fu:7ebcd056,gene_to_fu,,0.25003182888031006,0.25089728832244873
RASA1,fu:69624e88,gene_to_fu,,0.5001075267791748,0.5008817911148071
NF1,fu:368c2fa7,gene_to_fu,,0.500109076499939,0.5009520053863525
PRKCA,fu:35131c42,gene_to_fu,,0.2499765008687973,0.25048208236694336
PRKCB,fu:35131c42,gene_to_fu,,0.24995726346969604,0.250273734331131
PRKCG,fu:35131c42,gene_to_fu,,0.2501349449157715,0.25094059109687805
RAP1A,fu:9786b5ed,gene_to_fu,,0.24975897371768951,0.25019383430480957
RAP1B,fu:9786b5ed,gene_to_fu,,0.24993012845516205,0.25028613209724426
PRKACA,fu:bcdaeed1,gene_to_fu,,0.25008460879325867,0.25039470195770264
PRKACB,fu:bcdaeed1,gene_to_fu,,0.24971094727516174,0.2500273585319519
PRKACG,fu:bcdaeed1,gene_to_fu,,0.2502519190311432,0.2510455250740051
RAPGEF2,fu:bd2e123e,gene_to_fu,,0.49994581937789917,0.5003841519355774
RASA2,fu:fa467b33,gene_to_fu,,0.3333854675292969,0.3348122835159302
RRAS2,fu:35bcc57b,gene_to_fu,,0.06676341593265533,0.06712419539690018
MRAS,fu:35bcc57b,gene_to_fu,,0.0667162537574768,0.06700949370861053
HRAS,fu:35bcc57b,gene_to_fu,,0.06667481362819672,0.0671684518456459
KRAS,fu:35bcc57b,gene_to_fu,,0.06660085916519165,0.066820427775383
NRAS,fu:35bcc57b,gene_to_fu,,0.06670045852661133,0.06692385673522949
RRAS,fu:35bcc57b,gene_to_fu,,0.06678703427314758,0.06702593713998795
RASGRP1,fu:82456880,gene_to_fu,,0.16655516624450684,0.16696783900260925
RASGRP2,fu:82456880,gene_to_fu,,0.16664628684520721,0.16676394641399384
RASGRP4,fu:82456880,gene_to_fu,,0.16676512360572815,0.16740049421787262
RASGRP3,fu:82456880,gene_to_fu,,0.16648554801940918,0.16693373024463654
SOS1,fu:def1099f,gene_to_fu,,0.3333921730518341,0.33365991711616516
SOS2,fu:def1099f,gene_to_fu,,0.33330267667770386,0.33333128690719604
GNA12,fu:f390c31d,gene_to_fu,,0.3339214026927948,0.33428895473480225
GNG12,fu:f390c31d,gene_to_fu,,0.33268702030181885,0.33365628123283386
GRB2,fu:c110bb17,gene_to_fu,,0.33366405963897705,0.3348638117313385
CSF1R,fu:7f7b2f5f,gene_to_fu,,0.03573349863290787,0.03591645881533623
EGFR,fu:7f7b2f5f,gene_to_fu,,0.035759665071964264,0.03605647757649422
EPHA2,fu:7f7b2f5f,gene_to_fu,,0.035707563161849976,0.035841796547174454
ERBB2,fu:7f7b2f5f,gene_to_fu,,0.03568573296070099,0.03574402630329132
ERBB3,fu:7f7b2f5f,gene_to_fu,,0.035695575177669525,0.03576423227787018
ERBB4,fu:7f7b2f5f,gene_to_fu,,0.03573006018996239,0.035956595093011856
FGFR1,fu:7f7b2f5f,gene_to_fu,,0.03573009371757507,0.03592197224497795
FGFR3,fu:7f7b2f5f,gene_to_fu,,0.035752229392528534,0.035986948758363724
FGFR2,fu:7f7b2f5f,gene_to_fu,,0.03570546209812164,0.03583230823278427
FGFR4,fu:7f7b2f5f,gene_to_fu,,0.03574050962924957,0.03590185195207596
FLT1,fu:7f7b2f5f,gene_to_fu,,0.03566531836986542,0.035965029150247574
FLT3,fu:7f7b2f5f,gene_to_fu,,0.035665951669216156,0.03583940118551254
FLT4,fu:7f7b2f5f,gene_to_fu,,0.03569190576672554,0.035781484097242355
IGF1R,fu:7f7b2f5f,gene_to_fu,,0.03564007207751274,0.03577710688114166
INSR,fu:7f7b2f5f,gene_to_fu,,0.03565255180001259,0.035802748054265976
KDR,fu:7f7b2f5f,gene_to_fu,,0.03568616881966591,0.03578025475144386
KIT,fu:7f7b2f5f,gene_to_fu,,0.03575205057859421,0.03602278605103493
MET,fu:7f7b2f5f,gene_to_fu,,0.03576905280351639,0.03605295345187187
NGFR,fu:7f7b2f5f,gene_to_fu,,0.03575756400823593,0.0361289344727993
NTRK1,fu:7f7b2f5f,gene_to_fu,,0.0357186384499073,0.035818200558423996
NTRK2,fu:7f7b2f5f,gene_to_fu,,0.03570499271154404,0.035931870341300964
PDGFRA,fu:7f7b2f5f,gene_to_fu,,0.03572988510131836,0.03597540780901909
PDGFRB,fu:7f7b2f5f,gene_to_fu,,0.03567856177687645,0.03571351617574692
RET,fu:7f7b2f5f,gene_to_fu,,0.0357382595539093,0.035856954753398895
TEK,fu:7f7b2f5f,gene_to_fu,,0.03568920120596886,0.035767391324043274
CACNG3,fu:dd374616,gene_to_fu,,0.0370979905128479,0.03730079531669617
CACNG2,fu:dd374616,gene_to_fu,,0.037106141448020935,0.03732162341475487
CACNG5,fu:dd374616,gene_to_fu,,0.03708061948418617,0.03746655583381653
CACNG4,fu:dd374616,gene_to_fu,,0.03712465614080429,0.037392936646938324
CACNA2D3,fu:dd374616,gene_to_fu,,0.03698505461215973,0.03723709285259247
CACNG8,fu:dd374616,gene_to_fu,,0.03705310449004173,0.037385519593954086
CACNG7,fu:dd374616,gene_to_fu,,0.037096165120601654,0.037443771958351135
CACNG6,fu:dd374616,gene_to_fu,,0.03718815743923187,0.03768089786171913
CACNA1A,fu:dd374616,gene_to_fu,,0.037006672471761703,0.03713853657245636
CACNA1B,fu:dd374616,gene_to_fu,,0.03702336177229881,0.037148017436265945
CACNA1C,fu:dd374616,gene_to_fu,,0.037033118307590485,0.03716890141367912
CACNA1D,fu:dd374616,gene_to_fu,,0.03700409084558487,0.03711535409092903
CACNA1E,fu:dd374616,gene_to_fu,,0.03703942894935608,0.03717067465186119
CACNA1F,fu:dd374616,gene_to_fu,,0.03700076416134834,0.037049055099487305
CACNA1S,fu:dd374616,gene_to_fu,,0.03695915639400482,0.0370841845870018
CACNA2D1,fu:dd374616,gene_to_fu,,0.03699412941932678,0.0371953547000885
CACNB1,fu:dd374616,gene_to_fu,,0.03699043020606041,0.03713235631585121
CACNB2,fu:dd374616,gene_to_fu,,0.03700016438961029,0.037180036306381226
CACNB3,fu:dd374616,gene_to_fu,,0.03701151907444,0.03703951835632324
CACNB4,fu:dd374616,gene_to_fu,,0.03697102889418602,0.03707226738333702
CACNG1,fu:dd374616,gene_to_fu,,0.037041909992694855,0.03717639297246933
CACNA1I,fu:dd374616,gene_to_fu,,0.03701974079012871,0.03704706206917763
CACNA1H,fu:dd374616,gene_to_fu,,0.03709505498409271,0.037165477871894836
CACNA1G,fu:dd374616,gene_to_fu,,0.0370066799223423,0.03706834465265274
CACNA2D2,fu:dd374616,gene_to_fu,,0.037067949771881104,0.037176359444856644
CACNA2D4,fu:dd374616,gene_to_fu,,0.036974500864744186,0.03712528571486473
NR4A1,fu:aeb42500,gene_to_fu,,0.33320096135139465,0.33393895626068115
MAPK7,fu:4e3892e3,gene_to_fu,,0.333588570356369,0.3346478343009949
MAP2K5,fu:9a13759c,gene_to_fu,,0.5000938177108765,0.500586748123169
NLK,fu:ede2f5af,gene_to_fu,,0.33375683426856995,0.3346942961215973
CDC25B,fu:6463ffd1,gene_to_fu,,0.33303508162498474,0.3337954580783844
RPS6KA4,fu:3273328d,gene_to_fu,,0.2500453591346741,0.2506473660469055
RPS6KA5,fu:3273328d,gene_to_fu,,0.24976980686187744,0.25068458914756775
MAPKAPK3,fu:dd701a8d,gene_to_fu,,0.25014275312423706,0.25067636370658875
MAPKAPK2,fu:dd701a8d,gene_to_fu,,0.25024500489234924,0.25085482001304626
ATF4,fu:b5bf47cc,gene_to_fu,,0.2500867247581482,0.25084516406059265
MEF2C,fu:9217ec0a,gene_to_fu,,0.3331186771392822,0.33375319838523865
MAX,fu:83098143,gene_to_fu,,0.33279991149902344,0.333834707736969
DDIT3,fu:2b9b82f8,gene_to_fu,,0.33285003900527954,0.3343299925327301
ELK4,fu:13ad26cc,gene_to_fu,,0.3332118093967438,0.33433324098587036
TP53,fu:7d38c72e,gene_to_fu,,0.250377893447876,0.2515273094177246
ELK1,fu:2be3360b,gene_to_fu,,0.2504674196243286,0.2523239850997925
ATF2,fu:fa6497d0,gene_to_fu,,0.3331155478954315,0.33356162905693054
MAPK14,fu:828681e8,gene_to_fu,,0.11103615164756775,0.11157792806625366
MAPK11,fu:828681e8,gene_to_fu,,0.1113433986902237,0.11204062402248383
MAPK13,fu:828681e8,gene_to_fu,,0.11119978874921799,0.11181888729333878
MAPK12,fu:828681e8,gene_to_fu,,0.11125056445598602,0.11167361587285995
PPP5C,fu:c1b5761a,gene_to_fu,,0.5000771284103394,0.5007875561714172
MAP2K6,fu:57f73e22,gene_to_fu,,0.1253926306962967,0.1259508579969406
MAP2K3,fu:39b0ba80,gene_to_fu,,0.12539857625961304,0.12598131597042084
DUSP10,fu:377d6159,gene_to_fu,,0.11092402786016464,0.11128261685371399
DUSP2,fu:377d6159,gene_to_fu,,0.11124174296855927,0.11244145035743713
DUSP4,fu:377d6159,gene_to_fu,,0.11124004423618317,0.11184494942426682
DUSP5,fu:377d6159,gene_to_fu,,0.11142668128013611,0.11231065541505814
DUSP7,fu:377d6159,gene_to_fu,,0.11100900173187256,0.11110039800405502
DUSP8,fu:377d6159,gene_to_fu,,0.111038938164711,0.11140818893909454
DUSP9,fu:377d6159,gene_to_fu,,0.11126045882701874,0.11170687526464462
DUSP16,fu:377d6159,gene_to_fu,,0.11076860129833221,0.1113363653421402
DUSP3,fu:86cdce68,gene_to_fu,,0.19992952048778534,0.20069783926010132
PTPN7,fu:86cdce68,gene_to_fu,,0.2007954716682434,0.20248544216156006
PTPRR,fu:86cdce68,gene_to_fu,,0.19980107247829437,0.2012261003255844
PTPN5,fu:86cdce68,gene_to_fu,,0.19952431321144104,0.19992810487747192
PPM1A,fu:628792dc,gene_to_fu,,0.5000790953636169,0.5007573962211609
AKT3,fu:2959a7f6,gene_to_fu,,0.2502676546573639,0.25111207365989685
AKT1,fu:2959a7f6,gene_to_fu,,0.2500706613063812,0.2506697177886963
AKT2,fu:2959a7f6,gene_to_fu,,0.2498938888311386,0.2510993480682373
TAOK3,fu:e2d583f5,gene_to_fu,,0.24980023503303528,0.25073590874671936
TAOK1,fu:e2d583f5,gene_to_fu,,0.25035783648490906,0.25137290358543396
TAOK2,fu:e2d583f5,gene_to_fu,,0.24998489022254944,0.2505156993865967
MAP3K4,fu:5e066f99,gene_to_fu,,0.33326053619384766,0.33594679832458496
HSPB1,fu:18b46668,gene_to_fu,,0.25014376640319824,0.25161659717559814
MAP3K7,fu:4dbb2d89,gene_to_fu,,0.20002029836177826,0.20091158151626587
MAP3K5,fu:127bf490,gene_to_fu,,0.16669948399066925,0.16712601482868195
MAP3K6,fu:fe378cbc,gene_to_fu,,0.500073254108429,0.5005918145179749
MAP3K12,fu:12e2c442,gene_to_fu,,0.3335080146789551,0.3341786563396454
MAP3K13,fu:12e2c442,gene_to_fu,,0.33317992091178894,0.3337790369987488
MAP3K9,fu:ef42bc35,gene_to_fu,,0.3331422209739685,0.3336653709411621
MAP3K10,fu:ef42bc35,gene_to_fu,,0.3335716724395752,0.3343253433704376
MAP4K2,fu:f6a34c03,gene_to_fu,,0.3332439064979553,0.3335036337375641
STK3,fu:20a3b14c,gene_to_fu,,0.2500242590904236,0.2516956925392151
STK4,fu:20a3b14c,gene_to_fu,,0.24998246133327484,0.2507665753364563
ECSIT,fu:12774d68,gene_to_fu,,0.50018310546875,0.5009424686431885
TAB2,fu:1bdb6764,gene_to_fu,,0.5000854134559631,0.5004973411560059
TAB1,fu:cc0e0a55,gene_to_fu,,0.1999591439962387,0.20032460987567902
GADD45G,fu:fcc91474,gene_to_fu,,0.24997565150260925,0.25011083483695984
GADD45A,fu:fcc91474,gene_to_fu,,0.249900683760643,0.2503947615623474
GADD45B,fu:fcc91474,gene_to_fu,,0.25013411045074463,0.2504403293132782
TRAF6,fu:d3570c60,gene_to_fu,,0.19983196258544922,0.20049253106117249
DAXX,fu:80de25d0,gene_to_fu,,0.24978119134902954,0.2505016028881073
TRAF2,fu:3f6a023b,gene_to_fu,,0.33304527401924133,0.3343214988708496
CASP3,fu:69217a4b,gene_to_fu,,0.3329676389694214,0.3334951400756836
CD14,fu:ac41e7b6,gene_to_fu,,0.5003060698509216,0.5012123584747314
TGFBR1,fu:7961a9c2,gene_to_fu,,0.24989306926727295,0.2506425976753235
TGFBR2,fu:7961a9c2,gene_to_fu,,0.24990658462047577,0.2506661117076874
FAS,fu:ac1b5dfa,gene_to_fu,,0.33344167470932007,0.3352448046207428
IL1R1,fu:f017c41c,gene_to_fu,,0.2499178647994995,0.2507140338420868
IL1RAP,fu:f017c41c,gene_to_fu,,0.25001639127731323,0.25026166439056396
TNFRSF1A,fu:0c8f29ae,gene_to_fu,,0.33312171697616577,0.3339887857437134
TGFB1,fu:c12b6dd3,gene_to_fu,,0.2503628134727478,0.2513279914855957
TGFB2,fu:c12b6dd3,gene_to_fu,,0.2497444450855255,0.2505300045013428
TGFB3,fu:c12b6dd3,gene_to_fu,,0.24993014335632324,0.2503453493118286
IL1A,fu:6e503f28,gene_to_fu,,0.33327531814575195,0.33375459909439087
IL1B,fu:6e503f28,gene_to_fu,,0.3334246575832367,0.3337906301021576
TNF,fu:69228b75,gene_to_fu,,0.49997031688690186,0.5006773471832275
MAPKAPK5,fu:a6e8f63a,gene_to_fu,,0.3332415521144867,0.33429229259490967
RAC1,fu:2b5c3e60,gene_to_fu,,0.20003089308738708,0.20037351548671722
RAC2,fu:2b5c3e60,gene_to_fu,,0.1999305635690689,0.20020624995231628
RAC3,fu:2b5c3e60,gene_to_fu,,0.20013025403022766,0.20084816217422485
CDC42,fu:2b5c3e60,gene_to_fu,,0.19992169737815857,0.2012433558702469
PAK1,fu:435e22e3,gene_to_fu,,0.20000672340393066,0.20071782171726227
PAK2,fu:435e22e3,gene_to_fu,,0.1999436765909195,0.20141912996768951
MAP3K2,fu:ad5afd37,gene_to_fu,,0.2502288222312927,0.25121039152145386
MAP3K3,fu:ad5afd37,gene_to_fu,,0.24998348951339722,0.25063571333885193
MAPK8IP2,fu:991f34de,gene_to_fu,,0.33321985602378845,0.33335426449775696
MAPK8IP1,fu:991f34de,gene_to_fu,,0.33344724774360657,0.3336423933506012
MAP3K11,fu:a7fa684d,gene_to_fu,,0.25041109323501587,0.2509861886501312
MAP2K7,fu:3cd4cf69,gene_to_fu,,0.12517981231212616,0.12585268914699554
MAPK8,fu:ba3ca63f,gene_to_fu,,0.09092742949724197,0.09110157936811447
MAPK9,fu:ba3ca63f,gene_to_fu,,0.09094178676605225,0.09136245399713516
MAPK10,fu:ba3ca63f,gene_to_fu,,0.09091834723949432,0.09114795178174973
MAP2K4,fu:d1f9d8ef,gene_to_fu,,0.20032845437526703,0.20115967094898224
CRK,fu:77025b10,gene_to_fu,,0.20044748485088348,0.2019496113061905
CRKL,fu:77025b10,gene_to_fu,,0.2004939317703247,0.20172849297523499
ARRB1,fu:faa1f8c9,gene_to_fu,,0.25008904933929443,0.25070393085479736
ARRB2,fu:faa1f8c9,gene_to_fu,,0.2501305937767029,0.25071531534194946
MECOM,fu:4b038677,gene_to_fu,,0.5000281929969788,0.5005616545677185
HSPA1A,fu:95cbce1b,gene_to_fu,,0.16665847599506378,0.16679875552654266
HSPA1B,fu:95cbce1b,gene_to_fu,,0.1666601300239563,0.166734978556633
HSPA1L,fu:95cbce1b,gene_to_fu,,0.16668346524238586,0.1667250245809555
HSPA6,fu:95cbce1b,gene_to_fu,,0.16671499609947205,0.16701631247997284
HSPA8,fu:95cbce1b,gene_to_fu,,0.16662384569644928,0.16667883098125458
JUND,fu:6625a9a4,gene_to_fu,,0.33454081416130066,0.33690348267555237
FOS,fu:db67d58a,gene_to_fu,,0.24989986419677734,0.2501520812511444
JUN,fu:db67d58a,gene_to_fu,,0.25079095363616943,0.25220006704330444
NFATC3,fu:3e02b3f0,gene_to_fu,,0.2498628795146942,0.25022101402282715
NFATC1,fu:6d28341f,gene_to_fu,,0.2501577138900757,0.25128495693206787
PPP3CA,fu:5feacf84,gene_to_fu,,0.16666585206985474,0.16749921441078186
PPP3CB,fu:5feacf84,gene_to_fu,,0.16691187024116516,0.1674536168575287
PPP3CC,fu:5feacf84,gene_to_fu,,0.16667671501636505,0.16731442511081696
PPP3R1,fu:5feacf84,gene_to_fu,,0.16683471202850342,0.167965367436409
PPP3R2,fu:5feacf84,gene_to_fu,,0.16634173691272736,0.16694241762161255
MAPK8IP3,fu:a06203ac,gene_to_fu,,0.16650795936584473,0.16698259115219116
FLNA,fu:f1632042,gene_to_fu,,0.33361688256263733,0.33473262190818787
MAP3K1,fu:a4e579d9,gene_to_fu,,0.11133499443531036,0.11177121102809906
MAP3K8,fu:f13c95ed,gene_to_fu,,0.5000528693199158,0.5004896521568298
MAP4K1,fu:e83e0bc2,gene_to_fu,,0.3335365056991577,0.33505648374557495
MAP4K3,fu:3202b50f,gene_to_fu,,0.5000340342521667,0.5006623864173889
FOS,fu:2c3cace2,gene_to_fu,,0.33345267176628113,0.333857923746109
SRF,fu:87b9367a,gene_to_fu,,0.500139594078064,0.50062495470047
MYC,fu:a3c029a6,gene_to_fu,,0.5000806450843811,0.5005305409431458
ELK4,fu:346aac61,gene_to_fu,,0.2499740570783615,0.2512092590332031
ELK1,fu:f4b875b3,gene_to_fu,,0.2504662871360779,0.2520788013935089
ATF4,fu:860fdcaa,gene_to_fu,,0.2502083480358124,0.25074124336242676
RPS6KA6,fu:53e63667,gene_to_fu,,0.16659927368164062,0.16687870025634766
RPS6KA1,fu:53e63667,gene_to_fu,,0.1666129231452942,0.1668080985546112
RPS6KA2,fu:53e63667,gene_to_fu,,0.1665782481431961,0.16679346561431885
RPS6KA3,fu:53e63667,gene_to_fu,,0.16658683121204376,0.16694237291812897
MKNK2,fu:6732a41f,gene_to_fu,,0.249934583902359,0.250061959028244
MKNK1,fu:6732a41f,gene_to_fu,,0.25015726685523987,0.25061675906181335
CSF1,fu:8933daca,gene_to_fu,,0.018467679619789124,0.01859055459499359
EFNA1,fu:8933daca,gene_to_fu,,0.018493790179491043,0.018525490537285805
EFNA2,fu:8933daca,gene_to_fu,,0.018553240224719048,0.018640533089637756
EFNA3,fu:8933daca,gene_to_fu,,0.018539126962423325,0.0186813585460186
EFNA4,fu:8933daca,gene_to_fu,,0.018490327522158623,0.0185405146330595
EFNA5,fu:8933daca,gene_to_fu,,0.018488449975848198,0.018528088927268982
EGF,fu:8933daca,gene_to_fu,,0.01844831556081772,0.01856359839439392
EREG,fu:8933daca,gene_to_fu,,0.01849638670682907,0.018617652356624603
FGF1,fu:8933daca,gene_to_fu,,0.018426956608891487,0.018550243228673935
FGF2,fu:8933daca,gene_to_fu,,0.018498260527849197,0.018625404685735703
FGF3,fu:8933daca,gene_to_fu,,0.018578067421913147,0.018728099763393402
FGF4,fu:8933daca,gene_to_fu,,0.018536925315856934,0.018597694113850594
FGF5,fu:8933daca,gene_to_fu,,0.0185138788074255,0.01857972890138626
FGF6,fu:8933daca,gene_to_fu,,0.01852622628211975,0.01859506033360958
FGF7,fu:8933daca,gene_to_fu,,0.018491186201572418,0.018558010458946228
FGF8,fu:8933daca,gene_to_fu,,0.01854541525244713,0.018617261201143265
FGF9,fu:8933daca,gene_to_fu,,0.018494779244065285,0.018525851890444756
FGF10,fu:8933daca,gene_to_fu,,0.018490538001060486,0.018542874604463577
FLT3LG,fu:8933daca,gene_to_fu,,0.018515804782509804,0.01855800300836563
FGF20,fu:8933daca,gene_to_fu,,0.018514450639486313,0.018551092594861984
FGF21,fu:8933daca,gene_to_fu,,0.018503252416849136,0.018566671758890152
GDNF,fu:8933daca,gene_to_fu,,0.0185257475823164,0.01863391511142254
FGF22,fu:8933daca,gene_to_fu,,0.018597101792693138,0.018740909174084663
ANGPT1,fu:8933daca,gene_to_fu,,0.018451828509569168,0.018658556044101715
ANGPT2,fu:8933daca,gene_to_fu,,0.018452543765306473,0.018679477274417877
HGF,fu:8933daca,gene_to_fu,,0.018483655527234077,0.018556619063019753
IGF1,fu:8933daca,gene_to_fu,,0.018451226875185966,0.018557528033852577
IGF2,fu:8933daca,gene_to_fu,,0.01852313056588173,0.01859355717897415
INS,fu:8933daca,gene_to_fu,,0.01849043369293213,0.01868988573551178
AREG,fu:8933daca,gene_to_fu,,0.018511924892663956,0.018553361296653748
KITLG,fu:8933daca,gene_to_fu,,0.01849314197897911,0.018626844510436058
NGF,fu:8933daca,gene_to_fu,,0.01854414865374565,0.01864589750766754
NRTN,fu:8933daca,gene_to_fu,,0.018639300018548965,0.018764324486255646
NTF3,fu:8933daca,gene_to_fu,,0.01853613182902336,0.018595468252897263
NTF4,fu:8933daca,gene_to_fu,,0.0185774527490139,0.018719352781772614
ANGPT4,fu:8933daca,gene_to_fu,,0.018485328182578087,0.018665863201022148
PDGFA,fu:8933daca,gene_to_fu,,0.01853899285197258,0.01861603930592537
PDGFB,fu:8933daca,gene_to_fu,,0.018547099083662033,0.018593454733490944
PGF,fu:8933daca,gene_to_fu,,0.018564803525805473,0.018758181482553482
PDGFC,fu:8933daca,gene_to_fu,,0.01852603815495968,0.0186079703271389
PSPN,fu:8933daca,gene_to_fu,,0.018536999821662903,0.018661802634596825
BDNF,fu:8933daca,gene_to_fu,,0.0184878408908844,0.018569819629192352
TGFA,fu:8933daca,gene_to_fu,,0.018554389476776123,0.01865544728934765
VEGFA,fu:8933daca,gene_to_fu,,0.018505264073610306,0.01861773245036602
VEGFB,fu:8933daca,gene_to_fu,,0.018588999286293983,0.018761027604341507
VEGFC,fu:8933daca,gene_to_fu,,0.01849997416138649,0.01863415539264679
PDGFD,fu:8933daca,gene_to_fu,,0.018518926575779915,0.018687518313527107
FGF23,fu:8933daca,gene_to_fu,,0.018563754856586456,0.018701016902923584
FGF18,fu:8933daca,gene_to_fu,,0.01850050501525402,0.018568288534879684
FGF17,fu:8933daca,gene_to_fu,,0.018544740974903107,0.018623165786266327
FGF16,fu:8933daca,gene_to_fu,,0.018475335091352463,0.01852765679359436
ARTN,fu:8933daca,gene_to_fu,,0.018631085753440857,0.01888284645974636
FGF19,fu:8933daca,gene_to_fu,,0.018525008112192154,0.01860453374683857
TRADD,fu:11724fb3,gene_to_fu,,0.33445656299591064,0.33667269349098206
MYD88,fu:41d49051,gene_to_fu,,0.3340357542037964,0.33578020334243774
IRAK1,fu:114f4869,gene_to_fu,,0.25031226873397827,0.25108107924461365
IRAK4,fu:114f4869,gene_to_fu,,0.2497503161430359,0.25070980191230774
ARAF,fu:dcf55614,gene_to_fu,,0.33356377482414246,0.33437472581863403
MAX,fu:051b9bd1,gene_to_fu,,0.499924898147583,0.5000068545341492
MYC,fu:c6ef8860,gene_to_fu,,0.250040739774704,0.3339165449142456
MAX,fu:c6ef8860,gene_to_fu,,0.08364376425743103,0.3345750570297241
SRF,fu:50d7c36d,gene_to_fu,,0.2494238168001175,0.33302420377731323
ELK4,fu:50d7c36d,gene_to_fu,,0.16688719391822815,0.33431896567344666
ELK1,fu:50d7c36d,gene_to_fu,,0.25056153535842896,0.33513665199279785
fu:f390c31d,fu:fa467b33,protein_protein_interaction,activation,0.3333559036254883,0.33456918597221375
fu:bd2e123e,fu:35bcc57b,protein_protein_interaction,activation,0.06657088547945023,0.06665699183940887
fu:7e2a8487,fu:35bcc57b,protein_protein_interaction,activation,0.06664727628231049,0.06698253750801086
fu:82456880,fu:35bcc57b,protein_protein_interaction,activation,0.06665170192718506,0.06689278781414032
fu:9786b5ed,fu:7ebcd056,protein_protein_interaction,activation,0.25014743208885193,0.25071215629577637
fu:69228b75,fu:0c8f29ae,protein_protein_interaction,activation,0.3337354362010956,0.3344306945800781
fu:6e503f28,fu:f017c41c,protein_protein_interaction,activation,0.25012490153312683,0.25105538964271545
fu:c8457d96,fu:ac1b5dfa,protein_protein_interaction,activation,0.33351007103919983,0.3353450298309326
fu:c12b6dd3,fu:7961a9c2,protein_protein_interaction,activation,0.25037524104118347,0.2516944706439972
fu:ac1b5dfa,fu:80de25d0,protein_protein_interaction,activation,0.2503964900970459,0.25145184993743896
fu:7961a9c2,fu:80de25d0,protein_protein_interaction,activation,0.24998904764652252,0.25015634298324585
fu:c110bb17,fu:7f7b2f5f,protein_protein_interaction,binding/association,0.03572775423526764,0.035844411700963974
fu:def1099f,fu:c110bb17,protein_protein_interaction,binding/association,0.33308538794517517,0.3342805802822113
fu:1bdb6764,fu:d3570c60,protein_protein_interaction,binding/association,0.19997213780879974,0.2002854347229004
fu:12774d68,fu:d3570c60,protein_protein_interaction,binding/association,0.20039905607700348,0.2014298290014267
fu:87b9367a,fu:f4b875b3,protein_protein_interaction,binding/association,0.24973051249980927,0.2499157190322876
fu:87b9367a,fu:346aac61,protein_protein_interaction,binding/association,0.24997152388095856,0.2506341338157654
fu:418e3a71,fu:74ae7efc,protein_protein_interaction,binding/association,0.12498213350772858,0.12529407441616058
fu:418e3a71,fu:e711f0a6,protein_protein_interaction,binding/association,0.12496820092201233,0.12527331709861755
fu:b1fed606,fu:418e3a71,protein_protein_interaction,binding/association,0.5004446506500244,0.5012542009353638
fu:991f34de,fu:ba3ca63f,protein_protein_interaction,binding/association,0.09076417237520218,0.09091329574584961
fu:991f34de,fu:3cd4cf69,protein_protein_interaction,binding/association,0.12481249123811722,0.12498413026332855
fu:991f34de,fu:a7fa684d,protein_protein_interaction,binding/association,0.24972951412200928,0.24998201429843903
fu:991f34de,fu:e83e0bc2,protein_protein_interaction,binding/association,0.33313605189323425,0.33393537998199463
fu:ba3ca63f,fu:a06203ac,protein_protein_interaction,binding/association,0.1667349934577942,0.16682249307632446
fu:d1f9d8ef,fu:a06203ac,protein_protein_interaction,binding/association,0.1667749285697937,0.1669887900352478
fu:3cd4cf69,fu:a06203ac,protein_protein_interaction,binding/association,0.16669271886348724,0.16673091053962708
fu:a06203ac,fu:a4e579d9,protein_protein_interaction,binding/association,0.11100247502326965,0.11123434454202652
fu:a7fa684d,fu:a06203ac,protein_protein_interaction,binding/association,0.16669335961341858,0.1668325811624527
fu:ba3ca63f,fu:77025b10,protein_protein_interaction,binding/association,0.1995076984167099,0.20007842779159546
fu:d1f9d8ef,fu:77025b10,protein_protein_interaction,binding/association,0.19955511391162872,0.20006611943244934
fu:d1f9d8ef,fu:f1632042,protein_protein_interaction,binding/association,0.33317384123802185,0.33355164527893066
fu:d1f9d8ef,fu:faa1f8c9,protein_protein_interaction,binding/association,0.24990203976631165,0.25101181864738464
fu:bcdaeed1,fu:9786b5ed,protein_protein_interaction,phosphorylation,0.25041916966438293,0.2519901692867279
fu:35131c42,fu:35bcc57b,protein_protein_interaction,phosphorylation,0.06663471460342407,0.06698396056890488
fu:35131c42,fu:21c326d4,protein_protein_interaction,phosphorylation,0.2499276101589203,0.2507219612598419
fu:def1099f,fu:35bcc57b,protein_protein_interaction,activation,0.06664326786994934,0.06701508164405823
fu:35bcc57b,fu:7ebcd056,protein_protein_interaction,activation,0.2498951107263565,0.2501397132873535
fu:35bcc57b,fu:21c326d4,protein_protein_interaction,activation,0.25004690885543823,0.2505742013454437
fu:7ebcd056,fu:74ae7efc,protein_protein_interaction,phosphorylation,0.12494033575057983,0.12501218914985657
fu:7ebcd056,fu:e711f0a6,protein_protein_interaction,phosphorylation,0.12492923438549042,0.12501072883605957
fu:21c326d4,fu:74ae7efc,protein_protein_interaction,phosphorylation,0.12492255121469498,0.12507376074790955
fu:21c326d4,fu:e711f0a6,protein_protein_interaction,phosphorylation,0.12491148710250854,0.12508328258991241
fu:74ae7efc,fu:b1fed606,protein_protein_interaction,phosphorylation,0.1426522135734558,0.14330193400382996
fu:e711f0a6,fu:b1fed606,protein_protein_interaction,phosphorylation,0.14267729222774506,0.14336411654949188
fu:b1fed606,fu:02b71dbc,protein_protein_interaction,phosphorylation,0.3335619866847992,0.3337767720222473
fu:b1fed606,fu:8ef29752,protein_protein_interaction,phosphorylation,0.3338416814804077,0.3347932696342468
fu:b1fed606,fu:770a684e,protein_protein_interaction,phosphorylation,0.1252654492855072,0.12554113566875458
fu:b1fed606,fu:6732a41f,protein_protein_interaction,phosphorylation,0.2500291168689728,0.25029921531677246
fu:b1fed606,fu:53e63667,protein_protein_interaction,phosphorylation,0.16704553365707397,0.16793592274188995
fu:b1fed606,fu:f4b875b3,protein_protein_interaction,phosphorylation,0.24995824694633484,0.25042012333869934
fu:b1fed606,fu:346aac61,protein_protein_interaction,phosphorylation,0.25019875168800354,0.2504309117794037
fu:6732a41f,fu:860fdcaa,protein_protein_interaction,phosphorylation,0.25011593103408813,0.25055792927742004
fu:53e63667,fu:860fdcaa,protein_protein_interaction,phosphorylation,0.24979427456855774,0.2502252757549286
fu:b1fed606,fu:c6ef8860,protein_protein_interaction,phosphorylation,0.33345866203308105,0.33415141701698303
fu:2b5c3e60,fu:a4e579d9,protein_protein_interaction,activation,0.11117821931838989,0.11172912269830704
fu:2b5c3e60,fu:435e22e3,protein_protein_interaction,activation,0.20011498034000397,0.20125454664230347
fu:69217a4b,fu:20a3b14c,protein_protein_interaction,activation,0.25012779235839844,0.2512187361717224
fu:3f6a023b,fu:f6a34c03,protein_protein_interaction,activation,0.3335672616958618,0.33401310443878174
fu:3f6a023b,fu:127bf490,protein_protein_interaction,activation,0.16680385172367096,0.16718655824661255
fu:3f6a023b,fu:a4e579d9,protein_protein_interaction,activation,0.11114486306905746,0.11117829382419586
fu:80de25d0,fu:127bf490,protein_protein_interaction,activation,0.1666133999824524,0.16679883003234863
fu:fcc91474,fu:5e066f99,protein_protein_interaction,activation,0.33362433314323425,0.335338830947876
fu:435e22e3,fu:ad5afd37,protein_protein_interaction,phosphorylation,0.24994346499443054,0.2502724826335907
fu:e83e0bc2,fu:a7fa684d,protein_protein_interaction,phosphorylation,0.24987375736236572,0.25020185112953186
fu:3687d0f8,fu:a4e579d9,protein_protein_interaction,phosphorylation,0.11108855158090591,0.11139491945505142
fu:3202b50f,fu:a4e579d9,protein_protein_interaction,phosphorylation,0.11103085428476334,0.1113753691315651
fu:12e2c442,fu:3cd4cf69,protein_protein_interaction,phosphorylation,0.12485247850418091,0.12520495057106018
fu:ef42bc35,fu:3cd4cf69,protein_protein_interaction,phosphorylation,0.12503179907798767,0.12542583048343658
fu:3ce31490,fu:3cd4cf69,protein_protein_interaction,phosphorylation,0.12507523596286774,0.12572817504405975
fu:127bf490,fu:39b0ba80,protein_protein_interaction,phosphorylation,0.12484019994735718,0.1250477135181427
fu:127bf490,fu:57f73e22,protein_protein_interaction,phosphorylation,0.12484106421470642,0.12504160404205322
fu:4dbb2d89,fu:f132c1b4,protein_protein_interaction,phosphorylation,0.24951240420341492,0.25051483511924744
fu:4dbb2d89,fu:e96fee09,protein_protein_interaction,phosphorylation,0.12495317310094833,0.12513214349746704
fu:4dbb2d89,fu:39b0ba80,protein_protein_interaction,phosphorylation,0.12488129734992981,0.1250808835029602
fu:4dbb2d89,fu:57f73e22,protein_protein_interaction,phosphorylation,0.12488317489624023,0.12507477402687073
fu:4dbb2d89,fu:ede2f5af,protein_protein_interaction,phosphorylation,0.33299335837364197,0.33352503180503845
fu:fe378cbc,fu:39b0ba80,protein_protein_interaction,phosphorylation,0.12509354948997498,0.12537521123886108
fu:fe378cbc,fu:57f73e22,protein_protein_interaction,phosphorylation,0.1250954270362854,0.12539038062095642
fu:39b0ba80,fu:828681e8,protein_protein_interaction,phosphorylation,0.110966257750988,0.11139486730098724
fu:57f73e22,fu:828681e8,protein_protein_interaction,phosphorylation,0.11096161603927612,0.11137624830007553
fu:828681e8,fu:fa6497d0,protein_protein_interaction,phosphorylation,0.333684504032135,0.3345361053943634
fu:828681e8,fu:2be3360b,protein_protein_interaction,phosphorylation,0.2500450015068054,0.25054481625556946
fu:828681e8,fu:7d38c72e,protein_protein_interaction,phosphorylation,0.25008952617645264,0.2503357529640198
fu:828681e8,fu:13ad26cc,protein_protein_interaction,phosphorylation,0.33362773060798645,0.33438730239868164
fu:828681e8,fu:2b9b82f8,protein_protein_interaction,phosphorylation,0.33402958512306213,0.3355461061000824
fu:828681e8,fu:83098143,protein_protein_interaction,phosphorylation,0.33403831720352173,0.3348880410194397
fu:828681e8,fu:9217ec0a,protein_protein_interaction,phosphorylation,0.333729088306427,0.33445218205451965
fu:828681e8,fu:a6e8f63a,protein_protein_interaction,phosphorylation,0.33360737562179565,0.3345361351966858
fu:828681e8,fu:dd701a8d,protein_protein_interaction,phosphorylation,0.249726802110672,0.25023946166038513
fu:828681e8,fu:3273328d,protein_protein_interaction,phosphorylation,0.25032681226730347,0.2512446939945221
fu:828681e8,fu:6463ffd1,protein_protein_interaction,phosphorylation,0.33379849791526794,0.33488696813583374
fu:a6e8f63a,fu:18b46668,protein_protein_interaction,phosphorylation,0.24975426495075226,0.2504928708076477
fu:dd701a8d,fu:18b46668,protein_protein_interaction,phosphorylation,0.2502601742744446,0.2509807348251343
fu:dd701a8d,fu:b5bf47cc,protein_protein_interaction,phosphorylation,0.25035062432289124,0.2511025667190552
fu:3273328d,fu:b5bf47cc,protein_protein_interaction,phosphorylation,0.24971798062324524,0.2501971125602722
fu:9a13759c,fu:4e3892e3,protein_protein_interaction,phosphorylation,0.33324193954467773,0.33364883065223694
fu:4e3892e3,fu:aeb42500,protein_protein_interaction,phosphorylation,0.3336130976676941,0.3339330852031708
fu:f13c95ed,fu:f132c1b4,protein_protein_interaction,phosphorylation,0.24936649203300476,0.25062286853790283
fu:f13c95ed,fu:e96fee09,protein_protein_interaction,phosphorylation,0.12493377923965454,0.1250530332326889
fu:f13c95ed,fu:74ae7efc,protein_protein_interaction,phosphorylation,0.1249212697148323,0.12511035799980164
fu:f13c95ed,fu:e711f0a6,protein_protein_interaction,phosphorylation,0.12491019070148468,0.1251198798418045
fu:a4e579d9,fu:e96fee09,protein_protein_interaction,phosphorylation,0.12496788799762726,0.12514498829841614
fu:a4e579d9,fu:d1f9d8ef,protein_protein_interaction,phosphorylation,0.19989410042762756,0.20054106414318085
fu:a7fa684d,fu:3cd4cf69,protein_protein_interaction,phosphorylation,0.12494044005870819,0.125026136636734
fu:a4e579d9,fu:74ae7efc,protein_protein_interaction,phosphorylation,0.12495534867048264,0.12505635619163513
fu:a4e579d9,fu:e711f0a6,protein_protein_interaction,phosphorylation,0.12494425475597382,0.1250469982624054
fu:d1f9d8ef,fu:ba3ca63f,protein_protein_interaction,phosphorylation,0.09090165048837662,0.09098545461893082
fu:3cd4cf69,fu:ba3ca63f,protein_protein_interaction,phosphorylation,0.09086455404758453,0.09093806147575378
fu:ba3ca63f,fu:db67d58a,protein_protein_interaction,phosphorylation,0.24937939643859863,0.2502610683441162
fu:ba3ca63f,fu:6625a9a4,protein_protein_interaction,phosphorylation,0.3322761058807373,0.3335668742656708
fu:ba3ca63f,fu:2be3360b,protein_protein_interaction,phosphorylation,0.24961590766906738,0.25011545419692993
fu:ba3ca63f,fu:7d38c72e,protein_protein_interaction,phosphorylation,0.24966008961200714,0.2501409947872162
fu:ba3ca63f,fu:6d28341f,protein_protein_interaction,inhibition|phosphorylation,0.25009649991989136,0.2502511143684387
fu:ba3ca63f,fu:3e02b3f0,protein_protein_interaction,inhibition|phosphorylation,0.25023752450942993,0.25047317147254944
fu:5feacf84,fu:6d28341f,protein_protein_interaction,dephosphorylation,0.24979618191719055,0.25038573145866394
fu:2959a7f6,fu:127bf490,protein_protein_interaction,inhibition|phosphorylation,0.1666099727153778,0.166696235537529
fu:2959a7f6,fu:d1f9d8ef,protein_protein_interaction,inhibition|phosphorylation,0.19971975684165955,0.20018525421619415
fu:5feacf84,fu:3e02b3f0,protein_protein_interaction,dephosphorylation,0.24993585050106049,0.2504710555076599
fu:fa467b33,fu:35bcc57b,protein_protein_interaction,inhibition,0.06663238257169724,0.06681418418884277
fu:368c2fa7,fu:35bcc57b,protein_protein_interaction,inhibition,0.06667119264602661,0.06708139181137085
fu:69624e88,fu:35bcc57b,protein_protein_interaction,inhibition,0.06666624546051025,0.06675399094820023
fu:084a3d94,fu:b1fed606,protein_protein_interaction,inhibition|dephosphorylation,0.1428099274635315,0.1429901421070099
fu:fd226da5,fu:b1fed606,protein_protein_interaction,inhibition|dephosphorylation,0.14291538298130035,0.14326421916484833
fu:377d6159,fu:ba3ca63f,protein_protein_interaction,inhibition|dephosphorylation,0.09107425063848495,0.09155073016881943
fu:377d6159,fu:828681e8,protein_protein_interaction,inhibition|dephosphorylation,0.11111889779567719,0.1113525927066803
fu:86cdce68,fu:ba3ca63f,protein_protein_interaction,inhibition|dephosphorylation,0.09101763367652893,0.09139786660671234
fu:86cdce68,fu:828681e8,protein_protein_interaction,inhibition|dephosphorylation,0.11105003952980042,0.11116667091846466
fu:628792dc,fu:39b0ba80,protein_protein_interaction,inhibition|dephosphorylation,0.12512856721878052,0.12560345232486725
fu:628792dc,fu:57f73e22,protein_protein_interaction,inhibition|dephosphorylation,0.12513044476509094,0.12561866641044617
fu:628792dc,fu:3cd4cf69,protein_protein_interaction,inhibition|dephosphorylation,0.12516778707504272,0.1257571429014206
fu:628792dc,fu:d1f9d8ef,protein_protein_interaction,inhibition|dephosphorylation,0.20016156136989594,0.2008039653301239
fu:c1b5761a,fu:127bf490,protein_protein_interaction,inhibition|dephosphorylation,0.16666947305202484,0.16703183948993683
fu:0047a61e,fu:4dbb2d89,protein_protein_interaction,inhibition|dephosphorylation,0.19993820786476135,0.2001921385526657
fu:4b038677,fu:ba3ca63f,protein_protein_interaction,inhibition,0.09079055488109589,0.09097844362258911
fu:95cbce1b,fu:ba3ca63f,protein_protein_interaction,inhibition,0.09091970324516296,0.09166865795850754
fu:50d7c36d,fu:2c3cace2,gene_expression_regulation,expression,0.3334784209728241,0.3336760699748993
fu:ac41e7b6,fu:cc0e0a55,protein_protein_interaction,indirect effect,0.20058591663837433,0.20181505382061005
fu:f132c1b4,fu:6b254be8,protein_protein_interaction,indirect effect,0.14295724034309387,0.14546085894107819
fu:e96fee09,fu:6b254be8,protein_protein_interaction,indirect effect,0.14271970093250275,0.14291590452194214
fu:dd374616,fu:7e2a8487,protein_protein_interaction,compound,0.2503722012042999,0.2517554461956024
fu:dd374616,fu:82456880,protein_protein_interaction,compound,0.16691577434539795,0.16756907105445862
fu:69217a4b,fu:435e22e3,protein_protein_interaction,activation,0.20005613565444946,0.2004433274269104
fu:69217a4b,fu:a4e579d9,protein_protein_interaction,activation,0.11112236231565475,0.11127876490354538
fu:f132c1b4,fu:e96fee09,protein_protein_interaction,phosphorylation,0.1250828504562378,0.1270739585161209
fu:cc0e0a55,fu:4dbb2d89,protein_protein_interaction,activation,0.20003512501716614,0.2001887559890747
fu:1bdb6764,fu:4dbb2d89,protein_protein_interaction,activation,0.20009326934814453,0.20042745769023895
fu:0c8f29ae,fu:11724fb3,protein_protein_interaction,,0.33236122131347656,0.33331507444381714
fu:11724fb3,fu:3f6a023b,protein_protein_interaction,activation,0.33386486768722534,0.33519142866134644
fu:11724fb3,fu:69217a4b,protein_protein_interaction,activation|indirect effect,0.3339160084724426,0.3347063362598419
fu:f017c41c,fu:41d49051,protein_protein_interaction,activation,0.33273667097091675,0.3333640694618225
fu:41d49051,fu:114f4869,protein_protein_interaction,activation,0.2500509023666382,0.25037866830825806
fu:3f6a023b,fu:cc0e0a55,protein_protein_interaction,activation,0.19986465573310852,0.200058251619339
fu:114f4869,fu:d3570c60,protein_protein_interaction,activation|indirect effect,0.19996213912963867,0.20028460025787354
fu:d3570c60,fu:cc0e0a55,protein_protein_interaction,binding/association,0.19977572560310364,0.200306236743927
fu:8933daca,fu:7f7b2f5f,protein_protein_interaction,activation,0.035797543823719025,0.0360369011759758
fu:35bcc57b,fu:dcf55614,protein_protein_interaction,activation,0.33316051959991455,0.33388715982437134
fu:dcf55614,fu:74ae7efc,protein_protein_interaction,activation|phosphorylation,0.1250033676624298,0.12509194016456604
fu:dcf55614,fu:e711f0a6,protein_protein_interaction,activation|phosphorylation,0.1249922513961792,0.12504881620407104
fu:5e066f99,fu:39b0ba80,protein_protein_interaction,activation|phosphorylation,0.1248612329363823,0.1250675767660141
fu:5e066f99,fu:57f73e22,protein_protein_interaction,activation|phosphorylation,0.12486309558153152,0.1250716894865036
fu:e2d583f5,fu:39b0ba80,protein_protein_interaction,activation|phosphorylation,0.12484818696975708,0.1250906139612198
fu:e2d583f5,fu:57f73e22,protein_protein_interaction,activation|phosphorylation,0.1248449981212616,0.12508495151996613
fu:35bcc57b,fu:a4e579d9,protein_protein_interaction,,0.11103539168834686,0.1111169382929802
MIMAT0000076,MIMAT0000076,self_loop,self_loop,1.0,1.0
MIMAT0000089,MIMAT0000089,self_loop,self_loop,1.0,1.0
MIMAT0000232,MIMAT0000232,self_loop,self_loop,1.0,1.0
MIMAT0000252,MIMAT0000252,self_loop,self_loop,1.0,1.0
MIMAT0000255,MIMAT0000255,self_loop,self_loop,1.0,1.0
MIMAT0000262,MIMAT0000262,self_loop,self_loop,1.0,1.0
MIMAT0000263,MIMAT0000263,self_loop,self_loop,1.0,1.0
MIMAT0000265,MIMAT0000265,self_loop,self_loop,1.0,1.0
MIMAT0000271,MIMAT0000271,self_loop,self_loop,1.0,1.0
MIMAT0000278,MIMAT0000278,self_loop,self_loop,1.0,1.0
MIMAT0000279,MIMAT0000279,self_loop,self_loop,1.0,1.0
MIMAT0000430,MIMAT0000430,self_loop,self_loop,1.0,1.0
MIMAT0000436,MIMAT0000436,self_loop,self_loop,1.0,1.0
MIMAT0000441,MIMAT0000441,self_loop,self_loop,1.0,1.0
MIMAT0000461,MIMAT0000461,self_loop,self_loop,1.0,1.0
MIMAT0000707,MIMAT0000707,self_loop,self_loop,1.0,1.0
MIMAT0000728,MIMAT0000728,self_loop,self_loop,1.0,1.0
MIMAT0000733,MIMAT0000733,self_loop,self_loop,1.0,1.0
MIMAT0001413,MIMAT0001413,self_loop,self_loop,1.0,1.0
MIMAT0001631,MIMAT0001631,self_loop,self_loop,1.0,1.0
MIMAT0002177,MIMAT0002177,self_loop,self_loop,1.0,1.0
MIMAT0002809,MIMAT0002809,self_loop,self_loop,1.0,1.0
MIMAT0003233,MIMAT0003233,self_loop,self_loop,1.0,1.0
MIMAT0003322,MIMAT0003322,self_loop,self_loop,1.0,1.0
MIMAT0004563,MIMAT0004563,self_loop,self_loop,1.0,1.0
MIMAT0004766,MIMAT0004766,self_loop,self_loop,1.0,1.0
MIMAT0005824,MIMAT0005824,self_loop,self_loop,1.0,1.0
MIMAT0005899,MIMAT0005899,self_loop,self_loop,1.0,1.0
MIMAT0004501,MIMAT0004501,self_loop,self_loop,1.0,1.0
MIMAT0004504,MIMAT0004504,self_loop,self_loop,1.0,1.0
MIMAT0004554,MIMAT0004554,self_loop,self_loop,1.0,1.0
MIMAT0004568,MIMAT0004568,self_loop,self_loop,1.0,1.0
MIMAT0004600,MIMAT0004600,self_loop,self_loop,1.0,1.0
MIMAT0004607,MIMAT0004607,self_loop,self_loop,1.0,1.0
MIMAT0006790,MIMAT0006790,self_loop,self_loop,1.0,1.0
CREB5,CREB5,self_loop,self_loop,0.4998619258403778,0.5004743933677673
SETD1B,SETD1B,self_loop,self_loop,0.49970752000808716,0.5004161596298218
RORA,RORA,self_loop,self_loop,0.33324113488197327,0.333568274974823
GRIN2B,GRIN2B,self_loop,self_loop,0.4995909333229065,0.5005486011505127
ATXN1,ATXN1,self_loop,self_loop,0.19996891915798187,0.20000934600830078
TCF20,TCF20,self_loop,self_loop,0.4998789131641388,0.500572919845581
EFHD2,EFHD2,self_loop,self_loop,0.4998781085014343,0.5005577206611633
TPM3,TPM3,self_loop,self_loop,0.24993997812271118,0.25009000301361084
ERGIC1,ERGIC1,self_loop,self_loop,0.4999731779098511,0.5007516145706177
ATP6V1A,ATP6V1A,self_loop,self_loop,0.4997437000274658,0.5004006028175354
CSNK2A1,CSNK2A1,self_loop,self_loop,0.3332745432853699,0.33354848623275757
PEX5L,PEX5L,self_loop,self_loop,0.49979907274246216,0.5007054209709167
SLC46A1,SLC46A1,self_loop,self_loop,0.49992722272872925,0.5006037950515747
CYBRD1,CYBRD1,self_loop,self_loop,0.5001765489578247,0.5013703107833862
GNA13,GNA13,self_loop,self_loop,0.3332952857017517,0.33366501331329346
PAG1,PAG1,self_loop,self_loop,0.4997616708278656,0.5002703666687012
MECP2,MECP2,self_loop,self_loop,0.33325111865997314,0.33363640308380127
IGFBP4,IGFBP4,self_loop,self_loop,0.5000889897346497,0.5010959506034851
YY1,YY1,self_loop,self_loop,0.3332657814025879,0.333499938249588
RSBN1,RSBN1,self_loop,self_loop,0.49982208013534546,0.5007237792015076
EIF4EBP1,EIF4EBP1,self_loop,self_loop,0.49974751472473145,0.5006254315376282
RHOC,RHOC,self_loop,self_loop,0.49984872341156006,0.5002894401550293
DMKN,DMKN,self_loop,self_loop,0.49991562962532043,0.5009977221488953
DNAJB6,DNAJB6,self_loop,self_loop,0.3332816958427429,0.3335588574409485
NFKB1,NFKB1,self_loop,self_loop,0.4997180700302124,0.5004096627235413
LNPEP,LNPEP,self_loop,self_loop,0.3332247734069824,0.3335306942462921
TERT,TERT,self_loop,self_loop,0.5000132322311401,0.5008872151374817
ZMYND11,ZMYND11,self_loop,self_loop,0.3332330286502838,0.33358606696128845
EID1,EID1,self_loop,self_loop,0.4997870624065399,0.5001134872436523
YAP1,YAP1,self_loop,self_loop,0.4998543858528137,0.5004969835281372
MXD1,MXD1,self_loop,self_loop,0.49991750717163086,0.5002015233039856
MEAF6,MEAF6,self_loop,self_loop,0.49998605251312256,0.5003276467323303
IGF2BP1,IGF2BP1,self_loop,self_loop,0.4998632073402405,0.5007238984107971
BLCAP,BLCAP,self_loop,self_loop,0.33322298526763916,0.33333373069763184
CELF1,CELF1,self_loop,self_loop,0.49987462162971497,0.5006841421127319
S100A1,S100A1,self_loop,self_loop,0.4998488426208496,0.4999276101589203
FOXC1,FOXC1,self_loop,self_loop,0.499946653842926,0.5008658766746521
CDH2,CDH2,self_loop,self_loop,0.49979841709136963,0.5006225109100342
RPA1,RPA1,self_loop,self_loop,0.4997216463088989,0.5006304979324341
IGLON5,IGLON5,self_loop,self_loop,0.5002541542053223,0.501437246799469
CCND1,CCND1,self_loop,self_loop,0.33329033851623535,0.3335622549057007
BCL11A,BCL11A,self_loop,self_loop,0.49968641996383667,0.5003602504730225
ZNF426,ZNF426,self_loop,self_loop,0.49970778822898865,0.5001932382583618
PHKG2,PHKG2,self_loop,self_loop,0.4998975396156311,0.5005230903625488
FNDC3A,FNDC3A,self_loop,self_loop,0.4998023211956024,0.5003584623336792
IRS1,IRS1,self_loop,self_loop,0.4998210668563843,0.5003722310066223
TEX9,TEX9,self_loop,self_loop,0.5000115633010864,0.500923752784729
ADARB2,ADARB2,self_loop,self_loop,0.499980628490448,0.5005921125411987
SMAD4,SMAD4,self_loop,self_loop,0.24996024370193481,0.2500629127025604
SOD2,SOD2,self_loop,self_loop,0.16665500402450562,0.16667857766151428
BLMH,BLMH,self_loop,self_loop,0.49993979930877686,0.5005298852920532
REL,REL,self_loop,self_loop,0.4997256398200989,0.5005500912666321
KY,KY,self_loop,self_loop,0.499735563993454,0.5005192756652832
SLC12A7,SLC12A7,self_loop,self_loop,0.4998179078102112,0.5004569292068481
KLHDC8B,KLHDC8B,self_loop,self_loop,0.5002705454826355,0.5016255974769592
POLR3G,POLR3G,self_loop,self_loop,0.33319196105003357,0.33339130878448486
BIVM,BIVM,self_loop,self_loop,0.49973875284194946,0.5005912184715271
PTGS1,PTGS1,self_loop,self_loop,0.49972113966941833,0.5004302263259888
OLFML2A,OLFML2A,self_loop,self_loop,0.4997835159301758,0.5006996989250183
APOL6,APOL6,self_loop,self_loop,0.500088095664978,0.50102698802948
RAB8A,RAB8A,self_loop,self_loop,0.4998661279678345,0.5006183981895447
MAT2A,MAT2A,self_loop,self_loop,0.4999707341194153,0.5006892681121826
LSM4,LSM4,self_loop,self_loop,0.5000187158584595,0.5008193254470825
LIMD1,LIMD1,self_loop,self_loop,0.33324408531188965,0.33341237902641296
ZNF551,ZNF551,self_loop,self_loop,0.49972620606422424,0.500206470489502
CPEB4,CPEB4,self_loop,self_loop,0.49978840351104736,0.5004029870033264
GANAB,GANAB,self_loop,self_loop,0.3332291841506958,0.33348411321640015
GK5,GK5,self_loop,self_loop,0.4997062683105469,0.5006476044654846
USP48,USP48,self_loop,self_loop,0.33322733640670776,0.33352211117744446
LIMD2,LIMD2,self_loop,self_loop,0.4998410940170288,0.500170886516571
TMEM167A,TMEM167A,self_loop,self_loop,0.24995273351669312,0.2499920129776001
RUFY2,RUFY2,self_loop,self_loop,0.4998713731765747,0.5007075667381287
ZNRF3,ZNRF3,self_loop,self_loop,0.4998537302017212,0.5004404783248901
ARL8A,ARL8A,self_loop,self_loop,0.4998782277107239,0.5001818537712097
TMPRSS5,TMPRSS5,self_loop,self_loop,0.4999496042728424,0.5009636878967285
PMAIP1,PMAIP1,self_loop,self_loop,0.4999716877937317,0.5000746846199036
PPP1R11,PPP1R11,self_loop,self_loop,0.2499050796031952,0.2500235438346863
KCTD15,KCTD15,self_loop,self_loop,0.33332425355911255,0.33363762497901917
CCDC6,CCDC6,self_loop,self_loop,0.49981701374053955,0.5004361271858215
AKAP8,AKAP8,self_loop,self_loop,0.4997400641441345,0.5002932548522949
NOVA1,NOVA1,self_loop,self_loop,0.49999165534973145,0.5007073879241943
TRAF6,TRAF6,self_loop,self_loop,0.49974292516708374,0.5003144145011902
GXYLT2,GXYLT2,self_loop,self_loop,0.4999418258666992,0.5007566809654236
ZNF629,ZNF629,self_loop,self_loop,0.4997279644012451,0.5001863837242126
UMPS,UMPS,self_loop,self_loop,0.4998427629470825,0.5005273222923279
MRO,MRO,self_loop,self_loop,0.4999397397041321,0.5007916688919067
NDUFB5,NDUFB5,self_loop,self_loop,0.5000400543212891,0.5008098483085632
KIF21A,KIF21A,self_loop,self_loop,0.499781996011734,0.5007389783859253
SBNO1,SBNO1,self_loop,self_loop,0.49978315830230713,0.5006718039512634
ACVR2A,ACVR2A,self_loop,self_loop,0.49978184700012207,0.5005473494529724
GPR27,GPR27,self_loop,self_loop,0.5002909302711487,0.5014045834541321
TCF3,TCF3,self_loop,self_loop,0.49977242946624756,0.5004457831382751
BCL2,BCL2,self_loop,self_loop,0.5001774430274963,0.5013852715492249
KANK1,KANK1,self_loop,self_loop,0.49984216690063477,0.5004960894584656
FGF2,FGF2,self_loop,self_loop,0.24996218085289001,0.2500694990158081
ZNF275,ZNF275,self_loop,self_loop,0.2499532699584961,0.25004151463508606
TMEM135,TMEM135,self_loop,self_loop,0.4998107850551605,0.5007280111312866
GOSR1,GOSR1,self_loop,self_loop,0.5000227093696594,0.5004163980484009
GNB1,GNB1,self_loop,self_loop,0.5000976324081421,0.5008588433265686
PLEKHA1,PLEKHA1,self_loop,self_loop,0.49996939301490784,0.5006742477416992
AVL9,AVL9,self_loop,self_loop,0.49975287914276123,0.5003628134727478
HNRNPA2B1,HNRNPA2B1,self_loop,self_loop,0.5001218318939209,0.5015066862106323
MTHFR,MTHFR,self_loop,self_loop,0.4997084140777588,0.5004305243492126
CHEK1,CHEK1,self_loop,self_loop,0.49973952770233154,0.5007134675979614
TBL1XR1,TBL1XR1,self_loop,self_loop,0.4997919499874115,0.5005240440368652
RASEF,RASEF,self_loop,self_loop,0.49978116154670715,0.50055992603302
TAB3,TAB3,self_loop,self_loop,0.4999091625213623,0.5007319450378418
CPNE1,CPNE1,self_loop,self_loop,0.49980467557907104,0.5004308223724365
LRRC57,LRRC57,self_loop,self_loop,0.5000078678131104,0.5005784034729004
LSM11,LSM11,self_loop,self_loop,0.500194251537323,0.5013032555580139
RAB3IP,RAB3IP,self_loop,self_loop,0.33325135707855225,0.3335427939891815
CBFA2T3,CBFA2T3,self_loop,self_loop,0.4998779296875,0.5005605816841125
DICER1,DICER1,self_loop,self_loop,0.33324018120765686,0.33358386158943176
SMURF1,SMURF1,self_loop,self_loop,0.49977076053619385,0.5003259778022766
RASSF5,RASSF5,self_loop,self_loop,0.5000041723251343,0.5006810426712036
GNAL,GNAL,self_loop,self_loop,0.49985167384147644,0.5008096694946289
BSG,BSG,self_loop,self_loop,0.33334410190582275,0.33366644382476807
UBE2V1,UBE2V1,self_loop,self_loop,0.3333004117012024,0.33368226885795593
CCDC80,CCDC80,self_loop,self_loop,0.24997565150260925,0.250112384557724
CYLD,CYLD,self_loop,self_loop,0.49968892335891724,0.5003024339675903
ZBTB34,ZBTB34,self_loop,self_loop,0.3332458436489105,0.3333855867385864
SEC61A1,SEC61A1,self_loop,self_loop,0.49984192848205566,0.5005398392677307
HEYL,HEYL,self_loop,self_loop,0.5002408623695374,0.5014888048171997
TSC22D2,TSC22D2,self_loop,self_loop,0.24997060000896454,0.25007423758506775
CPEB3,CPEB3,self_loop,self_loop,0.4999261200428009,0.5005763173103333
WIPI2,WIPI2,self_loop,self_loop,0.4998910129070282,0.5005168914794922
SERBP1,SERBP1,self_loop,self_loop,0.5000698566436768,0.5008286237716675
AKAP11,AKAP11,self_loop,self_loop,0.49963319301605225,0.5004720687866211
CDC37L1,CDC37L1,self_loop,self_loop,0.5001228451728821,0.5006140470504761
STX17,STX17,self_loop,self_loop,0.5001919269561768,0.5006993412971497
RFK,RFK,self_loop,self_loop,0.4999111294746399,0.5003442168235779
PDE4D,PDE4D,self_loop,self_loop,0.4998123347759247,0.5005184412002563
BAG4,BAG4,self_loop,self_loop,0.4999934136867523,0.5012263059616089
BZW1,BZW1,self_loop,self_loop,0.4999215602874756,0.5008594393730164
CCNE1,CCNE1,self_loop,self_loop,0.4999413788318634,0.5007128715515137
CCNT1,CCNT1,self_loop,self_loop,0.33324480056762695,0.33359962701797485
CCNT2,CCNT2,self_loop,self_loop,0.3332448899745941,0.33356809616088867
TPI1,TPI1,self_loop,self_loop,0.5001257658004761,0.5010880827903748
SHOC2,SHOC2,self_loop,self_loop,0.49972957372665405,0.5008325576782227
DNAJC10,DNAJC10,self_loop,self_loop,0.3332449793815613,0.33359771966934204
ABCB7,ABCB7,self_loop,self_loop,0.499907910823822,0.5007876753807068
CDV3,CDV3,self_loop,self_loop,0.5001645684242249,0.5010489225387573
ETNK1,ETNK1,self_loop,self_loop,0.5000727772712708,0.5006968379020691
C21orf62,C21orf62,self_loop,self_loop,0.33333003520965576,0.3333360552787781
MIB1,MIB1,self_loop,self_loop,0.4998851418495178,0.5004854798316956
TAOK1,TAOK1,self_loop,self_loop,0.33324605226516724,0.3335264325141907
RPRD1B,RPRD1B,self_loop,self_loop,0.500136137008667,0.5008015632629395
HAUS3,HAUS3,self_loop,self_loop,0.49980300664901733,0.5008110404014587
DCAF17,DCAF17,self_loop,self_loop,0.4997478127479553,0.5005211234092712
GABARAPL1,GABARAPL1,self_loop,self_loop,0.4997544288635254,0.5001327991485596
LUZP1,LUZP1,self_loop,self_loop,0.4998354911804199,0.5008557438850403
SMAD3,SMAD3,self_loop,self_loop,0.49996453523635864,0.5007708072662354
TKTL1,TKTL1,self_loop,self_loop,0.4998044967651367,0.5006151795387268
VEGFA,VEGFA,self_loop,self_loop,0.3333660662174225,0.33367669582366943
THRAP3,THRAP3,self_loop,self_loop,0.4997275769710541,0.5005570650100708
CD180,CD180,self_loop,self_loop,0.33323097229003906,0.3335174322128296
ACTR2,ACTR2,self_loop,self_loop,0.4999951720237732,0.5007069706916809
ARIH1,ARIH1,self_loop,self_loop,0.49973779916763306,0.5002226829528809
PURA,PURA,self_loop,self_loop,0.5002657175064087,0.501130223274231
MLLT6,MLLT6,self_loop,self_loop,0.49979686737060547,0.5003021955490112
PSKH1,PSKH1,self_loop,self_loop,0.5000039339065552,0.5008192658424377
YWHAQ,YWHAQ,self_loop,self_loop,0.5000066757202148,0.5005077123641968
VPS4A,VPS4A,self_loop,self_loop,0.4998598098754883,0.5007417798042297
RACGAP1,RACGAP1,self_loop,self_loop,0.3332590162754059,0.33362463116645813
VCL,VCL,self_loop,self_loop,0.4999238848686218,0.5009049773216248
SOCS5,SOCS5,self_loop,self_loop,0.33323705196380615,0.3334991931915283
OCRL,OCRL,self_loop,self_loop,0.49977970123291016,0.5007598996162415
KPNA1,KPNA1,self_loop,self_loop,0.4997897148132324,0.500702977180481
PAFAH1B2,PAFAH1B2,self_loop,self_loop,0.5000942349433899,0.5007105469703674
CCL4,CCL4,self_loop,self_loop,0.4998297691345215,0.5003584623336792
SNCG,SNCG,self_loop,self_loop,0.5000608563423157,0.5008627772331238
CREG1,CREG1,self_loop,self_loop,0.5001323223114014,0.5010919570922852
ARHGDIA,ARHGDIA,self_loop,self_loop,0.4999581575393677,0.5003385543823242
MAP4K2,MAP4K2,self_loop,self_loop,0.49976658821105957,0.5004704594612122
RAPH1,RAPH1,self_loop,self_loop,0.499746710062027,0.5006476640701294
MAFK,MAFK,self_loop,self_loop,0.5000768899917603,0.5007076263427734
ENTPD6,ENTPD6,self_loop,self_loop,0.4998842179775238,0.5006004571914673
APP,APP,self_loop,self_loop,0.3332316279411316,0.3334924280643463
SH3BGRL2,SH3BGRL2,self_loop,self_loop,0.4997446835041046,0.5000534057617188
KATNAL1,KATNAL1,self_loop,self_loop,0.33325356245040894,0.3336150646209717
GNAT1,GNAT1,self_loop,self_loop,0.4999866485595703,0.5007979869842529
ZNF585B,ZNF585B,self_loop,self_loop,0.49973899126052856,0.5004045963287354
YTHDC1,YTHDC1,self_loop,self_loop,0.49971577525138855,0.5002857446670532
ZNF284,ZNF284,self_loop,self_loop,0.49972814321517944,0.5002617239952087
TSPAN3,TSPAN3,self_loop,self_loop,0.3333962857723236,0.3337743580341339
LIN54,LIN54,self_loop,self_loop,0.33329617977142334,0.33359405398368835
CCNL1,CCNL1,self_loop,self_loop,0.19997850060462952,0.20006157457828522
FOXA2,FOXA2,self_loop,self_loop,0.5000177621841431,0.5009109973907471
TFAM,TFAM,self_loop,self_loop,0.33329132199287415,0.3335571587085724
MET,MET,self_loop,self_loop,0.33324918150901794,0.3335264027118683
MAPK9,MAPK9,self_loop,self_loop,0.33326733112335205,0.3335414230823517
HGF,HGF,self_loop,self_loop,0.4996710419654846,0.5004279017448425
PAK4,PAK4,self_loop,self_loop,0.33331888914108276,0.33357155323028564
ZNF394,ZNF394,self_loop,self_loop,0.4997987151145935,0.5002807378768921
JAG1,JAG1,self_loop,self_loop,0.4997960031032562,0.5002532005310059
CSGALNACT1,CSGALNACT1,self_loop,self_loop,0.4998079836368561,0.5005437135696411
EXTL3,EXTL3,self_loop,self_loop,0.4997784197330475,0.5004869699478149
KIT,KIT,self_loop,self_loop,0.33322152495384216,0.33351919054985046
OXSR1,OXSR1,self_loop,self_loop,0.499789297580719,0.5005999803543091
HES1,HES1,self_loop,self_loop,0.5001269578933716,0.5011830925941467
POLA2,POLA2,self_loop,self_loop,0.4997047185897827,0.5002210736274719
PDE11A,PDE11A,self_loop,self_loop,0.49975866079330444,0.500476598739624
ZNF846,ZNF846,self_loop,self_loop,0.4997771978378296,0.5003325939178467
CHCHD4,CHCHD4,self_loop,self_loop,0.49977749586105347,0.500140905380249
DDI2,DDI2,self_loop,self_loop,0.33328813314437866,0.33354777097702026
ZNF584,ZNF584,self_loop,self_loop,0.4998568296432495,0.500287652015686
SLC26A2,SLC26A2,self_loop,self_loop,0.4997365474700928,0.5005583763122559
PODXL,PODXL,self_loop,self_loop,0.3331958055496216,0.3335096836090088
ADAT2,ADAT2,self_loop,self_loop,0.5000489354133606,0.5006656646728516
ANKFY1,ANKFY1,self_loop,self_loop,0.4998883605003357,0.5007691979408264
CHCHD3,CHCHD3,self_loop,self_loop,0.5000082850456238,0.5003785490989685
CD44,CD44,self_loop,self_loop,0.3331878185272217,0.33345258235931396
MTA3,MTA3,self_loop,self_loop,0.4998128414154053,0.5007128119468689
TLK2,TLK2,self_loop,self_loop,0.49989938735961914,0.5006940960884094
HOXA10,HOXA10,self_loop,self_loop,0.500046968460083,0.5009005069732666
ZBTB20,ZBTB20,self_loop,self_loop,0.4997577667236328,0.5001587271690369
CTSC,CTSC,self_loop,self_loop,0.49984532594680786,0.5003829002380371
CLNK,CLNK,self_loop,self_loop,0.4998379945755005,0.5007115006446838
NR3C1,NR3C1,self_loop,self_loop,0.4997381865978241,0.5004762411117554
ENAH,ENAH,self_loop,self_loop,0.49990564584732056,0.5004927515983582
LRRC55,LRRC55,self_loop,self_loop,0.5001158714294434,0.50086510181427
CDH11,CDH11,self_loop,self_loop,0.4997745156288147,0.5005813241004944
TCF4,TCF4,self_loop,self_loop,0.3332197070121765,0.33338314294815063
SRGAP1,SRGAP1,self_loop,self_loop,0.49987947940826416,0.5008307099342346
POU2F1,POU2F1,self_loop,self_loop,0.33328312635421753,0.3336368203163147
TRPM3,TRPM3,self_loop,self_loop,0.49981629848480225,0.5006715655326843
SYT6,SYT6,self_loop,self_loop,0.4997557997703552,0.500706136226654
ATP2B1,ATP2B1,self_loop,self_loop,0.3332519829273224,0.333635538816452
CAMK2G,CAMK2G,self_loop,self_loop,0.4998486042022705,0.5007380843162537
PRKAR1A,PRKAR1A,self_loop,self_loop,0.5000078678131104,0.5007988214492798
RUNX2,RUNX2,self_loop,self_loop,0.4998185336589813,0.500502347946167
NTRK2,NTRK2,self_loop,self_loop,0.49972471594810486,0.5005407333374023
WNK3,WNK3,self_loop,self_loop,0.49977320432662964,0.5007922053337097
CDH8,CDH8,self_loop,self_loop,0.4997587203979492,0.5006440281867981
POU2F2,POU2F2,self_loop,self_loop,0.4998430609703064,0.5005029439926147
AGAP1,AGAP1,self_loop,self_loop,0.3332401514053345,0.33350351452827454
IKZF2,IKZF2,self_loop,self_loop,0.4997864067554474,0.5003191232681274
ZNF385D,ZNF385D,self_loop,self_loop,0.5000017881393433,0.5011798143386841
ZNF362,ZNF362,self_loop,self_loop,0.4999311566352844,0.5005411505699158
PHF13,PHF13,self_loop,self_loop,0.4998253285884857,0.5006042718887329
ALDH1A2,ALDH1A2,self_loop,self_loop,0.4998323321342468,0.5007309913635254
ST3GAL1,ST3GAL1,self_loop,self_loop,0.5000416040420532,0.5008425116539001
B4GALNT3,B4GALNT3,self_loop,self_loop,0.49981844425201416,0.5005756616592407
OPN5,OPN5,self_loop,self_loop,0.4999789595603943,0.5007622838020325
ZSCAN22,ZSCAN22,self_loop,self_loop,0.4998333752155304,0.5003656148910522
BCL9L,BCL9L,self_loop,self_loop,0.49997958540916443,0.5007673501968384
GALNT10,GALNT10,self_loop,self_loop,0.4998226761817932,0.5006928443908691
SFT2D2,SFT2D2,self_loop,self_loop,0.49988773465156555,0.5000886917114258
CREB1,CREB1,self_loop,self_loop,0.5003101825714111,0.5011028051376343
MBNL1,MBNL1,self_loop,self_loop,0.5001998543739319,0.501046359539032
SEMA4G,SEMA4G,self_loop,self_loop,0.4997732937335968,0.500443696975708
PTPRT,PTPRT,self_loop,self_loop,0.49987393617630005,0.5004605054855347
CCR5,CCR5,self_loop,self_loop,0.5000221133232117,0.5008718371391296
MAPRE2,MAPRE2,self_loop,self_loop,0.5001117587089539,0.5006987452507019
SERP1,SERP1,self_loop,self_loop,0.5001049041748047,0.5003750920295715
USP47,USP47,self_loop,self_loop,0.4997328519821167,0.5004494786262512
ZWILCH,ZWILCH,self_loop,self_loop,0.4997779130935669,0.5006731152534485
PRLR,PRLR,self_loop,self_loop,0.4997064471244812,0.5004536509513855
ZNF48,ZNF48,self_loop,self_loop,0.4997800886631012,0.5003176927566528
AKAP1,AKAP1,self_loop,self_loop,0.4997938871383667,0.5004502534866333
SPIB,SPIB,self_loop,self_loop,0.5000221729278564,0.5006720423698425
CDX2,CDX2,self_loop,self_loop,0.33345383405685425,0.3338640332221985
IL11,IL11,self_loop,self_loop,0.5001789927482605,0.5010619163513184
AKAP13,AKAP13,self_loop,self_loop,0.49972596764564514,0.5001957416534424
DPF3,DPF3,self_loop,self_loop,0.5000298619270325,0.5004935264587402
ETF1,ETF1,self_loop,self_loop,0.4998264014720917,0.5006598234176636
AP1S1,AP1S1,self_loop,self_loop,0.49983468651771545,0.49998292326927185
GTDC1,GTDC1,self_loop,self_loop,0.49977394938468933,0.5005868673324585
FARP1,FARP1,self_loop,self_loop,0.4998350739479065,0.5007330179214478
SYNJ2BP,SYNJ2BP,self_loop,self_loop,0.5001860857009888,0.5012485384941101
VN1R1,VN1R1,self_loop,self_loop,0.49995797872543335,0.5007511973381042
BCL7A,BCL7A,self_loop,self_loop,0.49985364079475403,0.500198483467102
BACH2,BACH2,self_loop,self_loop,0.4997570514678955,0.500468909740448
MCL1,MCL1,self_loop,self_loop,0.5001566410064697,0.5009902715682983
LRRC4,LRRC4,self_loop,self_loop,0.4997987747192383,0.5005064606666565
WWC2,WWC2,self_loop,self_loop,0.4998179078102112,0.5006498098373413
SOST,SOST,self_loop,self_loop,0.5001562833786011,0.5008506774902344
BDNF,BDNF,self_loop,self_loop,0.4999886155128479,0.5006151795387268
USP14,USP14,self_loop,self_loop,0.4998137950897217,0.5007688999176025
MDFI,MDFI,self_loop,self_loop,0.49992430210113525,0.5005735754966736
IPO7,IPO7,self_loop,self_loop,0.4998358488082886,0.5008260011672974
TXNIP,TXNIP,self_loop,self_loop,0.4998787045478821,0.5006088614463806
ERF,ERF,self_loop,self_loop,0.4997386932373047,0.5003846287727356
WDR3,WDR3,self_loop,self_loop,0.499764621257782,0.5006487369537354
SERINC3,SERINC3,self_loop,self_loop,0.4996870160102844,0.5005214810371399
TPPP,TPPP,self_loop,self_loop,0.4999511241912842,0.5004514455795288
PADI2,PADI2,self_loop,self_loop,0.49969592690467834,0.5004756450653076
ANGPTL2,ANGPTL2,self_loop,self_loop,0.4999457895755768,0.5004875659942627
G3BP2,G3BP2,self_loop,self_loop,0.24995265901088715,0.25002583861351013
ASGR1,ASGR1,self_loop,self_loop,0.5001047253608704,0.5008351802825928
GLP1R,GLP1R,self_loop,self_loop,0.4998170733451843,0.5004760026931763
SOX4,SOX4,self_loop,self_loop,0.33323198556900024,0.33344414830207825
SP1,SP1,self_loop,self_loop,0.5000370740890503,0.500606119632721
SPARC,SPARC,self_loop,self_loop,0.4999542534351349,0.5004085302352905
HMGA2,HMGA2,self_loop,self_loop,0.49993205070495605,0.5006378889083862
STC2,STC2,self_loop,self_loop,0.5002015233039856,0.5009359121322632
SGPL1,SGPL1,self_loop,self_loop,0.4997903108596802,0.5008797645568848
EFNB2,EFNB2,self_loop,self_loop,0.3333132565021515,0.33361589908599854
BMPR1A,BMPR1A,self_loop,self_loop,0.4997733235359192,0.5005609393119812
CDH1,CDH1,self_loop,self_loop,0.4997265636920929,0.5005358457565308
CPT1B,CPT1B,self_loop,self_loop,0.49979785084724426,0.50059974193573
ATF6B,ATF6B,self_loop,self_loop,0.49980491399765015,0.5004333257675171
EFNB1,EFNB1,self_loop,self_loop,0.333337664604187,0.33360880613327026
MUC4,MUC4,self_loop,self_loop,0.4995807409286499,0.5002936720848083
SYNGR1,SYNGR1,self_loop,self_loop,0.5000468492507935,0.5008338093757629
CHCHD5,CHCHD5,self_loop,self_loop,0.49996042251586914,0.5005590915679932
SORCS2,SORCS2,self_loop,self_loop,0.4997723400592804,0.5006073713302612
TGFBR1,TGFBR1,self_loop,self_loop,0.49980077147483826,0.5006351470947266
SLC39A11,SLC39A11,self_loop,self_loop,0.333310604095459,0.33358678221702576
PLAG1,PLAG1,self_loop,self_loop,0.49975383281707764,0.5005326867103577
ELOVL6,ELOVL6,self_loop,self_loop,0.49997198581695557,0.5004227161407471
CACNG8,CACNG8,self_loop,self_loop,0.500042200088501,0.5011228919029236
RAB11FIP4,RAB11FIP4,self_loop,self_loop,0.49975818395614624,0.5004088282585144
CDC42,CDC42,self_loop,self_loop,0.4998083710670471,0.5001652836799622
MYO18A,MYO18A,self_loop,self_loop,0.4997846782207489,0.5005123615264893
IGFBP2,IGFBP2,self_loop,self_loop,0.5003306865692139,0.5014276504516602
CYBB,CYBB,self_loop,self_loop,0.4997851848602295,0.5007290244102478
IGFBP5,IGFBP5,self_loop,self_loop,0.5000122785568237,0.5005949139595032
PPP3R1,PPP3R1,self_loop,self_loop,0.49983882904052734,0.5000239610671997
PLCXD3,PLCXD3,self_loop,self_loop,0.5000678896903992,0.5007973313331604
SAMD5,SAMD5,self_loop,self_loop,0.5000564455986023,0.5008463263511658
SMOC1,SMOC1,self_loop,self_loop,0.49983829259872437,0.5005491375923157
WDR89,WDR89,self_loop,self_loop,0.499952495098114,0.5004940032958984
ZNF264,ZNF264,self_loop,self_loop,0.3331982493400574,0.33339208364486694
ACBD5,ACBD5,self_loop,self_loop,0.4997751712799072,0.5002992153167725
GPRIN3,GPRIN3,self_loop,self_loop,0.4998320937156677,0.500457227230072
FMNL3,FMNL3,self_loop,self_loop,0.49984240531921387,0.5005589127540588
TRAPPC2,TRAPPC2,self_loop,self_loop,0.3331921100616455,0.3333393633365631
DCAF8,DCAF8,self_loop,self_loop,0.4997707009315491,0.5002570748329163
SH3GLB1,SH3GLB1,self_loop,self_loop,0.5000661611557007,0.500890851020813
GNPTAB,GNPTAB,self_loop,self_loop,0.49977269768714905,0.5005354881286621
F2RL3,F2RL3,self_loop,self_loop,0.5001736283302307,0.5011970400810242
VPS53,VPS53,self_loop,self_loop,0.33324113488197327,0.3336286246776581
ITGB1,ITGB1,self_loop,self_loop,0.49978482723236084,0.5004702210426331
NHLRC3,NHLRC3,self_loop,self_loop,0.5000885128974915,0.5010432600975037
SEC16A,SEC16A,self_loop,self_loop,0.49998074769973755,0.5009700655937195
QSOX1,QSOX1,self_loop,self_loop,0.33328789472579956,0.3336602747440338
CNKSR3,CNKSR3,self_loop,self_loop,0.499778151512146,0.5005890130996704
POFUT1,POFUT1,self_loop,self_loop,0.5000140070915222,0.5007287859916687
F2RL1,F2RL1,self_loop,self_loop,0.49999213218688965,0.5007386207580566
SERF1A,SERF1A,self_loop,self_loop,0.4998093545436859,0.5001633167266846
IQSEC1,IQSEC1,self_loop,self_loop,0.49979475140571594,0.5003808736801147
RABGAP1L,RABGAP1L,self_loop,self_loop,0.49970686435699463,0.5003840327262878
WDR53,WDR53,self_loop,self_loop,0.5000694394111633,0.5006117224693298
USP28,USP28,self_loop,self_loop,0.499808669090271,0.500560462474823
CAMTA1,CAMTA1,self_loop,self_loop,0.3332206606864929,0.33343902230262756
SAMD12,SAMD12,self_loop,self_loop,0.5001192092895508,0.5004044771194458
KLRD1,KLRD1,self_loop,self_loop,0.4998505115509033,0.4999484717845917
KIF6,KIF6,self_loop,self_loop,0.49986565113067627,0.5007534027099609
PSD3,PSD3,self_loop,self_loop,0.4997630715370178,0.5001839995384216
REST,REST,self_loop,self_loop,0.3332529664039612,0.33352726697921753
MFSD8,MFSD8,self_loop,self_loop,0.4998254179954529,0.5005052089691162
SLC12A6,SLC12A6,self_loop,self_loop,0.49975907802581787,0.5005057454109192
RGMB,RGMB,self_loop,self_loop,0.4999414086341858,0.5005090236663818
SOCS7,SOCS7,self_loop,self_loop,0.49992066621780396,0.5004993081092834
OCIAD1,OCIAD1,self_loop,self_loop,0.4999852776527405,0.5005651116371155
AGFG2,AGFG2,self_loop,self_loop,0.4999001622200012,0.5005637407302856
TMEM67,TMEM67,self_loop,self_loop,0.4998059868812561,0.5005822777748108
INPP5F,INPP5F,self_loop,self_loop,0.4998168349266052,0.5006670355796814
WAC,WAC,self_loop,self_loop,0.49977654218673706,0.5005630850791931
WEE1,WEE1,self_loop,self_loop,0.499753475189209,0.5003017783164978
PAFAH1B1,PAFAH1B1,self_loop,self_loop,0.4998173713684082,0.5004737973213196
GRK7,GRK7,self_loop,self_loop,0.4998530149459839,0.5008462071418762
NR2C2,NR2C2,self_loop,self_loop,0.4997960329055786,0.5006005167961121
GAB1,GAB1,self_loop,self_loop,0.4996914863586426,0.500508725643158
DUSP18,DUSP18,self_loop,self_loop,0.33323800563812256,0.33341261744499207
ABHD2,ABHD2,self_loop,self_loop,0.49991562962532043,0.5004614591598511
N4BP1,N4BP1,self_loop,self_loop,0.49983853101730347,0.5006261467933655
MTMR3,MTMR3,self_loop,self_loop,0.49982693791389465,0.5004976987838745
ZDHHC20,ZDHHC20,self_loop,self_loop,0.49994659423828125,0.5005782246589661
PGM2L1,PGM2L1,self_loop,self_loop,0.3332459330558777,0.3335971236228943
NCOA3,NCOA3,self_loop,self_loop,0.49986088275909424,0.5004202723503113
UBXN2A,UBXN2A,self_loop,self_loop,0.5000087022781372,0.5005047917366028
PRNP,PRNP,self_loop,self_loop,0.33339518308639526,0.33389267325401306
BTN3A1,BTN3A1,self_loop,self_loop,0.4998132586479187,0.5006084442138672
ABHD15,ABHD15,self_loop,self_loop,0.49989092350006104,0.5005583167076111
STAC2,STAC2,self_loop,self_loop,0.4998549818992615,0.5003756880760193
POLQ,POLQ,self_loop,self_loop,0.4998098909854889,0.5005142688751221
DSTYK,DSTYK,self_loop,self_loop,0.4998377561569214,0.5003845691680908
ZBTB37,ZBTB37,self_loop,self_loop,0.24995604157447815,0.2500366270542145
A1CF,A1CF,self_loop,self_loop,0.4998878240585327,0.5006378293037415
FHDC1,FHDC1,self_loop,self_loop,0.49984240531921387,0.5007731914520264
AAK1,AAK1,self_loop,self_loop,0.499950110912323,0.5006830096244812
MAP3K2,MAP3K2,self_loop,self_loop,0.33323657512664795,0.3335197865962982
RBM12B,RBM12B,self_loop,self_loop,0.33326178789138794,0.33354777097702026
HIP1,HIP1,self_loop,self_loop,0.49987584352493286,0.5006781220436096
CAPRIN2,CAPRIN2,self_loop,self_loop,0.49987491965293884,0.5008293390274048
ELAVL2,ELAVL2,self_loop,self_loop,0.5001584887504578,0.500831663608551
DPYSL2,DPYSL2,self_loop,self_loop,0.49981558322906494,0.5005423426628113
SLC7A11,SLC7A11,self_loop,self_loop,0.49981021881103516,0.50067138671875
RNF115,RNF115,self_loop,self_loop,0.5000337362289429,0.5007221698760986
SLK,SLK,self_loop,self_loop,0.4998055100440979,0.5007693767547607
PLEKHM1,PLEKHM1,self_loop,self_loop,0.4998493790626526,0.5003997683525085
MLXIP,MLXIP,self_loop,self_loop,0.49973049759864807,0.5006572008132935
FBXO21,FBXO21,self_loop,self_loop,0.33327043056488037,0.33353155851364136
TNRC6B,TNRC6B,self_loop,self_loop,0.3332543671131134,0.33349087834358215
WSB1,WSB1,self_loop,self_loop,0.49989986419677734,0.5005618929862976
IRAK4,IRAK4,self_loop,self_loop,0.49981650710105896,0.500684380531311
GNB5,GNB5,self_loop,self_loop,0.49989888072013855,0.5005114078521729
TLR7,TLR7,self_loop,self_loop,0.4998425245285034,0.5009084939956665
ERGIC2,ERGIC2,self_loop,self_loop,0.4999557137489319,0.5005828142166138
WDR1,WDR1,self_loop,self_loop,0.4997609257698059,0.5004003643989563
HIF1AN,HIF1AN,self_loop,self_loop,0.3333233594894409,0.33355748653411865
FKBP14,FKBP14,self_loop,self_loop,0.49988114833831787,0.5002225041389465
RAB42,RAB42,self_loop,self_loop,0.500194787979126,0.5009233355522156
LDLR,LDLR,self_loop,self_loop,0.49968284368515015,0.5001223087310791
BTN3A2,BTN3A2,self_loop,self_loop,0.5001941919326782,0.500817060470581
C18orf32,C18orf32,self_loop,self_loop,0.3332229256629944,0.3333282172679901
DCTN5,DCTN5,self_loop,self_loop,0.49997997283935547,0.5007248520851135
DNAL1,DNAL1,self_loop,self_loop,0.33325421810150146,0.33352288603782654
BCL2L11,BCL2L11,self_loop,self_loop,0.24996866285800934,0.2500441372394562
CFL2,CFL2,self_loop,self_loop,0.4998474419116974,0.5001780986785889
BTF3L4,BTF3L4,self_loop,self_loop,0.49998313188552856,0.5002616047859192
RAB5B,RAB5B,self_loop,self_loop,0.33334437012672424,0.33350640535354614
SLC4A7,SLC4A7,self_loop,self_loop,0.49976032972335815,0.5003625750541687
CDK6,CDK6,self_loop,self_loop,0.19999276101589203,0.2000635415315628
TTPAL,TTPAL,self_loop,self_loop,0.5000647902488708,0.5007960796356201
GTF2H3,GTF2H3,self_loop,self_loop,0.5000749826431274,0.5007038116455078
ISCA2,ISCA2,self_loop,self_loop,0.5000597238540649,0.5008575320243835
YOD1,YOD1,self_loop,self_loop,0.24998176097869873,0.2500937879085541
MIXL1,MIXL1,self_loop,self_loop,0.5001624822616577,0.5008181929588318
PTGES3,PTGES3,self_loop,self_loop,0.49972471594810486,0.49993714690208435
FBXO31,FBXO31,self_loop,self_loop,0.49985358119010925,0.5003365874290466
MFSD2A,MFSD2A,self_loop,self_loop,0.49980854988098145,0.5006821155548096
ICA1L,ICA1L,self_loop,self_loop,0.49986302852630615,0.5006964802742004
ENPP5,ENPP5,self_loop,self_loop,0.4997784495353699,0.5005922913551331
CYCS,CYCS,self_loop,self_loop,0.3332064747810364,0.3333134353160858
UBFD1,UBFD1,self_loop,self_loop,0.5001709461212158,0.5008307099342346
ENTPD7,ENTPD7,self_loop,self_loop,0.49980467557907104,0.5005030035972595
NRIP3,NRIP3,self_loop,self_loop,0.5000147819519043,0.5004477500915527
ZNFX1,ZNFX1,self_loop,self_loop,0.4998537302017212,0.5006263852119446
GATAD1,GATAD1,self_loop,self_loop,0.500072717666626,0.5009418725967407
SLC30A1,SLC30A1,self_loop,self_loop,0.4998705983161926,0.5003711581230164
C17orf75,C17orf75,self_loop,self_loop,0.49993741512298584,0.5004215240478516
ABCG8,ABCG8,self_loop,self_loop,0.49981099367141724,0.5005200505256653
PANK3,PANK3,self_loop,self_loop,0.24996811151504517,0.25010696053504944
GPR157,GPR157,self_loop,self_loop,0.5001817345619202,0.5011202692985535
SLC35F5,SLC35F5,self_loop,self_loop,0.4998224377632141,0.5007644295692444
KLHL15,KLHL15,self_loop,self_loop,0.49976837635040283,0.5005167126655579
DDHD1,DDHD1,self_loop,self_loop,0.49977758526802063,0.500196099281311
TRIM8,TRIM8,self_loop,self_loop,0.49988120794296265,0.5003814101219177
SLCO5A1,SLCO5A1,self_loop,self_loop,0.4997873902320862,0.500569760799408
ZNF805,ZNF805,self_loop,self_loop,0.19995364546775818,0.19999611377716064
SLC1A5,SLC1A5,self_loop,self_loop,0.49995356798171997,0.5006208419799805
TRAF3IP2,TRAF3IP2,self_loop,self_loop,0.49985358119010925,0.5004042387008667
ZBED1,ZBED1,self_loop,self_loop,0.499886155128479,0.5007293224334717
ZNF347,ZNF347,self_loop,self_loop,0.49988436698913574,0.500457763671875
SAMD8,SAMD8,self_loop,self_loop,0.49980369210243225,0.5004581212997437
ARL1,ARL1,self_loop,self_loop,0.499877005815506,0.5001799464225769
KCNK6,KCNK6,self_loop,self_loop,0.33340325951576233,0.33365821838378906
SPTLC2,SPTLC2,self_loop,self_loop,0.49990469217300415,0.5004435181617737
VPS26A,VPS26A,self_loop,self_loop,0.5000696182250977,0.5006885528564453
FEZ2,FEZ2,self_loop,self_loop,0.499946653842926,0.500605046749115
HMGB3,HMGB3,self_loop,self_loop,0.49981987476348877,0.500535249710083
CHAF1A,CHAF1A,self_loop,self_loop,0.49983707070350647,0.500891923904419
MTF1,MTF1,self_loop,self_loop,0.4997752904891968,0.5002699494361877
MXI1,MXI1,self_loop,self_loop,0.5000138282775879,0.500477135181427
LASP1,LASP1,self_loop,self_loop,0.500108003616333,0.5007686018943787
PVR,PVR,self_loop,self_loop,0.5000687837600708,0.5010716319084167
NFAT5,NFAT5,self_loop,self_loop,0.19996371865272522,0.2000003159046173
ZBTB6,ZBTB6,self_loop,self_loop,0.49987494945526123,0.5004214644432068
NUDT3,NUDT3,self_loop,self_loop,0.33322420716285706,0.33345893025398254
GLO1,GLO1,self_loop,self_loop,0.333191454410553,0.3334150016307831
ZBTB25,ZBTB25,self_loop,self_loop,0.49986428022384644,0.5003259778022766
BRCA1,BRCA1,self_loop,self_loop,0.3332405090332031,0.3335797190666199
CBX5,CBX5,self_loop,self_loop,0.49980321526527405,0.5003000497817993
SF3B3,SF3B3,self_loop,self_loop,0.2499566376209259,0.2500725984573364
WDR37,WDR37,self_loop,self_loop,0.4997877776622772,0.500531792640686
OSTM1,OSTM1,self_loop,self_loop,0.5001383423805237,0.5006174445152283
SPCS1,SPCS1,self_loop,self_loop,0.4997883439064026,0.5000314116477966
E2F5,E2F5,self_loop,self_loop,0.33334773778915405,0.3336230218410492
HMGB1,HMGB1,self_loop,self_loop,0.33321112394332886,0.3335166573524475
ITGA2,ITGA2,self_loop,self_loop,0.49986517429351807,0.5004532337188721
JAK1,JAK1,self_loop,self_loop,0.3332613706588745,0.3336123824119568
MSH3,MSH3,self_loop,self_loop,0.49984318017959595,0.5008613467216492
PPP1R12B,PPP1R12B,self_loop,self_loop,0.49988555908203125,0.5005872845649719
PPP6C,PPP6C,self_loop,self_loop,0.3332723379135132,0.33351844549179077
RNASEH1,RNASEH1,self_loop,self_loop,0.5001913905143738,0.5010374188423157
CCL5,CCL5,self_loop,self_loop,0.4999717175960541,0.5007293820381165
E2F2,E2F2,self_loop,self_loop,0.24995437264442444,0.250104159116745
EIF2S1,EIF2S1,self_loop,self_loop,0.33329856395721436,0.3335915803909302
KCNMB1,KCNMB1,self_loop,self_loop,0.5000706911087036,0.5007253885269165
BNIP2,BNIP2,self_loop,self_loop,0.24996215105056763,0.25009289383888245
DUSP2,DUSP2,self_loop,self_loop,0.5002484917640686,0.5011117458343506
PKNOX1,PKNOX1,self_loop,self_loop,0.49994707107543945,0.5004627108573914
WIPF2,WIPF2,self_loop,self_loop,0.5000221729278564,0.5009866952896118
ANKRD13C,ANKRD13C,self_loop,self_loop,0.49984490871429443,0.5006796717643738
MAPRE3,MAPRE3,self_loop,self_loop,0.5000379681587219,0.5004307627677917
MFN1,MFN1,self_loop,self_loop,0.4998222887516022,0.500794529914856
KCND3,KCND3,self_loop,self_loop,0.49977028369903564,0.5006412863731384
ESR1,ESR1,self_loop,self_loop,0.2499629706144333,0.2500859498977661
ORAI2,ORAI2,self_loop,self_loop,0.3333631753921509,0.3336517810821533
YIPF4,YIPF4,self_loop,self_loop,0.33329686522483826,0.3334873616695404
GINS4,GINS4,self_loop,self_loop,0.4998779296875,0.500144362449646
PURB,PURB,self_loop,self_loop,0.5002133846282959,0.5010017156600952
ZNF280B,ZNF280B,self_loop,self_loop,0.49979168176651,0.5005608201026917
C15orf40,C15orf40,self_loop,self_loop,0.5000124573707581,0.5005433559417725
CXorf38,CXorf38,self_loop,self_loop,0.3333338499069214,0.33351877331733704
VTI1A,VTI1A,self_loop,self_loop,0.5000384449958801,0.5003949999809265
ANKS4B,ANKS4B,self_loop,self_loop,0.49992480874061584,0.5006344318389893
RRN3,RRN3,self_loop,self_loop,0.3332539200782776,0.3336165249347687
ZYG11A,ZYG11A,self_loop,self_loop,0.49985700845718384,0.500813901424408
NME6,NME6,self_loop,self_loop,0.5000555515289307,0.5007249712944031
RUNX3,RUNX3,self_loop,self_loop,0.49996548891067505,0.5009684562683105
RPS6KA5,RPS6KA5,self_loop,self_loop,0.4998286962509155,0.5006322264671326
ALDH9A1,ALDH9A1,self_loop,self_loop,0.49984604120254517,0.5006166100502014
REEP3,REEP3,self_loop,self_loop,0.3333030939102173,0.33350151777267456
AKTIP,AKTIP,self_loop,self_loop,0.5000002384185791,0.5006789565086365
FBXO48,FBXO48,self_loop,self_loop,0.49986475706100464,0.500165581703186
COX19,COX19,self_loop,self_loop,0.49976810812950134,0.49996861815452576
GPR155,GPR155,self_loop,self_loop,0.4998011887073517,0.5008132457733154
MUC17,MUC17,self_loop,self_loop,0.499580442905426,0.5002558827400208
CRCP,CRCP,self_loop,self_loop,0.4998236894607544,0.5000489354133606
MGAT4A,MGAT4A,self_loop,self_loop,0.4997263550758362,0.5006360411643982
ZNF292,ZNF292,self_loop,self_loop,0.49979138374328613,0.5003600716590881
PBX1,PBX1,self_loop,self_loop,0.5000537037849426,0.5007092952728271
DDAH1,DDAH1,self_loop,self_loop,0.33332201838493347,0.33360135555267334
LMBR1,LMBR1,self_loop,self_loop,0.49973738193511963,0.5005224943161011
NT5C2,NT5C2,self_loop,self_loop,0.49966299533843994,0.5004580616950989
PHF20L1,PHF20L1,self_loop,self_loop,0.49977731704711914,0.5007421970367432
RSF1,RSF1,self_loop,self_loop,0.49977487325668335,0.5007181763648987
SOX5,SOX5,self_loop,self_loop,0.4999178647994995,0.5005635619163513
LONRF2,LONRF2,self_loop,self_loop,0.4998784363269806,0.5004671812057495
RALGPS2,RALGPS2,self_loop,self_loop,0.49976348876953125,0.5005157589912415
HOXA9,HOXA9,self_loop,self_loop,0.5001641511917114,0.5011245012283325
FAM126B,FAM126B,self_loop,self_loop,0.4999896287918091,0.5000171661376953
ANKRD46,ANKRD46,self_loop,self_loop,0.5000417232513428,0.500704824924469
CKAP5,CKAP5,self_loop,self_loop,0.49988028407096863,0.5010161399841309
LPGAT1,LPGAT1,self_loop,self_loop,0.5000368356704712,0.5007368922233582
ERP44,ERP44,self_loop,self_loop,0.4998376965522766,0.5005377531051636
DDHD2,DDHD2,self_loop,self_loop,0.49965155124664307,0.5003472566604614
SATB1,SATB1,self_loop,self_loop,0.49993187189102173,0.5005345344543457
PPP1R3B,PPP1R3B,self_loop,self_loop,0.4999465346336365,0.5005027651786804
MDM4,MDM4,self_loop,self_loop,0.24993610382080078,0.2500818073749542
DNM1L,DNM1L,self_loop,self_loop,0.4997802972793579,0.5006088614463806
NUFIP2,NUFIP2,self_loop,self_loop,0.2499506175518036,0.2500833570957184
NFIA,NFIA,self_loop,self_loop,0.49968984723091125,0.5003336668014526
FMR1,FMR1,self_loop,self_loop,0.3332326412200928,0.3335355520248413
ZNF217,ZNF217,self_loop,self_loop,0.4997497797012329,0.5002799034118652
EXOC5,EXOC5,self_loop,self_loop,0.49981382489204407,0.5006121397018433
ATF2,ATF2,self_loop,self_loop,0.499792218208313,0.5005528330802917
THBS1,THBS1,self_loop,self_loop,0.49975186586380005,0.5002753138542175
EIF4EBP2,EIF4EBP2,self_loop,self_loop,0.49984222650527954,0.5005595088005066
B3GNT5,B3GNT5,self_loop,self_loop,0.5000051856040955,0.5006880164146423
SOCS4,SOCS4,self_loop,self_loop,0.49973341822624207,0.5004221200942993
PLAT,PLAT,self_loop,self_loop,0.4998093843460083,0.5002753138542175
OXTR,OXTR,self_loop,self_loop,0.5001572370529175,0.5009921193122864
ATP2B4,ATP2B4,self_loop,self_loop,0.4998012185096741,0.5006101727485657
ZNF207,ZNF207,self_loop,self_loop,0.4999239444732666,0.5007180571556091
RLIM,RLIM,self_loop,self_loop,0.49982279539108276,0.500217080116272
HIGD1A,HIGD1A,self_loop,self_loop,0.49995672702789307,0.5006670951843262
AP2B1,AP2B1,self_loop,self_loop,0.4998689293861389,0.5009040832519531
RASSF4,RASSF4,self_loop,self_loop,0.5001437067985535,0.5007486939430237
AP3M1,AP3M1,self_loop,self_loop,0.49987685680389404,0.5005469918251038
ABLIM3,ABLIM3,self_loop,self_loop,0.49974989891052246,0.5001140832901001
GDPD5,GDPD5,self_loop,self_loop,0.4998827278614044,0.5004879236221313
FGFR1,FGFR1,self_loop,self_loop,0.4997982978820801,0.500396728515625
BCL2L13,BCL2L13,self_loop,self_loop,0.4998289942741394,0.5002045631408691
KIF1B,KIF1B,self_loop,self_loop,0.33326011896133423,0.33358484506607056
ZNRF1,ZNRF1,self_loop,self_loop,0.5000268816947937,0.5010848641395569
CTNNB1,CTNNB1,self_loop,self_loop,0.4999799132347107,0.5005806088447571
MAPK8,MAPK8,self_loop,self_loop,0.4999476671218872,0.5005349516868591
UBE2I,UBE2I,self_loop,self_loop,0.33327919244766235,0.33346807956695557
GMEB2,GMEB2,self_loop,self_loop,0.49989384412765503,0.5004750490188599
SH3BP4,SH3BP4,self_loop,self_loop,0.4997052550315857,0.5004056096076965
PSMD10,PSMD10,self_loop,self_loop,0.500148594379425,0.5008619427680969
SCN4B,SCN4B,self_loop,self_loop,0.49991679191589355,0.5003063678741455
ERC1,ERC1,self_loop,self_loop,0.33321401476860046,0.3335113823413849
CNNM2,CNNM2,self_loop,self_loop,0.4998282790184021,0.5004067420959473
MEF2C,MEF2C,self_loop,self_loop,0.4998365342617035,0.5003604888916016
GSR,GSR,self_loop,self_loop,0.49991947412490845,0.5005736947059631
CLEC2D,CLEC2D,self_loop,self_loop,0.4999252259731293,0.5002294778823853
CALU,CALU,self_loop,self_loop,0.4998803436756134,0.5005836486816406
CPD,CPD,self_loop,self_loop,0.49983036518096924,0.5003066062927246
NFIC,NFIC,self_loop,self_loop,0.4997539520263672,0.5004317164421082
TBPL1,TBPL1,self_loop,self_loop,0.33332550525665283,0.3335238993167877
TRPS1,TRPS1,self_loop,self_loop,0.24994471669197083,0.2500802278518677
PHLPP2,PHLPP2,self_loop,self_loop,0.3332453966140747,0.3334585726261139
RASA1,RASA1,self_loop,self_loop,0.33325350284576416,0.33343571424484253
ZBTB8B,ZBTB8B,self_loop,self_loop,0.33325350284576416,0.33347994089126587
PPARGC1B,PPARGC1B,self_loop,self_loop,0.4997938275337219,0.500417172908783
ZBTB33,ZBTB33,self_loop,self_loop,0.49968618154525757,0.5005243420600891
SUGT1,SUGT1,self_loop,self_loop,0.33335423469543457,0.33367404341697693
WASF2,WASF2,self_loop,self_loop,0.4997714161872864,0.5005592107772827
AHSA1,AHSA1,self_loop,self_loop,0.5001181364059448,0.5007269978523254
CD274,CD274,self_loop,self_loop,0.5001356601715088,0.5008625984191895
NRAS,NRAS,self_loop,self_loop,0.4999409019947052,0.5004904866218567
PLXNB1,PLXNB1,self_loop,self_loop,0.4999891519546509,0.5008063316345215
FLOT2,FLOT2,self_loop,self_loop,0.5000913739204407,0.500722348690033
POU4F2,POU4F2,self_loop,self_loop,0.5001144409179688,0.5009285807609558
ASH1L,ASH1L,self_loop,self_loop,0.49981003999710083,0.5009154081344604
SRD5A3,SRD5A3,self_loop,self_loop,0.500248908996582,0.5011662244796753
ALPK2,ALPK2,self_loop,self_loop,0.4997062087059021,0.5000041127204895
BAX,BAX,self_loop,self_loop,0.4999442994594574,0.5004423260688782
MAPK14,MAPK14,self_loop,self_loop,0.5001004934310913,0.5007071495056152
PGAM4,PGAM4,self_loop,self_loop,0.5001300573348999,0.5008536577224731
LRTM2,LRTM2,self_loop,self_loop,0.5001713037490845,0.5009319186210632
SSX2IP,SSX2IP,self_loop,self_loop,0.49972420930862427,0.500640869140625
ERBB4,ERBB4,self_loop,self_loop,0.49965643882751465,0.5003010630607605
POU3F2,POU3F2,self_loop,self_loop,0.5000726580619812,0.5012028217315674
AMMECR1L,AMMECR1L,self_loop,self_loop,0.5000014901161194,0.5010027289390564
TIAM1,TIAM1,self_loop,self_loop,0.49967265129089355,0.5002245306968689
MAPK10,MAPK10,self_loop,self_loop,0.4997222423553467,0.5004550814628601
ZNF652,ZNF652,self_loop,self_loop,0.3331993818283081,0.3335344195365906
IQCE,IQCE,self_loop,self_loop,0.4996960461139679,0.500578761100769
PTPRF,PTPRF,self_loop,self_loop,0.4997897148132324,0.5006911754608154
DYRK3,DYRK3,self_loop,self_loop,0.49967294931411743,0.5004845857620239
STAMBP,STAMBP,self_loop,self_loop,0.4997652769088745,0.5004671216011047
SLC19A3,SLC19A3,self_loop,self_loop,0.3332292437553406,0.3335404694080353
CABYR,CABYR,self_loop,self_loop,0.3332705497741699,0.3336225748062134
CAMKK1,CAMKK1,self_loop,self_loop,0.499734103679657,0.5004047155380249
UBN2,UBN2,self_loop,self_loop,0.33324146270751953,0.33363085985183716
MIDN,MIDN,self_loop,self_loop,0.4998074173927307,0.5005459189414978
AKT3,AKT3,self_loop,self_loop,0.333201140165329,0.3335479497909546
PRDM16,PRDM16,self_loop,self_loop,0.4996347725391388,0.500352144241333
LIMS1,LIMS1,self_loop,self_loop,0.5000872015953064,0.5007339715957642
BRD1,BRD1,self_loop,self_loop,0.4997510313987732,0.5005825161933899
EEF1A1,EEF1A1,self_loop,self_loop,0.4997769594192505,0.5006041526794434
DKK2,DKK2,self_loop,self_loop,0.5000004768371582,0.5009846687316895
POGZ,POGZ,self_loop,self_loop,0.49975985288619995,0.5005998015403748
ANKRD28,ANKRD28,self_loop,self_loop,0.49977874755859375,0.5005874037742615
PHF21A,PHF21A,self_loop,self_loop,0.4998282790184021,0.500808596611023
NDUFS1,NDUFS1,self_loop,self_loop,0.4997129440307617,0.5005525946617126
CROT,CROT,self_loop,self_loop,0.499706506729126,0.5005221962928772
C19orf12,C19orf12,self_loop,self_loop,0.500085711479187,0.5011316537857056
GPR107,GPR107,self_loop,self_loop,0.33323827385902405,0.33360594511032104
TNKS2,TNKS2,self_loop,self_loop,0.49985289573669434,0.5005848407745361
NDFIP1,NDFIP1,self_loop,self_loop,0.4998226463794708,0.500400722026825
SIRT1,SIRT1,self_loop,self_loop,0.24995556473731995,0.2501048743724823
SLC30A7,SLC30A7,self_loop,self_loop,0.4999113380908966,0.5007461309432983
STMN1,STMN1,self_loop,self_loop,0.4997174143791199,0.5000917315483093
VANGL1,VANGL1,self_loop,self_loop,0.4996851980686188,0.5005614757537842
PEG10,PEG10,self_loop,self_loop,0.3332519233226776,0.3335111439228058
TNFSF10,TNFSF10,self_loop,self_loop,0.4999486207962036,0.5007977485656738
ARID1A,ARID1A,self_loop,self_loop,0.5001828670501709,0.5015136003494263
ZNF236,ZNF236,self_loop,self_loop,0.4997260570526123,0.5004118084907532
KPNA6,KPNA6,self_loop,self_loop,0.3332642614841461,0.3335951864719391
RHOA,RHOA,self_loop,self_loop,0.24994581937789917,0.25003230571746826
HNRNPD,HNRNPD,self_loop,self_loop,0.33334681391716003,0.3336549401283264
ABLIM1,ABLIM1,self_loop,self_loop,0.33319345116615295,0.3334329128265381
DENR,DENR,self_loop,self_loop,0.4997697174549103,0.500182032585144
SNX4,SNX4,self_loop,self_loop,0.4997977912425995,0.5005431175231934
DDX6,DDX6,self_loop,self_loop,0.49972158670425415,0.5006449222564697
TCEAL1,TCEAL1,self_loop,self_loop,0.33315375447273254,0.3334009647369385
LRP6,LRP6,self_loop,self_loop,0.3332134485244751,0.33351510763168335
SLC10A7,SLC10A7,self_loop,self_loop,0.49997130036354065,0.5008155107498169
PCDHA3,PCDHA3,self_loop,self_loop,0.49966928362846375,0.5003564357757568
PCDHAC1,PCDHAC1,self_loop,self_loop,0.499721497297287,0.5003882646560669
BMF,BMF,self_loop,self_loop,0.5000579357147217,0.5009396076202393
BRWD1,BRWD1,self_loop,self_loop,0.49966248869895935,0.5003199577331543
RBM33,RBM33,self_loop,self_loop,0.49969246983528137,0.5001164674758911
TMEM183A,TMEM183A,self_loop,self_loop,0.4999290704727173,0.500744104385376
SELE,SELE,self_loop,self_loop,0.4996494948863983,0.5001130104064941
HNRNPA1,HNRNPA1,self_loop,self_loop,0.4999905824661255,0.5011392831802368
SDC4,SDC4,self_loop,self_loop,0.33323636651039124,0.3334532082080841
TMEM101,TMEM101,self_loop,self_loop,0.5001863241195679,0.5012896656990051
CKAP2L,CKAP2L,self_loop,self_loop,0.49986404180526733,0.5011249780654907
VKORC1L1,VKORC1L1,self_loop,self_loop,0.5001644492149353,0.5009943842887878
MYLK3,MYLK3,self_loop,self_loop,0.500008761882782,0.5008382797241211
RCOR1,RCOR1,self_loop,self_loop,0.5000240802764893,0.5008538365364075
RRP15,RRP15,self_loop,self_loop,0.49992167949676514,0.5005378723144531
MRPS16,MRPS16,self_loop,self_loop,0.4999953508377075,0.500555694103241
RPL15,RPL15,self_loop,self_loop,0.5003332495689392,0.5011846423149109
SLC39A10,SLC39A10,self_loop,self_loop,0.49975770711898804,0.500167727470398
DSC3,DSC3,self_loop,self_loop,0.4998103678226471,0.5006840229034424
CARD8,CARD8,self_loop,self_loop,0.4997140169143677,0.5003740787506104
ABL1,ABL1,self_loop,self_loop,0.4997905492782593,0.5003864765167236
PABPC1,PABPC1,self_loop,self_loop,0.49993616342544556,0.5008580088615417
CYP1A2,CYP1A2,self_loop,self_loop,0.4997577965259552,0.5006895065307617
RPL27A,RPL27A,self_loop,self_loop,0.500170111656189,0.5010660290718079
ZNF749,ZNF749,self_loop,self_loop,0.4997656047344208,0.5002948045730591
TRAT1,TRAT1,self_loop,self_loop,0.49983909726142883,0.5001950263977051
LGALS3BP,LGALS3BP,self_loop,self_loop,0.49974218010902405,0.5004352331161499
GNAI3,GNAI3,self_loop,self_loop,0.4999525845050812,0.5008493661880493
TOP3A,TOP3A,self_loop,self_loop,0.49980536103248596,0.5006862878799438
ZNF131,ZNF131,self_loop,self_loop,0.4997875392436981,0.5005193948745728
TRMT5,TRMT5,self_loop,self_loop,0.49976813793182373,0.5007500052452087
ABCG2,ABCG2,self_loop,self_loop,0.49973925948143005,0.5007115602493286
TMCC1,TMCC1,self_loop,self_loop,0.49985966086387634,0.5006135702133179
GRB10,GRB10,self_loop,self_loop,0.49982208013534546,0.500499427318573
SPTBN2,SPTBN2,self_loop,self_loop,0.4998565912246704,0.500868558883667
SMAD5,SMAD5,self_loop,self_loop,0.4998043179512024,0.5004400610923767
PPP2R2A,PPP2R2A,self_loop,self_loop,0.3332260251045227,0.33358025550842285
SMARCA4,SMARCA4,self_loop,self_loop,0.5000362992286682,0.5009498000144958
MGAT4B,MGAT4B,self_loop,self_loop,0.499745637178421,0.5006841421127319
OSBPL10,OSBPL10,self_loop,self_loop,0.49984169006347656,0.5003589987754822
UBR7,UBR7,self_loop,self_loop,0.4997994601726532,0.5004532337188721
ZNF714,ZNF714,self_loop,self_loop,0.4997846484184265,0.5006227493286133
EIF3I,EIF3I,self_loop,self_loop,0.5000245571136475,0.5007645487785339
ZFYVE16,ZFYVE16,self_loop,self_loop,0.49963098764419556,0.5004184246063232
LUC7L2,LUC7L2,self_loop,self_loop,0.49997973442077637,0.5006861090660095
TRIM44,TRIM44,self_loop,self_loop,0.49983668327331543,0.5000715851783752
PGPEP1,PGPEP1,self_loop,self_loop,0.5000165700912476,0.5009890794754028
WDR6,WDR6,self_loop,self_loop,0.49988192319869995,0.5006614923477173
NLE1,NLE1,self_loop,self_loop,0.4998507499694824,0.500491201877594
DDX21,DDX21,self_loop,self_loop,0.4998156726360321,0.500960111618042
MDM2,MDM2,self_loop,self_loop,0.33321037888526917,0.3334289789199829
SLC35A2,SLC35A2,self_loop,self_loop,0.5001238584518433,0.5012351274490356
TLE3,TLE3,self_loop,self_loop,0.4998193383216858,0.5005043148994446
SERTAD4,SERTAD4,self_loop,self_loop,0.5000311136245728,0.5007083415985107
STOX2,STOX2,self_loop,self_loop,0.4997040033340454,0.5006541609764099
NFS1,NFS1,self_loop,self_loop,0.4999510645866394,0.500706672668457
RECK,RECK,self_loop,self_loop,0.499761164188385,0.5004774928092957
PELI2,PELI2,self_loop,self_loop,0.4999576210975647,0.5007844567298889
CSNK1G1,CSNK1G1,self_loop,self_loop,0.4999029338359833,0.500578761100769
HIPK2,HIPK2,self_loop,self_loop,0.49972495436668396,0.5005022287368774
PHACTR4,PHACTR4,self_loop,self_loop,0.49969565868377686,0.5006914138793945
DOCK5,DOCK5,self_loop,self_loop,0.4997611343860626,0.5006393194198608
FBXL18,FBXL18,self_loop,self_loop,0.4998289942741394,0.5004335045814514
ZNF772,ZNF772,self_loop,self_loop,0.4998898208141327,0.50040203332901
COG5,COG5,self_loop,self_loop,0.49989932775497437,0.5006723999977112
KIF3B,KIF3B,self_loop,self_loop,0.4998352527618408,0.5006347298622131
SART1,SART1,self_loop,self_loop,0.49985426664352417,0.5006329417228699
SS18,SS18,self_loop,self_loop,0.5003668069839478,0.5018793344497681
DCAF7,DCAF7,self_loop,self_loop,0.5001181960105896,0.5010612607002258
CAPRIN1,CAPRIN1,self_loop,self_loop,0.33325523138046265,0.3335137665271759
POLE,POLE,self_loop,self_loop,0.4997193217277527,0.5006406903266907
RNPS1,RNPS1,self_loop,self_loop,0.4999261498451233,0.50074702501297
QKI,QKI,self_loop,self_loop,0.5001989603042603,0.5009824633598328
CPSF6,CPSF6,self_loop,self_loop,0.49987301230430603,0.5007875561714172
FICD,FICD,self_loop,self_loop,0.4998664855957031,0.5006315112113953
VCP,VCP,self_loop,self_loop,0.49977946281433105,0.5007222890853882
LRP10,LRP10,self_loop,self_loop,0.49981552362442017,0.5005012154579163
ZNF770,ZNF770,self_loop,self_loop,0.4998334050178528,0.5008799433708191
MGMT,MGMT,self_loop,self_loop,0.5001924633979797,0.5012032985687256
PBX2,PBX2,self_loop,self_loop,0.5000178813934326,0.5009084939956665
RBMS2,RBMS2,self_loop,self_loop,0.500033974647522,0.5009463429450989
SORT1,SORT1,self_loop,self_loop,0.4997017979621887,0.500426709651947
SDHA,SDHA,self_loop,self_loop,0.49988144636154175,0.5005484223365784
ZW10,ZW10,self_loop,self_loop,0.49975842237472534,0.5006580948829651
PIWIL1,PIWIL1,self_loop,self_loop,0.4998299479484558,0.5006557106971741
BBC3,BBC3,self_loop,self_loop,0.5003778338432312,0.5016257762908936
TOM1,TOM1,self_loop,self_loop,0.4998171329498291,0.5005298256874084
FYTTD1,FYTTD1,self_loop,self_loop,0.500311553478241,0.5011571645736694
CBX2,CBX2,self_loop,self_loop,0.4998370110988617,0.5007132291793823
C18orf25,C18orf25,self_loop,self_loop,0.49999842047691345,0.5000085830688477
CDKL5,CDKL5,self_loop,self_loop,0.4997915029525757,0.5006305575370789
UBIAD1,UBIAD1,self_loop,self_loop,0.5001652240753174,0.5010629296302795
TIMM50,TIMM50,self_loop,self_loop,0.33334216475486755,0.3336268365383148
RNF215,RNF215,self_loop,self_loop,0.5002569556236267,0.5012652277946472
TP53BP2,TP53BP2,self_loop,self_loop,0.49991530179977417,0.5007902979850769
POLL,POLL,self_loop,self_loop,0.4998210668563843,0.50050288438797
ADD1,ADD1,self_loop,self_loop,0.4997888505458832,0.5004040002822876
SPIN3,SPIN3,self_loop,self_loop,0.4999227523803711,0.5008481740951538
PPARA,PPARA,self_loop,self_loop,0.33322134613990784,0.3334938585758209
UFM1,UFM1,self_loop,self_loop,0.49983352422714233,0.5002350211143494
EGFR,EGFR,self_loop,self_loop,0.3332292437553406,0.33352649211883545
NPTX1,NPTX1,self_loop,self_loop,0.4999503493309021,0.500590980052948
STX7,STX7,self_loop,self_loop,0.5000952482223511,0.5007363557815552
CLEC4E,CLEC4E,self_loop,self_loop,0.49983781576156616,0.500278651714325
UBXN2B,UBXN2B,self_loop,self_loop,0.3333193361759186,0.3335552513599396
NLGN1,NLGN1,self_loop,self_loop,0.49983251094818115,0.5005359053611755
CBX3,CBX3,self_loop,self_loop,0.4997974932193756,0.5003163814544678
FRS2,FRS2,self_loop,self_loop,0.4997899830341339,0.5004396438598633
SLC38A1,SLC38A1,self_loop,self_loop,0.499716579914093,0.5006687045097351
INHBA,INHBA,self_loop,self_loop,0.4999087452888489,0.5005107522010803
DCK,DCK,self_loop,self_loop,0.49995872378349304,0.5003213286399841
OTUD4,OTUD4,self_loop,self_loop,0.4998035430908203,0.5005057454109192
PHLDA1,PHLDA1,self_loop,self_loop,0.5002777576446533,0.5012880563735962
BAHD1,BAHD1,self_loop,self_loop,0.49987339973449707,0.5005883574485779
NPM1,NPM1,self_loop,self_loop,0.4998513460159302,0.5003930330276489
RPL7L1,RPL7L1,self_loop,self_loop,0.5001126527786255,0.5006945729255676
SLC1A2,SLC1A2,self_loop,self_loop,0.49981310963630676,0.500617504119873
SRC,SRC,self_loop,self_loop,0.4998237192630768,0.5005344152450562
MYO1D,MYO1D,self_loop,self_loop,0.49980008602142334,0.5007076859474182
ZNF331,ZNF331,self_loop,self_loop,0.4998438358306885,0.500252366065979
RPS4Y1,RPS4Y1,self_loop,self_loop,0.5000704526901245,0.5009952783584595
SATB2,SATB2,self_loop,self_loop,0.49991798400878906,0.500648558139801
SPRED1,SPRED1,self_loop,self_loop,0.4997226595878601,0.5003747940063477
IL5RA,IL5RA,self_loop,self_loop,0.49984365701675415,0.5005637407302856
NF2,NF2,self_loop,self_loop,0.49986231327056885,0.5009784698486328
RAB27A,RAB27A,self_loop,self_loop,0.5000019669532776,0.5005207657814026
CXCL12,CXCL12,self_loop,self_loop,0.5000587105751038,0.5004501938819885
NDFIP2,NDFIP2,self_loop,self_loop,0.5001790523529053,0.501163899898529
SRPX2,SRPX2,self_loop,self_loop,0.4998645484447479,0.5005811452865601
SERTAD2,SERTAD2,self_loop,self_loop,0.33320170640945435,0.3335222005844116
KLHDC10,KLHDC10,self_loop,self_loop,0.5000364184379578,0.5009593367576599
XPO6,XPO6,self_loop,self_loop,0.4997457265853882,0.5005597472190857
INTU,INTU,self_loop,self_loop,0.4997348189353943,0.5004953742027283
UBA6,UBA6,self_loop,self_loop,0.4997577667236328,0.5004720091819763
RDX,RDX,self_loop,self_loop,0.499869167804718,0.5009523034095764
JARID2,JARID2,self_loop,self_loop,0.49984413385391235,0.5007076263427734
ARPC5,ARPC5,self_loop,self_loop,0.5000027418136597,0.5005598664283752
STK40,STK40,self_loop,self_loop,0.49991971254348755,0.5004899501800537
SFXN1,SFXN1,self_loop,self_loop,0.5002365708351135,0.5011424422264099
EDC3,EDC3,self_loop,self_loop,0.4998127222061157,0.5003955960273743
ETS1,ETS1,self_loop,self_loop,0.4997110068798065,0.5004249811172485
CDK1,CDK1,self_loop,self_loop,0.500025749206543,0.5006319880485535
SP7,SP7,self_loop,self_loop,0.49991917610168457,0.50093674659729
CASR,CASR,self_loop,self_loop,0.499742329120636,0.500438392162323
MMP16,MMP16,self_loop,self_loop,0.49970322847366333,0.5005296468734741
FRK,FRK,self_loop,self_loop,0.49978864192962646,0.5005662441253662
ABCB9,ABCB9,self_loop,self_loop,0.49978867173194885,0.5005005598068237
QSER1,QSER1,self_loop,self_loop,0.49978315830230713,0.5003660321235657
NFATC2IP,NFATC2IP,self_loop,self_loop,0.499875545501709,0.5006117224693298
PPM1L,PPM1L,self_loop,self_loop,0.49993661046028137,0.5006750822067261
PPIL2,PPIL2,self_loop,self_loop,0.499777615070343,0.5007866024971008
NFE2L1,NFE2L1,self_loop,self_loop,0.4996568560600281,0.5000993609428406
AR,AR,self_loop,self_loop,0.5000799298286438,0.5008941292762756
RPL37A,RPL37A,self_loop,self_loop,0.4998379349708557,0.5001412034034729
MXRA7,MXRA7,self_loop,self_loop,0.499878466129303,0.5005917549133301
VAV3,VAV3,self_loop,self_loop,0.4997243583202362,0.5007896423339844
HDLBP,HDLBP,self_loop,self_loop,0.4998053312301636,0.5007413625717163
GNPDA1,GNPDA1,self_loop,self_loop,0.4999500811100006,0.5005916953086853
PLA2G2D,PLA2G2D,self_loop,self_loop,0.49991780519485474,0.5006062984466553
CDC23,CDC23,self_loop,self_loop,0.49977999925613403,0.5006386637687683
NLRC5,NLRC5,self_loop,self_loop,0.4997707009315491,0.5003747344017029
CPT2,CPT2,self_loop,self_loop,0.499700129032135,0.5007435083389282
ADARB1,ADARB1,self_loop,self_loop,0.4997115433216095,0.5005104541778564
CFLAR,CFLAR,self_loop,self_loop,0.4997069239616394,0.5004727840423584
GAPVD1,GAPVD1,self_loop,self_loop,0.4997413754463196,0.5006109476089478
OPA1,OPA1,self_loop,self_loop,0.49970459938049316,0.5006518959999084
CD40,CD40,self_loop,self_loop,0.33328187465667725,0.3335128426551819
ERLIN2,ERLIN2,self_loop,self_loop,0.500096321105957,0.5008674263954163
SYNGR2,SYNGR2,self_loop,self_loop,0.5000579953193665,0.5009580254554749
AXIN2,AXIN2,self_loop,self_loop,0.49966228008270264,0.5003001689910889
CLTB,CLTB,self_loop,self_loop,0.5000090599060059,0.5003759264945984
NUP98,NUP98,self_loop,self_loop,0.49962466955184937,0.5001996159553528
ITGA6,ITGA6,self_loop,self_loop,0.4997437000274658,0.5004157423973083
TPM1,TPM1,self_loop,self_loop,0.4999648332595825,0.5006936192512512
LARP1,LARP1,self_loop,self_loop,0.49981582164764404,0.5005095601081848
CDON,CDON,self_loop,self_loop,0.4997846484184265,0.5004505515098572
ANKS1A,ANKS1A,self_loop,self_loop,0.4997861385345459,0.5002386569976807
CASP6,CASP6,self_loop,self_loop,0.49993443489074707,0.50056391954422
CDC25C,CDC25C,self_loop,self_loop,0.4996548295021057,0.5003090500831604
KCNH1,KCNH1,self_loop,self_loop,0.49965900182724,0.5005907416343689
MKLN1,MKLN1,self_loop,self_loop,0.4996265769004822,0.5004911422729492
AKT1,AKT1,self_loop,self_loop,0.4997101128101349,0.5005043745040894
ADNP,ADNP,self_loop,self_loop,0.49979454278945923,0.5005509853363037
RBM12,RBM12,self_loop,self_loop,0.49988406896591187,0.500728189945221
FUT8,FUT8,self_loop,self_loop,0.4997422993183136,0.5005292892456055
SPTBN1,SPTBN1,self_loop,self_loop,0.4997873306274414,0.5009159445762634
APAF1,APAF1,self_loop,self_loop,0.4996796250343323,0.5006365776062012
SYNE2,SYNE2,self_loop,self_loop,0.4996832609176636,0.500766932964325
BIRC3,BIRC3,self_loop,self_loop,0.49967485666275024,0.5004586577415466
ZDHHC16,ZDHHC16,self_loop,self_loop,0.5001620650291443,0.5012578964233398
DIABLO,DIABLO,self_loop,self_loop,0.4999975562095642,0.5005080103874207
NDRG1,NDRG1,self_loop,self_loop,0.5000244379043579,0.5010366439819336
TRAF3,TRAF3,self_loop,self_loop,0.49974143505096436,0.5005006194114685
IRGQ,IRGQ,self_loop,self_loop,0.4999811053276062,0.5007718801498413
EXT2,EXT2,self_loop,self_loop,0.4997560977935791,0.500532329082489
MTAP,MTAP,self_loop,self_loop,0.499986469745636,0.5008653998374939
TMOD2,TMOD2,self_loop,self_loop,0.5000379681587219,0.501074492931366
BCLAF1,BCLAF1,self_loop,self_loop,0.49964791536331177,0.5003218054771423
RNF40,RNF40,self_loop,self_loop,0.49983853101730347,0.500466525554657
MTMR9,MTMR9,self_loop,self_loop,0.4997057318687439,0.5006023049354553
GIGYF2,GIGYF2,self_loop,self_loop,0.4996801018714905,0.5001344680786133
GDE1,GDE1,self_loop,self_loop,0.5000095367431641,0.5007970333099365
FIGN,FIGN,self_loop,self_loop,0.49975094199180603,0.5005115866661072
POLR3E,POLR3E,self_loop,self_loop,0.49977201223373413,0.5005494356155396
TGIF2,TGIF2,self_loop,self_loop,0.4999922513961792,0.500819206237793
CASP10,CASP10,self_loop,self_loop,0.49973106384277344,0.500652551651001
KIF2A,KIF2A,self_loop,self_loop,0.49975261092185974,0.5007548332214355
FAM104A,FAM104A,self_loop,self_loop,0.4999901056289673,0.49999555945396423
NUCKS1,NUCKS1,self_loop,self_loop,0.2499213069677353,0.2500079870223999
ACSL4,ACSL4,self_loop,self_loop,0.49966657161712646,0.5005173087120056
WDR77,WDR77,self_loop,self_loop,0.5000455379486084,0.5011547803878784
MAP4,MAP4,self_loop,self_loop,0.4996609687805176,0.5007111430168152
PLIN3,PLIN3,self_loop,self_loop,0.4999408721923828,0.5005974173545837
RRM2,RRM2,self_loop,self_loop,0.4998571276664734,0.5007301568984985
LEF1,LEF1,self_loop,self_loop,0.4999930262565613,0.5009994506835938
XIAP,XIAP,self_loop,self_loop,0.4997090697288513,0.5004811882972717
GYG1,GYG1,self_loop,self_loop,0.49990832805633545,0.500667929649353
FOSL1,FOSL1,self_loop,self_loop,0.5000384449958801,0.5011569261550903
UST,UST,self_loop,self_loop,0.49990200996398926,0.5005922913551331
CCT3,CCT3,self_loop,self_loop,0.499741792678833,0.5006609559059143
PDGFRA,PDGFRA,self_loop,self_loop,0.49964720010757446,0.5003485083580017
RRAS,RRAS,self_loop,self_loop,0.5001038908958435,0.5011017322540283
ERLIN1,ERLIN1,self_loop,self_loop,0.5001229047775269,0.5009004473686218
SNTB2,SNTB2,self_loop,self_loop,0.5003554821014404,0.5016107559204102
RAB3GAP2,RAB3GAP2,self_loop,self_loop,0.49977579712867737,0.5005408525466919
AKR1B1,AKR1B1,self_loop,self_loop,0.5000859498977661,0.500826358795166
GATA4,GATA4,self_loop,self_loop,0.5000770688056946,0.5013017654418945
CXCL9,CXCL9,self_loop,self_loop,0.49990418553352356,0.5000838041305542
CCL22,CCL22,self_loop,self_loop,0.49998897314071655,0.5006779432296753
PDXK,PDXK,self_loop,self_loop,0.500226616859436,0.5012990236282349
PEA15,PEA15,self_loop,self_loop,0.4995975196361542,0.4999478757381439
HRK,HRK,self_loop,self_loop,0.5003875494003296,0.5013457536697388
TNFRSF10A,TNFRSF10A,self_loop,self_loop,0.4999300241470337,0.5007990002632141
BCL10,BCL10,self_loop,self_loop,0.4998477101325989,0.5002536177635193
CDKN1B,CDKN1B,self_loop,self_loop,0.5000534057617188,0.5007267594337463
PKP2,PKP2,self_loop,self_loop,0.49984514713287354,0.5003849864006042
STX1A,STX1A,self_loop,self_loop,0.49991199374198914,0.5003904104232788
TSN,TSN,self_loop,self_loop,0.4999821186065674,0.5005545020103455
TOMM40,TOMM40,self_loop,self_loop,0.5001352429389954,0.5013495087623596
RBCK1,RBCK1,self_loop,self_loop,0.49984484910964966,0.5003547668457031
EDEM3,EDEM3,self_loop,self_loop,0.499686598777771,0.5006020665168762
ZSWIM7,ZSWIM7,self_loop,self_loop,0.49990004301071167,0.5004913806915283
RNF169,RNF169,self_loop,self_loop,0.4998199939727783,0.5006614327430725
BCL2A1,BCL2A1,self_loop,self_loop,0.4998602867126465,0.5002398490905762
AIFM1,AIFM1,self_loop,self_loop,0.4998210072517395,0.5005844831466675
ALS2,ALS2,self_loop,self_loop,0.499808132648468,0.5004026889801025
LLPH,LLPH,self_loop,self_loop,0.3332254886627197,0.333543598651886
MBD6,MBD6,self_loop,self_loop,0.4998771548271179,0.500964343547821
FKBP1B,FKBP1B,self_loop,self_loop,0.49983590841293335,0.5004001259803772
TPCN2,TPCN2,self_loop,self_loop,0.4997365176677704,0.5004985332489014
GDF5,GDF5,self_loop,self_loop,0.499819278717041,0.5007543563842773
MOV10,MOV10,self_loop,self_loop,0.499695360660553,0.5005280375480652
CD70,CD70,self_loop,self_loop,0.5001413226127625,0.5011467337608337
TNF,TNF,self_loop,self_loop,0.5001003742218018,0.5010247826576233
POLR2A,POLR2A,self_loop,self_loop,0.49975255131721497,0.5004658699035645
RPL37,RPL37,self_loop,self_loop,0.4999274015426636,0.50040203332901
BIRC5,BIRC5,self_loop,self_loop,0.4997161626815796,0.500049352645874
TGFBR2,TGFBR2,self_loop,self_loop,0.49964797496795654,0.5005139112472534
SHE,SHE,self_loop,self_loop,0.4999154210090637,0.5005453824996948
ZNF460,ZNF460,self_loop,self_loop,0.4997960329055786,0.5002612471580505
FNIP1,FNIP1,self_loop,self_loop,0.49969667196273804,0.5006011128425598
FBXW2,FBXW2,self_loop,self_loop,0.4997211694717407,0.5005353689193726
GGCX,GGCX,self_loop,self_loop,0.49973952770233154,0.5004584789276123
ZNF417,ZNF417,self_loop,self_loop,0.4998508095741272,0.5002157092094421
IL6ST,IL6ST,self_loop,self_loop,0.4996872544288635,0.5006999373435974
CYP20A1,CYP20A1,self_loop,self_loop,0.4997921884059906,0.5004743337631226
AURKA,AURKA,self_loop,self_loop,0.5001245141029358,0.5006870627403259
NUP43,NUP43,self_loop,self_loop,0.4999780058860779,0.5007271766662598
TXLNA,TXLNA,self_loop,self_loop,0.49993759393692017,0.500745952129364
KCNC4,KCNC4,self_loop,self_loop,0.49975746870040894,0.5003595948219299
SUPT7L,SUPT7L,self_loop,self_loop,0.4999539256095886,0.5004926323890686
ZDHHC5,ZDHHC5,self_loop,self_loop,0.49973368644714355,0.5004432797431946
CYTH2,CYTH2,self_loop,self_loop,0.5000158548355103,0.5007219910621643
ESRP1,ESRP1,self_loop,self_loop,0.49979865550994873,0.5006226897239685
UHRF1BP1,UHRF1BP1,self_loop,self_loop,0.4999997019767761,0.5000365972518921
G2E3,G2E3,self_loop,self_loop,0.49976658821105957,0.5005916357040405
TMEM33,TMEM33,self_loop,self_loop,0.5001386404037476,0.5008299946784973
SLC25A36,SLC25A36,self_loop,self_loop,0.5002098083496094,0.5011907815933228
TEF,TEF,self_loop,self_loop,0.5000795722007751,0.5006560683250427
LHFPL2,LHFPL2,self_loop,self_loop,0.5000585317611694,0.5008864402770996
AKAP10,AKAP10,self_loop,self_loop,0.4997667670249939,0.5006188750267029
SOX11,SOX11,self_loop,self_loop,0.4998282194137573,0.5003823637962341
ZNF157,ZNF157,self_loop,self_loop,0.4998120069503784,0.5001950860023499
KIF5B,KIF5B,self_loop,self_loop,0.4997897148132324,0.50075364112854
GCNT3,GCNT3,self_loop,self_loop,0.4999510645866394,0.500700056552887
SPRYD4,SPRYD4,self_loop,self_loop,0.5000895261764526,0.501051664352417
HOXA13,HOXA13,self_loop,self_loop,0.5003031492233276,0.5012817978858948
CNOT4,CNOT4,self_loop,self_loop,0.49977952241897583,0.5006258487701416
TRIM13,TRIM13,self_loop,self_loop,0.4998188018798828,0.5008799433708191
MTRF1L,MTRF1L,self_loop,self_loop,0.5001320838928223,0.5007175207138062
TM2D2,TM2D2,self_loop,self_loop,0.3332992494106293,0.3335924744606018
IL6R,IL6R,self_loop,self_loop,0.4999162256717682,0.5006046295166016
FOXP1,FOXP1,self_loop,self_loop,0.33331191539764404,0.3335498571395874
SMAD2,SMAD2,self_loop,self_loop,0.3332452178001404,0.33343836665153503
PIK3R1,PIK3R1,self_loop,self_loop,0.49977970123291016,0.5007078051567078
CADM1,CADM1,self_loop,self_loop,0.4997975528240204,0.5005389451980591
UBE2S,UBE2S,self_loop,self_loop,0.5000939965248108,0.5007181167602539
RCOR3,RCOR3,self_loop,self_loop,0.4998074769973755,0.5005970001220703
HPGD,HPGD,self_loop,self_loop,0.5001309514045715,0.5008189678192139
CENPN,CENPN,self_loop,self_loop,0.5000255703926086,0.5008816123008728
MBD4,MBD4,self_loop,self_loop,0.499711811542511,0.5007883906364441
SEC23IP,SEC23IP,self_loop,self_loop,0.4997113347053528,0.5002932548522949
IGSF3,IGSF3,self_loop,self_loop,0.4997548460960388,0.5003541707992554
UBASH3B,UBASH3B,self_loop,self_loop,0.4997456669807434,0.5005461573600769
MACROD2,MACROD2,self_loop,self_loop,0.4997928738594055,0.5004315376281738
PDE4C,PDE4C,self_loop,self_loop,0.49975305795669556,0.5005826354026794
ANKRD50,ANKRD50,self_loop,self_loop,0.4997299313545227,0.5006000995635986
RPS16,RPS16,self_loop,self_loop,0.5001627206802368,0.5010045170783997
AP1G1,AP1G1,self_loop,self_loop,0.4997577965259552,0.5007405281066895
ANKRD9,ANKRD9,self_loop,self_loop,0.5003527998924255,0.5015295147895813
STK4,STK4,self_loop,self_loop,0.49975740909576416,0.5007527470588684
KIF1A,KIF1A,self_loop,self_loop,0.3332354724407196,0.3336154520511627
YIPF6,YIPF6,self_loop,self_loop,0.499927282333374,0.5007774233818054
GEN1,GEN1,self_loop,self_loop,0.4997338354587555,0.5006239414215088
FAM120AOS,FAM120AOS,self_loop,self_loop,0.5001691579818726,0.5013900995254517
ZBTB44,ZBTB44,self_loop,self_loop,0.49965545535087585,0.500465989112854
ATP11B,ATP11B,self_loop,self_loop,0.49964702129364014,0.5006348490715027
RAP1GAP2,RAP1GAP2,self_loop,self_loop,0.4996838867664337,0.5006166696548462
MRAS,MRAS,self_loop,self_loop,0.49991875886917114,0.5004606246948242
AGAP3,AGAP3,self_loop,self_loop,0.49986958503723145,0.500609815120697
ACTN4,ACTN4,self_loop,self_loop,0.4998009204864502,0.5008954405784607
CEBPG,CEBPG,self_loop,self_loop,0.5000683665275574,0.5005555748939514
SLC31A1,SLC31A1,self_loop,self_loop,0.49996304512023926,0.5008421540260315
SRPK1,SRPK1,self_loop,self_loop,0.49976351857185364,0.5007059574127197
GCM1,GCM1,self_loop,self_loop,0.49977782368659973,0.5004873275756836
ARCN1,ARCN1,self_loop,self_loop,0.4997349679470062,0.5007444620132446
MORF4L2,MORF4L2,self_loop,self_loop,0.500178873538971,0.5009617805480957
ZNF431,ZNF431,self_loop,self_loop,0.4997444748878479,0.5006786584854126
RPS19,RPS19,self_loop,self_loop,0.5001903772354126,0.501141369342804
RPS29,RPS29,self_loop,self_loop,0.4998595118522644,0.5003725290298462
TK1,TK1,self_loop,self_loop,0.5001030564308167,0.5008581280708313
AZIN1,AZIN1,self_loop,self_loop,0.4997645616531372,0.5004789233207703
LHFPL5,LHFPL5,self_loop,self_loop,0.4999845623970032,0.5006882548332214
ZNF107,ZNF107,self_loop,self_loop,0.49982750415802,0.5008260607719421
GPR173,GPR173,self_loop,self_loop,0.5001329183578491,0.5009877681732178
LCOR,LCOR,self_loop,self_loop,0.49971139430999756,0.5005766749382019
ZNF268,ZNF268,self_loop,self_loop,0.4997411072254181,0.5004674196243286
EEF2K,EEF2K,self_loop,self_loop,0.49970951676368713,0.5003238916397095
PAK3,PAK3,self_loop,self_loop,0.4997889995574951,0.5006468296051025
VGLL4,VGLL4,self_loop,self_loop,0.5001051425933838,0.5010392069816589
TOR1AIP1,TOR1AIP1,self_loop,self_loop,0.49981164932250977,0.5005750060081482
COPS7B,COPS7B,self_loop,self_loop,0.5001708269119263,0.5007206797599792
KLF6,KLF6,self_loop,self_loop,0.49984830617904663,0.5004370808601379
KCNB1,KCNB1,self_loop,self_loop,0.49977248907089233,0.5007767081260681
NCBP2,NCBP2,self_loop,self_loop,0.4998239278793335,0.5000491738319397
MATN1,MATN1,self_loop,self_loop,0.49981194734573364,0.5005660653114319
COIL,COIL,self_loop,self_loop,0.4997919201850891,0.5006644129753113
ANKRD40,ANKRD40,self_loop,self_loop,0.5000562071800232,0.5007085800170898
OTUD7A,OTUD7A,self_loop,self_loop,0.499802827835083,0.5004547238349915
ZNF740,ZNF740,self_loop,self_loop,0.4999338984489441,0.500298798084259
TMEM97,TMEM97,self_loop,self_loop,0.49977484345436096,0.5002696514129639
TMEM106B,TMEM106B,self_loop,self_loop,0.5000633001327515,0.5012195706367493
IDE,IDE,self_loop,self_loop,0.4996914267539978,0.5005500316619873
TFRC,TFRC,self_loop,self_loop,0.4996741712093353,0.5006519556045532
PPIP5K2,PPIP5K2,self_loop,self_loop,0.49967190623283386,0.500543475151062
ST3GAL5,ST3GAL5,self_loop,self_loop,0.49981042742729187,0.5007261037826538
FXR1,FXR1,self_loop,self_loop,0.4997149109840393,0.500430166721344
GLDN,GLDN,self_loop,self_loop,0.499845027923584,0.5005425810813904
SCARB2,SCARB2,self_loop,self_loop,0.49963444471359253,0.5005671977996826
SRGAP2,SRGAP2,self_loop,self_loop,0.49979111552238464,0.5008870363235474
ABCC1,ABCC1,self_loop,self_loop,0.4996796250343323,0.5007867217063904
MICALL1,MICALL1,self_loop,self_loop,0.4997386336326599,0.5003247857093811
UBE2A,UBE2A,self_loop,self_loop,0.49987417459487915,0.5006073713302612
PAK1,PAK1,self_loop,self_loop,0.49968212842941284,0.5007066130638123
SLC25A15,SLC25A15,self_loop,self_loop,0.5000507831573486,0.5008723139762878
SULT1B1,SULT1B1,self_loop,self_loop,0.4998076558113098,0.5006051659584045
EHD3,EHD3,self_loop,self_loop,0.49970072507858276,0.5007762908935547
ZNF385A,ZNF385A,self_loop,self_loop,0.5001147985458374,0.5011839866638184
KIF16B,KIF16B,self_loop,self_loop,0.49968743324279785,0.5006343722343445
BMPR2,BMPR2,self_loop,self_loop,0.49968960881233215,0.5003858804702759
GLS,GLS,self_loop,self_loop,0.4997331202030182,0.5005133152008057
GNA12,GNA12,self_loop,self_loop,0.499917596578598,0.500980019569397
RCC2,RCC2,self_loop,self_loop,0.4998224675655365,0.5004140138626099
CRLS1,CRLS1,self_loop,self_loop,0.5002589225769043,0.5014426708221436
CNNM4,CNNM4,self_loop,self_loop,0.4996359050273895,0.5004647970199585
ALG9,ALG9,self_loop,self_loop,0.4996569752693176,0.5005138516426086
ROR1,ROR1,self_loop,self_loop,0.4997042417526245,0.500573456287384
LANCL1,LANCL1,self_loop,self_loop,0.5000113844871521,0.5007625222206116
SLC5A3,SLC5A3,self_loop,self_loop,0.49976176023483276,0.5006166100502014
CNTNAP2,CNTNAP2,self_loop,self_loop,0.5000338554382324,0.5008116960525513
SERPINB5,SERPINB5,self_loop,self_loop,0.49979814887046814,0.5009485483169556
RYK,RYK,self_loop,self_loop,0.49971553683280945,0.5007246732711792
SLIT3,SLIT3,self_loop,self_loop,0.4997901916503906,0.5008478760719299
PIGH,PIGH,self_loop,self_loop,0.4998033046722412,0.5002763271331787
GJC1,GJC1,self_loop,self_loop,0.49993592500686646,0.5006083846092224
COMMD7,COMMD7,self_loop,self_loop,0.4999174177646637,0.5002403855323792
ADCY9,ADCY9,self_loop,self_loop,0.49965810775756836,0.5004487037658691
DAZAP2,DAZAP2,self_loop,self_loop,0.5002131462097168,0.5017836093902588
RSPRY1,RSPRY1,self_loop,self_loop,0.4996771216392517,0.5004886984825134
CACNG5,CACNG5,self_loop,self_loop,0.4998791515827179,0.5007871985435486
PIK3R3,PIK3R3,self_loop,self_loop,0.49972793459892273,0.5005038976669312
FAM136A,FAM136A,self_loop,self_loop,0.5000544190406799,0.5009439587593079
MTHFD2,MTHFD2,self_loop,self_loop,0.500307023525238,0.5014418363571167
APBB2,APBB2,self_loop,self_loop,0.49973446130752563,0.5006018280982971
HOXC12,HOXC12,self_loop,self_loop,0.5001806020736694,0.5013612508773804
PPP4R2,PPP4R2,self_loop,self_loop,0.4997531771659851,0.5001775622367859
NTRK3,NTRK3,self_loop,self_loop,0.49976295232772827,0.5003713965415955
TNFAIP8,TNFAIP8,self_loop,self_loop,0.4999713897705078,0.5004883408546448
FRMD4B,FRMD4B,self_loop,self_loop,0.49976956844329834,0.5007808804512024
NR6A1,NR6A1,self_loop,self_loop,0.4997754693031311,0.5002773404121399
PRRX1,PRRX1,self_loop,self_loop,0.5002235770225525,0.5011088252067566
SOX7,SOX7,self_loop,self_loop,0.5000946521759033,0.5012146830558777
SERINC5,SERINC5,self_loop,self_loop,0.4997634291648865,0.5003429651260376
ONECUT2,ONECUT2,self_loop,self_loop,0.4999069571495056,0.5003871321678162
SLC30A4,SLC30A4,self_loop,self_loop,0.49987199902534485,0.5005232095718384
MYLK,MYLK,self_loop,self_loop,0.49986088275909424,0.5004808306694031
TTC7B,TTC7B,self_loop,self_loop,0.4998670816421509,0.5007440447807312
ZNF704,ZNF704,self_loop,self_loop,0.49976199865341187,0.5005159974098206
RASGRF1,RASGRF1,self_loop,self_loop,1.0,1.0
RASGRF2,RASGRF2,self_loop,self_loop,1.0,1.0
DUSP10,DUSP10,self_loop,self_loop,1.0,1.0
DUSP1,DUSP1,self_loop,self_loop,1.0,1.0
DUSP4,DUSP4,self_loop,self_loop,1.0,1.0
DUSP5,DUSP5,self_loop,self_loop,1.0,1.0
DUSP6,DUSP6,self_loop,self_loop,1.0,1.0
DUSP7,DUSP7,self_loop,self_loop,1.0,1.0
DUSP8,DUSP8,self_loop,self_loop,1.0,1.0
DUSP9,DUSP9,self_loop,self_loop,1.0,1.0
DUSP16,DUSP16,self_loop,self_loop,1.0,1.0
DUSP3,DUSP3,self_loop,self_loop,1.0,1.0
PTPN7,PTPN7,self_loop,self_loop,1.0,1.0
PTPRR,PTPRR,self_loop,self_loop,1.0,1.0
PTPN5,PTPN5,self_loop,self_loop,1.0,1.0
PPM1B,PPM1B,self_loop,self_loop,1.0,1.0
FASLG,FASLG,self_loop,self_loop,1.0,1.0
MAP4K4,MAP4K4,self_loop,self_loop,1.0,1.0
PLA2G4E,PLA2G4E,self_loop,self_loop,1.0,1.0
PLA2G4F,PLA2G4F,self_loop,self_loop,1.0,1.0
PLA2G4D,PLA2G4D,self_loop,self_loop,1.0,1.0
PLA2G4A,PLA2G4A,self_loop,self_loop,1.0,1.0
PLA2G4C,PLA2G4C,self_loop,self_loop,1.0,1.0
JMJD7-PLA2G4B,JMJD7-PLA2G4B,self_loop,self_loop,1.0,1.0
MAPT,MAPT,self_loop,self_loop,1.0,1.0
NFKB2,NFKB2,self_loop,self_loop,1.0,1.0
RELA,RELA,self_loop,self_loop,1.0,1.0
RELB,RELB,self_loop,self_loop,1.0,1.0
CHUK,CHUK,self_loop,self_loop,1.0,1.0
IKBKB,IKBKB,self_loop,self_loop,1.0,1.0
IKBKG,IKBKG,self_loop,self_loop,1.0,1.0
MAP3K14,MAP3K14,self_loop,self_loop,1.0,1.0
MAPK1,MAPK1,self_loop,self_loop,1.0,1.0
MAPK3,MAPK3,self_loop,self_loop,1.0,1.0
MAP2K2,MAP2K2,self_loop,self_loop,1.0,1.0
MAP2K1,MAP2K1,self_loop,self_loop,1.0,1.0
RAF1,RAF1,self_loop,self_loop,1.0,1.0
BRAF,BRAF,self_loop,self_loop,1.0,1.0
NF1,NF1,self_loop,self_loop,1.0,1.0
PRKCA,PRKCA,self_loop,self_loop,1.0,1.0
PRKCB,PRKCB,self_loop,self_loop,1.0,1.0
PRKCG,PRKCG,self_loop,self_loop,1.0,1.0
RAP1A,RAP1A,self_loop,self_loop,1.0,1.0
RAP1B,RAP1B,self_loop,self_loop,1.0,1.0
PRKACA,PRKACA,self_loop,self_loop,1.0,1.0
PRKACB,PRKACB,self_loop,self_loop,1.0,1.0
PRKACG,PRKACG,self_loop,self_loop,1.0,1.0
RAPGEF2,RAPGEF2,self_loop,self_loop,1.0,1.0
RASA2,RASA2,self_loop,self_loop,1.0,1.0
RRAS2,RRAS2,self_loop,self_loop,1.0,1.0
HRAS,HRAS,self_loop,self_loop,1.0,1.0
KRAS,KRAS,self_loop,self_loop,1.0,1.0
RASGRP1,RASGRP1,self_loop,self_loop,1.0,1.0
RASGRP2,RASGRP2,self_loop,self_loop,1.0,1.0
RASGRP4,RASGRP4,self_loop,self_loop,1.0,1.0
RASGRP3,RASGRP3,self_loop,self_loop,1.0,1.0
SOS1,SOS1,self_loop,self_loop,1.0,1.0
SOS2,SOS2,self_loop,self_loop,1.0,1.0
GNG12,GNG12,self_loop,self_loop,1.0,1.0
GRB2,GRB2,self_loop,self_loop,1.0,1.0
CSF1R,CSF1R,self_loop,self_loop,1.0,1.0
EPHA2,EPHA2,self_loop,self_loop,1.0,1.0
ERBB2,ERBB2,self_loop,self_loop,1.0,1.0
ERBB3,ERBB3,self_loop,self_loop,1.0,1.0
FGFR3,FGFR3,self_loop,self_loop,1.0,1.0
FGFR2,FGFR2,self_loop,self_loop,1.0,1.0
FGFR4,FGFR4,self_loop,self_loop,1.0,1.0
FLT1,FLT1,self_loop,self_loop,1.0,1.0
FLT3,FLT3,self_loop,self_loop,1.0,1.0
FLT4,FLT4,self_loop,self_loop,1.0,1.0
IGF1R,IGF1R,self_loop,self_loop,1.0,1.0
INSR,INSR,self_loop,self_loop,1.0,1.0
KDR,KDR,self_loop,self_loop,1.0,1.0
NGFR,NGFR,self_loop,self_loop,1.0,1.0
NTRK1,NTRK1,self_loop,self_loop,1.0,1.0
PDGFRB,PDGFRB,self_loop,self_loop,1.0,1.0
RET,RET,self_loop,self_loop,1.0,1.0
TEK,TEK,self_loop,self_loop,1.0,1.0
CACNG3,CACNG3,self_loop,self_loop,1.0,1.0
CACNG2,CACNG2,self_loop,self_loop,1.0,1.0
CACNG4,CACNG4,self_loop,self_loop,1.0,1.0
CACNA2D3,CACNA2D3,self_loop,self_loop,1.0,1.0
CACNG7,CACNG7,self_loop,self_loop,1.0,1.0
CACNG6,CACNG6,self_loop,self_loop,1.0,1.0
CACNA1A,CACNA1A,self_loop,self_loop,1.0,1.0
CACNA1B,CACNA1B,self_loop,self_loop,1.0,1.0
CACNA1C,CACNA1C,self_loop,self_loop,1.0,1.0
CACNA1D,CACNA1D,self_loop,self_loop,1.0,1.0
CACNA1E,CACNA1E,self_loop,self_loop,1.0,1.0
CACNA1F,CACNA1F,self_loop,self_loop,1.0,1.0
CACNA1S,CACNA1S,self_loop,self_loop,1.0,1.0
CACNA2D1,CACNA2D1,self_loop,self_loop,1.0,1.0
CACNB1,CACNB1,self_loop,self_loop,1.0,1.0
CACNB2,CACNB2,self_loop,self_loop,1.0,1.0
CACNB3,CACNB3,self_loop,self_loop,1.0,1.0
CACNB4,CACNB4,self_loop,self_loop,1.0,1.0
CACNG1,CACNG1,self_loop,self_loop,1.0,1.0
CACNA1I,CACNA1I,self_loop,self_loop,1.0,1.0
CACNA1H,CACNA1H,self_loop,self_loop,1.0,1.0
CACNA1G,CACNA1G,self_loop,self_loop,1.0,1.0
CACNA2D2,CACNA2D2,self_loop,self_loop,1.0,1.0
CACNA2D4,CACNA2D4,self_loop,self_loop,1.0,1.0
NR4A1,NR4A1,self_loop,self_loop,1.0,1.0
MAPK7,MAPK7,self_loop,self_loop,1.0,1.0
MAP2K5,MAP2K5,self_loop,self_loop,1.0,1.0
NLK,NLK,self_loop,self_loop,1.0,1.0
CDC25B,CDC25B,self_loop,self_loop,1.0,1.0
RPS6KA4,RPS6KA4,self_loop,self_loop,1.0,1.0
MAPKAPK3,MAPKAPK3,self_loop,self_loop,1.0,1.0
MAPKAPK2,MAPKAPK2,self_loop,self_loop,1.0,1.0
ATF4,ATF4,self_loop,self_loop,1.0,1.0
MAX,MAX,self_loop,self_loop,1.0,1.0
DDIT3,DDIT3,self_loop,self_loop,1.0,1.0
ELK4,ELK4,self_loop,self_loop,1.0,1.0
TP53,TP53,self_loop,self_loop,1.0,1.0
ELK1,ELK1,self_loop,self_loop,1.0,1.0
MAPK11,MAPK11,self_loop,self_loop,1.0,1.0
MAPK13,MAPK13,self_loop,self_loop,1.0,1.0
MAPK12,MAPK12,self_loop,self_loop,1.0,1.0
PPP5C,PPP5C,self_loop,self_loop,1.0,1.0
MAP2K6,MAP2K6,self_loop,self_loop,1.0,1.0
MAP2K3,MAP2K3,self_loop,self_loop,1.0,1.0
PPM1A,PPM1A,self_loop,self_loop,1.0,1.0
AKT2,AKT2,self_loop,self_loop,1.0,1.0
TAOK3,TAOK3,self_loop,self_loop,1.0,1.0
TAOK2,TAOK2,self_loop,self_loop,1.0,1.0
MAP3K4,MAP3K4,self_loop,self_loop,1.0,1.0
HSPB1,HSPB1,self_loop,self_loop,1.0,1.0
MAP3K7,MAP3K7,self_loop,self_loop,1.0,1.0
MAP3K5,MAP3K5,self_loop,self_loop,1.0,1.0
MAP3K6,MAP3K6,self_loop,self_loop,1.0,1.0
MAP3K12,MAP3K12,self_loop,self_loop,1.0,1.0
MAP3K13,MAP3K13,self_loop,self_loop,1.0,1.0
MAP3K9,MAP3K9,self_loop,self_loop,1.0,1.0
MAP3K10,MAP3K10,self_loop,self_loop,1.0,1.0
STK3,STK3,self_loop,self_loop,1.0,1.0
ECSIT,ECSIT,self_loop,self_loop,1.0,1.0
TAB2,TAB2,self_loop,self_loop,1.0,1.0
TAB1,TAB1,self_loop,self_loop,1.0,1.0
GADD45G,GADD45G,self_loop,self_loop,1.0,1.0
GADD45A,GADD45A,self_loop,self_loop,1.0,1.0
GADD45B,GADD45B,self_loop,self_loop,1.0,1.0
DAXX,DAXX,self_loop,self_loop,1.0,1.0
TRAF2,TRAF2,self_loop,self_loop,1.0,1.0
CASP3,CASP3,self_loop,self_loop,1.0,1.0
CD14,CD14,self_loop,self_loop,1.0,1.0
FAS,FAS,self_loop,self_loop,1.0,1.0
IL1R1,IL1R1,self_loop,self_loop,1.0,1.0
IL1RAP,IL1RAP,self_loop,self_loop,1.0,1.0
TNFRSF1A,TNFRSF1A,self_loop,self_loop,1.0,1.0
TGFB1,TGFB1,self_loop,self_loop,1.0,1.0
TGFB2,TGFB2,self_loop,self_loop,1.0,1.0
TGFB3,TGFB3,self_loop,self_loop,1.0,1.0
IL1A,IL1A,self_loop,self_loop,1.0,1.0
IL1B,IL1B,self_loop,self_loop,1.0,1.0
MAPKAPK5,MAPKAPK5,self_loop,self_loop,1.0,1.0
RAC1,RAC1,self_loop,self_loop,1.0,1.0
RAC2,RAC2,self_loop,self_loop,1.0,1.0
RAC3,RAC3,self_loop,self_loop,1.0,1.0
PAK2,PAK2,self_loop,self_loop,1.0,1.0
MAP3K3,MAP3K3,self_loop,self_loop,1.0,1.0
MAPK8IP2,MAPK8IP2,self_loop,self_loop,1.0,1.0
MAPK8IP1,MAPK8IP1,self_loop,self_loop,1.0,1.0
MAP3K11,MAP3K11,self_loop,self_loop,1.0,1.0
MAP2K7,MAP2K7,self_loop,self_loop,1.0,1.0
MAP2K4,MAP2K4,self_loop,self_loop,1.0,1.0
CRK,CRK,self_loop,self_loop,1.0,1.0
CRKL,CRKL,self_loop,self_loop,1.0,1.0
ARRB1,ARRB1,self_loop,self_loop,1.0,1.0
ARRB2,ARRB2,self_loop,self_loop,1.0,1.0
MECOM,MECOM,self_loop,self_loop,1.0,1.0
HSPA1A,HSPA1A,self_loop,self_loop,1.0,1.0
HSPA1B,HSPA1B,self_loop,self_loop,1.0,1.0
HSPA1L,HSPA1L,self_loop,self_loop,1.0,1.0
HSPA6,HSPA6,self_loop,self_loop,1.0,1.0
HSPA8,HSPA8,self_loop,self_loop,1.0,1.0
JUND,JUND,self_loop,self_loop,1.0,1.0
FOS,FOS,self_loop,self_loop,1.0,1.0
JUN,JUN,self_loop,self_loop,1.0,1.0
NFATC3,NFATC3,self_loop,self_loop,1.0,1.0
NFATC1,NFATC1,self_loop,self_loop,1.0,1.0
PPP3CA,PPP3CA,self_loop,self_loop,1.0,1.0
PPP3CB,PPP3CB,self_loop,self_loop,1.0,1.0
PPP3CC,PPP3CC,self_loop,self_loop,1.0,1.0
PPP3R2,PPP3R2,self_loop,self_loop,1.0,1.0
MAPK8IP3,MAPK8IP3,self_loop,self_loop,1.0,1.0
FLNA,FLNA,self_loop,self_loop,1.0,1.0
MAP3K1,MAP3K1,self_loop,self_loop,1.0,1.0
MAP3K8,MAP3K8,self_loop,self_loop,1.0,1.0
MAP4K1,MAP4K1,self_loop,self_loop,1.0,1.0
MAP4K3,MAP4K3,self_loop,self_loop,1.0,1.0
SRF,SRF,self_loop,self_loop,1.0,1.0
MYC,MYC,self_loop,self_loop,1.0,1.0
RPS6KA6,RPS6KA6,self_loop,self_loop,1.0,1.0
RPS6KA1,RPS6KA1,self_loop,self_loop,1.0,1.0
RPS6KA2,RPS6KA2,self_loop,self_loop,1.0,1.0
RPS6KA3,RPS6KA3,self_loop,self_loop,1.0,1.0
MKNK2,MKNK2,self_loop,self_loop,1.0,1.0
MKNK1,MKNK1,self_loop,self_loop,1.0,1.0
CSF1,CSF1,self_loop,self_loop,1.0,1.0
EFNA1,EFNA1,self_loop,self_loop,1.0,1.0
EFNA2,EFNA2,self_loop,self_loop,1.0,1.0
EFNA3,EFNA3,self_loop,self_loop,1.0,1.0
EFNA4,EFNA4,self_loop,self_loop,1.0,1.0
EFNA5,EFNA5,self_loop,self_loop,1.0,1.0
EGF,EGF,self_loop,self_loop,1.0,1.0
EREG,EREG,self_loop,self_loop,1.0,1.0
FGF1,FGF1,self_loop,self_loop,1.0,1.0
FGF3,FGF3,self_loop,self_loop,1.0,1.0
FGF4,FGF4,self_loop,self_loop,1.0,1.0
FGF5,FGF5,self_loop,self_loop,1.0,1.0
FGF6,FGF6,self_loop,self_loop,1.0,1.0
FGF7,FGF7,self_loop,self_loop,1.0,1.0
FGF8,FGF8,self_loop,self_loop,1.0,1.0
FGF9,FGF9,self_loop,self_loop,1.0,1.0
FGF10,FGF10,self_loop,self_loop,1.0,1.0
FLT3LG,FLT3LG,self_loop,self_loop,1.0,1.0
FGF20,FGF20,self_loop,self_loop,1.0,1.0
FGF21,FGF21,self_loop,self_loop,1.0,1.0
GDNF,GDNF,self_loop,self_loop,1.0,1.0
FGF22,FGF22,self_loop,self_loop,1.0,1.0
ANGPT1,ANGPT1,self_loop,self_loop,1.0,1.0
ANGPT2,ANGPT2,self_loop,self_loop,1.0,1.0
IGF1,IGF1,self_loop,self_loop,1.0,1.0
IGF2,IGF2,self_loop,self_loop,1.0,1.0
INS,INS,self_loop,self_loop,1.0,1.0
AREG,AREG,self_loop,self_loop,1.0,1.0
KITLG,KITLG,self_loop,self_loop,1.0,1.0
NGF,NGF,self_loop,self_loop,1.0,1.0
NRTN,NRTN,self_loop,self_loop,1.0,1.0
NTF3,NTF3,self_loop,self_loop,1.0,1.0
NTF4,NTF4,self_loop,self_loop,1.0,1.0
ANGPT4,ANGPT4,self_loop,self_loop,1.0,1.0
PDGFA,PDGFA,self_loop,self_loop,1.0,1.0
PDGFB,PDGFB,self_loop,self_loop,1.0,1.0
PGF,PGF,self_loop,self_loop,1.0,1.0
PDGFC,PDGFC,self_loop,self_loop,1.0,1.0
PSPN,PSPN,self_loop,self_loop,1.0,1.0
TGFA,TGFA,self_loop,self_loop,1.0,1.0
VEGFB,VEGFB,self_loop,self_loop,1.0,1.0
VEGFC,VEGFC,self_loop,self_loop,1.0,1.0
PDGFD,PDGFD,self_loop,self_loop,1.0,1.0
FGF23,FGF23,self_loop,self_loop,1.0,1.0
FGF18,FGF18,self_loop,self_loop,1.0,1.0
FGF17,FGF17,self_loop,self_loop,1.0,1.0
FGF16,FGF16,self_loop,self_loop,1.0,1.0
ARTN,ARTN,self_loop,self_loop,1.0,1.0
FGF19,FGF19,self_loop,self_loop,1.0,1.0
TRADD,TRADD,self_loop,self_loop,1.0,1.0
MYD88,MYD88,self_loop,self_loop,1.0,1.0
IRAK1,IRAK1,self_loop,self_loop,1.0,1.0
ARAF,ARAF,self_loop,self_loop,1.0,1.0
fu:7e2a8487,fu:7e2a8487,self_loop,self_loop,0.24987928569316864,0.2500741183757782
fu:fd226da5,fu:fd226da5,self_loop,self_loop,0.0908917784690857,0.09095983952283859
fu:084a3d94,fu:084a3d94,self_loop,self_loop,0.19994962215423584,0.2000177949666977
fu:0047a61e,fu:0047a61e,self_loop,self_loop,0.5000239014625549,0.5005643367767334
fu:c8457d96,fu:c8457d96,self_loop,self_loop,0.4997822940349579,0.5004674792289734
fu:3687d0f8,fu:3687d0f8,self_loop,self_loop,0.4999236464500427,0.5002394914627075
fu:770a684e,fu:770a684e,self_loop,self_loop,0.1249639242887497,0.12501950562000275
fu:8ef29752,fu:8ef29752,self_loop,self_loop,0.33304327726364136,0.33351919054985046
fu:02b71dbc,fu:02b71dbc,self_loop,self_loop,0.3331349194049835,0.3335314989089966
fu:6b254be8,fu:6b254be8,self_loop,self_loop,0.14275220036506653,0.14289189875125885
fu:e96fee09,fu:e96fee09,self_loop,self_loop,0.1249195858836174,0.12507735192775726
fu:f132c1b4,fu:f132c1b4,self_loop,self_loop,0.2496158331632614,0.25017720460891724
fu:b1fed606,fu:b1fed606,self_loop,self_loop,0.14279043674468994,0.1429133117198944
fu:418e3a71,fu:418e3a71,self_loop,self_loop,0.4995553493499756,0.5003761053085327
fu:e711f0a6,fu:e711f0a6,self_loop,self_loop,0.12495452165603638,0.125101700425148
fu:74ae7efc,fu:74ae7efc,self_loop,self_loop,0.12495452910661697,0.12510176002979279
fu:21c326d4,fu:21c326d4,self_loop,self_loop,0.2499520480632782,0.2501520812511444
fu:7ebcd056,fu:7ebcd056,self_loop,self_loop,0.2499256581068039,0.2501775920391083
fu:69624e88,fu:69624e88,self_loop,self_loop,0.4998925030231476,0.5005978345870972
fu:368c2fa7,fu:368c2fa7,self_loop,self_loop,0.49989092350006104,0.5002686381340027
fu:35131c42,fu:35131c42,self_loop,self_loop,0.24993129074573517,0.250046968460083
fu:9786b5ed,fu:9786b5ed,self_loop,self_loop,0.2498917430639267,0.2501046657562256
fu:bcdaeed1,fu:bcdaeed1,self_loop,self_loop,0.2499525547027588,0.2500436305999756
fu:bd2e123e,fu:bd2e123e,self_loop,self_loop,0.500054121017456,0.5003028512001038
fu:fa467b33,fu:fa467b33,self_loop,self_loop,0.33325865864753723,0.33350127935409546
fu:35bcc57b,fu:35bcc57b,self_loop,self_loop,0.0666394978761673,0.06669141352176666
fu:82456880,fu:82456880,self_loop,self_loop,0.1666320562362671,0.16668637096881866
fu:def1099f,fu:def1099f,self_loop,self_loop,0.33330515027046204,0.33342114090919495
fu:f390c31d,fu:f390c31d,self_loop,self_loop,0.33339157700538635,0.33385971188545227
fu:c110bb17,fu:c110bb17,self_loop,self_loop,0.3332505226135254,0.3335528075695038
fu:7f7b2f5f,fu:7f7b2f5f,self_loop,self_loop,0.03569415584206581,0.035727307200431824
fu:dd374616,fu:dd374616,self_loop,self_loop,0.037028394639492035,0.037049584090709686
fu:aeb42500,fu:aeb42500,self_loop,self_loop,0.33318594098091125,0.3335176110267639
fu:4e3892e3,fu:4e3892e3,self_loop,self_loop,0.33316951990127563,0.33352407813072205
fu:9a13759c,fu:9a13759c,self_loop,self_loop,0.4999062418937683,0.5005269050598145
fu:ede2f5af,fu:ede2f5af,self_loop,self_loop,0.3332497775554657,0.3334968686103821
fu:6463ffd1,fu:6463ffd1,self_loop,self_loop,0.3331664204597473,0.33349695801734924
fu:3273328d,fu:3273328d,self_loop,self_loop,0.2498580664396286,0.2499886304140091
fu:dd701a8d,fu:dd701a8d,self_loop,self_loop,0.2498854100704193,0.25009000301361084
fu:b5bf47cc,fu:b5bf47cc,self_loop,self_loop,0.2498447149991989,0.2501439154148102
fu:9217ec0a,fu:9217ec0a,self_loop,self_loop,0.3331522047519684,0.3333509862422943
fu:83098143,fu:83098143,self_loop,self_loop,0.33316177129745483,0.33351191878318787
fu:2b9b82f8,fu:2b9b82f8,self_loop,self_loop,0.3331203758716583,0.33352112770080566
fu:13ad26cc,fu:13ad26cc,self_loop,self_loop,0.3331604301929474,0.33351296186447144
fu:7d38c72e,fu:7d38c72e,self_loop,self_loop,0.24987250566482544,0.2501404285430908
fu:2be3360b,fu:2be3360b,self_loop,self_loop,0.24987168610095978,0.25013887882232666
fu:fa6497d0,fu:fa6497d0,self_loop,self_loop,0.33320000767707825,0.33332595229148865
fu:828681e8,fu:828681e8,self_loop,self_loop,0.11107327044010162,0.11114209145307541
fu:c1b5761a,fu:c1b5761a,self_loop,self_loop,0.49992287158966064,0.5002632737159729
fu:57f73e22,fu:57f73e22,self_loop,self_loop,0.12494920194149017,0.12509608268737793
fu:39b0ba80,fu:39b0ba80,self_loop,self_loop,0.12494836747646332,0.12509603798389435
fu:377d6159,fu:377d6159,self_loop,self_loop,0.11109049618244171,0.11118616163730621
fu:86cdce68,fu:86cdce68,self_loop,self_loop,0.19994962215423584,0.2000177949666977
fu:628792dc,fu:628792dc,self_loop,self_loop,0.49992090463638306,0.500727653503418
fu:2959a7f6,fu:2959a7f6,self_loop,self_loop,0.24976778030395508,0.25028613209724426
fu:e2d583f5,fu:e2d583f5,self_loop,self_loop,0.24985703825950623,0.2500936686992645
fu:5e066f99,fu:5e066f99,self_loop,self_loop,0.3331151306629181,0.333553671836853
fu:18b46668,fu:18b46668,self_loop,self_loop,0.24984179437160492,0.2501896023750305
fu:4dbb2d89,fu:4dbb2d89,self_loop,self_loop,0.1999131143093109,0.20012319087982178
fu:127bf490,fu:127bf490,self_loop,self_loop,0.16660380363464355,0.1667633056640625
fu:fe378cbc,fu:fe378cbc,self_loop,self_loop,0.4999268054962158,0.5006400346755981
fu:3ce31490,fu:3ce31490,self_loop,self_loop,1.0,1.0
fu:12e2c442,fu:12e2c442,self_loop,self_loop,0.33331209421157837,0.33341556787490845
fu:ef42bc35,fu:ef42bc35,self_loop,self_loop,0.3332861065864563,0.33341094851493835
fu:f6a34c03,fu:f6a34c03,self_loop,self_loop,0.3331887722015381,0.3333234488964081
fu:20a3b14c,fu:20a3b14c,self_loop,self_loop,0.24986551702022552,0.2500301003456116
fu:12774d68,fu:12774d68,self_loop,self_loop,0.49981689453125,0.5005784034729004
fu:1bdb6764,fu:1bdb6764,self_loop,self_loop,0.49991458654403687,0.5003808736801147
fu:cc0e0a55,fu:cc0e0a55,self_loop,self_loop,0.199814572930336,0.20009848475456238
fu:fcc91474,fu:fcc91474,self_loop,self_loop,0.24998950958251953,0.25003930926322937
fu:d3570c60,fu:d3570c60,self_loop,self_loop,0.1998346894979477,0.20004940032958984
fu:80de25d0,fu:80de25d0,self_loop,self_loop,0.24983327090740204,0.2501218318939209
fu:3f6a023b,fu:3f6a023b,self_loop,self_loop,0.3330898582935333,0.3334703743457794
fu:69217a4b,fu:69217a4b,self_loop,self_loop,0.33311641216278076,0.333476722240448
fu:ac41e7b6,fu:ac41e7b6,self_loop,self_loop,0.49969395995140076,0.5005414485931396
fu:7961a9c2,fu:7961a9c2,self_loop,self_loop,0.24982509016990662,0.2500934600830078
fu:ac1b5dfa,fu:ac1b5dfa,self_loop,self_loop,0.3330482542514801,0.33350634574890137
fu:f017c41c,fu:f017c41c,self_loop,self_loop,0.24994082748889923,0.2501157820224762
fu:0c8f29ae,fu:0c8f29ae,self_loop,self_loop,0.33314281702041626,0.3334130346775055
fu:c12b6dd3,fu:c12b6dd3,self_loop,self_loop,0.24996259808540344,0.2500424087047577
fu:6e503f28,fu:6e503f28,self_loop,self_loop,0.33330002427101135,0.33342427015304565
fu:69228b75,fu:69228b75,self_loop,self_loop,0.5000296235084534,0.5009753108024597
fu:a6e8f63a,fu:a6e8f63a,self_loop,self_loop,0.33315110206604004,0.3335035443305969
fu:2b5c3e60,fu:2b5c3e60,self_loop,self_loop,0.19998659193515778,0.2000809609889984
fu:435e22e3,fu:435e22e3,self_loop,self_loop,0.19987845420837402,0.2000122219324112
fu:ad5afd37,fu:ad5afd37,self_loop,self_loop,0.2498442381620407,0.24997633695602417
fu:991f34de,fu:991f34de,self_loop,self_loop,0.3333328664302826,0.33342358469963074
fu:a7fa684d,fu:a7fa684d,self_loop,self_loop,0.24998557567596436,0.2501944601535797
fu:3cd4cf69,fu:3cd4cf69,self_loop,self_loop,0.12493997067213058,0.1250375211238861
fu:ba3ca63f,fu:ba3ca63f,self_loop,self_loop,0.090879887342453,0.09092865139245987
fu:d1f9d8ef,fu:d1f9d8ef,self_loop,self_loop,0.19989615678787231,0.20011070370674133
fu:77025b10,fu:77025b10,self_loop,self_loop,0.1999957412481308,0.20031596720218658
fu:faa1f8c9,fu:faa1f8c9,self_loop,self_loop,0.24987831711769104,0.25010859966278076
fu:4b038677,fu:4b038677,self_loop,self_loop,0.49997180700302124,0.5002360939979553
fu:95cbce1b,fu:95cbce1b,self_loop,self_loop,0.16665910184383392,0.1666833758354187
fu:6625a9a4,fu:6625a9a4,self_loop,self_loop,0.33318307995796204,0.33350124955177307
fu:db67d58a,fu:db67d58a,self_loop,self_loop,0.24992980062961578,0.2500894367694855
fu:3e02b3f0,fu:3e02b3f0,self_loop,self_loop,0.24996376037597656,0.2501252293586731
fu:6d28341f,fu:6d28341f,self_loop,self_loop,0.24994957447052002,0.2501263916492462
fu:5feacf84,fu:5feacf84,self_loop,self_loop,0.16656909883022308,0.16664448380470276
fu:a06203ac,fu:a06203ac,self_loop,self_loop,0.16659604012966156,0.16680240631103516
fu:f1632042,fu:f1632042,self_loop,self_loop,0.33320924639701843,0.33353257179260254
fu:a4e579d9,fu:a4e579d9,self_loop,self_loop,0.11106230318546295,0.11118502914905548
fu:f13c95ed,fu:f13c95ed,self_loop,self_loop,0.49994713068008423,0.5002321600914001
fu:e83e0bc2,fu:e83e0bc2,self_loop,self_loop,0.3333274722099304,0.33355748653411865
fu:3202b50f,fu:3202b50f,self_loop,self_loop,0.49996596574783325,0.5002171993255615
fu:2c3cace2,fu:2c3cace2,self_loop,self_loop,0.3330688774585724,0.3335545063018799
fu:87b9367a,fu:87b9367a,self_loop,self_loop,0.49986037611961365,0.5002507567405701
fu:a3c029a6,fu:a3c029a6,self_loop,self_loop,0.4999192953109741,0.5002354979515076
fu:346aac61,fu:346aac61,self_loop,self_loop,0.2498556524515152,0.2501845061779022
fu:f4b875b3,fu:f4b875b3,self_loop,self_loop,0.24984493851661682,0.2501779794692993
fu:860fdcaa,fu:860fdcaa,self_loop,self_loop,0.24988146126270294,0.250156044960022
fu:53e63667,fu:53e63667,self_loop,self_loop,0.16657716035842896,0.16670529544353485
fu:6732a41f,fu:6732a41f,self_loop,self_loop,0.24987903237342834,0.25009891390800476
fu:8933daca,fu:8933daca,self_loop,self_loop,0.018514186143875122,0.018520835787057877
fu:11724fb3,fu:11724fb3,self_loop,self_loop,0.3331822156906128,0.33357977867126465
fu:41d49051,fu:41d49051,self_loop,self_loop,0.33322757482528687,0.33355680108070374
fu:114f4869,fu:114f4869,self_loop,self_loop,0.24988648295402527,0.24999859929084778
fu:dcf55614,fu:dcf55614,self_loop,self_loop,0.333275705575943,0.33350449800491333
fu:051b9bd1,fu:051b9bd1,self_loop,self_loop,0.500075101852417,0.5002824068069458
fu:c6ef8860,fu:c6ef8860,self_loop,self_loop,0.33285680413246155,0.3333253264427185
fu:50d7c36d,fu:50d7c36d,self_loop,self_loop,0.3331274092197418,0.33343949913978577
