#node1	node2	node1_string_id	node2_string_id	neighborhood_on_chromosome	gene_fusion	phylogenetic_cooccurrence	homology	coexpression	experimentally_determined_interaction	database_annotated	automated_textmining	combined_score
ADCY1	ADCY8	9606.ENSP00000297323	9606.ENSP00000286355	0	0	0.068	0.852	0.109	0	0.900	0.165	0.921
ADCY1	CALM3	9606.ENSP00000297323	9606.ENSP00000291295	0	0	0	0	0	0.046	0.900	0.768	0.975
ADCY1	ADCY9	9606.ENSP00000297323	9606.ENSP00000294016	0	0	0	0.703	0.073	0.124	0.500	0.511	0.775
ADCY1	KCNJ3	9606.ENSP00000297323	9606.ENSP00000295101	0	0	0	0	0.117	0	0	0.532	0.569
ADCY1	KCNJ5	9606.ENSP00000297323	9606.ENSP00000433295	0	0	0	0	0.059	0	0	0.433	0.444
ADCY1	KCNJ6	9606.ENSP00000297323	9606.ENSP00000477437	0	0	0	0	0.094	0	0	0.434	0.466
ADCY1	OPRM1	9606.ENSP00000297323	9606.ENSP00000394624	0	0	0	0	0	0	0	0.485	0.485
ADCY1	ADCY6	9606.ENSP00000297323	9606.ENSP00000311405	0	0	0.081	0.875	0.044	0	0.500	0.109	0.556
ADCY1	ADCY4	9606.ENSP00000297323	9606.ENSP00000312126	0	0	0.087	0.834	0	0	0.500	0.129	0.568
ADCY1	ADCY5	9606.ENSP00000297323	9606.ENSP00000419361	0	0	0.079	0.881	0.108	0	0.500	0.132	0.595
ADCY1	PLCB1	9606.ENSP00000297323	9606.ENSP00000338185	0	0	0	0	0.112	0	0	0.621	0.650
ADCY1	CREB1	9606.ENSP00000297323	9606.ENSP00000387699	0	0	0	0	0	0	0.500	0.387	0.680
ADCY1	AKT2	9606.ENSP00000297323	9606.ENSP00000375892	0	0	0	0	0.047	0.061	0.650	0.099	0.680
ADCY1	AKT3	9606.ENSP00000297323	9606.ENSP00000500582	0	0	0	0	0	0.061	0.650	0.142	0.693
ADCY1	AKT1	9606.ENSP00000297323	9606.ENSP00000451828	0	0	0	0	0	0.061	0.650	0.199	0.714
ADCY1	ADCY2	9606.ENSP00000297323	9606.ENSP00000342952	0	0	0.074	0.833	0.084	0	0.500	0.408	0.715
ADCY1	ADCY7	9606.ENSP00000297323	9606.ENSP00000501053	0	0	0.087	0.831	0	0	0.500	0.432	0.718
ADCY1	GNAI2	9606.ENSP00000297323	9606.ENSP00000312999	0	0	0	0	0.055	0.131	0.650	0.279	0.765
ADCY1	GNAI1	9606.ENSP00000297323	9606.ENSP00000497260	0	0	0	0	0.055	0.131	0.650	0.381	0.798
ADCY1	GNAI3	9606.ENSP00000297323	9606.ENSP00000358867	0	0	0	0	0.055	0.131	0.650	0.545	0.852
ADCY1	ADCY3	9606.ENSP00000297323	9606.ENSP00000384484	0	0	0	0.811	0	0	0.900	0.137	0.910
ADCY1	PRKCD	9606.ENSP00000297323	9606.ENSP00000331602	0	0	0	0	0.057	0	0.900	0.172	0.915
ADCY1	PRKACA	9606.ENSP00000297323	9606.ENSP00000309591	0	0	0	0	0	0.096	0.900	0.478	0.948
ADCY1	PRKACB	9606.ENSP00000297323	9606.ENSP00000359719	0	0	0	0	0	0.096	0.900	0.488	0.949
ADCY1	PRKACG	9606.ENSP00000297323	9606.ENSP00000366488	0	0	0	0	0	0.096	0.900	0.626	0.963
ADCY1	CALML3	9606.ENSP00000297323	9606.ENSP00000315299	0	0	0	0	0	0.046	0.900	0.758	0.974
ADCY1	CALML4	9606.ENSP00000297323	9606.ENSP00000419081	0	0	0	0	0	0.045	0.900	0.765	0.975
ADCY1	CALML6	9606.ENSP00000297323	9606.ENSP00000304643	0	0	0	0	0	0.045	0.900	0.763	0.975
ADCY1	CALML5	9606.ENSP00000297323	9606.ENSP00000369689	0	0	0	0	0	0.046	0.900	0.769	0.976
ADCY1	GNAS	9606.ENSP00000297323	9606.ENSP00000360141	0	0	0	0	0.059	0.258	0.900	0.734	0.979
ADCY2	MAPK1	9606.ENSP00000342952	9606.ENSP00000215832	0	0	0	0	0.054	0.094	0	0.429	0.468
ADCY2	GRM1	9606.ENSP00000342952	9606.ENSP00000282753	0	0	0	0	0.109	0	0	0.468	0.506
ADCY2	ADCY8	9606.ENSP00000342952	9606.ENSP00000286355	0	0	0	0.851	0.118	0	0.500	0.170	0.602
ADCY2	CALM3	9606.ENSP00000342952	9606.ENSP00000291295	0	0	0	0	0	0.046	0.650	0.297	0.745
ADCY2	ADCY9	9606.ENSP00000342952	9606.ENSP00000294016	0	0	0	0.713	0.062	0.153	0.500	0.242	0.658
ADCY2	CALML6	9606.ENSP00000342952	9606.ENSP00000304643	0	0	0	0	0	0.045	0.650	0.226	0.718
ADCY2	PRKACA	9606.ENSP00000342952	9606.ENSP00000309591	0	0	0	0	0	0.096	0.650	0.590	0.859
ADCY2	ADCY6	9606.ENSP00000342952	9606.ENSP00000311405	0	0	0.074	0.864	0	0.534	0.500	0.107	0.781
ADCY2	ADCY4	9606.ENSP00000342952	9606.ENSP00000312126	0	0	0.061	0.956	0	0	0.500	0.065	0.522
ADCY2	GNAI2	9606.ENSP00000342952	9606.ENSP00000312999	0	0	0	0	0.055	0.131	0.650	0.262	0.759
ADCY2	CALML3	9606.ENSP00000342952	9606.ENSP00000315299	0	0	0	0	0	0.046	0.650	0.293	0.743
ADCY2	PRKCD	9606.ENSP00000342952	9606.ENSP00000331602	0	0	0	0	0.067	0	0.900	0.117	0.910
ADCY2	PLCB1	9606.ENSP00000342952	9606.ENSP00000338185	0	0	0	0	0.111	0	0	0.460	0.500
ADCY2	POMC	9606.ENSP00000342952	9606.ENSP00000384092	0	0	0	0	0	0	0	0.508	0.508
ADCY2	ADCY7	9606.ENSP00000342952	9606.ENSP00000501053	0	0	0.064	0.949	0	0	0.500	0.068	0.525
ADCY2	ADCY3	9606.ENSP00000342952	9606.ENSP00000384484	0	0	0	0.828	0	0	0.500	0.185	0.575
ADCY2	AKT2	9606.ENSP00000342952	9606.ENSP00000375892	0	0	0	0	0	0.061	0.650	0.081	0.671
ADCY2	AKT1	9606.ENSP00000342952	9606.ENSP00000451828	0	0	0	0	0	0.061	0.650	0.183	0.708
ADCY2	AKT3	9606.ENSP00000342952	9606.ENSP00000500582	0	0	0	0	0	0.061	0.650	0.207	0.716
ADCY2	CALML5	9606.ENSP00000342952	9606.ENSP00000369689	0	0	0	0	0.042	0.046	0.650	0.275	0.737
ADCY2	CALML4	9606.ENSP00000342952	9606.ENSP00000419081	0	0	0	0	0	0.045	0.650	0.279	0.738
ADCY2	PRKACG	9606.ENSP00000342952	9606.ENSP00000366488	0	0	0	0	0.042	0.096	0.650	0.316	0.764
ADCY2	GNAI3	9606.ENSP00000342952	9606.ENSP00000358867	0	0	0	0	0.055	0.131	0.650	0.305	0.773
ADCY2	GNAI1	9606.ENSP00000342952	9606.ENSP00000497260	0	0	0	0	0.055	0.131	0.650	0.327	0.780
ADCY2	PRKACB	9606.ENSP00000342952	9606.ENSP00000359719	0	0	0	0	0	0.096	0.650	0.363	0.781
ADCY2	ADCY5	9606.ENSP00000342952	9606.ENSP00000419361	0	0	0.066	0.871	0.084	0.653	0.500	0.379	0.891
ADCY2	GNAS	9606.ENSP00000342952	9606.ENSP00000360141	0	0	0	0	0.059	0.699	0.900	0.319	0.978
ADCY3	MAPK1	9606.ENSP00000384484	9606.ENSP00000215832	0	0	0	0	0.061	0.094	0	0.445	0.487
ADCY3	MAPK3	9606.ENSP00000384484	9606.ENSP00000263025	0	0	0	0	0.060	0.094	0	0.477	0.516
ADCY3	ADCY8	9606.ENSP00000384484	9606.ENSP00000286355	0	0	0	0.851	0	0	0.900	0.178	0.914
ADCY3	CALM3	9606.ENSP00000384484	9606.ENSP00000291295	0	0	0	0	0.044	0.046	0.900	0.472	0.945
ADCY3	ADCY9	9606.ENSP00000384484	9606.ENSP00000294016	0	0	0	0.706	0.069	0.124	0.900	0.278	0.933
ADCY3	CALML6	9606.ENSP00000384484	9606.ENSP00000304643	0	0	0	0	0	0.045	0.900	0.431	0.940
ADCY3	PRKACA	9606.ENSP00000384484	9606.ENSP00000309591	0	0	0	0	0	0.096	0.900	0.674	0.968
ADCY3	ADCY6	9606.ENSP00000384484	9606.ENSP00000311405	0	0	0.087	0.830	0.042	0	0.900	0.185	0.919
ADCY3	ADCY4	9606.ENSP00000384484	9606.ENSP00000312126	0	0	0.077	0.819	0.055	0	0.500	0.192	0.600
ADCY3	GNAI2	9606.ENSP00000384484	9606.ENSP00000312999	0	0	0	0	0.055	0.131	0.650	0.243	0.753
ADCY3	CALML3	9606.ENSP00000384484	9606.ENSP00000315299	0	0	0	0	0	0.046	0.900	0.452	0.943
ADCY3	PRKCD	9606.ENSP00000384484	9606.ENSP00000331602	0	0	0	0	0.064	0	0.900	0.069	0.905
ADCY3	GNAI3	9606.ENSP00000384484	9606.ENSP00000358867	0	0	0	0	0.055	0.131	0.650	0.265	0.760
ADCY3	PRKACB	9606.ENSP00000384484	9606.ENSP00000359719	0	0	0	0	0	0.096	0.900	0.465	0.947
ADCY3	GNAS	9606.ENSP00000384484	9606.ENSP00000360141	0	0	0	0	0.059	0.258	0.900	0.352	0.948
ADCY3	PRKACG	9606.ENSP00000384484	9606.ENSP00000366488	0	0	0	0	0	0.096	0.900	0.453	0.946
ADCY3	CALML5	9606.ENSP00000384484	9606.ENSP00000369689	0	0	0	0	0	0.046	0.900	0.446	0.942
ADCY3	AKT2	9606.ENSP00000384484	9606.ENSP00000375892	0	0	0	0	0	0.061	0.650	0.081	0.671
ADCY3	POMC	9606.ENSP00000384484	9606.ENSP00000384092	0	0	0	0	0	0	0	0.554	0.554
ADCY3	ADCY7	9606.ENSP00000384484	9606.ENSP00000501053	0	0	0.074	0.825	0.049	0	0.500	0.159	0.580
ADCY3	ADCY5	9606.ENSP00000384484	9606.ENSP00000419361	0	0	0.077	0.845	0	0	0.500	0.174	0.585
ADCY3	AKT3	9606.ENSP00000384484	9606.ENSP00000500582	0	0	0	0	0	0.061	0.650	0.141	0.693
ADCY3	AKT1	9606.ENSP00000384484	9606.ENSP00000451828	0	0	0	0	0.059	0.061	0.650	0.211	0.723
ADCY3	GNAI1	9606.ENSP00000384484	9606.ENSP00000497260	0	0	0	0	0.055	0.131	0.650	0.290	0.768
ADCY3	CALML4	9606.ENSP00000384484	9606.ENSP00000419081	0	0	0	0	0	0.045	0.900	0.464	0.944
ADCY4	ADCY8	9606.ENSP00000312126	9606.ENSP00000286355	0	0	0.076	0.836	0.054	0	0.900	0.451	0.945
ADCY4	GNAQ	9606.ENSP00000312126	9606.ENSP00000286548	0	0	0	0	0.045	0	0	0.458	0.460
ADCY4	CALM3	9606.ENSP00000312126	9606.ENSP00000291295	0	0	0	0	0	0.046	0.650	0.374	0.773
ADCY4	ADCY9	9606.ENSP00000312126	9606.ENSP00000294016	0	0	0	0.731	0.062	0.271	0.500	0.272	0.717
ADCY4	CALML6	9606.ENSP00000312126	9606.ENSP00000304643	0	0	0	0	0	0.045	0.650	0.330	0.756
ADCY4	PRKACA	9606.ENSP00000312126	9606.ENSP00000309591	0	0	0	0	0	0.096	0.650	0.409	0.796
ADCY4	ADCY6	9606.ENSP00000312126	9606.ENSP00000311405	0	0	0.091	0.858	0.050	0.417	0.900	0.151	0.949
ADCY4	AKT3	9606.ENSP00000312126	9606.ENSP00000500582	0	0	0	0	0	0.061	0.650	0.081	0.671
ADCY4	AKT2	9606.ENSP00000312126	9606.ENSP00000375892	0	0	0	0	0	0.061	0.650	0.094	0.676
ADCY4	AKT1	9606.ENSP00000312126	9606.ENSP00000451828	0	0	0	0	0	0.061	0.650	0.162	0.700
ADCY4	GNAI3	9606.ENSP00000312126	9606.ENSP00000358867	0	0	0	0	0.055	0.131	0.650	0.185	0.734
ADCY4	GNAI1	9606.ENSP00000312126	9606.ENSP00000497260	0	0	0	0	0.055	0.131	0.650	0.230	0.749
ADCY4	GNAI2	9606.ENSP00000312126	9606.ENSP00000312999	0	0	0	0	0.062	0.131	0.650	0.242	0.755
ADCY4	CALML3	9606.ENSP00000312126	9606.ENSP00000315299	0	0	0	0	0.049	0.046	0.650	0.368	0.772
ADCY4	CALML5	9606.ENSP00000312126	9606.ENSP00000369689	0	0	0	0	0	0.046	0.650	0.373	0.772
ADCY4	CALML4	9606.ENSP00000312126	9606.ENSP00000419081	0	0	0	0	0	0.045	0.650	0.392	0.779
ADCY4	ADCY7	9606.ENSP00000312126	9606.ENSP00000501053	0	0	0.071	0.938	0	0.271	0.500	0.427	0.780
ADCY4	PRKACG	9606.ENSP00000312126	9606.ENSP00000366488	0	0	0	0	0	0.096	0.650	0.398	0.792
ADCY4	PRKACB	9606.ENSP00000312126	9606.ENSP00000359719	0	0	0	0	0	0.096	0.650	0.402	0.794
ADCY4	ADCY5	9606.ENSP00000312126	9606.ENSP00000419361	0	0	0.082	0.853	0.044	0.417	0.500	0.457	0.835
ADCY4	PRKCD	9606.ENSP00000312126	9606.ENSP00000331602	0	0	0	0	0.087	0	0.900	0.073	0.908
ADCY4	GNAS	9606.ENSP00000312126	9606.ENSP00000360141	0	0	0	0	0.059	0.409	0.900	0.262	0.953
ADCY5	MAPK3	9606.ENSP00000419361	9606.ENSP00000263025	0	0	0	0	0.059	0.094	0	0.398	0.442
ADCY5	ADCY8	9606.ENSP00000419361	9606.ENSP00000286355	0	0	0.070	0.865	0.099	0	0.500	0.409	0.719
ADCY5	CALM3	9606.ENSP00000419361	9606.ENSP00000291295	0	0	0	0	0.067	0.046	0.650	0.542	0.838
ADCY5	ADCY9	9606.ENSP00000419361	9606.ENSP00000294016	0	0	0	0.675	0.062	0.124	0.500	0.629	0.827
ADCY5	CALML6	9606.ENSP00000419361	9606.ENSP00000304643	0	0	0	0	0	0.045	0.650	0.500	0.818
ADCY5	PRKACA	9606.ENSP00000419361	9606.ENSP00000309591	0	0	0	0	0.042	0.096	0.650	0.951	0.983
ADCY5	ADCY6	9606.ENSP00000419361	9606.ENSP00000311405	0	0	0.056	0.968	0.062	0	0.900	0.602	0.960
ADCY5	GNAI2	9606.ENSP00000419361	9606.ENSP00000312999	0	0	0	0	0.055	0.131	0.900	0.289	0.933
ADCY5	CALML3	9606.ENSP00000419361	9606.ENSP00000315299	0	0	0	0	0	0.046	0.650	0.518	0.825
ADCY5	PRKCD	9606.ENSP00000419361	9606.ENSP00000331602	0	0	0	0	0.057	0	0.900	0.158	0.913
ADCY5	PLCB1	9606.ENSP00000419361	9606.ENSP00000338185	0	0	0	0	0.111	0	0	0.686	0.709
ADCY5	GNAI3	9606.ENSP00000419361	9606.ENSP00000358867	0	0	0	0	0.055	0.131	0.900	0.280	0.933
ADCY5	PRKACB	9606.ENSP00000419361	9606.ENSP00000359719	0	0	0	0	0.058	0.096	0.650	0.924	0.974
ADCY5	GNAS	9606.ENSP00000419361	9606.ENSP00000360141	0	0	0	0	0.059	0.470	0.900	0.680	0.981
ADCY5	PRKACG	9606.ENSP00000419361	9606.ENSP00000366488	0	0	0	0	0	0.096	0.650	0.924	0.973
ADCY5	PLCB4	9606.ENSP00000419361	9606.ENSP00000367762	0	0	0	0	0.111	0	0	0.453	0.494
ADCY5	CALML5	9606.ENSP00000419361	9606.ENSP00000369689	0	0	0	0	0	0.046	0.650	0.518	0.825
ADCY5	AKT2	9606.ENSP00000419361	9606.ENSP00000375892	0	0	0	0	0	0.061	0.650	0.314	0.755
ADCY5	ESR1	9606.ENSP00000419361	9606.ENSP00000405330	0	0	0	0	0.044	0	0	0.424	0.425
ADCY5	CALML4	9606.ENSP00000419361	9606.ENSP00000419081	0	0	0	0	0	0.045	0.650	0.525	0.827
ADCY5	AKT3	9606.ENSP00000419361	9606.ENSP00000500582	0	0	0	0	0	0.061	0.650	0.188	0.709
ADCY5	AKT1	9606.ENSP00000419361	9606.ENSP00000451828	0	0	0	0	0	0.061	0.650	0.264	0.737
ADCY5	ADCY7	9606.ENSP00000419361	9606.ENSP00000501053	0	0	0.076	0.852	0	0.417	0.500	0.373	0.808
ADCY5	GNAI1	9606.ENSP00000419361	9606.ENSP00000497260	0	0	0	0	0.072	0.353	0.900	0.341	0.955
ADCY6	EGFR	9606.ENSP00000311405	9606.ENSP00000275493	0	0	0	0	0.120	0	0	0.463	0.507
ADCY6	ADCY8	9606.ENSP00000311405	9606.ENSP00000286355	0	0	0.066	0.871	0	0	0.900	0.138	0.912
ADCY6	CALM3	9606.ENSP00000311405	9606.ENSP00000291295	0	0	0	0	0	0.046	0.650	0.518	0.825
ADCY6	ADCY9	9606.ENSP00000311405	9606.ENSP00000294016	0	0	0	0.693	0.076	0.124	0.900	0.544	0.958
ADCY6	NOS3	9606.ENSP00000311405	9606.ENSP00000297494	0	0	0	0	0	0	0	0.447	0.447
ADCY6	CALML6	9606.ENSP00000311405	9606.ENSP00000304643	0	0	0	0	0	0.045	0.650	0.499	0.818
ADCY6	PRKACA	9606.ENSP00000311405	9606.ENSP00000309591	0	0	0	0	0	0.096	0.650	0.596	0.861
ADCY6	AKT2	9606.ENSP00000311405	9606.ENSP00000375892	0	0	0	0	0.043	0.061	0.650	0.097	0.678
ADCY6	AKT3	9606.ENSP00000311405	9606.ENSP00000500582	0	0	0	0	0	0.061	0.650	0.121	0.685
ADCY6	ITPR2	9606.ENSP00000311405	9606.ENSP00000370744	0	0	0	0	0.056	0.063	0	0.730	0.740
ADCY6	ADCY7	9606.ENSP00000311405	9606.ENSP00000501053	0	0	0.094	0.849	0	0.417	0.500	0.157	0.747
ADCY6	AKT1	9606.ENSP00000311405	9606.ENSP00000451828	0	0	0	0	0.064	0.061	0.650	0.279	0.748
ADCY6	CALML3	9606.ENSP00000311405	9606.ENSP00000315299	0	0	0	0	0	0.046	0.650	0.518	0.825
ADCY6	CALML5	9606.ENSP00000311405	9606.ENSP00000369689	0	0	0	0	0	0.046	0.650	0.518	0.825
ADCY6	CALML4	9606.ENSP00000311405	9606.ENSP00000419081	0	0	0	0	0	0.045	0.650	0.525	0.827
ADCY6	PRKACG	9606.ENSP00000311405	9606.ENSP00000366488	0	0	0	0	0	0.096	0.650	0.596	0.861
ADCY6	PRKACB	9606.ENSP00000311405	9606.ENSP00000359719	0	0	0	0	0	0.096	0.650	0.598	0.861
ADCY6	PRKCD	9606.ENSP00000311405	9606.ENSP00000331602	0	0	0	0	0.059	0	0.900	0.069	0.904
ADCY6	GNAI3	9606.ENSP00000311405	9606.ENSP00000358867	0	0	0	0	0.055	0.131	0.900	0.240	0.929
ADCY6	GNAI2	9606.ENSP00000311405	9606.ENSP00000312999	0	0	0	0	0.055	0.131	0.900	0.263	0.931
ADCY6	GNAI1	9606.ENSP00000311405	9606.ENSP00000497260	0	0	0	0	0.071	0.131	0.900	0.304	0.936
ADCY6	GNAS	9606.ENSP00000311405	9606.ENSP00000360141	0	0	0	0	0.059	0.571	0.900	0.362	0.970
ADCY7	ADCY8	9606.ENSP00000501053	9606.ENSP00000286355	0	0	0.072	0.832	0.054	0	0.500	0.164	0.584
ADCY7	CALM3	9606.ENSP00000501053	9606.ENSP00000291295	0	0	0	0	0	0.046	0.650	0.358	0.767
ADCY7	ADCY9	9606.ENSP00000501053	9606.ENSP00000294016	0	0	0.106	0.703	0.074	0.271	0.500	0.297	0.749
ADCY7	CALML6	9606.ENSP00000501053	9606.ENSP00000304643	0	0	0	0	0	0.045	0.650	0.331	0.756
ADCY7	PRKACA	9606.ENSP00000501053	9606.ENSP00000309591	0	0	0	0	0	0.096	0.650	0.414	0.798
ADCY7	GNAI2	9606.ENSP00000501053	9606.ENSP00000312999	0	0	0	0	0.069	0.131	0.650	0.242	0.757
ADCY7	CALML3	9606.ENSP00000501053	9606.ENSP00000315299	0	0	0	0	0	0.046	0.650	0.352	0.765
ADCY7	PRKCD	9606.ENSP00000501053	9606.ENSP00000331602	0	0	0	0	0.119	0	0.900	0.150	0.918
ADCY7	PLCB1	9606.ENSP00000501053	9606.ENSP00000338185	0	0	0	0	0.087	0	0	0.400	0.429
ADCY7	GNAI3	9606.ENSP00000501053	9606.ENSP00000358867	0	0	0	0	0.055	0.131	0.650	0.200	0.739
ADCY7	PRKACB	9606.ENSP00000501053	9606.ENSP00000359719	0	0	0	0	0	0.096	0.650	0.420	0.800
ADCY7	GNAS	9606.ENSP00000501053	9606.ENSP00000360141	0	0	0	0	0.059	0.409	0.900	0.232	0.951
ADCY7	PRKACG	9606.ENSP00000501053	9606.ENSP00000366488	0	0	0	0	0	0.096	0.650	0.407	0.796
ADCY7	CALML5	9606.ENSP00000501053	9606.ENSP00000369689	0	0	0	0	0	0.046	0.650	0.533	0.830
ADCY7	AKT2	9606.ENSP00000501053	9606.ENSP00000375892	0	0	0	0	0	0.061	0.650	0.107	0.681
ADCY7	CALML4	9606.ENSP00000501053	9606.ENSP00000419081	0	0	0	0	0.047	0.045	0.650	0.395	0.781
ADCY7	AKT1	9606.ENSP00000501053	9606.ENSP00000451828	0	0	0	0	0	0.061	0.650	0.195	0.712
ADCY7	GNAI1	9606.ENSP00000501053	9606.ENSP00000497260	0	0	0	0	0.055	0.131	0.650	0.460	0.824
ADCY7	AKT3	9606.ENSP00000501053	9606.ENSP00000500582	0	0	0	0	0	0.061	0.650	0.126	0.688
ADCY8	POMC	9606.ENSP00000286355	9606.ENSP00000384092	0	0	0	0	0	0	0	0.535	0.535
ADCY8	AKT2	9606.ENSP00000286355	9606.ENSP00000375892	0	0	0	0	0	0.061	0.650	0.081	0.671
ADCY8	ADCY9	9606.ENSP00000286355	9606.ENSP00000294016	0	0	0	0.692	0.062	0.124	0.500	0.302	0.675
ADCY8	CREB1	9606.ENSP00000286355	9606.ENSP00000387699	0	0	0	0	0	0	0.500	0.437	0.706
ADCY8	AKT3	9606.ENSP00000286355	9606.ENSP00000500582	0	0	0	0	0.062	0.061	0.650	0.200	0.720
ADCY8	AKT1	9606.ENSP00000286355	9606.ENSP00000451828	0	0	0	0	0	0.061	0.650	0.225	0.723
ADCY8	GNAI2	9606.ENSP00000286355	9606.ENSP00000312999	0	0	0	0	0.055	0.131	0.650	0.301	0.772
ADCY8	GNAI1	9606.ENSP00000286355	9606.ENSP00000497260	0	0	0	0	0.071	0.131	0.650	0.347	0.791
ADCY8	GNAI3	9606.ENSP00000286355	9606.ENSP00000358867	0	0	0	0	0.055	0.131	0.650	0.625	0.877
ADCY8	PRKCD	9606.ENSP00000286355	9606.ENSP00000331602	0	0	0	0	0.057	0	0.900	0.090	0.906
ADCY8	GNAS	9606.ENSP00000286355	9606.ENSP00000360141	0	0	0	0	0.059	0.258	0.900	0.364	0.949
ADCY8	PRKACB	9606.ENSP00000286355	9606.ENSP00000359719	0	0	0	0	0	0.096	0.900	0.543	0.955
ADCY8	PRKACA	9606.ENSP00000286355	9606.ENSP00000309591	0	0	0	0	0	0.096	0.900	0.708	0.971
ADCY8	PRKACG	9606.ENSP00000286355	9606.ENSP00000366488	0	0	0	0	0	0.096	0.900	0.819	0.982
ADCY8	CALML6	9606.ENSP00000286355	9606.ENSP00000304643	0	0	0	0	0	0.045	0.900	0.931	0.992
ADCY8	CALML3	9606.ENSP00000286355	9606.ENSP00000315299	0	0	0	0	0	0.059	0.900	0.933	0.993
ADCY8	CALML5	9606.ENSP00000286355	9606.ENSP00000369689	0	0	0	0	0.042	0.059	0.900	0.933	0.993
ADCY8	CALML4	9606.ENSP00000286355	9606.ENSP00000419081	0	0	0	0	0	0.045	0.900	0.934	0.993
ADCY8	CALM3	9606.ENSP00000286355	9606.ENSP00000291295	0	0	0	0	0.058	0.059	0.900	0.957	0.995
ADCY9	MAPK1	9606.ENSP00000294016	9606.ENSP00000215832	0	0	0	0	0	0.094	0	0.440	0.471
ADCY9	GRM1	9606.ENSP00000294016	9606.ENSP00000282753	0	0	0	0	0	0	0	0.411	0.411
ADCY9	CALM3	9606.ENSP00000294016	9606.ENSP00000291295	0	0	0	0	0	0.045	0.650	0.418	0.788
ADCY9	PLCB1	9606.ENSP00000294016	9606.ENSP00000338185	0	0	0	0	0	0	0	0.443	0.443
ADCY9	AKT2	9606.ENSP00000294016	9606.ENSP00000375892	0	0	0	0	0.042	0.061	0.650	0.109	0.682
ADCY9	AKT3	9606.ENSP00000294016	9606.ENSP00000500582	0	0	0	0	0.042	0.061	0.650	0.115	0.684
ADCY9	AKT1	9606.ENSP00000294016	9606.ENSP00000451828	0	0	0	0	0.049	0.061	0.650	0.170	0.706
ADCY9	GNAI1	9606.ENSP00000294016	9606.ENSP00000497260	0	0	0	0	0.050	0.131	0.650	0.220	0.744
ADCY9	GNAI3	9606.ENSP00000294016	9606.ENSP00000358867	0	0	0	0	0.050	0.131	0.650	0.240	0.751
ADCY9	CALML6	9606.ENSP00000294016	9606.ENSP00000304643	0	0	0	0	0	0.045	0.650	0.385	0.776
ADCY9	CALML4	9606.ENSP00000294016	9606.ENSP00000419081	0	0	0	0	0	0.045	0.650	0.385	0.776
ADCY9	CALML5	9606.ENSP00000294016	9606.ENSP00000369689	0	0	0	0	0	0.045	0.650	0.411	0.785
ADCY9	CALML3	9606.ENSP00000294016	9606.ENSP00000315299	0	0	0	0	0	0.045	0.650	0.410	0.785
ADCY9	GNAI2	9606.ENSP00000294016	9606.ENSP00000312999	0	0	0	0	0.050	0.131	0.650	0.619	0.875
ADCY9	PRKCD	9606.ENSP00000294016	9606.ENSP00000331602	0	0	0	0	0	0	0.900	0.164	0.912
ADCY9	PRKACG	9606.ENSP00000294016	9606.ENSP00000366488	0	0	0	0	0	0.096	0.900	0.500	0.950
ADCY9	PRKACA	9606.ENSP00000294016	9606.ENSP00000309591	0	0	0	0	0.047	0.096	0.900	0.491	0.950
ADCY9	PRKACB	9606.ENSP00000294016	9606.ENSP00000359719	0	0	0	0	0	0.096	0.900	0.514	0.952
ADCY9	GNAS	9606.ENSP00000294016	9606.ENSP00000360141	0	0	0	0	0	0.792	0.900	0.407	0.986
AKT1	FKBP4	9606.ENSP00000451828	9606.ENSP00000001008	0	0	0	0	0.060	0.045	0	0.912	0.914
AKT1	CREB3L3	9606.ENSP00000451828	9606.ENSP00000078445	0	0	0	0	0.055	0	0.650	0.222	0.720
AKT1	KRT14	9606.ENSP00000451828	9606.ENSP00000167586	0	0	0	0	0.051	0.097	0	0.401	0.441
AKT1	MAPK1	9606.ENSP00000451828	9606.ENSP00000215832	0	0	0	0.593	0.118	0.110	0.900	0.872	0.988
AKT1	SOS2	9606.ENSP00000451828	9606.ENSP00000216373	0	0	0	0	0.073	0.084	0	0.567	0.601
AKT1	MMP2	9606.ENSP00000451828	9606.ENSP00000219070	0	0	0	0	0.055	0	0	0.844	0.846
AKT1	PIK3R2	9606.ENSP00000451828	9606.ENSP00000222254	0	0	0	0	0.128	0.093	0.900	0.677	0.971
AKT1	HBEGF	9606.ENSP00000451828	9606.ENSP00000230990	0	0	0	0	0.068	0	0	0.581	0.592
AKT1	CTSD	9606.ENSP00000451828	9606.ENSP00000236671	0	0	0	0	0.072	0.060	0	0.454	0.482
AKT1	RARA	9606.ENSP00000451828	9606.ENSP00000254066	0	0	0	0	0.134	0.525	0	0.475	0.765
AKT1	KRAS	9606.ENSP00000451828	9606.ENSP00000256078	0	0	0	0	0.076	0.110	0	0.893	0.904
AKT1	PIK3R3	9606.ENSP00000451828	9606.ENSP00000262741	0	0	0	0	0.051	0.093	0.900	0.610	0.962
AKT1	MAP2K2	9606.ENSP00000451828	9606.ENSP00000262948	0	0	0	0.630	0.157	0.161	0	0.471	0.593
AKT1	MAPK3	9606.ENSP00000451828	9606.ENSP00000263025	0	0	0	0.587	0.266	0.110	0.900	0.432	0.957
AKT1	PIK3CA	9606.ENSP00000451828	9606.ENSP00000263967	0	0	0	0	0.060	0.738	0.900	0.951	0.998
AKT1	ATF2	9606.ENSP00000451828	9606.ENSP00000264110	0	0	0	0	0.060	0.096	0.650	0.404	0.799
AKT1	KRT10	9606.ENSP00000451828	9606.ENSP00000269576	0	0	0	0	0.051	0.333	0	0.553	0.692
AKT1	CREB3L4	9606.ENSP00000451828	9606.ENSP00000271889	0	0	0	0	0.049	0	0.650	0.264	0.733
AKT1	EGFR	9606.ENSP00000451828	9606.ENSP00000275493	0	0	0	0.559	0.042	0.640	0	0.445	0.792
AKT1	GRM1	9606.ENSP00000451828	9606.ENSP00000282753	0	0	0	0	0	0.128	0	0.363	0.421
AKT1	GNAQ	9606.ENSP00000451828	9606.ENSP00000286548	0	0	0	0	0.081	0	0	0.766	0.775
AKT1	CALM3	9606.ENSP00000451828	9606.ENSP00000291295	0	0	0	0	0.075	0.099	0	0.782	0.802
AKT1	NOS3	9606.ENSP00000451828	9606.ENSP00000297494	0	0	0	0	0	0.786	0.900	0.909	0.997
AKT1	HSP90B1	9606.ENSP00000451828	9606.ENSP00000299767	0	0	0	0	0.042	0.362	0.900	0.728	0.981
AKT1	MAP2K1	9606.ENSP00000451828	9606.ENSP00000302486	0	0	0.100	0.632	0.060	0.161	0	0.366	0.490
AKT1	CALML6	9606.ENSP00000451828	9606.ENSP00000304643	0	0	0	0	0	0.099	0	0.694	0.713
AKT1	FOS	9606.ENSP00000451828	9606.ENSP00000306245	0	0	0	0	0.069	0.096	0	0.722	0.746
AKT1	ITPR1	9606.ENSP00000451828	9606.ENSP00000306253	0	0	0	0	0.042	0.440	0	0.967	0.981
AKT1	CALML3	9606.ENSP00000451828	9606.ENSP00000315299	0	0	0	0	0	0.099	0	0.701	0.719
AKT1	PGR	9606.ENSP00000451828	9606.ENSP00000325120	0	0	0	0	0.067	0.071	0	0.664	0.683
AKT1	CREB3L2	9606.ENSP00000451828	9606.ENSP00000329140	0	0	0	0	0.049	0	0.650	0.172	0.700
AKT1	SP1	9606.ENSP00000451828	9606.ENSP00000329357	0	0	0	0	0.067	0.314	0	0.544	0.682
AKT1	HSP90AA1	9606.ENSP00000451828	9606.ENSP00000335153	0	0	0	0	0.049	0.883	0.900	0.996	0.999
AKT1	ATF4	9606.ENSP00000451828	9606.ENSP00000336790	0	0	0	0	0	0	0.650	0.523	0.826
AKT1	CREB3	9606.ENSP00000451828	9606.ENSP00000342136	0	0	0	0	0.074	0	0.650	0.270	0.742
AKT1	ESR2	9606.ENSP00000451828	9606.ENSP00000343925	0	0	0	0	0.055	0.071	0	0.669	0.684
AKT1	CREB5	9606.ENSP00000451828	9606.ENSP00000350359	0	0	0	0	0.060	0.096	0.650	0.192	0.727
AKT1	KRT19	9606.ENSP00000451828	9606.ENSP00000355124	0	0	0	0	0.051	0.097	0	0.446	0.483
AKT1	NRAS	9606.ENSP00000451828	9606.ENSP00000358548	0	0	0	0	0.099	0.164	0	0.774	0.815
AKT1	GNAS	9606.ENSP00000451828	9606.ENSP00000360141	0	0	0	0	0.060	0.067	0	0.501	0.524
AKT1	JUN	9606.ENSP00000451828	9606.ENSP00000360266	0	0	0	0	0.049	0.085	0.900	0.915	0.991
AKT1	HSP90AB1	9606.ENSP00000451828	9606.ENSP00000360609	0	0	0	0	0.049	0.626	0.900	0.996	0.999
AKT1	NCOA3	9606.ENSP00000451828	9606.ENSP00000361066	0	0	0	0	0.058	0	0	0.485	0.495
AKT1	MMP9	9606.ENSP00000451828	9606.ENSP00000361405	0	0	0	0	0.086	0	0	0.819	0.827
AKT1	SRC	9606.ENSP00000451828	9606.ENSP00000362680	0	0	0.171	0.566	0.088	0.601	0.500	0.977	0.995
AKT1	ITPR3	9606.ENSP00000451828	9606.ENSP00000363435	0	0	0	0	0.067	0.292	0	0.954	0.967
AKT1	ATF6B	9606.ENSP00000451828	9606.ENSP00000364349	0	0	0	0	0.042	0	0.650	0.217	0.714
AKT1	HSPA1B	9606.ENSP00000451828	9606.ENSP00000364801	0	0	0	0	0	0.210	0	0.463	0.557
AKT1	PIK3CD	9606.ENSP00000451828	9606.ENSP00000366563	0	0	0	0	0.042	0.098	0.900	0.757	0.976
AKT1	CALML5	9606.ENSP00000451828	9606.ENSP00000369689	0	0	0	0	0.042	0.099	0	0.701	0.719
AKT1	KRT18	9606.ENSP00000451828	9606.ENSP00000373489	0	0	0	0	0.051	0.097	0	0.432	0.471
AKT1	AKT2	9606.ENSP00000451828	9606.ENSP00000375892	0	0	0.050	0.981	0.131	0.787	0.900	0.569	0.991
AKT1	GRB2	9606.ENSP00000451828	9606.ENSP00000376345	0	0	0	0	0.049	0.100	0	0.900	0.907
AKT1	GPER1	9606.ENSP00000451828	9606.ENSP00000380281	0	0	0	0	0.059	0	0	0.586	0.594
AKT1	BCL2	9606.ENSP00000451828	9606.ENSP00000381185	0	0	0	0	0	0	0.900	0.934	0.993
AKT1	POMC	9606.ENSP00000451828	9606.ENSP00000384092	0	0	0	0	0	0	0	0.531	0.531
AKT1	SOS1	9606.ENSP00000451828	9606.ENSP00000384675	0	0	0	0	0.080	0.084	0	0.744	0.765
AKT1	CREB1	9606.ENSP00000451828	9606.ENSP00000387699	0	0	0	0	0.092	0.292	0.750	0.809	0.965
AKT1	OPRM1	9606.ENSP00000451828	9606.ENSP00000394624	0	0	0	0	0	0	0	0.568	0.568
AKT1	SHC1	9606.ENSP00000451828	9606.ENSP00000401303	0	0	0	0	0.060	0.073	0	0.758	0.771
AKT1	RAF1	9606.ENSP00000451828	9606.ENSP00000401888	0	0	0.145	0.583	0.075	0.816	0.900	0.557	0.992
AKT1	TGFA	9606.ENSP00000451828	9606.ENSP00000404131	0	0	0	0	0	0	0	0.764	0.764
AKT1	ESR1	9606.ENSP00000451828	9606.ENSP00000405330	0	0	0	0	0.055	0.314	0	0.877	0.913
AKT1	HRAS	9606.ENSP00000451828	9606.ENSP00000407586	0	0	0	0	0.103	0.110	0	0.880	0.896
AKT1	CALML4	9606.ENSP00000451828	9606.ENSP00000419081	0	0	0	0	0	0.099	0	0.694	0.713
AKT1	PIK3R1	9606.ENSP00000451828	9606.ENSP00000428056	0	0	0	0	0.058	0.558	0.900	0.913	0.995
AKT1	HSPA8	9606.ENSP00000451828	9606.ENSP00000437125	0	0	0	0	0.049	0.521	0	0.697	0.850
AKT1	PLCB3	9606.ENSP00000451828	9606.ENSP00000443631	0	0	0	0	0.080	0	0	0.518	0.537
AKT1	FKBP5	9606.ENSP00000451828	9606.ENSP00000444810	0	0	0	0	0.049	0.626	0	0.906	0.964
AKT1	CREB3L1	9606.ENSP00000451828	9606.ENSP00000481956	0	0	0	0	0.056	0	0.650	0.181	0.706
AKT1	AKT3	9606.ENSP00000451828	9606.ENSP00000500582	0	0	0.050	0.981	0	0.592	0.900	0.057	0.958
AKT1	PIK3CB	9606.ENSP00000451828	9606.ENSP00000501150	0	0	0	0	0.049	0.334	0.900	0.901	0.992
AKT2	FKBP4	9606.ENSP00000375892	9606.ENSP00000001008	0	0	0	0	0.049	0.045	0	0.558	0.563
AKT2	CREB3L3	9606.ENSP00000375892	9606.ENSP00000078445	0	0	0	0	0.055	0	0.650	0.119	0.683
AKT2	MAPK1	9606.ENSP00000375892	9606.ENSP00000215832	0	0	0	0.592	0.083	0.110	0.900	0.240	0.929
AKT2	PIK3R2	9606.ENSP00000375892	9606.ENSP00000222254	0	0	0	0	0.074	0.093	0.900	0.615	0.963
AKT2	KRAS	9606.ENSP00000375892	9606.ENSP00000256078	0	0	0	0	0.081	0.148	0	0.584	0.646
AKT2	PIK3R3	9606.ENSP00000375892	9606.ENSP00000262741	0	0	0	0	0.051	0.093	0.900	0.528	0.953
AKT2	MAPK3	9606.ENSP00000375892	9606.ENSP00000263025	0	0	0	0.587	0.062	0.110	0.900	0.604	0.962
AKT2	PIK3CA	9606.ENSP00000375892	9606.ENSP00000263967	0	0	0	0	0.042	0.098	0.900	0.841	0.984
AKT2	ATF2	9606.ENSP00000375892	9606.ENSP00000264110	0	0	0	0	0.062	0.096	0.650	0.108	0.700
AKT2	CREB3L4	9606.ENSP00000375892	9606.ENSP00000271889	0	0	0	0	0.049	0	0.650	0.103	0.675
AKT2	EGFR	9606.ENSP00000375892	9606.ENSP00000275493	0	0	0	0.561	0.042	0.175	0	0.549	0.612
AKT2	CALM3	9606.ENSP00000375892	9606.ENSP00000291295	0	0	0	0	0.049	0.099	0	0.536	0.568
AKT2	NOS3	9606.ENSP00000375892	9606.ENSP00000297494	0	0	0	0	0	0.045	0.900	0.280	0.925
AKT2	HSP90B1	9606.ENSP00000375892	9606.ENSP00000299767	0	0	0	0	0.044	0.136	0.900	0.278	0.932
AKT2	CALML6	9606.ENSP00000375892	9606.ENSP00000304643	0	0	0	0	0	0.099	0	0.687	0.706
AKT2	CALML3	9606.ENSP00000375892	9606.ENSP00000315299	0	0	0	0	0	0.099	0	0.694	0.712
AKT2	PGR	9606.ENSP00000375892	9606.ENSP00000325120	0	0	0	0	0.067	0.071	0	0.575	0.600
AKT2	CREB3L2	9606.ENSP00000375892	9606.ENSP00000329140	0	0	0	0	0.049	0	0.650	0.054	0.657
AKT2	HSP90AA1	9606.ENSP00000375892	9606.ENSP00000335153	0	0	0	0	0.047	0.223	0.900	0.380	0.948
AKT2	ATF4	9606.ENSP00000375892	9606.ENSP00000336790	0	0	0	0	0	0	0.650	0.136	0.684
AKT2	CREB3	9606.ENSP00000375892	9606.ENSP00000342136	0	0	0	0	0.067	0	0.650	0.107	0.682
AKT2	ESR2	9606.ENSP00000375892	9606.ENSP00000343925	0	0	0	0	0.057	0.071	0	0.389	0.419
AKT2	CREB5	9606.ENSP00000375892	9606.ENSP00000350359	0	0	0	0	0.060	0.096	0.650	0.078	0.689
AKT2	NRAS	9606.ENSP00000375892	9606.ENSP00000358548	0	0	0	0	0.074	0.110	0	0.441	0.499
AKT2	JUN	9606.ENSP00000375892	9606.ENSP00000360266	0	0	0	0	0	0.085	0.900	0.677	0.967
AKT2	HSP90AB1	9606.ENSP00000375892	9606.ENSP00000360609	0	0	0	0	0.047	0.224	0.900	0.364	0.946
AKT2	MMP9	9606.ENSP00000375892	9606.ENSP00000361405	0	0	0	0	0.086	0	0	0.390	0.418
AKT2	SRC	9606.ENSP00000375892	9606.ENSP00000362680	0	0	0.175	0.567	0.063	0.045	0.500	0.608	0.829
AKT2	ATF6B	9606.ENSP00000375892	9606.ENSP00000364349	0	0	0	0	0.066	0	0.650	0.080	0.672
AKT2	PIK3CD	9606.ENSP00000375892	9606.ENSP00000366563	0	0	0	0	0.042	0.286	0.900	0.520	0.962
AKT2	CALML5	9606.ENSP00000375892	9606.ENSP00000369689	0	0	0	0	0	0.099	0	0.695	0.713
AKT2	GRB2	9606.ENSP00000375892	9606.ENSP00000376345	0	0	0	0	0.049	0.100	0	0.397	0.439
AKT2	SHC1	9606.ENSP00000375892	9606.ENSP00000401303	0	0	0	0	0.062	0.073	0	0.456	0.486
AKT2	HRAS	9606.ENSP00000375892	9606.ENSP00000407586	0	0	0	0	0.076	0.110	0	0.442	0.501
AKT2	ESR1	9606.ENSP00000375892	9606.ENSP00000405330	0	0	0	0	0.055	0.314	0	0.455	0.616
AKT2	CREB3L1	9606.ENSP00000375892	9606.ENSP00000481956	0	0	0	0	0.049	0	0.650	0	0.652
AKT2	FKBP5	9606.ENSP00000375892	9606.ENSP00000444810	0	0	0	0	0.060	0.294	0	0.565	0.686
AKT2	CALML4	9606.ENSP00000375892	9606.ENSP00000419081	0	0	0	0	0	0.099	0	0.687	0.706
AKT2	CREB1	9606.ENSP00000375892	9606.ENSP00000387699	0	0	0	0	0.081	0	0.650	0.595	0.858
AKT2	RAF1	9606.ENSP00000375892	9606.ENSP00000401888	0	0	0.135	0.586	0.074	0.045	0.900	0.159	0.923
AKT2	BCL2	9606.ENSP00000375892	9606.ENSP00000381185	0	0	0	0	0.047	0	0.900	0.517	0.950
AKT2	AKT3	9606.ENSP00000375892	9606.ENSP00000500582	0	0	0.051	0.979	0	0.162	0.900	0.617	0.965
AKT2	PIK3R1	9606.ENSP00000375892	9606.ENSP00000428056	0	0	0	0	0.066	0.093	0.900	0.789	0.979
AKT2	PIK3CB	9606.ENSP00000375892	9606.ENSP00000501150	0	0	0	0	0.048	0.276	0.900	0.783	0.983
AKT3	CREB3L3	9606.ENSP00000500582	9606.ENSP00000078445	0	0	0	0	0.055	0	0.650	0	0.655
AKT3	MAPK1	9606.ENSP00000500582	9606.ENSP00000215832	0	0	0	0.601	0.085	0.110	0.900	0.218	0.927
AKT3	PIK3R2	9606.ENSP00000500582	9606.ENSP00000222254	0	0	0	0	0.067	0.093	0.900	0.657	0.967
AKT3	KRAS	9606.ENSP00000500582	9606.ENSP00000256078	0	0	0	0	0.079	0.110	0	0.513	0.566
AKT3	PIK3R3	9606.ENSP00000500582	9606.ENSP00000262741	0	0	0	0	0.051	0.093	0.900	0.733	0.973
AKT3	MAPK3	9606.ENSP00000500582	9606.ENSP00000263025	0	0	0	0.595	0.099	0.110	0.900	0.215	0.928
AKT3	PIK3CA	9606.ENSP00000500582	9606.ENSP00000263967	0	0	0	0	0.075	0.098	0.900	0.838	0.984
AKT3	ATF2	9606.ENSP00000500582	9606.ENSP00000264110	0	0	0	0	0.078	0.096	0.650	0.073	0.693
AKT3	CREB3L4	9606.ENSP00000500582	9606.ENSP00000271889	0	0	0	0	0.049	0	0.650	0.177	0.702
AKT3	NOS3	9606.ENSP00000500582	9606.ENSP00000297494	0	0	0	0	0	0.045	0.900	0.203	0.917
AKT3	HSP90B1	9606.ENSP00000500582	9606.ENSP00000299767	0	0	0	0	0	0.136	0.900	0.264	0.930
AKT3	CREB3L2	9606.ENSP00000500582	9606.ENSP00000329140	0	0	0	0	0.049	0	0.650	0.108	0.677
AKT3	PRKCD	9606.ENSP00000500582	9606.ENSP00000331602	0	0	0.070	0.848	0.055	0.087	0	0.401	0.455
AKT3	HSP90AA1	9606.ENSP00000500582	9606.ENSP00000335153	0	0	0	0	0	0.385	0.900	0.312	0.954
AKT3	ATF4	9606.ENSP00000500582	9606.ENSP00000336790	0	0	0	0	0	0	0.650	0.113	0.676
AKT3	CREB3	9606.ENSP00000500582	9606.ENSP00000342136	0	0	0	0	0.067	0	0.650	0.166	0.703
AKT3	CREB5	9606.ENSP00000500582	9606.ENSP00000350359	0	0	0	0	0.080	0.096	0.650	0.258	0.755
AKT3	NRAS	9606.ENSP00000500582	9606.ENSP00000358548	0	0	0	0	0.074	0.110	0	0.514	0.564
AKT3	JUN	9606.ENSP00000500582	9606.ENSP00000360266	0	0	0	0	0	0.085	0.900	0.407	0.941
AKT3	HSP90AB1	9606.ENSP00000500582	9606.ENSP00000360609	0	0	0	0	0	0.426	0.900	0.306	0.956
AKT3	SRC	9606.ENSP00000500582	9606.ENSP00000362680	0	0	0.168	0.568	0.058	0.045	0.500	0.203	0.647
AKT3	ATF6B	9606.ENSP00000500582	9606.ENSP00000364349	0	0	0	0	0	0	0.650	0.080	0.664
AKT3	PIK3CD	9606.ENSP00000500582	9606.ENSP00000366563	0	0	0	0	0	0.098	0.900	0.494	0.950
AKT3	BCL2	9606.ENSP00000500582	9606.ENSP00000381185	0	0	0	0	0.056	0	0.900	0.486	0.947
AKT3	SOS1	9606.ENSP00000500582	9606.ENSP00000384675	0	0	0	0	0.057	0.084	0	0.381	0.420
AKT3	CREB1	9606.ENSP00000500582	9606.ENSP00000387699	0	0	0	0	0.083	0	0.650	0.326	0.765
AKT3	SHC1	9606.ENSP00000500582	9606.ENSP00000401303	0	0	0	0	0.043	0.073	0	0.396	0.417
AKT3	RAF1	9606.ENSP00000500582	9606.ENSP00000401888	0	0	0.141	0.590	0	0.045	0.900	0.169	0.922
AKT3	ESR1	9606.ENSP00000500582	9606.ENSP00000405330	0	0	0	0	0.055	0.071	0	0.402	0.429
AKT3	HRAS	9606.ENSP00000500582	9606.ENSP00000407586	0	0	0	0	0.074	0.110	0	0.408	0.470
AKT3	PIK3R1	9606.ENSP00000500582	9606.ENSP00000428056	0	0	0	0	0.071	0.093	0.900	0.768	0.977
AKT3	CREB3L1	9606.ENSP00000500582	9606.ENSP00000481956	0	0	0	0	0.049	0	0.650	0.091	0.671
AKT3	PIK3CB	9606.ENSP00000500582	9606.ENSP00000501150	0	0	0	0	0	0.098	0.900	0.636	0.964
ATF2	CREB3L3	9606.ENSP00000264110	9606.ENSP00000078445	0	0	0	0	0	0	0.900	0.111	0.907
ATF2	MAPK1	9606.ENSP00000264110	9606.ENSP00000215832	0	0	0	0	0.116	0.811	0.650	0.596	0.973
ATF2	MAPK3	9606.ENSP00000264110	9606.ENSP00000263025	0	0	0	0	0.074	0.579	0.650	0.377	0.903
ATF2	GABBR1	9606.ENSP00000264110	9606.ENSP00000366233	0	0	0	0	0	0	0	0.547	0.547
ATF2	ESR1	9606.ENSP00000264110	9606.ENSP00000405330	0	0	0	0	0	0.066	0.500	0.241	0.614
ATF2	PRKACG	9606.ENSP00000264110	9606.ENSP00000366488	0	0	0	0	0	0.094	0.650	0.352	0.776
ATF2	PRKACA	9606.ENSP00000264110	9606.ENSP00000309591	0	0	0	0	0	0.094	0.650	0.355	0.777
ATF2	PRKACB	9606.ENSP00000264110	9606.ENSP00000359719	0	0	0	0	0.062	0.094	0.650	0.355	0.782
ATF2	CREB3L1	9606.ENSP00000264110	9606.ENSP00000481956	0	0	0	0	0	0	0.900	0.075	0.903
ATF2	CREB3L2	9606.ENSP00000264110	9606.ENSP00000329140	0	0	0	0	0.056	0	0.900	0.093	0.906
ATF2	CREB3L4	9606.ENSP00000264110	9606.ENSP00000271889	0	0	0	0	0	0	0.900	0.167	0.913
ATF2	ATF6B	9606.ENSP00000264110	9606.ENSP00000364349	0	0	0	0	0	0	0.900	0.230	0.919
ATF2	ATF4	9606.ENSP00000264110	9606.ENSP00000336790	0	0	0	0	0	0.198	0.900	0.222	0.932
ATF2	CREB3	9606.ENSP00000264110	9606.ENSP00000342136	0	0	0	0	0	0	0.900	0.529	0.950
ATF2	CREB1	9606.ENSP00000264110	9606.ENSP00000387699	0	0	0	0	0.171	0.302	0.900	0.794	0.986
ATF2	CREB5	9606.ENSP00000264110	9606.ENSP00000350359	0	0	0	0.880	0	0.836	0.900	0.410	0.989
ATF2	FOS	9606.ENSP00000264110	9606.ENSP00000306245	0	0	0	0.572	0	0.881	0.500	0.853	0.990
ATF2	JUN	9606.ENSP00000264110	9606.ENSP00000360266	0	0	0	0.579	0.061	0.993	0.900	0.989	0.999
ATF4	CREB3L3	9606.ENSP00000336790	9606.ENSP00000078445	0	0	0	0	0	0	0.900	0.384	0.935
ATF4	MAPK1	9606.ENSP00000336790	9606.ENSP00000215832	0	0	0	0	0	0	0.650	0.184	0.702
ATF4	MAPK3	9606.ENSP00000336790	9606.ENSP00000263025	0	0	0	0	0	0	0.650	0.317	0.750
ATF4	CREB3L4	9606.ENSP00000336790	9606.ENSP00000271889	0	0	0	0	0	0	0.900	0.325	0.929
ATF4	HSP90B1	9606.ENSP00000336790	9606.ENSP00000299767	0	0	0	0	0.063	0	0	0.621	0.630
ATF4	FOS	9606.ENSP00000336790	9606.ENSP00000306245	0	0	0	0	0.055	0.725	0	0.401	0.831
ATF4	PRKACA	9606.ENSP00000336790	9606.ENSP00000309591	0	0	0	0	0	0	0.900	0.291	0.926
ATF4	CREB3L2	9606.ENSP00000336790	9606.ENSP00000329140	0	0	0	0	0	0	0.900	0.303	0.927
ATF4	GABBR1	9606.ENSP00000336790	9606.ENSP00000366233	0	0	0	0	0	0.301	0	0.388	0.554
ATF4	BCL2	9606.ENSP00000336790	9606.ENSP00000381185	0	0	0	0	0	0	0	0.597	0.597
ATF4	CREB5	9606.ENSP00000336790	9606.ENSP00000350359	0	0	0	0	0	0.047	0.900	0.239	0.921
ATF4	PRKACB	9606.ENSP00000336790	9606.ENSP00000359719	0	0	0	0	0	0	0.900	0.290	0.925
ATF4	PRKACG	9606.ENSP00000336790	9606.ENSP00000366488	0	0	0	0	0	0	0.900	0.293	0.926
ATF4	JUN	9606.ENSP00000336790	9606.ENSP00000360266	0	0	0	0	0.061	0.674	0	0.784	0.928
ATF4	CREB3L1	9606.ENSP00000336790	9606.ENSP00000481956	0	0	0	0	0	0	0.900	0.324	0.929
ATF4	CREB3	9606.ENSP00000336790	9606.ENSP00000342136	0	0	0	0	0.048	0.133	0.900	0.360	0.940
ATF4	CREB1	9606.ENSP00000336790	9606.ENSP00000387699	0	0	0	0	0	0.095	0.900	0.591	0.959
ATF4	ATF6B	9606.ENSP00000336790	9606.ENSP00000364349	0	0	0	0	0	0	0.900	0.642	0.962
ATF6B	CREB3L3	9606.ENSP00000364349	9606.ENSP00000078445	0	0	0	0.571	0	0.071	0.900	0.320	0.931
ATF6B	MAPK1	9606.ENSP00000364349	9606.ENSP00000215832	0	0	0	0	0	0	0.650	0.098	0.670
ATF6B	PIK3R2	9606.ENSP00000364349	9606.ENSP00000222254	0	0	0	0	0.086	0	0	0.489	0.512
ATF6B	MAPK3	9606.ENSP00000364349	9606.ENSP00000263025	0	0	0	0	0	0	0.650	0.105	0.673
ATF6B	CREB3L4	9606.ENSP00000364349	9606.ENSP00000271889	0	0	0	0.578	0	0.071	0.900	0.302	0.929
ATF6B	HSP90B1	9606.ENSP00000364349	9606.ENSP00000299767	0	0	0	0	0	0	0	0.761	0.761
ATF6B	PRKACA	9606.ENSP00000364349	9606.ENSP00000309591	0	0	0	0	0.064	0	0.650	0	0.658
ATF6B	CREB3L2	9606.ENSP00000364349	9606.ENSP00000329140	0	0	0	0.567	0	0.071	0.900	0.330	0.932
ATF6B	CREB3	9606.ENSP00000364349	9606.ENSP00000342136	0	0	0	0.574	0.043	0.071	0.900	0.267	0.926
ATF6B	CREB5	9606.ENSP00000364349	9606.ENSP00000350359	0	0	0	0	0	0	0.900	0.128	0.909
ATF6B	PRKACB	9606.ENSP00000364349	9606.ENSP00000359719	0	0	0	0	0	0	0.650	0.063	0.658
ATF6B	PRKACG	9606.ENSP00000364349	9606.ENSP00000366488	0	0	0	0	0	0	0.650	0	0.650
ATF6B	CREB3L1	9606.ENSP00000364349	9606.ENSP00000481956	0	0	0	0.561	0.049	0.071	0.900	0.317	0.931
ATF6B	CREB1	9606.ENSP00000364349	9606.ENSP00000387699	0	0	0	0	0	0	0.900	0.553	0.953
BCL2	MAPK1	9606.ENSP00000381185	9606.ENSP00000215832	0	0	0	0	0.086	0.292	0.900	0.586	0.969
BCL2	MMP2	9606.ENSP00000381185	9606.ENSP00000219070	0	0	0	0	0	0	0	0.716	0.716
BCL2	CTSD	9606.ENSP00000381185	9606.ENSP00000236671	0	0	0	0	0	0	0.900	0.514	0.949
BCL2	RARA	9606.ENSP00000381185	9606.ENSP00000254066	0	0	0	0	0.067	0.045	0	0.478	0.494
BCL2	KRAS	9606.ENSP00000381185	9606.ENSP00000256078	0	0	0	0	0	0.294	0	0.813	0.862
BCL2	MAP2K2	9606.ENSP00000381185	9606.ENSP00000262948	0	0	0	0	0.074	0	0	0.540	0.556
BCL2	MAPK3	9606.ENSP00000381185	9606.ENSP00000263025	0	0	0	0	0.067	0	0.900	0.852	0.985
BCL2	PIK3CA	9606.ENSP00000381185	9606.ENSP00000263967	0	0	0	0	0.095	0	0	0.587	0.610
BCL2	EGFR	9606.ENSP00000381185	9606.ENSP00000275493	0	0	0	0	0.048	0	0	0.838	0.839
BCL2	CALM3	9606.ENSP00000381185	9606.ENSP00000291295	0	0	0	0	0	0	0	0.677	0.677
BCL2	NOS3	9606.ENSP00000381185	9606.ENSP00000297494	0	0	0	0	0	0	0	0.579	0.579
BCL2	HSP90B1	9606.ENSP00000381185	9606.ENSP00000299767	0	0	0	0	0.054	0	0	0.498	0.505
BCL2	MAP2K1	9606.ENSP00000381185	9606.ENSP00000302486	0	0	0	0	0.083	0	0	0.738	0.749
BCL2	CALML6	9606.ENSP00000381185	9606.ENSP00000304643	0	0	0	0	0	0	0	0.505	0.505
BCL2	FOS	9606.ENSP00000381185	9606.ENSP00000306245	0	0	0	0	0	0	0	0.784	0.784
BCL2	ITPR1	9606.ENSP00000381185	9606.ENSP00000306253	0	0	0	0	0.082	0.510	0	0.992	0.996
BCL2	PRKACA	9606.ENSP00000381185	9606.ENSP00000309591	0	0	0	0	0	0	0	0.706	0.706
BCL2	CALML3	9606.ENSP00000381185	9606.ENSP00000315299	0	0	0	0	0	0	0	0.505	0.505
BCL2	PGR	9606.ENSP00000381185	9606.ENSP00000325120	0	0	0	0	0.047	0.045	0	0.632	0.636
BCL2	SP1	9606.ENSP00000381185	9606.ENSP00000329357	0	0	0	0	0	0	0	0.447	0.447
BCL2	PRKCD	9606.ENSP00000381185	9606.ENSP00000331602	0	0	0	0	0.059	0	0	0.394	0.406
BCL2	HSP90AA1	9606.ENSP00000381185	9606.ENSP00000335153	0	0	0	0	0.060	0.510	0	0.859	0.929
BCL2	ESR2	9606.ENSP00000381185	9606.ENSP00000343925	0	0	0	0	0.056	0.045	0	0.591	0.599
BCL2	KRT19	9606.ENSP00000381185	9606.ENSP00000355124	0	0	0	0	0	0	0	0.430	0.430
BCL2	NRAS	9606.ENSP00000381185	9606.ENSP00000358548	0	0	0	0	0	0.045	0	0.763	0.764
BCL2	PRKACB	9606.ENSP00000381185	9606.ENSP00000359719	0	0	0	0	0.043	0	0	0.706	0.707
BCL2	JUN	9606.ENSP00000381185	9606.ENSP00000360266	0	0	0	0	0.047	0	0	0.927	0.927
BCL2	HSP90AB1	9606.ENSP00000381185	9606.ENSP00000360609	0	0	0	0	0.060	0	0	0.770	0.775
BCL2	MMP9	9606.ENSP00000381185	9606.ENSP00000361405	0	0	0	0	0.087	0	0	0.794	0.804
BCL2	SRC	9606.ENSP00000381185	9606.ENSP00000362680	0	0	0	0	0.067	0	0	0.856	0.860
BCL2	ITPR3	9606.ENSP00000381185	9606.ENSP00000363435	0	0	0	0	0.043	0.292	0	0.991	0.993
BCL2	HSPA1B	9606.ENSP00000381185	9606.ENSP00000364801	0	0	0	0	0	0.292	0	0.475	0.613
BCL2	PRKACG	9606.ENSP00000381185	9606.ENSP00000366488	0	0	0	0	0	0	0	0.700	0.700
BCL2	PIK3CD	9606.ENSP00000381185	9606.ENSP00000366563	0	0	0	0	0.048	0	0	0.461	0.465
BCL2	CALML5	9606.ENSP00000381185	9606.ENSP00000369689	0	0	0	0	0	0	0	0.505	0.505
BCL2	KRT18	9606.ENSP00000381185	9606.ENSP00000373489	0	0	0	0	0	0	0	0.417	0.416
BCL2	GRB2	9606.ENSP00000381185	9606.ENSP00000376345	0	0	0	0	0.055	0	0	0.638	0.643
BCL2	GPER1	9606.ENSP00000381185	9606.ENSP00000380281	0	0	0	0	0	0	0	0.403	0.403
BCL2	SHC1	9606.ENSP00000381185	9606.ENSP00000401303	0	0	0	0	0.052	0	0	0.407	0.414
BCL2	TGFA	9606.ENSP00000381185	9606.ENSP00000404131	0	0	0	0	0	0	0	0.474	0.474
BCL2	NCOA1	9606.ENSP00000381185	9606.ENSP00000385216	0	0	0	0	0.050	0	0	0.519	0.523
BCL2	CALML4	9606.ENSP00000381185	9606.ENSP00000419081	0	0	0	0	0	0	0	0.526	0.526
BCL2	PIK3R1	9606.ENSP00000381185	9606.ENSP00000428056	0	0	0	0	0.138	0	0	0.639	0.675
BCL2	HSPA8	9606.ENSP00000381185	9606.ENSP00000437125	0	0	0	0	0.042	0	0	0.679	0.679
BCL2	RAF1	9606.ENSP00000381185	9606.ENSP00000401888	0	0	0	0	0.051	0.625	0	0.723	0.892
BCL2	ESR1	9606.ENSP00000381185	9606.ENSP00000405330	0	0	0	0	0.083	0.045	0.500	0.794	0.897
BCL2	CREB1	9606.ENSP00000381185	9606.ENSP00000387699	0	0	0	0	0.061	0	0.750	0.708	0.925
BCL2	HRAS	9606.ENSP00000381185	9606.ENSP00000407586	0	0	0	0	0	0.045	0	0.938	0.938
CALM3	FKBP4	9606.ENSP00000291295	9606.ENSP00000001008	0	0	0	0	0.086	0.140	0	0.547	0.613
CALM3	MAPK1	9606.ENSP00000291295	9606.ENSP00000215832	0	0	0	0	0.097	0.108	0	0.490	0.553
CALM3	KRAS	9606.ENSP00000291295	9606.ENSP00000256078	0	0	0	0	0.081	0.130	0.900	0.978	0.998
CALM3	PLCB2	9606.ENSP00000291295	9606.ENSP00000260402	0	0	0	0	0.049	0	0.650	0.218	0.716
CALM3	MAPK3	9606.ENSP00000291295	9606.ENSP00000263025	0	0	0	0	0.126	0.108	0	0.614	0.673
CALM3	EGFR	9606.ENSP00000291295	9606.ENSP00000275493	0	0	0	0	0	0.623	0	0.641	0.859
CALM3	GRM1	9606.ENSP00000291295	9606.ENSP00000282753	0	0	0	0	0.067	0.153	0	0.354	0.445
CALM3	GNAQ	9606.ENSP00000291295	9606.ENSP00000286548	0	0	0	0	0.067	0	0	0.582	0.593
CALM3	KCNJ5	9606.ENSP00000291295	9606.ENSP00000433295	0	0	0	0	0	0	0	0.433	0.433
CALM3	PRKCD	9606.ENSP00000291295	9606.ENSP00000331602	0	0	0	0	0.055	0.077	0	0.439	0.468
CALM3	PIK3R1	9606.ENSP00000291295	9606.ENSP00000428056	0	0	0	0	0.044	0	0	0.512	0.513
CALM3	MAP2K1	9606.ENSP00000291295	9606.ENSP00000302486	0	0	0	0	0.110	0.067	0	0.489	0.539
CALM3	HSPA1B	9606.ENSP00000291295	9606.ENSP00000364801	0	0	0	0	0.055	0.120	0	0.503	0.551
CALM3	JUN	9606.ENSP00000291295	9606.ENSP00000360266	0	0	0	0	0	0	0	0.582	0.582
CALM3	RAF1	9606.ENSP00000291295	9606.ENSP00000401888	0	0	0	0	0.042	0.099	0	0.588	0.613
CALM3	GRB2	9606.ENSP00000291295	9606.ENSP00000376345	0	0	0	0	0.055	0.164	0	0.592	0.650
CALM3	FOS	9606.ENSP00000291295	9606.ENSP00000306245	0	0	0	0	0	0.183	0	0.615	0.672
CALM3	HSPA8	9606.ENSP00000291295	9606.ENSP00000437125	0	0	0	0	0.062	0.120	0	0.691	0.723
CALM3	PLCB4	9606.ENSP00000291295	9606.ENSP00000367762	0	0	0	0	0	0	0.650	0.244	0.724
CALM3	PLCB3	9606.ENSP00000291295	9606.ENSP00000443631	0	0	0	0	0.042	0	0.650	0.317	0.751
CALM3	PLCB1	9606.ENSP00000291295	9606.ENSP00000338185	0	0	0	0	0	0	0.650	0.348	0.762
CALM3	POMC	9606.ENSP00000291295	9606.ENSP00000384092	0	0	0	0	0	0	0	0.828	0.828
CALM3	SRC	9606.ENSP00000291295	9606.ENSP00000362680	0	0	0	0	0.062	0.099	0	0.845	0.858
CALM3	HSP90B1	9606.ENSP00000291295	9606.ENSP00000299767	0	0	0	0	0.049	0.070	0.800	0.309	0.861
CALM3	CREB1	9606.ENSP00000291295	9606.ENSP00000387699	0	0	0	0	0.062	0	0	0.888	0.891
CALM3	ITPR2	9606.ENSP00000291295	9606.ENSP00000370744	0	0	0	0	0	0.213	0.900	0.498	0.957
CALM3	NRAS	9606.ENSP00000291295	9606.ENSP00000358548	0	0	0	0	0.074	0.130	0.900	0.554	0.959
CALM3	HRAS	9606.ENSP00000291295	9606.ENSP00000407586	0	0	0	0	0.096	0.130	0.900	0.610	0.965
CALM3	ITPR1	9606.ENSP00000291295	9606.ENSP00000306253	0	0	0	0	0	0.078	0.900	0.834	0.983
CALM3	ITPR3	9606.ENSP00000291295	9606.ENSP00000363435	0	0	0	0	0.042	0.208	0.900	0.826	0.985
CALM3	PRKACB	9606.ENSP00000291295	9606.ENSP00000359719	0	0	0	0	0.055	0	0.650	0.970	0.989
CALM3	PRKACA	9606.ENSP00000291295	9606.ENSP00000309591	0	0	0	0	0.080	0	0.650	0.970	0.989
CALM3	PRKACG	9606.ENSP00000291295	9606.ENSP00000366488	0	0	0	0	0.055	0	0.650	0.978	0.992
CALM3	ESR1	9606.ENSP00000291295	9606.ENSP00000405330	0	0	0	0	0	0.916	0	0.942	0.995
CALM3	HSP90AB1	9606.ENSP00000291295	9606.ENSP00000360609	0	0	0	0	0.053	0.071	0.800	0.977	0.995
CALM3	CALML4	9606.ENSP00000291295	9606.ENSP00000419081	0	0	0.072	0.920	0	0	0.900	0.969	0.996
CALM3	HSP90AA1	9606.ENSP00000291295	9606.ENSP00000335153	0	0	0	0	0.045	0.071	0.800	0.984	0.996
CALM3	CALML5	9606.ENSP00000291295	9606.ENSP00000369689	0	0	0.072	0.937	0	0	0.900	0.969	0.996
CALM3	CALML3	9606.ENSP00000291295	9606.ENSP00000315299	0	0	0.050	0.981	0	0	0.900	0.968	0.996
CALM3	CALML6	9606.ENSP00000291295	9606.ENSP00000304643	0	0	0.058	0.914	0	0	0.900	0.969	0.996
CALM3	NOS3	9606.ENSP00000291295	9606.ENSP00000297494	0	0	0	0	0	0.927	0.900	0.996	0.999
CALML3	FKBP4	9606.ENSP00000315299	9606.ENSP00000001008	0	0	0	0	0.074	0.140	0	0.564	0.622
CALML3	KRT14	9606.ENSP00000315299	9606.ENSP00000167586	0	0	0	0	0.343	0.104	0	0.127	0.442
CALML3	MAPK1	9606.ENSP00000315299	9606.ENSP00000215832	0	0	0	0	0.065	0.108	0	0.446	0.497
CALML3	KRAS	9606.ENSP00000315299	9606.ENSP00000256078	0	0	0	0	0.074	0.130	0.900	0.982	0.998
CALML3	PLCB2	9606.ENSP00000315299	9606.ENSP00000260402	0	0	0	0	0	0	0.650	0.190	0.704
CALML3	MAPK3	9606.ENSP00000315299	9606.ENSP00000263025	0	0	0	0	0.065	0.108	0	0.612	0.648
CALML3	PIK3CA	9606.ENSP00000315299	9606.ENSP00000263967	0	0	0	0	0	0	0	0.518	0.518
CALML3	EGFR	9606.ENSP00000315299	9606.ENSP00000275493	0	0	0	0	0.044	0	0	0.810	0.811
CALML3	GRM1	9606.ENSP00000315299	9606.ENSP00000282753	0	0	0	0	0.049	0.153	0	0.352	0.432
CALML3	GNAQ	9606.ENSP00000315299	9606.ENSP00000286548	0	0	0	0	0	0	0	0.581	0.581
CALML3	NOS3	9606.ENSP00000315299	9606.ENSP00000297494	0	0	0	0	0	0.066	0.900	0.996	0.999
CALML3	HSP90B1	9606.ENSP00000315299	9606.ENSP00000299767	0	0	0	0	0	0.070	0.800	0.432	0.885
CALML3	MAP2K1	9606.ENSP00000315299	9606.ENSP00000302486	0	0	0	0	0.086	0.067	0	0.474	0.512
CALML3	CALML6	9606.ENSP00000315299	9606.ENSP00000304643	0	0	0.063	0.901	0	0	0.900	0.632	0.962
CALML3	FOS	9606.ENSP00000315299	9606.ENSP00000306245	0	0	0	0	0	0.098	0	0.611	0.634
CALML3	ITPR1	9606.ENSP00000315299	9606.ENSP00000306253	0	0	0	0	0	0.169	0.900	0.832	0.984
CALML3	PRKACA	9606.ENSP00000315299	9606.ENSP00000309591	0	0	0	0	0.055	0	0.650	0.971	0.989
CALML3	PRKCD	9606.ENSP00000315299	9606.ENSP00000331602	0	0	0	0	0.043	0.077	0	0.423	0.446
CALML3	EBAG9	9606.ENSP00000315299	9606.ENSP00000337675	0	0	0	0	0	0	0	0.500	0.500
CALML3	ESR2	9606.ENSP00000315299	9606.ENSP00000343925	0	0	0	0	0	0.045	0	0.552	0.554
CALML3	JUN	9606.ENSP00000315299	9606.ENSP00000360266	0	0	0	0	0	0	0	0.581	0.581
CALML3	GRB2	9606.ENSP00000315299	9606.ENSP00000376345	0	0	0	0	0	0	0	0.586	0.586
CALML3	RAF1	9606.ENSP00000315299	9606.ENSP00000401888	0	0	0	0	0	0.099	0	0.586	0.611
CALML3	HSPA8	9606.ENSP00000315299	9606.ENSP00000437125	0	0	0	0	0.055	0.120	0	0.628	0.664
CALML3	PLCB4	9606.ENSP00000315299	9606.ENSP00000367762	0	0	0	0	0	0	0.650	0.229	0.718
CALML3	PLCB3	9606.ENSP00000315299	9606.ENSP00000443631	0	0	0	0	0	0	0.650	0.307	0.747
CALML3	PLCB1	9606.ENSP00000315299	9606.ENSP00000338185	0	0	0	0	0	0	0.650	0.320	0.751
CALML3	POMC	9606.ENSP00000315299	9606.ENSP00000384092	0	0	0	0	0.044	0	0	0.830	0.830
CALML3	CREB1	9606.ENSP00000315299	9606.ENSP00000387699	0	0	0	0	0.062	0	0	0.887	0.890
CALML3	SRC	9606.ENSP00000315299	9606.ENSP00000362680	0	0	0	0	0	0.099	0	0.922	0.927
CALML3	ITPR2	9606.ENSP00000315299	9606.ENSP00000370744	0	0	0	0	0	0.069	0.900	0.465	0.945
CALML3	NRAS	9606.ENSP00000315299	9606.ENSP00000358548	0	0	0	0	0.074	0.130	0.900	0.544	0.958
CALML3	HRAS	9606.ENSP00000315299	9606.ENSP00000407586	0	0	0	0	0.074	0.130	0.900	0.598	0.963
CALML3	CALML4	9606.ENSP00000315299	9606.ENSP00000419081	0	0	0.081	0.898	0	0	0.900	0.632	0.963
CALML3	CALML5	9606.ENSP00000315299	9606.ENSP00000369689	0	0	0.077	0.926	0.162	0	0.900	0.632	0.967
CALML3	ESR1	9606.ENSP00000315299	9606.ENSP00000405330	0	0	0	0	0.044	0.045	0	0.981	0.981
CALML3	ITPR3	9606.ENSP00000315299	9606.ENSP00000363435	0	0	0	0	0	0.105	0.900	0.822	0.982
CALML3	PRKACB	9606.ENSP00000315299	9606.ENSP00000359719	0	0	0	0	0.055	0	0.650	0.971	0.989
CALML3	PRKACG	9606.ENSP00000315299	9606.ENSP00000366488	0	0	0	0	0.055	0	0.650	0.979	0.992
CALML3	HSP90AB1	9606.ENSP00000315299	9606.ENSP00000360609	0	0	0	0	0.045	0.071	0.800	0.978	0.995
CALML3	HSP90AA1	9606.ENSP00000315299	9606.ENSP00000335153	0	0	0	0	0.045	0.071	0.800	0.983	0.996
CALML4	FKBP4	9606.ENSP00000419081	9606.ENSP00000001008	0	0	0	0	0.074	0.140	0	0.565	0.623
CALML4	MAPK1	9606.ENSP00000419081	9606.ENSP00000215832	0	0	0	0	0.057	0.108	0	0.424	0.473
CALML4	KRAS	9606.ENSP00000419081	9606.ENSP00000256078	0	0	0	0	0.074	0.097	0.900	0.982	0.998
CALML4	PLCB2	9606.ENSP00000419081	9606.ENSP00000260402	0	0	0	0	0.049	0	0.650	0.192	0.707
CALML4	MAPK3	9606.ENSP00000419081	9606.ENSP00000263025	0	0	0	0	0.057	0.108	0	0.598	0.633
CALML4	PIK3CA	9606.ENSP00000419081	9606.ENSP00000263967	0	0	0	0	0	0	0	0.517	0.517
CALML4	EGFR	9606.ENSP00000419081	9606.ENSP00000275493	0	0	0	0	0	0	0	0.809	0.809
CALML4	GRM1	9606.ENSP00000419081	9606.ENSP00000282753	0	0	0	0	0	0.153	0	0.352	0.427
CALML4	GNAQ	9606.ENSP00000419081	9606.ENSP00000286548	0	0	0	0	0	0	0	0.570	0.570
CALML4	NOS3	9606.ENSP00000419081	9606.ENSP00000297494	0	0	0	0	0	0.046	0.900	0.996	0.999
CALML4	HSP90B1	9606.ENSP00000419081	9606.ENSP00000299767	0	0	0	0	0	0.070	0.800	0.434	0.885
CALML4	MAP2K1	9606.ENSP00000419081	9606.ENSP00000302486	0	0	0	0	0.086	0.067	0	0.449	0.490
CALML4	CALML6	9606.ENSP00000419081	9606.ENSP00000304643	0	0	0	0.738	0	0	0.900	0.633	0.961
CALML4	FOS	9606.ENSP00000419081	9606.ENSP00000306245	0	0	0	0	0	0.063	0	0.579	0.589
CALML4	ITPR1	9606.ENSP00000419081	9606.ENSP00000306253	0	0	0	0	0	0.045	0.900	0.816	0.980
CALML4	PRKACA	9606.ENSP00000419081	9606.ENSP00000309591	0	0	0	0	0	0	0.650	0.971	0.989
CALML4	PRKCD	9606.ENSP00000419081	9606.ENSP00000331602	0	0	0	0	0.044	0.077	0	0.403	0.427
CALML4	HSP90AA1	9606.ENSP00000419081	9606.ENSP00000335153	0	0	0	0	0	0.070	0.800	0.983	0.996
CALML4	PLCB1	9606.ENSP00000419081	9606.ENSP00000338185	0	0	0	0	0	0	0.650	0.322	0.752
CALML4	ESR2	9606.ENSP00000419081	9606.ENSP00000343925	0	0	0	0	0	0.045	0	0.552	0.554
CALML4	NRAS	9606.ENSP00000419081	9606.ENSP00000358548	0	0	0	0	0.074	0.097	0.900	0.522	0.954
CALML4	PRKACB	9606.ENSP00000419081	9606.ENSP00000359719	0	0	0	0	0	0	0.650	0.971	0.989
CALML4	JUN	9606.ENSP00000419081	9606.ENSP00000360266	0	0	0	0	0	0	0	0.570	0.570
CALML4	HSP90AB1	9606.ENSP00000419081	9606.ENSP00000360609	0	0	0	0	0	0.070	0.800	0.976	0.995
CALML4	SRC	9606.ENSP00000419081	9606.ENSP00000362680	0	0	0	0	0	0.099	0	0.922	0.927
CALML4	ITPR3	9606.ENSP00000419081	9606.ENSP00000363435	0	0	0	0	0	0.045	0.900	0.805	0.979
CALML4	PRKACG	9606.ENSP00000419081	9606.ENSP00000366488	0	0	0	0	0	0	0.650	0.979	0.992
CALML4	PLCB4	9606.ENSP00000419081	9606.ENSP00000367762	0	0	0	0	0	0	0.650	0.202	0.708
CALML4	CALML5	9606.ENSP00000419081	9606.ENSP00000369689	0	0	0.112	0.804	0	0	0.900	0.633	0.964
CALML4	ITPR2	9606.ENSP00000419081	9606.ENSP00000370744	0	0	0	0	0	0.045	0.900	0.413	0.939
CALML4	GRB2	9606.ENSP00000419081	9606.ENSP00000376345	0	0	0	0	0	0	0	0.586	0.586
CALML4	POMC	9606.ENSP00000419081	9606.ENSP00000384092	0	0	0	0	0	0	0	0.832	0.832
CALML4	CREB1	9606.ENSP00000419081	9606.ENSP00000387699	0	0	0	0	0.062	0	0	0.889	0.891
CALML4	RAF1	9606.ENSP00000419081	9606.ENSP00000401888	0	0	0	0	0	0.099	0	0.586	0.611
CALML4	ESR1	9606.ENSP00000419081	9606.ENSP00000405330	0	0	0	0	0	0.045	0	0.979	0.979
CALML4	HRAS	9606.ENSP00000419081	9606.ENSP00000407586	0	0	0	0	0.074	0.097	0.900	0.579	0.960
CALML4	HSPA8	9606.ENSP00000419081	9606.ENSP00000437125	0	0	0	0	0.055	0.120	0	0.614	0.651
CALML4	PLCB3	9606.ENSP00000419081	9606.ENSP00000443631	0	0	0	0	0.042	0	0.650	0.282	0.738
CALML5	FKBP4	9606.ENSP00000369689	9606.ENSP00000001008	0	0	0	0	0.074	0.140	0	0.565	0.623
CALML5	MAPK1	9606.ENSP00000369689	9606.ENSP00000215832	0	0	0	0	0.065	0.108	0	0.446	0.497
CALML5	CTSD	9606.ENSP00000369689	9606.ENSP00000236671	0	0	0	0	0.092	0.328	0	0.297	0.534
CALML5	KRAS	9606.ENSP00000369689	9606.ENSP00000256078	0	0	0	0	0.074	0.130	0.900	0.983	0.998
CALML5	PLCB2	9606.ENSP00000369689	9606.ENSP00000260402	0	0	0	0	0	0	0.650	0.190	0.704
CALML5	MAPK3	9606.ENSP00000369689	9606.ENSP00000263025	0	0	0	0	0.065	0.108	0	0.612	0.648
CALML5	PIK3CA	9606.ENSP00000369689	9606.ENSP00000263967	0	0	0	0	0	0	0	0.518	0.518
CALML5	EGFR	9606.ENSP00000369689	9606.ENSP00000275493	0	0	0	0	0	0	0	0.810	0.810
CALML5	GRM1	9606.ENSP00000369689	9606.ENSP00000282753	0	0	0	0	0.049	0.153	0	0.352	0.432
CALML5	GNAQ	9606.ENSP00000369689	9606.ENSP00000286548	0	0	0	0	0	0	0	0.581	0.581
CALML5	NOS3	9606.ENSP00000369689	9606.ENSP00000297494	0	0	0	0	0	0.066	0.900	0.996	0.999
CALML5	HSP90B1	9606.ENSP00000369689	9606.ENSP00000299767	0	0	0	0	0	0.070	0.800	0.434	0.885
CALML5	MAP2K1	9606.ENSP00000369689	9606.ENSP00000302486	0	0	0	0	0.086	0.067	0	0.475	0.513
CALML5	CALML6	9606.ENSP00000369689	9606.ENSP00000304643	0	0	0.081	0.828	0	0	0.900	0.633	0.963
CALML5	FOS	9606.ENSP00000369689	9606.ENSP00000306245	0	0	0	0	0	0.148	0	0.611	0.654
CALML5	ITPR1	9606.ENSP00000369689	9606.ENSP00000306253	0	0	0	0	0	0.078	0.900	0.832	0.983
CALML5	PRKACA	9606.ENSP00000369689	9606.ENSP00000309591	0	0	0	0	0.055	0	0.650	0.971	0.989
CALML5	PRKCD	9606.ENSP00000369689	9606.ENSP00000331602	0	0	0	0	0	0.077	0	0.423	0.445
CALML5	HSP90AA1	9606.ENSP00000369689	9606.ENSP00000335153	0	0	0	0	0.045	0.071	0.800	0.983	0.996
CALML5	EBAG9	9606.ENSP00000369689	9606.ENSP00000337675	0	0	0	0	0	0	0	0.487	0.487
CALML5	PLCB1	9606.ENSP00000369689	9606.ENSP00000338185	0	0	0	0	0	0	0.650	0.475	0.808
CALML5	ESR2	9606.ENSP00000369689	9606.ENSP00000343925	0	0	0	0	0	0.045	0	0.552	0.554
CALML5	NRAS	9606.ENSP00000369689	9606.ENSP00000358548	0	0	0	0	0.074	0.130	0.900	0.544	0.958
CALML5	PRKACB	9606.ENSP00000369689	9606.ENSP00000359719	0	0	0	0	0.055	0	0.650	0.971	0.989
CALML5	JUN	9606.ENSP00000369689	9606.ENSP00000360266	0	0	0	0	0	0	0	0.581	0.581
CALML5	HSP90AB1	9606.ENSP00000369689	9606.ENSP00000360609	0	0	0	0	0.045	0.071	0.800	0.976	0.995
CALML5	SRC	9606.ENSP00000369689	9606.ENSP00000362680	0	0	0	0	0	0.099	0	0.922	0.927
CALML5	ITPR3	9606.ENSP00000369689	9606.ENSP00000363435	0	0	0	0	0	0.069	0.900	0.821	0.981
CALML5	PRKACG	9606.ENSP00000369689	9606.ENSP00000366488	0	0	0	0	0.055	0	0.650	0.979	0.992
CALML5	PLCB4	9606.ENSP00000369689	9606.ENSP00000367762	0	0	0	0	0.042	0	0.650	0.226	0.718
CALML5	GRB2	9606.ENSP00000369689	9606.ENSP00000376345	0	0	0	0	0	0	0	0.589	0.589
CALML5	RAF1	9606.ENSP00000369689	9606.ENSP00000401888	0	0	0	0	0	0.099	0	0.586	0.611
CALML5	HSPA8	9606.ENSP00000369689	9606.ENSP00000437125	0	0	0	0	0.055	0.120	0	0.628	0.664
CALML5	PLCB3	9606.ENSP00000369689	9606.ENSP00000443631	0	0	0	0	0	0	0.650	0.293	0.742
CALML5	POMC	9606.ENSP00000369689	9606.ENSP00000384092	0	0	0	0	0	0	0	0.830	0.830
CALML5	CREB1	9606.ENSP00000369689	9606.ENSP00000387699	0	0	0	0	0.062	0	0	0.887	0.890
CALML5	ITPR2	9606.ENSP00000369689	9606.ENSP00000370744	0	0	0	0	0	0.069	0.900	0.468	0.946
CALML5	HRAS	9606.ENSP00000369689	9606.ENSP00000407586	0	0	0	0	0.074	0.130	0.900	0.598	0.963
CALML5	ESR1	9606.ENSP00000369689	9606.ENSP00000405330	0	0	0	0	0.059	0.045	0	0.979	0.979
CALML6	FKBP4	9606.ENSP00000304643	9606.ENSP00000001008	0	0	0	0	0.074	0.140	0	0.565	0.623
CALML6	MAPK1	9606.ENSP00000304643	9606.ENSP00000215832	0	0	0	0	0.057	0.108	0	0.424	0.473
CALML6	KRAS	9606.ENSP00000304643	9606.ENSP00000256078	0	0	0	0	0.074	0.097	0.900	0.982	0.998
CALML6	PLCB2	9606.ENSP00000304643	9606.ENSP00000260402	0	0	0	0	0	0	0.650	0.183	0.701
CALML6	MAPK3	9606.ENSP00000304643	9606.ENSP00000263025	0	0	0	0	0.057	0.108	0	0.598	0.633
CALML6	PIK3CA	9606.ENSP00000304643	9606.ENSP00000263967	0	0	0	0	0	0	0	0.517	0.517
CALML6	EGFR	9606.ENSP00000304643	9606.ENSP00000275493	0	0	0	0	0	0	0	0.809	0.809
CALML6	GRM1	9606.ENSP00000304643	9606.ENSP00000282753	0	0	0	0	0.042	0.153	0	0.352	0.428
CALML6	GNAQ	9606.ENSP00000304643	9606.ENSP00000286548	0	0	0	0	0	0	0	0.570	0.570
CALML6	NOS3	9606.ENSP00000304643	9606.ENSP00000297494	0	0	0	0	0	0.046	0.900	0.996	0.999
CALML6	HSP90B1	9606.ENSP00000304643	9606.ENSP00000299767	0	0	0	0	0	0.070	0.800	0.434	0.885
CALML6	MAP2K1	9606.ENSP00000304643	9606.ENSP00000302486	0	0	0	0	0.086	0.067	0	0.449	0.490
CALML6	PRKCD	9606.ENSP00000304643	9606.ENSP00000331602	0	0	0	0	0	0.077	0	0.403	0.425
CALML6	EBAG9	9606.ENSP00000304643	9606.ENSP00000337675	0	0	0	0	0	0	0	0.487	0.487
CALML6	ESR2	9606.ENSP00000304643	9606.ENSP00000343925	0	0	0	0	0	0.045	0	0.552	0.554
CALML6	JUN	9606.ENSP00000304643	9606.ENSP00000360266	0	0	0	0	0	0	0	0.570	0.570
CALML6	GRB2	9606.ENSP00000304643	9606.ENSP00000376345	0	0	0	0	0	0	0	0.585	0.585
CALML6	FOS	9606.ENSP00000304643	9606.ENSP00000306245	0	0	0	0	0	0.063	0	0.579	0.589
CALML6	RAF1	9606.ENSP00000304643	9606.ENSP00000401888	0	0	0	0	0	0.099	0	0.586	0.611
CALML6	HSPA8	9606.ENSP00000304643	9606.ENSP00000437125	0	0	0	0	0.055	0.120	0	0.614	0.651
CALML6	PLCB4	9606.ENSP00000304643	9606.ENSP00000367762	0	0	0	0	0	0	0.650	0.195	0.706
CALML6	PLCB3	9606.ENSP00000304643	9606.ENSP00000443631	0	0	0	0	0	0	0.650	0.274	0.735
CALML6	PLCB1	9606.ENSP00000304643	9606.ENSP00000338185	0	0	0	0	0	0	0.650	0.321	0.752
CALML6	POMC	9606.ENSP00000304643	9606.ENSP00000384092	0	0	0	0	0.044	0	0	0.831	0.831
CALML6	CREB1	9606.ENSP00000304643	9606.ENSP00000387699	0	0	0	0	0.062	0	0	0.882	0.884
CALML6	SRC	9606.ENSP00000304643	9606.ENSP00000362680	0	0	0	0	0	0.099	0	0.922	0.927
CALML6	ITPR2	9606.ENSP00000304643	9606.ENSP00000370744	0	0	0	0	0	0.045	0.900	0.413	0.939
CALML6	NRAS	9606.ENSP00000304643	9606.ENSP00000358548	0	0	0	0	0.074	0.097	0.900	0.522	0.954
CALML6	HRAS	9606.ENSP00000304643	9606.ENSP00000407586	0	0	0	0	0.074	0.097	0.900	0.579	0.960
CALML6	ITPR3	9606.ENSP00000304643	9606.ENSP00000363435	0	0	0	0	0	0.045	0.900	0.804	0.979
CALML6	ESR1	9606.ENSP00000304643	9606.ENSP00000405330	0	0	0	0	0	0.045	0	0.979	0.979
CALML6	ITPR1	9606.ENSP00000304643	9606.ENSP00000306253	0	0	0	0	0	0.045	0.900	0.816	0.980
CALML6	PRKACA	9606.ENSP00000304643	9606.ENSP00000309591	0	0	0	0	0	0	0.650	0.969	0.988
CALML6	PRKACB	9606.ENSP00000304643	9606.ENSP00000359719	0	0	0	0	0	0	0.650	0.969	0.988
CALML6	PRKACG	9606.ENSP00000304643	9606.ENSP00000366488	0	0	0	0	0	0	0.650	0.977	0.991
CALML6	HSP90AB1	9606.ENSP00000304643	9606.ENSP00000360609	0	0	0	0	0	0.070	0.800	0.975	0.995
CALML6	HSP90AA1	9606.ENSP00000304643	9606.ENSP00000335153	0	0	0	0	0	0.070	0.800	0.982	0.996
CREB1	CREB3L3	9606.ENSP00000387699	9606.ENSP00000078445	0	0	0	0	0	0.284	0.900	0.651	0.972
CREB1	MAPK1	9606.ENSP00000387699	9606.ENSP00000215832	0	0	0	0	0.194	0	0.900	0.575	0.962
CREB1	MMP2	9606.ENSP00000387699	9606.ENSP00000219070	0	0	0	0	0.074	0	0	0.400	0.420
CREB1	PIK3R2	9606.ENSP00000387699	9606.ENSP00000222254	0	0	0	0	0.058	0	0	0.549	0.557
CREB1	RARA	9606.ENSP00000387699	9606.ENSP00000254066	0	0	0	0	0.063	0.046	0	0.558	0.571
CREB1	KRAS	9606.ENSP00000387699	9606.ENSP00000256078	0	0	0	0	0.119	0.070	0	0.377	0.445
CREB1	MAPK3	9606.ENSP00000387699	9606.ENSP00000263025	0	0	0	0	0.089	0	0.900	0.876	0.987
CREB1	PIK3CA	9606.ENSP00000387699	9606.ENSP00000263967	0	0	0	0	0.185	0	0	0.333	0.433
CREB1	CREB3L4	9606.ENSP00000387699	9606.ENSP00000271889	0	0	0	0	0	0.101	0.900	0.547	0.955
CREB1	EGFR	9606.ENSP00000387699	9606.ENSP00000275493	0	0	0	0	0.044	0	0	0.575	0.576
CREB1	GNAQ	9606.ENSP00000387699	9606.ENSP00000286548	0	0	0	0	0.093	0	0	0.685	0.702
CREB1	NOS3	9606.ENSP00000387699	9606.ENSP00000297494	0	0	0	0	0	0	0	0.413	0.412
CREB1	MAP2K1	9606.ENSP00000387699	9606.ENSP00000302486	0	0	0	0	0.089	0	0	0.584	0.605
CREB1	FOS	9606.ENSP00000387699	9606.ENSP00000306245	0	0	0	0	0.052	0	0.500	0.996	0.998
CREB1	ITPR1	9606.ENSP00000387699	9606.ENSP00000306253	0	0	0	0	0.049	0	0	0.617	0.620
CREB1	PRKACA	9606.ENSP00000387699	9606.ENSP00000309591	0	0	0	0	0.042	0.510	0.900	0.940	0.996
CREB1	GNAI2	9606.ENSP00000387699	9606.ENSP00000312999	0	0	0	0	0.049	0	0	0.456	0.461
CREB1	PGR	9606.ENSP00000387699	9606.ENSP00000325120	0	0	0	0	0.056	0.046	0	0.395	0.407
CREB1	CREB3L2	9606.ENSP00000387699	9606.ENSP00000329140	0	0	0	0.579	0	0.101	0.900	0.354	0.936
CREB1	SP1	9606.ENSP00000387699	9606.ENSP00000329357	0	0	0	0	0.146	0.095	0	0.744	0.784
CREB1	HSP90AA1	9606.ENSP00000387699	9606.ENSP00000335153	0	0	0	0	0.049	0	0	0.419	0.423
CREB1	CREB3	9606.ENSP00000387699	9606.ENSP00000342136	0	0	0	0	0	0.101	0.900	0.547	0.955
CREB1	ESR2	9606.ENSP00000387699	9606.ENSP00000343925	0	0	0	0	0.056	0.046	0	0.741	0.746
CREB1	CREB5	9606.ENSP00000387699	9606.ENSP00000350359	0	0	0	0	0.053	0	0.900	0.456	0.944
CREB1	NRAS	9606.ENSP00000387699	9606.ENSP00000358548	0	0	0	0	0.163	0.070	0	0.292	0.401
CREB1	PRKACB	9606.ENSP00000387699	9606.ENSP00000359719	0	0	0	0	0.049	0	0.900	0.958	0.995
CREB1	JUN	9606.ENSP00000387699	9606.ENSP00000360266	0	0	0	0	0	0.400	0	0.997	0.998
CREB1	HSP90AB1	9606.ENSP00000387699	9606.ENSP00000360609	0	0	0	0	0.056	0	0	0.419	0.428
CREB1	NCOA3	9606.ENSP00000387699	9606.ENSP00000361066	0	0	0	0	0.123	0	0	0.619	0.651
CREB1	MMP9	9606.ENSP00000387699	9606.ENSP00000361405	0	0	0	0	0.087	0	0	0.506	0.529
CREB1	SRC	9606.ENSP00000387699	9606.ENSP00000362680	0	0	0	0	0.059	0	0	0.621	0.628
CREB1	ITPR3	9606.ENSP00000387699	9606.ENSP00000363435	0	0	0	0	0.042	0	0	0.433	0.433
CREB1	GABBR1	9606.ENSP00000387699	9606.ENSP00000366233	0	0	0	0	0	0	0	0.413	0.413
CREB1	PRKACG	9606.ENSP00000387699	9606.ENSP00000366488	0	0	0	0	0	0	0.900	0.944	0.994
CREB1	ITPR2	9606.ENSP00000387699	9606.ENSP00000370744	0	0	0	0	0.047	0	0	0.518	0.521
CREB1	GRB2	9606.ENSP00000387699	9606.ENSP00000376345	0	0	0	0	0.060	0	0	0.419	0.431
CREB1	GPER1	9606.ENSP00000387699	9606.ENSP00000380281	0	0	0	0	0	0	0	0.521	0.521
CREB1	POMC	9606.ENSP00000387699	9606.ENSP00000384092	0	0	0	0	0	0	0	0.647	0.647
CREB1	SOS1	9606.ENSP00000387699	9606.ENSP00000384675	0	0	0	0	0.152	0	0	0.324	0.402
CREB1	NCOA1	9606.ENSP00000387699	9606.ENSP00000385216	0	0	0	0	0.105	0	0	0.443	0.480
CREB1	NCOA2	9606.ENSP00000387699	9606.ENSP00000399968	0	0	0	0	0.190	0	0	0.326	0.431
CREB1	RAF1	9606.ENSP00000387699	9606.ENSP00000401888	0	0	0	0	0.101	0	0	0.419	0.455
CREB1	SHC1	9606.ENSP00000387699	9606.ENSP00000401303	0	0	0	0	0.047	0	0	0.455	0.458
CREB1	OPRM1	9606.ENSP00000387699	9606.ENSP00000394624	0	0	0	0	0	0.045	0	0.475	0.477
CREB1	PIK3R1	9606.ENSP00000387699	9606.ENSP00000428056	0	0	0	0	0.095	0	0	0.532	0.558
CREB1	ESR1	9606.ENSP00000387699	9606.ENSP00000405330	0	0	0	0	0.056	0.046	0	0.751	0.757
CREB1	CREB3L1	9606.ENSP00000387699	9606.ENSP00000481956	0	0	0	0.590	0	0.101	0.900	0.366	0.938
CREB3	CREB3L3	9606.ENSP00000342136	9606.ENSP00000078445	0	0	0.079	0.763	0	0.513	0.900	0.185	0.958
CREB3	MAPK1	9606.ENSP00000342136	9606.ENSP00000215832	0	0	0	0	0.058	0	0.900	0.200	0.918
CREB3	MAPK3	9606.ENSP00000342136	9606.ENSP00000263025	0	0	0	0	0.071	0	0.900	0.164	0.915
CREB3	CREB3L4	9606.ENSP00000342136	9606.ENSP00000271889	0	0	0.112	0.765	0	0.551	0.900	0.136	0.960
CREB3	FOS	9606.ENSP00000342136	9606.ENSP00000306245	0	0	0	0	0	0	0	0.421	0.421
CREB3	PRKACA	9606.ENSP00000342136	9606.ENSP00000309591	0	0	0	0	0.044	0	0.650	0.181	0.702
CREB3	CREB3L2	9606.ENSP00000342136	9606.ENSP00000329140	0	0	0	0.691	0	0.541	0.900	0.294	0.964
CREB3	PRKACG	9606.ENSP00000342136	9606.ENSP00000366488	0	0	0	0	0	0	0.650	0.167	0.695
CREB3	PRKACB	9606.ENSP00000342136	9606.ENSP00000359719	0	0	0	0	0	0	0.650	0.182	0.701
CREB3	JUN	9606.ENSP00000342136	9606.ENSP00000360266	0	0	0	0	0	0.140	0	0.738	0.765
CREB3	CREB5	9606.ENSP00000342136	9606.ENSP00000350359	0	0	0	0	0	0	0.900	0.353	0.932
CREB3	CREB3L1	9606.ENSP00000342136	9606.ENSP00000481956	0	0	0	0.683	0.043	0.321	0.900	0.284	0.947
CREB3L1	CREB3L3	9606.ENSP00000481956	9606.ENSP00000078445	0	0	0	0.663	0	0.345	0.900	0.309	0.950
CREB3L1	MAPK1	9606.ENSP00000481956	9606.ENSP00000215832	0	0	0	0	0	0	0.900	0.048	0.900
CREB3L1	MAPK3	9606.ENSP00000481956	9606.ENSP00000263025	0	0	0	0	0.047	0	0.900	0.088	0.905
CREB3L1	CREB3L4	9606.ENSP00000481956	9606.ENSP00000271889	0	0	0	0.690	0.044	0	0.900	0.315	0.928
CREB3L1	GNAQ	9606.ENSP00000481956	9606.ENSP00000286548	0	0	0	0	0	0	0	0.405	0.405
CREB3L1	ITPR1	9606.ENSP00000481956	9606.ENSP00000306253	0	0	0	0	0	0.045	0	0.460	0.463
CREB3L1	PRKACA	9606.ENSP00000481956	9606.ENSP00000309591	0	0	0	0	0.048	0	0.650	0.094	0.671
CREB3L1	GNAI2	9606.ENSP00000481956	9606.ENSP00000312999	0	0	0	0	0.044	0	0	0.414	0.415
CREB3L1	CREB3L2	9606.ENSP00000481956	9606.ENSP00000329140	0	0	0	0.872	0.049	0.514	0.900	0.158	0.955
CREB3L1	CREB5	9606.ENSP00000481956	9606.ENSP00000350359	0	0	0	0	0	0	0.900	0.226	0.919
CREB3L1	PRKACB	9606.ENSP00000481956	9606.ENSP00000359719	0	0	0	0	0.042	0	0.650	0.112	0.676
CREB3L1	HSPA1L	9606.ENSP00000481956	9606.ENSP00000364805	0	0	0	0	0	0	0	0.407	0.407
CREB3L1	PRKACG	9606.ENSP00000481956	9606.ENSP00000366488	0	0	0	0	0	0	0.650	0.085	0.666
CREB3L1	ITPR2	9606.ENSP00000481956	9606.ENSP00000370744	0	0	0	0	0	0.045	0	0.430	0.432
CREB3L2	CREB3L3	9606.ENSP00000329140	9606.ENSP00000078445	0	0	0	0.676	0	0.199	0.900	0.318	0.940
CREB3L2	MAPK1	9606.ENSP00000329140	9606.ENSP00000215832	0	0	0	0	0	0	0.900	0.074	0.903
CREB3L2	MAPK3	9606.ENSP00000329140	9606.ENSP00000263025	0	0	0	0	0	0	0.900	0.083	0.904
CREB3L2	CREB3L4	9606.ENSP00000329140	9606.ENSP00000271889	0	0	0	0.696	0	0	0.900	0.296	0.926
CREB3L2	PRKACA	9606.ENSP00000329140	9606.ENSP00000309591	0	0	0	0	0	0	0.650	0.074	0.662
CREB3L2	PRKACG	9606.ENSP00000329140	9606.ENSP00000366488	0	0	0	0	0	0	0.650	0.085	0.666
CREB3L2	PRKACB	9606.ENSP00000329140	9606.ENSP00000359719	0	0	0	0	0	0	0.650	0.128	0.681
CREB3L2	CREB5	9606.ENSP00000329140	9606.ENSP00000350359	0	0	0	0	0	0	0.900	0.254	0.922
CREB3L3	PRKACG	9606.ENSP00000078445	9606.ENSP00000366488	0	0	0	0	0	0	0.650	0.146	0.688
CREB3L3	PRKACA	9606.ENSP00000078445	9606.ENSP00000309591	0	0	0	0	0.044	0	0.650	0.147	0.689
CREB3L3	PRKACB	9606.ENSP00000078445	9606.ENSP00000359719	0	0	0	0	0	0.140	0.650	0.181	0.732
CREB3L3	MAPK1	9606.ENSP00000078445	9606.ENSP00000215832	0	0	0	0	0.058	0	0.900	0.101	0.907
CREB3L3	MAPK3	9606.ENSP00000078445	9606.ENSP00000263025	0	0	0	0	0.058	0	0.900	0.171	0.915
CREB3L3	CREB5	9606.ENSP00000078445	9606.ENSP00000350359	0	0	0	0	0	0	0.900	0.218	0.918
CREB3L3	CREB3L4	9606.ENSP00000078445	9606.ENSP00000271889	0	0	0	0.808	0	0.206	0.900	0.200	0.930
CREB3L4	MAPK1	9606.ENSP00000271889	9606.ENSP00000215832	0	0	0	0	0	0	0.900	0.131	0.909
CREB3L4	MAPK3	9606.ENSP00000271889	9606.ENSP00000263025	0	0	0	0	0.049	0	0.900	0.097	0.906
CREB3L4	JUN	9606.ENSP00000271889	9606.ENSP00000360266	0	0	0	0	0	0	0	0.475	0.475
CREB3L4	PRKACG	9606.ENSP00000271889	9606.ENSP00000366488	0	0	0	0	0	0	0.650	0.132	0.683
CREB3L4	PRKACA	9606.ENSP00000271889	9606.ENSP00000309591	0	0	0	0	0	0	0.650	0.138	0.685
CREB3L4	PRKACB	9606.ENSP00000271889	9606.ENSP00000359719	0	0	0	0	0	0	0.650	0.167	0.695
CREB3L4	CREB5	9606.ENSP00000271889	9606.ENSP00000350359	0	0	0	0	0	0	0.900	0.435	0.941
CREB5	MAPK1	9606.ENSP00000350359	9606.ENSP00000215832	0	0	0	0	0.049	0.318	0.900	0.265	0.946
CREB5	MAPK3	9606.ENSP00000350359	9606.ENSP00000263025	0	0	0	0	0	0.318	0.900	0.189	0.939
CREB5	FOS	9606.ENSP00000350359	9606.ENSP00000306245	0	0	0	0	0.047	0.842	0	0.302	0.886
CREB5	PRKACA	9606.ENSP00000350359	9606.ENSP00000309591	0	0	0	0	0.043	0.094	0.650	0.180	0.718
CREB5	PRKACG	9606.ENSP00000350359	9606.ENSP00000366488	0	0	0	0	0	0.094	0.650	0.174	0.715
CREB5	PRKACB	9606.ENSP00000350359	9606.ENSP00000359719	0	0	0	0	0	0.094	0.650	0.203	0.725
CREB5	JUN	9606.ENSP00000350359	9606.ENSP00000360266	0	0	0	0.577	0.060	0.907	0	0.694	0.971
CTSD	MMP2	9606.ENSP00000236671	9606.ENSP00000219070	0	0	0	0	0.049	0	0	0.458	0.463
CTSD	ESR2	9606.ENSP00000236671	9606.ENSP00000343925	0	0	0	0	0.055	0	0	0.401	0.410
CTSD	HSP90AA1	9606.ENSP00000236671	9606.ENSP00000335153	0	0	0	0	0.054	0.054	0	0.402	0.419
CTSD	RARA	9606.ENSP00000236671	9606.ENSP00000254066	0	0	0	0	0.084	0	0	0.417	0.443
CTSD	TFF1	9606.ENSP00000236671	9606.ENSP00000291527	0	0	0	0	0.050	0	0	0.447	0.452
CTSD	EGFR	9606.ENSP00000236671	9606.ENSP00000275493	0	0	0	0	0.042	0.100	0	0.433	0.468
CTSD	HSP90B1	9606.ENSP00000236671	9606.ENSP00000299767	0	0	0	0	0.087	0.226	0	0.309	0.470
CTSD	HSPA8	9606.ENSP00000236671	9606.ENSP00000437125	0	0	0	0	0.051	0.072	0	0.470	0.493
CTSD	MMP9	9606.ENSP00000236671	9606.ENSP00000361405	0	0	0	0	0.116	0	0	0.483	0.523
CTSD	NCOA2	9606.ENSP00000236671	9606.ENSP00000399968	0	0	0	0	0.042	0	0.500	0.108	0.535
CTSD	NCOA1	9606.ENSP00000236671	9606.ENSP00000385216	0	0	0	0	0.044	0	0.500	0.112	0.538
CTSD	PGR	9606.ENSP00000236671	9606.ENSP00000325120	0	0	0	0	0	0	0	0.548	0.548
CTSD	SP1	9606.ENSP00000236671	9606.ENSP00000329357	0	0	0	0	0.054	0.061	0.500	0.107	0.551
CTSD	NCOA3	9606.ENSP00000236671	9606.ENSP00000361066	0	0	0	0	0.042	0	0.500	0.211	0.589
CTSD	HSP90AB1	9606.ENSP00000236671	9606.ENSP00000360609	0	0	0	0	0.056	0.054	0	0.606	0.618
CTSD	ESR1	9606.ENSP00000236671	9606.ENSP00000405330	0	0	0	0	0.055	0	0.500	0.597	0.793
EBAG9	PGR	9606.ENSP00000337675	9606.ENSP00000325120	0	0	0	0	0	0	0	0.425	0.424
EBAG9	ESR1	9606.ENSP00000337675	9606.ENSP00000405330	0	0	0	0	0	0	0.750	0.884	0.969
EGFR	KRT14	9606.ENSP00000275493	9606.ENSP00000167586	0	0	0	0	0.072	0.243	0	0.602	0.696
EGFR	KRT20	9606.ENSP00000275493	9606.ENSP00000167588	0	0	0	0	0	0.066	0	0.580	0.590
EGFR	MAPK1	9606.ENSP00000275493	9606.ENSP00000215832	0	0	0	0.579	0.047	0.042	0	0.609	0.612
EGFR	SOS2	9606.ENSP00000275493	9606.ENSP00000216373	0	0	0	0	0.044	0.857	0.900	0.902	0.998
EGFR	MMP2	9606.ENSP00000275493	9606.ENSP00000219070	0	0	0	0	0.099	0	0	0.674	0.693
EGFR	PIK3R2	9606.ENSP00000275493	9606.ENSP00000222254	0	0	0	0	0.044	0.848	0.900	0.623	0.993
EGFR	HBEGF	9606.ENSP00000275493	9606.ENSP00000230990	0	0	0	0	0	0.812	0.900	0.998	0.999
EGFR	RARA	9606.ENSP00000275493	9606.ENSP00000254066	0	0	0	0	0	0.092	0	0.410	0.441
EGFR	KRAS	9606.ENSP00000275493	9606.ENSP00000256078	0	0	0	0	0.053	0.662	0.900	0.918	0.997
EGFR	PLCB2	9606.ENSP00000275493	9606.ENSP00000260402	0	0	0	0	0	0	0.650	0.153	0.691
EGFR	PIK3R3	9606.ENSP00000275493	9606.ENSP00000262741	0	0	0	0	0	0.810	0.900	0.554	0.990
EGFR	MAP2K2	9606.ENSP00000275493	9606.ENSP00000262948	0	0	0	0.593	0.042	0.181	0	0.520	0.591
EGFR	MAPK3	9606.ENSP00000275493	9606.ENSP00000263025	0	0	0	0.582	0.042	0.230	0	0.411	0.528
EGFR	PIK3CA	9606.ENSP00000275493	9606.ENSP00000263967	0	0	0	0	0	0.790	0.900	0.976	0.999
EGFR	SHC2	9606.ENSP00000275493	9606.ENSP00000264554	0	0	0	0	0.074	0.753	0.900	0.529	0.987
EGFR	FKBP5	9606.ENSP00000275493	9606.ENSP00000444810	0	0	0	0	0.044	0.224	0	0.265	0.407
EGFR	PRKACB	9606.ENSP00000275493	9606.ENSP00000359719	0	0	0	0.580	0	0	0	0.426	0.426
EGFR	PRKACG	9606.ENSP00000275493	9606.ENSP00000366488	0	0	0	0.596	0	0	0	0.427	0.427
EGFR	KCNJ3	9606.ENSP00000275493	9606.ENSP00000295101	0	0	0	0	0	0	0	0.439	0.439
EGFR	PRKCD	9606.ENSP00000275493	9606.ENSP00000331602	0	0	0	0.558	0.042	0	0	0.440	0.441
EGFR	SP1	9606.ENSP00000275493	9606.ENSP00000329357	0	0	0	0	0.044	0.045	0	0.451	0.455
EGFR	NCOA1	9606.ENSP00000275493	9606.ENSP00000385216	0	0	0	0	0	0	0	0.493	0.493
EGFR	OPRM1	9606.ENSP00000275493	9606.ENSP00000394624	0	0	0	0	0	0.048	0	0.491	0.494
EGFR	GNAQ	9606.ENSP00000275493	9606.ENSP00000286548	0	0	0	0	0.059	0	0	0.540	0.549
EGFR	GNAI3	9606.ENSP00000275493	9606.ENSP00000358867	0	0	0	0	0.042	0.510	0	0.131	0.556
EGFR	MAP2K1	9606.ENSP00000275493	9606.ENSP00000302486	0	0	0	0.597	0.049	0.098	0	0.549	0.579
EGFR	KRT19	9606.ENSP00000275493	9606.ENSP00000355124	0	0	0	0	0.109	0.066	0	0.583	0.622
EGFR	NCOA3	9606.ENSP00000275493	9606.ENSP00000361066	0	0	0	0	0.044	0	0	0.629	0.630
EGFR	PRKACA	9606.ENSP00000275493	9606.ENSP00000309591	0	0	0	0.594	0.042	0.510	0	0.427	0.707
EGFR	PLCB3	9606.ENSP00000275493	9606.ENSP00000443631	0	0	0	0	0.062	0	0.650	0.190	0.711
EGFR	PLCB4	9606.ENSP00000275493	9606.ENSP00000367762	0	0	0	0	0.067	0	0.650	0.197	0.714
EGFR	GNAS	9606.ENSP00000275493	9606.ENSP00000360141	0	0	0	0	0.042	0.369	0	0.571	0.718
EGFR	PLCB1	9606.ENSP00000275493	9606.ENSP00000338185	0	0	0	0	0	0	0.650	0.233	0.720
EGFR	ESR2	9606.ENSP00000275493	9606.ENSP00000343925	0	0	0	0	0	0.329	0	0.650	0.755
EGFR	HSP90B1	9606.ENSP00000275493	9606.ENSP00000299767	0	0	0	0	0.042	0.635	0	0.385	0.766
EGFR	KRT17	9606.ENSP00000275493	9606.ENSP00000308452	0	0	0	0	0.086	0.243	0	0.698	0.772
EGFR	MMP9	9606.ENSP00000275493	9606.ENSP00000361405	0	0	0	0	0.055	0	0	0.825	0.827
EGFR	PGR	9606.ENSP00000275493	9606.ENSP00000325120	0	0	0	0	0	0.092	0	0.820	0.830
EGFR	KRT18	9606.ENSP00000275493	9606.ENSP00000373489	0	0	0	0	0.097	0.341	0	0.754	0.840
EGFR	GPER1	9606.ENSP00000275493	9606.ENSP00000380281	0	0	0	0	0.060	0	0	0.840	0.843
EGFR	RAF1	9606.ENSP00000275493	9606.ENSP00000401888	0	0	0	0.575	0.042	0.645	0	0.590	0.848
EGFR	JUN	9606.ENSP00000275493	9606.ENSP00000360266	0	0	0	0	0.059	0.250	0	0.832	0.871
EGFR	HSPA1B	9606.ENSP00000275493	9606.ENSP00000364801	0	0	0	0	0.054	0.833	0	0.555	0.923
EGFR	HSPA8	9606.ENSP00000275493	9606.ENSP00000437125	0	0	0	0	0.061	0.832	0	0.608	0.932
EGFR	FOS	9606.ENSP00000275493	9606.ENSP00000306245	0	0	0	0	0.086	0.591	0.400	0.765	0.940
EGFR	PIK3CD	9606.ENSP00000275493	9606.ENSP00000366563	0	0	0	0	0.042	0	0.900	0.443	0.942
EGFR	ESR1	9606.ENSP00000275493	9606.ENSP00000405330	0	0	0	0	0	0.583	0	0.974	0.988
EGFR	SHC3	9606.ENSP00000275493	9606.ENSP00000364995	0	0	0	0	0.086	0.849	0.900	0.282	0.988
EGFR	SHC4	9606.ENSP00000275493	9606.ENSP00000329668	0	0	0	0	0	0.857	0.900	0.251	0.988
EGFR	NRAS	9606.ENSP00000275493	9606.ENSP00000358548	0	0	0	0	0.053	0.249	0.900	0.899	0.991
EGFR	PIK3CB	9606.ENSP00000275493	9606.ENSP00000501150	0	0	0	0	0	0.622	0.900	0.842	0.993
EGFR	HRAS	9606.ENSP00000275493	9606.ENSP00000407586	0	0	0	0	0.053	0.315	0.900	0.931	0.994
EGFR	PIK3R1	9606.ENSP00000275493	9606.ENSP00000428056	0	0	0	0	0.042	0.900	0.900	0.901	0.998
EGFR	HSP90AB1	9606.ENSP00000275493	9606.ENSP00000360609	0	0	0	0	0.054	0.837	0	0.993	0.998
EGFR	TGFA	9606.ENSP00000275493	9606.ENSP00000404131	0	0	0	0	0.062	0.983	0.900	0.998	0.999
EGFR	SHC1	9606.ENSP00000275493	9606.ENSP00000401303	0	0	0	0	0.067	0.995	0.900	0.994	0.999
EGFR	SOS1	9606.ENSP00000275493	9606.ENSP00000384675	0	0	0	0	0.044	0.994	0.900	0.942	0.999
EGFR	GRB2	9606.ENSP00000275493	9606.ENSP00000376345	0	0	0	0	0.042	0.996	0.900	0.996	0.999
EGFR	HSP90AA1	9606.ENSP00000275493	9606.ENSP00000335153	0	0	0	0	0.049	0.854	0.500	0.993	0.999
EGFR	SRC	9606.ENSP00000275493	9606.ENSP00000362680	0	0	0	0.665	0.042	0.928	0.900	0.988	0.999
ESR1	FKBP4	9606.ENSP00000405330	9606.ENSP00000001008	0	0	0	0	0.047	0.338	0.500	0.702	0.893
ESR1	KRT14	9606.ENSP00000405330	9606.ENSP00000167586	0	0	0	0	0	0.058	0	0.602	0.609
ESR1	KRT20	9606.ENSP00000405330	9606.ENSP00000167588	0	0	0	0	0	0.058	0	0.620	0.626
ESR1	MAPK1	9606.ENSP00000405330	9606.ENSP00000215832	0	0	0	0	0	0.625	0.900	0.681	0.987
ESR1	SOS2	9606.ENSP00000405330	9606.ENSP00000216373	0	0	0	0	0.050	0.311	0	0.202	0.432
ESR1	MMP2	9606.ENSP00000405330	9606.ENSP00000219070	0	0	0	0	0.042	0	0	0.579	0.580
ESR1	PIK3R2	9606.ENSP00000405330	9606.ENSP00000222254	0	0	0	0	0	0.309	0.400	0.195	0.637
ESR1	HBEGF	9606.ENSP00000405330	9606.ENSP00000230990	0	0	0	0	0	0	0.400	0.419	0.636
ESR1	RARA	9606.ENSP00000405330	9606.ENSP00000254066	0	0	0	0.671	0.062	0.325	0	0.564	0.699
ESR1	KRAS	9606.ENSP00000405330	9606.ENSP00000256078	0	0	0	0	0	0.073	0	0.756	0.764
ESR1	PIK3R3	9606.ENSP00000405330	9606.ENSP00000262741	0	0	0	0	0	0.065	0.400	0.203	0.513
ESR1	MAP2K2	9606.ENSP00000405330	9606.ENSP00000262948	0	0	0	0	0.051	0.057	0	0.517	0.530
ESR1	MAPK3	9606.ENSP00000405330	9606.ENSP00000263025	0	0	0	0	0	0	0.900	0.824	0.981
ESR1	PIK3CA	9606.ENSP00000405330	9606.ENSP00000263967	0	0	0	0	0	0.510	0.400	0.817	0.941
ESR1	GRM1	9606.ENSP00000405330	9606.ENSP00000282753	0	0	0	0	0.042	0	0	0.887	0.887
ESR1	GNAQ	9606.ENSP00000405330	9606.ENSP00000286548	0	0	0	0	0.055	0	0	0.597	0.602
ESR1	TFF1	9606.ENSP00000405330	9606.ENSP00000291527	0	0	0	0	0.072	0.806	0.500	0.788	0.978
ESR1	NOS3	9606.ENSP00000405330	9606.ENSP00000297494	0	0	0	0	0	0.301	0	0.689	0.773
ESR1	HSP90B1	9606.ENSP00000405330	9606.ENSP00000299767	0	0	0	0	0.058	0.231	0	0.305	0.453
ESR1	MAP2K1	9606.ENSP00000405330	9606.ENSP00000302486	0	0	0	0	0.051	0.057	0	0.508	0.521
ESR1	FOS	9606.ENSP00000405330	9606.ENSP00000306245	0	0	0	0	0.044	0.522	0.900	0.994	0.999
ESR1	KRT17	9606.ENSP00000405330	9606.ENSP00000308452	0	0	0	0	0	0.058	0	0.448	0.457
ESR1	PRKACA	9606.ENSP00000405330	9606.ENSP00000309591	0	0	0	0	0	0	0.900	0.581	0.956
ESR1	GNAI2	9606.ENSP00000405330	9606.ENSP00000312999	0	0	0	0	0.067	0.226	0.500	0.200	0.672
ESR1	PGR	9606.ENSP00000405330	9606.ENSP00000325120	0	0	0	0.673	0.240	0.771	0.700	0.560	0.974
ESR1	SP1	9606.ENSP00000405330	9606.ENSP00000329357	0	0	0	0	0	0.892	0.900	0.979	0.999
ESR1	HSP90AA1	9606.ENSP00000405330	9606.ENSP00000335153	0	0	0	0	0.054	0.889	0.500	0.988	0.999
ESR1	ESR2	9606.ENSP00000405330	9606.ENSP00000343925	0	0	0.062	0.923	0.042	0.830	0.900	0.934	0.998
ESR1	KRT19	9606.ENSP00000405330	9606.ENSP00000355124	0	0	0	0	0.047	0.139	0	0.541	0.590
ESR1	NRAS	9606.ENSP00000405330	9606.ENSP00000358548	0	0	0	0	0	0.073	0	0.448	0.466
ESR1	GNAI3	9606.ENSP00000405330	9606.ENSP00000358867	0	0	0	0	0.067	0.226	0.500	0.120	0.639
ESR1	PRKACB	9606.ENSP00000405330	9606.ENSP00000359719	0	0	0	0	0	0	0.900	0.581	0.956
ESR1	JUN	9606.ENSP00000405330	9606.ENSP00000360266	0	0	0	0	0	0.631	0.900	0.995	0.999
ESR1	HSP90AB1	9606.ENSP00000405330	9606.ENSP00000360609	0	0	0	0	0.054	0.319	0.500	0.983	0.993
ESR1	NCOA3	9606.ENSP00000405330	9606.ENSP00000361066	0	0	0	0	0.062	0.976	0.900	0.997	0.999
ESR1	MMP9	9606.ENSP00000405330	9606.ENSP00000361405	0	0	0	0	0.074	0	0	0.763	0.772
ESR1	SRC	9606.ENSP00000405330	9606.ENSP00000362680	0	0	0	0	0	0.925	0.900	0.996	0.999
ESR1	HSPA1B	9606.ENSP00000405330	9606.ENSP00000364801	0	0	0	0	0	0.258	0	0.294	0.454
ESR1	SHC3	9606.ENSP00000405330	9606.ENSP00000364995	0	0	0	0	0.054	0	0	0.395	0.403
ESR1	PRKACG	9606.ENSP00000405330	9606.ENSP00000366488	0	0	0	0	0.047	0	0.900	0.581	0.956
ESR1	KRT18	9606.ENSP00000405330	9606.ENSP00000373489	0	0	0	0	0	0.139	0	0.570	0.614
ESR1	GRB2	9606.ENSP00000405330	9606.ENSP00000376345	0	0	0	0	0.050	0.071	0	0.812	0.819
ESR1	GPER1	9606.ENSP00000405330	9606.ENSP00000380281	0	0	0	0	0.050	0.292	0	0.935	0.953
ESR1	POMC	9606.ENSP00000405330	9606.ENSP00000384092	0	0	0	0	0	0	0	0.692	0.692
ESR1	NCOA1	9606.ENSP00000405330	9606.ENSP00000385216	0	0	0	0	0	0.997	0.800	0.986	0.999
ESR1	OPRM1	9606.ENSP00000405330	9606.ENSP00000394624	0	0	0	0	0.049	0	0	0.615	0.618
ESR1	NCOA2	9606.ENSP00000405330	9606.ENSP00000399968	0	0	0	0	0	0.992	0.800	0.978	0.999
ESR1	SHC1	9606.ENSP00000405330	9606.ENSP00000401303	0	0	0	0	0.054	0.510	0.500	0.962	0.990
ESR1	RAF1	9606.ENSP00000405330	9606.ENSP00000401888	0	0	0	0	0	0.071	0	0.630	0.642
ESR1	TGFA	9606.ENSP00000405330	9606.ENSP00000404131	0	0	0	0	0	0	0.400	0.507	0.691
ESR1	GNAI1	9606.ENSP00000405330	9606.ENSP00000497260	0	0	0	0	0.067	0.226	0.500	0.138	0.647
ESR1	HRAS	9606.ENSP00000405330	9606.ENSP00000407586	0	0	0	0	0	0.073	0	0.705	0.715
ESR1	FKBP5	9606.ENSP00000405330	9606.ENSP00000444810	0	0	0	0	0.047	0.429	0.500	0.621	0.883
ESR1	HSPA8	9606.ENSP00000405330	9606.ENSP00000437125	0	0	0	0	0	0.799	0	0.617	0.919
ESR1	PIK3R1	9606.ENSP00000405330	9606.ENSP00000428056	0	0	0	0	0	0.708	0.400	0.971	0.994
ESR2	FKBP4	9606.ENSP00000343925	9606.ENSP00000001008	0	0	0	0	0.047	0.055	0.500	0.209	0.596
ESR2	MAPK1	9606.ENSP00000343925	9606.ENSP00000215832	0	0	0	0	0	0.292	0.900	0.332	0.948
ESR2	MMP2	9606.ENSP00000343925	9606.ENSP00000219070	0	0	0	0	0	0	0	0.400	0.400
ESR2	PIK3R2	9606.ENSP00000343925	9606.ENSP00000222254	0	0	0	0	0	0.065	0.400	0.074	0.435
ESR2	PIK3R3	9606.ENSP00000343925	9606.ENSP00000262741	0	0	0	0	0	0.065	0.400	0.075	0.436
ESR2	MAPK3	9606.ENSP00000343925	9606.ENSP00000263025	0	0	0	0	0	0	0.900	0.577	0.955
ESR2	PIK3CA	9606.ENSP00000343925	9606.ENSP00000263967	0	0	0	0	0	0	0.400	0.322	0.575
ESR2	GRM1	9606.ENSP00000343925	9606.ENSP00000282753	0	0	0	0	0.043	0	0	0.552	0.552
ESR2	TFF1	9606.ENSP00000343925	9606.ENSP00000291527	0	0	0	0	0	0.073	0	0.410	0.429
ESR2	NOS3	9606.ENSP00000343925	9606.ENSP00000297494	0	0	0	0	0.067	0.049	0	0.678	0.689
ESR2	FOS	9606.ENSP00000343925	9606.ENSP00000306245	0	0	0	0	0	0.095	0.900	0.611	0.961
ESR2	PRKACA	9606.ENSP00000343925	9606.ENSP00000309591	0	0	0	0	0	0	0.900	0.457	0.943
ESR2	GNAI2	9606.ENSP00000343925	9606.ENSP00000312999	0	0	0	0	0.099	0	0.500	0.066	0.542
ESR2	PGR	9606.ENSP00000343925	9606.ENSP00000325120	0	0	0	0.683	0.042	0.051	0	0.464	0.471
ESR2	SP1	9606.ENSP00000343925	9606.ENSP00000329357	0	0	0	0	0	0.523	0.900	0.786	0.988
ESR2	HSP90AA1	9606.ENSP00000343925	9606.ENSP00000335153	0	0	0	0	0.054	0.379	0.500	0.653	0.884
ESR2	MMP9	9606.ENSP00000343925	9606.ENSP00000361405	0	0	0	0	0.074	0	0	0.495	0.512
ESR2	GNAI1	9606.ENSP00000343925	9606.ENSP00000497260	0	0	0	0	0.067	0	0.500	0.066	0.526
ESR2	GNAI3	9606.ENSP00000343925	9606.ENSP00000358867	0	0	0	0	0.067	0	0.500	0.066	0.526
ESR2	PIK3R1	9606.ENSP00000343925	9606.ENSP00000428056	0	0	0	0	0	0.065	0.400	0.229	0.530
ESR2	KRT18	9606.ENSP00000343925	9606.ENSP00000373489	0	0	0	0	0	0.058	0	0.524	0.532
ESR2	POMC	9606.ENSP00000343925	9606.ENSP00000384092	0	0	0	0	0.050	0	0	0.578	0.582
ESR2	SHC1	9606.ENSP00000343925	9606.ENSP00000401303	0	0	0	0	0.054	0	0	0.608	0.613
ESR2	FKBP5	9606.ENSP00000343925	9606.ENSP00000444810	0	0	0	0	0.047	0.055	0.500	0.256	0.620
ESR2	HSP90AB1	9606.ENSP00000343925	9606.ENSP00000360609	0	0	0	0	0.054	0.159	0.500	0.627	0.832
ESR2	PRKACG	9606.ENSP00000343925	9606.ENSP00000366488	0	0	0	0	0.042	0	0.900	0.457	0.943
ESR2	GPER1	9606.ENSP00000343925	9606.ENSP00000380281	0	0	0	0	0.044	0	0	0.943	0.943
ESR2	PRKACB	9606.ENSP00000343925	9606.ENSP00000359719	0	0	0	0	0	0	0.900	0.457	0.943
ESR2	JUN	9606.ENSP00000343925	9606.ENSP00000360266	0	0	0	0	0	0.057	0.900	0.686	0.967
ESR2	NCOA2	9606.ENSP00000343925	9606.ENSP00000399968	0	0	0	0	0	0.779	0.800	0.872	0.993
ESR2	SRC	9606.ENSP00000343925	9606.ENSP00000362680	0	0	0	0	0	0.629	0.900	0.889	0.995
ESR2	NCOA3	9606.ENSP00000343925	9606.ENSP00000361066	0	0	0	0	0.049	0.850	0.900	0.816	0.997
ESR2	NCOA1	9606.ENSP00000343925	9606.ENSP00000385216	0	0	0	0	0	0.984	0.800	0.946	0.999
FKBP4	MAPK1	9606.ENSP00000001008	9606.ENSP00000215832	0	0	0	0	0.049	0.047	0.400	0.120	0.457
FKBP4	HSP90B1	9606.ENSP00000001008	9606.ENSP00000299767	0	0	0	0	0.089	0.125	0	0.380	0.463
FKBP4	MAPK3	9606.ENSP00000001008	9606.ENSP00000263025	0	0	0	0	0.058	0.047	0.400	0.162	0.488
FKBP4	SRC	9606.ENSP00000001008	9606.ENSP00000362680	0	0	0	0	0.060	0.045	0	0.531	0.543
FKBP4	HSPA1L	9606.ENSP00000001008	9606.ENSP00000364805	0	0	0	0	0.110	0.093	0.500	0.139	0.606
FKBP4	HSPA2	9606.ENSP00000001008	9606.ENSP00000378199	0	0	0	0	0.112	0.093	0.500	0.448	0.748
FKBP4	HSPA1B	9606.ENSP00000001008	9606.ENSP00000364801	0	0	0	0	0.205	0.093	0.500	0.525	0.806
FKBP4	HSPA8	9606.ENSP00000001008	9606.ENSP00000437125	0	0	0	0	0.174	0.093	0.500	0.863	0.942
FKBP4	FKBP5	9606.ENSP00000001008	9606.ENSP00000444810	0	0	0.063	0.955	0.049	0	0.900	0.730	0.972
FKBP4	PGR	9606.ENSP00000001008	9606.ENSP00000325120	0	0	0	0	0.047	0.102	0.800	0.885	0.977
FKBP4	HSP90AB1	9606.ENSP00000001008	9606.ENSP00000360609	0	0	0	0	0.333	0.656	0.500	0.998	0.999
FKBP4	HSP90AA1	9606.ENSP00000001008	9606.ENSP00000335153	0	0	0	0	0.332	0.869	0.500	0.998	0.999
FKBP5	MAPK1	9606.ENSP00000444810	9606.ENSP00000215832	0	0	0	0	0.060	0.061	0.400	0.149	0.489
FKBP5	MAPK3	9606.ENSP00000444810	9606.ENSP00000263025	0	0	0	0	0.049	0.178	0.400	0.207	0.579
FKBP5	FOS	9606.ENSP00000444810	9606.ENSP00000306245	0	0	0	0	0.098	0.071	0	0.583	0.620
FKBP5	PRKACA	9606.ENSP00000444810	9606.ENSP00000309591	0	0	0	0	0.042	0.314	0	0.184	0.417
FKBP5	PGR	9606.ENSP00000444810	9606.ENSP00000325120	0	0	0	0	0.048	0.570	0.500	0.903	0.977
FKBP5	HSP90AA1	9606.ENSP00000444810	9606.ENSP00000335153	0	0	0	0	0.190	0.988	0.500	0.996	0.999
FKBP5	HSP90AB1	9606.ENSP00000444810	9606.ENSP00000360609	0	0	0	0	0.192	0.798	0.500	0.994	0.999
FKBP5	SRC	9606.ENSP00000444810	9606.ENSP00000362680	0	0	0	0	0.087	0.045	0	0.517	0.542
FKBP5	HSPA1B	9606.ENSP00000444810	9606.ENSP00000364801	0	0	0	0	0.105	0.093	0.500	0.327	0.690
FKBP5	HSPA1L	9606.ENSP00000444810	9606.ENSP00000364805	0	0	0	0	0.105	0.227	0.500	0.239	0.701
FKBP5	HSPA2	9606.ENSP00000444810	9606.ENSP00000378199	0	0	0	0	0.110	0.093	0.500	0.144	0.608
FKBP5	POMC	9606.ENSP00000444810	9606.ENSP00000384092	0	0	0	0	0	0	0	0.573	0.573
FKBP5	HSPA8	9606.ENSP00000444810	9606.ENSP00000437125	0	0	0	0	0.110	0.231	0.500	0.668	0.871
FOS	MAPK1	9606.ENSP00000306245	9606.ENSP00000215832	0	0	0	0	0.055	0.450	0.900	0.864	0.992
FOS	MMP2	9606.ENSP00000306245	9606.ENSP00000219070	0	0	0	0	0	0	0	0.681	0.681
FOS	HBEGF	9606.ENSP00000306245	9606.ENSP00000230990	0	0	0	0	0.180	0	0.400	0.430	0.695
FOS	RARA	9606.ENSP00000306245	9606.ENSP00000254066	0	0	0	0	0.049	0.310	0	0.814	0.868
FOS	KRAS	9606.ENSP00000306245	9606.ENSP00000256078	0	0	0	0	0.056	0.097	0	0.515	0.550
FOS	MAPK3	9606.ENSP00000306245	9606.ENSP00000263025	0	0	0	0	0.055	0.450	0.900	0.907	0.994
FOS	PIK3CA	9606.ENSP00000306245	9606.ENSP00000263967	0	0	0	0	0	0.124	0	0.589	0.625
FOS	TFF1	9606.ENSP00000306245	9606.ENSP00000291527	0	0	0	0	0	0.221	0	0.278	0.413
FOS	NOS3	9606.ENSP00000306245	9606.ENSP00000297494	0	0	0	0	0.086	0.067	0	0.387	0.432
FOS	HSP90B1	9606.ENSP00000306245	9606.ENSP00000299767	0	0	0	0	0.055	0.082	0	0.369	0.405
FOS	MAP2K1	9606.ENSP00000306245	9606.ENSP00000302486	0	0	0	0	0.048	0.095	0	0.629	0.652
FOS	HSP90AB1	9606.ENSP00000306245	9606.ENSP00000360609	0	0	0	0	0.056	0.051	0	0.431	0.446
FOS	NRAS	9606.ENSP00000306245	9606.ENSP00000358548	0	0	0	0	0.056	0.097	0	0.440	0.481
FOS	PIK3CD	9606.ENSP00000306245	9606.ENSP00000366563	0	0	0	0	0.043	0	0	0.511	0.512
FOS	SHC1	9606.ENSP00000306245	9606.ENSP00000401303	0	0	0	0	0.057	0	0	0.505	0.513
FOS	GRB2	9606.ENSP00000306245	9606.ENSP00000376345	0	0	0	0	0.055	0	0	0.507	0.514
FOS	GPER1	9606.ENSP00000306245	9606.ENSP00000380281	0	0	0	0	0	0	0	0.516	0.516
FOS	NCOA2	9606.ENSP00000306245	9606.ENSP00000399968	0	0	0	0	0	0.327	0	0.312	0.517
FOS	RAF1	9606.ENSP00000306245	9606.ENSP00000401888	0	0	0	0	0	0.096	0	0.487	0.517
FOS	KRT19	9606.ENSP00000306245	9606.ENSP00000355124	0	0	0	0	0.042	0.091	0	0.499	0.525
FOS	PIK3CB	9606.ENSP00000306245	9606.ENSP00000501150	0	0	0	0	0	0	0	0.525	0.525
FOS	HSPA1B	9606.ENSP00000306245	9606.ENSP00000364801	0	0	0	0	0.132	0.115	0	0.438	0.532
FOS	OPRM1	9606.ENSP00000306245	9606.ENSP00000394624	0	0	0	0	0.086	0	0	0.543	0.564
FOS	HSPA8	9606.ENSP00000306245	9606.ENSP00000437125	0	0	0	0	0.059	0.085	0	0.555	0.584
FOS	HSP90AA1	9606.ENSP00000306245	9606.ENSP00000335153	0	0	0	0	0.058	0.051	0	0.592	0.604
FOS	PIK3R1	9606.ENSP00000306245	9606.ENSP00000428056	0	0	0	0	0.047	0.122	0	0.609	0.644
FOS	PGR	9606.ENSP00000306245	9606.ENSP00000325120	0	0	0	0	0.042	0.066	0	0.650	0.659
FOS	TGFA	9606.ENSP00000306245	9606.ENSP00000404131	0	0	0	0	0	0	0.400	0.474	0.670
FOS	MMP9	9606.ENSP00000306245	9606.ENSP00000361405	0	0	0	0	0.058	0	0	0.688	0.694
FOS	HRAS	9606.ENSP00000306245	9606.ENSP00000407586	0	0	0	0	0.056	0.097	0	0.744	0.763
FOS	POMC	9606.ENSP00000306245	9606.ENSP00000384092	0	0	0	0	0	0	0	0.840	0.840
FOS	SP1	9606.ENSP00000306245	9606.ENSP00000329357	0	0	0	0	0	0.066	0.900	0.453	0.944
FOS	NCOA1	9606.ENSP00000306245	9606.ENSP00000385216	0	0	0	0	0.049	0.643	0.800	0.340	0.949
FOS	PRKACA	9606.ENSP00000306245	9606.ENSP00000309591	0	0	0	0	0	0.086	0.900	0.594	0.959
FOS	PRKACG	9606.ENSP00000306245	9606.ENSP00000366488	0	0	0	0	0	0.086	0.900	0.594	0.959
FOS	PRKACB	9606.ENSP00000306245	9606.ENSP00000359719	0	0	0	0	0	0.086	0.900	0.594	0.959
FOS	NCOA3	9606.ENSP00000306245	9606.ENSP00000361066	0	0	0	0	0	0.327	0.900	0.593	0.970
FOS	SRC	9606.ENSP00000306245	9606.ENSP00000362680	0	0	0	0	0.102	0.096	0.900	0.848	0.986
FOS	JUN	9606.ENSP00000306245	9606.ENSP00000360266	0	0	0	0	0.690	0.999	0.900	0.999	0.999
GABBR1	GABBR2	9606.ENSP00000366233	9606.ENSP00000259455	0	0	0	0.805	0.105	0.992	0.900	0.985	0.999
GABBR1	GRM1	9606.ENSP00000366233	9606.ENSP00000282753	0	0	0	0.549	0.109	0.182	0.720	0.593	0.905
GABBR1	KCNJ3	9606.ENSP00000366233	9606.ENSP00000295101	0	0	0	0	0.063	0.292	0.900	0.388	0.953
GABBR1	ITPR1	9606.ENSP00000366233	9606.ENSP00000306253	0	0	0	0	0.063	0	0	0.474	0.486
GABBR1	GNAI2	9606.ENSP00000366233	9606.ENSP00000312999	0	0	0	0	0.042	0	0.900	0.082	0.904
GABBR1	KCNJ9	9606.ENSP00000366233	9606.ENSP00000357067	0	0	0	0	0.121	0	0.900	0.381	0.940
GABBR1	GNAI3	9606.ENSP00000366233	9606.ENSP00000358867	0	0	0	0	0	0	0.900	0.132	0.909
GABBR1	SRC	9606.ENSP00000366233	9606.ENSP00000362680	0	0	0	0	0	0	0.500	0.197	0.581
GABBR1	PIK3R1	9606.ENSP00000366233	9606.ENSP00000428056	0	0	0	0	0.058	0.165	0	0.347	0.441
GABBR1	KCNJ5	9606.ENSP00000366233	9606.ENSP00000433295	0	0	0	0	0	0	0.900	0.145	0.910
GABBR1	KCNJ6	9606.ENSP00000366233	9606.ENSP00000477437	0	0	0	0	0	0.322	0.900	0.469	0.960
GABBR1	GNAI1	9606.ENSP00000366233	9606.ENSP00000497260	0	0	0	0	0	0.800	0.900	0.087	0.980
GABBR2	ITPR1	9606.ENSP00000259455	9606.ENSP00000306253	0	0	0	0	0	0	0	0.432	0.432
GABBR2	ITPR2	9606.ENSP00000259455	9606.ENSP00000370744	0	0	0	0	0	0	0	0.445	0.445
GABBR2	GNAQ	9606.ENSP00000259455	9606.ENSP00000286548	0	0	0	0	0	0	0	0.506	0.506
GABBR2	SRC	9606.ENSP00000259455	9606.ENSP00000362680	0	0	0	0	0	0	0.500	0.119	0.540
GABBR2	GRM1	9606.ENSP00000259455	9606.ENSP00000282753	0	0	0	0.550	0.122	0.135	0.720	0.282	0.827
GABBR2	KCNJ5	9606.ENSP00000259455	9606.ENSP00000433295	0	0	0	0	0	0	0.900	0.150	0.911
GABBR2	GNAI2	9606.ENSP00000259455	9606.ENSP00000312999	0	0	0	0	0	0	0.900	0.327	0.929
GABBR2	GNAI3	9606.ENSP00000259455	9606.ENSP00000358867	0	0	0	0	0	0	0.900	0.393	0.936
GABBR2	KCNJ9	9606.ENSP00000259455	9606.ENSP00000357067	0	0	0	0	0.190	0	0.900	0.388	0.946
GABBR2	KCNJ3	9606.ENSP00000259455	9606.ENSP00000295101	0	0	0	0	0.140	0	0.900	0.571	0.959
GABBR2	KCNJ6	9606.ENSP00000259455	9606.ENSP00000477437	0	0	0	0	0.152	0	0.900	0.592	0.962
GABBR2	GNAI1	9606.ENSP00000259455	9606.ENSP00000497260	0	0	0	0	0.058	0.900	0.900	0.295	0.992
GNAI1	MAPK1	9606.ENSP00000497260	9606.ENSP00000215832	0	0	0	0	0.108	0.134	0.900	0.221	0.931
GNAI1	PIK3R2	9606.ENSP00000497260	9606.ENSP00000222254	0	0	0	0	0	0	0.900	0.068	0.902
GNAI1	KRAS	9606.ENSP00000497260	9606.ENSP00000256078	0	0	0	0	0.067	0.129	0.900	0.203	0.926
GNAI1	PLCB2	9606.ENSP00000497260	9606.ENSP00000260402	0	0	0	0	0.091	0.067	0.900	0.238	0.926
GNAI1	PIK3R3	9606.ENSP00000497260	9606.ENSP00000262741	0	0	0	0	0	0	0.900	0.185	0.915
GNAI1	MAPK3	9606.ENSP00000497260	9606.ENSP00000263025	0	0	0	0	0.108	0.134	0.900	0.469	0.953
GNAI1	PIK3CA	9606.ENSP00000497260	9606.ENSP00000263967	0	0	0	0	0.059	0	0.900	0.165	0.914
GNAI1	GRM1	9606.ENSP00000497260	9606.ENSP00000282753	0	0	0	0	0.073	0	0.900	0.081	0.907
GNAI1	GNAQ	9606.ENSP00000497260	9606.ENSP00000286548	0	0	0.065	0.940	0.075	0.081	0.540	0.409	0.744
GNAI1	KCNJ3	9606.ENSP00000497260	9606.ENSP00000295101	0	0	0	0	0	0	0.900	0.063	0.902
GNAI1	NOS3	9606.ENSP00000497260	9606.ENSP00000297494	0	0	0	0	0	0.073	0.900	0.069	0.906
GNAI1	ITPR1	9606.ENSP00000497260	9606.ENSP00000306253	0	0	0	0	0	0	0	0.477	0.477
GNAI1	PRKACA	9606.ENSP00000497260	9606.ENSP00000309591	0	0	0	0	0.055	0.071	0.650	0.251	0.739
GNAI1	GNAI2	9606.ENSP00000497260	9606.ENSP00000312999	0	0	0.049	0.983	0	0.621	0.900	0.397	0.975
GNAI1	PLCB1	9606.ENSP00000497260	9606.ENSP00000338185	0	0	0	0	0.109	0.067	0.900	0.237	0.928
GNAI1	KCNJ9	9606.ENSP00000497260	9606.ENSP00000357067	0	0	0	0	0.067	0	0.900	0.195	0.918
GNAI1	NRAS	9606.ENSP00000497260	9606.ENSP00000358548	0	0	0	0	0.067	0.129	0.900	0.116	0.918
GNAI1	GNAI3	9606.ENSP00000497260	9606.ENSP00000358867	0	0	0.047	0.986	0.047	0.847	0.900	0.053	0.984
GNAI1	PRKACB	9606.ENSP00000497260	9606.ENSP00000359719	0	0	0	0	0.072	0.071	0.650	0.289	0.757
GNAI1	GNAS	9606.ENSP00000497260	9606.ENSP00000360141	0	0	0	0.885	0	0.092	0.540	0.401	0.728
GNAI1	SRC	9606.ENSP00000497260	9606.ENSP00000362680	0	0	0	0	0.049	0.088	0.900	0.151	0.916
GNAI1	PRKACG	9606.ENSP00000497260	9606.ENSP00000366488	0	0	0	0	0.055	0.071	0.650	0.264	0.743
GNAI1	PIK3CD	9606.ENSP00000497260	9606.ENSP00000366563	0	0	0	0	0	0	0.900	0.073	0.903
GNAI1	PLCB4	9606.ENSP00000497260	9606.ENSP00000367762	0	0	0	0	0.127	0.067	0.900	0.306	0.936
GNAI1	ITPR2	9606.ENSP00000497260	9606.ENSP00000370744	0	0	0	0	0	0	0	0.487	0.487
GNAI1	GPER1	9606.ENSP00000497260	9606.ENSP00000380281	0	0	0	0	0	0	0	0.403	0.403
GNAI1	POMC	9606.ENSP00000497260	9606.ENSP00000384092	0	0	0	0	0	0.800	0	0.118	0.816
GNAI1	SOS1	9606.ENSP00000497260	9606.ENSP00000384675	0	0	0	0	0.067	0	0.540	0.098	0.579
GNAI1	OPRM1	9606.ENSP00000497260	9606.ENSP00000394624	0	0	0	0	0	0.908	0.900	0.204	0.992
GNAI1	HRAS	9606.ENSP00000497260	9606.ENSP00000407586	0	0	0	0	0.067	0.129	0.900	0.163	0.923
GNAI1	PIK3R1	9606.ENSP00000497260	9606.ENSP00000428056	0	0	0	0	0.056	0	0.900	0.151	0.912
GNAI1	KCNJ5	9606.ENSP00000497260	9606.ENSP00000433295	0	0	0	0	0	0	0.900	0.083	0.904
GNAI1	PLCB3	9606.ENSP00000497260	9606.ENSP00000443631	0	0	0	0	0.091	0.067	0.900	0.282	0.930
GNAI1	KCNJ6	9606.ENSP00000497260	9606.ENSP00000477437	0	0	0	0	0	0	0.900	0.073	0.903
GNAI1	PIK3CB	9606.ENSP00000497260	9606.ENSP00000501150	0	0	0	0	0	0	0.900	0.445	0.942
GNAI2	MAPK1	9606.ENSP00000312999	9606.ENSP00000215832	0	0	0	0	0.138	0.134	0.900	0.228	0.934
GNAI2	PIK3R2	9606.ENSP00000312999	9606.ENSP00000222254	0	0	0	0	0.044	0	0.900	0.062	0.902
GNAI2	KRAS	9606.ENSP00000312999	9606.ENSP00000256078	0	0	0	0	0.067	0.242	0.900	0.230	0.938
GNAI2	PLCB2	9606.ENSP00000312999	9606.ENSP00000260402	0	0	0	0	0.145	0.067	0.900	0.280	0.934
GNAI2	PIK3R3	9606.ENSP00000312999	9606.ENSP00000262741	0	0	0	0	0	0	0.900	0.068	0.902
GNAI2	MAPK3	9606.ENSP00000312999	9606.ENSP00000263025	0	0	0	0	0.187	0.134	0.900	0.219	0.937
GNAI2	PIK3CA	9606.ENSP00000312999	9606.ENSP00000263967	0	0	0	0	0.042	0	0.900	0.190	0.915
GNAI2	GRM1	9606.ENSP00000312999	9606.ENSP00000282753	0	0	0	0	0.052	0	0.900	0.152	0.912
GNAI2	GNAQ	9606.ENSP00000312999	9606.ENSP00000286548	0	0	0.067	0.936	0.070	0.091	0.540	0.405	0.745
GNAI2	KCNJ3	9606.ENSP00000312999	9606.ENSP00000295101	0	0	0	0	0	0	0.900	0.070	0.903
GNAI2	NOS3	9606.ENSP00000312999	9606.ENSP00000297494	0	0	0	0	0	0.073	0.900	0.069	0.906
GNAI2	ITPR1	9606.ENSP00000312999	9606.ENSP00000306253	0	0	0	0	0.049	0	0	0.446	0.451
GNAI2	PRKACA	9606.ENSP00000312999	9606.ENSP00000309591	0	0	0	0	0.122	0.071	0.650	0.210	0.744
GNAI2	ITPR2	9606.ENSP00000312999	9606.ENSP00000370744	0	0	0	0	0.042	0	0	0.432	0.432
GNAI2	HSP90AB1	9606.ENSP00000312999	9606.ENSP00000360609	0	0	0	0	0.060	0.470	0	0.215	0.575
GNAI2	SOS1	9606.ENSP00000312999	9606.ENSP00000384675	0	0	0	0	0.067	0	0.540	0.118	0.588
GNAI2	GNAS	9606.ENSP00000312999	9606.ENSP00000360141	0	0	0	0.887	0.074	0.081	0.540	0.157	0.626
GNAI2	PRKACG	9606.ENSP00000312999	9606.ENSP00000366488	0	0	0	0	0.055	0.071	0.650	0.222	0.729
GNAI2	PRKACB	9606.ENSP00000312999	9606.ENSP00000359719	0	0	0	0	0.057	0.071	0.650	0.247	0.738
GNAI2	KCNJ6	9606.ENSP00000312999	9606.ENSP00000477437	0	0	0	0	0	0	0.900	0.073	0.903
GNAI2	KCNJ5	9606.ENSP00000312999	9606.ENSP00000433295	0	0	0	0	0	0	0.900	0.110	0.907
GNAI2	PIK3CD	9606.ENSP00000312999	9606.ENSP00000366563	0	0	0	0	0.098	0	0.900	0.088	0.910
GNAI2	PIK3CB	9606.ENSP00000312999	9606.ENSP00000501150	0	0	0	0	0	0	0.900	0.154	0.911
GNAI2	PIK3R1	9606.ENSP00000312999	9606.ENSP00000428056	0	0	0	0	0.047	0	0.900	0.186	0.915
GNAI2	OPRM1	9606.ENSP00000312999	9606.ENSP00000394624	0	0	0	0	0	0.125	0.900	0.129	0.917
GNAI2	KCNJ9	9606.ENSP00000312999	9606.ENSP00000357067	0	0	0	0	0	0	0.900	0.239	0.920
GNAI2	SRC	9606.ENSP00000312999	9606.ENSP00000362680	0	0	0	0	0.063	0.088	0.900	0.174	0.920
GNAI2	HRAS	9606.ENSP00000312999	9606.ENSP00000407586	0	0	0	0	0.069	0.129	0.900	0.156	0.922
GNAI2	PLCB4	9606.ENSP00000312999	9606.ENSP00000367762	0	0	0	0	0.091	0.067	0.900	0.218	0.924
GNAI2	PLCB3	9606.ENSP00000312999	9606.ENSP00000443631	0	0	0	0	0.093	0.067	0.900	0.234	0.926
GNAI2	PLCB1	9606.ENSP00000312999	9606.ENSP00000338185	0	0	0	0	0.091	0.067	0.900	0.231	0.926
GNAI2	NRAS	9606.ENSP00000312999	9606.ENSP00000358548	0	0	0	0	0.072	0.129	0.900	0.210	0.927
GNAI2	GNAI3	9606.ENSP00000312999	9606.ENSP00000358867	0	0	0.049	0.983	0.062	0.844	0.900	0.527	0.992
GNAI3	MAPK1	9606.ENSP00000358867	9606.ENSP00000215832	0	0	0	0	0.148	0.134	0.900	0.214	0.934
GNAI3	PIK3R2	9606.ENSP00000358867	9606.ENSP00000222254	0	0	0	0	0.042	0	0.900	0.047	0.900
GNAI3	KRAS	9606.ENSP00000358867	9606.ENSP00000256078	0	0	0	0	0.086	0.239	0.900	0.189	0.936
GNAI3	PLCB2	9606.ENSP00000358867	9606.ENSP00000260402	0	0	0	0	0.091	0.067	0.900	0.220	0.925
GNAI3	PIK3R3	9606.ENSP00000358867	9606.ENSP00000262741	0	0	0	0	0	0	0.900	0.186	0.915
GNAI3	MAPK3	9606.ENSP00000358867	9606.ENSP00000263025	0	0	0	0	0.110	0.134	0.900	0.188	0.929
GNAI3	PIK3CA	9606.ENSP00000358867	9606.ENSP00000263967	0	0	0	0	0.097	0.140	0.900	0.132	0.923
GNAI3	GRM1	9606.ENSP00000358867	9606.ENSP00000282753	0	0	0	0	0.052	0	0.900	0.066	0.903
GNAI3	GNAQ	9606.ENSP00000358867	9606.ENSP00000286548	0	0	0.066	0.937	0.073	0.081	0.540	0.412	0.745
GNAI3	KCNJ3	9606.ENSP00000358867	9606.ENSP00000295101	0	0	0	0	0	0	0.900	0.160	0.912
GNAI3	NOS3	9606.ENSP00000358867	9606.ENSP00000297494	0	0	0	0	0	0.073	0.900	0.069	0.906
GNAI3	ITPR1	9606.ENSP00000358867	9606.ENSP00000306253	0	0	0	0	0.042	0	0	0.442	0.443
GNAI3	PRKACA	9606.ENSP00000358867	9606.ENSP00000309591	0	0	0	0	0.068	0.071	0.650	0.188	0.721
GNAI3	PLCB1	9606.ENSP00000358867	9606.ENSP00000338185	0	0	0	0	0.091	0.067	0.900	0.263	0.929
GNAI3	KCNJ9	9606.ENSP00000358867	9606.ENSP00000357067	0	0	0	0	0	0	0.900	0.229	0.919
GNAI3	NRAS	9606.ENSP00000358867	9606.ENSP00000358548	0	0	0	0	0.162	0.129	0.900	0.127	0.927
GNAI3	ITPR2	9606.ENSP00000358867	9606.ENSP00000370744	0	0	0	0	0.044	0	0	0.435	0.437
GNAI3	HSP90AB1	9606.ENSP00000358867	9606.ENSP00000360609	0	0	0	0	0.060	0.094	0	0.458	0.498
GNAI3	SOS1	9606.ENSP00000358867	9606.ENSP00000384675	0	0	0	0	0.067	0	0.540	0.162	0.609
GNAI3	GNAS	9606.ENSP00000358867	9606.ENSP00000360141	0	0	0	0.885	0.057	0.092	0.540	0.156	0.623
GNAI3	PRKACG	9606.ENSP00000358867	9606.ENSP00000366488	0	0	0	0	0.055	0.071	0.650	0.190	0.718
GNAI3	PRKACB	9606.ENSP00000358867	9606.ENSP00000359719	0	0	0	0	0.061	0.071	0.650	0.229	0.733
GNAI3	KCNJ5	9606.ENSP00000358867	9606.ENSP00000433295	0	0	0	0	0	0	0.900	0.066	0.902
GNAI3	PIK3CD	9606.ENSP00000358867	9606.ENSP00000366563	0	0	0	0	0.042	0	0.900	0.073	0.903
GNAI3	KCNJ6	9606.ENSP00000358867	9606.ENSP00000477437	0	0	0	0	0	0	0.900	0.073	0.903
GNAI3	PIK3R1	9606.ENSP00000358867	9606.ENSP00000428056	0	0	0	0	0.042	0	0.900	0.142	0.910
GNAI3	SRC	9606.ENSP00000358867	9606.ENSP00000362680	0	0	0	0	0.049	0.088	0.900	0.094	0.911
GNAI3	OPRM1	9606.ENSP00000358867	9606.ENSP00000394624	0	0	0	0	0	0.125	0.900	0.071	0.911
GNAI3	PIK3CB	9606.ENSP00000358867	9606.ENSP00000501150	0	0	0	0	0.049	0	0.900	0.178	0.915
GNAI3	HRAS	9606.ENSP00000358867	9606.ENSP00000407586	0	0	0	0	0.067	0.129	0.900	0.182	0.924
GNAI3	PLCB3	9606.ENSP00000358867	9606.ENSP00000443631	0	0	0	0	0.098	0.067	0.900	0.319	0.935
GNAI3	PLCB4	9606.ENSP00000358867	9606.ENSP00000367762	0	0	0	0	0.091	0.067	0.900	0.514	0.953
GNAQ	PIK3R2	9606.ENSP00000286548	9606.ENSP00000222254	0	0	0	0	0.076	0	0.500	0.181	0.588
GNAQ	RARA	9606.ENSP00000286548	9606.ENSP00000254066	0	0	0	0	0.055	0.294	0	0.693	0.777
GNAQ	KRAS	9606.ENSP00000286548	9606.ENSP00000256078	0	0	0	0	0.062	0	0.900	0.612	0.960
GNAQ	PLCB2	9606.ENSP00000286548	9606.ENSP00000260402	0	0	0	0	0.048	0.314	0.900	0.919	0.994
GNAQ	PIK3R3	9606.ENSP00000286548	9606.ENSP00000262741	0	0	0	0	0.058	0	0.500	0.163	0.571
GNAQ	MAP2K2	9606.ENSP00000286548	9606.ENSP00000262948	0	0	0	0	0.044	0	0	0.410	0.411
GNAQ	MAPK3	9606.ENSP00000286548	9606.ENSP00000263025	0	0	0	0	0.131	0	0	0.580	0.619
GNAQ	PIK3CA	9606.ENSP00000286548	9606.ENSP00000263967	0	0	0	0	0.055	0.292	0.500	0.741	0.901
GNAQ	GRM1	9606.ENSP00000286548	9606.ENSP00000282753	0	0	0	0	0.042	0	0.900	0.985	0.998
GNAQ	RAF1	9606.ENSP00000286548	9606.ENSP00000401888	0	0	0	0	0.100	0	0	0.379	0.418
GNAQ	HSP90AB1	9606.ENSP00000286548	9606.ENSP00000360609	0	0	0	0	0.047	0	0	0.469	0.473
GNAQ	HSP90AA1	9606.ENSP00000286548	9606.ENSP00000335153	0	0	0	0	0.047	0	0	0.470	0.474
GNAQ	MAP2K1	9606.ENSP00000286548	9606.ENSP00000302486	0	0	0	0	0.049	0	0	0.570	0.573
GNAQ	GPER1	9606.ENSP00000286548	9606.ENSP00000380281	0	0	0	0	0	0	0	0.588	0.588
GNAQ	SOS1	9606.ENSP00000286548	9606.ENSP00000384675	0	0	0	0	0.061	0	0.540	0.202	0.625
GNAQ	PRKACG	9606.ENSP00000286548	9606.ENSP00000366488	0	0	0	0	0.052	0	0	0.626	0.630
GNAQ	PRKACB	9606.ENSP00000286548	9606.ENSP00000359719	0	0	0	0	0.072	0	0	0.626	0.638
GNAQ	PRKACA	9606.ENSP00000286548	9606.ENSP00000309591	0	0	0	0	0.072	0	0	0.626	0.638
GNAQ	POMC	9606.ENSP00000286548	9606.ENSP00000384092	0	0	0	0	0	0	0.500	0.376	0.674
GNAQ	GNAS	9606.ENSP00000286548	9606.ENSP00000360141	0	0	0.061	0.873	0.093	0.226	0.540	0.212	0.717
GNAQ	ITPR2	9606.ENSP00000286548	9606.ENSP00000370744	0	0	0	0	0.072	0.098	0.500	0.571	0.796
GNAQ	OPRM1	9606.ENSP00000286548	9606.ENSP00000394624	0	0	0	0	0	0.115	0.500	0.633	0.823
GNAQ	PIK3R1	9606.ENSP00000286548	9606.ENSP00000428056	0	0	0	0	0.072	0.292	0.500	0.608	0.854
GNAQ	SRC	9606.ENSP00000286548	9606.ENSP00000362680	0	0	0	0	0.057	0	0.500	0.728	0.860
GNAQ	ITPR1	9606.ENSP00000286548	9606.ENSP00000306253	0	0	0	0	0.048	0.098	0.500	0.754	0.880
GNAQ	ITPR3	9606.ENSP00000286548	9606.ENSP00000363435	0	0	0	0	0.042	0.098	0.500	0.788	0.896
GNAQ	HRAS	9606.ENSP00000286548	9606.ENSP00000407586	0	0	0	0	0.055	0.166	0.900	0.631	0.967
GNAQ	PLCB4	9606.ENSP00000286548	9606.ENSP00000367762	0	0	0	0	0.042	0.072	0.900	0.736	0.973
GNAQ	NRAS	9606.ENSP00000286548	9606.ENSP00000358548	0	0	0	0	0.057	0	0.900	0.747	0.974
GNAQ	PLCB1	9606.ENSP00000286548	9606.ENSP00000338185	0	0	0	0	0.060	0.555	0.900	0.985	0.999
GNAQ	PLCB3	9606.ENSP00000286548	9606.ENSP00000443631	0	0	0	0	0.047	0.903	0.900	0.990	0.999
GNAS	KRAS	9606.ENSP00000360141	9606.ENSP00000256078	0	0	0	0	0.044	0.142	0	0.767	0.792
GNAS	PIK3CA	9606.ENSP00000360141	9606.ENSP00000263967	0	0	0	0	0.042	0	0	0.697	0.697
GNAS	GRM1	9606.ENSP00000360141	9606.ENSP00000282753	0	0	0	0	0	0	0.900	0.093	0.905
GNAS	MAP2K1	9606.ENSP00000360141	9606.ENSP00000302486	0	0	0	0	0.049	0	0	0.396	0.401
GNAS	PRKACA	9606.ENSP00000360141	9606.ENSP00000309591	0	0	0	0	0.059	0	0.500	0.662	0.827
GNAS	NRAS	9606.ENSP00000360141	9606.ENSP00000358548	0	0	0	0	0.054	0.143	0	0.668	0.707
GNAS	PRKACB	9606.ENSP00000360141	9606.ENSP00000359719	0	0	0	0	0	0	0.500	0.663	0.824
GNAS	SHC1	9606.ENSP00000360141	9606.ENSP00000401303	0	0	0	0	0.042	0	0.500	0.050	0.505
GNAS	SOS1	9606.ENSP00000360141	9606.ENSP00000384675	0	0	0	0	0.047	0.093	0.540	0.159	0.621
GNAS	HRAS	9606.ENSP00000360141	9606.ENSP00000407586	0	0	0	0	0	0	0.540	0.609	0.812
GNAS	PRKACG	9606.ENSP00000360141	9606.ENSP00000366488	0	0	0	0	0	0	0.500	0.643	0.814
GNAS	POMC	9606.ENSP00000360141	9606.ENSP00000384092	0	0	0	0	0	0.507	0.500	0.592	0.890
GNAS	GPER1	9606.ENSP00000360141	9606.ENSP00000380281	0	0	0	0	0	0	0.900	0.227	0.919
GNAS	OPRM1	9606.ENSP00000360141	9606.ENSP00000394624	0	0	0	0	0.083	0.142	0.900	0.111	0.920
GNAS	SRC	9606.ENSP00000360141	9606.ENSP00000362680	0	0	0	0	0.042	0.071	0.900	0.425	0.942
GPER1	MAPK3	9606.ENSP00000380281	9606.ENSP00000263025	0	0	0	0	0.066	0	0	0.573	0.584
GPER1	NOS3	9606.ENSP00000380281	9606.ENSP00000297494	0	0	0	0	0.044	0	0	0.446	0.448
GPER1	PRKACA	9606.ENSP00000380281	9606.ENSP00000309591	0	0	0	0	0.059	0	0	0.553	0.561
GPER1	PGR	9606.ENSP00000380281	9606.ENSP00000325120	0	0	0	0	0.044	0	0	0.716	0.717
GPER1	PRKACB	9606.ENSP00000380281	9606.ENSP00000359719	0	0	0	0	0	0	0	0.552	0.552
GPER1	SRC	9606.ENSP00000380281	9606.ENSP00000362680	0	0	0	0	0	0	0.900	0.507	0.948
GPER1	PRKACG	9606.ENSP00000380281	9606.ENSP00000366488	0	0	0	0	0	0	0	0.552	0.552
GPER1	SHC1	9606.ENSP00000380281	9606.ENSP00000401303	0	0	0	0	0	0	0.500	0.300	0.635
GPER1	POMC	9606.ENSP00000380281	9606.ENSP00000384092	0	0	0	0	0.044	0	0.500	0.419	0.698
GPER1	OPRM1	9606.ENSP00000380281	9606.ENSP00000394624	0	0	0	0.650	0	0	0.500	0.486	0.732
GRB2	MAPK1	9606.ENSP00000376345	9606.ENSP00000215832	0	0	0	0	0.093	0	0.400	0.866	0.920
GRB2	SOS2	9606.ENSP00000376345	9606.ENSP00000216373	0	0	0	0	0.102	0.963	0.900	0.998	0.999
GRB2	MMP2	9606.ENSP00000376345	9606.ENSP00000219070	0	0	0	0	0.086	0	0	0.486	0.511
GRB2	PIK3R2	9606.ENSP00000376345	9606.ENSP00000222254	0	0	0	0.627	0.042	0.605	0.400	0.182	0.789
GRB2	HBEGF	9606.ENSP00000376345	9606.ENSP00000230990	0	0	0	0	0	0	0.400	0.348	0.592
GRB2	KRAS	9606.ENSP00000376345	9606.ENSP00000256078	0	0	0	0	0.093	0.450	0.500	0.758	0.931
GRB2	PIK3R3	9606.ENSP00000376345	9606.ENSP00000262741	0	0	0	0.613	0	0.338	0.400	0.202	0.655
GRB2	MAP2K2	9606.ENSP00000376345	9606.ENSP00000262948	0	0	0	0	0.085	0	0	0.680	0.695
GRB2	MAPK3	9606.ENSP00000376345	9606.ENSP00000263025	0	0	0	0	0.075	0	0.400	0.782	0.868
GRB2	PIK3CA	9606.ENSP00000376345	9606.ENSP00000263967	0	0	0	0	0	0.676	0.400	0.642	0.924
GRB2	SHC2	9606.ENSP00000376345	9606.ENSP00000264554	0	0	0	0.619	0.074	0.334	0.900	0.395	0.957
GRB2	NOS3	9606.ENSP00000376345	9606.ENSP00000297494	0	0	0	0	0	0	0	0.526	0.526
GRB2	MAP2K1	9606.ENSP00000376345	9606.ENSP00000302486	0	0	0	0	0.108	0	0	0.800	0.814
GRB2	ITPR1	9606.ENSP00000376345	9606.ENSP00000306253	0	0	0	0	0.042	0	0.500	0.251	0.610
GRB2	PRKACA	9606.ENSP00000376345	9606.ENSP00000309591	0	0	0	0	0.060	0	0	0.556	0.564
GRB2	SHC4	9606.ENSP00000376345	9606.ENSP00000329668	0	0	0	0	0.074	0.539	0.900	0.341	0.968
GRB2	PRKCD	9606.ENSP00000376345	9606.ENSP00000331602	0	0	0	0	0.129	0.066	0	0.554	0.605
GRB2	HSP90AA1	9606.ENSP00000376345	9606.ENSP00000335153	0	0	0	0	0.078	0.200	0.500	0.606	0.835
GRB2	NRAS	9606.ENSP00000376345	9606.ENSP00000358548	0	0	0	0	0.104	0.209	0.500	0.539	0.815
GRB2	PRKACB	9606.ENSP00000376345	9606.ENSP00000359719	0	0	0	0	0	0	0	0.559	0.559
GRB2	JUN	9606.ENSP00000376345	9606.ENSP00000360266	0	0	0	0	0	0	0	0.586	0.586
GRB2	HSP90AB1	9606.ENSP00000376345	9606.ENSP00000360609	0	0	0	0	0.098	0.224	0	0.551	0.658
GRB2	MMP9	9606.ENSP00000376345	9606.ENSP00000361405	0	0	0	0	0.063	0	0	0.396	0.411
GRB2	SRC	9606.ENSP00000376345	9606.ENSP00000362680	0	0	0	0.737	0.083	0.558	0.900	0.986	0.999
GRB2	ITPR3	9606.ENSP00000376345	9606.ENSP00000363435	0	0	0	0	0.042	0.124	0.500	0.453	0.740
GRB2	HSPA1B	9606.ENSP00000376345	9606.ENSP00000364801	0	0	0	0	0.067	0.336	0	0.127	0.412
GRB2	SHC3	9606.ENSP00000376345	9606.ENSP00000364995	0	0	0	0	0.087	0.129	0.900	0.866	0.987
GRB2	PRKACG	9606.ENSP00000376345	9606.ENSP00000366488	0	0	0	0	0	0	0	0.557	0.557
GRB2	PIK3CD	9606.ENSP00000376345	9606.ENSP00000366563	0	0	0	0	0.067	0	0.400	0.363	0.612
GRB2	ITPR2	9606.ENSP00000376345	9606.ENSP00000370744	0	0	0	0	0.047	0	0.500	0.076	0.521
GRB2	KRT18	9606.ENSP00000376345	9606.ENSP00000373489	0	0	0	0	0	0.124	0	0.429	0.479
GRB2	HSPA8	9606.ENSP00000376345	9606.ENSP00000437125	0	0	0	0	0.074	0.370	0	0.516	0.693
GRB2	TGFA	9606.ENSP00000376345	9606.ENSP00000404131	0	0	0	0	0	0	0.400	0.630	0.768
GRB2	PIK3CB	9606.ENSP00000376345	9606.ENSP00000501150	0	0	0	0	0.064	0.422	0.400	0.389	0.775
GRB2	RAF1	9606.ENSP00000376345	9606.ENSP00000401888	0	0	0	0	0.074	0.100	0	0.776	0.797
GRB2	HRAS	9606.ENSP00000376345	9606.ENSP00000407586	0	0	0	0	0.086	0.209	0.500	0.850	0.938
GRB2	PIK3R1	9606.ENSP00000376345	9606.ENSP00000428056	0	0	0	0	0.042	0.921	0.400	0.975	0.998
GRB2	SOS1	9606.ENSP00000376345	9606.ENSP00000384675	0	0	0	0	0.076	0.998	0.900	0.999	0.999
GRB2	SHC1	9606.ENSP00000376345	9606.ENSP00000401303	0	0	0	0	0.099	0.999	0.900	0.999	0.999
GRM1	MAPK1	9606.ENSP00000282753	9606.ENSP00000215832	0	0	0	0	0	0	0	0.415	0.415
GRM1	PLCB2	9606.ENSP00000282753	9606.ENSP00000260402	0	0	0	0	0.063	0	0.500	0.253	0.619
GRM1	MAPK3	9606.ENSP00000282753	9606.ENSP00000263025	0	0	0	0	0	0	0	0.548	0.548
GRM1	PRKCD	9606.ENSP00000282753	9606.ENSP00000331602	0	0	0	0	0	0	0	0.429	0.429
GRM1	PIK3R1	9606.ENSP00000282753	9606.ENSP00000428056	0	0	0	0	0	0	0	0.480	0.480
GRM1	PLCB4	9606.ENSP00000282753	9606.ENSP00000367762	0	0	0	0	0.082	0	0	0.510	0.531
GRM1	PLCB3	9606.ENSP00000282753	9606.ENSP00000443631	0	0	0	0	0.063	0	0.500	0.261	0.624
GRM1	SRC	9606.ENSP00000282753	9606.ENSP00000362680	0	0	0	0	0	0.356	0	0.487	0.655
GRM1	ITPR3	9606.ENSP00000282753	9606.ENSP00000363435	0	0	0	0	0.052	0.076	0	0.662	0.678
GRM1	PLCB1	9606.ENSP00000282753	9606.ENSP00000338185	0	0	0	0	0.093	0	0.500	0.452	0.729
GRM1	ITPR1	9606.ENSP00000282753	9606.ENSP00000306253	0	0	0	0	0.082	0.091	0	0.854	0.868
HBEGF	MMP2	9606.ENSP00000230990	9606.ENSP00000219070	0	0	0	0	0	0	0.900	0.419	0.939
HBEGF	PRKCD	9606.ENSP00000230990	9606.ENSP00000331602	0	0	0	0	0.042	0	0	0.429	0.430
HBEGF	PIK3R1	9606.ENSP00000230990	9606.ENSP00000428056	0	0	0	0	0	0	0.400	0.125	0.452
HBEGF	SOS1	9606.ENSP00000230990	9606.ENSP00000384675	0	0	0	0	0	0	0.400	0.198	0.498
HBEGF	MAPK3	9606.ENSP00000230990	9606.ENSP00000263025	0	0	0	0	0	0	0	0.510	0.510
HBEGF	PIK3CA	9606.ENSP00000230990	9606.ENSP00000263967	0	0	0	0	0	0	0.400	0.223	0.513
HBEGF	JUN	9606.ENSP00000230990	9606.ENSP00000360266	0	0	0	0	0.257	0	0	0.419	0.549
HBEGF	NRAS	9606.ENSP00000230990	9606.ENSP00000358548	0	0	0	0	0.044	0	0.500	0.193	0.580
HBEGF	HSP90AA1	9606.ENSP00000230990	9606.ENSP00000335153	0	0	0	0	0	0	0.500	0.199	0.582
HBEGF	HRAS	9606.ENSP00000230990	9606.ENSP00000407586	0	0	0	0	0.059	0	0.500	0.210	0.596
HBEGF	SHC1	9606.ENSP00000230990	9606.ENSP00000401303	0	0	0	0	0.042	0	0.400	0.370	0.606
HBEGF	KRAS	9606.ENSP00000230990	9606.ENSP00000256078	0	0	0	0	0	0	0.500	0.383	0.678
HBEGF	SRC	9606.ENSP00000230990	9606.ENSP00000362680	0	0	0	0	0.042	0	0.400	0.695	0.809
HBEGF	TGFA	9606.ENSP00000230990	9606.ENSP00000404131	0	0	0	0	0.067	0	0.400	0.864	0.917
HBEGF	MMP9	9606.ENSP00000230990	9606.ENSP00000361405	0	0	0	0	0.067	0	0.900	0.512	0.950
HRAS	MAPK1	9606.ENSP00000407586	9606.ENSP00000215832	0	0	0	0	0.056	0.098	0.900	0.783	0.979
HRAS	SOS2	9606.ENSP00000407586	9606.ENSP00000216373	0	0	0	0	0.065	0.157	0.900	0.798	0.981
HRAS	PIK3R2	9606.ENSP00000407586	9606.ENSP00000222254	0	0	0	0	0.059	0.065	0.900	0.305	0.930
HRAS	KRAS	9606.ENSP00000407586	9606.ENSP00000256078	0	0	0.050	0.981	0	0.883	0.900	0.411	0.992
HRAS	PIK3R3	9606.ENSP00000407586	9606.ENSP00000262741	0	0	0	0	0	0.065	0.900	0.232	0.922
HRAS	MAP2K2	9606.ENSP00000407586	9606.ENSP00000262948	0	0	0	0	0.062	0.163	0.900	0.641	0.968
HRAS	MAPK3	9606.ENSP00000407586	9606.ENSP00000263025	0	0	0	0	0.061	0.098	0.900	0.829	0.983
HRAS	PIK3CA	9606.ENSP00000407586	9606.ENSP00000263967	0	0	0	0	0.100	0.758	0.900	0.800	0.995
HRAS	SHC2	9606.ENSP00000407586	9606.ENSP00000264554	0	0	0	0	0.051	0	0.500	0.175	0.574
HRAS	NOS3	9606.ENSP00000407586	9606.ENSP00000297494	0	0	0	0	0	0	0	0.510	0.510
HRAS	MAP2K1	9606.ENSP00000407586	9606.ENSP00000302486	0	0	0	0	0.062	0.382	0.900	0.832	0.989
HRAS	PRKACA	9606.ENSP00000407586	9606.ENSP00000309591	0	0	0	0	0.076	0.129	0	0.352	0.433
HRAS	PRKCD	9606.ENSP00000407586	9606.ENSP00000331602	0	0	0	0	0.060	0.138	0.500	0.190	0.628
HRAS	HSP90AA1	9606.ENSP00000407586	9606.ENSP00000335153	0.042	0	0	0	0.055	0.126	0.500	0.614	0.819
HRAS	NRAS	9606.ENSP00000407586	9606.ENSP00000358548	0	0	0.050	0.981	0	0.330	0.900	0.059	0.932
HRAS	PRKACB	9606.ENSP00000407586	9606.ENSP00000359719	0	0	0	0	0.056	0.129	0	0.356	0.424
HRAS	JUN	9606.ENSP00000407586	9606.ENSP00000360266	0	0	0	0	0.067	0.181	0	0.733	0.778
HRAS	HSP90AB1	9606.ENSP00000407586	9606.ENSP00000360609	0.042	0	0	0	0.066	0.126	0	0.371	0.443
HRAS	MMP9	9606.ENSP00000407586	9606.ENSP00000361405	0	0	0	0	0	0	0	0.413	0.413
HRAS	SRC	9606.ENSP00000407586	9606.ENSP00000362680	0	0	0	0	0.102	0.496	0.900	0.891	0.994
HRAS	HSPA1B	9606.ENSP00000407586	9606.ENSP00000364801	0	0	0	0	0.056	0.053	0	0.446	0.462
HRAS	SHC3	9606.ENSP00000407586	9606.ENSP00000364995	0	0	0	0	0.056	0	0.500	0.114	0.545
HRAS	PRKACG	9606.ENSP00000407586	9606.ENSP00000366488	0	0	0	0	0.056	0.129	0	0.353	0.421
HRAS	PIK3CD	9606.ENSP00000407586	9606.ENSP00000366563	0	0	0	0	0.056	0.644	0.900	0.239	0.971
HRAS	SOS1	9606.ENSP00000407586	9606.ENSP00000384675	0	0	0	0	0.071	0.991	0.900	0.976	0.999
HRAS	SHC1	9606.ENSP00000407586	9606.ENSP00000401303	0	0	0	0	0.070	0	0.500	0.724	0.860
HRAS	RAF1	9606.ENSP00000407586	9606.ENSP00000401888	0	0	0	0	0.074	0.999	0.900	0.985	0.999
HRAS	TGFA	9606.ENSP00000407586	9606.ENSP00000404131	0	0	0	0	0	0	0.500	0.433	0.704
HRAS	PIK3CB	9606.ENSP00000407586	9606.ENSP00000501150	0	0	0	0	0.056	0.133	0.900	0.610	0.963
HRAS	PIK3R1	9606.ENSP00000407586	9606.ENSP00000428056	0	0	0	0	0	0.688	0.900	0.707	0.990
HSP90AA1	MAPK1	9606.ENSP00000335153	9606.ENSP00000215832	0	0	0	0	0.057	0.113	0.400	0.897	0.941
HSP90AA1	MMP2	9606.ENSP00000335153	9606.ENSP00000219070	0	0	0	0	0.068	0.292	0	0.765	0.831
HSP90AA1	PIK3R2	9606.ENSP00000335153	9606.ENSP00000222254	0	0	0	0	0.055	0.190	0	0.494	0.578
HSP90AA1	RARA	9606.ENSP00000335153	9606.ENSP00000254066	0	0	0	0	0.054	0.159	0	0.308	0.401
HSP90AA1	KRAS	9606.ENSP00000335153	9606.ENSP00000256078	0.042	0	0	0	0.056	0.207	0.500	0.570	0.818
HSP90AA1	MAP2K2	9606.ENSP00000335153	9606.ENSP00000262948	0	0	0	0	0.089	0.238	0	0.327	0.492
HSP90AA1	MAPK3	9606.ENSP00000335153	9606.ENSP00000263025	0	0	0	0	0.055	0.259	0.400	0.628	0.823
HSP90AA1	PIK3CA	9606.ENSP00000335153	9606.ENSP00000263967	0	0	0	0	0.049	0	0.500	0.686	0.837
HSP90AA1	NOS3	9606.ENSP00000335153	9606.ENSP00000297494	0	0	0	0	0	0.789	0.800	0.992	0.999
HSP90AA1	HSP90B1	9606.ENSP00000335153	9606.ENSP00000299767	0	0	0.086	0.909	0.317	0.236	0.900	0.121	0.950
HSP90AA1	MAP2K1	9606.ENSP00000335153	9606.ENSP00000302486	0	0	0	0	0.098	0.181	0	0.749	0.798
HSP90AA1	ITPR1	9606.ENSP00000335153	9606.ENSP00000306253	0	0	0	0	0.042	0	0	0.496	0.496
HSP90AA1	PRKACA	9606.ENSP00000335153	9606.ENSP00000309591	0	0	0	0	0.052	0.603	0	0.496	0.794
HSP90AA1	HSPA6	9606.ENSP00000335153	9606.ENSP00000310219	0	0.001	0	0	0.404	0.493	0	0.633	0.879
HSP90AA1	PGR	9606.ENSP00000335153	9606.ENSP00000325120	0	0	0	0	0.054	0.582	0.500	0.956	0.990
HSP90AA1	SP1	9606.ENSP00000335153	9606.ENSP00000329357	0	0	0	0	0.075	0.526	0	0.302	0.667
HSP90AA1	PRKCD	9606.ENSP00000335153	9606.ENSP00000331602	0	0	0	0	0.042	0.328	0	0.685	0.780
HSP90AA1	MMP9	9606.ENSP00000335153	9606.ENSP00000361405	0	0	0	0	0.051	0	0	0.484	0.489
HSP90AA1	NCOA3	9606.ENSP00000335153	9606.ENSP00000361066	0	0	0	0	0.064	0.062	0	0.494	0.517
HSP90AA1	KRT19	9606.ENSP00000335153	9606.ENSP00000355124	0	0	0	0	0.042	0.095	0	0.493	0.522
HSP90AA1	PRKACG	9606.ENSP00000335153	9606.ENSP00000366488	0	0	0	0	0.047	0.147	0	0.492	0.551
HSP90AA1	NCOA2	9606.ENSP00000335153	9606.ENSP00000399968	0	0	0	0	0.049	0.062	0	0.595	0.607
HSP90AA1	SOS1	9606.ENSP00000335153	9606.ENSP00000384675	0	0	0	0	0.067	0.071	0.500	0.240	0.627
HSP90AA1	SHC1	9606.ENSP00000335153	9606.ENSP00000401303	0	0	0	0	0.047	0.164	0.500	0.293	0.680
HSP90AA1	PRKACB	9606.ENSP00000335153	9606.ENSP00000359719	0	0	0	0	0.047	0.471	0	0.495	0.724
HSP90AA1	PIK3R1	9606.ENSP00000335153	9606.ENSP00000428056	0	0	0	0	0.043	0	0.500	0.593	0.788
HSP90AA1	JUN	9606.ENSP00000335153	9606.ENSP00000360266	0	0	0	0	0.062	0.165	0	0.763	0.798
HSP90AA1	NRAS	9606.ENSP00000335153	9606.ENSP00000358548	0.042	0	0	0	0.073	0.126	0.500	0.602	0.817
HSP90AA1	HSPA2	9606.ENSP00000335153	9606.ENSP00000378199	0	0.001	0	0	0.309	0.493	0.500	0.477	0.896
HSP90AA1	RAF1	9606.ENSP00000335153	9606.ENSP00000401888	0	0	0	0	0.054	0.941	0	0.766	0.985
HSP90AA1	HSPA1L	9606.ENSP00000335153	9606.ENSP00000364805	0	0.001	0	0	0.304	0.975	0.500	0.684	0.996
HSP90AA1	HSP90AB1	9606.ENSP00000335153	9606.ENSP00000360609	0	0	0.048	0.984	0.783	0.896	0.900	0.048	0.997
HSP90AA1	HSPA1B	9606.ENSP00000335153	9606.ENSP00000364801	0	0.001	0	0	0.367	0.868	0.500	0.964	0.998
HSP90AA1	SRC	9606.ENSP00000335153	9606.ENSP00000362680	0	0	0	0	0.042	0.799	0.800	0.994	0.999
HSP90AA1	HSPA8	9606.ENSP00000335153	9606.ENSP00000437125	0	0.001	0	0	0.725	0.884	0.500	0.999	0.999
HSP90AB1	MAPK1	9606.ENSP00000360609	9606.ENSP00000215832	0	0	0	0	0.057	0.113	0.400	0.672	0.813
HSP90AB1	MMP2	9606.ENSP00000360609	9606.ENSP00000219070	0	0	0	0	0.068	0	0	0.752	0.758
HSP90AB1	KRAS	9606.ENSP00000360609	9606.ENSP00000256078	0.042	0	0	0	0.055	0.207	0	0.551	0.635
HSP90AB1	MAP2K2	9606.ENSP00000360609	9606.ENSP00000262948	0	0	0	0	0.099	0.244	0	0.329	0.504
HSP90AB1	MAPK3	9606.ENSP00000360609	9606.ENSP00000263025	0	0	0	0	0.055	0.260	0.400	0.617	0.818
HSP90AB1	PIK3CA	9606.ENSP00000360609	9606.ENSP00000263967	0	0	0	0	0.043	0	0	0.638	0.639
HSP90AB1	NOS3	9606.ENSP00000360609	9606.ENSP00000297494	0	0	0	0	0	0.059	0.800	0.992	0.998
HSP90AB1	HSP90B1	9606.ENSP00000360609	9606.ENSP00000299767	0	0	0.076	0.929	0.215	0.074	0.900	0.414	0.953
HSP90AB1	MAP2K1	9606.ENSP00000360609	9606.ENSP00000302486	0	0	0	0	0.110	0.162	0	0.705	0.761
HSP90AB1	ITPR1	9606.ENSP00000360609	9606.ENSP00000306253	0	0	0	0	0.050	0	0	0.496	0.500
HSP90AB1	PRKACA	9606.ENSP00000360609	9606.ENSP00000309591	0	0	0	0	0.052	0.374	0	0.487	0.669
HSP90AB1	HSPA6	9606.ENSP00000360609	9606.ENSP00000310219	0	0.002	0	0	0.392	0.314	0	0.755	0.889
HSP90AB1	PGR	9606.ENSP00000360609	9606.ENSP00000325120	0	0	0	0	0.054	0.177	0.500	0.950	0.978
HSP90AB1	PRKCD	9606.ENSP00000360609	9606.ENSP00000331602	0	0	0	0	0.044	0.091	0	0.563	0.588
HSP90AB1	KRT19	9606.ENSP00000360609	9606.ENSP00000355124	0	0	0	0	0.042	0.095	0	0.493	0.522
HSP90AB1	NRAS	9606.ENSP00000360609	9606.ENSP00000358548	0.042	0	0	0	0.062	0.126	0	0.559	0.608
HSP90AB1	PRKACB	9606.ENSP00000360609	9606.ENSP00000359719	0	0	0	0	0.047	0.434	0	0.485	0.698
HSP90AB1	JUN	9606.ENSP00000360609	9606.ENSP00000360266	0	0	0	0	0.054	0.131	0	0.722	0.752
HSP90AB1	MMP9	9606.ENSP00000360609	9606.ENSP00000361405	0	0	0	0	0.051	0	0	0.456	0.462
HSP90AB1	PRKACG	9606.ENSP00000360609	9606.ENSP00000366488	0	0	0	0	0.047	0.147	0	0.485	0.545
HSP90AB1	KRT18	9606.ENSP00000360609	9606.ENSP00000373489	0	0	0	0	0.076	0.095	0	0.531	0.574
HSP90AB1	NCOA2	9606.ENSP00000360609	9606.ENSP00000399968	0	0	0	0	0.047	0.062	0	0.579	0.591
HSP90AB1	HSPA2	9606.ENSP00000360609	9606.ENSP00000378199	0	0.002	0	0	0.309	0.314	0.500	0.626	0.899
HSP90AB1	HSPA1L	9606.ENSP00000360609	9606.ENSP00000364805	0	0.002	0	0	0.304	0.314	0.500	0.722	0.924
HSP90AB1	HSPA1B	9606.ENSP00000360609	9606.ENSP00000364801	0	0.002	0	0	0.383	0.516	0.500	0.946	0.991
HSP90AB1	RAF1	9606.ENSP00000360609	9606.ENSP00000401888	0	0	0	0	0.050	0.973	0	0.758	0.993
HSP90AB1	SRC	9606.ENSP00000360609	9606.ENSP00000362680	0	0	0	0	0.042	0.301	0	0.993	0.995
HSP90AB1	HSPA8	9606.ENSP00000360609	9606.ENSP00000437125	0	0.002	0	0	0.831	0.807	0.540	0.999	0.999
HSP90B1	MAPK3	9606.ENSP00000299767	9606.ENSP00000263025	0	0	0	0	0.059	0.111	0	0.359	0.417
HSP90B1	NOS3	9606.ENSP00000299767	9606.ENSP00000297494	0	0	0	0	0	0.049	0.800	0.191	0.832
HSP90B1	SRC	9606.ENSP00000299767	9606.ENSP00000362680	0	0	0	0	0	0.136	0	0.345	0.410
HSP90B1	JUN	9606.ENSP00000299767	9606.ENSP00000360266	0	0	0	0	0.057	0.131	0	0.418	0.482
HSP90B1	HSPA2	9606.ENSP00000299767	9606.ENSP00000378199	0	0	0	0	0.304	0.272	0	0.362	0.649
HSP90B1	HSPA6	9606.ENSP00000299767	9606.ENSP00000310219	0	0	0	0	0.309	0.272	0	0.443	0.695
HSP90B1	HSPA1L	9606.ENSP00000299767	9606.ENSP00000364805	0	0	0	0	0.304	0.272	0	0.619	0.790
HSP90B1	HSPA1B	9606.ENSP00000299767	9606.ENSP00000364801	0	0	0	0	0.313	0.272	0	0.629	0.798
HSP90B1	HSPA8	9606.ENSP00000299767	9606.ENSP00000437125	0	0	0	0	0.367	0.272	0	0.770	0.884
HSPA1B	MAP2K2	9606.ENSP00000364801	9606.ENSP00000262948	0	0	0	0	0	0.240	0	0.396	0.521
HSPA1B	MAPK3	9606.ENSP00000364801	9606.ENSP00000263025	0	0	0	0	0.109	0.190	0	0.321	0.467
HSPA1B	MAP2K1	9606.ENSP00000364801	9606.ENSP00000302486	0	0	0	0	0.056	0.530	0	0.209	0.618
HSPA1B	HSPA6	9606.ENSP00000364801	9606.ENSP00000310219	0	0	0.049	0.982	0.437	0.782	0.500	0.417	0.959
HSPA1B	PGR	9606.ENSP00000364801	9606.ENSP00000325120	0	0	0	0	0	0.356	0.500	0.138	0.698
HSPA1B	JUN	9606.ENSP00000364801	9606.ENSP00000360266	0	0	0	0	0.143	0.156	0	0.476	0.588
HSPA1B	NCOA3	9606.ENSP00000364801	9606.ENSP00000361066	0	0	0	0	0	0	0	0.406	0.406
HSPA1B	RAF1	9606.ENSP00000364801	9606.ENSP00000401888	0	0	0	0	0	0.257	0	0.235	0.407
HSPA1B	SHC1	9606.ENSP00000364801	9606.ENSP00000401303	0	0	0	0	0.055	0.370	0	0.084	0.407
HSPA1B	KRT18	9606.ENSP00000364801	9606.ENSP00000373489	0	0	0	0	0	0.103	0	0.474	0.508
HSPA1B	HSPA2	9606.ENSP00000364801	9606.ENSP00000378199	0	0	0.049	0.982	0.096	0.728	0.500	0.078	0.873
HSPA1B	HSPA1L	9606.ENSP00000364801	9606.ENSP00000364805	0	0	0.048	0.984	0.085	0.618	0.500	0.386	0.879
HSPA1B	HSPA8	9606.ENSP00000364801	9606.ENSP00000437125	0	0	0.049	0.983	0.111	0.702	0.500	0.646	0.947
HSPA1L	HSPA6	9606.ENSP00000364805	9606.ENSP00000310219	0	0	0.050	0.981	0.078	0.424	0.500	0.388	0.817
HSPA1L	PGR	9606.ENSP00000364805	9606.ENSP00000325120	0	0	0	0	0	0.129	0.500	0.063	0.556
HSPA1L	HSPA2	9606.ENSP00000364805	9606.ENSP00000378199	0	0	0.050	0.981	0.055	0.044	0.500	0.080	0.533
HSPA1L	HSPA8	9606.ENSP00000364805	9606.ENSP00000437125	0	0	0.049	0.982	0.055	0.168	0.500	0.440	0.753
HSPA2	HSPA6	9606.ENSP00000378199	9606.ENSP00000310219	0	0	0.050	0.980	0.056	0.204	0.500	0.049	0.599
HSPA2	PGR	9606.ENSP00000378199	9606.ENSP00000325120	0	0	0	0	0.043	0.129	0.500	0.052	0.552
HSPA2	HSPA8	9606.ENSP00000378199	9606.ENSP00000437125	0	0	0.048	0.984	0.049	0.772	0.500	0.050	0.884
HSPA6	MAPK3	9606.ENSP00000310219	9606.ENSP00000263025	0	0	0	0	0.121	0.247	0	0.172	0.404
HSPA6	HSPA8	9606.ENSP00000310219	9606.ENSP00000437125	0	0	0.050	0.980	0.241	0.360	0.500	0.383	0.831
HSPA8	MAPK1	9606.ENSP00000437125	9606.ENSP00000215832	0	0	0	0	0.122	0.071	0	0.443	0.506
HSPA8	KRT9	9606.ENSP00000437125	9606.ENSP00000246662	0	0	0	0	0	0.103	0	0.436	0.472
HSPA8	RARA	9606.ENSP00000437125	9606.ENSP00000254066	0	0	0	0	0	0.356	0	0.174	0.446
HSPA8	MAPK3	9606.ENSP00000437125	9606.ENSP00000263025	0	0	0	0	0.111	0.226	0	0.364	0.525
HSPA8	MAP2K1	9606.ENSP00000437125	9606.ENSP00000302486	0	0	0	0	0.074	0.598	0	0.222	0.685
HSPA8	PGR	9606.ENSP00000437125	9606.ENSP00000325120	0	0	0	0	0	0.148	0.500	0.204	0.631
HSPA8	SP1	9606.ENSP00000437125	9606.ENSP00000329357	0	0	0	0	0.062	0.332	0	0.160	0.428
HSPA8	JUN	9606.ENSP00000437125	9606.ENSP00000360266	0	0	0	0	0.063	0.213	0	0.379	0.503
HSPA8	SRC	9606.ENSP00000437125	9606.ENSP00000362680	0	0	0	0	0.042	0.179	0	0.358	0.451
HSPA8	KRT18	9606.ENSP00000437125	9606.ENSP00000373489	0	0	0	0	0.049	0.103	0	0.491	0.528
HSPA8	SHC1	9606.ENSP00000437125	9606.ENSP00000401303	0	0	0	0	0.063	0.234	0	0.435	0.559
HSPA8	RAF1	9606.ENSP00000437125	9606.ENSP00000401888	0	0	0	0	0.067	0.614	0	0.427	0.776
ITPR1	PLCB2	9606.ENSP00000306253	9606.ENSP00000260402	0	0	0	0	0.080	0.071	0.900	0.452	0.946
ITPR1	MAPK3	9606.ENSP00000306253	9606.ENSP00000263025	0	0	0	0	0.056	0	0	0.516	0.524
ITPR1	SRC	9606.ENSP00000306253	9606.ENSP00000362680	0	0	0	0	0.047	0.064	0	0.395	0.413
ITPR1	PRKCD	9606.ENSP00000306253	9606.ENSP00000331602	0	0	0	0	0.047	0.292	0	0.209	0.420
ITPR1	SOS1	9606.ENSP00000306253	9606.ENSP00000384675	0	0	0	0	0.089	0	0.500	0.178	0.593
ITPR1	ITPR2	9606.ENSP00000306253	9606.ENSP00000370744	0	0	0.054	0.972	0.074	0	0.900	0.433	0.943
ITPR1	PLCB4	9606.ENSP00000306253	9606.ENSP00000367762	0	0	0	0	0.049	0.095	0.900	0.459	0.947
ITPR1	PLCB1	9606.ENSP00000306253	9606.ENSP00000338185	0	0	0	0	0.055	0.071	0.900	0.504	0.950
ITPR1	ITPR3	9606.ENSP00000306253	9606.ENSP00000363435	0	0	0.058	0.964	0.042	0.627	0.900	0.137	0.965
ITPR1	PLCB3	9606.ENSP00000306253	9606.ENSP00000443631	0	0	0	0	0.062	0.071	0.900	0.679	0.968
ITPR1	PRKACG	9606.ENSP00000306253	9606.ENSP00000366488	0	0	0	0	0	0.049	0.900	0.724	0.971
ITPR1	PRKACB	9606.ENSP00000306253	9606.ENSP00000359719	0	0	0	0	0.060	0.049	0.900	0.724	0.972
ITPR1	PRKACA	9606.ENSP00000306253	9606.ENSP00000309591	0	0	0	0	0.054	0.171	0.900	0.715	0.974
ITPR2	PLCB2	9606.ENSP00000370744	9606.ENSP00000260402	0	0	0	0	0.062	0.071	0.900	0.350	0.935
ITPR2	PRKACA	9606.ENSP00000370744	9606.ENSP00000309591	0	0	0	0	0.042	0.168	0.900	0.304	0.937
ITPR2	PLCB1	9606.ENSP00000370744	9606.ENSP00000338185	0	0	0	0	0.076	0.071	0.900	0.368	0.938
ITPR2	PRKACB	9606.ENSP00000370744	9606.ENSP00000359719	0	0	0	0	0.049	0.045	0.900	0.327	0.930
ITPR2	ITPR3	9606.ENSP00000370744	9606.ENSP00000363435	0	0	0.056	0.968	0.056	0.488	0.900	0.132	0.953
ITPR2	PRKACG	9606.ENSP00000370744	9606.ENSP00000366488	0	0	0	0	0	0.045	0.900	0.305	0.927
ITPR2	PLCB4	9606.ENSP00000370744	9606.ENSP00000367762	0	0	0	0	0.049	0.091	0.900	0.365	0.937
ITPR2	SOS1	9606.ENSP00000370744	9606.ENSP00000384675	0	0	0	0	0.095	0	0.500	0.104	0.559
ITPR2	PLCB3	9606.ENSP00000370744	9606.ENSP00000443631	0	0	0	0	0.055	0.071	0.900	0.286	0.929
ITPR3	PLCB2	9606.ENSP00000363435	9606.ENSP00000260402	0	0	0	0	0.069	0.071	0.900	0.659	0.966
ITPR3	PRKACA	9606.ENSP00000363435	9606.ENSP00000309591	0	0	0	0	0.042	0.168	0.900	0.693	0.972
ITPR3	PLCB1	9606.ENSP00000363435	9606.ENSP00000338185	0	0	0	0	0.074	0.071	0.900	0.453	0.946
ITPR3	PRKACB	9606.ENSP00000363435	9606.ENSP00000359719	0	0	0	0	0	0.045	0.900	0.693	0.968
ITPR3	MMP9	9606.ENSP00000363435	9606.ENSP00000361405	0	0	0	0	0	0	0	0.473	0.473
ITPR3	SRC	9606.ENSP00000363435	9606.ENSP00000362680	0	0	0	0	0.063	0.064	0	0.397	0.425
ITPR3	SOS1	9606.ENSP00000363435	9606.ENSP00000384675	0	0	0	0	0.063	0	0.500	0.188	0.586
ITPR3	PLCB4	9606.ENSP00000363435	9606.ENSP00000367762	0	0	0	0	0.049	0.091	0.900	0.382	0.939
ITPR3	PLCB3	9606.ENSP00000363435	9606.ENSP00000443631	0	0	0	0	0.099	0.071	0.900	0.659	0.967
ITPR3	PRKACG	9606.ENSP00000363435	9606.ENSP00000366488	0	0	0	0	0	0.045	0.900	0.693	0.968
JUN	MAPK1	9606.ENSP00000360266	9606.ENSP00000215832	0	0	0	0	0	0.771	0.900	0.958	0.998
JUN	SOS2	9606.ENSP00000360266	9606.ENSP00000216373	0	0	0	0	0	0	0	0.609	0.609
JUN	MMP2	9606.ENSP00000360266	9606.ENSP00000219070	0	0	0	0	0	0	0	0.633	0.633
JUN	PIK3R2	9606.ENSP00000360266	9606.ENSP00000222254	0	0	0	0	0	0	0	0.424	0.424
JUN	RARA	9606.ENSP00000360266	9606.ENSP00000254066	0	0	0	0	0.062	0.057	0	0.750	0.759
JUN	KRAS	9606.ENSP00000360266	9606.ENSP00000256078	0	0	0	0	0.067	0.097	0	0.589	0.624
JUN	MAP2K2	9606.ENSP00000360266	9606.ENSP00000262948	0	0	0	0	0.049	0	0	0.587	0.590
JUN	MAPK3	9606.ENSP00000360266	9606.ENSP00000263025	0	0	0	0	0	0.323	0.900	0.824	0.987
JUN	PIK3CA	9606.ENSP00000360266	9606.ENSP00000263967	0	0	0	0	0	0	0	0.646	0.646
JUN	TFF1	9606.ENSP00000360266	9606.ENSP00000291527	0	0	0	0	0	0.459	0	0.218	0.558
JUN	NOS3	9606.ENSP00000360266	9606.ENSP00000297494	0	0	0	0	0	0	0	0.543	0.543
JUN	MAP2K1	9606.ENSP00000360266	9606.ENSP00000302486	0	0	0	0	0.049	0	0	0.807	0.808
JUN	PRKACA	9606.ENSP00000360266	9606.ENSP00000309591	0	0	0	0	0	0	0.900	0.650	0.963
JUN	PGR	9606.ENSP00000360266	9606.ENSP00000325120	0	0	0	0	0	0.057	0	0.658	0.664
JUN	SP1	9606.ENSP00000360266	9606.ENSP00000329357	0	0	0	0	0.102	0.794	0.900	0.826	0.996
JUN	PRKCD	9606.ENSP00000360266	9606.ENSP00000331602	0	0	0	0	0	0	0	0.425	0.425
JUN	NRAS	9606.ENSP00000360266	9606.ENSP00000358548	0	0	0	0	0.067	0.097	0	0.466	0.510
JUN	PRKACB	9606.ENSP00000360266	9606.ENSP00000359719	0	0	0	0	0	0	0.900	0.650	0.963
JUN	POMC	9606.ENSP00000360266	9606.ENSP00000384092	0	0	0	0	0	0	0	0.418	0.418
JUN	OPRM1	9606.ENSP00000360266	9606.ENSP00000394624	0	0	0	0	0	0	0	0.442	0.442
JUN	SOS1	9606.ENSP00000360266	9606.ENSP00000384675	0	0	0	0	0	0	0	0.447	0.447
JUN	TGFA	9606.ENSP00000360266	9606.ENSP00000404131	0	0	0	0	0	0	0	0.487	0.487
JUN	PIK3CB	9606.ENSP00000360266	9606.ENSP00000501150	0	0	0	0	0	0	0	0.508	0.508
JUN	SHC1	9606.ENSP00000360266	9606.ENSP00000401303	0	0	0	0	0	0	0	0.540	0.540
JUN	NCOA2	9606.ENSP00000360266	9606.ENSP00000399968	0	0	0	0	0	0	0	0.544	0.544
JUN	RAF1	9606.ENSP00000360266	9606.ENSP00000401888	0	0	0	0	0	0.085	0	0.583	0.602
JUN	PIK3R1	9606.ENSP00000360266	9606.ENSP00000428056	0	0	0	0	0.049	0.127	0	0.574	0.615
JUN	MMP9	9606.ENSP00000360266	9606.ENSP00000361405	0	0	0	0	0	0.510	0	0.738	0.866
JUN	NCOA3	9606.ENSP00000360266	9606.ENSP00000361066	0	0	0	0	0	0	0.900	0.409	0.938
JUN	PRKACG	9606.ENSP00000360266	9606.ENSP00000366488	0	0	0	0	0	0	0.900	0.650	0.963
JUN	NCOA1	9606.ENSP00000360266	9606.ENSP00000385216	0	0	0	0	0	0.625	0.800	0.574	0.965
JUN	SRC	9606.ENSP00000360266	9606.ENSP00000362680	0	0	0	0	0.062	0.085	0.900	0.737	0.974
KCNJ3	PRKACG	9606.ENSP00000295101	9606.ENSP00000366488	0	0	0	0	0.055	0	0.900	0.259	0.923
KCNJ3	PRKACA	9606.ENSP00000295101	9606.ENSP00000309591	0	0	0	0	0.055	0	0.900	0.264	0.924
KCNJ3	PRKACB	9606.ENSP00000295101	9606.ENSP00000359719	0	0	0	0	0.057	0	0.900	0.266	0.924
KCNJ3	KCNJ9	9606.ENSP00000295101	9606.ENSP00000357067	0	0	0.058	0.956	0.166	0.052	0.400	0.981	0.990
KCNJ3	KCNJ5	9606.ENSP00000295101	9606.ENSP00000433295	0	0	0.061	0.950	0.103	0.713	0.400	0.983	0.997
KCNJ3	KCNJ6	9606.ENSP00000295101	9606.ENSP00000477437	0	0	0.062	0.950	0.176	0.052	0.900	0.977	0.998
KCNJ5	PRKACA	9606.ENSP00000433295	9606.ENSP00000309591	0	0	0	0	0.059	0	0.900	0.341	0.932
KCNJ5	KCNJ9	9606.ENSP00000433295	9606.ENSP00000357067	0	0	0.056	0.968	0.042	0	0.400	0.865	0.917
KCNJ5	PRKACB	9606.ENSP00000433295	9606.ENSP00000359719	0	0	0	0	0.059	0	0.900	0.308	0.929
KCNJ5	PRKACG	9606.ENSP00000433295	9606.ENSP00000366488	0	0	0	0	0.059	0	0.900	0.272	0.925
KCNJ5	POMC	9606.ENSP00000433295	9606.ENSP00000384092	0	0	0	0	0.086	0	0	0.437	0.463
KCNJ5	KCNJ6	9606.ENSP00000433295	9606.ENSP00000477437	0	0	0.054	0.972	0.059	0	0.400	0.876	0.924
KCNJ6	PRKACA	9606.ENSP00000477437	9606.ENSP00000309591	0	0	0	0	0.056	0	0.900	0.187	0.916
KCNJ6	KCNJ9	9606.ENSP00000477437	9606.ENSP00000357067	0	0	0.054	0.973	0.086	0.510	0.400	0.982	0.994
KCNJ6	PRKACB	9606.ENSP00000477437	9606.ENSP00000359719	0	0	0	0	0.056	0	0.900	0.199	0.917
KCNJ6	PRKACG	9606.ENSP00000477437	9606.ENSP00000366488	0	0	0	0	0.056	0	0.900	0.190	0.916
KCNJ6	OPRM1	9606.ENSP00000477437	9606.ENSP00000394624	0	0	0	0	0.121	0	0	0.489	0.532
KCNJ9	PRKACA	9606.ENSP00000357067	9606.ENSP00000309591	0	0	0	0	0.056	0	0.900	0.119	0.909
KCNJ9	PRKACG	9606.ENSP00000357067	9606.ENSP00000366488	0	0	0	0	0.056	0	0.900	0.120	0.909
KCNJ9	PRKACB	9606.ENSP00000357067	9606.ENSP00000359719	0	0	0	0	0.099	0	0.900	0.120	0.913
KRAS	KRT20	9606.ENSP00000256078	9606.ENSP00000167588	0	0	0	0	0	0.096	0	0.583	0.607
KRAS	MAPK1	9606.ENSP00000256078	9606.ENSP00000215832	0	0	0	0	0.088	0.495	0.900	0.771	0.988
KRAS	SOS2	9606.ENSP00000256078	9606.ENSP00000216373	0	0	0	0	0.088	0.297	0.900	0.793	0.985
KRAS	MMP2	9606.ENSP00000256078	9606.ENSP00000219070	0	0	0	0	0.055	0	0	0.447	0.455
KRAS	PIK3R2	9606.ENSP00000256078	9606.ENSP00000222254	0	0	0	0	0.047	0.147	0.900	0.417	0.946
KRAS	RARA	9606.ENSP00000256078	9606.ENSP00000254066	0	0	0	0	0	0.073	0	0.399	0.419
KRAS	PRKACG	9606.ENSP00000256078	9606.ENSP00000366488	0	0	0	0	0.056	0.129	0	0.352	0.420
KRAS	PRKACA	9606.ENSP00000256078	9606.ENSP00000309591	0	0	0	0	0.058	0.129	0	0.366	0.435
KRAS	KRT17	9606.ENSP00000256078	9606.ENSP00000308452	0	0	0	0	0	0.096	0	0.412	0.445
KRAS	PRKACB	9606.ENSP00000256078	9606.ENSP00000359719	0	0	0	0	0.072	0.129	0	0.397	0.471
KRAS	MMP9	9606.ENSP00000256078	9606.ENSP00000361405	0	0	0	0	0	0	0	0.517	0.517
KRAS	SHC3	9606.ENSP00000256078	9606.ENSP00000364995	0	0	0	0	0.056	0	0.500	0.144	0.560
KRAS	SHC2	9606.ENSP00000256078	9606.ENSP00000264554	0	0	0	0	0.051	0	0.500	0.199	0.587
KRAS	KRT19	9606.ENSP00000256078	9606.ENSP00000355124	0	0	0	0	0	0.096	0	0.583	0.607
KRAS	PRKCD	9606.ENSP00000256078	9606.ENSP00000331602	0	0	0	0	0.060	0.138	0.500	0.266	0.663
KRAS	PGR	9606.ENSP00000256078	9606.ENSP00000325120	0	0	0	0	0	0.073	0	0.687	0.697
KRAS	SHC1	9606.ENSP00000256078	9606.ENSP00000401303	0	0	0	0	0.061	0.225	0.500	0.414	0.758
KRAS	TGFA	9606.ENSP00000256078	9606.ENSP00000404131	0	0	0	0	0	0	0.500	0.543	0.762
KRAS	NRAS	9606.ENSP00000256078	9606.ENSP00000358548	0	0	0.050	0.981	0.095	0.422	0.900	0.059	0.944
KRAS	PIK3R3	9606.ENSP00000256078	9606.ENSP00000262741	0	0	0	0	0	0.065	0.900	0.535	0.952
KRAS	PIK3R1	9606.ENSP00000256078	9606.ENSP00000428056	0	0	0	0	0.072	0.102	0.900	0.618	0.963
KRAS	MAP2K2	9606.ENSP00000256078	9606.ENSP00000262948	0	0	0	0	0.047	0.163	0.900	0.624	0.966
KRAS	PIK3CB	9606.ENSP00000256078	9606.ENSP00000501150	0	0	0	0	0.070	0.216	0.900	0.679	0.973
KRAS	PIK3CD	9606.ENSP00000256078	9606.ENSP00000366563	0	0	0	0	0.056	0.352	0.900	0.637	0.974
KRAS	MAPK3	9606.ENSP00000256078	9606.ENSP00000263025	0	0	0	0	0.056	0.098	0.900	0.816	0.982
KRAS	SRC	9606.ENSP00000256078	9606.ENSP00000362680	0	0	0	0	0.082	0.297	0.900	0.866	0.990
KRAS	MAP2K1	9606.ENSP00000256078	9606.ENSP00000302486	0	0	0	0	0.049	0.615	0.900	0.883	0.995
KRAS	PIK3CA	9606.ENSP00000256078	9606.ENSP00000263967	0	0	0	0	0.143	0.627	0.900	0.951	0.998
KRAS	SOS1	9606.ENSP00000256078	9606.ENSP00000384675	0	0	0	0	0.113	0.950	0.900	0.966	0.999
KRAS	RAF1	9606.ENSP00000256078	9606.ENSP00000401888	0	0	0	0	0.081	0.947	0.900	0.976	0.999
KRT10	KRT33A	9606.ENSP00000269576	9606.ENSP00000007735	0	0	0	0.913	0.044	0	0.400	0.101	0.439
KRT10	KRT14	9606.ENSP00000269576	9606.ENSP00000167586	0	0	0.051	0.951	0.131	0	0.400	0.096	0.493
KRT10	KRT20	9606.ENSP00000269576	9606.ENSP00000167588	0	0	0	0.902	0	0	0.400	0.081	0.425
KRT10	KRT23	9606.ENSP00000269576	9606.ENSP00000209718	0	0	0.064	0.873	0.043	0	0.400	0.086	0.444
KRT10	KRT37	9606.ENSP00000269576	9606.ENSP00000225550	0	0	0	0.864	0.042	0	0.400	0.064	0.415
KRT10	KRT32	9606.ENSP00000269576	9606.ENSP00000225899	0	0	0	0.899	0	0	0.400	0.112	0.444
KRT10	KRT13	9606.ENSP00000269576	9606.ENSP00000246635	0	0	0	0.952	0.047	0	0.400	0.084	0.430
KRT10	KRT38	9606.ENSP00000269576	9606.ENSP00000246646	0	0	0	0.858	0	0	0.400	0.052	0.406
KRT10	KRT9	9606.ENSP00000269576	9606.ENSP00000246662	0	0	0.056	0.948	0.064	0	0.400	0.293	0.575
KRT10	KRT12	9606.ENSP00000269576	9606.ENSP00000251643	0	0	0	0.944	0.068	0	0.400	0.069	0.433
KRT10	KRT31	9606.ENSP00000269576	9606.ENSP00000251645	0	0	0	0.909	0.044	0	0.400	0.078	0.424
KRT10	KRT33B	9606.ENSP00000269576	9606.ENSP00000251646	0	0	0	0.911	0.042	0	0.400	0.063	0.414
KRT10	KRT24	9606.ENSP00000269576	9606.ENSP00000264651	0	0	0	0.944	0.042	0	0.400	0.083	0.426
KRT10	KRT39	9606.ENSP00000269576	9606.ENSP00000347823	0	0	0	0.836	0	0	0.400	0.045	0.402
KRT10	KRT35	9606.ENSP00000269576	9606.ENSP00000377558	0	0	0	0.911	0	0	0.400	0.055	0.408
KRT10	KRT40	9606.ENSP00000269576	9606.ENSP00000366984	0	0	0	0.880	0	0	0.400	0.059	0.411
KRT10	KRT34	9606.ENSP00000269576	9606.ENSP00000377570	0	0	0	0.892	0.049	0	0.400	0.063	0.418
KRT10	KRT19	9606.ENSP00000269576	9606.ENSP00000355124	0	0	0	0.954	0.044	0	0.400	0.075	0.423
KRT10	KRT15	9606.ENSP00000269576	9606.ENSP00000377546	0	0	0.049	0.953	0.047	0	0.400	0.082	0.434
KRT10	KRT25	9606.ENSP00000269576	9606.ENSP00000310573	0	0	0.056	0.944	0.074	0	0.400	0.052	0.436
KRT10	KRT28	9606.ENSP00000269576	9606.ENSP00000305263	0	0	0.055	0.943	0.074	0	0.400	0.054	0.436
KRT10	KRT26	9606.ENSP00000269576	9606.ENSP00000334798	0	0	0.058	0.930	0.068	0	0.400	0.059	0.438
KRT10	KRT36	9606.ENSP00000269576	9606.ENSP00000329165	0	0	0	0.904	0.048	0	0.400	0.097	0.439
KRT10	KRT18	9606.ENSP00000269576	9606.ENSP00000373489	0	0	0	0.896	0.059	0	0.400	0.097	0.445
KRT10	KRT27	9606.ENSP00000269576	9606.ENSP00000301656	0	0	0.057	0.945	0.047	0.071	0.400	0.070	0.449
KRT10	KRT17	9606.ENSP00000269576	9606.ENSP00000308452	0	0	0	0.953	0.073	0.098	0.400	0.090	0.483
KRT10	KRT16	9606.ENSP00000269576	9606.ENSP00000301653	0	0	0.050	0.951	0.106	0.612	0.400	0.093	0.788
KRT12	KRT33A	9606.ENSP00000251643	9606.ENSP00000007735	0	0	0	0.917	0.080	0	0.400	0.073	0.444
KRT12	KRT14	9606.ENSP00000251643	9606.ENSP00000167586	0	0	0	0.941	0	0	0.400	0.073	0.420
KRT12	KRT20	9606.ENSP00000251643	9606.ENSP00000167588	0	0	0.058	0.920	0.256	0	0.400	0.106	0.573
KRT12	KRT23	9606.ENSP00000251643	9606.ENSP00000209718	0	0	0	0.895	0	0	0.400	0.078	0.423
KRT12	KRT37	9606.ENSP00000251643	9606.ENSP00000225550	0	0	0	0.856	0.056	0	0.400	0	0.409
KRT12	KRT32	9606.ENSP00000251643	9606.ENSP00000225899	0	0	0	0.897	0	0	0.400	0.053	0.408
KRT12	KRT13	9606.ENSP00000251643	9606.ENSP00000246635	0	0	0	0.943	0.044	0	0.400	0.074	0.422
KRT12	KRT38	9606.ENSP00000251643	9606.ENSP00000246646	0	0	0	0.859	0.056	0	0.400	0	0.409
KRT12	KRT9	9606.ENSP00000251643	9606.ENSP00000246662	0	0	0	0.916	0.088	0	0.400	0.081	0.453
KRT12	KRT26	9606.ENSP00000251643	9606.ENSP00000334798	0	0	0	0.922	0	0	0.400	0.050	0.405
KRT12	KRT16	9606.ENSP00000251643	9606.ENSP00000301653	0	0	0	0.942	0	0	0.400	0.051	0.406
KRT12	KRT17	9606.ENSP00000251643	9606.ENSP00000308452	0	0	0	0.951	0	0	0.400	0.053	0.407
KRT12	KRT35	9606.ENSP00000251643	9606.ENSP00000377558	0	0	0	0.908	0.054	0	0.400	0	0.408
KRT12	KRT39	9606.ENSP00000251643	9606.ENSP00000347823	0	0	0	0.840	0.057	0	0.400	0	0.410
KRT12	KRT18	9606.ENSP00000251643	9606.ENSP00000373489	0	0	0	0.884	0	0	0.400	0.057	0.410
KRT12	KRT25	9606.ENSP00000251643	9606.ENSP00000310573	0	0	0	0.935	0.044	0	0.400	0.059	0.413
KRT12	KRT28	9606.ENSP00000251643	9606.ENSP00000305263	0	0	0.053	0.936	0.043	0	0.400	0.049	0.413
KRT12	KRT24	9606.ENSP00000251643	9606.ENSP00000264651	0	0	0.056	0.943	0.044	0	0.400	0.061	0.423
KRT12	KRT19	9606.ENSP00000251643	9606.ENSP00000355124	0	0	0.053	0.953	0	0	0.400	0.066	0.423
KRT12	KRT31	9606.ENSP00000251643	9606.ENSP00000251645	0	0	0	0.912	0.082	0	0.400	0	0.426
KRT12	KRT15	9606.ENSP00000251643	9606.ENSP00000377546	0	0	0.050	0.945	0	0	0.400	0.074	0.426
KRT12	KRT33B	9606.ENSP00000251643	9606.ENSP00000251646	0	0	0	0.913	0.082	0	0.400	0.053	0.433
KRT12	KRT36	9606.ENSP00000251643	9606.ENSP00000329165	0	0	0	0.905	0.062	0	0.400	0.076	0.435
KRT12	KRT40	9606.ENSP00000251643	9606.ENSP00000366984	0	0	0	0.893	0.104	0	0.400	0	0.440
KRT12	KRT34	9606.ENSP00000251643	9606.ENSP00000377570	0	0	0.059	0.894	0.080	0	0.400	0.051	0.441
KRT12	KRT27	9606.ENSP00000251643	9606.ENSP00000301656	0	0	0.053	0.941	0.082	0.071	0.400	0.068	0.467
KRT12	MMP9	9606.ENSP00000251643	9606.ENSP00000361405	0	0	0	0	0	0	0	0.489	0.489
KRT13	KRT33A	9606.ENSP00000246635	9606.ENSP00000007735	0	0	0	0.927	0.082	0	0.400	0.061	0.437
KRT13	KRT14	9606.ENSP00000246635	9606.ENSP00000167586	0	0	0.054	0.962	0.264	0	0.400	0.073	0.561
KRT13	KRT20	9606.ENSP00000246635	9606.ENSP00000167588	0	0	0.054	0.923	0.042	0.187	0.400	0.282	0.624
KRT13	KRT23	9606.ENSP00000246635	9606.ENSP00000209718	0	0	0	0.891	0.097	0	0.400	0.082	0.459
KRT13	KRT37	9606.ENSP00000246635	9606.ENSP00000225550	0	0	0	0.882	0.072	0	0.400	0	0.419
KRT13	KRT32	9606.ENSP00000246635	9606.ENSP00000225899	0	0	0.058	0.913	0.134	0	0.400	0.062	0.480
KRT13	KRT39	9606.ENSP00000246635	9606.ENSP00000347823	0	0	0	0.873	0	0	0.400	0	0.400
KRT13	KRT33B	9606.ENSP00000246635	9606.ENSP00000251646	0	0	0	0.923	0.044	0	0.400	0	0.401
KRT13	KRT28	9606.ENSP00000246635	9606.ENSP00000305263	0	0	0	0.924	0	0	0.400	0.047	0.403
KRT13	KRT26	9606.ENSP00000246635	9606.ENSP00000334798	0	0	0	0.909	0	0	0.400	0.048	0.404
KRT13	KRT34	9606.ENSP00000246635	9606.ENSP00000377570	0	0	0	0.910	0	0	0.400	0.048	0.404
KRT13	KRT25	9606.ENSP00000246635	9606.ENSP00000310573	0	0	0	0.924	0.043	0	0.400	0.049	0.406
KRT13	KRT38	9606.ENSP00000246635	9606.ENSP00000246646	0	0	0	0.885	0.042	0	0.400	0.052	0.407
KRT13	KRT35	9606.ENSP00000246635	9606.ENSP00000377558	0	0	0.056	0.924	0.047	0	0.400	0.052	0.420
KRT13	KRT40	9606.ENSP00000246635	9606.ENSP00000366984	0	0	0	0.904	0.058	0	0.400	0.068	0.427
KRT13	KRT27	9606.ENSP00000246635	9606.ENSP00000301656	0	0	0	0.934	0.042	0.071	0.400	0.058	0.430
KRT13	KRT9	9606.ENSP00000246635	9606.ENSP00000246662	0	0	0	0.938	0.083	0	0.400	0.065	0.440
KRT13	KRT31	9606.ENSP00000246635	9606.ENSP00000251645	0	0	0	0.922	0.098	0	0.400	0.066	0.450
KRT13	KRT36	9606.ENSP00000246635	9606.ENSP00000329165	0	0	0.069	0.916	0.060	0	0.400	0.087	0.457
KRT13	KRT18	9606.ENSP00000246635	9606.ENSP00000373489	0	0	0	0.898	0.074	0	0.400	0.155	0.489
KRT13	KRT24	9606.ENSP00000246635	9606.ENSP00000264651	0	0	0.053	0.939	0.164	0	0.400	0.051	0.489
KRT13	KRT16	9606.ENSP00000246635	9606.ENSP00000301653	0	0	0.054	0.962	0.324	0	0.400	0.072	0.596
KRT13	KRT17	9606.ENSP00000246635	9606.ENSP00000308452	0	0	0.050	0.959	0.280	0.098	0.400	0.077	0.596
KRT13	KRT19	9606.ENSP00000246635	9606.ENSP00000355124	0	0	0.049	0.962	0.120	0	0.400	0.400	0.658
KRT13	KRT15	9606.ENSP00000246635	9606.ENSP00000377546	0	0	0.053	0.973	0.462	0	0.400	0.065	0.676
KRT14	KRT33A	9606.ENSP00000167586	9606.ENSP00000007735	0	0	0.051	0.937	0.086	0	0.400	0.085	0.460
KRT14	KRT38	9606.ENSP00000167586	9606.ENSP00000246646	0	0	0	0.888	0.042	0	0.400	0.061	0.413
KRT14	KRT37	9606.ENSP00000167586	9606.ENSP00000225550	0	0	0	0.885	0	0	0.400	0.063	0.413
KRT14	KRT33B	9606.ENSP00000167586	9606.ENSP00000251646	0	0	0.052	0.936	0.049	0	0.400	0.048	0.416
KRT14	KRT40	9606.ENSP00000167586	9606.ENSP00000366984	0	0	0.056	0.916	0	0	0.400	0.053	0.416
KRT14	KRT39	9606.ENSP00000167586	9606.ENSP00000347823	0	0	0.062	0.878	0	0	0.400	0.048	0.418
KRT14	KRT28	9606.ENSP00000167586	9606.ENSP00000305263	0	0	0.060	0.931	0	0	0.400	0.060	0.423
KRT14	KRT32	9606.ENSP00000167586	9606.ENSP00000225899	0	0	0.054	0.920	0.044	0	0.400	0.064	0.425
KRT14	KRT20	9606.ENSP00000167586	9606.ENSP00000167588	0	0	0	0.934	0	0	0.400	0.082	0.425
KRT14	KRT34	9606.ENSP00000167586	9606.ENSP00000377570	0	0	0	0.925	0.072	0	0.400	0.055	0.427
KRT14	KRT26	9606.ENSP00000167586	9606.ENSP00000334798	0	0	0.061	0.916	0	0	0.400	0.074	0.433
KRT14	KRT25	9606.ENSP00000167586	9606.ENSP00000310573	0	0	0.058	0.931	0.054	0	0.400	0.068	0.435
KRT14	KRT35	9606.ENSP00000167586	9606.ENSP00000377558	0	0	0.069	0.934	0.056	0	0.400	0.059	0.438
KRT14	KRT31	9606.ENSP00000167586	9606.ENSP00000251645	0	0	0.052	0.934	0.083	0	0.400	0.063	0.446
KRT14	KRT24	9606.ENSP00000167586	9606.ENSP00000264651	0	0	0.056	0.936	0.063	0	0.400	0.084	0.448
KRT14	KRT36	9606.ENSP00000167586	9606.ENSP00000329165	0	0	0.064	0.940	0.055	0	0.400	0.088	0.452
KRT14	KRT23	9606.ENSP00000167586	9606.ENSP00000209718	0	0	0.059	0.889	0.085	0	0.400	0.075	0.458
KRT14	KRT27	9606.ENSP00000167586	9606.ENSP00000301656	0	0	0.058	0.936	0.062	0.071	0.400	0.073	0.460
KRT14	KRT19	9606.ENSP00000167586	9606.ENSP00000355124	0	0	0.048	0.965	0.062	0	0.400	0.128	0.470
KRT14	KRT9	9606.ENSP00000167586	9606.ENSP00000246662	0	0	0	0.935	0.154	0	0.400	0.161	0.537
KRT14	KRT18	9606.ENSP00000167586	9606.ENSP00000373489	0	0	0	0.914	0	0	0.400	0.421	0.637
KRT14	KRT15	9606.ENSP00000167586	9606.ENSP00000377546	0	0	0.054	0.964	0.550	0	0.400	0.073	0.731
KRT14	PGR	9606.ENSP00000167586	9606.ENSP00000325120	0	0	0	0	0.057	0.058	0	0.725	0.734
KRT14	KRT17	9606.ENSP00000167586	9606.ENSP00000308452	0	0	0.051	0.977	0.674	0.098	0.400	0.062	0.814
KRT14	KRT16	9606.ENSP00000167586	9606.ENSP00000301653	0	0	0.049	0.982	0.784	0	0.400	0.057	0.868
KRT15	KRT33A	9606.ENSP00000377546	9606.ENSP00000007735	0	0	0	0.930	0.109	0	0.400	0.098	0.475
KRT15	KRT20	9606.ENSP00000377546	9606.ENSP00000167588	0	0	0	0.924	0	0.303	0.400	0.071	0.577
KRT15	KRT23	9606.ENSP00000377546	9606.ENSP00000209718	0	0	0	0.896	0.109	0	0.400	0.085	0.468
KRT15	KRT37	9606.ENSP00000377546	9606.ENSP00000225550	0	0	0	0.882	0	0	0.400	0.052	0.406
KRT15	KRT32	9606.ENSP00000377546	9606.ENSP00000225899	0	0	0.054	0.918	0.102	0	0.400	0.067	0.461
KRT15	KRT38	9606.ENSP00000377546	9606.ENSP00000246646	0	0	0	0.883	0.042	0	0.400	0.062	0.413
KRT15	KRT9	9606.ENSP00000377546	9606.ENSP00000246662	0	0	0.050	0.940	0.076	0	0.400	0.065	0.442
KRT15	KRT31	9606.ENSP00000377546	9606.ENSP00000251645	0	0	0	0.927	0.101	0	0.400	0.071	0.455
KRT15	KRT33B	9606.ENSP00000377546	9606.ENSP00000251646	0	0	0	0.929	0.042	0	0.400	0.057	0.410
KRT15	KRT24	9606.ENSP00000377546	9606.ENSP00000264651	0	0	0.052	0.935	0.068	0	0.400	0.055	0.432
KRT15	KRT16	9606.ENSP00000377546	9606.ENSP00000301653	0	0	0.056	0.963	0.364	0	0.400	0.072	0.621
KRT15	KRT27	9606.ENSP00000377546	9606.ENSP00000301656	0	0	0.052	0.931	0.049	0.071	0.400	0.082	0.455
KRT15	KRT28	9606.ENSP00000377546	9606.ENSP00000305263	0	0	0	0.928	0	0	0.400	0.065	0.415
KRT15	KRT17	9606.ENSP00000377546	9606.ENSP00000308452	0	0	0.055	0.963	0.358	0	0.400	0.074	0.618
KRT15	KRT25	9606.ENSP00000377546	9606.ENSP00000310573	0	0	0	0.928	0.049	0	0.400	0.070	0.422
KRT15	KRT36	9606.ENSP00000377546	9606.ENSP00000329165	0	0	0.059	0.925	0.062	0	0.400	0.090	0.454
KRT15	KRT26	9606.ENSP00000377546	9606.ENSP00000334798	0	0	0	0.913	0	0	0.400	0.076	0.421
KRT15	KRT39	9606.ENSP00000377546	9606.ENSP00000347823	0	0	0	0.880	0	0	0.400	0.052	0.406
KRT15	KRT19	9606.ENSP00000377546	9606.ENSP00000355124	0	0	0.052	0.966	0.149	0.193	0.400	0.070	0.570
KRT15	KRT40	9606.ENSP00000377546	9606.ENSP00000366984	0	0	0	0.908	0	0	0.400	0.053	0.407
KRT15	KRT18	9606.ENSP00000377546	9606.ENSP00000373489	0	0	0	0.905	0.083	0.310	0.400	0.131	0.626
KRT15	KRT34	9606.ENSP00000377546	9606.ENSP00000377570	0	0	0	0.917	0.043	0	0.400	0.067	0.417
KRT15	KRT35	9606.ENSP00000377546	9606.ENSP00000377558	0	0	0.056	0.925	0.054	0	0.400	0.060	0.429
KRT16	KRT33A	9606.ENSP00000301653	9606.ENSP00000007735	0	0	0.055	0.934	0.100	0	0.400	0.084	0.470
KRT16	KRT20	9606.ENSP00000301653	9606.ENSP00000167588	0	0	0	0.924	0	0	0.400	0.065	0.415
KRT16	KRT23	9606.ENSP00000301653	9606.ENSP00000209718	0	0	0.064	0.894	0.115	0	0.400	0.078	0.480
KRT16	KRT37	9606.ENSP00000301653	9606.ENSP00000225550	0	0	0	0.881	0.067	0	0.400	0.066	0.431
KRT16	KRT32	9606.ENSP00000301653	9606.ENSP00000225899	0	0	0.065	0.915	0.072	0	0.400	0.054	0.442
KRT16	KRT38	9606.ENSP00000301653	9606.ENSP00000246646	0	0	0	0.883	0	0	0.400	0.065	0.415
KRT16	KRT9	9606.ENSP00000301653	9606.ENSP00000246662	0	0	0	0.935	0.224	0	0.400	0.106	0.547
KRT16	KRT31	9606.ENSP00000301653	9606.ENSP00000251645	0	0	0.054	0.932	0.076	0	0.400	0.065	0.444
KRT16	KRT33B	9606.ENSP00000301653	9606.ENSP00000251646	0	0	0.056	0.933	0.056	0	0.400	0.063	0.432
KRT16	KRT24	9606.ENSP00000301653	9606.ENSP00000264651	0	0	0.053	0.935	0.072	0	0.400	0.062	0.439
KRT16	KRT39	9606.ENSP00000301653	9606.ENSP00000347823	0	0	0	0.870	0	0	0.400	0	0.400
KRT16	KRT40	9606.ENSP00000301653	9606.ENSP00000366984	0	0	0	0.913	0	0	0.400	0.053	0.407
KRT16	KRT28	9606.ENSP00000301653	9606.ENSP00000305263	0	0	0.057	0.927	0	0	0.400	0.067	0.426
KRT16	KRT25	9606.ENSP00000301653	9606.ENSP00000310573	0	0	0.058	0.933	0.044	0	0.400	0.068	0.429
KRT16	KRT35	9606.ENSP00000301653	9606.ENSP00000377558	0	0	0.071	0.930	0.048	0	0.400	0.058	0.434
KRT16	KRT34	9606.ENSP00000301653	9606.ENSP00000377570	0	0	0.057	0.919	0.067	0	0.400	0.062	0.438
KRT16	KRT26	9606.ENSP00000301653	9606.ENSP00000334798	0	0	0.061	0.919	0	0	0.400	0.084	0.438
KRT16	KRT27	9606.ENSP00000301653	9606.ENSP00000301656	0	0	0.058	0.934	0.044	0.071	0.400	0.079	0.454
KRT16	KRT36	9606.ENSP00000301653	9606.ENSP00000329165	0	0	0.063	0.935	0.073	0	0.400	0.083	0.459
KRT16	KRT19	9606.ENSP00000301653	9606.ENSP00000355124	0	0	0.049	0.964	0.097	0	0.400	0.091	0.469
KRT16	KRT18	9606.ENSP00000301653	9606.ENSP00000373489	0	0	0.056	0.909	0.080	0	0.400	0.108	0.473
KRT16	KRT17	9606.ENSP00000301653	9606.ENSP00000308452	0	0	0.053	0.971	0.787	0.098	0.400	0.068	0.880
KRT17	KRT33A	9606.ENSP00000308452	9606.ENSP00000007735	0	0	0	0.936	0.086	0	0.400	0.088	0.456
KRT17	KRT20	9606.ENSP00000308452	9606.ENSP00000167588	0	0	0	0.935	0	0	0.400	0.078	0.423
KRT17	KRT23	9606.ENSP00000308452	9606.ENSP00000209718	0	0	0	0.896	0.102	0	0.400	0.075	0.458
KRT17	KRT37	9606.ENSP00000308452	9606.ENSP00000225550	0	0	0	0.895	0	0	0.400	0.068	0.416
KRT17	KRT32	9606.ENSP00000308452	9606.ENSP00000225899	0	0	0.054	0.921	0	0	0.400	0.064	0.423
KRT17	KRT38	9606.ENSP00000308452	9606.ENSP00000246646	0	0	0	0.897	0.043	0	0.400	0.063	0.414
KRT17	KRT9	9606.ENSP00000308452	9606.ENSP00000246662	0	0	0	0.926	0.101	0.098	0.400	0.083	0.494
KRT17	KRT31	9606.ENSP00000308452	9606.ENSP00000251645	0	0	0	0.932	0.065	0	0.400	0.063	0.428
KRT17	KRT33B	9606.ENSP00000308452	9606.ENSP00000251646	0	0	0	0.935	0.054	0	0.400	0.063	0.421
KRT17	KRT24	9606.ENSP00000308452	9606.ENSP00000264651	0	0	0	0.943	0.043	0	0.400	0.056	0.410
KRT17	KRT27	9606.ENSP00000308452	9606.ENSP00000301656	0	0	0.050	0.941	0.044	0.126	0.400	0.077	0.481
KRT17	KRT28	9606.ENSP00000308452	9606.ENSP00000305263	0	0	0.053	0.938	0	0	0.400	0.060	0.419
KRT17	KRT39	9606.ENSP00000308452	9606.ENSP00000347823	0	0	0	0.900	0	0	0.400	0.055	0.408
KRT17	KRT26	9606.ENSP00000308452	9606.ENSP00000334798	0	0	0	0.921	0	0	0.400	0.076	0.421
KRT17	KRT25	9606.ENSP00000308452	9606.ENSP00000310573	0	0	0.052	0.928	0.044	0	0.400	0.068	0.425
KRT17	KRT34	9606.ENSP00000308452	9606.ENSP00000377570	0	0	0	0.925	0.067	0	0.400	0.059	0.427
KRT17	KRT40	9606.ENSP00000308452	9606.ENSP00000366984	0	0	0.058	0.913	0.058	0	0.400	0.056	0.430
KRT17	KRT35	9606.ENSP00000308452	9606.ENSP00000377558	0	0	0.064	0.936	0.048	0	0.400	0.080	0.443
KRT17	KRT36	9606.ENSP00000308452	9606.ENSP00000329165	0	0	0.054	0.944	0.059	0	0.400	0.090	0.450
KRT17	KRT19	9606.ENSP00000308452	9606.ENSP00000355124	0	0	0.052	0.966	0.109	0.098	0.400	0.091	0.509
KRT17	PGR	9606.ENSP00000308452	9606.ENSP00000325120	0	0	0	0	0.055	0.058	0	0.513	0.528
KRT17	KRT18	9606.ENSP00000308452	9606.ENSP00000373489	0	0	0	0.900	0.100	0.098	0.400	0.433	0.686
KRT18	KRT33A	9606.ENSP00000373489	9606.ENSP00000007735	0	0	0	0.894	0	0	0.400	0.302	0.563
KRT18	KRT20	9606.ENSP00000373489	9606.ENSP00000167588	0	0	0	0.893	0.072	0	0.400	0.417	0.647
KRT18	KRT23	9606.ENSP00000373489	9606.ENSP00000209718	0	0	0	0.846	0.067	0	0.400	0.093	0.448
KRT18	KRT37	9606.ENSP00000373489	9606.ENSP00000225550	0	0	0	0.844	0	0	0.400	0.045	0.402
KRT18	KRT32	9606.ENSP00000373489	9606.ENSP00000225899	0	0	0	0.885	0	0	0.400	0.051	0.406
KRT18	KRT38	9606.ENSP00000373489	9606.ENSP00000246646	0	0	0	0.846	0	0	0.400	0.049	0.405
KRT18	KRT9	9606.ENSP00000373489	9606.ENSP00000246662	0	0	0	0.854	0	0	0.400	0.444	0.652
KRT18	KRT31	9606.ENSP00000373489	9606.ENSP00000251645	0	0	0	0.890	0	0	0.400	0.055	0.408
KRT18	KRT33B	9606.ENSP00000373489	9606.ENSP00000251646	0	0	0	0.890	0	0	0.400	0.047	0.403
KRT18	KRT24	9606.ENSP00000373489	9606.ENSP00000264651	0	0	0	0.895	0	0	0.400	0.052	0.406
KRT18	KRT27	9606.ENSP00000373489	9606.ENSP00000301656	0	0	0	0.872	0	0.071	0.400	0.086	0.446
KRT18	KRT28	9606.ENSP00000373489	9606.ENSP00000305263	0	0	0	0.876	0	0	0.400	0.070	0.418
KRT18	KRT25	9606.ENSP00000373489	9606.ENSP00000310573	0	0	0	0.864	0	0	0.400	0.075	0.421
KRT18	PGR	9606.ENSP00000373489	9606.ENSP00000325120	0	0	0	0	0.055	0.058	0	0.519	0.534
KRT18	KRT36	9606.ENSP00000373489	9606.ENSP00000329165	0	0	0	0.898	0.048	0	0.400	0.081	0.429
KRT18	KRT26	9606.ENSP00000373489	9606.ENSP00000334798	0	0	0	0.852	0	0	0.400	0.094	0.433
KRT18	KRT39	9606.ENSP00000373489	9606.ENSP00000347823	0	0	0.066	0.849	0	0	0.400	0.060	0.427
KRT18	KRT19	9606.ENSP00000373489	9606.ENSP00000355124	0	0	0	0.915	0.475	0.166	0.400	0.761	0.928
KRT18	KRT40	9606.ENSP00000373489	9606.ENSP00000366984	0	0	0	0.853	0	0	0.400	0.062	0.413
KRT18	RAF1	9606.ENSP00000373489	9606.ENSP00000401888	0	0	0	0	0.051	0.333	0	0.134	0.404
KRT18	KRT34	9606.ENSP00000373489	9606.ENSP00000377570	0	0	0.063	0.871	0	0	0.400	0.053	0.421
KRT18	KRT35	9606.ENSP00000373489	9606.ENSP00000377558	0	0	0.058	0.889	0	0	0.400	0.438	0.655
KRT19	KRT33A	9606.ENSP00000355124	9606.ENSP00000007735	0	0	0	0.933	0.056	0	0.400	0.085	0.436
KRT19	KRT20	9606.ENSP00000355124	9606.ENSP00000167588	0	0	0	0.936	0.129	0	0.400	0.409	0.664
KRT19	KRT23	9606.ENSP00000355124	9606.ENSP00000209718	0	0	0	0.911	0.084	0	0.400	0.066	0.442
KRT19	KRT37	9606.ENSP00000355124	9606.ENSP00000225550	0	0	0	0.902	0.058	0	0.400	0.044	0.412
KRT19	KRT32	9606.ENSP00000355124	9606.ENSP00000225899	0	0	0	0.935	0.062	0	0.400	0.045	0.415
KRT19	KRT38	9606.ENSP00000355124	9606.ENSP00000246646	0	0	0	0.908	0	0	0.400	0.049	0.405
KRT19	KRT9	9606.ENSP00000355124	9606.ENSP00000246662	0	0	0	0.933	0	0	0.400	0.284	0.552
KRT19	KRT31	9606.ENSP00000355124	9606.ENSP00000251645	0	0	0	0.933	0.042	0	0.400	0.046	0.403
KRT19	KRT33B	9606.ENSP00000355124	9606.ENSP00000251646	0	0	0	0.932	0	0	0.400	0	0.400
KRT19	MAPK3	9606.ENSP00000355124	9606.ENSP00000263025	0	0	0	0	0.056	0.091	0	0.364	0.406
KRT19	KRT24	9606.ENSP00000355124	9606.ENSP00000264651	0	0	0	0.945	0.054	0	0.400	0.047	0.411
KRT19	TFF1	9606.ENSP00000355124	9606.ENSP00000291527	0	0	0	0	0.213	0	0	0.292	0.418
KRT19	KRT27	9606.ENSP00000355124	9606.ENSP00000301656	0	0	0	0.941	0	0.071	0.400	0.062	0.432
KRT19	KRT28	9606.ENSP00000355124	9606.ENSP00000305263	0	0	0	0.936	0	0	0.400	0.050	0.405
KRT19	KRT25	9606.ENSP00000355124	9606.ENSP00000310573	0	0	0	0.934	0	0	0.400	0.055	0.408
KRT19	PGR	9606.ENSP00000355124	9606.ENSP00000325120	0	0	0	0	0.075	0.058	0	0.507	0.533
KRT19	KRT36	9606.ENSP00000355124	9606.ENSP00000329165	0	0	0	0.944	0.048	0	0.400	0.078	0.428
KRT19	KRT26	9606.ENSP00000355124	9606.ENSP00000334798	0	0	0	0.929	0	0	0.400	0.058	0.410
KRT19	KRT39	9606.ENSP00000355124	9606.ENSP00000347823	0	0	0	0.911	0	0	0.400	0.043	0.401
KRT19	KRT35	9606.ENSP00000355124	9606.ENSP00000377558	0	0	0	0.941	0.042	0	0.400	0.042	0.401
KRT19	RAF1	9606.ENSP00000355124	9606.ENSP00000401888	0	0	0	0	0.051	0.333	0	0.136	0.405
KRT19	KRT34	9606.ENSP00000355124	9606.ENSP00000377570	0	0	0	0.932	0.042	0	0.400	0.051	0.406
KRT19	MMP9	9606.ENSP00000355124	9606.ENSP00000361405	0	0	0	0	0	0	0	0.416	0.416
KRT19	KRT40	9606.ENSP00000355124	9606.ENSP00000366984	0	0	0	0.919	0.067	0	0.400	0.044	0.418
KRT20	KRT33A	9606.ENSP00000167588	9606.ENSP00000007735	0	0	0.062	0.906	0.042	0	0.400	0.298	0.571
KRT20	NRAS	9606.ENSP00000167588	9606.ENSP00000358548	0	0	0	0	0	0.096	0	0.371	0.407
KRT20	KRT35	9606.ENSP00000167588	9606.ENSP00000377558	0	0	0.058	0.911	0	0	0.400	0	0.411
KRT20	KRT37	9606.ENSP00000167588	9606.ENSP00000225550	0	0	0.069	0.868	0	0	0.400	0	0.417
KRT20	PIK3CA	9606.ENSP00000167588	9606.ENSP00000263967	0	0	0	0	0	0.045	0	0.416	0.418
KRT20	KRT33B	9606.ENSP00000167588	9606.ENSP00000251646	0	0	0.063	0.903	0.042	0	0.400	0.047	0.418
KRT20	KRT25	9606.ENSP00000167588	9606.ENSP00000310573	0	0	0.066	0.891	0	0	0.400	0.048	0.420
KRT20	KRT38	9606.ENSP00000167588	9606.ENSP00000246646	0	0	0.068	0.867	0.047	0	0.400	0	0.420
KRT20	KRT28	9606.ENSP00000167588	9606.ENSP00000305263	0	0	0.072	0.899	0.044	0	0.400	0	0.421
KRT20	KRT32	9606.ENSP00000167588	9606.ENSP00000225899	0	0	0.063	0.896	0	0	0.400	0.055	0.423
KRT20	KRT39	9606.ENSP00000167588	9606.ENSP00000347823	0	0	0.069	0.863	0	0	0.400	0.055	0.426
KRT20	KRT26	9606.ENSP00000167588	9606.ENSP00000334798	0	0	0.075	0.881	0	0	0.400	0.051	0.427
KRT20	KRT23	9606.ENSP00000167588	9606.ENSP00000209718	0	0	0.061	0.890	0	0	0.400	0.066	0.428
KRT20	KRT36	9606.ENSP00000167588	9606.ENSP00000329165	0	0	0.064	0.914	0.050	0	0.400	0.076	0.442
KRT20	KRT31	9606.ENSP00000167588	9606.ENSP00000251645	0	0	0.068	0.899	0.044	0.080	0.400	0.045	0.444
KRT20	KRT34	9606.ENSP00000167588	9606.ENSP00000377570	0	0	0.067	0.894	0	0.095	0.400	0.046	0.452
KRT20	KRT40	9606.ENSP00000167588	9606.ENSP00000366984	0	0	0.073	0.883	0.067	0.072	0.400	0.068	0.469
KRT20	KRT27	9606.ENSP00000167588	9606.ENSP00000301656	0	0	0.063	0.906	0.042	0.132	0.400	0.048	0.473
KRT20	KRT24	9606.ENSP00000167588	9606.ENSP00000264651	0	0	0.061	0.917	0.044	0.301	0.400	0	0.573
KRT20	PGR	9606.ENSP00000167588	9606.ENSP00000325120	0	0	0	0	0.055	0.058	0	0.665	0.675
KRT20	KRT9	9606.ENSP00000167588	9606.ENSP00000246662	0	0	0.062	0.872	0	0	0.400	0.626	0.771
KRT23	KRT33A	9606.ENSP00000209718	9606.ENSP00000007735	0	0	0.077	0.875	0.066	0	0.400	0.088	0.466
KRT23	KRT36	9606.ENSP00000209718	9606.ENSP00000329165	0	0	0.067	0.881	0.047	0	0.400	0	0.420
KRT23	KRT24	9606.ENSP00000209718	9606.ENSP00000264651	0	0	0	0.877	0	0	0.400	0.078	0.423
KRT23	KRT35	9606.ENSP00000209718	9606.ENSP00000377558	0	0	0.075	0.881	0	0	0.400	0.059	0.432
KRT23	KRT9	9606.ENSP00000209718	9606.ENSP00000246662	0	0	0	0.864	0.049	0	0.400	0.094	0.438
KRT23	KRT33B	9606.ENSP00000209718	9606.ENSP00000251646	0	0	0.077	0.869	0.042	0	0.400	0.072	0.442
KRT23	KRT38	9606.ENSP00000209718	9606.ENSP00000246646	0	0	0.075	0.832	0	0	0.400	0.077	0.443
KRT23	KRT32	9606.ENSP00000209718	9606.ENSP00000225899	0	0	0.075	0.858	0.049	0	0.400	0.073	0.445
KRT23	KRT28	9606.ENSP00000209718	9606.ENSP00000305263	0	0	0.098	0.873	0	0	0.400	0.060	0.447
KRT23	KRT34	9606.ENSP00000209718	9606.ENSP00000377570	0	0	0.080	0.851	0	0	0.400	0.090	0.454
KRT23	KRT27	9606.ENSP00000209718	9606.ENSP00000301656	0	0	0.096	0.872	0	0	0.400	0.079	0.457
KRT23	KRT37	9606.ENSP00000209718	9606.ENSP00000225550	0	0	0.079	0.832	0.061	0	0.400	0.079	0.458
KRT23	KRT31	9606.ENSP00000209718	9606.ENSP00000251645	0	0	0.076	0.867	0.055	0	0.400	0.093	0.462
KRT23	KRT26	9606.ENSP00000209718	9606.ENSP00000334798	0	0	0.097	0.866	0	0	0.400	0.087	0.463
KRT23	KRT25	9606.ENSP00000209718	9606.ENSP00000310573	0	0	0.103	0.861	0.042	0	0.400	0.089	0.468
KRT23	KRT39	9606.ENSP00000209718	9606.ENSP00000347823	0	0	0.113	0.814	0.062	0	0.400	0.067	0.472
KRT23	KRT40	9606.ENSP00000209718	9606.ENSP00000366984	0	0	0.099	0.841	0.083	0	0.400	0.079	0.483
KRT24	KRT33A	9606.ENSP00000264651	9606.ENSP00000007735	0	0	0.059	0.897	0.050	0	0.400	0.070	0.434
KRT24	KRT37	9606.ENSP00000264651	9606.ENSP00000225550	0	0	0.075	0.841	0.060	0	0.400	0	0.432
KRT24	KRT32	9606.ENSP00000264651	9606.ENSP00000225899	0	0	0	0.878	0.050	0	0.400	0.087	0.434
KRT24	KRT38	9606.ENSP00000264651	9606.ENSP00000246646	0	0	0.073	0.841	0.047	0	0.400	0.047	0.427
KRT24	KRT9	9606.ENSP00000264651	9606.ENSP00000246662	0	0	0	0.917	0.062	0	0.400	0.044	0.414
KRT24	KRT31	9606.ENSP00000264651	9606.ENSP00000251645	0	0	0.060	0.894	0.058	0	0.400	0.079	0.445
KRT24	KRT33B	9606.ENSP00000264651	9606.ENSP00000251646	0	0	0.059	0.897	0.042	0	0.400	0	0.412
KRT24	KRT35	9606.ENSP00000264651	9606.ENSP00000377558	0	0	0	0.897	0.047	0	0.400	0.062	0.416
KRT24	KRT28	9606.ENSP00000264651	9606.ENSP00000305263	0	0	0.058	0.941	0.049	0	0.400	0.052	0.422
KRT24	KRT25	9606.ENSP00000264651	9606.ENSP00000310573	0	0	0.054	0.943	0.048	0	0.400	0.063	0.426
KRT24	KRT26	9606.ENSP00000264651	9606.ENSP00000334798	0	0	0.061	0.929	0	0	0.400	0.068	0.429
KRT24	KRT39	9606.ENSP00000264651	9606.ENSP00000347823	0	0	0	0.839	0	0	0.400	0.091	0.431
KRT24	KRT34	9606.ENSP00000264651	9606.ENSP00000377570	0	0	0.062	0.878	0.044	0	0.400	0.067	0.431
KRT24	KRT40	9606.ENSP00000264651	9606.ENSP00000366984	0	0	0.079	0.875	0	0	0.400	0.085	0.450
KRT24	KRT27	9606.ENSP00000264651	9606.ENSP00000301656	0	0	0.056	0.946	0.062	0.071	0.400	0.078	0.462
KRT24	KRT36	9606.ENSP00000264651	9606.ENSP00000329165	0	0	0.064	0.897	0.066	0	0.400	0.099	0.464
KRT25	KRT33A	9606.ENSP00000310573	9606.ENSP00000007735	0	0	0.079	0.892	0.210	0	0.400	0.069	0.539
KRT25	KRT37	9606.ENSP00000310573	9606.ENSP00000225550	0	0	0.095	0.815	0.060	0	0.400	0.113	0.487
KRT25	KRT32	9606.ENSP00000310573	9606.ENSP00000225899	0	0	0.075	0.871	0.127	0	0.400	0.100	0.506
KRT25	KRT38	9606.ENSP00000310573	9606.ENSP00000246646	0	0	0.095	0.811	0.127	0	0.400	0.112	0.522
KRT25	KRT9	9606.ENSP00000310573	9606.ENSP00000246662	0	0	0	0.897	0.084	0	0.400	0.068	0.443
KRT25	KRT31	9606.ENSP00000310573	9606.ENSP00000251645	0	0	0.079	0.886	0.205	0	0.400	0.094	0.549
KRT25	KRT33B	9606.ENSP00000310573	9606.ENSP00000251646	0	0	0.080	0.889	0.293	0	0.400	0.079	0.592
KRT25	KRT27	9606.ENSP00000310573	9606.ENSP00000301656	0	0	0.050	0.980	0.792	0.071	0.400	0.070	0.879
KRT25	KRT28	9606.ENSP00000310573	9606.ENSP00000305263	0	0	0.053	0.975	0.312	0	0.400	0.057	0.582
KRT25	KRT39	9606.ENSP00000310573	9606.ENSP00000347823	0	0	0.104	0.840	0.057	0	0.400	0.082	0.472
KRT25	KRT26	9606.ENSP00000310573	9606.ENSP00000334798	0	0	0.055	0.971	0.141	0	0.400	0.057	0.479
KRT25	KRT36	9606.ENSP00000310573	9606.ENSP00000329165	0	0	0.073	0.892	0.078	0	0.400	0.112	0.484
KRT25	KRT40	9606.ENSP00000310573	9606.ENSP00000366984	0	0	0.096	0.862	0.120	0	0.400	0.085	0.505
KRT25	KRT34	9606.ENSP00000310573	9606.ENSP00000377570	0	0	0.084	0.856	0.214	0	0.400	0.099	0.559
KRT25	KRT35	9606.ENSP00000310573	9606.ENSP00000377558	0	0	0.083	0.877	0.509	0	0.400	0.087	0.720
KRT26	KRT33A	9606.ENSP00000334798	9606.ENSP00000007735	0	0	0.081	0.866	0.117	0	0.400	0.066	0.484
KRT26	KRT37	9606.ENSP00000334798	9606.ENSP00000225550	0	0	0.126	0.808	0	0	0.400	0.132	0.505
KRT26	KRT32	9606.ENSP00000334798	9606.ENSP00000225899	0	0	0.093	0.847	0	0	0.400	0.117	0.477
KRT26	KRT38	9606.ENSP00000334798	9606.ENSP00000246646	0	0	0.129	0.801	0	0	0.400	0.154	0.519
KRT26	KRT9	9606.ENSP00000334798	9606.ENSP00000246662	0	0	0	0.876	0.068	0	0.400	0.076	0.438
KRT26	KRT31	9606.ENSP00000334798	9606.ENSP00000251645	0	0	0.084	0.860	0.117	0	0.400	0.098	0.503
KRT26	KRT33B	9606.ENSP00000334798	9606.ENSP00000251646	0	0	0.084	0.861	0.117	0	0.400	0.048	0.476
KRT26	KRT27	9606.ENSP00000334798	9606.ENSP00000301656	0	0	0.054	0.972	0.304	0.071	0.400	0.075	0.599
KRT26	KRT28	9606.ENSP00000334798	9606.ENSP00000305263	0	0	0.056	0.968	0.141	0	0.400	0.064	0.484
KRT26	KRT36	9606.ENSP00000334798	9606.ENSP00000329165	0	0	0.088	0.865	0.048	0	0.400	0.132	0.488
KRT26	KRT34	9606.ENSP00000334798	9606.ENSP00000377570	0	0	0.083	0.838	0.080	0	0.400	0.116	0.493
KRT26	KRT40	9606.ENSP00000334798	9606.ENSP00000366984	0	0	0.111	0.850	0.080	0	0.400	0.102	0.500
KRT26	KRT35	9606.ENSP00000334798	9606.ENSP00000377558	0	0	0.090	0.865	0.115	0	0.400	0.105	0.509
KRT26	KRT39	9606.ENSP00000334798	9606.ENSP00000347823	0	0	0.110	0.808	0.057	0	0.400	0.150	0.514
KRT27	KRT33A	9606.ENSP00000301656	9606.ENSP00000007735	0	0	0.075	0.903	0.316	0.092	0.400	0.076	0.624
KRT27	KRT37	9606.ENSP00000301656	9606.ENSP00000225550	0	0	0.092	0.827	0.072	0	0.400	0.116	0.493
KRT27	KRT32	9606.ENSP00000301656	9606.ENSP00000225899	0	0	0.061	0.880	0.235	0	0.400	0.100	0.561
KRT27	KRT38	9606.ENSP00000301656	9606.ENSP00000246646	0	0	0.087	0.822	0.149	0	0.400	0.125	0.538
KRT27	KRT9	9606.ENSP00000301656	9606.ENSP00000246662	0	0	0	0.899	0.056	0.071	0.400	0.056	0.436
KRT27	KRT31	9606.ENSP00000301656	9606.ENSP00000251645	0	0	0.076	0.893	0.241	0.092	0.400	0.107	0.597
KRT27	KRT33B	9606.ENSP00000301656	9606.ENSP00000251646	0	0	0.077	0.897	0.396	0.092	0.400	0.087	0.672
KRT27	KRT39	9606.ENSP00000301656	9606.ENSP00000347823	0	0	0.105	0.841	0	0	0.400	0.107	0.479
KRT27	KRT36	9606.ENSP00000301656	9606.ENSP00000329165	0	0	0.070	0.896	0.080	0	0.400	0.129	0.494
KRT27	KRT28	9606.ENSP00000301656	9606.ENSP00000305263	0	0	0.052	0.977	0.139	0.071	0.400	0.072	0.501
KRT27	KRT40	9606.ENSP00000301656	9606.ENSP00000366984	0	0	0.088	0.877	0.155	0.091	0.400	0.101	0.554
KRT27	KRT34	9606.ENSP00000301656	9606.ENSP00000377570	0	0	0.079	0.876	0.323	0.091	0.400	0.093	0.636
KRT27	KRT35	9606.ENSP00000301656	9606.ENSP00000377558	0	0	0.082	0.888	0.725	0.098	0.400	0.107	0.855
KRT28	KRT33A	9606.ENSP00000305263	9606.ENSP00000007735	0	0	0.076	0.899	0.131	0	0.400	0.066	0.490
KRT28	KRT37	9606.ENSP00000305263	9606.ENSP00000225550	0	0	0.101	0.836	0.049	0	0.400	0.107	0.481
KRT28	KRT32	9606.ENSP00000305263	9606.ENSP00000225899	0	0	0.069	0.874	0.044	0	0.400	0.086	0.447
KRT28	KRT38	9606.ENSP00000305263	9606.ENSP00000246646	0	0	0.099	0.833	0.068	0	0.400	0.135	0.506
KRT28	KRT9	9606.ENSP00000305263	9606.ENSP00000246662	0	0	0	0.889	0.070	0	0.400	0.065	0.433
KRT28	KRT31	9606.ENSP00000305263	9606.ENSP00000251645	0	0	0.078	0.893	0.115	0	0.400	0.081	0.489
KRT28	KRT33B	9606.ENSP00000305263	9606.ENSP00000251646	0	0	0.077	0.894	0.113	0	0.400	0.049	0.470
KRT28	KRT34	9606.ENSP00000305263	9606.ENSP00000377570	0	0	0.082	0.870	0.080	0	0.400	0.062	0.462
KRT28	KRT36	9606.ENSP00000305263	9606.ENSP00000329165	0	0	0.078	0.898	0.055	0	0.400	0.108	0.472
KRT28	KRT40	9606.ENSP00000305263	9606.ENSP00000366984	0	0	0.101	0.871	0.080	0	0.400	0.081	0.482
KRT28	KRT39	9606.ENSP00000305263	9606.ENSP00000347823	0	0	0.106	0.840	0.057	0	0.400	0.098	0.483
KRT28	KRT35	9606.ENSP00000305263	9606.ENSP00000377558	0	0	0.082	0.887	0.126	0	0.400	0.074	0.495
KRT31	KRT33A	9606.ENSP00000251645	9606.ENSP00000007735	0	0	0.048	0.985	0.635	0	0.400	0.053	0.776
KRT31	KRT37	9606.ENSP00000251645	9606.ENSP00000225550	0	0	0.056	0.956	0.107	0	0.400	0.081	0.473
KRT31	KRT32	9606.ENSP00000251645	9606.ENSP00000225899	0	0	0.049	0.967	0.180	0	0.400	0.075	0.510
KRT31	KRT38	9606.ENSP00000251645	9606.ENSP00000246646	0	0	0.054	0.959	0.126	0	0.400	0.078	0.481
KRT31	KRT9	9606.ENSP00000251645	9606.ENSP00000246662	0	0	0	0.864	0.109	0	0.400	0.086	0.468
KRT31	KRT39	9606.ENSP00000251645	9606.ENSP00000347823	0	0	0.055	0.951	0	0	0.400	0.051	0.415
KRT31	KRT40	9606.ENSP00000251645	9606.ENSP00000366984	0	0	0.057	0.954	0.072	0	0.400	0.058	0.439
KRT31	KRT36	9606.ENSP00000251645	9606.ENSP00000329165	0	0	0.050	0.969	0.090	0	0.400	0.102	0.473
KRT31	KRT34	9606.ENSP00000251645	9606.ENSP00000377570	0	0	0.050	0.980	0.223	0	0.400	0.059	0.527
KRT31	KRT33B	9606.ENSP00000251645	9606.ENSP00000251646	0	0	0.048	0.985	0.257	0	0.400	0.055	0.545
KRT31	KRT35	9606.ENSP00000251645	9606.ENSP00000377558	0	0	0.053	0.969	0.295	0	0.400	0.069	0.577
KRT32	KRT33A	9606.ENSP00000225899	9606.ENSP00000007735	0	0	0.049	0.967	0.144	0	0.400	0.069	0.485
KRT32	KRT37	9606.ENSP00000225899	9606.ENSP00000225550	0	0	0.056	0.942	0.230	0	0.400	0.092	0.551
KRT32	KRT39	9606.ENSP00000225899	9606.ENSP00000347823	0	0	0.051	0.944	0.061	0	0.400	0.062	0.431
KRT32	KRT40	9606.ENSP00000225899	9606.ENSP00000366984	0	0	0.057	0.951	0.062	0	0.400	0.069	0.441
KRT32	KRT36	9606.ENSP00000225899	9606.ENSP00000329165	0	0	0.055	0.965	0.097	0	0.400	0.073	0.462
KRT32	KRT34	9606.ENSP00000225899	9606.ENSP00000377570	0	0	0.051	0.959	0.139	0	0.400	0.082	0.490
KRT32	KRT9	9606.ENSP00000225899	9606.ENSP00000246662	0	0	0	0.849	0.084	0	0.400	0.261	0.558
KRT32	KRT38	9606.ENSP00000225899	9606.ENSP00000246646	0	0	0.058	0.943	0.241	0	0.400	0.092	0.558
KRT32	KRT33B	9606.ENSP00000225899	9606.ENSP00000251646	0	0	0.049	0.967	0.341	0	0.400	0.074	0.605
KRT32	KRT35	9606.ENSP00000225899	9606.ENSP00000377558	0	0	0.054	0.964	0.626	0	0.400	0.077	0.778
KRT33A	KRT39	9606.ENSP00000007735	9606.ENSP00000347823	0	0	0.055	0.953	0	0	0.400	0.056	0.418
KRT33A	KRT40	9606.ENSP00000007735	9606.ENSP00000366984	0	0	0.056	0.956	0.072	0	0.400	0.060	0.439
KRT33A	KRT9	9606.ENSP00000007735	9606.ENSP00000246662	0	0	0	0.871	0.062	0	0.400	0.084	0.439
KRT33A	KRT37	9606.ENSP00000007735	9606.ENSP00000225550	0	0	0.055	0.958	0.068	0	0.400	0.073	0.445
KRT33A	KRT38	9606.ENSP00000007735	9606.ENSP00000246646	0	0	0.054	0.961	0.140	0	0.400	0.071	0.485
KRT33A	KRT36	9606.ENSP00000007735	9606.ENSP00000329165	0	0	0.048	0.969	0.158	0	0.400	0.099	0.509
KRT33A	KRT35	9606.ENSP00000007735	9606.ENSP00000377558	0	0	0.052	0.969	0.430	0	0.400	0.065	0.656
KRT33A	KRT34	9606.ENSP00000007735	9606.ENSP00000377570	0	0	0.049	0.982	0.521	0	0.400	0.055	0.707
KRT33A	KRT33B	9606.ENSP00000007735	9606.ENSP00000251646	0	0	0.048	0.985	0.530	0	0.400	0.053	0.711
KRT33B	KRT37	9606.ENSP00000251646	9606.ENSP00000225550	0	0	0.056	0.956	0.224	0	0.400	0.081	0.542
KRT33B	KRT38	9606.ENSP00000251646	9606.ENSP00000246646	0	0	0.054	0.961	0.500	0	0.400	0.077	0.703
KRT33B	KRT9	9606.ENSP00000251646	9606.ENSP00000246662	0	0	0	0.877	0.079	0	0.400	0.073	0.443
KRT33B	KRT39	9606.ENSP00000251646	9606.ENSP00000347823	0	0	0.055	0.950	0	0	0.400	0.059	0.420
KRT33B	KRT40	9606.ENSP00000251646	9606.ENSP00000366984	0	0	0.056	0.954	0.072	0	0.400	0.059	0.439
KRT33B	KRT36	9606.ENSP00000251646	9606.ENSP00000329165	0	0	0.049	0.968	0.185	0	0.400	0.103	0.528
KRT33B	KRT35	9606.ENSP00000251646	9606.ENSP00000377558	0	0	0.053	0.967	0.536	0	0.400	0.071	0.722
KRT33B	KRT34	9606.ENSP00000251646	9606.ENSP00000377570	0	0	0.049	0.982	0.763	0	0.400	0.058	0.855
KRT34	KRT37	9606.ENSP00000377570	9606.ENSP00000225550	0	0	0.057	0.948	0.086	0	0.400	0.088	0.465
KRT34	KRT38	9606.ENSP00000377570	9606.ENSP00000246646	0	0	0.056	0.950	0.190	0	0.400	0.087	0.525
KRT34	KRT9	9606.ENSP00000377570	9606.ENSP00000246662	0	0	0	0.857	0.067	0	0.400	0.070	0.433
KRT34	KRT36	9606.ENSP00000377570	9606.ENSP00000329165	0	0	0.050	0.961	0.107	0	0.400	0.109	0.486
KRT34	KRT39	9606.ENSP00000377570	9606.ENSP00000347823	0	0	0.057	0.942	0	0	0.400	0.063	0.423
KRT34	KRT40	9606.ENSP00000377570	9606.ENSP00000366984	0	0	0.058	0.955	0.049	0	0.400	0.056	0.424
KRT34	KRT35	9606.ENSP00000377570	9606.ENSP00000377558	0	0	0.055	0.962	0.294	0	0.400	0.076	0.581
KRT35	KRT37	9606.ENSP00000377558	9606.ENSP00000225550	0	0	0	0.938	0.122	0	0.400	0.098	0.483
KRT35	KRT38	9606.ENSP00000377558	9606.ENSP00000246646	0	0	0	0.941	0.477	0	0.400	0.095	0.691
KRT35	KRT9	9606.ENSP00000377558	9606.ENSP00000246662	0	0	0	0.879	0.078	0	0.400	0.056	0.432
KRT35	KRT36	9606.ENSP00000377558	9606.ENSP00000329165	0	0	0.054	0.969	0.132	0	0.400	0.102	0.499
KRT35	KRT39	9606.ENSP00000377558	9606.ENSP00000347823	0	0	0.056	0.942	0	0	0.400	0.068	0.426
KRT35	KRT40	9606.ENSP00000377558	9606.ENSP00000366984	0	0	0.058	0.957	0.131	0	0.400	0.058	0.476
KRT36	KRT37	9606.ENSP00000329165	9606.ENSP00000225550	0	0	0.051	0.941	0.111	0	0.400	0.095	0.480
KRT36	KRT38	9606.ENSP00000329165	9606.ENSP00000246646	0	0	0.052	0.943	0.140	0	0.400	0.093	0.497
KRT36	KRT9	9606.ENSP00000329165	9606.ENSP00000246662	0	0	0	0.869	0.068	0	0.400	0.076	0.438
KRT36	KRT39	9606.ENSP00000329165	9606.ENSP00000347823	0	0	0.052	0.946	0.089	0	0.400	0.064	0.450
KRT36	KRT40	9606.ENSP00000329165	9606.ENSP00000366984	0	0	0.055	0.958	0.089	0	0.400	0.087	0.466
KRT37	KRT9	9606.ENSP00000225550	9606.ENSP00000246662	0	0	0	0.810	0.068	0	0.400	0	0.416
KRT37	KRT40	9606.ENSP00000225550	9606.ENSP00000366984	0	0	0.070	0.931	0.050	0	0.400	0.058	0.434
KRT37	KRT39	9606.ENSP00000225550	9606.ENSP00000347823	0	0	0.065	0.916	0.060	0	0.400	0.065	0.441
KRT37	KRT38	9606.ENSP00000225550	9606.ENSP00000246646	0	0	0.048	0.984	0.267	0	0.400	0.056	0.552
KRT38	KRT9	9606.ENSP00000246646	9606.ENSP00000246662	0	0	0	0.803	0.068	0	0.400	0.062	0.429
KRT38	KRT39	9606.ENSP00000246646	9606.ENSP00000347823	0	0	0.063	0.917	0	0	0.400	0.085	0.440
KRT38	KRT40	9606.ENSP00000246646	9606.ENSP00000366984	0	0	0.069	0.933	0.105	0	0.400	0.068	0.471
KRT39	KRT9	9606.ENSP00000347823	9606.ENSP00000246662	0	0	0	0.816	0	0	0.400	0.044	0.401
KRT39	KRT40	9606.ENSP00000347823	9606.ENSP00000366984	0	0	0.063	0.940	0.084	0	0.400	0.082	0.464
KRT40	KRT9	9606.ENSP00000366984	9606.ENSP00000246662	0	0	0	0.847	0	0	0.400	0.089	0.430
MAP2K1	MAPK1	9606.ENSP00000302486	9606.ENSP00000215832	0	0	0	0.595	0.152	0.929	0.900	0.950	0.999
MAP2K1	SOS2	9606.ENSP00000302486	9606.ENSP00000216373	0	0	0	0	0.103	0.051	0	0.622	0.651
MAP2K1	MMP2	9606.ENSP00000302486	9606.ENSP00000219070	0	0	0	0	0.086	0	0	0.423	0.450
MAP2K1	MAP2K2	9606.ENSP00000302486	9606.ENSP00000262948	0	0	0.051	0.979	0.049	0.836	0.900	0.783	0.996
MAP2K1	MAPK3	9606.ENSP00000302486	9606.ENSP00000263025	0	0	0	0.590	0.122	0.884	0.900	0.974	0.999
MAP2K1	PIK3CA	9606.ENSP00000302486	9606.ENSP00000263967	0	0	0	0	0.060	0.176	0	0.815	0.844
MAP2K1	TGFA	9606.ENSP00000302486	9606.ENSP00000404131	0	0	0	0	0.056	0	0	0.400	0.409
MAP2K1	NCOA3	9606.ENSP00000302486	9606.ENSP00000361066	0	0	0	0	0.049	0	0	0.407	0.411
MAP2K1	PIK3CB	9606.ENSP00000302486	9606.ENSP00000501150	0	0	0	0	0.068	0	0	0.396	0.413
MAP2K1	SHC3	9606.ENSP00000302486	9606.ENSP00000364995	0	0	0	0	0	0	0	0.449	0.449
MAP2K1	PGR	9606.ENSP00000302486	9606.ENSP00000325120	0	0	0	0	0.051	0.057	0	0.462	0.476
MAP2K1	PIK3R1	9606.ENSP00000302486	9606.ENSP00000428056	0	0	0	0	0.044	0	0	0.499	0.501
MAP2K1	MMP9	9606.ENSP00000302486	9606.ENSP00000361405	0	0	0	0	0.087	0	0	0.519	0.542
MAP2K1	SHC1	9606.ENSP00000302486	9606.ENSP00000401303	0	0	0	0	0.054	0	0	0.571	0.576
MAP2K1	SRC	9606.ENSP00000302486	9606.ENSP00000362680	0	0	0	0.590	0.048	0.234	0.400	0.585	0.794
MAP2K1	SOS1	9606.ENSP00000302486	9606.ENSP00000384675	0	0	0	0	0.113	0.051	0	0.811	0.827
MAP2K1	PRKCD	9606.ENSP00000302486	9606.ENSP00000331602	0	0	0	0.625	0.081	0.129	0.900	0.183	0.925
MAP2K1	PRKACB	9606.ENSP00000302486	9606.ENSP00000359719	0	0	0	0.630	0	0.091	0.900	0.243	0.925
MAP2K1	PRKACA	9606.ENSP00000302486	9606.ENSP00000309591	0	0	0.096	0.655	0.060	0.091	0.900	0.232	0.929
MAP2K1	PRKACG	9606.ENSP00000302486	9606.ENSP00000366488	0	0	0.107	0.655	0	0.091	0.900	0.232	0.929
MAP2K1	NRAS	9606.ENSP00000302486	9606.ENSP00000358548	0	0	0	0	0.060	0.163	0.900	0.813	0.983
MAP2K1	RAF1	9606.ENSP00000302486	9606.ENSP00000401888	0	0	0	0.577	0.131	0.974	0.900	0.970	0.999
MAP2K2	MAPK1	9606.ENSP00000262948	9606.ENSP00000215832	0	0	0	0.600	0.111	0.983	0.900	0.855	0.999
MAP2K2	SOS2	9606.ENSP00000262948	9606.ENSP00000216373	0	0	0	0	0.096	0.051	0	0.502	0.535
MAP2K2	SHC3	9606.ENSP00000262948	9606.ENSP00000364995	0	0	0	0	0	0	0	0.434	0.434
MAP2K2	PIK3CA	9606.ENSP00000262948	9606.ENSP00000263967	0	0	0	0	0	0	0	0.484	0.484
MAP2K2	SRC	9606.ENSP00000262948	9606.ENSP00000362680	0	0	0	0.590	0.050	0.161	0.400	0.477	0.716
MAP2K2	SOS1	9606.ENSP00000262948	9606.ENSP00000384675	0	0	0	0	0.096	0.051	0	0.777	0.792
MAP2K2	PRKACB	9606.ENSP00000262948	9606.ENSP00000359719	0	0	0	0.621	0	0.091	0.900	0.129	0.914
MAP2K2	PRKACA	9606.ENSP00000262948	9606.ENSP00000309591	0	0	0	0.646	0.072	0.091	0.900	0.118	0.915
MAP2K2	PRKACG	9606.ENSP00000262948	9606.ENSP00000366488	0	0	0.102	0.652	0	0.091	0.900	0.115	0.918
MAP2K2	PRKCD	9606.ENSP00000262948	9606.ENSP00000331602	0	0	0.105	0.615	0.056	0.129	0.900	0.130	0.924
MAP2K2	NRAS	9606.ENSP00000262948	9606.ENSP00000358548	0	0	0	0	0.050	0.163	0.900	0.654	0.968
MAP2K2	MAPK3	9606.ENSP00000262948	9606.ENSP00000263025	0	0	0	0.597	0.226	0.732	0.900	0.600	0.990
MAP2K2	RAF1	9606.ENSP00000262948	9606.ENSP00000401888	0	0	0	0.575	0.126	0.925	0.900	0.495	0.996
MAPK1	MMP2	9606.ENSP00000215832	9606.ENSP00000219070	0	0	0	0	0.047	0	0	0.404	0.408
MAPK1	RARA	9606.ENSP00000215832	9606.ENSP00000254066	0	0	0	0	0	0.326	0	0.209	0.444
MAPK1	NCOA2	9606.ENSP00000215832	9606.ENSP00000399968	0	0	0	0	0.060	0	0	0.447	0.458
MAPK1	SOS2	9606.ENSP00000215832	9606.ENSP00000216373	0	0	0	0	0.110	0.067	0	0.473	0.524
MAPK1	NCOA3	9606.ENSP00000215832	9606.ENSP00000361066	0	0	0	0	0.049	0.510	0	0.228	0.608
MAPK1	PIK3CB	9606.ENSP00000215832	9606.ENSP00000501150	0	0	0	0	0.082	0	0	0.601	0.618
MAPK1	PIK3R1	9606.ENSP00000215832	9606.ENSP00000428056	0	0	0	0	0.127	0	0	0.626	0.659
MAPK1	PGR	9606.ENSP00000215832	9606.ENSP00000325120	0	0	0	0	0.049	0.292	0	0.538	0.662
MAPK1	MMP9	9606.ENSP00000215832	9606.ENSP00000361405	0	0	0	0	0.104	0	0	0.661	0.684
MAPK1	SOS1	9606.ENSP00000215832	9606.ENSP00000384675	0	0.001	0	0	0.214	0.067	0.400	0.543	0.772
MAPK1	PIK3CA	9606.ENSP00000215832	9606.ENSP00000263967	0	0	0	0	0.103	0	0	0.809	0.822
MAPK1	PRKACG	9606.ENSP00000215832	9606.ENSP00000366488	0	0	0	0.624	0.063	0.098	0.900	0.243	0.927
MAPK1	PRKACA	9606.ENSP00000215832	9606.ENSP00000309591	0	0	0	0.610	0.083	0.098	0.900	0.249	0.929
MAPK1	PRKCD	9606.ENSP00000215832	9606.ENSP00000331602	0	0	0	0.590	0.070	0.151	0.900	0.218	0.929
MAPK1	PRKACB	9606.ENSP00000215832	9606.ENSP00000359719	0	0	0	0.606	0.082	0.098	0.900	0.251	0.929
MAPK1	SRC	9606.ENSP00000215832	9606.ENSP00000362680	0	0	0	0.623	0.065	0.342	0.500	0.805	0.932
MAPK1	NRAS	9606.ENSP00000215832	9606.ENSP00000358548	0	0	0	0	0.109	0.098	0.900	0.551	0.959
MAPK1	SHC1	9606.ENSP00000215832	9606.ENSP00000401303	0	0	0	0	0.055	0.684	0.400	0.817	0.962
MAPK1	SP1	9606.ENSP00000215832	9606.ENSP00000329357	0	0	0	0	0.179	0.539	0.900	0.286	0.969
MAPK1	RAF1	9606.ENSP00000215832	9606.ENSP00000401888	0	0	0	0.588	0.115	0.800	0.700	0.593	0.975
MAPK1	MAPK3	9606.ENSP00000215832	9606.ENSP00000263025	0	0	0.049	0.983	0.118	0.874	0.900	0.581	0.994
MAPK3	SOS2	9606.ENSP00000263025	9606.ENSP00000216373	0	0	0	0	0.049	0.067	0	0.487	0.505
MAPK3	MMP2	9606.ENSP00000263025	9606.ENSP00000219070	0	0	0	0	0.047	0	0	0.671	0.673
MAPK3	PIK3R2	9606.ENSP00000263025	9606.ENSP00000222254	0	0	0	0	0.173	0	0	0.315	0.409
MAPK3	POMC	9606.ENSP00000263025	9606.ENSP00000384092	0	0	0	0	0	0	0	0.446	0.446
MAPK3	PIK3R1	9606.ENSP00000263025	9606.ENSP00000428056	0	0	0	0	0.115	0	0	0.445	0.488
MAPK3	TGFA	9606.ENSP00000263025	9606.ENSP00000404131	0	0	0	0	0.043	0	0	0.524	0.524
MAPK3	PIK3CA	9606.ENSP00000263025	9606.ENSP00000263967	0	0	0	0	0.049	0	0	0.594	0.597
MAPK3	NOS3	9606.ENSP00000263025	9606.ENSP00000297494	0	0	0	0	0.067	0	0	0.592	0.603
MAPK3	PIK3CB	9606.ENSP00000263025	9606.ENSP00000501150	0	0	0	0	0.049	0	0	0.637	0.640
MAPK3	PGR	9606.ENSP00000263025	9606.ENSP00000325120	0	0	0	0	0.049	0	0	0.685	0.688
MAPK3	MMP9	9606.ENSP00000263025	9606.ENSP00000361405	0	0	0	0	0.103	0	0	0.723	0.741
MAPK3	SHC1	9606.ENSP00000263025	9606.ENSP00000401303	0	0	0	0	0.049	0.045	0.400	0.644	0.780
MAPK3	SOS1	9606.ENSP00000263025	9606.ENSP00000384675	0	0.001	0	0	0.060	0.311	0.400	0.577	0.814
MAPK3	PRKCD	9606.ENSP00000263025	9606.ENSP00000331602	0	0	0	0.583	0.121	0.151	0.900	0.240	0.935
MAPK3	SRC	9606.ENSP00000263025	9606.ENSP00000362680	0	0	0	0.610	0.086	0.511	0.500	0.778	0.944
MAPK3	PRKACG	9606.ENSP00000263025	9606.ENSP00000366488	0	0	0	0.626	0.063	0.098	0.900	0.554	0.957
MAPK3	PRKACB	9606.ENSP00000263025	9606.ENSP00000359719	0	0	0	0.599	0.063	0.098	0.900	0.565	0.958
MAPK3	PRKACA	9606.ENSP00000263025	9606.ENSP00000309591	0	0	0	0.610	0.095	0.098	0.900	0.561	0.959
MAPK3	RAF1	9606.ENSP00000263025	9606.ENSP00000401888	0	0	0	0.587	0.118	0.545	0.700	0.721	0.962
MAPK3	NRAS	9606.ENSP00000263025	9606.ENSP00000358548	0	0	0	0	0.063	0.275	0.900	0.620	0.970
MAPK3	SP1	9606.ENSP00000263025	9606.ENSP00000329357	0	0	0	0	0.072	0.539	0.900	0.424	0.972
MMP2	PGR	9606.ENSP00000219070	9606.ENSP00000325120	0	0	0	0	0	0	0	0.443	0.443
MMP2	TGFA	9606.ENSP00000219070	9606.ENSP00000404131	0	0	0	0	0	0	0	0.447	0.447
MMP2	POMC	9606.ENSP00000219070	9606.ENSP00000384092	0	0	0	0	0.073	0	0.400	0.222	0.529
MMP2	NOS3	9606.ENSP00000219070	9606.ENSP00000297494	0	0	0	0	0.049	0	0	0.528	0.531
MMP2	SP1	9606.ENSP00000219070	9606.ENSP00000329357	0	0	0	0	0	0.292	0	0.418	0.570
MMP2	MMP9	9606.ENSP00000219070	9606.ENSP00000361405	0	0	0.061	0.927	0.128	0	0.900	0.116	0.918
MMP2	SRC	9606.ENSP00000219070	9606.ENSP00000362680	0	0	0	0	0.042	0	0.900	0.740	0.972
MMP9	PLCB2	9606.ENSP00000361405	9606.ENSP00000260402	0	0	0	0	0.133	0	0	0.429	0.483
MMP9	NOS3	9606.ENSP00000361405	9606.ENSP00000297494	0	0	0	0	0.049	0	0	0.728	0.730
MMP9	PRKACA	9606.ENSP00000361405	9606.ENSP00000309591	0	0	0	0	0	0	0	0.421	0.421
MMP9	PGR	9606.ENSP00000361405	9606.ENSP00000325120	0	0	0	0	0	0	0	0.518	0.518
MMP9	SP1	9606.ENSP00000361405	9606.ENSP00000329357	0	0	0	0	0.078	0	0	0.419	0.441
MMP9	PRKACB	9606.ENSP00000361405	9606.ENSP00000359719	0	0	0	0	0	0	0	0.422	0.422
MMP9	PRKACG	9606.ENSP00000361405	9606.ENSP00000366488	0	0	0	0	0	0	0	0.412	0.412
MMP9	RAF1	9606.ENSP00000361405	9606.ENSP00000401888	0	0	0	0	0.102	0	0	0.398	0.437
MMP9	TGFA	9606.ENSP00000361405	9606.ENSP00000404131	0	0	0	0	0.066	0	0	0.547	0.559
MMP9	POMC	9606.ENSP00000361405	9606.ENSP00000384092	0	0	0	0	0.059	0	0.400	0.305	0.573
MMP9	SRC	9606.ENSP00000361405	9606.ENSP00000362680	0	0	0	0	0.075	0	0.900	0.706	0.970
NCOA1	RARA	9606.ENSP00000385216	9606.ENSP00000254066	0	0	0	0	0.049	0.989	0	0.631	0.996
NCOA1	TFF1	9606.ENSP00000385216	9606.ENSP00000291527	0	0	0	0	0	0	0.500	0.145	0.554
NCOA1	PGR	9606.ENSP00000385216	9606.ENSP00000325120	0	0	0	0	0	0.855	0.800	0.923	0.997
NCOA1	SP1	9606.ENSP00000385216	9606.ENSP00000329357	0	0	0	0	0.102	0.068	0.800	0.199	0.848
NCOA1	NCOA3	9606.ENSP00000385216	9606.ENSP00000361066	0	0	0	0.763	0.100	0.624	0.900	0.863	0.994
NCOA1	SRC	9606.ENSP00000385216	9606.ENSP00000362680	0	0	0	0	0.054	0.076	0	0.655	0.672
NCOA1	TGFA	9606.ENSP00000385216	9606.ENSP00000404131	0	0	0	0	0.042	0	0.400	0.104	0.440
NCOA1	NCOA2	9606.ENSP00000385216	9606.ENSP00000399968	0	0	0.090	0.810	0.182	0.735	0.900	0.902	0.997
NCOA2	RARA	9606.ENSP00000399968	9606.ENSP00000254066	0	0	0	0	0.049	0.980	0	0.632	0.992
NCOA2	PGR	9606.ENSP00000399968	9606.ENSP00000325120	0	0	0	0	0	0.582	0	0.796	0.911
NCOA2	SP1	9606.ENSP00000399968	9606.ENSP00000329357	0	0	0	0	0.164	0.068	0.500	0.181	0.638
NCOA2	NCOA3	9606.ENSP00000399968	9606.ENSP00000361066	0	0	0.062	0.882	0.154	0.510	0.900	0.955	0.997
NCOA2	SRC	9606.ENSP00000399968	9606.ENSP00000362680	0	0	0	0	0.054	0.091	0	0.386	0.427
NCOA3	RARA	9606.ENSP00000361066	9606.ENSP00000254066	0	0	0	0	0.049	0.853	0	0.660	0.948
NCOA3	TFF1	9606.ENSP00000361066	9606.ENSP00000291527	0	0	0	0	0.042	0.225	0.500	0.548	0.809
NCOA3	PRKACA	9606.ENSP00000361066	9606.ENSP00000309591	0	0	0	0	0.042	0	0.900	0.227	0.919
NCOA3	PGR	9606.ENSP00000361066	9606.ENSP00000325120	0	0	0	0	0	0.680	0.800	0.812	0.986
NCOA3	SP1	9606.ENSP00000361066	9606.ENSP00000329357	0	0	0	0	0.133	0.068	0.900	0.254	0.931
NCOA3	PRKACB	9606.ENSP00000361066	9606.ENSP00000359719	0	0	0	0	0	0	0.900	0.226	0.919
NCOA3	TGFA	9606.ENSP00000361066	9606.ENSP00000404131	0	0	0	0	0.042	0	0.400	0.223	0.514
NCOA3	PRKACG	9606.ENSP00000361066	9606.ENSP00000366488	0	0	0	0	0	0	0.900	0.224	0.919
NCOA3	SRC	9606.ENSP00000361066	9606.ENSP00000362680	0	0	0	0	0.066	0.076	0.900	0.748	0.975
NOS3	SRC	9606.ENSP00000297494	9606.ENSP00000362680	0	0	0	0	0.048	0.045	0	0.581	0.586
NOS3	PRKACB	9606.ENSP00000297494	9606.ENSP00000359719	0	0	0	0	0	0.092	0	0.575	0.597
NOS3	PRKACA	9606.ENSP00000297494	9606.ENSP00000309591	0	0	0	0	0.042	0.092	0	0.576	0.598
NOS3	PRKACG	9606.ENSP00000297494	9606.ENSP00000366488	0	0	0	0	0	0.092	0	0.577	0.599
NRAS	SOS2	9606.ENSP00000358548	9606.ENSP00000216373	0	0	0	0	0.072	0.157	0.900	0.619	0.966
NRAS	PIK3R2	9606.ENSP00000358548	9606.ENSP00000222254	0	0	0	0	0.042	0.065	0.900	0.345	0.933
NRAS	RARA	9606.ENSP00000358548	9606.ENSP00000254066	0	0	0	0	0	0.073	0	0.435	0.453
NRAS	PIK3R3	9606.ENSP00000358548	9606.ENSP00000262741	0	0	0	0	0.049	0.065	0.900	0.242	0.923
NRAS	PIK3CA	9606.ENSP00000358548	9606.ENSP00000263967	0	0	0	0	0.125	0.483	0.900	0.921	0.995
NRAS	SHC2	9606.ENSP00000358548	9606.ENSP00000264554	0	0	0	0	0.051	0	0.500	0.142	0.557
NRAS	SHC4	9606.ENSP00000358548	9606.ENSP00000329668	0	0	0	0	0.053	0	0	0.427	0.435
NRAS	PRKCD	9606.ENSP00000358548	9606.ENSP00000331602	0	0	0	0	0.114	0.138	0.500	0.230	0.667
NRAS	SHC3	9606.ENSP00000358548	9606.ENSP00000364995	0	0	0	0	0.056	0	0.500	0.110	0.543
NRAS	TGFA	9606.ENSP00000358548	9606.ENSP00000404131	0	0	0	0	0	0	0.500	0.315	0.643
NRAS	SHC1	9606.ENSP00000358548	9606.ENSP00000401303	0	0	0	0	0.074	0	0.500	0.386	0.691
NRAS	PIK3CB	9606.ENSP00000358548	9606.ENSP00000501150	0	0	0	0	0.074	0.133	0.900	0.422	0.947
NRAS	PIK3CD	9606.ENSP00000358548	9606.ENSP00000366563	0	0	0	0	0.056	0.352	0.900	0.337	0.954
NRAS	PIK3R1	9606.ENSP00000358548	9606.ENSP00000428056	0	0	0	0	0.042	0.143	0.900	0.533	0.956
NRAS	SRC	9606.ENSP00000358548	9606.ENSP00000362680	0	0	0	0	0.089	0.295	0.900	0.593	0.970
NRAS	SOS1	9606.ENSP00000358548	9606.ENSP00000384675	0	0	0	0	0.113	0.377	0.900	0.886	0.992
NRAS	RAF1	9606.ENSP00000358548	9606.ENSP00000401888	0	0	0	0	0.081	0.908	0.900	0.899	0.999
OPRM1	PRKACA	9606.ENSP00000394624	9606.ENSP00000309591	0	0	0	0	0	0	0	0.418	0.418
OPRM1	PRKACB	9606.ENSP00000394624	9606.ENSP00000359719	0	0	0	0	0	0	0	0.417	0.417
OPRM1	SRC	9606.ENSP00000394624	9606.ENSP00000362680	0	0	0	0	0	0.094	0.500	0.299	0.654
OPRM1	PRKACG	9606.ENSP00000394624	9606.ENSP00000366488	0	0	0	0	0.064	0	0	0.418	0.432
OPRM1	POMC	9606.ENSP00000394624	9606.ENSP00000384092	0	0	0	0	0	0.905	0.900	0.996	0.999
PGR	PIK3R2	9606.ENSP00000325120	9606.ENSP00000222254	0	0	0	0	0	0.065	0.900	0.138	0.912
PGR	PIK3R3	9606.ENSP00000325120	9606.ENSP00000262741	0	0	0	0	0	0.065	0.900	0.132	0.911
PGR	PIK3CA	9606.ENSP00000325120	9606.ENSP00000263967	0	0	0	0	0.060	0	0.900	0.626	0.961
PGR	TFF1	9606.ENSP00000325120	9606.ENSP00000291527	0	0	0	0	0.083	0	0	0.757	0.767
PGR	PRKACA	9606.ENSP00000325120	9606.ENSP00000309591	0	0	0	0	0	0	0.900	0.398	0.937
PGR	TGFA	9606.ENSP00000325120	9606.ENSP00000404131	0	0	0	0	0.092	0	0	0.390	0.422
PGR	SP1	9606.ENSP00000325120	9606.ENSP00000329357	0	0	0	0	0.042	0.523	0	0.321	0.663
PGR	PIK3CD	9606.ENSP00000325120	9606.ENSP00000366563	0	0	0	0	0.060	0	0.900	0.136	0.911
PGR	PIK3CB	9606.ENSP00000325120	9606.ENSP00000501150	0	0	0	0	0.060	0	0.900	0.220	0.920
PGR	PIK3R1	9606.ENSP00000325120	9606.ENSP00000428056	0	0	0	0	0	0.065	0.900	0.322	0.931
PGR	PRKACB	9606.ENSP00000325120	9606.ENSP00000359719	0	0	0	0	0	0	0.900	0.398	0.937
PGR	SRC	9606.ENSP00000325120	9606.ENSP00000362680	0	0	0	0	0	0.629	0	0.837	0.937
PGR	PRKACG	9606.ENSP00000325120	9606.ENSP00000366488	0	0	0	0	0.043	0	0.900	0.398	0.937
PIK3CA	SOS2	9606.ENSP00000263967	9606.ENSP00000216373	0	0	0	0	0.791	0	0	0.356	0.860
PIK3CA	PIK3R2	9606.ENSP00000263967	9606.ENSP00000222254	0	0	0	0	0	0.881	0.922	0.996	0.999
PIK3CA	PLCB2	9606.ENSP00000263967	9606.ENSP00000260402	0	0	0	0	0.059	0	0.650	0.130	0.688
PIK3CA	PIK3R3	9606.ENSP00000263967	9606.ENSP00000262741	0	0	0	0	0	0.881	0.944	0.994	0.999
PIK3CA	TGFA	9606.ENSP00000263967	9606.ENSP00000404131	0	0	0	0	0.058	0	0.400	0.350	0.600
PIK3CA	SHC1	9606.ENSP00000263967	9606.ENSP00000401303	0	0	0	0	0	0	0.400	0.420	0.637
PIK3CA	PLCB4	9606.ENSP00000263967	9606.ENSP00000367762	0	0	0	0	0.059	0	0.650	0.172	0.703
PIK3CA	PLCB1	9606.ENSP00000263967	9606.ENSP00000338185	0	0	0	0	0.066	0	0.650	0.167	0.704
PIK3CA	PLCB3	9606.ENSP00000263967	9606.ENSP00000443631	0	0	0	0	0.059	0	0.650	0.178	0.705
PIK3CA	PRKCD	9606.ENSP00000263967	9606.ENSP00000331602	0	0	0	0	0.062	0	0.900	0.204	0.918
PIK3CA	SOS1	9606.ENSP00000263967	9606.ENSP00000384675	0	0	0	0	0.629	0	0.500	0.636	0.926
PIK3CA	RAF1	9606.ENSP00000263967	9606.ENSP00000401888	0	0	0	0	0.066	0.069	0.900	0.719	0.972
PIK3CA	SRC	9606.ENSP00000263967	9606.ENSP00000362680	0	0	0	0	0.050	0.069	0.900	0.846	0.984
PIK3CA	PIK3CD	9606.ENSP00000263967	9606.ENSP00000366563	0	0	0.060	0.888	0	0	0.900	0.983	0.998
PIK3CA	PIK3CB	9606.ENSP00000263967	9606.ENSP00000501150	0	0	0.060	0.882	0.083	0	0.900	0.984	0.998
PIK3CA	PIK3R1	9606.ENSP00000263967	9606.ENSP00000428056	0	0	0	0	0.156	0.997	0.967	0.998	0.999
PIK3CB	PIK3R2	9606.ENSP00000501150	9606.ENSP00000222254	0	0	0	0	0	0.916	0.914	0.996	0.999
PIK3CB	PLCB2	9606.ENSP00000501150	9606.ENSP00000260402	0	0	0	0	0.059	0	0.650	0.186	0.708
PIK3CB	PIK3R3	9606.ENSP00000501150	9606.ENSP00000262741	0	0	0	0	0	0.857	0.914	0.996	0.999
PIK3CB	PRKCD	9606.ENSP00000501150	9606.ENSP00000331602	0	0	0	0	0.105	0.292	0.900	0.527	0.966
PIK3CB	PLCB1	9606.ENSP00000501150	9606.ENSP00000338185	0	0	0	0	0.066	0	0.650	0.205	0.717
PIK3CB	SRC	9606.ENSP00000501150	9606.ENSP00000362680	0	0	0	0	0.057	0.069	0.900	0.672	0.967
PIK3CB	PIK3CD	9606.ENSP00000501150	9606.ENSP00000366563	0	0	0.060	0.956	0	0	0.900	0.983	0.998
PIK3CB	PLCB4	9606.ENSP00000501150	9606.ENSP00000367762	0	0	0	0	0.059	0	0.650	0.079	0.670
PIK3CB	SOS1	9606.ENSP00000501150	9606.ENSP00000384675	0	0	0	0	0.125	0	0.500	0.384	0.707
PIK3CB	SHC1	9606.ENSP00000501150	9606.ENSP00000401303	0	0	0	0	0	0	0.400	0.410	0.631
PIK3CB	RAF1	9606.ENSP00000501150	9606.ENSP00000401888	0	0	0	0	0.059	0.069	0.900	0.387	0.939
PIK3CB	PIK3R1	9606.ENSP00000501150	9606.ENSP00000428056	0	0	0	0	0.049	0.936	0.914	0.996	0.999
PIK3CB	PLCB3	9606.ENSP00000501150	9606.ENSP00000443631	0	0	0	0	0.059	0	0.650	0.169	0.702
PIK3CD	PIK3R2	9606.ENSP00000366563	9606.ENSP00000222254	0	0	0	0	0.042	0.563	0.914	0.996	0.999
PIK3CD	PLCB2	9606.ENSP00000366563	9606.ENSP00000260402	0	0	0	0	0.204	0	0.650	0.154	0.743
PIK3CD	PIK3R3	9606.ENSP00000366563	9606.ENSP00000262741	0	0	0	0	0	0.610	0.914	0.996	0.999
PIK3CD	PRKCD	9606.ENSP00000366563	9606.ENSP00000331602	0	0	0	0	0.095	0	0.900	0.223	0.923
PIK3CD	PLCB1	9606.ENSP00000366563	9606.ENSP00000338185	0	0	0	0	0.087	0	0.650	0.089	0.683
PIK3CD	SRC	9606.ENSP00000366563	9606.ENSP00000362680	0	0	0	0	0.050	0.069	0.900	0.677	0.967
PIK3CD	SHC1	9606.ENSP00000366563	9606.ENSP00000401303	0	0	0	0	0.042	0	0.400	0.284	0.552
PIK3CD	SOS1	9606.ENSP00000366563	9606.ENSP00000384675	0	0	0	0	0.073	0	0.500	0.270	0.632
PIK3CD	PLCB4	9606.ENSP00000366563	9606.ENSP00000367762	0	0	0	0	0.059	0	0.650	0.052	0.660
PIK3CD	PLCB3	9606.ENSP00000366563	9606.ENSP00000443631	0	0	0	0	0.094	0	0.650	0.137	0.702
PIK3CD	RAF1	9606.ENSP00000366563	9606.ENSP00000401888	0	0	0	0	0.060	0.069	0.900	0.322	0.932
PIK3CD	PIK3R1	9606.ENSP00000366563	9606.ENSP00000428056	0	0	0	0	0.042	0.987	0.914	0.995	0.999
PIK3R1	SOS2	9606.ENSP00000428056	9606.ENSP00000216373	0	0	0	0	0.121	0.136	0	0.300	0.421
PIK3R1	PIK3R2	9606.ENSP00000428056	9606.ENSP00000222254	0	0	0.052	0.960	0.044	0.864	0.900	0.959	0.999
PIK3R1	RARA	9606.ENSP00000428056	9606.ENSP00000254066	0	0	0	0	0.049	0.309	0	0.498	0.641
PIK3R1	PLCB2	9606.ENSP00000428056	9606.ENSP00000260402	0	0	0	0	0.044	0	0.650	0.142	0.687
PIK3R1	PIK3R3	9606.ENSP00000428056	9606.ENSP00000262741	0	0	0.050	0.974	0.042	0.807	0.944	0.768	0.997
PIK3R1	PRKCD	9606.ENSP00000428056	9606.ENSP00000331602	0	0	0	0	0.042	0.049	0.900	0.369	0.934
PIK3R1	PLCB1	9606.ENSP00000428056	9606.ENSP00000338185	0	0	0	0	0.072	0	0.650	0.241	0.731
PIK3R1	SRC	9606.ENSP00000428056	9606.ENSP00000362680	0	0	0	0	0.054	0.880	0.900	0.847	0.998
PIK3R1	SHC3	9606.ENSP00000428056	9606.ENSP00000364995	0	0	0	0	0.042	0.323	0	0.172	0.416
PIK3R1	PLCB4	9606.ENSP00000428056	9606.ENSP00000367762	0	0	0	0	0	0	0.650	0.163	0.694
PIK3R1	POMC	9606.ENSP00000428056	9606.ENSP00000384092	0	0	0	0	0	0	0	0.471	0.471
PIK3R1	SOS1	9606.ENSP00000428056	9606.ENSP00000384675	0	0	0	0	0.144	0.613	0.500	0.612	0.927
PIK3R1	SHC1	9606.ENSP00000428056	9606.ENSP00000401303	0	0	0	0	0.049	0.878	0.400	0.636	0.971
PIK3R1	RAF1	9606.ENSP00000428056	9606.ENSP00000401888	0	0	0	0	0.042	0.263	0.900	0.303	0.944
PIK3R1	TGFA	9606.ENSP00000428056	9606.ENSP00000404131	0	0	0	0	0	0	0.400	0.198	0.498
PIK3R1	PLCB3	9606.ENSP00000428056	9606.ENSP00000443631	0	0	0	0	0.042	0	0.650	0.093	0.669
PIK3R2	SOS1	9606.ENSP00000222254	9606.ENSP00000384675	0	0	0	0	0	0	0.500	0.258	0.613
PIK3R2	PLCB2	9606.ENSP00000222254	9606.ENSP00000260402	0	0	0	0	0.056	0	0.650	0.078	0.668
PIK3R2	PLCB3	9606.ENSP00000222254	9606.ENSP00000443631	0	0	0	0	0.067	0	0.650	0.093	0.678
PIK3R2	PLCB4	9606.ENSP00000222254	9606.ENSP00000367762	0	0	0	0	0	0	0.650	0.127	0.681
PIK3R2	PLCB1	9606.ENSP00000222254	9606.ENSP00000338185	0	0	0	0	0	0	0.650	0.159	0.693
PIK3R2	SHC1	9606.ENSP00000222254	9606.ENSP00000401303	0	0	0	0	0.054	0.342	0.400	0.364	0.731
PIK3R2	PRKCD	9606.ENSP00000222254	9606.ENSP00000331602	0	0	0	0	0.042	0.049	0.900	0.191	0.916
PIK3R2	RAF1	9606.ENSP00000222254	9606.ENSP00000401888	0	0	0	0	0.082	0.093	0.900	0.206	0.925
PIK3R2	SRC	9606.ENSP00000222254	9606.ENSP00000362680	0	0	0	0	0.044	0.330	0.900	0.446	0.959
PIK3R2	PIK3R3	9606.ENSP00000222254	9606.ENSP00000262741	0	0	0.049	0.971	0.049	0.835	0.900	0.957	0.999
PIK3R3	PLCB2	9606.ENSP00000262741	9606.ENSP00000260402	0	0	0	0	0	0	0.650	0.108	0.674
PIK3R3	SHC1	9606.ENSP00000262741	9606.ENSP00000401303	0	0	0	0	0	0.084	0.400	0.246	0.549
PIK3R3	PLCB3	9606.ENSP00000262741	9606.ENSP00000443631	0	0	0	0	0	0	0.650	0.071	0.661
PIK3R3	PLCB4	9606.ENSP00000262741	9606.ENSP00000367762	0	0	0	0	0.042	0	0.650	0.136	0.685
PIK3R3	PLCB1	9606.ENSP00000262741	9606.ENSP00000338185	0	0	0	0	0.049	0	0.650	0.448	0.800
PIK3R3	RAF1	9606.ENSP00000262741	9606.ENSP00000401888	0	0	0	0	0.049	0.093	0.900	0.120	0.913
PIK3R3	PRKCD	9606.ENSP00000262741	9606.ENSP00000331602	0	0	0	0	0	0.049	0.900	0.187	0.915
PIK3R3	SRC	9606.ENSP00000262741	9606.ENSP00000362680	0	0	0	0.561	0	0.563	0.900	0.189	0.961
PLCB1	PLCB2	9606.ENSP00000338185	9606.ENSP00000260402	0	0	0.069	0.930	0	0	0.650	0.438	0.801
PLCB1	PRKCD	9606.ENSP00000338185	9606.ENSP00000331602	0	0	0	0	0	0	0.900	0.203	0.916
PLCB1	SHC3	9606.ENSP00000338185	9606.ENSP00000364995	0	0	0	0	0.070	0	0	0.423	0.441
PLCB1	PLCB4	9606.ENSP00000338185	9606.ENSP00000367762	0	0	0.074	0.880	0.062	0	0.650	0.372	0.783
PLCB1	PLCB3	9606.ENSP00000338185	9606.ENSP00000443631	0	0	0.056	0.953	0	0	0.650	0.595	0.854
PLCB2	PLCB4	9606.ENSP00000260402	9606.ENSP00000367762	0	0	0.070	0.844	0	0	0.650	0.173	0.707
PLCB2	PLCB3	9606.ENSP00000260402	9606.ENSP00000443631	0	0	0.067	0.922	0	0	0.650	0.537	0.835
PLCB2	PRKCD	9606.ENSP00000260402	9606.ENSP00000331602	0	0	0	0	0.087	0	0.900	0.177	0.918
PLCB3	PRKCD	9606.ENSP00000443631	9606.ENSP00000331602	0	0	0	0	0.049	0	0.900	0.252	0.922
PLCB3	PLCB4	9606.ENSP00000443631	9606.ENSP00000367762	0	0	0	0.862	0	0	0.650	0.474	0.808
PLCB4	PRKCD	9606.ENSP00000367762	9606.ENSP00000331602	0	0	0	0	0	0	0.900	0.212	0.917
POMC	PRKACA	9606.ENSP00000384092	9606.ENSP00000309591	0	0	0	0	0.055	0	0	0.767	0.770
POMC	PRKACB	9606.ENSP00000384092	9606.ENSP00000359719	0	0	0	0	0.055	0	0	0.766	0.769
POMC	SRC	9606.ENSP00000384092	9606.ENSP00000362680	0	0	0	0	0	0	0.500	0.348	0.660
POMC	PRKACG	9606.ENSP00000384092	9606.ENSP00000366488	0	0	0	0	0.055	0	0	0.765	0.768
PRKACA	RAF1	9606.ENSP00000309591	9606.ENSP00000401888	0	0	0	0.588	0.054	0.088	0.900	0.216	0.923
PRKACA	SP1	9606.ENSP00000309591	9606.ENSP00000329357	0	0	0	0	0.055	0.096	0.900	0.355	0.937
PRKACA	PRKACG	9606.ENSP00000309591	9606.ENSP00000366488	0	0	0.049	0.982	0	0.669	0.900	0.042	0.965
PRKACA	PRKACB	9606.ENSP00000309591	9606.ENSP00000359719	0	0	0.048	0.984	0.042	0.874	0.900	0.044	0.987
PRKACB	SP1	9606.ENSP00000359719	9606.ENSP00000329357	0	0	0	0	0	0.096	0.900	0.343	0.935
PRKACB	RAF1	9606.ENSP00000359719	9606.ENSP00000401888	0	0	0	0.580	0.054	0.088	0.900	0.220	0.923
PRKACB	PRKACG	9606.ENSP00000359719	9606.ENSP00000366488	0	0	0.051	0.979	0	0.696	0.900	0.043	0.968
PRKACG	SP1	9606.ENSP00000366488	9606.ENSP00000329357	0	0	0	0	0	0.096	0.900	0.343	0.935
PRKACG	RAF1	9606.ENSP00000366488	9606.ENSP00000401888	0	0	0	0.587	0.054	0.088	0.900	0.217	0.923
PRKCD	SP1	9606.ENSP00000331602	9606.ENSP00000329357	0	0	0	0	0.072	0.634	0	0.128	0.678
PRKCD	RAF1	9606.ENSP00000331602	9606.ENSP00000401888	0	0	0	0.574	0.063	0.087	0.900	0.101	0.912
PRKCD	SHC1	9606.ENSP00000331602	9606.ENSP00000401303	0	0	0	0	0.141	0.579	0.400	0.692	0.924
PRKCD	SRC	9606.ENSP00000331602	9606.ENSP00000362680	0	0	0.120	0.570	0.123	0.325	0.900	0.727	0.983
RAF1	SOS2	9606.ENSP00000401888	9606.ENSP00000216373	0	0	0	0	0.064	0.084	0	0.613	0.640
RAF1	SRC	9606.ENSP00000401888	9606.ENSP00000362680	0	0	0.122	0.660	0.082	0.377	0.900	0.239	0.954
RAF1	SOS1	9606.ENSP00000401888	9606.ENSP00000384675	0	0	0	0	0.064	0.084	0	0.798	0.812
RAF1	SHC1	9606.ENSP00000401888	9606.ENSP00000401303	0	0	0	0	0.053	0.073	0	0.511	0.533
RARA	SRC	9606.ENSP00000254066	9606.ENSP00000362680	0	0	0	0	0.080	0.467	0	0.307	0.631
RARA	SP1	9606.ENSP00000254066	9606.ENSP00000329357	0	0	0	0	0.068	0.635	0	0.268	0.729
SHC1	SOS2	9606.ENSP00000401303	9606.ENSP00000216373	0	0	0	0	0.055	0.430	0.900	0.995	0.999
SHC1	SHC2	9606.ENSP00000401303	9606.ENSP00000264554	0	0	0.054	0.919	0	0.234	0.400	0.118	0.565
SHC1	SRC	9606.ENSP00000401303	9606.ENSP00000362680	0	0	0	0.558	0.102	0.792	0.900	0.989	0.999
SHC1	SHC3	9606.ENSP00000401303	9606.ENSP00000364995	0	0	0.058	0.918	0	0	0.400	0.324	0.584
SHC1	SOS1	9606.ENSP00000401303	9606.ENSP00000384675	0	0	0	0	0.062	0.895	0.900	0.996	0.999
SHC1	TGFA	9606.ENSP00000401303	9606.ENSP00000404131	0	0	0	0	0	0	0.400	0.418	0.635
SHC2	SOS2	9606.ENSP00000264554	9606.ENSP00000216373	0	0	0	0	0	0.067	0.900	0.228	0.921
SHC2	SHC3	9606.ENSP00000264554	9606.ENSP00000364995	0	0	0.060	0.906	0.102	0	0.400	0.140	0.506
SHC2	SOS1	9606.ENSP00000264554	9606.ENSP00000384675	0	0	0	0	0	0.067	0.900	0.242	0.923
SHC2	SRC	9606.ENSP00000264554	9606.ENSP00000362680	0	0	0	0	0	0.073	0.900	0.619	0.961
SHC3	SOS2	9606.ENSP00000364995	9606.ENSP00000216373	0	0	0	0	0.055	0.091	0.900	0.299	0.931
SHC3	SHC4	9606.ENSP00000364995	9606.ENSP00000329668	0	0	0.061	0.900	0.047	0.479	0	0.103	0.526
SHC3	SRC	9606.ENSP00000364995	9606.ENSP00000362680	0	0	0	0	0.087	0.091	0.900	0.614	0.963
SHC3	SOS1	9606.ENSP00000364995	9606.ENSP00000384675	0	0	0	0	0.055	0.092	0.900	0.586	0.959
SHC4	SOS2	9606.ENSP00000329668	9606.ENSP00000216373	0	0	0	0	0	0.067	0.900	0.166	0.915
SHC4	SOS1	9606.ENSP00000329668	9606.ENSP00000384675	0	0	0	0	0	0.067	0.900	0.227	0.921
SHC4	SRC	9606.ENSP00000329668	9606.ENSP00000362680	0	0	0	0	0	0.073	0.900	0.304	0.929
SOS1	SOS2	9606.ENSP00000384675	9606.ENSP00000216373	0	0	0.054	0.972	0.447	0	0.900	0.439	0.966
SOS1	SRC	9606.ENSP00000384675	9606.ENSP00000362680	0	0	0	0	0.050	0.215	0.500	0.910	0.962
SOS1	TGFA	9606.ENSP00000384675	9606.ENSP00000404131	0	0	0	0	0.066	0	0.400	0.269	0.554
SOS2	SRC	9606.ENSP00000216373	9606.ENSP00000362680	0	0	0	0	0.050	0.215	0	0.737	0.786
SP1	SRC	9606.ENSP00000329357	9606.ENSP00000362680	0	0	0	0	0.049	0.164	0.900	0.412	0.947
SRC	TGFA	9606.ENSP00000362680	9606.ENSP00000404131	0	0	0	0	0	0	0.400	0.571	0.731
