#node1,node2,node1_string_id,node2_string_id,source,combined_score
ADCY1,ADCY8,9606.ENSP00000297323,9606.ENSP00000286355,estrogen-signaling-pathway-string,0.921
ADCY1,CALM3,9606.ENSP00000297323,9606.ENSP00000291295,estrogen-signaling-pathway-string,0.975
ADCY1,ADCY9,9606.ENSP00000297323,9606.ENSP00000294016,estrogen-signaling-pathway-string,0.775
ADCY1,ADCY6,9606.ENSP00000297323,9606.ENSP00000311405,estrogen-signaling-pathway-string,0.556
ADCY1,ADCY4,9606.ENSP00000297323,9606.ENSP00000312126,estrogen-signaling-pathway-string,0.568
ADCY1,ADCY5,9606.ENSP00000297323,9606.ENSP00000419361,estrogen-signaling-pathway-string,0.595
ADCY1,CREB1,9606.ENSP00000297323,9606.ENSP00000387699,estrogen-signaling-pathway-string,0.68
ADCY1,AKT2,9606.ENSP00000297323,9606.ENSP00000375892,estrogen-signaling-pathway-string,0.68
ADCY1,AKT3,9606.ENSP00000297323,9606.ENSP00000500582,estrogen-signaling-pathway-string,0.693
ADCY1,AKT1,9606.ENSP00000297323,9606.ENSP00000451828,estrogen-signaling-pathway-string,0.714
ADCY1,ADCY2,9606.ENSP00000297323,9606.ENSP00000342952,estrogen-signaling-pathway-string,0.715
ADCY1,ADCY7,9606.ENSP00000297323,9606.ENSP00000501053,estrogen-signaling-pathway-string,0.718
ADCY1,GNAI2,9606.ENSP00000297323,9606.ENSP00000312999,estrogen-signaling-pathway-string,0.765
ADCY1,GNAI1,9606.ENSP00000297323,9606.ENSP00000497260,estrogen-signaling-pathway-string,0.798
ADCY1,GNAI3,9606.ENSP00000297323,9606.ENSP00000358867,estrogen-signaling-pathway-string,0.852
ADCY1,ADCY3,9606.ENSP00000297323,9606.ENSP00000384484,estrogen-signaling-pathway-string,0.91
ADCY1,PRKCD,9606.ENSP00000297323,9606.ENSP00000331602,estrogen-signaling-pathway-string,0.915
ADCY1,PRKACA,9606.ENSP00000297323,9606.ENSP00000309591,estrogen-signaling-pathway-string,0.948
ADCY1,PRKACB,9606.ENSP00000297323,9606.ENSP00000359719,estrogen-signaling-pathway-string,0.949
ADCY1,PRKACG,9606.ENSP00000297323,9606.ENSP00000366488,estrogen-signaling-pathway-string,0.963
ADCY1,CALML3,9606.ENSP00000297323,9606.ENSP00000315299,estrogen-signaling-pathway-string,0.974
ADCY1,CALML4,9606.ENSP00000297323,9606.ENSP00000419081,estrogen-signaling-pathway-string,0.975
ADCY1,CALML6,9606.ENSP00000297323,9606.ENSP00000304643,estrogen-signaling-pathway-string,0.975
ADCY1,CALML5,9606.ENSP00000297323,9606.ENSP00000369689,estrogen-signaling-pathway-string,0.976
ADCY1,GNAS,9606.ENSP00000297323,9606.ENSP00000360141,estrogen-signaling-pathway-string,0.979
ADCY2,MAPK1,9606.ENSP00000342952,9606.ENSP00000215832,estrogen-signaling-pathway-string,0.468
ADCY2,ADCY8,9606.ENSP00000342952,9606.ENSP00000286355,estrogen-signaling-pathway-string,0.602
ADCY2,CALM3,9606.ENSP00000342952,9606.ENSP00000291295,estrogen-signaling-pathway-string,0.745
ADCY2,ADCY9,9606.ENSP00000342952,9606.ENSP00000294016,estrogen-signaling-pathway-string,0.658
ADCY2,CALML6,9606.ENSP00000342952,9606.ENSP00000304643,estrogen-signaling-pathway-string,0.718
ADCY2,PRKACA,9606.ENSP00000342952,9606.ENSP00000309591,estrogen-signaling-pathway-string,0.859
ADCY2,ADCY6,9606.ENSP00000342952,9606.ENSP00000311405,estrogen-signaling-pathway-string,0.781
ADCY2,ADCY4,9606.ENSP00000342952,9606.ENSP00000312126,estrogen-signaling-pathway-string,0.522
ADCY2,GNAI2,9606.ENSP00000342952,9606.ENSP00000312999,estrogen-signaling-pathway-string,0.759
ADCY2,CALML3,9606.ENSP00000342952,9606.ENSP00000315299,estrogen-signaling-pathway-string,0.743
ADCY2,PRKCD,9606.ENSP00000342952,9606.ENSP00000331602,estrogen-signaling-pathway-string,0.91
ADCY2,ADCY7,9606.ENSP00000342952,9606.ENSP00000501053,estrogen-signaling-pathway-string,0.525
ADCY2,ADCY3,9606.ENSP00000342952,9606.ENSP00000384484,estrogen-signaling-pathway-string,0.575
ADCY2,AKT2,9606.ENSP00000342952,9606.ENSP00000375892,estrogen-signaling-pathway-string,0.671
ADCY2,AKT1,9606.ENSP00000342952,9606.ENSP00000451828,estrogen-signaling-pathway-string,0.708
ADCY2,AKT3,9606.ENSP00000342952,9606.ENSP00000500582,estrogen-signaling-pathway-string,0.716
ADCY2,CALML5,9606.ENSP00000342952,9606.ENSP00000369689,estrogen-signaling-pathway-string,0.737
ADCY2,CALML4,9606.ENSP00000342952,9606.ENSP00000419081,estrogen-signaling-pathway-string,0.738
ADCY2,PRKACG,9606.ENSP00000342952,9606.ENSP00000366488,estrogen-signaling-pathway-string,0.764
ADCY2,GNAI3,9606.ENSP00000342952,9606.ENSP00000358867,estrogen-signaling-pathway-string,0.773
ADCY2,GNAI1,9606.ENSP00000342952,9606.ENSP00000497260,estrogen-signaling-pathway-string,0.78
ADCY2,PRKACB,9606.ENSP00000342952,9606.ENSP00000359719,estrogen-signaling-pathway-string,0.781
ADCY2,ADCY5,9606.ENSP00000342952,9606.ENSP00000419361,estrogen-signaling-pathway-string,0.891
ADCY2,GNAS,9606.ENSP00000342952,9606.ENSP00000360141,estrogen-signaling-pathway-string,0.978
ADCY3,MAPK1,9606.ENSP00000384484,9606.ENSP00000215832,estrogen-signaling-pathway-string,0.487
ADCY3,MAPK3,9606.ENSP00000384484,9606.ENSP00000263025,estrogen-signaling-pathway-string,0.516
ADCY3,ADCY8,9606.ENSP00000384484,9606.ENSP00000286355,estrogen-signaling-pathway-string,0.914
ADCY3,CALM3,9606.ENSP00000384484,9606.ENSP00000291295,estrogen-signaling-pathway-string,0.945
ADCY3,ADCY9,9606.ENSP00000384484,9606.ENSP00000294016,estrogen-signaling-pathway-string,0.933
ADCY3,CALML6,9606.ENSP00000384484,9606.ENSP00000304643,estrogen-signaling-pathway-string,0.94
ADCY3,PRKACA,9606.ENSP00000384484,9606.ENSP00000309591,estrogen-signaling-pathway-string,0.968
ADCY3,ADCY6,9606.ENSP00000384484,9606.ENSP00000311405,estrogen-signaling-pathway-string,0.919
ADCY3,ADCY4,9606.ENSP00000384484,9606.ENSP00000312126,estrogen-signaling-pathway-string,0.6
ADCY3,GNAI2,9606.ENSP00000384484,9606.ENSP00000312999,estrogen-signaling-pathway-string,0.753
ADCY3,CALML3,9606.ENSP00000384484,9606.ENSP00000315299,estrogen-signaling-pathway-string,0.943
ADCY3,PRKCD,9606.ENSP00000384484,9606.ENSP00000331602,estrogen-signaling-pathway-string,0.905
ADCY3,GNAI3,9606.ENSP00000384484,9606.ENSP00000358867,estrogen-signaling-pathway-string,0.76
ADCY3,PRKACB,9606.ENSP00000384484,9606.ENSP00000359719,estrogen-signaling-pathway-string,0.947
ADCY3,GNAS,9606.ENSP00000384484,9606.ENSP00000360141,estrogen-signaling-pathway-string,0.948
ADCY3,PRKACG,9606.ENSP00000384484,9606.ENSP00000366488,estrogen-signaling-pathway-string,0.946
ADCY3,CALML5,9606.ENSP00000384484,9606.ENSP00000369689,estrogen-signaling-pathway-string,0.942
ADCY3,AKT2,9606.ENSP00000384484,9606.ENSP00000375892,estrogen-signaling-pathway-string,0.671
ADCY3,ADCY7,9606.ENSP00000384484,9606.ENSP00000501053,estrogen-signaling-pathway-string,0.58
ADCY3,ADCY5,9606.ENSP00000384484,9606.ENSP00000419361,estrogen-signaling-pathway-string,0.585
ADCY3,AKT3,9606.ENSP00000384484,9606.ENSP00000500582,estrogen-signaling-pathway-string,0.693
ADCY3,AKT1,9606.ENSP00000384484,9606.ENSP00000451828,estrogen-signaling-pathway-string,0.723
ADCY3,GNAI1,9606.ENSP00000384484,9606.ENSP00000497260,estrogen-signaling-pathway-string,0.768
ADCY3,CALML4,9606.ENSP00000384484,9606.ENSP00000419081,estrogen-signaling-pathway-string,0.944
ADCY4,ADCY8,9606.ENSP00000312126,9606.ENSP00000286355,estrogen-signaling-pathway-string,0.945
ADCY4,CALM3,9606.ENSP00000312126,9606.ENSP00000291295,estrogen-signaling-pathway-string,0.773
ADCY4,ADCY9,9606.ENSP00000312126,9606.ENSP00000294016,estrogen-signaling-pathway-string,0.717
ADCY4,CALML6,9606.ENSP00000312126,9606.ENSP00000304643,estrogen-signaling-pathway-string,0.756
ADCY4,PRKACA,9606.ENSP00000312126,9606.ENSP00000309591,estrogen-signaling-pathway-string,0.796
ADCY4,ADCY6,9606.ENSP00000312126,9606.ENSP00000311405,estrogen-signaling-pathway-string,0.949
ADCY4,AKT3,9606.ENSP00000312126,9606.ENSP00000500582,estrogen-signaling-pathway-string,0.671
ADCY4,AKT2,9606.ENSP00000312126,9606.ENSP00000375892,estrogen-signaling-pathway-string,0.676
ADCY4,AKT1,9606.ENSP00000312126,9606.ENSP00000451828,estrogen-signaling-pathway-string,0.7
ADCY4,GNAI3,9606.ENSP00000312126,9606.ENSP00000358867,estrogen-signaling-pathway-string,0.734
ADCY4,GNAI1,9606.ENSP00000312126,9606.ENSP00000497260,estrogen-signaling-pathway-string,0.749
ADCY4,GNAI2,9606.ENSP00000312126,9606.ENSP00000312999,estrogen-signaling-pathway-string,0.755
ADCY4,CALML3,9606.ENSP00000312126,9606.ENSP00000315299,estrogen-signaling-pathway-string,0.772
ADCY4,CALML5,9606.ENSP00000312126,9606.ENSP00000369689,estrogen-signaling-pathway-string,0.772
ADCY4,CALML4,9606.ENSP00000312126,9606.ENSP00000419081,estrogen-signaling-pathway-string,0.779
ADCY4,ADCY7,9606.ENSP00000312126,9606.ENSP00000501053,estrogen-signaling-pathway-string,0.78
ADCY4,PRKACG,9606.ENSP00000312126,9606.ENSP00000366488,estrogen-signaling-pathway-string,0.792
ADCY4,PRKACB,9606.ENSP00000312126,9606.ENSP00000359719,estrogen-signaling-pathway-string,0.794
ADCY4,ADCY5,9606.ENSP00000312126,9606.ENSP00000419361,estrogen-signaling-pathway-string,0.835
ADCY4,PRKCD,9606.ENSP00000312126,9606.ENSP00000331602,estrogen-signaling-pathway-string,0.908
ADCY4,GNAS,9606.ENSP00000312126,9606.ENSP00000360141,estrogen-signaling-pathway-string,0.953
ADCY5,MAPK3,9606.ENSP00000419361,9606.ENSP00000263025,estrogen-signaling-pathway-string,0.442
ADCY5,ADCY8,9606.ENSP00000419361,9606.ENSP00000286355,estrogen-signaling-pathway-string,0.719
ADCY5,CALM3,9606.ENSP00000419361,9606.ENSP00000291295,estrogen-signaling-pathway-string,0.838
ADCY5,ADCY9,9606.ENSP00000419361,9606.ENSP00000294016,estrogen-signaling-pathway-string,0.827
ADCY5,CALML6,9606.ENSP00000419361,9606.ENSP00000304643,estrogen-signaling-pathway-string,0.818
ADCY5,PRKACA,9606.ENSP00000419361,9606.ENSP00000309591,estrogen-signaling-pathway-string,0.983
ADCY5,ADCY6,9606.ENSP00000419361,9606.ENSP00000311405,estrogen-signaling-pathway-string,0.96
ADCY5,GNAI2,9606.ENSP00000419361,9606.ENSP00000312999,estrogen-signaling-pathway-string,0.933
ADCY5,CALML3,9606.ENSP00000419361,9606.ENSP00000315299,estrogen-signaling-pathway-string,0.825
ADCY5,PRKCD,9606.ENSP00000419361,9606.ENSP00000331602,estrogen-signaling-pathway-string,0.913
ADCY5,GNAI3,9606.ENSP00000419361,9606.ENSP00000358867,estrogen-signaling-pathway-string,0.933
ADCY5,PRKACB,9606.ENSP00000419361,9606.ENSP00000359719,estrogen-signaling-pathway-string,0.974
ADCY5,GNAS,9606.ENSP00000419361,9606.ENSP00000360141,estrogen-signaling-pathway-string,0.981
ADCY5,PRKACG,9606.ENSP00000419361,9606.ENSP00000366488,estrogen-signaling-pathway-string,0.973
ADCY5,CALML5,9606.ENSP00000419361,9606.ENSP00000369689,estrogen-signaling-pathway-string,0.825
ADCY5,AKT2,9606.ENSP00000419361,9606.ENSP00000375892,estrogen-signaling-pathway-string,0.755
ADCY5,CALML4,9606.ENSP00000419361,9606.ENSP00000419081,estrogen-signaling-pathway-string,0.827
ADCY5,AKT3,9606.ENSP00000419361,9606.ENSP00000500582,estrogen-signaling-pathway-string,0.709
ADCY5,AKT1,9606.ENSP00000419361,9606.ENSP00000451828,estrogen-signaling-pathway-string,0.737
ADCY5,ADCY7,9606.ENSP00000419361,9606.ENSP00000501053,estrogen-signaling-pathway-string,0.808
ADCY5,GNAI1,9606.ENSP00000419361,9606.ENSP00000497260,estrogen-signaling-pathway-string,0.955
ADCY6,ADCY8,9606.ENSP00000311405,9606.ENSP00000286355,estrogen-signaling-pathway-string,0.912
ADCY6,CALM3,9606.ENSP00000311405,9606.ENSP00000291295,estrogen-signaling-pathway-string,0.825
ADCY6,ADCY9,9606.ENSP00000311405,9606.ENSP00000294016,estrogen-signaling-pathway-string,0.958
ADCY6,CALML6,9606.ENSP00000311405,9606.ENSP00000304643,estrogen-signaling-pathway-string,0.818
ADCY6,PRKACA,9606.ENSP00000311405,9606.ENSP00000309591,estrogen-signaling-pathway-string,0.861
ADCY6,AKT2,9606.ENSP00000311405,9606.ENSP00000375892,estrogen-signaling-pathway-string,0.678
ADCY6,AKT3,9606.ENSP00000311405,9606.ENSP00000500582,estrogen-signaling-pathway-string,0.685
ADCY6,ITPR2,9606.ENSP00000311405,9606.ENSP00000370744,estrogen-signaling-pathway-string,0.74
ADCY6,ADCY7,9606.ENSP00000311405,9606.ENSP00000501053,estrogen-signaling-pathway-string,0.747
ADCY6,AKT1,9606.ENSP00000311405,9606.ENSP00000451828,estrogen-signaling-pathway-string,0.748
ADCY6,CALML3,9606.ENSP00000311405,9606.ENSP00000315299,estrogen-signaling-pathway-string,0.825
ADCY6,CALML5,9606.ENSP00000311405,9606.ENSP00000369689,estrogen-signaling-pathway-string,0.825
ADCY6,CALML4,9606.ENSP00000311405,9606.ENSP00000419081,estrogen-signaling-pathway-string,0.827
ADCY6,PRKACG,9606.ENSP00000311405,9606.ENSP00000366488,estrogen-signaling-pathway-string,0.861
ADCY6,PRKACB,9606.ENSP00000311405,9606.ENSP00000359719,estrogen-signaling-pathway-string,0.861
ADCY6,PRKCD,9606.ENSP00000311405,9606.ENSP00000331602,estrogen-signaling-pathway-string,0.904
ADCY6,GNAI3,9606.ENSP00000311405,9606.ENSP00000358867,estrogen-signaling-pathway-string,0.929
ADCY6,GNAI2,9606.ENSP00000311405,9606.ENSP00000312999,estrogen-signaling-pathway-string,0.931
ADCY6,GNAI1,9606.ENSP00000311405,9606.ENSP00000497260,estrogen-signaling-pathway-string,0.936
ADCY6,GNAS,9606.ENSP00000311405,9606.ENSP00000360141,estrogen-signaling-pathway-string,0.97
ADCY7,ADCY8,9606.ENSP00000501053,9606.ENSP00000286355,estrogen-signaling-pathway-string,0.584
ADCY7,CALM3,9606.ENSP00000501053,9606.ENSP00000291295,estrogen-signaling-pathway-string,0.767
ADCY7,ADCY9,9606.ENSP00000501053,9606.ENSP00000294016,estrogen-signaling-pathway-string,0.749
ADCY7,CALML6,9606.ENSP00000501053,9606.ENSP00000304643,estrogen-signaling-pathway-string,0.756
ADCY7,PRKACA,9606.ENSP00000501053,9606.ENSP00000309591,estrogen-signaling-pathway-string,0.798
ADCY7,GNAI2,9606.ENSP00000501053,9606.ENSP00000312999,estrogen-signaling-pathway-string,0.757
ADCY7,CALML3,9606.ENSP00000501053,9606.ENSP00000315299,estrogen-signaling-pathway-string,0.765
ADCY7,PRKCD,9606.ENSP00000501053,9606.ENSP00000331602,estrogen-signaling-pathway-string,0.918
ADCY7,GNAI3,9606.ENSP00000501053,9606.ENSP00000358867,estrogen-signaling-pathway-string,0.739
ADCY7,PRKACB,9606.ENSP00000501053,9606.ENSP00000359719,estrogen-signaling-pathway-string,0.8
ADCY7,GNAS,9606.ENSP00000501053,9606.ENSP00000360141,estrogen-signaling-pathway-string,0.951
ADCY7,PRKACG,9606.ENSP00000501053,9606.ENSP00000366488,estrogen-signaling-pathway-string,0.796
ADCY7,CALML5,9606.ENSP00000501053,9606.ENSP00000369689,estrogen-signaling-pathway-string,0.83
ADCY7,AKT2,9606.ENSP00000501053,9606.ENSP00000375892,estrogen-signaling-pathway-string,0.681
ADCY7,CALML4,9606.ENSP00000501053,9606.ENSP00000419081,estrogen-signaling-pathway-string,0.781
ADCY7,AKT1,9606.ENSP00000501053,9606.ENSP00000451828,estrogen-signaling-pathway-string,0.712
ADCY7,GNAI1,9606.ENSP00000501053,9606.ENSP00000497260,estrogen-signaling-pathway-string,0.824
ADCY7,AKT3,9606.ENSP00000501053,9606.ENSP00000500582,estrogen-signaling-pathway-string,0.688
ADCY8,AKT2,9606.ENSP00000286355,9606.ENSP00000375892,estrogen-signaling-pathway-string,0.671
ADCY8,ADCY9,9606.ENSP00000286355,9606.ENSP00000294016,estrogen-signaling-pathway-string,0.675
ADCY8,CREB1,9606.ENSP00000286355,9606.ENSP00000387699,estrogen-signaling-pathway-string,0.706
ADCY8,AKT3,9606.ENSP00000286355,9606.ENSP00000500582,estrogen-signaling-pathway-string,0.72
ADCY8,AKT1,9606.ENSP00000286355,9606.ENSP00000451828,estrogen-signaling-pathway-string,0.723
ADCY8,GNAI2,9606.ENSP00000286355,9606.ENSP00000312999,estrogen-signaling-pathway-string,0.772
ADCY8,GNAI1,9606.ENSP00000286355,9606.ENSP00000497260,estrogen-signaling-pathway-string,0.791
ADCY8,GNAI3,9606.ENSP00000286355,9606.ENSP00000358867,estrogen-signaling-pathway-string,0.877
ADCY8,PRKCD,9606.ENSP00000286355,9606.ENSP00000331602,estrogen-signaling-pathway-string,0.906
ADCY8,GNAS,9606.ENSP00000286355,9606.ENSP00000360141,estrogen-signaling-pathway-string,0.949
ADCY8,PRKACB,9606.ENSP00000286355,9606.ENSP00000359719,estrogen-signaling-pathway-string,0.955
ADCY8,PRKACA,9606.ENSP00000286355,9606.ENSP00000309591,estrogen-signaling-pathway-string,0.971
ADCY8,PRKACG,9606.ENSP00000286355,9606.ENSP00000366488,estrogen-signaling-pathway-string,0.982
ADCY8,CALML6,9606.ENSP00000286355,9606.ENSP00000304643,estrogen-signaling-pathway-string,0.992
ADCY8,CALML3,9606.ENSP00000286355,9606.ENSP00000315299,estrogen-signaling-pathway-string,0.993
ADCY8,CALML5,9606.ENSP00000286355,9606.ENSP00000369689,estrogen-signaling-pathway-string,0.993
ADCY8,CALML4,9606.ENSP00000286355,9606.ENSP00000419081,estrogen-signaling-pathway-string,0.993
ADCY8,CALM3,9606.ENSP00000286355,9606.ENSP00000291295,estrogen-signaling-pathway-string,0.995
ADCY9,MAPK1,9606.ENSP00000294016,9606.ENSP00000215832,estrogen-signaling-pathway-string,0.471
ADCY9,CALM3,9606.ENSP00000294016,9606.ENSP00000291295,estrogen-signaling-pathway-string,0.788
ADCY9,AKT2,9606.ENSP00000294016,9606.ENSP00000375892,estrogen-signaling-pathway-string,0.682
ADCY9,AKT3,9606.ENSP00000294016,9606.ENSP00000500582,estrogen-signaling-pathway-string,0.684
ADCY9,AKT1,9606.ENSP00000294016,9606.ENSP00000451828,estrogen-signaling-pathway-string,0.706
ADCY9,GNAI1,9606.ENSP00000294016,9606.ENSP00000497260,estrogen-signaling-pathway-string,0.744
ADCY9,GNAI3,9606.ENSP00000294016,9606.ENSP00000358867,estrogen-signaling-pathway-string,0.751
ADCY9,CALML6,9606.ENSP00000294016,9606.ENSP00000304643,estrogen-signaling-pathway-string,0.776
ADCY9,CALML4,9606.ENSP00000294016,9606.ENSP00000419081,estrogen-signaling-pathway-string,0.776
ADCY9,CALML5,9606.ENSP00000294016,9606.ENSP00000369689,estrogen-signaling-pathway-string,0.785
ADCY9,CALML3,9606.ENSP00000294016,9606.ENSP00000315299,estrogen-signaling-pathway-string,0.785
ADCY9,GNAI2,9606.ENSP00000294016,9606.ENSP00000312999,estrogen-signaling-pathway-string,0.875
ADCY9,PRKCD,9606.ENSP00000294016,9606.ENSP00000331602,estrogen-signaling-pathway-string,0.912
ADCY9,PRKACG,9606.ENSP00000294016,9606.ENSP00000366488,estrogen-signaling-pathway-string,0.95
ADCY9,PRKACA,9606.ENSP00000294016,9606.ENSP00000309591,estrogen-signaling-pathway-string,0.95
ADCY9,PRKACB,9606.ENSP00000294016,9606.ENSP00000359719,estrogen-signaling-pathway-string,0.952
ADCY9,GNAS,9606.ENSP00000294016,9606.ENSP00000360141,estrogen-signaling-pathway-string,0.986
AKT1,FKBP4,9606.ENSP00000451828,9606.ENSP00000001008,estrogen-signaling-pathway-string,0.914
AKT1,CREB3L3,9606.ENSP00000451828,9606.ENSP00000078445,estrogen-signaling-pathway-string,0.72
AKT1,KRT14,9606.ENSP00000451828,9606.ENSP00000167586,estrogen-signaling-pathway-string,0.441
AKT1,MAPK1,9606.ENSP00000451828,9606.ENSP00000215832,estrogen-signaling-pathway-string,0.988
AKT1,SOS2,9606.ENSP00000451828,9606.ENSP00000216373,estrogen-signaling-pathway-string,0.601
AKT1,PIK3R2,9606.ENSP00000451828,9606.ENSP00000222254,estrogen-signaling-pathway-string,0.971
AKT1,CTSD,9606.ENSP00000451828,9606.ENSP00000236671,estrogen-signaling-pathway-string,0.482
AKT1,RARA,9606.ENSP00000451828,9606.ENSP00000254066,estrogen-signaling-pathway-string,0.765
AKT1,KRAS,9606.ENSP00000451828,9606.ENSP00000256078,estrogen-signaling-pathway-string,0.904
AKT1,PIK3R3,9606.ENSP00000451828,9606.ENSP00000262741,estrogen-signaling-pathway-string,0.962
AKT1,MAP2K2,9606.ENSP00000451828,9606.ENSP00000262948,estrogen-signaling-pathway-string,0.593
AKT1,MAPK3,9606.ENSP00000451828,9606.ENSP00000263025,estrogen-signaling-pathway-string,0.957
AKT1,PIK3CA,9606.ENSP00000451828,9606.ENSP00000263967,estrogen-signaling-pathway-string,0.998
AKT1,ATF2,9606.ENSP00000451828,9606.ENSP00000264110,estrogen-signaling-pathway-string,0.799
AKT1,KRT10,9606.ENSP00000451828,9606.ENSP00000269576,estrogen-signaling-pathway-string,0.692
AKT1,CREB3L4,9606.ENSP00000451828,9606.ENSP00000271889,estrogen-signaling-pathway-string,0.733
AKT1,EGFR,9606.ENSP00000451828,9606.ENSP00000275493,estrogen-signaling-pathway-string,0.792
AKT1,GRM1,9606.ENSP00000451828,9606.ENSP00000282753,estrogen-signaling-pathway-string,0.421
AKT1,CALM3,9606.ENSP00000451828,9606.ENSP00000291295,estrogen-signaling-pathway-string,0.802
AKT1,NOS3,9606.ENSP00000451828,9606.ENSP00000297494,estrogen-signaling-pathway-string,0.997
AKT1,HSP90B1,9606.ENSP00000451828,9606.ENSP00000299767,estrogen-signaling-pathway-string,0.981
AKT1,MAP2K1,9606.ENSP00000451828,9606.ENSP00000302486,estrogen-signaling-pathway-string,0.49
AKT1,CALML6,9606.ENSP00000451828,9606.ENSP00000304643,estrogen-signaling-pathway-string,0.713
AKT1,FOS,9606.ENSP00000451828,9606.ENSP00000306245,estrogen-signaling-pathway-string,0.746
AKT1,ITPR1,9606.ENSP00000451828,9606.ENSP00000306253,estrogen-signaling-pathway-string,0.981
AKT1,CALML3,9606.ENSP00000451828,9606.ENSP00000315299,estrogen-signaling-pathway-string,0.719
AKT1,PGR,9606.ENSP00000451828,9606.ENSP00000325120,estrogen-signaling-pathway-string,0.683
AKT1,CREB3L2,9606.ENSP00000451828,9606.ENSP00000329140,estrogen-signaling-pathway-string,0.7
AKT1,SP1,9606.ENSP00000451828,9606.ENSP00000329357,estrogen-signaling-pathway-string,0.682
AKT1,HSP90AA1,9606.ENSP00000451828,9606.ENSP00000335153,estrogen-signaling-pathway-string,0.999
AKT1,ATF4,9606.ENSP00000451828,9606.ENSP00000336790,estrogen-signaling-pathway-string,0.826
AKT1,CREB3,9606.ENSP00000451828,9606.ENSP00000342136,estrogen-signaling-pathway-string,0.742
AKT1,ESR2,9606.ENSP00000451828,9606.ENSP00000343925,estrogen-signaling-pathway-string,0.684
AKT1,CREB5,9606.ENSP00000451828,9606.ENSP00000350359,estrogen-signaling-pathway-string,0.727
AKT1,KRT19,9606.ENSP00000451828,9606.ENSP00000355124,estrogen-signaling-pathway-string,0.483
AKT1,NRAS,9606.ENSP00000451828,9606.ENSP00000358548,estrogen-signaling-pathway-string,0.815
AKT1,GNAS,9606.ENSP00000451828,9606.ENSP00000360141,estrogen-signaling-pathway-string,0.524
AKT1,JUN,9606.ENSP00000451828,9606.ENSP00000360266,estrogen-signaling-pathway-string,0.991
AKT1,HSP90AB1,9606.ENSP00000451828,9606.ENSP00000360609,estrogen-signaling-pathway-string,0.999
AKT1,SRC,9606.ENSP00000451828,9606.ENSP00000362680,estrogen-signaling-pathway-string,0.995
AKT1,ITPR3,9606.ENSP00000451828,9606.ENSP00000363435,estrogen-signaling-pathway-string,0.967
AKT1,ATF6B,9606.ENSP00000451828,9606.ENSP00000364349,estrogen-signaling-pathway-string,0.714
AKT1,HSPA1B,9606.ENSP00000451828,9606.ENSP00000364801,estrogen-signaling-pathway-string,0.557
AKT1,PIK3CD,9606.ENSP00000451828,9606.ENSP00000366563,estrogen-signaling-pathway-string,0.976
AKT1,CALML5,9606.ENSP00000451828,9606.ENSP00000369689,estrogen-signaling-pathway-string,0.719
AKT1,KRT18,9606.ENSP00000451828,9606.ENSP00000373489,estrogen-signaling-pathway-string,0.471
AKT1,AKT2,9606.ENSP00000451828,9606.ENSP00000375892,estrogen-signaling-pathway-string,0.991
AKT1,GRB2,9606.ENSP00000451828,9606.ENSP00000376345,estrogen-signaling-pathway-string,0.907
AKT1,BCL2,9606.ENSP00000451828,9606.ENSP00000381185,estrogen-signaling-pathway-string,0.993
AKT1,SOS1,9606.ENSP00000451828,9606.ENSP00000384675,estrogen-signaling-pathway-string,0.765
AKT1,CREB1,9606.ENSP00000451828,9606.ENSP00000387699,estrogen-signaling-pathway-string,0.965
AKT1,SHC1,9606.ENSP00000451828,9606.ENSP00000401303,estrogen-signaling-pathway-string,0.771
AKT1,RAF1,9606.ENSP00000451828,9606.ENSP00000401888,estrogen-signaling-pathway-string,0.992
AKT1,ESR1,9606.ENSP00000451828,9606.ENSP00000405330,estrogen-signaling-pathway-string,0.913
AKT1,HRAS,9606.ENSP00000451828,9606.ENSP00000407586,estrogen-signaling-pathway-string,0.896
AKT1,CALML4,9606.ENSP00000451828,9606.ENSP00000419081,estrogen-signaling-pathway-string,0.713
AKT1,PIK3R1,9606.ENSP00000451828,9606.ENSP00000428056,estrogen-signaling-pathway-string,0.995
AKT1,HSPA8,9606.ENSP00000451828,9606.ENSP00000437125,estrogen-signaling-pathway-string,0.85
AKT1,FKBP5,9606.ENSP00000451828,9606.ENSP00000444810,estrogen-signaling-pathway-string,0.964
AKT1,CREB3L1,9606.ENSP00000451828,9606.ENSP00000481956,estrogen-signaling-pathway-string,0.706
AKT1,AKT3,9606.ENSP00000451828,9606.ENSP00000500582,estrogen-signaling-pathway-string,0.958
AKT1,PIK3CB,9606.ENSP00000451828,9606.ENSP00000501150,estrogen-signaling-pathway-string,0.992
AKT2,FKBP4,9606.ENSP00000375892,9606.ENSP00000001008,estrogen-signaling-pathway-string,0.563
AKT2,CREB3L3,9606.ENSP00000375892,9606.ENSP00000078445,estrogen-signaling-pathway-string,0.683
AKT2,MAPK1,9606.ENSP00000375892,9606.ENSP00000215832,estrogen-signaling-pathway-string,0.929
AKT2,PIK3R2,9606.ENSP00000375892,9606.ENSP00000222254,estrogen-signaling-pathway-string,0.963
AKT2,KRAS,9606.ENSP00000375892,9606.ENSP00000256078,estrogen-signaling-pathway-string,0.646
AKT2,PIK3R3,9606.ENSP00000375892,9606.ENSP00000262741,estrogen-signaling-pathway-string,0.953
AKT2,MAPK3,9606.ENSP00000375892,9606.ENSP00000263025,estrogen-signaling-pathway-string,0.962
AKT2,PIK3CA,9606.ENSP00000375892,9606.ENSP00000263967,estrogen-signaling-pathway-string,0.984
AKT2,ATF2,9606.ENSP00000375892,9606.ENSP00000264110,estrogen-signaling-pathway-string,0.7
AKT2,CREB3L4,9606.ENSP00000375892,9606.ENSP00000271889,estrogen-signaling-pathway-string,0.675
AKT2,EGFR,9606.ENSP00000375892,9606.ENSP00000275493,estrogen-signaling-pathway-string,0.612
AKT2,CALM3,9606.ENSP00000375892,9606.ENSP00000291295,estrogen-signaling-pathway-string,0.568
AKT2,NOS3,9606.ENSP00000375892,9606.ENSP00000297494,estrogen-signaling-pathway-string,0.925
AKT2,HSP90B1,9606.ENSP00000375892,9606.ENSP00000299767,estrogen-signaling-pathway-string,0.932
AKT2,CALML6,9606.ENSP00000375892,9606.ENSP00000304643,estrogen-signaling-pathway-string,0.706
AKT2,CALML3,9606.ENSP00000375892,9606.ENSP00000315299,estrogen-signaling-pathway-string,0.712
AKT2,PGR,9606.ENSP00000375892,9606.ENSP00000325120,estrogen-signaling-pathway-string,0.6
AKT2,CREB3L2,9606.ENSP00000375892,9606.ENSP00000329140,estrogen-signaling-pathway-string,0.657
AKT2,HSP90AA1,9606.ENSP00000375892,9606.ENSP00000335153,estrogen-signaling-pathway-string,0.948
AKT2,ATF4,9606.ENSP00000375892,9606.ENSP00000336790,estrogen-signaling-pathway-string,0.684
AKT2,CREB3,9606.ENSP00000375892,9606.ENSP00000342136,estrogen-signaling-pathway-string,0.682
AKT2,ESR2,9606.ENSP00000375892,9606.ENSP00000343925,estrogen-signaling-pathway-string,0.419
AKT2,CREB5,9606.ENSP00000375892,9606.ENSP00000350359,estrogen-signaling-pathway-string,0.689
AKT2,NRAS,9606.ENSP00000375892,9606.ENSP00000358548,estrogen-signaling-pathway-string,0.499
AKT2,JUN,9606.ENSP00000375892,9606.ENSP00000360266,estrogen-signaling-pathway-string,0.967
AKT2,HSP90AB1,9606.ENSP00000375892,9606.ENSP00000360609,estrogen-signaling-pathway-string,0.946
AKT2,SRC,9606.ENSP00000375892,9606.ENSP00000362680,estrogen-signaling-pathway-string,0.829
AKT2,ATF6B,9606.ENSP00000375892,9606.ENSP00000364349,estrogen-signaling-pathway-string,0.672
AKT2,PIK3CD,9606.ENSP00000375892,9606.ENSP00000366563,estrogen-signaling-pathway-string,0.962
AKT2,CALML5,9606.ENSP00000375892,9606.ENSP00000369689,estrogen-signaling-pathway-string,0.713
AKT2,GRB2,9606.ENSP00000375892,9606.ENSP00000376345,estrogen-signaling-pathway-string,0.439
AKT2,SHC1,9606.ENSP00000375892,9606.ENSP00000401303,estrogen-signaling-pathway-string,0.486
AKT2,HRAS,9606.ENSP00000375892,9606.ENSP00000407586,estrogen-signaling-pathway-string,0.501
AKT2,ESR1,9606.ENSP00000375892,9606.ENSP00000405330,estrogen-signaling-pathway-string,0.616
AKT2,CREB3L1,9606.ENSP00000375892,9606.ENSP00000481956,estrogen-signaling-pathway-string,0.652
AKT2,FKBP5,9606.ENSP00000375892,9606.ENSP00000444810,estrogen-signaling-pathway-string,0.686
AKT2,CALML4,9606.ENSP00000375892,9606.ENSP00000419081,estrogen-signaling-pathway-string,0.706
AKT2,CREB1,9606.ENSP00000375892,9606.ENSP00000387699,estrogen-signaling-pathway-string,0.858
AKT2,RAF1,9606.ENSP00000375892,9606.ENSP00000401888,estrogen-signaling-pathway-string,0.923
AKT2,BCL2,9606.ENSP00000375892,9606.ENSP00000381185,estrogen-signaling-pathway-string,0.95
AKT2,AKT3,9606.ENSP00000375892,9606.ENSP00000500582,estrogen-signaling-pathway-string,0.965
AKT2,PIK3R1,9606.ENSP00000375892,9606.ENSP00000428056,estrogen-signaling-pathway-string,0.979
AKT2,PIK3CB,9606.ENSP00000375892,9606.ENSP00000501150,estrogen-signaling-pathway-string,0.983
AKT3,CREB3L3,9606.ENSP00000500582,9606.ENSP00000078445,estrogen-signaling-pathway-string,0.655
AKT3,MAPK1,9606.ENSP00000500582,9606.ENSP00000215832,estrogen-signaling-pathway-string,0.927
AKT3,PIK3R2,9606.ENSP00000500582,9606.ENSP00000222254,estrogen-signaling-pathway-string,0.967
AKT3,KRAS,9606.ENSP00000500582,9606.ENSP00000256078,estrogen-signaling-pathway-string,0.566
AKT3,PIK3R3,9606.ENSP00000500582,9606.ENSP00000262741,estrogen-signaling-pathway-string,0.973
AKT3,MAPK3,9606.ENSP00000500582,9606.ENSP00000263025,estrogen-signaling-pathway-string,0.928
AKT3,PIK3CA,9606.ENSP00000500582,9606.ENSP00000263967,estrogen-signaling-pathway-string,0.984
AKT3,ATF2,9606.ENSP00000500582,9606.ENSP00000264110,estrogen-signaling-pathway-string,0.693
AKT3,CREB3L4,9606.ENSP00000500582,9606.ENSP00000271889,estrogen-signaling-pathway-string,0.702
AKT3,NOS3,9606.ENSP00000500582,9606.ENSP00000297494,estrogen-signaling-pathway-string,0.917
AKT3,HSP90B1,9606.ENSP00000500582,9606.ENSP00000299767,estrogen-signaling-pathway-string,0.93
AKT3,CREB3L2,9606.ENSP00000500582,9606.ENSP00000329140,estrogen-signaling-pathway-string,0.677
AKT3,PRKCD,9606.ENSP00000500582,9606.ENSP00000331602,estrogen-signaling-pathway-string,0.455
AKT3,HSP90AA1,9606.ENSP00000500582,9606.ENSP00000335153,estrogen-signaling-pathway-string,0.954
AKT3,ATF4,9606.ENSP00000500582,9606.ENSP00000336790,estrogen-signaling-pathway-string,0.676
AKT3,CREB3,9606.ENSP00000500582,9606.ENSP00000342136,estrogen-signaling-pathway-string,0.703
AKT3,CREB5,9606.ENSP00000500582,9606.ENSP00000350359,estrogen-signaling-pathway-string,0.755
AKT3,NRAS,9606.ENSP00000500582,9606.ENSP00000358548,estrogen-signaling-pathway-string,0.564
AKT3,JUN,9606.ENSP00000500582,9606.ENSP00000360266,estrogen-signaling-pathway-string,0.941
AKT3,HSP90AB1,9606.ENSP00000500582,9606.ENSP00000360609,estrogen-signaling-pathway-string,0.956
AKT3,SRC,9606.ENSP00000500582,9606.ENSP00000362680,estrogen-signaling-pathway-string,0.647
AKT3,ATF6B,9606.ENSP00000500582,9606.ENSP00000364349,estrogen-signaling-pathway-string,0.664
AKT3,PIK3CD,9606.ENSP00000500582,9606.ENSP00000366563,estrogen-signaling-pathway-string,0.95
AKT3,BCL2,9606.ENSP00000500582,9606.ENSP00000381185,estrogen-signaling-pathway-string,0.947
AKT3,SOS1,9606.ENSP00000500582,9606.ENSP00000384675,estrogen-signaling-pathway-string,0.42
AKT3,CREB1,9606.ENSP00000500582,9606.ENSP00000387699,estrogen-signaling-pathway-string,0.765
AKT3,SHC1,9606.ENSP00000500582,9606.ENSP00000401303,estrogen-signaling-pathway-string,0.417
AKT3,RAF1,9606.ENSP00000500582,9606.ENSP00000401888,estrogen-signaling-pathway-string,0.922
AKT3,ESR1,9606.ENSP00000500582,9606.ENSP00000405330,estrogen-signaling-pathway-string,0.429
AKT3,HRAS,9606.ENSP00000500582,9606.ENSP00000407586,estrogen-signaling-pathway-string,0.47
AKT3,PIK3R1,9606.ENSP00000500582,9606.ENSP00000428056,estrogen-signaling-pathway-string,0.977
AKT3,CREB3L1,9606.ENSP00000500582,9606.ENSP00000481956,estrogen-signaling-pathway-string,0.671
AKT3,PIK3CB,9606.ENSP00000500582,9606.ENSP00000501150,estrogen-signaling-pathway-string,0.964
ATF2,CREB3L3,9606.ENSP00000264110,9606.ENSP00000078445,estrogen-signaling-pathway-string,0.907
ATF2,MAPK1,9606.ENSP00000264110,9606.ENSP00000215832,estrogen-signaling-pathway-string,0.973
ATF2,MAPK3,9606.ENSP00000264110,9606.ENSP00000263025,estrogen-signaling-pathway-string,0.903
ATF2,ESR1,9606.ENSP00000264110,9606.ENSP00000405330,estrogen-signaling-pathway-string,0.614
ATF2,PRKACG,9606.ENSP00000264110,9606.ENSP00000366488,estrogen-signaling-pathway-string,0.776
ATF2,PRKACA,9606.ENSP00000264110,9606.ENSP00000309591,estrogen-signaling-pathway-string,0.777
ATF2,PRKACB,9606.ENSP00000264110,9606.ENSP00000359719,estrogen-signaling-pathway-string,0.782
ATF2,CREB3L1,9606.ENSP00000264110,9606.ENSP00000481956,estrogen-signaling-pathway-string,0.903
ATF2,CREB3L2,9606.ENSP00000264110,9606.ENSP00000329140,estrogen-signaling-pathway-string,0.906
ATF2,CREB3L4,9606.ENSP00000264110,9606.ENSP00000271889,estrogen-signaling-pathway-string,0.913
ATF2,ATF6B,9606.ENSP00000264110,9606.ENSP00000364349,estrogen-signaling-pathway-string,0.919
ATF2,ATF4,9606.ENSP00000264110,9606.ENSP00000336790,estrogen-signaling-pathway-string,0.932
ATF2,CREB3,9606.ENSP00000264110,9606.ENSP00000342136,estrogen-signaling-pathway-string,0.95
ATF2,CREB1,9606.ENSP00000264110,9606.ENSP00000387699,estrogen-signaling-pathway-string,0.986
ATF2,CREB5,9606.ENSP00000264110,9606.ENSP00000350359,estrogen-signaling-pathway-string,0.989
ATF2,FOS,9606.ENSP00000264110,9606.ENSP00000306245,estrogen-signaling-pathway-string,0.99
ATF2,JUN,9606.ENSP00000264110,9606.ENSP00000360266,estrogen-signaling-pathway-string,0.999
ATF4,CREB3L3,9606.ENSP00000336790,9606.ENSP00000078445,estrogen-signaling-pathway-string,0.935
ATF4,MAPK1,9606.ENSP00000336790,9606.ENSP00000215832,estrogen-signaling-pathway-string,0.702
ATF4,MAPK3,9606.ENSP00000336790,9606.ENSP00000263025,estrogen-signaling-pathway-string,0.75
ATF4,CREB3L4,9606.ENSP00000336790,9606.ENSP00000271889,estrogen-signaling-pathway-string,0.929
ATF4,FOS,9606.ENSP00000336790,9606.ENSP00000306245,estrogen-signaling-pathway-string,0.831
ATF4,PRKACA,9606.ENSP00000336790,9606.ENSP00000309591,estrogen-signaling-pathway-string,0.926
ATF4,CREB3L2,9606.ENSP00000336790,9606.ENSP00000329140,estrogen-signaling-pathway-string,0.927
ATF4,GABBR1,9606.ENSP00000336790,9606.ENSP00000366233,estrogen-signaling-pathway-string,0.554
ATF4,CREB5,9606.ENSP00000336790,9606.ENSP00000350359,estrogen-signaling-pathway-string,0.921
ATF4,PRKACB,9606.ENSP00000336790,9606.ENSP00000359719,estrogen-signaling-pathway-string,0.925
ATF4,PRKACG,9606.ENSP00000336790,9606.ENSP00000366488,estrogen-signaling-pathway-string,0.926
ATF4,JUN,9606.ENSP00000336790,9606.ENSP00000360266,estrogen-signaling-pathway-string,0.928
ATF4,CREB3L1,9606.ENSP00000336790,9606.ENSP00000481956,estrogen-signaling-pathway-string,0.929
ATF4,CREB3,9606.ENSP00000336790,9606.ENSP00000342136,estrogen-signaling-pathway-string,0.94
ATF4,CREB1,9606.ENSP00000336790,9606.ENSP00000387699,estrogen-signaling-pathway-string,0.959
ATF4,ATF6B,9606.ENSP00000336790,9606.ENSP00000364349,estrogen-signaling-pathway-string,0.962
ATF6B,CREB3L3,9606.ENSP00000364349,9606.ENSP00000078445,estrogen-signaling-pathway-string,0.931
ATF6B,MAPK1,9606.ENSP00000364349,9606.ENSP00000215832,estrogen-signaling-pathway-string,0.67
ATF6B,MAPK3,9606.ENSP00000364349,9606.ENSP00000263025,estrogen-signaling-pathway-string,0.673
ATF6B,CREB3L4,9606.ENSP00000364349,9606.ENSP00000271889,estrogen-signaling-pathway-string,0.929
ATF6B,PRKACA,9606.ENSP00000364349,9606.ENSP00000309591,estrogen-signaling-pathway-string,0.658
ATF6B,CREB3L2,9606.ENSP00000364349,9606.ENSP00000329140,estrogen-signaling-pathway-string,0.932
ATF6B,CREB3,9606.ENSP00000364349,9606.ENSP00000342136,estrogen-signaling-pathway-string,0.926
ATF6B,CREB5,9606.ENSP00000364349,9606.ENSP00000350359,estrogen-signaling-pathway-string,0.909
ATF6B,PRKACB,9606.ENSP00000364349,9606.ENSP00000359719,estrogen-signaling-pathway-string,0.658
ATF6B,PRKACG,9606.ENSP00000364349,9606.ENSP00000366488,estrogen-signaling-pathway-string,0.65
ATF6B,CREB3L1,9606.ENSP00000364349,9606.ENSP00000481956,estrogen-signaling-pathway-string,0.931
ATF6B,CREB1,9606.ENSP00000364349,9606.ENSP00000387699,estrogen-signaling-pathway-string,0.953
BCL2,MAPK1,9606.ENSP00000381185,9606.ENSP00000215832,estrogen-signaling-pathway-string,0.969
BCL2,CTSD,9606.ENSP00000381185,9606.ENSP00000236671,estrogen-signaling-pathway-string,0.949
BCL2,RARA,9606.ENSP00000381185,9606.ENSP00000254066,estrogen-signaling-pathway-string,0.494
BCL2,KRAS,9606.ENSP00000381185,9606.ENSP00000256078,estrogen-signaling-pathway-string,0.862
BCL2,MAPK3,9606.ENSP00000381185,9606.ENSP00000263025,estrogen-signaling-pathway-string,0.985
BCL2,ITPR1,9606.ENSP00000381185,9606.ENSP00000306253,estrogen-signaling-pathway-string,0.996
BCL2,PGR,9606.ENSP00000381185,9606.ENSP00000325120,estrogen-signaling-pathway-string,0.636
BCL2,HSP90AA1,9606.ENSP00000381185,9606.ENSP00000335153,estrogen-signaling-pathway-string,0.929
BCL2,ESR2,9606.ENSP00000381185,9606.ENSP00000343925,estrogen-signaling-pathway-string,0.599
BCL2,NRAS,9606.ENSP00000381185,9606.ENSP00000358548,estrogen-signaling-pathway-string,0.764
BCL2,ITPR3,9606.ENSP00000381185,9606.ENSP00000363435,estrogen-signaling-pathway-string,0.993
BCL2,HSPA1B,9606.ENSP00000381185,9606.ENSP00000364801,estrogen-signaling-pathway-string,0.613
BCL2,RAF1,9606.ENSP00000381185,9606.ENSP00000401888,estrogen-signaling-pathway-string,0.892
BCL2,ESR1,9606.ENSP00000381185,9606.ENSP00000405330,estrogen-signaling-pathway-string,0.897
BCL2,CREB1,9606.ENSP00000381185,9606.ENSP00000387699,estrogen-signaling-pathway-string,0.925
BCL2,HRAS,9606.ENSP00000381185,9606.ENSP00000407586,estrogen-signaling-pathway-string,0.938
CALM3,FKBP4,9606.ENSP00000291295,9606.ENSP00000001008,estrogen-signaling-pathway-string,0.613
CALM3,MAPK1,9606.ENSP00000291295,9606.ENSP00000215832,estrogen-signaling-pathway-string,0.553
CALM3,KRAS,9606.ENSP00000291295,9606.ENSP00000256078,estrogen-signaling-pathway-string,0.998
CALM3,PLCB2,9606.ENSP00000291295,9606.ENSP00000260402,estrogen-signaling-pathway-string,0.716
CALM3,MAPK3,9606.ENSP00000291295,9606.ENSP00000263025,estrogen-signaling-pathway-string,0.673
CALM3,EGFR,9606.ENSP00000291295,9606.ENSP00000275493,estrogen-signaling-pathway-string,0.859
CALM3,GRM1,9606.ENSP00000291295,9606.ENSP00000282753,estrogen-signaling-pathway-string,0.445
CALM3,PRKCD,9606.ENSP00000291295,9606.ENSP00000331602,estrogen-signaling-pathway-string,0.468
CALM3,MAP2K1,9606.ENSP00000291295,9606.ENSP00000302486,estrogen-signaling-pathway-string,0.539
CALM3,HSPA1B,9606.ENSP00000291295,9606.ENSP00000364801,estrogen-signaling-pathway-string,0.551
CALM3,RAF1,9606.ENSP00000291295,9606.ENSP00000401888,estrogen-signaling-pathway-string,0.613
CALM3,GRB2,9606.ENSP00000291295,9606.ENSP00000376345,estrogen-signaling-pathway-string,0.65
CALM3,FOS,9606.ENSP00000291295,9606.ENSP00000306245,estrogen-signaling-pathway-string,0.672
CALM3,HSPA8,9606.ENSP00000291295,9606.ENSP00000437125,estrogen-signaling-pathway-string,0.723
CALM3,PLCB4,9606.ENSP00000291295,9606.ENSP00000367762,estrogen-signaling-pathway-string,0.724
CALM3,PLCB3,9606.ENSP00000291295,9606.ENSP00000443631,estrogen-signaling-pathway-string,0.751
CALM3,PLCB1,9606.ENSP00000291295,9606.ENSP00000338185,estrogen-signaling-pathway-string,0.762
CALM3,SRC,9606.ENSP00000291295,9606.ENSP00000362680,estrogen-signaling-pathway-string,0.858
CALM3,HSP90B1,9606.ENSP00000291295,9606.ENSP00000299767,estrogen-signaling-pathway-string,0.861
CALM3,ITPR2,9606.ENSP00000291295,9606.ENSP00000370744,estrogen-signaling-pathway-string,0.957
CALM3,NRAS,9606.ENSP00000291295,9606.ENSP00000358548,estrogen-signaling-pathway-string,0.959
CALM3,HRAS,9606.ENSP00000291295,9606.ENSP00000407586,estrogen-signaling-pathway-string,0.965
CALM3,ITPR1,9606.ENSP00000291295,9606.ENSP00000306253,estrogen-signaling-pathway-string,0.983
CALM3,ITPR3,9606.ENSP00000291295,9606.ENSP00000363435,estrogen-signaling-pathway-string,0.985
CALM3,PRKACB,9606.ENSP00000291295,9606.ENSP00000359719,estrogen-signaling-pathway-string,0.989
CALM3,PRKACA,9606.ENSP00000291295,9606.ENSP00000309591,estrogen-signaling-pathway-string,0.989
CALM3,PRKACG,9606.ENSP00000291295,9606.ENSP00000366488,estrogen-signaling-pathway-string,0.992
CALM3,ESR1,9606.ENSP00000291295,9606.ENSP00000405330,estrogen-signaling-pathway-string,0.995
CALM3,HSP90AB1,9606.ENSP00000291295,9606.ENSP00000360609,estrogen-signaling-pathway-string,0.995
CALM3,CALML4,9606.ENSP00000291295,9606.ENSP00000419081,estrogen-signaling-pathway-string,0.996
CALM3,HSP90AA1,9606.ENSP00000291295,9606.ENSP00000335153,estrogen-signaling-pathway-string,0.996
CALM3,CALML5,9606.ENSP00000291295,9606.ENSP00000369689,estrogen-signaling-pathway-string,0.996
CALM3,CALML3,9606.ENSP00000291295,9606.ENSP00000315299,estrogen-signaling-pathway-string,0.996
CALM3,CALML6,9606.ENSP00000291295,9606.ENSP00000304643,estrogen-signaling-pathway-string,0.996
CALM3,NOS3,9606.ENSP00000291295,9606.ENSP00000297494,estrogen-signaling-pathway-string,0.999
CALML3,FKBP4,9606.ENSP00000315299,9606.ENSP00000001008,estrogen-signaling-pathway-string,0.622
CALML3,KRT14,9606.ENSP00000315299,9606.ENSP00000167586,estrogen-signaling-pathway-string,0.442
CALML3,MAPK1,9606.ENSP00000315299,9606.ENSP00000215832,estrogen-signaling-pathway-string,0.497
CALML3,KRAS,9606.ENSP00000315299,9606.ENSP00000256078,estrogen-signaling-pathway-string,0.998
CALML3,PLCB2,9606.ENSP00000315299,9606.ENSP00000260402,estrogen-signaling-pathway-string,0.704
CALML3,MAPK3,9606.ENSP00000315299,9606.ENSP00000263025,estrogen-signaling-pathway-string,0.648
CALML3,GRM1,9606.ENSP00000315299,9606.ENSP00000282753,estrogen-signaling-pathway-string,0.432
CALML3,NOS3,9606.ENSP00000315299,9606.ENSP00000297494,estrogen-signaling-pathway-string,0.999
CALML3,HSP90B1,9606.ENSP00000315299,9606.ENSP00000299767,estrogen-signaling-pathway-string,0.885
CALML3,MAP2K1,9606.ENSP00000315299,9606.ENSP00000302486,estrogen-signaling-pathway-string,0.512
CALML3,CALML6,9606.ENSP00000315299,9606.ENSP00000304643,estrogen-signaling-pathway-string,0.962
CALML3,FOS,9606.ENSP00000315299,9606.ENSP00000306245,estrogen-signaling-pathway-string,0.634
CALML3,ITPR1,9606.ENSP00000315299,9606.ENSP00000306253,estrogen-signaling-pathway-string,0.984
CALML3,PRKACA,9606.ENSP00000315299,9606.ENSP00000309591,estrogen-signaling-pathway-string,0.989
CALML3,PRKCD,9606.ENSP00000315299,9606.ENSP00000331602,estrogen-signaling-pathway-string,0.446
CALML3,ESR2,9606.ENSP00000315299,9606.ENSP00000343925,estrogen-signaling-pathway-string,0.554
CALML3,RAF1,9606.ENSP00000315299,9606.ENSP00000401888,estrogen-signaling-pathway-string,0.611
CALML3,HSPA8,9606.ENSP00000315299,9606.ENSP00000437125,estrogen-signaling-pathway-string,0.664
CALML3,PLCB4,9606.ENSP00000315299,9606.ENSP00000367762,estrogen-signaling-pathway-string,0.718
CALML3,PLCB3,9606.ENSP00000315299,9606.ENSP00000443631,estrogen-signaling-pathway-string,0.747
CALML3,PLCB1,9606.ENSP00000315299,9606.ENSP00000338185,estrogen-signaling-pathway-string,0.751
CALML3,SRC,9606.ENSP00000315299,9606.ENSP00000362680,estrogen-signaling-pathway-string,0.927
CALML3,ITPR2,9606.ENSP00000315299,9606.ENSP00000370744,estrogen-signaling-pathway-string,0.945
CALML3,NRAS,9606.ENSP00000315299,9606.ENSP00000358548,estrogen-signaling-pathway-string,0.958
CALML3,HRAS,9606.ENSP00000315299,9606.ENSP00000407586,estrogen-signaling-pathway-string,0.963
CALML3,CALML4,9606.ENSP00000315299,9606.ENSP00000419081,estrogen-signaling-pathway-string,0.963
CALML3,CALML5,9606.ENSP00000315299,9606.ENSP00000369689,estrogen-signaling-pathway-string,0.967
CALML3,ESR1,9606.ENSP00000315299,9606.ENSP00000405330,estrogen-signaling-pathway-string,0.981
CALML3,ITPR3,9606.ENSP00000315299,9606.ENSP00000363435,estrogen-signaling-pathway-string,0.982
CALML3,PRKACB,9606.ENSP00000315299,9606.ENSP00000359719,estrogen-signaling-pathway-string,0.989
CALML3,PRKACG,9606.ENSP00000315299,9606.ENSP00000366488,estrogen-signaling-pathway-string,0.992
CALML3,HSP90AB1,9606.ENSP00000315299,9606.ENSP00000360609,estrogen-signaling-pathway-string,0.995
CALML3,HSP90AA1,9606.ENSP00000315299,9606.ENSP00000335153,estrogen-signaling-pathway-string,0.996
CALML4,FKBP4,9606.ENSP00000419081,9606.ENSP00000001008,estrogen-signaling-pathway-string,0.623
CALML4,MAPK1,9606.ENSP00000419081,9606.ENSP00000215832,estrogen-signaling-pathway-string,0.473
CALML4,KRAS,9606.ENSP00000419081,9606.ENSP00000256078,estrogen-signaling-pathway-string,0.998
CALML4,PLCB2,9606.ENSP00000419081,9606.ENSP00000260402,estrogen-signaling-pathway-string,0.707
CALML4,MAPK3,9606.ENSP00000419081,9606.ENSP00000263025,estrogen-signaling-pathway-string,0.633
CALML4,GRM1,9606.ENSP00000419081,9606.ENSP00000282753,estrogen-signaling-pathway-string,0.427
CALML4,NOS3,9606.ENSP00000419081,9606.ENSP00000297494,estrogen-signaling-pathway-string,0.999
CALML4,HSP90B1,9606.ENSP00000419081,9606.ENSP00000299767,estrogen-signaling-pathway-string,0.885
CALML4,MAP2K1,9606.ENSP00000419081,9606.ENSP00000302486,estrogen-signaling-pathway-string,0.49
CALML4,CALML6,9606.ENSP00000419081,9606.ENSP00000304643,estrogen-signaling-pathway-string,0.961
CALML4,FOS,9606.ENSP00000419081,9606.ENSP00000306245,estrogen-signaling-pathway-string,0.589
CALML4,ITPR1,9606.ENSP00000419081,9606.ENSP00000306253,estrogen-signaling-pathway-string,0.98
CALML4,PRKACA,9606.ENSP00000419081,9606.ENSP00000309591,estrogen-signaling-pathway-string,0.989
CALML4,PRKCD,9606.ENSP00000419081,9606.ENSP00000331602,estrogen-signaling-pathway-string,0.427
CALML4,HSP90AA1,9606.ENSP00000419081,9606.ENSP00000335153,estrogen-signaling-pathway-string,0.996
CALML4,PLCB1,9606.ENSP00000419081,9606.ENSP00000338185,estrogen-signaling-pathway-string,0.752
CALML4,ESR2,9606.ENSP00000419081,9606.ENSP00000343925,estrogen-signaling-pathway-string,0.554
CALML4,NRAS,9606.ENSP00000419081,9606.ENSP00000358548,estrogen-signaling-pathway-string,0.954
CALML4,PRKACB,9606.ENSP00000419081,9606.ENSP00000359719,estrogen-signaling-pathway-string,0.989
CALML4,HSP90AB1,9606.ENSP00000419081,9606.ENSP00000360609,estrogen-signaling-pathway-string,0.995
CALML4,SRC,9606.ENSP00000419081,9606.ENSP00000362680,estrogen-signaling-pathway-string,0.927
CALML4,ITPR3,9606.ENSP00000419081,9606.ENSP00000363435,estrogen-signaling-pathway-string,0.979
CALML4,PRKACG,9606.ENSP00000419081,9606.ENSP00000366488,estrogen-signaling-pathway-string,0.992
CALML4,PLCB4,9606.ENSP00000419081,9606.ENSP00000367762,estrogen-signaling-pathway-string,0.708
CALML4,CALML5,9606.ENSP00000419081,9606.ENSP00000369689,estrogen-signaling-pathway-string,0.964
CALML4,ITPR2,9606.ENSP00000419081,9606.ENSP00000370744,estrogen-signaling-pathway-string,0.939
CALML4,RAF1,9606.ENSP00000419081,9606.ENSP00000401888,estrogen-signaling-pathway-string,0.611
CALML4,ESR1,9606.ENSP00000419081,9606.ENSP00000405330,estrogen-signaling-pathway-string,0.979
CALML4,HRAS,9606.ENSP00000419081,9606.ENSP00000407586,estrogen-signaling-pathway-string,0.96
CALML4,HSPA8,9606.ENSP00000419081,9606.ENSP00000437125,estrogen-signaling-pathway-string,0.651
CALML4,PLCB3,9606.ENSP00000419081,9606.ENSP00000443631,estrogen-signaling-pathway-string,0.738
CALML5,FKBP4,9606.ENSP00000369689,9606.ENSP00000001008,estrogen-signaling-pathway-string,0.623
CALML5,MAPK1,9606.ENSP00000369689,9606.ENSP00000215832,estrogen-signaling-pathway-string,0.497
CALML5,CTSD,9606.ENSP00000369689,9606.ENSP00000236671,estrogen-signaling-pathway-string,0.534
CALML5,KRAS,9606.ENSP00000369689,9606.ENSP00000256078,estrogen-signaling-pathway-string,0.998
CALML5,PLCB2,9606.ENSP00000369689,9606.ENSP00000260402,estrogen-signaling-pathway-string,0.704
CALML5,MAPK3,9606.ENSP00000369689,9606.ENSP00000263025,estrogen-signaling-pathway-string,0.648
CALML5,GRM1,9606.ENSP00000369689,9606.ENSP00000282753,estrogen-signaling-pathway-string,0.432
CALML5,NOS3,9606.ENSP00000369689,9606.ENSP00000297494,estrogen-signaling-pathway-string,0.999
CALML5,HSP90B1,9606.ENSP00000369689,9606.ENSP00000299767,estrogen-signaling-pathway-string,0.885
CALML5,MAP2K1,9606.ENSP00000369689,9606.ENSP00000302486,estrogen-signaling-pathway-string,0.513
CALML5,CALML6,9606.ENSP00000369689,9606.ENSP00000304643,estrogen-signaling-pathway-string,0.963
CALML5,FOS,9606.ENSP00000369689,9606.ENSP00000306245,estrogen-signaling-pathway-string,0.654
CALML5,ITPR1,9606.ENSP00000369689,9606.ENSP00000306253,estrogen-signaling-pathway-string,0.983
CALML5,PRKACA,9606.ENSP00000369689,9606.ENSP00000309591,estrogen-signaling-pathway-string,0.989
CALML5,PRKCD,9606.ENSP00000369689,9606.ENSP00000331602,estrogen-signaling-pathway-string,0.445
CALML5,HSP90AA1,9606.ENSP00000369689,9606.ENSP00000335153,estrogen-signaling-pathway-string,0.996
CALML5,PLCB1,9606.ENSP00000369689,9606.ENSP00000338185,estrogen-signaling-pathway-string,0.808
CALML5,ESR2,9606.ENSP00000369689,9606.ENSP00000343925,estrogen-signaling-pathway-string,0.554
CALML5,NRAS,9606.ENSP00000369689,9606.ENSP00000358548,estrogen-signaling-pathway-string,0.958
CALML5,PRKACB,9606.ENSP00000369689,9606.ENSP00000359719,estrogen-signaling-pathway-string,0.989
CALML5,HSP90AB1,9606.ENSP00000369689,9606.ENSP00000360609,estrogen-signaling-pathway-string,0.995
CALML5,SRC,9606.ENSP00000369689,9606.ENSP00000362680,estrogen-signaling-pathway-string,0.927
CALML5,ITPR3,9606.ENSP00000369689,9606.ENSP00000363435,estrogen-signaling-pathway-string,0.981
CALML5,PRKACG,9606.ENSP00000369689,9606.ENSP00000366488,estrogen-signaling-pathway-string,0.992
CALML5,PLCB4,9606.ENSP00000369689,9606.ENSP00000367762,estrogen-signaling-pathway-string,0.718
CALML5,RAF1,9606.ENSP00000369689,9606.ENSP00000401888,estrogen-signaling-pathway-string,0.611
CALML5,HSPA8,9606.ENSP00000369689,9606.ENSP00000437125,estrogen-signaling-pathway-string,0.664
CALML5,PLCB3,9606.ENSP00000369689,9606.ENSP00000443631,estrogen-signaling-pathway-string,0.742
CALML5,ITPR2,9606.ENSP00000369689,9606.ENSP00000370744,estrogen-signaling-pathway-string,0.946
CALML5,HRAS,9606.ENSP00000369689,9606.ENSP00000407586,estrogen-signaling-pathway-string,0.963
CALML5,ESR1,9606.ENSP00000369689,9606.ENSP00000405330,estrogen-signaling-pathway-string,0.979
CALML6,FKBP4,9606.ENSP00000304643,9606.ENSP00000001008,estrogen-signaling-pathway-string,0.623
CALML6,MAPK1,9606.ENSP00000304643,9606.ENSP00000215832,estrogen-signaling-pathway-string,0.473
CALML6,KRAS,9606.ENSP00000304643,9606.ENSP00000256078,estrogen-signaling-pathway-string,0.998
CALML6,PLCB2,9606.ENSP00000304643,9606.ENSP00000260402,estrogen-signaling-pathway-string,0.701
CALML6,MAPK3,9606.ENSP00000304643,9606.ENSP00000263025,estrogen-signaling-pathway-string,0.633
CALML6,GRM1,9606.ENSP00000304643,9606.ENSP00000282753,estrogen-signaling-pathway-string,0.428
CALML6,NOS3,9606.ENSP00000304643,9606.ENSP00000297494,estrogen-signaling-pathway-string,0.999
CALML6,HSP90B1,9606.ENSP00000304643,9606.ENSP00000299767,estrogen-signaling-pathway-string,0.885
CALML6,MAP2K1,9606.ENSP00000304643,9606.ENSP00000302486,estrogen-signaling-pathway-string,0.49
CALML6,PRKCD,9606.ENSP00000304643,9606.ENSP00000331602,estrogen-signaling-pathway-string,0.425
CALML6,ESR2,9606.ENSP00000304643,9606.ENSP00000343925,estrogen-signaling-pathway-string,0.554
CALML6,FOS,9606.ENSP00000304643,9606.ENSP00000306245,estrogen-signaling-pathway-string,0.589
CALML6,RAF1,9606.ENSP00000304643,9606.ENSP00000401888,estrogen-signaling-pathway-string,0.611
CALML6,HSPA8,9606.ENSP00000304643,9606.ENSP00000437125,estrogen-signaling-pathway-string,0.651
CALML6,PLCB4,9606.ENSP00000304643,9606.ENSP00000367762,estrogen-signaling-pathway-string,0.706
CALML6,PLCB3,9606.ENSP00000304643,9606.ENSP00000443631,estrogen-signaling-pathway-string,0.735
CALML6,PLCB1,9606.ENSP00000304643,9606.ENSP00000338185,estrogen-signaling-pathway-string,0.752
CALML6,SRC,9606.ENSP00000304643,9606.ENSP00000362680,estrogen-signaling-pathway-string,0.927
CALML6,ITPR2,9606.ENSP00000304643,9606.ENSP00000370744,estrogen-signaling-pathway-string,0.939
CALML6,NRAS,9606.ENSP00000304643,9606.ENSP00000358548,estrogen-signaling-pathway-string,0.954
CALML6,HRAS,9606.ENSP00000304643,9606.ENSP00000407586,estrogen-signaling-pathway-string,0.96
CALML6,ITPR3,9606.ENSP00000304643,9606.ENSP00000363435,estrogen-signaling-pathway-string,0.979
CALML6,ESR1,9606.ENSP00000304643,9606.ENSP00000405330,estrogen-signaling-pathway-string,0.979
CALML6,ITPR1,9606.ENSP00000304643,9606.ENSP00000306253,estrogen-signaling-pathway-string,0.98
CALML6,PRKACA,9606.ENSP00000304643,9606.ENSP00000309591,estrogen-signaling-pathway-string,0.988
CALML6,PRKACB,9606.ENSP00000304643,9606.ENSP00000359719,estrogen-signaling-pathway-string,0.988
CALML6,PRKACG,9606.ENSP00000304643,9606.ENSP00000366488,estrogen-signaling-pathway-string,0.991
CALML6,HSP90AB1,9606.ENSP00000304643,9606.ENSP00000360609,estrogen-signaling-pathway-string,0.995
CALML6,HSP90AA1,9606.ENSP00000304643,9606.ENSP00000335153,estrogen-signaling-pathway-string,0.996
CREB1,CREB3L3,9606.ENSP00000387699,9606.ENSP00000078445,estrogen-signaling-pathway-string,0.972
CREB1,MAPK1,9606.ENSP00000387699,9606.ENSP00000215832,estrogen-signaling-pathway-string,0.962
CREB1,RARA,9606.ENSP00000387699,9606.ENSP00000254066,estrogen-signaling-pathway-string,0.571
CREB1,KRAS,9606.ENSP00000387699,9606.ENSP00000256078,estrogen-signaling-pathway-string,0.445
CREB1,MAPK3,9606.ENSP00000387699,9606.ENSP00000263025,estrogen-signaling-pathway-string,0.987
CREB1,CREB3L4,9606.ENSP00000387699,9606.ENSP00000271889,estrogen-signaling-pathway-string,0.955
CREB1,FOS,9606.ENSP00000387699,9606.ENSP00000306245,estrogen-signaling-pathway-string,0.998
CREB1,PRKACA,9606.ENSP00000387699,9606.ENSP00000309591,estrogen-signaling-pathway-string,0.996
CREB1,PGR,9606.ENSP00000387699,9606.ENSP00000325120,estrogen-signaling-pathway-string,0.407
CREB1,CREB3L2,9606.ENSP00000387699,9606.ENSP00000329140,estrogen-signaling-pathway-string,0.936
CREB1,SP1,9606.ENSP00000387699,9606.ENSP00000329357,estrogen-signaling-pathway-string,0.784
CREB1,CREB3,9606.ENSP00000387699,9606.ENSP00000342136,estrogen-signaling-pathway-string,0.955
CREB1,ESR2,9606.ENSP00000387699,9606.ENSP00000343925,estrogen-signaling-pathway-string,0.746
CREB1,CREB5,9606.ENSP00000387699,9606.ENSP00000350359,estrogen-signaling-pathway-string,0.944
CREB1,NRAS,9606.ENSP00000387699,9606.ENSP00000358548,estrogen-signaling-pathway-string,0.401
CREB1,PRKACB,9606.ENSP00000387699,9606.ENSP00000359719,estrogen-signaling-pathway-string,0.995
CREB1,JUN,9606.ENSP00000387699,9606.ENSP00000360266,estrogen-signaling-pathway-string,0.998
CREB1,PRKACG,9606.ENSP00000387699,9606.ENSP00000366488,estrogen-signaling-pathway-string,0.994
CREB1,OPRM1,9606.ENSP00000387699,9606.ENSP00000394624,estrogen-signaling-pathway-string,0.477
CREB1,ESR1,9606.ENSP00000387699,9606.ENSP00000405330,estrogen-signaling-pathway-string,0.757
CREB1,CREB3L1,9606.ENSP00000387699,9606.ENSP00000481956,estrogen-signaling-pathway-string,0.938
CREB3,CREB3L3,9606.ENSP00000342136,9606.ENSP00000078445,estrogen-signaling-pathway-string,0.958
CREB3,MAPK1,9606.ENSP00000342136,9606.ENSP00000215832,estrogen-signaling-pathway-string,0.918
CREB3,MAPK3,9606.ENSP00000342136,9606.ENSP00000263025,estrogen-signaling-pathway-string,0.915
CREB3,CREB3L4,9606.ENSP00000342136,9606.ENSP00000271889,estrogen-signaling-pathway-string,0.96
CREB3,PRKACA,9606.ENSP00000342136,9606.ENSP00000309591,estrogen-signaling-pathway-string,0.702
CREB3,CREB3L2,9606.ENSP00000342136,9606.ENSP00000329140,estrogen-signaling-pathway-string,0.964
CREB3,PRKACG,9606.ENSP00000342136,9606.ENSP00000366488,estrogen-signaling-pathway-string,0.695
CREB3,PRKACB,9606.ENSP00000342136,9606.ENSP00000359719,estrogen-signaling-pathway-string,0.701
CREB3,JUN,9606.ENSP00000342136,9606.ENSP00000360266,estrogen-signaling-pathway-string,0.765
CREB3,CREB5,9606.ENSP00000342136,9606.ENSP00000350359,estrogen-signaling-pathway-string,0.932
CREB3,CREB3L1,9606.ENSP00000342136,9606.ENSP00000481956,estrogen-signaling-pathway-string,0.947
CREB3L1,CREB3L3,9606.ENSP00000481956,9606.ENSP00000078445,estrogen-signaling-pathway-string,0.95
CREB3L1,MAPK1,9606.ENSP00000481956,9606.ENSP00000215832,estrogen-signaling-pathway-string,0.9
CREB3L1,MAPK3,9606.ENSP00000481956,9606.ENSP00000263025,estrogen-signaling-pathway-string,0.905
CREB3L1,CREB3L4,9606.ENSP00000481956,9606.ENSP00000271889,estrogen-signaling-pathway-string,0.928
CREB3L1,ITPR1,9606.ENSP00000481956,9606.ENSP00000306253,estrogen-signaling-pathway-string,0.463
CREB3L1,PRKACA,9606.ENSP00000481956,9606.ENSP00000309591,estrogen-signaling-pathway-string,0.671
CREB3L1,CREB3L2,9606.ENSP00000481956,9606.ENSP00000329140,estrogen-signaling-pathway-string,0.955
CREB3L1,CREB5,9606.ENSP00000481956,9606.ENSP00000350359,estrogen-signaling-pathway-string,0.919
CREB3L1,PRKACB,9606.ENSP00000481956,9606.ENSP00000359719,estrogen-signaling-pathway-string,0.676
CREB3L1,PRKACG,9606.ENSP00000481956,9606.ENSP00000366488,estrogen-signaling-pathway-string,0.666
CREB3L1,ITPR2,9606.ENSP00000481956,9606.ENSP00000370744,estrogen-signaling-pathway-string,0.432
CREB3L2,CREB3L3,9606.ENSP00000329140,9606.ENSP00000078445,estrogen-signaling-pathway-string,0.94
CREB3L2,MAPK1,9606.ENSP00000329140,9606.ENSP00000215832,estrogen-signaling-pathway-string,0.903
CREB3L2,MAPK3,9606.ENSP00000329140,9606.ENSP00000263025,estrogen-signaling-pathway-string,0.904
CREB3L2,CREB3L4,9606.ENSP00000329140,9606.ENSP00000271889,estrogen-signaling-pathway-string,0.926
CREB3L2,PRKACA,9606.ENSP00000329140,9606.ENSP00000309591,estrogen-signaling-pathway-string,0.662
CREB3L2,PRKACG,9606.ENSP00000329140,9606.ENSP00000366488,estrogen-signaling-pathway-string,0.666
CREB3L2,PRKACB,9606.ENSP00000329140,9606.ENSP00000359719,estrogen-signaling-pathway-string,0.681
CREB3L2,CREB5,9606.ENSP00000329140,9606.ENSP00000350359,estrogen-signaling-pathway-string,0.922
CREB3L3,PRKACG,9606.ENSP00000078445,9606.ENSP00000366488,estrogen-signaling-pathway-string,0.688
CREB3L3,PRKACA,9606.ENSP00000078445,9606.ENSP00000309591,estrogen-signaling-pathway-string,0.689
CREB3L3,PRKACB,9606.ENSP00000078445,9606.ENSP00000359719,estrogen-signaling-pathway-string,0.732
CREB3L3,MAPK1,9606.ENSP00000078445,9606.ENSP00000215832,estrogen-signaling-pathway-string,0.907
CREB3L3,MAPK3,9606.ENSP00000078445,9606.ENSP00000263025,estrogen-signaling-pathway-string,0.915
CREB3L3,CREB5,9606.ENSP00000078445,9606.ENSP00000350359,estrogen-signaling-pathway-string,0.918
CREB3L3,CREB3L4,9606.ENSP00000078445,9606.ENSP00000271889,estrogen-signaling-pathway-string,0.93
CREB3L4,MAPK1,9606.ENSP00000271889,9606.ENSP00000215832,estrogen-signaling-pathway-string,0.909
CREB3L4,MAPK3,9606.ENSP00000271889,9606.ENSP00000263025,estrogen-signaling-pathway-string,0.906
CREB3L4,PRKACG,9606.ENSP00000271889,9606.ENSP00000366488,estrogen-signaling-pathway-string,0.683
CREB3L4,PRKACA,9606.ENSP00000271889,9606.ENSP00000309591,estrogen-signaling-pathway-string,0.685
CREB3L4,PRKACB,9606.ENSP00000271889,9606.ENSP00000359719,estrogen-signaling-pathway-string,0.695
CREB3L4,CREB5,9606.ENSP00000271889,9606.ENSP00000350359,estrogen-signaling-pathway-string,0.941
CREB5,MAPK1,9606.ENSP00000350359,9606.ENSP00000215832,estrogen-signaling-pathway-string,0.946
CREB5,MAPK3,9606.ENSP00000350359,9606.ENSP00000263025,estrogen-signaling-pathway-string,0.939
CREB5,FOS,9606.ENSP00000350359,9606.ENSP00000306245,estrogen-signaling-pathway-string,0.886
CREB5,PRKACA,9606.ENSP00000350359,9606.ENSP00000309591,estrogen-signaling-pathway-string,0.718
CREB5,PRKACG,9606.ENSP00000350359,9606.ENSP00000366488,estrogen-signaling-pathway-string,0.715
CREB5,PRKACB,9606.ENSP00000350359,9606.ENSP00000359719,estrogen-signaling-pathway-string,0.725
CREB5,JUN,9606.ENSP00000350359,9606.ENSP00000360266,estrogen-signaling-pathway-string,0.971
CTSD,HSP90AA1,9606.ENSP00000236671,9606.ENSP00000335153,estrogen-signaling-pathway-string,0.419
CTSD,EGFR,9606.ENSP00000236671,9606.ENSP00000275493,estrogen-signaling-pathway-string,0.468
CTSD,HSP90B1,9606.ENSP00000236671,9606.ENSP00000299767,estrogen-signaling-pathway-string,0.47
CTSD,HSPA8,9606.ENSP00000236671,9606.ENSP00000437125,estrogen-signaling-pathway-string,0.493
CTSD,NCOA2,9606.ENSP00000236671,9606.ENSP00000399968,estrogen-signaling-pathway-string,0.535
CTSD,NCOA1,9606.ENSP00000236671,9606.ENSP00000385216,estrogen-signaling-pathway-string,0.538
CTSD,SP1,9606.ENSP00000236671,9606.ENSP00000329357,estrogen-signaling-pathway-string,0.551
CTSD,NCOA3,9606.ENSP00000236671,9606.ENSP00000361066,estrogen-signaling-pathway-string,0.589
CTSD,HSP90AB1,9606.ENSP00000236671,9606.ENSP00000360609,estrogen-signaling-pathway-string,0.618
CTSD,ESR1,9606.ENSP00000236671,9606.ENSP00000405330,estrogen-signaling-pathway-string,0.793
EBAG9,ESR1,9606.ENSP00000337675,9606.ENSP00000405330,estrogen-signaling-pathway-string,0.969
EGFR,KRT14,9606.ENSP00000275493,9606.ENSP00000167586,estrogen-signaling-pathway-string,0.696
EGFR,KRT20,9606.ENSP00000275493,9606.ENSP00000167588,estrogen-signaling-pathway-string,0.59
EGFR,MAPK1,9606.ENSP00000275493,9606.ENSP00000215832,estrogen-signaling-pathway-string,0.612
EGFR,SOS2,9606.ENSP00000275493,9606.ENSP00000216373,estrogen-signaling-pathway-string,0.998
EGFR,PIK3R2,9606.ENSP00000275493,9606.ENSP00000222254,estrogen-signaling-pathway-string,0.993
EGFR,HBEGF,9606.ENSP00000275493,9606.ENSP00000230990,estrogen-signaling-pathway-string,0.999
EGFR,RARA,9606.ENSP00000275493,9606.ENSP00000254066,estrogen-signaling-pathway-string,0.441
EGFR,KRAS,9606.ENSP00000275493,9606.ENSP00000256078,estrogen-signaling-pathway-string,0.997
EGFR,PLCB2,9606.ENSP00000275493,9606.ENSP00000260402,estrogen-signaling-pathway-string,0.691
EGFR,PIK3R3,9606.ENSP00000275493,9606.ENSP00000262741,estrogen-signaling-pathway-string,0.99
EGFR,MAP2K2,9606.ENSP00000275493,9606.ENSP00000262948,estrogen-signaling-pathway-string,0.591
EGFR,MAPK3,9606.ENSP00000275493,9606.ENSP00000263025,estrogen-signaling-pathway-string,0.528
EGFR,PIK3CA,9606.ENSP00000275493,9606.ENSP00000263967,estrogen-signaling-pathway-string,0.999
EGFR,SHC2,9606.ENSP00000275493,9606.ENSP00000264554,estrogen-signaling-pathway-string,0.987
EGFR,FKBP5,9606.ENSP00000275493,9606.ENSP00000444810,estrogen-signaling-pathway-string,0.407
EGFR,SP1,9606.ENSP00000275493,9606.ENSP00000329357,estrogen-signaling-pathway-string,0.455
EGFR,OPRM1,9606.ENSP00000275493,9606.ENSP00000394624,estrogen-signaling-pathway-string,0.494
EGFR,GNAI3,9606.ENSP00000275493,9606.ENSP00000358867,estrogen-signaling-pathway-string,0.556
EGFR,MAP2K1,9606.ENSP00000275493,9606.ENSP00000302486,estrogen-signaling-pathway-string,0.579
EGFR,KRT19,9606.ENSP00000275493,9606.ENSP00000355124,estrogen-signaling-pathway-string,0.622
EGFR,PRKACA,9606.ENSP00000275493,9606.ENSP00000309591,estrogen-signaling-pathway-string,0.707
EGFR,PLCB3,9606.ENSP00000275493,9606.ENSP00000443631,estrogen-signaling-pathway-string,0.711
EGFR,PLCB4,9606.ENSP00000275493,9606.ENSP00000367762,estrogen-signaling-pathway-string,0.714
EGFR,GNAS,9606.ENSP00000275493,9606.ENSP00000360141,estrogen-signaling-pathway-string,0.718
EGFR,PLCB1,9606.ENSP00000275493,9606.ENSP00000338185,estrogen-signaling-pathway-string,0.72
EGFR,ESR2,9606.ENSP00000275493,9606.ENSP00000343925,estrogen-signaling-pathway-string,0.755
EGFR,HSP90B1,9606.ENSP00000275493,9606.ENSP00000299767,estrogen-signaling-pathway-string,0.766
EGFR,KRT17,9606.ENSP00000275493,9606.ENSP00000308452,estrogen-signaling-pathway-string,0.772
EGFR,PGR,9606.ENSP00000275493,9606.ENSP00000325120,estrogen-signaling-pathway-string,0.83
EGFR,KRT18,9606.ENSP00000275493,9606.ENSP00000373489,estrogen-signaling-pathway-string,0.84
EGFR,RAF1,9606.ENSP00000275493,9606.ENSP00000401888,estrogen-signaling-pathway-string,0.848
EGFR,JUN,9606.ENSP00000275493,9606.ENSP00000360266,estrogen-signaling-pathway-string,0.871
EGFR,HSPA1B,9606.ENSP00000275493,9606.ENSP00000364801,estrogen-signaling-pathway-string,0.923
EGFR,HSPA8,9606.ENSP00000275493,9606.ENSP00000437125,estrogen-signaling-pathway-string,0.932
EGFR,FOS,9606.ENSP00000275493,9606.ENSP00000306245,estrogen-signaling-pathway-string,0.94
EGFR,PIK3CD,9606.ENSP00000275493,9606.ENSP00000366563,estrogen-signaling-pathway-string,0.942
EGFR,ESR1,9606.ENSP00000275493,9606.ENSP00000405330,estrogen-signaling-pathway-string,0.988
EGFR,SHC3,9606.ENSP00000275493,9606.ENSP00000364995,estrogen-signaling-pathway-string,0.988
EGFR,SHC4,9606.ENSP00000275493,9606.ENSP00000329668,estrogen-signaling-pathway-string,0.988
EGFR,NRAS,9606.ENSP00000275493,9606.ENSP00000358548,estrogen-signaling-pathway-string,0.991
EGFR,PIK3CB,9606.ENSP00000275493,9606.ENSP00000501150,estrogen-signaling-pathway-string,0.993
EGFR,HRAS,9606.ENSP00000275493,9606.ENSP00000407586,estrogen-signaling-pathway-string,0.994
EGFR,PIK3R1,9606.ENSP00000275493,9606.ENSP00000428056,estrogen-signaling-pathway-string,0.998
EGFR,HSP90AB1,9606.ENSP00000275493,9606.ENSP00000360609,estrogen-signaling-pathway-string,0.998
EGFR,TGFA,9606.ENSP00000275493,9606.ENSP00000404131,estrogen-signaling-pathway-string,0.999
EGFR,SHC1,9606.ENSP00000275493,9606.ENSP00000401303,estrogen-signaling-pathway-string,0.999
EGFR,SOS1,9606.ENSP00000275493,9606.ENSP00000384675,estrogen-signaling-pathway-string,0.999
EGFR,GRB2,9606.ENSP00000275493,9606.ENSP00000376345,estrogen-signaling-pathway-string,0.999
EGFR,HSP90AA1,9606.ENSP00000275493,9606.ENSP00000335153,estrogen-signaling-pathway-string,0.999
EGFR,SRC,9606.ENSP00000275493,9606.ENSP00000362680,estrogen-signaling-pathway-string,0.999
ESR1,FKBP4,9606.ENSP00000405330,9606.ENSP00000001008,estrogen-signaling-pathway-string,0.893
ESR1,KRT14,9606.ENSP00000405330,9606.ENSP00000167586,estrogen-signaling-pathway-string,0.609
ESR1,KRT20,9606.ENSP00000405330,9606.ENSP00000167588,estrogen-signaling-pathway-string,0.626
ESR1,MAPK1,9606.ENSP00000405330,9606.ENSP00000215832,estrogen-signaling-pathway-string,0.987
ESR1,SOS2,9606.ENSP00000405330,9606.ENSP00000216373,estrogen-signaling-pathway-string,0.432
ESR1,PIK3R2,9606.ENSP00000405330,9606.ENSP00000222254,estrogen-signaling-pathway-string,0.637
ESR1,HBEGF,9606.ENSP00000405330,9606.ENSP00000230990,estrogen-signaling-pathway-string,0.636
ESR1,RARA,9606.ENSP00000405330,9606.ENSP00000254066,estrogen-signaling-pathway-string,0.699
ESR1,KRAS,9606.ENSP00000405330,9606.ENSP00000256078,estrogen-signaling-pathway-string,0.764
ESR1,PIK3R3,9606.ENSP00000405330,9606.ENSP00000262741,estrogen-signaling-pathway-string,0.513
ESR1,MAP2K2,9606.ENSP00000405330,9606.ENSP00000262948,estrogen-signaling-pathway-string,0.53
ESR1,MAPK3,9606.ENSP00000405330,9606.ENSP00000263025,estrogen-signaling-pathway-string,0.981
ESR1,PIK3CA,9606.ENSP00000405330,9606.ENSP00000263967,estrogen-signaling-pathway-string,0.941
ESR1,TFF1,9606.ENSP00000405330,9606.ENSP00000291527,estrogen-signaling-pathway-string,0.978
ESR1,NOS3,9606.ENSP00000405330,9606.ENSP00000297494,estrogen-signaling-pathway-string,0.773
ESR1,HSP90B1,9606.ENSP00000405330,9606.ENSP00000299767,estrogen-signaling-pathway-string,0.453
ESR1,MAP2K1,9606.ENSP00000405330,9606.ENSP00000302486,estrogen-signaling-pathway-string,0.521
ESR1,FOS,9606.ENSP00000405330,9606.ENSP00000306245,estrogen-signaling-pathway-string,0.999
ESR1,KRT17,9606.ENSP00000405330,9606.ENSP00000308452,estrogen-signaling-pathway-string,0.457
ESR1,PRKACA,9606.ENSP00000405330,9606.ENSP00000309591,estrogen-signaling-pathway-string,0.956
ESR1,GNAI2,9606.ENSP00000405330,9606.ENSP00000312999,estrogen-signaling-pathway-string,0.672
ESR1,PGR,9606.ENSP00000405330,9606.ENSP00000325120,estrogen-signaling-pathway-string,0.974
ESR1,SP1,9606.ENSP00000405330,9606.ENSP00000329357,estrogen-signaling-pathway-string,0.999
ESR1,HSP90AA1,9606.ENSP00000405330,9606.ENSP00000335153,estrogen-signaling-pathway-string,0.999
ESR1,ESR2,9606.ENSP00000405330,9606.ENSP00000343925,estrogen-signaling-pathway-string,0.998
ESR1,KRT19,9606.ENSP00000405330,9606.ENSP00000355124,estrogen-signaling-pathway-string,0.59
ESR1,NRAS,9606.ENSP00000405330,9606.ENSP00000358548,estrogen-signaling-pathway-string,0.466
ESR1,GNAI3,9606.ENSP00000405330,9606.ENSP00000358867,estrogen-signaling-pathway-string,0.639
ESR1,PRKACB,9606.ENSP00000405330,9606.ENSP00000359719,estrogen-signaling-pathway-string,0.956
ESR1,JUN,9606.ENSP00000405330,9606.ENSP00000360266,estrogen-signaling-pathway-string,0.999
ESR1,HSP90AB1,9606.ENSP00000405330,9606.ENSP00000360609,estrogen-signaling-pathway-string,0.993
ESR1,NCOA3,9606.ENSP00000405330,9606.ENSP00000361066,estrogen-signaling-pathway-string,0.999
ESR1,SRC,9606.ENSP00000405330,9606.ENSP00000362680,estrogen-signaling-pathway-string,0.999
ESR1,HSPA1B,9606.ENSP00000405330,9606.ENSP00000364801,estrogen-signaling-pathway-string,0.454
ESR1,PRKACG,9606.ENSP00000405330,9606.ENSP00000366488,estrogen-signaling-pathway-string,0.956
ESR1,KRT18,9606.ENSP00000405330,9606.ENSP00000373489,estrogen-signaling-pathway-string,0.614
ESR1,GRB2,9606.ENSP00000405330,9606.ENSP00000376345,estrogen-signaling-pathway-string,0.819
ESR1,GPER1,9606.ENSP00000405330,9606.ENSP00000380281,estrogen-signaling-pathway-string,0.953
ESR1,NCOA1,9606.ENSP00000405330,9606.ENSP00000385216,estrogen-signaling-pathway-string,0.999
ESR1,NCOA2,9606.ENSP00000405330,9606.ENSP00000399968,estrogen-signaling-pathway-string,0.999
ESR1,SHC1,9606.ENSP00000405330,9606.ENSP00000401303,estrogen-signaling-pathway-string,0.99
ESR1,RAF1,9606.ENSP00000405330,9606.ENSP00000401888,estrogen-signaling-pathway-string,0.642
ESR1,TGFA,9606.ENSP00000405330,9606.ENSP00000404131,estrogen-signaling-pathway-string,0.691
ESR1,GNAI1,9606.ENSP00000405330,9606.ENSP00000497260,estrogen-signaling-pathway-string,0.647
ESR1,HRAS,9606.ENSP00000405330,9606.ENSP00000407586,estrogen-signaling-pathway-string,0.715
ESR1,FKBP5,9606.ENSP00000405330,9606.ENSP00000444810,estrogen-signaling-pathway-string,0.883
ESR1,HSPA8,9606.ENSP00000405330,9606.ENSP00000437125,estrogen-signaling-pathway-string,0.919
ESR1,PIK3R1,9606.ENSP00000405330,9606.ENSP00000428056,estrogen-signaling-pathway-string,0.994
ESR2,FKBP4,9606.ENSP00000343925,9606.ENSP00000001008,estrogen-signaling-pathway-string,0.596
ESR2,MAPK1,9606.ENSP00000343925,9606.ENSP00000215832,estrogen-signaling-pathway-string,0.948
ESR2,PIK3R2,9606.ENSP00000343925,9606.ENSP00000222254,estrogen-signaling-pathway-string,0.435
ESR2,PIK3R3,9606.ENSP00000343925,9606.ENSP00000262741,estrogen-signaling-pathway-string,0.436
ESR2,MAPK3,9606.ENSP00000343925,9606.ENSP00000263025,estrogen-signaling-pathway-string,0.955
ESR2,PIK3CA,9606.ENSP00000343925,9606.ENSP00000263967,estrogen-signaling-pathway-string,0.575
ESR2,TFF1,9606.ENSP00000343925,9606.ENSP00000291527,estrogen-signaling-pathway-string,0.429
ESR2,NOS3,9606.ENSP00000343925,9606.ENSP00000297494,estrogen-signaling-pathway-string,0.689
ESR2,FOS,9606.ENSP00000343925,9606.ENSP00000306245,estrogen-signaling-pathway-string,0.961
ESR2,PRKACA,9606.ENSP00000343925,9606.ENSP00000309591,estrogen-signaling-pathway-string,0.943
ESR2,GNAI2,9606.ENSP00000343925,9606.ENSP00000312999,estrogen-signaling-pathway-string,0.542
ESR2,PGR,9606.ENSP00000343925,9606.ENSP00000325120,estrogen-signaling-pathway-string,0.471
ESR2,SP1,9606.ENSP00000343925,9606.ENSP00000329357,estrogen-signaling-pathway-string,0.988
ESR2,HSP90AA1,9606.ENSP00000343925,9606.ENSP00000335153,estrogen-signaling-pathway-string,0.884
ESR2,GNAI1,9606.ENSP00000343925,9606.ENSP00000497260,estrogen-signaling-pathway-string,0.526
ESR2,GNAI3,9606.ENSP00000343925,9606.ENSP00000358867,estrogen-signaling-pathway-string,0.526
ESR2,PIK3R1,9606.ENSP00000343925,9606.ENSP00000428056,estrogen-signaling-pathway-string,0.53
ESR2,KRT18,9606.ENSP00000343925,9606.ENSP00000373489,estrogen-signaling-pathway-string,0.532
ESR2,FKBP5,9606.ENSP00000343925,9606.ENSP00000444810,estrogen-signaling-pathway-string,0.62
ESR2,HSP90AB1,9606.ENSP00000343925,9606.ENSP00000360609,estrogen-signaling-pathway-string,0.832
ESR2,PRKACG,9606.ENSP00000343925,9606.ENSP00000366488,estrogen-signaling-pathway-string,0.943
ESR2,PRKACB,9606.ENSP00000343925,9606.ENSP00000359719,estrogen-signaling-pathway-string,0.943
ESR2,JUN,9606.ENSP00000343925,9606.ENSP00000360266,estrogen-signaling-pathway-string,0.967
ESR2,NCOA2,9606.ENSP00000343925,9606.ENSP00000399968,estrogen-signaling-pathway-string,0.993
ESR2,SRC,9606.ENSP00000343925,9606.ENSP00000362680,estrogen-signaling-pathway-string,0.995
ESR2,NCOA3,9606.ENSP00000343925,9606.ENSP00000361066,estrogen-signaling-pathway-string,0.997
ESR2,NCOA1,9606.ENSP00000343925,9606.ENSP00000385216,estrogen-signaling-pathway-string,0.999
FKBP4,MAPK1,9606.ENSP00000001008,9606.ENSP00000215832,estrogen-signaling-pathway-string,0.457
FKBP4,HSP90B1,9606.ENSP00000001008,9606.ENSP00000299767,estrogen-signaling-pathway-string,0.463
FKBP4,MAPK3,9606.ENSP00000001008,9606.ENSP00000263025,estrogen-signaling-pathway-string,0.488
FKBP4,SRC,9606.ENSP00000001008,9606.ENSP00000362680,estrogen-signaling-pathway-string,0.543
FKBP4,HSPA1L,9606.ENSP00000001008,9606.ENSP00000364805,estrogen-signaling-pathway-string,0.606
FKBP4,HSPA2,9606.ENSP00000001008,9606.ENSP00000378199,estrogen-signaling-pathway-string,0.748
FKBP4,HSPA1B,9606.ENSP00000001008,9606.ENSP00000364801,estrogen-signaling-pathway-string,0.806
FKBP4,HSPA8,9606.ENSP00000001008,9606.ENSP00000437125,estrogen-signaling-pathway-string,0.942
FKBP4,FKBP5,9606.ENSP00000001008,9606.ENSP00000444810,estrogen-signaling-pathway-string,0.972
FKBP4,PGR,9606.ENSP00000001008,9606.ENSP00000325120,estrogen-signaling-pathway-string,0.977
FKBP4,HSP90AB1,9606.ENSP00000001008,9606.ENSP00000360609,estrogen-signaling-pathway-string,0.999
FKBP4,HSP90AA1,9606.ENSP00000001008,9606.ENSP00000335153,estrogen-signaling-pathway-string,0.999
FKBP5,MAPK1,9606.ENSP00000444810,9606.ENSP00000215832,estrogen-signaling-pathway-string,0.489
FKBP5,MAPK3,9606.ENSP00000444810,9606.ENSP00000263025,estrogen-signaling-pathway-string,0.579
FKBP5,FOS,9606.ENSP00000444810,9606.ENSP00000306245,estrogen-signaling-pathway-string,0.62
FKBP5,PRKACA,9606.ENSP00000444810,9606.ENSP00000309591,estrogen-signaling-pathway-string,0.417
FKBP5,PGR,9606.ENSP00000444810,9606.ENSP00000325120,estrogen-signaling-pathway-string,0.977
FKBP5,HSP90AA1,9606.ENSP00000444810,9606.ENSP00000335153,estrogen-signaling-pathway-string,0.999
FKBP5,HSP90AB1,9606.ENSP00000444810,9606.ENSP00000360609,estrogen-signaling-pathway-string,0.999
FKBP5,SRC,9606.ENSP00000444810,9606.ENSP00000362680,estrogen-signaling-pathway-string,0.542
FKBP5,HSPA1B,9606.ENSP00000444810,9606.ENSP00000364801,estrogen-signaling-pathway-string,0.69
FKBP5,HSPA1L,9606.ENSP00000444810,9606.ENSP00000364805,estrogen-signaling-pathway-string,0.701
FKBP5,HSPA2,9606.ENSP00000444810,9606.ENSP00000378199,estrogen-signaling-pathway-string,0.608
FKBP5,HSPA8,9606.ENSP00000444810,9606.ENSP00000437125,estrogen-signaling-pathway-string,0.871
FOS,MAPK1,9606.ENSP00000306245,9606.ENSP00000215832,estrogen-signaling-pathway-string,0.992
FOS,HBEGF,9606.ENSP00000306245,9606.ENSP00000230990,estrogen-signaling-pathway-string,0.695
FOS,RARA,9606.ENSP00000306245,9606.ENSP00000254066,estrogen-signaling-pathway-string,0.868
FOS,KRAS,9606.ENSP00000306245,9606.ENSP00000256078,estrogen-signaling-pathway-string,0.55
FOS,MAPK3,9606.ENSP00000306245,9606.ENSP00000263025,estrogen-signaling-pathway-string,0.994
FOS,PIK3CA,9606.ENSP00000306245,9606.ENSP00000263967,estrogen-signaling-pathway-string,0.625
FOS,TFF1,9606.ENSP00000306245,9606.ENSP00000291527,estrogen-signaling-pathway-string,0.413
FOS,NOS3,9606.ENSP00000306245,9606.ENSP00000297494,estrogen-signaling-pathway-string,0.432
FOS,HSP90B1,9606.ENSP00000306245,9606.ENSP00000299767,estrogen-signaling-pathway-string,0.405
FOS,MAP2K1,9606.ENSP00000306245,9606.ENSP00000302486,estrogen-signaling-pathway-string,0.652
FOS,HSP90AB1,9606.ENSP00000306245,9606.ENSP00000360609,estrogen-signaling-pathway-string,0.446
FOS,NRAS,9606.ENSP00000306245,9606.ENSP00000358548,estrogen-signaling-pathway-string,0.481
FOS,NCOA2,9606.ENSP00000306245,9606.ENSP00000399968,estrogen-signaling-pathway-string,0.517
FOS,RAF1,9606.ENSP00000306245,9606.ENSP00000401888,estrogen-signaling-pathway-string,0.517
FOS,KRT19,9606.ENSP00000306245,9606.ENSP00000355124,estrogen-signaling-pathway-string,0.525
FOS,HSPA1B,9606.ENSP00000306245,9606.ENSP00000364801,estrogen-signaling-pathway-string,0.532
FOS,HSPA8,9606.ENSP00000306245,9606.ENSP00000437125,estrogen-signaling-pathway-string,0.584
FOS,HSP90AA1,9606.ENSP00000306245,9606.ENSP00000335153,estrogen-signaling-pathway-string,0.604
FOS,PIK3R1,9606.ENSP00000306245,9606.ENSP00000428056,estrogen-signaling-pathway-string,0.644
FOS,PGR,9606.ENSP00000306245,9606.ENSP00000325120,estrogen-signaling-pathway-string,0.659
FOS,TGFA,9606.ENSP00000306245,9606.ENSP00000404131,estrogen-signaling-pathway-string,0.67
FOS,HRAS,9606.ENSP00000306245,9606.ENSP00000407586,estrogen-signaling-pathway-string,0.763
FOS,SP1,9606.ENSP00000306245,9606.ENSP00000329357,estrogen-signaling-pathway-string,0.944
FOS,NCOA1,9606.ENSP00000306245,9606.ENSP00000385216,estrogen-signaling-pathway-string,0.949
FOS,PRKACA,9606.ENSP00000306245,9606.ENSP00000309591,estrogen-signaling-pathway-string,0.959
FOS,PRKACG,9606.ENSP00000306245,9606.ENSP00000366488,estrogen-signaling-pathway-string,0.959
FOS,PRKACB,9606.ENSP00000306245,9606.ENSP00000359719,estrogen-signaling-pathway-string,0.959
FOS,NCOA3,9606.ENSP00000306245,9606.ENSP00000361066,estrogen-signaling-pathway-string,0.97
FOS,SRC,9606.ENSP00000306245,9606.ENSP00000362680,estrogen-signaling-pathway-string,0.986
FOS,JUN,9606.ENSP00000306245,9606.ENSP00000360266,estrogen-signaling-pathway-string,0.999
GABBR1,GABBR2,9606.ENSP00000366233,9606.ENSP00000259455,estrogen-signaling-pathway-string,0.999
GABBR1,GRM1,9606.ENSP00000366233,9606.ENSP00000282753,estrogen-signaling-pathway-string,0.905
GABBR1,KCNJ3,9606.ENSP00000366233,9606.ENSP00000295101,estrogen-signaling-pathway-string,0.953
GABBR1,GNAI2,9606.ENSP00000366233,9606.ENSP00000312999,estrogen-signaling-pathway-string,0.904
GABBR1,KCNJ9,9606.ENSP00000366233,9606.ENSP00000357067,estrogen-signaling-pathway-string,0.94
GABBR1,GNAI3,9606.ENSP00000366233,9606.ENSP00000358867,estrogen-signaling-pathway-string,0.909
GABBR1,SRC,9606.ENSP00000366233,9606.ENSP00000362680,estrogen-signaling-pathway-string,0.581
GABBR1,PIK3R1,9606.ENSP00000366233,9606.ENSP00000428056,estrogen-signaling-pathway-string,0.441
GABBR1,KCNJ5,9606.ENSP00000366233,9606.ENSP00000433295,estrogen-signaling-pathway-string,0.91
GABBR1,KCNJ6,9606.ENSP00000366233,9606.ENSP00000477437,estrogen-signaling-pathway-string,0.96
GABBR1,GNAI1,9606.ENSP00000366233,9606.ENSP00000497260,estrogen-signaling-pathway-string,0.98
GABBR2,SRC,9606.ENSP00000259455,9606.ENSP00000362680,estrogen-signaling-pathway-string,0.54
GABBR2,GRM1,9606.ENSP00000259455,9606.ENSP00000282753,estrogen-signaling-pathway-string,0.827
GABBR2,KCNJ5,9606.ENSP00000259455,9606.ENSP00000433295,estrogen-signaling-pathway-string,0.911
GABBR2,GNAI2,9606.ENSP00000259455,9606.ENSP00000312999,estrogen-signaling-pathway-string,0.929
GABBR2,GNAI3,9606.ENSP00000259455,9606.ENSP00000358867,estrogen-signaling-pathway-string,0.936
GABBR2,KCNJ9,9606.ENSP00000259455,9606.ENSP00000357067,estrogen-signaling-pathway-string,0.946
GABBR2,KCNJ3,9606.ENSP00000259455,9606.ENSP00000295101,estrogen-signaling-pathway-string,0.959
GABBR2,KCNJ6,9606.ENSP00000259455,9606.ENSP00000477437,estrogen-signaling-pathway-string,0.962
GABBR2,GNAI1,9606.ENSP00000259455,9606.ENSP00000497260,estrogen-signaling-pathway-string,0.992
GNAI1,MAPK1,9606.ENSP00000497260,9606.ENSP00000215832,estrogen-signaling-pathway-string,0.931
GNAI1,PIK3R2,9606.ENSP00000497260,9606.ENSP00000222254,estrogen-signaling-pathway-string,0.902
GNAI1,KRAS,9606.ENSP00000497260,9606.ENSP00000256078,estrogen-signaling-pathway-string,0.926
GNAI1,PLCB2,9606.ENSP00000497260,9606.ENSP00000260402,estrogen-signaling-pathway-string,0.926
GNAI1,PIK3R3,9606.ENSP00000497260,9606.ENSP00000262741,estrogen-signaling-pathway-string,0.915
GNAI1,MAPK3,9606.ENSP00000497260,9606.ENSP00000263025,estrogen-signaling-pathway-string,0.953
GNAI1,PIK3CA,9606.ENSP00000497260,9606.ENSP00000263967,estrogen-signaling-pathway-string,0.914
GNAI1,GRM1,9606.ENSP00000497260,9606.ENSP00000282753,estrogen-signaling-pathway-string,0.907
GNAI1,GNAQ,9606.ENSP00000497260,9606.ENSP00000286548,estrogen-signaling-pathway-string,0.744
GNAI1,KCNJ3,9606.ENSP00000497260,9606.ENSP00000295101,estrogen-signaling-pathway-string,0.902
GNAI1,NOS3,9606.ENSP00000497260,9606.ENSP00000297494,estrogen-signaling-pathway-string,0.906
GNAI1,PRKACA,9606.ENSP00000497260,9606.ENSP00000309591,estrogen-signaling-pathway-string,0.739
GNAI1,GNAI2,9606.ENSP00000497260,9606.ENSP00000312999,estrogen-signaling-pathway-string,0.975
GNAI1,PLCB1,9606.ENSP00000497260,9606.ENSP00000338185,estrogen-signaling-pathway-string,0.928
GNAI1,KCNJ9,9606.ENSP00000497260,9606.ENSP00000357067,estrogen-signaling-pathway-string,0.918
GNAI1,NRAS,9606.ENSP00000497260,9606.ENSP00000358548,estrogen-signaling-pathway-string,0.918
GNAI1,GNAI3,9606.ENSP00000497260,9606.ENSP00000358867,estrogen-signaling-pathway-string,0.984
GNAI1,PRKACB,9606.ENSP00000497260,9606.ENSP00000359719,estrogen-signaling-pathway-string,0.757
GNAI1,GNAS,9606.ENSP00000497260,9606.ENSP00000360141,estrogen-signaling-pathway-string,0.728
GNAI1,SRC,9606.ENSP00000497260,9606.ENSP00000362680,estrogen-signaling-pathway-string,0.916
GNAI1,PRKACG,9606.ENSP00000497260,9606.ENSP00000366488,estrogen-signaling-pathway-string,0.743
GNAI1,PIK3CD,9606.ENSP00000497260,9606.ENSP00000366563,estrogen-signaling-pathway-string,0.903
GNAI1,PLCB4,9606.ENSP00000497260,9606.ENSP00000367762,estrogen-signaling-pathway-string,0.936
GNAI1,POMC,9606.ENSP00000497260,9606.ENSP00000384092,estrogen-signaling-pathway-string,0.816
GNAI1,SOS1,9606.ENSP00000497260,9606.ENSP00000384675,estrogen-signaling-pathway-string,0.579
GNAI1,OPRM1,9606.ENSP00000497260,9606.ENSP00000394624,estrogen-signaling-pathway-string,0.992
GNAI1,HRAS,9606.ENSP00000497260,9606.ENSP00000407586,estrogen-signaling-pathway-string,0.923
GNAI1,PIK3R1,9606.ENSP00000497260,9606.ENSP00000428056,estrogen-signaling-pathway-string,0.912
GNAI1,KCNJ5,9606.ENSP00000497260,9606.ENSP00000433295,estrogen-signaling-pathway-string,0.904
GNAI1,PLCB3,9606.ENSP00000497260,9606.ENSP00000443631,estrogen-signaling-pathway-string,0.93
GNAI1,KCNJ6,9606.ENSP00000497260,9606.ENSP00000477437,estrogen-signaling-pathway-string,0.903
GNAI1,PIK3CB,9606.ENSP00000497260,9606.ENSP00000501150,estrogen-signaling-pathway-string,0.942
GNAI2,MAPK1,9606.ENSP00000312999,9606.ENSP00000215832,estrogen-signaling-pathway-string,0.934
GNAI2,PIK3R2,9606.ENSP00000312999,9606.ENSP00000222254,estrogen-signaling-pathway-string,0.902
GNAI2,KRAS,9606.ENSP00000312999,9606.ENSP00000256078,estrogen-signaling-pathway-string,0.938
GNAI2,PLCB2,9606.ENSP00000312999,9606.ENSP00000260402,estrogen-signaling-pathway-string,0.934
GNAI2,PIK3R3,9606.ENSP00000312999,9606.ENSP00000262741,estrogen-signaling-pathway-string,0.902
GNAI2,MAPK3,9606.ENSP00000312999,9606.ENSP00000263025,estrogen-signaling-pathway-string,0.937
GNAI2,PIK3CA,9606.ENSP00000312999,9606.ENSP00000263967,estrogen-signaling-pathway-string,0.915
GNAI2,GRM1,9606.ENSP00000312999,9606.ENSP00000282753,estrogen-signaling-pathway-string,0.912
GNAI2,GNAQ,9606.ENSP00000312999,9606.ENSP00000286548,estrogen-signaling-pathway-string,0.745
GNAI2,KCNJ3,9606.ENSP00000312999,9606.ENSP00000295101,estrogen-signaling-pathway-string,0.903
GNAI2,NOS3,9606.ENSP00000312999,9606.ENSP00000297494,estrogen-signaling-pathway-string,0.906
GNAI2,PRKACA,9606.ENSP00000312999,9606.ENSP00000309591,estrogen-signaling-pathway-string,0.744
GNAI2,HSP90AB1,9606.ENSP00000312999,9606.ENSP00000360609,estrogen-signaling-pathway-string,0.575
GNAI2,SOS1,9606.ENSP00000312999,9606.ENSP00000384675,estrogen-signaling-pathway-string,0.588
GNAI2,GNAS,9606.ENSP00000312999,9606.ENSP00000360141,estrogen-signaling-pathway-string,0.626
GNAI2,PRKACG,9606.ENSP00000312999,9606.ENSP00000366488,estrogen-signaling-pathway-string,0.729
GNAI2,PRKACB,9606.ENSP00000312999,9606.ENSP00000359719,estrogen-signaling-pathway-string,0.738
GNAI2,KCNJ6,9606.ENSP00000312999,9606.ENSP00000477437,estrogen-signaling-pathway-string,0.903
GNAI2,KCNJ5,9606.ENSP00000312999,9606.ENSP00000433295,estrogen-signaling-pathway-string,0.907
GNAI2,PIK3CD,9606.ENSP00000312999,9606.ENSP00000366563,estrogen-signaling-pathway-string,0.91
GNAI2,PIK3CB,9606.ENSP00000312999,9606.ENSP00000501150,estrogen-signaling-pathway-string,0.911
GNAI2,PIK3R1,9606.ENSP00000312999,9606.ENSP00000428056,estrogen-signaling-pathway-string,0.915
GNAI2,OPRM1,9606.ENSP00000312999,9606.ENSP00000394624,estrogen-signaling-pathway-string,0.917
GNAI2,KCNJ9,9606.ENSP00000312999,9606.ENSP00000357067,estrogen-signaling-pathway-string,0.92
GNAI2,SRC,9606.ENSP00000312999,9606.ENSP00000362680,estrogen-signaling-pathway-string,0.92
GNAI2,HRAS,9606.ENSP00000312999,9606.ENSP00000407586,estrogen-signaling-pathway-string,0.922
GNAI2,PLCB4,9606.ENSP00000312999,9606.ENSP00000367762,estrogen-signaling-pathway-string,0.924
GNAI2,PLCB3,9606.ENSP00000312999,9606.ENSP00000443631,estrogen-signaling-pathway-string,0.926
GNAI2,PLCB1,9606.ENSP00000312999,9606.ENSP00000338185,estrogen-signaling-pathway-string,0.926
GNAI2,NRAS,9606.ENSP00000312999,9606.ENSP00000358548,estrogen-signaling-pathway-string,0.927
GNAI2,GNAI3,9606.ENSP00000312999,9606.ENSP00000358867,estrogen-signaling-pathway-string,0.992
GNAI3,MAPK1,9606.ENSP00000358867,9606.ENSP00000215832,estrogen-signaling-pathway-string,0.934
GNAI3,PIK3R2,9606.ENSP00000358867,9606.ENSP00000222254,estrogen-signaling-pathway-string,0.9
GNAI3,KRAS,9606.ENSP00000358867,9606.ENSP00000256078,estrogen-signaling-pathway-string,0.936
GNAI3,PLCB2,9606.ENSP00000358867,9606.ENSP00000260402,estrogen-signaling-pathway-string,0.925
GNAI3,PIK3R3,9606.ENSP00000358867,9606.ENSP00000262741,estrogen-signaling-pathway-string,0.915
GNAI3,MAPK3,9606.ENSP00000358867,9606.ENSP00000263025,estrogen-signaling-pathway-string,0.929
GNAI3,PIK3CA,9606.ENSP00000358867,9606.ENSP00000263967,estrogen-signaling-pathway-string,0.923
GNAI3,GRM1,9606.ENSP00000358867,9606.ENSP00000282753,estrogen-signaling-pathway-string,0.903
GNAI3,GNAQ,9606.ENSP00000358867,9606.ENSP00000286548,estrogen-signaling-pathway-string,0.745
GNAI3,KCNJ3,9606.ENSP00000358867,9606.ENSP00000295101,estrogen-signaling-pathway-string,0.912
GNAI3,NOS3,9606.ENSP00000358867,9606.ENSP00000297494,estrogen-signaling-pathway-string,0.906
GNAI3,PRKACA,9606.ENSP00000358867,9606.ENSP00000309591,estrogen-signaling-pathway-string,0.721
GNAI3,PLCB1,9606.ENSP00000358867,9606.ENSP00000338185,estrogen-signaling-pathway-string,0.929
GNAI3,KCNJ9,9606.ENSP00000358867,9606.ENSP00000357067,estrogen-signaling-pathway-string,0.919
GNAI3,NRAS,9606.ENSP00000358867,9606.ENSP00000358548,estrogen-signaling-pathway-string,0.927
GNAI3,HSP90AB1,9606.ENSP00000358867,9606.ENSP00000360609,estrogen-signaling-pathway-string,0.498
GNAI3,SOS1,9606.ENSP00000358867,9606.ENSP00000384675,estrogen-signaling-pathway-string,0.609
GNAI3,GNAS,9606.ENSP00000358867,9606.ENSP00000360141,estrogen-signaling-pathway-string,0.623
GNAI3,PRKACG,9606.ENSP00000358867,9606.ENSP00000366488,estrogen-signaling-pathway-string,0.718
GNAI3,PRKACB,9606.ENSP00000358867,9606.ENSP00000359719,estrogen-signaling-pathway-string,0.733
GNAI3,KCNJ5,9606.ENSP00000358867,9606.ENSP00000433295,estrogen-signaling-pathway-string,0.902
GNAI3,PIK3CD,9606.ENSP00000358867,9606.ENSP00000366563,estrogen-signaling-pathway-string,0.903
GNAI3,KCNJ6,9606.ENSP00000358867,9606.ENSP00000477437,estrogen-signaling-pathway-string,0.903
GNAI3,PIK3R1,9606.ENSP00000358867,9606.ENSP00000428056,estrogen-signaling-pathway-string,0.91
GNAI3,SRC,9606.ENSP00000358867,9606.ENSP00000362680,estrogen-signaling-pathway-string,0.911
GNAI3,OPRM1,9606.ENSP00000358867,9606.ENSP00000394624,estrogen-signaling-pathway-string,0.911
GNAI3,PIK3CB,9606.ENSP00000358867,9606.ENSP00000501150,estrogen-signaling-pathway-string,0.915
GNAI3,HRAS,9606.ENSP00000358867,9606.ENSP00000407586,estrogen-signaling-pathway-string,0.924
GNAI3,PLCB3,9606.ENSP00000358867,9606.ENSP00000443631,estrogen-signaling-pathway-string,0.935
GNAI3,PLCB4,9606.ENSP00000358867,9606.ENSP00000367762,estrogen-signaling-pathway-string,0.953
GNAQ,PIK3R2,9606.ENSP00000286548,9606.ENSP00000222254,estrogen-signaling-pathway-string,0.588
GNAQ,RARA,9606.ENSP00000286548,9606.ENSP00000254066,estrogen-signaling-pathway-string,0.777
GNAQ,KRAS,9606.ENSP00000286548,9606.ENSP00000256078,estrogen-signaling-pathway-string,0.96
GNAQ,PLCB2,9606.ENSP00000286548,9606.ENSP00000260402,estrogen-signaling-pathway-string,0.994
GNAQ,PIK3R3,9606.ENSP00000286548,9606.ENSP00000262741,estrogen-signaling-pathway-string,0.571
GNAQ,PIK3CA,9606.ENSP00000286548,9606.ENSP00000263967,estrogen-signaling-pathway-string,0.901
GNAQ,GRM1,9606.ENSP00000286548,9606.ENSP00000282753,estrogen-signaling-pathway-string,0.998
GNAQ,SOS1,9606.ENSP00000286548,9606.ENSP00000384675,estrogen-signaling-pathway-string,0.625
GNAQ,POMC,9606.ENSP00000286548,9606.ENSP00000384092,estrogen-signaling-pathway-string,0.674
GNAQ,GNAS,9606.ENSP00000286548,9606.ENSP00000360141,estrogen-signaling-pathway-string,0.717
GNAQ,ITPR2,9606.ENSP00000286548,9606.ENSP00000370744,estrogen-signaling-pathway-string,0.796
GNAQ,OPRM1,9606.ENSP00000286548,9606.ENSP00000394624,estrogen-signaling-pathway-string,0.823
GNAQ,PIK3R1,9606.ENSP00000286548,9606.ENSP00000428056,estrogen-signaling-pathway-string,0.854
GNAQ,SRC,9606.ENSP00000286548,9606.ENSP00000362680,estrogen-signaling-pathway-string,0.86
GNAQ,ITPR1,9606.ENSP00000286548,9606.ENSP00000306253,estrogen-signaling-pathway-string,0.88
GNAQ,ITPR3,9606.ENSP00000286548,9606.ENSP00000363435,estrogen-signaling-pathway-string,0.896
GNAQ,HRAS,9606.ENSP00000286548,9606.ENSP00000407586,estrogen-signaling-pathway-string,0.967
GNAQ,PLCB4,9606.ENSP00000286548,9606.ENSP00000367762,estrogen-signaling-pathway-string,0.973
GNAQ,NRAS,9606.ENSP00000286548,9606.ENSP00000358548,estrogen-signaling-pathway-string,0.974
GNAQ,PLCB1,9606.ENSP00000286548,9606.ENSP00000338185,estrogen-signaling-pathway-string,0.999
GNAQ,PLCB3,9606.ENSP00000286548,9606.ENSP00000443631,estrogen-signaling-pathway-string,0.999
GNAS,KRAS,9606.ENSP00000360141,9606.ENSP00000256078,estrogen-signaling-pathway-string,0.792
GNAS,GRM1,9606.ENSP00000360141,9606.ENSP00000282753,estrogen-signaling-pathway-string,0.905
GNAS,PRKACA,9606.ENSP00000360141,9606.ENSP00000309591,estrogen-signaling-pathway-string,0.827
GNAS,NRAS,9606.ENSP00000360141,9606.ENSP00000358548,estrogen-signaling-pathway-string,0.707
GNAS,PRKACB,9606.ENSP00000360141,9606.ENSP00000359719,estrogen-signaling-pathway-string,0.824
GNAS,SHC1,9606.ENSP00000360141,9606.ENSP00000401303,estrogen-signaling-pathway-string,0.505
GNAS,SOS1,9606.ENSP00000360141,9606.ENSP00000384675,estrogen-signaling-pathway-string,0.621
GNAS,HRAS,9606.ENSP00000360141,9606.ENSP00000407586,estrogen-signaling-pathway-string,0.812
GNAS,PRKACG,9606.ENSP00000360141,9606.ENSP00000366488,estrogen-signaling-pathway-string,0.814
GNAS,POMC,9606.ENSP00000360141,9606.ENSP00000384092,estrogen-signaling-pathway-string,0.89
GNAS,GPER1,9606.ENSP00000360141,9606.ENSP00000380281,estrogen-signaling-pathway-string,0.919
GNAS,OPRM1,9606.ENSP00000360141,9606.ENSP00000394624,estrogen-signaling-pathway-string,0.92
GNAS,SRC,9606.ENSP00000360141,9606.ENSP00000362680,estrogen-signaling-pathway-string,0.942
GPER1,SRC,9606.ENSP00000380281,9606.ENSP00000362680,estrogen-signaling-pathway-string,0.948
GPER1,SHC1,9606.ENSP00000380281,9606.ENSP00000401303,estrogen-signaling-pathway-string,0.635
GPER1,POMC,9606.ENSP00000380281,9606.ENSP00000384092,estrogen-signaling-pathway-string,0.698
GPER1,OPRM1,9606.ENSP00000380281,9606.ENSP00000394624,estrogen-signaling-pathway-string,0.732
GRB2,MAPK1,9606.ENSP00000376345,9606.ENSP00000215832,estrogen-signaling-pathway-string,0.92
GRB2,SOS2,9606.ENSP00000376345,9606.ENSP00000216373,estrogen-signaling-pathway-string,0.999
GRB2,PIK3R2,9606.ENSP00000376345,9606.ENSP00000222254,estrogen-signaling-pathway-string,0.789
GRB2,HBEGF,9606.ENSP00000376345,9606.ENSP00000230990,estrogen-signaling-pathway-string,0.592
GRB2,KRAS,9606.ENSP00000376345,9606.ENSP00000256078,estrogen-signaling-pathway-string,0.931
GRB2,PIK3R3,9606.ENSP00000376345,9606.ENSP00000262741,estrogen-signaling-pathway-string,0.655
GRB2,MAPK3,9606.ENSP00000376345,9606.ENSP00000263025,estrogen-signaling-pathway-string,0.868
GRB2,PIK3CA,9606.ENSP00000376345,9606.ENSP00000263967,estrogen-signaling-pathway-string,0.924
GRB2,SHC2,9606.ENSP00000376345,9606.ENSP00000264554,estrogen-signaling-pathway-string,0.957
GRB2,ITPR1,9606.ENSP00000376345,9606.ENSP00000306253,estrogen-signaling-pathway-string,0.61
GRB2,SHC4,9606.ENSP00000376345,9606.ENSP00000329668,estrogen-signaling-pathway-string,0.968
GRB2,PRKCD,9606.ENSP00000376345,9606.ENSP00000331602,estrogen-signaling-pathway-string,0.605
GRB2,HSP90AA1,9606.ENSP00000376345,9606.ENSP00000335153,estrogen-signaling-pathway-string,0.835
GRB2,NRAS,9606.ENSP00000376345,9606.ENSP00000358548,estrogen-signaling-pathway-string,0.815
GRB2,HSP90AB1,9606.ENSP00000376345,9606.ENSP00000360609,estrogen-signaling-pathway-string,0.658
GRB2,SRC,9606.ENSP00000376345,9606.ENSP00000362680,estrogen-signaling-pathway-string,0.999
GRB2,ITPR3,9606.ENSP00000376345,9606.ENSP00000363435,estrogen-signaling-pathway-string,0.74
GRB2,HSPA1B,9606.ENSP00000376345,9606.ENSP00000364801,estrogen-signaling-pathway-string,0.412
GRB2,SHC3,9606.ENSP00000376345,9606.ENSP00000364995,estrogen-signaling-pathway-string,0.987
GRB2,PIK3CD,9606.ENSP00000376345,9606.ENSP00000366563,estrogen-signaling-pathway-string,0.612
GRB2,ITPR2,9606.ENSP00000376345,9606.ENSP00000370744,estrogen-signaling-pathway-string,0.521
GRB2,KRT18,9606.ENSP00000376345,9606.ENSP00000373489,estrogen-signaling-pathway-string,0.479
GRB2,HSPA8,9606.ENSP00000376345,9606.ENSP00000437125,estrogen-signaling-pathway-string,0.693
GRB2,TGFA,9606.ENSP00000376345,9606.ENSP00000404131,estrogen-signaling-pathway-string,0.768
GRB2,PIK3CB,9606.ENSP00000376345,9606.ENSP00000501150,estrogen-signaling-pathway-string,0.775
GRB2,RAF1,9606.ENSP00000376345,9606.ENSP00000401888,estrogen-signaling-pathway-string,0.797
GRB2,HRAS,9606.ENSP00000376345,9606.ENSP00000407586,estrogen-signaling-pathway-string,0.938
GRB2,PIK3R1,9606.ENSP00000376345,9606.ENSP00000428056,estrogen-signaling-pathway-string,0.998
GRB2,SOS1,9606.ENSP00000376345,9606.ENSP00000384675,estrogen-signaling-pathway-string,0.999
GRB2,SHC1,9606.ENSP00000376345,9606.ENSP00000401303,estrogen-signaling-pathway-string,0.999
GRM1,PLCB2,9606.ENSP00000282753,9606.ENSP00000260402,estrogen-signaling-pathway-string,0.619
GRM1,PLCB3,9606.ENSP00000282753,9606.ENSP00000443631,estrogen-signaling-pathway-string,0.624
GRM1,SRC,9606.ENSP00000282753,9606.ENSP00000362680,estrogen-signaling-pathway-string,0.655
GRM1,ITPR3,9606.ENSP00000282753,9606.ENSP00000363435,estrogen-signaling-pathway-string,0.678
GRM1,PLCB1,9606.ENSP00000282753,9606.ENSP00000338185,estrogen-signaling-pathway-string,0.729
GRM1,ITPR1,9606.ENSP00000282753,9606.ENSP00000306253,estrogen-signaling-pathway-string,0.868
HBEGF,MMP2,9606.ENSP00000230990,9606.ENSP00000219070,estrogen-signaling-pathway-string,0.939
HBEGF,PIK3R1,9606.ENSP00000230990,9606.ENSP00000428056,estrogen-signaling-pathway-string,0.452
HBEGF,SOS1,9606.ENSP00000230990,9606.ENSP00000384675,estrogen-signaling-pathway-string,0.498
HBEGF,PIK3CA,9606.ENSP00000230990,9606.ENSP00000263967,estrogen-signaling-pathway-string,0.513
HBEGF,NRAS,9606.ENSP00000230990,9606.ENSP00000358548,estrogen-signaling-pathway-string,0.58
HBEGF,HSP90AA1,9606.ENSP00000230990,9606.ENSP00000335153,estrogen-signaling-pathway-string,0.582
HBEGF,HRAS,9606.ENSP00000230990,9606.ENSP00000407586,estrogen-signaling-pathway-string,0.596
HBEGF,SHC1,9606.ENSP00000230990,9606.ENSP00000401303,estrogen-signaling-pathway-string,0.606
HBEGF,KRAS,9606.ENSP00000230990,9606.ENSP00000256078,estrogen-signaling-pathway-string,0.678
HBEGF,SRC,9606.ENSP00000230990,9606.ENSP00000362680,estrogen-signaling-pathway-string,0.809
HBEGF,TGFA,9606.ENSP00000230990,9606.ENSP00000404131,estrogen-signaling-pathway-string,0.917
HBEGF,MMP9,9606.ENSP00000230990,9606.ENSP00000361405,estrogen-signaling-pathway-string,0.95
HRAS,MAPK1,9606.ENSP00000407586,9606.ENSP00000215832,estrogen-signaling-pathway-string,0.979
HRAS,SOS2,9606.ENSP00000407586,9606.ENSP00000216373,estrogen-signaling-pathway-string,0.981
HRAS,PIK3R2,9606.ENSP00000407586,9606.ENSP00000222254,estrogen-signaling-pathway-string,0.93
HRAS,KRAS,9606.ENSP00000407586,9606.ENSP00000256078,estrogen-signaling-pathway-string,0.992
HRAS,PIK3R3,9606.ENSP00000407586,9606.ENSP00000262741,estrogen-signaling-pathway-string,0.922
HRAS,MAP2K2,9606.ENSP00000407586,9606.ENSP00000262948,estrogen-signaling-pathway-string,0.968
HRAS,MAPK3,9606.ENSP00000407586,9606.ENSP00000263025,estrogen-signaling-pathway-string,0.983
HRAS,PIK3CA,9606.ENSP00000407586,9606.ENSP00000263967,estrogen-signaling-pathway-string,0.995
HRAS,SHC2,9606.ENSP00000407586,9606.ENSP00000264554,estrogen-signaling-pathway-string,0.574
HRAS,MAP2K1,9606.ENSP00000407586,9606.ENSP00000302486,estrogen-signaling-pathway-string,0.989
HRAS,PRKACA,9606.ENSP00000407586,9606.ENSP00000309591,estrogen-signaling-pathway-string,0.433
HRAS,PRKCD,9606.ENSP00000407586,9606.ENSP00000331602,estrogen-signaling-pathway-string,0.628
HRAS,HSP90AA1,9606.ENSP00000407586,9606.ENSP00000335153,estrogen-signaling-pathway-string,0.819
HRAS,NRAS,9606.ENSP00000407586,9606.ENSP00000358548,estrogen-signaling-pathway-string,0.932
HRAS,PRKACB,9606.ENSP00000407586,9606.ENSP00000359719,estrogen-signaling-pathway-string,0.424
HRAS,JUN,9606.ENSP00000407586,9606.ENSP00000360266,estrogen-signaling-pathway-string,0.778
HRAS,HSP90AB1,9606.ENSP00000407586,9606.ENSP00000360609,estrogen-signaling-pathway-string,0.443
HRAS,SRC,9606.ENSP00000407586,9606.ENSP00000362680,estrogen-signaling-pathway-string,0.994
HRAS,HSPA1B,9606.ENSP00000407586,9606.ENSP00000364801,estrogen-signaling-pathway-string,0.462
HRAS,SHC3,9606.ENSP00000407586,9606.ENSP00000364995,estrogen-signaling-pathway-string,0.545
HRAS,PRKACG,9606.ENSP00000407586,9606.ENSP00000366488,estrogen-signaling-pathway-string,0.421
HRAS,PIK3CD,9606.ENSP00000407586,9606.ENSP00000366563,estrogen-signaling-pathway-string,0.971
HRAS,SOS1,9606.ENSP00000407586,9606.ENSP00000384675,estrogen-signaling-pathway-string,0.999
HRAS,SHC1,9606.ENSP00000407586,9606.ENSP00000401303,estrogen-signaling-pathway-string,0.86
HRAS,RAF1,9606.ENSP00000407586,9606.ENSP00000401888,estrogen-signaling-pathway-string,0.999
HRAS,TGFA,9606.ENSP00000407586,9606.ENSP00000404131,estrogen-signaling-pathway-string,0.704
HRAS,PIK3CB,9606.ENSP00000407586,9606.ENSP00000501150,estrogen-signaling-pathway-string,0.963
HRAS,PIK3R1,9606.ENSP00000407586,9606.ENSP00000428056,estrogen-signaling-pathway-string,0.99
HSP90AA1,MAPK1,9606.ENSP00000335153,9606.ENSP00000215832,estrogen-signaling-pathway-string,0.941
HSP90AA1,MMP2,9606.ENSP00000335153,9606.ENSP00000219070,estrogen-signaling-pathway-string,0.831
HSP90AA1,PIK3R2,9606.ENSP00000335153,9606.ENSP00000222254,estrogen-signaling-pathway-string,0.578
HSP90AA1,RARA,9606.ENSP00000335153,9606.ENSP00000254066,estrogen-signaling-pathway-string,0.401
HSP90AA1,KRAS,9606.ENSP00000335153,9606.ENSP00000256078,estrogen-signaling-pathway-string,0.818
HSP90AA1,MAP2K2,9606.ENSP00000335153,9606.ENSP00000262948,estrogen-signaling-pathway-string,0.492
HSP90AA1,MAPK3,9606.ENSP00000335153,9606.ENSP00000263025,estrogen-signaling-pathway-string,0.823
HSP90AA1,PIK3CA,9606.ENSP00000335153,9606.ENSP00000263967,estrogen-signaling-pathway-string,0.837
HSP90AA1,NOS3,9606.ENSP00000335153,9606.ENSP00000297494,estrogen-signaling-pathway-string,0.999
HSP90AA1,HSP90B1,9606.ENSP00000335153,9606.ENSP00000299767,estrogen-signaling-pathway-string,0.95
HSP90AA1,MAP2K1,9606.ENSP00000335153,9606.ENSP00000302486,estrogen-signaling-pathway-string,0.798
HSP90AA1,PRKACA,9606.ENSP00000335153,9606.ENSP00000309591,estrogen-signaling-pathway-string,0.794
HSP90AA1,HSPA6,9606.ENSP00000335153,9606.ENSP00000310219,estrogen-signaling-pathway-string,0.879
HSP90AA1,PGR,9606.ENSP00000335153,9606.ENSP00000325120,estrogen-signaling-pathway-string,0.99
HSP90AA1,SP1,9606.ENSP00000335153,9606.ENSP00000329357,estrogen-signaling-pathway-string,0.667
HSP90AA1,PRKCD,9606.ENSP00000335153,9606.ENSP00000331602,estrogen-signaling-pathway-string,0.78
HSP90AA1,NCOA3,9606.ENSP00000335153,9606.ENSP00000361066,estrogen-signaling-pathway-string,0.517
HSP90AA1,KRT19,9606.ENSP00000335153,9606.ENSP00000355124,estrogen-signaling-pathway-string,0.522
HSP90AA1,PRKACG,9606.ENSP00000335153,9606.ENSP00000366488,estrogen-signaling-pathway-string,0.551
HSP90AA1,NCOA2,9606.ENSP00000335153,9606.ENSP00000399968,estrogen-signaling-pathway-string,0.607
HSP90AA1,SOS1,9606.ENSP00000335153,9606.ENSP00000384675,estrogen-signaling-pathway-string,0.627
HSP90AA1,SHC1,9606.ENSP00000335153,9606.ENSP00000401303,estrogen-signaling-pathway-string,0.68
HSP90AA1,PRKACB,9606.ENSP00000335153,9606.ENSP00000359719,estrogen-signaling-pathway-string,0.724
HSP90AA1,PIK3R1,9606.ENSP00000335153,9606.ENSP00000428056,estrogen-signaling-pathway-string,0.788
HSP90AA1,JUN,9606.ENSP00000335153,9606.ENSP00000360266,estrogen-signaling-pathway-string,0.798
HSP90AA1,NRAS,9606.ENSP00000335153,9606.ENSP00000358548,estrogen-signaling-pathway-string,0.817
HSP90AA1,HSPA2,9606.ENSP00000335153,9606.ENSP00000378199,estrogen-signaling-pathway-string,0.896
HSP90AA1,RAF1,9606.ENSP00000335153,9606.ENSP00000401888,estrogen-signaling-pathway-string,0.985
HSP90AA1,HSPA1L,9606.ENSP00000335153,9606.ENSP00000364805,estrogen-signaling-pathway-string,0.996
HSP90AA1,HSP90AB1,9606.ENSP00000335153,9606.ENSP00000360609,estrogen-signaling-pathway-string,0.997
HSP90AA1,HSPA1B,9606.ENSP00000335153,9606.ENSP00000364801,estrogen-signaling-pathway-string,0.998
HSP90AA1,SRC,9606.ENSP00000335153,9606.ENSP00000362680,estrogen-signaling-pathway-string,0.999
HSP90AA1,HSPA8,9606.ENSP00000335153,9606.ENSP00000437125,estrogen-signaling-pathway-string,0.999
HSP90AB1,MAPK1,9606.ENSP00000360609,9606.ENSP00000215832,estrogen-signaling-pathway-string,0.813
HSP90AB1,KRAS,9606.ENSP00000360609,9606.ENSP00000256078,estrogen-signaling-pathway-string,0.635
HSP90AB1,MAP2K2,9606.ENSP00000360609,9606.ENSP00000262948,estrogen-signaling-pathway-string,0.504
HSP90AB1,MAPK3,9606.ENSP00000360609,9606.ENSP00000263025,estrogen-signaling-pathway-string,0.818
HSP90AB1,NOS3,9606.ENSP00000360609,9606.ENSP00000297494,estrogen-signaling-pathway-string,0.998
HSP90AB1,HSP90B1,9606.ENSP00000360609,9606.ENSP00000299767,estrogen-signaling-pathway-string,0.953
HSP90AB1,MAP2K1,9606.ENSP00000360609,9606.ENSP00000302486,estrogen-signaling-pathway-string,0.761
HSP90AB1,PRKACA,9606.ENSP00000360609,9606.ENSP00000309591,estrogen-signaling-pathway-string,0.669
HSP90AB1,HSPA6,9606.ENSP00000360609,9606.ENSP00000310219,estrogen-signaling-pathway-string,0.889
HSP90AB1,PGR,9606.ENSP00000360609,9606.ENSP00000325120,estrogen-signaling-pathway-string,0.978
HSP90AB1,PRKCD,9606.ENSP00000360609,9606.ENSP00000331602,estrogen-signaling-pathway-string,0.588
HSP90AB1,KRT19,9606.ENSP00000360609,9606.ENSP00000355124,estrogen-signaling-pathway-string,0.522
HSP90AB1,NRAS,9606.ENSP00000360609,9606.ENSP00000358548,estrogen-signaling-pathway-string,0.608
HSP90AB1,PRKACB,9606.ENSP00000360609,9606.ENSP00000359719,estrogen-signaling-pathway-string,0.698
HSP90AB1,JUN,9606.ENSP00000360609,9606.ENSP00000360266,estrogen-signaling-pathway-string,0.752
HSP90AB1,PRKACG,9606.ENSP00000360609,9606.ENSP00000366488,estrogen-signaling-pathway-string,0.545
HSP90AB1,KRT18,9606.ENSP00000360609,9606.ENSP00000373489,estrogen-signaling-pathway-string,0.574
HSP90AB1,NCOA2,9606.ENSP00000360609,9606.ENSP00000399968,estrogen-signaling-pathway-string,0.591
HSP90AB1,HSPA2,9606.ENSP00000360609,9606.ENSP00000378199,estrogen-signaling-pathway-string,0.899
HSP90AB1,HSPA1L,9606.ENSP00000360609,9606.ENSP00000364805,estrogen-signaling-pathway-string,0.924
HSP90AB1,HSPA1B,9606.ENSP00000360609,9606.ENSP00000364801,estrogen-signaling-pathway-string,0.991
HSP90AB1,RAF1,9606.ENSP00000360609,9606.ENSP00000401888,estrogen-signaling-pathway-string,0.993
HSP90AB1,SRC,9606.ENSP00000360609,9606.ENSP00000362680,estrogen-signaling-pathway-string,0.995
HSP90AB1,HSPA8,9606.ENSP00000360609,9606.ENSP00000437125,estrogen-signaling-pathway-string,0.999
HSP90B1,MAPK3,9606.ENSP00000299767,9606.ENSP00000263025,estrogen-signaling-pathway-string,0.417
HSP90B1,NOS3,9606.ENSP00000299767,9606.ENSP00000297494,estrogen-signaling-pathway-string,0.832
HSP90B1,SRC,9606.ENSP00000299767,9606.ENSP00000362680,estrogen-signaling-pathway-string,0.41
HSP90B1,JUN,9606.ENSP00000299767,9606.ENSP00000360266,estrogen-signaling-pathway-string,0.482
HSP90B1,HSPA2,9606.ENSP00000299767,9606.ENSP00000378199,estrogen-signaling-pathway-string,0.649
HSP90B1,HSPA6,9606.ENSP00000299767,9606.ENSP00000310219,estrogen-signaling-pathway-string,0.695
HSP90B1,HSPA1L,9606.ENSP00000299767,9606.ENSP00000364805,estrogen-signaling-pathway-string,0.79
HSP90B1,HSPA1B,9606.ENSP00000299767,9606.ENSP00000364801,estrogen-signaling-pathway-string,0.798
HSP90B1,HSPA8,9606.ENSP00000299767,9606.ENSP00000437125,estrogen-signaling-pathway-string,0.884
HSPA1B,MAP2K2,9606.ENSP00000364801,9606.ENSP00000262948,estrogen-signaling-pathway-string,0.521
HSPA1B,MAPK3,9606.ENSP00000364801,9606.ENSP00000263025,estrogen-signaling-pathway-string,0.467
HSPA1B,MAP2K1,9606.ENSP00000364801,9606.ENSP00000302486,estrogen-signaling-pathway-string,0.618
HSPA1B,HSPA6,9606.ENSP00000364801,9606.ENSP00000310219,estrogen-signaling-pathway-string,0.959
HSPA1B,PGR,9606.ENSP00000364801,9606.ENSP00000325120,estrogen-signaling-pathway-string,0.698
HSPA1B,JUN,9606.ENSP00000364801,9606.ENSP00000360266,estrogen-signaling-pathway-string,0.588
HSPA1B,RAF1,9606.ENSP00000364801,9606.ENSP00000401888,estrogen-signaling-pathway-string,0.407
HSPA1B,SHC1,9606.ENSP00000364801,9606.ENSP00000401303,estrogen-signaling-pathway-string,0.407
HSPA1B,KRT18,9606.ENSP00000364801,9606.ENSP00000373489,estrogen-signaling-pathway-string,0.508
HSPA1B,HSPA2,9606.ENSP00000364801,9606.ENSP00000378199,estrogen-signaling-pathway-string,0.873
HSPA1B,HSPA1L,9606.ENSP00000364801,9606.ENSP00000364805,estrogen-signaling-pathway-string,0.879
HSPA1B,HSPA8,9606.ENSP00000364801,9606.ENSP00000437125,estrogen-signaling-pathway-string,0.947
HSPA1L,HSPA6,9606.ENSP00000364805,9606.ENSP00000310219,estrogen-signaling-pathway-string,0.817
HSPA1L,PGR,9606.ENSP00000364805,9606.ENSP00000325120,estrogen-signaling-pathway-string,0.556
HSPA1L,HSPA2,9606.ENSP00000364805,9606.ENSP00000378199,estrogen-signaling-pathway-string,0.533
HSPA1L,HSPA8,9606.ENSP00000364805,9606.ENSP00000437125,estrogen-signaling-pathway-string,0.753
HSPA2,HSPA6,9606.ENSP00000378199,9606.ENSP00000310219,estrogen-signaling-pathway-string,0.599
HSPA2,PGR,9606.ENSP00000378199,9606.ENSP00000325120,estrogen-signaling-pathway-string,0.552
HSPA2,HSPA8,9606.ENSP00000378199,9606.ENSP00000437125,estrogen-signaling-pathway-string,0.884
HSPA6,MAPK3,9606.ENSP00000310219,9606.ENSP00000263025,estrogen-signaling-pathway-string,0.404
HSPA6,HSPA8,9606.ENSP00000310219,9606.ENSP00000437125,estrogen-signaling-pathway-string,0.831
HSPA8,MAPK1,9606.ENSP00000437125,9606.ENSP00000215832,estrogen-signaling-pathway-string,0.506
HSPA8,KRT9,9606.ENSP00000437125,9606.ENSP00000246662,estrogen-signaling-pathway-string,0.472
HSPA8,RARA,9606.ENSP00000437125,9606.ENSP00000254066,estrogen-signaling-pathway-string,0.446
HSPA8,MAPK3,9606.ENSP00000437125,9606.ENSP00000263025,estrogen-signaling-pathway-string,0.525
HSPA8,MAP2K1,9606.ENSP00000437125,9606.ENSP00000302486,estrogen-signaling-pathway-string,0.685
HSPA8,PGR,9606.ENSP00000437125,9606.ENSP00000325120,estrogen-signaling-pathway-string,0.631
HSPA8,SP1,9606.ENSP00000437125,9606.ENSP00000329357,estrogen-signaling-pathway-string,0.428
HSPA8,JUN,9606.ENSP00000437125,9606.ENSP00000360266,estrogen-signaling-pathway-string,0.503
HSPA8,SRC,9606.ENSP00000437125,9606.ENSP00000362680,estrogen-signaling-pathway-string,0.451
HSPA8,KRT18,9606.ENSP00000437125,9606.ENSP00000373489,estrogen-signaling-pathway-string,0.528
HSPA8,SHC1,9606.ENSP00000437125,9606.ENSP00000401303,estrogen-signaling-pathway-string,0.559
HSPA8,RAF1,9606.ENSP00000437125,9606.ENSP00000401888,estrogen-signaling-pathway-string,0.776
ITPR1,PLCB2,9606.ENSP00000306253,9606.ENSP00000260402,estrogen-signaling-pathway-string,0.946
ITPR1,SRC,9606.ENSP00000306253,9606.ENSP00000362680,estrogen-signaling-pathway-string,0.413
ITPR1,PRKCD,9606.ENSP00000306253,9606.ENSP00000331602,estrogen-signaling-pathway-string,0.42
ITPR1,SOS1,9606.ENSP00000306253,9606.ENSP00000384675,estrogen-signaling-pathway-string,0.593
ITPR1,ITPR2,9606.ENSP00000306253,9606.ENSP00000370744,estrogen-signaling-pathway-string,0.943
ITPR1,PLCB4,9606.ENSP00000306253,9606.ENSP00000367762,estrogen-signaling-pathway-string,0.947
ITPR1,PLCB1,9606.ENSP00000306253,9606.ENSP00000338185,estrogen-signaling-pathway-string,0.95
ITPR1,ITPR3,9606.ENSP00000306253,9606.ENSP00000363435,estrogen-signaling-pathway-string,0.965
ITPR1,PLCB3,9606.ENSP00000306253,9606.ENSP00000443631,estrogen-signaling-pathway-string,0.968
ITPR1,PRKACG,9606.ENSP00000306253,9606.ENSP00000366488,estrogen-signaling-pathway-string,0.971
ITPR1,PRKACB,9606.ENSP00000306253,9606.ENSP00000359719,estrogen-signaling-pathway-string,0.972
ITPR1,PRKACA,9606.ENSP00000306253,9606.ENSP00000309591,estrogen-signaling-pathway-string,0.974
ITPR2,PLCB2,9606.ENSP00000370744,9606.ENSP00000260402,estrogen-signaling-pathway-string,0.935
ITPR2,PRKACA,9606.ENSP00000370744,9606.ENSP00000309591,estrogen-signaling-pathway-string,0.937
ITPR2,PLCB1,9606.ENSP00000370744,9606.ENSP00000338185,estrogen-signaling-pathway-string,0.938
ITPR2,PRKACB,9606.ENSP00000370744,9606.ENSP00000359719,estrogen-signaling-pathway-string,0.93
ITPR2,ITPR3,9606.ENSP00000370744,9606.ENSP00000363435,estrogen-signaling-pathway-string,0.953
ITPR2,PRKACG,9606.ENSP00000370744,9606.ENSP00000366488,estrogen-signaling-pathway-string,0.927
ITPR2,PLCB4,9606.ENSP00000370744,9606.ENSP00000367762,estrogen-signaling-pathway-string,0.937
ITPR2,SOS1,9606.ENSP00000370744,9606.ENSP00000384675,estrogen-signaling-pathway-string,0.559
ITPR2,PLCB3,9606.ENSP00000370744,9606.ENSP00000443631,estrogen-signaling-pathway-string,0.929
ITPR3,PLCB2,9606.ENSP00000363435,9606.ENSP00000260402,estrogen-signaling-pathway-string,0.966
ITPR3,PRKACA,9606.ENSP00000363435,9606.ENSP00000309591,estrogen-signaling-pathway-string,0.972
ITPR3,PLCB1,9606.ENSP00000363435,9606.ENSP00000338185,estrogen-signaling-pathway-string,0.946
ITPR3,PRKACB,9606.ENSP00000363435,9606.ENSP00000359719,estrogen-signaling-pathway-string,0.968
ITPR3,SRC,9606.ENSP00000363435,9606.ENSP00000362680,estrogen-signaling-pathway-string,0.425
ITPR3,SOS1,9606.ENSP00000363435,9606.ENSP00000384675,estrogen-signaling-pathway-string,0.586
ITPR3,PLCB4,9606.ENSP00000363435,9606.ENSP00000367762,estrogen-signaling-pathway-string,0.939
ITPR3,PLCB3,9606.ENSP00000363435,9606.ENSP00000443631,estrogen-signaling-pathway-string,0.967
ITPR3,PRKACG,9606.ENSP00000363435,9606.ENSP00000366488,estrogen-signaling-pathway-string,0.968
JUN,MAPK1,9606.ENSP00000360266,9606.ENSP00000215832,estrogen-signaling-pathway-string,0.998
JUN,RARA,9606.ENSP00000360266,9606.ENSP00000254066,estrogen-signaling-pathway-string,0.759
JUN,KRAS,9606.ENSP00000360266,9606.ENSP00000256078,estrogen-signaling-pathway-string,0.624
JUN,MAPK3,9606.ENSP00000360266,9606.ENSP00000263025,estrogen-signaling-pathway-string,0.987
JUN,TFF1,9606.ENSP00000360266,9606.ENSP00000291527,estrogen-signaling-pathway-string,0.558
JUN,PRKACA,9606.ENSP00000360266,9606.ENSP00000309591,estrogen-signaling-pathway-string,0.963
JUN,PGR,9606.ENSP00000360266,9606.ENSP00000325120,estrogen-signaling-pathway-string,0.664
JUN,SP1,9606.ENSP00000360266,9606.ENSP00000329357,estrogen-signaling-pathway-string,0.996
JUN,NRAS,9606.ENSP00000360266,9606.ENSP00000358548,estrogen-signaling-pathway-string,0.51
JUN,PRKACB,9606.ENSP00000360266,9606.ENSP00000359719,estrogen-signaling-pathway-string,0.963
JUN,RAF1,9606.ENSP00000360266,9606.ENSP00000401888,estrogen-signaling-pathway-string,0.602
JUN,PIK3R1,9606.ENSP00000360266,9606.ENSP00000428056,estrogen-signaling-pathway-string,0.615
JUN,MMP9,9606.ENSP00000360266,9606.ENSP00000361405,estrogen-signaling-pathway-string,0.866
JUN,NCOA3,9606.ENSP00000360266,9606.ENSP00000361066,estrogen-signaling-pathway-string,0.938
JUN,PRKACG,9606.ENSP00000360266,9606.ENSP00000366488,estrogen-signaling-pathway-string,0.963
JUN,NCOA1,9606.ENSP00000360266,9606.ENSP00000385216,estrogen-signaling-pathway-string,0.965
JUN,SRC,9606.ENSP00000360266,9606.ENSP00000362680,estrogen-signaling-pathway-string,0.974
KCNJ3,PRKACG,9606.ENSP00000295101,9606.ENSP00000366488,estrogen-signaling-pathway-string,0.923
KCNJ3,PRKACA,9606.ENSP00000295101,9606.ENSP00000309591,estrogen-signaling-pathway-string,0.924
KCNJ3,PRKACB,9606.ENSP00000295101,9606.ENSP00000359719,estrogen-signaling-pathway-string,0.924
KCNJ3,KCNJ9,9606.ENSP00000295101,9606.ENSP00000357067,estrogen-signaling-pathway-string,0.99
KCNJ3,KCNJ5,9606.ENSP00000295101,9606.ENSP00000433295,estrogen-signaling-pathway-string,0.997
KCNJ3,KCNJ6,9606.ENSP00000295101,9606.ENSP00000477437,estrogen-signaling-pathway-string,0.998
KCNJ5,PRKACA,9606.ENSP00000433295,9606.ENSP00000309591,estrogen-signaling-pathway-string,0.932
KCNJ5,KCNJ9,9606.ENSP00000433295,9606.ENSP00000357067,estrogen-signaling-pathway-string,0.917
KCNJ5,PRKACB,9606.ENSP00000433295,9606.ENSP00000359719,estrogen-signaling-pathway-string,0.929
KCNJ5,PRKACG,9606.ENSP00000433295,9606.ENSP00000366488,estrogen-signaling-pathway-string,0.925
KCNJ5,KCNJ6,9606.ENSP00000433295,9606.ENSP00000477437,estrogen-signaling-pathway-string,0.924
KCNJ6,PRKACA,9606.ENSP00000477437,9606.ENSP00000309591,estrogen-signaling-pathway-string,0.916
KCNJ6,KCNJ9,9606.ENSP00000477437,9606.ENSP00000357067,estrogen-signaling-pathway-string,0.994
KCNJ6,PRKACB,9606.ENSP00000477437,9606.ENSP00000359719,estrogen-signaling-pathway-string,0.917
KCNJ6,PRKACG,9606.ENSP00000477437,9606.ENSP00000366488,estrogen-signaling-pathway-string,0.916
KCNJ9,PRKACA,9606.ENSP00000357067,9606.ENSP00000309591,estrogen-signaling-pathway-string,0.909
KCNJ9,PRKACG,9606.ENSP00000357067,9606.ENSP00000366488,estrogen-signaling-pathway-string,0.909
KCNJ9,PRKACB,9606.ENSP00000357067,9606.ENSP00000359719,estrogen-signaling-pathway-string,0.913
KRAS,KRT20,9606.ENSP00000256078,9606.ENSP00000167588,estrogen-signaling-pathway-string,0.607
KRAS,MAPK1,9606.ENSP00000256078,9606.ENSP00000215832,estrogen-signaling-pathway-string,0.988
KRAS,SOS2,9606.ENSP00000256078,9606.ENSP00000216373,estrogen-signaling-pathway-string,0.985
KRAS,PIK3R2,9606.ENSP00000256078,9606.ENSP00000222254,estrogen-signaling-pathway-string,0.946
KRAS,RARA,9606.ENSP00000256078,9606.ENSP00000254066,estrogen-signaling-pathway-string,0.419
KRAS,PRKACG,9606.ENSP00000256078,9606.ENSP00000366488,estrogen-signaling-pathway-string,0.42
KRAS,PRKACA,9606.ENSP00000256078,9606.ENSP00000309591,estrogen-signaling-pathway-string,0.435
KRAS,KRT17,9606.ENSP00000256078,9606.ENSP00000308452,estrogen-signaling-pathway-string,0.445
KRAS,PRKACB,9606.ENSP00000256078,9606.ENSP00000359719,estrogen-signaling-pathway-string,0.471
KRAS,SHC3,9606.ENSP00000256078,9606.ENSP00000364995,estrogen-signaling-pathway-string,0.56
KRAS,SHC2,9606.ENSP00000256078,9606.ENSP00000264554,estrogen-signaling-pathway-string,0.587
KRAS,KRT19,9606.ENSP00000256078,9606.ENSP00000355124,estrogen-signaling-pathway-string,0.607
KRAS,PRKCD,9606.ENSP00000256078,9606.ENSP00000331602,estrogen-signaling-pathway-string,0.663
KRAS,PGR,9606.ENSP00000256078,9606.ENSP00000325120,estrogen-signaling-pathway-string,0.697
KRAS,SHC1,9606.ENSP00000256078,9606.ENSP00000401303,estrogen-signaling-pathway-string,0.758
KRAS,TGFA,9606.ENSP00000256078,9606.ENSP00000404131,estrogen-signaling-pathway-string,0.762
KRAS,NRAS,9606.ENSP00000256078,9606.ENSP00000358548,estrogen-signaling-pathway-string,0.944
KRAS,PIK3R3,9606.ENSP00000256078,9606.ENSP00000262741,estrogen-signaling-pathway-string,0.952
KRAS,PIK3R1,9606.ENSP00000256078,9606.ENSP00000428056,estrogen-signaling-pathway-string,0.963
KRAS,MAP2K2,9606.ENSP00000256078,9606.ENSP00000262948,estrogen-signaling-pathway-string,0.966
KRAS,PIK3CB,9606.ENSP00000256078,9606.ENSP00000501150,estrogen-signaling-pathway-string,0.973
KRAS,PIK3CD,9606.ENSP00000256078,9606.ENSP00000366563,estrogen-signaling-pathway-string,0.974
KRAS,MAPK3,9606.ENSP00000256078,9606.ENSP00000263025,estrogen-signaling-pathway-string,0.982
KRAS,SRC,9606.ENSP00000256078,9606.ENSP00000362680,estrogen-signaling-pathway-string,0.99
KRAS,MAP2K1,9606.ENSP00000256078,9606.ENSP00000302486,estrogen-signaling-pathway-string,0.995
KRAS,PIK3CA,9606.ENSP00000256078,9606.ENSP00000263967,estrogen-signaling-pathway-string,0.998
KRAS,SOS1,9606.ENSP00000256078,9606.ENSP00000384675,estrogen-signaling-pathway-string,0.999
KRAS,RAF1,9606.ENSP00000256078,9606.ENSP00000401888,estrogen-signaling-pathway-string,0.999
KRT10,KRT33A,9606.ENSP00000269576,9606.ENSP00000007735,estrogen-signaling-pathway-string,0.439
KRT10,KRT14,9606.ENSP00000269576,9606.ENSP00000167586,estrogen-signaling-pathway-string,0.493
KRT10,KRT20,9606.ENSP00000269576,9606.ENSP00000167588,estrogen-signaling-pathway-string,0.425
KRT10,KRT23,9606.ENSP00000269576,9606.ENSP00000209718,estrogen-signaling-pathway-string,0.444
KRT10,KRT37,9606.ENSP00000269576,9606.ENSP00000225550,estrogen-signaling-pathway-string,0.415
KRT10,KRT32,9606.ENSP00000269576,9606.ENSP00000225899,estrogen-signaling-pathway-string,0.444
KRT10,KRT13,9606.ENSP00000269576,9606.ENSP00000246635,estrogen-signaling-pathway-string,0.43
KRT10,KRT38,9606.ENSP00000269576,9606.ENSP00000246646,estrogen-signaling-pathway-string,0.406
KRT10,KRT9,9606.ENSP00000269576,9606.ENSP00000246662,estrogen-signaling-pathway-string,0.575
KRT10,KRT12,9606.ENSP00000269576,9606.ENSP00000251643,estrogen-signaling-pathway-string,0.433
KRT10,KRT31,9606.ENSP00000269576,9606.ENSP00000251645,estrogen-signaling-pathway-string,0.424
KRT10,KRT33B,9606.ENSP00000269576,9606.ENSP00000251646,estrogen-signaling-pathway-string,0.414
KRT10,KRT24,9606.ENSP00000269576,9606.ENSP00000264651,estrogen-signaling-pathway-string,0.426
KRT10,KRT39,9606.ENSP00000269576,9606.ENSP00000347823,estrogen-signaling-pathway-string,0.402
KRT10,KRT35,9606.ENSP00000269576,9606.ENSP00000377558,estrogen-signaling-pathway-string,0.408
KRT10,KRT40,9606.ENSP00000269576,9606.ENSP00000366984,estrogen-signaling-pathway-string,0.411
KRT10,KRT34,9606.ENSP00000269576,9606.ENSP00000377570,estrogen-signaling-pathway-string,0.418
KRT10,KRT19,9606.ENSP00000269576,9606.ENSP00000355124,estrogen-signaling-pathway-string,0.423
KRT10,KRT15,9606.ENSP00000269576,9606.ENSP00000377546,estrogen-signaling-pathway-string,0.434
KRT10,KRT25,9606.ENSP00000269576,9606.ENSP00000310573,estrogen-signaling-pathway-string,0.436
KRT10,KRT28,9606.ENSP00000269576,9606.ENSP00000305263,estrogen-signaling-pathway-string,0.436
KRT10,KRT26,9606.ENSP00000269576,9606.ENSP00000334798,estrogen-signaling-pathway-string,0.438
KRT10,KRT36,9606.ENSP00000269576,9606.ENSP00000329165,estrogen-signaling-pathway-string,0.439
KRT10,KRT18,9606.ENSP00000269576,9606.ENSP00000373489,estrogen-signaling-pathway-string,0.445
KRT10,KRT27,9606.ENSP00000269576,9606.ENSP00000301656,estrogen-signaling-pathway-string,0.449
KRT10,KRT17,9606.ENSP00000269576,9606.ENSP00000308452,estrogen-signaling-pathway-string,0.483
KRT10,KRT16,9606.ENSP00000269576,9606.ENSP00000301653,estrogen-signaling-pathway-string,0.788
KRT12,KRT33A,9606.ENSP00000251643,9606.ENSP00000007735,estrogen-signaling-pathway-string,0.444
KRT12,KRT14,9606.ENSP00000251643,9606.ENSP00000167586,estrogen-signaling-pathway-string,0.42
KRT12,KRT20,9606.ENSP00000251643,9606.ENSP00000167588,estrogen-signaling-pathway-string,0.573
KRT12,KRT23,9606.ENSP00000251643,9606.ENSP00000209718,estrogen-signaling-pathway-string,0.423
KRT12,KRT37,9606.ENSP00000251643,9606.ENSP00000225550,estrogen-signaling-pathway-string,0.409
KRT12,KRT32,9606.ENSP00000251643,9606.ENSP00000225899,estrogen-signaling-pathway-string,0.408
KRT12,KRT13,9606.ENSP00000251643,9606.ENSP00000246635,estrogen-signaling-pathway-string,0.422
KRT12,KRT38,9606.ENSP00000251643,9606.ENSP00000246646,estrogen-signaling-pathway-string,0.409
KRT12,KRT9,9606.ENSP00000251643,9606.ENSP00000246662,estrogen-signaling-pathway-string,0.453
KRT12,KRT26,9606.ENSP00000251643,9606.ENSP00000334798,estrogen-signaling-pathway-string,0.405
KRT12,KRT16,9606.ENSP00000251643,9606.ENSP00000301653,estrogen-signaling-pathway-string,0.406
KRT12,KRT17,9606.ENSP00000251643,9606.ENSP00000308452,estrogen-signaling-pathway-string,0.407
KRT12,KRT35,9606.ENSP00000251643,9606.ENSP00000377558,estrogen-signaling-pathway-string,0.408
KRT12,KRT39,9606.ENSP00000251643,9606.ENSP00000347823,estrogen-signaling-pathway-string,0.41
KRT12,KRT18,9606.ENSP00000251643,9606.ENSP00000373489,estrogen-signaling-pathway-string,0.41
KRT12,KRT25,9606.ENSP00000251643,9606.ENSP00000310573,estrogen-signaling-pathway-string,0.413
KRT12,KRT28,9606.ENSP00000251643,9606.ENSP00000305263,estrogen-signaling-pathway-string,0.413
KRT12,KRT24,9606.ENSP00000251643,9606.ENSP00000264651,estrogen-signaling-pathway-string,0.423
KRT12,KRT19,9606.ENSP00000251643,9606.ENSP00000355124,estrogen-signaling-pathway-string,0.423
KRT12,KRT31,9606.ENSP00000251643,9606.ENSP00000251645,estrogen-signaling-pathway-string,0.426
KRT12,KRT15,9606.ENSP00000251643,9606.ENSP00000377546,estrogen-signaling-pathway-string,0.426
KRT12,KRT33B,9606.ENSP00000251643,9606.ENSP00000251646,estrogen-signaling-pathway-string,0.433
KRT12,KRT36,9606.ENSP00000251643,9606.ENSP00000329165,estrogen-signaling-pathway-string,0.435
KRT12,KRT40,9606.ENSP00000251643,9606.ENSP00000366984,estrogen-signaling-pathway-string,0.44
KRT12,KRT34,9606.ENSP00000251643,9606.ENSP00000377570,estrogen-signaling-pathway-string,0.441
KRT12,KRT27,9606.ENSP00000251643,9606.ENSP00000301656,estrogen-signaling-pathway-string,0.467
KRT13,KRT33A,9606.ENSP00000246635,9606.ENSP00000007735,estrogen-signaling-pathway-string,0.437
KRT13,KRT14,9606.ENSP00000246635,9606.ENSP00000167586,estrogen-signaling-pathway-string,0.561
KRT13,KRT20,9606.ENSP00000246635,9606.ENSP00000167588,estrogen-signaling-pathway-string,0.624
KRT13,KRT23,9606.ENSP00000246635,9606.ENSP00000209718,estrogen-signaling-pathway-string,0.459
KRT13,KRT37,9606.ENSP00000246635,9606.ENSP00000225550,estrogen-signaling-pathway-string,0.419
KRT13,KRT32,9606.ENSP00000246635,9606.ENSP00000225899,estrogen-signaling-pathway-string,0.48
KRT13,KRT39,9606.ENSP00000246635,9606.ENSP00000347823,estrogen-signaling-pathway-string,0.4
KRT13,KRT33B,9606.ENSP00000246635,9606.ENSP00000251646,estrogen-signaling-pathway-string,0.401
KRT13,KRT28,9606.ENSP00000246635,9606.ENSP00000305263,estrogen-signaling-pathway-string,0.403
KRT13,KRT26,9606.ENSP00000246635,9606.ENSP00000334798,estrogen-signaling-pathway-string,0.404
KRT13,KRT34,9606.ENSP00000246635,9606.ENSP00000377570,estrogen-signaling-pathway-string,0.404
KRT13,KRT25,9606.ENSP00000246635,9606.ENSP00000310573,estrogen-signaling-pathway-string,0.406
KRT13,KRT38,9606.ENSP00000246635,9606.ENSP00000246646,estrogen-signaling-pathway-string,0.407
KRT13,KRT35,9606.ENSP00000246635,9606.ENSP00000377558,estrogen-signaling-pathway-string,0.42
KRT13,KRT40,9606.ENSP00000246635,9606.ENSP00000366984,estrogen-signaling-pathway-string,0.427
KRT13,KRT27,9606.ENSP00000246635,9606.ENSP00000301656,estrogen-signaling-pathway-string,0.43
KRT13,KRT9,9606.ENSP00000246635,9606.ENSP00000246662,estrogen-signaling-pathway-string,0.44
KRT13,KRT31,9606.ENSP00000246635,9606.ENSP00000251645,estrogen-signaling-pathway-string,0.45
KRT13,KRT36,9606.ENSP00000246635,9606.ENSP00000329165,estrogen-signaling-pathway-string,0.457
KRT13,KRT18,9606.ENSP00000246635,9606.ENSP00000373489,estrogen-signaling-pathway-string,0.489
KRT13,KRT24,9606.ENSP00000246635,9606.ENSP00000264651,estrogen-signaling-pathway-string,0.489
KRT13,KRT16,9606.ENSP00000246635,9606.ENSP00000301653,estrogen-signaling-pathway-string,0.596
KRT13,KRT17,9606.ENSP00000246635,9606.ENSP00000308452,estrogen-signaling-pathway-string,0.596
KRT13,KRT19,9606.ENSP00000246635,9606.ENSP00000355124,estrogen-signaling-pathway-string,0.658
KRT13,KRT15,9606.ENSP00000246635,9606.ENSP00000377546,estrogen-signaling-pathway-string,0.676
KRT14,KRT33A,9606.ENSP00000167586,9606.ENSP00000007735,estrogen-signaling-pathway-string,0.46
KRT14,KRT38,9606.ENSP00000167586,9606.ENSP00000246646,estrogen-signaling-pathway-string,0.413
KRT14,KRT37,9606.ENSP00000167586,9606.ENSP00000225550,estrogen-signaling-pathway-string,0.413
KRT14,KRT33B,9606.ENSP00000167586,9606.ENSP00000251646,estrogen-signaling-pathway-string,0.416
KRT14,KRT40,9606.ENSP00000167586,9606.ENSP00000366984,estrogen-signaling-pathway-string,0.416
KRT14,KRT39,9606.ENSP00000167586,9606.ENSP00000347823,estrogen-signaling-pathway-string,0.418
KRT14,KRT28,9606.ENSP00000167586,9606.ENSP00000305263,estrogen-signaling-pathway-string,0.423
KRT14,KRT32,9606.ENSP00000167586,9606.ENSP00000225899,estrogen-signaling-pathway-string,0.425
KRT14,KRT20,9606.ENSP00000167586,9606.ENSP00000167588,estrogen-signaling-pathway-string,0.425
KRT14,KRT34,9606.ENSP00000167586,9606.ENSP00000377570,estrogen-signaling-pathway-string,0.427
KRT14,KRT26,9606.ENSP00000167586,9606.ENSP00000334798,estrogen-signaling-pathway-string,0.433
KRT14,KRT25,9606.ENSP00000167586,9606.ENSP00000310573,estrogen-signaling-pathway-string,0.435
KRT14,KRT35,9606.ENSP00000167586,9606.ENSP00000377558,estrogen-signaling-pathway-string,0.438
KRT14,KRT31,9606.ENSP00000167586,9606.ENSP00000251645,estrogen-signaling-pathway-string,0.446
KRT14,KRT24,9606.ENSP00000167586,9606.ENSP00000264651,estrogen-signaling-pathway-string,0.448
KRT14,KRT36,9606.ENSP00000167586,9606.ENSP00000329165,estrogen-signaling-pathway-string,0.452
KRT14,KRT23,9606.ENSP00000167586,9606.ENSP00000209718,estrogen-signaling-pathway-string,0.458
KRT14,KRT27,9606.ENSP00000167586,9606.ENSP00000301656,estrogen-signaling-pathway-string,0.46
KRT14,KRT19,9606.ENSP00000167586,9606.ENSP00000355124,estrogen-signaling-pathway-string,0.47
KRT14,KRT9,9606.ENSP00000167586,9606.ENSP00000246662,estrogen-signaling-pathway-string,0.537
KRT14,KRT18,9606.ENSP00000167586,9606.ENSP00000373489,estrogen-signaling-pathway-string,0.637
KRT14,KRT15,9606.ENSP00000167586,9606.ENSP00000377546,estrogen-signaling-pathway-string,0.731
KRT14,PGR,9606.ENSP00000167586,9606.ENSP00000325120,estrogen-signaling-pathway-string,0.734
KRT14,KRT17,9606.ENSP00000167586,9606.ENSP00000308452,estrogen-signaling-pathway-string,0.814
KRT14,KRT16,9606.ENSP00000167586,9606.ENSP00000301653,estrogen-signaling-pathway-string,0.868
KRT15,KRT33A,9606.ENSP00000377546,9606.ENSP00000007735,estrogen-signaling-pathway-string,0.475
KRT15,KRT20,9606.ENSP00000377546,9606.ENSP00000167588,estrogen-signaling-pathway-string,0.577
KRT15,KRT23,9606.ENSP00000377546,9606.ENSP00000209718,estrogen-signaling-pathway-string,0.468
KRT15,KRT37,9606.ENSP00000377546,9606.ENSP00000225550,estrogen-signaling-pathway-string,0.406
KRT15,KRT32,9606.ENSP00000377546,9606.ENSP00000225899,estrogen-signaling-pathway-string,0.461
KRT15,KRT38,9606.ENSP00000377546,9606.ENSP00000246646,estrogen-signaling-pathway-string,0.413
KRT15,KRT9,9606.ENSP00000377546,9606.ENSP00000246662,estrogen-signaling-pathway-string,0.442
KRT15,KRT31,9606.ENSP00000377546,9606.ENSP00000251645,estrogen-signaling-pathway-string,0.455
KRT15,KRT33B,9606.ENSP00000377546,9606.ENSP00000251646,estrogen-signaling-pathway-string,0.41
KRT15,KRT24,9606.ENSP00000377546,9606.ENSP00000264651,estrogen-signaling-pathway-string,0.432
KRT15,KRT16,9606.ENSP00000377546,9606.ENSP00000301653,estrogen-signaling-pathway-string,0.621
KRT15,KRT27,9606.ENSP00000377546,9606.ENSP00000301656,estrogen-signaling-pathway-string,0.455
KRT15,KRT28,9606.ENSP00000377546,9606.ENSP00000305263,estrogen-signaling-pathway-string,0.415
KRT15,KRT17,9606.ENSP00000377546,9606.ENSP00000308452,estrogen-signaling-pathway-string,0.618
KRT15,KRT25,9606.ENSP00000377546,9606.ENSP00000310573,estrogen-signaling-pathway-string,0.422
KRT15,KRT36,9606.ENSP00000377546,9606.ENSP00000329165,estrogen-signaling-pathway-string,0.454
KRT15,KRT26,9606.ENSP00000377546,9606.ENSP00000334798,estrogen-signaling-pathway-string,0.421
KRT15,KRT39,9606.ENSP00000377546,9606.ENSP00000347823,estrogen-signaling-pathway-string,0.406
KRT15,KRT19,9606.ENSP00000377546,9606.ENSP00000355124,estrogen-signaling-pathway-string,0.57
KRT15,KRT40,9606.ENSP00000377546,9606.ENSP00000366984,estrogen-signaling-pathway-string,0.407
KRT15,KRT18,9606.ENSP00000377546,9606.ENSP00000373489,estrogen-signaling-pathway-string,0.626
KRT15,KRT34,9606.ENSP00000377546,9606.ENSP00000377570,estrogen-signaling-pathway-string,0.417
KRT15,KRT35,9606.ENSP00000377546,9606.ENSP00000377558,estrogen-signaling-pathway-string,0.429
KRT16,KRT33A,9606.ENSP00000301653,9606.ENSP00000007735,estrogen-signaling-pathway-string,0.47
KRT16,KRT20,9606.ENSP00000301653,9606.ENSP00000167588,estrogen-signaling-pathway-string,0.415
KRT16,KRT23,9606.ENSP00000301653,9606.ENSP00000209718,estrogen-signaling-pathway-string,0.48
KRT16,KRT37,9606.ENSP00000301653,9606.ENSP00000225550,estrogen-signaling-pathway-string,0.431
KRT16,KRT32,9606.ENSP00000301653,9606.ENSP00000225899,estrogen-signaling-pathway-string,0.442
KRT16,KRT38,9606.ENSP00000301653,9606.ENSP00000246646,estrogen-signaling-pathway-string,0.415
KRT16,KRT9,9606.ENSP00000301653,9606.ENSP00000246662,estrogen-signaling-pathway-string,0.547
KRT16,KRT31,9606.ENSP00000301653,9606.ENSP00000251645,estrogen-signaling-pathway-string,0.444
KRT16,KRT33B,9606.ENSP00000301653,9606.ENSP00000251646,estrogen-signaling-pathway-string,0.432
KRT16,KRT24,9606.ENSP00000301653,9606.ENSP00000264651,estrogen-signaling-pathway-string,0.439
KRT16,KRT39,9606.ENSP00000301653,9606.ENSP00000347823,estrogen-signaling-pathway-string,0.4
KRT16,KRT40,9606.ENSP00000301653,9606.ENSP00000366984,estrogen-signaling-pathway-string,0.407
KRT16,KRT28,9606.ENSP00000301653,9606.ENSP00000305263,estrogen-signaling-pathway-string,0.426
KRT16,KRT25,9606.ENSP00000301653,9606.ENSP00000310573,estrogen-signaling-pathway-string,0.429
KRT16,KRT35,9606.ENSP00000301653,9606.ENSP00000377558,estrogen-signaling-pathway-string,0.434
KRT16,KRT34,9606.ENSP00000301653,9606.ENSP00000377570,estrogen-signaling-pathway-string,0.438
KRT16,KRT26,9606.ENSP00000301653,9606.ENSP00000334798,estrogen-signaling-pathway-string,0.438
KRT16,KRT27,9606.ENSP00000301653,9606.ENSP00000301656,estrogen-signaling-pathway-string,0.454
KRT16,KRT36,9606.ENSP00000301653,9606.ENSP00000329165,estrogen-signaling-pathway-string,0.459
KRT16,KRT19,9606.ENSP00000301653,9606.ENSP00000355124,estrogen-signaling-pathway-string,0.469
KRT16,KRT18,9606.ENSP00000301653,9606.ENSP00000373489,estrogen-signaling-pathway-string,0.473
KRT16,KRT17,9606.ENSP00000301653,9606.ENSP00000308452,estrogen-signaling-pathway-string,0.88
KRT17,KRT33A,9606.ENSP00000308452,9606.ENSP00000007735,estrogen-signaling-pathway-string,0.456
KRT17,KRT20,9606.ENSP00000308452,9606.ENSP00000167588,estrogen-signaling-pathway-string,0.423
KRT17,KRT23,9606.ENSP00000308452,9606.ENSP00000209718,estrogen-signaling-pathway-string,0.458
KRT17,KRT37,9606.ENSP00000308452,9606.ENSP00000225550,estrogen-signaling-pathway-string,0.416
KRT17,KRT32,9606.ENSP00000308452,9606.ENSP00000225899,estrogen-signaling-pathway-string,0.423
KRT17,KRT38,9606.ENSP00000308452,9606.ENSP00000246646,estrogen-signaling-pathway-string,0.414
KRT17,KRT9,9606.ENSP00000308452,9606.ENSP00000246662,estrogen-signaling-pathway-string,0.494
KRT17,KRT31,9606.ENSP00000308452,9606.ENSP00000251645,estrogen-signaling-pathway-string,0.428
KRT17,KRT33B,9606.ENSP00000308452,9606.ENSP00000251646,estrogen-signaling-pathway-string,0.421
KRT17,KRT24,9606.ENSP00000308452,9606.ENSP00000264651,estrogen-signaling-pathway-string,0.41
KRT17,KRT27,9606.ENSP00000308452,9606.ENSP00000301656,estrogen-signaling-pathway-string,0.481
KRT17,KRT28,9606.ENSP00000308452,9606.ENSP00000305263,estrogen-signaling-pathway-string,0.419
KRT17,KRT39,9606.ENSP00000308452,9606.ENSP00000347823,estrogen-signaling-pathway-string,0.408
KRT17,KRT26,9606.ENSP00000308452,9606.ENSP00000334798,estrogen-signaling-pathway-string,0.421
KRT17,KRT25,9606.ENSP00000308452,9606.ENSP00000310573,estrogen-signaling-pathway-string,0.425
KRT17,KRT34,9606.ENSP00000308452,9606.ENSP00000377570,estrogen-signaling-pathway-string,0.427
KRT17,KRT40,9606.ENSP00000308452,9606.ENSP00000366984,estrogen-signaling-pathway-string,0.43
KRT17,KRT35,9606.ENSP00000308452,9606.ENSP00000377558,estrogen-signaling-pathway-string,0.443
KRT17,KRT36,9606.ENSP00000308452,9606.ENSP00000329165,estrogen-signaling-pathway-string,0.45
KRT17,KRT19,9606.ENSP00000308452,9606.ENSP00000355124,estrogen-signaling-pathway-string,0.509
KRT17,PGR,9606.ENSP00000308452,9606.ENSP00000325120,estrogen-signaling-pathway-string,0.528
KRT17,KRT18,9606.ENSP00000308452,9606.ENSP00000373489,estrogen-signaling-pathway-string,0.686
KRT18,KRT33A,9606.ENSP00000373489,9606.ENSP00000007735,estrogen-signaling-pathway-string,0.563
KRT18,KRT20,9606.ENSP00000373489,9606.ENSP00000167588,estrogen-signaling-pathway-string,0.647
KRT18,KRT23,9606.ENSP00000373489,9606.ENSP00000209718,estrogen-signaling-pathway-string,0.448
KRT18,KRT37,9606.ENSP00000373489,9606.ENSP00000225550,estrogen-signaling-pathway-string,0.402
KRT18,KRT32,9606.ENSP00000373489,9606.ENSP00000225899,estrogen-signaling-pathway-string,0.406
KRT18,KRT38,9606.ENSP00000373489,9606.ENSP00000246646,estrogen-signaling-pathway-string,0.405
KRT18,KRT9,9606.ENSP00000373489,9606.ENSP00000246662,estrogen-signaling-pathway-string,0.652
KRT18,KRT31,9606.ENSP00000373489,9606.ENSP00000251645,estrogen-signaling-pathway-string,0.408
KRT18,KRT33B,9606.ENSP00000373489,9606.ENSP00000251646,estrogen-signaling-pathway-string,0.403
KRT18,KRT24,9606.ENSP00000373489,9606.ENSP00000264651,estrogen-signaling-pathway-string,0.406
KRT18,KRT27,9606.ENSP00000373489,9606.ENSP00000301656,estrogen-signaling-pathway-string,0.446
KRT18,KRT28,9606.ENSP00000373489,9606.ENSP00000305263,estrogen-signaling-pathway-string,0.418
KRT18,KRT25,9606.ENSP00000373489,9606.ENSP00000310573,estrogen-signaling-pathway-string,0.421
KRT18,PGR,9606.ENSP00000373489,9606.ENSP00000325120,estrogen-signaling-pathway-string,0.534
KRT18,KRT36,9606.ENSP00000373489,9606.ENSP00000329165,estrogen-signaling-pathway-string,0.429
KRT18,KRT26,9606.ENSP00000373489,9606.ENSP00000334798,estrogen-signaling-pathway-string,0.433
KRT18,KRT39,9606.ENSP00000373489,9606.ENSP00000347823,estrogen-signaling-pathway-string,0.427
KRT18,KRT19,9606.ENSP00000373489,9606.ENSP00000355124,estrogen-signaling-pathway-string,0.928
KRT18,KRT40,9606.ENSP00000373489,9606.ENSP00000366984,estrogen-signaling-pathway-string,0.413
KRT18,RAF1,9606.ENSP00000373489,9606.ENSP00000401888,estrogen-signaling-pathway-string,0.404
KRT18,KRT34,9606.ENSP00000373489,9606.ENSP00000377570,estrogen-signaling-pathway-string,0.421
KRT18,KRT35,9606.ENSP00000373489,9606.ENSP00000377558,estrogen-signaling-pathway-string,0.655
KRT19,KRT33A,9606.ENSP00000355124,9606.ENSP00000007735,estrogen-signaling-pathway-string,0.436
KRT19,KRT20,9606.ENSP00000355124,9606.ENSP00000167588,estrogen-signaling-pathway-string,0.664
KRT19,KRT23,9606.ENSP00000355124,9606.ENSP00000209718,estrogen-signaling-pathway-string,0.442
KRT19,KRT37,9606.ENSP00000355124,9606.ENSP00000225550,estrogen-signaling-pathway-string,0.412
KRT19,KRT32,9606.ENSP00000355124,9606.ENSP00000225899,estrogen-signaling-pathway-string,0.415
KRT19,KRT38,9606.ENSP00000355124,9606.ENSP00000246646,estrogen-signaling-pathway-string,0.405
KRT19,KRT9,9606.ENSP00000355124,9606.ENSP00000246662,estrogen-signaling-pathway-string,0.552
KRT19,KRT31,9606.ENSP00000355124,9606.ENSP00000251645,estrogen-signaling-pathway-string,0.403
KRT19,KRT33B,9606.ENSP00000355124,9606.ENSP00000251646,estrogen-signaling-pathway-string,0.4
KRT19,MAPK3,9606.ENSP00000355124,9606.ENSP00000263025,estrogen-signaling-pathway-string,0.406
KRT19,KRT24,9606.ENSP00000355124,9606.ENSP00000264651,estrogen-signaling-pathway-string,0.411
KRT19,KRT27,9606.ENSP00000355124,9606.ENSP00000301656,estrogen-signaling-pathway-string,0.432
KRT19,KRT28,9606.ENSP00000355124,9606.ENSP00000305263,estrogen-signaling-pathway-string,0.405
KRT19,KRT25,9606.ENSP00000355124,9606.ENSP00000310573,estrogen-signaling-pathway-string,0.408
KRT19,PGR,9606.ENSP00000355124,9606.ENSP00000325120,estrogen-signaling-pathway-string,0.533
KRT19,KRT36,9606.ENSP00000355124,9606.ENSP00000329165,estrogen-signaling-pathway-string,0.428
KRT19,KRT26,9606.ENSP00000355124,9606.ENSP00000334798,estrogen-signaling-pathway-string,0.41
KRT19,KRT39,9606.ENSP00000355124,9606.ENSP00000347823,estrogen-signaling-pathway-string,0.401
KRT19,KRT35,9606.ENSP00000355124,9606.ENSP00000377558,estrogen-signaling-pathway-string,0.401
KRT19,RAF1,9606.ENSP00000355124,9606.ENSP00000401888,estrogen-signaling-pathway-string,0.405
KRT19,KRT34,9606.ENSP00000355124,9606.ENSP00000377570,estrogen-signaling-pathway-string,0.406
KRT19,KRT40,9606.ENSP00000355124,9606.ENSP00000366984,estrogen-signaling-pathway-string,0.418
KRT20,KRT33A,9606.ENSP00000167588,9606.ENSP00000007735,estrogen-signaling-pathway-string,0.571
KRT20,NRAS,9606.ENSP00000167588,9606.ENSP00000358548,estrogen-signaling-pathway-string,0.407
KRT20,KRT35,9606.ENSP00000167588,9606.ENSP00000377558,estrogen-signaling-pathway-string,0.411
KRT20,KRT37,9606.ENSP00000167588,9606.ENSP00000225550,estrogen-signaling-pathway-string,0.417
KRT20,PIK3CA,9606.ENSP00000167588,9606.ENSP00000263967,estrogen-signaling-pathway-string,0.418
KRT20,KRT33B,9606.ENSP00000167588,9606.ENSP00000251646,estrogen-signaling-pathway-string,0.418
KRT20,KRT25,9606.ENSP00000167588,9606.ENSP00000310573,estrogen-signaling-pathway-string,0.42
KRT20,KRT38,9606.ENSP00000167588,9606.ENSP00000246646,estrogen-signaling-pathway-string,0.42
KRT20,KRT28,9606.ENSP00000167588,9606.ENSP00000305263,estrogen-signaling-pathway-string,0.421
KRT20,KRT32,9606.ENSP00000167588,9606.ENSP00000225899,estrogen-signaling-pathway-string,0.423
KRT20,KRT39,9606.ENSP00000167588,9606.ENSP00000347823,estrogen-signaling-pathway-string,0.426
KRT20,KRT26,9606.ENSP00000167588,9606.ENSP00000334798,estrogen-signaling-pathway-string,0.427
KRT20,KRT23,9606.ENSP00000167588,9606.ENSP00000209718,estrogen-signaling-pathway-string,0.428
KRT20,KRT36,9606.ENSP00000167588,9606.ENSP00000329165,estrogen-signaling-pathway-string,0.442
KRT20,KRT31,9606.ENSP00000167588,9606.ENSP00000251645,estrogen-signaling-pathway-string,0.444
KRT20,KRT34,9606.ENSP00000167588,9606.ENSP00000377570,estrogen-signaling-pathway-string,0.452
KRT20,KRT40,9606.ENSP00000167588,9606.ENSP00000366984,estrogen-signaling-pathway-string,0.469
KRT20,KRT27,9606.ENSP00000167588,9606.ENSP00000301656,estrogen-signaling-pathway-string,0.473
KRT20,KRT24,9606.ENSP00000167588,9606.ENSP00000264651,estrogen-signaling-pathway-string,0.573
KRT20,PGR,9606.ENSP00000167588,9606.ENSP00000325120,estrogen-signaling-pathway-string,0.675
KRT20,KRT9,9606.ENSP00000167588,9606.ENSP00000246662,estrogen-signaling-pathway-string,0.771
KRT23,KRT33A,9606.ENSP00000209718,9606.ENSP00000007735,estrogen-signaling-pathway-string,0.466
KRT23,KRT36,9606.ENSP00000209718,9606.ENSP00000329165,estrogen-signaling-pathway-string,0.42
KRT23,KRT24,9606.ENSP00000209718,9606.ENSP00000264651,estrogen-signaling-pathway-string,0.423
KRT23,KRT35,9606.ENSP00000209718,9606.ENSP00000377558,estrogen-signaling-pathway-string,0.432
KRT23,KRT9,9606.ENSP00000209718,9606.ENSP00000246662,estrogen-signaling-pathway-string,0.438
KRT23,KRT33B,9606.ENSP00000209718,9606.ENSP00000251646,estrogen-signaling-pathway-string,0.442
KRT23,KRT38,9606.ENSP00000209718,9606.ENSP00000246646,estrogen-signaling-pathway-string,0.443
KRT23,KRT32,9606.ENSP00000209718,9606.ENSP00000225899,estrogen-signaling-pathway-string,0.445
KRT23,KRT28,9606.ENSP00000209718,9606.ENSP00000305263,estrogen-signaling-pathway-string,0.447
KRT23,KRT34,9606.ENSP00000209718,9606.ENSP00000377570,estrogen-signaling-pathway-string,0.454
KRT23,KRT27,9606.ENSP00000209718,9606.ENSP00000301656,estrogen-signaling-pathway-string,0.457
KRT23,KRT37,9606.ENSP00000209718,9606.ENSP00000225550,estrogen-signaling-pathway-string,0.458
KRT23,KRT31,9606.ENSP00000209718,9606.ENSP00000251645,estrogen-signaling-pathway-string,0.462
KRT23,KRT26,9606.ENSP00000209718,9606.ENSP00000334798,estrogen-signaling-pathway-string,0.463
KRT23,KRT25,9606.ENSP00000209718,9606.ENSP00000310573,estrogen-signaling-pathway-string,0.468
KRT23,KRT39,9606.ENSP00000209718,9606.ENSP00000347823,estrogen-signaling-pathway-string,0.472
KRT23,KRT40,9606.ENSP00000209718,9606.ENSP00000366984,estrogen-signaling-pathway-string,0.483
KRT24,KRT33A,9606.ENSP00000264651,9606.ENSP00000007735,estrogen-signaling-pathway-string,0.434
KRT24,KRT37,9606.ENSP00000264651,9606.ENSP00000225550,estrogen-signaling-pathway-string,0.432
KRT24,KRT32,9606.ENSP00000264651,9606.ENSP00000225899,estrogen-signaling-pathway-string,0.434
KRT24,KRT38,9606.ENSP00000264651,9606.ENSP00000246646,estrogen-signaling-pathway-string,0.427
KRT24,KRT9,9606.ENSP00000264651,9606.ENSP00000246662,estrogen-signaling-pathway-string,0.414
KRT24,KRT31,9606.ENSP00000264651,9606.ENSP00000251645,estrogen-signaling-pathway-string,0.445
KRT24,KRT33B,9606.ENSP00000264651,9606.ENSP00000251646,estrogen-signaling-pathway-string,0.412
KRT24,KRT35,9606.ENSP00000264651,9606.ENSP00000377558,estrogen-signaling-pathway-string,0.416
KRT24,KRT28,9606.ENSP00000264651,9606.ENSP00000305263,estrogen-signaling-pathway-string,0.422
KRT24,KRT25,9606.ENSP00000264651,9606.ENSP00000310573,estrogen-signaling-pathway-string,0.426
KRT24,KRT26,9606.ENSP00000264651,9606.ENSP00000334798,estrogen-signaling-pathway-string,0.429
KRT24,KRT39,9606.ENSP00000264651,9606.ENSP00000347823,estrogen-signaling-pathway-string,0.431
KRT24,KRT34,9606.ENSP00000264651,9606.ENSP00000377570,estrogen-signaling-pathway-string,0.431
KRT24,KRT40,9606.ENSP00000264651,9606.ENSP00000366984,estrogen-signaling-pathway-string,0.45
KRT24,KRT27,9606.ENSP00000264651,9606.ENSP00000301656,estrogen-signaling-pathway-string,0.462
KRT24,KRT36,9606.ENSP00000264651,9606.ENSP00000329165,estrogen-signaling-pathway-string,0.464
KRT25,KRT33A,9606.ENSP00000310573,9606.ENSP00000007735,estrogen-signaling-pathway-string,0.539
KRT25,KRT37,9606.ENSP00000310573,9606.ENSP00000225550,estrogen-signaling-pathway-string,0.487
KRT25,KRT32,9606.ENSP00000310573,9606.ENSP00000225899,estrogen-signaling-pathway-string,0.506
KRT25,KRT38,9606.ENSP00000310573,9606.ENSP00000246646,estrogen-signaling-pathway-string,0.522
KRT25,KRT9,9606.ENSP00000310573,9606.ENSP00000246662,estrogen-signaling-pathway-string,0.443
KRT25,KRT31,9606.ENSP00000310573,9606.ENSP00000251645,estrogen-signaling-pathway-string,0.549
KRT25,KRT33B,9606.ENSP00000310573,9606.ENSP00000251646,estrogen-signaling-pathway-string,0.592
KRT25,KRT27,9606.ENSP00000310573,9606.ENSP00000301656,estrogen-signaling-pathway-string,0.879
KRT25,KRT28,9606.ENSP00000310573,9606.ENSP00000305263,estrogen-signaling-pathway-string,0.582
KRT25,KRT39,9606.ENSP00000310573,9606.ENSP00000347823,estrogen-signaling-pathway-string,0.472
KRT25,KRT26,9606.ENSP00000310573,9606.ENSP00000334798,estrogen-signaling-pathway-string,0.479
KRT25,KRT36,9606.ENSP00000310573,9606.ENSP00000329165,estrogen-signaling-pathway-string,0.484
KRT25,KRT40,9606.ENSP00000310573,9606.ENSP00000366984,estrogen-signaling-pathway-string,0.505
KRT25,KRT34,9606.ENSP00000310573,9606.ENSP00000377570,estrogen-signaling-pathway-string,0.559
KRT25,KRT35,9606.ENSP00000310573,9606.ENSP00000377558,estrogen-signaling-pathway-string,0.72
KRT26,KRT33A,9606.ENSP00000334798,9606.ENSP00000007735,estrogen-signaling-pathway-string,0.484
KRT26,KRT37,9606.ENSP00000334798,9606.ENSP00000225550,estrogen-signaling-pathway-string,0.505
KRT26,KRT32,9606.ENSP00000334798,9606.ENSP00000225899,estrogen-signaling-pathway-string,0.477
KRT26,KRT38,9606.ENSP00000334798,9606.ENSP00000246646,estrogen-signaling-pathway-string,0.519
KRT26,KRT9,9606.ENSP00000334798,9606.ENSP00000246662,estrogen-signaling-pathway-string,0.438
KRT26,KRT31,9606.ENSP00000334798,9606.ENSP00000251645,estrogen-signaling-pathway-string,0.503
KRT26,KRT33B,9606.ENSP00000334798,9606.ENSP00000251646,estrogen-signaling-pathway-string,0.476
KRT26,KRT27,9606.ENSP00000334798,9606.ENSP00000301656,estrogen-signaling-pathway-string,0.599
KRT26,KRT28,9606.ENSP00000334798,9606.ENSP00000305263,estrogen-signaling-pathway-string,0.484
KRT26,KRT36,9606.ENSP00000334798,9606.ENSP00000329165,estrogen-signaling-pathway-string,0.488
KRT26,KRT34,9606.ENSP00000334798,9606.ENSP00000377570,estrogen-signaling-pathway-string,0.493
KRT26,KRT40,9606.ENSP00000334798,9606.ENSP00000366984,estrogen-signaling-pathway-string,0.5
KRT26,KRT35,9606.ENSP00000334798,9606.ENSP00000377558,estrogen-signaling-pathway-string,0.509
KRT26,KRT39,9606.ENSP00000334798,9606.ENSP00000347823,estrogen-signaling-pathway-string,0.514
KRT27,KRT33A,9606.ENSP00000301656,9606.ENSP00000007735,estrogen-signaling-pathway-string,0.624
KRT27,KRT37,9606.ENSP00000301656,9606.ENSP00000225550,estrogen-signaling-pathway-string,0.493
KRT27,KRT32,9606.ENSP00000301656,9606.ENSP00000225899,estrogen-signaling-pathway-string,0.561
KRT27,KRT38,9606.ENSP00000301656,9606.ENSP00000246646,estrogen-signaling-pathway-string,0.538
KRT27,KRT9,9606.ENSP00000301656,9606.ENSP00000246662,estrogen-signaling-pathway-string,0.436
KRT27,KRT31,9606.ENSP00000301656,9606.ENSP00000251645,estrogen-signaling-pathway-string,0.597
KRT27,KRT33B,9606.ENSP00000301656,9606.ENSP00000251646,estrogen-signaling-pathway-string,0.672
KRT27,KRT39,9606.ENSP00000301656,9606.ENSP00000347823,estrogen-signaling-pathway-string,0.479
KRT27,KRT36,9606.ENSP00000301656,9606.ENSP00000329165,estrogen-signaling-pathway-string,0.494
KRT27,KRT28,9606.ENSP00000301656,9606.ENSP00000305263,estrogen-signaling-pathway-string,0.501
KRT27,KRT40,9606.ENSP00000301656,9606.ENSP00000366984,estrogen-signaling-pathway-string,0.554
KRT27,KRT34,9606.ENSP00000301656,9606.ENSP00000377570,estrogen-signaling-pathway-string,0.636
KRT27,KRT35,9606.ENSP00000301656,9606.ENSP00000377558,estrogen-signaling-pathway-string,0.855
KRT28,KRT33A,9606.ENSP00000305263,9606.ENSP00000007735,estrogen-signaling-pathway-string,0.49
KRT28,KRT37,9606.ENSP00000305263,9606.ENSP00000225550,estrogen-signaling-pathway-string,0.481
KRT28,KRT32,9606.ENSP00000305263,9606.ENSP00000225899,estrogen-signaling-pathway-string,0.447
KRT28,KRT38,9606.ENSP00000305263,9606.ENSP00000246646,estrogen-signaling-pathway-string,0.506
KRT28,KRT9,9606.ENSP00000305263,9606.ENSP00000246662,estrogen-signaling-pathway-string,0.433
KRT28,KRT31,9606.ENSP00000305263,9606.ENSP00000251645,estrogen-signaling-pathway-string,0.489
KRT28,KRT33B,9606.ENSP00000305263,9606.ENSP00000251646,estrogen-signaling-pathway-string,0.47
KRT28,KRT34,9606.ENSP00000305263,9606.ENSP00000377570,estrogen-signaling-pathway-string,0.462
KRT28,KRT36,9606.ENSP00000305263,9606.ENSP00000329165,estrogen-signaling-pathway-string,0.472
KRT28,KRT40,9606.ENSP00000305263,9606.ENSP00000366984,estrogen-signaling-pathway-string,0.482
KRT28,KRT39,9606.ENSP00000305263,9606.ENSP00000347823,estrogen-signaling-pathway-string,0.483
KRT28,KRT35,9606.ENSP00000305263,9606.ENSP00000377558,estrogen-signaling-pathway-string,0.495
KRT31,KRT33A,9606.ENSP00000251645,9606.ENSP00000007735,estrogen-signaling-pathway-string,0.776
KRT31,KRT37,9606.ENSP00000251645,9606.ENSP00000225550,estrogen-signaling-pathway-string,0.473
KRT31,KRT32,9606.ENSP00000251645,9606.ENSP00000225899,estrogen-signaling-pathway-string,0.51
KRT31,KRT38,9606.ENSP00000251645,9606.ENSP00000246646,estrogen-signaling-pathway-string,0.481
KRT31,KRT9,9606.ENSP00000251645,9606.ENSP00000246662,estrogen-signaling-pathway-string,0.468
KRT31,KRT39,9606.ENSP00000251645,9606.ENSP00000347823,estrogen-signaling-pathway-string,0.415
KRT31,KRT40,9606.ENSP00000251645,9606.ENSP00000366984,estrogen-signaling-pathway-string,0.439
KRT31,KRT36,9606.ENSP00000251645,9606.ENSP00000329165,estrogen-signaling-pathway-string,0.473
KRT31,KRT34,9606.ENSP00000251645,9606.ENSP00000377570,estrogen-signaling-pathway-string,0.527
KRT31,KRT33B,9606.ENSP00000251645,9606.ENSP00000251646,estrogen-signaling-pathway-string,0.545
KRT31,KRT35,9606.ENSP00000251645,9606.ENSP00000377558,estrogen-signaling-pathway-string,0.577
KRT32,KRT33A,9606.ENSP00000225899,9606.ENSP00000007735,estrogen-signaling-pathway-string,0.485
KRT32,KRT37,9606.ENSP00000225899,9606.ENSP00000225550,estrogen-signaling-pathway-string,0.551
KRT32,KRT39,9606.ENSP00000225899,9606.ENSP00000347823,estrogen-signaling-pathway-string,0.431
KRT32,KRT40,9606.ENSP00000225899,9606.ENSP00000366984,estrogen-signaling-pathway-string,0.441
KRT32,KRT36,9606.ENSP00000225899,9606.ENSP00000329165,estrogen-signaling-pathway-string,0.462
KRT32,KRT34,9606.ENSP00000225899,9606.ENSP00000377570,estrogen-signaling-pathway-string,0.49
KRT32,KRT9,9606.ENSP00000225899,9606.ENSP00000246662,estrogen-signaling-pathway-string,0.558
KRT32,KRT38,9606.ENSP00000225899,9606.ENSP00000246646,estrogen-signaling-pathway-string,0.558
KRT32,KRT33B,9606.ENSP00000225899,9606.ENSP00000251646,estrogen-signaling-pathway-string,0.605
KRT32,KRT35,9606.ENSP00000225899,9606.ENSP00000377558,estrogen-signaling-pathway-string,0.778
KRT33A,KRT39,9606.ENSP00000007735,9606.ENSP00000347823,estrogen-signaling-pathway-string,0.418
KRT33A,KRT40,9606.ENSP00000007735,9606.ENSP00000366984,estrogen-signaling-pathway-string,0.439
KRT33A,KRT9,9606.ENSP00000007735,9606.ENSP00000246662,estrogen-signaling-pathway-string,0.439
KRT33A,KRT37,9606.ENSP00000007735,9606.ENSP00000225550,estrogen-signaling-pathway-string,0.445
KRT33A,KRT38,9606.ENSP00000007735,9606.ENSP00000246646,estrogen-signaling-pathway-string,0.485
KRT33A,KRT36,9606.ENSP00000007735,9606.ENSP00000329165,estrogen-signaling-pathway-string,0.509
KRT33A,KRT35,9606.ENSP00000007735,9606.ENSP00000377558,estrogen-signaling-pathway-string,0.656
KRT33A,KRT34,9606.ENSP00000007735,9606.ENSP00000377570,estrogen-signaling-pathway-string,0.707
KRT33A,KRT33B,9606.ENSP00000007735,9606.ENSP00000251646,estrogen-signaling-pathway-string,0.711
KRT33B,KRT37,9606.ENSP00000251646,9606.ENSP00000225550,estrogen-signaling-pathway-string,0.542
KRT33B,KRT38,9606.ENSP00000251646,9606.ENSP00000246646,estrogen-signaling-pathway-string,0.703
KRT33B,KRT9,9606.ENSP00000251646,9606.ENSP00000246662,estrogen-signaling-pathway-string,0.443
KRT33B,KRT39,9606.ENSP00000251646,9606.ENSP00000347823,estrogen-signaling-pathway-string,0.42
KRT33B,KRT40,9606.ENSP00000251646,9606.ENSP00000366984,estrogen-signaling-pathway-string,0.439
KRT33B,KRT36,9606.ENSP00000251646,9606.ENSP00000329165,estrogen-signaling-pathway-string,0.528
KRT33B,KRT35,9606.ENSP00000251646,9606.ENSP00000377558,estrogen-signaling-pathway-string,0.722
KRT33B,KRT34,9606.ENSP00000251646,9606.ENSP00000377570,estrogen-signaling-pathway-string,0.855
KRT34,KRT37,9606.ENSP00000377570,9606.ENSP00000225550,estrogen-signaling-pathway-string,0.465
KRT34,KRT38,9606.ENSP00000377570,9606.ENSP00000246646,estrogen-signaling-pathway-string,0.525
KRT34,KRT9,9606.ENSP00000377570,9606.ENSP00000246662,estrogen-signaling-pathway-string,0.433
KRT34,KRT36,9606.ENSP00000377570,9606.ENSP00000329165,estrogen-signaling-pathway-string,0.486
KRT34,KRT39,9606.ENSP00000377570,9606.ENSP00000347823,estrogen-signaling-pathway-string,0.423
KRT34,KRT40,9606.ENSP00000377570,9606.ENSP00000366984,estrogen-signaling-pathway-string,0.424
KRT34,KRT35,9606.ENSP00000377570,9606.ENSP00000377558,estrogen-signaling-pathway-string,0.581
KRT35,KRT37,9606.ENSP00000377558,9606.ENSP00000225550,estrogen-signaling-pathway-string,0.483
KRT35,KRT38,9606.ENSP00000377558,9606.ENSP00000246646,estrogen-signaling-pathway-string,0.691
KRT35,KRT9,9606.ENSP00000377558,9606.ENSP00000246662,estrogen-signaling-pathway-string,0.432
KRT35,KRT36,9606.ENSP00000377558,9606.ENSP00000329165,estrogen-signaling-pathway-string,0.499
KRT35,KRT39,9606.ENSP00000377558,9606.ENSP00000347823,estrogen-signaling-pathway-string,0.426
KRT35,KRT40,9606.ENSP00000377558,9606.ENSP00000366984,estrogen-signaling-pathway-string,0.476
KRT36,KRT37,9606.ENSP00000329165,9606.ENSP00000225550,estrogen-signaling-pathway-string,0.48
KRT36,KRT38,9606.ENSP00000329165,9606.ENSP00000246646,estrogen-signaling-pathway-string,0.497
KRT36,KRT9,9606.ENSP00000329165,9606.ENSP00000246662,estrogen-signaling-pathway-string,0.438
KRT36,KRT39,9606.ENSP00000329165,9606.ENSP00000347823,estrogen-signaling-pathway-string,0.45
KRT36,KRT40,9606.ENSP00000329165,9606.ENSP00000366984,estrogen-signaling-pathway-string,0.466
KRT37,KRT9,9606.ENSP00000225550,9606.ENSP00000246662,estrogen-signaling-pathway-string,0.416
KRT37,KRT40,9606.ENSP00000225550,9606.ENSP00000366984,estrogen-signaling-pathway-string,0.434
KRT37,KRT39,9606.ENSP00000225550,9606.ENSP00000347823,estrogen-signaling-pathway-string,0.441
KRT37,KRT38,9606.ENSP00000225550,9606.ENSP00000246646,estrogen-signaling-pathway-string,0.552
KRT38,KRT9,9606.ENSP00000246646,9606.ENSP00000246662,estrogen-signaling-pathway-string,0.429
KRT38,KRT39,9606.ENSP00000246646,9606.ENSP00000347823,estrogen-signaling-pathway-string,0.44
KRT38,KRT40,9606.ENSP00000246646,9606.ENSP00000366984,estrogen-signaling-pathway-string,0.471
KRT39,KRT9,9606.ENSP00000347823,9606.ENSP00000246662,estrogen-signaling-pathway-string,0.401
KRT39,KRT40,9606.ENSP00000347823,9606.ENSP00000366984,estrogen-signaling-pathway-string,0.464
KRT40,KRT9,9606.ENSP00000366984,9606.ENSP00000246662,estrogen-signaling-pathway-string,0.43
MAP2K1,MAPK1,9606.ENSP00000302486,9606.ENSP00000215832,estrogen-signaling-pathway-string,0.999
MAP2K1,SOS2,9606.ENSP00000302486,9606.ENSP00000216373,estrogen-signaling-pathway-string,0.651
MAP2K1,MAP2K2,9606.ENSP00000302486,9606.ENSP00000262948,estrogen-signaling-pathway-string,0.996
MAP2K1,MAPK3,9606.ENSP00000302486,9606.ENSP00000263025,estrogen-signaling-pathway-string,0.999
MAP2K1,PIK3CA,9606.ENSP00000302486,9606.ENSP00000263967,estrogen-signaling-pathway-string,0.844
MAP2K1,PGR,9606.ENSP00000302486,9606.ENSP00000325120,estrogen-signaling-pathway-string,0.476
MAP2K1,SRC,9606.ENSP00000302486,9606.ENSP00000362680,estrogen-signaling-pathway-string,0.794
MAP2K1,SOS1,9606.ENSP00000302486,9606.ENSP00000384675,estrogen-signaling-pathway-string,0.827
MAP2K1,PRKCD,9606.ENSP00000302486,9606.ENSP00000331602,estrogen-signaling-pathway-string,0.925
MAP2K1,PRKACB,9606.ENSP00000302486,9606.ENSP00000359719,estrogen-signaling-pathway-string,0.925
MAP2K1,PRKACA,9606.ENSP00000302486,9606.ENSP00000309591,estrogen-signaling-pathway-string,0.929
MAP2K1,PRKACG,9606.ENSP00000302486,9606.ENSP00000366488,estrogen-signaling-pathway-string,0.929
MAP2K1,NRAS,9606.ENSP00000302486,9606.ENSP00000358548,estrogen-signaling-pathway-string,0.983
MAP2K1,RAF1,9606.ENSP00000302486,9606.ENSP00000401888,estrogen-signaling-pathway-string,0.999
MAP2K2,MAPK1,9606.ENSP00000262948,9606.ENSP00000215832,estrogen-signaling-pathway-string,0.999
MAP2K2,SOS2,9606.ENSP00000262948,9606.ENSP00000216373,estrogen-signaling-pathway-string,0.535
MAP2K2,SRC,9606.ENSP00000262948,9606.ENSP00000362680,estrogen-signaling-pathway-string,0.716
MAP2K2,SOS1,9606.ENSP00000262948,9606.ENSP00000384675,estrogen-signaling-pathway-string,0.792
MAP2K2,PRKACB,9606.ENSP00000262948,9606.ENSP00000359719,estrogen-signaling-pathway-string,0.914
MAP2K2,PRKACA,9606.ENSP00000262948,9606.ENSP00000309591,estrogen-signaling-pathway-string,0.915
MAP2K2,PRKACG,9606.ENSP00000262948,9606.ENSP00000366488,estrogen-signaling-pathway-string,0.918
MAP2K2,PRKCD,9606.ENSP00000262948,9606.ENSP00000331602,estrogen-signaling-pathway-string,0.924
MAP2K2,NRAS,9606.ENSP00000262948,9606.ENSP00000358548,estrogen-signaling-pathway-string,0.968
MAP2K2,MAPK3,9606.ENSP00000262948,9606.ENSP00000263025,estrogen-signaling-pathway-string,0.99
MAP2K2,RAF1,9606.ENSP00000262948,9606.ENSP00000401888,estrogen-signaling-pathway-string,0.996
MAPK1,RARA,9606.ENSP00000215832,9606.ENSP00000254066,estrogen-signaling-pathway-string,0.444
MAPK1,SOS2,9606.ENSP00000215832,9606.ENSP00000216373,estrogen-signaling-pathway-string,0.524
MAPK1,NCOA3,9606.ENSP00000215832,9606.ENSP00000361066,estrogen-signaling-pathway-string,0.608
MAPK1,PGR,9606.ENSP00000215832,9606.ENSP00000325120,estrogen-signaling-pathway-string,0.662
MAPK1,SOS1,9606.ENSP00000215832,9606.ENSP00000384675,estrogen-signaling-pathway-string,0.772
MAPK1,PRKACG,9606.ENSP00000215832,9606.ENSP00000366488,estrogen-signaling-pathway-string,0.927
MAPK1,PRKACA,9606.ENSP00000215832,9606.ENSP00000309591,estrogen-signaling-pathway-string,0.929
MAPK1,PRKCD,9606.ENSP00000215832,9606.ENSP00000331602,estrogen-signaling-pathway-string,0.929
MAPK1,PRKACB,9606.ENSP00000215832,9606.ENSP00000359719,estrogen-signaling-pathway-string,0.929
MAPK1,SRC,9606.ENSP00000215832,9606.ENSP00000362680,estrogen-signaling-pathway-string,0.932
MAPK1,NRAS,9606.ENSP00000215832,9606.ENSP00000358548,estrogen-signaling-pathway-string,0.959
MAPK1,SHC1,9606.ENSP00000215832,9606.ENSP00000401303,estrogen-signaling-pathway-string,0.962
MAPK1,SP1,9606.ENSP00000215832,9606.ENSP00000329357,estrogen-signaling-pathway-string,0.969
MAPK1,RAF1,9606.ENSP00000215832,9606.ENSP00000401888,estrogen-signaling-pathway-string,0.975
MAPK1,MAPK3,9606.ENSP00000215832,9606.ENSP00000263025,estrogen-signaling-pathway-string,0.994
MAPK3,SOS2,9606.ENSP00000263025,9606.ENSP00000216373,estrogen-signaling-pathway-string,0.505
MAPK3,SHC1,9606.ENSP00000263025,9606.ENSP00000401303,estrogen-signaling-pathway-string,0.78
MAPK3,SOS1,9606.ENSP00000263025,9606.ENSP00000384675,estrogen-signaling-pathway-string,0.814
MAPK3,PRKCD,9606.ENSP00000263025,9606.ENSP00000331602,estrogen-signaling-pathway-string,0.935
MAPK3,SRC,9606.ENSP00000263025,9606.ENSP00000362680,estrogen-signaling-pathway-string,0.944
MAPK3,PRKACG,9606.ENSP00000263025,9606.ENSP00000366488,estrogen-signaling-pathway-string,0.957
MAPK3,PRKACB,9606.ENSP00000263025,9606.ENSP00000359719,estrogen-signaling-pathway-string,0.958
MAPK3,PRKACA,9606.ENSP00000263025,9606.ENSP00000309591,estrogen-signaling-pathway-string,0.959
MAPK3,RAF1,9606.ENSP00000263025,9606.ENSP00000401888,estrogen-signaling-pathway-string,0.962
MAPK3,NRAS,9606.ENSP00000263025,9606.ENSP00000358548,estrogen-signaling-pathway-string,0.97
MAPK3,SP1,9606.ENSP00000263025,9606.ENSP00000329357,estrogen-signaling-pathway-string,0.972
MMP2,POMC,9606.ENSP00000219070,9606.ENSP00000384092,estrogen-signaling-pathway-string,0.529
MMP2,SP1,9606.ENSP00000219070,9606.ENSP00000329357,estrogen-signaling-pathway-string,0.57
MMP2,MMP9,9606.ENSP00000219070,9606.ENSP00000361405,estrogen-signaling-pathway-string,0.918
MMP2,SRC,9606.ENSP00000219070,9606.ENSP00000362680,estrogen-signaling-pathway-string,0.972
MMP9,POMC,9606.ENSP00000361405,9606.ENSP00000384092,estrogen-signaling-pathway-string,0.573
MMP9,SRC,9606.ENSP00000361405,9606.ENSP00000362680,estrogen-signaling-pathway-string,0.97
NCOA1,RARA,9606.ENSP00000385216,9606.ENSP00000254066,estrogen-signaling-pathway-string,0.996
NCOA1,TFF1,9606.ENSP00000385216,9606.ENSP00000291527,estrogen-signaling-pathway-string,0.554
NCOA1,PGR,9606.ENSP00000385216,9606.ENSP00000325120,estrogen-signaling-pathway-string,0.997
NCOA1,SP1,9606.ENSP00000385216,9606.ENSP00000329357,estrogen-signaling-pathway-string,0.848
NCOA1,NCOA3,9606.ENSP00000385216,9606.ENSP00000361066,estrogen-signaling-pathway-string,0.994
NCOA1,SRC,9606.ENSP00000385216,9606.ENSP00000362680,estrogen-signaling-pathway-string,0.672
NCOA1,TGFA,9606.ENSP00000385216,9606.ENSP00000404131,estrogen-signaling-pathway-string,0.44
NCOA1,NCOA2,9606.ENSP00000385216,9606.ENSP00000399968,estrogen-signaling-pathway-string,0.997
NCOA2,RARA,9606.ENSP00000399968,9606.ENSP00000254066,estrogen-signaling-pathway-string,0.992
NCOA2,PGR,9606.ENSP00000399968,9606.ENSP00000325120,estrogen-signaling-pathway-string,0.911
NCOA2,SP1,9606.ENSP00000399968,9606.ENSP00000329357,estrogen-signaling-pathway-string,0.638
NCOA2,NCOA3,9606.ENSP00000399968,9606.ENSP00000361066,estrogen-signaling-pathway-string,0.997
NCOA2,SRC,9606.ENSP00000399968,9606.ENSP00000362680,estrogen-signaling-pathway-string,0.427
NCOA3,RARA,9606.ENSP00000361066,9606.ENSP00000254066,estrogen-signaling-pathway-string,0.948
NCOA3,TFF1,9606.ENSP00000361066,9606.ENSP00000291527,estrogen-signaling-pathway-string,0.809
NCOA3,PRKACA,9606.ENSP00000361066,9606.ENSP00000309591,estrogen-signaling-pathway-string,0.919
NCOA3,PGR,9606.ENSP00000361066,9606.ENSP00000325120,estrogen-signaling-pathway-string,0.986
NCOA3,SP1,9606.ENSP00000361066,9606.ENSP00000329357,estrogen-signaling-pathway-string,0.931
NCOA3,PRKACB,9606.ENSP00000361066,9606.ENSP00000359719,estrogen-signaling-pathway-string,0.919
NCOA3,TGFA,9606.ENSP00000361066,9606.ENSP00000404131,estrogen-signaling-pathway-string,0.514
NCOA3,PRKACG,9606.ENSP00000361066,9606.ENSP00000366488,estrogen-signaling-pathway-string,0.919
NCOA3,SRC,9606.ENSP00000361066,9606.ENSP00000362680,estrogen-signaling-pathway-string,0.975
NOS3,SRC,9606.ENSP00000297494,9606.ENSP00000362680,estrogen-signaling-pathway-string,0.586
NOS3,PRKACB,9606.ENSP00000297494,9606.ENSP00000359719,estrogen-signaling-pathway-string,0.597
NOS3,PRKACA,9606.ENSP00000297494,9606.ENSP00000309591,estrogen-signaling-pathway-string,0.598
NOS3,PRKACG,9606.ENSP00000297494,9606.ENSP00000366488,estrogen-signaling-pathway-string,0.599
NRAS,SOS2,9606.ENSP00000358548,9606.ENSP00000216373,estrogen-signaling-pathway-string,0.966
NRAS,PIK3R2,9606.ENSP00000358548,9606.ENSP00000222254,estrogen-signaling-pathway-string,0.933
NRAS,RARA,9606.ENSP00000358548,9606.ENSP00000254066,estrogen-signaling-pathway-string,0.453
NRAS,PIK3R3,9606.ENSP00000358548,9606.ENSP00000262741,estrogen-signaling-pathway-string,0.923
NRAS,PIK3CA,9606.ENSP00000358548,9606.ENSP00000263967,estrogen-signaling-pathway-string,0.995
NRAS,SHC2,9606.ENSP00000358548,9606.ENSP00000264554,estrogen-signaling-pathway-string,0.557
NRAS,PRKCD,9606.ENSP00000358548,9606.ENSP00000331602,estrogen-signaling-pathway-string,0.667
NRAS,SHC3,9606.ENSP00000358548,9606.ENSP00000364995,estrogen-signaling-pathway-string,0.543
NRAS,TGFA,9606.ENSP00000358548,9606.ENSP00000404131,estrogen-signaling-pathway-string,0.643
NRAS,SHC1,9606.ENSP00000358548,9606.ENSP00000401303,estrogen-signaling-pathway-string,0.691
NRAS,PIK3CB,9606.ENSP00000358548,9606.ENSP00000501150,estrogen-signaling-pathway-string,0.947
NRAS,PIK3CD,9606.ENSP00000358548,9606.ENSP00000366563,estrogen-signaling-pathway-string,0.954
NRAS,PIK3R1,9606.ENSP00000358548,9606.ENSP00000428056,estrogen-signaling-pathway-string,0.956
NRAS,SRC,9606.ENSP00000358548,9606.ENSP00000362680,estrogen-signaling-pathway-string,0.97
NRAS,SOS1,9606.ENSP00000358548,9606.ENSP00000384675,estrogen-signaling-pathway-string,0.992
NRAS,RAF1,9606.ENSP00000358548,9606.ENSP00000401888,estrogen-signaling-pathway-string,0.999
OPRM1,SRC,9606.ENSP00000394624,9606.ENSP00000362680,estrogen-signaling-pathway-string,0.654
OPRM1,POMC,9606.ENSP00000394624,9606.ENSP00000384092,estrogen-signaling-pathway-string,0.999
PGR,PIK3R2,9606.ENSP00000325120,9606.ENSP00000222254,estrogen-signaling-pathway-string,0.912
PGR,PIK3R3,9606.ENSP00000325120,9606.ENSP00000262741,estrogen-signaling-pathway-string,0.911
PGR,PIK3CA,9606.ENSP00000325120,9606.ENSP00000263967,estrogen-signaling-pathway-string,0.961
PGR,PRKACA,9606.ENSP00000325120,9606.ENSP00000309591,estrogen-signaling-pathway-string,0.937
PGR,SP1,9606.ENSP00000325120,9606.ENSP00000329357,estrogen-signaling-pathway-string,0.663
PGR,PIK3CD,9606.ENSP00000325120,9606.ENSP00000366563,estrogen-signaling-pathway-string,0.911
PGR,PIK3CB,9606.ENSP00000325120,9606.ENSP00000501150,estrogen-signaling-pathway-string,0.92
PGR,PIK3R1,9606.ENSP00000325120,9606.ENSP00000428056,estrogen-signaling-pathway-string,0.931
PGR,PRKACB,9606.ENSP00000325120,9606.ENSP00000359719,estrogen-signaling-pathway-string,0.937
PGR,SRC,9606.ENSP00000325120,9606.ENSP00000362680,estrogen-signaling-pathway-string,0.937
PGR,PRKACG,9606.ENSP00000325120,9606.ENSP00000366488,estrogen-signaling-pathway-string,0.937
PIK3CA,PIK3R2,9606.ENSP00000263967,9606.ENSP00000222254,estrogen-signaling-pathway-string,0.999
PIK3CA,PLCB2,9606.ENSP00000263967,9606.ENSP00000260402,estrogen-signaling-pathway-string,0.688
PIK3CA,PIK3R3,9606.ENSP00000263967,9606.ENSP00000262741,estrogen-signaling-pathway-string,0.999
PIK3CA,TGFA,9606.ENSP00000263967,9606.ENSP00000404131,estrogen-signaling-pathway-string,0.6
PIK3CA,SHC1,9606.ENSP00000263967,9606.ENSP00000401303,estrogen-signaling-pathway-string,0.637
PIK3CA,PLCB4,9606.ENSP00000263967,9606.ENSP00000367762,estrogen-signaling-pathway-string,0.703
PIK3CA,PLCB1,9606.ENSP00000263967,9606.ENSP00000338185,estrogen-signaling-pathway-string,0.704
PIK3CA,PLCB3,9606.ENSP00000263967,9606.ENSP00000443631,estrogen-signaling-pathway-string,0.705
PIK3CA,PRKCD,9606.ENSP00000263967,9606.ENSP00000331602,estrogen-signaling-pathway-string,0.918
PIK3CA,SOS1,9606.ENSP00000263967,9606.ENSP00000384675,estrogen-signaling-pathway-string,0.926
PIK3CA,RAF1,9606.ENSP00000263967,9606.ENSP00000401888,estrogen-signaling-pathway-string,0.972
PIK3CA,SRC,9606.ENSP00000263967,9606.ENSP00000362680,estrogen-signaling-pathway-string,0.984
PIK3CA,PIK3CD,9606.ENSP00000263967,9606.ENSP00000366563,estrogen-signaling-pathway-string,0.998
PIK3CA,PIK3CB,9606.ENSP00000263967,9606.ENSP00000501150,estrogen-signaling-pathway-string,0.998
PIK3CA,PIK3R1,9606.ENSP00000263967,9606.ENSP00000428056,estrogen-signaling-pathway-string,0.999
PIK3CB,PIK3R2,9606.ENSP00000501150,9606.ENSP00000222254,estrogen-signaling-pathway-string,0.999
PIK3CB,PLCB2,9606.ENSP00000501150,9606.ENSP00000260402,estrogen-signaling-pathway-string,0.708
PIK3CB,PIK3R3,9606.ENSP00000501150,9606.ENSP00000262741,estrogen-signaling-pathway-string,0.999
PIK3CB,PRKCD,9606.ENSP00000501150,9606.ENSP00000331602,estrogen-signaling-pathway-string,0.966
PIK3CB,PLCB1,9606.ENSP00000501150,9606.ENSP00000338185,estrogen-signaling-pathway-string,0.717
PIK3CB,SRC,9606.ENSP00000501150,9606.ENSP00000362680,estrogen-signaling-pathway-string,0.967
PIK3CB,PIK3CD,9606.ENSP00000501150,9606.ENSP00000366563,estrogen-signaling-pathway-string,0.998
PIK3CB,PLCB4,9606.ENSP00000501150,9606.ENSP00000367762,estrogen-signaling-pathway-string,0.67
PIK3CB,SOS1,9606.ENSP00000501150,9606.ENSP00000384675,estrogen-signaling-pathway-string,0.707
PIK3CB,SHC1,9606.ENSP00000501150,9606.ENSP00000401303,estrogen-signaling-pathway-string,0.631
PIK3CB,RAF1,9606.ENSP00000501150,9606.ENSP00000401888,estrogen-signaling-pathway-string,0.939
PIK3CB,PIK3R1,9606.ENSP00000501150,9606.ENSP00000428056,estrogen-signaling-pathway-string,0.999
PIK3CB,PLCB3,9606.ENSP00000501150,9606.ENSP00000443631,estrogen-signaling-pathway-string,0.702
PIK3CD,PIK3R2,9606.ENSP00000366563,9606.ENSP00000222254,estrogen-signaling-pathway-string,0.999
PIK3CD,PLCB2,9606.ENSP00000366563,9606.ENSP00000260402,estrogen-signaling-pathway-string,0.743
PIK3CD,PIK3R3,9606.ENSP00000366563,9606.ENSP00000262741,estrogen-signaling-pathway-string,0.999
PIK3CD,PRKCD,9606.ENSP00000366563,9606.ENSP00000331602,estrogen-signaling-pathway-string,0.923
PIK3CD,PLCB1,9606.ENSP00000366563,9606.ENSP00000338185,estrogen-signaling-pathway-string,0.683
PIK3CD,SRC,9606.ENSP00000366563,9606.ENSP00000362680,estrogen-signaling-pathway-string,0.967
PIK3CD,SHC1,9606.ENSP00000366563,9606.ENSP00000401303,estrogen-signaling-pathway-string,0.552
PIK3CD,SOS1,9606.ENSP00000366563,9606.ENSP00000384675,estrogen-signaling-pathway-string,0.632
PIK3CD,PLCB4,9606.ENSP00000366563,9606.ENSP00000367762,estrogen-signaling-pathway-string,0.66
PIK3CD,PLCB3,9606.ENSP00000366563,9606.ENSP00000443631,estrogen-signaling-pathway-string,0.702
PIK3CD,RAF1,9606.ENSP00000366563,9606.ENSP00000401888,estrogen-signaling-pathway-string,0.932
PIK3CD,PIK3R1,9606.ENSP00000366563,9606.ENSP00000428056,estrogen-signaling-pathway-string,0.999
PIK3R1,SOS2,9606.ENSP00000428056,9606.ENSP00000216373,estrogen-signaling-pathway-string,0.421
PIK3R1,PIK3R2,9606.ENSP00000428056,9606.ENSP00000222254,estrogen-signaling-pathway-string,0.999
PIK3R1,RARA,9606.ENSP00000428056,9606.ENSP00000254066,estrogen-signaling-pathway-string,0.641
PIK3R1,PLCB2,9606.ENSP00000428056,9606.ENSP00000260402,estrogen-signaling-pathway-string,0.687
PIK3R1,PIK3R3,9606.ENSP00000428056,9606.ENSP00000262741,estrogen-signaling-pathway-string,0.997
PIK3R1,PRKCD,9606.ENSP00000428056,9606.ENSP00000331602,estrogen-signaling-pathway-string,0.934
PIK3R1,PLCB1,9606.ENSP00000428056,9606.ENSP00000338185,estrogen-signaling-pathway-string,0.731
PIK3R1,SRC,9606.ENSP00000428056,9606.ENSP00000362680,estrogen-signaling-pathway-string,0.998
PIK3R1,SHC3,9606.ENSP00000428056,9606.ENSP00000364995,estrogen-signaling-pathway-string,0.416
PIK3R1,PLCB4,9606.ENSP00000428056,9606.ENSP00000367762,estrogen-signaling-pathway-string,0.694
PIK3R1,SOS1,9606.ENSP00000428056,9606.ENSP00000384675,estrogen-signaling-pathway-string,0.927
PIK3R1,SHC1,9606.ENSP00000428056,9606.ENSP00000401303,estrogen-signaling-pathway-string,0.971
PIK3R1,RAF1,9606.ENSP00000428056,9606.ENSP00000401888,estrogen-signaling-pathway-string,0.944
PIK3R1,TGFA,9606.ENSP00000428056,9606.ENSP00000404131,estrogen-signaling-pathway-string,0.498
PIK3R1,PLCB3,9606.ENSP00000428056,9606.ENSP00000443631,estrogen-signaling-pathway-string,0.669
PIK3R2,SOS1,9606.ENSP00000222254,9606.ENSP00000384675,estrogen-signaling-pathway-string,0.613
PIK3R2,PLCB2,9606.ENSP00000222254,9606.ENSP00000260402,estrogen-signaling-pathway-string,0.668
PIK3R2,PLCB3,9606.ENSP00000222254,9606.ENSP00000443631,estrogen-signaling-pathway-string,0.678
PIK3R2,PLCB4,9606.ENSP00000222254,9606.ENSP00000367762,estrogen-signaling-pathway-string,0.681
PIK3R2,PLCB1,9606.ENSP00000222254,9606.ENSP00000338185,estrogen-signaling-pathway-string,0.693
PIK3R2,SHC1,9606.ENSP00000222254,9606.ENSP00000401303,estrogen-signaling-pathway-string,0.731
PIK3R2,PRKCD,9606.ENSP00000222254,9606.ENSP00000331602,estrogen-signaling-pathway-string,0.916
PIK3R2,RAF1,9606.ENSP00000222254,9606.ENSP00000401888,estrogen-signaling-pathway-string,0.925
PIK3R2,SRC,9606.ENSP00000222254,9606.ENSP00000362680,estrogen-signaling-pathway-string,0.959
PIK3R2,PIK3R3,9606.ENSP00000222254,9606.ENSP00000262741,estrogen-signaling-pathway-string,0.999
PIK3R3,PLCB2,9606.ENSP00000262741,9606.ENSP00000260402,estrogen-signaling-pathway-string,0.674
PIK3R3,SHC1,9606.ENSP00000262741,9606.ENSP00000401303,estrogen-signaling-pathway-string,0.549
PIK3R3,PLCB3,9606.ENSP00000262741,9606.ENSP00000443631,estrogen-signaling-pathway-string,0.661
PIK3R3,PLCB4,9606.ENSP00000262741,9606.ENSP00000367762,estrogen-signaling-pathway-string,0.685
PIK3R3,PLCB1,9606.ENSP00000262741,9606.ENSP00000338185,estrogen-signaling-pathway-string,0.8
PIK3R3,RAF1,9606.ENSP00000262741,9606.ENSP00000401888,estrogen-signaling-pathway-string,0.913
PIK3R3,PRKCD,9606.ENSP00000262741,9606.ENSP00000331602,estrogen-signaling-pathway-string,0.915
PIK3R3,SRC,9606.ENSP00000262741,9606.ENSP00000362680,estrogen-signaling-pathway-string,0.961
PLCB1,PLCB2,9606.ENSP00000338185,9606.ENSP00000260402,estrogen-signaling-pathway-string,0.801
PLCB1,PRKCD,9606.ENSP00000338185,9606.ENSP00000331602,estrogen-signaling-pathway-string,0.916
PLCB1,PLCB4,9606.ENSP00000338185,9606.ENSP00000367762,estrogen-signaling-pathway-string,0.783
PLCB1,PLCB3,9606.ENSP00000338185,9606.ENSP00000443631,estrogen-signaling-pathway-string,0.854
PLCB2,PLCB4,9606.ENSP00000260402,9606.ENSP00000367762,estrogen-signaling-pathway-string,0.707
PLCB2,PLCB3,9606.ENSP00000260402,9606.ENSP00000443631,estrogen-signaling-pathway-string,0.835
PLCB2,PRKCD,9606.ENSP00000260402,9606.ENSP00000331602,estrogen-signaling-pathway-string,0.918
PLCB3,PRKCD,9606.ENSP00000443631,9606.ENSP00000331602,estrogen-signaling-pathway-string,0.922
PLCB3,PLCB4,9606.ENSP00000443631,9606.ENSP00000367762,estrogen-signaling-pathway-string,0.808
PLCB4,PRKCD,9606.ENSP00000367762,9606.ENSP00000331602,estrogen-signaling-pathway-string,0.917
POMC,SRC,9606.ENSP00000384092,9606.ENSP00000362680,estrogen-signaling-pathway-string,0.66
PRKACA,RAF1,9606.ENSP00000309591,9606.ENSP00000401888,estrogen-signaling-pathway-string,0.923
PRKACA,SP1,9606.ENSP00000309591,9606.ENSP00000329357,estrogen-signaling-pathway-string,0.937
PRKACA,PRKACG,9606.ENSP00000309591,9606.ENSP00000366488,estrogen-signaling-pathway-string,0.965
PRKACA,PRKACB,9606.ENSP00000309591,9606.ENSP00000359719,estrogen-signaling-pathway-string,0.987
PRKACB,SP1,9606.ENSP00000359719,9606.ENSP00000329357,estrogen-signaling-pathway-string,0.935
PRKACB,RAF1,9606.ENSP00000359719,9606.ENSP00000401888,estrogen-signaling-pathway-string,0.923
PRKACB,PRKACG,9606.ENSP00000359719,9606.ENSP00000366488,estrogen-signaling-pathway-string,0.968
PRKACG,SP1,9606.ENSP00000366488,9606.ENSP00000329357,estrogen-signaling-pathway-string,0.935
PRKACG,RAF1,9606.ENSP00000366488,9606.ENSP00000401888,estrogen-signaling-pathway-string,0.923
PRKCD,SP1,9606.ENSP00000331602,9606.ENSP00000329357,estrogen-signaling-pathway-string,0.678
PRKCD,RAF1,9606.ENSP00000331602,9606.ENSP00000401888,estrogen-signaling-pathway-string,0.912
PRKCD,SHC1,9606.ENSP00000331602,9606.ENSP00000401303,estrogen-signaling-pathway-string,0.924
PRKCD,SRC,9606.ENSP00000331602,9606.ENSP00000362680,estrogen-signaling-pathway-string,0.983
RAF1,SOS2,9606.ENSP00000401888,9606.ENSP00000216373,estrogen-signaling-pathway-string,0.64
RAF1,SRC,9606.ENSP00000401888,9606.ENSP00000362680,estrogen-signaling-pathway-string,0.954
RAF1,SOS1,9606.ENSP00000401888,9606.ENSP00000384675,estrogen-signaling-pathway-string,0.812
RAF1,SHC1,9606.ENSP00000401888,9606.ENSP00000401303,estrogen-signaling-pathway-string,0.533
RARA,SRC,9606.ENSP00000254066,9606.ENSP00000362680,estrogen-signaling-pathway-string,0.631
RARA,SP1,9606.ENSP00000254066,9606.ENSP00000329357,estrogen-signaling-pathway-string,0.729
SHC1,SOS2,9606.ENSP00000401303,9606.ENSP00000216373,estrogen-signaling-pathway-string,0.999
SHC1,SHC2,9606.ENSP00000401303,9606.ENSP00000264554,estrogen-signaling-pathway-string,0.565
SHC1,SRC,9606.ENSP00000401303,9606.ENSP00000362680,estrogen-signaling-pathway-string,0.999
SHC1,SHC3,9606.ENSP00000401303,9606.ENSP00000364995,estrogen-signaling-pathway-string,0.584
SHC1,SOS1,9606.ENSP00000401303,9606.ENSP00000384675,estrogen-signaling-pathway-string,0.999
SHC1,TGFA,9606.ENSP00000401303,9606.ENSP00000404131,estrogen-signaling-pathway-string,0.635
SHC2,SOS2,9606.ENSP00000264554,9606.ENSP00000216373,estrogen-signaling-pathway-string,0.921
SHC2,SHC3,9606.ENSP00000264554,9606.ENSP00000364995,estrogen-signaling-pathway-string,0.506
SHC2,SOS1,9606.ENSP00000264554,9606.ENSP00000384675,estrogen-signaling-pathway-string,0.923
SHC2,SRC,9606.ENSP00000264554,9606.ENSP00000362680,estrogen-signaling-pathway-string,0.961
SHC3,SOS2,9606.ENSP00000364995,9606.ENSP00000216373,estrogen-signaling-pathway-string,0.931
SHC3,SHC4,9606.ENSP00000364995,9606.ENSP00000329668,estrogen-signaling-pathway-string,0.526
SHC3,SRC,9606.ENSP00000364995,9606.ENSP00000362680,estrogen-signaling-pathway-string,0.963
SHC3,SOS1,9606.ENSP00000364995,9606.ENSP00000384675,estrogen-signaling-pathway-string,0.959
SHC4,SOS2,9606.ENSP00000329668,9606.ENSP00000216373,estrogen-signaling-pathway-string,0.915
SHC4,SOS1,9606.ENSP00000329668,9606.ENSP00000384675,estrogen-signaling-pathway-string,0.921
SHC4,SRC,9606.ENSP00000329668,9606.ENSP00000362680,estrogen-signaling-pathway-string,0.929
SOS1,SOS2,9606.ENSP00000384675,9606.ENSP00000216373,estrogen-signaling-pathway-string,0.966
SOS1,SRC,9606.ENSP00000384675,9606.ENSP00000362680,estrogen-signaling-pathway-string,0.962
SOS1,TGFA,9606.ENSP00000384675,9606.ENSP00000404131,estrogen-signaling-pathway-string,0.554
SOS2,SRC,9606.ENSP00000216373,9606.ENSP00000362680,estrogen-signaling-pathway-string,0.786
SP1,SRC,9606.ENSP00000329357,9606.ENSP00000362680,estrogen-signaling-pathway-string,0.947
SRC,TGFA,9606.ENSP00000362680,9606.ENSP00000404131,estrogen-signaling-pathway-string,0.731
ABAT,SGPL1,9606.ENSP00000379845,9606.ENSP00000362298,string_interactions_short,0.581
ABCA1,SPTLC2,9606.ENSP00000363868,9606.ENSP00000216484,string_interactions_short,0.587
ABCA1,AGO2,9606.ENSP00000363868,9606.ENSP00000220592,string_interactions_short,0.637
ABCA1,CANX,9606.ENSP00000363868,9606.ENSP00000247461,string_interactions_short,0.454
ABCA1,SQLE,9606.ENSP00000363868,9606.ENSP00000265896,string_interactions_short,0.524
ABCA1,DMD,9606.ENSP00000363868,9606.ENSP00000354923,string_interactions_short,0.567
ABCA1,TBL1XR1,9606.ENSP00000363868,9606.ENSP00000405574,string_interactions_short,0.447
ABCA1,ATP8B1,9606.ENSP00000363868,9606.ENSP00000497896,string_interactions_short,0.545
ABCA1,RHOA,9606.ENSP00000363868,9606.ENSP00000400175,string_interactions_short,0.546
ABCA1,ESR1,9606.ENSP00000363868,9606.ENSP00000405330,string_interactions_short,0.613
ABHD17C,LYPLA1,9606.ENSP00000258884,9606.ENSP00000320043,string_interactions_short,0.69
ABHD2,LYPLA1,9606.ENSP00000268129,9606.ENSP00000320043,string_interactions_short,0.422
ACACB,THRSP,9606.ENSP00000341044,9606.ENSP00000281030,string_interactions_short,0.67
ACACB,GLUL,9606.ENSP00000341044,9606.ENSP00000307900,string_interactions_short,0.41
ACACB,RGS1,9606.ENSP00000341044,9606.ENSP00000356429,string_interactions_short,0.422
ACACB,MCCC2,9606.ENSP00000341044,9606.ENSP00000343657,string_interactions_short,0.766
ACACB,ALDH18A1,9606.ENSP00000341044,9606.ENSP00000360268,string_interactions_short,0.785
ACACB,ACLY,9606.ENSP00000341044,9606.ENSP00000466259,string_interactions_short,0.97
ACLY,PCK1,9606.ENSP00000466259,9606.ENSP00000319814,string_interactions_short,0.959
ACLY,MLXIPL,9606.ENSP00000466259,9606.ENSP00000320886,string_interactions_short,0.911
ACLY,SDHC,9606.ENSP00000466259,9606.ENSP00000356953,string_interactions_short,0.95
ACLY,HSP90AB1,9606.ENSP00000466259,9606.ENSP00000360609,string_interactions_short,0.42
ACTR2,GPRC5A,9606.ENSP00000367220,9606.ENSP00000014914,string_interactions_short,0.422
ACTR2,MAPK1,9606.ENSP00000367220,9606.ENSP00000215832,string_interactions_short,0.693
ACTR2,YWHAH,9606.ENSP00000367220,9606.ENSP00000248975,string_interactions_short,0.605
ACTR2,DSG2,9606.ENSP00000367220,9606.ENSP00000261590,string_interactions_short,0.44
ACTR2,PIK3C2A,9606.ENSP00000367220,9606.ENSP00000265970,string_interactions_short,0.51
ACTR2,ATP6V1A,9606.ENSP00000367220,9606.ENSP00000273398,string_interactions_short,0.405
ACTR2,CYBRD1,9606.ENSP00000367220,9606.ENSP00000319141,string_interactions_short,0.432
ACTR2,HIP1,9606.ENSP00000367220,9606.ENSP00000336747,string_interactions_short,0.415
ACTR2,EZR,9606.ENSP00000367220,9606.ENSP00000338934,string_interactions_short,0.426
ACTR2,GMFB,9606.ENSP00000367220,9606.ENSP00000350757,string_interactions_short,0.571
ACTR2,TAGLN2,9606.ENSP00000367220,9606.ENSP00000357076,string_interactions_short,0.51
ACTR2,MYO6,9606.ENSP00000367220,9606.ENSP00000358994,string_interactions_short,0.514
ACTR2,MAPRE1,9606.ENSP00000367220,9606.ENSP00000364721,string_interactions_short,0.459
ACTR2,DCTN4,9606.ENSP00000367220,9606.ENSP00000414906,string_interactions_short,0.404
ACTR2,SEPTIN2,9606.ENSP00000367220,9606.ENSP00000479861,string_interactions_short,0.411
ACTR2,DAAM1,9606.ENSP00000367220,9606.ENSP00000378557,string_interactions_short,0.443
ACTR2,TPM4,9606.ENSP00000367220,9606.ENSP00000494125,string_interactions_short,0.506
ACTR2,YWHAZ,9606.ENSP00000367220,9606.ENSP00000379287,string_interactions_short,0.53
ACTR2,ITGB1,9606.ENSP00000367220,9606.ENSP00000379350,string_interactions_short,0.559
ACTR2,TWF1,9606.ENSP00000367220,9606.ENSP00000449428,string_interactions_short,0.593
ACTR2,RHOA,9606.ENSP00000367220,9606.ENSP00000400175,string_interactions_short,0.647
ACTR2,ARPC4-TTLL3,9606.ENSP00000367220,9606.ENSP00000380427,string_interactions_short,0.777
ACTR2,CFL1,9606.ENSP00000367220,9606.ENSP00000432660,string_interactions_short,0.963
ADAM12,FBN1,9606.ENSP00000357668,9606.ENSP00000325527,string_interactions_short,0.445
ADAMTS2,COMP,9606.ENSP00000251582,9606.ENSP00000222271,string_interactions_short,0.436
ADAMTS2,COL1A1,9606.ENSP00000251582,9606.ENSP00000225964,string_interactions_short,0.936
ADAMTS2,MMP3,9606.ENSP00000251582,9606.ENSP00000299855,string_interactions_short,0.445
ADAMTS2,COL12A1,9606.ENSP00000251582,9606.ENSP00000325146,string_interactions_short,0.523
ADAMTS2,COL6A1,9606.ENSP00000251582,9606.ENSP00000355180,string_interactions_short,0.542
ADAMTS2,LOXL1,9606.ENSP00000251582,9606.ENSP00000261921,string_interactions_short,0.568
ADAMTS2,FN1,9606.ENSP00000251582,9606.ENSP00000346839,string_interactions_short,0.59
ADAMTS2,COL8A1,9606.ENSP00000251582,9606.ENSP00000261037,string_interactions_short,0.595
ADAMTS2,COL10A1,9606.ENSP00000251582,9606.ENSP00000327368,string_interactions_short,0.616
ADAMTS2,COL11A1,9606.ENSP00000251582,9606.ENSP00000359114,string_interactions_short,0.697
ADAMTS2,FBN1,9606.ENSP00000251582,9606.ENSP00000325527,string_interactions_short,0.736
ADAMTS2,COL5A2,9606.ENSP00000251582,9606.ENSP00000364000,string_interactions_short,0.797
ADAMTS2,COL5A1,9606.ENSP00000251582,9606.ENSP00000360882,string_interactions_short,0.826
ADAMTS2,COL1A2,9606.ENSP00000251582,9606.ENSP00000297268,string_interactions_short,0.946
ADAMTS5,COL1A1,9606.ENSP00000284987,9606.ENSP00000225964,string_interactions_short,0.55
ADAMTS5,TIMP3,9606.ENSP00000284987,9606.ENSP00000266085,string_interactions_short,0.888
ADAMTS5,COL11A1,9606.ENSP00000284987,9606.ENSP00000359114,string_interactions_short,0.414
ADAMTS5,FN1,9606.ENSP00000284987,9606.ENSP00000346839,string_interactions_short,0.442
ADAMTS5,COL10A1,9606.ENSP00000284987,9606.ENSP00000327368,string_interactions_short,0.662
ADAMTS5,MMP3,9606.ENSP00000284987,9606.ENSP00000299855,string_interactions_short,0.89
ADH1B,GSTM5,9606.ENSP00000306606,9606.ENSP00000256593,string_interactions_short,0.75
ADH1B,MAOA,9606.ENSP00000306606,9606.ENSP00000340684,string_interactions_short,0.946
ADH1B,ADH1C,9606.ENSP00000306606,9606.ENSP00000426083,string_interactions_short,0.986
ADH1C,GSTM5,9606.ENSP00000426083,9606.ENSP00000256593,string_interactions_short,0.738
ADH1C,MAOA,9606.ENSP00000426083,9606.ENSP00000340684,string_interactions_short,0.936
ADIPOQ,FABP4,9606.ENSP00000389814,9606.ENSP00000256104,string_interactions_short,0.942
ADIPOQ,MLXIPL,9606.ENSP00000389814,9606.ENSP00000320886,string_interactions_short,0.709
ADIPOQ,EBF1,9606.ENSP00000389814,9606.ENSP00000322898,string_interactions_short,0.61
ADIPOQ,MED23,9606.ENSP00000389814,9606.ENSP00000357047,string_interactions_short,0.507
ADM,GNB1,9606.ENSP00000436607,9606.ENSP00000367872,string_interactions_short,0.801
AGO2,FKBP4,9606.ENSP00000220592,9606.ENSP00000001008,string_interactions_short,0.525
AGO2,MAPK1,9606.ENSP00000220592,9606.ENSP00000215832,string_interactions_short,0.468
AGO2,SRSF1,9606.ENSP00000220592,9606.ENSP00000258962,string_interactions_short,0.419
AGO2,TOP2A,9606.ENSP00000220592,9606.ENSP00000411532,string_interactions_short,0.422
AGO2,DHX15,9606.ENSP00000220592,9606.ENSP00000336741,string_interactions_short,0.441
AGO2,HNRNPF,9606.ENSP00000220592,9606.ENSP00000400433,string_interactions_short,0.448
AGO2,TAB2,9606.ENSP00000220592,9606.ENSP00000356426,string_interactions_short,0.45
AGO2,YWHAZ,9606.ENSP00000220592,9606.ENSP00000379287,string_interactions_short,0.461
AGO2,TENT2,9606.ENSP00000220592,9606.ENSP00000397563,string_interactions_short,0.463
AGO2,MCL1,9606.ENSP00000220592,9606.ENSP00000358022,string_interactions_short,0.465
AGO2,RBM47,9606.ENSP00000220592,9606.ENSP00000295971,string_interactions_short,0.492
AGO2,FOS,9606.ENSP00000220592,9606.ENSP00000306245,string_interactions_short,0.497
AGO2,GREB1,9606.ENSP00000220592,9606.ENSP00000370896,string_interactions_short,0.499
AGO2,COL1A1,9606.ENSP00000220592,9606.ENSP00000225964,string_interactions_short,0.516
AGO2,PRKAR1A,9606.ENSP00000220592,9606.ENSP00000376475,string_interactions_short,0.518
AGO2,XRN2,9606.ENSP00000220592,9606.ENSP00000366396,string_interactions_short,0.54
AGO2,MBNL1,9606.ENSP00000220592,9606.ENSP00000282486,string_interactions_short,0.549
AGO2,H2BC4,9606.ENSP00000220592,9606.ENSP00000321744,string_interactions_short,0.566
AGO2,H2BC5,9606.ENSP00000220592,9606.ENSP00000289316,string_interactions_short,0.566
AGO2,H2BC9,9606.ENSP00000220592,9606.ENSP00000479169,string_interactions_short,0.568
AGO2,H2BS1,9606.ENSP00000220592,9606.ENSP00000481622,string_interactions_short,0.568
AGO2,H2BC11,9606.ENSP00000220592,9606.ENSP00000476136,string_interactions_short,0.57
AGO2,MAP3K7,9606.ENSP00000220592,9606.ENSP00000358335,string_interactions_short,0.571
AGO2,FKBP5,9606.ENSP00000220592,9606.ENSP00000444810,string_interactions_short,0.573
AGO2,H2AC18,9606.ENSP00000220592,9606.ENSP00000358155,string_interactions_short,0.578
AGO2,NOTCH2,9606.ENSP00000220592,9606.ENSP00000256646,string_interactions_short,0.6
AGO2,H2BC21,9606.ENSP00000220592,9606.ENSP00000358151,string_interactions_short,0.605
AGO2,ESR1,9606.ENSP00000220592,9606.ENSP00000405330,string_interactions_short,0.67
AGO2,P4HB,9606.ENSP00000220592,9606.ENSP00000327801,string_interactions_short,0.693
AGO2,HNRNPC,9606.ENSP00000220592,9606.ENSP00000451291,string_interactions_short,0.727
AGO2,PATL1,9606.ENSP00000220592,9606.ENSP00000300146,string_interactions_short,0.728
AGO2,TSN,9606.ENSP00000220592,9606.ENSP00000374332,string_interactions_short,0.952
AGO2,HSP90AB1,9606.ENSP00000220592,9606.ENSP00000360609,string_interactions_short,0.992
AGO2,DICER1,9606.ENSP00000220592,9606.ENSP00000437256,string_interactions_short,0.999
AGR2,CANX,9606.ENSP00000391490,9606.ENSP00000247461,string_interactions_short,0.569
AGR2,FOXA1,9606.ENSP00000391490,9606.ENSP00000250448,string_interactions_short,0.85
AGR2,YWHAE,9606.ENSP00000391490,9606.ENSP00000264335,string_interactions_short,0.51
AGR2,S100P,9606.ENSP00000391490,9606.ENSP00000296370,string_interactions_short,0.613
AGR2,P4HB,9606.ENSP00000391490,9606.ENSP00000327801,string_interactions_short,0.683
AGR2,MCCC2,9606.ENSP00000391490,9606.ENSP00000343657,string_interactions_short,0.538
AGR2,TAGLN2,9606.ENSP00000391490,9606.ENSP00000357076,string_interactions_short,0.536
AGR2,HSP90AB1,9606.ENSP00000391490,9606.ENSP00000360609,string_interactions_short,0.544
AGR2,PGK1,9606.ENSP00000391490,9606.ENSP00000362413,string_interactions_short,0.547
AGR2,AKR1C3,9606.ENSP00000391490,9606.ENSP00000369927,string_interactions_short,0.525
AGR2,YWHAZ,9606.ENSP00000391490,9606.ENSP00000379287,string_interactions_short,0.523
AGR2,RAB1A,9606.ENSP00000391490,9606.ENSP00000387286,string_interactions_short,0.525
AGR2,RAB5C,9606.ENSP00000391490,9606.ENSP00000447053,string_interactions_short,0.54
AGR2,ENO1,9606.ENSP00000391490,9606.ENSP00000495530,string_interactions_short,0.574
AGTRAP,EDNRB,9606.ENSP00000319713,9606.ENSP00000366416,string_interactions_short,0.458
AGTRAP,ESRP1,9606.ENSP00000319713,9606.ENSP00000405738,string_interactions_short,0.595
AKR1C3,SIAH2,9606.ENSP00000369927,9606.ENSP00000322457,string_interactions_short,0.673
ALDH18A1,GLUL,9606.ENSP00000360268,9606.ENSP00000307900,string_interactions_short,0.927
ALDH18A1,HSPD1,9606.ENSP00000360268,9606.ENSP00000340019,string_interactions_short,0.53
ALDH18A1,MCCC2,9606.ENSP00000360268,9606.ENSP00000343657,string_interactions_short,0.478
ALDH18A1,PRKAR1A,9606.ENSP00000360268,9606.ENSP00000376475,string_interactions_short,0.431
ALDH18A1,CKS2,9606.ENSP00000360268,9606.ENSP00000364976,string_interactions_short,0.585
ALDOC,PGK1,9606.ENSP00000378731,9606.ENSP00000362413,string_interactions_short,0.835
ALDOC,ENO1,9606.ENSP00000378731,9606.ENSP00000495530,string_interactions_short,0.951
ALDOC,FBP1,9606.ENSP00000378731,9606.ENSP00000408025,string_interactions_short,0.974
ALYREF,FYTTD1,9606.ENSP00000421592,9606.ENSP00000241502,string_interactions_short,0.93
ALYREF,FUS,9606.ENSP00000421592,9606.ENSP00000254108,string_interactions_short,0.453
ALYREF,SRSF1,9606.ENSP00000421592,9606.ENSP00000258962,string_interactions_short,0.984
ALYREF,MBNL1,9606.ENSP00000421592,9606.ENSP00000282486,string_interactions_short,0.578
ALYREF,DHX15,9606.ENSP00000421592,9606.ENSP00000336741,string_interactions_short,0.467
ALYREF,PRPF4B,9606.ENSP00000421592,9606.ENSP00000337194,string_interactions_short,0.839
ALYREF,CDC5L,9606.ENSP00000421592,9606.ENSP00000360532,string_interactions_short,0.787
ALYREF,SRSF3,9606.ENSP00000421592,9606.ENSP00000362820,string_interactions_short,0.95
ALYREF,PRPF4,9606.ENSP00000421592,9606.ENSP00000363313,string_interactions_short,0.666
ALYREF,XRN2,9606.ENSP00000421592,9606.ENSP00000366396,string_interactions_short,0.457
ALYREF,HNRNPF,9606.ENSP00000421592,9606.ENSP00000400433,string_interactions_short,0.835
ALYREF,SRSF10,9606.ENSP00000421592,9606.ENSP00000420195,string_interactions_short,0.539
ALYREF,HNRNPC,9606.ENSP00000421592,9606.ENSP00000451291,string_interactions_short,0.895
ANGPTL4,TGFB1,9606.ENSP00000301455,9606.ENSP00000221930,string_interactions_short,0.629
ANGPTL4,LIPE,9606.ENSP00000301455,9606.ENSP00000244289,string_interactions_short,0.463
ANGPTL4,FABP4,9606.ENSP00000301455,9606.ENSP00000256104,string_interactions_short,0.737
ANGPTL4,THBS1,9606.ENSP00000301455,9606.ENSP00000260356,string_interactions_short,0.405
ANGPTL4,LMF1,9606.ENSP00000301455,9606.ENSP00000262301,string_interactions_short,0.549
ANGPTL4,TBL1XR1,9606.ENSP00000301455,9606.ENSP00000405574,string_interactions_short,0.41
ANGPTL4,MED23,9606.ENSP00000301455,9606.ENSP00000357047,string_interactions_short,0.499
ANGPTL4,ITGB1,9606.ENSP00000301455,9606.ENSP00000379350,string_interactions_short,0.848
ANGPTL4,GPIHBP1,9606.ENSP00000301455,9606.ENSP00000480053,string_interactions_short,0.926
ANGPTL4,LPL,9606.ENSP00000301455,9606.ENSP00000497642,string_interactions_short,0.994
ANP32E,FYTTD1,9606.ENSP00000463154,9606.ENSP00000241502,string_interactions_short,0.437
ANP32E,PRKDC,9606.ENSP00000463154,9606.ENSP00000313420,string_interactions_short,0.403
ANP32E,H2BC21,9606.ENSP00000463154,9606.ENSP00000358151,string_interactions_short,0.66
ANP32E,MORF4L2,9606.ENSP00000463154,9606.ENSP00000394417,string_interactions_short,0.403
ANP32E,H2BC11,9606.ENSP00000463154,9606.ENSP00000476136,string_interactions_short,0.947
AOC3,MAOA,9606.ENSP00000312326,9606.ENSP00000340684,string_interactions_short,0.959
AP2B1,M6PR,9606.ENSP00000483185,9606.ENSP00000000412,string_interactions_short,0.522
AP2B1,CD74,9606.ENSP00000483185,9606.ENSP00000009530,string_interactions_short,0.524
AP2B1,VAMP3,9606.ENSP00000483185,9606.ENSP00000054666,string_interactions_short,0.555
AP2B1,MAPK1,9606.ENSP00000483185,9606.ENSP00000215832,string_interactions_short,0.635
AP2B1,VAMP7,9606.ENSP00000483185,9606.ENSP00000262640,string_interactions_short,0.585
AP2B1,SCARB2,9606.ENSP00000483185,9606.ENSP00000264896,string_interactions_short,0.525
AP2B1,SH3GL3,9606.ENSP00000483185,9606.ENSP00000320092,string_interactions_short,0.547
AP2B1,HIP1,9606.ENSP00000483185,9606.ENSP00000336747,string_interactions_short,0.836
AP2B1,EZR,9606.ENSP00000483185,9606.ENSP00000338934,string_interactions_short,0.557
AP2B1,MYO6,9606.ENSP00000483185,9606.ENSP00000358994,string_interactions_short,0.592
AP2B1,PICALM,9606.ENSP00000483185,9606.ENSP00000377015,string_interactions_short,0.908
AP2B1,NCALD,9606.ENSP00000483185,9606.ENSP00000379256,string_interactions_short,0.92
AP2B1,TF,9606.ENSP00000483185,9606.ENSP00000385834,string_interactions_short,0.512
AP2B1,TFAP2A,9606.ENSP00000483185,9606.ENSP00000501092,string_interactions_short,0.67
APPL1,RAB5A,9606.ENSP00000288266,9606.ENSP00000273047,string_interactions_short,0.999
APPL1,TRAPPC11,9606.ENSP00000288266,9606.ENSP00000335371,string_interactions_short,0.441
APPL1,RAB5C,9606.ENSP00000288266,9606.ENSP00000447053,string_interactions_short,0.462
APPL1,APPL2,9606.ENSP00000288266,9606.ENSP00000446917,string_interactions_short,0.989
APPL2,RAB5A,9606.ENSP00000446917,9606.ENSP00000273047,string_interactions_short,0.788
APPL2,RAB5C,9606.ENSP00000446917,9606.ENSP00000447053,string_interactions_short,0.68
AR,FKBP4,9606.ENSP00000363822,9606.ENSP00000001008,string_interactions_short,0.928
AR,RANBP9,9606.ENSP00000363822,9606.ENSP00000011619,string_interactions_short,0.588
AR,KRT14,9606.ENSP00000363822,9606.ENSP00000167586,string_interactions_short,0.488
AR,MAPK1,9606.ENSP00000363822,9606.ENSP00000215832,string_interactions_short,0.527
AR,FOXA1,9606.ENSP00000363822,9606.ENSP00000250448,string_interactions_short,0.996
AR,KRT5,9606.ENSP00000363822,9606.ENSP00000252242,string_interactions_short,0.631
AR,FUS,9606.ENSP00000363822,9606.ENSP00000254108,string_interactions_short,0.681
AR,DNAJB1,9606.ENSP00000363822,9606.ENSP00000254322,string_interactions_short,0.735
AR,SMARCC1,9606.ENSP00000363822,9606.ENSP00000254480,string_interactions_short,0.569
AR,LYVE1,9606.ENSP00000363822,9606.ENSP00000256178,string_interactions_short,0.621
AR,H2BC5,9606.ENSP00000363822,9606.ENSP00000289316,string_interactions_short,0.543
AR,REL,9606.ENSP00000363822,9606.ENSP00000295025,string_interactions_short,0.445
AR,HSPB2,9606.ENSP00000363822,9606.ENSP00000302476,string_interactions_short,0.738
AR,FOS,9606.ENSP00000363822,9606.ENSP00000306245,string_interactions_short,0.542
AR,ELF5,9606.ENSP00000363822,9606.ENSP00000311010,string_interactions_short,0.497
AR,PRKDC,9606.ENSP00000363822,9606.ENSP00000313420,string_interactions_short,0.672
AR,H2BC4,9606.ENSP00000363822,9606.ENSP00000321744,string_interactions_short,0.549
AR,SIAH2,9606.ENSP00000363822,9606.ENSP00000322457,string_interactions_short,0.726
AR,PGR,9606.ENSP00000363822,9606.ENSP00000325120,string_interactions_short,0.766
AR,NRIP1,9606.ENSP00000363822,9606.ENSP00000327213,string_interactions_short,0.563
AR,TGIF1,9606.ENSP00000363822,9606.ENSP00000327959,string_interactions_short,0.608
AR,TAB2,9606.ENSP00000363822,9606.ENSP00000356426,string_interactions_short,0.414
AR,H2BC21,9606.ENSP00000363822,9606.ENSP00000358151,string_interactions_short,0.643
AR,H2AC18,9606.ENSP00000363822,9606.ENSP00000358155,string_interactions_short,0.66
AR,VAV3,9606.ENSP00000363822,9606.ENSP00000359073,string_interactions_short,0.4
AR,RUNX2,9606.ENSP00000363822,9606.ENSP00000360493,string_interactions_short,0.881
AR,HSP90AB1,9606.ENSP00000363822,9606.ENSP00000360609,string_interactions_short,0.999
AR,PGK1,9606.ENSP00000363822,9606.ENSP00000362413,string_interactions_short,0.621
AR,DCTN4,9606.ENSP00000363822,9606.ENSP00000414906,string_interactions_short,0.4
AR,TPD52,9606.ENSP00000363822,9606.ENSP00000429309,string_interactions_short,0.451
AR,BMPR1B,9606.ENSP00000363822,9606.ENSP00000401907,string_interactions_short,0.486
AR,H2BS1,9606.ENSP00000363822,9606.ENSP00000481622,string_interactions_short,0.537
AR,H2BC9,9606.ENSP00000363822,9606.ENSP00000479169,string_interactions_short,0.538
AR,H2BC11,9606.ENSP00000363822,9606.ENSP00000476136,string_interactions_short,0.538
AR,FKBP5,9606.ENSP00000363822,9606.ENSP00000444810,string_interactions_short,0.905
ARF4,ARFGEF1,9606.ENSP00000306010,9606.ENSP00000262215,string_interactions_short,0.415
ARF4,TMED2,9606.ENSP00000306010,9606.ENSP00000262225,string_interactions_short,0.727
ARF4,RAB5A,9606.ENSP00000306010,9606.ENSP00000273047,string_interactions_short,0.476
ARF4,RASA1,9606.ENSP00000306010,9606.ENSP00000274376,string_interactions_short,0.607
ARF4,ARFGEF2,9606.ENSP00000306010,9606.ENSP00000360985,string_interactions_short,0.463
ARF4,MORF4L2,9606.ENSP00000306010,9606.ENSP00000394417,string_interactions_short,0.485
ARF4,KIF26B,9606.ENSP00000306010,9606.ENSP00000385545,string_interactions_short,0.533
ARF4,DCTN4,9606.ENSP00000306010,9606.ENSP00000414906,string_interactions_short,0.57
ARF4,KDELR1,9606.ENSP00000306010,9606.ENSP00000329471,string_interactions_short,0.626
ARF4,KDELR3,9606.ENSP00000306010,9606.ENSP00000386918,string_interactions_short,0.708
ARF4,RAB1A,9606.ENSP00000306010,9606.ENSP00000387286,string_interactions_short,0.76
ARFGEF1,RHOA,9606.ENSP00000262215,9606.ENSP00000400175,string_interactions_short,0.522
ARFGEF1,PRKAR1A,9606.ENSP00000262215,9606.ENSP00000376475,string_interactions_short,0.563
ARFGEF1,ARFGEF2,9606.ENSP00000262215,9606.ENSP00000360985,string_interactions_short,0.83
ARFGEF2,CCT2,9606.ENSP00000360985,9606.ENSP00000299300,string_interactions_short,0.514
ARFGEF2,XRN2,9606.ENSP00000360985,9606.ENSP00000366396,string_interactions_short,0.403
ARFGEF2,PRKAR1A,9606.ENSP00000360985,9606.ENSP00000376475,string_interactions_short,0.561
ARHGAP32,RASA1,9606.ENSP00000310561,9606.ENSP00000274376,string_interactions_short,0.793
ARHGAP32,YWHAZ,9606.ENSP00000310561,9606.ENSP00000379287,string_interactions_short,0.551
ARHGAP32,RHOA,9606.ENSP00000310561,9606.ENSP00000400175,string_interactions_short,0.911
ARHGDIB,TIAM1,9606.ENSP00000228945,9606.ENSP00000286827,string_interactions_short,0.417
ARHGDIB,NTRK2,9606.ENSP00000228945,9606.ENSP00000277120,string_interactions_short,0.464
ARHGDIB,WSB1,9606.ENSP00000228945,9606.ENSP00000262394,string_interactions_short,0.488
ARHGDIB,RHOH,9606.ENSP00000228945,9606.ENSP00000371219,string_interactions_short,0.85
ARHGDIB,RHOA,9606.ENSP00000228945,9606.ENSP00000400175,string_interactions_short,0.995
ARIH1,WSB1,9606.ENSP00000369217,9606.ENSP00000262394,string_interactions_short,0.41
ARIH1,UBE2N,9606.ENSP00000369217,9606.ENSP00000316176,string_interactions_short,0.897
ARIH1,JAK1,9606.ENSP00000369217,9606.ENSP00000499900,string_interactions_short,0.473
ARIH1,UBE2G1,9606.ENSP00000369217,9606.ENSP00000380178,string_interactions_short,0.507
ASAH1,TPP1,9606.ENSP00000371152,9606.ENSP00000299427,string_interactions_short,0.501
ASAH1,SGPL1,9606.ENSP00000371152,9606.ENSP00000362298,string_interactions_short,0.56
ASAH1,UGCG,9606.ENSP00000371152,9606.ENSP00000363397,string_interactions_short,0.971
ASCC1,MSH6,9606.ENSP00000339404,9606.ENSP00000234420,string_interactions_short,0.574
ASCC1,PRKDC,9606.ENSP00000339404,9606.ENSP00000313420,string_interactions_short,0.546
ASPN,OLFM4,9606.ENSP00000364694,9606.ENSP00000219022,string_interactions_short,0.489
ASPN,TGFB1,9606.ENSP00000364694,9606.ENSP00000221930,string_interactions_short,0.917
ASPN,COMP,9606.ENSP00000364694,9606.ENSP00000222271,string_interactions_short,0.573
ASPN,COL1A1,9606.ENSP00000364694,9606.ENSP00000225964,string_interactions_short,0.719
ASPN,COL8A1,9606.ENSP00000364694,9606.ENSP00000261037,string_interactions_short,0.418
ASPN,LOXL1,9606.ENSP00000364694,9606.ENSP00000261921,string_interactions_short,0.401
ASPN,GFM1,9606.ENSP00000364694,9606.ENSP00000264263,string_interactions_short,0.403
ASPN,VCAN,9606.ENSP00000364694,9606.ENSP00000265077,string_interactions_short,0.648
ASPN,COL1A2,9606.ENSP00000364694,9606.ENSP00000297268,string_interactions_short,0.714
ASPN,COL12A1,9606.ENSP00000364694,9606.ENSP00000325146,string_interactions_short,0.468
ASPN,FBN1,9606.ENSP00000364694,9606.ENSP00000325527,string_interactions_short,0.68
ASPN,COL10A1,9606.ENSP00000364694,9606.ENSP00000327368,string_interactions_short,0.621
ASPN,COL6A1,9606.ENSP00000364694,9606.ENSP00000355180,string_interactions_short,0.571
ASPN,COL11A1,9606.ENSP00000364694,9606.ENSP00000359114,string_interactions_short,0.814
ASPN,COL5A1,9606.ENSP00000364694,9606.ENSP00000360882,string_interactions_short,0.588
ASPN,COL5A2,9606.ENSP00000364694,9606.ENSP00000364000,string_interactions_short,0.482
ASPN,ESR1,9606.ENSP00000364694,9606.ENSP00000405330,string_interactions_short,0.41
ASPN,ITGBL1,9606.ENSP00000364694,9606.ENSP00000365351,string_interactions_short,0.471
ASPN,COL8A2,9606.ENSP00000364694,9606.ENSP00000380901,string_interactions_short,0.516
ASPN,POSTN,9606.ENSP00000364694,9606.ENSP00000369071,string_interactions_short,0.83
ATAD2,CKS2,9606.ENSP00000287394,9606.ENSP00000364976,string_interactions_short,0.422
ATAD2,SOX10,9606.ENSP00000287394,9606.ENSP00000380093,string_interactions_short,0.442
ATAD2,TFAP2A,9606.ENSP00000287394,9606.ENSP00000501092,string_interactions_short,0.519
ATAD2,SMC4,9606.ENSP00000287394,9606.ENSP00000341382,string_interactions_short,0.766
ATAD2,TOP2A,9606.ENSP00000287394,9606.ENSP00000411532,string_interactions_short,0.837
ATAD2,ESR1,9606.ENSP00000287394,9606.ENSP00000405330,string_interactions_short,0.977
ATG5,TRIM4,9606.ENSP00000358072,9606.ENSP00000348216,string_interactions_short,0.518
ATG5,TAB2,9606.ENSP00000358072,9606.ENSP00000356426,string_interactions_short,0.442
ATG5,RAB1A,9606.ENSP00000358072,9606.ENSP00000387286,string_interactions_short,0.452
ATG5,VDAC1,9606.ENSP00000358072,9606.ENSP00000378487,string_interactions_short,0.764
ATP1A2,MAPK1,9606.ENSP00000354490,9606.ENSP00000215832,string_interactions_short,0.914
ATP1A2,ATP6V1A,9606.ENSP00000354490,9606.ENSP00000273398,string_interactions_short,0.542
ATP1A2,CALD1,9606.ENSP00000354490,9606.ENSP00000354826,string_interactions_short,0.434
ATP1A2,CHRDL1,9606.ENSP00000354490,9606.ENSP00000361112,string_interactions_short,0.504
ATP1A2,FXYD1,9606.ENSP00000354490,9606.ENSP00000481244,string_interactions_short,0.946
ATP6AP2,CANX,9606.ENSP00000490083,9606.ENSP00000247461,string_interactions_short,0.426
ATP6AP2,ATP6V1A,9606.ENSP00000490083,9606.ENSP00000273398,string_interactions_short,0.997
ATP6AP2,MME,9606.ENSP00000490083,9606.ENSP00000418525,string_interactions_short,0.409
ATP6AP2,ATP6V1C1,9606.ENSP00000490083,9606.ENSP00000430282,string_interactions_short,0.998
ATP6V1A,CANX,9606.ENSP00000273398,9606.ENSP00000247461,string_interactions_short,0.424
ATP6V1A,RAB1A,9606.ENSP00000273398,9606.ENSP00000387286,string_interactions_short,0.416
ATP6V1A,ENO1,9606.ENSP00000273398,9606.ENSP00000495530,string_interactions_short,0.419
ATP6V1A,LAMP1,9606.ENSP00000273398,9606.ENSP00000333298,string_interactions_short,0.502
ATP6V1A,TF,9606.ENSP00000273398,9606.ENSP00000385834,string_interactions_short,0.518
ATP6V1A,ATP6V1C1,9606.ENSP00000273398,9606.ENSP00000430282,string_interactions_short,0.999
ATP6V1C1,TF,9606.ENSP00000430282,9606.ENSP00000385834,string_interactions_short,0.52
ATP7B,ATP8B1,9606.ENSP00000242839,9606.ENSP00000497896,string_interactions_short,0.559
ATP7B,DCTN4,9606.ENSP00000242839,9606.ENSP00000414906,string_interactions_short,0.65
B3GNT2,MUCL1,9606.ENSP00000305595,9606.ENSP00000311364,string_interactions_short,0.4
B3GNT2,MUC1,9606.ENSP00000305595,9606.ENSP00000484824,string_interactions_short,0.488
BGN,NID2,9606.ENSP00000327336,9606.ENSP00000216286,string_interactions_short,0.49
BGN,TGFB1,9606.ENSP00000327336,9606.ENSP00000221930,string_interactions_short,0.978
BGN,COMP,9606.ENSP00000327336,9606.ENSP00000222271,string_interactions_short,0.724
BGN,COL1A1,9606.ENSP00000327336,9606.ENSP00000225964,string_interactions_short,0.974
BGN,PRRX1,9606.ENSP00000327336,9606.ENSP00000239461,string_interactions_short,0.492
BGN,THBS1,9606.ENSP00000327336,9606.ENSP00000260356,string_interactions_short,0.779
BGN,COL8A1,9606.ENSP00000327336,9606.ENSP00000261037,string_interactions_short,0.5
BGN,LOXL1,9606.ENSP00000327336,9606.ENSP00000261921,string_interactions_short,0.727
BGN,VCAN,9606.ENSP00000327336,9606.ENSP00000265077,string_interactions_short,0.951
BGN,TIMP3,9606.ENSP00000327336,9606.ENSP00000266085,string_interactions_short,0.571
BGN,COL1A2,9606.ENSP00000327336,9606.ENSP00000297268,string_interactions_short,0.938
BGN,COL12A1,9606.ENSP00000327336,9606.ENSP00000325146,string_interactions_short,0.739
BGN,FBN1,9606.ENSP00000327336,9606.ENSP00000325527,string_interactions_short,0.784
BGN,COL8A2,9606.ENSP00000327336,9606.ENSP00000380901,string_interactions_short,0.538
BGN,PTN,9606.ENSP00000327336,9606.ENSP00000341170,string_interactions_short,0.544
BGN,COL11A1,9606.ENSP00000327336,9606.ENSP00000359114,string_interactions_short,0.577
BGN,COL10A1,9606.ENSP00000327336,9606.ENSP00000327368,string_interactions_short,0.695
BGN,COL5A1,9606.ENSP00000327336,9606.ENSP00000360882,string_interactions_short,0.774
BGN,COL5A2,9606.ENSP00000327336,9606.ENSP00000364000,string_interactions_short,0.807
BGN,POSTN,9606.ENSP00000327336,9606.ENSP00000369071,string_interactions_short,0.83
BGN,COL6A1,9606.ENSP00000327336,9606.ENSP00000355180,string_interactions_short,0.86
BGN,MFAP2,9606.ENSP00000327336,9606.ENSP00000364685,string_interactions_short,0.886
BHLHE40,CSNK2A1,9606.ENSP00000256495,9606.ENSP00000217244,string_interactions_short,0.42
BHLHE40,FOS,9606.ENSP00000256495,9606.ENSP00000306245,string_interactions_short,0.462
BMPR1B,TGFB1,9606.ENSP00000401907,9606.ENSP00000221930,string_interactions_short,0.511
BMPR1B,INHBA,9606.ENSP00000401907,9606.ENSP00000242208,string_interactions_short,0.464
BMPR1B,TF,9606.ENSP00000401907,9606.ENSP00000385834,string_interactions_short,0.55
BMPR1B,RGMA,9606.ENSP00000401907,9606.ENSP00000452126,string_interactions_short,0.927
BTNL9,PLIN1,9606.ENSP00000330200,9606.ENSP00000300055,string_interactions_short,0.469
BTNL9,MUC1,9606.ENSP00000330200,9606.ENSP00000484824,string_interactions_short,0.592
BZW1,TRARG1,9606.ENSP00000394316,9606.ENSP00000329548,string_interactions_short,0.447
BZW1,CDC5L,9606.ENSP00000394316,9606.ENSP00000360532,string_interactions_short,0.479
C1S,CD46,9606.ENSP00000385035,9606.ENSP00000313875,string_interactions_short,0.619
C1S,FN1,9606.ENSP00000385035,9606.ENSP00000346839,string_interactions_short,0.468
C1S,COL6A1,9606.ENSP00000385035,9606.ENSP00000355180,string_interactions_short,0.571
C1S,COL5A2,9606.ENSP00000385035,9606.ENSP00000364000,string_interactions_short,0.525
C1S,C4B,9606.ENSP00000385035,9606.ENSP00000415941,string_interactions_short,0.993
C4B,CD46,9606.ENSP00000415941,9606.ENSP00000313875,string_interactions_short,0.998
C4B,FN1,9606.ENSP00000415941,9606.ENSP00000346839,string_interactions_short,0.407
C4B,CFD,9606.ENSP00000415941,9606.ENSP00000468253,string_interactions_short,0.427
C4B,CFB,9606.ENSP00000415941,9606.ENSP00000416561,string_interactions_short,0.948
CA12,ESR1,9606.ENSP00000178638,9606.ENSP00000405330,string_interactions_short,0.403
CA12,CA4,9606.ENSP00000178638,9606.ENSP00000300900,string_interactions_short,0.64
CA4,WTAP,9606.ENSP00000300900,9606.ENSP00000351141,string_interactions_short,0.407
CA4,SLC4A4,9606.ENSP00000300900,9606.ENSP00000393557,string_interactions_short,0.822
CACNA1D,PPP2R5C,9606.ENSP00000288139,9606.ENSP00000412324,string_interactions_short,0.65
CACNA1D,GNB1,9606.ENSP00000288139,9606.ENSP00000367872,string_interactions_short,0.651
CACNA1D,OXTR,9606.ENSP00000288139,9606.ENSP00000324270,string_interactions_short,0.674
CACNA1D,KCNN4,9606.ENSP00000288139,9606.ENSP00000496939,string_interactions_short,0.833
CALD1,MAPK1,9606.ENSP00000354826,9606.ENSP00000215832,string_interactions_short,0.95
CALD1,COL1A1,9606.ENSP00000354826,9606.ENSP00000225964,string_interactions_short,0.412
CALD1,KRT5,9606.ENSP00000354826,9606.ENSP00000252242,string_interactions_short,0.416
CALD1,COL1A2,9606.ENSP00000354826,9606.ENSP00000297268,string_interactions_short,0.443
CALD1,FN1,9606.ENSP00000354826,9606.ENSP00000346839,string_interactions_short,0.47
CALD1,SOX10,9606.ENSP00000354826,9606.ENSP00000380093,string_interactions_short,0.478
CALD1,ESR1,9606.ENSP00000354826,9606.ENSP00000405330,string_interactions_short,0.512
CALD1,COL5A2,9606.ENSP00000354826,9606.ENSP00000364000,string_interactions_short,0.654
CALD1,TPM4,9606.ENSP00000354826,9606.ENSP00000494125,string_interactions_short,0.688
CALD1,LMOD1,9606.ENSP00000354826,9606.ENSP00000356257,string_interactions_short,0.894
CALU,CANX,9606.ENSP00000438248,9606.ENSP00000247461,string_interactions_short,0.428
CALU,TMED2,9606.ENSP00000438248,9606.ENSP00000262225,string_interactions_short,0.627
CALU,DNAJC10,9606.ENSP00000438248,9606.ENSP00000264065,string_interactions_short,0.67
CALU,P4HB,9606.ENSP00000438248,9606.ENSP00000327801,string_interactions_short,0.872
CALU,TPD52,9606.ENSP00000438248,9606.ENSP00000429309,string_interactions_short,0.453
CALU,DNAJC3,9606.ENSP00000438248,9606.ENSP00000473631,string_interactions_short,0.556
CANX,CD74,9606.ENSP00000247461,9606.ENSP00000009530,string_interactions_short,0.661
CANX,PGRMC1,9606.ENSP00000247461,9606.ENSP00000217971,string_interactions_short,0.521
CANX,SEC61A1,9606.ENSP00000247461,9606.ENSP00000243253,string_interactions_short,0.914
CANX,RHOA,9606.ENSP00000247461,9606.ENSP00000400175,string_interactions_short,0.407
CANX,RAB5C,9606.ENSP00000247461,9606.ENSP00000447053,string_interactions_short,0.42
CANX,SGPL1,9606.ENSP00000247461,9606.ENSP00000362298,string_interactions_short,0.458
CANX,RAB1A,9606.ENSP00000247461,9606.ENSP00000387286,string_interactions_short,0.498
CANX,UBXN4,9606.ENSP00000247461,9606.ENSP00000272638,string_interactions_short,0.501
CANX,ERP27,9606.ENSP00000247461,9606.ENSP00000266397,string_interactions_short,0.503
CANX,MAN2A1,9606.ENSP00000247461,9606.ENSP00000261483,string_interactions_short,0.514
CANX,TMED2,9606.ENSP00000247461,9606.ENSP00000262225,string_interactions_short,0.538
CANX,DNAJB1,9606.ENSP00000247461,9606.ENSP00000254322,string_interactions_short,0.592
CANX,RAB5A,9606.ENSP00000247461,9606.ENSP00000273047,string_interactions_short,0.618
CANX,SAR1B,9606.ENSP00000247461,9606.ENSP00000385432,string_interactions_short,0.633
CANX,DNAJC3,9606.ENSP00000247461,9606.ENSP00000473631,string_interactions_short,0.661
CANX,ITGB1,9606.ENSP00000247461,9606.ENSP00000379350,string_interactions_short,0.671
CANX,LAMP1,9606.ENSP00000247461,9606.ENSP00000333298,string_interactions_short,0.831
CANX,VDAC1,9606.ENSP00000247461,9606.ENSP00000378487,string_interactions_short,0.863
CANX,DNAJC10,9606.ENSP00000247461,9606.ENSP00000264065,string_interactions_short,0.876
CANX,HSP90AB1,9606.ENSP00000247461,9606.ENSP00000360609,string_interactions_short,0.886
CANX,P4HB,9606.ENSP00000247461,9606.ENSP00000327801,string_interactions_short,0.966
CAP2,FYTTD1,9606.ENSP00000229922,9606.ENSP00000241502,string_interactions_short,0.44
CAP2,TWF1,9606.ENSP00000229922,9606.ENSP00000449428,string_interactions_short,0.559
CAP2,CFL1,9606.ENSP00000229922,9606.ENSP00000432660,string_interactions_short,0.938
CARMIL1,PDLIM5,9606.ENSP00000331983,9606.ENSP00000480359,string_interactions_short,0.54
CARMIL1,MYO6,9606.ENSP00000331983,9606.ENSP00000358994,string_interactions_short,0.55
CCL28,CX3CL1,9606.ENSP00000354416,9606.ENSP00000006053,string_interactions_short,0.562
CCL28,CXCL10,9606.ENSP00000354416,9606.ENSP00000305651,string_interactions_short,0.997
CCL28,CCL4,9606.ENSP00000354416,9606.ENSP00000482259,string_interactions_short,0.542
CCL28,CXCR4,9606.ENSP00000354416,9606.ENSP00000386884,string_interactions_short,0.695
CCL28,CXCL9,9606.ENSP00000354416,9606.ENSP00000354901,string_interactions_short,0.997
CCL3L1,CXCL10,9606.ENSP00000480558,9606.ENSP00000305651,string_interactions_short,0.81
CCL3L1,CXCR4,9606.ENSP00000480558,9606.ENSP00000386884,string_interactions_short,0.844
CCL3L1,CCL4,9606.ENSP00000480558,9606.ENSP00000482259,string_interactions_short,0.865
CCL4,CX3CL1,9606.ENSP00000482259,9606.ENSP00000006053,string_interactions_short,0.904
CCL4,CXCL10,9606.ENSP00000482259,9606.ENSP00000305651,string_interactions_short,0.959
CCL4,CXCL9,9606.ENSP00000482259,9606.ENSP00000354901,string_interactions_short,0.959
CCL4,CXCR4,9606.ENSP00000482259,9606.ENSP00000386884,string_interactions_short,0.995
CCN1,ZWINT,9606.ENSP00000398736,9606.ENSP00000363055,string_interactions_short,0.78
CCN1,RHOA,9606.ENSP00000398736,9606.ENSP00000400175,string_interactions_short,0.506
CCN2,COMP,9606.ENSP00000356954,9606.ENSP00000222271,string_interactions_short,0.4
CCN2,THBS1,9606.ENSP00000356954,9606.ENSP00000260356,string_interactions_short,0.749
CCN2,FBN1,9606.ENSP00000356954,9606.ENSP00000325527,string_interactions_short,0.797
CCN2,FN1,9606.ENSP00000356954,9606.ENSP00000346839,string_interactions_short,0.963
CCN2,ESR1,9606.ENSP00000356954,9606.ENSP00000405330,string_interactions_short,0.69
CCNG2,CKS2,9606.ENSP00000315743,9606.ENSP00000364976,string_interactions_short,0.564
CCNG2,PPP2R5C,9606.ENSP00000315743,9606.ENSP00000412324,string_interactions_short,0.696
CCT2,CSNK2A1,9606.ENSP00000299300,9606.ENSP00000217244,string_interactions_short,0.449
CCT2,DNAJB1,9606.ENSP00000299300,9606.ENSP00000254322,string_interactions_short,0.47
CCT2,DNAJC10,9606.ENSP00000299300,9606.ENSP00000264065,string_interactions_short,0.413
CCT2,YWHAE,9606.ENSP00000299300,9606.ENSP00000264335,string_interactions_short,0.456
CCT2,GSPT1,9606.ENSP00000299300,9606.ENSP00000398131,string_interactions_short,0.413
CCT2,HNRNPC,9606.ENSP00000299300,9606.ENSP00000451291,string_interactions_short,0.449
CCT2,PGK1,9606.ENSP00000299300,9606.ENSP00000362413,string_interactions_short,0.45
CCT2,SMC3,9606.ENSP00000299300,9606.ENSP00000354720,string_interactions_short,0.462
CCT2,ESR1,9606.ENSP00000299300,9606.ENSP00000405330,string_interactions_short,0.521
CCT2,XRN2,9606.ENSP00000299300,9606.ENSP00000366396,string_interactions_short,0.573
CCT2,ENO1,9606.ENSP00000299300,9606.ENSP00000495530,string_interactions_short,0.573
CCT2,DHX15,9606.ENSP00000299300,9606.ENSP00000336741,string_interactions_short,0.575
CCT2,HSPH1,9606.ENSP00000299300,9606.ENSP00000487365,string_interactions_short,0.617
CCT2,EIF5A,9606.ENSP00000299300,9606.ENSP00000336702,string_interactions_short,0.656
CCT2,SPAG1,9606.ENSP00000299300,9606.ENSP00000373450,string_interactions_short,0.665
CCT2,GNB1,9606.ENSP00000299300,9606.ENSP00000367872,string_interactions_short,0.666
CCT2,STIP1,9606.ENSP00000299300,9606.ENSP00000351646,string_interactions_short,0.962
CCT2,HSP90AB1,9606.ENSP00000299300,9606.ENSP00000360609,string_interactions_short,0.97
CD164,CXCR4,9606.ENSP00000309376,9606.ENSP00000386884,string_interactions_short,0.82
CD36,COMP,9606.ENSP00000415743,9606.ENSP00000222271,string_interactions_short,0.953
CD36,SERPINE1,9606.ENSP00000415743,9606.ENSP00000223095,string_interactions_short,0.436
CD36,FABP4,9606.ENSP00000415743,9606.ENSP00000256104,string_interactions_short,0.969
CD36,THBS1,9606.ENSP00000415743,9606.ENSP00000260356,string_interactions_short,0.999
CD36,PLIN1,9606.ENSP00000415743,9606.ENSP00000300055,string_interactions_short,0.815
CD36,MED23,9606.ENSP00000415743,9606.ENSP00000357047,string_interactions_short,0.499
CD36,ITGB1,9606.ENSP00000415743,9606.ENSP00000379350,string_interactions_short,0.864
CD36,TBL1XR1,9606.ENSP00000415743,9606.ENSP00000405574,string_interactions_short,0.421
CD36,MUC1,9606.ENSP00000415743,9606.ENSP00000484824,string_interactions_short,0.474
CD36,PLIN4,9606.ENSP00000415743,9606.ENSP00000488481,string_interactions_short,0.489
CD46,DSG2,9606.ENSP00000313875,9606.ENSP00000261590,string_interactions_short,0.771
CD46,CFD,9606.ENSP00000313875,9606.ENSP00000468253,string_interactions_short,0.411
CD46,YWHAZ,9606.ENSP00000313875,9606.ENSP00000379287,string_interactions_short,0.465
CD46,ITGB1,9606.ENSP00000313875,9606.ENSP00000379350,string_interactions_short,0.465
CD46,CFB,9606.ENSP00000313875,9606.ENSP00000416561,string_interactions_short,0.724
CD74,VCAN,9606.ENSP00000009530,9606.ENSP00000265077,string_interactions_short,0.416
CD74,PIGX,9606.ENSP00000009530,9606.ENSP00000296333,string_interactions_short,0.428
CD74,LYVE1,9606.ENSP00000009530,9606.ENSP00000256178,string_interactions_short,0.487
CD74,HBB,9606.ENSP00000009530,9606.ENSP00000494175,string_interactions_short,0.487
CD74,EML4,9606.ENSP00000009530,9606.ENSP00000320663,string_interactions_short,0.546
CD74,SAR1B,9606.ENSP00000009530,9606.ENSP00000385432,string_interactions_short,0.563
CD74,DICER1,9606.ENSP00000009530,9606.ENSP00000437256,string_interactions_short,0.572
CD74,ENO1,9606.ENSP00000009530,9606.ENSP00000495530,string_interactions_short,0.586
CD74,EIF2S3,9606.ENSP00000009530,9606.ENSP00000253039,string_interactions_short,0.673
CD74,EIF5A,9606.ENSP00000009530,9606.ENSP00000336702,string_interactions_short,0.766
CD74,GFM1,9606.ENSP00000009530,9606.ENSP00000264263,string_interactions_short,0.806
CD74,SEC61A1,9606.ENSP00000009530,9606.ENSP00000243253,string_interactions_short,0.869
CD74,CTSB,9606.ENSP00000009530,9606.ENSP00000345672,string_interactions_short,0.954
CD74,RPS23,9606.ENSP00000009530,9606.ENSP00000296674,string_interactions_short,0.979
CD74,CTSS,9606.ENSP00000009530,9606.ENSP00000357981,string_interactions_short,0.981
CD74,CXCR4,9606.ENSP00000009530,9606.ENSP00000386884,string_interactions_short,0.994
CDC5L,CSNK2A1,9606.ENSP00000360532,9606.ENSP00000217244,string_interactions_short,0.488
CDC5L,DNAJC12,9606.ENSP00000360532,9606.ENSP00000225171,string_interactions_short,0.492
CDC5L,NAA50,9606.ENSP00000360532,9606.ENSP00000240922,string_interactions_short,0.555
CDC5L,FUS,9606.ENSP00000360532,9606.ENSP00000254108,string_interactions_short,0.566
CDC5L,SRSF1,9606.ENSP00000360532,9606.ENSP00000258962,string_interactions_short,0.957
CDC5L,GFM1,9606.ENSP00000360532,9606.ENSP00000264263,string_interactions_short,0.723
CDC5L,NIPBL,9606.ENSP00000360532,9606.ENSP00000282516,string_interactions_short,0.419
CDC5L,PRKDC,9606.ENSP00000360532,9606.ENSP00000313420,string_interactions_short,0.51
CDC5L,DHX15,9606.ENSP00000360532,9606.ENSP00000336741,string_interactions_short,0.996
CDC5L,PRPF4B,9606.ENSP00000360532,9606.ENSP00000337194,string_interactions_short,0.589
CDC5L,SMC4,9606.ENSP00000360532,9606.ENSP00000341382,string_interactions_short,0.5
CDC5L,WAC,9606.ENSP00000360532,9606.ENSP00000346986,string_interactions_short,0.828
CDC5L,SMC3,9606.ENSP00000360532,9606.ENSP00000354720,string_interactions_short,0.663
CDC5L,YWHAZ,9606.ENSP00000360532,9606.ENSP00000379287,string_interactions_short,0.402
CDC5L,TOP2A,9606.ENSP00000360532,9606.ENSP00000411532,string_interactions_short,0.565
CDC5L,HNRNPC,9606.ENSP00000360532,9606.ENSP00000451291,string_interactions_short,0.605
CDC5L,SRPK2,9606.ENSP00000360532,9606.ENSP00000377262,string_interactions_short,0.833
CDC5L,LSM4,9606.ENSP00000360532,9606.ENSP00000469468,string_interactions_short,0.838
CDH11,TGFB1,9606.ENSP00000268603,9606.ENSP00000221930,string_interactions_short,0.405
CDH11,COL1A1,9606.ENSP00000268603,9606.ENSP00000225964,string_interactions_short,0.64
CDH11,COL8A1,9606.ENSP00000268603,9606.ENSP00000261037,string_interactions_short,0.421
CDH11,MACF1,9606.ENSP00000268603,9606.ENSP00000354573,string_interactions_short,0.409
CDH11,ITGBL1,9606.ENSP00000268603,9606.ENSP00000365351,string_interactions_short,0.435
CDH11,COL11A1,9606.ENSP00000268603,9606.ENSP00000359114,string_interactions_short,0.455
CDH11,COL12A1,9606.ENSP00000268603,9606.ENSP00000325146,string_interactions_short,0.478
CDH11,FBN1,9606.ENSP00000268603,9606.ENSP00000325527,string_interactions_short,0.53
CDH11,COL5A1,9606.ENSP00000268603,9606.ENSP00000360882,string_interactions_short,0.648
CDH11,FN1,9606.ENSP00000268603,9606.ENSP00000346839,string_interactions_short,0.664
CDH11,COL5A2,9606.ENSP00000268603,9606.ENSP00000364000,string_interactions_short,0.676
CDH11,COL1A2,9606.ENSP00000268603,9606.ENSP00000297268,string_interactions_short,0.693
CDH11,CTNNA1,9606.ENSP00000268603,9606.ENSP00000304669,string_interactions_short,0.815
CELSR1,DAAM1,9606.ENSP00000262738,9606.ENSP00000378557,string_interactions_short,0.725
CENPU,EML4,9606.ENSP00000281453,9606.ENSP00000320663,string_interactions_short,0.513
CENPU,H2BC4,9606.ENSP00000281453,9606.ENSP00000321744,string_interactions_short,0.81
CFB,COL8A1,9606.ENSP00000416561,9606.ENSP00000261037,string_interactions_short,0.429
CFB,FN1,9606.ENSP00000416561,9606.ENSP00000346839,string_interactions_short,0.523
CFB,TF,9606.ENSP00000416561,9606.ENSP00000385834,string_interactions_short,0.457
CFB,CFD,9606.ENSP00000416561,9606.ENSP00000468253,string_interactions_short,0.997
CFD,SERPINE1,9606.ENSP00000468253,9606.ENSP00000223095,string_interactions_short,0.556
CFD,PLIN1,9606.ENSP00000468253,9606.ENSP00000300055,string_interactions_short,0.553
CFD,CIDEA,9606.ENSP00000468253,9606.ENSP00000320209,string_interactions_short,0.461
CFL1,UBE2M,9606.ENSP00000432660,9606.ENSP00000253023,string_interactions_short,0.657
CFL1,FABP4,9606.ENSP00000432660,9606.ENSP00000256104,string_interactions_short,0.409
CFL1,YWHAE,9606.ENSP00000432660,9606.ENSP00000264335,string_interactions_short,0.723
CFL1,NTRK2,9606.ENSP00000432660,9606.ENSP00000277120,string_interactions_short,0.414
CFL1,FN1,9606.ENSP00000432660,9606.ENSP00000346839,string_interactions_short,0.521
CFL1,GMFB,9606.ENSP00000432660,9606.ENSP00000350757,string_interactions_short,0.45
CFL1,TAGLN2,9606.ENSP00000432660,9606.ENSP00000357076,string_interactions_short,0.716
CFL1,DAAM1,9606.ENSP00000432660,9606.ENSP00000378557,string_interactions_short,0.406
CFL1,YWHAZ,9606.ENSP00000432660,9606.ENSP00000379287,string_interactions_short,0.888
CFL1,RHOA,9606.ENSP00000432660,9606.ENSP00000400175,string_interactions_short,0.962
CFL1,JAK1,9606.ENSP00000432660,9606.ENSP00000499900,string_interactions_short,0.523
CFL1,TPM4,9606.ENSP00000432660,9606.ENSP00000494125,string_interactions_short,0.63
CFL1,HSPH1,9606.ENSP00000432660,9606.ENSP00000487365,string_interactions_short,0.635
CFL1,ENO1,9606.ENSP00000432660,9606.ENSP00000495530,string_interactions_short,0.755
CFL1,TWF1,9606.ENSP00000432660,9606.ENSP00000449428,string_interactions_short,0.913
CHRDL1,GREM1,9606.ENSP00000361112,9606.ENSP00000498748,string_interactions_short,0.448
CIDEA,TRARG1,9606.ENSP00000320209,9606.ENSP00000329548,string_interactions_short,0.483
CIDEA,CIDEC,9606.ENSP00000320209,9606.ENSP00000373328,string_interactions_short,0.958
CILP,TGFB1,9606.ENSP00000261883,9606.ENSP00000221930,string_interactions_short,0.451
CILP,FN1,9606.ENSP00000261883,9606.ENSP00000346839,string_interactions_short,0.504
CILP,ITGBL1,9606.ENSP00000261883,9606.ENSP00000365351,string_interactions_short,0.517
CITED2,TFAP2A,9606.ENSP00000444198,9606.ENSP00000501092,string_interactions_short,0.989
CLDN3,KRT5,9606.ENSP00000378577,9606.ENSP00000252242,string_interactions_short,0.487
CLDN3,CLDN8,9606.ENSP00000378577,9606.ENSP00000382783,string_interactions_short,0.721
CLDND1,GOLGA7,9606.ENSP00000377735,9606.ENSP00000350378,string_interactions_short,0.814
COG5,MAN2A1,9606.ENSP00000297135,9606.ENSP00000261483,string_interactions_short,0.662
COG5,NAPA,9606.ENSP00000297135,9606.ENSP00000263354,string_interactions_short,0.526
COG5,RAB1A,9606.ENSP00000297135,9606.ENSP00000387286,string_interactions_short,0.416
COG5,DCTN4,9606.ENSP00000297135,9606.ENSP00000414906,string_interactions_short,0.503
COL10A1,MMP11,9606.ENSP00000327368,9606.ENSP00000215743,string_interactions_short,0.812
COL10A1,TGFB1,9606.ENSP00000327368,9606.ENSP00000221930,string_interactions_short,0.466
COL10A1,COMP,9606.ENSP00000327368,9606.ENSP00000222271,string_interactions_short,0.768
COL10A1,COL1A1,9606.ENSP00000327368,9606.ENSP00000225964,string_interactions_short,0.781
COL10A1,INHBA,9606.ENSP00000327368,9606.ENSP00000242208,string_interactions_short,0.46
COL10A1,COL8A1,9606.ENSP00000327368,9606.ENSP00000261037,string_interactions_short,0.781
COL10A1,COL1A2,9606.ENSP00000327368,9606.ENSP00000297268,string_interactions_short,0.755
COL10A1,MMP3,9606.ENSP00000327368,9606.ENSP00000299855,string_interactions_short,0.542
COL10A1,COL12A1,9606.ENSP00000327368,9606.ENSP00000325146,string_interactions_short,0.61
COL10A1,ITGBL1,9606.ENSP00000327368,9606.ENSP00000365351,string_interactions_short,0.412
COL10A1,LRRC15,9606.ENSP00000327368,9606.ENSP00000413707,string_interactions_short,0.439
COL10A1,COL6A6,9606.ENSP00000327368,9606.ENSP00000351310,string_interactions_short,0.509
COL10A1,ITGB1,9606.ENSP00000327368,9606.ENSP00000379350,string_interactions_short,0.551
COL10A1,COL8A2,9606.ENSP00000327368,9606.ENSP00000380901,string_interactions_short,0.552
COL10A1,COL6A1,9606.ENSP00000327368,9606.ENSP00000355180,string_interactions_short,0.568
COL10A1,POSTN,9606.ENSP00000327368,9606.ENSP00000369071,string_interactions_short,0.577
COL10A1,COL5A1,9606.ENSP00000327368,9606.ENSP00000360882,string_interactions_short,0.577
COL10A1,FN1,9606.ENSP00000327368,9606.ENSP00000346839,string_interactions_short,0.602
COL10A1,P4HB,9606.ENSP00000327368,9606.ENSP00000327801,string_interactions_short,0.701
COL10A1,COL5A2,9606.ENSP00000327368,9606.ENSP00000364000,string_interactions_short,0.753
COL10A1,COL11A1,9606.ENSP00000327368,9606.ENSP00000359114,string_interactions_short,0.877
COL11A1,MMP11,9606.ENSP00000359114,9606.ENSP00000215743,string_interactions_short,0.732
COL11A1,TGFB1,9606.ENSP00000359114,9606.ENSP00000221930,string_interactions_short,0.569
COL11A1,COMP,9606.ENSP00000359114,9606.ENSP00000222271,string_interactions_short,0.603
COL11A1,COL1A1,9606.ENSP00000359114,9606.ENSP00000225964,string_interactions_short,0.965
COL11A1,INHBA,9606.ENSP00000359114,9606.ENSP00000242208,string_interactions_short,0.478
COL11A1,THBS1,9606.ENSP00000359114,9606.ENSP00000260356,string_interactions_short,0.585
COL11A1,COL8A1,9606.ENSP00000359114,9606.ENSP00000261037,string_interactions_short,0.618
COL11A1,VCAN,9606.ENSP00000359114,9606.ENSP00000265077,string_interactions_short,0.498
COL11A1,PCOLCE2,9606.ENSP00000359114,9606.ENSP00000295992,string_interactions_short,0.608
COL11A1,COL1A2,9606.ENSP00000359114,9606.ENSP00000297268,string_interactions_short,0.992
COL11A1,MMP3,9606.ENSP00000359114,9606.ENSP00000299855,string_interactions_short,0.443
COL11A1,COL12A1,9606.ENSP00000359114,9606.ENSP00000325146,string_interactions_short,0.678
COL11A1,FBN1,9606.ENSP00000359114,9606.ENSP00000325527,string_interactions_short,0.602
COL11A1,P4HB,9606.ENSP00000359114,9606.ENSP00000327801,string_interactions_short,0.52
COL11A1,FN1,9606.ENSP00000359114,9606.ENSP00000346839,string_interactions_short,0.511
COL11A1,COL6A6,9606.ENSP00000359114,9606.ENSP00000351310,string_interactions_short,0.527
COL11A1,COL6A1,9606.ENSP00000359114,9606.ENSP00000355180,string_interactions_short,0.759
COL11A1,LAMB3,9606.ENSP00000359114,9606.ENSP00000375778,string_interactions_short,0.411
COL11A1,LRRC15,9606.ENSP00000359114,9606.ENSP00000413707,string_interactions_short,0.525
COL11A1,COL8A2,9606.ENSP00000359114,9606.ENSP00000380901,string_interactions_short,0.584
COL11A1,POSTN,9606.ENSP00000359114,9606.ENSP00000369071,string_interactions_short,0.648
COL11A1,COL5A1,9606.ENSP00000359114,9606.ENSP00000360882,string_interactions_short,0.877
COL11A1,COL5A2,9606.ENSP00000359114,9606.ENSP00000364000,string_interactions_short,0.976
COL12A1,NID2,9606.ENSP00000325146,9606.ENSP00000216286,string_interactions_short,0.468
COL12A1,COMP,9606.ENSP00000325146,9606.ENSP00000222271,string_interactions_short,0.533
COL12A1,COL1A1,9606.ENSP00000325146,9606.ENSP00000225964,string_interactions_short,0.836
COL12A1,THBS1,9606.ENSP00000325146,9606.ENSP00000260356,string_interactions_short,0.529
COL12A1,COL8A1,9606.ENSP00000325146,9606.ENSP00000261037,string_interactions_short,0.67
COL12A1,VCAN,9606.ENSP00000325146,9606.ENSP00000265077,string_interactions_short,0.637
COL12A1,COL1A2,9606.ENSP00000325146,9606.ENSP00000297268,string_interactions_short,0.793
COL12A1,MMP3,9606.ENSP00000325146,9606.ENSP00000299855,string_interactions_short,0.425
COL12A1,ITGBL1,9606.ENSP00000325146,9606.ENSP00000365351,string_interactions_short,0.441
COL12A1,FN1,9606.ENSP00000325146,9606.ENSP00000346839,string_interactions_short,0.447
COL12A1,COL6A6,9606.ENSP00000325146,9606.ENSP00000351310,string_interactions_short,0.505
COL12A1,P4HB,9606.ENSP00000325146,9606.ENSP00000327801,string_interactions_short,0.526
COL12A1,LAMB3,9606.ENSP00000325146,9606.ENSP00000375778,string_interactions_short,0.529
COL12A1,ITGB1,9606.ENSP00000325146,9606.ENSP00000379350,string_interactions_short,0.55
COL12A1,COL8A2,9606.ENSP00000325146,9606.ENSP00000380901,string_interactions_short,0.646
COL12A1,FBN1,9606.ENSP00000325146,9606.ENSP00000325527,string_interactions_short,0.667
COL12A1,POSTN,9606.ENSP00000325146,9606.ENSP00000369071,string_interactions_short,0.669
COL12A1,COL6A1,9606.ENSP00000325146,9606.ENSP00000355180,string_interactions_short,0.781
COL12A1,COL5A1,9606.ENSP00000325146,9606.ENSP00000360882,string_interactions_short,0.792
COL12A1,COL5A2,9606.ENSP00000325146,9606.ENSP00000364000,string_interactions_short,0.861
COL1A1,KRT14,9606.ENSP00000225964,9606.ENSP00000167586,string_interactions_short,0.404
COL1A1,MMP11,9606.ENSP00000225964,9606.ENSP00000215743,string_interactions_short,0.692
COL1A1,NID2,9606.ENSP00000225964,9606.ENSP00000216286,string_interactions_short,0.643
COL1A1,TGFB1,9606.ENSP00000225964,9606.ENSP00000221930,string_interactions_short,0.802
COL1A1,COMP,9606.ENSP00000225964,9606.ENSP00000222271,string_interactions_short,0.636
COL1A1,SERPINE1,9606.ENSP00000225964,9606.ENSP00000223095,string_interactions_short,0.643
COL1A1,PLAU,9606.ENSP00000225964,9606.ENSP00000361850,string_interactions_short,0.411
COL1A1,LAMB3,9606.ENSP00000225964,9606.ENSP00000375778,string_interactions_short,0.421
COL1A1,ITGBL1,9606.ENSP00000225964,9606.ENSP00000365351,string_interactions_short,0.433
COL1A1,ESR1,9606.ENSP00000225964,9606.ENSP00000405330,string_interactions_short,0.443
COL1A1,INHBA,9606.ENSP00000225964,9606.ENSP00000242208,string_interactions_short,0.446
COL1A1,HSP90AB1,9606.ENSP00000225964,9606.ENSP00000360609,string_interactions_short,0.469
COL1A1,COL6A6,9606.ENSP00000225964,9606.ENSP00000351310,string_interactions_short,0.539
COL1A1,VCAN,9606.ENSP00000225964,9606.ENSP00000265077,string_interactions_short,0.585
COL1A1,COL8A2,9606.ENSP00000225964,9606.ENSP00000380901,string_interactions_short,0.592
COL1A1,FOS,9606.ENSP00000225964,9606.ENSP00000306245,string_interactions_short,0.669
COL1A1,MMP3,9606.ENSP00000225964,9606.ENSP00000299855,string_interactions_short,0.678
COL1A1,LOXL1,9606.ENSP00000225964,9606.ENSP00000261921,string_interactions_short,0.689
COL1A1,PCOLCE2,9606.ENSP00000225964,9606.ENSP00000295992,string_interactions_short,0.703
COL1A1,ITGA7,9606.ENSP00000225964,9606.ENSP00000452120,string_interactions_short,0.75
COL1A1,P4HB,9606.ENSP00000225964,9606.ENSP00000327801,string_interactions_short,0.763
COL1A1,COL8A1,9606.ENSP00000225964,9606.ENSP00000261037,string_interactions_short,0.765
COL1A1,THBS1,9606.ENSP00000225964,9606.ENSP00000260356,string_interactions_short,0.896
COL1A1,POSTN,9606.ENSP00000225964,9606.ENSP00000369071,string_interactions_short,0.903
COL1A1,FBN1,9606.ENSP00000225964,9606.ENSP00000325527,string_interactions_short,0.929
COL1A1,RUNX2,9606.ENSP00000225964,9606.ENSP00000360493,string_interactions_short,0.955
COL1A1,COL6A1,9606.ENSP00000225964,9606.ENSP00000355180,string_interactions_short,0.969
COL1A1,FN1,9606.ENSP00000225964,9606.ENSP00000346839,string_interactions_short,0.974
COL1A1,ITGB1,9606.ENSP00000225964,9606.ENSP00000379350,string_interactions_short,0.984
COL1A1,COL5A1,9606.ENSP00000225964,9606.ENSP00000360882,string_interactions_short,0.994
COL1A1,COL5A2,9606.ENSP00000225964,9606.ENSP00000364000,string_interactions_short,0.995
COL1A1,COL1A2,9606.ENSP00000225964,9606.ENSP00000297268,string_interactions_short,0.999
COL1A2,KRT14,9606.ENSP00000297268,9606.ENSP00000167586,string_interactions_short,0.565
COL1A2,MMP11,9606.ENSP00000297268,9606.ENSP00000215743,string_interactions_short,0.41
COL1A2,NID2,9606.ENSP00000297268,9606.ENSP00000216286,string_interactions_short,0.536
COL1A2,TGFB1,9606.ENSP00000297268,9606.ENSP00000221930,string_interactions_short,0.804
COL1A2,COMP,9606.ENSP00000297268,9606.ENSP00000222271,string_interactions_short,0.551
COL1A2,SERPINE1,9606.ENSP00000297268,9606.ENSP00000223095,string_interactions_short,0.694
COL1A2,INHBA,9606.ENSP00000297268,9606.ENSP00000242208,string_interactions_short,0.599
COL1A2,THBS1,9606.ENSP00000297268,9606.ENSP00000260356,string_interactions_short,0.59
COL1A2,COL8A1,9606.ENSP00000297268,9606.ENSP00000261037,string_interactions_short,0.771
COL1A2,LOXL1,9606.ENSP00000297268,9606.ENSP00000261921,string_interactions_short,0.638
COL1A2,VCAN,9606.ENSP00000297268,9606.ENSP00000265077,string_interactions_short,0.756
COL1A2,PCOLCE2,9606.ENSP00000297268,9606.ENSP00000295992,string_interactions_short,0.638
COL1A2,ITGBL1,9606.ENSP00000297268,9606.ENSP00000365351,string_interactions_short,0.415
COL1A2,SLC2A10,9606.ENSP00000297268,9606.ENSP00000352216,string_interactions_short,0.455
COL1A2,COL6A6,9606.ENSP00000297268,9606.ENSP00000351310,string_interactions_short,0.539
COL1A2,COL8A2,9606.ENSP00000297268,9606.ENSP00000380901,string_interactions_short,0.574
COL1A2,P4HB,9606.ENSP00000297268,9606.ENSP00000327801,string_interactions_short,0.662
COL1A2,MMP3,9606.ENSP00000297268,9606.ENSP00000299855,string_interactions_short,0.68
COL1A2,ITGA7,9606.ENSP00000297268,9606.ENSP00000452120,string_interactions_short,0.727
COL1A2,COL6A1,9606.ENSP00000297268,9606.ENSP00000355180,string_interactions_short,0.875
COL1A2,POSTN,9606.ENSP00000297268,9606.ENSP00000369071,string_interactions_short,0.918
COL1A2,FBN1,9606.ENSP00000297268,9606.ENSP00000325527,string_interactions_short,0.965
COL1A2,FN1,9606.ENSP00000297268,9606.ENSP00000346839,string_interactions_short,0.982
COL1A2,ITGB1,9606.ENSP00000297268,9606.ENSP00000379350,string_interactions_short,0.988
COL1A2,COL5A1,9606.ENSP00000297268,9606.ENSP00000360882,string_interactions_short,0.989
COL1A2,COL5A2,9606.ENSP00000297268,9606.ENSP00000364000,string_interactions_short,0.998
COL5A1,MMP11,9606.ENSP00000360882,9606.ENSP00000215743,string_interactions_short,0.405
COL5A1,NID2,9606.ENSP00000360882,9606.ENSP00000216286,string_interactions_short,0.582
COL5A1,TGFB1,9606.ENSP00000360882,9606.ENSP00000221930,string_interactions_short,0.659
COL5A1,SERPINE1,9606.ENSP00000360882,9606.ENSP00000223095,string_interactions_short,0.432
COL5A1,THBS1,9606.ENSP00000360882,9606.ENSP00000260356,string_interactions_short,0.653
COL5A1,COL8A1,9606.ENSP00000360882,9606.ENSP00000261037,string_interactions_short,0.725
COL5A1,LOXL1,9606.ENSP00000360882,9606.ENSP00000261921,string_interactions_short,0.584
COL5A1,VCAN,9606.ENSP00000360882,9606.ENSP00000265077,string_interactions_short,0.631
COL5A1,PCOLCE2,9606.ENSP00000360882,9606.ENSP00000295992,string_interactions_short,0.58
COL5A1,MMP3,9606.ENSP00000360882,9606.ENSP00000299855,string_interactions_short,0.493
COL5A1,FBN1,9606.ENSP00000360882,9606.ENSP00000325527,string_interactions_short,0.929
COL5A1,P4HB,9606.ENSP00000360882,9606.ENSP00000327801,string_interactions_short,0.557
COL5A1,FN1,9606.ENSP00000360882,9606.ENSP00000346839,string_interactions_short,0.84
COL5A1,COL6A6,9606.ENSP00000360882,9606.ENSP00000351310,string_interactions_short,0.518
COL5A1,SLC2A10,9606.ENSP00000360882,9606.ENSP00000352216,string_interactions_short,0.547
COL5A1,COL6A1,9606.ENSP00000360882,9606.ENSP00000355180,string_interactions_short,0.879
COL5A1,LAMB3,9606.ENSP00000360882,9606.ENSP00000375778,string_interactions_short,0.41
COL5A1,POSTN,9606.ENSP00000360882,9606.ENSP00000369071,string_interactions_short,0.78
COL5A1,COL8A2,9606.ENSP00000360882,9606.ENSP00000380901,string_interactions_short,0.812
COL5A1,COL5A2,9606.ENSP00000360882,9606.ENSP00000364000,string_interactions_short,0.996
COL5A2,MMP11,9606.ENSP00000364000,9606.ENSP00000215743,string_interactions_short,0.424
COL5A2,NID2,9606.ENSP00000364000,9606.ENSP00000216286,string_interactions_short,0.557
COL5A2,KRT5,9606.ENSP00000364000,9606.ENSP00000252242,string_interactions_short,0.432
COL5A2,COL8A1,9606.ENSP00000364000,9606.ENSP00000261037,string_interactions_short,0.647
COL5A2,LOXL1,9606.ENSP00000364000,9606.ENSP00000261921,string_interactions_short,0.529
COL5A2,VCAN,9606.ENSP00000364000,9606.ENSP00000265077,string_interactions_short,0.589
COL5A2,PCOLCE2,9606.ENSP00000364000,9606.ENSP00000295992,string_interactions_short,0.585
COL5A2,MMP3,9606.ENSP00000364000,9606.ENSP00000299855,string_interactions_short,0.408
COL5A2,FBN1,9606.ENSP00000364000,9606.ENSP00000325527,string_interactions_short,0.924
COL5A2,P4HB,9606.ENSP00000364000,9606.ENSP00000327801,string_interactions_short,0.583
COL5A2,FN1,9606.ENSP00000364000,9606.ENSP00000346839,string_interactions_short,0.83
COL5A2,COL6A6,9606.ENSP00000364000,9606.ENSP00000351310,string_interactions_short,0.552
COL5A2,SLC2A10,9606.ENSP00000364000,9606.ENSP00000352216,string_interactions_short,0.584
COL5A2,COL6A1,9606.ENSP00000364000,9606.ENSP00000355180,string_interactions_short,0.904
COL5A2,PLAU,9606.ENSP00000364000,9606.ENSP00000361850,string_interactions_short,0.542
COL5A2,ITGBL1,9606.ENSP00000364000,9606.ENSP00000365351,string_interactions_short,0.424
COL5A2,COL8A2,9606.ENSP00000364000,9606.ENSP00000380901,string_interactions_short,0.574
COL5A2,POSTN,9606.ENSP00000364000,9606.ENSP00000369071,string_interactions_short,0.792
COL6A1,NID2,9606.ENSP00000355180,9606.ENSP00000216286,string_interactions_short,0.519
COL6A1,TGFB1,9606.ENSP00000355180,9606.ENSP00000221930,string_interactions_short,0.401
COL6A1,COMP,9606.ENSP00000355180,9606.ENSP00000222271,string_interactions_short,0.426
COL6A1,PPIF,9606.ENSP00000355180,9606.ENSP00000225174,string_interactions_short,0.649
COL6A1,THBS1,9606.ENSP00000355180,9606.ENSP00000260356,string_interactions_short,0.778
COL6A1,COL8A1,9606.ENSP00000355180,9606.ENSP00000261037,string_interactions_short,0.658
COL6A1,LOXL1,9606.ENSP00000355180,9606.ENSP00000261921,string_interactions_short,0.488
COL6A1,TIMP3,9606.ENSP00000355180,9606.ENSP00000266085,string_interactions_short,0.557
COL6A1,PCOLCE2,9606.ENSP00000355180,9606.ENSP00000295992,string_interactions_short,0.51
COL6A1,MMP3,9606.ENSP00000355180,9606.ENSP00000299855,string_interactions_short,0.411
COL6A1,FBN1,9606.ENSP00000355180,9606.ENSP00000325527,string_interactions_short,0.743
COL6A1,P4HB,9606.ENSP00000355180,9606.ENSP00000327801,string_interactions_short,0.606
COL6A1,FN1,9606.ENSP00000355180,9606.ENSP00000346839,string_interactions_short,0.78
COL6A1,COL6A6,9606.ENSP00000355180,9606.ENSP00000351310,string_interactions_short,0.562
COL6A1,LAMB3,9606.ENSP00000355180,9606.ENSP00000375778,string_interactions_short,0.459
COL6A1,PLAU,9606.ENSP00000355180,9606.ENSP00000361850,string_interactions_short,0.524
COL6A1,SPP1,9606.ENSP00000355180,9606.ENSP00000378517,string_interactions_short,0.567
COL6A1,COL8A2,9606.ENSP00000355180,9606.ENSP00000380901,string_interactions_short,0.631
COL6A1,POSTN,9606.ENSP00000355180,9606.ENSP00000369071,string_interactions_short,0.677
COL6A1,ITGB1,9606.ENSP00000355180,9606.ENSP00000379350,string_interactions_short,0.776
COL6A1,ITGA7,9606.ENSP00000355180,9606.ENSP00000452120,string_interactions_short,0.796
COL6A6,THBS1,9606.ENSP00000351310,9606.ENSP00000260356,string_interactions_short,0.512
COL6A6,COL8A1,9606.ENSP00000351310,9606.ENSP00000261037,string_interactions_short,0.502
COL6A6,P4HB,9606.ENSP00000351310,9606.ENSP00000327801,string_interactions_short,0.508
COL6A6,SPP1,9606.ENSP00000351310,9606.ENSP00000378517,string_interactions_short,0.416
COL6A6,COL8A2,9606.ENSP00000351310,9606.ENSP00000380901,string_interactions_short,0.536
COL6A6,ITGB1,9606.ENSP00000351310,9606.ENSP00000379350,string_interactions_short,0.706
COL6A6,ITGA7,9606.ENSP00000351310,9606.ENSP00000452120,string_interactions_short,0.738
COL8A1,NID2,9606.ENSP00000261037,9606.ENSP00000216286,string_interactions_short,0.402
COL8A1,THBS1,9606.ENSP00000261037,9606.ENSP00000260356,string_interactions_short,0.432
COL8A1,FN1,9606.ENSP00000261037,9606.ENSP00000346839,string_interactions_short,0.448
COL8A1,P4HB,9606.ENSP00000261037,9606.ENSP00000327801,string_interactions_short,0.526
COL8A1,ITGBL1,9606.ENSP00000261037,9606.ENSP00000365351,string_interactions_short,0.536
COL8A1,POSTN,9606.ENSP00000261037,9606.ENSP00000369071,string_interactions_short,0.553
COL8A1,FBN1,9606.ENSP00000261037,9606.ENSP00000325527,string_interactions_short,0.586
COL8A1,COL8A2,9606.ENSP00000261037,9606.ENSP00000380901,string_interactions_short,0.927
COL8A2,FBN1,9606.ENSP00000380901,9606.ENSP00000325527,string_interactions_short,0.403
COL8A2,P4HB,9606.ENSP00000380901,9606.ENSP00000327801,string_interactions_short,0.571
COL8A2,FN1,9606.ENSP00000380901,9606.ENSP00000346839,string_interactions_short,0.585
COMMD10,UBE2M,9606.ENSP00000274458,9606.ENSP00000253023,string_interactions_short,0.513
COMMD10,WSB1,9606.ENSP00000274458,9606.ENSP00000262394,string_interactions_short,0.499
COMMD10,COPS8,9606.ENSP00000274458,9606.ENSP00000346340,string_interactions_short,0.471
COMMD10,KLHL13,9606.ENSP00000274458,9606.ENSP00000419803,string_interactions_short,0.499
COMMD10,LRRC41,9606.ENSP00000274458,9606.ENSP00000477792,string_interactions_short,0.504
COMMD10,DDA1,9606.ENSP00000274458,9606.ENSP00000352928,string_interactions_short,0.521
COMMD10,DCAF10,9606.ENSP00000274458,9606.ENSP00000366953,string_interactions_short,0.544
COMP,TGFB1,9606.ENSP00000222271,9606.ENSP00000221930,string_interactions_short,0.65
COMP,P4HB,9606.ENSP00000222271,9606.ENSP00000327801,string_interactions_short,0.402
COMP,ITGBL1,9606.ENSP00000222271,9606.ENSP00000365351,string_interactions_short,0.437
COMP,LRG1,9606.ENSP00000222271,9606.ENSP00000302621,string_interactions_short,0.449
COMP,MUC1,9606.ENSP00000222271,9606.ENSP00000484824,string_interactions_short,0.497
COMP,POSTN,9606.ENSP00000222271,9606.ENSP00000369071,string_interactions_short,0.501
COMP,ITGA7,9606.ENSP00000222271,9606.ENSP00000452120,string_interactions_short,0.666
COMP,ITGB1,9606.ENSP00000222271,9606.ENSP00000379350,string_interactions_short,0.923
COPS8,UBE2M,9606.ENSP00000346340,9606.ENSP00000253023,string_interactions_short,0.571
COPS8,DCAF10,9606.ENSP00000346340,9606.ENSP00000366953,string_interactions_short,0.408
COPS8,DDA1,9606.ENSP00000346340,9606.ENSP00000352928,string_interactions_short,0.604
CPA3,TPSB2,9606.ENSP00000296046,9606.ENSP00000482743,string_interactions_short,0.875
CPA3,TPSAB1,9606.ENSP00000296046,9606.ENSP00000343577,string_interactions_short,0.945
CPEB4,TOB1,9606.ENSP00000265085,9606.ENSP00000427695,string_interactions_short,0.631
CPEB4,TENT2,9606.ENSP00000265085,9606.ENSP00000397563,string_interactions_short,0.682
CRYAB,DNAJB1,9606.ENSP00000433560,9606.ENSP00000254322,string_interactions_short,0.73
CRYAB,HSPB2,9606.ENSP00000433560,9606.ENSP00000302476,string_interactions_short,0.921
CRYAB,DMD,9606.ENSP00000433560,9606.ENSP00000354923,string_interactions_short,0.459
CRYAB,HSP90AB1,9606.ENSP00000433560,9606.ENSP00000360609,string_interactions_short,0.718
CSNK1A1,HNRNPC,9606.ENSP00000261798,9606.ENSP00000451291,string_interactions_short,0.425
CSNK1A1,PPP1R14A,9606.ENSP00000261798,9606.ENSP00000301242,string_interactions_short,0.524
CSNK1A1,PPP2R5C,9606.ENSP00000261798,9606.ENSP00000412324,string_interactions_short,0.59
CSNK1A1,DVL3,9606.ENSP00000261798,9606.ENSP00000316054,string_interactions_short,0.676
CSNK1A1,YWHAZ,9606.ENSP00000261798,9606.ENSP00000379287,string_interactions_short,0.772
CSNK1A1,RPS23,9606.ENSP00000261798,9606.ENSP00000296674,string_interactions_short,0.802
CSNK2A1,MAPK1,9606.ENSP00000217244,9606.ENSP00000215832,string_interactions_short,0.649
CSNK2A1,FUS,9606.ENSP00000217244,9606.ENSP00000254108,string_interactions_short,0.4
CSNK2A1,STIP1,9606.ENSP00000217244,9606.ENSP00000351646,string_interactions_short,0.414
CSNK2A1,HNRNPC,9606.ENSP00000217244,9606.ENSP00000451291,string_interactions_short,0.426
CSNK2A1,TBL1XR1,9606.ENSP00000217244,9606.ENSP00000405574,string_interactions_short,0.43
CSNK2A1,FOS,9606.ENSP00000217244,9606.ENSP00000306245,string_interactions_short,0.457
CSNK2A1,PRKDC,9606.ENSP00000217244,9606.ENSP00000313420,string_interactions_short,0.503
CSNK2A1,SMC4,9606.ENSP00000217244,9606.ENSP00000341382,string_interactions_short,0.511
CSNK2A1,CTNNA1,9606.ENSP00000217244,9606.ENSP00000304669,string_interactions_short,0.546
CSNK2A1,SRSF1,9606.ENSP00000217244,9606.ENSP00000258962,string_interactions_short,0.551
CSNK2A1,HSP90AB1,9606.ENSP00000217244,9606.ENSP00000360609,string_interactions_short,0.559
CSNK2A1,TOP2A,9606.ENSP00000217244,9606.ENSP00000411532,string_interactions_short,0.711
CSNK2A1,MME,9606.ENSP00000217244,9606.ENSP00000418525,string_interactions_short,0.713
CSNK2A1,NOLC1,9606.ENSP00000217244,9606.ENSP00000385410,string_interactions_short,0.746
CSNK2A1,DVL3,9606.ENSP00000217244,9606.ENSP00000316054,string_interactions_short,0.949
CSTA,SERPINE1,9606.ENSP00000264474,9606.ENSP00000223095,string_interactions_short,0.595
CSTA,DSG2,9606.ENSP00000264474,9606.ENSP00000261590,string_interactions_short,0.543
CSTA,SLPI,9606.ENSP00000264474,9606.ENSP00000342082,string_interactions_short,0.4
CSTA,PTN,9606.ENSP00000264474,9606.ENSP00000341170,string_interactions_short,0.447
CSTA,PLAU,9606.ENSP00000264474,9606.ENSP00000361850,string_interactions_short,0.612
CSTA,CTSS,9606.ENSP00000264474,9606.ENSP00000357981,string_interactions_short,0.921
CSTA,CTSB,9606.ENSP00000264474,9606.ENSP00000345672,string_interactions_short,0.998
CTNNA1,YWHAH,9606.ENSP00000304669,9606.ENSP00000248975,string_interactions_short,0.923
CTNNA1,DSG2,9606.ENSP00000304669,9606.ENSP00000261590,string_interactions_short,0.485
CTNNA1,YWHAE,9606.ENSP00000304669,9606.ENSP00000264335,string_interactions_short,0.912
CTNNA1,MAPRE1,9606.ENSP00000304669,9606.ENSP00000364721,string_interactions_short,0.492
CTNNA1,VAV3,9606.ENSP00000304669,9606.ENSP00000359073,string_interactions_short,0.51
CTNNA1,RHOA,9606.ENSP00000304669,9606.ENSP00000400175,string_interactions_short,0.523
CTNNA1,DMD,9606.ENSP00000304669,9606.ENSP00000354923,string_interactions_short,0.533
CTNNA1,YWHAZ,9606.ENSP00000304669,9606.ENSP00000379287,string_interactions_short,0.914
CTSB,SERPINE1,9606.ENSP00000345672,9606.ENSP00000223095,string_interactions_short,0.725
CTSB,PPIF,9606.ENSP00000345672,9606.ENSP00000225174,string_interactions_short,0.507
CTSB,TPP1,9606.ENSP00000345672,9606.ENSP00000299427,string_interactions_short,0.558
CTSB,MMP3,9606.ENSP00000345672,9606.ENSP00000299855,string_interactions_short,0.67
CTSB,LAMP1,9606.ENSP00000345672,9606.ENSP00000333298,string_interactions_short,0.812
CTSB,HSP90AB1,9606.ENSP00000345672,9606.ENSP00000360609,string_interactions_short,0.423
CTSB,RHOA,9606.ENSP00000345672,9606.ENSP00000400175,string_interactions_short,0.564
CTSB,PLAU,9606.ENSP00000345672,9606.ENSP00000361850,string_interactions_short,0.88
CTSB,CTSS,9606.ENSP00000345672,9606.ENSP00000357981,string_interactions_short,0.958
CTSS,MMP3,9606.ENSP00000357981,9606.ENSP00000299855,string_interactions_short,0.711
CTSS,LAMP1,9606.ENSP00000357981,9606.ENSP00000333298,string_interactions_short,0.739
CX3CL1,ITGB1,9606.ENSP00000006053,9606.ENSP00000379350,string_interactions_short,0.441
CX3CL1,FN1,9606.ENSP00000006053,9606.ENSP00000346839,string_interactions_short,0.562
CX3CL1,TGFB1,9606.ENSP00000006053,9606.ENSP00000221930,string_interactions_short,0.653
CX3CL1,GNB1,9606.ENSP00000006053,9606.ENSP00000367872,string_interactions_short,0.8
CX3CL1,CXCL9,9606.ENSP00000006053,9606.ENSP00000354901,string_interactions_short,0.926
CX3CL1,CXCL10,9606.ENSP00000006053,9606.ENSP00000305651,string_interactions_short,0.948
CX3CL1,CXCR4,9606.ENSP00000006053,9606.ENSP00000386884,string_interactions_short,0.995
CXCL10,REL,9606.ENSP00000305651,9606.ENSP00000295025,string_interactions_short,0.401
CXCL10,CXCR4,9606.ENSP00000305651,9606.ENSP00000386884,string_interactions_short,0.997
CXCL10,CXCL9,9606.ENSP00000305651,9606.ENSP00000354901,string_interactions_short,0.999
CXCL9,CXCR4,9606.ENSP00000354901,9606.ENSP00000386884,string_interactions_short,0.994
CXCR4,TGFB1,9606.ENSP00000386884,9606.ENSP00000221930,string_interactions_short,0.794
CXCR4,NOTCH2,9606.ENSP00000386884,9606.ENSP00000256646,string_interactions_short,0.42
CXCR4,THBS1,9606.ENSP00000386884,9606.ENSP00000260356,string_interactions_short,0.461
CXCR4,REL,9606.ENSP00000386884,9606.ENSP00000295025,string_interactions_short,0.458
CXCR4,PLAU,9606.ENSP00000386884,9606.ENSP00000361850,string_interactions_short,0.515
CXCR4,GNB1,9606.ENSP00000386884,9606.ENSP00000367872,string_interactions_short,0.919
CXCR4,RHOH,9606.ENSP00000386884,9606.ENSP00000371219,string_interactions_short,0.602
CXCR4,MUC1,9606.ENSP00000386884,9606.ENSP00000484824,string_interactions_short,0.402
CXCR4,RELN,9606.ENSP00000386884,9606.ENSP00000392423,string_interactions_short,0.454
CXCR4,JAK1,9606.ENSP00000386884,9606.ENSP00000499900,string_interactions_short,0.481
CXCR4,RHOA,9606.ENSP00000386884,9606.ENSP00000400175,string_interactions_short,0.608
CYB5R3,HBA2,9606.ENSP00000354468,9606.ENSP00000251595,string_interactions_short,0.923
CYB5R3,GLUL,9606.ENSP00000354468,9606.ENSP00000307900,string_interactions_short,0.476
CYB5R3,VDAC1,9606.ENSP00000354468,9606.ENSP00000378487,string_interactions_short,0.497
CYB5R3,HBB,9606.ENSP00000354468,9606.ENSP00000494175,string_interactions_short,0.847
DAAM1,VAMP3,9606.ENSP00000378557,9606.ENSP00000054666,string_interactions_short,0.436
DAAM1,DVL3,9606.ENSP00000378557,9606.ENSP00000316054,string_interactions_short,0.948
DAAM1,RHOH,9606.ENSP00000378557,9606.ENSP00000371219,string_interactions_short,0.429
DAAM1,RHOA,9606.ENSP00000378557,9606.ENSP00000400175,string_interactions_short,0.996
DACT1,DVL3,9606.ENSP00000337439,9606.ENSP00000316054,string_interactions_short,0.758
DAZAP2,HIP1,9606.ENSP00000448051,9606.ENSP00000336747,string_interactions_short,0.47
DAZAP2,REEP1,9606.ENSP00000448051,9606.ENSP00000392197,string_interactions_short,0.493
DAZAP2,RBFOX2,9606.ENSP00000448051,9606.ENSP00000413035,string_interactions_short,0.61
DCAF10,UBE2M,9606.ENSP00000366953,9606.ENSP00000253023,string_interactions_short,0.524
DCAF10,DDA1,9606.ENSP00000366953,9606.ENSP00000352928,string_interactions_short,0.915
DCTN4,FKBP4,9606.ENSP00000414906,9606.ENSP00000001008,string_interactions_short,0.411
DCTN4,RAB5A,9606.ENSP00000414906,9606.ENSP00000273047,string_interactions_short,0.532
DCTN4,PGR,9606.ENSP00000414906,9606.ENSP00000325120,string_interactions_short,0.4
DCTN4,RAB3GAP2,9606.ENSP00000414906,9606.ENSP00000351832,string_interactions_short,0.613
DCTN4,HSP90AB1,9606.ENSP00000414906,9606.ENSP00000360609,string_interactions_short,0.435
DDA1,UBE2M,9606.ENSP00000352928,9606.ENSP00000253023,string_interactions_short,0.709
DGAT2,SCD5,9606.ENSP00000228027,9606.ENSP00000316329,string_interactions_short,0.449
DGAT2,PLIN4,9606.ENSP00000228027,9606.ENSP00000488481,string_interactions_short,0.58
DGAT2,PLIN1,9606.ENSP00000228027,9606.ENSP00000300055,string_interactions_short,0.69
DGAT2,PLPP4,9606.ENSP00000228027,9606.ENSP00000381302,string_interactions_short,0.951
DHX15,FUS,9606.ENSP00000336741,9606.ENSP00000254108,string_interactions_short,0.63
DHX15,SRSF1,9606.ENSP00000336741,9606.ENSP00000258962,string_interactions_short,0.763
DHX15,RRM1,9606.ENSP00000336741,9606.ENSP00000300738,string_interactions_short,0.415
DHX15,PARP9,9606.ENSP00000336741,9606.ENSP00000353512,string_interactions_short,0.42
DHX15,SECISBP2,9606.ENSP00000336741,9606.ENSP00000364965,string_interactions_short,0.466
DHX15,DICER1,9606.ENSP00000336741,9606.ENSP00000437256,string_interactions_short,0.481
DHX15,SRPK2,9606.ENSP00000336741,9606.ENSP00000377262,string_interactions_short,0.52
DHX15,SRSF10,9606.ENSP00000336741,9606.ENSP00000420195,string_interactions_short,0.54
DHX15,PRPF4,9606.ENSP00000336741,9606.ENSP00000363313,string_interactions_short,0.55
DHX15,HNRNPF,9606.ENSP00000336741,9606.ENSP00000400433,string_interactions_short,0.666
DHX15,XRN2,9606.ENSP00000336741,9606.ENSP00000366396,string_interactions_short,0.712
DHX15,SRSF3,9606.ENSP00000336741,9606.ENSP00000362820,string_interactions_short,0.754
DHX15,HNRNPC,9606.ENSP00000336741,9606.ENSP00000451291,string_interactions_short,0.762
DHX15,NOLC1,9606.ENSP00000336741,9606.ENSP00000385410,string_interactions_short,0.801
DICER1,MAPK1,9606.ENSP00000437256,9606.ENSP00000215832,string_interactions_short,0.598
DICER1,PPIF,9606.ENSP00000437256,9606.ENSP00000225174,string_interactions_short,0.427
DICER1,FUS,9606.ENSP00000437256,9606.ENSP00000254108,string_interactions_short,0.848
DICER1,SRSF1,9606.ENSP00000437256,9606.ENSP00000258962,string_interactions_short,0.403
DICER1,MBNL1,9606.ENSP00000437256,9606.ENSP00000282486,string_interactions_short,0.436
DICER1,RPS23,9606.ENSP00000437256,9606.ENSP00000296674,string_interactions_short,0.664
DICER1,HSPD1,9606.ENSP00000437256,9606.ENSP00000340019,string_interactions_short,0.444
DICER1,HSP90AB1,9606.ENSP00000437256,9606.ENSP00000360609,string_interactions_short,0.802
DICER1,XRN2,9606.ENSP00000437256,9606.ENSP00000366396,string_interactions_short,0.776
DICER1,TSN,9606.ENSP00000437256,9606.ENSP00000374332,string_interactions_short,0.888
DICER1,TENT2,9606.ENSP00000437256,9606.ENSP00000397563,string_interactions_short,0.602
DICER1,RHOA,9606.ENSP00000437256,9606.ENSP00000400175,string_interactions_short,0.413
DICER1,FKBP5,9606.ENSP00000437256,9606.ENSP00000444810,string_interactions_short,0.433
DICER1,HNRNPC,9606.ENSP00000437256,9606.ENSP00000451291,string_interactions_short,0.62
DIO2,WSB1,9606.ENSP00000451419,9606.ENSP00000262394,string_interactions_short,0.856
DIO2,UBE2G1,9606.ENSP00000451419,9606.ENSP00000380178,string_interactions_short,0.541
DLK1,NOTCH2,9606.ENSP00000340292,9606.ENSP00000256646,string_interactions_short,0.787
DLK1,PLIN1,9606.ENSP00000340292,9606.ENSP00000300055,string_interactions_short,0.422
DLK1,PROM1,9606.ENSP00000340292,9606.ENSP00000426809,string_interactions_short,0.415
DMD,MBNL1,9606.ENSP00000354923,9606.ENSP00000282486,string_interactions_short,0.454
DMD,PLEC,9606.ENSP00000354923,9606.ENSP00000323856,string_interactions_short,0.902
DMD,LAMB3,9606.ENSP00000354923,9606.ENSP00000375778,string_interactions_short,0.525
DMD,TPM4,9606.ENSP00000354923,9606.ENSP00000494125,string_interactions_short,0.548
DNAJB1,FKBP4,9606.ENSP00000254322,9606.ENSP00000001008,string_interactions_short,0.957
DNAJB1,DNAJC12,9606.ENSP00000254322,9606.ENSP00000225171,string_interactions_short,0.781
DNAJB1,SEC61A1,9606.ENSP00000254322,9606.ENSP00000243253,string_interactions_short,0.681
DNAJB1,FOS,9606.ENSP00000254322,9606.ENSP00000306245,string_interactions_short,0.427
DNAJB1,PGR,9606.ENSP00000254322,9606.ENSP00000325120,string_interactions_short,0.475
DNAJB1,YWHAZ,9606.ENSP00000254322,9606.ENSP00000379287,string_interactions_short,0.523
DNAJB1,HSPD1,9606.ENSP00000254322,9606.ENSP00000340019,string_interactions_short,0.736
DNAJB1,HSPB2,9606.ENSP00000254322,9606.ENSP00000302476,string_interactions_short,0.782
DNAJB1,FKBP5,9606.ENSP00000254322,9606.ENSP00000444810,string_interactions_short,0.936
DNAJB1,DNAJC3,9606.ENSP00000254322,9606.ENSP00000473631,string_interactions_short,0.976
DNAJB1,HSPH1,9606.ENSP00000254322,9606.ENSP00000487365,string_interactions_short,0.99
DNAJB1,STIP1,9606.ENSP00000254322,9606.ENSP00000351646,string_interactions_short,0.997
DNAJB1,HSP90AB1,9606.ENSP00000254322,9606.ENSP00000360609,string_interactions_short,0.999
DNAJC10,SEC61A1,9606.ENSP00000264065,9606.ENSP00000243253,string_interactions_short,0.567
DNAJC10,HSPD1,9606.ENSP00000264065,9606.ENSP00000340019,string_interactions_short,0.466
DNAJC10,ERP27,9606.ENSP00000264065,9606.ENSP00000266397,string_interactions_short,0.511
DNAJC10,DNAJC3,9606.ENSP00000264065,9606.ENSP00000473631,string_interactions_short,0.638
DNAJC10,HSP90AB1,9606.ENSP00000264065,9606.ENSP00000360609,string_interactions_short,0.687
DNAJC10,HSPH1,9606.ENSP00000264065,9606.ENSP00000487365,string_interactions_short,0.693
DNAJC10,P4HB,9606.ENSP00000264065,9606.ENSP00000327801,string_interactions_short,0.703
DNAJC3,SEC61A1,9606.ENSP00000473631,9606.ENSP00000243253,string_interactions_short,0.762
DNAJC3,P4HB,9606.ENSP00000473631,9606.ENSP00000327801,string_interactions_short,0.773
DNAJC3,HSP90AB1,9606.ENSP00000473631,9606.ENSP00000360609,string_interactions_short,0.606
DNAJC3,HSPH1,9606.ENSP00000473631,9606.ENSP00000487365,string_interactions_short,0.729
DNALI1,SCUBE2,9606.ENSP00000296218,9606.ENSP00000310658,string_interactions_short,0.404
DSG2,VAMP3,9606.ENSP00000261590,9606.ENSP00000054666,string_interactions_short,0.583
DSG2,THBS1,9606.ENSP00000261590,9606.ENSP00000260356,string_interactions_short,0.459
DSG2,PSEN1,9606.ENSP00000261590,9606.ENSP00000326366,string_interactions_short,0.482
DSG2,ITGB1,9606.ENSP00000261590,9606.ENSP00000379350,string_interactions_short,0.508
DSG2,PLEC,9606.ENSP00000261590,9606.ENSP00000323856,string_interactions_short,0.673
DUSP5,MAPK1,9606.ENSP00000358596,9606.ENSP00000215832,string_interactions_short,0.888
DUSP5,FOS,9606.ENSP00000358596,9606.ENSP00000306245,string_interactions_short,0.786
DVL3,SFRP1,9606.ENSP00000316054,9606.ENSP00000220772,string_interactions_short,0.702
DVL3,NOTCH2,9606.ENSP00000316054,9606.ENSP00000256646,string_interactions_short,0.921
DVL3,PPP2R5C,9606.ENSP00000316054,9606.ENSP00000412324,string_interactions_short,0.556
DVL3,RHOA,9606.ENSP00000316054,9606.ENSP00000400175,string_interactions_short,0.67
EBF1,FABP4,9606.ENSP00000322898,9606.ENSP00000256104,string_interactions_short,0.625
EBF1,LEP,9606.ENSP00000322898,9606.ENSP00000312652,string_interactions_short,0.589
EBF1,MED23,9606.ENSP00000322898,9606.ENSP00000357047,string_interactions_short,0.499
EBF1,RHOH,9606.ENSP00000322898,9606.ENSP00000371219,string_interactions_short,0.525
EIF2S3,P4HB,9606.ENSP00000253039,9606.ENSP00000327801,string_interactions_short,0.408
EIF2S3,HNRNPC,9606.ENSP00000253039,9606.ENSP00000451291,string_interactions_short,0.448
EIF2S3,GSPT1,9606.ENSP00000253039,9606.ENSP00000398131,string_interactions_short,0.535
EIF2S3,EIF5A,9606.ENSP00000253039,9606.ENSP00000336702,string_interactions_short,0.572
EIF2S3,RPS23,9606.ENSP00000253039,9606.ENSP00000296674,string_interactions_short,0.992
EIF5A,UBE2M,9606.ENSP00000336702,9606.ENSP00000253023,string_interactions_short,0.475
EIF5A,SRSF1,9606.ENSP00000336702,9606.ENSP00000258962,string_interactions_short,0.458
EIF5A,GFM1,9606.ENSP00000336702,9606.ENSP00000264263,string_interactions_short,0.705
EIF5A,RPS23,9606.ENSP00000336702,9606.ENSP00000296674,string_interactions_short,0.981
EIF5A,HSPD1,9606.ENSP00000336702,9606.ENSP00000340019,string_interactions_short,0.44
EIF5A,HSP90AB1,9606.ENSP00000336702,9606.ENSP00000360609,string_interactions_short,0.461
ELF5,KRT14,9606.ENSP00000311010,9606.ENSP00000167586,string_interactions_short,0.469
ELF5,KRT5,9606.ENSP00000311010,9606.ENSP00000252242,string_interactions_short,0.406
ELF5,PGR,9606.ENSP00000311010,9606.ENSP00000325120,string_interactions_short,0.418
ELF5,ESR1,9606.ENSP00000311010,9606.ENSP00000405330,string_interactions_short,0.458
EML4,HIP1,9606.ENSP00000320663,9606.ENSP00000336747,string_interactions_short,0.432
EML4,FGFR3,9606.ENSP00000320663,9606.ENSP00000339824,string_interactions_short,0.48
EML4,FN1,9606.ENSP00000320663,9606.ENSP00000346839,string_interactions_short,0.49
EML4,ZWINT,9606.ENSP00000320663,9606.ENSP00000363055,string_interactions_short,0.519
EML4,PPP2R5C,9606.ENSP00000320663,9606.ENSP00000412324,string_interactions_short,0.526
EML4,PRKAR1A,9606.ENSP00000320663,9606.ENSP00000376475,string_interactions_short,0.608
EML4,MAPRE1,9606.ENSP00000320663,9606.ENSP00000364721,string_interactions_short,0.611
EML4,HSP90AB1,9606.ENSP00000320663,9606.ENSP00000360609,string_interactions_short,0.654
EML4,RET,9606.ENSP00000320663,9606.ENSP00000347942,string_interactions_short,0.822
EML4,TPM4,9606.ENSP00000320663,9606.ENSP00000494125,string_interactions_short,0.831
EML4,JAK1,9606.ENSP00000320663,9606.ENSP00000499900,string_interactions_short,0.924
ENC1,KLHL13,9606.ENSP00000499185,9606.ENSP00000419803,string_interactions_short,0.936
ENO1,GFM1,9606.ENSP00000495530,9606.ENSP00000264263,string_interactions_short,0.576
ENO1,YWHAE,9606.ENSP00000495530,9606.ENSP00000264335,string_interactions_short,0.702
ENO1,RPS23,9606.ENSP00000495530,9606.ENSP00000296674,string_interactions_short,0.434
ENO1,HSPB2,9606.ENSP00000495530,9606.ENSP00000302476,string_interactions_short,0.5
ENO1,FOS,9606.ENSP00000495530,9606.ENSP00000306245,string_interactions_short,0.423
ENO1,PCK1,9606.ENSP00000495530,9606.ENSP00000319814,string_interactions_short,0.962
ENO1,PLEC,9606.ENSP00000495530,9606.ENSP00000323856,string_interactions_short,0.528
ENO1,P4HB,9606.ENSP00000495530,9606.ENSP00000327801,string_interactions_short,0.659
ENO1,EZR,9606.ENSP00000495530,9606.ENSP00000338934,string_interactions_short,0.446
ENO1,HSPD1,9606.ENSP00000495530,9606.ENSP00000340019,string_interactions_short,0.597
ENO1,FN1,9606.ENSP00000495530,9606.ENSP00000346839,string_interactions_short,0.791
ENO1,PNP,9606.ENSP00000495530,9606.ENSP00000354532,string_interactions_short,0.437
ENO1,TAGLN2,9606.ENSP00000495530,9606.ENSP00000357076,string_interactions_short,0.531
ENO1,HSP90AB1,9606.ENSP00000495530,9606.ENSP00000360609,string_interactions_short,0.804
ENO1,PGK1,9606.ENSP00000495530,9606.ENSP00000362413,string_interactions_short,0.996
ENO1,GNB1,9606.ENSP00000495530,9606.ENSP00000367872,string_interactions_short,0.452
ENO1,VDAC1,9606.ENSP00000495530,9606.ENSP00000378487,string_interactions_short,0.747
ENO1,YWHAZ,9606.ENSP00000495530,9606.ENSP00000379287,string_interactions_short,0.794
ENO1,RHOA,9606.ENSP00000495530,9606.ENSP00000400175,string_interactions_short,0.401
ERG28,SQLE,9606.ENSP00000256319,9606.ENSP00000265896,string_interactions_short,0.71
ESR1,SERPINE1,9606.ENSP00000405330,9606.ENSP00000223095,string_interactions_short,0.473
ESR1,MSH6,9606.ENSP00000405330,9606.ENSP00000234420,string_interactions_short,0.577
ESR1,YWHAH,9606.ENSP00000405330,9606.ENSP00000248975,string_interactions_short,0.48
ESR1,FOXA1,9606.ENSP00000405330,9606.ENSP00000250448,string_interactions_short,0.998
ESR1,KRT5,9606.ENSP00000405330,9606.ENSP00000252242,string_interactions_short,0.737
ESR1,NOTCH2,9606.ENSP00000405330,9606.ENSP00000256646,string_interactions_short,0.594
ESR1,RERG,9606.ENSP00000405330,9606.ENSP00000256953,string_interactions_short,0.6
ESR1,TRAM1,9606.ENSP00000405330,9606.ENSP00000262213,string_interactions_short,0.48
ESR1,GPAM,9606.ENSP00000405330,9606.ENSP00000265276,string_interactions_short,0.471
ESR1,SLC39A6,9606.ENSP00000405330,9606.ENSP00000269187,string_interactions_short,0.442
ESR1,NTRK2,9606.ENSP00000405330,9606.ENSP00000277120,string_interactions_short,0.555
ESR1,H2BC5,9606.ENSP00000405330,9606.ENSP00000289316,string_interactions_short,0.633
ESR1,REL,9606.ENSP00000405330,9606.ENSP00000295025,string_interactions_short,0.74
ESR1,SCUBE2,9606.ENSP00000405330,9606.ENSP00000310658,string_interactions_short,0.493
ESR1,PRKDC,9606.ENSP00000405330,9606.ENSP00000313420,string_interactions_short,0.717
ESR1,H2BC4,9606.ENSP00000405330,9606.ENSP00000321744,string_interactions_short,0.631
ESR1,NRIP1,9606.ENSP00000405330,9606.ENSP00000327213,string_interactions_short,0.999
ESR1,FGFR3,9606.ENSP00000405330,9606.ENSP00000339824,string_interactions_short,0.614
ESR1,HSPD1,9606.ENSP00000405330,9606.ENSP00000340019,string_interactions_short,0.44
ESR1,MAOA,9606.ENSP00000405330,9606.ENSP00000340684,string_interactions_short,0.401
ESR1,FN1,9606.ENSP00000405330,9606.ENSP00000346839,string_interactions_short,0.969
ESR1,RET,9606.ENSP00000405330,9606.ENSP00000347942,string_interactions_short,0.67
ESR1,SMC3,9606.ENSP00000405330,9606.ENSP00000354720,string_interactions_short,0.625
ESR1,TAB2,9606.ENSP00000405330,9606.ENSP00000356426,string_interactions_short,0.774
ESR1,MED23,9606.ENSP00000405330,9606.ENSP00000357047,string_interactions_short,0.46
ESR1,MCL1,9606.ENSP00000405330,9606.ENSP00000358022,string_interactions_short,0.653
ESR1,H2BC21,9606.ENSP00000405330,9606.ENSP00000358151,string_interactions_short,0.687
ESR1,H2AC18,9606.ENSP00000405330,9606.ENSP00000358155,string_interactions_short,0.673
ESR1,MAP3K7,9606.ENSP00000405330,9606.ENSP00000358335,string_interactions_short,0.484
ESR1,VAV3,9606.ENSP00000405330,9606.ENSP00000359073,string_interactions_short,0.507
ESR1,RUNX2,9606.ENSP00000405330,9606.ENSP00000360493,string_interactions_short,0.942
ESR1,GNB1,9606.ENSP00000405330,9606.ENSP00000367872,string_interactions_short,0.583
ESR1,XDH,9606.ENSP00000405330,9606.ENSP00000368727,string_interactions_short,0.469
ESR1,GREB1,9606.ENSP00000405330,9606.ENSP00000370896,string_interactions_short,0.983
ESR1,VDAC1,9606.ENSP00000405330,9606.ENSP00000378487,string_interactions_short,0.678
ESR1,TRPS1,9606.ENSP00000405330,9606.ENSP00000379065,string_interactions_short,0.609
ESR1,YWHAZ,9606.ENSP00000405330,9606.ENSP00000379287,string_interactions_short,0.633
ESR1,ITGB1,9606.ENSP00000405330,9606.ENSP00000379350,string_interactions_short,0.411
ESR1,SGK3,9606.ENSP00000405330,9606.ENSP00000379842,string_interactions_short,0.492
ESR1,RHOA,9606.ENSP00000405330,9606.ENSP00000400175,string_interactions_short,0.506
ESR1,PHGDH,9606.ENSP00000405330,9606.ENSP00000493382,string_interactions_short,0.451
ESR1,TOP2A,9606.ENSP00000405330,9606.ENSP00000411532,string_interactions_short,0.498
ESR1,FHL1,9606.ENSP00000405330,9606.ENSP00000498684,string_interactions_short,0.544
ESR1,TBL1XR1,9606.ENSP00000405330,9606.ENSP00000405574,string_interactions_short,0.568
ESR1,H2BC9,9606.ENSP00000405330,9606.ENSP00000479169,string_interactions_short,0.586
ESR1,H2BS1,9606.ENSP00000405330,9606.ENSP00000481622,string_interactions_short,0.587
ESR1,H2BC11,9606.ENSP00000405330,9606.ENSP00000476136,string_interactions_short,0.595
ESR1,RBFOX2,9606.ENSP00000405330,9606.ENSP00000413035,string_interactions_short,0.759
ESR1,MUC1,9606.ENSP00000405330,9606.ENSP00000484824,string_interactions_short,0.839
ESR1,TFAP2A,9606.ENSP00000405330,9606.ENSP00000501092,string_interactions_short,0.879
ESRP1,HNRNPF,9606.ENSP00000405738,9606.ENSP00000400433,string_interactions_short,0.562
ESRP1,RBFOX2,9606.ENSP00000405738,9606.ENSP00000413035,string_interactions_short,0.814
EVL,RHOA,9606.ENSP00000376652,9606.ENSP00000400175,string_interactions_short,0.58
EXOSC7,HNRNPC,9606.ENSP00000265564,9606.ENSP00000451291,string_interactions_short,0.537
EXOSC7,RPS23,9606.ENSP00000265564,9606.ENSP00000296674,string_interactions_short,0.551
EZR,VCAN,9606.ENSP00000338934,9606.ENSP00000265077,string_interactions_short,0.455
EZR,S100P,9606.ENSP00000338934,9606.ENSP00000296370,string_interactions_short,0.432
EZR,MME,9606.ENSP00000338934,9606.ENSP00000418525,string_interactions_short,0.41
EZR,MACF1,9606.ENSP00000338934,9606.ENSP00000354573,string_interactions_short,0.501
EZR,JAK1,9606.ENSP00000338934,9606.ENSP00000499900,string_interactions_short,0.55
EZR,ITGB1,9606.ENSP00000338934,9606.ENSP00000379350,string_interactions_short,0.635
EZR,YWHAZ,9606.ENSP00000338934,9606.ENSP00000379287,string_interactions_short,0.648
EZR,FN1,9606.ENSP00000338934,9606.ENSP00000346839,string_interactions_short,0.689
EZR,TWF1,9606.ENSP00000338934,9606.ENSP00000449428,string_interactions_short,0.835
EZR,RHOA,9606.ENSP00000338934,9606.ENSP00000400175,string_interactions_short,0.897
EZR,HSP90AB1,9606.ENSP00000338934,9606.ENSP00000360609,string_interactions_short,0.927
FABP4,LIPE,9606.ENSP00000256104,9606.ENSP00000244289,string_interactions_short,0.999
FABP4,MED23,9606.ENSP00000256104,9606.ENSP00000357047,string_interactions_short,0.499
FABP4,FABP7,9606.ENSP00000256104,9606.ENSP00000348931,string_interactions_short,0.704
FABP4,PCK1,9606.ENSP00000256104,9606.ENSP00000319814,string_interactions_short,0.805
FABP4,PLIN1,9606.ENSP00000256104,9606.ENSP00000300055,string_interactions_short,0.927
FABP4,LPL,9606.ENSP00000256104,9606.ENSP00000497642,string_interactions_short,0.965
FABP7,LIPE,9606.ENSP00000348931,9606.ENSP00000244289,string_interactions_short,0.64
FAM120A,HNRNPC,9606.ENSP00000277165,9606.ENSP00000451291,string_interactions_short,0.544
FAM189A2,YWHAE,9606.ENSP00000304435,9606.ENSP00000264335,string_interactions_short,0.441
FAM189A2,YWHAZ,9606.ENSP00000304435,9606.ENSP00000379287,string_interactions_short,0.442
FAP,PLAUR,9606.ENSP00000188790,9606.ENSP00000339328,string_interactions_short,0.463
FAP,THY1,9606.ENSP00000188790,9606.ENSP00000284240,string_interactions_short,0.641
FBN1,NID2,9606.ENSP00000325527,9606.ENSP00000216286,string_interactions_short,0.465
FBN1,TGFB1,9606.ENSP00000325527,9606.ENSP00000221930,string_interactions_short,0.882
FBN1,PRRX1,9606.ENSP00000325527,9606.ENSP00000239461,string_interactions_short,0.525
FBN1,SULF1,9606.ENSP00000325527,9606.ENSP00000260128,string_interactions_short,0.408
FBN1,VCAN,9606.ENSP00000325527,9606.ENSP00000265077,string_interactions_short,0.91
FBN1,TNXB,9606.ENSP00000325527,9606.ENSP00000407685,string_interactions_short,0.467
FBN1,ITGBL1,9606.ENSP00000325527,9606.ENSP00000365351,string_interactions_short,0.517
FBN1,SLC2A10,9606.ENSP00000325527,9606.ENSP00000352216,string_interactions_short,0.69
FBN1,ITGB1,9606.ENSP00000325527,9606.ENSP00000379350,string_interactions_short,0.716
FBN1,POSTN,9606.ENSP00000325527,9606.ENSP00000369071,string_interactions_short,0.785
FBN1,FN1,9606.ENSP00000325527,9606.ENSP00000346839,string_interactions_short,0.982
FBN1,MFAP2,9606.ENSP00000325527,9606.ENSP00000364685,string_interactions_short,0.997
FBP1,RANBP9,9606.ENSP00000408025,9606.ENSP00000011619,string_interactions_short,0.54
FGFR1OP,SEPTIN2,9606.ENSP00000355812,9606.ENSP00000479861,string_interactions_short,0.434
FGFR1OP,MAPRE1,9606.ENSP00000355812,9606.ENSP00000364721,string_interactions_short,0.612
FGFR3,MAPK1,9606.ENSP00000339824,9606.ENSP00000215832,string_interactions_short,0.473
FGFR3,KLB,9606.ENSP00000339824,9606.ENSP00000257408,string_interactions_short,0.905
FGFR3,NTRK2,9606.ENSP00000339824,9606.ENSP00000277120,string_interactions_short,0.479
FGFR3,SH3GL3,9606.ENSP00000339824,9606.ENSP00000320092,string_interactions_short,0.675
FGFR3,HSP90AB1,9606.ENSP00000339824,9606.ENSP00000360609,string_interactions_short,0.56
FGFR3,JAK1,9606.ENSP00000339824,9606.ENSP00000499900,string_interactions_short,0.915
FKBP4,MUC1,9606.ENSP00000001008,9606.ENSP00000484824,string_interactions_short,0.476
FKBP4,REL,9606.ENSP00000001008,9606.ENSP00000295025,string_interactions_short,0.485
FKBP4,NRIP1,9606.ENSP00000001008,9606.ENSP00000327213,string_interactions_short,0.499
FKBP4,MAP3K7,9606.ENSP00000001008,9606.ENSP00000358335,string_interactions_short,0.517
FKBP4,HSPH1,9606.ENSP00000001008,9606.ENSP00000487365,string_interactions_short,0.525
FKBP4,YWHAE,9606.ENSP00000001008,9606.ENSP00000264335,string_interactions_short,0.534
FKBP4,FOXA1,9606.ENSP00000001008,9606.ENSP00000250448,string_interactions_short,0.56
FKBP4,PPIF,9606.ENSP00000001008,9606.ENSP00000225174,string_interactions_short,0.68
FKBP4,STIP1,9606.ENSP00000001008,9606.ENSP00000351646,string_interactions_short,0.979
FKBP5,PPIF,9606.ENSP00000444810,9606.ENSP00000225174,string_interactions_short,0.41
FKBP5,HACD3,9606.ENSP00000444810,9606.ENSP00000261875,string_interactions_short,0.416
FKBP5,STIP1,9606.ENSP00000444810,9606.ENSP00000351646,string_interactions_short,0.93
FKBP5,MAP3K7,9606.ENSP00000444810,9606.ENSP00000358335,string_interactions_short,0.595
FN1,MAPK1,9606.ENSP00000346839,9606.ENSP00000215832,string_interactions_short,0.716
FN1,SEMA3G,9606.ENSP00000346839,9606.ENSP00000231721,string_interactions_short,0.471
FN1,KRT5,9606.ENSP00000346839,9606.ENSP00000252242,string_interactions_short,0.628
FN1,SRSF1,9606.ENSP00000346839,9606.ENSP00000258962,string_interactions_short,0.564
FN1,THBS1,9606.ENSP00000346839,9606.ENSP00000260356,string_interactions_short,0.999
FN1,YWHAE,9606.ENSP00000346839,9606.ENSP00000264335,string_interactions_short,0.471
FN1,TIMP3,9606.ENSP00000346839,9606.ENSP00000266085,string_interactions_short,0.751
FN1,TIMP4,9606.ENSP00000346839,9606.ENSP00000287814,string_interactions_short,0.501
FN1,PLEC,9606.ENSP00000346839,9606.ENSP00000323856,string_interactions_short,0.591
FN1,HIP1,9606.ENSP00000346839,9606.ENSP00000336747,string_interactions_short,0.403
FN1,HSPD1,9606.ENSP00000346839,9606.ENSP00000340019,string_interactions_short,0.583
FN1,PRKAR1A,9606.ENSP00000346839,9606.ENSP00000376475,string_interactions_short,0.452
FN1,TOP2A,9606.ENSP00000346839,9606.ENSP00000411532,string_interactions_short,0.453
FN1,PGK1,9606.ENSP00000346839,9606.ENSP00000362413,string_interactions_short,0.483
FN1,SRSF3,9606.ENSP00000346839,9606.ENSP00000362820,string_interactions_short,0.516
FN1,YWHAZ,9606.ENSP00000346839,9606.ENSP00000379287,string_interactions_short,0.576
FN1,HSP90AB1,9606.ENSP00000346839,9606.ENSP00000360609,string_interactions_short,0.577
FN1,TPM4,9606.ENSP00000346839,9606.ENSP00000494125,string_interactions_short,0.625
FN1,NES,9606.ENSP00000346839,9606.ENSP00000357206,string_interactions_short,0.63
FN1,MIA,9606.ENSP00000346839,9606.ENSP00000470129,string_interactions_short,0.752
FN1,ITGA7,9606.ENSP00000346839,9606.ENSP00000452120,string_interactions_short,0.892
FN1,POSTN,9606.ENSP00000346839,9606.ENSP00000369071,string_interactions_short,0.996
FN1,ITGB1,9606.ENSP00000346839,9606.ENSP00000379350,string_interactions_short,0.999
FOLR1,TMED2,9606.ENSP00000377284,9606.ENSP00000262225,string_interactions_short,0.4
FOLR1,NAPA,9606.ENSP00000377284,9606.ENSP00000263354,string_interactions_short,0.503
FOLR1,KDELR1,9606.ENSP00000377284,9606.ENSP00000329471,string_interactions_short,0.4
FOLR1,KDELR3,9606.ENSP00000377284,9606.ENSP00000386918,string_interactions_short,0.41
FOLR1,SAR1B,9606.ENSP00000377284,9606.ENSP00000385432,string_interactions_short,0.499
FOLR1,MUC1,9606.ENSP00000377284,9606.ENSP00000484824,string_interactions_short,0.571
FOS,FOXA1,9606.ENSP00000306245,9606.ENSP00000250448,string_interactions_short,0.802
FOS,SMARCC1,9606.ENSP00000306245,9606.ENSP00000254480,string_interactions_short,0.502
FOS,THBS1,9606.ENSP00000306245,9606.ENSP00000260356,string_interactions_short,0.569
FOS,NTRK2,9606.ENSP00000306245,9606.ENSP00000277120,string_interactions_short,0.606
FOS,H2BC5,9606.ENSP00000306245,9606.ENSP00000289316,string_interactions_short,0.599
FOS,REL,9606.ENSP00000306245,9606.ENSP00000295025,string_interactions_short,0.754
FOS,MAP3K7,9606.ENSP00000306245,9606.ENSP00000358335,string_interactions_short,0.413
FOS,GREB1,9606.ENSP00000306245,9606.ENSP00000370896,string_interactions_short,0.427
FOS,JAK1,9606.ENSP00000306245,9606.ENSP00000499900,string_interactions_short,0.458
FOS,NES,9606.ENSP00000306245,9606.ENSP00000357206,string_interactions_short,0.485
FOS,SH3GL3,9606.ENSP00000306245,9606.ENSP00000320092,string_interactions_short,0.52
FOS,RHOA,9606.ENSP00000306245,9606.ENSP00000400175,string_interactions_short,0.538
FOS,MUC1,9606.ENSP00000306245,9606.ENSP00000484824,string_interactions_short,0.547
FOS,H2BC9,9606.ENSP00000306245,9606.ENSP00000479169,string_interactions_short,0.572
FOS,H2BS1,9606.ENSP00000306245,9606.ENSP00000481622,string_interactions_short,0.575
FOS,H2BC11,9606.ENSP00000306245,9606.ENSP00000476136,string_interactions_short,0.583
FOS,H2BC4,9606.ENSP00000306245,9606.ENSP00000321744,string_interactions_short,0.588
FOS,H2AC18,9606.ENSP00000306245,9606.ENSP00000358155,string_interactions_short,0.658
FOS,H2BC21,9606.ENSP00000306245,9606.ENSP00000358151,string_interactions_short,0.696
FOS,RUNX2,9606.ENSP00000306245,9606.ENSP00000360493,string_interactions_short,0.987
FOXA1,MUC1,9606.ENSP00000250448,9606.ENSP00000484824,string_interactions_short,0.406
FOXA1,TOP2A,9606.ENSP00000250448,9606.ENSP00000411532,string_interactions_short,0.435
FOXA1,XRN2,9606.ENSP00000250448,9606.ENSP00000366396,string_interactions_short,0.51
FOXA1,TRPS1,9606.ENSP00000250448,9606.ENSP00000379065,string_interactions_short,0.526
FOXA1,H2BS1,9606.ENSP00000250448,9606.ENSP00000481622,string_interactions_short,0.534
FOXA1,H2BC9,9606.ENSP00000250448,9606.ENSP00000479169,string_interactions_short,0.534
FOXA1,H2BC11,9606.ENSP00000250448,9606.ENSP00000476136,string_interactions_short,0.535
FOXA1,H2BC5,9606.ENSP00000250448,9606.ENSP00000289316,string_interactions_short,0.538
FOXA1,H2BC4,9606.ENSP00000250448,9606.ENSP00000321744,string_interactions_short,0.55
FOXA1,HSP90AB1,9606.ENSP00000250448,9606.ENSP00000360609,string_interactions_short,0.59
FOXA1,H2AC18,9606.ENSP00000250448,9606.ENSP00000358155,string_interactions_short,0.596
FOXA1,H2BC21,9606.ENSP00000250448,9606.ENSP00000358151,string_interactions_short,0.602
FOXA1,GREB1,9606.ENSP00000250448,9606.ENSP00000370896,string_interactions_short,0.674
FOXA1,TFAP2A,9606.ENSP00000250448,9606.ENSP00000501092,string_interactions_short,0.716
FOXA1,PGR,9606.ENSP00000250448,9606.ENSP00000325120,string_interactions_short,0.887
FOXA1,NRIP1,9606.ENSP00000250448,9606.ENSP00000327213,string_interactions_short,0.902
FRYL,YWHAH,9606.ENSP00000351113,9606.ENSP00000248975,string_interactions_short,0.41
FUS,NAA50,9606.ENSP00000254108,9606.ENSP00000240922,string_interactions_short,0.488
FUS,HSPD1,9606.ENSP00000254108,9606.ENSP00000340019,string_interactions_short,0.416
FUS,YWHAZ,9606.ENSP00000254108,9606.ENSP00000379287,string_interactions_short,0.453
FUS,PICALM,9606.ENSP00000254108,9606.ENSP00000377015,string_interactions_short,0.454
FUS,SMARCC1,9606.ENSP00000254108,9606.ENSP00000254480,string_interactions_short,0.455
FUS,LSM4,9606.ENSP00000254108,9606.ENSP00000469468,string_interactions_short,0.51
FUS,RBM6,9606.ENSP00000254108,9606.ENSP00000266022,string_interactions_short,0.534
FUS,PHGDH,9606.ENSP00000254108,9606.ENSP00000493382,string_interactions_short,0.537
FUS,XRN2,9606.ENSP00000254108,9606.ENSP00000366396,string_interactions_short,0.593
FUS,HNRNPF,9606.ENSP00000254108,9606.ENSP00000400433,string_interactions_short,0.794
FUS,SRSF3,9606.ENSP00000254108,9606.ENSP00000362820,string_interactions_short,0.827
FUS,SRSF1,9606.ENSP00000254108,9606.ENSP00000258962,string_interactions_short,0.868
FUS,HNRNPC,9606.ENSP00000254108,9606.ENSP00000451291,string_interactions_short,0.976
FUS,SRSF10,9606.ENSP00000254108,9606.ENSP00000420195,string_interactions_short,0.985
FXYD1,NDRG3,9606.ENSP00000481244,9606.ENSP00000345292,string_interactions_short,0.447
G0S2,TBL1XR1,9606.ENSP00000355996,9606.ENSP00000405574,string_interactions_short,0.4
GABRP,KRT17,9606.ENSP00000430100,9606.ENSP00000308452,string_interactions_short,0.4
GABRP,KCNN4,9606.ENSP00000430100,9606.ENSP00000496939,string_interactions_short,0.618
GALNT10,MUCL1,9606.ENSP00000297107,9606.ENSP00000311364,string_interactions_short,0.415
GALNT10,MUC1,9606.ENSP00000297107,9606.ENSP00000484824,string_interactions_short,0.497
GALNT16,MUCL1,9606.ENSP00000336729,9606.ENSP00000311364,string_interactions_short,0.404
GALNT16,MUC1,9606.ENSP00000336729,9606.ENSP00000484824,string_interactions_short,0.422
GALNT7,MUCL1,9606.ENSP00000265000,9606.ENSP00000311364,string_interactions_short,0.4
GALNT7,MUC1,9606.ENSP00000265000,9606.ENSP00000484824,string_interactions_short,0.46
GDI2,YWHAE,9606.ENSP00000369538,9606.ENSP00000264335,string_interactions_short,0.716
GDI2,RAB5A,9606.ENSP00000369538,9606.ENSP00000273047,string_interactions_short,0.961
GDI2,TRAPPC11,9606.ENSP00000369538,9606.ENSP00000335371,string_interactions_short,0.461
GDI2,RAB3GAP2,9606.ENSP00000369538,9606.ENSP00000351832,string_interactions_short,0.589
GDI2,HSP90AB1,9606.ENSP00000369538,9606.ENSP00000360609,string_interactions_short,0.408
GDI2,RHOA,9606.ENSP00000369538,9606.ENSP00000400175,string_interactions_short,0.611
GDI2,RAB31,9606.ENSP00000369538,9606.ENSP00000461945,string_interactions_short,0.908
GDI2,RAB5C,9606.ENSP00000369538,9606.ENSP00000447053,string_interactions_short,0.94
GDI2,RAB1A,9606.ENSP00000369538,9606.ENSP00000387286,string_interactions_short,0.997
GDPD5,LYPLA1,9606.ENSP00000337972,9606.ENSP00000320043,string_interactions_short,0.414
GFM1,PRPF4,9606.ENSP00000264263,9606.ENSP00000363313,string_interactions_short,0.414
GFM1,HSPD1,9606.ENSP00000264263,9606.ENSP00000340019,string_interactions_short,0.795
GFM1,MRPL42,9606.ENSP00000264263,9606.ENSP00000449884,string_interactions_short,0.831
GFM1,RPS23,9606.ENSP00000264263,9606.ENSP00000296674,string_interactions_short,0.878
GFM1,MRPS30,9606.ENSP00000264263,9606.ENSP00000424328,string_interactions_short,0.918
GFRA1,RET,9606.ENSP00000347591,9606.ENSP00000347942,string_interactions_short,0.999
GHR,MAPK1,9606.ENSP00000483403,9606.ENSP00000215832,string_interactions_short,0.545
GHR,LEP,9606.ENSP00000483403,9606.ENSP00000312652,string_interactions_short,0.885
GHR,JAK1,9606.ENSP00000483403,9606.ENSP00000499900,string_interactions_short,0.88
GLUL,NES,9606.ENSP00000307900,9606.ENSP00000357206,string_interactions_short,0.476
GLUL,MCCC2,9606.ENSP00000307900,9606.ENSP00000343657,string_interactions_short,0.641
GLUL,HSPD1,9606.ENSP00000307900,9606.ENSP00000340019,string_interactions_short,0.888
GMFB,TWF1,9606.ENSP00000350757,9606.ENSP00000449428,string_interactions_short,0.457
GNB1,MAPK1,9606.ENSP00000367872,9606.ENSP00000215832,string_interactions_short,0.808
GNB1,OXTR,9606.ENSP00000367872,9606.ENSP00000324270,string_interactions_short,0.845
GNB1,PRKCD,9606.ENSP00000367872,9606.ENSP00000331602,string_interactions_short,0.617
GNB1,RGS1,9606.ENSP00000367872,9606.ENSP00000356429,string_interactions_short,0.691
GNB1,PREX1,9606.ENSP00000367872,9606.ENSP00000361009,string_interactions_short,0.992
GNB1,YWHAZ,9606.ENSP00000367872,9606.ENSP00000379287,string_interactions_short,0.401
GNB1,RGS5,9606.ENSP00000367872,9606.ENSP00000433001,string_interactions_short,0.656
GNB1,ITGB1,9606.ENSP00000367872,9606.ENSP00000379350,string_interactions_short,0.694
GNB1,RHOA,9606.ENSP00000367872,9606.ENSP00000400175,string_interactions_short,0.874
GOLGA7,SPTLC2,9606.ENSP00000350378,9606.ENSP00000216484,string_interactions_short,0.9
GPAM,GPD1,9606.ENSP00000265276,9606.ENSP00000301149,string_interactions_short,0.972
GPD1,PLIN1,9606.ENSP00000301149,9606.ENSP00000300055,string_interactions_short,0.584
GPD1,PLIN4,9606.ENSP00000301149,9606.ENSP00000488481,string_interactions_short,0.428
GPD1,PLPP4,9606.ENSP00000301149,9606.ENSP00000381302,string_interactions_short,0.821
GPIHBP1,LPL,9606.ENSP00000480053,9606.ENSP00000497642,string_interactions_short,0.999
GREB1,H2BC5,9606.ENSP00000370896,9606.ENSP00000289316,string_interactions_short,0.514
GREB1,H2BC4,9606.ENSP00000370896,9606.ENSP00000321744,string_interactions_short,0.514
GREB1,H2BC21,9606.ENSP00000370896,9606.ENSP00000358151,string_interactions_short,0.534
GREB1,H2AC18,9606.ENSP00000370896,9606.ENSP00000358155,string_interactions_short,0.524
GREB1,H2BC11,9606.ENSP00000370896,9606.ENSP00000476136,string_interactions_short,0.512
GREB1,H2BS1,9606.ENSP00000370896,9606.ENSP00000481622,string_interactions_short,0.516
GREB1,H2BC9,9606.ENSP00000370896,9606.ENSP00000479169,string_interactions_short,0.526
GREM1,INHBA,9606.ENSP00000498748,9606.ENSP00000242208,string_interactions_short,0.41
GREM1,YWHAH,9606.ENSP00000498748,9606.ENSP00000248975,string_interactions_short,0.598
GSPT1,RPS23,9606.ENSP00000398131,9606.ENSP00000296674,string_interactions_short,0.967
GSPT1,HSPH1,9606.ENSP00000398131,9606.ENSP00000487365,string_interactions_short,0.416
H2AC18,SMARCC1,9606.ENSP00000358155,9606.ENSP00000254480,string_interactions_short,0.537
H2AC18,THBS1,9606.ENSP00000358155,9606.ENSP00000260356,string_interactions_short,0.48
H2AC18,H2BC5,9606.ENSP00000358155,9606.ENSP00000289316,string_interactions_short,0.975
H2AC18,UBE2N,9606.ENSP00000358155,9606.ENSP00000316176,string_interactions_short,0.555
H2AC18,H2BC4,9606.ENSP00000358155,9606.ENSP00000321744,string_interactions_short,0.996
H2AC18,HMG20B,9606.ENSP00000358155,9606.ENSP00000328269,string_interactions_short,0.56
H2AC18,SMC4,9606.ENSP00000358155,9606.ENSP00000341382,string_interactions_short,0.618
H2AC18,SMC3,9606.ENSP00000358155,9606.ENSP00000354720,string_interactions_short,0.685
H2AC18,MAPKAPK2,9606.ENSP00000358155,9606.ENSP00000356070,string_interactions_short,0.503
H2AC18,USP21,9606.ENSP00000358155,9606.ENSP00000356981,string_interactions_short,0.847
H2AC18,H2BC21,9606.ENSP00000358155,9606.ENSP00000358151,string_interactions_short,0.999
H2AC18,MORF4L2,9606.ENSP00000358155,9606.ENSP00000394417,string_interactions_short,0.496
H2AC18,TBL1XR1,9606.ENSP00000358155,9606.ENSP00000405574,string_interactions_short,0.516
H2AC18,H2BS1,9606.ENSP00000358155,9606.ENSP00000481622,string_interactions_short,0.902
H2AC18,H2BC11,9606.ENSP00000358155,9606.ENSP00000476136,string_interactions_short,0.941
H2AC18,H2BC9,9606.ENSP00000358155,9606.ENSP00000479169,string_interactions_short,0.943
H2BC11,SMARCC1,9606.ENSP00000476136,9606.ENSP00000254480,string_interactions_short,0.489
H2BC11,THBS1,9606.ENSP00000476136,9606.ENSP00000260356,string_interactions_short,0.448
H2BC11,UBE2B,9606.ENSP00000476136,9606.ENSP00000265339,string_interactions_short,0.697
H2BC11,H2BC5,9606.ENSP00000476136,9606.ENSP00000289316,string_interactions_short,0.627
H2BC11,PRKDC,9606.ENSP00000476136,9606.ENSP00000313420,string_interactions_short,0.604
H2BC11,UBE2N,9606.ENSP00000476136,9606.ENSP00000316176,string_interactions_short,0.607
H2BC11,H2BC4,9606.ENSP00000476136,9606.ENSP00000321744,string_interactions_short,0.676
H2BC11,HMG20B,9606.ENSP00000476136,9606.ENSP00000328269,string_interactions_short,0.502
H2BC11,PRKCD,9606.ENSP00000476136,9606.ENSP00000331602,string_interactions_short,0.451
H2BC11,SMC4,9606.ENSP00000476136,9606.ENSP00000341382,string_interactions_short,0.586
H2BC11,WAC,9606.ENSP00000476136,9606.ENSP00000346986,string_interactions_short,0.642
H2BC11,PARP9,9606.ENSP00000476136,9606.ENSP00000353512,string_interactions_short,0.493
H2BC11,SMC3,9606.ENSP00000476136,9606.ENSP00000354720,string_interactions_short,0.628
H2BC11,MAPKAPK2,9606.ENSP00000476136,9606.ENSP00000356070,string_interactions_short,0.516
H2BC11,MED23,9606.ENSP00000476136,9606.ENSP00000357047,string_interactions_short,0.821
H2BC11,H2BC21,9606.ENSP00000476136,9606.ENSP00000358151,string_interactions_short,0.938
H2BC11,TBL1XR1,9606.ENSP00000476136,9606.ENSP00000405574,string_interactions_short,0.463
H2BC11,TOP2A,9606.ENSP00000476136,9606.ENSP00000411532,string_interactions_short,0.522
H2BC11,MACROH2A1,9606.ENSP00000476136,9606.ENSP00000423563,string_interactions_short,0.958
H2BC11,H2BS1,9606.ENSP00000476136,9606.ENSP00000481622,string_interactions_short,0.506
H2BC11,H2BC9,9606.ENSP00000476136,9606.ENSP00000479169,string_interactions_short,0.744
H2BC21,SMARCC1,9606.ENSP00000358151,9606.ENSP00000254480,string_interactions_short,0.756
H2BC21,THBS1,9606.ENSP00000358151,9606.ENSP00000260356,string_interactions_short,0.506
H2BC21,YWHAE,9606.ENSP00000358151,9606.ENSP00000264335,string_interactions_short,0.494
H2BC21,UBE2B,9606.ENSP00000358151,9606.ENSP00000265339,string_interactions_short,0.524
H2BC21,H2BC5,9606.ENSP00000358151,9606.ENSP00000289316,string_interactions_short,0.966
H2BC21,PRKDC,9606.ENSP00000358151,9606.ENSP00000313420,string_interactions_short,0.831
H2BC21,UBE2N,9606.ENSP00000358151,9606.ENSP00000316176,string_interactions_short,0.694
H2BC21,H2BC4,9606.ENSP00000358151,9606.ENSP00000321744,string_interactions_short,0.977
H2BC21,HMG20B,9606.ENSP00000358151,9606.ENSP00000328269,string_interactions_short,0.547
H2BC21,HSPD1,9606.ENSP00000358151,9606.ENSP00000340019,string_interactions_short,0.435
H2BC21,SMC4,9606.ENSP00000358151,9606.ENSP00000341382,string_interactions_short,0.629
H2BC21,PARP9,9606.ENSP00000358151,9606.ENSP00000353512,string_interactions_short,0.533
H2BC21,SMC3,9606.ENSP00000358151,9606.ENSP00000354720,string_interactions_short,0.691
H2BC21,MAPKAPK2,9606.ENSP00000358151,9606.ENSP00000356070,string_interactions_short,0.517
H2BC21,HIPK2,9606.ENSP00000358151,9606.ENSP00000385571,string_interactions_short,0.416
H2BC21,HSP90AB1,9606.ENSP00000358151,9606.ENSP00000360609,string_interactions_short,0.435
H2BC21,MORF4L2,9606.ENSP00000358151,9606.ENSP00000394417,string_interactions_short,0.564
H2BC21,TOP2A,9606.ENSP00000358151,9606.ENSP00000411532,string_interactions_short,0.621
H2BC21,TBL1XR1,9606.ENSP00000358151,9606.ENSP00000405574,string_interactions_short,0.802
H2BC21,H2BS1,9606.ENSP00000358151,9606.ENSP00000481622,string_interactions_short,0.859
H2BC21,MACROH2A1,9606.ENSP00000358151,9606.ENSP00000423563,string_interactions_short,0.915
H2BC21,H2BC9,9606.ENSP00000358151,9606.ENSP00000479169,string_interactions_short,0.941
H2BC4,SMARCC1,9606.ENSP00000321744,9606.ENSP00000254480,string_interactions_short,0.507
H2BC4,THBS1,9606.ENSP00000321744,9606.ENSP00000260356,string_interactions_short,0.438
H2BC4,UBE2B,9606.ENSP00000321744,9606.ENSP00000265339,string_interactions_short,0.7
H2BC4,H2BC5,9606.ENSP00000321744,9606.ENSP00000289316,string_interactions_short,0.972
H2BC4,PRKDC,9606.ENSP00000321744,9606.ENSP00000313420,string_interactions_short,0.601
H2BC4,UBE2N,9606.ENSP00000321744,9606.ENSP00000316176,string_interactions_short,0.606
H2BC4,PRKCD,9606.ENSP00000321744,9606.ENSP00000331602,string_interactions_short,0.446
H2BC4,TBL1XR1,9606.ENSP00000321744,9606.ENSP00000405574,string_interactions_short,0.464
H2BC4,HMG20B,9606.ENSP00000321744,9606.ENSP00000328269,string_interactions_short,0.497
H2BC4,TOP2A,9606.ENSP00000321744,9606.ENSP00000411532,string_interactions_short,0.509
H2BC4,H2BS1,9606.ENSP00000321744,9606.ENSP00000481622,string_interactions_short,0.513
H2BC4,MAPKAPK2,9606.ENSP00000321744,9606.ENSP00000356070,string_interactions_short,0.524
H2BC4,SMC4,9606.ENSP00000321744,9606.ENSP00000341382,string_interactions_short,0.586
H2BC4,MACROH2A1,9606.ENSP00000321744,9606.ENSP00000423563,string_interactions_short,0.596
H2BC4,SMC3,9606.ENSP00000321744,9606.ENSP00000354720,string_interactions_short,0.633
H2BC4,WAC,9606.ENSP00000321744,9606.ENSP00000346986,string_interactions_short,0.638
H2BC4,H2BC9,9606.ENSP00000321744,9606.ENSP00000479169,string_interactions_short,0.976
H2BC5,SMARCC1,9606.ENSP00000289316,9606.ENSP00000254480,string_interactions_short,0.492
H2BC5,SRSF1,9606.ENSP00000289316,9606.ENSP00000258962,string_interactions_short,0.411
H2BC5,THBS1,9606.ENSP00000289316,9606.ENSP00000260356,string_interactions_short,0.44
H2BC5,UBE2B,9606.ENSP00000289316,9606.ENSP00000265339,string_interactions_short,0.695
H2BC5,PRKCD,9606.ENSP00000289316,9606.ENSP00000331602,string_interactions_short,0.447
H2BC5,TBL1XR1,9606.ENSP00000289316,9606.ENSP00000405574,string_interactions_short,0.459
H2BC5,HMG20B,9606.ENSP00000289316,9606.ENSP00000328269,string_interactions_short,0.5
H2BC5,H2BS1,9606.ENSP00000289316,9606.ENSP00000481622,string_interactions_short,0.503
H2BC5,TOP2A,9606.ENSP00000289316,9606.ENSP00000411532,string_interactions_short,0.521
H2BC5,MAPKAPK2,9606.ENSP00000289316,9606.ENSP00000356070,string_interactions_short,0.522
H2BC5,MACROH2A1,9606.ENSP00000289316,9606.ENSP00000423563,string_interactions_short,0.593
H2BC5,SMC4,9606.ENSP00000289316,9606.ENSP00000341382,string_interactions_short,0.595
H2BC5,PRKDC,9606.ENSP00000289316,9606.ENSP00000313420,string_interactions_short,0.603
H2BC5,UBE2N,9606.ENSP00000289316,9606.ENSP00000316176,string_interactions_short,0.605
H2BC5,SMC3,9606.ENSP00000289316,9606.ENSP00000354720,string_interactions_short,0.632
H2BC5,WAC,9606.ENSP00000289316,9606.ENSP00000346986,string_interactions_short,0.64
H2BC5,H2BC9,9606.ENSP00000289316,9606.ENSP00000479169,string_interactions_short,0.977
H2BC9,SMARCC1,9606.ENSP00000479169,9606.ENSP00000254480,string_interactions_short,0.501
H2BC9,THBS1,9606.ENSP00000479169,9606.ENSP00000260356,string_interactions_short,0.439
H2BC9,UBE2B,9606.ENSP00000479169,9606.ENSP00000265339,string_interactions_short,0.698
H2BC9,PRKDC,9606.ENSP00000479169,9606.ENSP00000313420,string_interactions_short,0.602
H2BC9,UBE2N,9606.ENSP00000479169,9606.ENSP00000316176,string_interactions_short,0.608
H2BC9,HMG20B,9606.ENSP00000479169,9606.ENSP00000328269,string_interactions_short,0.511
H2BC9,PRKCD,9606.ENSP00000479169,9606.ENSP00000331602,string_interactions_short,0.454
H2BC9,SMC4,9606.ENSP00000479169,9606.ENSP00000341382,string_interactions_short,0.586
H2BC9,WAC,9606.ENSP00000479169,9606.ENSP00000346986,string_interactions_short,0.645
H2BC9,SMC3,9606.ENSP00000479169,9606.ENSP00000354720,string_interactions_short,0.631
H2BC9,MAPKAPK2,9606.ENSP00000479169,9606.ENSP00000356070,string_interactions_short,0.515
H2BC9,TBL1XR1,9606.ENSP00000479169,9606.ENSP00000405574,string_interactions_short,0.465
H2BC9,TOP2A,9606.ENSP00000479169,9606.ENSP00000411532,string_interactions_short,0.582
H2BC9,MACROH2A1,9606.ENSP00000479169,9606.ENSP00000423563,string_interactions_short,0.603
H2BC9,H2BS1,9606.ENSP00000479169,9606.ENSP00000481622,string_interactions_short,0.584
H2BS1,SMARCC1,9606.ENSP00000481622,9606.ENSP00000254480,string_interactions_short,0.493
H2BS1,THBS1,9606.ENSP00000481622,9606.ENSP00000260356,string_interactions_short,0.443
H2BS1,UBE2B,9606.ENSP00000481622,9606.ENSP00000265339,string_interactions_short,0.421
H2BS1,PRKDC,9606.ENSP00000481622,9606.ENSP00000313420,string_interactions_short,0.602
H2BS1,UBE2N,9606.ENSP00000481622,9606.ENSP00000316176,string_interactions_short,0.609
H2BS1,PRKCD,9606.ENSP00000481622,9606.ENSP00000331602,string_interactions_short,0.451
H2BS1,SMC4,9606.ENSP00000481622,9606.ENSP00000341382,string_interactions_short,0.575
H2BS1,SMC3,9606.ENSP00000481622,9606.ENSP00000354720,string_interactions_short,0.631
H2BS1,MAPKAPK2,9606.ENSP00000481622,9606.ENSP00000356070,string_interactions_short,0.509
H2BS1,TOP2A,9606.ENSP00000481622,9606.ENSP00000411532,string_interactions_short,0.521
H2BS1,MACROH2A1,9606.ENSP00000481622,9606.ENSP00000423563,string_interactions_short,0.594
HACD3,PGRMC1,9606.ENSP00000261875,9606.ENSP00000217971,string_interactions_short,0.505
HACD3,SCD5,9606.ENSP00000261875,9606.ENSP00000316329,string_interactions_short,0.92
HBA2,RPS23,9606.ENSP00000251595,9606.ENSP00000296674,string_interactions_short,0.907
HBA2,HBB,9606.ENSP00000251595,9606.ENSP00000494175,string_interactions_short,0.999
HBB,HSP90AB1,9606.ENSP00000494175,9606.ENSP00000360609,string_interactions_short,0.601
HBB,TF,9606.ENSP00000494175,9606.ENSP00000385834,string_interactions_short,0.509
HIP1,PIK3C2A,9606.ENSP00000336747,9606.ENSP00000265970,string_interactions_short,0.504
HIP1,PRKAR1A,9606.ENSP00000336747,9606.ENSP00000376475,string_interactions_short,0.444
HIP1,TPM4,9606.ENSP00000336747,9606.ENSP00000494125,string_interactions_short,0.53
HIPK2,RANBP9,9606.ENSP00000385571,9606.ENSP00000011619,string_interactions_short,0.675
HIPK2,WSB1,9606.ENSP00000385571,9606.ENSP00000262394,string_interactions_short,0.757
HIPK2,SIAH2,9606.ENSP00000385571,9606.ENSP00000322457,string_interactions_short,0.84
HIPK2,MAP3K7,9606.ENSP00000385571,9606.ENSP00000358335,string_interactions_short,0.56
HNRNPC,SMARCC1,9606.ENSP00000451291,9606.ENSP00000254480,string_interactions_short,0.469
HNRNPC,SRSF1,9606.ENSP00000451291,9606.ENSP00000258962,string_interactions_short,0.977
HNRNPC,YWHAE,9606.ENSP00000451291,9606.ENSP00000264335,string_interactions_short,0.702
HNRNPC,MBNL1,9606.ENSP00000451291,9606.ENSP00000282486,string_interactions_short,0.821
HNRNPC,RPS23,9606.ENSP00000451291,9606.ENSP00000296674,string_interactions_short,0.401
HNRNPC,PRKDC,9606.ENSP00000451291,9606.ENSP00000313420,string_interactions_short,0.471
HNRNPC,UBE2N,9606.ENSP00000451291,9606.ENSP00000316176,string_interactions_short,0.404
HNRNPC,WTAP,9606.ENSP00000451291,9606.ENSP00000351141,string_interactions_short,0.841
HNRNPC,HSP90AB1,9606.ENSP00000451291,9606.ENSP00000360609,string_interactions_short,0.729
HNRNPC,SRSF3,9606.ENSP00000451291,9606.ENSP00000362820,string_interactions_short,0.981
HNRNPC,PRPF4,9606.ENSP00000451291,9606.ENSP00000363313,string_interactions_short,0.421
HNRNPC,XRN2,9606.ENSP00000451291,9606.ENSP00000366396,string_interactions_short,0.489
HNRNPC,SRPK2,9606.ENSP00000451291,9606.ENSP00000377262,string_interactions_short,0.576
HNRNPC,YWHAZ,9606.ENSP00000451291,9606.ENSP00000379287,string_interactions_short,0.514
HNRNPC,HNRNPF,9606.ENSP00000451291,9606.ENSP00000400433,string_interactions_short,0.971
HNRNPC,SRSF10,9606.ENSP00000451291,9606.ENSP00000420195,string_interactions_short,0.889
HNRNPC,LSM4,9606.ENSP00000451291,9606.ENSP00000469468,string_interactions_short,0.424
HNRNPF,SRSF1,9606.ENSP00000400433,9606.ENSP00000258962,string_interactions_short,0.97
HNRNPF,MBNL1,9606.ENSP00000400433,9606.ENSP00000282486,string_interactions_short,0.849
HNRNPF,SRSF3,9606.ENSP00000400433,9606.ENSP00000362820,string_interactions_short,0.941
HNRNPF,ZWINT,9606.ENSP00000400433,9606.ENSP00000363055,string_interactions_short,0.795
HNRNPF,SRSF10,9606.ENSP00000400433,9606.ENSP00000420195,string_interactions_short,0.837
HNRNPF,RBFOX2,9606.ENSP00000400433,9606.ENSP00000413035,string_interactions_short,0.956
HOXA5,THBS1,9606.ENSP00000222726,9606.ENSP00000260356,string_interactions_short,0.432
HSP90AB1,PPIF,9606.ENSP00000360609,9606.ENSP00000225174,string_interactions_short,0.982
HSP90AB1,YWHAH,9606.ENSP00000360609,9606.ENSP00000248975,string_interactions_short,0.441
HSP90AB1,UBE2M,9606.ENSP00000360609,9606.ENSP00000253023,string_interactions_short,0.447
HSP90AB1,SRSF1,9606.ENSP00000360609,9606.ENSP00000258962,string_interactions_short,0.591
HSP90AB1,THBS1,9606.ENSP00000360609,9606.ENSP00000260356,string_interactions_short,0.516
HSP90AB1,YWHAE,9606.ENSP00000360609,9606.ENSP00000264335,string_interactions_short,0.817
HSP90AB1,RPS23,9606.ENSP00000360609,9606.ENSP00000296674,string_interactions_short,0.477
HSP90AB1,TPP1,9606.ENSP00000360609,9606.ENSP00000299427,string_interactions_short,0.434
HSP90AB1,PRKDC,9606.ENSP00000360609,9606.ENSP00000313420,string_interactions_short,0.73
HSP90AB1,NRIP1,9606.ENSP00000360609,9606.ENSP00000327213,string_interactions_short,0.575
HSP90AB1,P4HB,9606.ENSP00000360609,9606.ENSP00000327801,string_interactions_short,0.72
HSP90AB1,HSPD1,9606.ENSP00000360609,9606.ENSP00000340019,string_interactions_short,0.97
HSP90AB1,NBR1,9606.ENSP00000360609,9606.ENSP00000343479,string_interactions_short,0.523
HSP90AB1,RET,9606.ENSP00000360609,9606.ENSP00000347942,string_interactions_short,0.536
HSP90AB1,STIP1,9606.ENSP00000360609,9606.ENSP00000351646,string_interactions_short,0.999
HSP90AB1,SMC3,9606.ENSP00000360609,9606.ENSP00000354720,string_interactions_short,0.455
HSP90AB1,MAP3K7,9606.ENSP00000360609,9606.ENSP00000358335,string_interactions_short,0.638
HSP90AB1,JAK1,9606.ENSP00000360609,9606.ENSP00000499900,string_interactions_short,0.519
HSP90AB1,RHOA,9606.ENSP00000360609,9606.ENSP00000400175,string_interactions_short,0.545
HSP90AB1,PGK1,9606.ENSP00000360609,9606.ENSP00000362413,string_interactions_short,0.641
HSP90AB1,MUC1,9606.ENSP00000360609,9606.ENSP00000484824,string_interactions_short,0.699
HSP90AB1,SPAG1,9606.ENSP00000360609,9606.ENSP00000373450,string_interactions_short,0.732
HSP90AB1,VDAC1,9606.ENSP00000360609,9606.ENSP00000378487,string_interactions_short,0.817
HSP90AB1,YWHAZ,9606.ENSP00000360609,9606.ENSP00000379287,string_interactions_short,0.835
HSP90AB1,HSPH1,9606.ENSP00000360609,9606.ENSP00000487365,string_interactions_short,0.916
HSPB2,PRKCD,9606.ENSP00000302476,9606.ENSP00000331602,string_interactions_short,0.417
HSPB2,STIP1,9606.ENSP00000302476,9606.ENSP00000351646,string_interactions_short,0.487
HSPB2,SYNM,9606.ENSP00000302476,9606.ENSP00000336775,string_interactions_short,0.515
HSPB2,NES,9606.ENSP00000302476,9606.ENSP00000357206,string_interactions_short,0.55
HSPB2,HSPD1,9606.ENSP00000302476,9606.ENSP00000340019,string_interactions_short,0.587
HSPB2,HSPH1,9606.ENSP00000302476,9606.ENSP00000487365,string_interactions_short,0.689
HSPB2,MAPKAPK2,9606.ENSP00000302476,9606.ENSP00000356070,string_interactions_short,0.822
HSPD1,PPIF,9606.ENSP00000340019,9606.ENSP00000225174,string_interactions_short,0.608
HSPD1,PLEC,9606.ENSP00000340019,9606.ENSP00000323856,string_interactions_short,0.731
HSPD1,P4HB,9606.ENSP00000340019,9606.ENSP00000327801,string_interactions_short,0.438
HSPD1,MCCC2,9606.ENSP00000340019,9606.ENSP00000343657,string_interactions_short,0.446
HSPD1,MCL1,9606.ENSP00000340019,9606.ENSP00000358022,string_interactions_short,0.46
HSPD1,SDHC,9606.ENSP00000340019,9606.ENSP00000356953,string_interactions_short,0.473
HSPD1,PGK1,9606.ENSP00000340019,9606.ENSP00000362413,string_interactions_short,0.722
HSPD1,TFAP2A,9606.ENSP00000340019,9606.ENSP00000501092,string_interactions_short,0.75
HSPD1,STIP1,9606.ENSP00000340019,9606.ENSP00000351646,string_interactions_short,0.787
HSPD1,HSPH1,9606.ENSP00000340019,9606.ENSP00000487365,string_interactions_short,0.799
HSPD1,VDAC1,9606.ENSP00000340019,9606.ENSP00000378487,string_interactions_short,0.898
HSPH1,STIP1,9606.ENSP00000487365,9606.ENSP00000351646,string_interactions_short,0.928
HSPH1,SH3BGRL,9606.ENSP00000487365,9606.ENSP00000362308,string_interactions_short,0.416
IL13RA1,LEP,9606.ENSP00000360730,9606.ENSP00000312652,string_interactions_short,0.668
IL13RA1,JAK1,9606.ENSP00000360730,9606.ENSP00000499900,string_interactions_short,0.973
INHBA,TGFB1,9606.ENSP00000242208,9606.ENSP00000221930,string_interactions_short,0.92
INHBA,THBS1,9606.ENSP00000242208,9606.ENSP00000260356,string_interactions_short,0.403
INMT,MAOA,9606.ENSP00000013222,9606.ENSP00000340684,string_interactions_short,0.93
ITGA7,THBS1,9606.ENSP00000452120,9606.ENSP00000260356,string_interactions_short,0.811
ITGA7,ITGBL1,9606.ENSP00000452120,9606.ENSP00000365351,string_interactions_short,0.474
ITGA7,LAMB3,9606.ENSP00000452120,9606.ENSP00000375778,string_interactions_short,0.755
ITGA7,SPP1,9606.ENSP00000452120,9606.ENSP00000378517,string_interactions_short,0.724
ITGA7,ITGB1,9606.ENSP00000452120,9606.ENSP00000379350,string_interactions_short,0.995
ITGA7,RELN,9606.ENSP00000452120,9606.ENSP00000392423,string_interactions_short,0.708
ITGA7,TNXB,9606.ENSP00000452120,9606.ENSP00000407685,string_interactions_short,0.749
ITGB1,VAMP3,9606.ENSP00000379350,9606.ENSP00000054666,string_interactions_short,0.502
ITGB1,TGFB1,9606.ENSP00000379350,9606.ENSP00000221930,string_interactions_short,0.885
ITGB1,THBS1,9606.ENSP00000379350,9606.ENSP00000260356,string_interactions_short,0.989
ITGB1,VCAN,9606.ENSP00000379350,9606.ENSP00000265077,string_interactions_short,0.667
ITGB1,RAB5A,9606.ENSP00000379350,9606.ENSP00000273047,string_interactions_short,0.623
ITGB1,MMP3,9606.ENSP00000379350,9606.ENSP00000299855,string_interactions_short,0.441
ITGB1,LAMP1,9606.ENSP00000379350,9606.ENSP00000333298,string_interactions_short,0.439
ITGB1,PTN,9606.ENSP00000379350,9606.ENSP00000341170,string_interactions_short,0.527
ITGB1,PEAR1,9606.ENSP00000379350,9606.ENSP00000344465,string_interactions_short,0.476
ITGB1,NES,9606.ENSP00000379350,9606.ENSP00000357206,string_interactions_short,0.607
ITGB1,LAMB3,9606.ENSP00000379350,9606.ENSP00000375778,string_interactions_short,0.765
ITGB1,SPP1,9606.ENSP00000379350,9606.ENSP00000378517,string_interactions_short,0.996
ITGB1,LRRC15,9606.ENSP00000379350,9606.ENSP00000413707,string_interactions_short,0.456
ITGB1,RAB5C,9606.ENSP00000379350,9606.ENSP00000447053,string_interactions_short,0.485
ITGB1,RHOA,9606.ENSP00000379350,9606.ENSP00000400175,string_interactions_short,0.839
ITGB1,TNXB,9606.ENSP00000379350,9606.ENSP00000407685,string_interactions_short,0.911
ITGB1,RELN,9606.ENSP00000379350,9606.ENSP00000392423,string_interactions_short,0.94
ITGB1,NPNT,9606.ENSP00000379350,9606.ENSP00000389252,string_interactions_short,0.972
ITGBL1,MMP3,9606.ENSP00000365351,9606.ENSP00000299855,string_interactions_short,0.54
ITGBL1,RUNX2,9606.ENSP00000365351,9606.ENSP00000360493,string_interactions_short,0.818
JAK1,MAPK1,9606.ENSP00000499900,9606.ENSP00000215832,string_interactions_short,0.745
JAK1,TGFB1,9606.ENSP00000499900,9606.ENSP00000221930,string_interactions_short,0.511
JAK1,REL,9606.ENSP00000499900,9606.ENSP00000295025,string_interactions_short,0.425
JAK1,PRKCD,9606.ENSP00000499900,9606.ENSP00000331602,string_interactions_short,0.495
JAK1,PLAUR,9606.ENSP00000499900,9606.ENSP00000339328,string_interactions_short,0.609
JAK1,PARP9,9606.ENSP00000499900,9606.ENSP00000353512,string_interactions_short,0.414
JAK1,RHOA,9606.ENSP00000499900,9606.ENSP00000400175,string_interactions_short,0.484
KDELR1,TMED2,9606.ENSP00000329471,9606.ENSP00000262225,string_interactions_short,0.631
KDELR1,NAPA,9606.ENSP00000329471,9606.ENSP00000263354,string_interactions_short,0.598
KDELR1,RAB1A,9606.ENSP00000329471,9606.ENSP00000387286,string_interactions_short,0.667
KDELR1,KDELR3,9606.ENSP00000329471,9606.ENSP00000386918,string_interactions_short,0.906
KDELR3,TMED2,9606.ENSP00000386918,9606.ENSP00000262225,string_interactions_short,0.531
KDELR3,NAPA,9606.ENSP00000386918,9606.ENSP00000263354,string_interactions_short,0.499
KDELR3,RAB1A,9606.ENSP00000386918,9606.ENSP00000387286,string_interactions_short,0.572
KLB,MAPK1,9606.ENSP00000257408,9606.ENSP00000215832,string_interactions_short,0.616
KLHL13,UBE2M,9606.ENSP00000419803,9606.ENSP00000253023,string_interactions_short,0.687
KRT14,SOX10,9606.ENSP00000167586,9606.ENSP00000380093,string_interactions_short,0.447
KRT14,MUC1,9606.ENSP00000167586,9606.ENSP00000484824,string_interactions_short,0.509
KRT14,NES,9606.ENSP00000167586,9606.ENSP00000357206,string_interactions_short,0.586
KRT14,PLEC,9606.ENSP00000167586,9606.ENSP00000323856,string_interactions_short,0.848
KRT14,KRT5,9606.ENSP00000167586,9606.ENSP00000252242,string_interactions_short,0.999
KRT15,KRT5,9606.ENSP00000377546,9606.ENSP00000252242,string_interactions_short,0.749
KRT15,NES,9606.ENSP00000377546,9606.ENSP00000357206,string_interactions_short,0.451
KRT17,KRT5,9606.ENSP00000308452,9606.ENSP00000252242,string_interactions_short,0.866
KRT17,MUC1,9606.ENSP00000308452,9606.ENSP00000484824,string_interactions_short,0.468
KRT5,SOX10,9606.ENSP00000252242,9606.ENSP00000380093,string_interactions_short,0.518
KRT5,MUC1,9606.ENSP00000252242,9606.ENSP00000484824,string_interactions_short,0.597
KRT5,PGR,9606.ENSP00000252242,9606.ENSP00000325120,string_interactions_short,0.777
LAMB3,THBS1,9606.ENSP00000375778,9606.ENSP00000260356,string_interactions_short,0.54
LAMB3,MMP3,9606.ENSP00000375778,9606.ENSP00000299855,string_interactions_short,0.56
LAMB3,PLEC,9606.ENSP00000375778,9606.ENSP00000323856,string_interactions_short,0.728
LAMP1,VAMP3,9606.ENSP00000333298,9606.ENSP00000054666,string_interactions_short,0.717
LAMP1,NECTIN2,9606.ENSP00000333298,9606.ENSP00000252483,string_interactions_short,0.464
LAMP1,VAMP7,9606.ENSP00000333298,9606.ENSP00000262640,string_interactions_short,0.804
LAMP1,SCARB2,9606.ENSP00000333298,9606.ENSP00000264896,string_interactions_short,0.647
LAMP1,TPP1,9606.ENSP00000333298,9606.ENSP00000299427,string_interactions_short,0.401
LAMP1,RAB1A,9606.ENSP00000333298,9606.ENSP00000387286,string_interactions_short,0.404
LARP4B,RPS23,9606.ENSP00000326128,9606.ENSP00000296674,string_interactions_short,0.901
LARP4B,ZMYND11,9606.ENSP00000326128,9606.ENSP00000371003,string_interactions_short,0.502
LEP,TRARG1,9606.ENSP00000312652,9606.ENSP00000329548,string_interactions_short,0.459
LEP,MED23,9606.ENSP00000312652,9606.ENSP00000357047,string_interactions_short,0.499
LGALS12,TRARG1,9606.ENSP00000339374,9606.ENSP00000329548,string_interactions_short,0.427
LGR6,RSPO3,9606.ENSP00000356247,9606.ENSP00000349131,string_interactions_short,0.958
LIPE,SQLE,9606.ENSP00000244289,9606.ENSP00000265896,string_interactions_short,0.464
LIPE,PLIN4,9606.ENSP00000244289,9606.ENSP00000488481,string_interactions_short,0.705
LIPE,PRKAR1A,9606.ENSP00000244289,9606.ENSP00000376475,string_interactions_short,0.91
LIPE,PLIN1,9606.ENSP00000244289,9606.ENSP00000300055,string_interactions_short,0.999
LMF1,LPL,9606.ENSP00000262301,9606.ENSP00000497642,string_interactions_short,0.937
LMOD1,TPM4,9606.ENSP00000356257,9606.ENSP00000494125,string_interactions_short,0.602
LOXL1,NID2,9606.ENSP00000261921,9606.ENSP00000216286,string_interactions_short,0.436
LOXL1,TGFB1,9606.ENSP00000261921,9606.ENSP00000221930,string_interactions_short,0.506
LOXL1,NPNT,9606.ENSP00000261921,9606.ENSP00000389252,string_interactions_short,0.452
LOXL1,POSTN,9606.ENSP00000261921,9606.ENSP00000369071,string_interactions_short,0.512
LOXL1,MFAP2,9606.ENSP00000261921,9606.ENSP00000364685,string_interactions_short,0.877
LPL,MED23,9606.ENSP00000497642,9606.ENSP00000357047,string_interactions_short,0.499
LPL,PLPP4,9606.ENSP00000497642,9606.ENSP00000381302,string_interactions_short,0.9
LPL,SAA2,9606.ENSP00000497642,9606.ENSP00000436126,string_interactions_short,0.637
LPL,SAA2-SAA4,9606.ENSP00000497642,9606.ENSP00000485552,string_interactions_short,0.6
LRG1,TF,9606.ENSP00000302621,9606.ENSP00000385834,string_interactions_short,0.529
LRRC15,POSTN,9606.ENSP00000413707,9606.ENSP00000369071,string_interactions_short,0.42
LSM4,SRSF1,9606.ENSP00000469468,9606.ENSP00000258962,string_interactions_short,0.89
LSM4,PATL1,9606.ENSP00000469468,9606.ENSP00000300146,string_interactions_short,0.999
LSM4,PRPF4B,9606.ENSP00000469468,9606.ENSP00000337194,string_interactions_short,0.892
LSM4,WTAP,9606.ENSP00000469468,9606.ENSP00000351141,string_interactions_short,0.463
LSM4,PRPF4,9606.ENSP00000469468,9606.ENSP00000363313,string_interactions_short,0.999
LYVE1,SEMA3G,9606.ENSP00000256178,9606.ENSP00000231721,string_interactions_short,0.491
LYVE1,SPP1,9606.ENSP00000256178,9606.ENSP00000378517,string_interactions_short,0.621
LYVE1,VCAN,9606.ENSP00000256178,9606.ENSP00000265077,string_interactions_short,0.819
M6PR,TF,9606.ENSP00000000412,9606.ENSP00000385834,string_interactions_short,0.4
M6PR,PICALM,9606.ENSP00000000412,9606.ENSP00000377015,string_interactions_short,0.508
M6PR,NAPA,9606.ENSP00000000412,9606.ENSP00000263354,string_interactions_short,0.534
M6PR,SCARB2,9606.ENSP00000000412,9606.ENSP00000264896,string_interactions_short,0.562
M6PR,VAMP3,9606.ENSP00000000412,9606.ENSP00000054666,string_interactions_short,0.624
M6PR,VAMP7,9606.ENSP00000000412,9606.ENSP00000262640,string_interactions_short,0.658
MACF1,YWHAE,9606.ENSP00000354573,9606.ENSP00000264335,string_interactions_short,0.454
MACF1,RHOA,9606.ENSP00000354573,9606.ENSP00000400175,string_interactions_short,0.43
MACF1,MAPRE1,9606.ENSP00000354573,9606.ENSP00000364721,string_interactions_short,0.902
MACROH2A1,SMARCC1,9606.ENSP00000423563,9606.ENSP00000254480,string_interactions_short,0.447
MACROH2A1,TRIM59,9606.ENSP00000423563,9606.ENSP00000311219,string_interactions_short,0.443
MAN2A1,NAPA,9606.ENSP00000261483,9606.ENSP00000263354,string_interactions_short,0.547
MAOA,NTRK2,9606.ENSP00000340684,9606.ENSP00000277120,string_interactions_short,0.456
MAOA,PSEN1,9606.ENSP00000340684,9606.ENSP00000326366,string_interactions_short,0.578
MAP3K7,MAPK1,9606.ENSP00000358335,9606.ENSP00000215832,string_interactions_short,0.926
MAP3K7,TGFB1,9606.ENSP00000358335,9606.ENSP00000221930,string_interactions_short,0.504
MAP3K7,REL,9606.ENSP00000358335,9606.ENSP00000295025,string_interactions_short,0.733
MAP3K7,UBE2N,9606.ENSP00000358335,9606.ENSP00000316176,string_interactions_short,0.993
MAP3K7,TAB2,9606.ENSP00000358335,9606.ENSP00000356426,string_interactions_short,0.999
MAP3K7,USP21,9606.ENSP00000358335,9606.ENSP00000356981,string_interactions_short,0.457
MAP3K7,RHOA,9606.ENSP00000358335,9606.ENSP00000400175,string_interactions_short,0.404
MAP3K7,PGK1,9606.ENSP00000358335,9606.ENSP00000362413,string_interactions_short,0.429
MAPK1,TOP2A,9606.ENSP00000215832,9606.ENSP00000411532,string_interactions_short,0.421
MAPK1,SULF2,9606.ENSP00000215832,9606.ENSP00000353007,string_interactions_short,0.426
MAPK1,VDAC1,9606.ENSP00000215832,9606.ENSP00000378487,string_interactions_short,0.431
MAPK1,SOX10,9606.ENSP00000215832,9606.ENSP00000380093,string_interactions_short,0.449
MAPK1,RASA1,9606.ENSP00000215832,9606.ENSP00000274376,string_interactions_short,0.456
MAPK1,RET,9606.ENSP00000215832,9606.ENSP00000347942,string_interactions_short,0.459
MAPK1,TGFB1,9606.ENSP00000215832,9606.ENSP00000221930,string_interactions_short,0.482
MAPK1,MTUS1,9606.ENSP00000215832,9606.ENSP00000262102,string_interactions_short,0.484
MAPK1,SRSF1,9606.ENSP00000215832,9606.ENSP00000258962,string_interactions_short,0.564
MAPK1,S100B,9606.ENSP00000215832,9606.ENSP00000291700,string_interactions_short,0.569
MAPK1,RUNX2,9606.ENSP00000215832,9606.ENSP00000360493,string_interactions_short,0.583
MAPK1,YWHAE,9606.ENSP00000215832,9606.ENSP00000264335,string_interactions_short,0.586
MAPK1,RHOA,9606.ENSP00000215832,9606.ENSP00000400175,string_interactions_short,0.593
MAPK1,YWHAZ,9606.ENSP00000215832,9606.ENSP00000379287,string_interactions_short,0.617
MAPK1,TOB1,9606.ENSP00000215832,9606.ENSP00000427695,string_interactions_short,0.62
MAPK1,PPP2R5C,9606.ENSP00000215832,9606.ENSP00000412324,string_interactions_short,0.657
MAPK1,MCL1,9606.ENSP00000215832,9606.ENSP00000358022,string_interactions_short,0.74
MAPK1,MAPKAPK2,9606.ENSP00000215832,9606.ENSP00000356070,string_interactions_short,0.888
MAPKAPK2,ZFP36L2,9606.ENSP00000356070,9606.ENSP00000282388,string_interactions_short,0.926
MAPKAPK2,YWHAZ,9606.ENSP00000356070,9606.ENSP00000379287,string_interactions_short,0.465
MAPRE1,MTUS1,9606.ENSP00000364721,9606.ENSP00000262102,string_interactions_short,0.491
MAPRE1,YWHAZ,9606.ENSP00000364721,9606.ENSP00000379287,string_interactions_short,0.417
MAPRE1,MARCHF7,9606.ENSP00000364721,9606.ENSP00000386830,string_interactions_short,0.44
MAPRE1,RHOA,9606.ENSP00000364721,9606.ENSP00000400175,string_interactions_short,0.455
MAPRE1,SEPTIN2,9606.ENSP00000364721,9606.ENSP00000479861,string_interactions_short,0.561
MARCHF7,UBE2N,9606.ENSP00000386830,9606.ENSP00000316176,string_interactions_short,0.694
MBNL1,SRSF10,9606.ENSP00000282486,9606.ENSP00000420195,string_interactions_short,0.502
MBNL1,RBM47,9606.ENSP00000282486,9606.ENSP00000295971,string_interactions_short,0.521
MBNL1,RBFOX2,9606.ENSP00000282486,9606.ENSP00000413035,string_interactions_short,0.813
MCL1,PMAIP1,9606.ENSP00000358022,9606.ENSP00000326119,string_interactions_short,0.999
MCL1,VDAC1,9606.ENSP00000358022,9606.ENSP00000378487,string_interactions_short,0.971
MED23,NIPBL,9606.ENSP00000357047,9606.ENSP00000282516,string_interactions_short,0.525
MED23,PLIN1,9606.ENSP00000357047,9606.ENSP00000300055,string_interactions_short,0.499
MED23,PCK1,9606.ENSP00000357047,9606.ENSP00000319814,string_interactions_short,0.499
MLXIPL,PLIN1,9606.ENSP00000320886,9606.ENSP00000300055,string_interactions_short,0.447
MME,MUC1,9606.ENSP00000418525,9606.ENSP00000484824,string_interactions_short,0.487
MMP11,POSTN,9606.ENSP00000215743,9606.ENSP00000369071,string_interactions_short,0.403
MMP11,TIMP4,9606.ENSP00000215743,9606.ENSP00000287814,string_interactions_short,0.497
MMP11,SCUBE2,9606.ENSP00000215743,9606.ENSP00000310658,string_interactions_short,0.596
MMP11,TIMP3,9606.ENSP00000215743,9606.ENSP00000266085,string_interactions_short,0.666
MMP3,TGFB1,9606.ENSP00000299855,9606.ENSP00000221930,string_interactions_short,0.787
MMP3,TIMP3,9606.ENSP00000299855,9606.ENSP00000266085,string_interactions_short,0.918
MMP3,TIMP4,9606.ENSP00000299855,9606.ENSP00000287814,string_interactions_short,0.882
MMP3,POSTN,9606.ENSP00000299855,9606.ENSP00000369071,string_interactions_short,0.533
MMP3,SPP1,9606.ENSP00000299855,9606.ENSP00000378517,string_interactions_short,0.997
MRPL42,MRPS30,9606.ENSP00000449884,9606.ENSP00000424328,string_interactions_short,0.97
MSH6,MTUS1,9606.ENSP00000234420,9606.ENSP00000262102,string_interactions_short,0.44
MSH6,NOTCH2,9606.ENSP00000234420,9606.ENSP00000256646,string_interactions_short,0.462
MSH6,RRM1,9606.ENSP00000234420,9606.ENSP00000300738,string_interactions_short,0.676
MSH6,SMC3,9606.ENSP00000234420,9606.ENSP00000354720,string_interactions_short,0.687
MSH6,PRKDC,9606.ENSP00000234420,9606.ENSP00000313420,string_interactions_short,0.967
MSI2,SRSF1,9606.ENSP00000284073,9606.ENSP00000258962,string_interactions_short,0.404
MSI2,RBFOX2,9606.ENSP00000284073,9606.ENSP00000413035,string_interactions_short,0.521
MUC1,THBS1,9606.ENSP00000484824,9606.ENSP00000260356,string_interactions_short,0.531
MUC1,SCARB2,9606.ENSP00000484824,9606.ENSP00000264896,string_interactions_short,0.471
MUC1,MUCL1,9606.ENSP00000484824,9606.ENSP00000311364,string_interactions_short,0.635
MUC1,PRKCD,9606.ENSP00000484824,9606.ENSP00000331602,string_interactions_short,0.678
MUC1,SLPI,9606.ENSP00000484824,9606.ENSP00000342082,string_interactions_short,0.415
MUC1,PIGR,9606.ENSP00000484824,9606.ENSP00000348888,string_interactions_short,0.514
MUC1,NPR1,9606.ENSP00000484824,9606.ENSP00000357669,string_interactions_short,0.45
MUC1,SPP1,9606.ENSP00000484824,9606.ENSP00000378517,string_interactions_short,0.437
MYO6,PIK3C2A,9606.ENSP00000358994,9606.ENSP00000265970,string_interactions_short,0.549
MYO6,NTRK2,9606.ENSP00000358994,9606.ENSP00000277120,string_interactions_short,0.504
MYO6,PDLIM5,9606.ENSP00000358994,9606.ENSP00000480359,string_interactions_short,0.592
MYO6,PICALM,9606.ENSP00000358994,9606.ENSP00000377015,string_interactions_short,0.642
NAPA,VAMP3,9606.ENSP00000263354,9606.ENSP00000054666,string_interactions_short,0.974
NAPA,TMED2,9606.ENSP00000263354,9606.ENSP00000262225,string_interactions_short,0.552
NAPA,VAMP7,9606.ENSP00000263354,9606.ENSP00000262640,string_interactions_short,0.966
NAPA,PIK3C2A,9606.ENSP00000263354,9606.ENSP00000265970,string_interactions_short,0.5
NAPA,PICALM,9606.ENSP00000263354,9606.ENSP00000377015,string_interactions_short,0.521
NAPA,TPD52,9606.ENSP00000263354,9606.ENSP00000429309,string_interactions_short,0.583
NAPA,RAB5C,9606.ENSP00000263354,9606.ENSP00000447053,string_interactions_short,0.605
NAPA,RAB1A,9606.ENSP00000263354,9606.ENSP00000387286,string_interactions_short,0.676
NAT1,XDH,9606.ENSP00000443194,9606.ENSP00000368727,string_interactions_short,0.911
NBR1,PSEN1,9606.ENSP00000343479,9606.ENSP00000326366,string_interactions_short,0.545
NCALD,S100B,9606.ENSP00000379256,9606.ENSP00000291700,string_interactions_short,0.443
NCALD,PICALM,9606.ENSP00000379256,9606.ENSP00000377015,string_interactions_short,0.72
NES,TGFB1,9606.ENSP00000357206,9606.ENSP00000221930,string_interactions_short,0.501
NES,NOTCH2,9606.ENSP00000357206,9606.ENSP00000256646,string_interactions_short,0.431
NES,NTRK2,9606.ENSP00000357206,9606.ENSP00000277120,string_interactions_short,0.546
NES,PLEC,9606.ENSP00000357206,9606.ENSP00000323856,string_interactions_short,0.595
NES,SYNM,9606.ENSP00000357206,9606.ENSP00000336775,string_interactions_short,0.949
NES,RHOA,9606.ENSP00000357206,9606.ENSP00000400175,string_interactions_short,0.42
NET1,RHOA,9606.ENSP00000347134,9606.ENSP00000400175,string_interactions_short,0.987
NIPBL,SMC4,9606.ENSP00000282516,9606.ENSP00000341382,string_interactions_short,0.828
NIPBL,WAPL,9606.ENSP00000282516,9606.ENSP00000298767,string_interactions_short,0.998
NIPBL,SMC3,9606.ENSP00000282516,9606.ENSP00000354720,string_interactions_short,0.999
NOLC1,XRN2,9606.ENSP00000385410,9606.ENSP00000366396,string_interactions_short,0.42
NOTCH2,TGFB1,9606.ENSP00000256646,9606.ENSP00000221930,string_interactions_short,0.644
NOTCH2,RHOA,9606.ENSP00000256646,9606.ENSP00000400175,string_interactions_short,0.408
NOTCH2,TMED2,9606.ENSP00000256646,9606.ENSP00000262225,string_interactions_short,0.46
NOTCH2,PROM1,9606.ENSP00000256646,9606.ENSP00000426809,string_interactions_short,0.512
NOTCH2,PSENEN,9606.ENSP00000256646,9606.ENSP00000468411,string_interactions_short,0.775
NOTCH2,PSEN1,9606.ENSP00000256646,9606.ENSP00000326366,string_interactions_short,0.823
NPR1,PDE9A,9606.ENSP00000357669,9606.ENSP00000291539,string_interactions_short,0.818
NRIP1,PCK1,9606.ENSP00000327213,9606.ENSP00000319814,string_interactions_short,0.576
NRIP1,PGR,9606.ENSP00000327213,9606.ENSP00000325120,string_interactions_short,0.688
NTRK2,RANBP9,9606.ENSP00000277120,9606.ENSP00000011619,string_interactions_short,0.631
NTRK2,TGFB1,9606.ENSP00000277120,9606.ENSP00000221930,string_interactions_short,0.581
NTRK2,P2RX4,9606.ENSP00000277120,9606.ENSP00000353032,string_interactions_short,0.421
NTRK2,RHOA,9606.ENSP00000277120,9606.ENSP00000400175,string_interactions_short,0.51
NTRK2,RET,9606.ENSP00000277120,9606.ENSP00000347942,string_interactions_short,0.564
NTRK2,TIAM1,9606.ENSP00000277120,9606.ENSP00000286827,string_interactions_short,0.908
NUSAP1,S100P,9606.ENSP00000499238,9606.ENSP00000296370,string_interactions_short,0.428
OAS1,PARP9,9606.ENSP00000388001,9606.ENSP00000353512,string_interactions_short,0.87
OSTC,SEC61A1,9606.ENSP00000426167,9606.ENSP00000243253,string_interactions_short,0.934
OSTC,PICALM,9606.ENSP00000426167,9606.ENSP00000377015,string_interactions_short,0.472
OXTR,RELN,9606.ENSP00000324270,9606.ENSP00000392423,string_interactions_short,0.407
P4HB,SEC61A1,9606.ENSP00000327801,9606.ENSP00000243253,string_interactions_short,0.855
P4HB,TRIM4,9606.ENSP00000327801,9606.ENSP00000348216,string_interactions_short,0.49
PAMR1,SCARA5,9606.ENSP00000482899,9606.ENSP00000346990,string_interactions_short,0.529
PARD6B,RHOA,9606.ENSP00000360672,9606.ENSP00000400175,string_interactions_short,0.527
PARP9,RNF213,9606.ENSP00000353512,9606.ENSP00000464087,string_interactions_short,0.622
PATL1,XRN2,9606.ENSP00000300146,9606.ENSP00000366396,string_interactions_short,0.509
PATL1,PRPF4,9606.ENSP00000300146,9606.ENSP00000363313,string_interactions_short,0.683
PDLIM5,SORBS2,9606.ENSP00000480359,9606.ENSP00000347852,string_interactions_short,0.683
PDLIM5,VDAC1,9606.ENSP00000480359,9606.ENSP00000378487,string_interactions_short,0.512
PGK1,YWHAE,9606.ENSP00000362413,9606.ENSP00000264335,string_interactions_short,0.532
PGK1,STIP1,9606.ENSP00000362413,9606.ENSP00000351646,string_interactions_short,0.558
PGK1,RHOA,9606.ENSP00000362413,9606.ENSP00000400175,string_interactions_short,0.497
PGK1,YWHAZ,9606.ENSP00000362413,9606.ENSP00000379287,string_interactions_short,0.787
PGR,SCUBE2,9606.ENSP00000325120,9606.ENSP00000310658,string_interactions_short,0.556
PGR,PRKDC,9606.ENSP00000325120,9606.ENSP00000313420,string_interactions_short,0.42
PGR,STIP1,9606.ENSP00000325120,9606.ENSP00000351646,string_interactions_short,0.817
PHGDH,SRSF1,9606.ENSP00000493382,9606.ENSP00000258962,string_interactions_short,0.424
PHGDH,TPP1,9606.ENSP00000493382,9606.ENSP00000299427,string_interactions_short,0.541
PHGDH,PRKDC,9606.ENSP00000493382,9606.ENSP00000313420,string_interactions_short,0.59
PHGDH,PLPBP,9606.ENSP00000493382,9606.ENSP00000333551,string_interactions_short,0.415
PHGDH,YWHAZ,9606.ENSP00000493382,9606.ENSP00000379287,string_interactions_short,0.476
PICALM,VAMP3,9606.ENSP00000377015,9606.ENSP00000054666,string_interactions_short,0.737
PICALM,VAMP7,9606.ENSP00000377015,9606.ENSP00000262640,string_interactions_short,0.591
PICALM,SCARB2,9606.ENSP00000377015,9606.ENSP00000264896,string_interactions_short,0.608
PICALM,PIK3C2A,9606.ENSP00000377015,9606.ENSP00000265970,string_interactions_short,0.9
PICALM,SH3GL3,9606.ENSP00000377015,9606.ENSP00000320092,string_interactions_short,0.62
PICALM,TPD52,9606.ENSP00000377015,9606.ENSP00000429309,string_interactions_short,0.5
PICALM,TF,9606.ENSP00000377015,9606.ENSP00000385834,string_interactions_short,0.502
PICALM,RAB5C,9606.ENSP00000377015,9606.ENSP00000447053,string_interactions_short,0.562
PIGX,RPS23,9606.ENSP00000296333,9606.ENSP00000296674,string_interactions_short,0.456
PIK3C2A,VAMP7,9606.ENSP00000265970,9606.ENSP00000262640,string_interactions_short,0.518
PIK3C2A,TPD52,9606.ENSP00000265970,9606.ENSP00000429309,string_interactions_short,0.504
PIK3C2A,RAB5C,9606.ENSP00000265970,9606.ENSP00000447053,string_interactions_short,0.568
PLAU,SERPINE1,9606.ENSP00000361850,9606.ENSP00000223095,string_interactions_short,0.999
PLAU,THBS1,9606.ENSP00000361850,9606.ENSP00000260356,string_interactions_short,0.738
PLAU,PLAUR,9606.ENSP00000361850,9606.ENSP00000339328,string_interactions_short,0.999
PLAU,SGPL1,9606.ENSP00000361850,9606.ENSP00000362298,string_interactions_short,0.521
PLAU,RHOA,9606.ENSP00000361850,9606.ENSP00000400175,string_interactions_short,0.658
PLAUR,SERPINE1,9606.ENSP00000339328,9606.ENSP00000223095,string_interactions_short,0.994
PLIN1,SCARB2,9606.ENSP00000300055,9606.ENSP00000264896,string_interactions_short,0.76
PLIN1,TRARG1,9606.ENSP00000300055,9606.ENSP00000329548,string_interactions_short,0.546
PLIN4,SCARB2,9606.ENSP00000488481,9606.ENSP00000264896,string_interactions_short,0.413
PLIN4,TRARG1,9606.ENSP00000488481,9606.ENSP00000329548,string_interactions_short,0.643
PNP,XDH,9606.ENSP00000354532,9606.ENSP00000368727,string_interactions_short,0.997
POSTN,THBS1,9606.ENSP00000369071,9606.ENSP00000260356,string_interactions_short,0.648
POSTN,VCAN,9606.ENSP00000369071,9606.ENSP00000265077,string_interactions_short,0.607
PPIF,TBL1XR1,9606.ENSP00000225174,9606.ENSP00000405574,string_interactions_short,0.44
PPIF,VDAC1,9606.ENSP00000225174,9606.ENSP00000378487,string_interactions_short,0.999
PPP1R11,PPP1R2,9606.ENSP00000365963,9606.ENSP00000484580,string_interactions_short,0.767
PPP1R14A,RHOA,9606.ENSP00000301242,9606.ENSP00000400175,string_interactions_short,0.807
PPP1R1A,PPP2R5C,9606.ENSP00000257905,9606.ENSP00000412324,string_interactions_short,0.903
PREX1,RHOH,9606.ENSP00000361009,9606.ENSP00000371219,string_interactions_short,0.582
PREX1,RHOA,9606.ENSP00000361009,9606.ENSP00000400175,string_interactions_short,0.789
PRKAR1A,YWHAZ,9606.ENSP00000376475,9606.ENSP00000379287,string_interactions_short,0.469
PRKAR1A,TPM4,9606.ENSP00000376475,9606.ENSP00000494125,string_interactions_short,0.571
PRKAR1A,RAPGEF3,9606.ENSP00000376475,9606.ENSP00000395708,string_interactions_short,0.571
PRKCD,RASA1,9606.ENSP00000331602,9606.ENSP00000274376,string_interactions_short,0.577
PRKCD,PRKDC,9606.ENSP00000331602,9606.ENSP00000313420,string_interactions_short,0.485
PRKCD,RHOA,9606.ENSP00000331602,9606.ENSP00000400175,string_interactions_short,0.575
PRKCD,YWHAZ,9606.ENSP00000331602,9606.ENSP00000379287,string_interactions_short,0.576
PRKDC,SRSF1,9606.ENSP00000313420,9606.ENSP00000258962,string_interactions_short,0.591
PRKDC,SGK3,9606.ENSP00000313420,9606.ENSP00000379842,string_interactions_short,0.411
PRKDC,UBE2N,9606.ENSP00000313420,9606.ENSP00000316176,string_interactions_short,0.657
PRKDC,TOP2A,9606.ENSP00000313420,9606.ENSP00000411532,string_interactions_short,0.793
PRPF4,SRSF1,9606.ENSP00000363313,9606.ENSP00000258962,string_interactions_short,0.566
PRPF4,PRPF4B,9606.ENSP00000363313,9606.ENSP00000337194,string_interactions_short,0.959
PRPF4B,SRSF1,9606.ENSP00000337194,9606.ENSP00000258962,string_interactions_short,0.715
PRPF4B,SRPK2,9606.ENSP00000337194,9606.ENSP00000377262,string_interactions_short,0.606
PSEN1,VDAC1,9606.ENSP00000326366,9606.ENSP00000378487,string_interactions_short,0.449
PSEN1,PSENEN,9606.ENSP00000326366,9606.ENSP00000468411,string_interactions_short,0.999
PTPN12,SORBS2,9606.ENSP00000248594,9606.ENSP00000347852,string_interactions_short,0.403
PTPN12,RHOA,9606.ENSP00000248594,9606.ENSP00000400175,string_interactions_short,0.461
PWWP3B,SRSF1,9606.ENSP00000338641,9606.ENSP00000258962,string_interactions_short,0.405
PWWP3B,SDHC,9606.ENSP00000338641,9606.ENSP00000356953,string_interactions_short,0.689
RAB1A,VAMP3,9606.ENSP00000387286,9606.ENSP00000054666,string_interactions_short,0.47
RAB1A,TMED2,9606.ENSP00000387286,9606.ENSP00000262225,string_interactions_short,0.839
RAB1A,RAB5A,9606.ENSP00000387286,9606.ENSP00000273047,string_interactions_short,0.519
RAB1A,RASA1,9606.ENSP00000387286,9606.ENSP00000274376,string_interactions_short,0.454
RAB1A,YIPF5,9606.ENSP00000387286,9606.ENSP00000274496,string_interactions_short,0.691
RAB1A,TRAPPC11,9606.ENSP00000387286,9606.ENSP00000335371,string_interactions_short,0.589
RAB1A,SAR1B,9606.ENSP00000387286,9606.ENSP00000385432,string_interactions_short,0.723
RAB1A,RABEP1,9606.ENSP00000387286,9606.ENSP00000445408,string_interactions_short,0.558
RAB1A,RAB5C,9606.ENSP00000387286,9606.ENSP00000447053,string_interactions_short,0.69
RAB31,RAB5A,9606.ENSP00000461945,9606.ENSP00000273047,string_interactions_short,0.633
RAB31,RASA1,9606.ENSP00000461945,9606.ENSP00000274376,string_interactions_short,0.818
RAB31,TRIM4,9606.ENSP00000461945,9606.ENSP00000348216,string_interactions_short,0.439
RAB31,VPS8,9606.ENSP00000461945,9606.ENSP00000487164,string_interactions_short,0.5
RAB5A,VAMP3,9606.ENSP00000273047,9606.ENSP00000054666,string_interactions_short,0.669
RAB5A,VAMP7,9606.ENSP00000273047,9606.ENSP00000262640,string_interactions_short,0.63
RAB5A,RASA1,9606.ENSP00000273047,9606.ENSP00000274376,string_interactions_short,0.881
RAB5A,VPS8,9606.ENSP00000273047,9606.ENSP00000487164,string_interactions_short,0.902
RAB5A,RAB5C,9606.ENSP00000273047,9606.ENSP00000447053,string_interactions_short,0.989
RAB5A,RABEP1,9606.ENSP00000273047,9606.ENSP00000445408,string_interactions_short,0.999
RAB5C,VAMP3,9606.ENSP00000447053,9606.ENSP00000054666,string_interactions_short,0.664
RAB5C,VAMP7,9606.ENSP00000447053,9606.ENSP00000262640,string_interactions_short,0.611
RAB5C,TPD52,9606.ENSP00000447053,9606.ENSP00000429309,string_interactions_short,0.613
RAB5C,RABEP1,9606.ENSP00000447053,9606.ENSP00000445408,string_interactions_short,0.843
RAB5C,VPS8,9606.ENSP00000447053,9606.ENSP00000487164,string_interactions_short,0.659
RAP1GDS1,RASL10A,9606.ENSP00000340454,9606.ENSP00000216101,string_interactions_short,0.752
RAP1GDS1,RHOA,9606.ENSP00000340454,9606.ENSP00000400175,string_interactions_short,0.945
RAP2B,RASA1,9606.ENSP00000319096,9606.ENSP00000274376,string_interactions_short,0.711
RAP2B,RAPGEF3,9606.ENSP00000319096,9606.ENSP00000395708,string_interactions_short,0.506
RAPGEF3,YWHAZ,9606.ENSP00000395708,9606.ENSP00000379287,string_interactions_short,0.5
RAPGEF3,RHOA,9606.ENSP00000395708,9606.ENSP00000400175,string_interactions_short,0.57
RASA1,YWHAH,9606.ENSP00000274376,9606.ENSP00000248975,string_interactions_short,0.443
RASA1,RHOA,9606.ENSP00000274376,9606.ENSP00000400175,string_interactions_short,0.813
RASL10A,RHOA,9606.ENSP00000216101,9606.ENSP00000400175,string_interactions_short,0.647
RBFOX2,SRSF1,9606.ENSP00000413035,9606.ENSP00000258962,string_interactions_short,0.605
RBFOX2,RBM24,9606.ENSP00000413035,9606.ENSP00000368341,string_interactions_short,0.677
REL,TGFB1,9606.ENSP00000295025,9606.ENSP00000221930,string_interactions_short,0.402
REL,SDHC,9606.ENSP00000295025,9606.ENSP00000356953,string_interactions_short,0.41
RET,TBL1XR1,9606.ENSP00000347942,9606.ENSP00000405574,string_interactions_short,0.463
RGS1,RGS5,9606.ENSP00000356429,9606.ENSP00000433001,string_interactions_short,0.576
RHOA,VAMP3,9606.ENSP00000400175,9606.ENSP00000054666,string_interactions_short,0.698
RHOA,ROPN1,9606.ENSP00000400175,9606.ENSP00000184183,string_interactions_short,0.546
RHOA,TGFB1,9606.ENSP00000400175,9606.ENSP00000221930,string_interactions_short,0.834
RHOA,THBS1,9606.ENSP00000400175,9606.ENSP00000260356,string_interactions_short,0.422
RHOA,TIAM1,9606.ENSP00000400175,9606.ENSP00000286827,string_interactions_short,0.906
RHOA,VAV3,9606.ENSP00000400175,9606.ENSP00000359073,string_interactions_short,0.975
RHOA,RUNX2,9606.ENSP00000400175,9606.ENSP00000360493,string_interactions_short,0.478
RHOA,YWHAZ,9606.ENSP00000400175,9606.ENSP00000379287,string_interactions_short,0.687
RHOA,SEPTIN2,9606.ENSP00000400175,9606.ENSP00000479861,string_interactions_short,0.41
RHOH,VAMP3,9606.ENSP00000371219,9606.ENSP00000054666,string_interactions_short,0.585
RIOK3,RPS23,9606.ENSP00000341874,9606.ENSP00000296674,string_interactions_short,0.4
RNF213,SP110,9606.ENSP00000464087,9606.ENSP00000258381,string_interactions_short,0.441
RNF213,UBE2N,9606.ENSP00000464087,9606.ENSP00000316176,string_interactions_short,0.45
RNF213,TPM4,9606.ENSP00000464087,9606.ENSP00000494125,string_interactions_short,0.458
ROPN1,ROPN1B,9606.ENSP00000184183,9606.ENSP00000426271,string_interactions_short,0.884
RPRD1A,XRN2,9606.ENSP00000381984,9606.ENSP00000366396,string_interactions_short,0.883
RPS23,SEC61A1,9606.ENSP00000296674,9606.ENSP00000243253,string_interactions_short,0.978
RPS23,SECISBP2,9606.ENSP00000296674,9606.ENSP00000364965,string_interactions_short,0.815
RRM1,SAE1,9606.ENSP00000300738,9606.ENSP00000270225,string_interactions_short,0.455
RRM1,SMC4,9606.ENSP00000300738,9606.ENSP00000341382,string_interactions_short,0.615
RRM1,RRM2,9606.ENSP00000300738,9606.ENSP00000353770,string_interactions_short,0.999
RRM2,SRSF1,9606.ENSP00000353770,9606.ENSP00000258962,string_interactions_short,0.677
RRM2,THBS1,9606.ENSP00000353770,9606.ENSP00000260356,string_interactions_short,0.472
RRM2,SMC4,9606.ENSP00000353770,9606.ENSP00000341382,string_interactions_short,0.652
RSPO3,THBS1,9606.ENSP00000349131,9606.ENSP00000260356,string_interactions_short,0.555
RUNX2,TRPS1,9606.ENSP00000360493,9606.ENSP00000379065,string_interactions_short,0.69
S100B,TAB2,9606.ENSP00000291700,9606.ENSP00000356426,string_interactions_short,0.499
S100B,S100P,9606.ENSP00000291700,9606.ENSP00000296370,string_interactions_short,0.698
S100P,SLPI,9606.ENSP00000296370,9606.ENSP00000342082,string_interactions_short,0.416
SAA2,SAA2-SAA4,9606.ENSP00000436126,9606.ENSP00000485552,string_interactions_short,0.753
SAE1,UBE2M,9606.ENSP00000270225,9606.ENSP00000253023,string_interactions_short,0.798
SAE1,UBE2N,9606.ENSP00000270225,9606.ENSP00000316176,string_interactions_short,0.599
SAR1B,TMED2,9606.ENSP00000385432,9606.ENSP00000262225,string_interactions_short,0.755
SCARB2,VAMP3,9606.ENSP00000264896,9606.ENSP00000054666,string_interactions_short,0.691
SCARB2,SERPINE1,9606.ENSP00000264896,9606.ENSP00000223095,string_interactions_short,0.427
SCARB2,THBS1,9606.ENSP00000264896,9606.ENSP00000260356,string_interactions_short,0.997
SCARB2,VAMP7,9606.ENSP00000264896,9606.ENSP00000262640,string_interactions_short,0.852
SCARB2,TF,9606.ENSP00000264896,9606.ENSP00000385834,string_interactions_short,0.415
SCN3A,SCN4B,9606.ENSP00000283254,9606.ENSP00000322460,string_interactions_short,0.917
SDHC,VDAC1,9606.ENSP00000356953,9606.ENSP00000378487,string_interactions_short,0.421
SDHC,SGPL1,9606.ENSP00000356953,9606.ENSP00000362298,string_interactions_short,0.488
SEC61A1,TMEM41B,9606.ENSP00000243253,9606.ENSP00000433126,string_interactions_short,0.402
SEC61A1,TMED2,9606.ENSP00000243253,9606.ENSP00000262225,string_interactions_short,0.445
SEC61A1,TRAM1,9606.ENSP00000243253,9606.ENSP00000262213,string_interactions_short,0.758
SECISBP2,SELENOT,9606.ENSP00000364965,9606.ENSP00000418910,string_interactions_short,0.873
SEPTIN2,YWHAE,9606.ENSP00000479861,9606.ENSP00000264335,string_interactions_short,0.523
SERPINE1,TGIF1,9606.ENSP00000223095,9606.ENSP00000327959,string_interactions_short,0.532
SETD5,TBL1XR1,9606.ENSP00000385852,9606.ENSP00000405574,string_interactions_short,0.414
SFRP1,THBS1,9606.ENSP00000220772,9606.ENSP00000260356,string_interactions_short,0.569
SFRP1,WIF1,9606.ENSP00000220772,9606.ENSP00000286574,string_interactions_short,0.924
SGK3,UBE2G1,9606.ENSP00000379842,9606.ENSP00000380178,string_interactions_short,0.776
SGPL1,SPTLC2,9606.ENSP00000362298,9606.ENSP00000216484,string_interactions_short,0.686
SGPL1,TRARG1,9606.ENSP00000362298,9606.ENSP00000329548,string_interactions_short,0.446
SH3GL3,VAMP3,9606.ENSP00000320092,9606.ENSP00000054666,string_interactions_short,0.578
SH3GL3,VAMP7,9606.ENSP00000320092,9606.ENSP00000262640,string_interactions_short,0.527
SIAH2,UBE2N,9606.ENSP00000322457,9606.ENSP00000316176,string_interactions_short,0.693
SIK1,YWHAE,9606.ENSP00000270162,9606.ENSP00000264335,string_interactions_short,0.43
SIK1,YWHAZ,9606.ENSP00000270162,9606.ENSP00000379287,string_interactions_short,0.42
SLC1A1,SLC38A1,9606.ENSP00000262352,9606.ENSP00000449756,string_interactions_short,0.578
SMARCC1,TBL1XR1,9606.ENSP00000254480,9606.ENSP00000405574,string_interactions_short,0.587
SMC3,WAPL,9606.ENSP00000354720,9606.ENSP00000298767,string_interactions_short,0.999
SMC3,SMC4,9606.ENSP00000354720,9606.ENSP00000341382,string_interactions_short,0.844
SMC3,TOP2A,9606.ENSP00000354720,9606.ENSP00000411532,string_interactions_short,0.675
SMC4,WAPL,9606.ENSP00000341382,9606.ENSP00000298767,string_interactions_short,0.627
SMC4,TOP2A,9606.ENSP00000341382,9606.ENSP00000411532,string_interactions_short,0.903
SORBS2,YWHAE,9606.ENSP00000347852,9606.ENSP00000264335,string_interactions_short,0.647
SPAG1,STIP1,9606.ENSP00000373450,9606.ENSP00000351646,string_interactions_short,0.584
SPAG1,YWHAZ,9606.ENSP00000373450,9606.ENSP00000379287,string_interactions_short,0.506
SPP1,THBS1,9606.ENSP00000378517,9606.ENSP00000260356,string_interactions_short,0.731
SRGN,VCAN,9606.ENSP00000242465,9606.ENSP00000265077,string_interactions_short,0.645
SRPK2,SRSF1,9606.ENSP00000377262,9606.ENSP00000258962,string_interactions_short,0.973
SRPK2,SRSF3,9606.ENSP00000377262,9606.ENSP00000362820,string_interactions_short,0.787
SRPK2,SRSF10,9606.ENSP00000377262,9606.ENSP00000420195,string_interactions_short,0.654
SRSF1,WAC,9606.ENSP00000258962,9606.ENSP00000346986,string_interactions_short,0.449
SRSF1,ZMYND11,9606.ENSP00000258962,9606.ENSP00000371003,string_interactions_short,0.45
SRSF1,XRN2,9606.ENSP00000258962,9606.ENSP00000366396,string_interactions_short,0.538
SRSF1,SRSF3,9606.ENSP00000258962,9606.ENSP00000362820,string_interactions_short,0.994
SRSF1,SRSF10,9606.ENSP00000258962,9606.ENSP00000420195,string_interactions_short,0.999
SRSF10,WTAP,9606.ENSP00000420195,9606.ENSP00000351141,string_interactions_short,0.515
SRSF10,SRSF3,9606.ENSP00000420195,9606.ENSP00000362820,string_interactions_short,0.876
SRSF10,XRN2,9606.ENSP00000420195,9606.ENSP00000366396,string_interactions_short,0.405
STIP1,UBE2N,9606.ENSP00000351646,9606.ENSP00000316176,string_interactions_short,0.52
SULF1,VCAN,9606.ENSP00000260128,9606.ENSP00000265077,string_interactions_short,0.422
SYPL1,VAMP3,9606.ENSP00000011473,9606.ENSP00000054666,string_interactions_short,0.596
TAB2,UBE2N,9606.ENSP00000356426,9606.ENSP00000316176,string_interactions_short,0.967
TAB2,USP21,9606.ENSP00000356426,9606.ENSP00000356981,string_interactions_short,0.453
TAB2,TBL1XR1,9606.ENSP00000356426,9606.ENSP00000405574,string_interactions_short,0.619
TF,VAMP3,9606.ENSP00000385834,9606.ENSP00000054666,string_interactions_short,0.502
TF,VAMP7,9606.ENSP00000385834,9606.ENSP00000262640,string_interactions_short,0.499
TGFB1,TIMP4,9606.ENSP00000221930,9606.ENSP00000287814,string_interactions_short,0.417
TGFB1,VCAN,9606.ENSP00000221930,9606.ENSP00000265077,string_interactions_short,0.645
TGFB1,TIMP3,9606.ENSP00000221930,9606.ENSP00000266085,string_interactions_short,0.743
TGFB1,THBS1,9606.ENSP00000221930,9606.ENSP00000260356,string_interactions_short,0.985
THBS1,TPM4,9606.ENSP00000260356,9606.ENSP00000494125,string_interactions_short,0.572
TIAM1,YWHAH,9606.ENSP00000286827,9606.ENSP00000248975,string_interactions_short,0.457
TIAM1,YWHAZ,9606.ENSP00000286827,9606.ENSP00000379287,string_interactions_short,0.766
TIAM1,VAV3,9606.ENSP00000286827,9606.ENSP00000359073,string_interactions_short,0.86
TM9SF3,TMEM41B,9606.ENSP00000360184,9606.ENSP00000433126,string_interactions_short,0.461
TMED2,YIPF5,9606.ENSP00000262225,9606.ENSP00000274496,string_interactions_short,0.504
TMEM41B,VMP1,9606.ENSP00000433126,9606.ENSP00000262291,string_interactions_short,0.867
TNXB,VCAN,9606.ENSP00000407685,9606.ENSP00000265077,string_interactions_short,0.757
TOP2A,YWHAE,9606.ENSP00000411532,9606.ENSP00000264335,string_interactions_short,0.414
TPD52,VAMP7,9606.ENSP00000429309,9606.ENSP00000262640,string_interactions_short,0.542
TPSAB1,TPSB2,9606.ENSP00000343577,9606.ENSP00000482743,string_interactions_short,0.999
TRARG1,YWHAE,9606.ENSP00000329548,9606.ENSP00000264335,string_interactions_short,0.808
UBE2B,WAC,9606.ENSP00000265339,9606.ENSP00000346986,string_interactions_short,0.658
UBE2B,UBE2N,9606.ENSP00000265339,9606.ENSP00000316176,string_interactions_short,0.929
UBE2G1,UBE2H,9606.ENSP00000380178,9606.ENSP00000347836,string_interactions_short,0.571
VAMP3,VAMP7,9606.ENSP00000054666,9606.ENSP00000262640,string_interactions_short,0.998
VDAC1,YWHAE,9606.ENSP00000378487,9606.ENSP00000264335,string_interactions_short,0.765
VDAC1,YWHAZ,9606.ENSP00000378487,9606.ENSP00000379287,string_interactions_short,0.469
YWHAE,YWHAH,9606.ENSP00000264335,9606.ENSP00000248975,string_interactions_short,0.948
YWHAE,ZNF148,9606.ENSP00000264335,9606.ENSP00000353863,string_interactions_short,0.4
YWHAE,ZFP36L2,9606.ENSP00000264335,9606.ENSP00000282388,string_interactions_short,0.52
YWHAE,YWHAZ,9606.ENSP00000264335,9606.ENSP00000379287,string_interactions_short,0.998
YWHAH,ZFP36L2,9606.ENSP00000248975,9606.ENSP00000282388,string_interactions_short,0.567
YWHAH,YWHAZ,9606.ENSP00000248975,9606.ENSP00000379287,string_interactions_short,0.972
YWHAZ,ZFP36L2,9606.ENSP00000379287,9606.ENSP00000282388,string_interactions_short,0.664
