Gene Symbol Origin,Gene Symbol Target,Correlation,p-value,FDR
COL5A1,COL5A2,0.945,1.31294e-14,2.87259e-09
COL3A1,COL5A2,0.94,3.63002e-14,3.97108e-09
KRT14,KRT5,0.933,1.85159e-13,1.35037e-08
FAP,FBN1,0.931,2.69862e-13,1.47608e-08
COL5A2,CTHRC1,0.927,5.08419e-13,2.22475e-08
COL5A2,POSTN,0.924,8.54078e-13,3.11441e-08
COL5A1,SERPINH1,0.921,1.40558e-12,4.39326e-08
CTHRC1,FAP,0.92,1.65238e-12,4.51907e-08
COL5A1,POSTN,0.918,2.454e-12,5.80251e-08
COL5A1,FAP,0.917,2.65208e-12,5.80251e-08
COL5A2,VCAN,0.916,3.09306e-12,6.08598e-08
DST,KRT5,0.916,3.33797e-12,6.08598e-08
ADAM12,COL5A1,0.915,3.88214e-12,6.53367e-08
FUS,LOC100190986,0.914,4.50688e-12,7.04332e-08
COL12A1,COL8A2,0.912,5.61888e-12,8.03583e-08
CENPU,KIAA0101,0.912,6.04228e-12,8.03583e-08
COL5A1,FBN1,0.911,6.49484e-12,8.03583e-08
CRYAB,IRX1,0.911,6.97839e-12,8.03583e-08
COL8A2,LRRC15,0.911,6.97839e-12,8.03583e-08
SEPT2,TSN,0.909,9.2625e-12,1.01328e-07
FBN1,PRRX1,0.908,9.93203e-12,1.03478e-07
KRT5,MIA,0.907,1.14064e-11,1.13437e-07
KRT5,TRIM29,0.906,1.30797e-11,1.24422e-07
COL5A1,CTHRC1,0.903,1.95473e-11,1.78199e-07
COL3A1,FAP,0.902,2.22848e-11,1.95029e-07
ABCA8,EBF1,0.902,2.37818e-11,2.00125e-07
FBN1,SERPINH1,0.901,2.53707e-11,2.05588e-07
ADH1B,FABP4,0.9,3.27513e-11,2.47093e-07
COL5A2,FAP,0.9,3.27513e-11,2.47093e-07
ADAM12,FBN1,0.897,4.47385e-11,3.26279e-07
COL5A2,SERPINH1,0.895,5.70971e-11,4.02978e-07
ANKRD35,PLAC9,0.894,6.83438e-11,4.66686e-07
DST,TRIM29,0.893,7.25227e-11,4.66686e-07
CTHRC1,SERPINH1,0.893,7.25227e-11,4.66686e-07
CHRDL1,EBF1,0.892,8.65077e-11,5.40774e-07
C2orf40,MIA,0.891,9.71626e-11,5.74549e-07
FAP,SERPINH1,0.891,9.71626e-11,5.74549e-07
ADH1B,CHRDL1,0.889,1.15418e-10,6.64539e-07
ACVR1C,C1orf213,0.888,1.29283e-10,7.0715e-07
ABCA8,ENPP2,0.888,1.29283e-10,7.0715e-07
BGN,COL5A1,0.887,1.52965e-10,8.16275e-07
DST,MIA,0.886,1.70896e-10,8.90251e-07
C2orf40,CRYAB,0.885,1.90738e-10,9.48449e-07
COL8A2,COMP,0.885,1.90738e-10,9.48449e-07
ALOX5AP,LAPTM5,0.884,2.01432e-10,9.58076e-07
DST,KRT14,0.884,2.01432e-10,9.58076e-07
CDH11,FBN1,0.884,2.12673e-10,9.90021e-07
COL3A1,COL5A1,0.883,2.24487e-10,1.02325e-06
KRT14,MIA,0.882,2.4994e-10,1.11601e-06
CTHRC1,POSTN,0.882,2.63635e-10,1.15362e-06
KRT5,SYNM,0.88,3.25582e-10,1.39676e-06
RAB5A,RAD1,0.875,5.16639e-10,2.13276e-06
LRRC15,PPAPDC1A,0.875,5.16639e-10,2.13276e-06
KIT,NDRG2,0.875,5.43249e-10,2.20107e-06
INMT,RASIP1,0.874,5.71109e-10,2.27188e-06
KRT14,TRIM29,0.874,6.00273e-10,2.34526e-06
ADH1B,GPX3,0.872,6.96149e-10,2.67212e-06
CTHRC1,PPAPDC1A,0.872,7.311e-10,2.7579e-06
ADAM12,SERPINH1,0.871,7.67652e-10,2.8467e-06
G0S2,PLIN4,0.871,8.05872e-10,2.93863e-06
COL10A1,COL12A1,0.87,8.45827e-10,2.98483e-06
COL5A1,PPAPDC1A,0.87,8.45827e-10,2.98483e-06
ADIPOQ,G0S2,0.87,8.8759e-10,3.03432e-06
CALU,SERPINH1,0.87,8.8759e-10,3.03432e-06
CREB1,RAB5A,0.869,9.76834e-10,3.23822e-06
ARPC5,CREB1,0.869,9.76834e-10,3.23822e-06
AKR1C2,FABP4,0.867,1.23708e-09,4.03973e-06
FKBP14,GXYLT2,0.866,1.2962e-09,4.11009e-06
COMP,LRRC15,0.866,1.2962e-09,4.11009e-06
INMT,SOD3,0.866,1.35789e-09,4.18441e-06
CDH11,COL8A2,0.866,1.35789e-09,4.18441e-06
COL3A1,POSTN,0.865,1.42226e-09,4.3219e-06
MATR3,PIK3C2A,0.864,1.55945e-09,4.67388e-06
IRX1,KRT5,0.864,1.63249e-09,4.69967e-06
ABCA8,CHRDL1,0.864,1.63249e-09,4.69967e-06
CDH11,COL12A1,0.864,1.63249e-09,4.69967e-06
COL5A2,FBN1,0.863,1.78807e-09,5.05336e-06
HLA-DRA,LAPTM5,0.862,1.87083e-09,5.05336e-06
COL12A1,LRRC15,0.862,1.87083e-09,5.05336e-06
COL12A1,COL5A1,0.862,1.87083e-09,5.05336e-06
PPAPDC1A,SPOCK1,0.862,1.87083e-09,5.05336e-06
SERPINH1,THY1,0.861,2.04699e-09,5.39593e-06
POSTN,VCAN,0.861,2.04699e-09,5.39593e-06
COL10A1,COL8A2,0.861,2.14064e-09,5.57562e-06
FABP4,G0S2,0.86,2.33981e-09,5.95266e-06
FBN1,LOXL1,0.86,2.33981e-09,5.95266e-06
COL5A1,COL8A2,0.859,2.44562e-09,6.08046e-06
COL5A1,VCAN,0.859,2.44562e-09,6.08046e-06
ADAM12,FAP,0.859,2.5558e-09,6.28299e-06
POSTN,SERPINH1,0.858,2.6705e-09,6.49202e-06
COL3A1,CTHRC1,0.858,2.7899e-09,6.64157e-06
ANKRD35,CDC42EP5,0.857,2.91415e-09,6.64157e-06
COL12A1,INHBA,0.857,2.91415e-09,6.64157e-06
RAB5A,RHOA,0.857,2.91415e-09,6.64157e-06
ASPN,LRRC15,0.857,2.91415e-09,6.64157e-06
ADAM12,FKBP14,0.857,2.91415e-09,6.64157e-06
IRX1,MIA,0.856,3.17799e-09,6.8843e-06
ARFIP1,UBE2N,0.856,3.17799e-09,6.8843e-06
COL5A1,COL6A1,0.856,3.17799e-09,6.8843e-06
COL3A1,VCAN,0.856,3.17799e-09,6.8843e-06
COL3A1,FBN1,0.856,3.17799e-09,6.8843e-06
COL5A2,PPAPDC1A,0.855,3.4635e-09,7.35711e-06
COL5A2,LRRC15,0.855,3.4635e-09,7.35711e-06
CDH11,FAP,0.855,3.61488e-09,7.60484e-06
NDRG2,SYNM,0.854,3.7723e-09,7.7135e-06
COL8A2,FNDC1,0.854,3.7723e-09,7.7135e-06
COL5A1,LRRC15,0.854,3.7723e-09,7.7135e-06
CALU,THY1,0.854,3.93595e-09,7.97362e-06
COL10A1,TIMP3,0.853,4.28291e-09,8.51874e-06
CCL14,MEOX1,0.853,4.28291e-09,8.51874e-06
EBF1,MEOX1,0.852,4.46667e-09,8.7256e-06
CTHRC1,VCAN,0.852,4.46667e-09,8.7256e-06
CHRDL1,FABP4,0.851,5.06208e-09,9.46613e-06
PRRX1,SERPINH1,0.851,5.06208e-09,9.46613e-06
ARPC5,CCT2,0.851,5.06208e-09,9.46613e-06
CDC42EP5,PLAC9,0.851,5.06208e-09,9.46613e-06
COL5A2,COL8A2,0.851,5.06208e-09,9.46613e-06
ITGA7,SCN4B,0.849,5.72923e-09,1.03595e-05
AKR1C2,CHRDL1,0.849,5.72923e-09,1.03595e-05
COL5A1,GJB2,0.849,5.72923e-09,1.03595e-05
CTHRC1,FBN1,0.849,5.72923e-09,1.03595e-05
ADAM12,PRRX1,0.849,5.96887e-09,1.06174e-05
DMD,MAMDC2,0.849,5.96887e-09,1.06174e-05
EIF4A2,RIOK3,0.848,6.21764e-09,1.09707e-05
M6PR,UBE2N,0.847,6.74383e-09,1.17102e-05
CDH11,COL5A1,0.847,6.74383e-09,1.17102e-05
EBF1,ENPP2,0.846,7.31043e-09,1.24957e-05
COL12A1,FBN1,0.846,7.31043e-09,1.24957e-05
RUNX1-IT1,TRIM59,0.846,7.60974e-09,1.29065e-05
ASPN,COMP,0.845,7.9202e-09,1.3228e-05
ADAM12,THY1,0.845,7.9202e-09,1.3228e-05
ARFIP1,PIK3C2A,0.845,8.24221e-09,1.36615e-05
COL10A1,PPAPDC1A,0.844,8.57612e-09,1.38991e-05
ADAM12,COL5A2,0.844,8.57612e-09,1.38991e-05
FAP,POSTN,0.844,8.57612e-09,1.38991e-05
CD36,FABP4,0.844,8.92236e-09,1.41459e-05
COL8A2,FBN1,0.844,8.92236e-09,1.41459e-05
BGN,FBN1,0.844,8.92236e-09,1.41459e-05
CDK1,ZWINT,0.843,9.28132e-09,1.44019e-05
CHRDL1,ENPP2,0.843,9.28132e-09,1.44019e-05
GJB2,PPAPDC1A,0.843,9.28132e-09,1.44019e-05
CTHRC1,LRRC15,0.841,1.0853e-08,1.66052e-05
CALU,FBN1,0.841,1.0853e-08,1.66052e-05
LMOD1,MAMDC2,0.841,1.12822e-08,1.71419e-05
IRX1,KRT14,0.84,1.17268e-08,1.75734e-05
CDH11,LRRC15,0.84,1.17268e-08,1.75734e-05
CALU,INHBA,0.839,1.26643e-08,1.87219e-05
ASPN,COL3A1,0.839,1.26643e-08,1.87219e-05
ABCA8,ADH1B,0.839,1.31583e-08,1.91928e-05
BIN1,RRAGD,0.839,1.31583e-08,1.91928e-05
CREB1,TSN,0.838,1.36698e-08,1.95479e-05
COL12A1,GJB2,0.838,1.36698e-08,1.95479e-05
COL10A1,LRRC15,0.838,1.36698e-08,1.95479e-05
IRX1,TRIM29,0.838,1.41994e-08,2.01734e-05
ADH1B,EBF1,0.837,1.47477e-08,2.0552e-05
ADH1B,AKR1C2,0.837,1.47477e-08,2.0552e-05
ADIPOQ,FABP4,0.837,1.47477e-08,2.0552e-05
CCT2,CREB1,0.837,1.53153e-08,2.09427e-05
IGF1R,SERINC3,0.837,1.53153e-08,2.09427e-05
ADAM12,POSTN,0.837,1.53153e-08,2.09427e-05
RASIP1,TNXA,0.836,1.59027e-08,2.12156e-05
CCL14,TNXA,0.836,1.59027e-08,2.12156e-05
GDI2,NREP,0.836,1.59027e-08,2.12156e-05
FBN1,POSTN,0.836,1.59027e-08,2.12156e-05
LINC00408,SH3GL3,0.836,1.60774e-08,2.13187e-05
CRYAB,LMOD1,0.836,1.65106e-08,2.16309e-05
CENPU,ZWINT,0.836,1.65106e-08,2.16309e-05
ITGA7,RASIP1,0.835,1.77905e-08,2.30319e-05
CDH11,CTHRC1,0.835,1.77905e-08,2.30319e-05
CALU,FAP,0.834,1.91603e-08,2.46595e-05
CRYAB,MIA,0.833,1.98807e-08,2.49984e-05
MRPL42,SEPT2,0.833,1.98807e-08,2.49984e-05
COL12A1,PPAPDC1A,0.833,1.98807e-08,2.49984e-05
LOXL1,SERPINH1,0.833,1.98807e-08,2.49984e-05
CHRDL1,MEOX1,0.833,2.06258e-08,2.56405e-05
COL6A1,SERPINH1,0.833,2.06258e-08,2.56405e-05
BGN,COL5A2,0.833,2.13962e-08,2.6448e-05
CCL14,INMT,0.832,2.21928e-08,2.71262e-05
COL12A1,COL5A2,0.832,2.21928e-08,2.71262e-05
DST,SYNM,0.832,2.30164e-08,2.7822e-05
BGN,FAP,0.832,2.30164e-08,2.7822e-05
FAP,PRRX1,0.831,2.38678e-08,2.86926e-05
COL12A1,SERPINH1,0.831,2.47478e-08,2.9268e-05
CDH11,COL5A2,0.831,2.47478e-08,2.9268e-05
ASPN,CDH11,0.831,2.47478e-08,2.9268e-05
CLDN5,TNXA,0.829,2.75684e-08,3.20835e-05
CTHRC1,GJB2,0.829,2.75684e-08,3.20835e-05
ASPN,COL8A2,0.829,2.75684e-08,3.20835e-05
INMT,TNXA,0.829,2.85718e-08,3.25586e-05
CREB1,SEPT2,0.829,2.85718e-08,3.25586e-05
CCNB1,CDK1,0.829,2.85718e-08,3.25586e-05
BAG2,FAP,0.829,2.85718e-08,3.25586e-05
RASIP1,ROBO4,0.828,2.96084e-08,3.3392e-05
BGN,SERPINH1,0.828,2.96084e-08,3.3392e-05
CRYAB,DMD,0.828,3.06792e-08,3.40728e-05
CDC5L,OCIAD1,0.828,3.06792e-08,3.40728e-05
BAG2,COL3A1,0.828,3.06792e-08,3.40728e-05
DMD,LMOD1,0.827,3.17853e-08,3.47716e-05
IGFBP6,PID1,0.827,3.17853e-08,3.47716e-05
CALU,COL12A1,0.827,3.17853e-08,3.47716e-05
BGN,PPAPDC1A,0.827,3.29275e-08,3.5842e-05
HSP90AB1,STIP1,0.826,3.41071e-08,3.67602e-05
FAP,PPAPDC1A,0.826,3.41071e-08,3.67602e-05
DNAH3,OPHN1,0.826,3.53251e-08,3.77015e-05
LOXL1,THY1,0.826,3.53251e-08,3.77015e-05
COL8A2,TIMP3,0.825,3.65826e-08,3.82964e-05
PSMD10,RAB1A,0.825,3.65826e-08,3.82964e-05
ABCA8,PLAC9,0.825,3.65826e-08,3.82964e-05
PPAPDC1A,SERPINH1,0.825,3.65826e-08,3.82964e-05
CRYAB,TRIM29,0.825,3.78808e-08,3.92795e-05
FBN1,THY1,0.825,3.78808e-08,3.92795e-05
COL3A1,SERPINH1,0.824,3.92208e-08,4.02871e-05
ADAM12,COL3A1,0.824,3.92208e-08,4.02871e-05
NDRG2,PIGR,0.824,4.06039e-08,4.11286e-05
COL5A1,NID2,0.824,4.06039e-08,4.11286e-05
CDH11,COL3A1,0.824,4.06039e-08,4.11286e-05
GJB2,LRRC15,0.823,4.20314e-08,4.23783e-05
RBPMS2,VIT,0.823,4.35044e-08,4.30696e-05
C2orf40,IRX1,0.823,4.35044e-08,4.30696e-05
CAPRIN1,UBE2N,0.823,4.35044e-08,4.30696e-05
FBN1,SPOCK1,0.823,4.35044e-08,4.30696e-05
ADH1B,ENPP2,0.822,4.50243e-08,4.35881e-05
SFRP1,SOX10,0.822,4.50243e-08,4.35881e-05
LRRC15,TIMP3,0.822,4.50243e-08,4.35881e-05
PRRX1,THY1,0.822,4.50243e-08,4.35881e-05
DCTN4,PSMD10,0.822,4.50243e-08,4.35881e-05
DDX42,HSP90AB1,0.822,4.65925e-08,4.47106e-05
COL12A1,CTHRC1,0.822,4.65925e-08,4.47106e-05
BZW1,GFPT1,0.821,4.82103e-08,4.58608e-05
GNB1,UBE4B,0.821,4.82103e-08,4.58608e-05
CFD,TNXA,0.821,4.98791e-08,4.64387e-05
GDE1,RAB1A,0.821,4.98791e-08,4.64387e-05
RELN,SAMD5,0.821,4.98791e-08,4.64387e-05
GLUL,IGF1R,0.821,4.98791e-08,4.64387e-05
CALU,COL5A1,0.821,4.98791e-08,4.64387e-05
LRRC15,SERPINH1,0.82,5.16004e-08,4.78377e-05
ENPP2,FMO2,0.82,5.33757e-08,4.92747e-05
SOD3,TNXA,0.819,5.52064e-08,5.03277e-05
COL8A2,PPAPDC1A,0.819,5.52064e-08,5.03277e-05
ASPN,COL5A2,0.819,5.52064e-08,5.03277e-05
COL5A1,PRRX1,0.819,5.70941e-08,5.16185e-05
DICER1,EDEM3,0.819,5.70941e-08,5.16185e-05
ATP6V1A,TMEM245,0.818,5.90405e-08,5.29407e-05
PSMD10,RAB5A,0.818,5.90405e-08,5.29407e-05
RASIP1,SEMA3G,0.818,6.10471e-08,5.38571e-05
EDNRB,SCN4B,0.818,6.10471e-08,5.38571e-05
MEOX1,TNXA,0.818,6.10471e-08,5.38571e-05
COL8A2,LOXL1,0.818,6.10471e-08,5.38571e-05
ARFIP1,SCARB2,0.817,6.31157e-08,5.54584e-05
GLUD2,PIK3C2A,0.817,6.52478e-08,5.62033e-05
CALU,TIMP3,0.817,6.52478e-08,5.62033e-05
ARPC5,SRSF3,0.817,6.52478e-08,5.62033e-05
PIK3C2A,RIOK3,0.817,6.52478e-08,5.62033e-05
SYNM,TRIM29,0.817,6.52478e-08,5.62033e-05
EBF1,FMO2,0.816,6.74454e-08,5.78685e-05
MIER3,NREP,0.816,6.97102e-08,5.88879e-05
KLHL29,PLAC9,0.816,6.97102e-08,5.88879e-05
NID2,SERPINH1,0.816,6.97102e-08,5.88879e-05
BGN,COL8A2,0.816,6.97102e-08,5.88879e-05
BAG2,CTGF,0.815,7.20441e-08,6.06254e-05
CCL14,RASIP1,0.815,7.44489e-08,6.16998e-05
ARPC5,RAB5A,0.815,7.44489e-08,6.16998e-05
ARFIP1,UEVLD,0.815,7.44489e-08,6.16998e-05
ASPN,COL12A1,0.815,7.44489e-08,6.16998e-05
BRCC3,EZR,0.814,7.69265e-08,6.35126e-05
CDC42EP5,LARP6,0.814,7.9479e-08,6.44048e-05
GNB1,JAK1,0.814,7.9479e-08,6.44048e-05
ASCC1,CFL1,0.814,7.9479e-08,6.44048e-05
GDI2,MIER3,0.814,7.9479e-08,6.44048e-05
CDH11,COL10A1,0.814,7.9479e-08,6.44048e-05
RAB5A,SRSF3,0.813,8.21084e-08,6.60462e-05
FXYD1,INMT,0.813,8.21084e-08,6.60462e-05
DST,IRX1,0.813,8.48167e-08,6.77268e-05
NID2,POSTN,0.813,8.48167e-08,6.77268e-05
ENPP2,RGMA,0.812,8.76061e-08,6.82115e-05
ABCA8,TNXA,0.812,8.76061e-08,6.82115e-05
MRPL42,TSN,0.812,8.76061e-08,6.82115e-05
ARFIP1,HSP90AB1,0.812,8.76061e-08,6.82115e-05
SEPT2,UBE2N,0.812,8.76061e-08,6.82115e-05
CCL14,CHRDL1,0.812,8.76061e-08,6.82115e-05
ADAM12,CTHRC1,0.812,8.76061e-08,6.82115e-05
DMD,TRIM29,0.812,9.04788e-08,6.89754e-05
C1S,CYB5R3,0.812,9.04788e-08,6.89754e-05
CREB1,GDI2,0.812,9.04788e-08,6.89754e-05
EBF1,PLAC9,0.812,9.04788e-08,6.89754e-05
GREM1,MFAP2,0.812,9.04788e-08,6.89754e-05
FBN1,LRRC15,0.812,9.04788e-08,6.89754e-05
ENPP2,GPX3,0.811,9.34369e-08,7.07376e-05
COL6A1,POSTN,0.811,9.34369e-08,7.07376e-05
MIA,TRIM29,0.811,9.64829e-08,7.20464e-05
LAPTM4B,PSMD10,0.811,9.64829e-08,7.20464e-05
DST,LAMB3,0.811,9.64829e-08,7.20464e-05
FBN1,NID2,0.811,9.64829e-08,7.20464e-05
FNDC1,LRRC15,0.81,9.96189e-08,7.41351e-05
ADIPOQ,PLIN4,0.81,1.02847e-07,7.57646e-05
MEOX1,SOD3,0.81,1.02847e-07,7.57646e-05
FN1,PPAPDC1A,0.81,1.02847e-07,7.57646e-05
BZW1,DDX42,0.809,1.09592e-07,8.01929e-05
BGN,LOXL1,0.809,1.09592e-07,8.01929e-05
ARFIP1,MATR3,0.808,1.13113e-07,8.16766e-05
SRSF3,SYPL1,0.808,1.13113e-07,8.16766e-05
KRT14,SYNM,0.808,1.13113e-07,8.16766e-05
CRYAB,KRT14,0.808,1.13113e-07,8.16766e-05
CRYAB,MAMDC2,0.808,1.16736e-07,8.26563e-05
COL12A1,TIMP3,0.808,1.16736e-07,8.26563e-05
MIER3,SRSF3,0.808,1.16736e-07,8.26563e-05
HLA-DRA,LCP1,0.808,1.16736e-07,8.26563e-05
CD46,EDEM3,0.808,1.16736e-07,8.26563e-05
CALU,PPAPDC1A,0.808,1.16736e-07,8.26563e-05
CALU,PRRX1,0.807,1.20465e-07,8.50214e-05
DCTN4,SYPL1,0.807,1.24302e-07,8.66117e-05
CAPRIN1,SEPT2,0.807,1.24302e-07,8.66117e-05
CHRDL1,CLDN5,0.807,1.24302e-07,8.66117e-05
BGN,LRRC15,0.807,1.24302e-07,8.66117e-05
COL6A1,FBN1,0.806,1.28249e-07,8.90787e-05
CREB1,PSMD10,0.806,1.32311e-07,9.07473e-05
CREB1,MIER3,0.806,1.32311e-07,9.07473e-05
HSPD1,STIP1,0.806,1.32311e-07,9.07473e-05
COL5A2,NID2,0.806,1.32311e-07,9.07473e-05
EBF1,TNXA,0.805,1.36489e-07,9.27407e-05
CALU,PLAUR,0.805,1.36489e-07,9.27407e-05
GOLGA7,MIER3,0.805,1.36489e-07,9.27407e-05
AKR1C2,CCL14,0.805,1.40786e-07,9.41981e-05
RELN,WIF1,0.805,1.40786e-07,9.41981e-05
COL12A1,FAP,0.805,1.40786e-07,9.41981e-05
COL10A1,SPOCK1,0.805,1.40786e-07,9.41981e-05
COL10A1,FN1,0.805,1.40786e-07,9.41981e-05
ASPN,VCAN,0.804,1.45207e-07,9.68595e-05
CIDEC,PLIN4,0.804,1.49753e-07,9.92867e-05
LRRC15,RUNX2,0.804,1.49753e-07,9.92867e-05
C2orf40,SFRP1,0.803,1.54428e-07,0.000100858
COL6A1,PRRX1,0.803,1.54428e-07,0.000100858
RAB5A,UEVLD,0.803,1.54428e-07,0.000100858
GJB2,SERPINH1,0.803,1.54428e-07,0.000100858
COL8A2,SERPINH1,0.803,1.54428e-07,0.000100858
CFD,CHRDL1,0.803,1.59236e-07,0.000102469
SCD5,TCTN2,0.803,1.59236e-07,0.000102469
CTNNA1,UBE2N,0.803,1.59236e-07,0.000102469
EIF4A2,MATR3,0.803,1.59236e-07,0.000102469
LOXL1,SFRP2,0.803,1.59236e-07,0.000102469
ASPN,BAG2,0.802,1.64179e-07,0.00010534
NAPA,UBE2M,0.802,1.69262e-07,0.000106417
ABCA8,RGMA,0.802,1.69262e-07,0.000106417
ATP6V1A,UEVLD,0.802,1.69262e-07,0.000106417
CRYAB,KRT5,0.802,1.69262e-07,0.000106417
ROBO4,VWF,0.802,1.69262e-07,0.000106417
ADAM12,PPAPDC1A,0.802,1.69262e-07,0.000106417
FAP,SPOCK1,0.802,1.69262e-07,0.000106417
CDH11,LOXL1,0.801,1.74487e-07,0.000109075
MFAP2,THY1,0.801,1.74487e-07,0.000109075
DDX42,PSMD10,0.801,1.79858e-07,0.000112112
DNAJB1,HSP90AB1,0.8,1.85379e-07,0.000113294
KRT14,LAMB3,0.8,1.85379e-07,0.000113294
ADH1B,G0S2,0.8,1.85379e-07,0.000113294
ENPP2,MEOX1,0.8,1.85379e-07,0.000113294
COMP,FNDC1,0.8,1.85379e-07,0.000113294
COL8A2,SPOCK1,0.8,1.85379e-07,0.000113294
ADAM12,CALU,0.8,1.85379e-07,0.000113294
RAB5A,TMEM230,0.8,1.91054e-07,0.000115154
MRPL42,UBE2N,0.8,1.91054e-07,0.000115154
PID1,SFRP1,0.8,1.91054e-07,0.000115154
ESRP1,KCTD5,0.8,1.91054e-07,0.000115154
FBN1,PPAPDC1A,0.8,1.91054e-07,0.000115154
MAPRE1,STIP1,0.8,1.96886e-07,0.000118019
C16orf72,GOLGA7,0.8,1.96886e-07,0.000118019
FMO2,KLHL29,0.799,2.0288e-07,0.000120294
DMD,ID4,0.799,2.0288e-07,0.000120294
ADIPOQ,CIDEC,0.799,2.0288e-07,0.000120294
DNAJC3,IGF2R,0.799,2.0288e-07,0.000120294
LOC100506558,NDRG2,0.799,2.09039e-07,0.000123277
IRX1,SYNM,0.799,2.09039e-07,0.000123277
IGF1R,TMEM9,0.798,2.15367e-07,0.000125655
GDE1,PSMD10,0.798,2.15367e-07,0.000125655
DNAH3,SCD5,0.798,2.15367e-07,0.000125655
ASPN,COL5A1,0.798,2.15367e-07,0.000125655
LAMB3,TRIM29,0.798,2.21869e-07,0.000127745
CD36,G0S2,0.798,2.21869e-07,0.000127745
COL5A2,RUNX2,0.798,2.21869e-07,0.000127745
BGN,CTHRC1,0.798,2.21869e-07,0.000127745
GJB2,POSTN,0.798,2.21869e-07,0.000127745
ADAMTS9-AS2,PID1,0.797,2.28549e-07,0.00013022
PIK3C2A,RAB5A,0.797,2.28549e-07,0.00013022
C2orf40,KRT5,0.797,2.28549e-07,0.00013022
FN1,THY1,0.797,2.28549e-07,0.00013022
INMT,ITGA7,0.797,2.35411e-07,0.000132747
IRX1,LMOD1,0.797,2.35411e-07,0.000132747
ABCA8,CLDN5,0.797,2.35411e-07,0.000132747
FAP,LRRC15,0.797,2.35411e-07,0.000132747
TMX1,UBE2N,0.796,2.4246e-07,0.000135673
MATR3,TMX1,0.796,2.4246e-07,0.000135673
C2orf40,TRIM29,0.796,2.4246e-07,0.000135673
ABI1,CSNK1A1,0.796,2.497e-07,0.00013796
C1S,PRRX1,0.796,2.497e-07,0.00013796
LMOD1,PID1,0.796,2.497e-07,0.00013796
COL8A2,GJB2,0.796,2.497e-07,0.00013796
CALU,GJB2,0.796,2.497e-07,0.00013796
COL10A1,GJB2,0.795,2.57136e-07,0.00014171
PLAC9,RGMA,0.795,2.64772e-07,0.000143746
CD36,CFD,0.795,2.64772e-07,0.000143746
LAMP1,STIP1,0.795,2.64772e-07,0.000143746
RHOB,ZFP36L2,0.795,2.64772e-07,0.000143746
ADAM12,COL6A1,0.795,2.64772e-07,0.000143746
BAG2,FBN1,0.795,2.64772e-07,0.000143746
MIA3,POGK,0.794,2.72614e-07,0.000145477
IGFBP6,LRRN4CL,0.794,2.72614e-07,0.000145477
ARFIP1,RAB5A,0.794,2.72614e-07,0.000145477
PSMD10,SYPL1,0.794,2.72614e-07,0.000145477
FXYD1,PEAR1,0.794,2.72614e-07,0.000145477
COL5A2,GJB2,0.794,2.72614e-07,0.000145477
MFAP2,PPAPDC1A,0.794,2.72614e-07,0.000145477
MAMDC2,SYNM,0.794,2.80666e-07,0.000148327
COL10A1,INHBA,0.794,2.80666e-07,0.000148327
ARFIP1,TSN,0.794,2.80666e-07,0.000148327
PAMR1,SYNM,0.794,2.80666e-07,0.000148327
DNAJB1,PTPLAD1,0.793,2.88934e-07,0.000150874
LAMP1,PRPF31,0.793,2.88934e-07,0.000150874
RHOA,TMEM230,0.793,2.88934e-07,0.000150874
PIK3C2A,UEVLD,0.793,2.88934e-07,0.000150874
CDK1,CENPU,0.793,2.88934e-07,0.000150874
ITGA7,SEMA3G,0.793,2.97422e-07,0.000151686
ABCA8,FMO2,0.793,2.97422e-07,0.000151686
BTNL9,RBP7,0.793,2.97422e-07,0.000151686
INMT,ROBO4,0.793,2.97422e-07,0.000151686
EZR,PSMD10,0.793,2.97422e-07,0.000151686
SEPT2,WAPAL,0.793,2.97422e-07,0.000151686
KIAA0101,ZWINT,0.793,2.97422e-07,0.000151686
ABCA8,MEOX1,0.793,2.97422e-07,0.000151686
FNDC1,PPAPDC1A,0.793,2.97422e-07,0.000151686
CTHRC1,NID2,0.793,2.97422e-07,0.000151686
DNAJB1,LAPTM4B,0.792,3.06136e-07,0.000154331
MATR3,NIPBL,0.792,3.06136e-07,0.000154331
EIF4E,PGRMC1,0.792,3.06136e-07,0.000154331
PPAPDC1A,RUNX2,0.792,3.06136e-07,0.000154331
FKBP14,THY1,0.792,3.06136e-07,0.000154331
MATR3,RAB5A,0.792,3.15081e-07,0.000156675
EBF1,SEMA3G,0.792,3.15081e-07,0.000156675
CCL14,EBF1,0.792,3.15081e-07,0.000156675
GJB2,VCAN,0.792,3.15081e-07,0.000156675
LOXL1,SPOCK1,0.792,3.15081e-07,0.000156675
COL3A1,LRRC15,0.792,3.15081e-07,0.000156675
ITGA7,ROBO4,0.791,3.24263e-07,0.000158716
DMD,KLHL29,0.791,3.24263e-07,0.000158716
PEAR1,TNXA,0.791,3.24263e-07,0.000158716
CREB1,EZR,0.791,3.24263e-07,0.000158716
CRYAB,DST,0.791,3.24263e-07,0.000158716
BAG2,COL5A2,0.791,3.24263e-07,0.000158716
CALU,POSTN,0.791,3.24263e-07,0.000158716
RASIP1,SOD3,0.791,3.33687e-07,0.000162239
C16orf13,OCIAD1,0.791,3.33687e-07,0.000162239
INHBA,TIMP3,0.791,3.33687e-07,0.000162239
EDNRB,RBP7,0.79,3.43359e-07,0.000165107
BC032415,KDM4B,0.79,3.43359e-07,0.000165107
CDC42EP5,PID1,0.79,3.43359e-07,0.000165107
COL6A1,FAP,0.79,3.43359e-07,0.000165107
COMP,RUNX2,0.79,3.43359e-07,0.000165107
AOC3,EBF1,0.79,3.53285e-07,0.000167669
AOC3,BTNL9,0.79,3.53285e-07,0.000167669
ARFIP1,RIOK3,0.79,3.53285e-07,0.000167669
UBE2T,ZWINT,0.79,3.53285e-07,0.000167669
SERPINH1,VCAN,0.79,3.53285e-07,0.000167669
CALU,CTHRC1,0.79,3.53285e-07,0.000167669
CCM2L,ITGA7,0.789,3.63471e-07,0.000169923
DMD,MIR143HG,0.789,3.63471e-07,0.000169923
PRRX1,SPOCK1,0.789,3.63471e-07,0.000169923
TMEM230,YIPF5,0.789,3.63471e-07,0.000169923
CDC5L,RRM1,0.789,3.63471e-07,0.000169923
CDH11,PPAPDC1A,0.789,3.63471e-07,0.000169923
BAG2,VCAN,0.789,3.63471e-07,0.000169923
FNDC1,RUNX2,0.789,3.73922e-07,0.000174437
ABCA8,AOC3,0.788,3.84646e-07,0.000178299
FXYD1,TNXA,0.788,3.84646e-07,0.000178299
COL5A1,LOXL1,0.788,3.84646e-07,0.000178299
C16orf72,VWF,-0.788,3.95647e-07,0.000181476
F2RL2,RP3-428L16.2,0.788,3.95647e-07,0.000181476
PPP1R14A,SYNM,0.788,3.95647e-07,0.000181476
SCARB2,SCOC,0.788,3.95647e-07,0.000181476
ADH1B,CD36,0.788,3.95647e-07,0.000181476
DDA1,RAB5A,0.787,4.06934e-07,0.000185874
COL12A1,NID2,0.787,4.06934e-07,0.000185874
B3GNT2,GNAI3,0.787,4.18512e-07,0.000190764
MATR3,RIOK3,0.786,4.30388e-07,0.000194556
CCL14,SOD3,0.786,4.30388e-07,0.000194556
COL3A1,COL8A2,0.786,4.30388e-07,0.000194556
BGN,SPOCK1,0.786,4.30388e-07,0.000194556
CCT2,DCTD,0.786,4.42569e-07,0.000199239
CAPRIN1,SLC30A5,0.786,4.42569e-07,0.000199239
OCIAD1,PSMD10,0.785,4.55062e-07,0.000204443
CREB1,SRSF3,0.785,4.67874e-07,0.000208062
CREB1,RHOA,0.785,4.67874e-07,0.000208062
ADAM12,NID2,0.785,4.67874e-07,0.000208062
CALU,LRRC15,0.785,4.67874e-07,0.000208062
COL12A1,POSTN,0.785,4.67874e-07,0.000208062
CCT2,STIP1,0.784,4.81013e-07,0.000210062
GABRP,SYNM,0.784,4.81013e-07,0.000210062
CD46,DICER1,0.784,4.81013e-07,0.000210062
ARFIP1,NIPBL,0.784,4.81013e-07,0.000210062
C2orf40,DST,0.784,4.81013e-07,0.000210062
PID1,PLAC9,0.784,4.81013e-07,0.000210062
FAP,LOXL1,0.784,4.81013e-07,0.000210062
COL5A1,THY1,0.784,4.81013e-07,0.000210062
CDH11,POSTN,0.784,4.81013e-07,0.000210062
LOC100506558,PIGR,0.784,4.94485e-07,0.000213812
CDH11,TIMP3,0.784,4.94485e-07,0.000213812
TSN,UBE2N,0.784,4.94485e-07,0.000213812
PSMD10,TMEM230,0.784,4.94485e-07,0.000213812
ACVR1C,TUSC5,0.784,4.94485e-07,0.000213812
MEOX1,RASIP1,0.783,5.08299e-07,0.00021892
ID4,PGM5,0.783,5.08299e-07,0.00021892
AGPAT9,GPR160,-0.783,5.22461e-07,0.000223261
DCTN4,RAB5A,0.783,5.22461e-07,0.000223261
NIPBL,RAB5A,0.783,5.22461e-07,0.000223261
LRRC15,SPOCK1,0.783,5.22461e-07,0.000223261
ADAMTS9-AS2,PLAC9,0.782,5.36981e-07,0.000225936
CFD,ENPP2,0.782,5.36981e-07,0.000225936
GNAI3,MRPL42,0.782,5.36981e-07,0.000225936
CFL1,GNAI3,0.782,5.36981e-07,0.000225936
ARPC5,COMMD10,0.782,5.36981e-07,0.000225936
GDI2,GOLGA7,0.782,5.36981e-07,0.000225936
ADIPOQ,CD36,0.782,5.36981e-07,0.000225936
COL5A2,LOXL1,0.782,5.36981e-07,0.000225936
PID1,RGMA,0.782,5.51866e-07,0.000229987
ABCA8,CFD,0.782,5.51866e-07,0.000229987
BRCC3,PIK3C2A,0.782,5.51866e-07,0.000229987
ADAM12,CDH11,0.782,5.51866e-07,0.000229987
COL10A1,FBN1,0.782,5.51866e-07,0.000229987
ENTPD1,GATA3,-0.781,5.67123e-07,0.000235003
EBF1,SCN4B,0.781,5.67123e-07,0.000235003
NIPBL,SRSF3,0.781,5.67123e-07,0.000235003
LOXL1,LRRC15,0.781,5.82763e-07,0.000240119
ADAM12,COL8A2,0.781,5.82763e-07,0.000240119
ASPN,FBN1,0.781,5.82763e-07,0.000240119
CREB1,CTB-50L17.7,0.78,5.98792e-07,0.000244422
COMMD10,RHOA,0.78,5.98792e-07,0.000244422
COL8A2,CTHRC1,0.78,5.98792e-07,0.000244422
CDH11,SERPINH1,0.78,5.98792e-07,0.000244422
ADAM12,BGN,0.78,5.98792e-07,0.000244422
ABCA8,GPX3,0.78,6.1522e-07,0.00025066
CYB5R3,GNAI3,0.779,6.32055e-07,0.000255144
BRCC3,SRSF3,0.779,6.32055e-07,0.000255144
ARFIP1,CAPRIN1,0.779,6.32055e-07,0.000255144
MAPRE1,PRPF31,0.779,6.32055e-07,0.000255144
BAG2,COL5A1,0.779,6.32055e-07,0.000255144
SCN3A,TNPO1,-0.779,6.49307e-07,0.000260188
SRSF3,TMX1,0.779,6.49307e-07,0.000260188
OSTC,SERPINH1,0.779,6.49307e-07,0.000260188
MEOX1,SEMA3G,0.779,6.49307e-07,0.000260188
CCL14,ITGA7,0.778,6.66985e-07,0.000264846
DMD,MID1,0.778,6.66985e-07,0.000264846
SLC30A5,TMX1,0.778,6.66985e-07,0.000264846
ADAM12,C1QTNF6,0.778,6.66985e-07,0.000264846
COL3A1,NID2,0.778,6.66985e-07,0.000264846
CAPRIN1,TSN,0.778,6.85098e-07,0.000269108
BRCC3,RHOB,0.778,6.85098e-07,0.000269108
NIPBL,PIK3C2A,0.778,6.85098e-07,0.000269108
CD36,PLIN4,0.778,6.85098e-07,0.000269108
SEMA3G,SOD3,0.778,6.85098e-07,0.000269108
CDH11,SPOCK1,0.778,6.85098e-07,0.000269108
NAPA,SELT,0.777,7.03656e-07,0.000273452
FAR1,GDI2,0.777,7.03656e-07,0.000273452
PLAUR,RUNX1-IT1,0.777,7.03656e-07,0.000273452
CDK1,UBE2T,0.777,7.03656e-07,0.000273452
PPAPDC1A,THY1,0.777,7.03656e-07,0.000273452
ADAM12,GJB2,0.777,7.03656e-07,0.000273452
CILP,DNM3OS,0.777,7.22667e-07,0.000275458
ADAMTS9-AS2,SYNM,0.777,7.22667e-07,0.000275458
BTNL9,SAA1,0.777,7.22667e-07,0.000275458
CDC5L,TSN,0.777,7.22667e-07,0.000275458
CREB1,GOLGA7,0.777,7.22667e-07,0.000275458
COL8A2,FAP,0.777,7.22667e-07,0.000275458
C1QTNF6,COL5A1,0.777,7.22667e-07,0.000275458
ADAM12,LRRC15,0.777,7.22667e-07,0.000275458
FBN1,FKBP14,0.777,7.22667e-07,0.000275458
CALU,COL10A1,0.777,7.22667e-07,0.000275458
COL12A1,FN1,0.777,7.22667e-07,0.000275458
ADAMTS9,F2RL2,0.776,7.42144e-07,0.000278994
KIT,SYNM,0.776,7.42144e-07,0.000278994
GDI2,SRSF3,0.776,7.42144e-07,0.000278994
INMT,MEOX1,0.776,7.42144e-07,0.000278994
PEAR1,SOD3,0.776,7.42144e-07,0.000278994
ADAM12,C1QTNF3,0.776,7.42144e-07,0.000278994
BGN,COL12A1,0.776,7.42144e-07,0.000278994
POSTN,PPAPDC1A,0.776,7.42144e-07,0.000278994
CD300LG,CIDEA,0.776,7.62094e-07,0.000282609
RASIP1,SCN4B,0.776,7.62094e-07,0.000282609
MIR143HG,PLAC9,0.776,7.62094e-07,0.000282609
ASCC1,GNAI3,0.776,7.62094e-07,0.000282609
CERS2,ZNF281,0.776,7.62094e-07,0.000282609
DMD,IRX1,0.776,7.62094e-07,0.000282609
CRYAB,SYNM,0.776,7.62094e-07,0.000282609
CIDEC,G0S2,0.776,7.62094e-07,0.000282609
CDC42EP5,DNM3OS,0.775,7.8253e-07,0.000289207
ADAMTS9-AS2,NES,0.775,7.8253e-07,0.000289207
AKR1C2,EBF1,0.775,8.0346e-07,0.000294455
MIA,SYNM,0.775,8.0346e-07,0.000294455
ARFIP1,M6PR,0.775,8.0346e-07,0.000294455
FIGF,RELN,0.775,8.0346e-07,0.000294455
COL5A1,MFAP2,0.775,8.0346e-07,0.000294455
GOLGA7,TMEM230,0.774,8.24897e-07,0.000301302
CALU,COL8A2,0.774,8.24897e-07,0.000301302
CHRDL1,TNXA,0.774,8.4685e-07,0.000306253
CFD,MEOX1,0.774,8.4685e-07,0.000306253
M6PR,SCARB2,0.774,8.4685e-07,0.000306253
JAK1,THY1,0.774,8.4685e-07,0.000306253
FAP,NID2,0.774,8.4685e-07,0.000306253
CALU,SPOCK1,0.774,8.4685e-07,0.000306253
BTNL9,CD36,0.773,8.69331e-07,0.000312832
RIOK3,TMX1,0.773,8.69331e-07,0.000312832
GXYLT2,LOXL1,0.773,8.69331e-07,0.000312832
SERINC3,UEVLD,0.773,8.92351e-07,0.000319539
CCT2,SRSF3,0.773,8.92351e-07,0.000319539
ARF4,RAB1A,0.773,8.92351e-07,0.000319539
AOC3,CCL14,0.772,9.15922e-07,0.000326377
KIT,LOC100506558,0.772,9.15922e-07,0.000326377
ARPC5,GDI2,0.772,9.15922e-07,0.000326377
SCARB2,TAB2,0.772,9.40056e-07,0.000332809
OSTC,THY1,0.772,9.40056e-07,0.000332809
ABCA8,KLHL29,0.772,9.40056e-07,0.000332809
COL3A1,RUNX2,0.772,9.40056e-07,0.000332809
CDH11,PRRX1,0.771,9.64764e-07,0.000339906
CTNNA1,UEVLD,0.771,9.64764e-07,0.000339906
FN1,RUNX1-IT1,0.771,9.64764e-07,0.000339906
BRCC3,GLUL,0.771,9.90058e-07,0.000347141
MRPL42,SCARB2,0.771,9.90058e-07,0.000347141
FIGF,SAMD5,0.771,9.90058e-07,0.000347141
MIER3,TMX1,0.77,1.01595e-06,0.00035565
ADAMTS9-AS2,DMD,0.77,1.04246e-06,0.000362032
DMD,PALMD,0.77,1.04246e-06,0.000362032
EZR,RHOA,0.77,1.04246e-06,0.000362032
ARPC5,RHOA,0.77,1.04246e-06,0.000362032
ADAM12,LOXL1,0.77,1.04246e-06,0.000362032
GFPT1,SLC30A5,0.769,1.06959e-06,0.000367372
EIF4A2,PIK3C2A,0.769,1.06959e-06,0.000367372
B3GNT2,MRPL42,0.769,1.06959e-06,0.000367372
JAK1,NREP,0.769,1.06959e-06,0.000367372
CREB1,TMEM230,0.769,1.06959e-06,0.000367372
COL12A1,COMP,0.769,1.06959e-06,0.000367372
COL10A1,COL5A1,0.769,1.06959e-06,0.000367372
KLHL29,RGMA,0.769,1.09735e-06,0.000371084
ARFIP1,ATP6V1A,0.769,1.09735e-06,0.000371084
CCT2,COMMD10,0.769,1.09735e-06,0.000371084
BRCC3,SYPL1,0.769,1.09735e-06,0.000371084
C2orf40,KRT14,0.769,1.09735e-06,0.000371084
FXYD1,SOD3,0.769,1.09735e-06,0.000371084
CAPN3,VWF,0.769,1.09735e-06,0.000371084
FBN1,RUNX2,0.769,1.09735e-06,0.000371084
BGN,CDH11,0.769,1.09735e-06,0.000371084
FN1,MFAP2,0.769,1.09735e-06,0.000371084
ITGA7,SOD3,0.768,1.12577e-06,0.000378936
PGRMC1,RHOA,0.768,1.12577e-06,0.000378936
MIER3,RIOK3,0.768,1.12577e-06,0.000378936
ALDH1A2,CDC42EP5,0.768,1.14922e-06,0.000385758
NDRG2,SFRP1,0.768,1.15485e-06,0.000385758
BTNL9,CHRDL1,0.768,1.15485e-06,0.000385758
ENPP2,PLAC9,0.768,1.15485e-06,0.000385758
COL12A1,SPOCK1,0.768,1.15485e-06,0.000385758
LPHN3,SCN3A,-0.767,1.18462e-06,0.000393895
PPP2R5C,SAR1B,0.767,1.18462e-06,0.000393895
COL8A2,INHBA,0.767,1.18462e-06,0.000393895
CYB5R3,SAE1,0.767,1.21507e-06,0.000400371
RAB1A,RHOA,0.767,1.21507e-06,0.000400371
CCT2,PSMD10,0.767,1.21507e-06,0.000400371
EBF1,SOD3,0.767,1.21507e-06,0.000400371
C12orf75,DNM3OS,0.767,1.21507e-06,0.000400371
COL8A2,RUNX2,0.767,1.21507e-06,0.000400371
COL12A1,PRRX1,0.767,1.24623e-06,0.000409405
COL5A2,COMP,0.767,1.24623e-06,0.000409405
EDNRB,SAA1,0.766,1.27811e-06,0.000415511
CCM2L,ROBO4,0.766,1.27811e-06,0.000415511
HSPD1,LAMP1,0.766,1.27811e-06,0.000415511
RUNX1-IT1,TIMP3,0.766,1.27811e-06,0.000415511
ARFIP1,SEPT2,0.766,1.27811e-06,0.000415511
EDNRB,INMT,0.766,1.27811e-06,0.000415511
COL12A1,COL3A1,0.766,1.27811e-06,0.000415511
NID2,SCCPDH,-0.766,1.31073e-06,0.000420492
ATP6V1A,BZW1,0.766,1.31073e-06,0.000420492
ARFIP1,BRCC3,0.766,1.31073e-06,0.000420492
CCT2,UBE2N,0.766,1.31073e-06,0.000420492
AOC3,ITGA7,0.766,1.31073e-06,0.000420492
ADAMTS5,CDC42EP5,0.766,1.31073e-06,0.000420492
ENPP2,SEMA3G,0.766,1.31073e-06,0.000420492
COL10A1,THY1,0.766,1.31073e-06,0.000420492
COL12A1,VCAN,0.766,1.31073e-06,0.000420492
ENPP2,KLHL29,0.765,1.3441e-06,0.000430565
AKR1C3,RGMA,0.765,1.37823e-06,0.000438292
BIN1,RGMA,0.765,1.37823e-06,0.000438292
CDH11,CLIC4,0.765,1.37823e-06,0.000438292
PPAPDC1A,VCAN,0.765,1.37823e-06,0.000438292
ADAM12,GXYLT2,0.765,1.37823e-06,0.000438292
AOC3,CHRDL1,0.764,1.41315e-06,0.00044487
SCN4B,TNXA,0.764,1.41315e-06,0.00044487
CD46,SP1,0.764,1.41315e-06,0.00044487
ADH1C,ANKRD29,0.764,1.41315e-06,0.00044487
COMMD10,MRPL42,0.764,1.41315e-06,0.00044487
AOC3,GPX3,0.764,1.41315e-06,0.00044487
COL5A1,FN1,0.764,1.41315e-06,0.00044487
CCM2L,RASIP1,0.764,1.44887e-06,0.000453503
CTNNA1,SLC30A5,0.764,1.44887e-06,0.000453503
C12orf75,CPA3,0.764,1.44887e-06,0.000453503
CALU,COL6A1,0.764,1.44887e-06,0.000453503
ADAMTS5,ALDH1A2,0.763,1.47836e-06,0.000460328
ADAMTS9-AS2,LMOD1,0.763,1.4854e-06,0.000460328
SPOCK1,TIMP3,0.763,1.4854e-06,0.000460328
BRCC3,RAB5A,0.763,1.4854e-06,0.000460328
PIK3C2A,SCARB2,0.763,1.4854e-06,0.000460328
SPOCK1,THY1,0.763,1.4854e-06,0.000460328
FN1,SPOCK1,0.763,1.4854e-06,0.000460328
MEOX1,RGMA,0.763,1.52276e-06,0.00046793
CLIC4,NREP,0.763,1.52276e-06,0.00046793
DCTD,SCARB2,0.763,1.52276e-06,0.00046793
CLDN5,ENPP2,0.763,1.52276e-06,0.00046793
COL5A1,FNDC1,0.763,1.52276e-06,0.00046793
BGN,COL3A1,0.763,1.52276e-06,0.00046793
GFPT1,SAR1B,0.762,1.56097e-06,0.000473684
MRPL42,WAPAL,0.762,1.56097e-06,0.000473684
HNRNPF,NIPBL,0.762,1.56097e-06,0.000473684
SLC30A5,UBE2N,0.762,1.56097e-06,0.000473684
PDE9A,RASIP1,0.762,1.56097e-06,0.000473684
CRIP1,CRIP2,0.762,1.56097e-06,0.000473684
BAG2,CTHRC1,0.762,1.56097e-06,0.000473684
ADAM12,FNDC1,0.762,1.56097e-06,0.000473684
COL8A2,FN1,0.762,1.56097e-06,0.000473684
ABCA8,RASIP1,0.762,1.60004e-06,0.000482197
DMD,PLAC9,0.762,1.60004e-06,0.000482197
CTHRC1,PRRX1,0.762,1.60004e-06,0.000482197
C16orf72,RIOK3,0.762,1.60004e-06,0.000482197
COL8A2,VCAN,0.762,1.60004e-06,0.000482197
KDM5B,POGK,0.761,1.64e-06,0.000489519
SAE1,STIP1,0.761,1.64e-06,0.000489519
EZR,RAB5A,0.761,1.64e-06,0.000489519
AKR1C2,CD36,0.761,1.64e-06,0.000489519
ADAMTS5,EBF1,0.761,1.64e-06,0.000489519
CLDN5,MEOX1,0.761,1.64e-06,0.000489519
CALU,CDH11,0.761,1.64e-06,0.000489519
C1orf213,TUSC5,0.761,1.68086e-06,0.000496298
ITGA7,MEOX1,0.761,1.68086e-06,0.000496298
M6PR,TMX1,0.761,1.68086e-06,0.000496298
C1S,THY1,0.761,1.68086e-06,0.000496298
CTB-50L17.7,RRM1,0.761,1.68086e-06,0.000496298
ADH1B,FMO2,0.761,1.68086e-06,0.000496298
LMOD1,MID1,0.761,1.68086e-06,0.000496298
CALU,COL5A2,0.761,1.68086e-06,0.000496298
CKS2,KIAA0101,0.76,1.72263e-06,0.000503873
C2orf40,GABRP,0.76,1.72263e-06,0.000503873
CD9,RIOK3,0.76,1.72263e-06,0.000503873
LOXL1,PRRX1,0.76,1.72263e-06,0.000503873
CREB1,UEVLD,0.76,1.72263e-06,0.000503873
CCNB1,CENPU,0.76,1.72263e-06,0.000503873
C1QTNF3,LRRC15,0.76,1.72263e-06,0.000503873
LARP6,PID1,0.76,1.76535e-06,0.000513619
RAB1A,TMEM230,0.76,1.76535e-06,0.000513619
SLC2A13,TNFRSF19,0.76,1.76535e-06,0.000513619
LRRC15,VCAN,0.76,1.76535e-06,0.000513619
CD46,PIK3C2A,0.759,1.80901e-06,0.000524928
COL3A1,COMP,0.759,1.80901e-06,0.000524928
ALDH1A2,EBF1,0.759,1.82276e-06,0.000528216
AKR1C2,SOD3,0.759,1.85365e-06,0.000533635
EDNRB,RASIP1,0.759,1.85365e-06,0.000533635
ACVR1C,ALDH1L1,0.759,1.85365e-06,0.000533635
AKR1C2,AOC3,0.759,1.85365e-06,0.000533635
C1QTNF3,GJB2,0.759,1.85365e-06,0.000533635
CFD,CLDN5,0.758,1.89929e-06,0.00054249
C1S,OSTC,0.758,1.89929e-06,0.00054249
MAPRE1,PSMD10,0.758,1.89929e-06,0.00054249
GABRP,IRX1,0.758,1.89929e-06,0.00054249
COL6A1,THY1,0.758,1.89929e-06,0.00054249
COL3A1,PPAPDC1A,0.758,1.89929e-06,0.00054249
TSPAN31,YWHAE,0.758,1.94594e-06,0.000552926
KRT15,MAMDC2,0.758,1.94594e-06,0.000552926
C16orf72,CLIC4,0.758,1.94594e-06,0.000552926
ASCC1,SEPT2,0.758,1.94594e-06,0.000552926
GLUL,SP1,0.757,1.99362e-06,0.000565007
CTNNA1,DCTD,0.757,1.99362e-06,0.000565007
CCL14,VWF,0.757,2.04235e-06,0.000574354
BRCC3,CD46,0.757,2.04235e-06,0.000574354
CD46,GLUL,0.757,2.04235e-06,0.000574354
ARPC5,PSMD10,0.757,2.04235e-06,0.000574354
MIER3,RAB5A,0.757,2.04235e-06,0.000574354
COL12A1,FNDC1,0.757,2.04235e-06,0.000574354
DNAJB1,LAMP1,0.756,2.09216e-06,0.000586101
PSMD10,RHOA,0.756,2.09216e-06,0.000586101
HSP90AB1,UEVLD,0.756,2.09216e-06,0.000586101
CCL14,FABP4,0.756,2.14306e-06,0.000592771
DDX42,MAPRE1,0.756,2.14306e-06,0.000592771
SAMD5,WIF1,0.756,2.14306e-06,0.000592771
EZR,SYPL1,0.756,2.14306e-06,0.000592771
ARPC5,YIPF5,0.756,2.14306e-06,0.000592771
PSMD10,SRSF3,0.756,2.14306e-06,0.000592771
PSMD10,UBE2N,0.756,2.14306e-06,0.000592771
CLDN5,SEMA3G,0.756,2.14306e-06,0.000592771
CDH11,FKBP14,0.756,2.14306e-06,0.000592771
COL5A1,COMP,0.756,2.14306e-06,0.000592771
DEFB1,SOX10,0.756,2.15912e-06,0.000595708
AK094644,LINC00408,0.756,2.15912e-06,0.000595708
ADAMTS9-AS2,ID4,0.755,2.19508e-06,0.000601081
GNB1,SEPT2,0.755,2.19508e-06,0.000601081
ROBO4,SOD3,0.755,2.19508e-06,0.000601081
C1S,NREP,0.755,2.19508e-06,0.000601081
ARPC5,MIER3,0.755,2.19508e-06,0.000601081
AKR1C2,G0S2,0.755,2.19508e-06,0.000601081
RHOA,STIP1,0.755,2.24824e-06,0.000609534
BRCC3,FUS,0.755,2.24824e-06,0.000609534
COMMD10,GNAI3,0.755,2.24824e-06,0.000609534
DCTN4,EZR,0.755,2.24824e-06,0.000609534
DCTN4,SCOC,0.755,2.24824e-06,0.000609534
SAMD5,TNXA,0.755,2.24824e-06,0.000609534
INMT,PEAR1,0.755,2.24824e-06,0.000609534
FAP,THY1,0.755,2.24824e-06,0.000609534
BTNL9,TNXA,0.754,2.30255e-06,0.000619653
MATR3,SRSF3,0.754,2.30255e-06,0.000619653
C2orf40,DMD,0.754,2.30255e-06,0.000619653
RAB1A,SAR1B,0.754,2.30255e-06,0.000619653
PLAC9,SOD3,0.754,2.30255e-06,0.000619653
COL12A1,LOXL1,0.754,2.30255e-06,0.000619653
AKR1C2,MEOX1,0.754,2.35805e-06,0.000629172
C1QTNF3,TIMP3,0.754,2.35805e-06,0.000629172
CCT2,RAB5A,0.754,2.35805e-06,0.000629172
ABCA8,SEMA3G,0.754,2.35805e-06,0.000629172
ADAMTS9,CLDN5,0.754,2.35805e-06,0.000629172
FBN1,FNDC1,0.754,2.35805e-06,0.000629172
FN1,GJB2,0.754,2.35805e-06,0.000629172
SAA2-SAA4,SCN3A,-0.753,2.41476e-06,0.000638077
ATP6V1A,RIOK3,0.753,2.41476e-06,0.000638077
BRCC3,LOC100190986,0.753,2.41476e-06,0.000638077
ARF4,COMMD10,0.753,2.41476e-06,0.000638077
GABRP,NDRG2,0.753,2.41476e-06,0.000638077
CD9,RAB14,0.753,2.41476e-06,0.000638077
COL5A1,RUNX2,0.753,2.41476e-06,0.000638077
COL5A1,SPOCK1,0.753,2.41476e-06,0.000638077
ABCA8,SCN4B,0.753,2.47269e-06,0.000644819
CAPRIN1,TMX1,0.753,2.47269e-06,0.000644819
EZR,TSN,0.753,2.47269e-06,0.000644819
CYB5R3,THY1,0.753,2.47269e-06,0.000644819
KRT5,LAMB3,0.753,2.47269e-06,0.000644819
CIDEC,RBP4,0.753,2.47269e-06,0.000644819
ADAMTS9-AS2,MIR143HG,0.753,2.47269e-06,0.000644819
EDNRB,PPP1R14A,0.753,2.47269e-06,0.000644819
EDNRB,SEMA3G,0.753,2.47269e-06,0.000644819
ENPP2,SFRP1,0.753,2.47269e-06,0.000644819
COL10A1,FNDC1,0.753,2.47269e-06,0.000644819
ADH1B,SAMD5,0.752,2.53188e-06,0.000653246
ATP6V1A,TTPAL,0.752,2.53188e-06,0.000653246
BTNL9,CLDN5,0.752,2.53188e-06,0.000653246
DDA1,RHOA,0.752,2.53188e-06,0.000653246
NIPBL,SETD5,0.752,2.53188e-06,0.000653246
CCT2,MIER3,0.752,2.53188e-06,0.000653246
ADAMTS5,PID1,0.752,2.53188e-06,0.000653246
CLDN5,PEAR1,0.752,2.53188e-06,0.000653246
SERINC3,TMEM50B,0.752,2.53188e-06,0.000653246
BZW1,UEVLD,0.752,2.59234e-06,0.000665706
HSPB2,SYNPO2,0.752,2.59234e-06,0.000665706
DMD,SYNM,0.752,2.59234e-06,0.000665706
CTHRC1,LOXL1,0.752,2.59234e-06,0.000665706
KLHL13,MIR143HG,0.751,2.65411e-06,0.00067759
POGK,RNF115,0.751,2.65411e-06,0.00067759
INHBA,LRRC15,0.751,2.65411e-06,0.00067759
MRPL42,RHOA,0.751,2.65411e-06,0.00067759
CDH11,FN1,0.751,2.65411e-06,0.00067759
DMD,FMO2,0.751,2.7172e-06,0.000685696
BZW1,PSMD10,0.751,2.7172e-06,0.000685696
ADAMTS9-AS2,EBF1,0.751,2.7172e-06,0.000685696
HSPB2,SFRP1,0.751,2.7172e-06,0.000685696
RAB5A,STIP1,0.751,2.7172e-06,0.000685696
DDA1,PSMD10,0.751,2.7172e-06,0.000685696
CLIC4,PRRX1,0.751,2.7172e-06,0.000685696
CDC42EP5,LMOD1,0.751,2.7172e-06,0.000685696
BGN,DNM3OS,0.751,2.7172e-06,0.000685696
BGN,FNDC1,0.751,2.7172e-06,0.000685696
DCTD,DNAJB1,0.75,2.78164e-06,0.000697133
C2orf40,MAMDC2,0.75,2.78164e-06,0.000697133
TIMP3,TRIM59,0.75,2.78164e-06,0.000697133
ID4,PID1,0.75,2.78164e-06,0.000697133
FAP,VCAN,0.75,2.78164e-06,0.000697133
LOXL1,MFAP2,0.75,2.78164e-06,0.000697133
AOC3,SOD3,0.75,2.84745e-06,0.000707951
AKR1C2,CFD,0.75,2.84745e-06,0.000707951
FAR1,RAB5A,0.75,2.84745e-06,0.000707951
INHBA,SERPINH1,0.75,2.84745e-06,0.000707951
ALOX5AP,YWHAH,0.75,2.84745e-06,0.000707951
EBF1,ID4,0.75,2.84745e-06,0.000707951
CDH11,THY1,0.75,2.84745e-06,0.000707951
CAPRIN1,GNB1,0.749,2.91467e-06,0.000718945
ENPP2,TNXA,0.749,2.91467e-06,0.000718945
ANKH,INHBA,0.749,2.91467e-06,0.000718945
CREB1,DCTN4,0.749,2.91467e-06,0.000718945
DMD,KLHL13,0.749,2.91467e-06,0.000718945
MEOX1,PLAC9,0.749,2.91467e-06,0.000718945
FKBP14,LOXL1,0.749,2.91467e-06,0.000718945
CHRDL1,FMO2,0.749,2.98332e-06,0.000730934
STK38,YWHAH,0.749,2.98332e-06,0.000730934
RAB1A,SCOC,0.749,2.98332e-06,0.000730934
COMMD10,CREB1,0.749,2.98332e-06,0.000730934
C1QTNF3,FNDC1,0.749,2.98332e-06,0.000730934
CTHRC1,THY1,0.749,2.98332e-06,0.000730934
CFD,INMT,0.748,3.05343e-06,0.000743945
PIK3C2A,SETD5,0.748,3.05343e-06,0.000743945
BZW1,PTP4A1,0.748,3.05343e-06,0.000743945
ADH1B,ADIPOQ,0.748,3.05343e-06,0.000743945
ASPN,CTHRC1,0.748,3.05343e-06,0.000743945
CLDN8,LMOD1,0.748,3.12502e-06,0.000757171
C2orf40,LOC100506558,0.748,3.12502e-06,0.000757171
LARP6,LMOD1,0.748,3.12502e-06,0.000757171
AOC3,FABP4,0.748,3.12502e-06,0.000757171
COL3A1,CTGF,0.748,3.12502e-06,0.000757171
GPR146,RIOK3,-0.747,3.19812e-06,0.000770615
SETD5,TTPAL,0.747,3.19812e-06,0.000770615
PPAPDC1A,PRRX1,0.747,3.19812e-06,0.000770615
CPA3,DNM3OS,0.747,3.19812e-06,0.000770615
FNDC1,LOXL1,0.747,3.19812e-06,0.000770615
ADAMTS9,ITIH5,0.747,3.27275e-06,0.000782567
CALU,STK38,0.747,3.27275e-06,0.000782567
RAB5A,YWHAE,0.747,3.27275e-06,0.000782567
DCTN4,MIER3,0.747,3.27275e-06,0.000782567
LRRN4CL,RSPO3,0.747,3.27275e-06,0.000782567
CCDC3,MID1,0.747,3.27275e-06,0.000782567
ADAM12,RUNX2,0.747,3.27275e-06,0.000782567
LINC00266-1,TCTN2,0.746,3.34896e-06,0.000796438
TSN,WAPAL,0.746,3.34896e-06,0.000796438
FABP4,GPX3,0.746,3.34896e-06,0.000796438
DSG2,EDEM3,0.746,3.34896e-06,0.000796438
FNDC1,GJB2,0.746,3.34896e-06,0.000796438
CFD,RASIP1,0.746,3.42677e-06,0.000806178
CRYAB,SFRP1,0.746,3.42677e-06,0.000806178
GABRP,KRT5,0.746,3.42677e-06,0.000806178
CLIC4,YWHAZ,0.746,3.42677e-06,0.000806178
CYB5R3,LAMP1,0.746,3.42677e-06,0.000806178
OSTC,PRRX1,0.746,3.42677e-06,0.000806178
SCARB2,SEPT2,0.746,3.42677e-06,0.000806178
COL5A2,FNDC1,0.746,3.42677e-06,0.000806178
FAP,GREM1,0.746,3.42677e-06,0.000806178
CDH11,RUNX2,0.746,3.42677e-06,0.000806178
ANKRD35,PID1,0.745,3.5062e-06,0.000818703
ATP6V1A,CD9,0.745,3.5062e-06,0.000818703
CD46,RNF115,0.745,3.5062e-06,0.000818703
RHOA,TSN,0.745,3.5062e-06,0.000818703
MIER3,ZNF146,0.745,3.5062e-06,0.000818703
BAG2,SERPINH1,0.745,3.5062e-06,0.000818703
FN1,LRRC15,0.745,3.5062e-06,0.000818703
NES,SCN4B,0.745,3.58729e-06,0.000830546
GABRP,PID1,0.745,3.58729e-06,0.000830546
DNAH3,TCTN2,0.745,3.58729e-06,0.000830546
RAD1,YIPF5,0.745,3.58729e-06,0.000830546
SCARB2,UBE2N,0.745,3.58729e-06,0.000830546
SAA2-SAA4,TNPO1,0.745,3.58729e-06,0.000830546
ADAM12,VCAN,0.745,3.58729e-06,0.000830546
COL3A1,LOXL1,0.745,3.58729e-06,0.000830546
AKR1C2,TNXA,0.744,3.67007e-06,0.000845239
EBF1,ITGA7,0.744,3.67007e-06,0.000845239
CLDN5,RASIP1,0.744,3.67007e-06,0.000845239
KRT14,PROM1,0.744,3.67007e-06,0.000845239
ASPN,FNDC1,0.744,3.67007e-06,0.000845239
LRRC15,MAPK13,-0.744,3.75456e-06,0.000860172
GFPT1,M6PR,0.744,3.75456e-06,0.000860172
HSP90AB1,RAB5A,0.744,3.75456e-06,0.000860172
EBF1,KLHL29,0.744,3.75456e-06,0.000860172
COL8A2,POSTN,0.744,3.75456e-06,0.000860172
MTUS1,TSPAN31,0.743,3.84081e-06,0.000874438
BTNL9,EDNRB,0.743,3.84081e-06,0.000874438
CLIC4,COL10A1,0.743,3.84081e-06,0.000874438
EDEM3,FUS,0.743,3.84081e-06,0.000874438
COL12A1,MICAL2,0.743,3.84081e-06,0.000874438
COMP,FBN1,0.743,3.84081e-06,0.000874438
ATP6V1A,GMFB,0.743,3.92884e-06,0.00088985
EDEM3,POGK,0.743,3.92884e-06,0.00088985
EDNRB,TNXA,0.743,3.92884e-06,0.00088985
PEAR1,SFRP1,0.743,3.92884e-06,0.00088985
CALU,NID2,0.743,3.92884e-06,0.00088985
EIF4A2,GPR146,-0.742,4.01868e-06,0.000902723
GPM6B,PID1,0.742,4.01868e-06,0.000902723
NDRG2,PPP1R14A,0.742,4.01868e-06,0.000902723
MATR3,SETD5,0.742,4.01868e-06,0.000902723
DDA1,SLC30A5,0.742,4.01868e-06,0.000902723
HSP90AB1,MAPRE1,0.742,4.01868e-06,0.000902723
CHRDL1,SEMA3G,0.742,4.01868e-06,0.000902723
FAP,GJB2,0.742,4.01868e-06,0.000902723
ITGA7,TNXA,0.742,4.11038e-06,0.000915798
SEMA3G,TNXA,0.742,4.11038e-06,0.000915798
PIGR,SFRP1,0.742,4.11038e-06,0.000915798
INHBA,STK38,0.742,4.11038e-06,0.000915798
DCTN4,GDI2,0.742,4.11038e-06,0.000915798
PSMD10,TSN,0.742,4.11038e-06,0.000915798
FAP,RUNX2,0.742,4.11038e-06,0.000915798
BAG2,POSTN,0.742,4.11038e-06,0.000915798
AL833181,SIK2,0.741,4.20395e-06,0.000930018
APCDD1,GPM6B,0.741,4.20395e-06,0.000930018
EIF4A2,FNIP1,0.741,4.20395e-06,0.000930018
EZR,SRSF3,0.741,4.20395e-06,0.000930018
CTB-50L17.7,RAB5A,0.741,4.20395e-06,0.000930018
CTNNA1,SEPT2,0.741,4.20395e-06,0.000930018
CHRDL1,SOD3,0.741,4.20395e-06,0.000930018
SAA1,SCN4B,0.741,4.29945e-06,0.000945407
ARFIP1,TTPAL,0.741,4.29945e-06,0.000945407
CREB1,TMX1,0.741,4.29945e-06,0.000945407
RAB5A,SP1,0.741,4.29945e-06,0.000945407
AOC3,CD36,0.741,4.29945e-06,0.000945407
ASPN,POSTN,0.741,4.29945e-06,0.000945407
GFPT1,TTPAL,0.74,4.39689e-06,0.000959123
CENPU,CKS2,0.74,4.39689e-06,0.000959123
PRRX1,STK38,0.74,4.39689e-06,0.000959123
GNAI3,STK38,0.74,4.39689e-06,0.000959123
OPHN1,SCD5,0.74,4.39689e-06,0.000959123
DNM3OS,RP3-428L16.2,0.74,4.39689e-06,0.000959123
LOXL1,PPAPDC1A,0.74,4.39689e-06,0.000959123
COL5A1,FKBP14,0.74,4.39689e-06,0.000959123
AOC3,INMT,0.74,4.49632e-06,0.000973051
LIPE,ROBO4,0.74,4.49632e-06,0.000973051
ADH1B,CFD,0.74,4.49632e-06,0.000973051
CCL14,CFD,0.74,4.49632e-06,0.000973051
OCIAD1,STIP1,0.74,4.49632e-06,0.000973051
BRCC3,YWHAE,0.74,4.49632e-06,0.000973051
CAPRIN1,CREB1,0.74,4.49632e-06,0.000973051
C1QTNF6,COL6A1,0.74,4.49632e-06,0.000973051
EBF1,GPX3,0.739,4.59777e-06,0.000984297
CFD,SOD3,0.739,4.59777e-06,0.000984297
MATR3,TTPAL,0.739,4.59777e-06,0.000984297
EZR,RHOB,0.739,4.59777e-06,0.000984297
ADIPOQ,AKR1C2,0.739,4.59777e-06,0.000984297
CLDN5,EDNRB,0.739,4.59777e-06,0.000984297
BTNL9,CFD,0.739,4.59777e-06,0.000984297
ASPN,FAP,0.739,4.59777e-06,0.000984297
GXYLT2,THY1,0.739,4.59777e-06,0.000984297
GJB2,NID2,0.739,4.59777e-06,0.000984297
ADAM12,MFAP2,0.739,4.59777e-06,0.000984297
DDX42,LAPTM4B,0.739,4.70129e-06,0.00099961
PPP1R14A,SOSTDC1,0.739,4.70129e-06,0.00099961
CTB-50L17.7,LAPTM4B,0.739,4.70129e-06,0.00099961
NIPBL,RAD1,0.739,4.70129e-06,0.00099961
CREB1,UBE2N,0.739,4.70129e-06,0.00099961
CTHRC1,MFAP2,0.739,4.70129e-06,0.00099961
BGN,COMP,0.739,4.70129e-06,0.00099961
AOC3,RASIP1,0.738,4.80689e-06,0.0010132
KRT5,NDRG2,0.738,4.80689e-06,0.0010132
EZR,RRM1,0.738,4.80689e-06,0.0010132
RAB5A,YIPF5,0.738,4.80689e-06,0.0010132
CDC5L,PPP1R11,0.738,4.80689e-06,0.0010132
ARFIP1,CTNNA1,0.738,4.80689e-06,0.0010132
BRCC3,UEVLD,0.738,4.80689e-06,0.0010132
CD36,GPX3,0.738,4.80689e-06,0.0010132
C12orf75,COL5A1,0.738,4.80689e-06,0.0010132
CD36,CHRDL1,0.738,4.91463e-06,0.00102799
ATP6V1A,SERINC3,0.738,4.91463e-06,0.00102799
FOXA1,GATA3,0.738,4.91463e-06,0.00102799
GFPT1,UEVLD,0.738,4.91463e-06,0.00102799
DCTN4,TMX1,0.738,4.91463e-06,0.00102799
INMT,SEMA3G,0.738,4.91463e-06,0.00102799
ADAMTS9,PID1,0.738,4.91463e-06,0.00102799
FNDC1,SERPINH1,0.738,4.91463e-06,0.00102799
CDC42EP5,RP3-428L16.2,0.737,5.02454e-06,0.00104499
RGMA,TNXA,0.737,5.02454e-06,0.00104499
DDA1,PRPF31,0.737,5.02454e-06,0.00104499
CYB5R3,JAK1,0.737,5.02454e-06,0.00104499
RAB5A,TSN,0.737,5.02454e-06,0.00104499
RAB5A,SYPL1,0.737,5.02454e-06,0.00104499
ALDH1A2,CILP,0.737,5.0597e-06,0.0010513
ANKRD29,CLIC5,0.737,5.13667e-06,0.00105526
BZW1,UBE2M,0.737,5.13667e-06,0.00105526
GNB1,TMX1,0.737,5.13667e-06,0.00105526
IGFBP6,RGMA,0.737,5.13667e-06,0.00105526
ARF4,TIMP3,0.737,5.13667e-06,0.00105526
CLIC4,SEPT2,0.737,5.13667e-06,0.00105526
PPAPDC1A,TIMP3,0.737,5.13667e-06,0.00105526
FNDC1,PRRX1,0.737,5.13667e-06,0.00105526
ANKRD35,MIR143HG,0.737,5.13667e-06,0.00105526
CLDN5,EBF1,0.737,5.13667e-06,0.00105526
C1QTNF3,COL8A2,0.737,5.13667e-06,0.00105526
LRRC15,POSTN,0.737,5.13667e-06,0.00105526
DNAJB1,PRPF31,0.736,5.25104e-06,0.00106773
ARFIP1,TMX1,0.736,5.25104e-06,0.00106773
B3GNT2,RAB1A,0.736,5.25104e-06,0.00106773
LOXL1,NREP,0.736,5.25104e-06,0.00106773
NREP,PRRX1,0.736,5.25104e-06,0.00106773
C1S,CLIC4,0.736,5.25104e-06,0.00106773
CAPRIN1,TMEM245,0.736,5.25104e-06,0.00106773
CCT2,HSP90AB1,0.736,5.25104e-06,0.00106773
G0S2,GPX3,0.736,5.25104e-06,0.00106773
FBN1,GJB2,0.736,5.25104e-06,0.00106773
CALU,COL3A1,0.736,5.25104e-06,0.00106773
CDC42EP5,SFRP2,0.736,5.3677e-06,0.0010834
LRRN4CL,TMEM100,0.736,5.3677e-06,0.0010834
GLUL,UEVLD,0.736,5.3677e-06,0.0010834
BAG2,PRRX1,0.736,5.3677e-06,0.0010834
FBN1,NREP,0.736,5.3677e-06,0.0010834
ARFIP1,DCTD,0.736,5.3677e-06,0.0010834
ADAMTS5,PLAC9,0.736,5.3677e-06,0.0010834
CTHRC1,RUNX2,0.736,5.3677e-06,0.0010834
CILP,SFRP2,0.735,5.48669e-06,0.0010983
EDNRB,NDRG2,0.735,5.48669e-06,0.0010983
CFD,SEMA3G,0.735,5.48669e-06,0.0010983
CLIC4,GNB1,0.735,5.48669e-06,0.0010983
GDI2,RAB5A,0.735,5.48669e-06,0.0010983
GOLGA7,PSMD10,0.735,5.48669e-06,0.0010983
COL10A1,CTHRC1,0.735,5.48669e-06,0.0010983
COL10A1,RUNX1-IT1,0.735,5.48669e-06,0.0010983
CALU,MFAP2,0.735,5.48669e-06,0.0010983
CREB1,SP1,0.735,5.60805e-06,0.00111952
COL8A2,THY1,0.735,5.60805e-06,0.00111952
CALU,FN1,0.735,5.60805e-06,0.00111952
SCN4B,SIK2,0.734,5.73182e-06,0.00113593
GNB1,MIER3,0.734,5.73182e-06,0.00113593
BRCC3,MATR3,0.734,5.73182e-06,0.00113593
CREB1,LAPTM4B,0.734,5.73182e-06,0.00113593
GJB2,PLAUR,0.734,5.73182e-06,0.00113593
GOLGA7,RAB5A,0.734,5.73182e-06,0.00113593
C2orf40,SYNM,0.734,5.73182e-06,0.00113593
C12orf75,VCAN,0.734,5.73182e-06,0.00113593
DOPEY2,PBX1,0.734,5.85805e-06,0.0011526
FMO2,RASIP1,0.734,5.85805e-06,0.0011526
CAPRIN1,WAPAL,0.734,5.85805e-06,0.0011526
CTB-50L17.7,OCIAD1,0.734,5.85805e-06,0.0011526
ADAMTS9-AS2,ANKRD35,0.734,5.85805e-06,0.0011526
DNM3OS,SFRP2,0.734,5.85805e-06,0.0011526
COL5A1,OLFML2B,0.734,5.85805e-06,0.0011526
BGN,C12orf75,0.734,5.85805e-06,0.0011526
ARFGEF1,DDX42,0.733,5.98678e-06,0.00116847
EBF1,RASIP1,0.733,5.98678e-06,0.00116847
DMD,PGM5,0.733,5.98678e-06,0.00116847
CFD,FABP4,0.733,5.98678e-06,0.00116847
ADAMTS9,LRRN4CL,0.733,5.98678e-06,0.00116847
INHBA,MICAL2,0.733,5.98678e-06,0.00116847
OCIAD1,RRM1,0.733,5.98678e-06,0.00116847
COL10A1,SERPINH1,0.733,5.98678e-06,0.00116847
LRRC15,NID2,0.733,5.98678e-06,0.00116847
FIGF,WIF1,0.733,6.11805e-06,0.00118668
LMOD1,MFGE8,0.733,6.11805e-06,0.00118668
GXYLT2,PRRX1,0.733,6.11805e-06,0.00118668
ARPC5,TSN,0.733,6.11805e-06,0.00118668
FMO2,GPX3,0.733,6.11805e-06,0.00118668
EBF1,EDNRB,0.733,6.11805e-06,0.00118668
COL5A2,COL6A1,0.733,6.11805e-06,0.00118668
ADH1B,CLDN5,0.733,6.2519e-06,0.0012041
GJB2,TIMP3,0.733,6.2519e-06,0.0012041
C16orf72,RAB5A,0.733,6.2519e-06,0.0012041
ARF4,RHOA,0.733,6.2519e-06,0.0012041
PSMD10,SCOC,0.733,6.2519e-06,0.0012041
CLDN5,INMT,0.733,6.2519e-06,0.0012041
ABI1,DSG2,0.733,6.2519e-06,0.0012041
MFAP2,SERPINH1,0.733,6.2519e-06,0.0012041
ALDH1A2,IGSF10,0.732,6.36321e-06,0.00122178
BAG2,NSG1,0.732,6.38839e-06,0.00122178
ABCA8,FABP4,0.732,6.38839e-06,0.00122178
NR3C2,PID1,0.732,6.38839e-06,0.00122178
ARFIP1,CREB1,0.732,6.38839e-06,0.00122178
PIK3C2A,SEPT2,0.732,6.38839e-06,0.00122178
ARFIP1,SP1,0.732,6.38839e-06,0.00122178
EDEM3,MATR3,0.732,6.38839e-06,0.00122178
C2orf40,KIT,0.732,6.52755e-06,0.00123758
CRYAB,KIT,0.732,6.52755e-06,0.00123758
DCTN4,LAPTM4B,0.732,6.52755e-06,0.00123758
DCTN4,RAB1A,0.732,6.52755e-06,0.00123758
CCT2,TSN,0.732,6.52755e-06,0.00123758
CHRDL1,EDNRB,0.732,6.52755e-06,0.00123758
CDH11,NID2,0.732,6.52755e-06,0.00123758
COMP,LOXL1,0.732,6.52755e-06,0.00123758
FBN1,MFAP2,0.732,6.52755e-06,0.00123758
BGN,VCAN,0.732,6.52755e-06,0.00123758
AKR1C2,INMT,0.731,6.66944e-06,0.0012504
DOPEY2,SIDT1,0.731,6.66944e-06,0.0012504
PEAR1,RGMA,0.731,6.66944e-06,0.0012504
RGMA,SFRP1,0.731,6.66944e-06,0.0012504
CSNK1A1,DSG2,0.731,6.66944e-06,0.0012504
F11R,MIA3,0.731,6.66944e-06,0.0012504
LINC00266-1,SCD5,0.731,6.66944e-06,0.0012504
BTNL9,CCL14,0.731,6.66944e-06,0.0012504
ARFIP1,DCTN4,0.731,6.66944e-06,0.0012504
EIF4E,RAB1A,0.731,6.66944e-06,0.0012504
CFL1,COMMD10,0.731,6.66944e-06,0.0012504
CDH11,MFAP2,0.731,6.66944e-06,0.0012504
SERPINH1,SPOCK1,0.731,6.66944e-06,0.0012504
DDX42,GFPT1,0.731,6.81409e-06,0.00126774
C16orf13,NAPA,0.731,6.81409e-06,0.00126774
PAMR1,PPP1R14A,0.731,6.81409e-06,0.00126774
CAPRIN1,GFPT1,0.731,6.81409e-06,0.00126774
EBF1,SAMD5,0.731,6.81409e-06,0.00126774
ANKH,YWHAH,0.731,6.81409e-06,0.00126774
CDC5L,DCTD,0.731,6.81409e-06,0.00126774
EIF4E,SCOC,0.731,6.81409e-06,0.00126774
RUNX2,SPOCK1,0.731,6.81409e-06,0.00126774
ADAMTS9-AS2,IRX1,0.73,6.96157e-06,0.0012886
ABI1,RIOK3,0.73,6.96157e-06,0.0012886
RAB5A,SEPT2,0.73,6.96157e-06,0.0012886
KIT,PIGR,0.73,6.96157e-06,0.0012886
COL10A1,COMP,0.73,6.96157e-06,0.0012886
ADAM12,BAG2,0.73,6.96157e-06,0.0012886
FBP1,SERPINH1,-0.73,7.11191e-06,0.0013032
ANKRD35,KLHL29,0.73,7.11191e-06,0.0013032
ADAMTS5,ANKRD35,0.73,7.11191e-06,0.0013032
CSNK1A1,EDEM3,0.73,7.11191e-06,0.0013032
MFGE8,PID1,0.73,7.11191e-06,0.0013032
LAPTM4B,RAB5A,0.73,7.11191e-06,0.0013032
FAP,INHBA,0.73,7.11191e-06,0.0013032
FBN1,INHBA,0.73,7.11191e-06,0.0013032
CREB1,HSP90AB1,0.73,7.11191e-06,0.0013032
TSN,UEVLD,0.73,7.11191e-06,0.0013032
SEPT2,UEVLD,0.73,7.11191e-06,0.0013032
CIDEC,FABP4,0.73,7.11191e-06,0.0013032
FXYD1,ITGA7,0.729,7.26516e-06,0.00131151
PAMR1,SCN4B,0.729,7.26516e-06,0.00131151
PLAC9,TNXA,0.729,7.26516e-06,0.00131151
GABRP,SFRP1,0.729,7.26516e-06,0.00131151
HSP90AB1,RAD21,0.729,7.26516e-06,0.00131151
CTB-50L17.7,TMEM50B,0.729,7.26516e-06,0.00131151
CCT2,CYB5R3,0.729,7.26516e-06,0.00131151
PRRX1,RUNX2,0.729,7.26516e-06,0.00131151
CTHRC1,OSTC,0.729,7.26516e-06,0.00131151
COL5A2,PRRX1,0.729,7.26516e-06,0.00131151
GNAI3,PLAUR,0.729,7.26516e-06,0.00131151
RIOK3,SEPT2,0.729,7.26516e-06,0.00131151
C16orf72,MIER3,0.729,7.26516e-06,0.00131151
HSPD1,LSM4,0.729,7.26516e-06,0.00131151
FABP4,PLIN4,0.729,7.26516e-06,0.00131151
ID4,PLAC9,0.729,7.26516e-06,0.00131151
ABCA8,AKR1C3,0.729,7.26516e-06,0.00131151
CDH11,COMP,0.729,7.26516e-06,0.00131151
ACSS2,CDH11,-0.729,7.42139e-06,0.00132441
BZW1,TMX1,0.729,7.42139e-06,0.00132441
SELT,UBE2M,0.729,7.42139e-06,0.00132441
NES,SEMA3G,0.729,7.42139e-06,0.00132441
CFD,EBF1,0.729,7.42139e-06,0.00132441
ALYREF,PSMD10,0.729,7.42139e-06,0.00132441
ARFGEF1,PSMD10,0.729,7.42139e-06,0.00132441
CTB-50L17.7,PPP1R11,0.729,7.42139e-06,0.00132441
RHOA,SYPL1,0.729,7.42139e-06,0.00132441
ARPC5,NIPBL,0.729,7.42139e-06,0.00132441
CD36,LIPE,0.729,7.42139e-06,0.00132441
CTGF,FAP,0.729,7.42139e-06,0.00132441
COL12A1,THY1,0.729,7.42139e-06,0.00132441
LOXL1,RUNX2,0.729,7.42139e-06,0.00132441
CDC42EP5,GNAI1,0.728,7.58063e-06,0.0013408
CHRDL1,GPX3,0.728,7.58063e-06,0.0013408
ARFIP1,DDX42,0.728,7.58063e-06,0.0013408
MIR143HG,SYNM,0.728,7.58063e-06,0.0013408
CRYAB,MFGE8,0.728,7.58063e-06,0.0013408
CLIC4,FBN1,0.728,7.58063e-06,0.0013408
OCIAD1,TSN,0.728,7.58063e-06,0.0013408
ATP6V1A,SELT,0.728,7.58063e-06,0.0013408
ATP6V1A,GFPT1,0.728,7.58063e-06,0.0013408
PPP2R5C,SLC33A1,0.728,7.58063e-06,0.0013408
EZR,LYPLA1,0.728,7.58063e-06,0.0013408
GDE1,PSENEN,0.728,7.74293e-06,0.00136071
B3GNT2,EIF4E,0.728,7.74293e-06,0.00136071
ADAM12,OSTC,0.728,7.74293e-06,0.00136071
GDI2,PSMD10,0.728,7.74293e-06,0.00136071
CTNNA1,PIK3C2A,0.728,7.74293e-06,0.00136071
LARP4B,LOC441259,0.728,7.74293e-06,0.00136071
IRX1,MAMDC2,0.728,7.74293e-06,0.00136071
NID2,PPAPDC1A,0.728,7.74293e-06,0.00136071
GDE1,GSPT1,0.727,7.90836e-06,0.00137651
EGFL7,ROBO4,0.727,7.90836e-06,0.00137651
GNB1,NREP,0.727,7.90836e-06,0.00137651
GABRP,KRT14,0.727,7.90836e-06,0.00137651
NREP,THY1,0.727,7.90836e-06,0.00137651
SRSF3,YWHAE,0.727,7.90836e-06,0.00137651
PGRMC1,RAB5A,0.727,7.90836e-06,0.00137651
ARF4,PSMD10,0.727,7.90836e-06,0.00137651
RHOB,SYPL1,0.727,7.90836e-06,0.00137651
GJB2,MICAL2,0.727,7.90836e-06,0.00137651
BAG2,CDH11,0.727,7.90836e-06,0.00137651
NID2,THY1,0.727,7.90836e-06,0.00137651
C2orf40,DEFB1,0.727,7.96167e-06,0.00138469
C2orf40,FMO2,0.727,8.07696e-06,0.00139366
PSMD10,PTP4A1,0.727,8.07696e-06,0.00139366
ADAMTS9-AS2,ENPP2,0.727,8.07696e-06,0.00139366
DNAJB1,RAB5A,0.727,8.07696e-06,0.00139366
CLIC4,RIOK3,0.727,8.07696e-06,0.00139366
POSTN,PRRX1,0.727,8.07696e-06,0.00139366
KLHL29,PALMD,0.727,8.07696e-06,0.00139366
ABCA8,SOD3,0.727,8.07696e-06,0.00139366
ID4,LMOD1,0.727,8.07696e-06,0.00139366
BTNL9,CDKN2C,0.727,8.07696e-06,0.00139366
APCDD1,NIPSNAP1,0.726,8.24878e-06,0.00141439
CCL14,ROBO4,0.726,8.24878e-06,0.00141439
C1S,YWHAZ,0.726,8.24878e-06,0.00141439
COL8A2,PRRX1,0.726,8.24878e-06,0.00141439
COL10A1,TRIM59,0.726,8.24878e-06,0.00141439
HSP90AB1,OCIAD1,0.726,8.24878e-06,0.00141439
DCTD,HSP90AB1,0.726,8.24878e-06,0.00141439
FNDC1,SPOCK1,0.726,8.24878e-06,0.00141439
ADH1B,MEOX1,0.726,8.42389e-06,0.00143541
DICER1,RNF115,0.726,8.42389e-06,0.00143541
CD9,TMX1,0.726,8.42389e-06,0.00143541
CTNNA1,MATR3,0.726,8.42389e-06,0.00143541
COL10A1,PRRX1,0.726,8.42389e-06,0.00143541
CAPRIN1,SCARB2,0.726,8.42389e-06,0.00143541
C1QTNF6,SERPINH1,0.726,8.42389e-06,0.00143541
NID2,VCAN,0.726,8.42389e-06,0.00143541
ATAD2,C14orf142,0.725,8.60233e-06,0.00145787
BZW1,TTPAL,0.725,8.60233e-06,0.00145787
BZW1,SERINC3,0.725,8.60233e-06,0.00145787
KLHL29,MAMDC2,0.725,8.60233e-06,0.00145787
DNAJB1,RHOA,0.725,8.60233e-06,0.00145787
CRYAB,GABRP,0.725,8.60233e-06,0.00145787
CCT2,UBE4B,0.725,8.60233e-06,0.00145787
EBF1,FABP4,0.725,8.78416e-06,0.0014818
EDNRB,NES,0.725,8.78416e-06,0.0014818
EDNRB,FIGF,0.725,8.78416e-06,0.0014818
FN1,TIMP3,0.725,8.78416e-06,0.0014818
FBN1,GXYLT2,0.725,8.78416e-06,0.0014818
ADAM12,SPOCK1,0.725,8.78416e-06,0.0014818
ALDH1A2,DNM3OS,0.724,8.93564e-06,0.00149462
ALDH1A2,ANKRD35,0.724,8.93564e-06,0.00149462
ATP6V1A,DDX42,0.724,8.96945e-06,0.00149462
ADAMTS9-AS2,GABRP,0.724,8.96945e-06,0.00149462
GFPT1,SERINC3,0.724,8.96945e-06,0.00149462
CFD,RGMA,0.724,8.96945e-06,0.00149462
APPL2,CDC42EP5,0.724,8.96945e-06,0.00149462
SLC33A1,UBE2N,0.724,8.96945e-06,0.00149462
ITIH5,TMEM100,0.724,8.96945e-06,0.00149462
DNAJB1,UEVLD,0.724,8.96945e-06,0.00149462
CALU,JAK1,0.724,8.96945e-06,0.00149462
INHBA,PLAUR,0.724,8.96945e-06,0.00149462
CCT2,TMEM230,0.724,8.96945e-06,0.00149462
ARPC5,SYPL1,0.724,8.96945e-06,0.00149462
CDH11,FNDC1,0.724,8.96945e-06,0.00149462
CALU,LOXL1,0.724,8.96945e-06,0.00149462
ADAMTS9,ALDH1A2,0.724,9.12382e-06,0.00151112
CRIP1,ZBTB16,-0.724,9.15824e-06,0.00151112
FMO2,SEMA3G,0.724,9.15824e-06,0.00151112
ENPP2,RASIP1,0.724,9.15824e-06,0.00151112
DST,PROM1,0.724,9.15824e-06,0.00151112
PROM1,TRIM29,0.724,9.15824e-06,0.00151112
RAD1,TMEM230,0.724,9.15824e-06,0.00151112
CFL1,SAE1,0.724,9.15824e-06,0.00151112
PRPF31,UEVLD,0.724,9.15824e-06,0.00151112
ARF4,GOLGA7,0.724,9.15824e-06,0.00151112
CCNB1,ZWINT,0.724,9.15824e-06,0.00151112
EDNRB,FXYD1,0.724,9.15824e-06,0.00151112
ADAMTS9,IGFBP6,0.724,9.15824e-06,0.00151112
CD9,ITGA7,-0.723,9.35059e-06,0.0015336
C1QTNF6,CDC42EP5,0.723,9.35059e-06,0.0015336
CLDN5,SCN4B,0.723,9.35059e-06,0.0015336
GPM6B,PPP1R14A,0.723,9.35059e-06,0.0015336
SLC30A5,SLC33A1,0.723,9.35059e-06,0.0015336
ALYREF,STIP1,0.723,9.35059e-06,0.0015336
CDK1,ECT2,0.723,9.35059e-06,0.0015336
CDH11,VCAN,0.723,9.35059e-06,0.0015336
ADH1B,TNXA,0.723,9.54658e-06,0.00155641
NES,SIK2,0.723,9.54658e-06,0.00155641
NOLC1,TSN,0.723,9.54658e-06,0.00155641
ALOX5AP,HLA-DRA,0.723,9.54658e-06,0.00155641
PRRX1,TIMP3,0.723,9.54658e-06,0.00155641
HSPB2,SOX10,0.723,9.54658e-06,0.00155641
CHRDL1,INMT,0.723,9.54658e-06,0.00155641
COL10A1,LOXL1,0.723,9.54658e-06,0.00155641
ARFGEF1,LYPLA1,0.722,9.74624e-06,0.00157488
CHRDL1,SCN4B,0.722,9.74624e-06,0.00157488
RASIP1,VWF,0.722,9.74624e-06,0.00157488
GPM6B,NDRG2,0.722,9.74624e-06,0.00157488
B3GALNT1,PRSS23,0.722,9.74624e-06,0.00157488
DCTN4,SEPT2,0.722,9.74624e-06,0.00157488
DCTN4,ZNF146,0.722,9.74624e-06,0.00157488
DCTD,UEVLD,0.722,9.74624e-06,0.00157488
KRT5,PAMR1,0.722,9.74624e-06,0.00157488
ENPP2,LOC100506558,0.722,9.74624e-06,0.00157488
ASPN,LOXL1,0.722,9.74624e-06,0.00157488
BAG2,CALU,0.722,9.74624e-06,0.00157488
GJB2,MAPK13,-0.722,9.94965e-06,0.00159948
ATP6V1A,PIK3C2A,0.722,9.94965e-06,0.00159948
SAR1B,SELT,0.722,9.94965e-06,0.00159948
DNAJB1,TMEM230,0.722,9.94965e-06,0.00159948
KDM5B,RNF115,0.722,9.94965e-06,0.00159948
PRPF31,SLC30A5,0.722,9.94965e-06,0.00159948
KCNN4,PADI2,0.722,9.94965e-06,0.00159948
FXYD1,RASIP1,0.721,1.01569e-05,0.00162682
GABRP,MIA,0.721,1.01569e-05,0.00162682
SAE1,STK38,0.721,1.01569e-05,0.00162682
CREB1,RRM1,0.721,1.01569e-05,0.00162682
FXYD1,MEOX1,0.721,1.01569e-05,0.00162682
FAP,LARP6,0.721,1.0368e-05,0.00165337
C2orf40,LMOD1,0.721,1.0368e-05,0.00165337
BIN1,CAPN3,0.721,1.0368e-05,0.00165337
EIF4E,YWHAZ,0.721,1.0368e-05,0.00165337
ARFIP1,CCT2,0.721,1.0368e-05,0.00165337
RUNX2,SERPINH1,0.721,1.0368e-05,0.00165337
AK094644,LPHN3,0.72,1.0583e-05,0.00167909
EGFL7,RASIP1,0.72,1.0583e-05,0.00167909
CALU,OSTC,0.72,1.0583e-05,0.00167909
GNAI3,YWHAH,0.72,1.0583e-05,0.00167909
COMMD10,TMEM230,0.72,1.0583e-05,0.00167909
DCTN4,TMEM230,0.72,1.0583e-05,0.00167909
BGN,COL10A1,0.72,1.0583e-05,0.00167909
PAMR1,SYNPO2,0.72,1.0802e-05,0.00170518
LAMP1,P4HB,0.72,1.0802e-05,0.00170518
ASAP1,EIF4E,0.72,1.0802e-05,0.00170518
COMMD10,MAPRE1,0.72,1.0802e-05,0.00170518
CCT2,CTNNA1,0.72,1.0802e-05,0.00170518
ADAMTS9-AS2,SCN4B,0.72,1.0802e-05,0.00170518
LPHN3,SPHKAP,0.72,1.0802e-05,0.00170518
BZW1,DDA1,0.719,1.10251e-05,0.00173165
MIA3,PBX1,0.719,1.10251e-05,0.00173165
IGF1R,NAPA,0.719,1.10251e-05,0.00173165
ARFIP1,TMEM245,0.719,1.10251e-05,0.00173165
TMEM245,UEVLD,0.719,1.10251e-05,0.00173165
ADH1B,AOC3,0.719,1.10251e-05,0.00173165
BGN,C1QTNF6,0.719,1.10251e-05,0.00173165
ABCA8,ITGA7,0.719,1.12523e-05,0.001756
CCDC3,PGM5,0.719,1.12523e-05,0.001756
MATR3,RAD1,0.719,1.12523e-05,0.001756
CDC5L,UEVLD,0.719,1.12523e-05,0.001756
SCARB2,UEVLD,0.719,1.12523e-05,0.001756
AKR1C3,ENPP2,0.719,1.12523e-05,0.001756
ADAMTS9,MEOX1,0.719,1.12523e-05,0.001756
CD46,MATR3,0.719,1.12523e-05,0.001756
COL5A2,DNM3OS,0.719,1.12523e-05,0.001756
LINC00266-1,PNP,-0.718,1.14837e-05,0.00177565
CTNNA1,SLC33A1,0.718,1.14837e-05,0.00177565
LAPTM5,YWHAH,0.718,1.14837e-05,0.00177565
GDI2,TMX1,0.718,1.14837e-05,0.00177565
GOLGA7,NREP,0.718,1.14837e-05,0.00177565
LRRC15,PRRX1,0.718,1.14837e-05,0.00177565
FBN1,TIMP3,0.718,1.14837e-05,0.00177565
CCT2,GDI2,0.718,1.14837e-05,0.00177565
FIGF,TNXA,0.718,1.14837e-05,0.00177565
ABCA8,CCL14,0.718,1.14837e-05,0.00177565
COL8A2,NID2,0.718,1.14837e-05,0.00177565
FAP,MFAP2,0.718,1.14837e-05,0.00177565
BGN,RUNX2,0.718,1.14837e-05,0.00177565
CLCC1,SELT,0.718,1.17194e-05,0.00180444
TNXA,VWF,0.718,1.17194e-05,0.00180444
CLDN5,FOXC1,0.718,1.17194e-05,0.00180444
LOC100190986,PIK3C2A,0.718,1.17194e-05,0.00180444
ARFIP1,GLUL,0.718,1.17194e-05,0.00180444
CAPRIN1,CTNNA1,0.718,1.17194e-05,0.00180444
INMT,RAPGEF3,0.717,1.19594e-05,0.00182852
RGMA,SAMD5,0.717,1.19594e-05,0.00182852
HSPB2,SYNM,0.717,1.19594e-05,0.00182852
CAPRIN1,TAB2,0.717,1.19594e-05,0.00182852
JAK1,STK38,0.717,1.19594e-05,0.00182852
RAD1,RHOA,0.717,1.19594e-05,0.00182852
DNAJB1,STIP1,0.717,1.19594e-05,0.00182852
CDK1,KIAA0101,0.717,1.19594e-05,0.00182852
C1orf56,CD46,0.717,1.19594e-05,0.00182852
MFAP2,OLFML2B,0.717,1.19594e-05,0.00182852
ADRB2,FOXA1,-0.717,1.22039e-05,0.00185295
DDX42,UEVLD,0.717,1.22039e-05,0.00185295
PPP1R14A,SCN4B,0.717,1.22039e-05,0.00185295
CCM2L,SEMA3G,0.717,1.22039e-05,0.00185295
ROBO4,TNXA,0.717,1.22039e-05,0.00185295
EIF4A2,MIER3,0.717,1.22039e-05,0.00185295
FAR1,SYPL1,0.717,1.22039e-05,0.00185295
CREB1,CTNNA1,0.717,1.22039e-05,0.00185295
AKR1C3,CHRDL1,0.717,1.22039e-05,0.00185295
C12orf75,SERPINH1,0.717,1.22039e-05,0.00185295
ANKRD35,DNM3OS,0.716,1.24528e-05,0.00187771
CCM2L,FOXC1,0.716,1.24528e-05,0.00187771
ARHGDIB,M6PR,0.716,1.24528e-05,0.00187771
MATR3,YWHAE,0.716,1.24528e-05,0.00187771
C2orf40,CNN1,0.716,1.24528e-05,0.00187771
KRT14,NDRG2,0.716,1.24528e-05,0.00187771
ASCC1,MRPL42,0.716,1.24528e-05,0.00187771
EZR,SEPT2,0.716,1.24528e-05,0.00187771
COMMD10,YIPF5,0.716,1.24528e-05,0.00187771
CCL14,FXYD1,0.716,1.24528e-05,0.00187771
SELT,SERINC3,0.716,1.27062e-05,0.00190151
DDX42,SERINC3,0.716,1.27062e-05,0.00190151
ATP6V1A,GLUD2,0.716,1.27062e-05,0.00190151
C2orf40,NDRG2,0.716,1.27062e-05,0.00190151
DST,KIT,0.716,1.27062e-05,0.00190151
INHBA,SPOCK1,0.716,1.27062e-05,0.00190151
CTNNA1,SCARB2,0.716,1.27062e-05,0.00190151
STIP1,YWHAZ,0.716,1.27062e-05,0.00190151
LRRC15,THY1,0.716,1.27062e-05,0.00190151
KDELR3,NID2,0.716,1.27062e-05,0.00190151
DNM3OS,LOXL1,0.716,1.27062e-05,0.00190151
ABI1,PDE2A,-0.715,1.29643e-05,0.00192173
PTPLAD1,TSPAN31,0.715,1.29643e-05,0.00192173
ADAMTS9-AS2,FXYD1,0.715,1.29643e-05,0.00192173
CLDN5,FAT2,0.715,1.29643e-05,0.00192173
GPM6B,NR3C2,0.715,1.29643e-05,0.00192173
CTB-50L17.7,DDA1,0.715,1.29643e-05,0.00192173
ARFIP1,EZR,0.715,1.29643e-05,0.00192173
CCT2,LAPTM4B,0.715,1.29643e-05,0.00192173
COMMD10,RAB1A,0.715,1.29643e-05,0.00192173
RIOK3,UBE2N,0.715,1.29643e-05,0.00192173
CCDC3,PLAC9,0.715,1.29643e-05,0.00192173
CCL14,CLDN5,0.715,1.29643e-05,0.00192173
C1QTNF6,COL5A2,0.715,1.29643e-05,0.00192173
GJB2,OLFML2B,0.715,1.29643e-05,0.00192173
ARHGEF15,YWHAE,-0.715,1.32271e-05,0.00194096
PTX3,TF,0.715,1.32271e-05,0.00194096
ADAMTS9-AS2,MAMDC2,0.715,1.32271e-05,0.00194096
LMOD1,TRIM29,0.715,1.32271e-05,0.00194096
GNB1,UBE2N,0.715,1.32271e-05,0.00194096
LAMB3,MIA,0.715,1.32271e-05,0.00194096
KLHL29,TNXA,0.715,1.32271e-05,0.00194096
EDEM3,SP1,0.715,1.32271e-05,0.00194096
DICER1,KDM5B,0.715,1.32271e-05,0.00194096
RAB5A,SCOC,0.715,1.32271e-05,0.00194096
DCTN4,SRSF3,0.715,1.32271e-05,0.00194096
HSP90AB1,SP1,0.715,1.32271e-05,0.00194096
FNDC1,GXYLT2,0.715,1.32271e-05,0.00194096
C1QTNF6,THY1,0.715,1.32271e-05,0.00194096
CALU,MICAL2,0.715,1.32271e-05,0.00194096
GPIHBP1,SEPT2,-0.714,1.34946e-05,0.0019553
FMO2,TNXA,0.714,1.34946e-05,0.0019553
ABCA8,AKR1C2,0.714,1.34946e-05,0.0019553
KRT5,PROM1,0.714,1.34946e-05,0.0019553
C16orf13,CDC5L,0.714,1.34946e-05,0.0019553
CREB1,STIP1,0.714,1.34946e-05,0.0019553
LAPTM5,PLAUR,0.714,1.34946e-05,0.0019553
C2orf40,SOX10,0.714,1.34946e-05,0.0019553
DMD,DST,0.714,1.34946e-05,0.0019553
CREB1,DDA1,0.714,1.34946e-05,0.0019553
BGN,PRRX1,0.714,1.34946e-05,0.0019553
OSTC,POSTN,0.714,1.34946e-05,0.0019553
MIER3,PSMD10,0.714,1.34946e-05,0.0019553
LARP6,MFGE8,0.714,1.34946e-05,0.0019553
GNAI1,TF,0.714,1.34946e-05,0.0019553
EPT1,SAR1B,0.714,1.34946e-05,0.0019553
CLDN5,SOD3,0.714,1.34946e-05,0.0019553
COL6A1,MFAP2,0.714,1.34946e-05,0.0019553
C1QTNF3,COL5A1,0.714,1.34946e-05,0.0019553
BTNL9,PTX3,0.714,1.3767e-05,0.00198295
ENPP2,SAMD5,0.714,1.3767e-05,0.00198295
JAK1,UBE4B,0.714,1.3767e-05,0.00198295
TAB2,UBE2N,0.714,1.3767e-05,0.00198295
EZR,UBE2N,0.714,1.3767e-05,0.00198295
DCTD,UBE2N,0.714,1.3767e-05,0.00198295
CCT2,SAE1,0.714,1.3767e-05,0.00198295
MIER3,TMEM230,0.714,1.3767e-05,0.00198295
BRCC3,SP1,0.714,1.3767e-05,0.00198295
GPR146,LIPE,0.713,1.40443e-05,0.00200573
PAMR1,SAA1,0.713,1.40443e-05,0.00200573
AKR1C3,CFD,0.713,1.40443e-05,0.00200573
ARFIP1,EIF4A2,0.713,1.40443e-05,0.00200573
C2orf40,SAMD5,0.713,1.40443e-05,0.00200573
SRSF3,TMEM230,0.713,1.40443e-05,0.00200573
HNRNPF,RAB5A,0.713,1.40443e-05,0.00200573
CTNNA1,PRPF31,0.713,1.40443e-05,0.00200573
INMT,PALMD,0.713,1.40443e-05,0.00200573
CTHRC1,GREM1,0.713,1.40443e-05,0.00200573
C1QTNF6,FAP,0.713,1.40443e-05,0.00200573
CTGF,SERPINH1,0.713,1.40443e-05,0.00200573
COL3A1,SFRP2,0.713,1.40443e-05,0.00200573
FMO2,MEOX1,0.713,1.43267e-05,0.00202883
GPR160,MIA3,0.713,1.43267e-05,0.00202883
KLHL13,PLAC9,0.713,1.43267e-05,0.00202883
DNAJB1,TPD52,0.713,1.43267e-05,0.00202883
ASPN,TIMP3,0.713,1.43267e-05,0.00202883
NID2,PRRX1,0.713,1.43267e-05,0.00202883
PGRMC1,PSMD10,0.713,1.43267e-05,0.00202883
NIPBL,ZNF146,0.713,1.43267e-05,0.00202883
GFPT1,PPP2R5C,0.713,1.43267e-05,0.00202883
EDEM3,KDM5B,0.713,1.43267e-05,0.00202883
CDH11,GJB2,0.713,1.43267e-05,0.00202883
CTHRC1,SPOCK1,0.713,1.43267e-05,0.00202883
BGN,GJB2,0.713,1.43267e-05,0.00202883
KIT,KRT5,0.712,1.46141e-05,0.00205755
DDA1,RAD1,0.712,1.46141e-05,0.00205755
BRCC3,M6PR,0.712,1.46141e-05,0.00205755
CDC5L,CREB1,0.712,1.46141e-05,0.00205755
RAB5A,SCARB2,0.712,1.46141e-05,0.00205755
GDI2,SYPL1,0.712,1.46141e-05,0.00205755
C16orf72,PSMD10,0.712,1.46141e-05,0.00205755
UBE2N,UEVLD,0.712,1.46141e-05,0.00205755
BGN,THY1,0.712,1.46141e-05,0.00205755
ADH1C,FZD4,0.712,1.49066e-05,0.00208
DDX42,STIP1,0.712,1.49066e-05,0.00208
FMO2,PALMD,0.712,1.49066e-05,0.00208
CFD,KLHL13,0.712,1.49066e-05,0.00208
ANKRD12,ARHGDIB,0.712,1.49066e-05,0.00208
IGFBP6,RSPO3,0.712,1.49066e-05,0.00208
NAPA,SERINC3,0.712,1.49066e-05,0.00208
MATR3,UBE2N,0.712,1.49066e-05,0.00208
DCTD,LAMP1,0.712,1.49066e-05,0.00208
C16orf72,SEPT2,0.712,1.49066e-05,0.00208
PIGR,TNXA,0.712,1.49066e-05,0.00208
GPM6B,SYNM,0.712,1.49066e-05,0.00208
LOC441666,TP53AIP1,0.712,1.49066e-05,0.00208
COL12A1,RUNX2,0.712,1.49066e-05,0.00208
ALDH1A2,PLAC9,0.712,1.5002e-05,0.00209197
CYB5R3,TMEFF2,-0.711,1.52045e-05,0.00210013
FOXC1,ITGA7,0.711,1.52045e-05,0.00210013
C12orf75,CDC42EP5,0.711,1.52045e-05,0.00210013
ITGA7,SIK2,0.711,1.52045e-05,0.00210013
GNAI1,LMOD1,0.711,1.52045e-05,0.00210013
LRRN4CL,RGMA,0.711,1.52045e-05,0.00210013
ANGPT1,RBPMS2,0.711,1.52045e-05,0.00210013
COMMD10,STIP1,0.711,1.52045e-05,0.00210013
GLUL,PIK3C2A,0.711,1.52045e-05,0.00210013
EZR,TMEM230,0.711,1.52045e-05,0.00210013
ARF4,SAR1B,0.711,1.52045e-05,0.00210013
ALDH18A1,GALNT10,0.711,1.52045e-05,0.00210013
PLAUR,YWHAH,0.711,1.52045e-05,0.00210013
COL6A6,SOX10,0.711,1.52045e-05,0.00210013
FBN1,VCAN,0.711,1.52045e-05,0.00210013
CKAP5,DDA1,0.711,1.55076e-05,0.00213123
CD9,RAB1A,0.711,1.55076e-05,0.00213123
CTNNA1,LAPTM4B,0.711,1.55076e-05,0.00213123
ARFIP1,MRPL42,0.711,1.55076e-05,0.00213123
YIPF5,YWHAE,0.711,1.55076e-05,0.00213123
BAG2,COL6A1,0.711,1.55076e-05,0.00213123
COL5A2,SPOCK1,0.711,1.55076e-05,0.00213123
COL3A1,FNDC1,0.711,1.55076e-05,0.00213123
ALDH1A2,CHRDL1,0.71,1.5761e-05,0.00215469
BLVRA,TRIQK,-0.71,1.58162e-05,0.00215469
DDX42,UBE2M,0.71,1.58162e-05,0.00215469
DMD,RGMA,0.71,1.58162e-05,0.00215469
FRYL,NOLC1,0.71,1.58162e-05,0.00215469
DICER1,ZNF43,0.71,1.58162e-05,0.00215469
HSPD1,RHOA,0.71,1.58162e-05,0.00215469
CYB5R3,OAZ2,0.71,1.58162e-05,0.00215469
HSP90AB1,TSN,0.71,1.58162e-05,0.00215469
RELN,SOX10,0.71,1.58162e-05,0.00215469
EBF1,INMT,0.71,1.58162e-05,0.00215469
ABCA8,INMT,0.71,1.58162e-05,0.00215469
BTNL9,ROBO4,0.71,1.58162e-05,0.00215469
COL12A1,COL6A1,0.71,1.58162e-05,0.00215469
GPIHBP1,TSN,-0.71,1.61302e-05,0.0021893
MIR143HG,NES,0.71,1.61302e-05,0.0021893
CCT2,DNAJB1,0.71,1.61302e-05,0.0021893
M6PR,MAPRE1,0.71,1.61302e-05,0.0021893
PSMD10,YIPF5,0.71,1.61302e-05,0.0021893
AL833181,FZD4,0.71,1.61302e-05,0.0021893
ADAMTS9-AS2,KLHL13,0.709,1.64499e-05,0.00222303
PRPF31,STIP1,0.709,1.64499e-05,0.00222303
ECT2,ZNF595,0.709,1.64499e-05,0.00222303
ARF4,ASAP1,0.709,1.64499e-05,0.00222303
ALOX5AP,GNAI3,0.709,1.64499e-05,0.00222303
FNIP1,SPIN1,0.709,1.64499e-05,0.00222303
C1QTNF6,FBN1,0.709,1.64499e-05,0.00222303
MT1M,RARA,0.709,1.67752e-05,0.00225446
CFD,FMO2,0.709,1.67752e-05,0.00225446
CCDC3,LRRN4CL,0.709,1.67752e-05,0.00225446
CNN1,PID1,0.709,1.67752e-05,0.00225446
RAB1A,RAB5A,0.709,1.67752e-05,0.00225446
BRCC3,SCARB2,0.709,1.67752e-05,0.00225446
MIER3,SEPT2,0.709,1.67752e-05,0.00225446
DNAJB1,RAD21,0.709,1.67752e-05,0.00225446
ADAM12,COL12A1,0.709,1.67752e-05,0.00225446
AOC3,SCN4B,0.708,1.71062e-05,0.00227796
ADH1B,C2orf40,0.708,1.71062e-05,0.00227796
CCL14,SCN4B,0.708,1.71062e-05,0.00227796
C2orf40,ENPP2,0.708,1.71062e-05,0.00227796
MIA3,RNF115,0.708,1.71062e-05,0.00227796
MID1,RSPO3,0.708,1.71062e-05,0.00227796
FNIP1,MATR3,0.708,1.71062e-05,0.00227796
EDEM3,RNF115,0.708,1.71062e-05,0.00227796
CTGF,INHBA,0.708,1.71062e-05,0.00227796
CYB5R3,OSTC,0.708,1.71062e-05,0.00227796
SCOC,SYPL1,0.708,1.71062e-05,0.00227796
BRCC3,HSP90AB1,0.708,1.71062e-05,0.00227796
PSMD10,SEPT2,0.708,1.71062e-05,0.00227796
BAG2,C12orf75,0.708,1.71062e-05,0.00227796
COL6A1,LOXL1,0.708,1.71062e-05,0.00227796
ABI1,VWF,-0.708,1.74431e-05,0.00231297
GFPT1,TMX1,0.708,1.74431e-05,0.00231297
SERINC3,UBE2M,0.708,1.74431e-05,0.00231297
NES,SYNM,0.708,1.74431e-05,0.00231297
NID2,RUNX2,0.708,1.74431e-05,0.00231297
COL3A1,GJB2,0.708,1.74431e-05,0.00231297
BGN,MFAP2,0.708,1.74431e-05,0.00231297
ANKRD35,KLHL13,0.707,1.7786e-05,0.00234282
PDE2A,ROBO4,0.707,1.7786e-05,0.00234282
CAPN3,TNXA,0.707,1.7786e-05,0.00234282
IRX1,SFRP1,0.707,1.7786e-05,0.00234282
ARFIP1,GLUD2,0.707,1.7786e-05,0.00234282
RAB1A,YIPF5,0.707,1.7786e-05,0.00234282
CREB1,YIPF5,0.707,1.7786e-05,0.00234282
BRCC3,HNRNPF,0.707,1.7786e-05,0.00234282
DOPEY2,F11R,0.707,1.7786e-05,0.00234282
ADAMTS5,KLHL29,0.707,1.7786e-05,0.00234282
ADAM12,COL10A1,0.707,1.7786e-05,0.00234282
AOC3,TNXA,0.707,1.81349e-05,0.00236739
AL833181,NDRG2,0.707,1.81349e-05,0.00236739
BTNL9,RASIP1,0.707,1.81349e-05,0.00236739
HLA-DRA,PLAUR,0.707,1.81349e-05,0.00236739
IRX1,LAMB3,0.707,1.81349e-05,0.00236739
GNAI3,SEPT2,0.707,1.81349e-05,0.00236739
JAK1,OSTC,0.707,1.81349e-05,0.00236739
COMMD10,TSN,0.707,1.81349e-05,0.00236739
ABCA8,EDNRB,0.707,1.81349e-05,0.00236739
ASPN,C1QTNF3,0.707,1.81349e-05,0.00236739
BAG2,COL12A1,0.707,1.81349e-05,0.00236739
FNDC1,THY1,0.707,1.81349e-05,0.00236739
MICAL2,SERPINH1,0.707,1.81349e-05,0.00236739
BAG2,LOXL1,0.707,1.81349e-05,0.00236739
BGN,SFRP2,0.707,1.81349e-05,0.00236739
RAB5A,VWF,-0.706,1.84899e-05,0.00239658
EZR,GPIHBP1,-0.706,1.84899e-05,0.00239658
AOC3,PLAC9,0.706,1.84899e-05,0.00239658
CHRDL1,ITGA7,0.706,1.84899e-05,0.00239658
EBF1,RGMA,0.706,1.84899e-05,0.00239658
PSMD10,STIP1,0.706,1.84899e-05,0.00239658
PIGR,SYNM,0.706,1.84899e-05,0.00239658
ASAP1,PGRMC1,0.706,1.84899e-05,0.00239658
EIF4E,PSMD10,0.706,1.84899e-05,0.00239658
ADAMTS9,CHRDL1,0.706,1.84899e-05,0.00239658
C12orf75,OLFML2B,0.706,1.84899e-05,0.00239658
ASPN,NID2,0.706,1.84899e-05,0.00239658
C1QTNF3,MAPK13,-0.706,1.88511e-05,0.00241479
HN1,YIF1B,0.706,1.88511e-05,0.00241479
GFPT1,UBE2M,0.706,1.88511e-05,0.00241479
INMT,RGMA,0.706,1.88511e-05,0.00241479
ID4,TRIM29,0.706,1.88511e-05,0.00241479
DMD,EBF1,0.706,1.88511e-05,0.00241479
CLDN5,SAMD5,0.706,1.88511e-05,0.00241479
FAR1,RHOA,0.706,1.88511e-05,0.00241479
ALOX5AP,TRIM59,0.706,1.88511e-05,0.00241479
NREP,STK38,0.706,1.88511e-05,0.00241479
SRSF3,YIPF5,0.706,1.88511e-05,0.00241479
CCT2,SLC30A5,0.706,1.88511e-05,0.00241479
PBX1,USP21,0.706,1.88511e-05,0.00241479
ADAMTS9,TMEM100,0.706,1.88511e-05,0.00241479
EBF1,FXYD1,0.706,1.88511e-05,0.00241479
OLFML2B,PPAPDC1A,0.706,1.88511e-05,0.00241479
COL6A1,CTHRC1,0.706,1.88511e-05,0.00241479
BAG2,GXYLT2,0.706,1.88511e-05,0.00241479
COL10A1,COL5A2,0.706,1.88511e-05,0.00241479
ASPN,COL10A1,0.706,1.88511e-05,0.00241479
RAD1,VWF,-0.705,1.92187e-05,0.00244611
GDE1,VWF,-0.705,1.92187e-05,0.00244611
ADH1C,PTX3,0.705,1.92187e-05,0.00244611
CLDN5,ITGA7,0.705,1.92187e-05,0.00244611
NES,PPP1R14A,0.705,1.92187e-05,0.00244611
ASCC1,SAE1,0.705,1.92187e-05,0.00244611
LAPTM4B,TMEM230,0.705,1.92187e-05,0.00244611
PSMD10,SAR1B,0.705,1.92187e-05,0.00244611
CDC5L,CTB-50L17.7,0.705,1.92187e-05,0.00244611
DCTN4,UBE2N,0.705,1.92187e-05,0.00244611
SCARB2,TSN,0.705,1.92187e-05,0.00244611
CCL14,CD9,-0.705,1.95926e-05,0.00247499
ADH1C,INMT,0.705,1.95926e-05,0.00247499
BZW1,STIP1,0.705,1.95926e-05,0.00247499
FMO2,INMT,0.705,1.95926e-05,0.00247499
BTNL9,SCN4B,0.705,1.95926e-05,0.00247499
ABCA8,C2orf40,0.705,1.95926e-05,0.00247499
STIP1,TSN,0.705,1.95926e-05,0.00247499
CLIC4,THY1,0.705,1.95926e-05,0.00247499
BRCC3,NIPBL,0.705,1.95926e-05,0.00247499
CFL1,RAB1A,0.705,1.95926e-05,0.00247499
MID1,PLAC9,0.705,1.95926e-05,0.00247499
COL10A1,MFAP2,0.705,1.95926e-05,0.00247499
POSTN,THY1,0.705,1.95926e-05,0.00247499
NDRG2,SCN4B,0.704,1.99731e-05,0.00250426
F11R,TMEM9,0.704,1.99731e-05,0.00250426
DICER1,SPIN1,0.704,1.99731e-05,0.00250426
ABCA8,BTNL9,0.704,1.99731e-05,0.00250426
ADRB2,CAPN3,0.704,1.99731e-05,0.00250426
GLUD2,SEPT2,0.704,1.99731e-05,0.00250426
COL5A1,TIMP3,0.704,1.99731e-05,0.00250426
DCTN4,MRPL42,0.704,1.99731e-05,0.00250426
ARFIP1,RAD1,0.704,1.99731e-05,0.00250426
ARPC5,DCTD,0.704,1.99731e-05,0.00250426
CAPRIN1,UEVLD,0.704,1.99731e-05,0.00250426
C2orf40,FAT2,0.704,1.99731e-05,0.00250426
ENPP2,PEAR1,0.704,1.99731e-05,0.00250426
AKR1C2,CLDN5,0.704,2.03601e-05,0.0025368
ADAMTS9,RGMA,0.704,2.03601e-05,0.0025368
ABCA8,DMD,0.704,2.03601e-05,0.0025368
BTNL9,INMT,0.704,2.03601e-05,0.0025368
GJB2,PRRX1,0.704,2.03601e-05,0.0025368
THY1,TIMP3,0.704,2.03601e-05,0.0025368
COMMD10,UBE2N,0.704,2.03601e-05,0.0025368
DCTD,TSN,0.704,2.03601e-05,0.0025368
PIK3C2A,RAD1,0.704,2.03601e-05,0.0025368
IGFBP6,PLAC9,0.704,2.03601e-05,0.0025368
ADAM12,FN1,0.704,2.03601e-05,0.0025368
HCAR3,TNPO1,0.703,2.07539e-05,0.00257852
MAMDC2,TRIM29,0.703,2.07539e-05,0.00257852
DMD,TNXA,0.703,2.07539e-05,0.00257852
FNIP1,LOC101928189,0.703,2.07539e-05,0.00257852
ADAM12,DNM3OS,0.703,2.07539e-05,0.00257852
CCT2,DDX42,0.703,2.11545e-05,0.00260462
DICER1,GLUL,0.703,2.11545e-05,0.00260462
APPL2,PLAC9,0.703,2.11545e-05,0.00260462
SERINC3,TMEM9,0.703,2.11545e-05,0.00260462
ABCA8,SAMD5,0.703,2.11545e-05,0.00260462
MAMDC2,SFRP1,0.703,2.11545e-05,0.00260462
GLUD2,SCARB2,0.703,2.11545e-05,0.00260462
M6PR,SLC30A5,0.703,2.11545e-05,0.00260462
ADAM12,NREP,0.703,2.11545e-05,0.00260462
ANKH,CALU,0.703,2.11545e-05,0.00260462
RIOK3,TPD52,0.703,2.11545e-05,0.00260462
G0S2,RBP4,0.703,2.11545e-05,0.00260462
ADIPOQ,GPX3,0.703,2.11545e-05,0.00260462
ENPP2,IGFBP6,0.703,2.11545e-05,0.00260462
ABCA8,SFRP1,0.703,2.11545e-05,0.00260462
FBN1,FN1,0.703,2.11545e-05,0.00260462
ADAMTS9-AS2,CDC42EP5,0.702,2.1562e-05,0.00263994
ADAMTS9-AS2,MEOX1,0.702,2.1562e-05,0.00263994
ADAMTS9-AS2,MID1,0.702,2.1562e-05,0.00263994
LRRN4CL,PID1,0.702,2.1562e-05,0.00263994
FAT2,PIGR,0.702,2.1562e-05,0.00263994
ARF4,NREP,0.702,2.1562e-05,0.00263994
CLIC4,MIER3,0.702,2.1562e-05,0.00263994
ADAMTS9,FXYD1,0.702,2.1562e-05,0.00263994
COL5A2,CTGF,0.702,2.1562e-05,0.00263994
RUNX2,VCAN,0.702,2.1562e-05,0.00263994
ADRB2,DSG2,-0.702,2.19765e-05,0.00267572
DDX42,RAB5A,0.702,2.19765e-05,0.00267572
ADAMTS9-AS2,KRT5,0.702,2.19765e-05,0.00267572
BTNL9,FABP4,0.702,2.19765e-05,0.00267572
ARFIP1,CD46,0.702,2.19765e-05,0.00267572
COMMD10,EZR,0.702,2.19765e-05,0.00267572
EZR,SCARB2,0.702,2.19765e-05,0.00267572
CCT2,RHOA,0.702,2.19765e-05,0.00267572
FAM189A2,PRMT6,0.702,2.19765e-05,0.00267572
KLHL29,PID1,0.702,2.19765e-05,0.00267572
DPY19L2P2,FKBP14,-0.701,2.23982e-05,0.00270001
ANKRD29,MIR143HG,0.701,2.23982e-05,0.00270001
SYPL1,TSPAN31,0.701,2.23982e-05,0.00270001
SCN4B,SEMA3G,0.701,2.23982e-05,0.00270001
GPM6B,HSPB2,0.701,2.23982e-05,0.00270001
TTPAL,UEVLD,0.701,2.23982e-05,0.00270001
LOC101928189,UBE4B,0.701,2.23982e-05,0.00270001
FNDC1,TRIM59,0.701,2.23982e-05,0.00270001
JAK1,LOXL1,0.701,2.23982e-05,0.00270001
CYB5R3,PRRX1,0.701,2.23982e-05,0.00270001
C16orf72,GDI2,0.701,2.23982e-05,0.00270001
ARPC5,CDC5L,0.701,2.23982e-05,0.00270001
ARPC5,RAD1,0.701,2.23982e-05,0.00270001
SAE1,TMEM230,0.701,2.23982e-05,0.00270001
CD46,FUS,0.701,2.23982e-05,0.00270001
GREM1,PPAPDC1A,0.701,2.23982e-05,0.00270001
FAP,SFRP2,0.701,2.23982e-05,0.00270001
CTHRC1,FN1,0.701,2.23982e-05,0.00270001
PDE9A,PIGR,0.701,2.28271e-05,0.00273964
AKR1C2,AKR1C3,0.701,2.28271e-05,0.00273964
BZW1,MAPRE1,0.701,2.28271e-05,0.00273964
ID4,MIR143HG,0.701,2.28271e-05,0.00273964
ADAMTS9-AS2,TRIM29,0.701,2.28271e-05,0.00273964
DDA1,RAB1A,0.701,2.28271e-05,0.00273964
ASCC1,RAB1A,0.701,2.28271e-05,0.00273964
LAPTM4B,SEPT2,0.701,2.28271e-05,0.00273964
GPR146,NOLC1,-0.7,2.32633e-05,0.00277071
ADH1B,CCL14,0.7,2.32633e-05,0.00277071
CHRDL1,RASIP1,0.7,2.32633e-05,0.00277071
DDX42,TTPAL,0.7,2.32633e-05,0.00277071
CD46,MIA3,0.7,2.32633e-05,0.00277071
SFRP1,TRIM29,0.7,2.32633e-05,0.00277071
CDC5L,TMEM50B,0.7,2.32633e-05,0.00277071
DDA1,UEVLD,0.7,2.32633e-05,0.00277071
BRCC3,CREB1,0.7,2.32633e-05,0.00277071
RAB5A,RIOK3,0.7,2.32633e-05,0.00277071
MAPRE1,TMEM230,0.7,2.32633e-05,0.00277071
CFL1,SEPT2,0.7,2.32633e-05,0.00277071
EDNRB,ENPP2,0.7,2.32633e-05,0.00277071
FAP,FKBP14,0.7,2.32633e-05,0.00277071
MAMDC2,RGMA,0.7,2.3707e-05,0.00281284
LAMB3,PROM1,0.7,2.3707e-05,0.00281284
C1S,CFL1,0.7,2.3707e-05,0.00281284
CCT2,LAMP1,0.7,2.3707e-05,0.00281284
RHOB,YWHAE,0.7,2.3707e-05,0.00281284
HNRNPF,PIK3C2A,0.7,2.3707e-05,0.00281284
ADAMTS9,SOD3,0.7,2.3707e-05,0.00281284
CAPN3,CSNK1A1,-0.7,2.41582e-05,0.00284631
DDX42,SRSF3,0.7,2.41582e-05,0.00284631
LRRN4CL,ZBTB16,0.7,2.41582e-05,0.00284631
NES,RASIP1,0.7,2.41582e-05,0.00284631
HSPB2,PAMR1,0.7,2.41582e-05,0.00284631
ARPC5,SAE1,0.7,2.41582e-05,0.00284631
RAPGEF3,RASIP1,0.7,2.41582e-05,0.00284631
ADAMTS9,PEAR1,0.7,2.41582e-05,0.00284631
ADAMTS9,CDC42EP5,0.7,2.41582e-05,0.00284631
AGPAT9,TMEM100,0.7,2.41582e-05,0.00284631
LMOD1,PALMD,0.7,2.41582e-05,0.00284631
EDEM3,LOC100190986,0.7,2.41582e-05,0.00284631
GREM1,SPOCK1,0.7,2.41582e-05,0.00284631
FOLR1,SOX10,0.699,2.43066e-05,0.00286225
BGN,FBP1,-0.699,2.46171e-05,0.00287714
CAPN3,DSG2,-0.699,2.46171e-05,0.00287714
DDX42,DNAJB1,0.699,2.46171e-05,0.00287714
ATP6V1A,CD46,0.699,2.46171e-05,0.00287714
ADAMTS9-AS2,LOC100506558,0.699,2.46171e-05,0.00287714
APPL2,MIR143HG,0.699,2.46171e-05,0.00287714
RNF150,SPHKAP,0.699,2.46171e-05,0.00287714
C1S,ENTPD1,0.699,2.46171e-05,0.00287714
COL3A1,PRRX1,0.699,2.46171e-05,0.00287714
BRCC3,TSN,0.699,2.46171e-05,0.00287714
CDC5L,SYPL1,0.699,2.46171e-05,0.00287714
CHRDL1,IGSF10,0.699,2.46171e-05,0.00287714
ASPN,RUNX2,0.699,2.46171e-05,0.00287714
COL10A1,RUNX2,0.699,2.46171e-05,0.00287714
ITGA7,NPR1,0.699,2.50838e-05,0.00291766
GABRP,TRIM29,0.699,2.50838e-05,0.00291766
SLC30A5,TAB2,0.699,2.50838e-05,0.00291766
COMMD10,RAB5A,0.699,2.50838e-05,0.00291766
DCTN4,RRM1,0.699,2.50838e-05,0.00291766
RAB5A,RRM1,0.699,2.50838e-05,0.00291766
CAPRIN1,MRPL42,0.699,2.50838e-05,0.00291766
CREB1,PPP1R11,0.699,2.50838e-05,0.00291766
FAR1,ZFP36L2,0.699,2.50838e-05,0.00291766
EDNRB,ITGA7,0.698,2.55584e-05,0.00296027
ADAMTS9-AS2,APPL2,0.698,2.55584e-05,0.00296027
RNF115,TMEM9,0.698,2.55584e-05,0.00296027
AGPAT9,RRAGD,0.698,2.55584e-05,0.00296027
SEPT2,TMX1,0.698,2.55584e-05,0.00296027
B3GNT2,YWHAH,0.698,2.55584e-05,0.00296027
BRCC3,CDC5L,0.698,2.55584e-05,0.00296027
ASPN,BGN,0.698,2.55584e-05,0.00296027
COL3A1,RP1-193H18.2,0.698,2.60411e-05,0.00299398
INMT,SCN4B,0.698,2.60411e-05,0.00299398
MAMDC2,PPP1R14A,0.698,2.60411e-05,0.00299398
HSPB2,PID1,0.698,2.60411e-05,0.00299398
GOLGA7,LAPTM4B,0.698,2.60411e-05,0.00299398
FKBP14,PRRX1,0.698,2.60411e-05,0.00299398
C1S,JAK1,0.698,2.60411e-05,0.00299398
UEVLD,YWHAE,0.698,2.60411e-05,0.00299398
DICER1,LARP4B,0.698,2.60411e-05,0.00299398
CD9,SLC35A3,0.698,2.60411e-05,0.00299398
PPP1R14A,SYNPO2,0.698,2.60411e-05,0.00299398
CILP,EBF1,0.698,2.60411e-05,0.00299398
FRYL,KDM5B,0.698,2.60411e-05,0.00299398
COMP,PPAPDC1A,0.698,2.60411e-05,0.00299398
NCALD,NUDT7,0.697,2.65318e-05,0.00303605
ANKRD29,PTX3,0.697,2.65318e-05,0.00303605
CPA3,LRRN4CL,0.697,2.65318e-05,0.00303605
CES1,CRYAB,0.697,2.65318e-05,0.00303605
GDE1,RHOA,0.697,2.65318e-05,0.00303605
C1S,FBN1,0.697,2.65318e-05,0.00303605
CFL1,TSN,0.697,2.65318e-05,0.00303605
FAR1,LYPLA1,0.697,2.65318e-05,0.00303605
IGF1R,TTPAL,0.697,2.65318e-05,0.00303605
C12orf75,GPR160,-0.697,2.70309e-05,0.00306431
DDA1,TMX1,0.697,2.70309e-05,0.00306431
LYPLA1,YWHAZ,0.697,2.70309e-05,0.00306431
FXYD1,SCN4B,0.697,2.70309e-05,0.00306431
ATP6V1A,TPD52,0.697,2.70309e-05,0.00306431
LINC00086,PTCHD1,0.697,2.70309e-05,0.00306431
EDNRB,ROBO4,0.697,2.70309e-05,0.00306431
C16orf72,MATR3,0.697,2.70309e-05,0.00306431
EDEM3,FNIP1,0.697,2.70309e-05,0.00306431
FAR1,RHOB,0.697,2.70309e-05,0.00306431
GXYLT2,NREP,0.697,2.70309e-05,0.00306431
RAB5A,RHOB,0.697,2.70309e-05,0.00306431
GDE1,LAPTM4B,0.697,2.70309e-05,0.00306431
EDNRB,LOC100506558,0.697,2.70309e-05,0.00306431
FNDC1,VCAN,0.697,2.70309e-05,0.00306431
COL3A1,FKBP14,0.697,2.70309e-05,0.00306431
BGN,FN1,0.697,2.70309e-05,0.00306431
MFAP2,POSTN,0.697,2.70309e-05,0.00306431
MIA3,MS4A7,-0.696,2.75383e-05,0.00309935
ENC1,KLF15,-0.696,2.75383e-05,0.00309935
FZD4,ROBO4,0.696,2.75383e-05,0.00309935
CLDN5,ROBO4,0.696,2.75383e-05,0.00309935
FXYD1,ITIH5,0.696,2.75383e-05,0.00309935
DDA1,GFPT1,0.696,2.75383e-05,0.00309935
KIT,TRIM29,0.696,2.75383e-05,0.00309935
ARPC5,EZR,0.696,2.75383e-05,0.00309935
CDC5L,RAB5A,0.696,2.75383e-05,0.00309935
SYPL1,YWHAE,0.696,2.75383e-05,0.00309935
IRX1,MFGE8,0.696,2.75383e-05,0.00309935
CDC42EP5,CILP,0.696,2.75383e-05,0.00309935
LMOD1,PLAC9,0.696,2.75383e-05,0.00309935
COL5A1,DNM3OS,0.696,2.75383e-05,0.00309935
ADAMTS9-AS2,NDRG2,0.696,2.80543e-05,0.00313324
MIR143HG,PALMD,0.696,2.80543e-05,0.00313324
ABCA8,ADAMTS9-AS2,0.696,2.80543e-05,0.00313324
ROBO4,SEMA3G,0.696,2.80543e-05,0.00313324
DDA1,TMEM230,0.696,2.80543e-05,0.00313324
PGRMC1,RAB1A,0.696,2.80543e-05,0.00313324
PSMD10,SAE1,0.696,2.80543e-05,0.00313324
UBE4B,ZNF146,0.696,2.80543e-05,0.00313324
CCT2,GOLGA7,0.696,2.80543e-05,0.00313324
IGFBP6,SFRP1,0.696,2.80543e-05,0.00313324
COL8A2,FKBP14,0.696,2.80543e-05,0.00313324
COL5A2,THY1,0.696,2.80543e-05,0.00313324
BGN,COL6A1,0.696,2.80543e-05,0.00313324
CALU,OLFML2B,0.696,2.80543e-05,0.00313324
FKBP14,FN1,0.696,2.80543e-05,0.00313324
ALDH1A2,KLHL13,0.695,2.8487e-05,0.00316757
NAPA,PSENEN,0.695,2.85788e-05,0.00316757
ADAMTS9,GPM6B,0.695,2.85788e-05,0.00316757
C16orf13,UBE2M,0.695,2.85788e-05,0.00316757
DMD,KRT5,0.695,2.85788e-05,0.00316757
CLIC4,GOLGA7,0.695,2.85788e-05,0.00316757
LYPLA1,PSMD10,0.695,2.85788e-05,0.00316757
CAPRIN1,M6PR,0.695,2.85788e-05,0.00316757
CTHRC1,INHBA,0.695,2.85788e-05,0.00316757
NIPBL,SCARB2,0.695,2.85788e-05,0.00316757
CTB-50L17.7,RHOA,0.695,2.85788e-05,0.00316757
HSP90AB1,PSMD10,0.695,2.85788e-05,0.00316757
SRSF3,ZNF146,0.695,2.85788e-05,0.00316757
CD9,M6PR,0.695,2.85788e-05,0.00316757
FN1,SERPINH1,0.695,2.85788e-05,0.00316757
PTP4A1,SAR1B,0.695,2.91122e-05,0.00321528
ADAMTS9-AS2,PPP1R14A,0.695,2.91122e-05,0.00321528
ADAMTS9,ADAMTS9-AS2,0.695,2.91122e-05,0.00321528
RGMA,SOD3,0.695,2.91122e-05,0.00321528
DMD,ENPP2,0.695,2.91122e-05,0.00321528
OCIAD1,RAB5A,0.695,2.91122e-05,0.00321528
FOXA1,TMEM50B,0.695,2.91122e-05,0.00321528
FBP1,WNT5A,-0.694,2.96544e-05,0.00325218
DICER1,NIPBL,0.694,2.96544e-05,0.00325218
GFPT1,UBE2N,0.694,2.96544e-05,0.00325218
MAMDC2,PLAC9,0.694,2.96544e-05,0.00325218
ETNK1,TTPAL,0.694,2.96544e-05,0.00325218
CFL1,STIP1,0.694,2.96544e-05,0.00325218
DSG2,RAB5A,0.694,2.96544e-05,0.00325218
CDH11,NREP,0.694,2.96544e-05,0.00325218
ARF4,TMEM230,0.694,2.96544e-05,0.00325218
CCT2,ZNF146,0.694,2.96544e-05,0.00325218
HSPB2,MFGE8,0.694,2.96544e-05,0.00325218
GABRP,HSPB2,0.694,2.96544e-05,0.00325218
PLIN4,RBP4,0.694,2.96544e-05,0.00325218
FBN1,SFRP2,0.694,2.96544e-05,0.00325218
CSNK1A1,MATR3,0.694,3.02056e-05,0.00330436
STIP1,TMEM230,0.694,3.02056e-05,0.00330436
EZR,MIER3,0.694,3.02056e-05,0.00330436
LRRC15,RUNX1-IT1,0.694,3.02056e-05,0.00330436
COL3A1,DNM3OS,0.694,3.02056e-05,0.00330436
HCAR3,PTPRZ1,0.693,3.0766e-05,0.00335058
ALYREF,BZW1,0.693,3.0766e-05,0.00335058
C2orf40,EBF1,0.693,3.0766e-05,0.00335058
ADAMTS9-AS2,C2orf40,0.693,3.0766e-05,0.00335058
HSP90AB1,LAPTM4B,0.693,3.0766e-05,0.00335058
LRRC15,TRIM59,0.693,3.0766e-05,0.00335058
OXTR,SYNM,0.693,3.0766e-05,0.00335058
GLUL,RNF115,0.693,3.0766e-05,0.00335058
COL3A1,COL6A1,0.693,3.0766e-05,0.00335058
CD9,TNXA,-0.693,3.13356e-05,0.00338733
CD36,TNXA,0.693,3.13356e-05,0.00338733
CSNK1A1,RIOK3,0.693,3.13356e-05,0.00338733
MATR3,SLC33A1,0.693,3.13356e-05,0.00338733
EDNRB,PAMR1,0.693,3.13356e-05,0.00338733
HLA-DRA,YWHAH,0.693,3.13356e-05,0.00338733
MATR3,MIER3,0.693,3.13356e-05,0.00338733
PIK3C2A,TTPAL,0.693,3.13356e-05,0.00338733
SCARB2,ZFP36L2,0.693,3.13356e-05,0.00338733
LAPTM4B,UEVLD,0.693,3.13356e-05,0.00338733
PLAUR,TIMP3,0.693,3.13356e-05,0.00338733
PPP1R14A,SIK2,0.693,3.13356e-05,0.00338733
MEOX1,PEAR1,0.693,3.13356e-05,0.00338733
ADAMTS5,IGFBP6,0.693,3.13356e-05,0.00338733
DNM3OS,VCAN,0.693,3.13356e-05,0.00338733
DICER1,PIK3C2A,0.692,3.19147e-05,0.00343297
DDX42,LYPLA1,0.692,3.19147e-05,0.00343297
BZW1,RAB14,0.692,3.19147e-05,0.00343297
DDX42,SLC30A5,0.692,3.19147e-05,0.00343297
EDNRB,SAMD5,0.692,3.19147e-05,0.00343297
RIOK3,STIP1,0.692,3.19147e-05,0.00343297
KIT,KRT14,0.692,3.19147e-05,0.00343297
LAMB3,SYNM,0.692,3.19147e-05,0.00343297
CALU,GREM1,0.692,3.19147e-05,0.00343297
BGN,POSTN,0.692,3.19147e-05,0.00343297
OCIAD1,TSPAN31,0.692,3.25034e-05,0.00347748
CLDN5,RGMA,0.692,3.25034e-05,0.00347748
ANKRD35,LMOD1,0.692,3.25034e-05,0.00347748
SCN4B,SYNM,0.692,3.25034e-05,0.00347748
CFD,PLAC9,0.692,3.25034e-05,0.00347748
OSTC,STK38,0.692,3.25034e-05,0.00347748
ARF4,PGRMC1,0.692,3.25034e-05,0.00347748
FIGF,LYVE1,0.692,3.25034e-05,0.00347748
GJB2,THY1,0.692,3.25034e-05,0.00347748
BGN,RP3-428L16.2,0.692,3.25034e-05,0.00347748
COL10A1,POSTN,0.692,3.25034e-05,0.00347748
INMT,VWF,0.691,3.31017e-05,0.00352083
ALOX5AP,ENTPD1,0.691,3.31017e-05,0.00352083
MATR3,SLC30A5,0.691,3.31017e-05,0.00352083
FAR1,MIER3,0.691,3.31017e-05,0.00352083
UBE2N,WAPAL,0.691,3.31017e-05,0.00352083
GJB2,INHBA,0.691,3.31017e-05,0.00352083
FUS,LOC441259,0.691,3.31017e-05,0.00352083
PLAUR,TRIM59,0.691,3.31017e-05,0.00352083
CFL1,MRPL42,0.691,3.31017e-05,0.00352083
RHOA,SEPT2,0.691,3.31017e-05,0.00352083
LRRC15,OLFML2B,0.691,3.31017e-05,0.00352083
CTGF,KDELR3,0.691,3.31017e-05,0.00352083
GNAL,MFGE8,0.691,3.37098e-05,0.00355441
KCTD5,SLC33A1,0.691,3.37098e-05,0.00355441
CDC42EP5,MIR143HG,0.691,3.37098e-05,0.00355441
FAM189A2,NCALD,0.691,3.37098e-05,0.00355441
MIA,PAMR1,0.691,3.37098e-05,0.00355441
LRRN4CL,MEOX1,0.691,3.37098e-05,0.00355441
DMD,SFRP1,0.691,3.37098e-05,0.00355441
RRM1,TMEM50B,0.691,3.37098e-05,0.00355441
ARPC5,CYB5R3,0.691,3.37098e-05,0.00355441
CDC5L,MRPL42,0.691,3.37098e-05,0.00355441
PRPF31,TMEM230,0.691,3.37098e-05,0.00355441
GDI2,TSN,0.691,3.37098e-05,0.00355441
HSP90AB1,TMEM230,0.691,3.37098e-05,0.00355441
ARF4,CFL1,0.691,3.37098e-05,0.00355441
CDC5L,PSMD10,0.691,3.37098e-05,0.00355441
ENTPD1,LCP1,0.691,3.37098e-05,0.00355441
CDC42EP5,EBF1,0.691,3.37098e-05,0.00355441
FKBP14,SPOCK1,0.691,3.37098e-05,0.00355441
PIK3C2A,SLIT3,-0.69,3.4328e-05,0.00359189
AQP7,CD300LG,0.69,3.4328e-05,0.00359189
ADAM12,LARP6,0.69,3.4328e-05,0.00359189
KLHL29,LEPREL1,0.69,3.4328e-05,0.00359189
ADAMTS9-AS2,SFRP1,0.69,3.4328e-05,0.00359189
CD9,SELT,0.69,3.4328e-05,0.00359189
CCDC3,DMD,0.69,3.4328e-05,0.00359189
ITIH5,PEAR1,0.69,3.4328e-05,0.00359189
GNAI3,OSTC,0.69,3.4328e-05,0.00359189
CDC5L,COMMD10,0.69,3.4328e-05,0.00359189
CREB1,OCIAD1,0.69,3.4328e-05,0.00359189
EIF4E,RHOA,0.69,3.4328e-05,0.00359189
ARFIP1,PSMD10,0.69,3.4328e-05,0.00359189
SP1,UEVLD,0.69,3.4328e-05,0.00359189
C1QTNF3,FKBP14,0.69,3.4328e-05,0.00359189
ASPN,PPAPDC1A,0.69,3.4328e-05,0.00359189
ATP6V1A,TMX1,0.69,3.49562e-05,0.0036489
TMEM245,TPD52,0.69,3.49562e-05,0.0036489
C1QTNF3,COMP,0.69,3.49562e-05,0.0036489
BAG2,CPA3,0.69,3.49562e-05,0.0036489
C1QTNF6,POSTN,0.69,3.49562e-05,0.0036489
CRIP2,ZBTB16,-0.689,3.55947e-05,0.00369265
COL12A1,RAB31,0.689,3.55947e-05,0.00369265
SFRP2,XPNPEP1,0.689,3.55947e-05,0.00369265
CSNK1A1,MIER3,0.689,3.55947e-05,0.00369265
ASAP1,STK38,0.689,3.55947e-05,0.00369265
LINC00086,PTX3,0.689,3.55947e-05,0.00369265
CNN1,LMOD1,0.689,3.55947e-05,0.00369265
DCTD,STIP1,0.689,3.55947e-05,0.00369265
LAPTM4B,UBE2N,0.689,3.55947e-05,0.00369265
RAB5A,ZNF146,0.689,3.55947e-05,0.00369265
ENPP2,PID1,0.689,3.55947e-05,0.00369265
LMOD1,SFRP1,0.689,3.55947e-05,0.00369265
CALU,KDELR3,0.689,3.55947e-05,0.00369265
ANGPT1,CNTNAP3,-0.689,3.62436e-05,0.00373517
CAPN3,RGMA,0.689,3.62436e-05,0.00373517
ATP6V1A,NAPA,0.689,3.62436e-05,0.00373517
MATR3,UEVLD,0.689,3.62436e-05,0.00373517
ANKH,LRRC15,0.689,3.62436e-05,0.00373517
DCTN4,EIF4E,0.689,3.62436e-05,0.00373517
RHOA,SRSF3,0.689,3.62436e-05,0.00373517
GDI2,SEPT2,0.689,3.62436e-05,0.00373517
ARPC5,ZNF146,0.689,3.62436e-05,0.00373517
GPIHBP1,GPR146,0.689,3.62436e-05,0.00373517
HSPB2,MAMDC2,0.689,3.62436e-05,0.00373517
PTPRZ1,SAA2-SAA4,0.689,3.62436e-05,0.00373517
COL12A1,TNFRSF19,0.689,3.62436e-05,0.00373517
ASPN,SERPINH1,0.689,3.62436e-05,0.00373517
LOC100190986,VWF,-0.688,3.6903e-05,0.00377645
CDC42EP5,GHR,0.688,3.6903e-05,0.00377645
CKAP5,OAZ2,0.688,3.6903e-05,0.00377645
ALYREF,C16orf13,0.688,3.6903e-05,0.00377645
CRYAB,PID1,0.688,3.6903e-05,0.00377645
HSPB2,PPP1R14A,0.688,3.6903e-05,0.00377645
EIF4A2,UBE2N,0.688,3.6903e-05,0.00377645
FRYL,UBE4B,0.688,3.6903e-05,0.00377645
NDRG2,TRIM29,0.688,3.6903e-05,0.00377645
CTNNA1,M6PR,0.688,3.6903e-05,0.00377645
COL10A1,FAP,0.688,3.6903e-05,0.00377645
COL12A1,MFAP2,0.688,3.6903e-05,0.00377645
ADAM12,ASPN,0.688,3.6903e-05,0.00377645
BGN,TNFRSF19,0.688,3.6903e-05,0.00377645
FN1,OLFML2B,0.688,3.6903e-05,0.00377645
ADAMTS9-AS2,ALDH1A2,0.688,3.74572e-05,0.00382535
C1QTNF6,LARP6,0.688,3.75732e-05,0.00382535
DDX42,OCIAD1,0.688,3.75732e-05,0.00382535
CTNNA1,GFPT1,0.688,3.75732e-05,0.00382535
ARFGEF1,LIG4,0.688,3.75732e-05,0.00382535
CRYAB,NDRG2,0.688,3.75732e-05,0.00382535
SAR1B,SLC30A5,0.688,3.75732e-05,0.00382535
CREB1,MRPL42,0.688,3.75732e-05,0.00382535
CREB1,PIK3C2A,0.688,3.75732e-05,0.00382535
CRYAB,LAMB3,0.688,3.75732e-05,0.00382535
C12orf75,COL5A2,0.688,3.75732e-05,0.00382535
ADH1C,ALDH1A2,0.687,3.81364e-05,0.00387665
ALDH1L1,C1orf213,0.687,3.82542e-05,0.00387665
FAT2,PPP1R14A,0.687,3.82542e-05,0.00387665
PALMD,TNXA,0.687,3.82542e-05,0.00387665
CHRDL1,SAMD5,0.687,3.82542e-05,0.00387665
ARFIP1,CD9,0.687,3.82542e-05,0.00387665
M6PR,PRPF31,0.687,3.82542e-05,0.00387665
CREB1,SCARB2,0.687,3.82542e-05,0.00387665
HSP90AB1,SRSF3,0.687,3.82542e-05,0.00387665
C2orf40,PAMR1,0.687,3.82542e-05,0.00387665
MEOX1,SCN4B,0.687,3.89462e-05,0.0039322
F2RL2,MEOX1,0.687,3.89462e-05,0.0039322
BRCC3,EDEM3,0.687,3.89462e-05,0.0039322
C2orf40,PIGR,0.687,3.89462e-05,0.0039322
ARF4,GDE1,0.687,3.89462e-05,0.0039322
MRPL42,RAB1A,0.687,3.89462e-05,0.0039322
OCIAD1,PPP1R11,0.687,3.89462e-05,0.0039322
GLUL,SERINC3,0.687,3.89462e-05,0.0039322
C12orf75,LRIF1,-0.686,3.96494e-05,0.00397386
COL6A6,FAM162B,0.686,3.96494e-05,0.00397386
MUC1,PBX1,0.686,3.96494e-05,0.00397386
FOXC1,RGMA,0.686,3.96494e-05,0.00397386
CNN1,SFRP1,0.686,3.96494e-05,0.00397386
CFD,PEAR1,0.686,3.96494e-05,0.00397386
GNAI3,LAPTM5,0.686,3.96494e-05,0.00397386
KLHL13,OXTR,0.686,3.96494e-05,0.00397386
COMMD10,TMX1,0.686,3.96494e-05,0.00397386
ADAM12,TIMP3,0.686,3.96494e-05,0.00397386
BRCC3,MAPRE1,0.686,3.96494e-05,0.00397386
C16orf72,CREB1,0.686,3.96494e-05,0.00397386
GFPT1,SELT,0.686,3.96494e-05,0.00397386
ENTPD1,LAPTM5,0.686,3.96494e-05,0.00397386
FNDC1,NID2,0.686,3.96494e-05,0.00397386
COL5A1,MICAL2,0.686,3.96494e-05,0.00397386
CD9,SOD3,-0.686,4.03639e-05,0.00400511
FAR1,SGPL1,-0.686,4.03639e-05,0.00400511
GNAI1,SCN4B,0.686,4.03639e-05,0.00400511
ANKRD29,MEOX1,0.686,4.03639e-05,0.00400511
CCDC3,RGMA,0.686,4.03639e-05,0.00400511
ENPP2,SCN4B,0.686,4.03639e-05,0.00400511
GNB1,RIOK3,0.686,4.03639e-05,0.00400511
CCDC3,FOXC1,0.686,4.03639e-05,0.00400511
DMD,PID1,0.686,4.03639e-05,0.00400511
PIGR,TRIM29,0.686,4.03639e-05,0.00400511
MAPRE1,SAR1B,0.686,4.03639e-05,0.00400511
NREP,TIMP3,0.686,4.03639e-05,0.00400511
DCTN4,SCARB2,0.686,4.03639e-05,0.00400511
BRCC3,UBE2N,0.686,4.03639e-05,0.00400511
CTNNA1,MAPRE1,0.686,4.03639e-05,0.00400511
DCTN4,RHOA,0.686,4.03639e-05,0.00400511
RAB1A,SAE1,0.686,4.03639e-05,0.00400511
TAB2,WAPAL,0.686,4.03639e-05,0.00400511
SERINC3,TTPAL,0.686,4.03639e-05,0.00400511
HIP1,TBC1D9,0.686,4.03639e-05,0.00400511
KDELR3,SERPINH1,0.686,4.03639e-05,0.00400511
LOXL1,VCAN,0.686,4.03639e-05,0.00400511
ADRB2,CSNK1A1,-0.685,4.10899e-05,0.00404777
BZW1,CD9,0.685,4.10899e-05,0.00404777
GDE1,TNFRSF12A,0.685,4.10899e-05,0.00404777
SCN4B,SFRP1,0.685,4.10899e-05,0.00404777
CD46,POGK,0.685,4.10899e-05,0.00404777
C16orf13,SELT,0.685,4.10899e-05,0.00404777
CD46,ETNK1,0.685,4.10899e-05,0.00404777
ARFGEF1,DCTN4,0.685,4.10899e-05,0.00404777
RHOA,YWHAZ,0.685,4.10899e-05,0.00404777
ARPC5,TMEM230,0.685,4.10899e-05,0.00404777
GOLGA7,HSP90AB1,0.685,4.10899e-05,0.00404777
HSP90AB1,PIK3C2A,0.685,4.10899e-05,0.00404777
ANKRD35,RGMA,0.685,4.10899e-05,0.00404777
CHRDL1,PLAC9,0.685,4.10899e-05,0.00404777
SPIN1,ZNF43,0.685,4.10899e-05,0.00404777
FKBP14,LRRC15,0.685,4.10899e-05,0.00404777
EZH2,GLUL,-0.685,4.18275e-05,0.00409829
PPP1R14A,TRIM29,0.685,4.18275e-05,0.00409829
CRYAB,ID4,0.685,4.18275e-05,0.00409829
CCT2,GNB1,0.685,4.18275e-05,0.00409829
CPD,PTPLAD1,0.685,4.18275e-05,0.00409829
CREB1,DCTD,0.685,4.18275e-05,0.00409829
CTNNA1,TSN,0.685,4.18275e-05,0.00409829
EIF4E,ZNF146,0.685,4.18275e-05,0.00409829
C16orf72,PIK3C2A,0.685,4.18275e-05,0.00409829
ARHGEF4,RARA,0.685,4.18275e-05,0.00409829
KLHL29,SFRP1,0.685,4.18275e-05,0.00409829
RNF115,SPIN1,0.685,4.18275e-05,0.00409829
CAPN3,VPS8,-0.684,4.25769e-05,0.0041402
C16orf72,ROBO4,-0.684,4.25769e-05,0.0041402
BZW1,YWHAE,0.684,4.25769e-05,0.0041402
CLCC1,SAR1B,0.684,4.25769e-05,0.0041402
F11R,GPR160,0.684,4.25769e-05,0.0041402
ITGA7,VWF,0.684,4.25769e-05,0.0041402
ARFIP1,STIP1,0.684,4.25769e-05,0.0041402
KCTD14,PADI2,0.684,4.25769e-05,0.0041402
GABRP,GPM6B,0.684,4.25769e-05,0.0041402
GNAI3,SAE1,0.684,4.25769e-05,0.0041402
RAB14,RAB1A,0.684,4.25769e-05,0.0041402
FAR1,SCOC,0.684,4.25769e-05,0.0041402
DCTD,LAPTM4B,0.684,4.25769e-05,0.0041402
COMP,TIMP3,0.684,4.25769e-05,0.0041402
RHOA,SCOC,0.684,4.25769e-05,0.0041402
CDH11,COL6A1,0.684,4.25769e-05,0.0041402
LRRC15,MFAP2,0.684,4.25769e-05,0.0041402
DDX42,UBE2N,0.684,4.33383e-05,0.00419559
RAB14,TMX1,0.684,4.33383e-05,0.00419559
FUS,HNRNPF,0.684,4.33383e-05,0.00419559
MATR3,SEPT2,0.684,4.33383e-05,0.00419559
CTB-50L17.7,TMEM230,0.684,4.33383e-05,0.00419559
ARPC5,BRCC3,0.684,4.33383e-05,0.00419559
ROPN1,ROPN1B,0.684,4.33383e-05,0.00419559
EDNRB,SOD3,0.684,4.33383e-05,0.00419559
CDC42EP5,IGFBP6,0.684,4.33383e-05,0.00419559
BAG2,NID2,0.684,4.33383e-05,0.00419559
FABP4,TNXA,0.683,4.41119e-05,0.00424792
CLIC5,FZD4,0.683,4.41119e-05,0.00424792
GPR146,TMEM100,0.683,4.41119e-05,0.00424792
ARF4,EZR,0.683,4.41119e-05,0.00424792
INHBA,PPAPDC1A,0.683,4.41119e-05,0.00424792
SERPINH1,WNT5A,0.683,4.41119e-05,0.00424792
DCTD,MAPRE1,0.683,4.41119e-05,0.00424792
BRCC3,RHOA,0.683,4.41119e-05,0.00424792
AKR1C2,GPX3,0.683,4.41119e-05,0.00424792
C1QTNF3,COL10A1,0.683,4.41119e-05,0.00424792
COL5A1,GXYLT2,0.683,4.41119e-05,0.00424792
C1QTNF6,COL3A1,0.683,4.41119e-05,0.00424792
ANGPT1,FOLR1,0.683,4.43692e-05,0.00427083
RERGL,YIF1B,-0.683,4.48977e-05,0.00429524
KIT,PROM1,0.683,4.48977e-05,0.00429524
BGN,CDC42EP5,0.683,4.48977e-05,0.00429524
ATP6V1A,HSP90AB1,0.683,4.48977e-05,0.00429524
ADIPOQ,LEP,0.683,4.48977e-05,0.00429524
CD46,UEVLD,0.683,4.48977e-05,0.00429524
DSG2,UEVLD,0.683,4.48977e-05,0.00429524
DSG2,PIK3C2A,0.683,4.48977e-05,0.00429524
DST,NDRG2,0.683,4.48977e-05,0.00429524
RIOK3,TTPAL,0.683,4.48977e-05,0.00429524
LAPTM4B,SLC30A5,0.683,4.48977e-05,0.00429524
C1orf56,DICER1,0.683,4.48977e-05,0.00429524
B3GNT2,PLAUR,0.683,4.48977e-05,0.00429524
PPP1R11,UEVLD,0.683,4.48977e-05,0.00429524
BAG2,LARP6,0.682,4.5696e-05,0.00433559
AOC3,SEMA3G,0.682,4.5696e-05,0.00433559
CSNK1A1,FAR1,0.682,4.5696e-05,0.00433559
BZW1,RAB5A,0.682,4.5696e-05,0.00433559
CKAP5,SAE1,0.682,4.5696e-05,0.00433559
CLIC4,TAB2,0.682,4.5696e-05,0.00433559
CTB-50L17.7,GDE1,0.682,4.5696e-05,0.00433559
GDE1,OCIAD1,0.682,4.5696e-05,0.00433559
FBN1,OSTC,0.682,4.5696e-05,0.00433559
DICER1,FRYL,0.682,4.5696e-05,0.00433559
CCT2,MAPRE1,0.682,4.5696e-05,0.00433559
CDC5L,RHOA,0.682,4.5696e-05,0.00433559
ARPC5,SEPT2,0.682,4.5696e-05,0.00433559
CTB-50L17.7,PSMD10,0.682,4.5696e-05,0.00433559
C16orf72,RHOB,0.682,4.5696e-05,0.00433559
PPP1R11,SP1,0.682,4.5696e-05,0.00433559
EBF1,PID1,0.682,4.5696e-05,0.00433559
CCL14,SEMA3G,0.682,4.5696e-05,0.00433559
ADAM12,COMP,0.682,4.5696e-05,0.00433559
GPR160,LRRN4CL,-0.682,4.6507e-05,0.00437836
CFB,DUSP5,-0.682,4.6507e-05,0.00437836
FIGF,FZD4,0.682,4.6507e-05,0.00437836
CSNK1A1,PIK3C2A,0.682,4.6507e-05,0.00437836
LMOD1,NR3C2,0.682,4.6507e-05,0.00437836
EGFL7,VWF,0.682,4.6507e-05,0.00437836
ANKRD35,APPL2,0.682,4.6507e-05,0.00437836
EDEM3,PIK3C2A,0.682,4.6507e-05,0.00437836
DCTN4,MATR3,0.682,4.6507e-05,0.00437836
FAT2,SOSTDC1,0.682,4.6507e-05,0.00437836
RAB5A,TMX1,0.682,4.6507e-05,0.00437836
B3GNT2,RHOA,0.682,4.6507e-05,0.00437836
SERPINH1,STK38,0.682,4.6507e-05,0.00437836
OSTC,YWHAH,0.682,4.6507e-05,0.00437836
TPD52,UEVLD,0.682,4.6507e-05,0.00437836
CDC5L,SP1,0.682,4.6507e-05,0.00437836
KRT15,MID1,0.682,4.6507e-05,0.00437836
C12orf75,CTHRC1,0.682,4.6507e-05,0.00437836
C1S,TMEFF2,-0.681,4.73308e-05,0.00443303
GLUD2,NOLC1,0.681,4.73308e-05,0.00443303
ARHGEF28,SCGB3A1,0.681,4.73308e-05,0.00443303
KIT,SFRP1,0.681,4.73308e-05,0.00443303
ITIH5,MEOX1,0.681,4.73308e-05,0.00443303
CDH11,INHBA,0.681,4.73308e-05,0.00443303
DICER1,LOC100190986,0.681,4.73308e-05,0.00443303
CCT2,PRPF31,0.681,4.73308e-05,0.00443303
EIF4E,MRPL42,0.681,4.73308e-05,0.00443303
MAPRE1,OCIAD1,0.681,4.73308e-05,0.00443303
RHOB,TMEM230,0.681,4.73308e-05,0.00443303
SAMD5,SOX10,0.681,4.73308e-05,0.00443303
ADAMTS5,DNM3OS,0.681,4.81676e-05,0.00448071
KIT,MIA,0.681,4.81676e-05,0.00448071
ATP6V1A,IGF1R,0.681,4.81676e-05,0.00448071
EIF4A2,NOLC1,0.681,4.81676e-05,0.00448071
ATP6V1A,UBE2N,0.681,4.81676e-05,0.00448071
ATP6V1A,ETNK1,0.681,4.81676e-05,0.00448071
C16orf72,TMX1,0.681,4.81676e-05,0.00448071
GNAI3,TSN,0.681,4.81676e-05,0.00448071
SEPT2,TAB2,0.681,4.81676e-05,0.00448071
CREB1,RIOK3,0.681,4.81676e-05,0.00448071
RHOA,SAE1,0.681,4.81676e-05,0.00448071
CLDN5,SFRP1,0.681,4.81676e-05,0.00448071
RP3-428L16.2,SFRP2,0.681,4.81676e-05,0.00448071
FKBP14,RUNX2,0.681,4.81676e-05,0.00448071
BAG2,COL8A2,0.681,4.81676e-05,0.00448071
COMP,SPOCK1,0.681,4.81676e-05,0.00448071
DDA1,DDX42,0.68,4.90175e-05,0.00453663
C16orf13,RRM1,0.68,4.90175e-05,0.00453663
DSG2,RIOK3,0.68,4.90175e-05,0.00453663
NES,TNXA,0.68,4.90175e-05,0.00453663
GLUL,HSP90AB1,0.68,4.90175e-05,0.00453663
DCTN4,LYPLA1,0.68,4.90175e-05,0.00453663
RHOA,RHOB,0.68,4.90175e-05,0.00453663
PIK3C2A,UBE2N,0.68,4.90175e-05,0.00453663
ACVR1C,LGALS12,0.68,4.90175e-05,0.00453663
PEAR1,SEMA3G,0.68,4.90175e-05,0.00453663
TMEM50B,ZNF43,0.68,4.90175e-05,0.00453663
ADAM12,C12orf75,0.68,4.90175e-05,0.00453663
ADH1C,EBF1,0.68,4.98809e-05,0.00458165
DICER1,GPR160,0.68,4.98809e-05,0.00458165
ITGA7,PEAR1,0.68,4.98809e-05,0.00458165
MIR143HG,PTX3,0.68,4.98809e-05,0.00458165
GNAI3,WAPAL,0.68,4.98809e-05,0.00458165
GDE1,RAB5A,0.68,4.98809e-05,0.00458165
DCTN4,FAR1,0.68,4.98809e-05,0.00458165
CTHRC1,TIMP3,0.68,4.98809e-05,0.00458165
COL5A1,OSTC,0.68,4.98809e-05,0.00458165
HSP90AB1,PPP1R11,0.68,4.98809e-05,0.00458165
IRX1,KIT,0.68,4.98809e-05,0.00458165
PGM5,RGMA,0.68,4.98809e-05,0.00458165
EIF4A2,GLUD2,0.68,4.98809e-05,0.00458165
C1QTNF6,PPAPDC1A,0.68,4.98809e-05,0.00458165
GJB2,RUNX1-IT1,0.68,4.98809e-05,0.00458165
FKBP14,FNDC1,0.68,4.98809e-05,0.00458165
COL6A1,OLFML2B,0.68,4.98809e-05,0.00458165
COL6A1,NID2,0.68,4.98809e-05,0.00458165
KCTD5,NPR1,-0.679,5.07577e-05,0.00463301
SAA1,TNXA,0.679,5.07577e-05,0.00463301
FBN1,LARP6,0.679,5.07577e-05,0.00463301
AOC3,MEOX1,0.679,5.07577e-05,0.00463301
DDX42,M6PR,0.679,5.07577e-05,0.00463301
BZW1,SELT,0.679,5.07577e-05,0.00463301
LMOD1,MIR143HG,0.679,5.07577e-05,0.00463301
GFPT1,MAPRE1,0.679,5.07577e-05,0.00463301
MEOX1,SAMD5,0.679,5.07577e-05,0.00463301
GLUD2,TMEM245,0.679,5.07577e-05,0.00463301
HSP90AB1,UBE2N,0.679,5.07577e-05,0.00463301
CCT2,SEPT2,0.679,5.07577e-05,0.00463301
GDI2,ZNF146,0.679,5.07577e-05,0.00463301
GABRP,KIT,0.679,5.07577e-05,0.00463301
CCNB1,KIAA0101,0.679,5.07577e-05,0.00463301
CFL1,KANK3,-0.679,5.16483e-05,0.00468499
BZW1,SLC30A5,0.679,5.16483e-05,0.00468499
C16orf13,STIP1,0.679,5.16483e-05,0.00468499
C2orf40,CHRDL1,0.679,5.16483e-05,0.00468499
NOLC1,SEPT2,0.679,5.16483e-05,0.00468499
FOXC1,MEOX1,0.679,5.16483e-05,0.00468499
BRCC3,FAR1,0.679,5.16483e-05,0.00468499
COL5A1,INHBA,0.679,5.16483e-05,0.00468499
ALOX5AP,ANKH,0.679,5.16483e-05,0.00468499
CTNNA1,RAB5A,0.679,5.16483e-05,0.00468499
SP1,TSN,0.679,5.16483e-05,0.00468499
GPM6B,PAMR1,0.679,5.16483e-05,0.00468499
COL5A2,MFAP2,0.679,5.16483e-05,0.00468499
ADAM12,KDELR3,0.679,5.16483e-05,0.00468499
FN1,FNDC1,0.679,5.16483e-05,0.00468499
RAPGEF3,SAE1,-0.678,5.25528e-05,0.00473172
CD9,MEOX1,-0.678,5.25528e-05,0.00473172
GPR160,MFGE8,-0.678,5.25528e-05,0.00473172
CILP,COL5A2,0.678,5.25528e-05,0.00473172
SFRP1,SYNM,0.678,5.25528e-05,0.00473172
AGTRAP,LSM4,0.678,5.25528e-05,0.00473172
GPR146,ITIH5,0.678,5.25528e-05,0.00473172
LRRN4CL,MID1,0.678,5.25528e-05,0.00473172
BTNL9,ENPP2,0.678,5.25528e-05,0.00473172
EZR,RAB1A,0.678,5.25528e-05,0.00473172
ARFIP1,LAPTM4B,0.678,5.25528e-05,0.00473172
CYB5R3,STK38,0.678,5.25528e-05,0.00473172
GOLGA7,SRSF3,0.678,5.25528e-05,0.00473172
GOLGA7,RHOA,0.678,5.25528e-05,0.00473172
FNIP1,TMX1,0.678,5.25528e-05,0.00473172
COL8A2,TNFRSF19,0.678,5.25528e-05,0.00473172
GXYLT2,SPOCK1,0.678,5.25528e-05,0.00473172
CALU,FNDC1,0.678,5.25528e-05,0.00473172
C16orf72,RAPGEF3,-0.678,5.34714e-05,0.00479077
APPL2,TF,0.678,5.34714e-05,0.00479077
ATP6V1A,MATR3,0.678,5.34714e-05,0.00479077
CCDC3,MFGE8,0.678,5.34714e-05,0.00479077
CDKN2C,KRT15,0.678,5.34714e-05,0.00479077
CD46,IGF1R,0.678,5.34714e-05,0.00479077
FKBP14,NREP,0.678,5.34714e-05,0.00479077
C1S,STK38,0.678,5.34714e-05,0.00479077
COMMD10,SRSF3,0.678,5.34714e-05,0.00479077
COMMD10,RIOK3,0.678,5.34714e-05,0.00479077
CCT2,OAZ2,0.678,5.34714e-05,0.00479077
MFAP2,SPOCK1,0.678,5.34714e-05,0.00479077
ACSS2,DNM3OS,-0.677,5.44043e-05,0.00483869
F11R,PBX1,0.677,5.44043e-05,0.00483869
IRX1,PROM1,0.677,5.44043e-05,0.00483869
AL833181,LINC00086,0.677,5.44043e-05,0.00483869
GNAL,IRX1,0.677,5.44043e-05,0.00483869
ITIH5,SCN4B,0.677,5.44043e-05,0.00483869
DICER1,FNIP1,0.677,5.44043e-05,0.00483869
EDNRB,FAT2,0.677,5.44043e-05,0.00483869
FAM13A-AS1,PAMR1,0.677,5.44043e-05,0.00483869
FAT2,TNXA,0.677,5.44043e-05,0.00483869
NIPBL,TMX1,0.677,5.44043e-05,0.00483869
RAB14,TMEM245,0.677,5.44043e-05,0.00483869
MAPK13,TMEM9,0.677,5.44043e-05,0.00483869
GDI2,RRM1,0.677,5.44043e-05,0.00483869
SEPT2,TMEM245,0.677,5.44043e-05,0.00483869
LIPE,PLIN4,0.677,5.44043e-05,0.00483869
ID4,MID1,0.677,5.44043e-05,0.00483869
CALU,CTGF,0.677,5.44043e-05,0.00483869
DDA1,SAR1B,0.677,5.53517e-05,0.00489312
CRYAB,KLHL29,0.677,5.53517e-05,0.00489312
CDKN2C,SAA1,0.677,5.53517e-05,0.00489312
AGPAT9,RSPO3,0.677,5.53517e-05,0.00489312
EPT1,TMEM50B,0.677,5.53517e-05,0.00489312
ESRP1,TPD52,0.677,5.53517e-05,0.00489312
GLUD2,TSN,0.677,5.53517e-05,0.00489312
GNAI3,RAB1A,0.677,5.53517e-05,0.00489312
FAP,TIMP3,0.677,5.53517e-05,0.00489312
CLIC4,TIMP3,0.677,5.53517e-05,0.00489312
CAPRIN1,CCT2,0.677,5.53517e-05,0.00489312
ADAMTS9-AS2,RGMA,0.677,5.53517e-05,0.00489312
DNAJC3,ZNF43,0.677,5.53517e-05,0.00489312
FKBP14,MFAP2,0.677,5.53517e-05,0.00489312
LOXL1,POSTN,0.677,5.53517e-05,0.00489312
LINC00408,NCALD,-0.676,5.61501e-05,0.00494222
FCRL2,RHOA,-0.676,5.63138e-05,0.00494222
C12orf75,FBP1,-0.676,5.63138e-05,0.00494222
CAPN3,ESRP1,-0.676,5.63138e-05,0.00494222
PEAR1,RASIP1,0.676,5.63138e-05,0.00494222
BZW1,HSP90AB1,0.676,5.63138e-05,0.00494222
ADAMTS9,LARP6,0.676,5.63138e-05,0.00494222
CAPN3,PEAR1,0.676,5.63138e-05,0.00494222
STIP1,UEVLD,0.676,5.63138e-05,0.00494222
EZR,SP1,0.676,5.63138e-05,0.00494222
OCIAD1,SYPL1,0.676,5.63138e-05,0.00494222
ARFIP1,SETD5,0.676,5.63138e-05,0.00494222
ARFIP1,SLC30A5,0.676,5.63138e-05,0.00494222
SYPL1,ZNF146,0.676,5.63138e-05,0.00494222
RAD1,UEVLD,0.676,5.63138e-05,0.00494222
CCDC3,PID1,0.676,5.63138e-05,0.00494222
PTPRZ1,TNPO1,0.676,5.63138e-05,0.00494222
CTHRC1,FNDC1,0.676,5.63138e-05,0.00494222
DEFB1,OXTR,0.676,5.71246e-05,0.00501137
CCDC3,ITGA7,0.676,5.72908e-05,0.00501389
GNB1,TSN,0.676,5.72908e-05,0.00501389
EIF4A2,TMX1,0.676,5.72908e-05,0.00501389
MPDU1,RABEP1,0.676,5.72908e-05,0.00501389
CKAP5,UBE2M,0.676,5.72908e-05,0.00501389
ABCA8,ADAMTS5,0.676,5.72908e-05,0.00501389
ATP6V1A,MAPRE1,0.675,5.82829e-05,0.0050723
AGPAT9,LRRN4CL,0.675,5.82829e-05,0.0050723
EIF4A2,NIPBL,0.675,5.82829e-05,0.0050723
FRYL,SEPT2,0.675,5.82829e-05,0.0050723
CYB5R3,DCTD,0.675,5.82829e-05,0.0050723
EZR,MRPL42,0.675,5.82829e-05,0.0050723
CCT2,EZR,0.675,5.82829e-05,0.0050723
EZR,GOLGA7,0.675,5.82829e-05,0.0050723
PIGR,SOSTDC1,0.675,5.82829e-05,0.0050723
BBOX1,LARP6,0.675,5.82829e-05,0.0050723
CHRDL1,LOC100506558,0.675,5.82829e-05,0.0050723
FOXA1,ZNF43,0.675,5.82829e-05,0.0050723
C1QTNF3,CDH11,0.675,5.82829e-05,0.0050723
CALU,FKBP14,0.675,5.82829e-05,0.0050723
GPIHBP1,UBE2N,-0.675,5.92902e-05,0.00512531
GPR146,SEPT2,-0.675,5.92902e-05,0.00512531
GFPT1,PRPF31,0.675,5.92902e-05,0.00512531
FAT2,SCN4B,0.675,5.92902e-05,0.00512531
LSM4,OCIAD1,0.675,5.92902e-05,0.00512531
LAMP1,YWHAZ,0.675,5.92902e-05,0.00512531
BRCC3,EIF4A2,0.675,5.92902e-05,0.00512531
ASCC1,TSN,0.675,5.92902e-05,0.00512531
EZR,GDI2,0.675,5.92902e-05,0.00512531
JAK1,SPOCK1,0.675,5.92902e-05,0.00512531
SYPL1,TMEM230,0.675,5.92902e-05,0.00512531
CFL1,EIF4E,0.675,5.92902e-05,0.00512531
LAMP1,UEVLD,0.675,5.92902e-05,0.00512531
ABCA8,PID1,0.675,5.92902e-05,0.00512531
HIP1,UBE2H,0.675,5.92902e-05,0.00512531
BAG2,RUNX2,0.675,5.92902e-05,0.00512531
C12orf75,MFAP2,0.675,5.92902e-05,0.00512531
RIOK3,TNXA,-0.674,6.0313e-05,0.00517895
ADH1C,CHRDL1,0.674,6.0313e-05,0.00517895
PPP1R14A,SAA1,0.674,6.0313e-05,0.00517895
EGFL7,NES,0.674,6.0313e-05,0.00517895
ANKRD35,LARP6,0.674,6.0313e-05,0.00517895
EDEM3,F11R,0.674,6.0313e-05,0.00517895
KLHL29,MIR143HG,0.674,6.0313e-05,0.00517895
LRIF1,SELT,0.674,6.0313e-05,0.00517895
MIR143HG,TRIM29,0.674,6.0313e-05,0.00517895
MIER3,YWHAZ,0.674,6.0313e-05,0.00517895
CREB1,GNAI3,0.674,6.0313e-05,0.00517895
ARFIP1,SRSF3,0.674,6.0313e-05,0.00517895
DCTN4,TSN,0.674,6.0313e-05,0.00517895
PIK3C2A,TSN,0.674,6.0313e-05,0.00517895
KRT14,PAMR1,0.674,6.0313e-05,0.00517895
CCDC3,ENPP2,0.674,6.0313e-05,0.00517895
LOC100506558,SFRP1,0.674,6.0313e-05,0.00517895
CREB1,GPIHBP1,-0.674,6.13516e-05,0.00523525
DDX42,RAD21,0.674,6.13516e-05,0.00523525
KIT,RGMA,0.674,6.13516e-05,0.00523525
M6PR,MATR3,0.674,6.13516e-05,0.00523525
FAM13A-AS1,GPM6B,0.674,6.13516e-05,0.00523525
CTNNA1,DNAJB1,0.674,6.13516e-05,0.00523525
ABI1,PIK3C2A,0.674,6.13516e-05,0.00523525
ASCC1,DCTN4,0.674,6.13516e-05,0.00523525
CCT2,GNAI3,0.674,6.13516e-05,0.00523525
LYPLA1,SCOC,0.674,6.13516e-05,0.00523525
FAR1,SRSF3,0.674,6.13516e-05,0.00523525
LAPTM4B,OCIAD1,0.674,6.13516e-05,0.00523525
CREB1,RAD1,0.674,6.13516e-05,0.00523525
DCTD,PRPF31,0.674,6.13516e-05,0.00523525
AOC3,G0S2,0.674,6.13516e-05,0.00523525
AKR1C3,PLAC9,0.674,6.13516e-05,0.00523525
RAPGEF3,RIOK3,-0.673,6.2406e-05,0.0052922
FCRL2,RHOB,-0.673,6.2406e-05,0.0052922
ADAMTS9-AS2,ANKRD29,0.673,6.2406e-05,0.0052922
CLDN8,CPA3,0.673,6.2406e-05,0.0052922
FMO2,SFRP1,0.673,6.2406e-05,0.0052922
PPP2R5C,PTP4A1,0.673,6.2406e-05,0.0052922
FOXC1,SCN4B,0.673,6.2406e-05,0.0052922
MIR143HG,PID1,0.673,6.2406e-05,0.0052922
DNAJB1,OAZ2,0.673,6.2406e-05,0.0052922
DDA1,SELT,0.673,6.2406e-05,0.0052922
DNAJC3,SCARB2,0.673,6.2406e-05,0.0052922
COMMD10,PSMD10,0.673,6.2406e-05,0.0052922
MIER3,UBE2N,0.673,6.2406e-05,0.0052922
CNTNAP3,DLK1,0.673,6.2406e-05,0.0052922
COMP,SERPINH1,0.673,6.2406e-05,0.0052922
CTGF,VCAN,0.673,6.2406e-05,0.0052922
CILP,LOXL1,0.673,6.34766e-05,0.00535187
ADAMTS9-AS2,RSPO3,0.673,6.34766e-05,0.00535187
COMMD10,SELT,0.673,6.34766e-05,0.00535187
CCL14,SAMD5,0.673,6.34766e-05,0.00535187
ARFIP1,DNAJB1,0.673,6.34766e-05,0.00535187
CFL1,SH3BGRL,0.673,6.34766e-05,0.00535187
FAP,OSTC,0.673,6.34766e-05,0.00535187
NREP,SPOCK1,0.673,6.34766e-05,0.00535187
BRCC3,COMMD10,0.673,6.34766e-05,0.00535187
ARF4,YIPF5,0.673,6.34766e-05,0.00535187
PSMD10,UEVLD,0.673,6.34766e-05,0.00535187
ENTPD1,HLA-DRA,0.673,6.34766e-05,0.00535187
CCDC3,LIMS2,0.673,6.34766e-05,0.00535187
PALMD,SIK2,0.673,6.34766e-05,0.00535187
ASPN,FKBP14,0.673,6.34766e-05,0.00535187
DEFB1,MIA,0.672,6.43796e-05,0.00541016
ADAMTS9-AS2,DEGS2,-0.672,6.45635e-05,0.00541016
DDX42,TMEM230,0.672,6.45635e-05,0.00541016
EBF1,NES,0.672,6.45635e-05,0.00541016
ESRP1,GDE1,0.672,6.45635e-05,0.00541016
HSPD1,SAE1,0.672,6.45635e-05,0.00541016
BBOX1,CRYAB,0.672,6.45635e-05,0.00541016
ANKH,COL12A1,0.672,6.45635e-05,0.00541016
C1S,LOXL1,0.672,6.45635e-05,0.00541016
RAB1A,YWHAE,0.672,6.45635e-05,0.00541016
MIER3,RHOA,0.672,6.45635e-05,0.00541016
CERS2,USP21,0.672,6.45635e-05,0.00541016
KLHL29,LMOD1,0.672,6.45635e-05,0.00541016
LOC100506558,PPP1R14A,0.672,6.45635e-05,0.00541016
CD46,LOC100190986,0.672,6.45635e-05,0.00541016
FKBP14,SERPINH1,0.672,6.45635e-05,0.00541016
BIN1,FOXA1,-0.672,6.5667e-05,0.00545457
CCT2,LEP,-0.672,6.5667e-05,0.00545457
AOC3,ENPP2,0.672,6.5667e-05,0.00545457
CLDN5,SAA1,0.672,6.5667e-05,0.00545457
KGFLP2,SAMD5,0.672,6.5667e-05,0.00545457
PROM1,SYNM,0.672,6.5667e-05,0.00545457
AOC3,ROBO4,0.672,6.5667e-05,0.00545457
LEP,PLIN4,0.672,6.5667e-05,0.00545457
CNN1,KLHL29,0.672,6.5667e-05,0.00545457
M6PR,TTPAL,0.672,6.5667e-05,0.00545457
TAB2,TMX1,0.672,6.5667e-05,0.00545457
LSM4,RHOA,0.672,6.5667e-05,0.00545457
DSG2,RAD1,0.672,6.5667e-05,0.00545457
FNIP1,MIER3,0.672,6.5667e-05,0.00545457
GMFB,TMX1,0.672,6.5667e-05,0.00545457
NIPBL,TAB2,0.672,6.5667e-05,0.00545457
COL5A2,WNT5A,0.672,6.5667e-05,0.00545457
OPHN1,SH3GL3,0.672,6.5667e-05,0.00545457
CAPRIN1,UBE4B,0.672,6.5667e-05,0.00545457
PIK3C2A,TPD52,0.672,6.5667e-05,0.00545457
FZD4,RASIP1,0.672,6.5667e-05,0.00545457
DSG2,MATR3,0.672,6.5667e-05,0.00545457
C12orf75,COL6A1,0.672,6.5667e-05,0.00545457
PLIN4,PRPF31,-0.671,6.67872e-05,0.00551829
GATA3,GNAL,-0.671,6.67872e-05,0.00551829
CD9,CSNK1A1,0.671,6.67872e-05,0.00551829
CKAP5,CTB-50L17.7,0.671,6.67872e-05,0.00551829
C2orf40,KLHL29,0.671,6.67872e-05,0.00551829
ALYREF,DCTN4,0.671,6.67872e-05,0.00551829
DNAJB1,SETD5,0.671,6.67872e-05,0.00551829
CLIC4,UBE2N,0.671,6.67872e-05,0.00551829
NAPA,UEVLD,0.671,6.67872e-05,0.00551829
ARFIP1,TPD52,0.671,6.67872e-05,0.00551829
HNRNPF,TSN,0.671,6.67872e-05,0.00551829
PSMD10,RAD1,0.671,6.67872e-05,0.00551829
CILP,PLAC9,0.671,6.67872e-05,0.00551829
ASPN,GJB2,0.671,6.67872e-05,0.00551829
ADH1C,FXYD1,0.671,6.79244e-05,0.00559114
FAR1,YWHAZ,0.671,6.79244e-05,0.00559114
ADAMTS9-AS2,F2RL2,0.671,6.79244e-05,0.00559114
PTPLAD1,SERINC3,0.671,6.79244e-05,0.00559114
IGF1R,MAPK13,0.671,6.79244e-05,0.00559114
ARPC5,STIP1,0.671,6.79244e-05,0.00559114
RHOB,YIPF5,0.671,6.79244e-05,0.00559114
IRX1,PADI2,0.671,6.79244e-05,0.00559114
ENPP2,SOD3,0.671,6.79244e-05,0.00559114
BGN,FKBP14,0.671,6.79244e-05,0.00559114
FBP1,VCAN,-0.67,6.90789e-05,0.00565426
ADAMTS9-AS2,FMO2,0.67,6.90789e-05,0.00565426
CILP,RUNX2,0.67,6.90789e-05,0.00565426
KANK3,SIK2,0.67,6.90789e-05,0.00565426
CAPN3,ENPP2,0.67,6.90789e-05,0.00565426
ABI1,TPD52,0.67,6.90789e-05,0.00565426
CREB1,NREP,0.67,6.90789e-05,0.00565426
CTNNA1,CYB5R3,0.67,6.90789e-05,0.00565426
CFL1,CYB5R3,0.67,6.90789e-05,0.00565426
LAMP1,SLC30A5,0.67,6.90789e-05,0.00565426
FIGF,PIGR,0.67,6.90789e-05,0.00565426
CENPU,UBE2T,0.67,6.90789e-05,0.00565426
FXYD1,SEMA3G,0.67,6.90789e-05,0.00565426
AGPAT9,MID1,0.67,6.90789e-05,0.00565426
BGN,NID2,0.67,6.90789e-05,0.00565426
RIOK3,ROBO4,-0.67,7.02508e-05,0.00571597
CA3,UBE2T,-0.67,7.02508e-05,0.00571597
FAM214A,PLAUR,-0.67,7.02508e-05,0.00571597
C1S,GHR,0.67,7.02508e-05,0.00571597
EBF1,GNAI1,0.67,7.02508e-05,0.00571597
ALYREF,TTPAL,0.67,7.02508e-05,0.00571597
ARHGEF4,MT1M,0.67,7.02508e-05,0.00571597
LMOD1,SYNM,0.67,7.02508e-05,0.00571597
RIT1,WAPAL,0.67,7.02508e-05,0.00571597
LRRN4CL,PLAC9,0.67,7.02508e-05,0.00571597
SERINC3,TMEM245,0.67,7.02508e-05,0.00571597
CD9,UEVLD,0.67,7.02508e-05,0.00571597
MAPRE1,UBE2N,0.67,7.02508e-05,0.00571597
C1QTNF3,COL5A2,0.67,7.02508e-05,0.00571597
C1QTNF3,RUNX1-IT1,0.67,7.02508e-05,0.00571597
COL5A2,FN1,0.67,7.02508e-05,0.00571597
ALDH1A2,SEMA3G,0.67,7.06444e-05,0.00574586
CCL14,GDE1,-0.669,7.14403e-05,0.00577624
BAG2,MFGE8,0.669,7.14403e-05,0.00577624
FMO2,FXYD1,0.669,7.14403e-05,0.00577624
DMD,SCN4B,0.669,7.14403e-05,0.00577624
PIGR,PPP1R14A,0.669,7.14403e-05,0.00577624
ASCC1,GNB1,0.669,7.14403e-05,0.00577624
EZR,UEVLD,0.669,7.14403e-05,0.00577624
BRCC3,NAPA,0.669,7.14403e-05,0.00577624
GNAI3,THY1,0.669,7.14403e-05,0.00577624
ABI1,DICER1,0.669,7.14403e-05,0.00577624
CREB1,RAB1A,0.669,7.14403e-05,0.00577624
PIK3C2A,YWHAE,0.669,7.14403e-05,0.00577624
TGFB1,UBE2S,0.669,7.14403e-05,0.00577624
MICAL2,OLFML2B,0.669,7.14403e-05,0.00577624
COL6A1,GJB2,0.669,7.14403e-05,0.00577624
CTGF,FBN1,0.669,7.14403e-05,0.00577624
CD9,RASIP1,-0.669,7.26478e-05,0.00583934
BZW1,PPP2R5C,0.669,7.26478e-05,0.00583934
ADAMTS9-AS2,KIT,0.669,7.26478e-05,0.00583934
CRABP1,RASL10A,0.669,7.26478e-05,0.00583934
PTX3,RNF150,0.669,7.26478e-05,0.00583934
OCIAD1,TMEM50B,0.669,7.26478e-05,0.00583934
PSMD10,TMX1,0.669,7.26478e-05,0.00583934
LAPTM4B,RRM1,0.669,7.26478e-05,0.00583934
NREP,SERPINH1,0.669,7.26478e-05,0.00583934
ADAM12,C1S,0.669,7.26478e-05,0.00583934
COMMD10,PRPF31,0.669,7.26478e-05,0.00583934
PSMD10,RRM1,0.669,7.26478e-05,0.00583934
RIOK3,UEVLD,0.669,7.26478e-05,0.00583934
UBE2M,UBE2S,0.669,7.26478e-05,0.00583934
C12orf75,PPAPDC1A,0.669,7.26478e-05,0.00583934
COMP,VCAN,0.669,7.26478e-05,0.00583934
ACSS2,LRRC15,-0.668,7.38734e-05,0.00589885
ARHGEF15,MATR3,-0.668,7.38734e-05,0.00589885
CPAMD8,LINC01116,-0.668,7.38734e-05,0.00589885
LARP6,SERPINH1,0.668,7.38734e-05,0.00589885
BZW1,CREB1,0.668,7.38734e-05,0.00589885
ADAMTS9-AS2,SEMA3G,0.668,7.38734e-05,0.00589885
DDA1,LAPTM4B,0.668,7.38734e-05,0.00589885
ALYREF,SAE1,0.668,7.38734e-05,0.00589885
NES,PTX3,0.668,7.38734e-05,0.00589885
FAR1,GOLGA7,0.668,7.38734e-05,0.00589885
FAP,NREP,0.668,7.38734e-05,0.00589885
ANKH,TRIM59,0.668,7.38734e-05,0.00589885
ADRB2,MT1M,0.668,7.38734e-05,0.00589885
ABCA8,ID4,0.668,7.38734e-05,0.00589885
CD46,FRYL,0.668,7.38734e-05,0.00589885
FKBP14,PPAPDC1A,0.668,7.38734e-05,0.00589885
DNM3OS,FBN1,0.668,7.38734e-05,0.00589885
C1QTNF3,COL3A1,0.668,7.38734e-05,0.00589885
BZW1,RAB1A,0.668,7.51174e-05,0.00595471
CAPN3,RASIP1,0.668,7.51174e-05,0.00595471
EDNRB,SYNM,0.668,7.51174e-05,0.00595471
CREB1,GNB1,0.668,7.51174e-05,0.00595471
FAT2,FIGF,0.668,7.51174e-05,0.00595471
IGF1R,UEVLD,0.668,7.51174e-05,0.00595471
CFL1,NREP,0.668,7.51174e-05,0.00595471
ARFIP1,ETNK1,0.668,7.51174e-05,0.00595471
COL5A2,OSTC,0.668,7.51174e-05,0.00595471
CLIC4,OSTC,0.668,7.51174e-05,0.00595471
PPP1R11,TSN,0.668,7.51174e-05,0.00595471
CTNNA1,PSMD10,0.668,7.51174e-05,0.00595471
PIGR,SAMD5,0.668,7.51174e-05,0.00595471
ANKRD12,M6PR,0.668,7.51174e-05,0.00595471
PLAC9,SEMA3G,0.668,7.51174e-05,0.00595471
BIN1,KLHL29,0.668,7.51174e-05,0.00595471
C1QTNF3,RUNX2,0.668,7.51174e-05,0.00595471
COL5A2,FKBP14,0.668,7.51174e-05,0.00595471
FAP,FNDC1,0.668,7.51174e-05,0.00595471
FAP,FN1,0.668,7.51174e-05,0.00595471
GNAI3,TMEFF2,-0.667,7.638e-05,0.0060373
FMO2,PLAC9,0.667,7.638e-05,0.0060373
PALMD,RASIP1,0.667,7.638e-05,0.0060373
PRPF31,PTPLAD1,0.667,7.638e-05,0.0060373
GPM6B,SFRP1,0.667,7.638e-05,0.0060373
MIER3,SPIN1,0.667,7.638e-05,0.0060373
CTNNA1,MRPL42,0.667,7.638e-05,0.0060373
BAG2,SFRP2,0.667,7.638e-05,0.0060373
ARHGEF15,RAD1,-0.667,7.76615e-05,0.00609456
FAM214A,SERPINH1,-0.667,7.76615e-05,0.00609456
MS4A7,RAB31,0.667,7.76615e-05,0.00609456
PTPLAD1,UEVLD,0.667,7.76615e-05,0.00609456
LRRC41,P4HB,0.667,7.76615e-05,0.00609456
PALMD,TRIM29,0.667,7.76615e-05,0.00609456
SEPT2,SLC33A1,0.667,7.76615e-05,0.00609456
EZR,TMX1,0.667,7.76615e-05,0.00609456
ALYREF,SYPL1,0.667,7.76615e-05,0.00609456
CFL1,YWHAZ,0.667,7.76615e-05,0.00609456
SCOC,TMEM50B,0.667,7.76615e-05,0.00609456
GOLGA7,TMX1,0.667,7.76615e-05,0.00609456
CYB5R3,RHOA,0.667,7.76615e-05,0.00609456
MRPL42,TAB2,0.667,7.76615e-05,0.00609456
DICER1,DSG2,0.667,7.76615e-05,0.00609456
ALOX5AP,PLAUR,0.667,7.76615e-05,0.00609456
CAPRIN1,DCTN4,0.667,7.76615e-05,0.00609456
ABCA8,LOC100506558,0.667,7.76615e-05,0.00609456
ENPP2,IGSF10,0.667,7.76615e-05,0.00609456
GJB2,RUNX2,0.667,7.76615e-05,0.00609456
COL8A2,RAB31,0.667,7.8962e-05,0.00615249
PTP4A1,RAB1A,0.667,7.8962e-05,0.00615249
MIA,SFRP1,0.667,7.8962e-05,0.00615249
ANKRD29,BTNL9,0.667,7.8962e-05,0.00615249
DNAJC10,PRPF31,0.667,7.8962e-05,0.00615249
ADAMTS9-AS2,CRYAB,0.667,7.8962e-05,0.00615249
CD36,VWF,0.667,7.8962e-05,0.00615249
CD46,RAB5A,0.667,7.8962e-05,0.00615249
PAMR1,TNXA,0.667,7.8962e-05,0.00615249
SCARB2,TMEM50B,0.667,7.8962e-05,0.00615249
CREB1,SPIN1,0.667,7.8962e-05,0.00615249
DDA1,PGRMC1,0.667,7.8962e-05,0.00615249
CLIC4,GDI2,0.667,7.8962e-05,0.00615249
CTNNA1,TAB2,0.667,7.8962e-05,0.00615249
DCTD,RAB5A,0.667,7.8962e-05,0.00615249
ARFIP1,ZNF146,0.667,7.8962e-05,0.00615249
MAMDC2,NDRG2,0.667,7.8962e-05,0.00615249
FXYD1,TMEM100,0.667,7.8962e-05,0.00615249
EBF1,IGSF10,0.667,7.8962e-05,0.00615249
OLFML2B,SLC2A13,0.667,7.8962e-05,0.00615249
ASCC1,RAPGEF3,-0.666,8.0282e-05,0.00621769
FNDC1,TMEM9,-0.666,8.0282e-05,0.00621769
ADH1C,FMO2,0.666,8.0282e-05,0.00621769
DDX42,GOLGA7,0.666,8.0282e-05,0.00621769
DDA1,TMEM50B,0.666,8.0282e-05,0.00621769
KRT5,PPP1R14A,0.666,8.0282e-05,0.00621769
CFL1,GNB1,0.666,8.0282e-05,0.00621769
HSPB2,KLHL29,0.666,8.0282e-05,0.00621769
MAMDC2,PID1,0.666,8.0282e-05,0.00621769
ENPP2,MAMDC2,0.666,8.0282e-05,0.00621769
ALYREF,OCIAD1,0.666,8.0282e-05,0.00621769
DDA1,YIPF5,0.666,8.0282e-05,0.00621769
FN1,PRRX1,0.666,8.0282e-05,0.00621769
SRSF3,UBE2N,0.666,8.0282e-05,0.00621769
EZR,FAR1,0.666,8.0282e-05,0.00621769
DNAJC3,HIP1,0.666,8.0282e-05,0.00621769
COL12A1,RUNX1-IT1,0.666,8.0282e-05,0.00621769
BAG2,CDC42EP5,0.666,8.16215e-05,0.00629469
ENPP2,LRRN4CL,0.666,8.16215e-05,0.00629469
EIF2S3,UBE4B,0.666,8.16215e-05,0.00629469
EIF4E,HSPD1,0.666,8.16215e-05,0.00629469
DMD,KRT14,0.666,8.16215e-05,0.00629469
FNIP1,NEMF,0.666,8.16215e-05,0.00629469
PRPF31,YWHAE,0.666,8.16215e-05,0.00629469
BRCC3,DCTD,0.666,8.16215e-05,0.00629469
RRM1,SRSF3,0.666,8.16215e-05,0.00629469
PPP1R14A,SFRP1,0.666,8.16215e-05,0.00629469
C1QTNF3,PPAPDC1A,0.666,8.16215e-05,0.00629469
COL6A1,KDELR3,0.666,8.16215e-05,0.00629469
FMO2,TRIM29,0.665,8.29809e-05,0.0063681
RAB5A,TSPAN31,0.665,8.29809e-05,0.0063681
CSNK1A1,RAB5A,0.665,8.29809e-05,0.0063681
DOPEY2,NAT1,0.665,8.29809e-05,0.0063681
CHRDL1,RGMA,0.665,8.29809e-05,0.0063681
ENPP2,NES,0.665,8.29809e-05,0.0063681
BTNL9,LIPE,0.665,8.29809e-05,0.0063681
CD46,NIPBL,0.665,8.29809e-05,0.0063681
FAT2,SAMD5,0.665,8.29809e-05,0.0063681
TMEM230,TMX1,0.665,8.29809e-05,0.0063681
FNIP1,VPS8,0.665,8.29809e-05,0.0063681
RAD1,SRSF3,0.665,8.29809e-05,0.0063681
HNRNPF,SP1,0.665,8.29809e-05,0.0063681
LOC101928189,SPIN1,0.665,8.29809e-05,0.0063681
ACSS2,LOXL1,-0.665,8.43603e-05,0.00644233
PSMD10,VWF,-0.665,8.43603e-05,0.00644233
AOC3,FOXC1,0.665,8.43603e-05,0.00644233
BZW1,CCT2,0.665,8.43603e-05,0.00644233
PID1,SYNM,0.665,8.43603e-05,0.00644233
PPP2R5C,SLC30A5,0.665,8.43603e-05,0.00644233
ARF4,GNAI3,0.665,8.43603e-05,0.00644233
FAR1,ZNF146,0.665,8.43603e-05,0.00644233
COL10A1,WNT5A,0.665,8.43603e-05,0.00644233
INHBA,WNT5A,0.665,8.43603e-05,0.00644233
PIK3C2A,SP1,0.665,8.43603e-05,0.00644233
CCM2L,SCN4B,0.665,8.43603e-05,0.00644233
EBF1,PALMD,0.665,8.43603e-05,0.00644233
COL6A1,GXYLT2,0.665,8.43603e-05,0.00644233
CAPRIN1,GPIHBP1,-0.664,8.57602e-05,0.00652645
CA3,SH3GL3,0.664,8.57602e-05,0.00652645
ADH1B,SEMA3G,0.664,8.57602e-05,0.00652645
ANKRD12,EIF4A2,0.664,8.57602e-05,0.00652645
BTNL9,EBF1,0.664,8.57602e-05,0.00652645
CTNNA1,TMX1,0.664,8.57602e-05,0.00652645
LOXL1,TIMP3,0.664,8.57602e-05,0.00652645
HSP90AB1,RIOK3,0.664,8.57602e-05,0.00652645
INMT,SIK2,0.664,8.57602e-05,0.00652645
BTNL9,VWF,0.664,8.57602e-05,0.00652645
AL833181,CLIC5,0.664,8.71806e-05,0.00660698
CREB1,DDX42,0.664,8.71806e-05,0.00660698
MID1,PGM5,0.664,8.71806e-05,0.00660698
GFPT1,PSMD10,0.664,8.71806e-05,0.00660698
MAMDC2,MID1,0.664,8.71806e-05,0.00660698
KLHL13,SYNM,0.664,8.71806e-05,0.00660698
LAMP1,SAE1,0.664,8.71806e-05,0.00660698
PSMD10,ZNF146,0.664,8.71806e-05,0.00660698
ATP6V1A,PPP2R5C,0.664,8.71806e-05,0.00660698
DNAJB1,HSPD1,0.664,8.71806e-05,0.00660698
ADAMTS9,ENPP2,0.664,8.71806e-05,0.00660698
GREM1,THY1,0.664,8.71806e-05,0.00660698
FMO2,ID4,0.663,8.8622e-05,0.00669534
MIA,NDRG2,0.663,8.8622e-05,0.00669534
ROBO4,SCN4B,0.663,8.8622e-05,0.00669534
PALMD,SCN4B,0.663,8.8622e-05,0.00669534
COL6A6,ITIH5,0.663,8.8622e-05,0.00669534
C16orf72,FAR1,0.663,8.8622e-05,0.00669534
C1S,SERPINH1,0.663,8.8622e-05,0.00669534
DNAH3,SH3GL3,0.663,8.8622e-05,0.00669534
ABCA8,PEAR1,0.663,8.8622e-05,0.00669534
COL5A2,FBP1,-0.663,9.00845e-05,0.00676147
FBP1,MFGE8,-0.663,9.00845e-05,0.00676147
RIOK3,VWF,-0.663,9.00845e-05,0.00676147
DEGS2,NES,-0.663,9.00845e-05,0.00676147
ENTPD1,RRAGD,0.663,9.00845e-05,0.00676147
ADH1C,TMEM100,0.663,9.00845e-05,0.00676147
MAMDC2,NR3C2,0.663,9.00845e-05,0.00676147
DDX42,KCTD5,0.663,9.00845e-05,0.00676147
CCL14,NES,0.663,9.00845e-05,0.00676147
BTNL9,ITGA7,0.663,9.00845e-05,0.00676147
CCT2,HSPD1,0.663,9.00845e-05,0.00676147
NES,SOSTDC1,0.663,9.00845e-05,0.00676147
CCT2,JAK1,0.663,9.00845e-05,0.00676147
ARPC5,PGRMC1,0.663,9.00845e-05,0.00676147
COMMD10,SEPT2,0.663,9.00845e-05,0.00676147
MIER3,UBE4B,0.663,9.00845e-05,0.00676147
COL8A2,GXYLT2,0.663,9.00845e-05,0.00676147
LRRC15,MICAL2,0.663,9.00845e-05,0.00676147
OLFML2B,VCAN,0.663,9.00845e-05,0.00676147
ALDH1A2,GNAI1,0.662,9.13213e-05,0.00683067
LRRC15,RAB31,0.662,9.15685e-05,0.00683067
CLDN5,FABP4,0.662,9.15685e-05,0.00683067
DICER1,MIA3,0.662,9.15685e-05,0.00683067
MRPL42,NOLC1,0.662,9.15685e-05,0.00683067
SAMD5,SFRP1,0.662,9.15685e-05,0.00683067
SPIN1,SRSF3,0.662,9.15685e-05,0.00683067
LOC101928189,ZNF146,0.662,9.15685e-05,0.00683067
GLUL,KDM5B,0.662,9.15685e-05,0.00683067
CD9,TMEM245,0.662,9.15685e-05,0.00683067
CAPRIN1,LAPTM4B,0.662,9.15685e-05,0.00683067
PRPF31,RAB1A,0.662,9.15685e-05,0.00683067
RAB5A,SETD5,0.662,9.15685e-05,0.00683067
DDX42,PTP4A1,0.662,9.15685e-05,0.00683067
CIDEC,PPP1R1A,0.662,9.15685e-05,0.00683067
CCL14,EDNRB,0.662,9.15685e-05,0.00683067
C1QTNF3,CTHRC1,0.662,9.15685e-05,0.00683067
BAG2,FKBP14,0.662,9.15685e-05,0.00683067
FRYL,GPR146,-0.662,9.30741e-05,0.00688431
RAD1,ROBO4,-0.662,9.30741e-05,0.00688431
ADAMTS9-AS2,EDNRB,0.662,9.30741e-05,0.00688431
LARP4B,RNF115,0.662,9.30741e-05,0.00688431
FUS,PIK3C2A,0.662,9.30741e-05,0.00688431
IGF1R,SP1,0.662,9.30741e-05,0.00688431
EIF4A2,TTPAL,0.662,9.30741e-05,0.00688431
LAPTM4B,TSN,0.662,9.30741e-05,0.00688431
CREB1,WAPAL,0.662,9.30741e-05,0.00688431
INHBA,RUNX1-IT1,0.662,9.30741e-05,0.00688431
CD46,LARP4B,0.662,9.30741e-05,0.00688431
HSP90AB1,SYPL1,0.662,9.30741e-05,0.00688431
CFL1,PSMD10,0.662,9.30741e-05,0.00688431
HSP90AB1,MIER3,0.662,9.30741e-05,0.00688431
MIER3,SP1,0.662,9.30741e-05,0.00688431
CD36,CIDEC,0.662,9.30741e-05,0.00688431
ETNK1,M6PR,0.662,9.30741e-05,0.00688431
M6PR,TAB2,0.662,9.30741e-05,0.00688431
ADAMTS9,SEMA3G,0.662,9.30741e-05,0.00688431
ADAMTS5,ENPP2,0.662,9.30741e-05,0.00688431
LOC101928189,UBE2H,0.662,9.30741e-05,0.00688431
CTHRC1,DNM3OS,0.662,9.30741e-05,0.00688431
C12orf75,FAP,0.662,9.30741e-05,0.00688431
BAG2,LRRC15,0.662,9.30741e-05,0.00688431
FN1,POSTN,0.662,9.30741e-05,0.00688431
ALDH1A2,RELN,0.661,9.35829e-05,0.0069196
ARFIP1,GPIHBP1,-0.661,9.46018e-05,0.00696903
AKR1C2,RASIP1,0.661,9.46018e-05,0.00696903
CRYAB,FMO2,0.661,9.46018e-05,0.00696903
MME,SEMA3G,0.661,9.46018e-05,0.00696903
ALDH1L1,TUSC5,0.661,9.46018e-05,0.00696903
IGFBP6,SOX10,0.661,9.46018e-05,0.00696903
CD9,SCOC,0.661,9.46018e-05,0.00696903
SERPINH1,TIMP3,0.661,9.46018e-05,0.00696903
RRM1,SYPL1,0.661,9.46018e-05,0.00696903
C1QTNF6,SLC2A13,0.661,9.46018e-05,0.00696903
CTGF,POSTN,0.661,9.46018e-05,0.00696903
ANKRD29,KLHL13,0.661,9.61516e-05,0.00704997
ADAMTS9,RSPO3,0.661,9.61516e-05,0.00704997
AKR1C3,TNXA,0.661,9.61516e-05,0.00704997
B3GNT2,LAPTM5,0.661,9.61516e-05,0.00704997
CREB1,MATR3,0.661,9.61516e-05,0.00704997
TMX1,YIPF5,0.661,9.61516e-05,0.00704997
ASAP1,RHOA,0.661,9.61516e-05,0.00704997
CD9,SCARB2,0.661,9.61516e-05,0.00704997
INHBA,PRRX1,0.661,9.61516e-05,0.00704997
ARFIP1,SCOC,0.661,9.61516e-05,0.00704997
EIF4E,LIG4,0.661,9.61516e-05,0.00704997
C12orf5,LAPTM5,0.661,9.61516e-05,0.00704997
LINC00086,SIK2,0.661,9.61516e-05,0.00704997
COL10A1,MICAL2,0.661,9.61516e-05,0.00704997
FAM162B,SOX10,0.66,9.7724e-05,0.0071223
ARHGDIB,POGK,0.66,9.7724e-05,0.0071223
DDX42,TMX1,0.66,9.7724e-05,0.0071223
ANKRD35,CILP,0.66,9.7724e-05,0.0071223
LOC100506558,RGMA,0.66,9.7724e-05,0.0071223
ENPP2,PIGR,0.66,9.7724e-05,0.0071223
KLHL13,MID1,0.66,9.7724e-05,0.0071223
BTNL9,SOD3,0.66,9.7724e-05,0.0071223
EIF4A2,SEPT2,0.66,9.7724e-05,0.0071223
SP1,SPIN1,0.66,9.7724e-05,0.0071223
COMMD10,CYB5R3,0.66,9.7724e-05,0.0071223
CTHRC1,WNT5A,0.66,9.7724e-05,0.0071223
INHBA,THY1,0.66,9.7724e-05,0.0071223
HSP90AB1,LAMP1,0.66,9.7724e-05,0.0071223
CKAP5,LRRC41,0.66,9.7724e-05,0.0071223
ADAMTS5,CHRDL1,0.66,9.7724e-05,0.0071223
FOXA1,HIP1,0.66,9.7724e-05,0.0071223
CPA3,MS4A7,0.66,9.7724e-05,0.0071223
CRYAB,DEFB1,0.66,9.82559e-05,0.00715868
TMEFF2,TSN,-0.66,9.93193e-05,0.0071978
DSG2,FOXC1,-0.66,9.93193e-05,0.0071978
SAMD5,SCN4B,0.66,9.93193e-05,0.0071978
CRYAB,PROM1,0.66,9.93193e-05,0.0071978
CLEC3B,RBP7,0.66,9.93193e-05,0.0071978
ATP6V1A,SEPT2,0.66,9.93193e-05,0.0071978
IRX1,PID1,0.66,9.93193e-05,0.0071978
COL6A6,IGFBP6,0.66,9.93193e-05,0.0071978
GLUL,SCARB2,0.66,9.93193e-05,0.0071978
C1S,CCT2,0.66,9.93193e-05,0.0071978
COL12A1,STK38,0.66,9.93193e-05,0.0071978
NIPBL,RIOK3,0.66,9.93193e-05,0.0071978
RRM1,TSN,0.66,9.93193e-05,0.0071978
CTB-50L17.7,UEVLD,0.66,9.93193e-05,0.0071978
MID1,PID1,0.66,9.93193e-05,0.0071978
EDEM3,EIF4A2,0.66,9.93193e-05,0.0071978
EDN3,SCARA5,0.659,9.9859e-05,0.00723452
BBOX1,DEFB1,0.659,0.000100669,0.00727412
ABI1,CAPN3,-0.659,0.000100938,0.00727412
AKR1C2,SAMD5,0.659,0.000100938,0.00727412
FMO2,LOC100506558,0.659,0.000100938,0.00727412
PTP4A1,RAB14,0.659,0.000100938,0.00727412
CERS2,TMEM9,0.659,0.000100938,0.00727412
C1orf56,PDLIM5,0.659,0.000100938,0.00727412
GDI2,GNB1,0.659,0.000100938,0.00727412
AOC3,CFD,0.659,0.000100938,0.00727412
COMMD10,SH3BGRL,0.659,0.000100938,0.00727412
TRIM59,YWHAH,0.659,0.000100938,0.00727412
BRCC3,RAD1,0.659,0.000100938,0.00727412
BRCC3,PSMD10,0.659,0.000100938,0.00727412
COMMD10,UEVLD,0.659,0.000100938,0.00727412
LOXL1,NID2,0.659,0.000100938,0.00727412
POSTN,RUNX2,0.659,0.000100938,0.00727412
NDRG2,SAA1,0.659,0.000102579,0.00736575
COMP,RP1-193H18.2,0.659,0.000102579,0.00736575
FRYL,MIA3,0.659,0.000102579,0.00736575
ANKRD35,ENPP2,0.659,0.000102579,0.00736575
EIF4A2,PDLIM5,0.659,0.000102579,0.00736575
GABRP,PPP1R14A,0.659,0.000102579,0.00736575
CREB1,NIPBL,0.659,0.000102579,0.00736575
GDI2,SCARB2,0.659,0.000102579,0.00736575
ARFIP1,RHOA,0.659,0.000102579,0.00736575
CFL1,RHOA,0.659,0.000102579,0.00736575
COL5A1,TNFRSF19,0.659,0.000102579,0.00736575
EGFL7,VPS8,-0.658,0.000104245,0.00744623
AOC3,CCM2L,0.658,0.000104245,0.00744623
GPX3,SAMD5,0.658,0.000104245,0.00744623
DDX42,EZR,0.658,0.000104245,0.00744623
ARF4,PTP4A1,0.658,0.000104245,0.00744623
GNB1,HN1,0.658,0.000104245,0.00744623
DOPEY2,MIA3,0.658,0.000104245,0.00744623
C2orf40,PID1,0.658,0.000104245,0.00744623
C2orf40,ID4,0.658,0.000104245,0.00744623
CRYAB,LOC100506558,0.658,0.000104245,0.00744623
EPT1,GFPT1,0.658,0.000104245,0.00744623
PID1,RSPO3,0.658,0.000104245,0.00744623
ABCA8,KLHL13,0.658,0.000104245,0.00744623
LAPTM4B,RAB1A,0.658,0.000104245,0.00744623
MAMDC2,TNXA,0.658,0.000104245,0.00744623
GJB2,MFAP2,0.658,0.000104245,0.00744623
ASAP1,TMEFF2,-0.658,0.000105934,0.00752514
COL10A1,RAB31,0.658,0.000105934,0.00752514
KIT,PDE9A,0.658,0.000105934,0.00752514
ENPP2,FABP4,0.658,0.000105934,0.00752514
ADAMTS9-AS2,LRRN4CL,0.658,0.000105934,0.00752514
HIP1,TMEM9,0.658,0.000105934,0.00752514
NDRG2,SIK2,0.658,0.000105934,0.00752514
ABCA8,MAMDC2,0.658,0.000105934,0.00752514
FXYD1,ROBO4,0.658,0.000105934,0.00752514
CRYAB,PIGR,0.658,0.000105934,0.00752514
PADI2,TRIM29,0.658,0.000105934,0.00752514
SAR1B,UBE2N,0.658,0.000105934,0.00752514
HSP90AB1,RHOA,0.658,0.000105934,0.00752514
ADAMTS9,EDNRB,0.658,0.000105934,0.00752514
C1QTNF6,RP3-428L16.2,0.658,0.000105934,0.00752514
BAG2,KDELR3,0.658,0.000105934,0.00752514
GJB2,SPOCK1,0.658,0.000105934,0.00752514
RNF115,SCCPDH,0.657,0.000107648,0.00760735
CSNK1A1,PTER,0.657,0.000107648,0.00760735
ATP6V1A,SLC30A5,0.657,0.000107648,0.00760735
FIGF,INMT,0.657,0.000107648,0.00760735
ENPP2,GABRP,0.657,0.000107648,0.00760735
CLDN5,PIGR,0.657,0.000107648,0.00760735
MFGE8,SFRP1,0.657,0.000107648,0.00760735
ALOX5AP,C12orf5,0.657,0.000107648,0.00760735
SCARB2,TMEM245,0.657,0.000107648,0.00760735
C16orf72,RAB1A,0.657,0.000107648,0.00760735
ARPC5,CFL1,0.657,0.000107648,0.00760735
CREB1,SAE1,0.657,0.000107648,0.00760735
FZD4,PDE2A,0.657,0.000107648,0.00760735
ABCA8,CCDC3,0.657,0.000107648,0.00760735
AKR1C3,LOC100506558,0.657,0.000107648,0.00760735
DNM3OS,FAP,0.657,0.000107648,0.00760735
AC092192.1,LINC00408,0.657,0.000108229,0.00764593
FBP1,LOXL1,-0.657,0.000109386,0.00765356
GOLGA7,VWF,-0.657,0.000109386,0.00765356
COL8A2,MAPK13,-0.657,0.000109386,0.00765356
CTHRC1,DOPEY2,-0.657,0.000109386,0.00765356
COX7A1,GNAI1,0.657,0.000109386,0.00765356
CPA3,ZBTB16,0.657,0.000109386,0.00765356
GPX3,KLHL29,0.657,0.000109386,0.00765356
CCL14,CD36,0.657,0.000109386,0.00765356
BZW1,SAR1B,0.657,0.000109386,0.00765356
BZW1,DCTN4,0.657,0.000109386,0.00765356
DDA1,GDE1,0.657,0.000109386,0.00765356
ARF4,SLC33A1,0.657,0.000109386,0.00765356
LOC100506558,MAMDC2,0.657,0.000109386,0.00765356
LOC101928625,TAB2,0.657,0.000109386,0.00765356
EBF1,ITIH5,0.657,0.000109386,0.00765356
HNRNPF,LOC100190986,0.657,0.000109386,0.00765356
GLUD2,RIOK3,0.657,0.000109386,0.00765356
CNN1,CRYAB,0.657,0.000109386,0.00765356
MAPRE1,TTPAL,0.657,0.000109386,0.00765356
RNF115,SP1,0.657,0.000109386,0.00765356
BRCC3,TMX1,0.657,0.000109386,0.00765356
C1S,GDI2,0.657,0.000109386,0.00765356
ANKH,MICAL2,0.657,0.000109386,0.00765356
STK38,THY1,0.657,0.000109386,0.00765356
CALU,GNAI3,0.657,0.000109386,0.00765356
RAD1,YWHAE,0.657,0.000109386,0.00765356
CDC42EP5,SOD3,0.657,0.000109386,0.00765356
EIF4A2,FRYL,0.657,0.000109386,0.00765356
C1QTNF6,CTHRC1,0.657,0.000109386,0.00765356
CDH11,GXYLT2,0.657,0.000109386,0.00765356
ADRB2,GATA3,-0.656,0.000111149,0.0077472
ADAM12,MAPK13,-0.656,0.000111149,0.0077472
DPY19L2P2,GXYLT2,-0.656,0.000111149,0.0077472
CBX3,PLAUR,-0.656,0.000111149,0.0077472
CRYAB,ENPP2,0.656,0.000111149,0.0077472
CRYAB,GNAL,0.656,0.000111149,0.0077472
AKR1C2,BTNL9,0.656,0.000111149,0.0077472
CHRDL1,ITIH5,0.656,0.000111149,0.0077472
COMMD10,CTNNA1,0.656,0.000111149,0.0077472
FABP4,FMO2,0.656,0.000111149,0.0077472
GLUD2,MATR3,0.656,0.000111149,0.0077472
HIP1,SERINC3,0.656,0.000111149,0.0077472
ITGA7,RIOK3,-0.656,0.000112938,0.00782448
LRRC15,TMEM9,-0.656,0.000112938,0.00782448
LOC100507311,P4HB,-0.656,0.000112938,0.00782448
GATA3,XPNPEP1,-0.656,0.000112938,0.00782448
NOLC1,OLFM4,-0.656,0.000112938,0.00782448
FMO2,MIR143HG,0.656,0.000112938,0.00782448
INMT,SAA1,0.656,0.000112938,0.00782448
AL833181,PALMD,0.656,0.000112938,0.00782448
NOLC1,RIOK3,0.656,0.000112938,0.00782448
ATP6V1A,SP1,0.656,0.000112938,0.00782448
ITGA7,ITIH5,0.656,0.000112938,0.00782448
EZR,SPIN1,0.656,0.000112938,0.00782448
NPR1,TMEM100,0.656,0.000112938,0.00782448
GPM6B,MAMDC2,0.656,0.000112938,0.00782448
CD9,UBE2N,0.656,0.000112938,0.00782448
LAPTM4B,SCOC,0.656,0.000112938,0.00782448
CTB-50L17.7,RAB1A,0.656,0.000112938,0.00782448
GABRP,KLHL13,0.656,0.000112938,0.00782448
ENPP2,INMT,0.656,0.000112938,0.00782448
CCM2L,CSNK1A1,-0.655,0.000114751,0.00790012
CCL14,GSPT1,-0.655,0.000114751,0.00790012
NAT8L,NRAS,-0.655,0.000114751,0.00790012
ADH1B,SCN4B,0.655,0.000114751,0.00790012
LARP6,SFRP2,0.655,0.000114751,0.00790012
PPAPDC1A,RAB31,0.655,0.000114751,0.00790012
FMO2,SOD3,0.655,0.000114751,0.00790012
DDX42,MIER3,0.655,0.000114751,0.00790012
OAZ2,UBE2M,0.655,0.000114751,0.00790012
PLAC9,SCN4B,0.655,0.000114751,0.00790012
GALNT10,TAB2,0.655,0.000114751,0.00790012
SAR1B,SLC33A1,0.655,0.000114751,0.00790012
ADRB2,VWF,0.655,0.000114751,0.00790012
C16orf72,GDE1,0.655,0.000114751,0.00790012
FAR1,TMEM230,0.655,0.000114751,0.00790012
CDC5L,SAR1B,0.655,0.000114751,0.00790012
INHBA,LOXL1,0.655,0.000114751,0.00790012
BAG2,FNDC1,0.655,0.000114751,0.00790012
ASPN,CALU,0.655,0.000114751,0.00790012
BGN,CALU,0.655,0.000114751,0.00790012
ACSS2,ASPN,-0.655,0.000116591,0.00798406
ALYREF,DDX42,0.655,0.000116591,0.00798406
CD36,CLDN5,0.655,0.000116591,0.00798406
LOC100506558,SYNM,0.655,0.000116591,0.00798406
ITIH5,TNXA,0.655,0.000116591,0.00798406
NDRG2,PAMR1,0.655,0.000116591,0.00798406
CCT2,TMX1,0.655,0.000116591,0.00798406
DCTN4,RAB14,0.655,0.000116591,0.00798406
COL5A2,INHBA,0.655,0.000116591,0.00798406
CDC5L,SCARB2,0.655,0.000116591,0.00798406
DCTD,SYPL1,0.655,0.000116591,0.00798406
SCOC,ZNF146,0.655,0.000116591,0.00798406
CCT2,UEVLD,0.655,0.000116591,0.00798406
BIN1,PEAR1,0.655,0.000116591,0.00798406
EDNRB,IGSF10,0.655,0.000116591,0.00798406
FKBP14,NID2,0.655,0.000116591,0.00798406
MICAL2,NID2,0.655,0.000116591,0.00798406
FAM214A,GJB2,-0.654,0.000118457,0.00806388
C12orf5,TMEM206,0.654,0.000118457,0.00806388
GDE1,TSPAN31,0.654,0.000118457,0.00806388
ANGPT1,C1orf213,0.654,0.000118457,0.00806388
PDLIM5,RIOK3,0.654,0.000118457,0.00806388
NES,PALMD,0.654,0.000118457,0.00806388
ABCA8,FAT2,0.654,0.000118457,0.00806388
CAPN3,KLHL29,0.654,0.000118457,0.00806388
SOD3,VWF,0.654,0.000118457,0.00806388
ARFGEF1,TMEM230,0.654,0.000118457,0.00806388
LAPTM4B,SAE1,0.654,0.000118457,0.00806388
COL8A2,TRIM59,0.654,0.000118457,0.00806388
C16orf72,DCTN4,0.654,0.000118457,0.00806388
RHOA,UEVLD,0.654,0.000118457,0.00806388
SP1,SRSF3,0.654,0.000118457,0.00806388
CCNB1,UBE2T,0.654,0.000118457,0.00806388
ADAMTS9,EBF1,0.654,0.000118457,0.00806388
GLUL,TTPAL,0.654,0.000118457,0.00806388
CALU,RUNX1-IT1,0.654,0.000118457,0.00806388
ARHGEF15,SETD5,-0.654,0.000120349,0.00814455
FNDC1,MAPK13,-0.654,0.000120349,0.00814455
HLA-DRA,RUNX1-IT1,0.654,0.000120349,0.00814455
AOC3,CLDN5,0.654,0.000120349,0.00814455
DMD,MIA,0.654,0.000120349,0.00814455
LOC100506558,MIR143HG,0.654,0.000120349,0.00814455
FAT2,SFRP1,0.654,0.000120349,0.00814455
CFD,EDNRB,0.654,0.000120349,0.00814455
ARFGEF1,RAB1A,0.654,0.000120349,0.00814455
ARPC5,NREP,0.654,0.000120349,0.00814455
FAR1,RAB1A,0.654,0.000120349,0.00814455
LOC100190986,PTER,0.654,0.000120349,0.00814455
ARF4,C16orf72,0.654,0.000120349,0.00814455
CTNNA1,YIPF5,0.654,0.000120349,0.00814455
OCIAD1,UEVLD,0.654,0.000120349,0.00814455
ALYREF,HN1,0.654,0.000120349,0.00814455
CHRDL1,FXYD1,0.654,0.000120349,0.00814455
COMP,FAP,0.654,0.000120349,0.00814455
COL5A1,KDELR3,0.654,0.000120349,0.00814455
GSPT1,VWF,-0.653,0.000122268,0.00821093
AKR1C2,TMEM132C,0.653,0.000122268,0.00821093
GPX3,MEOX1,0.653,0.000122268,0.00821093
DDX42,GDE1,0.653,0.000122268,0.00821093
RASIP1,SIK2,0.653,0.000122268,0.00821093
BZW1,RIOK3,0.653,0.000122268,0.00821093
BZW1,MIER3,0.653,0.000122268,0.00821093
CFD,DMD,0.653,0.000122268,0.00821093
LIPE,VWF,0.653,0.000122268,0.00821093
PEAR1,PIGR,0.653,0.000122268,0.00821093
FXYD1,PIGR,0.653,0.000122268,0.00821093
CDC5L,STIP1,0.653,0.000122268,0.00821093
CCT2,MATR3,0.653,0.000122268,0.00821093
DICER1,FUS,0.653,0.000122268,0.00821093
C16orf13,SEC23IP,0.653,0.000122268,0.00821093
ASCC1,B3GNT2,0.653,0.000122268,0.00821093
AC092192.1,SH3GL3,0.653,0.000122268,0.00821093
GDI2,TMEM230,0.653,0.000122268,0.00821093
ARPC5,HNRNPF,0.653,0.000122268,0.00821093
SEPT2,UBE4B,0.653,0.000122268,0.00821093
DCTD,PIK3C2A,0.653,0.000122268,0.00821093
FNDC1,TNFRSF19,0.653,0.000122268,0.00821093
C12orf75,THY1,0.653,0.000122268,0.00821093
COL10A1,NID2,0.653,0.000122268,0.00821093
GXYLT2,MFAP2,0.653,0.000122268,0.00821093
DCTN4,DDX42,0.653,0.000124214,0.00828315
ADAMTS9-AS2,TNXA,0.653,0.000124214,0.00828315
ATP6V1A,ESRP1,0.653,0.000124214,0.00828315
CDC42EP5,NR3C2,0.653,0.000124214,0.00828315
CCM2L,EDNRB,0.653,0.000124214,0.00828315
ADH1C,ITIH5,0.653,0.000124214,0.00828315
RNF115,ZNF281,0.653,0.000124214,0.00828315
C16orf13,TMEM50B,0.653,0.000124214,0.00828315
SFRP1,TNXA,0.653,0.000124214,0.00828315
NDRG2,NES,0.653,0.000124214,0.00828315
OSTC,YWHAZ,0.653,0.000124214,0.00828315
EDEM3,GLUL,0.653,0.000124214,0.00828315
C16orf72,NREP,0.653,0.000124214,0.00828315
ARFIP1,TAB2,0.653,0.000124214,0.00828315
CLIC4,SPOCK1,0.653,0.000124214,0.00828315
CALU,NREP,0.653,0.000124214,0.00828315
OPHN1,TCTN2,0.653,0.000124214,0.00828315
ARFIP1,MAPRE1,0.653,0.000124214,0.00828315
CTNNA1,LAMP1,0.653,0.000124214,0.00828315
AL833181,RASIP1,0.653,0.000124214,0.00828315
AKR1C2,ITGA7,0.653,0.000124214,0.00828315
COL5A2,OLFML2B,0.653,0.000124214,0.00828315
DNM3OS,SERPINH1,0.653,0.000124214,0.00828315
LIPE,TMEM230,-0.652,0.000126188,0.00835618
ACSS2,COL5A1,-0.652,0.000126188,0.00835618
CLDN5,GPX3,0.652,0.000126188,0.00835618
BZW1,SRSF3,0.652,0.000126188,0.00835618
PGM5,PLAC9,0.652,0.000126188,0.00835618
CFD,SAMD5,0.652,0.000126188,0.00835618
ARHGDIB,MRPL42,0.652,0.000126188,0.00835618
APPL2,NR3C2,0.652,0.000126188,0.00835618
PLIN4,VWF,0.652,0.000126188,0.00835618
RAD21,TPD52,0.652,0.000126188,0.00835618
HSP90AB1,MATR3,0.652,0.000126188,0.00835618
DST,GABRP,0.652,0.000126188,0.00835618
TMX1,TSN,0.652,0.000126188,0.00835618
EIF4E,OSTC,0.652,0.000126188,0.00835618
FAR1,SCARB2,0.652,0.000126188,0.00835618
JAK1,SERPINH1,0.652,0.000126188,0.00835618
NID2,OSTC,0.652,0.000126188,0.00835618
MFAP2,PRRX1,0.652,0.000126188,0.00835618
AK094644,SH3GL3,0.652,0.000126188,0.00835618
LAMP1,MAPRE1,0.652,0.000126188,0.00835618
GOLGA7,TSN,0.652,0.000126188,0.00835618
PAMR1,TRIM29,0.652,0.000126188,0.00835618
CCDC3,LMOD1,0.652,0.000126188,0.00835618
F11R,LRRN4CL,-0.652,0.00012819,0.00844018
FCRL2,LSM4,-0.652,0.00012819,0.00844018
GPX3,TNXA,0.652,0.00012819,0.00844018
ANKRD35,SFRP2,0.652,0.00012819,0.00844018
ANKRD35,DMD,0.652,0.00012819,0.00844018
CLIC4,EIF4A2,0.652,0.00012819,0.00844018
LOC100190986,NOLC1,0.652,0.00012819,0.00844018
ANKRD35,EBF1,0.652,0.00012819,0.00844018
ADAMTS9-AS2,CHRDL1,0.652,0.00012819,0.00844018
ATP6V1A,CTNNA1,0.652,0.00012819,0.00844018
DNAJB1,RHOB,0.652,0.00012819,0.00844018
SAE1,YWHAZ,0.652,0.00012819,0.00844018
CLIC4,CTNNA1,0.652,0.00012819,0.00844018
FNDC1,TIMP3,0.652,0.00012819,0.00844018
COL12A1,PLAUR,0.652,0.00012819,0.00844018
MRPL42,PSMD10,0.652,0.00012819,0.00844018
ID4,SFRP1,0.652,0.00012819,0.00844018
ABI1,CD46,0.652,0.00012819,0.00844018
CALU,VCAN,0.652,0.00012819,0.00844018
KDELR3,SCCPDH,-0.651,0.000130219,0.00853272
SCOC,TSPAN31,0.651,0.000130219,0.00853272
CILP,COL3A1,0.651,0.000130219,0.00853272
ADAMTS9,ITGA7,0.651,0.000130219,0.00853272
LOC101927027,SP1,0.651,0.000130219,0.00853272
AGTRAP,SAE1,0.651,0.000130219,0.00853272
ANGPT1,VIT,0.651,0.000130219,0.00853272
SELT,UEVLD,0.651,0.000130219,0.00853272
ADAMTS5,MFGE8,0.651,0.000130219,0.00853272
COL8A2,WNT5A,0.651,0.000130219,0.00853272
ARPC5,MRPL42,0.651,0.000130219,0.00853272
FAT2,TRIM29,0.651,0.000130219,0.00853272
ECT2,ZWINT,0.651,0.000130219,0.00853272
CDC42EP5,ENPP2,0.651,0.000130219,0.00853272
AGPAT9,BIN1,0.651,0.000130219,0.00853272
COL8A2,MICAL2,0.651,0.000130219,0.00853272
PTPRS,ZNF595,-0.651,0.000132277,0.00862881
RIOK3,SOD3,-0.651,0.000132277,0.00862881
KLHL29,RASIP1,0.651,0.000132277,0.00862881
BZW1,TMEM245,0.651,0.000132277,0.00862881
CD36,CDKN2C,0.651,0.000132277,0.00862881
CRYAB,KLHL13,0.651,0.000132277,0.00862881
GDE1,SCOC,0.651,0.000132277,0.00862881
C1QTNF6,PRRX1,0.651,0.000132277,0.00862881
GJB2,TRIM59,0.651,0.000132277,0.00862881
CLIC4,FAP,0.651,0.000132277,0.00862881
MAPRE1,RHOA,0.651,0.000132277,0.00862881
ARPC5,PPP1R11,0.651,0.000132277,0.00862881
ARFIP1,MIER3,0.651,0.000132277,0.00862881
ADAMTS9-AS2,NR3C2,0.651,0.000132277,0.00862881
EDNRB,SIK2,0.651,0.000132277,0.00862881
BIN1,LINC00408,-0.651,0.000132978,0.00867194
CIDEC,PRPF31,-0.65,0.000134364,0.00870524
KDM5B,KIAA0101,-0.65,0.000134364,0.00870524
CRABP1,MME,0.65,0.000134364,0.00870524
KIT,RASIP1,0.65,0.000134364,0.00870524
RASIP1,RGMA,0.65,0.000134364,0.00870524
RGMA,SOX10,0.65,0.000134364,0.00870524
BTNL9,FOXC1,0.65,0.000134364,0.00870524
CLEC3B,EDNRB,0.65,0.000134364,0.00870524
CD46,HSP90AB1,0.65,0.000134364,0.00870524
DDA1,SRSF3,0.65,0.000134364,0.00870524
COL12A1,TRIM59,0.65,0.000134364,0.00870524
ANKH,COL10A1,0.65,0.000134364,0.00870524
DCTD,MRPL42,0.65,0.000134364,0.00870524
TMEM245,UBE2N,0.65,0.000134364,0.00870524
DCTD,RRM1,0.65,0.000134364,0.00870524
CREB1,SYPL1,0.65,0.000134364,0.00870524
C16orf72,TSN,0.65,0.000134364,0.00870524
RHOA,SP1,0.65,0.000134364,0.00870524
AKR1C3,SOD3,0.65,0.000134364,0.00870524
EBF1,SFRP1,0.65,0.000134364,0.00870524
GMFB,MATR3,0.65,0.000134364,0.00870524
C1QTNF6,FNDC1,0.65,0.000134364,0.00870524
FOLR1,KCTD14,0.65,0.000135075,0.00874871
STARD10,TRIQK,-0.65,0.00013648,0.00877994
ACSS2,COL5A2,-0.65,0.00013648,0.00877994
GATA3,SERPINH1,-0.65,0.00013648,0.00877994
CSNK1A1,PDE2A,-0.65,0.00013648,0.00877994
CES1,DMD,0.65,0.00013648,0.00877994
ANKRD29,TMEM100,0.65,0.00013648,0.00877994
DDX42,PRPF31,0.65,0.00013648,0.00877994
ABCA8,ANKRD35,0.65,0.00013648,0.00877994
LMOD1,RGMA,0.65,0.00013648,0.00877994
DDX42,MATR3,0.65,0.00013648,0.00877994
KCTD5,MAPRE1,0.65,0.00013648,0.00877994
MAMDC2,PAMR1,0.65,0.00013648,0.00877994
TMEM50B,UEVLD,0.65,0.00013648,0.00877994
LOC100271840,TRIM59,0.65,0.00013648,0.00877994
GNAI3,UBE2N,0.65,0.00013648,0.00877994
EZR,RAD1,0.65,0.00013648,0.00877994
MAPRE1,NAPA,0.65,0.00013648,0.00877994
FBN1,STK38,0.65,0.00013648,0.00877994
ALOX5AP,STK38,0.65,0.00013648,0.00877994
BRCC3,MRPL42,0.65,0.00013648,0.00877994
RIOK3,TSN,0.65,0.00013648,0.00877994
ARPC5,CTNNA1,0.65,0.00013648,0.00877994
CCDC3,MEOX1,0.65,0.00013648,0.00877994
DPY19L2P2,ZFP36L2,-0.649,0.000138625,0.00886064
ANKRD29,TNXA,0.649,0.000138625,0.00886064
BAG2,PID1,0.649,0.000138625,0.00886064
BZW1,COMMD10,0.649,0.000138625,0.00886064
C16orf72,CSNK1A1,0.649,0.000138625,0.00886064
ADAMTS9,COL6A6,0.649,0.000138625,0.00886064
CAPN3,MEOX1,0.649,0.000138625,0.00886064
FNIP1,RIOK3,0.649,0.000138625,0.00886064
DDA1,STIP1,0.649,0.000138625,0.00886064
B3GNT2,COMMD10,0.649,0.000138625,0.00886064
B3GNT2,CFL1,0.649,0.000138625,0.00886064
ETNK1,UEVLD,0.649,0.000138625,0.00886064
EIF4E,LAPTM4B,0.649,0.000138625,0.00886064
CTGF,STK38,0.649,0.000138625,0.00886064
PSMD10,SLC30A5,0.649,0.000138625,0.00886064
DCTN4,SP1,0.649,0.000138625,0.00886064
AKR1C2,FMO2,0.649,0.000138625,0.00886064
ADH1B,CIDEC,0.649,0.000138625,0.00886064
ADAMTS5,CILP,0.649,0.000138625,0.00886064
IGFBP6,MEOX1,0.649,0.000138625,0.00886064
CDC42EP5,MID1,0.649,0.000138625,0.00886064
CDH11,GREM1,0.649,0.000138625,0.00886064
LIPE,RIOK3,-0.649,0.000140801,0.00895261
COL3A1,SCCPDH,-0.649,0.000140801,0.00895261
DNAJB1,FCRL2,-0.649,0.000140801,0.00895261
DICER1,SP1,0.649,0.000140801,0.00895261
AOC3,EDNRB,0.649,0.000140801,0.00895261
DMD,GNAL,0.649,0.000140801,0.00895261
GSPT1,KCTD5,0.649,0.000140801,0.00895261
AGTRAP,OAZ2,0.649,0.000140801,0.00895261
KLHL29,LGR6,0.649,0.000140801,0.00895261
CAPN3,FOXC1,0.649,0.000140801,0.00895261
ABCA8,ITIH5,0.649,0.000140801,0.00895261
CRYAB,PADI2,0.649,0.000140801,0.00895261
M6PR,NIPBL,0.649,0.000140801,0.00895261
FAR1,PSMD10,0.649,0.000140801,0.00895261
FOXC1,LRRN4CL,0.649,0.000140801,0.00895261
CCL14,ENPP2,0.649,0.000140801,0.00895261
CCDC3,IGFBP6,0.649,0.000140801,0.00895261
ABI1,MATR3,0.649,0.000140801,0.00895261
BGN,NAPA,-0.648,0.000143006,0.00902986
ANKRD29,RASIP1,0.648,0.000143006,0.00902986
ANKRD29,DMD,0.648,0.000143006,0.00902986
ATP6V1A,DSG2,0.648,0.000143006,0.00902986
LRRC41,YIF1B,0.648,0.000143006,0.00902986
GDE1,KCTD5,0.648,0.000143006,0.00902986
DNAJB1,PGRMC1,0.648,0.000143006,0.00902986
AIFM2,TPP1,0.648,0.000143006,0.00902986
CX3CL1,OXTR,0.648,0.000143006,0.00902986
CCT2,NREP,0.648,0.000143006,0.00902986
GALNT10,RUNX1-IT1,0.648,0.000143006,0.00902986
PLAUR,SERPINH1,0.648,0.000143006,0.00902986
C1orf56,LARP4B,0.648,0.000143006,0.00902986
ALOX5AP,B3GNT2,0.648,0.000143006,0.00902986
ARPC5,YWHAE,0.648,0.000143006,0.00902986
ARHGEF4,FZD4,0.648,0.000143006,0.00902986
NDRG2,SOX10,0.648,0.000143006,0.00902986
DMD,KIT,0.648,0.000143006,0.00902986
BIN1,ENPP2,0.648,0.000143006,0.00902986
CD46,KDM5B,0.648,0.000143006,0.00902986
DNAJC3,UBE2H,0.648,0.000143006,0.00902986
COL6A1,VCAN,0.648,0.000143006,0.00902986
C1QTNF6,CALU,0.648,0.000143006,0.00902986
C1QTNF3,POSTN,0.648,0.000143006,0.00902986
ALDH1L1,SCN3A,-0.648,0.000145242,0.00911058
GNAI1,MAMDC2,0.648,0.000145242,0.00911058
ADH1B,FAT2,0.648,0.000145242,0.00911058
CCL14,RAPGEF3,0.648,0.000145242,0.00911058
BZW1,PRPF31,0.648,0.000145242,0.00911058
NOLC1,PIK3C2A,0.648,0.000145242,0.00911058
ATP6V1A,RAB14,0.648,0.000145242,0.00911058
KRT5,MAMDC2,0.648,0.000145242,0.00911058
HSP90AB1,SERINC3,0.648,0.000145242,0.00911058
HN1,STK38,0.648,0.000145242,0.00911058
CCT2,DDA1,0.648,0.000145242,0.00911058
EZR,YIPF5,0.648,0.000145242,0.00911058
NAPA,OCIAD1,0.648,0.000145242,0.00911058
M6PR,UEVLD,0.648,0.000145242,0.00911058
CREB1,FAR1,0.648,0.000145242,0.00911058
EDEM3,LOC441259,0.648,0.000145242,0.00911058
DICER1,MATR3,0.648,0.000145242,0.00911058
ARPC5,UBE2N,0.648,0.000145242,0.00911058
GATA3,KCTD3,0.648,0.000145242,0.00911058
KLHL29,SEMA3G,0.648,0.000145242,0.00911058
CERS6,FOXA1,0.648,0.000145242,0.00911058
GLUL,TMEM50B,0.648,0.000145242,0.00911058
C1QTNF6,COL8A2,0.648,0.000145242,0.00911058
ARHGEF15,RAB5A,-0.647,0.000147509,0.00921843
CCM2L,DSG2,-0.647,0.000147509,0.00921843
CNTNAP3,LGALS12,-0.647,0.000147509,0.00921843
ABI1,ATP6V1A,0.647,0.000147509,0.00921843
ADAMTS9-AS2,CCDC3,0.647,0.000147509,0.00921843
NPR1,SOSTDC1,0.647,0.000147509,0.00921843
ADAMTS9-AS2,PAMR1,0.647,0.000147509,0.00921843
CRYAB,HSPB2,0.647,0.000147509,0.00921843
KLHL13,TRIM29,0.647,0.000147509,0.00921843
CLIC4,CTHRC1,0.647,0.000147509,0.00921843
GDI2,RHOA,0.647,0.000147509,0.00921843
MAMDC2,PIGR,0.647,0.000147509,0.00921843
ID4,KLHL29,0.647,0.000147509,0.00921843
CSNK1A1,VWF,-0.647,0.000149808,0.00931948
CHRDL1,G0S2,0.647,0.000149808,0.00931948
FZD4,INMT,0.647,0.000149808,0.00931948
ADAMTS9-AS2,PIGR,0.647,0.000149808,0.00931948
FRYL,POGK,0.647,0.000149808,0.00931948
FXYD1,RSPO3,0.647,0.000149808,0.00931948
PIK3C2A,TMX1,0.647,0.000149808,0.00931948
CDC5L,GLUL,0.647,0.000149808,0.00931948
UBE4B,VTA1,0.647,0.000149808,0.00931948
M6PR,PIK3C2A,0.647,0.000149808,0.00931948
FKBP14,TIMP3,0.647,0.000149808,0.00931948
JAK1,PRRX1,0.647,0.000149808,0.00931948
CTNNA1,SETD5,0.647,0.000149808,0.00931948
DCTD,PSMD10,0.647,0.000149808,0.00931948
MIER3,NIPBL,0.647,0.000149808,0.00931948
GFPT1,SLC33A1,0.647,0.000149808,0.00931948
FOLR1,RBPMS2,0.646,0.000151759,0.00941624
COL5A1,DOPEY2,-0.646,0.000152138,0.00941624
CDC42EP5,TF,0.646,0.000152138,0.00941624
CCL14,G0S2,0.646,0.000152138,0.00941624
ALDH1L1,VIT,0.646,0.000152138,0.00941624
ARFGEF1,GDE1,0.646,0.000152138,0.00941624
CCM2L,INMT,0.646,0.000152138,0.00941624
SOSTDC1,TNPO1,0.646,0.000152138,0.00941624
EGF,PALMD,0.646,0.000152138,0.00941624
CDC42EP5,F2RL2,0.646,0.000152138,0.00941624
ENPP2,ITIH5,0.646,0.000152138,0.00941624
MATR3,SCARB2,0.646,0.000152138,0.00941624
ASCC1,COMMD10,0.646,0.000152138,0.00941624
CDC5L,MAPRE1,0.646,0.000152138,0.00941624
SLC30A5,UEVLD,0.646,0.000152138,0.00941624
GOLGA7,SP1,0.646,0.000152138,0.00941624
FNDC1,OLFML2B,0.646,0.000152138,0.00941624
MICAL2,PPAPDC1A,0.646,0.000152138,0.00941624
ADH1C,AOC3,0.646,0.0001545,0.00951936
ACVR1C,PC,0.646,0.0001545,0.00951936
ADAMTS9-AS2,IGFBP6,0.646,0.0001545,0.00951936
G0S2,MARC1,0.646,0.0001545,0.00951936
PID1,SOX10,0.646,0.0001545,0.00951936
ALYREF,MAPRE1,0.646,0.0001545,0.00951936
CFL1,JAK1,0.646,0.0001545,0.00951936
OCIAD1,SLC17A5,0.646,0.0001545,0.00951936
GDE1,PGRMC1,0.646,0.0001545,0.00951936
PBX1,SIDT1,0.646,0.0001545,0.00951936
MAPRE1,YIPF5,0.646,0.0001545,0.00951936
CREB1,ZNF146,0.646,0.0001545,0.00951936
ADIPOQ,RBP4,0.646,0.0001545,0.00951936
AGPAT9,ANKDD1A,0.646,0.0001545,0.00951936
IGFBP6,PEAR1,0.646,0.0001545,0.00951936
BAG2,BGN,0.646,0.0001545,0.00951936
CA3,LINC00408,0.645,0.000156506,0.00962894
COL5A1,MAPK13,-0.645,0.000156895,0.00962894
FNDC1,TBC1D9,-0.645,0.000156895,0.00962894
AKR1C2,ENPP2,0.645,0.000156895,0.00962894
HNRNPF,NOLC1,0.645,0.000156895,0.00962894
C2orf40,RGMA,0.645,0.000156895,0.00962894
C1S,GNB1,0.645,0.000156895,0.00962894
LOC100190986,RAD1,0.645,0.000156895,0.00962894
MATR3,YIPF5,0.645,0.000156895,0.00962894
NES,PIGR,0.645,0.000156895,0.00962894
RHOA,ZNF146,0.645,0.000156895,0.00962894
LSM4,STIP1,0.645,0.000156895,0.00962894
G0S2,PPP1R1A,0.645,0.000156895,0.00962894
FBN1,TNFRSF19,0.645,0.000156895,0.00962894
DOPEY2,SERPINH1,-0.645,0.000159322,0.00971253
ADAMTS9-AS2,ITGA7,0.645,0.000159322,0.00971253
ITGA7,NES,0.645,0.000159322,0.00971253
AGTRAP,TSPAN31,0.645,0.000159322,0.00971253
CCNB1,TMEM206,0.645,0.000159322,0.00971253
FAM13A-AS1,SYNPO2,0.645,0.000159322,0.00971253
ETNK1,MIA3,0.645,0.000159322,0.00971253
M6PR,SLC33A1,0.645,0.000159322,0.00971253
BTNL9,NES,0.645,0.000159322,0.00971253
DNAJB1,PSMD10,0.645,0.000159322,0.00971253
GPM6B,LARP6,0.645,0.000159322,0.00971253
SP1,TMEM50B,0.645,0.000159322,0.00971253
CYB5R3,STIP1,0.645,0.000159322,0.00971253
DDA1,SAE1,0.645,0.000159322,0.00971253
CD9,TPD52,0.645,0.000159322,0.00971253
PRPF31,SAR1B,0.645,0.000159322,0.00971253
C1QTNF6,OSTC,0.645,0.000159322,0.00971253
CCT2,SETD5,0.645,0.000159322,0.00971253
HNRNPF,HSP90AB1,0.645,0.000159322,0.00971253
NDRG2,SOSTDC1,0.645,0.000159322,0.00971253
IGF1R,RNF115,0.645,0.000159322,0.00971253
GXYLT2,RUNX2,0.645,0.000159322,0.00971253
COL12A1,OLFML2B,0.645,0.000159322,0.00971253
CDH11,DNM3OS,0.645,0.000159322,0.00971253
CKS2,USP21,-0.644,0.000161783,0.0098106
HSPB2,SCN4B,0.644,0.000161783,0.0098106
CXorf40A,LYPLA1,0.644,0.000161783,0.0098106
EDNRB,WIF1,0.644,0.000161783,0.0098106
GFPT1,RAB14,0.644,0.000161783,0.0098106
FBP1,TMEM9,0.644,0.000161783,0.0098106
ENPP2,FOXC1,0.644,0.000161783,0.0098106
ARFGEF1,MAPRE1,0.644,0.000161783,0.0098106
GNAI3,GNB1,0.644,0.000161783,0.0098106
M6PR,SRSF3,0.644,0.000161783,0.0098106
PLAUR,THY1,0.644,0.000161783,0.0098106
FBN1,JAK1,0.644,0.000161783,0.0098106
PRPF31,RAB5A,0.644,0.000161783,0.0098106
HNRNPF,RAD1,0.644,0.000161783,0.0098106
CTB-50L17.7,OAZ2,0.644,0.000161783,0.0098106
C16orf72,TMEM230,0.644,0.000161783,0.0098106
ABI1,LOC100190986,0.644,0.000161783,0.0098106
COL3A1,MFAP2,0.644,0.000161783,0.0098106
COL3A1,SPOCK1,0.644,0.000161783,0.0098106
HSPD1,TMEFF2,-0.644,0.000164277,0.0099042
DNM3OS,F2RL2,0.644,0.000164277,0.0099042
MAMDC2,POU6F1,0.644,0.000164277,0.0099042
MEOX1,PGM5,0.644,0.000164277,0.0099042
ENPP2,NDRG2,0.644,0.000164277,0.0099042
C16orf72,GLUD2,0.644,0.000164277,0.0099042
CRYAB,LARP6,0.644,0.000164277,0.0099042
SOSTDC1,TRIM29,0.644,0.000164277,0.0099042
GLUL,TSN,0.644,0.000164277,0.0099042
CREB1,CYB5R3,0.644,0.000164277,0.0099042
ASAP1,PSMD10,0.644,0.000164277,0.0099042
ASPN,INHBA,0.644,0.000164277,0.0099042
GREM1,INHBA,0.644,0.000164277,0.0099042
CALU,YWHAH,0.644,0.000164277,0.0099042
BRCC3,RIOK3,0.644,0.000164277,0.0099042
CCT2,YIPF5,0.644,0.000164277,0.0099042
IRX1,KLHL13,0.644,0.000164277,0.0099042
IRX1,NDRG2,0.644,0.000164277,0.0099042
P4HB,TPP1,0.644,0.000164277,0.0099042
RUNX1-IT1,THY1,0.644,0.000164277,0.0099042
C1QTNF3,FBN1,0.644,0.000164277,0.0099042
LIPE,RAD1,-0.643,0.000166805,0.0100043
FAT2,FMO2,0.643,0.000166805,0.0100043
MIA,PROM1,0.643,0.000166805,0.0100043
DDX42,RIOK3,0.643,0.000166805,0.0100043
EDEM3,MIA3,0.643,0.000166805,0.0100043
BLVRA,STARD10,0.643,0.000166805,0.0100043
ADAMTS9-AS2,KLHL29,0.643,0.000166805,0.0100043
DDA1,EZR,0.643,0.000166805,0.0100043
CFD,PIGR,0.643,0.000166805,0.0100043
ITIH5,LRRN4CL,0.643,0.000166805,0.0100043
BTNL9,TF,0.643,0.000166805,0.0100043
SOSTDC1,SYNM,0.643,0.000166805,0.0100043
TTPAL,YWHAE,0.643,0.000166805,0.0100043
FRYL,GLUL,0.643,0.000166805,0.0100043
GDE1,MAPRE1,0.643,0.000166805,0.0100043
CD9,DCTN4,0.643,0.000166805,0.0100043
GJB2,OSTC,0.643,0.000166805,0.0100043
NIPBL,SYPL1,0.643,0.000166805,0.0100043
EZR,GDE1,0.643,0.000166805,0.0100043
RAPGEF3,YWHAZ,-0.643,0.000169368,0.0101108
CD36,RASIP1,0.643,0.000169368,0.0101108
FOXC1,RASIP1,0.643,0.000169368,0.0101108
GPR146,ROBO4,0.643,0.000169368,0.0101108
LOC100190986,RAB5A,0.643,0.000169368,0.0101108
MRPL42,TMX1,0.643,0.000169368,0.0101108
COMMD10,REL,0.643,0.000169368,0.0101108
RAB14,YWHAE,0.643,0.000169368,0.0101108
STK38,TIMP3,0.643,0.000169368,0.0101108
JAK1,VTA1,0.643,0.000169368,0.0101108
CCT2,RIOK3,0.643,0.000169368,0.0101108
CTNNA1,RIOK3,0.643,0.000169368,0.0101108
PPP2R5C,SELT,0.643,0.000169368,0.0101108
EDNRB,SFRP1,0.643,0.000169368,0.0101108
DSG2,GMFB,0.643,0.000169368,0.0101108
CFD,VWF,0.643,0.000169368,0.0101108
ASPN,OLFML2B,0.643,0.000169368,0.0101108
BIN1,GATA3,-0.642,0.000171966,0.0102074
LOC100190986,TNPO1,-0.642,0.000171966,0.0102074
PTPRZ1,RASL10A,-0.642,0.000171966,0.0102074
GPR146,MYZAP,0.642,0.000171966,0.0102074
KANK3,RAPGEF3,0.642,0.000171966,0.0102074
PSMD10,TSPAN31,0.642,0.000171966,0.0102074
PBX1,POGK,0.642,0.000171966,0.0102074
SRPK2,UBE2H,0.642,0.000171966,0.0102074
F11R,RNF115,0.642,0.000171966,0.0102074
BRCC3,NOLC1,0.642,0.000171966,0.0102074
OCIAD1,POLR3K,0.642,0.000171966,0.0102074
PIK3C2A,STIP1,0.642,0.000171966,0.0102074
DMD,OXTR,0.642,0.000171966,0.0102074
CD9,PIK3C2A,0.642,0.000171966,0.0102074
RAB14,UEVLD,0.642,0.000171966,0.0102074
FN1,INHBA,0.642,0.000171966,0.0102074
GDI2,UBE2N,0.642,0.000171966,0.0102074
IRX1,SOX10,0.642,0.000171966,0.0102074
CCDC3,KLHL29,0.642,0.000171966,0.0102074
C12orf75,RP3-428L16.2,0.642,0.000171966,0.0102074
FN1,GREM1,0.642,0.000171966,0.0102074
DEFB1,IRX1,0.642,0.000172855,0.0102574
FAM214A,POSTN,-0.642,0.000174598,0.0103105
CRABP1,KCNN4,0.642,0.000174598,0.0103105
BAG2,LMOD1,0.642,0.000174598,0.0103105
ADH1B,AKR1C3,0.642,0.000174598,0.0103105
ADAMTS9-AS2,SOSTDC1,0.642,0.000174598,0.0103105
PID1,SCN4B,0.642,0.000174598,0.0103105
CDC5L,SELT,0.642,0.000174598,0.0103105
ID4,IRX1,0.642,0.000174598,0.0103105
SLC35A3,TMX1,0.642,0.000174598,0.0103105
B3GNT2,HLA-DRA,0.642,0.000174598,0.0103105
GABRP,PAMR1,0.642,0.000174598,0.0103105
ARPC5,GNAI3,0.642,0.000174598,0.0103105
MIER3,TSN,0.642,0.000174598,0.0103105
MAPRE1,UEVLD,0.642,0.000174598,0.0103105
LRIF1,NAPA,0.642,0.000174598,0.0103105
COL6A1,MICAL2,0.642,0.000174598,0.0103105
FBN1,GREM1,0.642,0.000174598,0.0103105
FKBP14,POSTN,0.642,0.000174598,0.0103105
CERS2,MS4A7,-0.641,0.000177267,0.010398
COL6A1,FAM214A,-0.641,0.000177267,0.010398
LOC100271840,PRIMA1,-0.641,0.000177267,0.010398
CCDC3,CES1,0.641,0.000177267,0.010398
AOC3,PALMD,0.641,0.000177267,0.010398
MAMDC2,SCN4B,0.641,0.000177267,0.010398
ADH1C,BTNL9,0.641,0.000177267,0.010398
ASCC1,C14orf142,0.641,0.000177267,0.010398
ADAMTS9-AS2,GPM6B,0.641,0.000177267,0.010398
ID4,MAMDC2,0.641,0.000177267,0.010398
COL6A6,MEOX1,0.641,0.000177267,0.010398
ROBO4,SIK2,0.641,0.000177267,0.010398
DSG2,HNRNPF,0.641,0.000177267,0.010398
IRX1,PAMR1,0.641,0.000177267,0.010398
MRPL42,RAB5A,0.641,0.000177267,0.010398
PRPF31,TPD52,0.641,0.000177267,0.010398
RAB5A,UBE2N,0.641,0.000177267,0.010398
CTB-50L17.7,GDI2,0.641,0.000177267,0.010398
PRPF31,RHOA,0.641,0.000177267,0.010398
CFL1,CREB1,0.641,0.000177267,0.010398
RELN,SCARA5,0.641,0.000177267,0.010398
C12orf75,MS4A7,0.641,0.000177267,0.010398
COL6A1,COL8A2,0.641,0.000177267,0.010398
SERPINH1,SFRP2,0.641,0.000177267,0.010398
C1QTNF3,CALU,0.641,0.000177267,0.010398
CD9,SEMA3G,-0.641,0.000179971,0.0105143
FABP4,MEOX1,0.641,0.000179971,0.0105143
AL833181,SYNM,0.641,0.000179971,0.0105143
CSNK1A1,TMX1,0.641,0.000179971,0.0105143
CERS2,MIA3,0.641,0.000179971,0.0105143
FAT2,LOC100506558,0.641,0.000179971,0.0105143
ARFIP1,GFPT1,0.641,0.000179971,0.0105143
KLHL13,KLHL29,0.641,0.000179971,0.0105143
GNB1,STK38,0.641,0.000179971,0.0105143
GLUD2,UEVLD,0.641,0.000179971,0.0105143
COL5A2,TIMP3,0.641,0.000179971,0.0105143
OLFML2B,PLAUR,0.641,0.000179971,0.0105143
ARF4,SEPT2,0.641,0.000179971,0.0105143
GPX3,PLIN4,0.641,0.000179971,0.0105143
ADAMTS9,PLAC9,0.641,0.000179971,0.0105143
COL5A2,TMEM9,-0.64,0.000182712,0.0106262
ARF4,CALU,0.64,0.000182712,0.0106262
ITGA7,PALMD,0.64,0.000182712,0.0106262
ARF4,BZW1,0.64,0.000182712,0.0106262
MAMDC2,MIA,0.64,0.000182712,0.0106262
ESRP1,GSPT1,0.64,0.000182712,0.0106262
ABCA8,CRYAB,0.64,0.000182712,0.0106262
GABRP,RNF150,0.64,0.000182712,0.0106262
ID4,TNXA,0.64,0.000182712,0.0106262
EDNRB,PIGR,0.64,0.000182712,0.0106262
DMD,LOC100506558,0.64,0.000182712,0.0106262
LAPTM4B,PRPF31,0.64,0.000182712,0.0106262
GNAI3,JAK1,0.64,0.000182712,0.0106262
NPR1,VWF,0.64,0.000182712,0.0106262
COL5A2,SFRP2,0.64,0.000182712,0.0106262
C1QTNF3,FAP,0.64,0.000182712,0.0106262
C1QTNF3,VCAN,0.64,0.000182712,0.0106262
ALDH1A2,TF,0.64,0.000183652,0.010678
CSNK1A1,MME,-0.64,0.00018549,0.0107335
FZD4,ITGA7,0.64,0.00018549,0.0107335
EDNRB,FMO2,0.64,0.00018549,0.0107335
CNN1,GNAL,0.64,0.00018549,0.0107335
CCM2L,SOD3,0.64,0.00018549,0.0107335
GNAL,LMOD1,0.64,0.00018549,0.0107335
HSPD1,PRPF31,0.64,0.00018549,0.0107335
PLAUR,STK38,0.64,0.00018549,0.0107335
NIPBL,UBE2N,0.64,0.00018549,0.0107335
RAB1A,SYPL1,0.64,0.00018549,0.0107335
DCTD,GDI2,0.64,0.00018549,0.0107335
UEVLD,YIPF5,0.64,0.00018549,0.0107335
GABRP,LARP6,0.64,0.00018549,0.0107335
PPP1R1A,RBP4,0.64,0.00018549,0.0107335
AGPAT9,IGFBP6,0.64,0.00018549,0.0107335
NPR1,ROBO4,0.64,0.00018549,0.0107335
MFAP2,VCAN,0.64,0.00018549,0.0107335
COL3A1,RP3-428L16.2,0.64,0.00018549,0.0107335
DSG2,ITGA7,-0.639,0.000188305,0.010822
ACSS2,VCAN,-0.639,0.000188305,0.010822
ATP1A2,C12orf5,-0.639,0.000188305,0.010822
DLK1,SLC29A4,-0.639,0.000188305,0.010822
RBP7,SAA1,0.639,0.000188305,0.010822
ATP6V1A,GLUL,0.639,0.000188305,0.010822
AGTRAP,CTB-50L17.7,0.639,0.000188305,0.010822
ENPP2,MIR143HG,0.639,0.000188305,0.010822
GPM6B,SCN4B,0.639,0.000188305,0.010822
CRYAB,MIR143HG,0.639,0.000188305,0.010822
DST,MIR143HG,0.639,0.000188305,0.010822
FXYD1,NDRG2,0.639,0.000188305,0.010822
AGPAT9,ITIH5,0.639,0.000188305,0.010822
KDM4B,LOC101928189,0.639,0.000188305,0.010822
GOLGA7,LYPLA1,0.639,0.000188305,0.010822
RUNX2,TIMP3,0.639,0.000188305,0.010822
ASPN,PRRX1,0.639,0.000188305,0.010822
BAG2,TIMP3,0.639,0.000188305,0.010822
ARFIP1,LAMP1,0.639,0.000188305,0.010822
ARFIP1,SYPL1,0.639,0.000188305,0.010822
COMMD10,SAE1,0.639,0.000188305,0.010822
DMD,NDRG2,0.639,0.000188305,0.010822
EPT1,ETNK1,0.639,0.000188305,0.010822
ENPP2,FXYD1,0.639,0.000188305,0.010822
C1QTNF3,OLFML2B,0.639,0.000188305,0.010822
COMP,FKBP14,0.639,0.000188305,0.010822
GNB1,THY1,0.639,0.000191158,0.0109343
FAT2,SAA1,0.639,0.000191158,0.0109343
BUB3,EDEM3,0.639,0.000191158,0.0109343
MAMDC2,MIR143HG,0.639,0.000191158,0.0109343
ATP6V1A,UBE2M,0.639,0.000191158,0.0109343
C16orf13,TSN,0.639,0.000191158,0.0109343
PEAR1,VWF,0.639,0.000191158,0.0109343
ARFGEF1,TPD52,0.639,0.000191158,0.0109343
CTNNA1,GALNT10,0.639,0.000191158,0.0109343
EZR,MAPRE1,0.639,0.000191158,0.0109343
CDC5L,NAPA,0.639,0.000191158,0.0109343
LAPTM4B,PGRMC1,0.639,0.000191158,0.0109343
COL6A1,OSTC,0.639,0.000191158,0.0109343
BRCC3,RRM1,0.639,0.000191158,0.0109343
C16orf72,RHOA,0.639,0.000191158,0.0109343
RAB5A,SAE1,0.639,0.000191158,0.0109343
USP21,ZNF281,0.639,0.000191158,0.0109343
ASPN,GXYLT2,0.639,0.000191158,0.0109343
ADAMTS5,EDN3,0.639,0.000193585,0.0110477
GNB1,GPIHBP1,-0.638,0.000194049,0.0110477
ARHGEF4,TESC,-0.638,0.000194049,0.0110477
C1S,DPY19L2P2,-0.638,0.000194049,0.0110477
BGN,RAB31,0.638,0.000194049,0.0110477
ABCA8,CD36,0.638,0.000194049,0.0110477
NR3C2,SYNM,0.638,0.000194049,0.0110477
CAPN3,CCDC3,0.638,0.000194049,0.0110477
PTPRZ1,RNF150,0.638,0.000194049,0.0110477
LYPLA1,RHOA,0.638,0.000194049,0.0110477
COL10A1,VTA1,0.638,0.000194049,0.0110477
CTNNA1,PGRMC1,0.638,0.000194049,0.0110477
ARF4,SLC30A5,0.638,0.000194049,0.0110477
COMMD10,MIER3,0.638,0.000194049,0.0110477
GOLGA7,SEPT2,0.638,0.000194049,0.0110477
MAMDC2,SAMD5,0.638,0.000194049,0.0110477
AOC3,FMO2,0.638,0.000194049,0.0110477
ALDH1L1,LPHN3,0.638,0.000194049,0.0110477
CHRDL1,SAA1,0.638,0.000196979,0.0111766
MID1,TRIM29,0.638,0.000196979,0.0111766
ARHGDIB,BRCC3,0.638,0.000196979,0.0111766
EBF1,RELN,0.638,0.000196979,0.0111766
PPP1R11,STIP1,0.638,0.000196979,0.0111766
DST,MAMDC2,0.638,0.000196979,0.0111766
CNN3,COMP,0.638,0.000196979,0.0111766
FBN1,WNT5A,0.638,0.000196979,0.0111766
CALU,CLIC4,0.638,0.000196979,0.0111766
NREP,OSTC,0.638,0.000196979,0.0111766
ARFIP1,HNRNPF,0.638,0.000196979,0.0111766
PIK3C2A,TMEM245,0.638,0.000196979,0.0111766
CCDC3,ID4,0.638,0.000196979,0.0111766
PSENEN,RP3-428L16.2,-0.637,0.000199947,0.0112924
TMEM9,VCAN,-0.637,0.000199947,0.0112924
NUDT7,SOX10,0.637,0.000199947,0.0112924
SPOCK1,SULF1,0.637,0.000199947,0.0112924
RASIP1,SAA1,0.637,0.000199947,0.0112924
GREB1,LSM4,0.637,0.000199947,0.0112924
CD46,CSNK1A1,0.637,0.000199947,0.0112924
ABI1,CD9,0.637,0.000199947,0.0112924
FXYD1,KIT,0.637,0.000199947,0.0112924
MATR3,ZNF146,0.637,0.000199947,0.0112924
ASCC1,EIF4E,0.637,0.000199947,0.0112924
DCTD,M6PR,0.637,0.000199947,0.0112924
CLIC4,COL12A1,0.637,0.000199947,0.0112924
ANKH,SERPINH1,0.637,0.000199947,0.0112924
C1S,CDH11,0.637,0.000199947,0.0112924
RAD21,STIP1,0.637,0.000199947,0.0112924
C1QTNF6,LOXL1,0.637,0.000199947,0.0112924
BGN,SLC2A13,0.637,0.000199947,0.0112924
ALDH1A2,PID1,0.637,0.000202474,0.0114181
MAPK13,SERPINH1,-0.637,0.000202955,0.0114181
ADH1C,CCL14,0.637,0.000202955,0.0114181
PTP4A1,SELT,0.637,0.000202955,0.0114181
SCN4B,SOSTDC1,0.637,0.000202955,0.0114181
ARHGDIB,COMMD10,0.637,0.000202955,0.0114181
M6PR,SERINC3,0.637,0.000202955,0.0114181
RAB1A,YWHAZ,0.637,0.000202955,0.0114181
CAPRIN1,GLUL,0.637,0.000202955,0.0114181
CYB5R3,NREP,0.637,0.000202955,0.0114181
MAPRE1,SCOC,0.637,0.000202955,0.0114181
MAPRE1,RAB1A,0.637,0.000202955,0.0114181
ARPC5,RRM1,0.637,0.000202955,0.0114181
ARPC5,SP1,0.637,0.000202955,0.0114181
INMT,PLAC9,0.637,0.000202955,0.0114181
GYG2,REL,-0.636,0.000206004,0.0115155
STIP1,TMEFF2,-0.636,0.000206004,0.0115155
AL833181,DMD,0.636,0.000206004,0.0115155
PTP4A1,UBE2M,0.636,0.000206004,0.0115155
IRX1,MIR143HG,0.636,0.000206004,0.0115155
SELT,TMX1,0.636,0.000206004,0.0115155
ATP6V1A,KCTD5,0.636,0.000206004,0.0115155
DDX42,ESRP1,0.636,0.000206004,0.0115155
ID4,SYNM,0.636,0.000206004,0.0115155
CCDC176,NAT1,0.636,0.000206004,0.0115155
ABI1,ARFIP1,0.636,0.000206004,0.0115155
HSP90AB1,TMX1,0.636,0.000206004,0.0115155
COMMD10,SAR1B,0.636,0.000206004,0.0115155
FAP,STK38,0.636,0.000206004,0.0115155
THY1,WNT5A,0.636,0.000206004,0.0115155
OSTC,WNT5A,0.636,0.000206004,0.0115155
ALDH18A1,CNN3,0.636,0.000206004,0.0115155
COMMD10,YWHAE,0.636,0.000206004,0.0115155
ARFIP1,LIG4,0.636,0.000206004,0.0115155
BRCC3,GDI2,0.636,0.000206004,0.0115155
RHOA,YIPF5,0.636,0.000206004,0.0115155
CNN1,DMD,0.636,0.000206004,0.0115155
EIF4A2,LOC100190986,0.636,0.000206004,0.0115155
BAG2,DNM3OS,0.636,0.000206004,0.0115155
GXYLT2,SERPINH1,0.636,0.000206004,0.0115155
ABCA8,ALDH1A2,0.636,0.000208598,0.0116288
ANKRD29,FZD4,0.636,0.000209092,0.0116288
ANKRD29,FAM107A,0.636,0.000209092,0.0116288
FMO2,KLHL13,0.636,0.000209092,0.0116288
GNAI1,PALMD,0.636,0.000209092,0.0116288
PDE9A,SEMA3G,0.636,0.000209092,0.0116288
CSNK1A1,DICER1,0.636,0.000209092,0.0116288
CLIC4,SULF1,0.636,0.000209092,0.0116288
APPL2,LMOD1,0.636,0.000209092,0.0116288
LARP6,PLAC9,0.636,0.000209092,0.0116288
ABCA8,FOXC1,0.636,0.000209092,0.0116288
CYB5R3,GNB1,0.636,0.000209092,0.0116288
CAPRIN1,FRYL,0.636,0.000209092,0.0116288
GDE1,YWHAE,0.636,0.000209092,0.0116288
BAG2,STK38,0.636,0.000209092,0.0116288
MAMDC2,MFGE8,0.636,0.000209092,0.0116288
ADH1B,PLIN4,0.636,0.000209092,0.0116288
ADIPOQ,AOC3,0.636,0.000209092,0.0116288
AKR1C3,CLDN5,0.636,0.000209092,0.0116288
C12orf75,COL3A1,0.636,0.000209092,0.0116288
ALDH1A2,EDNRB,0.636,0.000211722,0.011758
COL5A1,FAM214A,-0.635,0.000212222,0.011758
SRPK2,ZNF627,0.635,0.000212222,0.011758
ADH1B,CRYAB,0.635,0.000212222,0.011758
DDX42,TMEM245,0.635,0.000212222,0.011758
CSNK1A1,DCTN4,0.635,0.000212222,0.011758
ARF4,YWHAZ,0.635,0.000212222,0.011758
HSP90AB1,IGF1R,0.635,0.000212222,0.011758
CD9,YWHAE,0.635,0.000212222,0.011758
COL10A1,NREP,0.635,0.000212222,0.011758
TMEM245,TSN,0.635,0.000212222,0.011758
AGTRAP,CKAP5,0.635,0.000212222,0.011758
ARFGEF1,YWHAZ,0.635,0.000212222,0.011758
C12orf75,FNDC1,0.635,0.000212222,0.011758
C12orf75,FBN1,0.635,0.000212222,0.011758
DCTD,GABRP,0.635,0.000215393,0.0118496
AL833181,EDNRB,0.635,0.000215393,0.0118496
CLIC4,TMX1,0.635,0.000215393,0.0118496
EBF1,MIR143HG,0.635,0.000215393,0.0118496
CLCC1,RIT1,0.635,0.000215393,0.0118496
C2orf40,CLDN5,0.635,0.000215393,0.0118496
CRYAB,MID1,0.635,0.000215393,0.0118496
KRT5,SFRP1,0.635,0.000215393,0.0118496
CD9,DSG2,0.635,0.000215393,0.0118496
FIGF,FXYD1,0.635,0.000215393,0.0118496
CFD,LOC100506558,0.635,0.000215393,0.0118496
RIOK3,YWHAZ,0.635,0.000215393,0.0118496
KCTD5,RIOK3,0.635,0.000215393,0.0118496
CLIC4,TMEM245,0.635,0.000215393,0.0118496
NREP,SEPT2,0.635,0.000215393,0.0118496
COL10A1,PLAUR,0.635,0.000215393,0.0118496
INHBA,YWHAH,0.635,0.000215393,0.0118496
AC092192.1,AK094644,0.635,0.000215393,0.0118496
BRCC3,OCIAD1,0.635,0.000215393,0.0118496
ARPC5,OCIAD1,0.635,0.000215393,0.0118496
OCIAD1,SAE1,0.635,0.000215393,0.0118496
CDC5L,SEPT2,0.635,0.000215393,0.0118496
RHOB,SRSF3,0.635,0.000215393,0.0118496
CNN1,IRX1,0.635,0.000215393,0.0118496
DNAJB1,LSM4,0.635,0.000215393,0.0118496
LAPTM4B,TAB2,0.635,0.000215393,0.0118496
INMT,LOC100506558,0.635,0.000215393,0.0118496
CALU,GXYLT2,0.635,0.000215393,0.0118496
ANGPT1,LGALS12,0.634,0.000218605,0.0119782
CD36,INMT,0.634,0.000218605,0.0119782
EGFL7,PPP1R14A,0.634,0.000218605,0.0119782
ARFIP1,NOLC1,0.634,0.000218605,0.0119782
CNN1,IGFBP6,0.634,0.000218605,0.0119782
PSMD10,TNFRSF12A,0.634,0.000218605,0.0119782
DNAJB1,SYPL1,0.634,0.000218605,0.0119782
TMEM230,YWHAZ,0.634,0.000218605,0.0119782
ASCC1,RHOA,0.634,0.000218605,0.0119782
GDE1,UEVLD,0.634,0.000218605,0.0119782
ADAM12,CLIC4,0.634,0.000218605,0.0119782
LOC100190986,LOC441259,0.634,0.000218605,0.0119782
RRM1,UEVLD,0.634,0.000218605,0.0119782
ATP6V1A,SLC33A1,0.634,0.000218605,0.0119782
MFAP2,NID2,0.634,0.000218605,0.0119782
C1QTNF3,FN1,0.634,0.000218605,0.0119782
MIER3,ROBO4,-0.634,0.00022186,0.0121171
ADH1C,SOD3,0.634,0.00022186,0.0121171
ADH1C,KLHL13,0.634,0.00022186,0.0121171
EZR,MATR3,0.634,0.00022186,0.0121171
CLDN5,NDRG2,0.634,0.00022186,0.0121171
LSM4,OAZ2,0.634,0.00022186,0.0121171
ARFIP1,DSG2,0.634,0.00022186,0.0121171
CFL1,CLIC4,0.634,0.00022186,0.0121171
GXYLT2,TIMP3,0.634,0.00022186,0.0121171
DCTN4,TMEM245,0.634,0.00022186,0.0121171
ARFIP1,CDC5L,0.634,0.00022186,0.0121171
MICAL2,THY1,0.634,0.00022186,0.0121171
COL5A1,GREM1,0.634,0.00022186,0.0121171
KANK3,VPS8,-0.633,0.000225158,0.0122422
GPIHBP1,UBE4B,-0.633,0.000225158,0.0122422
APPL2,GNAI1,0.633,0.000225158,0.0122422
FMO2,IGSF10,0.633,0.000225158,0.0122422
CLDN5,EGFL7,0.633,0.000225158,0.0122422
LRRC41,OAZ2,0.633,0.000225158,0.0122422
GNB1,TGFB1,0.633,0.000225158,0.0122422
PRPF31,RAB14,0.633,0.000225158,0.0122422
LAPTM4B,TMEM245,0.633,0.000225158,0.0122422
ARF4,MAPRE1,0.633,0.000225158,0.0122422
RAB1A,UEVLD,0.633,0.000225158,0.0122422
HSPB2,NDRG2,0.633,0.000225158,0.0122422
EBF1,LOC100506558,0.633,0.000225158,0.0122422
C12orf75,C1QTNF6,0.633,0.000225158,0.0122422
COL6A1,FKBP14,0.633,0.000225158,0.0122422
COL6A1,CTGF,0.633,0.000225158,0.0122422
COMP,GJB2,0.633,0.000225158,0.0122422
COL10A1,VCAN,0.633,0.000225158,0.0122422
ALDH1A2,EDN3,0.633,0.000228276,0.012335
DCTD,TMEFF2,-0.633,0.000228499,0.012335
C16orf72,FZD4,-0.633,0.000228499,0.012335
ABI1,ROBO4,-0.633,0.000228499,0.012335
ERMP1,SCGB3A1,-0.633,0.000228499,0.012335
PPP1R14A,RBP7,0.633,0.000228499,0.012335
ANKRD29,EBF1,0.633,0.000228499,0.012335
BZW1,EPT1,0.633,0.000228499,0.012335
RELN,RGMA,0.633,0.000228499,0.012335
ABI1,RAB14,0.633,0.000228499,0.012335
GNB1,OAZ2,0.633,0.000228499,0.012335
NOLC1,WAPAL,0.633,0.000228499,0.012335
C1orf213,VIT,0.633,0.000228499,0.012335
CCDC3,LARP6,0.633,0.000228499,0.012335
SCARB2,TMX1,0.633,0.000228499,0.012335
CLIC4,EIF4E,0.633,0.000228499,0.012335
MRPL42,SAR1B,0.633,0.000228499,0.012335
SAR1B,UEVLD,0.633,0.000228499,0.012335
CCT2,CDC5L,0.633,0.000228499,0.012335
CAPRIN1,DCTD,0.633,0.000228499,0.012335
OAZ2,SAE1,0.633,0.000228499,0.012335
PGRMC1,SLC30A5,0.633,0.000228499,0.012335
PIK3C2A,ZNF146,0.633,0.000228499,0.012335
FOXC1,MAMDC2,0.633,0.000228499,0.012335
KLHL29,SOD3,0.633,0.000228499,0.012335
FXYD1,SFRP1,0.633,0.000228499,0.012335
FUS,KCTD5,0.633,0.000228499,0.012335
LOC100190986,MATR3,0.633,0.000228499,0.012335
C1QTNF6,VCAN,0.633,0.000228499,0.012335
CENPU,KDM5B,-0.633,0.000231884,0.012447
GATA3,OSTC,-0.633,0.000231884,0.012447
AL833181,ANKRD29,0.633,0.000231884,0.012447
FMO2,RGMA,0.633,0.000231884,0.012447
FMO2,KIT,0.633,0.000231884,0.012447
ATP6V1A,RAD21,0.633,0.000231884,0.012447
ADAMTS5,SCN4B,0.633,0.000231884,0.012447
P4HB,SAR1B,0.633,0.000231884,0.012447
BTNL9,MEOX1,0.633,0.000231884,0.012447
ADAMTS9,CFD,0.633,0.000231884,0.012447
DST,KLHL13,0.633,0.000231884,0.012447
TTPAL,UBE2N,0.633,0.000231884,0.012447
GLUD2,GLUL,0.633,0.000231884,0.012447
ASAP1,RAB1A,0.633,0.000231884,0.012447
CTB-50L17.7,EZR,0.633,0.000231884,0.012447
EZR,SCOC,0.633,0.000231884,0.012447
EZR,OCIAD1,0.633,0.000231884,0.012447
CTNNA1,ZFP36L2,0.633,0.000231884,0.012447
ARF4,CREB1,0.633,0.000231884,0.012447
RIOK3,SETD5,0.633,0.000231884,0.012447
LAMP1,RHOA,0.633,0.000231884,0.012447
RP3-428L16.2,SLC2A13,0.633,0.000231884,0.012447
ADAM12,OLFML2B,0.633,0.000231884,0.012447
CA3,OAZ2,-0.632,0.000235313,0.0125756
MIA3,VCAN,-0.632,0.000235313,0.0125756
LARP6,PRRX1,0.632,0.000235313,0.0125756
ASPN,NSG1,0.632,0.000235313,0.0125756
CNN1,CTGF,0.632,0.000235313,0.0125756
ARFGEF1,LAPTM4B,0.632,0.000235313,0.0125756
ATP6V1A,EIF4A2,0.632,0.000235313,0.0125756
AGTRAP,DNAJB1,0.632,0.000235313,0.0125756
ARHGDIB,UBE2N,0.632,0.000235313,0.0125756
C16orf13,UEVLD,0.632,0.000235313,0.0125756
GPR160,ZNF43,0.632,0.000235313,0.0125756
CLDN5,NPR1,0.632,0.000235313,0.0125756
DCTD,SCOC,0.632,0.000235313,0.0125756
MRPL42,SYPL1,0.632,0.000235313,0.0125756
SLC30A5,TMEM245,0.632,0.000235313,0.0125756
CNN1,MAMDC2,0.632,0.000235313,0.0125756
ALYREF,LSM4,0.632,0.000235313,0.0125756
KDELR3,MICAL2,0.632,0.000235313,0.0125756
ALDH1A2,APPL2,0.632,0.000238235,0.012693
ACSS2,RUNX2,-0.632,0.000238787,0.012693
CCT2,GPIHBP1,-0.632,0.000238787,0.012693
MFAP2,NAT1,-0.632,0.000238787,0.012693
AL833181,KIT,0.632,0.000238787,0.012693
C12orf5,CCNB1,0.632,0.000238787,0.012693
CCNB1,CKS2,0.632,0.000238787,0.012693
CFD,SCN4B,0.632,0.000238787,0.012693
MIR143HG,RNF150,0.632,0.000238787,0.012693
ATP6V1A,TSN,0.632,0.000238787,0.012693
BTNL9,SEMA3G,0.632,0.000238787,0.012693
MEOX1,VWF,0.632,0.000238787,0.012693
FAR1,PGRMC1,0.632,0.000238787,0.012693
EPT1,SCOC,0.632,0.000238787,0.012693
C1S,COL6A1,0.632,0.000238787,0.012693
POSTN,TIMP3,0.632,0.000238787,0.012693
SEPT2,SLC30A5,0.632,0.000238787,0.012693
APPL2,NES,0.632,0.000238787,0.012693
FXYD1,ID4,0.632,0.000238787,0.012693
GXYLT2,PPAPDC1A,0.632,0.000238787,0.012693
FAP,OLFML2B,0.632,0.000238787,0.012693
BAG2,PPAPDC1A,0.632,0.000238787,0.012693
DCTN4,ROBO4,-0.631,0.000242306,0.0128178
COL5A2,DOPEY2,-0.631,0.000242306,0.0128178
ANKRD29,PLAC9,0.631,0.000242306,0.0128178
BIN1,ENTPD1,0.631,0.000242306,0.0128178
EGFL7,KANK3,0.631,0.000242306,0.0128178
PIGR,RASIP1,0.631,0.000242306,0.0128178
FABP4,SOD3,0.631,0.000242306,0.0128178
CSNK1A1,NIPBL,0.631,0.000242306,0.0128178
GLUL,POGK,0.631,0.000242306,0.0128178
CDC42EP5,LRRN4CL,0.631,0.000242306,0.0128178
INMT,SAMD5,0.631,0.000242306,0.0128178
AKR1C3,KIT,0.631,0.000242306,0.0128178
LSM4,SAE1,0.631,0.000242306,0.0128178
PPP1R11,RHOA,0.631,0.000242306,0.0128178
EZH2,KIAA0101,0.631,0.000242306,0.0128178
M6PR,SAR1B,0.631,0.000242306,0.0128178
EDNRB,PEAR1,0.631,0.000242306,0.0128178
GMFB,SIDT1,0.631,0.000242306,0.0128178
TMX1,TTPAL,0.631,0.000242306,0.0128178
COMP,POSTN,0.631,0.000242306,0.0128178
RAB5A,ROBO4,-0.631,0.00024587,0.0129531
LAPTM5,RUNX1-IT1,0.631,0.00024587,0.0129531
PGM5,TNXA,0.631,0.00024587,0.0129531
ADAMTS5,LGR6,0.631,0.00024587,0.0129531
CDC42EP5,MFGE8,0.631,0.00024587,0.0129531
NDRG2,PID1,0.631,0.00024587,0.0129531
CLDN5,ITIH5,0.631,0.00024587,0.0129531
MATR3,PSMD10,0.631,0.00024587,0.0129531
ARFIP1,PRPF31,0.631,0.00024587,0.0129531
CCT2,NIPBL,0.631,0.00024587,0.0129531
DCTD,OCIAD1,0.631,0.00024587,0.0129531
COMMD10,RRM1,0.631,0.00024587,0.0129531
PRPF31,SAE1,0.631,0.00024587,0.0129531
SP1,SYPL1,0.631,0.00024587,0.0129531
DMD,GABRP,0.631,0.00024587,0.0129531
CRYAB,PAMR1,0.631,0.00024587,0.0129531
COL10A1,GREM1,0.631,0.00024587,0.0129531
ALDH1A2,MEOX1,0.63,0.000248909,0.0130584
CD36,RAD1,-0.63,0.000249481,0.0130584
CCM2L,MATR3,-0.63,0.000249481,0.0130584
ACSS2,COMP,-0.63,0.000249481,0.0130584
DNAJC12,FNDC1,-0.63,0.000249481,0.0130584
RBP7,SEMA3G,0.63,0.000249481,0.0130584
OLFM4,PRIMA1,0.63,0.000249481,0.0130584
BRCC3,DICER1,0.63,0.000249481,0.0130584
FMO2,PEAR1,0.63,0.000249481,0.0130584
HSP90AB1,PDLIM5,0.63,0.000249481,0.0130584
SELT,TMEM50B,0.63,0.000249481,0.0130584
ID4,OXTR,0.63,0.000249481,0.0130584
ADH1B,BTNL9,0.63,0.000249481,0.0130584
ENPP2,KIT,0.63,0.000249481,0.0130584
IGFBP6,LARP6,0.63,0.000249481,0.0130584
RAB5A,SPIN1,0.63,0.000249481,0.0130584
TMX1,UBE4B,0.63,0.000249481,0.0130584
GLUL,UBE2N,0.63,0.000249481,0.0130584
CYB5R3,DNAJB1,0.63,0.000249481,0.0130584
GDI2,TAB2,0.63,0.000249481,0.0130584
LYPLA1,RAB1A,0.63,0.000249481,0.0130584
LAPTM4B,OAZ2,0.63,0.000249481,0.0130584
HSP90AB1,SETD5,0.63,0.000249481,0.0130584
CD46,GMFB,0.63,0.000249481,0.0130584
C1QTNF6,FKBP14,0.63,0.000249481,0.0130584
C1QTNF6,MFAP2,0.63,0.000249481,0.0130584
CALU,RUNX2,0.63,0.000249481,0.0130584
RAB1A,ROBO4,-0.63,0.000253139,0.0131868
CHRDL1,RBP7,0.63,0.000253139,0.0131868
APPL2,RP3-428L16.2,0.63,0.000253139,0.0131868
ADH1C,MEOX1,0.63,0.000253139,0.0131868
COL6A1,LARP6,0.63,0.000253139,0.0131868
NDRG2,RASIP1,0.63,0.000253139,0.0131868
LYVE1,WIF1,0.63,0.000253139,0.0131868
ESRP1,RAD21,0.63,0.000253139,0.0131868
CKAP5,SELT,0.63,0.000253139,0.0131868
NUP98,SCARB2,0.63,0.000253139,0.0131868
DNAJB1,RAD1,0.63,0.000253139,0.0131868
CTNNA1,SAR1B,0.63,0.000253139,0.0131868
C1QTNF3,TRIM59,0.63,0.000253139,0.0131868
EDEM3,LARP4B,0.63,0.000253139,0.0131868
NDRG2,TNXA,0.63,0.000253139,0.0131868
RELN,ROPN1B,0.63,0.000253139,0.0131868
DST,PAMR1,0.63,0.000253139,0.0131868
C12orf75,LOXL1,0.63,0.000253139,0.0131868
COL5A1,CTGF,0.63,0.000253139,0.0131868
ALDOC,MFAP2,0.63,0.000253139,0.0131868
ALDH1A2,ANKRD29,0.629,0.000254403,0.0132495
AOC3,RAD1,-0.629,0.000256844,0.0133006
CA4,PDGFA,-0.629,0.000256844,0.0133006
ALDOC,RNF115,-0.629,0.000256844,0.0133006
BIN1,LCP1,0.629,0.000256844,0.0133006
GXYLT2,ZFP36L2,0.629,0.000256844,0.0133006
COL5A1,LARP6,0.629,0.000256844,0.0133006
CCL14,PLIN4,0.629,0.000256844,0.0133006
ADAMTS9,SCN4B,0.629,0.000256844,0.0133006
ATP6V1A,CAPRIN1,0.629,0.000256844,0.0133006
GNAL,SYNM,0.629,0.000256844,0.0133006
HMG20B,POLR3K,0.629,0.000256844,0.0133006
YWHAZ,ZNF146,0.629,0.000256844,0.0133006
CD46,TTPAL,0.629,0.000256844,0.0133006
DDA1,OCIAD1,0.629,0.000256844,0.0133006
GNAI3,RHOA,0.629,0.000256844,0.0133006
CTNNA1,EZR,0.629,0.000256844,0.0133006
GDE1,PRPF31,0.629,0.000256844,0.0133006
COMP,INHBA,0.629,0.000256844,0.0133006
PSMD10,YWHAE,0.629,0.000256844,0.0133006
CLDN8,NR3C2,0.629,0.000256844,0.0133006
RAB14,SLC35A3,0.629,0.000256844,0.0133006
NAPA,SAR1B,0.629,0.000256844,0.0133006
FXYD1,PALMD,0.629,0.000256844,0.0133006
COL8A2,MFAP2,0.629,0.000256844,0.0133006
GPR160,IGFBP6,-0.629,0.000260597,0.0133872
GPR146,UBE4B,-0.629,0.000260597,0.0133872
NAT1,POGK,0.629,0.000260597,0.0133872
ADH1C,AGPAT9,0.629,0.000260597,0.0133872
NDRG2,PDE9A,0.629,0.000260597,0.0133872
SCGB3A1,TNXA,0.629,0.000260597,0.0133872
BZW1,OCIAD1,0.629,0.000260597,0.0133872
DNAJB1,GDE1,0.629,0.000260597,0.0133872
CDK1,CKS2,0.629,0.000260597,0.0133872
SCN4B,SUSD3,0.629,0.000260597,0.0133872
BZW1,MATR3,0.629,0.000260597,0.0133872
CLCC1,NAPA,0.629,0.000260597,0.0133872
CLDN5,NES,0.629,0.000260597,0.0133872
SAE1,YIF1B,0.629,0.000260597,0.0133872
LOC100506558,SAMD5,0.629,0.000260597,0.0133872
GLUL,M6PR,0.629,0.000260597,0.0133872
CD46,RIOK3,0.629,0.000260597,0.0133872
UBE2H,UBE4B,0.629,0.000260597,0.0133872
TMX1,UEVLD,0.629,0.000260597,0.0133872
GNAI3,OAZ2,0.629,0.000260597,0.0133872
BAG2,INHBA,0.629,0.000260597,0.0133872
GNAI3,PRRX1,0.629,0.000260597,0.0133872
CLIC4,JAK1,0.629,0.000260597,0.0133872
ARFIP1,TMEM230,0.629,0.000260597,0.0133872
CCT2,MRPL42,0.629,0.000260597,0.0133872
MRPL42,UEVLD,0.629,0.000260597,0.0133872
SEPT2,SP1,0.629,0.000260597,0.0133872
LAPTM5,LCP1,0.629,0.000260597,0.0133872
MEOX1,TMEM100,0.629,0.000260597,0.0133872
EDNRB,SYNPO2,0.629,0.000260597,0.0133872
IGF2R,TMEM50B,0.629,0.000260597,0.0133872
COL8A2,RUNX1-IT1,0.629,0.000260597,0.0133872
COL10A1,FKBP14,0.629,0.000260597,0.0133872
ASPN,MFAP2,0.629,0.000260597,0.0133872
DCX,SCN3A,0.628,0.000264398,0.0135317
BGN,CILP,0.628,0.000264398,0.0135317
ENPP2,ITGA7,0.628,0.000264398,0.0135317
KCTD5,RAD21,0.628,0.000264398,0.0135317
KRT14,SFRP1,0.628,0.000264398,0.0135317
ANKRD12,NOLC1,0.628,0.000264398,0.0135317
ADAMTS9,FOXC1,0.628,0.000264398,0.0135317
CTB-50L17.7,DNAJB1,0.628,0.000264398,0.0135317
CTB-50L17.7,SCOC,0.628,0.000264398,0.0135317
PGRMC1,YIPF5,0.628,0.000264398,0.0135317
RHOA,SCARB2,0.628,0.000264398,0.0135317
DCTN4,GOLGA7,0.628,0.000264398,0.0135317
EZR,M6PR,0.628,0.000264398,0.0135317
CD46,ESRP1,0.628,0.000264398,0.0135317
BAG2,GJB2,0.628,0.000264398,0.0135317
COL3A1,OLFML2B,0.628,0.000264398,0.0135317
CLIC4,RAPGEF3,-0.628,0.000268248,0.0136711
BGN,LARP6,0.628,0.000268248,0.0136711
ADH1C,MIR143HG,0.628,0.000268248,0.0136711
AL833181,SOSTDC1,0.628,0.000268248,0.0136711
AL833181,PTX3,0.628,0.000268248,0.0136711
KGFLP2,RELN,0.628,0.000268248,0.0136711
ADAMTS5,ADAMTS9-AS2,0.628,0.000268248,0.0136711
FRYL,WAPAL,0.628,0.000268248,0.0136711
DNAJC10,YWHAE,0.628,0.000268248,0.0136711
SLC33A1,UEVLD,0.628,0.000268248,0.0136711
DNAJC12,TMEM9,0.628,0.000268248,0.0136711
TMX1,WAPAL,0.628,0.000268248,0.0136711
COMMD10,MATR3,0.628,0.000268248,0.0136711
DST,PIGR,0.628,0.000268248,0.0136711
KRT5,PIGR,0.628,0.000268248,0.0136711
CDC5L,SLC17A5,0.628,0.000268248,0.0136711
EZR,HSP90AB1,0.628,0.000268248,0.0136711
MAPRE1,SAE1,0.628,0.000268248,0.0136711
OLFM4,SCN3A,-0.627,0.000272147,0.0137928
SAA1,SYNM,0.627,0.000272147,0.0137928
BLVRA,TPP1,0.627,0.000272147,0.0137928
C16orf72,SLC33A1,0.627,0.000272147,0.0137928
ID4,SOX10,0.627,0.000272147,0.0137928
DMD,MEOX1,0.627,0.000272147,0.0137928
CD9,SERINC3,0.627,0.000272147,0.0137928
DNAJB1,MAPRE1,0.627,0.000272147,0.0137928
EDEM3,HNRNPF,0.627,0.000272147,0.0137928
DDA1,LAMP1,0.627,0.000272147,0.0137928
C16orf72,ZFP36L2,0.627,0.000272147,0.0137928
C1S,GXYLT2,0.627,0.000272147,0.0137928
NREP,RUNX2,0.627,0.000272147,0.0137928
CDC5L,GDI2,0.627,0.000272147,0.0137928
CDC5L,HSP90AB1,0.627,0.000272147,0.0137928
CTNNA1,HSP90AB1,0.627,0.000272147,0.0137928
MIER3,SYPL1,0.627,0.000272147,0.0137928
DCTN4,RHOB,0.627,0.000272147,0.0137928
GABRP,SOX10,0.627,0.000272147,0.0137928
CNN1,GABRP,0.627,0.000272147,0.0137928
ABCA8,ADAMTS9,0.627,0.000272147,0.0137928
EBF1,IGFBP6,0.627,0.000272147,0.0137928
ADAMTS5,SFRP1,0.627,0.000272147,0.0137928
DNM3OS,RUNX2,0.627,0.000272147,0.0137928
MAPRE1,TMEFF2,-0.627,0.000276097,0.0139028
PDE2A,TPD52,-0.627,0.000276097,0.0139028
RUNX2,TMEM9,-0.627,0.000276097,0.0139028
ANKRD29,FXYD1,0.627,0.000276097,0.0139028
PRSS23,PTP4A1,0.627,0.000276097,0.0139028
ITGA7,PLAC9,0.627,0.000276097,0.0139028
CD36,ENPP2,0.627,0.000276097,0.0139028
CCL14,FMO2,0.627,0.000276097,0.0139028
DCTN4,PTP4A1,0.627,0.000276097,0.0139028
ALOX5AP,ME1,0.627,0.000276097,0.0139028
FAM13A-AS1,NDRG2,0.627,0.000276097,0.0139028
ANKRD35,MID1,0.627,0.000276097,0.0139028
ADAMTS9-AS2,DST,0.627,0.000276097,0.0139028
LGALS12,SLC29A4,0.627,0.000276097,0.0139028
CFD,LIPE,0.627,0.000276097,0.0139028
AOC3,CDKN2C,0.627,0.000276097,0.0139028
EBF1,MAMDC2,0.627,0.000276097,0.0139028
ENPP2,MFGE8,0.627,0.000276097,0.0139028
ARPC5,MATR3,0.627,0.000276097,0.0139028
SOX10,SYNM,0.627,0.000276097,0.0139028
CTNNA1,TTPAL,0.627,0.000276097,0.0139028
LAPTM4B,YIPF5,0.627,0.000276097,0.0139028
C16orf72,LAPTM4B,0.627,0.000276097,0.0139028
CLIC4,GNAI3,0.627,0.000276097,0.0139028
ARFIP1,COMMD10,0.627,0.000276097,0.0139028
HSPD1,YWHAZ,0.627,0.000276097,0.0139028
OLFML2B,SERPINH1,0.627,0.000276097,0.0139028
FN1,NID2,0.627,0.000276097,0.0139028
GATA3,KLHL29,-0.626,0.000280096,0.0140171
ACSS2,COL10A1,-0.626,0.000280096,0.0140171
DICER1,SLIT3,-0.626,0.000280096,0.0140171
ANKRD29,INMT,0.626,0.000280096,0.0140171
FIGF,RASIP1,0.626,0.000280096,0.0140171
DNAJC12,GATA3,0.626,0.000280096,0.0140171
EGFL7,INMT,0.626,0.000280096,0.0140171
CPAMD8,PAMR1,0.626,0.000280096,0.0140171
NAPA,RAD21,0.626,0.000280096,0.0140171
ALDH18A1,RANGAP1,0.626,0.000280096,0.0140171
NPR1,SCN4B,0.626,0.000280096,0.0140171
ANKRD35,IGFBP6,0.626,0.000280096,0.0140171
PSMD10,SLC33A1,0.626,0.000280096,0.0140171
ARFGEF1,EIF4E,0.626,0.000280096,0.0140171
LSM4,RAB5A,0.626,0.000280096,0.0140171
CAPRIN1,MATR3,0.626,0.000280096,0.0140171
HSPB2,TRIM29,0.626,0.000280096,0.0140171
NIPBL,TTPAL,0.626,0.000280096,0.0140171
DCTD,GLUL,0.626,0.000280096,0.0140171
CCT2,RAD1,0.626,0.000280096,0.0140171
SCARB2,YWHAE,0.626,0.000280096,0.0140171
HNRNPF,RHOA,0.626,0.000280096,0.0140171
PIK3C2A,SCOC,0.626,0.000280096,0.0140171
BIN1,CCDC3,0.626,0.000280096,0.0140171
COMP,CTHRC1,0.626,0.000280096,0.0140171
COL3A1,KDELR3,0.626,0.000280096,0.0140171
BGN,MICAL2,0.626,0.000280096,0.0140171
ALDH1A2,ENPP2,0.626,0.000281482,0.0140832
DSG2,VWF,-0.626,0.000284147,0.0141486
ROBO4,TMEM230,-0.626,0.000284147,0.0141486
HCAR3,SAA2-SAA4,0.626,0.000284147,0.0141486
AOC3,KLHL29,0.626,0.000284147,0.0141486
CCL14,GPX3,0.626,0.000284147,0.0141486
PLAC9,RASIP1,0.626,0.000284147,0.0141486
ANKRD35,ID4,0.626,0.000284147,0.0141486
ID4,RGMA,0.626,0.000284147,0.0141486
OCIAD1,PDGFA,0.626,0.000284147,0.0141486
ALYREF,ZNF146,0.626,0.000284147,0.0141486
DDA1,SCOC,0.626,0.000284147,0.0141486
M6PR,MRPL42,0.626,0.000284147,0.0141486
FN1,WNT5A,0.626,0.000284147,0.0141486
PGRMC1,ZNF146,0.626,0.000284147,0.0141486
FAM214A,LARP4B,0.626,0.000284147,0.0141486
CNN1,MFGE8,0.626,0.000284147,0.0141486
CD9,REL,0.626,0.000284147,0.0141486
CD46,GLUD2,0.626,0.000284147,0.0141486
COL6A1,PPAPDC1A,0.626,0.000284147,0.0141486
CTGF,CTHRC1,0.626,0.000284147,0.0141486
FNDC1,MFAP2,0.626,0.000284147,0.0141486
CERS2,VCAN,-0.625,0.00028825,0.0142588
ANKRD29,SOSTDC1,0.625,0.00028825,0.0142588
FMO2,IRX1,0.625,0.00028825,0.0142588
POGK,SP1,0.625,0.00028825,0.0142588
ANKRD35,BBOX1,0.625,0.00028825,0.0142588
NDRG2,RGMA,0.625,0.00028825,0.0142588
ANKRD50,TGFB1,0.625,0.00028825,0.0142588
ADAMTS9-AS2,ITIH5,0.625,0.00028825,0.0142588
GFPT1,MATR3,0.625,0.00028825,0.0142588
CD9,MATR3,0.625,0.00028825,0.0142588
IRX1,KLHL29,0.625,0.00028825,0.0142588
CHRDL1,KLHL13,0.625,0.00028825,0.0142588
PEAR1,ROBO4,0.625,0.00028825,0.0142588
RAD1,STIP1,0.625,0.00028825,0.0142588
LOC100190986,RHOB,0.625,0.00028825,0.0142588
CCT2,STK38,0.625,0.00028825,0.0142588
ASAP1,CFL1,0.625,0.00028825,0.0142588
PRPF31,SCOC,0.625,0.00028825,0.0142588
RRM1,YWHAE,0.625,0.00028825,0.0142588
ARF4,TSN,0.625,0.00028825,0.0142588
ARF4,GDI2,0.625,0.00028825,0.0142588
DMD,HSPB2,0.625,0.00028825,0.0142588
ALYREF,METTL2A,0.625,0.00028825,0.0142588
AKR1C2,PLIN4,0.625,0.00028825,0.0142588
GNAL,LGR6,0.625,0.00028825,0.0142588
M6PR,RAB14,0.625,0.00028825,0.0142588
CD46,EIF4A2,0.625,0.00028825,0.0142588
HIP1,IGF2R,0.625,0.00028825,0.0142588
FBN1,KDELR3,0.625,0.00028825,0.0142588
RAB1A,VWF,-0.625,0.000292405,0.0143733
DLK1,LGALS12,-0.625,0.000292405,0.0143733
ANKRD29,FMO2,0.625,0.000292405,0.0143733
FMO2,PDE9A,0.625,0.000292405,0.0143733
ADH1B,TMEM132C,0.625,0.000292405,0.0143733
ITGA7,MT1M,0.625,0.000292405,0.0143733
PDLIM5,PIK3C2A,0.625,0.000292405,0.0143733
PSENEN,SELT,0.625,0.000292405,0.0143733
ABCA8,NES,0.625,0.000292405,0.0143733
FOXC1,SUSD3,0.625,0.000292405,0.0143733
CFD,PTX3,0.625,0.000292405,0.0143733
ATP6V1A,C16orf72,0.625,0.000292405,0.0143733
ASAH1,CD9,0.625,0.000292405,0.0143733
SCOC,YWHAZ,0.625,0.000292405,0.0143733
GNAI3,YIF1B,0.625,0.000292405,0.0143733
CRYAB,SOX10,0.625,0.000292405,0.0143733
ARF4,TMX1,0.625,0.000292405,0.0143733
JAK1,SEPT2,0.625,0.000292405,0.0143733
CLIC4,CYB5R3,0.625,0.000292405,0.0143733
COMMD10,DCTD,0.625,0.000292405,0.0143733
LAMP1,SCARB2,0.625,0.000292405,0.0143733
MAPRE1,RAB5A,0.625,0.000292405,0.0143733
ARPC5,GOLGA7,0.625,0.000292405,0.0143733
LYVE1,SAMD5,0.625,0.000292405,0.0143733
ID4,IGFBP6,0.625,0.000292405,0.0143733
CAPN3,CFD,0.625,0.000292405,0.0143733
FNDC1,RUNX1-IT1,0.625,0.000292405,0.0143733
CTHRC1,FKBP14,0.625,0.000292405,0.0143733
FAM162B,FOLR1,0.624,0.000293845,0.0144409
EZR,VWF,-0.624,0.000296612,0.0145181
CPD,TSPAN31,0.624,0.000296612,0.0145181
CILP,VCAN,0.624,0.000296612,0.0145181
ADAM12,CDC42EP5,0.624,0.000296612,0.0145181
GMFB,PPP2R5C,0.624,0.000296612,0.0145181
GFPT1,SLC35A3,0.624,0.000296612,0.0145181
MAMDC2,PALMD,0.624,0.000296612,0.0145181
SETD5,STIP1,0.624,0.000296612,0.0145181
ABI1,NIPBL,0.624,0.000296612,0.0145181
TMEM245,TMX1,0.624,0.000296612,0.0145181
ARF4,STK38,0.624,0.000296612,0.0145181
CYB5R3,SEPT2,0.624,0.000296612,0.0145181
HSP90AB1,TPD52,0.624,0.000296612,0.0145181
PRPF31,PSMD10,0.624,0.000296612,0.0145181
CD9,LRIF1,0.624,0.000296612,0.0145181
PALMD,SEMA3G,0.624,0.000296612,0.0145181
AGPAT9,FXYD1,0.624,0.000296612,0.0145181
C1QTNF3,NID2,0.624,0.000296612,0.0145181
ALDH1A2,F2RL2,0.624,0.000298072,0.0145863
PSMD10,ROBO4,-0.624,0.000300873,0.0146545
TMEM230,VWF,-0.624,0.000300873,0.0146545
INMT,LIPE,0.624,0.000300873,0.0146545
ITGA7,TMEM100,0.624,0.000300873,0.0146545
LOC100506558,PDE9A,0.624,0.000300873,0.0146545
CSNK1A1,EIF4A2,0.624,0.000300873,0.0146545
EDEM3,GPR160,0.624,0.000300873,0.0146545
COMMD10,PPP2R5C,0.624,0.000300873,0.0146545
CRYAB,SCN4B,0.624,0.000300873,0.0146545
C2orf40,KLHL13,0.624,0.000300873,0.0146545
GLUL,NIPBL,0.624,0.000300873,0.0146545
CCT2,VTA1,0.624,0.000300873,0.0146545
SAR1B,YIPF5,0.624,0.000300873,0.0146545
COMP,PRRX1,0.624,0.000300873,0.0146545
RIOK3,TMEM230,0.624,0.000300873,0.0146545
CCT2,DCTN4,0.624,0.000300873,0.0146545
UBE2N,UBE4B,0.624,0.000300873,0.0146545
ARF4,DCTN4,0.624,0.000300873,0.0146545
DCTD,SETD5,0.624,0.000300873,0.0146545
MT1M,SEMA3G,0.624,0.000300873,0.0146545
DNM3OS,FKBP14,0.624,0.000300873,0.0146545
BGN,PSENEN,-0.623,0.000305187,0.014789
GPR160,MS4A7,-0.623,0.000305187,0.014789
CLDN5,RBP7,0.623,0.000305187,0.014789
PID1,SFRP2,0.623,0.000305187,0.014789
ADAMTS5,ADH1B,0.623,0.000305187,0.014789
CKAP5,GNB1,0.623,0.000305187,0.014789
KLHL29,SCN4B,0.623,0.000305187,0.014789
GPM6B,NCALD,0.623,0.000305187,0.014789
CLDN5,PAMR1,0.623,0.000305187,0.014789
GABRP,IGFBP6,0.623,0.000305187,0.014789
CFD,PALMD,0.623,0.000305187,0.014789
B3GNT2,YIF1B,0.623,0.000305187,0.014789
JAK1,SAE1,0.623,0.000305187,0.014789
EIF4E,GDE1,0.623,0.000305187,0.014789
COMMD10,M6PR,0.623,0.000305187,0.014789
CTHRC1,NREP,0.623,0.000305187,0.014789
BRCC3,SEPT2,0.623,0.000305187,0.014789
MIR21,PTP4A1,0.623,0.000305187,0.014789
TAB2,ZFP36L2,0.623,0.000305187,0.014789
CHRDL1,TMEM132C,0.623,0.000305187,0.014789
MID1,PALMD,0.623,0.000305187,0.014789
CTHRC1,MICAL2,0.623,0.000305187,0.014789
COL3A1,THY1,0.623,0.000305187,0.014789
DOPEY2,PPAPDC1A,-0.623,0.000309556,0.014928
ADH1B,RGMA,0.623,0.000309556,0.014928
CERS2,FBP1,0.623,0.000309556,0.014928
CD36,EBF1,0.623,0.000309556,0.014928
ASCC1,WAPAL,0.623,0.000309556,0.014928
KLHL29,TRIM29,0.623,0.000309556,0.014928
CFD,NES,0.623,0.000309556,0.014928
C16orf72,YWHAZ,0.623,0.000309556,0.014928
HLA-DRA,TRIM59,0.623,0.000309556,0.014928
FRYL,UBE2N,0.623,0.000309556,0.014928
SYNM,TNXA,0.623,0.000309556,0.014928
KRT14,PIGR,0.623,0.000309556,0.014928
HN1,INHBA,0.623,0.000309556,0.014928
ASCC1,CREB1,0.623,0.000309556,0.014928
ARF4,ASCC1,0.623,0.000309556,0.014928
NIPBL,YWHAE,0.623,0.000309556,0.014928
LAMP1,TPD52,0.623,0.000309556,0.014928
ARPC5,DCTN4,0.623,0.000309556,0.014928
MAMDC2,SOX10,0.623,0.000309556,0.014928
GABRP,RSPO3,0.623,0.000309556,0.014928
CTGF,SFRP2,0.623,0.000309556,0.014928
CALU,COMP,0.623,0.000309556,0.014928
GATA3,KDELR3,-0.622,0.000313981,0.015098
DNM3OS,PLAC9,0.622,0.000313981,0.015098
LGR6,PDE9A,0.622,0.000313981,0.015098
FXYD1,RGMA,0.622,0.000313981,0.015098
CD46,PDLIM5,0.622,0.000313981,0.015098
COL6A6,FXYD1,0.622,0.000313981,0.015098
B3GNT2,TMEM230,0.622,0.000313981,0.015098
C1S,SAE1,0.622,0.000313981,0.015098
GNAI3,RUNX1-IT1,0.622,0.000313981,0.015098
COL5A1,WNT5A,0.622,0.000313981,0.015098
CALU,CYB5R3,0.622,0.000313981,0.015098
GNAI3,INHBA,0.622,0.000313981,0.015098
GNAL,MIR143HG,0.622,0.000313981,0.015098
POSTN,SCCPDH,-0.622,0.00031846,0.0152464
PTPRZ1,SCN3A,-0.622,0.00031846,0.0152464
RAB31,VCAN,0.622,0.00031846,0.0152464
AKR1C3,FABP4,0.622,0.00031846,0.0152464
EGFL7,SEMA3G,0.622,0.00031846,0.0152464
GFPT1,PTP4A1,0.622,0.00031846,0.0152464
CNN1,RGMA,0.622,0.00031846,0.0152464
HSP90AB1,UBE2M,0.622,0.00031846,0.0152464
CFD,MIR143HG,0.622,0.00031846,0.0152464
ADAMTS9,TNXA,0.622,0.00031846,0.0152464
MATR3,TSN,0.622,0.00031846,0.0152464
DCTD,EZR,0.622,0.00031846,0.0152464
LYPLA1,MIER3,0.622,0.00031846,0.0152464
MIER3,PGRMC1,0.622,0.00031846,0.0152464
GPR146,TNXA,0.622,0.00031846,0.0152464
AOC3,PLIN4,0.622,0.00031846,0.0152464
ABCA8,IGFBP6,0.622,0.00031846,0.0152464
COL5A2,RP3-428L16.2,0.622,0.00031846,0.0152464
MS4A7,VCAN,0.622,0.00031846,0.0152464
COL5A1,SLC2A13,0.622,0.00031846,0.0152464
COL5A2,SCCPDH,-0.621,0.000322996,0.0153962
CTGF,XPNPEP1,0.621,0.000322996,0.0153962
KRT5,LMOD1,0.621,0.000322996,0.0153962
NPR1,TNXA,0.621,0.000322996,0.0153962
ATP6V1A,RAB5A,0.621,0.000322996,0.0153962
BTNL9,GPX3,0.621,0.000322996,0.0153962
CD36,MARC1,0.621,0.000322996,0.0153962
AKR1C3,BBOX1,0.621,0.000322996,0.0153962
FRYL,TSN,0.621,0.000322996,0.0153962
CDC5L,EZR,0.621,0.000322996,0.0153962
LYPLA1,SYPL1,0.621,0.000322996,0.0153962
CFL1,GDE1,0.621,0.000322996,0.0153962
CFL1,MAPRE1,0.621,0.000322996,0.0153962
NIPBL,SEPT2,0.621,0.000322996,0.0153962
COMMD10,SP1,0.621,0.000322996,0.0153962
AGTRAP,PTPLAD1,0.621,0.000322996,0.0153962
CD9,ETNK1,0.621,0.000322996,0.0153962
CDC42EP5,SEMA3G,0.621,0.000322996,0.0153962
CCL14,PEAR1,0.621,0.000322996,0.0153962
CDH11,SFRP2,0.621,0.000322996,0.0153962
FZD4,RHOB,-0.621,0.000327589,0.0155575
DNAJB1,SGPL1,-0.621,0.000327589,0.0155575
FAM162B,SLIT3,0.621,0.000327589,0.0155575
FMO2,SCN4B,0.621,0.000327589,0.0155575
RASIP1,SAMD5,0.621,0.000327589,0.0155575
C1orf213,RBPMS2,0.621,0.000327589,0.0155575
GMFB,NEMF,0.621,0.000327589,0.0155575
KGFLP2,NSG1,0.621,0.000327589,0.0155575
DDA1,UBE2M,0.621,0.000327589,0.0155575
LAPTM5,TRIM59,0.621,0.000327589,0.0155575
FRYL,PIK3C2A,0.621,0.000327589,0.0155575
KLHL13,NES,0.621,0.000327589,0.0155575
LOC101928189,VPS8,0.621,0.000327589,0.0155575
CTNNA1,DDA1,0.621,0.000327589,0.0155575
DICER1,EIF4A2,0.621,0.000327589,0.0155575
OCIAD1,RHOA,0.621,0.000327589,0.0155575
CLDN5,FXYD1,0.621,0.000327589,0.0155575
CAPN3,DICER1,-0.62,0.00033224,0.0156763
LCP1,RRAGD,0.62,0.00033224,0.0156763
CA3,RP1-193H18.2,0.62,0.00033224,0.0156763
AL833181,INMT,0.62,0.00033224,0.0156763
LRRN4CL,PGM5,0.62,0.00033224,0.0156763
CNN1,MIA,0.62,0.00033224,0.0156763
CYB5R3,RANGAP1,0.62,0.00033224,0.0156763
CCL14,RGMA,0.62,0.00033224,0.0156763
EIF4A2,M6PR,0.62,0.00033224,0.0156763
COMMD10,SLC33A1,0.62,0.00033224,0.0156763
CLCC1,UBE2M,0.62,0.00033224,0.0156763
AKR1C3,PIGR,0.62,0.00033224,0.0156763
KRT5,SOSTDC1,0.62,0.00033224,0.0156763
SLC30A5,TTPAL,0.62,0.00033224,0.0156763
LYPLA1,TMEM230,0.62,0.00033224,0.0156763
GDI2,LAPTM4B,0.62,0.00033224,0.0156763
CNN3,COL8A2,0.62,0.00033224,0.0156763
INHBA,JAK1,0.62,0.00033224,0.0156763
RIOK3,SCARB2,0.62,0.00033224,0.0156763
CCT2,RRM1,0.62,0.00033224,0.0156763
MRPL42,ZNF146,0.62,0.00033224,0.0156763
ITGA7,SAA1,0.62,0.00033224,0.0156763
CD36,SAA1,0.62,0.00033224,0.0156763
C4A,MUC1,0.62,0.00033224,0.0156763
GDE1,SAR1B,0.62,0.00033224,0.0156763
ABCA8,CDC42EP5,0.62,0.00033224,0.0156763
ABI1,EDEM3,0.62,0.00033224,0.0156763
OLFML2B,RUNX1-IT1,0.62,0.00033224,0.0156763
C1QTNF6,CDH11,0.62,0.00033224,0.0156763
CPA3,FNDC1,0.62,0.00033224,0.0156763
ALDH1A2,ITIH5,0.62,0.000333857,0.0157492
CLIC5,RASIP1,0.62,0.000336948,0.0158166
RGMA,RRAGD,0.62,0.000336948,0.0158166
MATR3,STIP1,0.62,0.000336948,0.0158166
FGF2,SYPL1,0.62,0.000336948,0.0158166
ANKRD35,CCDC3,0.62,0.000336948,0.0158166
LOC441259,PMS2L2,0.62,0.000336948,0.0158166
CD9,DDA1,0.62,0.000336948,0.0158166
DDA1,EPT1,0.62,0.000336948,0.0158166
CAPN3,PLAC9,0.62,0.000336948,0.0158166
GOLGA7,STIP1,0.62,0.000336948,0.0158166
MATR3,PGRMC1,0.62,0.000336948,0.0158166
ARFIP1,DDA1,0.62,0.000336948,0.0158166
RRM1,SLC17A5,0.62,0.000336948,0.0158166
CD9,PRPF31,0.62,0.000336948,0.0158166
DICER1,VPS8,0.62,0.000336948,0.0158166
RHOA,YWHAE,0.62,0.000336948,0.0158166
MIER3,YIPF5,0.62,0.000336948,0.0158166
GOLGA7,RIOK3,0.62,0.000336948,0.0158166
CDC42EP5,KLHL29,0.62,0.000336948,0.0158166
LOC100190986,VPS8,0.62,0.000336948,0.0158166
C1QTNF6,DNM3OS,0.62,0.000336948,0.0158166
BGN,OLFML2B,0.62,0.000336948,0.0158166
FN1,GXYLT2,0.62,0.000336948,0.0158166
ATOH8,SLC35A3,-0.62,0.000338587,0.0158901
LOC441259,RP3-428L16.2,-0.619,0.000341715,0.0159548
JADE3,SGPL1,-0.619,0.000341715,0.0159548
CLDN8,ENTPD1,0.619,0.000341715,0.0159548
MFGE8,SFRP2,0.619,0.000341715,0.0159548
ITGA7,PDE2A,0.619,0.000341715,0.0159548
ADH1B,RASIP1,0.619,0.000341715,0.0159548
FABP4,RASIP1,0.619,0.000341715,0.0159548
DST,FMO2,0.619,0.000341715,0.0159548
HSPB2,RGMA,0.619,0.000341715,0.0159548
PTPLAD1,YWHAE,0.619,0.000341715,0.0159548
GLUL,TMEM9,0.619,0.000341715,0.0159548
ADAMTS5,SOX10,0.619,0.000341715,0.0159548
ENPP2,KLHL13,0.619,0.000341715,0.0159548
CCL14,FOXC1,0.619,0.000341715,0.0159548
CAPN3,MID1,0.619,0.000341715,0.0159548
C16orf72,EIF4A2,0.619,0.000341715,0.0159548
DSG2,NIPBL,0.619,0.000341715,0.0159548
C1S,CPA3,0.619,0.000341715,0.0159548
GJA9,MAPT,0.619,0.000341715,0.0159548
ANKH,PLAUR,0.619,0.000341715,0.0159548
CCT2,SYPL1,0.619,0.000341715,0.0159548
GDI2,OCIAD1,0.619,0.000341715,0.0159548
LARP6,RSPO3,0.619,0.000341715,0.0159548
COL6A1,FN1,0.619,0.000341715,0.0159548
CFL1,TMEFF2,-0.619,0.000346542,0.0160943
ARHGEF15,NIPBL,-0.619,0.000346542,0.0160943
CCL14,TRIM59,-0.619,0.000346542,0.0160943
DICER1,F11R,0.619,0.000346542,0.0160943
ADH1B,SFRP1,0.619,0.000346542,0.0160943
DOPEY2,MUC1,0.619,0.000346542,0.0160943
CKAP5,YIF1B,0.619,0.000346542,0.0160943
DNAH3,LINC00266-1,0.619,0.000346542,0.0160943
PAMR1,SFRP1,0.619,0.000346542,0.0160943
ALYREF,UBE2M,0.619,0.000346542,0.0160943
ETNK1,GMFB,0.619,0.000346542,0.0160943
GPR146,VWF,0.619,0.000346542,0.0160943
CREB1,GFPT1,0.619,0.000346542,0.0160943
AKR1C3,RELN,0.619,0.000346542,0.0160943
EIF4E,HN1,0.619,0.000346542,0.0160943
C16orf72,KCTD5,0.619,0.000346542,0.0160943
C2orf40,TNXA,0.619,0.000346542,0.0160943
DCTN4,DDA1,0.619,0.000346542,0.0160943
CCT2,M6PR,0.619,0.000346542,0.0160943
FAP,JAK1,0.619,0.000346542,0.0160943
JAK1,SH3BGRL,0.619,0.000346542,0.0160943
PPP1R11,RAB5A,0.619,0.000346542,0.0160943
KLHL13,TNXA,0.619,0.000346542,0.0160943
ADRB2,BIN1,0.619,0.000346542,0.0160943
KDELR3,POSTN,0.619,0.000346542,0.0160943
CNN3,EDN3,0.619,0.000348223,0.0161689
FAM162B,KLF15,0.618,0.000351428,0.0162419
ADH1C,TNXA,0.618,0.000351428,0.0162419
DNM3OS,GNAI1,0.618,0.000351428,0.0162419
EDNRB,FZD4,0.618,0.000351428,0.0162419
KCTD5,STIP1,0.618,0.000351428,0.0162419
PAMR1,PROM1,0.618,0.000351428,0.0162419
RAB1A,SELT,0.618,0.000351428,0.0162419
MAPRE1,PDGFA,0.618,0.000351428,0.0162419
GMFB,TTPAL,0.618,0.000351428,0.0162419
C14orf142,OCIAD1,0.618,0.000351428,0.0162419
B3GNT2,RUNX1-IT1,0.618,0.000351428,0.0162419
C1S,CALU,0.618,0.000351428,0.0162419
PRPF31,YIPF5,0.618,0.000351428,0.0162419
ARPC5,PIK3C2A,0.618,0.000351428,0.0162419
ARHGEF4,RASIP1,0.618,0.000351428,0.0162419
DST,OXTR,0.618,0.000351428,0.0162419
RBP4,SAA1,0.618,0.000351428,0.0162419
ACACB,PPP1R1A,0.618,0.000351428,0.0162419
LGR6,MIA,0.618,0.000351428,0.0162419
FUS,MATR3,0.618,0.000351428,0.0162419
COL5A2,GXYLT2,0.618,0.000351428,0.0162419
COL5A2,KDELR3,0.618,0.000351428,0.0162419
ACSS2,BGN,-0.618,0.000356375,0.0163634
MAPK13,TIMP3,-0.618,0.000356375,0.0163634
LARP6,XPNPEP1,0.618,0.000356375,0.0163634
MFGE8,SERPINH1,0.618,0.000356375,0.0163634
FBP1,GATA3,0.618,0.000356375,0.0163634
BZW1,NAPA,0.618,0.000356375,0.0163634
CLIC4,GLUD2,0.618,0.000356375,0.0163634
BTNL9,CCM2L,0.618,0.000356375,0.0163634
ADAMTS9-AS2,TMEM100,0.618,0.000356375,0.0163634
CFD,G0S2,0.618,0.000356375,0.0163634
CREB1,DNAJB1,0.618,0.000356375,0.0163634
ABI1,RAB5A,0.618,0.000356375,0.0163634
NREP,UBE4B,0.618,0.000356375,0.0163634
CLIC4,SCARB2,0.618,0.000356375,0.0163634
ARF4,YWHAH,0.618,0.000356375,0.0163634
HSP90AB1,NAPA,0.618,0.000356375,0.0163634
LRRC15,WNT5A,0.618,0.000356375,0.0163634
ALOX5AP,OSTC,0.618,0.000356375,0.0163634
NREP,VTA1,0.618,0.000356375,0.0163634
CDC5L,SRSF3,0.618,0.000356375,0.0163634
RAD1,RIOK3,0.618,0.000356375,0.0163634
RRM1,YIPF5,0.618,0.000356375,0.0163634
RAD1,SETD5,0.618,0.000356375,0.0163634
HNRNPF,PPP1R11,0.618,0.000356375,0.0163634
HSP90AB1,TMEM245,0.618,0.000356375,0.0163634
ARPC5,RAB1A,0.618,0.000356375,0.0163634
PIK3C2A,RHOB,0.618,0.000356375,0.0163634
SP1,TMEM230,0.618,0.000356375,0.0163634
CCDC3,CDC42EP5,0.618,0.000356375,0.0163634
AGPAT9,CCDC3,0.618,0.000356375,0.0163634
ASPN,CTGF,0.618,0.000356375,0.0163634
ADH1C,ITGA7,0.617,0.000361384,0.0165413
FZD4,SEMA3G,0.617,0.000361384,0.0165413
AGTRAP,GDE1,0.617,0.000361384,0.0165413
KIT,SCN4B,0.617,0.000361384,0.0165413
IRX1,PTN,0.617,0.000361384,0.0165413
CSNK1A1,FNIP1,0.617,0.000361384,0.0165413
F11R,KDM5B,0.617,0.000361384,0.0165413
COPG2IT1,PRIMA1,0.617,0.000361384,0.0165413
AKR1C3,DMD,0.617,0.000361384,0.0165413
CD9,MRPL42,0.617,0.000361384,0.0165413
ASAP1,SAR1B,0.617,0.000361384,0.0165413
ADAMTS9,INMT,0.617,0.000361384,0.0165413
C1orf56,EDEM3,0.617,0.000361384,0.0165413
COL10A1,GXYLT2,0.617,0.000361384,0.0165413
ALDOC,C1QTNF6,0.617,0.000361384,0.0165413
ACSS2,COL12A1,-0.617,0.000366454,0.0167
CDC42EP5,LRIF1,-0.617,0.000366454,0.0167
CCDC3,GPR160,-0.617,0.000366454,0.0167
GSPT1,ROBO4,-0.617,0.000366454,0.0167
COL3A1,LARP6,0.617,0.000366454,0.0167
MEOX1,RAPGEF3,0.617,0.000366454,0.0167
POLR3K,PPAPDC1B,0.617,0.000366454,0.0167
GNAL,MAMDC2,0.617,0.000366454,0.0167
FUS,NOLC1,0.617,0.000366454,0.0167
CCDC3,GNAL,0.617,0.000366454,0.0167
GDI2,VTA1,0.617,0.000366454,0.0167
LAPTM4B,RHOA,0.617,0.000366454,0.0167
C1S,FAP,0.617,0.000366454,0.0167
C16orf13,POLR3K,0.617,0.000366454,0.0167
CDC5L,DCTN4,0.617,0.000366454,0.0167
CTB-50L17.7,SRSF3,0.617,0.000366454,0.0167
MAPRE1,SYPL1,0.617,0.000366454,0.0167
GOLGA7,YIPF5,0.617,0.000366454,0.0167
C2orf40,OXTR,0.617,0.000366454,0.0167
MIR143HG,RGMA,0.617,0.000366454,0.0167
GREM1,SERPINH1,0.617,0.000366454,0.0167
CDC42EP5,GATA3,-0.616,0.000371586,0.0168079
DSG2,ROBO4,-0.616,0.000371586,0.0168079
DCTN4,GPIHBP1,-0.616,0.000371586,0.0168079
ALDOC,GPR160,-0.616,0.000371586,0.0168079
FAR1,VWF,-0.616,0.000371586,0.0168079
ADAMTS9-AS2,GNAI1,0.616,0.000371586,0.0168079
ADAMTS9,ADH1C,0.616,0.000371586,0.0168079
FZD4,SOSTDC1,0.616,0.000371586,0.0168079
MIR21,TMEM230,0.616,0.000371586,0.0168079
BZW1,TMEM230,0.616,0.000371586,0.0168079
DDX42,TPD52,0.616,0.000371586,0.0168079
ALYREF,PPAPDC1B,0.616,0.000371586,0.0168079
LEPREL1,PLAC9,0.616,0.000371586,0.0168079
C2orf40,PPP1R14A,0.616,0.000371586,0.0168079
GPM6B,LMOD1,0.616,0.000371586,0.0168079
ARPC5,PDGFA,0.616,0.000371586,0.0168079
CRYAB,RGMA,0.616,0.000371586,0.0168079
CFD,SAA1,0.616,0.000371586,0.0168079
ENPP2,SOX10,0.616,0.000371586,0.0168079
ID4,KLHL13,0.616,0.000371586,0.0168079
AKR1C3,NDRG2,0.616,0.000371586,0.0168079
CCL14,GPR146,0.616,0.000371586,0.0168079
ARFGEF1,ARFIP1,0.616,0.000371586,0.0168079
B3GNT2,DCTN4,0.616,0.000371586,0.0168079
CFL1,STK38,0.616,0.000371586,0.0168079
ASAP1,TSN,0.616,0.000371586,0.0168079
M6PR,RIOK3,0.616,0.000371586,0.0168079
MRPL42,SCOC,0.616,0.000371586,0.0168079
GDI2,UBE4B,0.616,0.000371586,0.0168079
CTB-50L17.7,GOLGA7,0.616,0.000371586,0.0168079
GATA3,LARP4B,0.616,0.000371586,0.0168079
ACACB,ITGA7,0.616,0.000371586,0.0168079
EDNRB,MEOX1,0.616,0.000371586,0.0168079
BTNL9,CLEC3B,0.616,0.000371586,0.0168079
FN1,TNFRSF19,0.616,0.000371586,0.0168079
OLFML2B,POSTN,0.616,0.000371586,0.0168079
EIF4E,SGPL1,-0.616,0.000376782,0.0169553
ANGPTL4,NMB,0.616,0.000376782,0.0169553
CTHRC1,LARP6,0.616,0.000376782,0.0169553
CIDEC,TMEM132C,0.616,0.000376782,0.0169553
ADH1B,EDNRB,0.616,0.000376782,0.0169553
ATAD2,CKS2,0.616,0.000376782,0.0169553
DDA1,DSG2,0.616,0.000376782,0.0169553
CDC42EP5,RGMA,0.616,0.000376782,0.0169553
CCM2L,MEOX1,0.616,0.000376782,0.0169553
CCT2,GFPT1,0.616,0.000376782,0.0169553
KRT5,MIR143HG,0.616,0.000376782,0.0169553
PGRMC1,YWHAZ,0.616,0.000376782,0.0169553
GNB1,INHBA,0.616,0.000376782,0.0169553
SRSF3,TTPAL,0.616,0.000376782,0.0169553
SPIN1,ZNF146,0.616,0.000376782,0.0169553
C1orf56,FNIP1,0.616,0.000376782,0.0169553
ARF4,CLIC4,0.616,0.000376782,0.0169553
ARF4,LYPLA1,0.616,0.000376782,0.0169553
RIOK3,SRSF3,0.616,0.000376782,0.0169553
CAPRIN1,RRM1,0.616,0.000376782,0.0169553
LARP6,LRRN4CL,0.616,0.000376782,0.0169553
KCTD14,OXTR,0.616,0.000376782,0.0169553
APCDD1,FAM13A-AS1,0.616,0.000376782,0.0169553
EBF1,PEAR1,0.616,0.000376782,0.0169553
C1QTNF6,SPOCK1,0.616,0.000376782,0.0169553
FGF2,FOLR1,0.616,0.000378595,0.0170334
ACSS2,COL8A2,-0.615,0.000382042,0.017104
SH3GL3,UBE2S,-0.615,0.000382042,0.017104
ADM,MFGE8,0.615,0.000382042,0.017104
C12orf75,MFGE8,0.615,0.000382042,0.017104
FZD4,SIK2,0.615,0.000382042,0.017104
INMT,NES,0.615,0.000382042,0.017104
CIDEC,LEP,0.615,0.000382042,0.017104
AQP7,CDKN2C,0.615,0.000382042,0.017104
CHRDL1,F2RL2,0.615,0.000382042,0.017104
BTNL9,PPP1R14A,0.615,0.000382042,0.017104
EDEM3,NIPBL,0.615,0.000382042,0.017104
GLUD2,TMEM50B,0.615,0.000382042,0.017104
FAR1,YWHAE,0.615,0.000382042,0.017104
BAG2,OSTC,0.615,0.000382042,0.017104
CTB-50L17.7,TSN,0.615,0.000382042,0.017104
CREB1,HNRNPF,0.615,0.000382042,0.017104
HSP90AB1,PRPF31,0.615,0.000382042,0.017104
PALMD,PLAC9,0.615,0.000382042,0.017104
LMOD1,LOC100506558,0.615,0.000382042,0.017104
DNAJC3,TMEM50B,0.615,0.000382042,0.017104
GXYLT2,VCAN,0.615,0.000382042,0.017104
COMP,NID2,0.615,0.000382042,0.017104
CTGF,LOXL1,0.615,0.000382042,0.017104
FN1,LOXL1,0.615,0.000382042,0.017104
ALDOC,DICER1,-0.615,0.000387366,0.0172401
ESRP1,VWF,-0.615,0.000387366,0.0172401
NAPA,RP3-428L16.2,-0.615,0.000387366,0.0172401
AC092192.1,EGFL7,-0.615,0.000387366,0.0172401
BBOX1,HBA1,0.615,0.000387366,0.0172401
BLVRA,SLC17A5,0.615,0.000387366,0.0172401
CD46,NEMF,0.615,0.000387366,0.0172401
EBF1,FAT2,0.615,0.000387366,0.0172401
CHRDL1,NES,0.615,0.000387366,0.0172401
MATR3,TAB2,0.615,0.000387366,0.0172401
MAPRE1,PPP2R5C,0.615,0.000387366,0.0172401
ATP6V1A,M6PR,0.615,0.000387366,0.0172401
ATP6V1A,SAR1B,0.615,0.000387366,0.0172401
CFD,GPX3,0.615,0.000387366,0.0172401
AOC3,VWF,0.615,0.000387366,0.0172401
AKR1C3,SAMD5,0.615,0.000387366,0.0172401
EPT1,SERINC3,0.615,0.000387366,0.0172401
C16orf72,SULF1,0.615,0.000387366,0.0172401
HNRNPF,MATR3,0.615,0.000387366,0.0172401
GDI2,ZFP36L2,0.615,0.000387366,0.0172401
CLIC4,PPAPDC1A,0.615,0.000387366,0.0172401
HNRNPF,SYPL1,0.615,0.000387366,0.0172401
SEPT2,ZNF146,0.615,0.000387366,0.0172401
LOC441259,PTER,0.615,0.000387366,0.0172401
KIT,SOX10,0.615,0.000387366,0.0172401
DST,FAT2,0.615,0.000387366,0.0172401
CCNB1,EZH2,0.615,0.000387366,0.0172401
TNFRSF19,VAV3,0.615,0.000387366,0.0172401
KDELR3,SLC2A13,0.615,0.000387366,0.0172401
AOC3,CD9,-0.614,0.000392756,0.0173704
INMT,RIOK3,-0.614,0.000392756,0.0173704
SCCPDH,SERPINH1,-0.614,0.000392756,0.0173704
ARFGEF1,INMT,-0.614,0.000392756,0.0173704
B3GALNT1,GOLM1,-0.614,0.000392756,0.0173704
AKR1C2,RGMA,0.614,0.000392756,0.0173704
ADH1C,EDNRB,0.614,0.000392756,0.0173704
CTB-50L17.7,TSPAN31,0.614,0.000392756,0.0173704
DDX42,SELT,0.614,0.000392756,0.0173704
NDC1,SOD2,0.614,0.000392756,0.0173704
EBF1,PGM5,0.614,0.000392756,0.0173704
AGPAT9,PGM5,0.614,0.000392756,0.0173704
CRYAB,KRT15,0.614,0.000392756,0.0173704
GPR146,OLFM4,0.614,0.000392756,0.0173704
GFPT1,TMEM245,0.614,0.000392756,0.0173704
CD9,GFPT1,0.614,0.000392756,0.0173704
PTX3,SIK2,0.614,0.000392756,0.0173704
CTNNA1,STIP1,0.614,0.000392756,0.0173704
CREB1,GLUL,0.614,0.000392756,0.0173704
C1S,DCTD,0.614,0.000392756,0.0173704
DDA1,TSN,0.614,0.000392756,0.0173704
PLAUR,PPAPDC1A,0.614,0.000392756,0.0173704
COL12A1,WNT5A,0.614,0.000392756,0.0173704
EIF4E,RAB5A,0.614,0.000392756,0.0173704
GDI2,HSP90AB1,0.614,0.000392756,0.0173704
CFL1,DCTD,0.614,0.000392756,0.0173704
DCTN4,PIK3C2A,0.614,0.000392756,0.0173704
INMT,KLHL29,0.614,0.000392756,0.0173704
FRYL,GLUD2,0.614,0.000392756,0.0173704
C1QTNF3,COL12A1,0.614,0.000392756,0.0173704
C12orf75,NID2,0.614,0.000392756,0.0173704
PLIN4,RAD1,-0.614,0.000398211,0.0175549
FAM107A,NAPA,-0.614,0.000398211,0.0175549
F11R,ZBTB16,-0.614,0.000398211,0.0175549
PIGR,SCN4B,0.614,0.000398211,0.0175549
ASAP1,YWHAH,0.614,0.000398211,0.0175549
HSPB2,SUSD3,0.614,0.000398211,0.0175549
PALMD,PIGR,0.614,0.000398211,0.0175549
ID4,KIT,0.614,0.000398211,0.0175549
CFL1,HN1,0.614,0.000398211,0.0175549
BRCC3,STIP1,0.614,0.000398211,0.0175549
RAB5A,TTPAL,0.614,0.000398211,0.0175549
COL8A2,NREP,0.614,0.000398211,0.0175549
RIOK3,TMEM245,0.614,0.000398211,0.0175549
RIOK3,ZNF146,0.614,0.000398211,0.0175549
RSPO3,SOX10,0.614,0.000398211,0.0175549
C1QTNF6,NID2,0.614,0.000398211,0.0175549
COL5A1,FBP1,-0.613,0.000403733,0.017702
ACACB,ARFGEF1,-0.613,0.000403733,0.017702
AK094644,ALDH1L1,0.613,0.000403733,0.017702
AKR1C2,SEMA3G,0.613,0.000403733,0.017702
ALYREF,NAPA,0.613,0.000403733,0.017702
FXYD1,PAMR1,0.613,0.000403733,0.017702
DNAJC10,SAR1B,0.613,0.000403733,0.017702
CD36,ROBO4,0.613,0.000403733,0.017702
C16orf13,SERINC3,0.613,0.000403733,0.017702
ALYREF,CFL1,0.613,0.000403733,0.017702
RAB1A,TNFRSF12A,0.613,0.000403733,0.017702
DNAJB1,SAE1,0.613,0.000403733,0.017702
ARFIP1,FRYL,0.613,0.000403733,0.017702
ARF4,CYB5R3,0.613,0.000403733,0.017702
C1S,GNAI3,0.613,0.000403733,0.017702
HNRNPF,SRSF3,0.613,0.000403733,0.017702
PGRMC1,SRSF3,0.613,0.000403733,0.017702
MAPRE1,SRSF3,0.613,0.000403733,0.017702
CTNNA1,RAB1A,0.613,0.000403733,0.017702
ARPC5,HSP90AB1,0.613,0.000403733,0.017702
MIER3,RHOB,0.613,0.000403733,0.017702
RAB14,SAR1B,0.613,0.000403733,0.017702
ALDH1L1,TNPO1,0.613,0.000403733,0.017702
COL5A2,TNFRSF19,0.613,0.000403733,0.017702
FAP,SLC2A13,0.613,0.000403733,0.017702
FKBP14,VCAN,0.613,0.000403733,0.017702
GXYLT2,POSTN,0.613,0.000403733,0.017702
CILP,EDN3,0.613,0.000405663,0.0177831
MARC1,TMEM230,-0.613,0.000409322,0.0178292
CCT2,GPR146,-0.613,0.000409322,0.0178292
ACSS2,NREP,-0.613,0.000409322,0.0178292
DCX,LPHN3,-0.613,0.000409322,0.0178292
C1orf213,LGALS12,0.613,0.000409322,0.0178292
ADH1C,TF,0.613,0.000409322,0.0178292
DICER1,HNRNPF,0.613,0.000409322,0.0178292
GABRP,MIR143HG,0.613,0.000409322,0.0178292
ADAMTS9-AS2,LARP6,0.613,0.000409322,0.0178292
DICER1,IGF1R,0.613,0.000409322,0.0178292
GPR146,TNPO1,0.613,0.000409322,0.0178292
KRT5,LGR6,0.613,0.000409322,0.0178292
COL6A6,PEAR1,0.613,0.000409322,0.0178292
CHRDL1,DMD,0.613,0.000409322,0.0178292
EIF4A2,SRSF3,0.613,0.000409322,0.0178292
GLUL,HNRNPF,0.613,0.000409322,0.0178292
CYB5R3,GDI2,0.613,0.000409322,0.0178292
GDI2,JAK1,0.613,0.000409322,0.0178292
C14orf142,TSN,0.613,0.000409322,0.0178292
CTNNA1,SLC35A3,0.613,0.000409322,0.0178292
RHOA,SAR1B,0.613,0.000409322,0.0178292
PRPF31,RAD1,0.613,0.000409322,0.0178292
CFL1,GDI2,0.613,0.000409322,0.0178292
EIF4E,SAE1,0.613,0.000409322,0.0178292
ARF4,MIER3,0.613,0.000409322,0.0178292
LYVE1,RELN,0.613,0.000409322,0.0178292
CNN1,LARP6,0.613,0.000409322,0.0178292
AKR1C2,CIDEC,0.613,0.000409322,0.0178292
CDC42EP5,MEOX1,0.613,0.000409322,0.0178292
DNAJC3,LOC101928189,0.613,0.000409322,0.0178292
PPAPDC1A,RUNX1-IT1,0.613,0.000409322,0.0178292
BAG2,C1QTNF6,0.613,0.000409322,0.0178292
KCTD5,SUSD3,-0.612,0.000414979,0.0179825
MAPK13,PPAPDC1A,-0.612,0.000414979,0.0179825
BTNL9,RUNX1-IT1,-0.612,0.000414979,0.0179825
COPG2IT1,SIK2,0.612,0.000414979,0.0179825
ADAMTS9-AS2,ADH1C,0.612,0.000414979,0.0179825
ADAMTS5,C1QTNF6,0.612,0.000414979,0.0179825
AL833181,MIR143HG,0.612,0.000414979,0.0179825
ADH1B,SOD3,0.612,0.000414979,0.0179825
GFPT1,ZNF43,0.612,0.000414979,0.0179825
CCDC3,MIR143HG,0.612,0.000414979,0.0179825
FAR1,LOC100190986,0.612,0.000414979,0.0179825
PSMD10,SELT,0.612,0.000414979,0.0179825
C16orf13,CKAP5,0.612,0.000414979,0.0179825
KRT15,LARP6,0.612,0.000414979,0.0179825
DNAJB1,YWHAE,0.612,0.000414979,0.0179825
MAPRE1,TMX1,0.612,0.000414979,0.0179825
INHBA,POSTN,0.612,0.000414979,0.0179825
OCIAD1,SCOC,0.612,0.000414979,0.0179825
SRSF3,TSN,0.612,0.000414979,0.0179825
RRM1,SCARB2,0.612,0.000414979,0.0179825
KLHL13,PTX3,0.612,0.000414979,0.0179825
AOC3,CIDEC,0.612,0.000414979,0.0179825
PEAR1,PID1,0.612,0.000414979,0.0179825
CHRDL1,PEAR1,0.612,0.000414979,0.0179825
AKR1C3,KLHL29,0.612,0.000414979,0.0179825
RUNX2,SFRP2,0.612,0.000414979,0.0179825
RASIP1,RIOK3,-0.612,0.000420705,0.0181515
ABI1,ITGA7,-0.612,0.000420705,0.0181515
CCL14,RIOK3,-0.612,0.000420705,0.0181515
ATP1A2,SLC6A14,0.612,0.000420705,0.0181515
CKS2,FAM162B,0.612,0.000420705,0.0181515
MAPRE1,UBE2M,0.612,0.000420705,0.0181515
CLIC4,ZFP36L2,0.612,0.000420705,0.0181515
CRYAB,PALMD,0.612,0.000420705,0.0181515
MEOX1,NES,0.612,0.000420705,0.0181515
CD300LG,TMEM100,0.612,0.000420705,0.0181515
HSP90AB1,HSPD1,0.612,0.000420705,0.0181515
ASCC1,SELT,0.612,0.000420705,0.0181515
KLHL13,KRT5,0.612,0.000420705,0.0181515
C16orf72,CD9,0.612,0.000420705,0.0181515
CTNNA1,TPD52,0.612,0.000420705,0.0181515
SAE1,YIPF5,0.612,0.000420705,0.0181515
ARPC5,UEVLD,0.612,0.000420705,0.0181515
FABP4,RBP4,0.612,0.000420705,0.0181515
ADAMTS5,ID4,0.612,0.000420705,0.0181515
MEOX1,TMEM132C,0.612,0.000420705,0.0181515
COL12A1,GREM1,0.612,0.000420705,0.0181515
FNDC1,POSTN,0.612,0.000420705,0.0181515
CD36,TMEM230,-0.611,0.0004265,0.0183221
SERPINH1,TMEM9,-0.611,0.0004265,0.0183221
GPIHBP1,VTA1,-0.611,0.0004265,0.0183221
GPM6B,SGPP1,0.611,0.0004265,0.0183221
LARP6,LOXL1,0.611,0.0004265,0.0183221
CILP,RP3-428L16.2,0.611,0.0004265,0.0183221
ADH1B,INMT,0.611,0.0004265,0.0183221
LAPTM4B,PTP4A1,0.611,0.0004265,0.0183221
FXYD1,PDE9A,0.611,0.0004265,0.0183221
RAPGEF3,SOD3,0.611,0.0004265,0.0183221
UBE2M,UEVLD,0.611,0.0004265,0.0183221
ASAP1,GNAI3,0.611,0.0004265,0.0183221
CDC5L,TPP1,0.611,0.0004265,0.0183221
LIPE,MARC1,0.611,0.0004265,0.0183221
KRT15,RSPO3,0.611,0.0004265,0.0183221
ESRP1,HSP90AB1,0.611,0.0004265,0.0183221
DDA1,DNAJB1,0.611,0.0004265,0.0183221
CYB5R3,TSN,0.611,0.0004265,0.0183221
DCTN4,RIOK3,0.611,0.0004265,0.0183221
DMD,PIGR,0.611,0.0004265,0.0183221
CHRDL1,CILP,0.611,0.0004265,0.0183221
PALMD,SOD3,0.611,0.0004265,0.0183221
CTGF,FBP1,-0.611,0.000432365,0.0184689
ADH1C,PLAC9,0.611,0.000432365,0.0184689
GJB2,RAB31,0.611,0.000432365,0.0184689
HSP90AB1,PTPLAD1,0.611,0.000432365,0.0184689
ID4,NR3C2,0.611,0.000432365,0.0184689
ADH1C,CDKN2C,0.611,0.000432365,0.0184689
CCDC3,CRYAB,0.611,0.000432365,0.0184689
C2orf40,SCN4B,0.611,0.000432365,0.0184689
CAPN3,GPX3,0.611,0.000432365,0.0184689
CLIC5,SOSTDC1,0.611,0.000432365,0.0184689
SAE1,TNFRSF12A,0.611,0.000432365,0.0184689
SELT,SMC4,0.611,0.000432365,0.0184689
ARID5A,SAMD5,0.611,0.000432365,0.0184689
JAK1,OAZ2,0.611,0.000432365,0.0184689
CTNNA1,GNAI3,0.611,0.000432365,0.0184689
CFL1,OSTC,0.611,0.000432365,0.0184689
YWHAE,ZFP36L2,0.611,0.000432365,0.0184689
ARPC5,FAR1,0.611,0.000432365,0.0184689
OSTC,PPAPDC1A,0.611,0.000432365,0.0184689
SPOCK1,STK38,0.611,0.000432365,0.0184689
CTB-50L17.7,DCTN4,0.611,0.000432365,0.0184689
CTNNA1,SCOC,0.611,0.000432365,0.0184689
BRCC3,CTNNA1,0.611,0.000432365,0.0184689
ARFIP1,ARPC5,0.611,0.000432365,0.0184689
SCARB2,ZNF146,0.611,0.000432365,0.0184689
CCL14,PALMD,0.611,0.000432365,0.0184689
EBF1,LMOD1,0.611,0.000432365,0.0184689
ALDH1L1,SAA2-SAA4,0.611,0.000432365,0.0184689
LOC101928625,TMEM50B,0.611,0.000432365,0.0184689
ACSS2,FBN1,-0.61,0.000438301,0.0186098
C1orf56,TK1,-0.61,0.000438301,0.0186098
FUS,TNPO1,-0.61,0.000438301,0.0186098
CREB1,GPR146,-0.61,0.000438301,0.0186098
SGPL1,ZFP36L2,-0.61,0.000438301,0.0186098
ARHGEF28,PLAUR,-0.61,0.000438301,0.0186098
GPX3,RGMA,0.61,0.000438301,0.0186098
GHR,LRRN4CL,0.61,0.000438301,0.0186098
GPX3,RASIP1,0.61,0.000438301,0.0186098
ADH1B,KLHL29,0.61,0.000438301,0.0186098
ARFIP1,BZW1,0.61,0.000438301,0.0186098
GNAL,LARP6,0.61,0.000438301,0.0186098
MIA,SOX10,0.61,0.000438301,0.0186098
C16orf13,DDA1,0.61,0.000438301,0.0186098
ADAMTS9-AS2,PALMD,0.61,0.000438301,0.0186098
NES,PLAC9,0.61,0.000438301,0.0186098
DST,LGR6,0.61,0.000438301,0.0186098
CFD,KLHL29,0.61,0.000438301,0.0186098
CLDN5,VWF,0.61,0.000438301,0.0186098
CCDC69,VWF,0.61,0.000438301,0.0186098
GNAI3,HLA-DRA,0.61,0.000438301,0.0186098
C2orf40,PADI2,0.61,0.000438301,0.0186098
BRCC3,TTPAL,0.61,0.000438301,0.0186098
HN1,JAK1,0.61,0.000438301,0.0186098
EDEM3,ZNF43,0.61,0.000438301,0.0186098
C16orf72,EZR,0.61,0.000438301,0.0186098
ALOX5AP,INHBA,0.61,0.000438301,0.0186098
PRPF31,SCARB2,0.61,0.000438301,0.0186098
FAM214A,GATA3,0.61,0.000438301,0.0186098
RELN,TNXA,0.61,0.000438301,0.0186098
FXYD1,LOC100506558,0.61,0.000438301,0.0186098
CERS2,SERPINH1,-0.61,0.000444309,0.0187593
C16orf72,CCL14,-0.61,0.000444309,0.0187593
SCD5,UBE2M,-0.61,0.000444309,0.0187593
GPR146,PIK3C2A,-0.61,0.000444309,0.0187593
CPA3,GPR160,-0.61,0.000444309,0.0187593
DMD,GNAI1,0.61,0.000444309,0.0187593
FAP,MFGE8,0.61,0.000444309,0.0187593
LIPE,RASIP1,0.61,0.000444309,0.0187593
CDC42EP5,FBN1,0.61,0.000444309,0.0187593
CDC42EP5,COL3A1,0.61,0.000444309,0.0187593
CHRDL1,GNAI1,0.61,0.000444309,0.0187593
FXYD1,GNAI1,0.61,0.000444309,0.0187593
AL833181,LAMB3,0.61,0.000444309,0.0187593
MIA3,SIDT1,0.61,0.000444309,0.0187593
AKR1C3,ANKRD35,0.61,0.000444309,0.0187593
ABCA8,MIR143HG,0.61,0.000444309,0.0187593
CHRDL1,CRYAB,0.61,0.000444309,0.0187593
INMT,PIGR,0.61,0.000444309,0.0187593
RSPO3,SFRP1,0.61,0.000444309,0.0187593
ABCA8,CAPN3,0.61,0.000444309,0.0187593
GOLGA7,YWHAZ,0.61,0.000444309,0.0187593
ARFIP1,SERINC3,0.61,0.000444309,0.0187593
NREP,YWHAZ,0.61,0.000444309,0.0187593
DDA1,YWHAE,0.61,0.000444309,0.0187593
ASAP1,GDI2,0.61,0.000444309,0.0187593
FAR1,PIK3C2A,0.61,0.000444309,0.0187593
GNAI3,TRIM59,0.61,0.000444309,0.0187593
GDI2,NIPBL,0.61,0.000444309,0.0187593
COL8A2,OLFML2B,0.61,0.000444309,0.0187593
AGR3,SIAH2,0.609,0.000449458,0.0189029
PDE2A,RAB1A,-0.609,0.000450389,0.0189029
GPIHBP1,UEVLD,-0.609,0.000450389,0.0189029
KANK3,RIOK3,-0.609,0.000450389,0.0189029
DOPEY2,MFAP2,-0.609,0.000450389,0.0189029
DPY19L2P2,NREP,-0.609,0.000450389,0.0189029
CCM2L,EGFL7,0.609,0.000450389,0.0189029
FOXC1,GPX3,0.609,0.000450389,0.0189029
DNM3OS,WDR86,0.609,0.000450389,0.0189029
DNM3OS,PID1,0.609,0.000450389,0.0189029
SAA2-SAA4,VIT,0.609,0.000450389,0.0189029
ENPP2,GNAL,0.609,0.000450389,0.0189029
IGFBP6,PGM5,0.609,0.000450389,0.0189029
IGFBP6,PTN,0.609,0.000450389,0.0189029
CLDN5,MAMDC2,0.609,0.000450389,0.0189029
BRCC3,GLUD2,0.609,0.000450389,0.0189029
EDEM3,SPIN1,0.609,0.000450389,0.0189029
C1orf56,RNF115,0.609,0.000450389,0.0189029
ASCC1,CDC5L,0.609,0.000450389,0.0189029
RAB14,UBE2N,0.609,0.000450389,0.0189029
NREP,SH3BGRL,0.609,0.000450389,0.0189029
COMMD10,DCTN4,0.609,0.000450389,0.0189029
CREB1,OAZ2,0.609,0.000450389,0.0189029
SYPL1,TSN,0.609,0.000450389,0.0189029
CFL1,CTNNA1,0.609,0.000450389,0.0189029
RAB1A,SEPT2,0.609,0.000450389,0.0189029
SCOC,UEVLD,0.609,0.000450389,0.0189029
GOLGA7,RHOB,0.609,0.000450389,0.0189029
GATA3,PTER,0.609,0.000450389,0.0189029
CIDEC,LIPE,0.609,0.000450389,0.0189029
DNAJC3,TTPAL,0.609,0.000450389,0.0189029
COL6A6,VPS8,-0.609,0.000456542,0.0190697
CA3,PDGFA,-0.609,0.000456542,0.0190697
ANKRD29,GNAI1,0.609,0.000456542,0.0190697
NUDT7,RELN,0.609,0.000456542,0.0190697
CDC42EP5,COL5A1,0.609,0.000456542,0.0190697
BZW1,LAMP1,0.609,0.000456542,0.0190697
KDM5B,MIA3,0.609,0.000456542,0.0190697
EGFL7,PDE9A,0.609,0.000456542,0.0190697
COMMD10,GNB1,0.609,0.000456542,0.0190697
GNB1,SAE1,0.609,0.000456542,0.0190697
LEP,LGALS12,0.609,0.000456542,0.0190697
KLHL29,SAMD5,0.609,0.000456542,0.0190697
DNAJC3,ETNK1,0.609,0.000456542,0.0190697
ABI1,C16orf72,0.609,0.000456542,0.0190697
CD46,TMX1,0.609,0.000456542,0.0190697
GDE1,RAD1,0.609,0.000456542,0.0190697
HSP90AB1,M6PR,0.609,0.000456542,0.0190697
C12orf75,PRRX1,0.609,0.000456542,0.0190697
ANKH,COL8A2,0.609,0.000456542,0.0190697
RAB5A,TPD52,0.609,0.000456542,0.0190697
FAT2,NES,0.609,0.000456542,0.0190697
ADIPOQ,LIPE,0.609,0.000456542,0.0190697
KLHL29,PEAR1,0.609,0.000456542,0.0190697
C1orf56,KDM5B,0.609,0.000456542,0.0190697
CPA3,VCAN,0.609,0.000456542,0.0190697
CTHRC1,FAM214A,-0.608,0.000462768,0.019238
CERS2,CKS2,-0.608,0.000462768,0.019238
RUNX1-IT1,SAA1,-0.608,0.000462768,0.019238
C1QTNF6,MME,0.608,0.000462768,0.019238
FMO2,PIGR,0.608,0.000462768,0.019238
MIR21,PLAUR,0.608,0.000462768,0.019238
CTNNA1,DDX42,0.608,0.000462768,0.019238
KLHL29,PGM5,0.608,0.000462768,0.019238
NR3C2,PLAC9,0.608,0.000462768,0.019238
GNAL,PID1,0.608,0.000462768,0.019238
OCIAD1,PSENEN,0.608,0.000462768,0.019238
LMOD1,RSPO3,0.608,0.000462768,0.019238
ETNK1,SERINC3,0.608,0.000462768,0.019238
CRYAB,SAMD5,0.608,0.000462768,0.019238
LYPLA1,ZNF146,0.608,0.000462768,0.019238
CNN3,LRRC15,0.608,0.000462768,0.019238
BGN,INHBA,0.608,0.000462768,0.019238
CTNNA1,RHOA,0.608,0.000462768,0.019238
CCT2,CFL1,0.608,0.000462768,0.019238
RRM1,SEPT2,0.608,0.000462768,0.019238
DNAJC10,HLA-DRA,0.608,0.000462768,0.019238
CDKN2C,ITIH5,0.608,0.000462768,0.019238
FAP,GXYLT2,0.608,0.000462768,0.019238
FAP,KDELR3,0.608,0.000462768,0.019238
KDELR3,THY1,0.608,0.000462768,0.019238
CA4,LINC00408,0.608,0.000468107,0.0194004
ARHGEF15,CTNNA1,-0.608,0.000469069,0.0194004
FOXA1,KLHL13,-0.608,0.000469069,0.0194004
CAPN3,DDX42,-0.608,0.000469069,0.0194004
FAM189A2,NUDT7,0.608,0.000469069,0.0194004
CES1,GPX3,0.608,0.000469069,0.0194004
C1QTNF6,MFGE8,0.608,0.000469069,0.0194004
CKAP5,PRPF31,0.608,0.000469069,0.0194004
PGM5,SOD3,0.608,0.000469069,0.0194004
FAT2,PALMD,0.608,0.000469069,0.0194004
EPT1,SELT,0.608,0.000469069,0.0194004
CD9,TTPAL,0.608,0.000469069,0.0194004
TMX1,YWHAE,0.608,0.000469069,0.0194004
EDEM3,IGF1R,0.608,0.000469069,0.0194004
C1S,LAMP1,0.608,0.000469069,0.0194004
ARF4,PLAUR,0.608,0.000469069,0.0194004
ANKRD12,BRCC3,0.608,0.000469069,0.0194004
DCTN4,TAB2,0.608,0.000469069,0.0194004
RAB1A,ZFP36L2,0.608,0.000469069,0.0194004
PGRMC1,SAR1B,0.608,0.000469069,0.0194004
PPAPDC1A,TRIM59,0.608,0.000469069,0.0194004
COL5A1,NREP,0.608,0.000469069,0.0194004
BRCC3,YIPF5,0.608,0.000469069,0.0194004
ARF4,MRPL42,0.608,0.000469069,0.0194004
MIER3,PIK3C2A,0.608,0.000469069,0.0194004
IRX1,KCNN4,0.608,0.000469069,0.0194004
HIP1,RNF115,0.608,0.000469069,0.0194004
PGRMC1,SGPL1,-0.607,0.000475446,0.0195827
CILP,SERPINH1,0.607,0.000475446,0.0195827
EGFL7,PEAR1,0.607,0.000475446,0.0195827
PRRX1,SULF1,0.607,0.000475446,0.0195827
CRYAB,EBF1,0.607,0.000475446,0.0195827
SLC33A1,TSN,0.607,0.000475446,0.0195827
ARFGEF1,TMEM245,0.607,0.000475446,0.0195827
HSPD1,TSN,0.607,0.000475446,0.0195827
DNAJB1,YIPF5,0.607,0.000475446,0.0195827
BBOX1,C2orf40,0.607,0.000475446,0.0195827
COL6A6,NES,0.607,0.000475446,0.0195827
KIT,OXTR,0.607,0.000475446,0.0195827
HSP90AB1,TTPAL,0.607,0.000475446,0.0195827
GDE1,TMEM230,0.607,0.000475446,0.0195827
INHBA,VTA1,0.607,0.000475446,0.0195827
SCOC,YWHAE,0.607,0.000475446,0.0195827
NIPBL,PGRMC1,0.607,0.000475446,0.0195827
NIPBL,UEVLD,0.607,0.000475446,0.0195827
RGMA,SCN4B,0.607,0.000475446,0.0195827
ADAMTS5,SEMA3G,0.607,0.000475446,0.0195827
IGF2R,UBE2H,0.607,0.000475446,0.0195827
C1QTNF6,OLFML2B,0.607,0.000475446,0.0195827
GPR146,LOC100190986,-0.607,0.000481898,0.0197444
ARHGEF28,LRRC41,-0.607,0.000481898,0.0197444
PRIMA1,SMC4,-0.607,0.000481898,0.0197444
CD36,SEMA3G,0.607,0.000481898,0.0197444
MATR3,NEMF,0.607,0.000481898,0.0197444
NREP,TMX1,0.607,0.000481898,0.0197444
GNB1,LOC101928189,0.607,0.000481898,0.0197444
ID4,SCN4B,0.607,0.000481898,0.0197444
GPM6B,PRMT6,0.607,0.000481898,0.0197444
IRX1,MID1,0.607,0.000481898,0.0197444
GDI2,MATR3,0.607,0.000481898,0.0197444
EIF4A2,RHOB,0.607,0.000481898,0.0197444
PAMR1,SOSTDC1,0.607,0.000481898,0.0197444
RHOA,TMX1,0.607,0.000481898,0.0197444
DDA1,SEPT2,0.607,0.000481898,0.0197444
ASAP1,GOLGA7,0.607,0.000481898,0.0197444
GDE1,TPD52,0.607,0.000481898,0.0197444
NIPBL,WAPAL,0.607,0.000481898,0.0197444
FAP,WNT5A,0.607,0.000481898,0.0197444
ANKH,FBN1,0.607,0.000481898,0.0197444
C16orf13,PSENEN,0.607,0.000481898,0.0197444
CDC5L,UBE2N,0.607,0.000481898,0.0197444
HNRNPF,OCIAD1,0.607,0.000481898,0.0197444
KIT,PADI2,0.607,0.000481898,0.0197444
FOXC1,TNXA,0.607,0.000481898,0.0197444
LIPE,SAA1,0.607,0.000481898,0.0197444
C12orf75,GJB2,0.607,0.000481898,0.0197444
BAG2,THY1,0.607,0.000481898,0.0197444
COMMD10,LIPE,-0.606,0.000488427,0.0199372
DDA1,OPHN1,-0.606,0.000488427,0.0199372
HN1,RERGL,-0.606,0.000488427,0.0199372
CCDC3,F11R,-0.606,0.000488427,0.0199372
EIF4E,USP21,-0.606,0.000488427,0.0199372
BTNL9,TRIM59,-0.606,0.000488427,0.0199372
NSG1,RUNX2,0.606,0.000488427,0.0199372
FABP4,INMT,0.606,0.000488427,0.0199372
AKR1C2,FXYD1,0.606,0.000488427,0.0199372
CLDN5,FMO2,0.606,0.000488427,0.0199372
PDLIM5,UBE4B,0.606,0.000488427,0.0199372
ANKRD35,CFD,0.606,0.000488427,0.0199372
ASAP1,B3GNT2,0.606,0.000488427,0.0199372
CDC5L,GFPT1,0.606,0.000488427,0.0199372
ABCA8,KIT,0.606,0.000488427,0.0199372
CCT2,LSM4,0.606,0.000488427,0.0199372
CD46,SERINC3,0.606,0.000488427,0.0199372
RAB14,SCOC,0.606,0.000488427,0.0199372
LAPTM4B,SYPL1,0.606,0.000488427,0.0199372
NIPBL,RHOA,0.606,0.000488427,0.0199372
GPR146,MATR3,-0.606,0.000495034,0.0200982
CSNK1A1,ROBO4,-0.606,0.000495034,0.0200982
ADAM12,DPY19L2P2,-0.606,0.000495034,0.0200982
C1orf213,CD300LG,0.606,0.000495034,0.0200982
ACVR1C,NAT8L,0.606,0.000495034,0.0200982
RASL10A,SLC13A2,0.606,0.000495034,0.0200982
DNM3OS,LARP6,0.606,0.000495034,0.0200982
GNB1,LOXL1,0.606,0.000495034,0.0200982
SAR1B,UBE2M,0.606,0.000495034,0.0200982
PIGR,RGMA,0.606,0.000495034,0.0200982
ASCC1,LAPTM4B,0.606,0.000495034,0.0200982
ALDH1L1,CD300LG,0.606,0.000495034,0.0200982
ADAMTS9,NDRG2,0.606,0.000495034,0.0200982
ARFGEF1,SCOC,0.606,0.000495034,0.0200982
C12orf5,GNAI3,0.606,0.000495034,0.0200982
STK38,YIF1B,0.606,0.000495034,0.0200982
BRCC3,IGF1R,0.606,0.000495034,0.0200982
AGR2,B3GALNT1,0.606,0.000495034,0.0200982
BRCC3,DCTN4,0.606,0.000495034,0.0200982
SCARB2,SYPL1,0.606,0.000495034,0.0200982
ARF4,RAB5A,0.606,0.000495034,0.0200982
SP1,TMEM245,0.606,0.000495034,0.0200982
IRX1,LARP6,0.606,0.000495034,0.0200982
KIT,MAMDC2,0.606,0.000495034,0.0200982
EPT1,NAPA,0.606,0.000495034,0.0200982
ABCA8,CILP,0.606,0.000495034,0.0200982
CD46,DSG2,0.606,0.000495034,0.0200982
C12orf75,GXYLT2,0.606,0.000495034,0.0200982
POSTN,SPOCK1,0.606,0.000495034,0.0200982
CCT2,TMEFF2,-0.605,0.000501719,0.0202905
LOC100507311,PDLIM5,-0.605,0.000501719,0.0202905
C12orf5,GATA3,-0.605,0.000501719,0.0202905
LOC100506558,RBP7,0.605,0.000501719,0.0202905
ADH1C,SCN4B,0.605,0.000501719,0.0202905
ACACB,CCL14,0.605,0.000501719,0.0202905
ABCA8,SAA1,0.605,0.000501719,0.0202905
RBP7,ROBO4,0.605,0.000501719,0.0202905
LOC100506558,TRIM29,0.605,0.000501719,0.0202905
NAPA,TMEM50B,0.605,0.000501719,0.0202905
JAK1,XPNPEP1,0.605,0.000501719,0.0202905
ABI1,TMX1,0.605,0.000501719,0.0202905
CDH11,OSTC,0.605,0.000501719,0.0202905
LAMP1,RAB5A,0.605,0.000501719,0.0202905
SYPL1,UBE2N,0.605,0.000501719,0.0202905
PGRMC1,RAD1,0.605,0.000501719,0.0202905
CFL1,UBE2N,0.605,0.000501719,0.0202905
GOLGA7,MAPRE1,0.605,0.000501719,0.0202905
ASAP1,C14orf142,0.605,0.000501719,0.0202905
COL12A1,GXYLT2,0.605,0.000501719,0.0202905
MAGI3,VAV3,0.605,0.000501719,0.0202905
LOC100190986,SLIT3,-0.605,0.000508484,0.0204432
AK094644,SLC33A1,-0.605,0.000508484,0.0204432
CAPN3,KCTD5,-0.605,0.000508484,0.0204432
EZH2,SP1,-0.605,0.000508484,0.0204432
AKR1C2,SCN4B,0.605,0.000508484,0.0204432
AL833181,PIGR,0.605,0.000508484,0.0204432
PLAC9,TF,0.605,0.000508484,0.0204432
AQP7,TMEM100,0.605,0.000508484,0.0204432
FKBP4,LYPLA1,0.605,0.000508484,0.0204432
BUB3,EIF4A2,0.605,0.000508484,0.0204432
NOLC1,STIP1,0.605,0.000508484,0.0204432
ACSS2,TNPO1,0.605,0.000508484,0.0204432
ANKRD29,CFD,0.605,0.000508484,0.0204432
LINC00266-1,OPHN1,0.605,0.000508484,0.0204432
C2orf40,EDNRB,0.605,0.000508484,0.0204432
BTNL9,SOSTDC1,0.605,0.000508484,0.0204432
CD300LG,LPHN3,0.605,0.000508484,0.0204432
GABRP,LOC100506558,0.605,0.000508484,0.0204432
ADAMTS9,BTNL9,0.605,0.000508484,0.0204432
EDNRB,ITIH5,0.605,0.000508484,0.0204432
DNAJB1,SCOC,0.605,0.000508484,0.0204432
ABI1,BRCC3,0.605,0.000508484,0.0204432
GDI2,STK38,0.605,0.000508484,0.0204432
COL8A2,STK38,0.605,0.000508484,0.0204432
ALOX5AP,RUNX1-IT1,0.605,0.000508484,0.0204432
ARF4,RRM1,0.605,0.000508484,0.0204432
DCTN4,HSP90AB1,0.605,0.000508484,0.0204432
CREB1,SLC30A5,0.605,0.000508484,0.0204432
CX3CL1,GABRP,0.605,0.000508484,0.0204432
CDC42EP5,CHRDL1,0.605,0.000508484,0.0204432
AKR1C3,MEOX1,0.605,0.000508484,0.0204432
BIN1,IGFBP6,0.605,0.000508484,0.0204432
GPIHBP1,MRPL42,-0.604,0.000515328,0.0206349
GPIHBP1,MIER3,-0.604,0.000515328,0.0206349
GPR146,MIER3,-0.604,0.000515328,0.0206349
ARFGEF1,CCL14,-0.604,0.000515328,0.0206349
ARFGEF1,SOD3,-0.604,0.000515328,0.0206349
DOPEY2,GJB2,-0.604,0.000515328,0.0206349
COPG2IT1,LINC00086,0.604,0.000515328,0.0206349
C1QTNF6,PID1,0.604,0.000515328,0.0206349
CD9,DDX42,0.604,0.000515328,0.0206349
CCNB1,UBE2S,0.604,0.000515328,0.0206349
BZW1,SAE1,0.604,0.000515328,0.0206349
DDX42,LAMP1,0.604,0.000515328,0.0206349
LAPTM4B,STIP1,0.604,0.000515328,0.0206349
PDLIM5,TTPAL,0.604,0.000515328,0.0206349
MAPRE1,YWHAZ,0.604,0.000515328,0.0206349
ANKRD12,UBE2N,0.604,0.000515328,0.0206349
CAPRIN1,EZR,0.604,0.000515328,0.0206349
DCTD,SEPT2,0.604,0.000515328,0.0206349
NIPBL,SP1,0.604,0.000515328,0.0206349
KIT,TNXA,0.604,0.000515328,0.0206349
CIDEC,GPX3,0.604,0.000515328,0.0206349
BIN1,CCDC69,0.604,0.000515328,0.0206349
C16orf72,CAPN3,-0.604,0.000522253,0.0208132
GJB2,TMEM9,-0.604,0.000522253,0.0208132
LARP4B,NIPBL,0.604,0.000522253,0.0208132
BZW1,C16orf13,0.604,0.000522253,0.0208132
NREP,SULF1,0.604,0.000522253,0.0208132
PTPLAD1,SRPK2,0.604,0.000522253,0.0208132
ADAMTS9-AS2,CFD,0.604,0.000522253,0.0208132
SYNM,SYNPO2,0.604,0.000522253,0.0208132
SELT,SP1,0.604,0.000522253,0.0208132
PIK3C2A,SLC33A1,0.604,0.000522253,0.0208132
RSPO3,TMEM100,0.604,0.000522253,0.0208132
MID1,TNXA,0.604,0.000522253,0.0208132
MEOX1,ROBO4,0.604,0.000522253,0.0208132
CFD,FXYD1,0.604,0.000522253,0.0208132
FUS,RAB5A,0.604,0.000522253,0.0208132
KLHL13,KRT14,0.604,0.000522253,0.0208132
TMEM50B,TSN,0.604,0.000522253,0.0208132
ARPC5,DDA1,0.604,0.000522253,0.0208132
EIF4E,FAR1,0.604,0.000522253,0.0208132
CAPRIN1,CDC5L,0.604,0.000522253,0.0208132
C16orf72,RAD1,0.604,0.000522253,0.0208132
GDI2,RHOB,0.604,0.000522253,0.0208132
ADAMTS9,CCL14,0.604,0.000522253,0.0208132
HIP1,SPIN1,0.604,0.000522253,0.0208132
ASPN,DNM3OS,0.604,0.000522253,0.0208132
ASPN,SPOCK1,0.604,0.000522253,0.0208132
ARHGEF15,PIK3C2A,-0.603,0.000529259,0.0209892
FUS,NPR1,-0.603,0.000529259,0.0209892
MAGI3,ZFP36L2,0.603,0.000529259,0.0209892
AL833181,FAM13A-AS1,0.603,0.000529259,0.0209892
GPX3,SFRP1,0.603,0.000529259,0.0209892
BZW1,GNB1,0.603,0.000529259,0.0209892
BZW1,UBE2N,0.603,0.000529259,0.0209892
DDX42,YIPF5,0.603,0.000529259,0.0209892
MIA,PADI2,0.603,0.000529259,0.0209892
NAPA,TMEM9,0.603,0.000529259,0.0209892
GNB1,SLC30A5,0.603,0.000529259,0.0209892
FAM13A-AS1,SYNM,0.603,0.000529259,0.0209892
CCT2,TTPAL,0.603,0.000529259,0.0209892
CAPRIN1,TMEM50B,0.603,0.000529259,0.0209892
DSG2,TTPAL,0.603,0.000529259,0.0209892
CTHRC1,STK38,0.603,0.000529259,0.0209892
MICAL2,PRRX1,0.603,0.000529259,0.0209892
RAB1A,SCARB2,0.603,0.000529259,0.0209892
SLC30A5,UBE4B,0.603,0.000529259,0.0209892
DCTN4,UEVLD,0.603,0.000529259,0.0209892
MRPL42,PIK3C2A,0.603,0.000529259,0.0209892
RIOK3,SP1,0.603,0.000529259,0.0209892
GPX3,RBP4,0.603,0.000529259,0.0209892
ID4,MEOX1,0.603,0.000529259,0.0209892
KRT15,LMOD1,0.603,0.000529259,0.0209892
HIP1,IGF1R,0.603,0.000529259,0.0209892
C12orf75,POSTN,0.603,0.000529259,0.0209892
ALDH1A2,FMO2,0.603,0.000535274,0.0211514
ACSS2,POSTN,-0.603,0.000536348,0.0211514
CAPN3,RIOK3,-0.603,0.000536348,0.0211514
CD9,ROBO4,-0.603,0.000536348,0.0211514
COL12A1,DOPEY2,-0.603,0.000536348,0.0211514
DOPEY2,LRRC15,-0.603,0.000536348,0.0211514
NUDT7,WIF1,0.603,0.000536348,0.0211514
CCM2L,LIPE,0.603,0.000536348,0.0211514
COL3A1,NSG1,0.603,0.000536348,0.0211514
SOD3,TF,0.603,0.000536348,0.0211514
DICER1,POGK,0.603,0.000536348,0.0211514
GNAL,KLHL13,0.603,0.000536348,0.0211514
GNB1,LRRC41,0.603,0.000536348,0.0211514
ADAMTS5,MIR143HG,0.603,0.000536348,0.0211514
KLHL29,SYNM,0.603,0.000536348,0.0211514
DST,PPP1R14A,0.603,0.000536348,0.0211514
ETNK1,GFPT1,0.603,0.000536348,0.0211514
DST,GNAL,0.603,0.000536348,0.0211514
ITIH5,SFRP1,0.603,0.000536348,0.0211514
PSMD10,YWHAZ,0.603,0.000536348,0.0211514
DSG2,ZNF43,0.603,0.000536348,0.0211514
CLIC4,LAMP1,0.603,0.000536348,0.0211514
C1S,FKBP14,0.603,0.000536348,0.0211514
CTB-50L17.7,SAE1,0.603,0.000536348,0.0211514
UBE2N,ZNF146,0.603,0.000536348,0.0211514
TMEM230,UEVLD,0.603,0.000536348,0.0211514
ASPN,COL6A1,0.603,0.000536348,0.0211514
COL12A1,CTGF,0.603,0.000536348,0.0211514
GREM1,LOXL1,0.603,0.000536348,0.0211514
COL3A1,GXYLT2,0.603,0.000536348,0.0211514
FN1,JADE3,0.603,0.000536348,0.0211514
EDN3,TLE3,-0.603,0.000538844,0.0212422
CENPU,FOLR1,0.603,0.000538844,0.0212422
GPIHBP1,RAB5A,-0.602,0.00054352,0.0213266
ANKRD29,CCL14,0.602,0.00054352,0.0213266
BUB3,SP1,0.602,0.00054352,0.0213266
ATAD2,HSPD1,0.602,0.00054352,0.0213266
MT1M,RASIP1,0.602,0.00054352,0.0213266
PPP2R5C,TMX1,0.602,0.00054352,0.0213266
EIF4A2,SLC33A1,0.602,0.00054352,0.0213266
FAM13A-AS1,NCALD,0.602,0.00054352,0.0213266
GPR160,SIDT1,0.602,0.00054352,0.0213266
BTNL9,DMD,0.602,0.00054352,0.0213266
PTPRZ1,PTX3,0.602,0.00054352,0.0213266
ID4,LRRN4CL,0.602,0.00054352,0.0213266
DNAJC10,YWHAH,0.602,0.00054352,0.0213266
GLUD2,RAB5A,0.602,0.00054352,0.0213266
ARID5A,KIT,0.602,0.00054352,0.0213266
MFGE8,MME,0.602,0.00054352,0.0213266
TMX1,ZNF146,0.602,0.00054352,0.0213266
EIF4E,GNAI3,0.602,0.00054352,0.0213266
ANKH,TIMP3,0.602,0.00054352,0.0213266
RAD1,TSN,0.602,0.00054352,0.0213266
CTNNA1,NIPBL,0.602,0.00054352,0.0213266
PGRMC1,SEPT2,0.602,0.00054352,0.0213266
LEPREL1,MIR143HG,0.602,0.00054352,0.0213266
ANKRD12,ZFP36L2,0.602,0.00054352,0.0213266
CD46,SIDT1,0.602,0.00054352,0.0213266
DNM3OS,MS4A7,0.602,0.00054352,0.0213266
GATA3,LEPREL1,-0.602,0.000550777,0.0215303
SH3BGRL,TUSC5,-0.602,0.000550777,0.0215303
DOPEY2,POSTN,-0.602,0.000550777,0.0215303
PTP4A1,SLC30A5,0.602,0.000550777,0.0215303
HMG20B,PPAPDC1B,0.602,0.000550777,0.0215303
ABI1,FAR1,0.602,0.000550777,0.0215303
C16orf13,TTPAL,0.602,0.000550777,0.0215303
CDKN2C,EDNRB,0.602,0.000550777,0.0215303
ARF4,STIP1,0.602,0.000550777,0.0215303
DNAJB1,SLC30A5,0.602,0.000550777,0.0215303
EIF4A2,UBE4B,0.602,0.000550777,0.0215303
EIF4A2,ZNF146,0.602,0.000550777,0.0215303
TIMP3,TMEM230,0.602,0.000550777,0.0215303
ANKH,COMP,0.602,0.000550777,0.0215303
GDI2,YIPF5,0.602,0.000550777,0.0215303
RAB1A,RHOB,0.602,0.000550777,0.0215303
DMD,SOX10,0.602,0.000550777,0.0215303
CDC42EP5,ID4,0.602,0.000550777,0.0215303
HIP1,ZNF43,0.602,0.000550777,0.0215303
CTHRC1,OLFML2B,0.602,0.000550777,0.0215303
COL6A1,LRRC15,0.602,0.000550777,0.0215303
ACSS2,PPAPDC1A,-0.601,0.000558118,0.0217202
DICER1,OLFML2B,-0.601,0.000558118,0.0217202
ETNK1,ITGA7,-0.601,0.000558118,0.0217202
LOC100190986,NPR1,-0.601,0.000558118,0.0217202
BGN,MAPK13,-0.601,0.000558118,0.0217202
DICER1,MME,-0.601,0.000558118,0.0217202
DCX,MICB,-0.601,0.000558118,0.0217202
FRYL,MYZAP,-0.601,0.000558118,0.0217202
ANKRD35,CHRDL1,0.601,0.000558118,0.0217202
SCN4B,SOD3,0.601,0.000558118,0.0217202
ANKRD35,SOD3,0.601,0.000558118,0.0217202
CKAP5,TMEM50B,0.601,0.000558118,0.0217202
ADAMTS9,NES,0.601,0.000558118,0.0217202
ARF4,DNAJC10,0.601,0.000558118,0.0217202
GNB1,WAPAL,0.601,0.000558118,0.0217202
MTUS1,YWHAE,0.601,0.000558118,0.0217202
PSENEN,UEVLD,0.601,0.000558118,0.0217202
PLEKHF2,TPD52,0.601,0.000558118,0.0217202
CYB5R3,HSPD1,0.601,0.000558118,0.0217202
JAK1,MIER3,0.601,0.000558118,0.0217202
CLIC4,GREM1,0.601,0.000558118,0.0217202
CREB1,UBE4B,0.601,0.000558118,0.0217202
CREB1,MAPRE1,0.601,0.000558118,0.0217202
CIDEC,ITGA7,0.601,0.000558118,0.0217202
COL6A1,SPOCK1,0.601,0.000558118,0.0217202
CCM2L,RAD1,-0.601,0.000565544,0.0218769
GJA9,RP1-193H18.2,-0.601,0.000565544,0.0218769
AKR1C2,PGM5,0.601,0.000565544,0.0218769
PLAC9,SFRP2,0.601,0.000565544,0.0218769
CDC42EP5,SERPINH1,0.601,0.000565544,0.0218769
LOC100506558,RASIP1,0.601,0.000565544,0.0218769
ASAH1,DOPEY2,0.601,0.000565544,0.0218769
ARFGEF1,EZR,0.601,0.000565544,0.0218769
ADAMTS9-AS2,PEAR1,0.601,0.000565544,0.0218769
CAPN3,CES1,0.601,0.000565544,0.0218769
CKAP5,TMX1,0.601,0.000565544,0.0218769
KRT15,SYNM,0.601,0.000565544,0.0218769
LOC100506558,NES,0.601,0.000565544,0.0218769
GFPT1,PIK3C2A,0.601,0.000565544,0.0218769
PEAR1,RSPO3,0.601,0.000565544,0.0218769
NDRG2,PEAR1,0.601,0.000565544,0.0218769
LYPLA1,SPIN1,0.601,0.000565544,0.0218769
ITIH5,SEMA3G,0.601,0.000565544,0.0218769
GDI2,YWHAZ,0.601,0.000565544,0.0218769
SCOC,ZNF43,0.601,0.000565544,0.0218769
GLUL,RAB5A,0.601,0.000565544,0.0218769
GNAI3,PSMD10,0.601,0.000565544,0.0218769
NEMF,PMS2L2,0.601,0.000565544,0.0218769
EIF4E,RAB14,0.601,0.000565544,0.0218769
CDC5L,M6PR,0.601,0.000565544,0.0218769
CLIC4,RUNX2,0.601,0.000565544,0.0218769
MICAL2,TIMP3,0.601,0.000565544,0.0218769
BAG2,C1S,0.601,0.000565544,0.0218769
CALU,WNT5A,0.601,0.000565544,0.0218769
TMEM230,UBE2N,0.601,0.000565544,0.0218769
ROPN1,SLC6A14,0.601,0.000565544,0.0218769
INMT,LINC00086,0.601,0.000565544,0.0218769
KLHL29,MEOX1,0.601,0.000565544,0.0218769
EDNRB,PLAC9,0.601,0.000565544,0.0218769
POU6F1,RIOK3,-0.6,0.000573057,0.0220235
GPIHBP1,PSMD10,-0.6,0.000573057,0.0220235
CD9,VWF,-0.6,0.000573057,0.0220235
DOPEY2,FAP,-0.6,0.000573057,0.0220235
DOPEY2,VCAN,-0.6,0.000573057,0.0220235
ADH1C,CLIC5,0.6,0.000573057,0.0220235
ANGPT1,STAC2,0.6,0.000573057,0.0220235
MAMDC2,PGM5,0.6,0.000573057,0.0220235
KLHL13,RGMA,0.6,0.000573057,0.0220235
FOXC1,GNAL,0.6,0.000573057,0.0220235
DDA1,SERINC3,0.6,0.000573057,0.0220235
SLC33A1,TMX1,0.6,0.000573057,0.0220235
CD46,EZR,0.6,0.000573057,0.0220235
CD9,EIF4A2,0.6,0.000573057,0.0220235
CAPRIN1,RIT1,0.6,0.000573057,0.0220235
GDE1,SLC33A1,0.6,0.000573057,0.0220235
BTNL9,PLIN4,0.6,0.000573057,0.0220235
CCDC3,MAMDC2,0.6,0.000573057,0.0220235
AKR1C3,FOXC1,0.6,0.000573057,0.0220235
SAR1B,TMX1,0.6,0.000573057,0.0220235
CFL1,TNFRSF12A,0.6,0.000573057,0.0220235
DDA1,RRM1,0.6,0.000573057,0.0220235
ARPC5,STK38,0.6,0.000573057,0.0220235
GDE1,YIPF5,0.6,0.000573057,0.0220235
LAMP1,LAPTM4B,0.6,0.000573057,0.0220235
SCOC,TMEM230,0.6,0.000573057,0.0220235
UBE2N,YIPF5,0.6,0.000573057,0.0220235
RAB1A,UBE2N,0.6,0.000573057,0.0220235
LAMP1,OAZ2,0.6,0.000573057,0.0220235
SETD5,YWHAE,0.6,0.000573057,0.0220235
LAMP1,SETD5,0.6,0.000573057,0.0220235
C16orf72,YIPF5,0.6,0.000573057,0.0220235
SLC30A5,YIPF5,0.6,0.000573057,0.0220235
CD36,RBP4,0.6,0.000573057,0.0220235
LOC100507311,RERGL,0.6,0.000573057,0.0220235
CLDN5,LOC100506558,0.6,0.000573057,0.0220235
FAP,MICAL2,0.6,0.000573057,0.0220235
DNM3OS,FBP1,-0.6,0.000580658,0.0221909
CD9,INMT,-0.6,0.000580658,0.0221909
MAPK13,OLFML2B,-0.6,0.000580658,0.0221909
MS4A7,TBC1D9,-0.6,0.000580658,0.0221909
DDX42,TSPAN31,0.6,0.000580658,0.0221909
ABCA9,CILP,0.6,0.000580658,0.0221909
RAPGEF3,TNXA,0.6,0.000580658,0.0221909
LMOD1,SLC2A13,0.6,0.000580658,0.0221909
ADAMTS9-AS2,RASIP1,0.6,0.000580658,0.0221909
STIP1,TTPAL,0.6,0.000580658,0.0221909
KIT,MIR143HG,0.6,0.000580658,0.0221909
GFPT1,GLUL,0.6,0.000580658,0.0221909
FBP1,SERINC3,0.6,0.000580658,0.0221909
CCDC176,DOPEY2,0.6,0.000580658,0.0221909
CAPN3,RRAGD,0.6,0.000580658,0.0221909
INMT,KANK3,0.6,0.000580658,0.0221909
LIMS2,MFGE8,0.6,0.000580658,0.0221909
KCNN4,LIMS2,0.6,0.000580658,0.0221909
ADAMTS5,KLHL13,0.6,0.000580658,0.0221909
DMD,KRT15,0.6,0.000580658,0.0221909
RAB14,SERINC3,0.6,0.000580658,0.0221909
GREM1,TIMP3,0.6,0.000580658,0.0221909
MRPL42,PGRMC1,0.6,0.000580658,0.0221909
GDI2,PGRMC1,0.6,0.000580658,0.0221909
PPP1R11,SAE1,0.6,0.000580658,0.0221909
GOLGA7,TMEM245,0.6,0.000580658,0.0221909
EBF1,TMEM100,0.6,0.000580658,0.0221909
MT1M,TMEM132C,0.6,0.000580658,0.0221909
KDM5B,SIDT1,0.6,0.000580658,0.0221909
AR,DNAJC3,0.6,0.000580658,0.0221909
ASPN,SFRP2,0.6,0.000580658,0.0221909
ALDOC,OLFML2B,0.6,0.000580658,0.0221909
GPIHBP1,RIOK3,-0.6,0.000588347,0.0223714
DNAJC12,RUNX2,-0.6,0.000588347,0.0223714
ARHGEF4,CNTNAP3,-0.6,0.000588347,0.0223714
CRABP1,PNP,0.6,0.000588347,0.0223714
GNAI1,RP3-428L16.2,0.6,0.000588347,0.0223714
CBX3,DICER1,0.6,0.000588347,0.0223714
DLK1,TESC,0.6,0.000588347,0.0223714
ALYREF,GNB1,0.6,0.000588347,0.0223714
ATP6V1A,STIP1,0.6,0.000588347,0.0223714
CDKN2C,SLIT3,0.6,0.000588347,0.0223714
CYB5R3,LAPTM4B,0.6,0.000588347,0.0223714
DCTN4,GNB1,0.6,0.000588347,0.0223714
CAPRIN1,SLC33A1,0.6,0.000588347,0.0223714
DOPEY2,GPR160,0.6,0.000588347,0.0223714
GNAL,KRT5,0.6,0.000588347,0.0223714
ALYREF,SRSF3,0.6,0.000588347,0.0223714
ALYREF,DDA1,0.6,0.000588347,0.0223714
M6PR,YWHAE,0.6,0.000588347,0.0223714
THY1,YWHAH,0.6,0.000588347,0.0223714
LOXL1,WNT5A,0.6,0.000588347,0.0223714
CYB5R3,VTA1,0.6,0.000588347,0.0223714
PRPF31,UBE2N,0.6,0.000588347,0.0223714
MAPRE1,TSN,0.6,0.000588347,0.0223714
ARPC5,MAPRE1,0.6,0.000588347,0.0223714
SETD5,UEVLD,0.6,0.000588347,0.0223714
ARFIP1,GOLGA7,0.6,0.000588347,0.0223714
EGF,KCNN4,0.6,0.000588347,0.0223714
CLDN5,PID1,0.6,0.000588347,0.0223714
ADRB2,CCDC69,0.6,0.000588347,0.0223714
ACSS2,ADAM12,-0.599,0.000596125,0.0225535
ACVR1C,CNTNAP3,-0.599,0.000596125,0.0225535
NUDT7,ROPN1B,0.599,0.000596125,0.0225535
ADH1C,CCDC69,0.599,0.000596125,0.0225535
AOC3,DMD,0.599,0.000596125,0.0225535
SRSF3,TSPAN31,0.599,0.000596125,0.0225535
BZW1,EZR,0.599,0.000596125,0.0225535
INMT,PDE9A,0.599,0.000596125,0.0225535
GFPT1,IGF1R,0.599,0.000596125,0.0225535
CKS2,ECT2,0.599,0.000596125,0.0225535
C1orf213,NAT8L,0.599,0.000596125,0.0225535
C16orf13,LSM4,0.599,0.000596125,0.0225535
KRT15,OXTR,0.599,0.000596125,0.0225535
CD46,M6PR,0.599,0.000596125,0.0225535
CFD,FIGF,0.599,0.000596125,0.0225535
GABRP,LMOD1,0.599,0.000596125,0.0225535
DMD,LAMB3,0.599,0.000596125,0.0225535
ARFIP1,TMEM50B,0.599,0.000596125,0.0225535
DCTN4,SPIN1,0.599,0.000596125,0.0225535
SERINC3,SP1,0.599,0.000596125,0.0225535
ETNK1,MAPRE1,0.599,0.000596125,0.0225535
M6PR,PSMD10,0.599,0.000596125,0.0225535
ARFIP1,WAPAL,0.599,0.000596125,0.0225535
OSTC,VCAN,0.599,0.000596125,0.0225535
CLIC4,LOXL1,0.599,0.000596125,0.0225535
ARPC5,SCARB2,0.599,0.000596125,0.0225535
SOSTDC1,TNXA,0.599,0.000596125,0.0225535
PCOLCE2,RBP4,0.599,0.000596125,0.0225535
IGSF10,SEMA3G,0.599,0.000596125,0.0225535
ADRB2,PTER,-0.599,0.000603993,0.0226942
FBP1,MS4A7,-0.599,0.000603993,0.0226942
RIOK3,SLIT3,-0.599,0.000603993,0.0226942
SGPL1,YWHAZ,-0.599,0.000603993,0.0226942
MFSD4,NOLC1,-0.599,0.000603993,0.0226942
FMO2,SAMD5,0.599,0.000603993,0.0226942
GPM6B,TF,0.599,0.000603993,0.0226942
CD36,EDNRB,0.599,0.000603993,0.0226942
ADAMTS5,CRYAB,0.599,0.000603993,0.0226942
BRCC3,PSENEN,0.599,0.000603993,0.0226942
KLHL29,MFGE8,0.599,0.000603993,0.0226942
EBF1,KLHL13,0.599,0.000603993,0.0226942
EBF1,FIGF,0.599,0.000603993,0.0226942
ENPP2,LARP6,0.599,0.000603993,0.0226942
RELN,SFRP1,0.599,0.000603993,0.0226942
CCL28,IGSF10,0.599,0.000603993,0.0226942
CAPN3,CLDN5,0.599,0.000603993,0.0226942
MIER3,STIP1,0.599,0.000603993,0.0226942
ARPC5,TMX1,0.599,0.000603993,0.0226942
CAPRIN1,IGF2R,0.599,0.000603993,0.0226942
RAB5A,ZFP36L2,0.599,0.000603993,0.0226942
CD9,COMMD10,0.599,0.000603993,0.0226942
TNFRSF19,VTA1,0.599,0.000603993,0.0226942
COL12A1,NREP,0.599,0.000603993,0.0226942
GALNT10,THY1,0.599,0.000603993,0.0226942
CLIC4,SERPINH1,0.599,0.000603993,0.0226942
DCTN4,YWHAE,0.599,0.000603993,0.0226942
LIG4,RAD1,0.599,0.000603993,0.0226942
CCT2,OCIAD1,0.599,0.000603993,0.0226942
DCTD,RHOA,0.599,0.000603993,0.0226942
SRSF3,UEVLD,0.599,0.000603993,0.0226942
RHOB,UEVLD,0.599,0.000603993,0.0226942
ROPN1,SCARA5,0.599,0.000603993,0.0226942
HSPB2,IRX1,0.599,0.000603993,0.0226942
DMD,RRAGD,0.599,0.000603993,0.0226942
ME1,SOAT1,0.599,0.000603993,0.0226942
PEAR1,PLAC9,0.599,0.000603993,0.0226942
ABI1,GMFB,0.599,0.000603993,0.0226942
RUNX2,THY1,0.599,0.000603993,0.0226942
COL5A1,RP3-428L16.2,0.599,0.000603993,0.0226942
ADH1B,DEFB1,0.598,0.000606771,0.0227947
GPR146,PDLIM5,-0.598,0.000611952,0.0228754
CA3,UBE2S,-0.598,0.000611952,0.0228754
ADRB2,DDA1,-0.598,0.000611952,0.0228754
RBP7,SCN4B,0.598,0.000611952,0.0228754
ACACB,TNXA,0.598,0.000611952,0.0228754
ASPN,RAB31,0.598,0.000611952,0.0228754
CDC42EP5,FAP,0.598,0.000611952,0.0228754
AOC3,CCDC3,0.598,0.000611952,0.0228754
DDA1,MATR3,0.598,0.000611952,0.0228754
ADAMTS9,FAM13A-AS1,0.598,0.000611952,0.0228754
LMOD1,PGM5,0.598,0.000611952,0.0228754
LOC100506558,SCN4B,0.598,0.000611952,0.0228754
CERS2,RNF115,0.598,0.000611952,0.0228754
FXYD1,NES,0.598,0.000611952,0.0228754
M6PR,PPP2R5C,0.598,0.000611952,0.0228754
TBC1D9,TMEM9,0.598,0.000611952,0.0228754
LOC100190986,RIOK3,0.598,0.000611952,0.0228754
KCNN4,KCTD14,0.598,0.000611952,0.0228754
ARF4,DDA1,0.598,0.000611952,0.0228754
ARF4,C1S,0.598,0.000611952,0.0228754
ARPC5,ASAP1,0.598,0.000611952,0.0228754
BRCC3,ETNK1,0.598,0.000611952,0.0228754
GREM1,PRRX1,0.598,0.000611952,0.0228754
PLAUR,POSTN,0.598,0.000611952,0.0228754
KRT5,NES,0.598,0.000611952,0.0228754
CHRDL1,SFRP1,0.598,0.000611952,0.0228754
ABI1,EIF4A2,0.598,0.000611952,0.0228754
CFD,ITIH5,0.598,0.000611952,0.0228754
BAG2,SPOCK1,0.598,0.000611952,0.0228754
MATR3,NPR1,-0.598,0.000620003,0.0230581
SH3GL3,UBE2M,-0.598,0.000620003,0.0230581
MAGED2,RELN,-0.598,0.000620003,0.0230581
DNM3OS,NAPA,-0.598,0.000620003,0.0230581
AC092192.1,AL833181,-0.598,0.000620003,0.0230581
JAK1,MFGE8,0.598,0.000620003,0.0230581
ADAMTS5,GNAI1,0.598,0.000620003,0.0230581
ANKRD29,SYNM,0.598,0.000620003,0.0230581
CLCC1,PPP2R5C,0.598,0.000620003,0.0230581
AKR1C3,CRYAB,0.598,0.000620003,0.0230581
LAMP1,RANGAP1,0.598,0.000620003,0.0230581
FXYD1,LRRN4CL,0.598,0.000620003,0.0230581
ASAH1,GPR160,0.598,0.000620003,0.0230581
GABRP,OXTR,0.598,0.000620003,0.0230581
TMEM245,TMEM50B,0.598,0.000620003,0.0230581
ASCC1,RRM1,0.598,0.000620003,0.0230581
BUB3,FNIP1,0.598,0.000620003,0.0230581
CDC5L,LAPTM4B,0.598,0.000620003,0.0230581
C1S,CTHRC1,0.598,0.000620003,0.0230581
ANKH,GNAI3,0.598,0.000620003,0.0230581
ANKH,STK38,0.598,0.000620003,0.0230581
PGRMC1,SYPL1,0.598,0.000620003,0.0230581
CFL1,RIOK3,0.598,0.000620003,0.0230581
PDE2A,SGPL1,0.598,0.000620003,0.0230581
POU6F1,RGMA,0.598,0.000620003,0.0230581
GLUL,ZNF43,0.598,0.000620003,0.0230581
DNM3OS,FNDC1,0.598,0.000620003,0.0230581
COMP,GXYLT2,0.598,0.000620003,0.0230581
KDELR3,VCAN,0.598,0.000620003,0.0230581
ASPN,FN1,0.598,0.000620003,0.0230581
ITGA7,KCTD5,-0.597,0.000628146,0.0232543
CNN1,NAT8L,-0.597,0.000628146,0.0232543
MATR3,VWF,-0.597,0.000628146,0.0232543
CTHRC1,MAPK13,-0.597,0.000628146,0.0232543
COMP,TMEM9,-0.597,0.000628146,0.0232543
CILP,CTGF,0.597,0.000628146,0.0232543
CPA3,MID1,0.597,0.000628146,0.0232543
FCRL2,LINC00086,0.597,0.000628146,0.0232543
ARHGEF4,CLIC5,0.597,0.000628146,0.0232543
COL6A6,KLF15,0.597,0.000628146,0.0232543
MIR143HG,NDRG2,0.597,0.000628146,0.0232543
AGTRAP,OCIAD1,0.597,0.000628146,0.0232543
CCM2L,CLDN5,0.597,0.000628146,0.0232543
CLCC1,GFPT1,0.597,0.000628146,0.0232543
CKAP5,SERINC3,0.597,0.000628146,0.0232543
MEOX1,RELN,0.597,0.000628146,0.0232543
PIK3C2A,ZFP36L2,0.597,0.000628146,0.0232543
ARFIP1,RAB14,0.597,0.000628146,0.0232543
KDM5B,PBX1,0.597,0.000628146,0.0232543
INHBA,NREP,0.597,0.000628146,0.0232543
GNAI3,NREP,0.597,0.000628146,0.0232543
LAMP1,UBE2N,0.597,0.000628146,0.0232543
DCTD,PPP1R11,0.597,0.000628146,0.0232543
RHOA,RRM1,0.597,0.000628146,0.0232543
DNAJC10,SLC33A1,0.597,0.000628146,0.0232543
EZR,LAPTM4B,0.597,0.000628146,0.0232543
CCDC3,PALMD,0.597,0.000628146,0.0232543
ALDH1A2,SOD3,0.597,0.000635148,0.0234521
VPS8,VWF,-0.597,0.000636383,0.0234521
ALDH1L1,LOC441666,-0.597,0.000636383,0.0234521
IGSF10,RBP7,0.597,0.000636383,0.0234521
EGFL7,ITGA7,0.597,0.000636383,0.0234521
GNAI1,GPM6B,0.597,0.000636383,0.0234521
EIF2S3,FNIP1,0.597,0.000636383,0.0234521
AL833181,LOC100506558,0.597,0.000636383,0.0234521
CSNK1A1,RHOB,0.597,0.000636383,0.0234521
PPP2R5C,UBE2M,0.597,0.000636383,0.0234521
RNF115,USP21,0.597,0.000636383,0.0234521
ASAP1,C1S,0.597,0.000636383,0.0234521
FOXC1,ROBO4,0.597,0.000636383,0.0234521
MRPL42,SLC33A1,0.597,0.000636383,0.0234521
ADH1B,ITIH5,0.597,0.000636383,0.0234521
KANK3,NES,0.597,0.000636383,0.0234521
KRT14,MAMDC2,0.597,0.000636383,0.0234521
GLUL,PPP1R11,0.597,0.000636383,0.0234521
EIF4E,LYPLA1,0.597,0.000636383,0.0234521
LAPTM4B,RAD1,0.597,0.000636383,0.0234521
NIPBL,TSN,0.597,0.000636383,0.0234521
AGTRAP,LOC101927027,0.597,0.000636383,0.0234521
MIR143HG,PGM5,0.597,0.000636383,0.0234521
ANKRD12,WAPAL,0.597,0.000636383,0.0234521
SFRP1,SYNPO2,0.597,0.000636383,0.0234521
COL5A1,SFRP2,0.597,0.000636383,0.0234521
FBN1,MICAL2,0.597,0.000636383,0.0234521
LIPE,MIER3,-0.596,0.000644714,0.0236515
DDA1,PLIN4,-0.596,0.000644714,0.0236515
GNAI3,LIPE,-0.596,0.000644714,0.0236515
PRR14,SOD2,-0.596,0.000644714,0.0236515
ADAMTS9,RBP7,0.596,0.000644714,0.0236515
OXTR,SAA1,0.596,0.000644714,0.0236515
C12orf5,SOAT1,0.596,0.000644714,0.0236515
AL833181,DST,0.596,0.000644714,0.0236515
ASCC1,CKAP5,0.596,0.000644714,0.0236515
CTB-50L17.7,PTPLAD1,0.596,0.000644714,0.0236515
BLNK,NOLC1,0.596,0.000644714,0.0236515
EDNRB,RGMA,0.596,0.000644714,0.0236515
ADAMTS9-AS2,IGSF10,0.596,0.000644714,0.0236515
RAPGEF3,VWF,0.596,0.000644714,0.0236515
LSM4,POLR3K,0.596,0.000644714,0.0236515
KLHL29,PAMR1,0.596,0.000644714,0.0236515
FXYD1,SYNM,0.596,0.000644714,0.0236515
PDGFA,YIPF5,0.596,0.000644714,0.0236515
GALNT10,SLC33A1,0.596,0.000644714,0.0236515
COMMD10,EIF4A2,0.596,0.000644714,0.0236515
PTER,VPS8,0.596,0.000644714,0.0236515
RIOK3,UBE4B,0.596,0.000644714,0.0236515
OAZ2,RRM1,0.596,0.000644714,0.0236515
LARP4B,SLC2A10,0.596,0.000644714,0.0236515
COL6A6,TNXA,0.596,0.000644714,0.0236515
ENPP2,PALMD,0.596,0.000644714,0.0236515
THY1,VCAN,0.596,0.000644714,0.0236515
AC092192.1,PPP1R14A,-0.596,0.000653141,0.0238567
C16orf72,NPR1,-0.596,0.000653141,0.0238567
CDH11,SCGB3A1,-0.596,0.000653141,0.0238567
CD9,SCN4B,-0.596,0.000653141,0.0238567
ALOX5AP,GATA3,-0.596,0.000653141,0.0238567
ANKRD29,ID4,0.596,0.000653141,0.0238567
RARA,SLC13A2,0.596,0.000653141,0.0238567
ADAMTS9,TF,0.596,0.000653141,0.0238567
CCL14,SAA1,0.596,0.000653141,0.0238567
CD36,SOD3,0.596,0.000653141,0.0238567
FKBP4,POLR3K,0.596,0.000653141,0.0238567
AKR1C3,WIF1,0.596,0.000653141,0.0238567
LARP4B,PMS2L2,0.596,0.000653141,0.0238567
MME,PALMD,0.596,0.000653141,0.0238567
EDNRB,GPM6B,0.596,0.000653141,0.0238567
GNB1,MRPL42,0.596,0.000653141,0.0238567
CLDN8,CRYAB,0.596,0.000653141,0.0238567
CFD,ITGA7,0.596,0.000653141,0.0238567
SRSF3,STIP1,0.596,0.000653141,0.0238567
FNIP1,SRSF3,0.596,0.000653141,0.0238567
CLIC4,FKBP14,0.596,0.000653141,0.0238567
LAMP1,RIOK3,0.596,0.000653141,0.0238567
PGRMC1,TMEM230,0.596,0.000653141,0.0238567
COL6A6,FIGF,0.596,0.000653141,0.0238567
AKR1C3,EBF1,0.596,0.000653141,0.0238567
KCTD5,MATR3,0.596,0.000653141,0.0238567
SPIN1,ZNF627,0.595,0.000661664,0.0240675
CILP,COMP,0.595,0.000661664,0.0240675
CPA3,GHR,0.595,0.000661664,0.0240675
GNAI1,PLAC9,0.595,0.000661664,0.0240675
ANGPT1,FAM162B,0.595,0.000661664,0.0240675
CSNK1A1,RAB14,0.595,0.000661664,0.0240675
PDLIM5,SETD5,0.595,0.000661664,0.0240675
ANKRD12,GOLM1,0.595,0.000661664,0.0240675
CLDN5,FIGF,0.595,0.000661664,0.0240675
IGFBP6,TNXA,0.595,0.000661664,0.0240675
MATR3,SYPL1,0.595,0.000661664,0.0240675
FRYL,NIPBL,0.595,0.000661664,0.0240675
ARFIP1,IGF1R,0.595,0.000661664,0.0240675
DSG2,TMX1,0.595,0.000661664,0.0240675
C1orf56,GLUL,0.595,0.000661664,0.0240675
LAPTM4B,TPD52,0.595,0.000661664,0.0240675
LAMP1,TSN,0.595,0.000661664,0.0240675
CTNNA1,TMEM245,0.595,0.000661664,0.0240675
GOLGA7,UBE2N,0.595,0.000661664,0.0240675
RHOB,SCARB2,0.595,0.000661664,0.0240675
KANK3,TNXA,0.595,0.000661664,0.0240675
HSPB2,TNXA,0.595,0.000661664,0.0240675
GABRP,MFGE8,0.595,0.000661664,0.0240675
FXYD1,PLAC9,0.595,0.000661664,0.0240675
COL12A1,FKBP14,0.595,0.000661664,0.0240675
GJB2,USP21,-0.595,0.000670285,0.0242681
CCM2L,CD9,-0.595,0.000670285,0.0242681
COL5A2,MAPK13,-0.595,0.000670285,0.0242681
MOCS1,ZFP36L2,-0.595,0.000670285,0.0242681
C2orf40,SAA1,0.595,0.000670285,0.0242681
FZD4,PALMD,0.595,0.000670285,0.0242681
DNAJB1,EZR,0.595,0.000670285,0.0242681
GMFB,SELT,0.595,0.000670285,0.0242681
IGF1R,UBE2M,0.595,0.000670285,0.0242681
PTX3,VWF,0.595,0.000670285,0.0242681
CAPN3,ITGA7,0.595,0.000670285,0.0242681
GPR146,INMT,0.595,0.000670285,0.0242681
ID4,RSPO3,0.595,0.000670285,0.0242681
MATR3,MRPL42,0.595,0.000670285,0.0242681
EIF4A2,SCARB2,0.595,0.000670285,0.0242681
LOC101928189,MIER3,0.595,0.000670285,0.0242681
CYB5R3,LOC100271840,0.595,0.000670285,0.0242681
EDEM3,TMX1,0.595,0.000670285,0.0242681
EZR,PIK3C2A,0.595,0.000670285,0.0242681
POSTN,WNT5A,0.595,0.000670285,0.0242681
VTA1,WNT5A,0.595,0.000670285,0.0242681
LAMP1,YWHAE,0.595,0.000670285,0.0242681
CREB1,PGRMC1,0.595,0.000670285,0.0242681
CCT2,PGRMC1,0.595,0.000670285,0.0242681
MAPRE1,RIOK3,0.595,0.000670285,0.0242681
OAZ2,PPP1R11,0.595,0.000670285,0.0242681
ABI1,KCTD5,0.595,0.000670285,0.0242681
LPHN3,SAA2-SAA4,0.595,0.000670285,0.0242681
ATOH8,PRPF31,-0.594,0.000677702,0.0244302
SGPL1,TPD52,-0.594,0.000679003,0.0244302
FAM214A,FAP,-0.594,0.000679003,0.0244302
CCDC3,FBP1,-0.594,0.000679003,0.0244302
PDE2A,ZFP36L2,-0.594,0.000679003,0.0244302
CA3,ZWINT,-0.594,0.000679003,0.0244302
C1QTNF3,DNAJC12,-0.594,0.000679003,0.0244302
FABP4,SAMD5,0.594,0.000679003,0.0244302
CFL1,THY1,0.594,0.000679003,0.0244302
PLAC9,RP3-428L16.2,0.594,0.000679003,0.0244302
PDLIM5,RAD21,0.594,0.000679003,0.0244302
AKR1C2,PALMD,0.594,0.000679003,0.0244302
AL833181,PPP1R14A,0.594,0.000679003,0.0244302
DDX42,PIK3C2A,0.594,0.000679003,0.0244302
AGTRAP,JAK1,0.594,0.000679003,0.0244302
OCIAD1,UBE2M,0.594,0.000679003,0.0244302
ADAMTS9-AS2,INMT,0.594,0.000679003,0.0244302
FAT2,INMT,0.594,0.000679003,0.0244302
AKR1C3,MAMDC2,0.594,0.000679003,0.0244302
AKR1C3,ROPN1B,0.594,0.000679003,0.0244302
BTNL9,LOC100506558,0.594,0.000679003,0.0244302
CD46,SRSF3,0.594,0.000679003,0.0244302
FNIP1,PIK3C2A,0.594,0.000679003,0.0244302
RAB5A,TMEM50B,0.594,0.000679003,0.0244302
C1S,STIP1,0.594,0.000679003,0.0244302
CD46,TMEM50B,0.594,0.000679003,0.0244302
DSG2,GLUL,0.594,0.000679003,0.0244302
CAPRIN1,DDA1,0.594,0.000679003,0.0244302
DDA1,MAPRE1,0.594,0.000679003,0.0244302
SAR1B,TSN,0.594,0.000679003,0.0244302
SCARB2,WAPAL,0.594,0.000679003,0.0244302
AL833181,PDE9A,0.594,0.000679003,0.0244302
KIT,SAMD5,0.594,0.000679003,0.0244302
CCNB1,ME1,0.594,0.000679003,0.0244302
CLDN8,PRMT6,0.594,0.000679003,0.0244302
FXYD1,PID1,0.594,0.000679003,0.0244302
CFD,F2RL2,0.594,0.000679003,0.0244302
COL8A2,KDELR3,0.594,0.000679003,0.0244302
FRYL,GPIHBP1,-0.594,0.000687821,0.0246219
FAM13A-AS1,SAA1,0.594,0.000687821,0.0246219
PIGR,SLPI,0.594,0.000687821,0.0246219
DDX42,SYPL1,0.594,0.000687821,0.0246219
FAM13A-AS1,SIK2,0.594,0.000687821,0.0246219
CSNK1A1,LOC100190986,0.594,0.000687821,0.0246219
BZW1,GMFB,0.594,0.000687821,0.0246219
C16orf13,OAZ2,0.594,0.000687821,0.0246219
CFD,PLIN4,0.594,0.000687821,0.0246219
FIGF,LINC00086,0.594,0.000687821,0.0246219
CHRDL1,KIT,0.594,0.000687821,0.0246219
SEPT2,STIP1,0.594,0.000687821,0.0246219
CTB-50L17.7,LSM4,0.594,0.000687821,0.0246219
TPD52,YWHAZ,0.594,0.000687821,0.0246219
DNAJC3,SCOC,0.594,0.000687821,0.0246219
EDEM3,FOXA1,0.594,0.000687821,0.0246219
CYB5R3,MRPL42,0.594,0.000687821,0.0246219
ASAP1,MRPL42,0.594,0.000687821,0.0246219
PPAPDC1A,WNT5A,0.594,0.000687821,0.0246219
SH3BGRL,ZWILCH,0.594,0.000687821,0.0246219
CREB1,SCOC,0.594,0.000687821,0.0246219
SYPL1,YIPF5,0.594,0.000687821,0.0246219
ARPC5,CTB-50L17.7,0.594,0.000687821,0.0246219
SAE1,SCOC,0.594,0.000687821,0.0246219
GOLGA7,SLC30A5,0.594,0.000687821,0.0246219
OCIAD1,SP1,0.594,0.000687821,0.0246219
GABRP,LRRN4CL,0.594,0.000687821,0.0246219
MIR143HG,SCN4B,0.594,0.000687821,0.0246219
ID4,PALMD,0.594,0.000687821,0.0246219
BTNL9,NPR1,0.594,0.000687821,0.0246219
BAG2,C1QTNF3,0.594,0.000687821,0.0246219
DEFB1,SAMD5,0.593,0.000690945,0.0247297
NCALD,SH3GL3,-0.593,0.000696739,0.0248153
COL5A1,SIAH2,-0.593,0.000696739,0.0248153
ACSS2,COL3A1,-0.593,0.000696739,0.0248153
DEFB124,M6PR,-0.593,0.000696739,0.0248153
COPG2IT1,TRIM59,-0.593,0.000696739,0.0248153
LMOD1,XPNPEP1,0.593,0.000696739,0.0248153
FZD4,SCN4B,0.593,0.000696739,0.0248153
ALYREF,PTP4A1,0.593,0.000696739,0.0248153
GNAI1,TMEM100,0.593,0.000696739,0.0248153
GNAI1,PID1,0.593,0.000696739,0.0248153
FRYL,GNB1,0.593,0.000696739,0.0248153
PDE2A,VWF,0.593,0.000696739,0.0248153
DNAJC10,LAMP1,0.593,0.000696739,0.0248153
CHRDL1,NDRG2,0.593,0.000696739,0.0248153
AKR1C3,LARP6,0.593,0.000696739,0.0248153
MATR3,RHOB,0.593,0.000696739,0.0248153
GPM6B,PIGR,0.593,0.000696739,0.0248153
GLUL,MATR3,0.593,0.000696739,0.0248153
C1S,CTNNA1,0.593,0.000696739,0.0248153
SCOC,TAB2,0.593,0.000696739,0.0248153
EZR,YWHAE,0.593,0.000696739,0.0248153
LOXL1,STK38,0.593,0.000696739,0.0248153
BRCC3,SCOC,0.593,0.000696739,0.0248153
HSP90AB1,NIPBL,0.593,0.000696739,0.0248153
CFL1,PGRMC1,0.593,0.000696739,0.0248153
PSMD10,SCARB2,0.593,0.000696739,0.0248153
KCTD14,TRIM29,0.593,0.000696739,0.0248153
MARC1,ROBO4,0.593,0.000696739,0.0248153
C1QTNF6,GJB2,0.593,0.000696739,0.0248153
BGN,GXYLT2,0.593,0.000696739,0.0248153
DPY19L2P2,THY1,-0.593,0.000705758,0.02499
CLEC3B,VAV3,-0.593,0.000705758,0.02499
F2RL2,PSENEN,-0.593,0.000705758,0.02499
C1S,MLXIPL,-0.593,0.000705758,0.02499
ADH1C,RNF150,0.593,0.000705758,0.02499
MFGE8,THY1,0.593,0.000705758,0.02499
KANK3,RASIP1,0.593,0.000705758,0.02499
ADAMTS5,SFRP2,0.593,0.000705758,0.02499
BZW1,SLC33A1,0.593,0.000705758,0.02499
BZW1,C16orf72,0.593,0.000705758,0.02499
SLC30A5,UBE2M,0.593,0.000705758,0.02499
FAM13A-AS1,PEAR1,0.593,0.000705758,0.02499
FAM13A-AS1,PPP1R14A,0.593,0.000705758,0.02499
ARHGEF15,SLC29A4,0.593,0.000705758,0.02499
GNAI3,LAPTM4B,0.593,0.000705758,0.02499
COMMD10,DNAJC10,0.593,0.000705758,0.02499
APCDD1,SYNM,0.593,0.000705758,0.02499
ADAMTS5,TNXA,0.593,0.000705758,0.02499
KRT15,SOX10,0.593,0.000705758,0.02499
HSPB2,IGFBP6,0.593,0.000705758,0.02499
GLUL,SRSF3,0.593,0.000705758,0.02499
COMMD10,DDA1,0.593,0.000705758,0.02499
LYPLA1,SCARB2,0.593,0.000705758,0.02499
CD9,SEPT2,0.593,0.000705758,0.02499
COL6A1,INHBA,0.593,0.000705758,0.02499
COL3A1,INHBA,0.593,0.000705758,0.02499
ASCC1,JAK1,0.593,0.000705758,0.02499
CDC5L,HNRNPF,0.593,0.000705758,0.02499
ARFIP1,RHOB,0.593,0.000705758,0.02499
PDE9A,RAPGEF3,0.593,0.000705758,0.02499
MFGE8,SOX10,0.593,0.000705758,0.02499
PLIN4,SAA1,0.593,0.000705758,0.02499
FXYD1,PPP1R14A,0.593,0.000705758,0.02499
DNAJC3,FOXA1,0.593,0.000705758,0.02499
C12orf75,COL12A1,0.593,0.000705758,0.02499
BAG2,SLC2A13,0.593,0.000705758,0.02499
GREM1,SCGB3A1,-0.592,0.000714879,0.0252151
CTHRC1,NAT1,-0.592,0.000714879,0.0252151
EZR,HCAR3,-0.592,0.000714879,0.0252151
CES1,MFGE8,0.592,0.000714879,0.0252151
SERINC3,TSPAN31,0.592,0.000714879,0.0252151
CTHRC1,RAB31,0.592,0.000714879,0.0252151
ACACB,MID1,0.592,0.000714879,0.0252151
PIGR,WIF1,0.592,0.000714879,0.0252151
ESRP1,SLC33A1,0.592,0.000714879,0.0252151
EIF4A2,GNB1,0.592,0.000714879,0.0252151
RAD21,UBE2M,0.592,0.000714879,0.0252151
ATP6V1A,PSMD10,0.592,0.000714879,0.0252151
FIGF,SEMA3G,0.592,0.000714879,0.0252151
DMD,NES,0.592,0.000714879,0.0252151
CNN1,KRT14,0.592,0.000714879,0.0252151
OXTR,SOX10,0.592,0.000714879,0.0252151
NREP,SRSF3,0.592,0.000714879,0.0252151
ARF4,LAPTM4B,0.592,0.000714879,0.0252151
ANXA9,DEGS2,0.592,0.000714879,0.0252151
DCTN4,PGRMC1,0.592,0.000714879,0.0252151
LARP6,MAMDC2,0.592,0.000714879,0.0252151
GABRP,MAMDC2,0.592,0.000714879,0.0252151
AGPAT9,ID4,0.592,0.000714879,0.0252151
COL12A1,KDELR3,0.592,0.000714879,0.0252151
ARHGEF15,ARPC5,-0.592,0.000724103,0.0254175
ACSS2,CTHRC1,-0.592,0.000724103,0.0254175
CAPN3,EDEM3,-0.592,0.000724103,0.0254175
FKBP14,SAA2-SAA4,-0.592,0.000724103,0.0254175
ARHGEF28,TGFB1,-0.592,0.000724103,0.0254175
LOC100507311,MFSD4,0.592,0.000724103,0.0254175
FAM13A-AS1,TF,0.592,0.000724103,0.0254175
FMO2,MIA,0.592,0.000724103,0.0254175
NR3C2,TF,0.592,0.000724103,0.0254175
CD36,SLIT3,0.592,0.000724103,0.0254175
DMD,SAA1,0.592,0.000724103,0.0254175
CCL28,SLPI,0.592,0.000724103,0.0254175
ASPN,RP1-193H18.2,0.592,0.000724103,0.0254175
BRCC3,DDX42,0.592,0.000724103,0.0254175
SCN4B,TMEM100,0.592,0.000724103,0.0254175
CCT2,PDGFA,0.592,0.000724103,0.0254175
STIP1,ZNF146,0.592,0.000724103,0.0254175
C2orf40,MFGE8,0.592,0.000724103,0.0254175
KRT14,PADI2,0.592,0.000724103,0.0254175
C14orf142,EIF4E,0.592,0.000724103,0.0254175
CNN3,TRIQK,0.592,0.000724103,0.0254175
ASCC1,CLIC4,0.592,0.000724103,0.0254175
ARF4,UBE2N,0.592,0.000724103,0.0254175
DMD,MFGE8,0.592,0.000724103,0.0254175
KLHL29,SYNPO2,0.592,0.000724103,0.0254175
CLDN5,PLAC9,0.592,0.000724103,0.0254175
IGFBP6,KLHL29,0.592,0.000724103,0.0254175
CTHRC1,SFRP2,0.592,0.000724103,0.0254175
CDH11,TNFRSF19,0.592,0.000724103,0.0254175
C12orf75,FN1,0.592,0.000724103,0.0254175
CIDEC,TMX1,-0.591,0.00073343,0.0256216
B3GNT2,PDE2A,-0.591,0.00073343,0.0256216
SCCPDH,VCAN,-0.591,0.00073343,0.0256216
ADAM12,DNAJC12,-0.591,0.00073343,0.0256216
ARHGEF28,YIF1B,-0.591,0.00073343,0.0256216
CNTNAP3,SLC29A4,-0.591,0.00073343,0.0256216
NES,RBP7,0.591,0.00073343,0.0256216
ADH1C,RASIP1,0.591,0.00073343,0.0256216
CD36,GPR146,0.591,0.00073343,0.0256216
APCDD1,NDC1,0.591,0.00073343,0.0256216
CDC42EP5,VCAN,0.591,0.00073343,0.0256216
ITGA7,PPP1R14A,0.591,0.00073343,0.0256216
GPX3,SEMA3G,0.591,0.00073343,0.0256216
FBP1,GPR160,0.591,0.00073343,0.0256216
DDX42,NAPA,0.591,0.00073343,0.0256216
C16orf13,SLC17A5,0.591,0.00073343,0.0256216
MTUS1,NIPBL,0.591,0.00073343,0.0256216
ADAMTS5,ITIH5,0.591,0.00073343,0.0256216
ABI1,HSP90AB1,0.591,0.00073343,0.0256216
KDM5B,USP21,0.591,0.00073343,0.0256216
BRCC3,CCT2,0.591,0.00073343,0.0256216
DCTD,OAZ2,0.591,0.00073343,0.0256216
GDI2,SCOC,0.591,0.00073343,0.0256216
RHOB,RIOK3,0.591,0.00073343,0.0256216
LAMP1,PIK3C2A,0.591,0.00073343,0.0256216
CLIC5,PALMD,0.591,0.00073343,0.0256216
HIP1,TTPAL,0.591,0.00073343,0.0256216
CPA3,CTHRC1,0.591,0.00073343,0.0256216
RP3-428L16.2,VCAN,0.591,0.00073343,0.0256216
C1QTNF6,KDELR3,0.591,0.00073343,0.0256216
CAPN3,LYPLA1,-0.591,0.000742863,0.0258069
ACVR1C,ROPN1B,-0.591,0.000742863,0.0258069
ADM,AGPAT9,0.591,0.000742863,0.0258069
CES1,MAMDC2,0.591,0.000742863,0.0258069
CRYAB,GNAI1,0.591,0.000742863,0.0258069
ABCA8,G0S2,0.591,0.000742863,0.0258069
ERLIN2,SULF2,0.591,0.000742863,0.0258069
CLDN8,IRX1,0.591,0.000742863,0.0258069
FAM214A,FOXA1,0.591,0.000742863,0.0258069
CHRDL1,FAT2,0.591,0.000742863,0.0258069
RAB14,SELT,0.591,0.000742863,0.0258069
CDC42EP5,KLHL13,0.591,0.000742863,0.0258069
ETNK1,GLUL,0.591,0.000742863,0.0258069
NPR1,PPP1R14A,0.591,0.000742863,0.0258069
ENTPD1,OSTC,0.591,0.000742863,0.0258069
EDEM3,RAB5A,0.591,0.000742863,0.0258069
LAMP1,TTPAL,0.591,0.000742863,0.0258069
GDI2,GNAI3,0.591,0.000742863,0.0258069
EZR,RIOK3,0.591,0.000742863,0.0258069
EZR,ZNF146,0.591,0.000742863,0.0258069
CYB5R3,GXYLT2,0.591,0.000742863,0.0258069
C1QTNF3,PRRX1,0.591,0.000742863,0.0258069
CDH11,WNT5A,0.591,0.000742863,0.0258069
MFAP2,TIMP3,0.591,0.000742863,0.0258069
FN1,PLAUR,0.591,0.000742863,0.0258069
DCTN4,OCIAD1,0.591,0.000742863,0.0258069
COMMD10,RAD1,0.591,0.000742863,0.0258069
DCTD,YWHAE,0.591,0.000742863,0.0258069
TSN,UBE4B,0.591,0.000742863,0.0258069
CDC5L,CFL1,0.591,0.000742863,0.0258069
GABRP,PIGR,0.591,0.000742863,0.0258069
AGPAT9,PID1,0.591,0.000742863,0.0258069
CLDN5,IGFBP6,0.591,0.000742863,0.0258069
ENPP2,LMOD1,0.591,0.000742863,0.0258069
EDEM3,GMFB,0.591,0.000742863,0.0258069
CTHRC1,FBP1,-0.59,0.000752402,0.0260144
DCTN4,MARC1,-0.59,0.000752402,0.0260144
OSTC,USP21,-0.59,0.000752402,0.0260144
DQ592442,EZH2,-0.59,0.000752402,0.0260144
LOC100190986,PC,-0.59,0.000752402,0.0260144
LARP6,RGMA,0.59,0.000752402,0.0260144
F11R,ZNF43,0.59,0.000752402,0.0260144
C2orf40,PROM1,0.59,0.000752402,0.0260144
LPHN3,MICB,0.59,0.000752402,0.0260144
NIPSNAP1,SULF2,0.59,0.000752402,0.0260144
SIK2,SOSTDC1,0.59,0.000752402,0.0260144
IGFBP6,MFGE8,0.59,0.000752402,0.0260144
MID1,RRAGD,0.59,0.000752402,0.0260144
CDC42EP5,CFD,0.59,0.000752402,0.0260144
HSPD1,OCIAD1,0.59,0.000752402,0.0260144
HSPD1,RAB5A,0.59,0.000752402,0.0260144
DCTD,HSPD1,0.59,0.000752402,0.0260144
HSP90AB1,YWHAZ,0.59,0.000752402,0.0260144
ABI1,RAD1,0.59,0.000752402,0.0260144
KCTD14,SOX10,0.59,0.000752402,0.0260144
FRYL,RNF115,0.59,0.000752402,0.0260144
PSMD10,RAB14,0.59,0.000752402,0.0260144
M6PR,TMEM245,0.59,0.000752402,0.0260144
ANKH,PRRX1,0.59,0.000752402,0.0260144
ARPC5,SETD5,0.59,0.000752402,0.0260144
GDI2,SAE1,0.59,0.000752402,0.0260144
PLIN4,PPP1R1A,0.59,0.000752402,0.0260144
CCDC3,EBF1,0.59,0.000752402,0.0260144
CCL14,PLAC9,0.59,0.000752402,0.0260144
BAG2,COMP,0.59,0.000752402,0.0260144
ACSS2,FKBP14,-0.59,0.000762048,0.0262029
GATA3,MICAL2,-0.59,0.000762048,0.0262029
CCL14,ETNK1,-0.59,0.000762048,0.0262029
ALDOC,NAT1,-0.59,0.000762048,0.0262029
ABCA9,PMS2L2,-0.59,0.000762048,0.0262029
DDA1,VWF,-0.59,0.000762048,0.0262029
CAPN3,SPIN1,-0.59,0.000762048,0.0262029
ARFGEF1,VWF,-0.59,0.000762048,0.0262029
LOXL1,MFGE8,0.59,0.000762048,0.0262029
CCL14,CIDEC,0.59,0.000762048,0.0262029
ADH1B,IGSF10,0.59,0.000762048,0.0262029
LSM4,TSPAN31,0.59,0.000762048,0.0262029
ARFIP1,PDLIM5,0.59,0.000762048,0.0262029
LOC441666,TCTN2,0.59,0.000762048,0.0262029
EIF2S3,NOLC1,0.59,0.000762048,0.0262029
ANKRD35,MEOX1,0.59,0.000762048,0.0262029
ADAMTS5,C2orf40,0.59,0.000762048,0.0262029
CTNNA1,RIT1,0.59,0.000762048,0.0262029
COMMD10,NOLC1,0.59,0.000762048,0.0262029
CCL28,LOC100506558,0.59,0.000762048,0.0262029
ETNK1,TMEM50B,0.59,0.000762048,0.0262029
ENPP2,F2RL2,0.59,0.000762048,0.0262029
ARFGEF1,HSP90AB1,0.59,0.000762048,0.0262029
CYB5R3,YWHAZ,0.59,0.000762048,0.0262029
CLIC4,TSN,0.59,0.000762048,0.0262029
ASAP1,COMMD10,0.59,0.000762048,0.0262029
RAB14,SCARB2,0.59,0.000762048,0.0262029
SERPINH1,YWHAH,0.59,0.000762048,0.0262029
ADAM12,WNT5A,0.59,0.000762048,0.0262029
SRSF3,UBE4B,0.59,0.000762048,0.0262029
CTB-50L17.7,SYPL1,0.59,0.000762048,0.0262029
HSP90AB1,SEPT2,0.59,0.000762048,0.0262029
OAZ2,UEVLD,0.59,0.000762048,0.0262029
CCT2,PIK3C2A,0.59,0.000762048,0.0262029
COL10A1,COL3A1,0.59,0.000762048,0.0262029
ALDH1A2,RP3-428L16.2,0.589,0.000770358,0.0263725
ALDH1A2,KRT15,0.589,0.000770358,0.0263725
ADIPOQ,RAD1,-0.589,0.000771802,0.0263725
FUS,VWF,-0.589,0.000771802,0.0263725
CD9,PDE2A,-0.589,0.000771802,0.0263725
ARHGEF15,TTPAL,-0.589,0.000771802,0.0263725
C2orf40,GPX3,0.589,0.000771802,0.0263725
PTPLAD1,SCOC,0.589,0.000771802,0.0263725
RGMA,SEMA3G,0.589,0.000771802,0.0263725
F11R,PSENEN,0.589,0.000771802,0.0263725
B3GNT2,CD9,0.589,0.000771802,0.0263725
KANK3,VWF,0.589,0.000771802,0.0263725
ATP6V1A,BRCC3,0.589,0.000771802,0.0263725
SLC33A1,YWHAE,0.589,0.000771802,0.0263725
FXYD1,GPR146,0.589,0.000771802,0.0263725
FIGF,SOD3,0.589,0.000771802,0.0263725
KLHL13,KRT15,0.589,0.000771802,0.0263725
DNAJC10,SH3BGRL,0.589,0.000771802,0.0263725
KCTD5,PSMD10,0.589,0.000771802,0.0263725
CTNNA1,GLUD2,0.589,0.000771802,0.0263725
C2orf40,CX3CL1,0.589,0.000771802,0.0263725
GDI2,PRRX1,0.589,0.000771802,0.0263725
DDA1,GOLGA7,0.589,0.000771802,0.0263725
ANKRD12,NIPBL,0.589,0.000771802,0.0263725
ANKRD12,RHOB,0.589,0.000771802,0.0263725
COL12A1,OSTC,0.589,0.000771802,0.0263725
RUNX1-IT1,YWHAH,0.589,0.000771802,0.0263725
GNAI3,VTA1,0.589,0.000771802,0.0263725
C16orf72,TPD52,0.589,0.000771802,0.0263725
C16orf72,CTNNA1,0.589,0.000771802,0.0263725
COMMD10,PIK3C2A,0.589,0.000771802,0.0263725
GATA3,LOC441259,0.589,0.000771802,0.0263725
RIT1,SLC33A1,0.589,0.000771802,0.0263725
CHRDL1,KLHL29,0.589,0.000771802,0.0263725
CLDN5,PPP1R14A,0.589,0.000771802,0.0263725
CD46,KCTD5,0.589,0.000771802,0.0263725
GMFB,KCTD5,0.589,0.000771802,0.0263725
C12orf75,FKBP14,0.589,0.000771802,0.0263725
FAP,RP3-428L16.2,0.589,0.000771802,0.0263725
ADAM12,SLC2A13,0.589,0.000771802,0.0263725
ITGA7,RAD1,-0.589,0.000781664,0.0265891
KCTD5,VWF,-0.589,0.000781664,0.0265891
MS4A7,TMEM9,-0.589,0.000781664,0.0265891
ALYREF,RAPGEF3,-0.589,0.000781664,0.0265891
ARFGEF1,RASIP1,-0.589,0.000781664,0.0265891
CALU,DOPEY2,-0.589,0.000781664,0.0265891
REL,SULF2,-0.589,0.000781664,0.0265891
CDH11,RAB31,0.589,0.000781664,0.0265891
ARHGEF4,CCM2L,0.589,0.000781664,0.0265891
CSNK1A1,SP1,0.589,0.000781664,0.0265891
FAT2,RASIP1,0.589,0.000781664,0.0265891
CCDC3,CCM2L,0.589,0.000781664,0.0265891
SLC33A1,YIPF5,0.589,0.000781664,0.0265891
F2RL2,NES,0.589,0.000781664,0.0265891
ANKDD1A,KIT,0.589,0.000781664,0.0265891
ADAMTS5,IRX1,0.589,0.000781664,0.0265891
MFGE8,MID1,0.589,0.000781664,0.0265891
CCDC3,SUSD3,0.589,0.000781664,0.0265891
GOLGA7,MATR3,0.589,0.000781664,0.0265891
GLUL,OCIAD1,0.589,0.000781664,0.0265891
ASCC1,HN1,0.589,0.000781664,0.0265891
NREP,PGRMC1,0.589,0.000781664,0.0265891
ETNK1,UBE2N,0.589,0.000781664,0.0265891
KDELR3,STK38,0.589,0.000781664,0.0265891
B3GNT2,TRIM59,0.589,0.000781664,0.0265891
CCT2,SCARB2,0.589,0.000781664,0.0265891
CTB-50L17.7,SEPT2,0.589,0.000781664,0.0265891
CDK1,SOAT1,0.589,0.000781664,0.0265891
TNFRSF19,VCAN,0.589,0.000781664,0.0265891
ALDH1A2,CFD,0.588,0.000785171,0.0267042
ARHGEF15,REL,-0.588,0.000791637,0.0268366
DSG2,RAPGEF3,-0.588,0.000791637,0.0268366
DSG2,TSPAN31,0.588,0.000791637,0.0268366
G0S2,TNXA,0.588,0.000791637,0.0268366
ITGA7,KANK3,0.588,0.000791637,0.0268366
ANKRD29,SCN4B,0.588,0.000791637,0.0268366
LAMP1,PDLIM5,0.588,0.000791637,0.0268366
CKAP5,TMEM230,0.588,0.000791637,0.0268366
KRT5,SCN4B,0.588,0.000791637,0.0268366
LMOD1,PIGR,0.588,0.000791637,0.0268366
CERS6,ETNK1,0.588,0.000791637,0.0268366
SYPL1,TMX1,0.588,0.000791637,0.0268366
FUS,PTER,0.588,0.000791637,0.0268366
BRCC3,TMEM230,0.588,0.000791637,0.0268366
ARF4,CCT2,0.588,0.000791637,0.0268366
RHOA,RIOK3,0.588,0.000791637,0.0268366
FMO2,ITGA7,0.588,0.000791637,0.0268366
EDEM3,SIDT1,0.588,0.000791637,0.0268366
FNDC1,MICAL2,0.588,0.000791637,0.0268366
NID2,SPOCK1,0.588,0.000791637,0.0268366
BGN,GREM1,0.588,0.000791637,0.0268366
ALDH1A2,WIF1,0.588,0.000800232,0.027036
CSNK1A1,MT1M,-0.588,0.000801721,0.027036
TUSC5,YIPF5,-0.588,0.000801721,0.027036
CIDEC,ETNK1,-0.588,0.000801721,0.027036
EZH2,SCARB2,-0.588,0.000801721,0.027036
ANKRD35,FMO2,0.588,0.000801721,0.027036
FNDC1,RAB31,0.588,0.000801721,0.027036
GDE1,PTP4A1,0.588,0.000801721,0.027036
FAM13A-AS1,SOSTDC1,0.588,0.000801721,0.027036
ADAMTS9-AS2,SOX10,0.588,0.000801721,0.027036
AR,ENC1,0.588,0.000801721,0.027036
PALMD,PGM5,0.588,0.000801721,0.027036
APPL2,PID1,0.588,0.000801721,0.027036
DST,LOC100506558,0.588,0.000801721,0.027036
PTPLAD1,RAD21,0.588,0.000801721,0.027036
GDE1,SELT,0.588,0.000801721,0.027036
APPL2,F2RL2,0.588,0.000801721,0.027036
KLHL29,SOX10,0.588,0.000801721,0.027036
CNN1,ENPP2,0.588,0.000801721,0.027036
ABCA8,NDRG2,0.588,0.000801721,0.027036
EDNRB,RELN,0.588,0.000801721,0.027036
LAPTM5,STK38,0.588,0.000801721,0.027036
ARFIP1,EDEM3,0.588,0.000801721,0.027036
PRPF31,SERINC3,0.588,0.000801721,0.027036
NREP,YIPF5,0.588,0.000801721,0.027036
COMMD10,SMC4,0.588,0.000801721,0.027036
ANKRD12,SCARB2,0.588,0.000801721,0.027036
NID2,TIMP3,0.588,0.000801721,0.027036
CERS2,SIDT1,0.588,0.000801721,0.027036
COMMD10,SYPL1,0.588,0.000801721,0.027036
BBOX1,IRX1,0.588,0.000801721,0.027036
EIF4A2,KCTD5,0.588,0.000801721,0.027036
IGF1R,TMEM50B,0.588,0.000801721,0.027036
FAP,TNFRSF19,0.588,0.000801721,0.027036
ADIPOQ,PRPF31,-0.587,0.000811917,0.0272245
ARHGEF15,PRPF31,-0.587,0.000811917,0.0272245
ARHGEF4,TMEM230,-0.587,0.000811917,0.0272245
MIER3,VWF,-0.587,0.000811917,0.0272245
NOLC1,TNPO1,-0.587,0.000811917,0.0272245
ENTPD1,GHR,0.587,0.000811917,0.0272245
CPA3,NSG1,0.587,0.000811917,0.0272245
CDC42EP5,LOXL1,0.587,0.000811917,0.0272245
ACACB,INMT,0.587,0.000811917,0.0272245
ADH1B,LOC100506558,0.587,0.000811917,0.0272245
TLE3,USP21,0.587,0.000811917,0.0272245
F11R,POGK,0.587,0.000811917,0.0272245
CKAP5,RAB14,0.587,0.000811917,0.0272245
EIF4A2,NREP,0.587,0.000811917,0.0272245
C14orf142,HSPD1,0.587,0.000811917,0.0272245
EZR,STIP1,0.587,0.000811917,0.0272245
DDX42,SPIN1,0.587,0.000811917,0.0272245
PEAR1,SCN4B,0.587,0.000811917,0.0272245
PBX1,RNF115,0.587,0.000811917,0.0272245
DCTN4,SELT,0.587,0.000811917,0.0272245
RRM1,SELT,0.587,0.000811917,0.0272245
LGR6,MME,0.587,0.000811917,0.0272245
ANKDD1A,NDRG2,0.587,0.000811917,0.0272245
CCDC3,RRAGD,0.587,0.000811917,0.0272245
ADAMTS5,RELN,0.587,0.000811917,0.0272245
EDNRB,MAMDC2,0.587,0.000811917,0.0272245
CDKN2C,TMEM100,0.587,0.000811917,0.0272245
CYB5R3,P4HB,0.587,0.000811917,0.0272245
LAMB3,PIGR,0.587,0.000811917,0.0272245
ARPC5,SPIN1,0.587,0.000811917,0.0272245
MAPRE1,SERINC3,0.587,0.000811917,0.0272245
B3GNT2,UBE2N,0.587,0.000811917,0.0272245
C1S,GOLGA7,0.587,0.000811917,0.0272245
CDC5L,SCOC,0.587,0.000811917,0.0272245
COMMD10,GDI2,0.587,0.000811917,0.0272245
AGPAT9,MEOX1,0.587,0.000811917,0.0272245
EDNRB,KLHL29,0.587,0.000811917,0.0272245
CIDEC,M6PR,-0.587,0.000822226,0.0274524
CD9,PLAC9,-0.587,0.000822226,0.0274524
LRIF1,WDR86,-0.587,0.000822226,0.0274524
GPX3,SCN4B,0.587,0.000822226,0.0274524
CCM2L,TNXA,0.587,0.000822226,0.0274524
APCDD1,HSPB2,0.587,0.000822226,0.0274524
GNB1,STIP1,0.587,0.000822226,0.0274524
GLUD2,SLC33A1,0.587,0.000822226,0.0274524
CCL14,CCM2L,0.587,0.000822226,0.0274524
ADAMTS9-AS2,CLDN5,0.587,0.000822226,0.0274524
B3GNT2,REL,0.587,0.000822226,0.0274524
KRT5,LOC100506558,0.587,0.000822226,0.0274524
C16orf13,PRR14,0.587,0.000822226,0.0274524
MARC1,PLIN4,0.587,0.000822226,0.0274524
ENTPD1,STK38,0.587,0.000822226,0.0274524
YIF1B,YWHAH,0.587,0.000822226,0.0274524
FRYL,RIOK3,0.587,0.000822226,0.0274524
KCNN4,MME,0.587,0.000822226,0.0274524
RAB1A,TMX1,0.587,0.000822226,0.0274524
ARFIP1,CLIC4,0.587,0.000822226,0.0274524
ETNK1,PRPF31,0.587,0.000822226,0.0274524
GDE1,SAE1,0.587,0.000822226,0.0274524
GDI2,MRPL42,0.587,0.000822226,0.0274524
PIK3C2A,SRSF3,0.587,0.000822226,0.0274524
CAPRIN1,PIK3C2A,0.587,0.000822226,0.0274524
PSMD10,SP1,0.587,0.000822226,0.0274524
EIF4A2,FUS,0.587,0.000822226,0.0274524
DNM3OS,GXYLT2,0.587,0.000822226,0.0274524
ALDH1A2,NR3C2,0.586,0.000831115,0.0276653
ITGA7,RAB1A,-0.586,0.00083265,0.0276653
ADRB2,EDEM3,-0.586,0.00083265,0.0276653
AC092192.1,CCM2L,-0.586,0.00083265,0.0276653
GPR160,TMEM100,-0.586,0.00083265,0.0276653
F11R,VCAN,-0.586,0.00083265,0.0276653
ENPP2,XPNPEP1,0.586,0.00083265,0.0276653
CERS2,F11R,0.586,0.00083265,0.0276653
RASIP1,RBP7,0.586,0.00083265,0.0276653
BAG2,IGFBP6,0.586,0.00083265,0.0276653
ARFGEF1,BZW1,0.586,0.00083265,0.0276653
PDE9A,PEAR1,0.586,0.00083265,0.0276653
GDE1,STIP1,0.586,0.00083265,0.0276653
PTPLAD1,TMEM230,0.586,0.00083265,0.0276653
M6PR,MIA3,0.586,0.00083265,0.0276653
ATP6V1A,GOLGA7,0.586,0.00083265,0.0276653
F2RL2,GYG2,0.586,0.00083265,0.0276653
ADAMTS5,PADI2,0.586,0.00083265,0.0276653
ALYREF,CCT2,0.586,0.00083265,0.0276653
ALYREF,EIF4E,0.586,0.00083265,0.0276653
ALYREF,HSP90AB1,0.586,0.00083265,0.0276653
C16orf72,LOC100190986,0.586,0.00083265,0.0276653
EDEM3,RIOK3,0.586,0.00083265,0.0276653
C16orf72,DSG2,0.586,0.00083265,0.0276653
PRPF31,TTPAL,0.586,0.00083265,0.0276653
SEPT2,VTA1,0.586,0.00083265,0.0276653
LAPTM4B,SCARB2,0.586,0.00083265,0.0276653
CTNNA1,RAD1,0.586,0.00083265,0.0276653
PPP1R11,SEPT2,0.586,0.00083265,0.0276653
ACACB,SAA1,0.586,0.00083265,0.0276653
AKR1C3,CDC42EP5,0.586,0.00083265,0.0276653
COL3A1,SLC2A13,0.586,0.00083265,0.0276653
EIF4E,RAPGEF3,-0.586,0.000843188,0.0278632
NID2,ZNF281,-0.586,0.000843188,0.0278632
AK094644,SH3BGRL,-0.586,0.000843188,0.0278632
LOC100507311,PPP1R14C,-0.586,0.000843188,0.0278632
CAPN3,FNIP1,-0.586,0.000843188,0.0278632
EDNRB,RUNX1-IT1,-0.586,0.000843188,0.0278632
CCM2L,RBP7,0.586,0.000843188,0.0278632
ADH1C,SOSTDC1,0.586,0.000843188,0.0278632
BAG2,CLDN8,0.586,0.000843188,0.0278632
FKBP4,LRIF1,0.586,0.000843188,0.0278632
DDX42,RAB14,0.586,0.000843188,0.0278632
CSNK1A1,SRSF3,0.586,0.000843188,0.0278632
RASL10A,SCN3A,0.586,0.000843188,0.0278632
CNN3,SULF1,0.586,0.000843188,0.0278632
ARFGEF1,ESRP1,0.586,0.000843188,0.0278632
AGTRAP,DNAJC10,0.586,0.000843188,0.0278632
SIK2,SYNM,0.586,0.000843188,0.0278632
NOLC1,UBE2N,0.586,0.000843188,0.0278632
CDC5L,PDGFA,0.586,0.000843188,0.0278632
ITGA7,SUSD3,0.586,0.000843188,0.0278632
CHRDL1,FOXC1,0.586,0.000843188,0.0278632
ENPP2,IRX1,0.586,0.000843188,0.0278632
FXYD1,VWF,0.586,0.000843188,0.0278632
HN1,UBE4B,0.586,0.000843188,0.0278632
OAZ2,STIP1,0.586,0.000843188,0.0278632
ABI1,SRSF3,0.586,0.000843188,0.0278632
PPP1R11,TMEM50B,0.586,0.000843188,0.0278632
C1S,COMMD10,0.586,0.000843188,0.0278632
CLIC4,SLC30A5,0.586,0.000843188,0.0278632
PRPF31,SLC35A3,0.586,0.000843188,0.0278632
MICAL2,PLAUR,0.586,0.000843188,0.0278632
CYB5R3,YWHAH,0.586,0.000843188,0.0278632
OAZ2,TSN,0.586,0.000843188,0.0278632
PIGR,SOX10,0.586,0.000843188,0.0278632
MEOX1,PID1,0.586,0.000843188,0.0278632
BAG2,OLFML2B,0.586,0.000843188,0.0278632
ALDH1A2,TMEM100,0.585,0.000852277,0.0280964
RAB1A,SGPL1,-0.585,0.000853843,0.0280964
PRR15,WDR86,-0.585,0.000853843,0.0280964
EZR,GPR146,-0.585,0.000853843,0.0280964
FCRL2,HSPD1,-0.585,0.000853843,0.0280964
ARF4,HCAR3,-0.585,0.000853843,0.0280964
CILP,FBN1,0.585,0.000853843,0.0280964
C12orf5,ME1,0.585,0.000853843,0.0280964
ADAMTS9-AS2,HSPB2,0.585,0.000853843,0.0280964
ALYREF,EZR,0.585,0.000853843,0.0280964
PTX3,ROBO4,0.585,0.000853843,0.0280964
FOXC1,INMT,0.585,0.000853843,0.0280964
MATR3,RHOA,0.585,0.000853843,0.0280964
ARFIP1,LYPLA1,0.585,0.000853843,0.0280964
PGRMC1,ZFP36L2,0.585,0.000853843,0.0280964
M6PR,TSN,0.585,0.000853843,0.0280964
CTHRC1,JAK1,0.585,0.000853843,0.0280964
CLIC4,STK38,0.585,0.000853843,0.0280964
C16orf72,SCOC,0.585,0.000853843,0.0280964
CAPRIN1,HSP90AB1,0.585,0.000853843,0.0280964
CFL1,DCTN4,0.585,0.000853843,0.0280964
EIF4E,SEPT2,0.585,0.000853843,0.0280964
PTX3,TNXA,0.585,0.000853843,0.0280964
CA3,CA4,0.585,0.000853843,0.0280964
FXYD1,IGFBP6,0.585,0.000853843,0.0280964
C1QTNF3,GXYLT2,0.585,0.000853843,0.0280964
ASPN,TNFRSF19,0.585,0.000853843,0.0280964
DNM3OS,LRRC15,0.585,0.000853843,0.0280964
ADRB2,BZW1,-0.585,0.000864616,0.0282892
RHOA,SGPL1,-0.585,0.000864616,0.0282892
GATA3,MFGE8,-0.585,0.000864616,0.0282892
CILP,TBC1D9,-0.585,0.000864616,0.0282892
ARID5A,RAB31,-0.585,0.000864616,0.0282892
CALU,MAPK13,-0.585,0.000864616,0.0282892
ANKRD35,GHR,0.585,0.000864616,0.0282892
DICER1,SRSF3,0.585,0.000864616,0.0282892
GNAI1,SYNM,0.585,0.000864616,0.0282892
DCTN4,ZNF627,0.585,0.000864616,0.0282892
GPX3,INMT,0.585,0.000864616,0.0282892
NDC1,VTA1,0.585,0.000864616,0.0282892
CDKN2C,SCN4B,0.585,0.000864616,0.0282892
ALOX5AP,ASAP1,0.585,0.000864616,0.0282892
GPM6B,SIK2,0.585,0.000864616,0.0282892
CDC5L,PSENEN,0.585,0.000864616,0.0282892
LEP,PPP1R1A,0.585,0.000864616,0.0282892
POLR3K,TMEM50B,0.585,0.000864616,0.0282892
KIT,SIK2,0.585,0.000864616,0.0282892
ABCA8,LRRN4CL,0.585,0.000864616,0.0282892
ARFIP1,RAD21,0.585,0.000864616,0.0282892
ABI1,UEVLD,0.585,0.000864616,0.0282892
DSG2,YIPF5,0.585,0.000864616,0.0282892
ASCC1,CTB-50L17.7,0.585,0.000864616,0.0282892
GNAI3,TMEM230,0.585,0.000864616,0.0282892
ARPC5,WAPAL,0.585,0.000864616,0.0282892
CTHRC1,PLAUR,0.585,0.000864616,0.0282892
COL12A1,VTA1,0.585,0.000864616,0.0282892
CLIC4,COL8A2,0.585,0.000864616,0.0282892
PRRX1,RUNX1-IT1,0.585,0.000864616,0.0282892
ENC1,FN1,0.585,0.000864616,0.0282892
DCTN4,NIPBL,0.585,0.000864616,0.0282892
CCL14,SIK2,0.585,0.000864616,0.0282892
ABCA8,FXYD1,0.585,0.000864616,0.0282892
AGPAT9,CCDC69,0.585,0.000864616,0.0282892
GLUD2,GMFB,0.585,0.000864616,0.0282892
F2RL2,ITIH5,0.585,0.000864616,0.0282892
C1QTNF6,LRRC15,0.585,0.000864616,0.0282892
ALDH1A2,SCN4B,0.585,0.000868456,0.0284106
ANKRD29,TF,0.584,0.000875506,0.0285431
CD36,SCN4B,0.584,0.000875506,0.0285431
CDC42EP5,CPA3,0.584,0.000875506,0.0285431
DNAJB1,TSPAN31,0.584,0.000875506,0.0285431
ARF4,SELT,0.584,0.000875506,0.0285431
PPP1R11,PSENEN,0.584,0.000875506,0.0285431
KIT,PID1,0.584,0.000875506,0.0285431
F2RL2,PID1,0.584,0.000875506,0.0285431
C16orf72,STIP1,0.584,0.000875506,0.0285431
LSM4,SYPL1,0.584,0.000875506,0.0285431
DNAJC10,GNAI3,0.584,0.000875506,0.0285431
INHBA,YIF1B,0.584,0.000875506,0.0285431
DST,PADI2,0.584,0.000875506,0.0285431
IGF1R,KDM5B,0.584,0.000875506,0.0285431
DDA1,NIPBL,0.584,0.000875506,0.0285431
BUB3,LOC101928189,0.584,0.000875506,0.0285431
ARPC5,LAPTM4B,0.584,0.000875506,0.0285431
ANKH,ASPN,0.584,0.000875506,0.0285431
CDC5L,YWHAE,0.584,0.000875506,0.0285431
PADI2,SOX10,0.584,0.000875506,0.0285431
FAT2,PAMR1,0.584,0.000875506,0.0285431
CRYAB,OXTR,0.584,0.000875506,0.0285431
ANKDD1A,BIN1,0.584,0.000875506,0.0285431
DICER1,MS4A7,-0.584,0.000886517,0.0287692
AC092192.1,SAA1,-0.584,0.000886517,0.0287692
ROBO4,SEPT2,-0.584,0.000886517,0.0287692
GPIHBP1,ZNF146,-0.584,0.000886517,0.0287692
AIFM2,LOC101927870,-0.584,0.000886517,0.0287692
ENPP2,RBP7,0.584,0.000886517,0.0287692
RUNX2,SULF1,0.584,0.000886517,0.0287692
DUSP5,MFGE8,0.584,0.000886517,0.0287692
ANKRD29,SEMA3G,0.584,0.000886517,0.0287692
PLIN4,TNXA,0.584,0.000886517,0.0287692
NSG1,VCAN,0.584,0.000886517,0.0287692
PLIN4,RASIP1,0.584,0.000886517,0.0287692
UBE2S,UBE2T,0.584,0.000886517,0.0287692
DDA1,DNAJC3,0.584,0.000886517,0.0287692
PTPLAD1,RAB5A,0.584,0.000886517,0.0287692
BTNL9,GNAI1,0.584,0.000886517,0.0287692
LRRN4CL,SFRP1,0.584,0.000886517,0.0287692
TNFRSF12A,YIPF5,0.584,0.000886517,0.0287692
STIP1,UBE2N,0.584,0.000886517,0.0287692
GDI2,STIP1,0.584,0.000886517,0.0287692
HN1,WNT5A,0.584,0.000886517,0.0287692
FKBP14,GALNT10,0.584,0.000886517,0.0287692
TIMP3,VTA1,0.584,0.000886517,0.0287692
GNAI3,TIMP3,0.584,0.000886517,0.0287692
ARF4,EIF4E,0.584,0.000886517,0.0287692
CAPRIN1,GDI2,0.584,0.000886517,0.0287692
FIGF,SOSTDC1,0.584,0.000886517,0.0287692
CDK1,ME1,0.584,0.000886517,0.0287692
ANKDD1A,MID1,0.584,0.000886517,0.0287692
COL5A2,MICAL2,0.584,0.000886517,0.0287692
C1QTNF3,SERPINH1,0.584,0.000886517,0.0287692
CCDC3,GATA3,-0.583,0.000897648,0.0289971
NES,VPS8,-0.583,0.000897648,0.0289971
DLK1,MLXIPL,-0.583,0.000897648,0.0289971
ANKRD29,EDNRB,0.583,0.000897648,0.0289971
NDRG2,PROM1,0.583,0.000897648,0.0289971
LRIF1,STARD10,0.583,0.000897648,0.0289971
ADH1C,NES,0.583,0.000897648,0.0289971
COL6A6,WIF1,0.583,0.000897648,0.0289971
GFPT1,STIP1,0.583,0.000897648,0.0289971
APCDD1,SUSD3,0.583,0.000897648,0.0289971
CAPN3,POU6F1,0.583,0.000897648,0.0289971
ADH1C,CFD,0.583,0.000897648,0.0289971
ENPP2,SYNM,0.583,0.000897648,0.0289971
COMMD10,GFPT1,0.583,0.000897648,0.0289971
ARFIP1,GNB1,0.583,0.000897648,0.0289971
SOX10,TRIM29,0.583,0.000897648,0.0289971
GLUL,SEPT2,0.583,0.000897648,0.0289971
CAPRIN1,CLIC4,0.583,0.000897648,0.0289971
C16orf72,DDA1,0.583,0.000897648,0.0289971
LYPLA1,RAB5A,0.583,0.000897648,0.0289971
YIPF5,ZFP36L2,0.583,0.000897648,0.0289971
DNM3OS,PRRX1,0.583,0.000897648,0.0289971
FN1,TRIM59,0.583,0.000897648,0.0289971
EIF4E,LAMP1,0.583,0.000897648,0.0289971
COMMD10,RHOB,0.583,0.000897648,0.0289971
CREB1,RHOB,0.583,0.000897648,0.0289971
KCTD14,SYNM,0.583,0.000897648,0.0289971
FABP4,PCOLCE2,0.583,0.000897648,0.0289971
C1orf56,LOC100190986,0.583,0.000897648,0.0289971
SERINC3,ZNF43,0.583,0.000897648,0.0289971
GXYLT2,NID2,0.583,0.000897648,0.0289971
IGF2R,LOC100507311,-0.583,0.000908901,0.0292054
CD9,RAPGEF3,-0.583,0.000908901,0.0292054
ARHGEF15,DNAJB1,-0.583,0.000908901,0.0292054
MIA3,TMEM100,-0.583,0.000908901,0.0292054
NDRG2,RBP7,0.583,0.000908901,0.0292054
RANGAP1,THY1,0.583,0.000908901,0.0292054
CES1,MID1,0.583,0.000908901,0.0292054
RAB1A,TSPAN31,0.583,0.000908901,0.0292054
BZW1,SLC35A3,0.583,0.000908901,0.0292054
BZW1,GDE1,0.583,0.000908901,0.0292054
MAPRE1,PTP4A1,0.583,0.000908901,0.0292054
CKAP5,PPP1R11,0.583,0.000908901,0.0292054
GNAL,IGFBP6,0.583,0.000908901,0.0292054
CFD,RAPGEF3,0.583,0.000908901,0.0292054
BZW1,KCTD5,0.583,0.000908901,0.0292054
CDC42EP5,GPM6B,0.583,0.000908901,0.0292054
LAPTM4B,SLC33A1,0.583,0.000908901,0.0292054
ARHGEF28,NAT1,0.583,0.000908901,0.0292054
ENPP2,HSPB2,0.583,0.000908901,0.0292054
GLUL,NAPA,0.583,0.000908901,0.0292054
ITIH5,PID1,0.583,0.000908901,0.0292054
C16orf72,ESRP1,0.583,0.000908901,0.0292054
DSG2,SEPT2,0.583,0.000908901,0.0292054
GPM6B,IRX1,0.583,0.000908901,0.0292054
SCOC,ZFP36L2,0.583,0.000908901,0.0292054
MRPL42,RAB14,0.583,0.000908901,0.0292054
CREB1,TMEM245,0.583,0.000908901,0.0292054
RHOA,UBE2N,0.583,0.000908901,0.0292054
GDI2,PIK3C2A,0.583,0.000908901,0.0292054
SCARA5,SOX10,0.583,0.000908901,0.0292054
PTX3,SOSTDC1,0.583,0.000908901,0.0292054
MME,NES,0.583,0.000908901,0.0292054
ANKRD12,TAB2,0.583,0.000908901,0.0292054
CHRDL1,ID4,0.583,0.000908901,0.0292054
MID1,TMEM100,0.583,0.000908901,0.0292054
C1QTNF6,SFRP2,0.583,0.000908901,0.0292054
DSG2,KANK3,-0.582,0.000920277,0.0294197
GPR160,MID1,-0.582,0.000920277,0.0294197
ROBO4,UBE2N,-0.582,0.000920277,0.0294197
C16orf72,GPR146,-0.582,0.000920277,0.0294197
NUDT7,ROPN1,0.582,0.000920277,0.0294197
GPR146,ITGA7,0.582,0.000920277,0.0294197
TSPAN31,UEVLD,0.582,0.000920277,0.0294197
C12orf75,GNAL,0.582,0.000920277,0.0294197
CDC42EP5,COL5A2,0.582,0.000920277,0.0294197
ENPP2,PDE9A,0.582,0.000920277,0.0294197
FIGF,SCN4B,0.582,0.000920277,0.0294197
GABRP,RGMA,0.582,0.000920277,0.0294197
ASAP1,YWHAZ,0.582,0.000920277,0.0294197
F11R,SIDT1,0.582,0.000920277,0.0294197
DST,SFRP1,0.582,0.000920277,0.0294197
ITIH5,RSPO3,0.582,0.000920277,0.0294197
SELT,TSN,0.582,0.000920277,0.0294197
IGF2R,M6PR,0.582,0.000920277,0.0294197
AKR1C3,BTNL9,0.582,0.000920277,0.0294197
CDKN2C,CHRDL1,0.582,0.000920277,0.0294197
CNN1,TRIM29,0.582,0.000920277,0.0294197
DDA1,LSM4,0.582,0.000920277,0.0294197
KIAA1244,RNF115,0.582,0.000920277,0.0294197
BGN,WNT5A,0.582,0.000920277,0.0294197
EDEM3,KCTD3,0.582,0.000920277,0.0294197
JAK1,ZWILCH,0.582,0.000920277,0.0294197
OCIAD1,SRSF3,0.582,0.000920277,0.0294197
HSP90AB1,RAD1,0.582,0.000920277,0.0294197
COL6A6,RELN,0.582,0.000920277,0.0294197
AOC3,GNAI1,0.582,0.000920277,0.0294197
LOC100506558,PID1,0.582,0.000920277,0.0294197
GLUD2,LOC100190986,0.582,0.000920277,0.0294197
FUS,VPS8,0.582,0.000920277,0.0294197
C12orf75,SLC2A13,0.582,0.000920277,0.0294197
CDH11,CPA3,0.582,0.000920277,0.0294197
ACSS2,MFAP2,-0.582,0.000931778,0.0296789
BGN,SIAH2,-0.582,0.000931778,0.0296789
CSNK1A1,FZD4,-0.582,0.000931778,0.0296789
MAPK13,THY1,-0.582,0.000931778,0.0296789
DEFB124,NRAS,-0.582,0.000931778,0.0296789
USP21,YWHAZ,-0.582,0.000931778,0.0296789
OLFM4,RARA,-0.582,0.000931778,0.0296789
FKBP14,ZFP36L2,0.582,0.000931778,0.0296789
EGFL7,SIK2,0.582,0.000931778,0.0296789
ANKRD29,APPL2,0.582,0.000931778,0.0296789
ARFGEF1,FKBP4,0.582,0.000931778,0.0296789
CLDN5,FAM13A-AS1,0.582,0.000931778,0.0296789
MID1,RGMA,0.582,0.000931778,0.0296789
ASCC1,CD9,0.582,0.000931778,0.0296789
EZR,LOC100190986,0.582,0.000931778,0.0296789
KANK3,ROBO4,0.582,0.000931778,0.0296789
CAPN3,EGFL7,0.582,0.000931778,0.0296789
FOXC1,SFRP1,0.582,0.000931778,0.0296789
CAPN3,SOD3,0.582,0.000931778,0.0296789
C1orf56,PIK3C2A,0.582,0.000931778,0.0296789
EDEM3,SRSF3,0.582,0.000931778,0.0296789
C2orf40,HSPB2,0.582,0.000931778,0.0296789
KLHL13,NDRG2,0.582,0.000931778,0.0296789
TNPO1,VWF,0.582,0.000931778,0.0296789
KDELR3,OLFML2B,0.582,0.000931778,0.0296789
ARHGEF15,EIF4E,-0.581,0.000943403,0.0299012
ARHGEF15,PGRMC1,-0.581,0.000943403,0.0299012
CCL14,RAB1A,-0.581,0.000943403,0.0299012
CCL14,RAD1,-0.581,0.000943403,0.0299012
LRRC41,SCD5,-0.581,0.000943403,0.0299012
TRIM59,ZNF281,-0.581,0.000943403,0.0299012
OLFM4,SMC4,-0.581,0.000943403,0.0299012
FMO2,LGR6,0.581,0.000943403,0.0299012
GPX3,SLIT3,0.581,0.000943403,0.0299012
DDX42,SETD5,0.581,0.000943403,0.0299012
CERS6,SRPK2,0.581,0.000943403,0.0299012
ARFGEF1,CD9,0.581,0.000943403,0.0299012
CERS6,PRR15,0.581,0.000943403,0.0299012
INMT,PGM5,0.581,0.000943403,0.0299012
ARHGEF4,ROBO4,0.581,0.000943403,0.0299012
LGR6,TRIM29,0.581,0.000943403,0.0299012
GNAL,NES,0.581,0.000943403,0.0299012
ROBO4,SAA1,0.581,0.000943403,0.0299012
ADAMTS9,GPR146,0.581,0.000943403,0.0299012
KCNN4,PALMD,0.581,0.000943403,0.0299012
GABRP,ID4,0.581,0.000943403,0.0299012
KLHL13,MEOX1,0.581,0.000943403,0.0299012
APPL2,SOSTDC1,0.581,0.000943403,0.0299012
KIT,PAMR1,0.581,0.000943403,0.0299012
FNIP1,NIPBL,0.581,0.000943403,0.0299012
COMMD10,STK38,0.581,0.000943403,0.0299012
C1S,MAPRE1,0.581,0.000943403,0.0299012
COMMD10,WAPAL,0.581,0.000943403,0.0299012
COMMD10,PPP1R11,0.581,0.000943403,0.0299012
C2orf40,LAMB3,0.581,0.000943403,0.0299012
ADIPOQ,PPP1R1A,0.581,0.000943403,0.0299012
ASAP1,RAB14,0.581,0.000943403,0.0299012
CHRDL1,PID1,0.581,0.000943403,0.0299012
COL3A1,TNFRSF19,0.581,0.000943403,0.0299012
CERS2,FNDC1,-0.581,0.000955155,0.030147
LGR6,PRR15,-0.581,0.000955155,0.030147
CD9,EBF1,-0.581,0.000955155,0.030147
CNTNAP3,TUSC5,-0.581,0.000955155,0.030147
ADH1C,FAM107A,0.581,0.000955155,0.030147
CES1,LIMS2,0.581,0.000955155,0.030147
FMO2,MAMDC2,0.581,0.000955155,0.030147
CCNB1,LAPTM5,0.581,0.000955155,0.030147
CRIP2,POGK,0.581,0.000955155,0.030147
GNAL,KLHL29,0.581,0.000955155,0.030147
MAPRE1,SELT,0.581,0.000955155,0.030147
LGALS12,SUSD3,0.581,0.000955155,0.030147
PLAC9,SAMD5,0.581,0.000955155,0.030147
KLHL13,PID1,0.581,0.000955155,0.030147
EDNRB,KIT,0.581,0.000955155,0.030147
IGF2R,TAB2,0.581,0.000955155,0.030147
DDA1,EIF4E,0.581,0.000955155,0.030147
GDI2,LYPLA1,0.581,0.000955155,0.030147
BRCC3,ZFP36L2,0.581,0.000955155,0.030147
CD9,RAB5A,0.581,0.000955155,0.030147
PIK3C2A,RAB14,0.581,0.000955155,0.030147
CAPRIN1,SAR1B,0.581,0.000955155,0.030147
CFL1,RAB5A,0.581,0.000955155,0.030147
CAPRIN1,PSMD10,0.581,0.000955155,0.030147
PIK3C2A,PSMD10,0.581,0.000955155,0.030147
GPX3,ITGA7,0.581,0.000955155,0.030147
CENPU,TK1,0.581,0.000955155,0.030147
MEOX1,PALMD,0.581,0.000955155,0.030147
GJB2,KDELR3,0.581,0.000955155,0.030147
FCRL2,FOLR1,-0.581,0.000959355,0.0302752
CDC42EP5,FBP1,-0.58,0.000967034,0.0303556
COL3A1,TMEM9,-0.58,0.000967034,0.0303556
COL10A1,SULF1,0.58,0.000967034,0.0303556
CD36,SAMD5,0.58,0.000967034,0.0303556
BZW1,PIK3C2A,0.58,0.000967034,0.0303556
ATP6V1A,TMEM50B,0.58,0.000967034,0.0303556
AL833181,TRIM29,0.58,0.000967034,0.0303556
DSG2,SELT,0.58,0.000967034,0.0303556
ENPP2,FAT2,0.58,0.000967034,0.0303556
IGFBP6,SYNM,0.58,0.000967034,0.0303556
GMFB,NAPA,0.58,0.000967034,0.0303556
DNAJC10,OAZ2,0.58,0.000967034,0.0303556
ARHGDIB,SCARB2,0.58,0.000967034,0.0303556
C16orf13,MAPRE1,0.58,0.000967034,0.0303556
NES,ROBO4,0.58,0.000967034,0.0303556
ADAMTS9,PTX3,0.58,0.000967034,0.0303556
DMD,EDNRB,0.58,0.000967034,0.0303556
EZR,GLUL,0.58,0.000967034,0.0303556
PALMD,VWF,0.58,0.000967034,0.0303556
GLUD2,TTPAL,0.58,0.000967034,0.0303556
GDE1,RHOB,0.58,0.000967034,0.0303556
M6PR,SEPT2,0.58,0.000967034,0.0303556
DICER1,GLUD2,0.58,0.000967034,0.0303556
FUS,LARP4B,0.58,0.000967034,0.0303556
TIMP3,YWHAH,0.58,0.000967034,0.0303556
OAZ2,UBE4B,0.58,0.000967034,0.0303556
MAPRE1,SLC30A5,0.58,0.000967034,0.0303556
PSMD10,RIOK3,0.58,0.000967034,0.0303556
CX3CL1,KLHL13,0.58,0.000967034,0.0303556
ECT2,UBE2T,0.58,0.000967034,0.0303556
MIA,PTN,0.58,0.000967034,0.0303556
FXYD1,IGSF10,0.58,0.000967034,0.0303556
ABCA8,IGSF10,0.58,0.000967034,0.0303556
LPHN3,PTPRZ1,0.58,0.000967034,0.0303556
RNF115,ZNF43,0.58,0.000967034,0.0303556
PPAPDC1A,TNFRSF19,0.58,0.000967034,0.0303556
OLFML2B,THY1,0.58,0.000967034,0.0303556
CIDEC,UBE2N,-0.58,0.000979042,0.0305833
ARHGEF15,PSMD10,-0.58,0.000979042,0.0305833
ARFIP1,SLIT3,-0.58,0.000979042,0.0305833
FN1,SCGB3A1,-0.58,0.000979042,0.0305833
CD9,MME,-0.58,0.000979042,0.0305833
ALDOC,ZNF43,-0.58,0.000979042,0.0305833
NCALD,SLC38A1,-0.58,0.000979042,0.0305833
RBPMS2,RUNX2,-0.58,0.000979042,0.0305833
ACVR1C,ANGPT1,0.58,0.000979042,0.0305833
CNN1,XPNPEP1,0.58,0.000979042,0.0305833
BZW1,TSPAN31,0.58,0.000979042,0.0305833
AKR1C2,FOXC1,0.58,0.000979042,0.0305833
ARF4,THY1,0.58,0.000979042,0.0305833
ADAMTS5,FMO2,0.58,0.000979042,0.0305833
EDNRB,GNAI1,0.58,0.000979042,0.0305833
B3GALNT1,NPIPA5,0.58,0.000979042,0.0305833
CLCC1,EPT1,0.58,0.000979042,0.0305833
COMMD10,HLA-DRA,0.58,0.000979042,0.0305833
CAPRIN1,XPNPEP1,0.58,0.000979042,0.0305833
ATP6V1A,COMMD10,0.58,0.000979042,0.0305833
KRT15,MFGE8,0.58,0.000979042,0.0305833
ABCA8,PIGR,0.58,0.000979042,0.0305833
CD46,RAD1,0.58,0.000979042,0.0305833
KRT5,PADI2,0.58,0.000979042,0.0305833
GLUL,GMFB,0.58,0.000979042,0.0305833
ASAP1,SEPT2,0.58,0.000979042,0.0305833
KDELR3,PRRX1,0.58,0.000979042,0.0305833
DICER1,GMFB,0.58,0.000979042,0.0305833
COMMD10,GOLGA7,0.58,0.000979042,0.0305833
FGF2,LINC01116,0.58,0.000979042,0.0305833
NES,OXTR,0.58,0.000979042,0.0305833
ADH1B,ITGA7,0.58,0.000979042,0.0305833
FNDC1,KDELR3,0.58,0.000979042,0.0305833
ADAM12,MICAL2,0.58,0.000979042,0.0305833
ALDH1A2,LARP6,0.58,0.000983337,0.0307131
COL3A1,STARD10,-0.579,0.00099118,0.0307779
RHOA,ROBO4,-0.579,0.00099118,0.0307779
CCDC176,COL6A1,-0.579,0.00099118,0.0307779
CLEC3B,MAGI3,-0.579,0.00099118,0.0307779
CBX3,DUSP5,-0.579,0.00099118,0.0307779
CPAMD8,PROM1,0.579,0.00099118,0.0307779
LOC441666,PTPRS,0.579,0.00099118,0.0307779
CRABP1,PADI2,0.579,0.00099118,0.0307779
TMEM50B,TSPAN31,0.579,0.00099118,0.0307779
GDI2,GXYLT2,0.579,0.00099118,0.0307779
LEPREL1,STK38,0.579,0.00099118,0.0307779
CLIC5,ITGA7,0.579,0.00099118,0.0307779
ME1,TMEM206,0.579,0.00099118,0.0307779
MIR21,RAB1A,0.579,0.00099118,0.0307779
BRCC3,POGK,0.579,0.00099118,0.0307779
FAM110B,TRIQK,0.579,0.00099118,0.0307779
NR3C2,SOX10,0.579,0.00099118,0.0307779
EIF4A2,EZR,0.579,0.00099118,0.0307779
BTNL9,MAMDC2,0.579,0.00099118,0.0307779
ITIH5,SOSTDC1,0.579,0.00099118,0.0307779
ANKRD35,CRYAB,0.579,0.00099118,0.0307779
CDKN2C,ITGA7,0.579,0.00099118,0.0307779
HSPB2,LMOD1,0.579,0.00099118,0.0307779
BTNL9,PLAC9,0.579,0.00099118,0.0307779
ATP6V1A,DDA1,0.579,0.00099118,0.0307779
GLUD2,TPD52,0.579,0.00099118,0.0307779
DSG2,SP1,0.579,0.00099118,0.0307779
APPL2,DMD,0.579,0.00099118,0.0307779
CTNNA1,GLUL,0.579,0.00099118,0.0307779
GOLGA7,TIMP3,0.579,0.00099118,0.0307779
HSP90AB1,LYPLA1,0.579,0.00099118,0.0307779
CNN3,FNDC1,0.579,0.00099118,0.0307779
PRRX1,SFRP2,0.579,0.00099118,0.0307779
NREP,POSTN,0.579,0.00099118,0.0307779
CDC5L,RAB1A,0.579,0.00099118,0.0307779
PRPF31,SETD5,0.579,0.00099118,0.0307779
BRCC3,MIER3,0.579,0.00099118,0.0307779
PSMD10,RHOB,0.579,0.00099118,0.0307779
ADAMTS9-AS2,MIA,0.579,0.00099118,0.0307779
BIN1,SFRP1,0.579,0.00099118,0.0307779
COL8A2,DNM3OS,0.579,0.00099118,0.0307779
