layer,source,target,edge_type,edge_subtype,mean_attention,head_1_attention,head_2_attention,head_3_attention,head_4_attention
1,MIMAT0000430,NFKB1,mir_to_gene,,0.4979097247123718,0.5091747641563416,0.48393714427948,0.49721863865852356,0.5013083815574646
1,MIMAT0002809,TRAF6,mir_to_gene,,0.4971708059310913,0.5048892498016357,0.4850323796272278,0.4977931082248688,0.5009683966636658
1,MIMAT0000461,FGF2,mir_to_gene,,0.24935632944107056,0.24929963052272797,0.2464752197265625,0.25089502334594727,0.2507554590702057
1,MIMAT0000461,TAOK1,mir_to_gene,,0.3323834538459778,0.33646807074546814,0.3267052471637726,0.3326558470726013,0.3337046504020691
1,MIMAT0000461,VEGFA,mir_to_gene,,0.3312284052371979,0.3347480595111847,0.32281869649887085,0.334258109331131,0.33308878540992737
1,MIMAT0000461,MAP4K2,mir_to_gene,,0.49557197093963623,0.5036799907684326,0.4807826578617096,0.4969283938407898,0.5008969306945801
1,MIMAT0000232,FGF2,mir_to_gene,,0.24930861592292786,0.24928171932697296,0.2463284432888031,0.25081607699394226,0.2508082091808319
1,MIMAT0000232,MET,mir_to_gene,,0.3320993483066559,0.3363894820213318,0.32557353377342224,0.332632839679718,0.3338015675544739
1,MIMAT0000232,MAPK9,mir_to_gene,,0.331650048494339,0.335450679063797,0.3242223858833313,0.33328431844711304,0.3336428105831146
1,MIMAT0000232,HGF,mir_to_gene,,0.4969032406806946,0.5053018927574158,0.48553329706192017,0.4961962401866913,0.5005815029144287
1,MIMAT0004563,FGF2,mir_to_gene,,0.24930861592292786,0.24928171932697296,0.2463284432888031,0.25081607699394226,0.2508082091808319
1,MIMAT0004563,MET,mir_to_gene,,0.3320993483066559,0.3363894820213318,0.32557353377342224,0.332632839679718,0.3338015675544739
1,MIMAT0000263,KIT,mir_to_gene,,0.3316483497619629,0.3360872268676758,0.32470834255218506,0.3321428894996643,0.3336549699306488
1,MIMAT0000265,NTRK2,mir_to_gene,,0.49667710065841675,0.5075085759162903,0.4813712537288666,0.4971454441547394,0.5006831288337708
1,MIMAT0000265,BDNF,mir_to_gene,,0.4957060217857361,0.502485990524292,0.47704803943634033,0.5013298988342285,0.5019602179527283
1,MIMAT0000265,TGFBR1,mir_to_gene,,0.4950827360153198,0.5065510272979736,0.4760739505290985,0.4971064031124115,0.5005995631217957
1,MIMAT0000265,CACNG8,mir_to_gene,,0.4925653338432312,0.5035491585731506,0.47093895077705383,0.4955786168575287,0.5001946091651917
1,MIMAT0000265,CDC42,mir_to_gene,,0.49634072184562683,0.502370297908783,0.47636768221855164,0.5040095448493958,0.5026153326034546
1,MIMAT0000265,PPP3R1,mir_to_gene,,0.498319149017334,0.5024265050888062,0.4862182140350342,0.5024082064628601,0.5022236704826355
1,MIMAT0001413,MAP3K2,mir_to_gene,,0.33233457803726196,0.33651408553123474,0.3263081908226013,0.33299776911735535,0.33351826667785645
1,MIMAT0001413,IRAK4,mir_to_gene,,0.4985233247280121,0.5102002024650574,0.48168593645095825,0.5009106397628784,0.5012965202331543
1,MIMAT0001413,DUSP2,mir_to_gene,,0.4938157796859741,0.5017365217208862,0.471242755651474,0.5021015405654907,0.5001822113990784
1,MIMAT0001413,MAPK9,mir_to_gene,,0.3325549364089966,0.3377648890018463,0.3241415321826935,0.33477386832237244,0.33353954553604126
1,MIMAT0001413,RPS6KA5,mir_to_gene,,0.49799680709838867,0.5089148879051208,0.4829680025577545,0.4986012578010559,0.5015029907226562
1,MIMAT0000076,ATF2,mir_to_gene,,0.4977458119392395,0.507543683052063,0.48040714859962463,0.5022431015968323,0.50078946352005
1,MIMAT0000271,FGFR1,mir_to_gene,,0.4961448013782501,0.5064384937286377,0.479068398475647,0.498428612947464,0.5006437301635742
1,MIMAT0000271,MAPK8,mir_to_gene,,0.4970616400241852,0.5064647793769836,0.4798000156879425,0.5013487935066223,0.5006328821182251
1,MIMAT0000271,MEF2C,mir_to_gene,,0.497023344039917,0.5048255324363708,0.48341891169548035,0.4988868236541748,0.5009621381759644
1,MIMAT0000271,RASA1,mir_to_gene,,0.33118435740470886,0.33537501096725464,0.3244321346282959,0.3313615918159485,0.3335686922073364
1,MIMAT0000271,NRAS,mir_to_gene,,0.49625852704048157,0.5020828247070312,0.47883710265159607,0.5016284584999084,0.5024856328964233
1,MIMAT0000271,MAPK14,mir_to_gene,,0.4962751269340515,0.5055583119392395,0.4764248728752136,0.5017356872558594,0.5013815760612488
1,MIMAT0000278,ERBB4,mir_to_gene,,0.4968334138393402,0.505486249923706,0.484757661819458,0.49576544761657715,0.5013242959976196
1,MIMAT0000278,MAPK10,mir_to_gene,,0.4975889325141907,0.5084385871887207,0.4802997410297394,0.5003237128257751,0.5012935996055603
1,MIMAT0000278,AKT3,mir_to_gene,,0.3326786160469055,0.3376098573207855,0.3267170786857605,0.3323957324028015,0.3339918553829193
1,MIMAT0000278,MAP3K2,mir_to_gene,,0.33223956823349,0.33558380603790283,0.32767453789711,0.3317440152168274,0.3339559733867645
1,MIMAT0000278,KIT,mir_to_gene,,0.3326217532157898,0.3377675414085388,0.32596251368522644,0.33272457122802734,0.33403244614601135
1,MIMAT0000278,STMN1,mir_to_gene,,0.5041666030883789,0.5068797469139099,0.4938909113407135,0.510501503944397,0.5053941011428833
1,MIMAT0000279,AKT3,mir_to_gene,,0.3326008915901184,0.3371390104293823,0.3263777196407318,0.33305835723876953,0.33382847905158997
1,MIMAT0004501,EGFR,mir_to_gene,,0.33256518840789795,0.3365125060081482,0.3270357847213745,0.33262205123901367,0.33409035205841064
1,MIMAT0000089,RASA1,mir_to_gene,,0.3315219283103943,0.3370426595211029,0.3236943185329437,0.33147096633911133,0.3338797986507416
1,MIMAT0000255,AKT1,mir_to_gene,,0.49766698479652405,0.5083343386650085,0.48263004422187805,0.4986347258090973,0.5010688304901123
1,MIMAT0000255,VEGFA,mir_to_gene,,0.33134645223617554,0.3349730670452118,0.32286038994789124,0.33441969752311707,0.33313265442848206
1,MIMAT0000255,PDGFRA,mir_to_gene,,0.49748310446739197,0.5079460144042969,0.4837472140789032,0.4969285726547241,0.5013105869293213
1,MIMAT0000255,RRAS,mir_to_gene,,0.4955101013183594,0.5009072422981262,0.4773942232131958,0.5023562908172607,0.50138258934021
1,MIMAT0000255,TNF,mir_to_gene,,0.49518054723739624,0.4984253942966461,0.47815123200416565,0.5021259188652039,0.5020197033882141
1,MIMAT0000255,TGFBR2,mir_to_gene,,0.49714964628219604,0.5055913925170898,0.4845147728919983,0.4976482391357422,0.5008441805839539
1,MIMAT0003322,STK4,mir_to_gene,,0.4987695813179016,0.5093620419502258,0.4850181043148041,0.4998922348022461,0.5008059144020081
1,MIMAT0003322,MRAS,mir_to_gene,,0.497927188873291,0.5042421221733093,0.4807263910770416,0.5044798254966736,0.5022605061531067
1,MIMAT0000252,EGFR,mir_to_gene,,0.33151793479919434,0.3352760076522827,0.32556700706481934,0.331533282995224,0.3336954414844513
1,MIMAT0000252,PAK1,mir_to_gene,,0.49885061383247375,0.5100016593933105,0.4846813976764679,0.49965134263038635,0.501068115234375
1,MIMAT0000252,GNA12,mir_to_gene,,0.4961285889148712,0.5026430487632751,0.48013439774513245,0.5017601251602173,0.4999767243862152
1,MIMAT0000252,CACNG5,mir_to_gene,,0.4941731095314026,0.49852320551872253,0.47640225291252136,0.5003346800804138,0.5014323592185974
1,MIMAT0000441,TAOK1,mir_to_gene,,0.33223992586135864,0.3365534245967865,0.3258996605873108,0.33260905742645264,0.33389759063720703
1,RASGRF1,fu:94ced6e1,gene_to_fu,,0.25130927562713623,0.24824321269989014,0.2570120096206665,0.2507369816303253,0.24924488365650177
1,RASGRF2,fu:94ced6e1,gene_to_fu,,0.25147196650505066,0.2476102113723755,0.2582813799381256,0.25038760900497437,0.24960868060588837
1,DUSP10,fu:426ff04d,gene_to_fu,,0.09008695185184479,0.08976734429597855,0.08863810449838638,0.09126709401607513,0.09067525714635849
1,DUSP1,fu:426ff04d,gene_to_fu,,0.09141156822443008,0.09080006927251816,0.09367850422859192,0.09032370895147324,0.09084396809339523
1,DUSP2,fu:426ff04d,gene_to_fu,,0.09228941053152084,0.09192637354135513,0.09552444517612457,0.09065347164869308,0.09105333685874939
1,DUSP4,fu:426ff04d,gene_to_fu,,0.09139091521501541,0.09116056561470032,0.09261436015367508,0.09078347682952881,0.09100526571273804
1,DUSP5,fu:426ff04d,gene_to_fu,,0.09157048910856247,0.09070202708244324,0.09429643303155899,0.09030873328447342,0.09097477048635483
1,DUSP6,fu:426ff04d,gene_to_fu,,0.0905560776591301,0.09068920463323593,0.08983251452445984,0.09093961119651794,0.09076297283172607
1,DUSP7,fu:426ff04d,gene_to_fu,,0.09059137105941772,0.09004807472229004,0.09058827906847,0.09097988158464432,0.09074924886226654
1,DUSP8,fu:426ff04d,gene_to_fu,,0.09116242080926895,0.09110221266746521,0.09112288057804108,0.0913090705871582,0.09111551195383072
1,DUSP9,fu:426ff04d,gene_to_fu,,0.09167096763849258,0.09179072827100754,0.09265773743391037,0.09125663340091705,0.09097877144813538
1,DUSP16,fu:426ff04d,gene_to_fu,,0.0901729092001915,0.09019018709659576,0.08870522677898407,0.09107861667871475,0.0907176211476326
1,DUSP3,fu:eb0913c8,gene_to_fu,,0.2009178251028061,0.202361062169075,0.2042093575000763,0.19838427007198334,0.19871659576892853
1,PTPN7,fu:eb0913c8,gene_to_fu,,0.2014142870903015,0.19920210540294647,0.2077716439962387,0.19855338335037231,0.20013000071048737
1,PTPRR,fu:eb0913c8,gene_to_fu,,0.19971998035907745,0.19869649410247803,0.20005036890506744,0.19992592930793762,0.2002071738243103
1,PTPN5,fu:eb0913c8,gene_to_fu,,0.20078697800636292,0.1980569213628769,0.20186953246593475,0.2029242217540741,0.2002972513437271
1,PPM1B,fu:8f4928df,gene_to_fu,,0.5044451355934143,0.49271440505981445,0.5217376351356506,0.5041297078132629,0.499198853969574
1,FASLG,fu:e31b7340,gene_to_fu,,0.5058066844940186,0.5008912086486816,0.5263153910636902,0.4976196587085724,0.49840041995048523
1,MAP4K4,fu:2800db3e,gene_to_fu,,0.5033480525016785,0.49558860063552856,0.5151419043540955,0.5027966499328613,0.4998651146888733
1,PLA2G4B,fu:ad28b956,gene_to_fu,,0.10971993207931519,0.11249847710132599,0.10476408898830414,0.11019855737686157,0.11141861975193024
1,PLA2G4E,fu:ad28b956,gene_to_fu,,0.11154314875602722,0.11061055958271027,0.11360533535480499,0.11096254736185074,0.11099415272474289
1,PLA2G4F,fu:ad28b956,gene_to_fu,,0.11228661239147186,0.11139033734798431,0.11443466693162918,0.11247629672288895,0.1108451634645462
1,PLA2G4D,fu:ad28b956,gene_to_fu,,0.11185164004564285,0.11038296669721603,0.11412256956100464,0.11208295077085495,0.1108180582523346
1,PLA2G4A,fu:ad28b956,gene_to_fu,,0.11084581166505814,0.10942681133747101,0.1119890958070755,0.11114262789487839,0.11082469671964645
1,PLA2G4C,fu:ad28b956,gene_to_fu,,0.11167766153812408,0.11026875674724579,0.1139344871044159,0.11151817440986633,0.11098920553922653
1,JMJD7-PLA2G4B,fu:ad28b956,gene_to_fu,,0.11263532936573029,0.11042514443397522,0.11762160062789917,0.11122173070907593,0.11127285659313202
1,STMN1,fu:d344b8ad,gene_to_fu,,0.3320823311805725,0.32841402292251587,0.3402789235115051,0.3299706280231476,0.3296658396720886
1,MAPT,fu:3ee88785,gene_to_fu,,0.33607855439186096,0.32676470279693604,0.3520841598510742,0.3325771987438202,0.332888126373291
1,NFKB1,fu:6a14651d,gene_to_fu,,0.14300912618637085,0.14039698243141174,0.14559334516525269,0.14385421574115753,0.14219194650650024
1,NFKB2,fu:6a14651d,gene_to_fu,,0.1440342515707016,0.14163175225257874,0.14810337126255035,0.1437772512435913,0.1426246017217636
1,RELA,fu:6a14651d,gene_to_fu,,0.14395472407341003,0.1416998654603958,0.14920420944690704,0.1417471319437027,0.143167644739151
1,RELB,fu:6a14651d,gene_to_fu,,0.1447741687297821,0.1428133100271225,0.14899198710918427,0.14423860609531403,0.14305272698402405
1,CHUK,fu:42758e63,gene_to_fu,,0.12618108093738556,0.12461858242750168,0.12931497395038605,0.12614594399929047,0.12464480847120285
1,IKBKB,fu:42758e63,gene_to_fu,,0.12598446011543274,0.124252088367939,0.12894679605960846,0.12612119317054749,0.12461775541305542
1,IKBKG,fu:42758e63,gene_to_fu,,0.1261453926563263,0.12226326018571854,0.13397736847400665,0.12350494414567947,0.1248360127210617
1,MAP3K14,fu:cd063ff0,gene_to_fu,,0.24618519842624664,0.2451135814189911,0.24760356545448303,0.2479131817817688,0.24411046504974365
1,MAPK1,fu:7322350d,gene_to_fu,,0.14462554454803467,0.14100036025047302,0.15311262011528015,0.142142653465271,0.14224651455879211
1,MAPK3,fu:7322350d,gene_to_fu,,0.14482738077640533,0.14126986265182495,0.15307940542697906,0.14249324798583984,0.14246702194213867
1,LAMTOR3,fu:cd963cb8,gene_to_fu,,0.3333333432674408,0.3333333432674408,0.3333333432674408,0.3333333432674408,0.3333333432674408
1,MAP2K2,fu:edebe3a1,gene_to_fu,,0.12724819779396057,0.12330015748739243,0.13630731403827667,0.12456544488668442,0.12481988966464996
1,MAP2K1,fu:6d8ebe0b,gene_to_fu,,0.12691369652748108,0.12318745255470276,0.13569305837154388,0.12406370788812637,0.1247105672955513
1,RAF1,fu:3e4de2c7,gene_to_fu,,0.2529742121696472,0.24730385839939117,0.2645604610443115,0.25052884221076965,0.24950367212295532
1,BRAF,fu:b344d97f,gene_to_fu,,0.2531496286392212,0.24641236662864685,0.2655235528945923,0.2509458065032959,0.24971671402454376
1,RASA1,fu:4362baed,gene_to_fu,,0.5052728652954102,0.49489837884902954,0.5220822095870972,0.5048699378967285,0.4992409348487854
1,NF1,fu:7f8d78d3,gene_to_fu,,0.502754271030426,0.4939867854118347,0.5185724496841431,0.4998781085014343,0.4985796809196472
1,PRKCA,fu:91b0acc6,gene_to_fu,,0.2499726116657257,0.24732044339179993,0.25321757793426514,0.24975477159023285,0.24959763884544373
1,PRKCB,fu:91b0acc6,gene_to_fu,,0.2501319944858551,0.24772204458713531,0.2534582018852234,0.2495344877243042,0.2498132288455963
1,PRKCG,fu:91b0acc6,gene_to_fu,,0.2524664103984833,0.2505045235157013,0.2572358548641205,0.25211822986602783,0.2500070333480835
1,RAP1A,fu:8a875718,gene_to_fu,,0.2518644630908966,0.24971039593219757,0.2603238821029663,0.24873746931552887,0.24868616461753845
1,RAP1B,fu:8a875718,gene_to_fu,,0.25214987993240356,0.24940910935401917,0.26151448488235474,0.24879416823387146,0.2488817423582077
1,PRKACA,fu:67180032,gene_to_fu,,0.2506547272205353,0.24867436289787292,0.2551671862602234,0.24918584525585175,0.24959152936935425
1,PRKACB,fu:67180032,gene_to_fu,,0.25033241510391235,0.24704481661319733,0.2550918757915497,0.2495332956314087,0.24965962767601013
1,PRKACG,fu:67180032,gene_to_fu,,0.2517712414264679,0.25015556812286377,0.2576746642589569,0.24943116307258606,0.24982357025146484
1,RAPGEF2,fu:292747d5,gene_to_fu,,0.5038169622421265,0.49353283643722534,0.5179541110992432,0.5043516755104065,0.49942925572395325
1,RASA2,fu:a74f111b,gene_to_fu,,0.33599212765693665,0.3269960880279541,0.3506733775138855,0.33390897512435913,0.33239009976387024
1,RRAS2,fu:de327064,gene_to_fu,,0.06735970079898834,0.06653264909982681,0.07020998001098633,0.06625339388847351,0.06644277274608612
1,MRAS,fu:de327064,gene_to_fu,,0.06718040257692337,0.06606481224298477,0.07019954174757004,0.06619030237197876,0.06626695394515991
1,HRAS,fu:de327064,gene_to_fu,,0.06746891885995865,0.06659006327390671,0.07042139023542404,0.06656421720981598,0.06630001217126846
1,KRAS,fu:de327064,gene_to_fu,,0.06707245856523514,0.06610005348920822,0.06974374502897263,0.06624770164489746,0.06619832664728165
1,NRAS,fu:de327064,gene_to_fu,,0.06740235537290573,0.0664854496717453,0.07031277567148209,0.06658010184764862,0.06623107939958572
1,RRAS,fu:de327064,gene_to_fu,,0.06785323470830917,0.06672106683254242,0.07185714691877365,0.0662991926074028,0.06653553992509842
1,RASGRP1,fu:3306f113,gene_to_fu,,0.16694313287734985,0.16472947597503662,0.17056798934936523,0.1660853773355484,0.16638973355293274
1,RASGRP2,fu:3306f113,gene_to_fu,,0.16779375076293945,0.16605769097805023,0.17151746153831482,0.1670619398355484,0.16653792560100555
1,RASGRP4,fu:3306f113,gene_to_fu,,0.16903722286224365,0.1675037443637848,0.17326487600803375,0.16881141066551208,0.16656889021396637
1,RASGRP3,fu:3306f113,gene_to_fu,,0.1666523516178131,0.16509617865085602,0.16831058263778687,0.1670132577419281,0.16618941724300385
1,SOS1,fu:1296c511,gene_to_fu,,0.3343040347099304,0.3300073444843292,0.3409077823162079,0.3335912823677063,0.3327098488807678
1,SOS2,fu:1296c511,gene_to_fu,,0.33459171652793884,0.33101603388786316,0.34029051661491394,0.33397436141967773,0.3330858647823334
1,GNA12,fu:618f9b57,gene_to_fu,,0.3391415476799011,0.3307949900627136,0.3577045500278473,0.3325846791267395,0.33548182249069214
1,GNG12,fu:618f9b57,gene_to_fu,,0.32945042848587036,0.3357694745063782,0.3210075795650482,0.3319438099861145,0.32908087968826294
1,GRB2,fu:25ce285e,gene_to_fu,,0.3372920751571655,0.33069297671318054,0.35540497303009033,0.3311360776424408,0.33193421363830566
1,CSF1R,fu:a5ece49b,gene_to_fu,,0.0359308160841465,0.03571036830544472,0.03648525848984718,0.035808902233839035,0.03571874275803566
1,EGFR,fu:a5ece49b,gene_to_fu,,0.03559776768088341,0.03564080968499184,0.035421308130025864,0.035668112337589264,0.035660844296216965
1,EPHA2,fu:a5ece49b,gene_to_fu,,0.03588990867137909,0.03549851477146149,0.03662242367863655,0.03567073494195938,0.035767972469329834
1,ERBB2,fu:a5ece49b,gene_to_fu,,0.03594338148832321,0.03593437746167183,0.03608075901865959,0.03613594174385071,0.03562244027853012
1,ERBB3,fu:a5ece49b,gene_to_fu,,0.03588269650936127,0.03585975617170334,0.03587731719017029,0.03608641028404236,0.03570730239152908
1,ERBB4,fu:a5ece49b,gene_to_fu,,0.03567741811275482,0.03571319580078125,0.03542661666870117,0.03589531034231186,0.035674553364515305
1,FGFR1,fu:a5ece49b,gene_to_fu,,0.035772133618593216,0.03549928963184357,0.036262474954128265,0.03559982404112816,0.03572695329785347
1,FGFR3,fu:a5ece49b,gene_to_fu,,0.036030106246471405,0.03559188172221184,0.036974649876356125,0.035796985030174255,0.035756900906562805
1,FGFR2,fu:a5ece49b,gene_to_fu,,0.0356876403093338,0.03530086949467659,0.03617066144943237,0.03556566312909126,0.035713374614715576
1,FGFR4,fu:a5ece49b,gene_to_fu,,0.03614135831594467,0.03602232411503792,0.03681909292936325,0.03597931191325188,0.035744696855545044
1,FLT1,fu:a5ece49b,gene_to_fu,,0.035509392619132996,0.03574617952108383,0.03523881360888481,0.035402312874794006,0.03565027564764023
1,FLT3,fu:a5ece49b,gene_to_fu,,0.03557240217924118,0.03552969917654991,0.03564821928739548,0.03540192171931267,0.03570976480841637
1,FLT4,fu:a5ece49b,gene_to_fu,,0.035936761647462845,0.03581727296113968,0.03629530221223831,0.03589785844087601,0.03573660925030708
1,IGF1R,fu:a5ece49b,gene_to_fu,,0.0356593020260334,0.03586779162287712,0.03511814400553703,0.03596514090895653,0.03568613529205322
1,INSR,fu:a5ece49b,gene_to_fu,,0.035731617361307144,0.03591014817357063,0.035362403839826584,0.03600960597395897,0.03564431145787239
1,KDR,fu:a5ece49b,gene_to_fu,,0.03562641888856888,0.035531844943761826,0.03566519170999527,0.03560936450958252,0.0356992706656456
1,KIT,fu:a5ece49b,gene_to_fu,,0.035559576004743576,0.03529120981693268,0.03571987524628639,0.035547833889722824,0.03567938134074211
1,MET,fu:a5ece49b,gene_to_fu,,0.035535674542188644,0.03536510095000267,0.03560926392674446,0.035490989685058594,0.035677339881658554
1,NGFR,fu:a5ece49b,gene_to_fu,,0.03602219000458717,0.03542863577604294,0.0373707041144371,0.0355529859662056,0.03573643043637276
1,NTRK1,fu:a5ece49b,gene_to_fu,,0.03605163097381592,0.035918280482292175,0.03656502813100815,0.03601984307169914,0.0357033833861351
1,NTRK2,fu:a5ece49b,gene_to_fu,,0.03563320264220238,0.03544921055436134,0.03568601980805397,0.03568143770098686,0.03571614250540733
1,PDGFRA,fu:a5ece49b,gene_to_fu,,0.03554276376962662,0.03529025986790657,0.035510167479515076,0.03573264926671982,0.035637978464365005
1,PDGFRB,fu:a5ece49b,gene_to_fu,,0.03586127609014511,0.03574707359075546,0.03591998666524887,0.03606921806931496,0.03570883721113205
1,RET,fu:a5ece49b,gene_to_fu,,0.03604870289564133,0.03571224957704544,0.03697007894515991,0.035797394812107086,0.03571508079767227
1,TEK,fu:a5ece49b,gene_to_fu,,0.03574886918067932,0.0356857106089592,0.03585224971175194,0.03570761904120445,0.0357498973608017
1,CACNG3,fu:5010a05c,gene_to_fu,,0.03713296353816986,0.03736412152647972,0.037586893886327744,0.03652116283774376,0.03705967590212822
1,CACNG2,fu:5010a05c,gene_to_fu,,0.03704177960753441,0.037093400955200195,0.03757090866565704,0.036515794694423676,0.03698701038956642
1,CACNG5,fu:5010a05c,gene_to_fu,,0.03718358650803566,0.037761203944683075,0.037324003875255585,0.03672990947961807,0.03691922500729561
1,CACNG4,fu:5010a05c,gene_to_fu,,0.037188295274972916,0.03747350722551346,0.03760262951254845,0.036637719720602036,0.03703932464122772
1,CACNA2D3,fu:5010a05c,gene_to_fu,,0.03681609779596329,0.03635183349251747,0.03687799721956253,0.03705952316522598,0.03697502613067627
1,CACNG8,fu:5010a05c,gene_to_fu,,0.03745069354772568,0.03713383898139,0.03806699067354202,0.03750566393136978,0.037096280604600906
1,CACNG7,fu:5010a05c,gene_to_fu,,0.0372045673429966,0.037599507719278336,0.03761083260178566,0.03665054589509964,0.036957379430532455
1,CACNG6,fu:5010a05c,gene_to_fu,,0.03765355795621872,0.037868108600378036,0.03891170769929886,0.03694790229201317,0.03688651695847511
1,CACNA1A,fu:5010a05c,gene_to_fu,,0.03695296868681908,0.03689711168408394,0.03661613166332245,0.037233270704746246,0.03706536814570427
1,CACNA1B,fu:5010a05c,gene_to_fu,,0.03709482401609421,0.03701550140976906,0.03697434812784195,0.03729035705327988,0.03709908202290535
1,CACNA1C,fu:5010a05c,gene_to_fu,,0.03693646937608719,0.0366390198469162,0.03696523606777191,0.03712939843535423,0.03701221942901611
1,CACNA1D,fu:5010a05c,gene_to_fu,,0.036891162395477295,0.03683602437376976,0.03662484884262085,0.037050046026706696,0.037053730338811874
1,CACNA1E,fu:5010a05c,gene_to_fu,,0.03710491582751274,0.03701403737068176,0.037068527191877365,0.037243783473968506,0.03709331527352333
1,CACNA1F,fu:5010a05c,gene_to_fu,,0.037207044661045074,0.03714167699217796,0.03710242360830307,0.03750598058104515,0.037078093737363815
1,CACNA1S,fu:5010a05c,gene_to_fu,,0.037004683166742325,0.03722982853651047,0.036355048418045044,0.037391260266304016,0.03704259544610977
1,CACNA2D1,fu:5010a05c,gene_to_fu,,0.03679486736655235,0.03637843206524849,0.0366707444190979,0.037153393030166626,0.036976899951696396
1,CACNB1,fu:5010a05c,gene_to_fu,,0.03682009130716324,0.03668700531125069,0.03671761974692345,0.036809612065553665,0.03706613555550575
1,CACNB2,fu:5010a05c,gene_to_fu,,0.036829154938459396,0.03647904098033905,0.03710877522826195,0.03664342686533928,0.03708537295460701
1,CACNB3,fu:5010a05c,gene_to_fu,,0.036933209747076035,0.03655735030770302,0.03705636411905289,0.03700782731175423,0.03711129352450371
1,CACNB4,fu:5010a05c,gene_to_fu,,0.036852262914180756,0.036808080971241,0.03649617359042168,0.03703527897596359,0.03706952556967735
1,CACNG1,fu:5010a05c,gene_to_fu,,0.037188947200775146,0.03783748671412468,0.037567973136901855,0.03652804344892502,0.036822281777858734
1,CACNA1I,fu:5010a05c,gene_to_fu,,0.03707492724061012,0.037029433995485306,0.03684497997164726,0.037346549332141876,0.03707874193787575
1,CACNA1H,fu:5010a05c,gene_to_fu,,0.037312109023332596,0.03720993176102638,0.03747669607400894,0.03738946467638016,0.0371723398566246
1,CACNA1G,fu:5010a05c,gene_to_fu,,0.037253398448228836,0.03727535158395767,0.03704768419265747,0.037593841552734375,0.037096716463565826
1,CACNA2D2,fu:5010a05c,gene_to_fu,,0.03693598508834839,0.0363747663795948,0.03726965934038162,0.037045255303382874,0.03705424815416336
1,CACNA2D4,fu:5010a05c,gene_to_fu,,0.03681221604347229,0.036503929644823074,0.03661313280463219,0.03715997189283371,0.036971837282180786
1,NR4A1,fu:cf682b35,gene_to_fu,,0.33748874068260193,0.3302423357963562,0.3537338078022003,0.33305323123931885,0.3329255282878876
1,MAPK7,fu:28d0b5d1,gene_to_fu,,0.33786019682884216,0.3283746540546417,0.3564572334289551,0.3332957625389099,0.33331313729286194
1,MAP2K5,fu:e95555b8,gene_to_fu,,0.5045796036720276,0.4958862364292145,0.5218445062637329,0.5011084675788879,0.4994792640209198
1,NLK,fu:cf3a93c5,gene_to_fu,,0.3378061056137085,0.327834814786911,0.35722771286964417,0.3337121903896332,0.33244970440864563
1,CDC25B,fu:d7926132,gene_to_fu,,0.337446391582489,0.32989993691444397,0.3521002531051636,0.3345433175563812,0.3332420289516449
1,RPS6KA4,fu:5ae2c9f2,gene_to_fu,,0.2533881366252899,0.24894249439239502,0.26259711384773254,0.25218379497528076,0.24982920289039612
1,RPS6KA5,fu:5ae2c9f2,gene_to_fu,,0.25077781081199646,0.24576839804649353,0.2575085163116455,0.25078508257865906,0.24904918670654297
1,MAPKAPK3,fu:665381ed,gene_to_fu,,0.2522595226764679,0.2474706619977951,0.2626357078552246,0.24949871003627777,0.24943293631076813
1,MAPKAPK2,fu:665381ed,gene_to_fu,,0.25189730525016785,0.2473660707473755,0.2620328664779663,0.24839140474796295,0.24979886412620544
1,ATF4,fu:3d349895,gene_to_fu,,0.2526394724845886,0.24515114724636078,0.26848843693733215,0.24822022020816803,0.24869807064533234
1,MEF2C,fu:ab399c96,gene_to_fu,,0.3367224633693695,0.32974308729171753,0.3498707413673401,0.33479347825050354,0.33248257637023926
1,MAX,fu:11606ae6,gene_to_fu,,0.33438804745674133,0.330569326877594,0.3452056646347046,0.33077239990234375,0.3310047686100006
1,DDIT3,fu:531a5e06,gene_to_fu,,0.33530500531196594,0.33127090334892273,0.347824364900589,0.3310340642929077,0.33109065890312195
1,ELK4,fu:fa58328a,gene_to_fu,,0.33599403500556946,0.3293958902359009,0.3508196473121643,0.331084281206131,0.33267632126808167
1,TP53,fu:19f5b351,gene_to_fu,,0.2535322904586792,0.2457893341779709,0.27036625146865845,0.24828040599822998,0.2496930956840515
1,ELK1,fu:ee039625,gene_to_fu,,0.25438618659973145,0.24717479944229126,0.2716647684574127,0.24878160655498505,0.2499234825372696
1,ATF2,fu:256c4bca,gene_to_fu,,0.33621108531951904,0.3270859718322754,0.35364484786987305,0.331367552280426,0.3327460289001465
1,MAPK14,fu:295bf12c,gene_to_fu,,0.1122828871011734,0.10993430018424988,0.11751635372638702,0.11093693226575851,0.11074395477771759
1,MAPK11,fu:295bf12c,gene_to_fu,,0.11268486082553864,0.11043818295001984,0.11864922195672989,0.11068510264158249,0.11096692085266113
1,MAPK13,fu:295bf12c,gene_to_fu,,0.11196835339069366,0.1098104864358902,0.11699530482292175,0.11035660654306412,0.1107110008597374
1,MAPK12,fu:295bf12c,gene_to_fu,,0.11236821860074997,0.10952828079462051,0.11849494278430939,0.1106499657034874,0.11079967767000198
1,PPP5C,fu:944102db,gene_to_fu,,0.5028432607650757,0.49247464537620544,0.5188378691673279,0.501462996006012,0.498597651720047
1,MAP2K6,fu:ebeb97f3,gene_to_fu,,0.12701299786567688,0.12348350882530212,0.13615204393863678,0.12380141019821167,0.12461504340171814
1,MAP2K3,fu:8a4c69b0,gene_to_fu,,0.12711673974990845,0.12316790968179703,0.136735200881958,0.12387824803590775,0.12468558549880981
1,DUSP10,fu:282f2b98,gene_to_fu,,0.1101253554224968,0.10967156291007996,0.10856007784605026,0.11147306859493256,0.11079671233892441
1,DUSP2,fu:282f2b98,gene_to_fu,,0.11282143741846085,0.11230931431055069,0.11699416488409042,0.1107235923409462,0.11125868558883667
1,DUSP4,fu:282f2b98,gene_to_fu,,0.11172151565551758,0.11137370020151138,0.11343003064393997,0.11088237911462784,0.11119994521141052
1,DUSP5,fu:282f2b98,gene_to_fu,,0.11194221675395966,0.11081349104642868,0.11549016088247299,0.11030253022909164,0.11116267740726471
1,DUSP7,fu:282f2b98,gene_to_fu,,0.11074312031269073,0.11001454293727875,0.11094856262207031,0.111122265458107,0.11088711023330688
1,DUSP8,fu:282f2b98,gene_to_fu,,0.11144118010997772,0.11130241304636002,0.11160332709550858,0.11152433604001999,0.1113346517086029
1,DUSP9,fu:282f2b98,gene_to_fu,,0.11206365376710892,0.11214359104633331,0.11348315328359604,0.11146029084920883,0.11116757243871689
1,DUSP16,fu:282f2b98,gene_to_fu,,0.1102304458618164,0.11018816381692886,0.10864228755235672,0.1112428680062294,0.11084847152233124
1,DUSP3,fu:0eea7c8b,gene_to_fu,,0.2009178251028061,0.202361062169075,0.2042093575000763,0.19838427007198334,0.19871659576892853
1,PTPN7,fu:0eea7c8b,gene_to_fu,,0.2014142870903015,0.19920210540294647,0.2077716439962387,0.19855338335037231,0.20013000071048737
1,PTPRR,fu:0eea7c8b,gene_to_fu,,0.19971998035907745,0.19869649410247803,0.20005036890506744,0.19992592930793762,0.2002071738243103
1,PTPN5,fu:0eea7c8b,gene_to_fu,,0.20078697800636292,0.1980569213628769,0.20186953246593475,0.2029242217540741,0.2002972513437271
1,PPM1A,fu:67e73720,gene_to_fu,,0.5048048496246338,0.49332329630851746,0.5261395573616028,0.5002715587615967,0.499485045671463
1,AKT3,fu:7fdcbeec,gene_to_fu,,0.2501552104949951,0.24792753159999847,0.2526279091835022,0.2504211366176605,0.24964430928230286
1,AKT1,fu:7fdcbeec,gene_to_fu,,0.25061142444610596,0.247956782579422,0.25462159514427185,0.25020188093185425,0.24966539442539215
1,AKT2,fu:7fdcbeec,gene_to_fu,,0.2514498233795166,0.24889631569385529,0.2564031481742859,0.25049659609794617,0.25000324845314026
1,TAOK3,fu:de878e1b,gene_to_fu,,0.250438928604126,0.24829526245594025,0.25331851840019226,0.25063756108283997,0.24950432777404785
1,TAOK1,fu:de878e1b,gene_to_fu,,0.2502824664115906,0.24802032113075256,0.25324657559394836,0.25013968348503113,0.24972327053546906
1,TAOK2,fu:de878e1b,gene_to_fu,,0.25141122937202454,0.24878892302513123,0.25629812479019165,0.25047552585601807,0.2500823736190796
1,MAP3K4,fu:d2a67a69,gene_to_fu,,0.3355872631072998,0.3270737826824188,0.34908679127693176,0.3331918716430664,0.3329966366291046
1,HSPB1,fu:52a04670,gene_to_fu,,0.25508254766464233,0.25039002299308777,0.2725575268268585,0.24825847148895264,0.24912415444850922
1,MAP3K7,fu:ae916742,gene_to_fu,,0.2023065984249115,0.1968715637922287,0.212391659617424,0.2002604603767395,0.19970273971557617
1,MAP3K5,fu:d9ef3265,gene_to_fu,,0.1691754311323166,0.16396108269691467,0.1787205934524536,0.16782453656196594,0.16619549691677094
1,MAP3K6,fu:4b9b7996,gene_to_fu,,0.5074580311775208,0.49801602959632874,0.5276545882225037,0.5045506954193115,0.4996108114719391
1,MAP3K20,fu:36a80391,gene_to_fu,,0.5,0.5,0.5,0.5,0.5
1,MAP3K12,fu:ddbbf138,gene_to_fu,,0.3365926742553711,0.3329995274543762,0.34418246150016785,0.33589866757392883,0.3332900404930115
1,MAP3K13,fu:ddbbf138,gene_to_fu,,0.3337094187736511,0.33037352561950684,0.3382355868816376,0.33342477679252625,0.3328036665916443
1,MAP3K9,fu:fb8bcd03,gene_to_fu,,0.25176888704299927,0.24737423658370972,0.25884151458740234,0.25104570388793945,0.24981415271759033
1,MAP3K10,fu:fb8bcd03,gene_to_fu,,0.2534022331237793,0.2483193576335907,0.26349711418151855,0.2517634928226471,0.2500290274620056
1,MAP3K21,fu:fb8bcd03,gene_to_fu,,0.24741443991661072,0.252153217792511,0.23883068561553955,0.24859541654586792,0.250078409910202
1,MAP4K2,fu:18665bcd,gene_to_fu,,0.337611585855484,0.33035019040107727,0.3516218662261963,0.33592450618743896,0.3325498402118683
1,STK3,fu:3e5ba6c9,gene_to_fu,,0.25051483511924744,0.24622461199760437,0.25725215673446655,0.24915717542171478,0.24942541122436523
1,STK4,fu:3e5ba6c9,gene_to_fu,,0.25102654099464417,0.24642443656921387,0.2577131986618042,0.2503712475299835,0.24959726631641388
1,ECSIT,fu:c78f0cde,gene_to_fu,,0.505639374256134,0.4956074059009552,0.5274301767349243,0.4994163513183594,0.5001036524772644
1,TAB2,fu:04aa3206,gene_to_fu,,0.5027233958244324,0.4958247244358063,0.515840470790863,0.5000497102737427,0.4991786777973175
1,TAB1,fu:57402cbc,gene_to_fu,,0.20328038930892944,0.1963997185230255,0.21557176113128662,0.20180097222328186,0.1993490755558014
1,GADD45G,fu:e2184ef8,gene_to_fu,,0.25090932846069336,0.2497503012418747,0.2542763650417328,0.2501748502254486,0.24943579733371735
1,GADD45A,fu:e2184ef8,gene_to_fu,,0.25148260593414307,0.25029847025871277,0.25667405128479004,0.24939174950122833,0.24956612288951874
1,GADD45B,fu:e2184ef8,gene_to_fu,,0.2504175901412964,0.24877333641052246,0.2544122636318207,0.24954788386821747,0.24893681704998016
1,TRAF6,fu:23393f96,gene_to_fu,,0.2021687626838684,0.19707444310188293,0.21077291667461395,0.2013559341430664,0.19947178661823273
1,DAXX,fu:83ff1a97,gene_to_fu,,0.25272291898727417,0.24465210735797882,0.26458144187927246,0.2521480619907379,0.24951006472110748
1,TRAF2,fu:c888309f,gene_to_fu,,0.33783525228500366,0.32956716418266296,0.354387104511261,0.3346421718597412,0.33274462819099426
1,CASP3,fu:639267b9,gene_to_fu,,0.33590152859687805,0.3300110101699829,0.3502238690853119,0.3315654695034027,0.3318057358264923
1,CD14,fu:1984f1f8,gene_to_fu,,0.5078393816947937,0.49692362546920776,0.5363025069236755,0.49909526109695435,0.4990359842777252
1,TGFBR1,fu:b909e99b,gene_to_fu,,0.2531675100326538,0.24748286604881287,0.2640053331851959,0.2514564096927643,0.24972541630268097
1,TGFBR2,fu:b909e99b,gene_to_fu,,0.2511117160320282,0.2474345564842224,0.2563973367214203,0.25105419754981995,0.24956078827381134
1,FAS,fu:249a5b6e,gene_to_fu,,0.3366011381149292,0.32970762252807617,0.3534942865371704,0.33145061135292053,0.33175206184387207
1,IL1R1,fu:c561a985,gene_to_fu,,0.25084084272384644,0.2470826357603073,0.2564152777194977,0.2502456605434418,0.24961978197097778
1,IL1RAP,fu:c561a985,gene_to_fu,,0.25239384174346924,0.24727529287338257,0.26068952679634094,0.25213924050331116,0.2494712918996811
1,TNFRSF1A,fu:994f289b,gene_to_fu,,0.33822011947631836,0.33086439967155457,0.3533870279788971,0.33616217970848083,0.33246690034866333
1,TGFB1,fu:e57e5d99,gene_to_fu,,0.25277239084243774,0.2510544955730438,0.2601262927055359,0.24992488324642181,0.24998393654823303
1,TGFB2,fu:e57e5d99,gene_to_fu,,0.25013378262519836,0.24794906377792358,0.2542359232902527,0.24832703173160553,0.25002312660217285
1,TGFB3,fu:e57e5d99,gene_to_fu,,0.2506493330001831,0.2482265830039978,0.25370752811431885,0.25118112564086914,0.24948211014270782
1,IL1A,fu:637bcc89,gene_to_fu,,0.3340443968772888,0.33084213733673096,0.34081482887268066,0.33226725459098816,0.3322533667087555
1,IL1B,fu:637bcc89,gene_to_fu,,0.33491742610931396,0.33148860931396484,0.34346437454223633,0.3321082592010498,0.33260849118232727
1,TNF,fu:888932e7,gene_to_fu,,0.5061089992523193,0.5020591020584106,0.5264603495597839,0.49788832664489746,0.4980282485485077
1,MAPKAPK5,fu:762cb2e5,gene_to_fu,,0.33588606119155884,0.32748404145240784,0.35098034143447876,0.33264321088790894,0.33243653178215027
1,RAC1,fu:cd108692,gene_to_fu,,0.20095951855182648,0.20039214193820953,0.20418818295001984,0.19965870678424835,0.1995990127325058
1,RAC2,fu:cd108692,gene_to_fu,,0.20092511177062988,0.200332909822464,0.20407426357269287,0.19960178434848785,0.19969144463539124
1,RAC3,fu:cd108692,gene_to_fu,,0.20137685537338257,0.20029859244823456,0.2056148499250412,0.19975878298282623,0.1998351812362671
1,CDC42,fu:cd108692,gene_to_fu,,0.20026053488254547,0.19913816452026367,0.20304681360721588,0.19948120415210724,0.19937600195407867
1,PAK1,fu:5d795275,gene_to_fu,,0.2008490264415741,0.19638271629810333,0.20759128034114838,0.19990335404872894,0.19951876997947693
1,PAK2,fu:5d795275,gene_to_fu,,0.2009274661540985,0.1964864879846573,0.20817914605140686,0.19965852797031403,0.19938568770885468
1,MAP3K2,fu:ed3b49b2,gene_to_fu,,0.2514422535896301,0.24772919714450836,0.25725406408309937,0.2512384057044983,0.24954740703105927
1,MAP3K3,fu:ed3b49b2,gene_to_fu,,0.25197362899780273,0.24788616597652435,0.2587456703186035,0.2514142692089081,0.2498483508825302
1,MAPK8IP2,fu:0d25146a,gene_to_fu,,0.33563607931137085,0.33042317628860474,0.3422693610191345,0.3361627459526062,0.3336889147758484
1,MAPK8IP1,fu:0d25146a,gene_to_fu,,0.3350783586502075,0.3310743570327759,0.3421447277069092,0.3339424729347229,0.33315175771713257
1,MAP3K11,fu:7c9a7432,gene_to_fu,,0.2552323341369629,0.2484419196844101,0.26922523975372314,0.2531346082687378,0.25012752413749695
1,MAP2K7,fu:7224dcdb,gene_to_fu,,0.1267346739768982,0.12321452796459198,0.13473229110240936,0.12426752597093582,0.1247243881225586
1,MAPK8,fu:c58de1d0,gene_to_fu,,0.09205106645822525,0.08947405219078064,0.09728624671697617,0.09069208055734634,0.09075187891721725
1,MAPK9,fu:c58de1d0,gene_to_fu,,0.09194689244031906,0.08927544951438904,0.09719564020633698,0.09053666144609451,0.09077981859445572
1,MAPK10,fu:c58de1d0,gene_to_fu,,0.09178479015827179,0.08898134529590607,0.09668423235416412,0.09084760397672653,0.09062595665454865
1,MAP2K4,fu:57055c4e,gene_to_fu,,0.2029045820236206,0.1971651315689087,0.21605275571346283,0.19864614307880402,0.19975431263446808
1,CRK,fu:045e2574,gene_to_fu,,0.20294393599033356,0.1994122862815857,0.21313367784023285,0.19923663139343262,0.19999313354492188
1,CRKL,fu:045e2574,gene_to_fu,,0.2021578997373581,0.19741931557655334,0.21285319328308105,0.19874036312103271,0.19961875677108765
1,ARRB1,fu:9a241322,gene_to_fu,,0.25188201665878296,0.24622021615505219,0.26183342933654785,0.2500467002391815,0.2494277060031891
1,ARRB2,fu:9a241322,gene_to_fu,,0.25235965847969055,0.2464645653963089,0.264299213886261,0.24899154901504517,0.24968333542346954
1,MECOM,fu:caaa3f23,gene_to_fu,,0.5023911595344543,0.49293026328086853,0.5171955227851868,0.5000829100608826,0.4993560016155243
1,HSPA1A,fu:b00d576a,gene_to_fu,,0.1669091135263443,0.16585586965084076,0.16851580142974854,0.16670739650726318,0.16655738651752472
1,HSPA1B,fu:b00d576a,gene_to_fu,,0.16696980595588684,0.1658703237771988,0.16858962178230286,0.16686315834522247,0.16655609011650085
1,HSPA1L,fu:b00d576a,gene_to_fu,,0.16701430082321167,0.165861114859581,0.16861362755298615,0.1670733243227005,0.16650913655757904
1,HSPA6,fu:b00d576a,gene_to_fu,,0.167540043592453,0.1659276783466339,0.17039965093135834,0.16723750531673431,0.16659533977508545
1,HSPA8,fu:b00d576a,gene_to_fu,,0.16676083207130432,0.16576692461967468,0.16804099082946777,0.16669471561908722,0.1665406972169876
1,JUND,fu:8b469fd4,gene_to_fu,,0.3391779065132141,0.3281504511833191,0.36546140909194946,0.3306528925895691,0.3324468731880188
1,FOS,fu:1f5670d1,gene_to_fu,,0.25275737047195435,0.2468581348657608,0.2653099000453949,0.24876658618450165,0.25009480118751526
1,JUN,fu:1f5670d1,gene_to_fu,,0.252122163772583,0.24854911863803864,0.2627829313278198,0.24835124611854553,0.24880535900592804
1,NFATC3,fu:07c91aa5,gene_to_fu,,0.25325194001197815,0.24709443747997284,0.2644881308078766,0.25180214643478394,0.249623104929924
1,NFATC1,fu:44d632b3,gene_to_fu,,0.25360429286956787,0.24666765332221985,0.26728555560112,0.25088873505592346,0.2495751976966858
1,PPP3CA,fu:952968f0,gene_to_fu,,0.16710029542446136,0.16429924964904785,0.16945911943912506,0.16792432963848114,0.1667184978723526
1,PPP3CB,fu:952968f0,gene_to_fu,,0.1676926612854004,0.16477741301059723,0.1712094247341156,0.16761799156665802,0.16716578602790833
1,PPP3CC,fu:952968f0,gene_to_fu,,0.16731742024421692,0.16506102681159973,0.16928668320178986,0.1680893748998642,0.1668325513601303
1,PPP3R1,fu:952968f0,gene_to_fu,,0.16627390682697296,0.16808269917964935,0.1662532389163971,0.1648389995098114,0.165920689702034
1,PPP3R2,fu:952968f0,gene_to_fu,,0.16669027507305145,0.1690681278705597,0.16651925444602966,0.16523562371730804,0.1659380942583084
1,MAPK8IP3,fu:a02813ab,gene_to_fu,,0.16817204654216766,0.16269922256469727,0.17544883489608765,0.16853204369544983,0.16600804030895233
1,FLNA,fu:0e58f43d,gene_to_fu,,0.3368292450904846,0.32686370611190796,0.35396069288253784,0.33379411697387695,0.3326984643936157
1,MAP3K1,fu:96f39533,gene_to_fu,,0.11339867115020752,0.10968298465013504,0.12171182781457901,0.11082880944013596,0.11137107014656067
1,MAP3K8,fu:524928b5,gene_to_fu,,0.5038579106330872,0.4952201843261719,0.5188263058662415,0.5023449659347534,0.4990402162075043
1,MAP4K1,fu:7d8f4352,gene_to_fu,,0.3375723958015442,0.33109453320503235,0.35114651918411255,0.3350253105163574,0.33302322030067444
1,MAP4K3,fu:8150bf29,gene_to_fu,,0.5027503371238708,0.4939649701118469,0.5166032910346985,0.5014990568161011,0.4989340305328369
1,FOS,fu:d0883595,gene_to_fu,,0.3380699157714844,0.3285086750984192,0.3598802983760834,0.3309611976146698,0.33292943239212036
1,SRF,fu:491d26a2,gene_to_fu,,0.5042320489883423,0.494866281747818,0.5220182538032532,0.5014009475708008,0.4986426830291748
1,MYC,fu:f2492ea9,gene_to_fu,,0.5031194090843201,0.4929126799106598,0.5214747190475464,0.49829384684562683,0.49979642033576965
1,ELK4,fu:d34a15b8,gene_to_fu,,0.25227096676826477,0.24668268859386444,0.26485148072242737,0.24810396134853363,0.24944578111171722
1,ELK1,fu:d5bebf15,gene_to_fu,,0.25438618659973145,0.24717479944229126,0.2716647684574127,0.24878160655498505,0.2499234825372696
1,ATF4,fu:55fad545,gene_to_fu,,0.2526394724845886,0.24515114724636078,0.26848843693733215,0.24822022020816803,0.24869807064533234
1,RPS6KA6,fu:a82b8eb0,gene_to_fu,,0.16712510585784912,0.16452091932296753,0.1707289069890976,0.1668902188539505,0.16636037826538086
1,RPS6KA1,fu:a82b8eb0,gene_to_fu,,0.16784600913524628,0.16599442064762115,0.17154477536678314,0.1674099713563919,0.1664348691701889
1,RPS6KA2,fu:a82b8eb0,gene_to_fu,,0.16772831976413727,0.16617591679096222,0.1707742065191269,0.16738133132457733,0.16658180952072144
1,RPS6KA3,fu:a82b8eb0,gene_to_fu,,0.1667630672454834,0.16478417813777924,0.16930708289146423,0.16659927368164062,0.1663617491722107
1,MKNK2,fu:4198d6fe,gene_to_fu,,0.2523256540298462,0.24707572162151337,0.26167479157447815,0.25060680508613586,0.24994531273841858
1,MKNK1,fu:4198d6fe,gene_to_fu,,0.25245875120162964,0.2475155144929886,0.26365751028060913,0.24897021055221558,0.24969173967838287
1,EFNA4-EFNA3,fu:85082bcd,gene_to_fu,,0.01746523380279541,0.017758861184120178,0.01621660776436329,0.017912445589900017,0.017973018810153008
1,CSF1,fu:85082bcd,gene_to_fu,,0.017768224701285362,0.01749703288078308,0.017612086609005928,0.018019720911979675,0.017944058403372765
1,EFNA1,fu:85082bcd,gene_to_fu,,0.0178018007427454,0.017718438059091568,0.01795145310461521,0.017750293016433716,0.017787015065550804
1,EFNA2,fu:85082bcd,gene_to_fu,,0.017944732680916786,0.017861828207969666,0.018258022144436836,0.017799049615859985,0.017860030755400658
1,EFNA3,fu:85082bcd,gene_to_fu,,0.017877202481031418,0.017859777435660362,0.01806340552866459,0.01778429187834263,0.017801335081458092
1,EFNA4,fu:85082bcd,gene_to_fu,,0.018087266013026237,0.018378350883722305,0.01804846152663231,0.018081825226545334,0.017840426415205002
1,EFNA5,fu:85082bcd,gene_to_fu,,0.01784658618271351,0.017714500427246094,0.018061036244034767,0.01776248775422573,0.017848318442702293
1,EGF,fu:85082bcd,gene_to_fu,,0.0178020391613245,0.01753239333629608,0.017520569264888763,0.018226884305477142,0.017928309738636017
1,EREG,fu:85082bcd,gene_to_fu,,0.017846422269940376,0.018099134787917137,0.017647957429289818,0.017846599221229553,0.017791997641324997
1,FGF1,fu:85082bcd,gene_to_fu,,0.01749894581735134,0.01785660721361637,0.016706837341189384,0.01778707653284073,0.01764526031911373
1,FGF2,fu:85082bcd,gene_to_fu,,0.017678264528512955,0.017983727157115936,0.01723790541291237,0.017741497606039047,0.017749927937984467
1,FGF3,fu:85082bcd,gene_to_fu,,0.018074125051498413,0.018196623772382736,0.01826588436961174,0.01794147677719593,0.017892515286803246
1,FGF4,fu:85082bcd,gene_to_fu,,0.017953038215637207,0.017868978902697563,0.018385937437415123,0.017756352201104164,0.017800884321331978
1,FGF5,fu:85082bcd,gene_to_fu,,0.01785099320113659,0.017926324158906937,0.017888622358441353,0.01770259067416191,0.017886431887745857
1,FGF6,fu:85082bcd,gene_to_fu,,0.017979498952627182,0.018164044246077538,0.017976485192775726,0.017962532117962837,0.01781493052840233
1,FGF7,fu:85082bcd,gene_to_fu,,0.017710115760564804,0.01782156154513359,0.017503129318356514,0.017746303230524063,0.017769470810890198
1,FGF8,fu:85082bcd,gene_to_fu,,0.017879165709018707,0.017956720665097237,0.017968030646443367,0.01775624230504036,0.017835671082139015
1,FGF9,fu:85082bcd,gene_to_fu,,0.017896784469485283,0.01793629489839077,0.017801299691200256,0.018034642562270164,0.017814895138144493
1,FGF10,fu:85082bcd,gene_to_fu,,0.01782270148396492,0.0179097019135952,0.017869455739855766,0.017725398764014244,0.01778624765574932
1,VEGFD,fu:85082bcd,gene_to_fu,,0.01746523380279541,0.017758861184120178,0.01621660776436329,0.017912445589900017,0.017973018810153008
1,FLT3LG,fu:85082bcd,gene_to_fu,,0.017955545336008072,0.01815427653491497,0.018091322854161263,0.017753319814801216,0.017823265865445137
1,FGF20,fu:85082bcd,gene_to_fu,,0.017944594845175743,0.0180658046156168,0.017852041870355606,0.01805424876511097,0.0178062841296196
1,FGF21,fu:85082bcd,gene_to_fu,,0.017904754728078842,0.01790761947631836,0.017991671338677406,0.017908582463860512,0.017811153084039688
1,GDNF,fu:85082bcd,gene_to_fu,,0.01793106459081173,0.017796555534005165,0.018286824226379395,0.017759272828698158,0.017881611362099648
1,FGF22,fu:85082bcd,gene_to_fu,,0.018200300633907318,0.018480680882930756,0.018339065834879875,0.01801896281540394,0.017962494865059853
1,ANGPT1,fu:85082bcd,gene_to_fu,,0.017556196078658104,0.017265180125832558,0.01703181117773056,0.018099794164299965,0.01782800257205963
1,ANGPT2,fu:85082bcd,gene_to_fu,,0.017528772354125977,0.017254268750548363,0.017062872648239136,0.017950475215911865,0.017847472801804543
1,HGF,fu:85082bcd,gene_to_fu,,0.017689939588308334,0.01740696281194687,0.017247125506401062,0.01816955767571926,0.017936110496520996
1,IGF1,fu:85082bcd,gene_to_fu,,0.017712581902742386,0.018098454922437668,0.017316192388534546,0.01772185228765011,0.01771383173763752
1,IGF2,fu:85082bcd,gene_to_fu,,0.017989620566368103,0.018094509840011597,0.018235741183161736,0.017740817740559578,0.017887413501739502
1,INS,fu:85082bcd,gene_to_fu,,0.01766737923026085,0.018033724278211594,0.017040427774190903,0.01796296238899231,0.01763239875435829
1,AREG,fu:85082bcd,gene_to_fu,,0.017727354541420937,0.017522325739264488,0.017796611413359642,0.017737390473484993,0.017853086814284325
1,KITLG,fu:85082bcd,gene_to_fu,,0.017755189910531044,0.017619075253605843,0.01779927872121334,0.017727956175804138,0.017874449491500854
1,NGF,fu:85082bcd,gene_to_fu,,0.017911724746227264,0.017624184489250183,0.018395494669675827,0.017725471407175064,0.017901744693517685
1,NRTN,fu:85082bcd,gene_to_fu,,0.01833297871053219,0.01828915812075138,0.019152695313096046,0.017939293757081032,0.017950763925909996
1,NTF3,fu:85082bcd,gene_to_fu,,0.017824023962020874,0.0177170317620039,0.017926417291164398,0.017752232030034065,0.017900416627526283
1,NTF4,fu:85082bcd,gene_to_fu,,0.018178973346948624,0.01810937374830246,0.018761727958917618,0.017903883010149002,0.017940910533070564
1,ANGPT4,fu:85082bcd,gene_to_fu,,0.017723841592669487,0.017474643886089325,0.017537707462906837,0.018018076196312904,0.01786494068801403
1,PDGFA,fu:85082bcd,gene_to_fu,,0.01797080971300602,0.0178817231208086,0.018359605222940445,0.017786305397748947,0.017855605110526085
1,PDGFB,fu:85082bcd,gene_to_fu,,0.017890505492687225,0.017822958528995514,0.018108317628502846,0.017760327085852623,0.01787041500210762
1,PGF,fu:85082bcd,gene_to_fu,,0.01802097260951996,0.01820291578769684,0.018199967220425606,0.017774011939764023,0.017906995490193367
1,PDGFC,fu:85082bcd,gene_to_fu,,0.017875799909234047,0.01768282800912857,0.01798802614212036,0.017918778583407402,0.017913565039634705
1,PSPN,fu:85082bcd,gene_to_fu,,0.018024330958724022,0.018396912142634392,0.01789305917918682,0.018018824979662895,0.01778852939605713
1,BDNF,fu:85082bcd,gene_to_fu,,0.01780766434967518,0.017688464373350143,0.01790744811296463,0.017804373055696487,0.017830371856689453
1,TGFA,fu:85082bcd,gene_to_fu,,0.01793624833226204,0.01781393773853779,0.018416475504636765,0.01772298477590084,0.017791593447327614
1,VEGFA,fu:85082bcd,gene_to_fu,,0.017915422096848488,0.017543960362672806,0.018347475677728653,0.017758933827280998,0.018011318519711494
1,VEGFB,fu:85082bcd,gene_to_fu,,0.018013186752796173,0.017715074121952057,0.018761087208986282,0.017712535336613655,0.0178640466183424
1,VEGFC,fu:85082bcd,gene_to_fu,,0.01776895299553871,0.017368093132972717,0.01801149919629097,0.017756182700395584,0.017940033227205276
1,PDGFD,fu:85082bcd,gene_to_fu,,0.017786722630262375,0.0174728836864233,0.017909998074173927,0.017815111204981804,0.017948895692825317
1,FGF23,fu:85082bcd,gene_to_fu,,0.01796909235417843,0.017907895147800446,0.01819370687007904,0.01788005791604519,0.01789470762014389
1,FGF18,fu:85082bcd,gene_to_fu,,0.017797233536839485,0.017836619168519974,0.017824722453951836,0.0177387073636055,0.01778888702392578
1,FGF17,fu:85082bcd,gene_to_fu,,0.017790384590625763,0.017908575013279915,0.017711348831653595,0.017711343243718147,0.017830273136496544
1,FGF16,fu:85082bcd,gene_to_fu,,0.017892831936478615,0.01806367002427578,0.0176828783005476,0.01801379770040512,0.01781098172068596
1,ARTN,fu:85082bcd,gene_to_fu,,0.018266048282384872,0.018237587064504623,0.01906786486506462,0.017779504880309105,0.01797923445701599
1,FGF19,fu:85082bcd,gene_to_fu,,0.018025338649749756,0.017983390018343925,0.018335014581680298,0.017941445112228394,0.01784149929881096
1,TRADD,fu:47df25a3,gene_to_fu,,0.3405599594116211,0.33199629187583923,0.36584821343421936,0.3317277729511261,0.33266764879226685
1,MYD88,fu:c1f44866,gene_to_fu,,0.3389309346675873,0.33203351497650146,0.35993215441703796,0.33124685287475586,0.33251121640205383
1,IRAK1,fu:76a1c54d,gene_to_fu,,0.2541690170764923,0.24957433342933655,0.2657940983772278,0.25103887915611267,0.2502686679363251
1,IRAK4,fu:76a1c54d,gene_to_fu,,0.2503065764904022,0.24530695378780365,0.25724950432777405,0.24962928891181946,0.2490406036376953
1,ARAF,fu:640a8809,gene_to_fu,,0.3377043306827545,0.32904908061027527,0.3542315363883972,0.33472177386283875,0.33281493186950684
1,MAX,fu:e6a13e0d,gene_to_fu,,0.5011529326438904,0.4968840181827545,0.5132384896278381,0.4971134066581726,0.4973757565021515
1,MYC,fu:2fb576e7,gene_to_fu,,0.2528921067714691,0.0,0.3465975224971771,0.33181849122047424,0.3331524133682251
1,MAX,fu:2fb576e7,gene_to_fu,,0.166480153799057,0.330569326877594,0.3353513181209564,0.0,0.0
1,SRF,fu:19936281,gene_to_fu,,0.16676607728004456,0.0,0.3317607641220093,0.33530351519584656,0.0
1,ELK4,fu:19936281,gene_to_fu,,0.2480263113975525,0.3310621976852417,0.3283213973045349,0.0,0.33272162079811096
1,ELK1,fu:19936281,gene_to_fu,,0.3341737687587738,0.3319394886493683,0.3399178087711334,0.3312666714191437,0.33357110619544983
1,fu:618f9b57,fu:a74f111b,protein_protein_interaction,activation,0.3320039212703705,0.33650195598602295,0.32466331124305725,0.33304548263549805,0.3338049650192261
1,fu:292747d5,fu:de327064,protein_protein_interaction,activation,0.06618477404117584,0.0668339878320694,0.06413949280977249,0.06687390804290771,0.06689170002937317
1,fu:94ced6e1,fu:de327064,protein_protein_interaction,activation,0.06618477404117584,0.0668339878320694,0.06413949280977249,0.06687390804290771,0.06689170002937317
1,fu:3306f113,fu:de327064,protein_protein_interaction,activation,0.06618477404117584,0.0668339878320694,0.06413949280977249,0.06687390804290771,0.06689170002937317
1,fu:8a875718,fu:b344d97f,protein_protein_interaction,activation,0.24895012378692627,0.25119587779045105,0.24482548236846924,0.24968472123146057,0.2500944137573242
1,fu:888932e7,fu:994f289b,protein_protein_interaction,activation,0.3308899402618408,0.3345678150653839,0.32330650091171265,0.3319188952445984,0.33376654982566833
1,fu:637bcc89,fu:c561a985,protein_protein_interaction,activation,0.24838265776634216,0.25282102823257446,0.2414475977420807,0.24880756437778473,0.25045445561408997
1,fu:e31b7340,fu:249a5b6e,protein_protein_interaction,activation,0.331699401140213,0.3351461589336395,0.3232528567314148,0.33427467942237854,0.33412396907806396
1,fu:e57e5d99,fu:b909e99b,protein_protein_interaction,activation,0.2478603720664978,0.25254130363464355,0.2397986352443695,0.24874471127986908,0.25035688281059265
1,fu:249a5b6e,fu:83ff1a97,protein_protein_interaction,activation,0.24909237027168274,0.25178262591362,0.24513950943946838,0.24928399920463562,0.25016331672668457
1,fu:b909e99b,fu:83ff1a97,protein_protein_interaction,activation,0.24909237027168274,0.25178262591362,0.24513950943946838,0.24928399920463562,0.25016331672668457
1,fu:25ce285e,fu:a5ece49b,protein_protein_interaction,binding/association,0.0351356565952301,0.03631262108683586,0.0331093966960907,0.03530216962099075,0.0358184315264225
1,fu:1296c511,fu:25ce285e,protein_protein_interaction,binding/association,0.33135396242141724,0.33465349674224854,0.32229748368263245,0.3344319462776184,0.33403289318084717
1,fu:04aa3206,fu:23393f96,protein_protein_interaction,binding/association,0.1994578093290329,0.20073138177394867,0.1973067671060562,0.1996610164642334,0.20013205707073212
1,fu:c78f0cde,fu:23393f96,protein_protein_interaction,binding/association,0.1994578093290329,0.20073138177394867,0.1973067671060562,0.1996610164642334,0.20013205707073212
1,fu:491d26a2,fu:d5bebf15,protein_protein_interaction,binding/association,0.24853794276714325,0.25094175338745117,0.24277839064598083,0.2504061162471771,0.25002551078796387
1,fu:491d26a2,fu:d34a15b8,protein_protein_interaction,binding/association,0.24924299120903015,0.25110575556755066,0.24504952132701874,0.25063198804855347,0.2501847445964813
1,fu:cd963cb8,fu:6d8ebe0b,protein_protein_interaction,binding/association,0.12472660839557648,0.1252589374780655,0.1234724149107933,0.12513375282287598,0.12504135072231293
1,fu:cd963cb8,fu:edebe3a1,protein_protein_interaction,binding/association,0.124678835272789,0.12524284422397614,0.12338467687368393,0.12506207823753357,0.12502573430538177
1,fu:7322350d,fu:cd963cb8,protein_protein_interaction,binding/association,0.3333333432674408,0.3333333432674408,0.3333333432674408,0.3333333432674408,0.3333333432674408
1,fu:0d25146a,fu:c58de1d0,protein_protein_interaction,binding/association,0.09052716195583344,0.09153365343809128,0.08860423415899277,0.09099045395851135,0.09098029136657715
1,fu:0d25146a,fu:7224dcdb,protein_protein_interaction,binding/association,0.12475218623876572,0.1252550631761551,0.12360966950654984,0.1251046359539032,0.12503936886787415
1,fu:0d25146a,fu:7c9a7432,protein_protein_interaction,binding/association,0.2482558935880661,0.25051936507225037,0.24359159171581268,0.2489551305770874,0.24995748698711395
1,fu:0d25146a,fu:7d8f4352,protein_protein_interaction,binding/association,0.3312138020992279,0.33445271849632263,0.3244267404079437,0.3324873447418213,0.3334883749485016
1,fu:c58de1d0,fu:a02813ab,protein_protein_interaction,binding/association,0.1663655936717987,0.1674601435661316,0.164910227060318,0.16629359126091003,0.166798397898674
1,fu:57055c4e,fu:a02813ab,protein_protein_interaction,binding/association,0.1663655936717987,0.1674601435661316,0.164910227060318,0.16629359126091003,0.166798397898674
1,fu:7224dcdb,fu:a02813ab,protein_protein_interaction,binding/association,0.1663655936717987,0.1674601435661316,0.164910227060318,0.16629359126091003,0.166798397898674
1,fu:a02813ab,fu:96f39533,protein_protein_interaction,binding/association,0.11082516610622406,0.1112896278500557,0.1097860112786293,0.11114639788866043,0.11107861250638962
1,fu:7c9a7432,fu:a02813ab,protein_protein_interaction,binding/association,0.1663655936717987,0.1674601435661316,0.164910227060318,0.16629359126091003,0.166798397898674
1,fu:c58de1d0,fu:045e2574,protein_protein_interaction,binding/association,0.198299378156662,0.201056107878685,0.1913377195596695,0.20067434012889862,0.20012935996055603
1,fu:57055c4e,fu:045e2574,protein_protein_interaction,binding/association,0.198299378156662,0.201056107878685,0.1913377195596695,0.20067434012889862,0.20012935996055603
1,fu:57055c4e,fu:0e58f43d,protein_protein_interaction,binding/association,0.3315854072570801,0.336568146944046,0.32301968336105347,0.3331029415130615,0.33365076780319214
1,fu:57055c4e,fu:9a241322,protein_protein_interaction,binding/association,0.24787916243076324,0.25365760922431946,0.2369336634874344,0.25048086047172546,0.2504444718360901
1,fu:67180032,fu:8a875718,protein_protein_interaction,phosphorylation,0.24799281358718872,0.25044023990631104,0.23908080160617828,0.25123417377471924,0.2512160539627075
1,fu:91b0acc6,fu:de327064,protein_protein_interaction,phosphorylation,0.06618477404117584,0.0668339878320694,0.06413949280977249,0.06687390804290771,0.06689170002937317
1,fu:91b0acc6,fu:3e4de2c7,protein_protein_interaction,phosphorylation,0.24900859594345093,0.25089871883392334,0.2451464980840683,0.24982371926307678,0.2501654326915741
1,fu:1296c511,fu:de327064,protein_protein_interaction,activation,0.06618477404117584,0.0668339878320694,0.06413949280977249,0.06687390804290771,0.06689170002937317
1,fu:de327064,fu:b344d97f,protein_protein_interaction,activation,0.24895012378692627,0.25119587779045105,0.24482548236846924,0.24968472123146057,0.2500944137573242
1,fu:de327064,fu:3e4de2c7,protein_protein_interaction,activation,0.24900859594345093,0.25089871883392334,0.2451464980840683,0.24982371926307678,0.2501654326915741
1,fu:b344d97f,fu:6d8ebe0b,protein_protein_interaction,phosphorylation,0.12472660839557648,0.1252589374780655,0.1234724149107933,0.12513375282287598,0.12504135072231293
1,fu:b344d97f,fu:edebe3a1,protein_protein_interaction,phosphorylation,0.124678835272789,0.12524284422397614,0.12338467687368393,0.12506207823753357,0.12502573430538177
1,fu:3e4de2c7,fu:6d8ebe0b,protein_protein_interaction,phosphorylation,0.12472660839557648,0.1252589374780655,0.1234724149107933,0.12513375282287598,0.12504135072231293
1,fu:3e4de2c7,fu:edebe3a1,protein_protein_interaction,phosphorylation,0.124678835272789,0.12524284422397614,0.12338467687368393,0.12506207823753357,0.12502573430538177
1,fu:6d8ebe0b,fu:7322350d,protein_protein_interaction,phosphorylation,0.14210942387580872,0.1435459703207016,0.13876157999038696,0.14307282865047455,0.14305730164051056
1,fu:edebe3a1,fu:7322350d,protein_protein_interaction,phosphorylation,0.14210942387580872,0.1435459703207016,0.13876157999038696,0.14307282865047455,0.14305730164051056
1,fu:7322350d,fu:3ee88785,protein_protein_interaction,phosphorylation,0.3319607377052307,0.336617648601532,0.3239579200744629,0.3337114155292511,0.3335559666156769
1,fu:7322350d,fu:d344b8ad,protein_protein_interaction,phosphorylation,0.33395880460739136,0.33579298853874207,0.32986053824424744,0.335014671087265,0.3351670503616333
1,fu:7322350d,fu:ad28b956,protein_protein_interaction,phosphorylation,0.10971993207931519,0.11249847710132599,0.10476408898830414,0.11019855737686157,0.11141861975193024
1,fu:7322350d,fu:4198d6fe,protein_protein_interaction,phosphorylation,0.24760779738426208,0.252704381942749,0.23733383417129517,0.2502114772796631,0.2501814663410187
1,fu:7322350d,fu:a82b8eb0,protein_protein_interaction,phosphorylation,0.16526874899864197,0.16926230490207672,0.15882247686386108,0.1658596247434616,0.16713058948516846
1,fu:7322350d,fu:d5bebf15,protein_protein_interaction,phosphorylation,0.24853794276714325,0.25094175338745117,0.24277839064598083,0.2504061162471771,0.25002551078796387
1,fu:7322350d,fu:d34a15b8,protein_protein_interaction,phosphorylation,0.24924299120903015,0.25110575556755066,0.24504952132701874,0.25063198804855347,0.2501847445964813
1,fu:4198d6fe,fu:55fad545,protein_protein_interaction,phosphorylation,0.24912016093730927,0.2516162693500519,0.2438371628522873,0.25059324502944946,0.2504339814186096
1,fu:a82b8eb0,fu:55fad545,protein_protein_interaction,phosphorylation,0.24912016093730927,0.2516162693500519,0.2438371628522873,0.25059324502944946,0.2504339814186096
1,fu:7322350d,fu:2fb576e7,protein_protein_interaction,phosphorylation,0.25055748224258423,0.3347153067588806,0.0,0.3340907692909241,0.33342379331588745
1,fu:cd108692,fu:96f39533,protein_protein_interaction,activation,0.11082516610622406,0.1112896278500557,0.1097860112786293,0.11114639788866043,0.11107861250638962
1,fu:cd108692,fu:5d795275,protein_protein_interaction,activation,0.19940781593322754,0.20237693190574646,0.19474320113658905,0.20014601945877075,0.20036515593528748
1,fu:639267b9,fu:3e5ba6c9,protein_protein_interaction,activation,0.2492293119430542,0.2536754608154297,0.24251732230186462,0.25023579597473145,0.25048866868019104
1,fu:c888309f,fu:18665bcd,protein_protein_interaction,activation,0.3311941921710968,0.33482488989830017,0.32418903708457947,0.3320377469062805,0.33372506499290466
1,fu:c888309f,fu:d9ef3265,protein_protein_interaction,activation,0.16616490483283997,0.16720779240131378,0.16425587236881256,0.1664350926876068,0.1667608916759491
1,fu:c888309f,fu:96f39533,protein_protein_interaction,activation,0.11082516610622406,0.1112896278500557,0.1097860112786293,0.11114639788866043,0.11107861250638962
1,fu:83ff1a97,fu:d9ef3265,protein_protein_interaction,activation,0.16616490483283997,0.16720779240131378,0.16425587236881256,0.1664350926876068,0.1667608916759491
1,fu:e2184ef8,fu:d2a67a69,protein_protein_interaction,activation,0.3322063684463501,0.3364630937576294,0.3254565894603729,0.3334040641784668,0.3335016965866089
1,fu:5d795275,fu:ed3b49b2,protein_protein_interaction,phosphorylation,0.24829205870628357,0.25219231843948364,0.24200013279914856,0.24867364764213562,0.25030210614204407
1,fu:7d8f4352,fu:7c9a7432,protein_protein_interaction,phosphorylation,0.2482558935880661,0.25051936507225037,0.24359159171581268,0.2489551305770874,0.24995748698711395
1,fu:2800db3e,fu:96f39533,protein_protein_interaction,phosphorylation,0.11082516610622406,0.1112896278500557,0.1097860112786293,0.11114639788866043,0.11107861250638962
1,fu:8150bf29,fu:96f39533,protein_protein_interaction,phosphorylation,0.11082516610622406,0.1112896278500557,0.1097860112786293,0.11114639788866043,0.11107861250638962
1,fu:ddbbf138,fu:7224dcdb,protein_protein_interaction,phosphorylation,0.12475218623876572,0.1252550631761551,0.12360966950654984,0.1251046359539032,0.12503936886787415
1,fu:fb8bcd03,fu:7224dcdb,protein_protein_interaction,phosphorylation,0.12475218623876572,0.1252550631761551,0.12360966950654984,0.1251046359539032,0.12503936886787415
1,fu:36a80391,fu:7224dcdb,protein_protein_interaction,phosphorylation,0.12475218623876572,0.1252550631761551,0.12360966950654984,0.1251046359539032,0.12503936886787415
1,fu:d9ef3265,fu:8a4c69b0,protein_protein_interaction,phosphorylation,0.12469761073589325,0.12526172399520874,0.12332355231046677,0.12516024708747864,0.12504491209983826
1,fu:d9ef3265,fu:ebeb97f3,protein_protein_interaction,phosphorylation,0.12471243739128113,0.12521664798259735,0.12340683490037918,0.1251712292432785,0.1250550001859665
1,fu:ae916742,fu:cd063ff0,protein_protein_interaction,phosphorylation,0.2512715756893158,0.2516288161277771,0.2507987916469574,0.2506956160068512,0.25196316838264465
1,fu:ae916742,fu:42758e63,protein_protein_interaction,phosphorylation,0.1243378147482872,0.12577320635318756,0.12155218422412872,0.12484559416770935,0.12518027424812317
1,fu:ae916742,fu:8a4c69b0,protein_protein_interaction,phosphorylation,0.12469761073589325,0.12526172399520874,0.12332355231046677,0.12516024708747864,0.12504491209983826
1,fu:ae916742,fu:ebeb97f3,protein_protein_interaction,phosphorylation,0.12471243739128113,0.12521664798259735,0.12340683490037918,0.1251712292432785,0.1250550001859665
1,fu:ae916742,fu:cf3a93c5,protein_protein_interaction,phosphorylation,0.33109694719314575,0.3360825777053833,0.3213861286640167,0.3331439197063446,0.3337751626968384
1,fu:4b9b7996,fu:8a4c69b0,protein_protein_interaction,phosphorylation,0.12469761073589325,0.12526172399520874,0.12332355231046677,0.12516024708747864,0.12504491209983826
1,fu:4b9b7996,fu:ebeb97f3,protein_protein_interaction,phosphorylation,0.12471243739128113,0.12521664798259735,0.12340683490037918,0.1251712292432785,0.1250550001859665
1,fu:8a4c69b0,fu:295bf12c,protein_protein_interaction,phosphorylation,0.1101391389966011,0.11205774545669556,0.10566882789134979,0.11147427558898926,0.11135568469762802
1,fu:ebeb97f3,fu:295bf12c,protein_protein_interaction,phosphorylation,0.1101391389966011,0.11205774545669556,0.10566882789134979,0.11147427558898926,0.11135568469762802
1,fu:295bf12c,fu:256c4bca,protein_protein_interaction,phosphorylation,0.3318944573402405,0.3364570140838623,0.3231775760650635,0.334316223859787,0.33362698554992676
1,fu:295bf12c,fu:ee039625,protein_protein_interaction,phosphorylation,0.24853794276714325,0.25094175338745117,0.24277839064598083,0.2504061162471771,0.25002551078796387
1,fu:295bf12c,fu:19f5b351,protein_protein_interaction,phosphorylation,0.24882256984710693,0.2514035403728485,0.24321122467517853,0.25057318806648254,0.25010231137275696
1,fu:295bf12c,fu:fa58328a,protein_protein_interaction,phosphorylation,0.33200299739837646,0.33530205488204956,0.32459017634391785,0.3344578444957733,0.33366185426712036
1,fu:295bf12c,fu:531a5e06,protein_protein_interaction,phosphorylation,0.3323475122451782,0.33436456322669983,0.3260878026485443,0.33448296785354614,0.33445465564727783
1,fu:295bf12c,fu:11606ae6,protein_protein_interaction,phosphorylation,0.3328059911727905,0.334715336561203,0.3273971974849701,0.3346138000488281,0.3344976007938385
1,fu:295bf12c,fu:ab399c96,protein_protein_interaction,phosphorylation,0.33163875341415405,0.33512845635414124,0.32506462931632996,0.3326032757759094,0.33375871181488037
1,fu:295bf12c,fu:762cb2e5,protein_protein_interaction,phosphorylation,0.3320569694042206,0.3362579643726349,0.3245098292827606,0.33367839455604553,0.33378174901008606
1,fu:295bf12c,fu:665381ed,protein_protein_interaction,phosphorylation,0.24792160093784332,0.2525816261768341,0.23766575753688812,0.25105494260787964,0.2503840923309326
1,fu:295bf12c,fu:5ae2c9f2,protein_protein_interaction,phosphorylation,0.2479170262813568,0.2526445686817169,0.23994718492031097,0.2485155612230301,0.25056079030036926
1,fu:295bf12c,fu:d7926132,protein_protein_interaction,phosphorylation,0.3312768340110779,0.3350500166416168,0.3239499032497406,0.3327283561229706,0.33337897062301636
1,fu:762cb2e5,fu:52a04670,protein_protein_interaction,phosphorylation,0.24830582737922668,0.24986998736858368,0.2424808144569397,0.2505805194377899,0.25029194355010986
1,fu:665381ed,fu:52a04670,protein_protein_interaction,phosphorylation,0.24830582737922668,0.24986998736858368,0.2424808144569397,0.2505805194377899,0.25029194355010986
1,fu:665381ed,fu:3d349895,protein_protein_interaction,phosphorylation,0.24912016093730927,0.2516162693500519,0.2438371628522873,0.25059324502944946,0.2504339814186096
1,fu:5ae2c9f2,fu:3d349895,protein_protein_interaction,phosphorylation,0.24912016093730927,0.2516162693500519,0.2438371628522873,0.25059324502944946,0.2504339814186096
1,fu:e95555b8,fu:28d0b5d1,protein_protein_interaction,phosphorylation,0.3310698866844177,0.33581265807151794,0.3217713534832001,0.33335214853286743,0.33334341645240784
1,fu:28d0b5d1,fu:cf682b35,protein_protein_interaction,phosphorylation,0.33125564455986023,0.3348788321018219,0.32313308119773865,0.3334733843803406,0.3335372507572174
1,fu:524928b5,fu:cd063ff0,protein_protein_interaction,phosphorylation,0.2512715756893158,0.2516288161277771,0.2507987916469574,0.2506956160068512,0.25196316838264465
1,fu:524928b5,fu:42758e63,protein_protein_interaction,phosphorylation,0.1243378147482872,0.12577320635318756,0.12155218422412872,0.12484559416770935,0.12518027424812317
1,fu:524928b5,fu:6d8ebe0b,protein_protein_interaction,phosphorylation,0.12472660839557648,0.1252589374780655,0.1234724149107933,0.12513375282287598,0.12504135072231293
1,fu:524928b5,fu:edebe3a1,protein_protein_interaction,phosphorylation,0.124678835272789,0.12524284422397614,0.12338467687368393,0.12506207823753357,0.12502573430538177
1,fu:96f39533,fu:42758e63,protein_protein_interaction,phosphorylation,0.1243378147482872,0.12577320635318756,0.12155218422412872,0.12484559416770935,0.12518027424812317
1,fu:96f39533,fu:57055c4e,protein_protein_interaction,phosphorylation,0.19927385449409485,0.20070871710777283,0.195986807346344,0.2003384530544281,0.20006144046783447
1,fu:7c9a7432,fu:7224dcdb,protein_protein_interaction,phosphorylation,0.12475218623876572,0.1252550631761551,0.12360966950654984,0.1251046359539032,0.12503936886787415
1,fu:96f39533,fu:6d8ebe0b,protein_protein_interaction,phosphorylation,0.12472660839557648,0.1252589374780655,0.1234724149107933,0.12513375282287598,0.12504135072231293
1,fu:96f39533,fu:edebe3a1,protein_protein_interaction,phosphorylation,0.124678835272789,0.12524284422397614,0.12338467687368393,0.12506207823753357,0.12502573430538177
1,fu:57055c4e,fu:c58de1d0,protein_protein_interaction,phosphorylation,0.09052716195583344,0.09153365343809128,0.08860423415899277,0.09099045395851135,0.09098029136657715
1,fu:7224dcdb,fu:c58de1d0,protein_protein_interaction,phosphorylation,0.09052716195583344,0.09153365343809128,0.08860423415899277,0.09099045395851135,0.09098029136657715
1,fu:c58de1d0,fu:1f5670d1,protein_protein_interaction,phosphorylation,0.24756023287773132,0.2522963583469391,0.23595358431339264,0.251441091299057,0.25054991245269775
1,fu:c58de1d0,fu:8b469fd4,protein_protein_interaction,phosphorylation,0.33041104674339294,0.33592474460601807,0.31726932525634766,0.33467355370521545,0.3337765634059906
1,fu:c58de1d0,fu:ee039625,protein_protein_interaction,phosphorylation,0.24853794276714325,0.25094175338745117,0.24277839064598083,0.2504061162471771,0.25002551078796387
1,fu:c58de1d0,fu:19f5b351,protein_protein_interaction,phosphorylation,0.24882256984710693,0.2514035403728485,0.24321122467517853,0.25057318806648254,0.25010231137275696
1,fu:c58de1d0,fu:44d632b3,protein_protein_interaction,inhibition|phosphorylation,0.24879857897758484,0.2511107921600342,0.24423815310001373,0.24970375001430511,0.25014162063598633
1,fu:c58de1d0,fu:07c91aa5,protein_protein_interaction,inhibition|phosphorylation,0.24891601502895355,0.2509685158729553,0.24517063796520233,0.24939925968647003,0.2501256465911865
1,fu:952968f0,fu:44d632b3,protein_protein_interaction,dephosphorylation,0.24879857897758484,0.2511107921600342,0.24423815310001373,0.24970375001430511,0.25014162063598633
1,fu:7fdcbeec,fu:d9ef3265,protein_protein_interaction,inhibition|phosphorylation,0.16616490483283997,0.16720779240131378,0.16425587236881256,0.1664350926876068,0.1667608916759491
1,fu:7fdcbeec,fu:57055c4e,protein_protein_interaction,inhibition|phosphorylation,0.19927385449409485,0.20070871710777283,0.195986807346344,0.2003384530544281,0.20006144046783447
1,fu:952968f0,fu:07c91aa5,protein_protein_interaction,dephosphorylation,0.24891601502895355,0.2509685158729553,0.24517063796520233,0.24939925968647003,0.2501256465911865
1,fu:a74f111b,fu:de327064,protein_protein_interaction,inhibition,0.06618477404117584,0.0668339878320694,0.06413949280977249,0.06687390804290771,0.06689170002937317
1,fu:7f8d78d3,fu:de327064,protein_protein_interaction,inhibition,0.06618477404117584,0.0668339878320694,0.06413949280977249,0.06687390804290771,0.06689170002937317
1,fu:4362baed,fu:de327064,protein_protein_interaction,inhibition,0.06618477404117584,0.0668339878320694,0.06413949280977249,0.06687390804290771,0.06689170002937317
1,fu:eb0913c8,fu:7322350d,protein_protein_interaction,inhibition|dephosphorylation,0.14210942387580872,0.1435459703207016,0.13876157999038696,0.14307282865047455,0.14305730164051056
1,fu:426ff04d,fu:7322350d,protein_protein_interaction,inhibition|dephosphorylation,0.14210942387580872,0.1435459703207016,0.13876157999038696,0.14307282865047455,0.14305730164051056
1,fu:282f2b98,fu:c58de1d0,protein_protein_interaction,inhibition|dephosphorylation,0.09052716195583344,0.09153365343809128,0.08860423415899277,0.09099045395851135,0.09098029136657715
1,fu:282f2b98,fu:295bf12c,protein_protein_interaction,inhibition|dephosphorylation,0.1101391389966011,0.11205774545669556,0.10566882789134979,0.11147427558898926,0.11135568469762802
1,fu:0eea7c8b,fu:c58de1d0,protein_protein_interaction,inhibition|dephosphorylation,0.09052716195583344,0.09153365343809128,0.08860423415899277,0.09099045395851135,0.09098029136657715
1,fu:0eea7c8b,fu:295bf12c,protein_protein_interaction,inhibition|dephosphorylation,0.1101391389966011,0.11205774545669556,0.10566882789134979,0.11147427558898926,0.11135568469762802
1,fu:67e73720,fu:8a4c69b0,protein_protein_interaction,inhibition|dephosphorylation,0.12469761073589325,0.12526172399520874,0.12332355231046677,0.12516024708747864,0.12504491209983826
1,fu:67e73720,fu:ebeb97f3,protein_protein_interaction,inhibition|dephosphorylation,0.12471243739128113,0.12521664798259735,0.12340683490037918,0.1251712292432785,0.1250550001859665
1,fu:67e73720,fu:7224dcdb,protein_protein_interaction,inhibition|dephosphorylation,0.12475218623876572,0.1252550631761551,0.12360966950654984,0.1251046359539032,0.12503936886787415
1,fu:67e73720,fu:57055c4e,protein_protein_interaction,inhibition|dephosphorylation,0.19927385449409485,0.20070871710777283,0.195986807346344,0.2003384530544281,0.20006144046783447
1,fu:944102db,fu:d9ef3265,protein_protein_interaction,inhibition|dephosphorylation,0.16616490483283997,0.16720779240131378,0.16425587236881256,0.1664350926876068,0.1667608916759491
1,fu:8f4928df,fu:ae916742,protein_protein_interaction,inhibition|dephosphorylation,0.19942335784435272,0.20078212022781372,0.1969020813703537,0.19993489980697632,0.20007431507110596
1,fu:caaa3f23,fu:c58de1d0,protein_protein_interaction,inhibition,0.09052716195583344,0.09153365343809128,0.08860423415899277,0.09099045395851135,0.09098029136657715
1,fu:b00d576a,fu:c58de1d0,protein_protein_interaction,inhibition,0.09052716195583344,0.09153365343809128,0.08860423415899277,0.09099045395851135,0.09098029136657715
1,fu:19936281,fu:d0883595,gene_expression_regulation,expression,0.3309650719165802,0.3357456624507904,0.3200598657131195,0.3345194160938263,0.3335352838039398
1,fu:1984f1f8,fu:57402cbc,protein_protein_interaction,indirect effect,0.19917991757392883,0.20090006291866302,0.19610705971717834,0.19954976439476013,0.20016273856163025
1,fu:cd063ff0,fu:6a14651d,protein_protein_interaction,indirect effect,0.1414092481136322,0.14448601007461548,0.1360357105731964,0.1421276032924652,0.1429876834154129
1,fu:42758e63,fu:6a14651d,protein_protein_interaction,indirect effect,0.1414092481136322,0.14448601007461548,0.1360357105731964,0.1421276032924652,0.1429876834154129
1,fu:5010a05c,fu:94ced6e1,protein_protein_interaction,compound,0.24860936403274536,0.2520732879638672,0.24235329031944275,0.24943767488002777,0.25057321786880493
1,fu:5010a05c,fu:3306f113,protein_protein_interaction,compound,0.16478678584098816,0.16830648481845856,0.15816958248615265,0.1655140221118927,0.16715702414512634
1,fu:639267b9,fu:5d795275,protein_protein_interaction,activation,0.19940781593322754,0.20237693190574646,0.19474320113658905,0.20014601945877075,0.20036515593528748
1,fu:639267b9,fu:96f39533,protein_protein_interaction,activation,0.11082516610622406,0.1112896278500557,0.1097860112786293,0.11114639788866043,0.11107861250638962
1,fu:cd063ff0,fu:42758e63,protein_protein_interaction,phosphorylation,0.1243378147482872,0.12577320635318756,0.12155218422412872,0.12484559416770935,0.12518027424812317
1,fu:57402cbc,fu:ae916742,protein_protein_interaction,activation,0.19942335784435272,0.20078212022781372,0.1969020813703537,0.19993489980697632,0.20007431507110596
1,fu:04aa3206,fu:ae916742,protein_protein_interaction,activation,0.19942335784435272,0.20078212022781372,0.1969020813703537,0.19993489980697632,0.20007431507110596
1,fu:994f289b,fu:47df25a3,protein_protein_interaction,,0.32972002029418945,0.3340018689632416,0.3170759081840515,0.33413609862327576,0.3336661756038666
1,fu:47df25a3,fu:c888309f,protein_protein_interaction,activation,0.33108237385749817,0.3352164328098297,0.3228064477443695,0.3326789140701294,0.3336276710033417
1,fu:47df25a3,fu:639267b9,protein_protein_interaction,activation|indirect effect,0.33204925060272217,0.33499449491500854,0.32488805055618286,0.33421728014945984,0.33409711718559265
1,fu:c561a985,fu:c1f44866,protein_protein_interaction,activation,0.33053454756736755,0.33398324251174927,0.3200339376926422,0.33437657356262207,0.3337444067001343
1,fu:c1f44866,fu:76a1c54d,protein_protein_interaction,activation,0.24776220321655273,0.2525593638420105,0.2384781837463379,0.24966590106487274,0.2503453493118286
1,fu:c888309f,fu:57402cbc,protein_protein_interaction,activation,0.19917991757392883,0.20090006291866302,0.19610705971717834,0.19954976439476013,0.20016273856163025
1,fu:76a1c54d,fu:23393f96,protein_protein_interaction,activation|indirect effect,0.1994578093290329,0.20073138177394867,0.1973067671060562,0.1996610164642334,0.20013205707073212
1,fu:23393f96,fu:57402cbc,protein_protein_interaction,binding/association,0.19917991757392883,0.20090006291866302,0.19610705971717834,0.19954976439476013,0.20016273856163025
1,fu:85082bcd,fu:a5ece49b,protein_protein_interaction,activation,0.0351356565952301,0.03631262108683586,0.0331093966960907,0.03530216962099075,0.0358184315264225
1,fu:de327064,fu:640a8809,protein_protein_interaction,activation,0.33114781975746155,0.33547544479370117,0.322884202003479,0.3326391279697418,0.3335925340652466
1,fu:640a8809,fu:6d8ebe0b,protein_protein_interaction,activation|phosphorylation,0.12472660839557648,0.1252589374780655,0.1234724149107933,0.12513375282287598,0.12504135072231293
1,fu:640a8809,fu:edebe3a1,protein_protein_interaction,activation|phosphorylation,0.124678835272789,0.12524284422397614,0.12338467687368393,0.12506207823753357,0.12502573430538177
1,fu:d2a67a69,fu:8a4c69b0,protein_protein_interaction,activation|phosphorylation,0.12469761073589325,0.12526172399520874,0.12332355231046677,0.12516024708747864,0.12504491209983826
1,fu:d2a67a69,fu:ebeb97f3,protein_protein_interaction,activation|phosphorylation,0.12471243739128113,0.12521664798259735,0.12340683490037918,0.1251712292432785,0.1250550001859665
1,fu:de878e1b,fu:8a4c69b0,protein_protein_interaction,activation|phosphorylation,0.12469761073589325,0.12526172399520874,0.12332355231046677,0.12516024708747864,0.12504491209983826
1,fu:de878e1b,fu:ebeb97f3,protein_protein_interaction,activation|phosphorylation,0.12471243739128113,0.12521664798259735,0.12340683490037918,0.1251712292432785,0.1250550001859665
1,fu:de327064,fu:96f39533,protein_protein_interaction,,0.11082516610622406,0.1112896278500557,0.1097860112786293,0.11114639788866043,0.11107861250638962
1,RASGRF1,RASGRF1,self_loop,self_loop,1.0,1.0,1.0,1.0,1.0
1,RASGRF2,RASGRF2,self_loop,self_loop,1.0,1.0,1.0,1.0,1.0
1,fu:f41186cd,fu:f41186cd,self_loop,self_loop,1.0,1.0,1.0,1.0,1.0
1,DUSP10,DUSP10,self_loop,self_loop,1.0,1.0,1.0,1.0,1.0
1,DUSP1,DUSP1,self_loop,self_loop,1.0,1.0,1.0,1.0,1.0
1,DUSP2,DUSP2,self_loop,self_loop,0.5061842203140259,0.4982634484767914,0.5287572741508484,0.4978984594345093,0.49981775879859924
1,DUSP4,DUSP4,self_loop,self_loop,1.0,1.0,1.0,1.0,1.0
1,DUSP5,DUSP5,self_loop,self_loop,1.0,1.0,1.0,1.0,1.0
1,DUSP6,DUSP6,self_loop,self_loop,1.0,1.0,1.0,1.0,1.0
1,DUSP7,DUSP7,self_loop,self_loop,1.0,1.0,1.0,1.0,1.0
1,DUSP8,DUSP8,self_loop,self_loop,1.0,1.0,1.0,1.0,1.0
1,DUSP9,DUSP9,self_loop,self_loop,1.0,1.0,1.0,1.0,1.0
1,DUSP16,DUSP16,self_loop,self_loop,1.0,1.0,1.0,1.0,1.0
1,fu:a2173750,fu:a2173750,self_loop,self_loop,1.0,1.0,1.0,1.0,1.0
1,DUSP3,DUSP3,self_loop,self_loop,1.0,1.0,1.0,1.0,1.0
1,PTPN7,PTPN7,self_loop,self_loop,1.0,1.0,1.0,1.0,1.0
1,PTPRR,PTPRR,self_loop,self_loop,1.0,1.0,1.0,1.0,1.0
1,PTPN5,PTPN5,self_loop,self_loop,1.0,1.0,1.0,1.0,1.0
1,fu:43bfbfa8,fu:43bfbfa8,self_loop,self_loop,1.0,1.0,1.0,1.0,1.0
1,PPM1B,PPM1B,self_loop,self_loop,1.0,1.0,1.0,1.0,1.0
1,fu:8e0bb827,fu:8e0bb827,self_loop,self_loop,1.0,1.0,1.0,1.0,1.0
1,FASLG,FASLG,self_loop,self_loop,1.0,1.0,1.0,1.0,1.0
1,fu:a5886722,fu:a5886722,self_loop,self_loop,1.0,1.0,1.0,1.0,1.0
1,MAP4K4,MAP4K4,self_loop,self_loop,1.0,1.0,1.0,1.0,1.0
1,fu:5fb7d112,fu:5fb7d112,self_loop,self_loop,1.0,1.0,1.0,1.0,1.0
1,PLA2G4B,PLA2G4B,self_loop,self_loop,1.0,1.0,1.0,1.0,1.0
1,PLA2G4E,PLA2G4E,self_loop,self_loop,1.0,1.0,1.0,1.0,1.0
1,PLA2G4F,PLA2G4F,self_loop,self_loop,1.0,1.0,1.0,1.0,1.0
1,PLA2G4D,PLA2G4D,self_loop,self_loop,1.0,1.0,1.0,1.0,1.0
1,PLA2G4A,PLA2G4A,self_loop,self_loop,1.0,1.0,1.0,1.0,1.0
1,PLA2G4C,PLA2G4C,self_loop,self_loop,1.0,1.0,1.0,1.0,1.0
1,JMJD7-PLA2G4B,JMJD7-PLA2G4B,self_loop,self_loop,1.0,1.0,1.0,1.0,1.0
1,fu:e15fa369,fu:e15fa369,self_loop,self_loop,1.0,1.0,1.0,1.0,1.0
1,STMN1,STMN1,self_loop,self_loop,0.4958334267139435,0.4931202530860901,0.5061091184616089,0.48949843645095825,0.4946058690547943
1,fu:9be68ace,fu:9be68ace,self_loop,self_loop,1.0,1.0,1.0,1.0,1.0
1,MAPT,MAPT,self_loop,self_loop,1.0,1.0,1.0,1.0,1.0
1,fu:786f3e7e,fu:786f3e7e,self_loop,self_loop,1.0,1.0,1.0,1.0,1.0
1,NFKB1,NFKB1,self_loop,self_loop,0.5020902752876282,0.49082523584365845,0.51606285572052,0.502781331539154,0.4986916184425354
1,NFKB2,NFKB2,self_loop,self_loop,1.0,1.0,1.0,1.0,1.0
1,RELA,RELA,self_loop,self_loop,1.0,1.0,1.0,1.0,1.0
1,RELB,RELB,self_loop,self_loop,1.0,1.0,1.0,1.0,1.0
1,fu:3561da41,fu:3561da41,self_loop,self_loop,1.0,1.0,1.0,1.0,1.0
1,CHUK,CHUK,self_loop,self_loop,1.0,1.0,1.0,1.0,1.0
1,IKBKB,IKBKB,self_loop,self_loop,1.0,1.0,1.0,1.0,1.0
1,IKBKG,IKBKG,self_loop,self_loop,1.0,1.0,1.0,1.0,1.0
1,fu:46a700ec,fu:46a700ec,self_loop,self_loop,1.0,1.0,1.0,1.0,1.0
1,MAP3K14,MAP3K14,self_loop,self_loop,1.0,1.0,1.0,1.0,1.0
1,fu:bfbfa62d,fu:bfbfa62d,self_loop,self_loop,1.0,1.0,1.0,1.0,1.0
1,MAPK1,MAPK1,self_loop,self_loop,1.0,1.0,1.0,1.0,1.0
1,MAPK3,MAPK3,self_loop,self_loop,1.0,1.0,1.0,1.0,1.0
1,fu:1505178d,fu:1505178d,self_loop,self_loop,1.0,1.0,1.0,1.0,1.0
1,LAMTOR3,LAMTOR3,self_loop,self_loop,1.0,1.0,1.0,1.0,1.0
1,fu:e5590abb,fu:e5590abb,self_loop,self_loop,1.0,1.0,1.0,1.0,1.0
1,MAP2K2,MAP2K2,self_loop,self_loop,1.0,1.0,1.0,1.0,1.0
1,fu:18c331db,fu:18c331db,self_loop,self_loop,1.0,1.0,1.0,1.0,1.0
1,MAP2K1,MAP2K1,self_loop,self_loop,1.0,1.0,1.0,1.0,1.0
1,fu:b5bd3161,fu:b5bd3161,self_loop,self_loop,1.0,1.0,1.0,1.0,1.0
1,RAF1,RAF1,self_loop,self_loop,1.0,1.0,1.0,1.0,1.0
1,fu:f4192c6f,fu:f4192c6f,self_loop,self_loop,1.0,1.0,1.0,1.0,1.0
1,BRAF,BRAF,self_loop,self_loop,1.0,1.0,1.0,1.0,1.0
1,fu:3075482b,fu:3075482b,self_loop,self_loop,1.0,1.0,1.0,1.0,1.0
1,RASA1,RASA1,self_loop,self_loop,0.33729371428489685,0.32758232951164246,0.3518735468387604,0.3371674716472626,0.3325514793395996
1,fu:8d87d9a5,fu:8d87d9a5,self_loop,self_loop,1.0,1.0,1.0,1.0,1.0
1,NF1,NF1,self_loop,self_loop,1.0,1.0,1.0,1.0,1.0
1,fu:f8a62ed6,fu:f8a62ed6,self_loop,self_loop,1.0,1.0,1.0,1.0,1.0
1,PRKCA,PRKCA,self_loop,self_loop,1.0,1.0,1.0,1.0,1.0
1,PRKCB,PRKCB,self_loop,self_loop,1.0,1.0,1.0,1.0,1.0
1,PRKCG,PRKCG,self_loop,self_loop,1.0,1.0,1.0,1.0,1.0
1,fu:8abc8b5d,fu:8abc8b5d,self_loop,self_loop,1.0,1.0,1.0,1.0,1.0
1,RAP1A,RAP1A,self_loop,self_loop,1.0,1.0,1.0,1.0,1.0
1,RAP1B,RAP1B,self_loop,self_loop,1.0,1.0,1.0,1.0,1.0
1,fu:48639269,fu:48639269,self_loop,self_loop,1.0,1.0,1.0,1.0,1.0
1,PRKACA,PRKACA,self_loop,self_loop,1.0,1.0,1.0,1.0,1.0
1,PRKACB,PRKACB,self_loop,self_loop,1.0,1.0,1.0,1.0,1.0
1,PRKACG,PRKACG,self_loop,self_loop,1.0,1.0,1.0,1.0,1.0
1,fu:ab04f1ef,fu:ab04f1ef,self_loop,self_loop,1.0,1.0,1.0,1.0,1.0
1,RAPGEF2,RAPGEF2,self_loop,self_loop,1.0,1.0,1.0,1.0,1.0
1,fu:fd9db1c2,fu:fd9db1c2,self_loop,self_loop,1.0,1.0,1.0,1.0,1.0
1,RASA2,RASA2,self_loop,self_loop,1.0,1.0,1.0,1.0,1.0
1,fu:3a2c7d68,fu:3a2c7d68,self_loop,self_loop,1.0,1.0,1.0,1.0,1.0
1,RRAS2,RRAS2,self_loop,self_loop,1.0,1.0,1.0,1.0,1.0
1,MRAS,MRAS,self_loop,self_loop,0.5020727515220642,0.4957578480243683,0.5192736387252808,0.49552011489868164,0.4977394938468933
1,HRAS,HRAS,self_loop,self_loop,1.0,1.0,1.0,1.0,1.0
1,KRAS,KRAS,self_loop,self_loop,1.0,1.0,1.0,1.0,1.0
1,NRAS,NRAS,self_loop,self_loop,0.5037415027618408,0.49791714549064636,0.5211629271507263,0.49837160110473633,0.4975143074989319
1,RRAS,RRAS,self_loop,self_loop,0.5044898986816406,0.4990927577018738,0.5226057171821594,0.49764367938041687,0.49861741065979004
1,fu:9f338bd9,fu:9f338bd9,self_loop,self_loop,1.0,1.0,1.0,1.0,1.0
1,RASGRP1,RASGRP1,self_loop,self_loop,1.0,1.0,1.0,1.0,1.0
1,RASGRP2,RASGRP2,self_loop,self_loop,1.0,1.0,1.0,1.0,1.0
1,RASGRP4,RASGRP4,self_loop,self_loop,1.0,1.0,1.0,1.0,1.0
1,RASGRP3,RASGRP3,self_loop,self_loop,1.0,1.0,1.0,1.0,1.0
1,fu:efe09158,fu:efe09158,self_loop,self_loop,1.0,1.0,1.0,1.0,1.0
1,SOS1,SOS1,self_loop,self_loop,1.0,1.0,1.0,1.0,1.0
1,SOS2,SOS2,self_loop,self_loop,1.0,1.0,1.0,1.0,1.0
1,fu:04fa405b,fu:04fa405b,self_loop,self_loop,1.0,1.0,1.0,1.0,1.0
1,GNA12,GNA12,self_loop,self_loop,0.5038714408874512,0.49735692143440247,0.5198655724525452,0.4982398748397827,0.5000233054161072
1,GNG12,GNG12,self_loop,self_loop,1.0,1.0,1.0,1.0,1.0
1,fu:a285ab6b,fu:a285ab6b,self_loop,self_loop,1.0,1.0,1.0,1.0,1.0
1,GRB2,GRB2,self_loop,self_loop,1.0,1.0,1.0,1.0,1.0
1,fu:0c1f15f6,fu:0c1f15f6,self_loop,self_loop,1.0,1.0,1.0,1.0,1.0
1,CSF1R,CSF1R,self_loop,self_loop,1.0,1.0,1.0,1.0,1.0
1,EGFR,EGFR,self_loop,self_loop,0.3359169065952301,0.32821154594421387,0.34739720821380615,0.33584463596343994,0.33221423625946045
1,EPHA2,EPHA2,self_loop,self_loop,1.0,1.0,1.0,1.0,1.0
1,ERBB2,ERBB2,self_loop,self_loop,1.0,1.0,1.0,1.0,1.0
1,ERBB3,ERBB3,self_loop,self_loop,1.0,1.0,1.0,1.0,1.0
1,ERBB4,ERBB4,self_loop,self_loop,0.5031665563583374,0.49451375007629395,0.515242338180542,0.5042345523834229,0.49867570400238037
1,FGFR1,FGFR1,self_loop,self_loop,0.5038551688194275,0.4935614764690399,0.520931601524353,0.5015714168548584,0.4993562400341034
1,FGFR3,FGFR3,self_loop,self_loop,1.0,1.0,1.0,1.0,1.0
1,FGFR2,FGFR2,self_loop,self_loop,1.0,1.0,1.0,1.0,1.0
1,FGFR4,FGFR4,self_loop,self_loop,1.0,1.0,1.0,1.0,1.0
1,FLT1,FLT1,self_loop,self_loop,1.0,1.0,1.0,1.0,1.0
1,FLT3,FLT3,self_loop,self_loop,1.0,1.0,1.0,1.0,1.0
1,FLT4,FLT4,self_loop,self_loop,1.0,1.0,1.0,1.0,1.0
1,IGF1R,IGF1R,self_loop,self_loop,1.0,1.0,1.0,1.0,1.0
1,INSR,INSR,self_loop,self_loop,1.0,1.0,1.0,1.0,1.0
1,KDR,KDR,self_loop,self_loop,1.0,1.0,1.0,1.0,1.0
1,KIT,KIT,self_loop,self_loop,0.3357298970222473,0.3261452615261078,0.3493291139602661,0.33513256907463074,0.3323126435279846
1,MET,MET,self_loop,self_loop,0.33580124378204346,0.32722097635269165,0.3488529324531555,0.33473438024520874,0.33239680528640747
1,NGFR,NGFR,self_loop,self_loop,1.0,1.0,1.0,1.0,1.0
1,NTRK1,NTRK1,self_loop,self_loop,1.0,1.0,1.0,1.0,1.0
1,NTRK2,NTRK2,self_loop,self_loop,0.5033228993415833,0.4924914240837097,0.5186287760734558,0.5028545260429382,0.49931687116622925
1,PDGFRA,PDGFRA,self_loop,self_loop,0.5025168657302856,0.4920539855957031,0.5162527561187744,0.5030714273452759,0.4986893832683563
1,PDGFRB,PDGFRB,self_loop,self_loop,1.0,1.0,1.0,1.0,1.0
1,RET,RET,self_loop,self_loop,1.0,1.0,1.0,1.0,1.0
1,TEK,TEK,self_loop,self_loop,1.0,1.0,1.0,1.0,1.0
1,fu:07f10241,fu:07f10241,self_loop,self_loop,1.0,1.0,1.0,1.0,1.0
1,CACNG3,CACNG3,self_loop,self_loop,1.0,1.0,1.0,1.0,1.0
1,CACNG2,CACNG2,self_loop,self_loop,1.0,1.0,1.0,1.0,1.0
1,CACNG5,CACNG5,self_loop,self_loop,0.5058268308639526,0.5014767646789551,0.5235977172851562,0.4996652901172638,0.498567670583725
1,CACNG4,CACNG4,self_loop,self_loop,1.0,1.0,1.0,1.0,1.0
1,CACNA2D3,CACNA2D3,self_loop,self_loop,1.0,1.0,1.0,1.0,1.0
1,CACNG8,CACNG8,self_loop,self_loop,0.5074346661567688,0.49645087122917175,0.5290610790252686,0.5044213533401489,0.49980539083480835
1,CACNG7,CACNG7,self_loop,self_loop,1.0,1.0,1.0,1.0,1.0
1,CACNG6,CACNG6,self_loop,self_loop,1.0,1.0,1.0,1.0,1.0
1,CACNA1A,CACNA1A,self_loop,self_loop,1.0,1.0,1.0,1.0,1.0
1,CACNA1B,CACNA1B,self_loop,self_loop,1.0,1.0,1.0,1.0,1.0
1,CACNA1C,CACNA1C,self_loop,self_loop,1.0,1.0,1.0,1.0,1.0
1,CACNA1D,CACNA1D,self_loop,self_loop,1.0,1.0,1.0,1.0,1.0
1,CACNA1E,CACNA1E,self_loop,self_loop,1.0,1.0,1.0,1.0,1.0
1,CACNA1F,CACNA1F,self_loop,self_loop,1.0,1.0,1.0,1.0,1.0
1,CACNA1S,CACNA1S,self_loop,self_loop,1.0,1.0,1.0,1.0,1.0
1,CACNA2D1,CACNA2D1,self_loop,self_loop,1.0,1.0,1.0,1.0,1.0
1,CACNB1,CACNB1,self_loop,self_loop,1.0,1.0,1.0,1.0,1.0
1,CACNB2,CACNB2,self_loop,self_loop,1.0,1.0,1.0,1.0,1.0
1,CACNB3,CACNB3,self_loop,self_loop,1.0,1.0,1.0,1.0,1.0
1,CACNB4,CACNB4,self_loop,self_loop,1.0,1.0,1.0,1.0,1.0
1,CACNG1,CACNG1,self_loop,self_loop,1.0,1.0,1.0,1.0,1.0
1,CACNA1I,CACNA1I,self_loop,self_loop,1.0,1.0,1.0,1.0,1.0
1,CACNA1H,CACNA1H,self_loop,self_loop,1.0,1.0,1.0,1.0,1.0
1,CACNA1G,CACNA1G,self_loop,self_loop,1.0,1.0,1.0,1.0,1.0
1,CACNA2D2,CACNA2D2,self_loop,self_loop,1.0,1.0,1.0,1.0,1.0
1,CACNA2D4,CACNA2D4,self_loop,self_loop,1.0,1.0,1.0,1.0,1.0
1,fu:79aa0828,fu:79aa0828,self_loop,self_loop,1.0,1.0,1.0,1.0,1.0
1,NR4A1,NR4A1,self_loop,self_loop,1.0,1.0,1.0,1.0,1.0
1,fu:308b9824,fu:308b9824,self_loop,self_loop,1.0,1.0,1.0,1.0,1.0
1,MAPK7,MAPK7,self_loop,self_loop,1.0,1.0,1.0,1.0,1.0
1,fu:85c083df,fu:85c083df,self_loop,self_loop,1.0,1.0,1.0,1.0,1.0
1,MAP2K5,MAP2K5,self_loop,self_loop,1.0,1.0,1.0,1.0,1.0
1,fu:c8187255,fu:c8187255,self_loop,self_loop,1.0,1.0,1.0,1.0,1.0
1,NLK,NLK,self_loop,self_loop,1.0,1.0,1.0,1.0,1.0
1,fu:c7c0fdef,fu:c7c0fdef,self_loop,self_loop,1.0,1.0,1.0,1.0,1.0
1,CDC25B,CDC25B,self_loop,self_loop,1.0,1.0,1.0,1.0,1.0
1,fu:49a4f196,fu:49a4f196,self_loop,self_loop,1.0,1.0,1.0,1.0,1.0
1,RPS6KA4,RPS6KA4,self_loop,self_loop,1.0,1.0,1.0,1.0,1.0
1,RPS6KA5,RPS6KA5,self_loop,self_loop,0.5020032525062561,0.49108514189720154,0.5170320272445679,0.5013987421989441,0.49849700927734375
1,fu:a431ee1e,fu:a431ee1e,self_loop,self_loop,1.0,1.0,1.0,1.0,1.0
1,MAPKAPK3,MAPKAPK3,self_loop,self_loop,1.0,1.0,1.0,1.0,1.0
1,MAPKAPK2,MAPKAPK2,self_loop,self_loop,1.0,1.0,1.0,1.0,1.0
1,fu:0f7ef1db,fu:0f7ef1db,self_loop,self_loop,1.0,1.0,1.0,1.0,1.0
1,ATF4,ATF4,self_loop,self_loop,1.0,1.0,1.0,1.0,1.0
1,fu:d281a616,fu:d281a616,self_loop,self_loop,1.0,1.0,1.0,1.0,1.0
1,MEF2C,MEF2C,self_loop,self_loop,0.502976655960083,0.49517443776130676,0.516581118106842,0.5011131763458252,0.49903786182403564
1,fu:cb21460e,fu:cb21460e,self_loop,self_loop,1.0,1.0,1.0,1.0,1.0
1,MAX,MAX,self_loop,self_loop,1.0,1.0,1.0,1.0,1.0
1,fu:999a6b2c,fu:999a6b2c,self_loop,self_loop,1.0,1.0,1.0,1.0,1.0
1,DDIT3,DDIT3,self_loop,self_loop,1.0,1.0,1.0,1.0,1.0
1,fu:f310c3f0,fu:f310c3f0,self_loop,self_loop,1.0,1.0,1.0,1.0,1.0
1,ELK4,ELK4,self_loop,self_loop,1.0,1.0,1.0,1.0,1.0
1,fu:0a8f8d1a,fu:0a8f8d1a,self_loop,self_loop,1.0,1.0,1.0,1.0,1.0
1,TP53,TP53,self_loop,self_loop,1.0,1.0,1.0,1.0,1.0
1,fu:c27b40af,fu:c27b40af,self_loop,self_loop,1.0,1.0,1.0,1.0,1.0
1,ELK1,ELK1,self_loop,self_loop,1.0,1.0,1.0,1.0,1.0
1,fu:92afe5fa,fu:92afe5fa,self_loop,self_loop,1.0,1.0,1.0,1.0,1.0
1,ATF2,ATF2,self_loop,self_loop,0.5022541880607605,0.492456316947937,0.5195928812026978,0.4977569282054901,0.49921050667762756
1,fu:a9f7e612,fu:a9f7e612,self_loop,self_loop,1.0,1.0,1.0,1.0,1.0
1,MAPK14,MAPK14,self_loop,self_loop,0.5037248730659485,0.4944416880607605,0.5235751271247864,0.498264342546463,0.49861839413642883
1,MAPK11,MAPK11,self_loop,self_loop,1.0,1.0,1.0,1.0,1.0
1,MAPK13,MAPK13,self_loop,self_loop,1.0,1.0,1.0,1.0,1.0
1,MAPK12,MAPK12,self_loop,self_loop,1.0,1.0,1.0,1.0,1.0
1,fu:fb0ffc0a,fu:fb0ffc0a,self_loop,self_loop,1.0,1.0,1.0,1.0,1.0
1,PPP5C,PPP5C,self_loop,self_loop,1.0,1.0,1.0,1.0,1.0
1,fu:76d31392,fu:76d31392,self_loop,self_loop,1.0,1.0,1.0,1.0,1.0
1,MAP2K6,MAP2K6,self_loop,self_loop,1.0,1.0,1.0,1.0,1.0
1,fu:5ecfb612,fu:5ecfb612,self_loop,self_loop,1.0,1.0,1.0,1.0,1.0
1,MAP2K3,MAP2K3,self_loop,self_loop,1.0,1.0,1.0,1.0,1.0
1,fu:28267487,fu:28267487,self_loop,self_loop,1.0,1.0,1.0,1.0,1.0
1,fu:ea10077a,fu:ea10077a,self_loop,self_loop,1.0,1.0,1.0,1.0,1.0
1,fu:6f96b9bd,fu:6f96b9bd,self_loop,self_loop,1.0,1.0,1.0,1.0,1.0
1,PPM1A,PPM1A,self_loop,self_loop,1.0,1.0,1.0,1.0,1.0
1,fu:fa029a2a,fu:fa029a2a,self_loop,self_loop,1.0,1.0,1.0,1.0,1.0
1,AKT3,AKT3,self_loop,self_loop,0.3347204923629761,0.32525116205215454,0.3469052016735077,0.33454594016075134,0.3321796953678131
1,AKT1,AKT1,self_loop,self_loop,0.5023329854011536,0.49166566133499146,0.5173699259757996,0.5013652443885803,0.4989311099052429
1,AKT2,AKT2,self_loop,self_loop,1.0,1.0,1.0,1.0,1.0
1,fu:ca43e3d5,fu:ca43e3d5,self_loop,self_loop,1.0,1.0,1.0,1.0,1.0
1,TAOK3,TAOK3,self_loop,self_loop,1.0,1.0,1.0,1.0,1.0
1,TAOK1,TAOK1,self_loop,self_loop,0.3353766202926636,0.32697850465774536,0.3473950922489166,0.33473506569862366,0.33239778876304626
1,TAOK2,TAOK2,self_loop,self_loop,1.0,1.0,1.0,1.0,1.0
1,fu:3c4db4db,fu:3c4db4db,self_loop,self_loop,1.0,1.0,1.0,1.0,1.0
1,MAP3K4,MAP3K4,self_loop,self_loop,1.0,1.0,1.0,1.0,1.0
1,fu:b2ee27e6,fu:b2ee27e6,self_loop,self_loop,1.0,1.0,1.0,1.0,1.0
1,HSPB1,HSPB1,self_loop,self_loop,1.0,1.0,1.0,1.0,1.0
1,fu:f6f47285,fu:f6f47285,self_loop,self_loop,1.0,1.0,1.0,1.0,1.0
1,MAP3K7,MAP3K7,self_loop,self_loop,1.0,1.0,1.0,1.0,1.0
1,fu:0f5f26c8,fu:0f5f26c8,self_loop,self_loop,1.0,1.0,1.0,1.0,1.0
1,MAP3K5,MAP3K5,self_loop,self_loop,1.0,1.0,1.0,1.0,1.0
1,fu:1ef67363,fu:1ef67363,self_loop,self_loop,1.0,1.0,1.0,1.0,1.0
1,MAP3K6,MAP3K6,self_loop,self_loop,1.0,1.0,1.0,1.0,1.0
1,fu:84b68835,fu:84b68835,self_loop,self_loop,1.0,1.0,1.0,1.0,1.0
1,MAP3K20,MAP3K20,self_loop,self_loop,1.0,1.0,1.0,1.0,1.0
1,fu:c4028529,fu:c4028529,self_loop,self_loop,1.0,1.0,1.0,1.0,1.0
1,MAP3K12,MAP3K12,self_loop,self_loop,1.0,1.0,1.0,1.0,1.0
1,MAP3K13,MAP3K13,self_loop,self_loop,1.0,1.0,1.0,1.0,1.0
1,fu:2222601a,fu:2222601a,self_loop,self_loop,1.0,1.0,1.0,1.0,1.0
1,MAP3K9,MAP3K9,self_loop,self_loop,1.0,1.0,1.0,1.0,1.0
1,MAP3K10,MAP3K10,self_loop,self_loop,1.0,1.0,1.0,1.0,1.0
1,MAP3K21,MAP3K21,self_loop,self_loop,1.0,1.0,1.0,1.0,1.0
1,fu:16642170,fu:16642170,self_loop,self_loop,1.0,1.0,1.0,1.0,1.0
1,MAP4K2,MAP4K2,self_loop,self_loop,0.504427969455719,0.496319979429245,0.519217312335968,0.5030716061592102,0.49910303950309753
1,fu:612b51ca,fu:612b51ca,self_loop,self_loop,1.0,1.0,1.0,1.0,1.0
1,STK3,STK3,self_loop,self_loop,1.0,1.0,1.0,1.0,1.0
1,STK4,STK4,self_loop,self_loop,0.5012304186820984,0.49063795804977417,0.5149818658828735,0.5001077055931091,0.49919411540031433
1,fu:e3597df2,fu:e3597df2,self_loop,self_loop,1.0,1.0,1.0,1.0,1.0
1,ECSIT,ECSIT,self_loop,self_loop,1.0,1.0,1.0,1.0,1.0
1,fu:c13294ac,fu:c13294ac,self_loop,self_loop,1.0,1.0,1.0,1.0,1.0
1,TAB2,TAB2,self_loop,self_loop,1.0,1.0,1.0,1.0,1.0
1,fu:145477f8,fu:145477f8,self_loop,self_loop,1.0,1.0,1.0,1.0,1.0
1,TAB1,TAB1,self_loop,self_loop,1.0,1.0,1.0,1.0,1.0
1,fu:5554761f,fu:5554761f,self_loop,self_loop,1.0,1.0,1.0,1.0,1.0
1,GADD45G,GADD45G,self_loop,self_loop,1.0,1.0,1.0,1.0,1.0
1,GADD45A,GADD45A,self_loop,self_loop,1.0,1.0,1.0,1.0,1.0
1,GADD45B,GADD45B,self_loop,self_loop,1.0,1.0,1.0,1.0,1.0
1,fu:a1789d75,fu:a1789d75,self_loop,self_loop,1.0,1.0,1.0,1.0,1.0
1,TRAF6,TRAF6,self_loop,self_loop,0.5028291940689087,0.49511072039604187,0.5149676203727722,0.5022069215774536,0.49903160333633423
1,fu:54d8094c,fu:54d8094c,self_loop,self_loop,1.0,1.0,1.0,1.0,1.0
1,DAXX,DAXX,self_loop,self_loop,1.0,1.0,1.0,1.0,1.0
1,fu:dd653377,fu:dd653377,self_loop,self_loop,1.0,1.0,1.0,1.0,1.0
1,TRAF2,TRAF2,self_loop,self_loop,1.0,1.0,1.0,1.0,1.0
1,fu:a2ba9b69,fu:a2ba9b69,self_loop,self_loop,1.0,1.0,1.0,1.0,1.0
1,CASP3,CASP3,self_loop,self_loop,1.0,1.0,1.0,1.0,1.0
1,fu:9a2562d4,fu:9a2562d4,self_loop,self_loop,1.0,1.0,1.0,1.0,1.0
1,CD14,CD14,self_loop,self_loop,1.0,1.0,1.0,1.0,1.0
1,fu:8a3fce4b,fu:8a3fce4b,self_loop,self_loop,1.0,1.0,1.0,1.0,1.0
1,TGFBR1,TGFBR1,self_loop,self_loop,0.5049172639846802,0.49344897270202637,0.5239260196685791,0.5028935670852661,0.49940046668052673
1,TGFBR2,TGFBR2,self_loop,self_loop,0.502850353717804,0.49440857768058777,0.5154852271080017,0.5023517608642578,0.49915581941604614
1,fu:2bfeebbe,fu:2bfeebbe,self_loop,self_loop,1.0,1.0,1.0,1.0,1.0
1,FAS,FAS,self_loop,self_loop,1.0,1.0,1.0,1.0,1.0
1,fu:e8bd9966,fu:e8bd9966,self_loop,self_loop,1.0,1.0,1.0,1.0,1.0
1,IL1R1,IL1R1,self_loop,self_loop,1.0,1.0,1.0,1.0,1.0
1,IL1RAP,IL1RAP,self_loop,self_loop,1.0,1.0,1.0,1.0,1.0
1,fu:63a8ec8d,fu:63a8ec8d,self_loop,self_loop,1.0,1.0,1.0,1.0,1.0
1,TNFRSF1A,TNFRSF1A,self_loop,self_loop,1.0,1.0,1.0,1.0,1.0
1,fu:d00113b7,fu:d00113b7,self_loop,self_loop,1.0,1.0,1.0,1.0,1.0
1,TGFB1,TGFB1,self_loop,self_loop,1.0,1.0,1.0,1.0,1.0
1,TGFB2,TGFB2,self_loop,self_loop,1.0,1.0,1.0,1.0,1.0
1,TGFB3,TGFB3,self_loop,self_loop,1.0,1.0,1.0,1.0,1.0
1,fu:3ac47a61,fu:3ac47a61,self_loop,self_loop,1.0,1.0,1.0,1.0,1.0
1,IL1A,IL1A,self_loop,self_loop,1.0,1.0,1.0,1.0,1.0
1,IL1B,IL1B,self_loop,self_loop,1.0,1.0,1.0,1.0,1.0
1,fu:f8314df1,fu:f8314df1,self_loop,self_loop,1.0,1.0,1.0,1.0,1.0
1,TNF,TNF,self_loop,self_loop,0.5048194527626038,0.5015746355056763,0.521848738193512,0.49787405133247375,0.4979802966117859
1,fu:e3a343fc,fu:e3a343fc,self_loop,self_loop,1.0,1.0,1.0,1.0,1.0
1,MAPKAPK5,MAPKAPK5,self_loop,self_loop,1.0,1.0,1.0,1.0,1.0
1,fu:d431c616,fu:d431c616,self_loop,self_loop,1.0,1.0,1.0,1.0,1.0
1,RAC1,RAC1,self_loop,self_loop,1.0,1.0,1.0,1.0,1.0
1,RAC2,RAC2,self_loop,self_loop,1.0,1.0,1.0,1.0,1.0
1,RAC3,RAC3,self_loop,self_loop,1.0,1.0,1.0,1.0,1.0
1,CDC42,CDC42,self_loop,self_loop,0.5036592483520508,0.49762973189353943,0.523632287979126,0.49599042534828186,0.49738460779190063
1,fu:f0b822d7,fu:f0b822d7,self_loop,self_loop,1.0,1.0,1.0,1.0,1.0
1,PAK1,PAK1,self_loop,self_loop,0.5011493563652039,0.48999840021133423,0.5153185725212097,0.5003486275672913,0.4989318549633026
1,PAK2,PAK2,self_loop,self_loop,1.0,1.0,1.0,1.0,1.0
1,fu:4f6b96c7,fu:4f6b96c7,self_loop,self_loop,1.0,1.0,1.0,1.0,1.0
1,MAP3K2,MAP3K2,self_loop,self_loop,0.33542582392692566,0.3279021084308624,0.3460173010826111,0.3352581560611725,0.33252570033073425
1,MAP3K3,MAP3K3,self_loop,self_loop,1.0,1.0,1.0,1.0,1.0
1,fu:4e98767f,fu:4e98767f,self_loop,self_loop,1.0,1.0,1.0,1.0,1.0
1,MAPK8IP2,MAPK8IP2,self_loop,self_loop,1.0,1.0,1.0,1.0,1.0
1,MAPK8IP1,MAPK8IP1,self_loop,self_loop,1.0,1.0,1.0,1.0,1.0
1,fu:8138feb5,fu:8138feb5,self_loop,self_loop,1.0,1.0,1.0,1.0,1.0
1,MAP3K11,MAP3K11,self_loop,self_loop,1.0,1.0,1.0,1.0,1.0
1,fu:f749e35b,fu:f749e35b,self_loop,self_loop,1.0,1.0,1.0,1.0,1.0
1,MAP2K7,MAP2K7,self_loop,self_loop,1.0,1.0,1.0,1.0,1.0
1,fu:3f85832e,fu:3f85832e,self_loop,self_loop,1.0,1.0,1.0,1.0,1.0
1,MAPK8,MAPK8,self_loop,self_loop,0.5029383897781372,0.4935351610183716,0.5202000141143799,0.4986511766910553,0.4993671178817749
1,MAPK9,MAPK9,self_loop,self_loop,0.33579501509666443,0.3267844319343567,0.35163614153862,0.33194178342819214,0.3328176438808441
1,MAPK10,MAPK10,self_loop,self_loop,0.5024110674858093,0.4915613830089569,0.5197002291679382,0.49967628717422485,0.4987063705921173
1,fu:90621fac,fu:90621fac,self_loop,self_loop,1.0,1.0,1.0,1.0,1.0
1,MAP2K4,MAP2K4,self_loop,self_loop,1.0,1.0,1.0,1.0,1.0
1,fu:888ebb03,fu:888ebb03,self_loop,self_loop,1.0,1.0,1.0,1.0,1.0
1,CRK,CRK,self_loop,self_loop,1.0,1.0,1.0,1.0,1.0
1,CRKL,CRKL,self_loop,self_loop,1.0,1.0,1.0,1.0,1.0
1,fu:c43c3b20,fu:c43c3b20,self_loop,self_loop,1.0,1.0,1.0,1.0,1.0
1,ARRB1,ARRB1,self_loop,self_loop,1.0,1.0,1.0,1.0,1.0
1,ARRB2,ARRB2,self_loop,self_loop,1.0,1.0,1.0,1.0,1.0
1,fu:a786adef,fu:a786adef,self_loop,self_loop,1.0,1.0,1.0,1.0,1.0
1,MECOM,MECOM,self_loop,self_loop,1.0,1.0,1.0,1.0,1.0
1,fu:a024ec8e,fu:a024ec8e,self_loop,self_loop,1.0,1.0,1.0,1.0,1.0
1,HSPA1A,HSPA1A,self_loop,self_loop,1.0,1.0,1.0,1.0,1.0
1,HSPA1B,HSPA1B,self_loop,self_loop,1.0,1.0,1.0,1.0,1.0
1,HSPA1L,HSPA1L,self_loop,self_loop,1.0,1.0,1.0,1.0,1.0
1,HSPA6,HSPA6,self_loop,self_loop,1.0,1.0,1.0,1.0,1.0
1,HSPA8,HSPA8,self_loop,self_loop,1.0,1.0,1.0,1.0,1.0
1,fu:17761ac8,fu:17761ac8,self_loop,self_loop,1.0,1.0,1.0,1.0,1.0
1,JUND,JUND,self_loop,self_loop,1.0,1.0,1.0,1.0,1.0
1,fu:55616dfc,fu:55616dfc,self_loop,self_loop,1.0,1.0,1.0,1.0,1.0
1,FOS,FOS,self_loop,self_loop,1.0,1.0,1.0,1.0,1.0
1,JUN,JUN,self_loop,self_loop,1.0,1.0,1.0,1.0,1.0
1,fu:3a14d05c,fu:3a14d05c,self_loop,self_loop,1.0,1.0,1.0,1.0,1.0
1,NFATC3,NFATC3,self_loop,self_loop,1.0,1.0,1.0,1.0,1.0
1,fu:ae6c1734,fu:ae6c1734,self_loop,self_loop,1.0,1.0,1.0,1.0,1.0
1,NFATC1,NFATC1,self_loop,self_loop,1.0,1.0,1.0,1.0,1.0
1,fu:35f89305,fu:35f89305,self_loop,self_loop,1.0,1.0,1.0,1.0,1.0
1,PPP3CA,PPP3CA,self_loop,self_loop,1.0,1.0,1.0,1.0,1.0
1,PPP3CB,PPP3CB,self_loop,self_loop,1.0,1.0,1.0,1.0,1.0
1,PPP3CC,PPP3CC,self_loop,self_loop,1.0,1.0,1.0,1.0,1.0
1,PPP3R1,PPP3R1,self_loop,self_loop,0.501680850982666,0.4975735545158386,0.5137817859649658,0.4975917935371399,0.4977763593196869
1,PPP3R2,PPP3R2,self_loop,self_loop,1.0,1.0,1.0,1.0,1.0
1,fu:2aa504e4,fu:2aa504e4,self_loop,self_loop,1.0,1.0,1.0,1.0,1.0
1,MAPK8IP3,MAPK8IP3,self_loop,self_loop,1.0,1.0,1.0,1.0,1.0
1,fu:c59b3006,fu:c59b3006,self_loop,self_loop,1.0,1.0,1.0,1.0,1.0
1,FLNA,FLNA,self_loop,self_loop,1.0,1.0,1.0,1.0,1.0
1,fu:8e279df3,fu:8e279df3,self_loop,self_loop,1.0,1.0,1.0,1.0,1.0
1,MAP3K1,MAP3K1,self_loop,self_loop,1.0,1.0,1.0,1.0,1.0
1,fu:eab480d8,fu:eab480d8,self_loop,self_loop,1.0,1.0,1.0,1.0,1.0
1,MAP3K8,MAP3K8,self_loop,self_loop,1.0,1.0,1.0,1.0,1.0
1,fu:452212fb,fu:452212fb,self_loop,self_loop,1.0,1.0,1.0,1.0,1.0
1,MAP4K1,MAP4K1,self_loop,self_loop,1.0,1.0,1.0,1.0,1.0
1,fu:d81aa238,fu:d81aa238,self_loop,self_loop,1.0,1.0,1.0,1.0,1.0
1,MAP4K3,MAP4K3,self_loop,self_loop,1.0,1.0,1.0,1.0,1.0
1,fu:ec81982e,fu:ec81982e,self_loop,self_loop,1.0,1.0,1.0,1.0,1.0
1,fu:3aaa93ec,fu:3aaa93ec,self_loop,self_loop,1.0,1.0,1.0,1.0,1.0
1,SRF,SRF,self_loop,self_loop,1.0,1.0,1.0,1.0,1.0
1,fu:3149eb92,fu:3149eb92,self_loop,self_loop,1.0,1.0,1.0,1.0,1.0
1,MYC,MYC,self_loop,self_loop,1.0,1.0,1.0,1.0,1.0
1,fu:e46b600b,fu:e46b600b,self_loop,self_loop,1.0,1.0,1.0,1.0,1.0
1,fu:d31aacfd,fu:d31aacfd,self_loop,self_loop,1.0,1.0,1.0,1.0,1.0
1,fu:250507e8,fu:250507e8,self_loop,self_loop,1.0,1.0,1.0,1.0,1.0
1,fu:1443a2f5,fu:1443a2f5,self_loop,self_loop,1.0,1.0,1.0,1.0,1.0
1,RPS6KA6,RPS6KA6,self_loop,self_loop,1.0,1.0,1.0,1.0,1.0
1,RPS6KA1,RPS6KA1,self_loop,self_loop,1.0,1.0,1.0,1.0,1.0
1,RPS6KA2,RPS6KA2,self_loop,self_loop,1.0,1.0,1.0,1.0,1.0
1,RPS6KA3,RPS6KA3,self_loop,self_loop,1.0,1.0,1.0,1.0,1.0
1,fu:63e41e6d,fu:63e41e6d,self_loop,self_loop,1.0,1.0,1.0,1.0,1.0
1,MKNK2,MKNK2,self_loop,self_loop,1.0,1.0,1.0,1.0,1.0
1,MKNK1,MKNK1,self_loop,self_loop,1.0,1.0,1.0,1.0,1.0
1,fu:6afc3023,fu:6afc3023,self_loop,self_loop,1.0,1.0,1.0,1.0,1.0
1,EFNA4-EFNA3,EFNA4-EFNA3,self_loop,self_loop,1.0,1.0,1.0,1.0,1.0
1,CSF1,CSF1,self_loop,self_loop,1.0,1.0,1.0,1.0,1.0
1,EFNA1,EFNA1,self_loop,self_loop,1.0,1.0,1.0,1.0,1.0
1,EFNA2,EFNA2,self_loop,self_loop,1.0,1.0,1.0,1.0,1.0
1,EFNA3,EFNA3,self_loop,self_loop,1.0,1.0,1.0,1.0,1.0
1,EFNA4,EFNA4,self_loop,self_loop,1.0,1.0,1.0,1.0,1.0
1,EFNA5,EFNA5,self_loop,self_loop,1.0,1.0,1.0,1.0,1.0
1,EGF,EGF,self_loop,self_loop,1.0,1.0,1.0,1.0,1.0
1,EREG,EREG,self_loop,self_loop,1.0,1.0,1.0,1.0,1.0
1,FGF1,FGF1,self_loop,self_loop,1.0,1.0,1.0,1.0,1.0
1,FGF2,FGF2,self_loop,self_loop,0.25202643871307373,0.2521369159221649,0.2608678638935089,0.2474728375673294,0.2476280927658081
1,FGF3,FGF3,self_loop,self_loop,1.0,1.0,1.0,1.0,1.0
1,FGF4,FGF4,self_loop,self_loop,1.0,1.0,1.0,1.0,1.0
1,FGF5,FGF5,self_loop,self_loop,1.0,1.0,1.0,1.0,1.0
1,FGF6,FGF6,self_loop,self_loop,1.0,1.0,1.0,1.0,1.0
1,FGF7,FGF7,self_loop,self_loop,1.0,1.0,1.0,1.0,1.0
1,FGF8,FGF8,self_loop,self_loop,1.0,1.0,1.0,1.0,1.0
1,FGF9,FGF9,self_loop,self_loop,1.0,1.0,1.0,1.0,1.0
1,FGF10,FGF10,self_loop,self_loop,1.0,1.0,1.0,1.0,1.0
1,VEGFD,VEGFD,self_loop,self_loop,1.0,1.0,1.0,1.0,1.0
1,FLT3LG,FLT3LG,self_loop,self_loop,1.0,1.0,1.0,1.0,1.0
1,FGF20,FGF20,self_loop,self_loop,1.0,1.0,1.0,1.0,1.0
1,FGF21,FGF21,self_loop,self_loop,1.0,1.0,1.0,1.0,1.0
1,GDNF,GDNF,self_loop,self_loop,1.0,1.0,1.0,1.0,1.0
1,FGF22,FGF22,self_loop,self_loop,1.0,1.0,1.0,1.0,1.0
1,ANGPT1,ANGPT1,self_loop,self_loop,1.0,1.0,1.0,1.0,1.0
1,ANGPT2,ANGPT2,self_loop,self_loop,1.0,1.0,1.0,1.0,1.0
1,HGF,HGF,self_loop,self_loop,0.5030967593193054,0.49469810724258423,0.5144667029380798,0.5038037300109863,0.4994184970855713
1,IGF1,IGF1,self_loop,self_loop,1.0,1.0,1.0,1.0,1.0
1,IGF2,IGF2,self_loop,self_loop,1.0,1.0,1.0,1.0,1.0
1,INS,INS,self_loop,self_loop,1.0,1.0,1.0,1.0,1.0
1,AREG,AREG,self_loop,self_loop,1.0,1.0,1.0,1.0,1.0
1,KITLG,KITLG,self_loop,self_loop,1.0,1.0,1.0,1.0,1.0
1,NGF,NGF,self_loop,self_loop,1.0,1.0,1.0,1.0,1.0
1,NRTN,NRTN,self_loop,self_loop,1.0,1.0,1.0,1.0,1.0
1,NTF3,NTF3,self_loop,self_loop,1.0,1.0,1.0,1.0,1.0
1,NTF4,NTF4,self_loop,self_loop,1.0,1.0,1.0,1.0,1.0
1,ANGPT4,ANGPT4,self_loop,self_loop,1.0,1.0,1.0,1.0,1.0
1,PDGFA,PDGFA,self_loop,self_loop,1.0,1.0,1.0,1.0,1.0
1,PDGFB,PDGFB,self_loop,self_loop,1.0,1.0,1.0,1.0,1.0
1,PGF,PGF,self_loop,self_loop,1.0,1.0,1.0,1.0,1.0
1,PDGFC,PDGFC,self_loop,self_loop,1.0,1.0,1.0,1.0,1.0
1,PSPN,PSPN,self_loop,self_loop,1.0,1.0,1.0,1.0,1.0
1,BDNF,BDNF,self_loop,self_loop,0.5042939186096191,0.497514009475708,0.5229519009590149,0.4986700713634491,0.49803972244262695
1,TGFA,TGFA,self_loop,self_loop,1.0,1.0,1.0,1.0,1.0
1,VEGFA,VEGFA,self_loop,self_loop,0.3374251127243042,0.3302788734436035,0.3543209135532379,0.33132222294807434,0.3337785601615906
1,VEGFB,VEGFB,self_loop,self_loop,1.0,1.0,1.0,1.0,1.0
1,VEGFC,VEGFC,self_loop,self_loop,1.0,1.0,1.0,1.0,1.0
1,PDGFD,PDGFD,self_loop,self_loop,1.0,1.0,1.0,1.0,1.0
1,FGF23,FGF23,self_loop,self_loop,1.0,1.0,1.0,1.0,1.0
1,FGF18,FGF18,self_loop,self_loop,1.0,1.0,1.0,1.0,1.0
1,FGF17,FGF17,self_loop,self_loop,1.0,1.0,1.0,1.0,1.0
1,FGF16,FGF16,self_loop,self_loop,1.0,1.0,1.0,1.0,1.0
1,ARTN,ARTN,self_loop,self_loop,1.0,1.0,1.0,1.0,1.0
1,FGF19,FGF19,self_loop,self_loop,1.0,1.0,1.0,1.0,1.0
1,fu:ca456d48,fu:ca456d48,self_loop,self_loop,1.0,1.0,1.0,1.0,1.0
1,TRADD,TRADD,self_loop,self_loop,1.0,1.0,1.0,1.0,1.0
1,fu:560b76a1,fu:560b76a1,self_loop,self_loop,1.0,1.0,1.0,1.0,1.0
1,MYD88,MYD88,self_loop,self_loop,1.0,1.0,1.0,1.0,1.0
1,fu:1c95c9e0,fu:1c95c9e0,self_loop,self_loop,1.0,1.0,1.0,1.0,1.0
1,IRAK1,IRAK1,self_loop,self_loop,1.0,1.0,1.0,1.0,1.0
1,IRAK4,IRAK4,self_loop,self_loop,0.5014766454696655,0.4897997975349426,0.5183141231536865,0.4990893602371216,0.4987034201622009
1,fu:4aa63fd2,fu:4aa63fd2,self_loop,self_loop,1.0,1.0,1.0,1.0,1.0
1,ARAF,ARAF,self_loop,self_loop,1.0,1.0,1.0,1.0,1.0
1,fu:2da85051,fu:2da85051,self_loop,self_loop,1.0,1.0,1.0,1.0,1.0
1,fu:baab4be4,fu:baab4be4,self_loop,self_loop,1.0,1.0,1.0,1.0,1.0
1,fu:81217b6d,fu:81217b6d,self_loop,self_loop,1.0,1.0,1.0,1.0,1.0
1,fu:0bbae522,fu:0bbae522,self_loop,self_loop,1.0,1.0,1.0,1.0,1.0
1,MIMAT0000430,MIMAT0000430,self_loop,self_loop,1.0,1.0,1.0,1.0,1.0
1,MIMAT0002809,MIMAT0002809,self_loop,self_loop,1.0,1.0,1.0,1.0,1.0
1,MIMAT0000461,MIMAT0000461,self_loop,self_loop,1.0,1.0,1.0,1.0,1.0
1,MIMAT0000232,MIMAT0000232,self_loop,self_loop,1.0,1.0,1.0,1.0,1.0
1,MIMAT0004563,MIMAT0004563,self_loop,self_loop,1.0,1.0,1.0,1.0,1.0
1,MIMAT0000263,MIMAT0000263,self_loop,self_loop,1.0,1.0,1.0,1.0,1.0
1,MIMAT0000265,MIMAT0000265,self_loop,self_loop,1.0,1.0,1.0,1.0,1.0
1,MIMAT0001413,MIMAT0001413,self_loop,self_loop,1.0,1.0,1.0,1.0,1.0
1,MIMAT0000076,MIMAT0000076,self_loop,self_loop,1.0,1.0,1.0,1.0,1.0
1,MIMAT0000271,MIMAT0000271,self_loop,self_loop,1.0,1.0,1.0,1.0,1.0
1,MIMAT0000278,MIMAT0000278,self_loop,self_loop,1.0,1.0,1.0,1.0,1.0
1,MIMAT0000279,MIMAT0000279,self_loop,self_loop,1.0,1.0,1.0,1.0,1.0
1,MIMAT0004501,MIMAT0004501,self_loop,self_loop,1.0,1.0,1.0,1.0,1.0
1,MIMAT0000089,MIMAT0000089,self_loop,self_loop,1.0,1.0,1.0,1.0,1.0
1,MIMAT0000255,MIMAT0000255,self_loop,self_loop,1.0,1.0,1.0,1.0,1.0
1,MIMAT0003322,MIMAT0003322,self_loop,self_loop,1.0,1.0,1.0,1.0,1.0
1,MIMAT0000252,MIMAT0000252,self_loop,self_loop,1.0,1.0,1.0,1.0,1.0
1,MIMAT0000441,MIMAT0000441,self_loop,self_loop,1.0,1.0,1.0,1.0,1.0
1,fu:94ced6e1,fu:94ced6e1,self_loop,self_loop,0.24860936403274536,0.2520732879638672,0.24235329031944275,0.24943767488002777,0.25057321786880493
1,fu:426ff04d,fu:426ff04d,self_loop,self_loop,0.08909692615270615,0.09182319045066833,0.0823415070772171,0.09109970927238464,0.0911233052611351
1,fu:eb0913c8,fu:eb0913c8,self_loop,self_loop,0.19716091454029083,0.20168346166610718,0.1860990971326828,0.20021213591098785,0.2006489783525467
1,fu:8f4928df,fu:8f4928df,self_loop,self_loop,0.4955548644065857,0.5072856545448303,0.47826236486434937,0.49587029218673706,0.500801146030426
1,fu:e31b7340,fu:e31b7340,self_loop,self_loop,0.49419331550598145,0.49910879135131836,0.4736846089363098,0.50238037109375,0.5015996098518372
1,fu:2800db3e,fu:2800db3e,self_loop,self_loop,0.49665194749832153,0.5044113397598267,0.48485812544822693,0.49720337986946106,0.5001348853111267
1,fu:ad28b956,fu:ad28b956,self_loop,self_loop,0.10971993207931519,0.11249847710132599,0.10476408898830414,0.11019855737686157,0.11141861975193024
1,fu:d344b8ad,fu:d344b8ad,self_loop,self_loop,0.33395880460739136,0.33579298853874207,0.32986053824424744,0.335014671087265,0.3351670503616333
1,fu:3ee88785,fu:3ee88785,self_loop,self_loop,0.3319607377052307,0.336617648601532,0.3239579200744629,0.3337114155292511,0.3335559666156769
1,fu:6a14651d,fu:6a14651d,self_loop,self_loop,0.1414092481136322,0.14448601007461548,0.1360357105731964,0.1421276032924652,0.1429876834154129
1,fu:42758e63,fu:42758e63,self_loop,self_loop,0.1243378147482872,0.12577320635318756,0.12155218422412872,0.12484559416770935,0.12518027424812317
1,fu:cd063ff0,fu:cd063ff0,self_loop,self_loop,0.2512715756893158,0.2516288161277771,0.2507987916469574,0.2506956160068512,0.25196316838264465
1,fu:7322350d,fu:7322350d,self_loop,self_loop,0.14210942387580872,0.1435459703207016,0.13876157999038696,0.14307282865047455,0.14305730164051056
1,fu:cd963cb8,fu:cd963cb8,self_loop,self_loop,0.3333333432674408,0.3333333432674408,0.3333333432674408,0.3333333432674408,0.3333333432674408
1,fu:edebe3a1,fu:edebe3a1,self_loop,self_loop,0.124678835272789,0.12524284422397614,0.12338467687368393,0.12506207823753357,0.12502573430538177
1,fu:6d8ebe0b,fu:6d8ebe0b,self_loop,self_loop,0.12472660839557648,0.1252589374780655,0.1234724149107933,0.12513375282287598,0.12504135072231293
1,fu:3e4de2c7,fu:3e4de2c7,self_loop,self_loop,0.24900859594345093,0.25089871883392334,0.2451464980840683,0.24982371926307678,0.2501654326915741
1,fu:b344d97f,fu:b344d97f,self_loop,self_loop,0.24895012378692627,0.25119587779045105,0.24482548236846924,0.24968472123146057,0.2500944137573242
1,fu:4362baed,fu:4362baed,self_loop,self_loop,0.49472713470458984,0.5051015615463257,0.47791776061058044,0.49513009190559387,0.5007590651512146
1,fu:7f8d78d3,fu:7f8d78d3,self_loop,self_loop,0.49724575877189636,0.5060132145881653,0.4814275801181793,0.5001218914985657,0.5014203786849976
1,fu:91b0acc6,fu:91b0acc6,self_loop,self_loop,0.2474289834499359,0.25445300340652466,0.236088365316391,0.24859249591827393,0.25058209896087646
1,fu:8a875718,fu:8a875718,self_loop,self_loop,0.24799281358718872,0.25044023990631104,0.23908080160617828,0.25123417377471924,0.2512160539627075
1,fu:67180032,fu:67180032,self_loop,self_loop,0.24724161624908447,0.25412529706954956,0.23206624388694763,0.2518496811389923,0.2509252429008484
1,fu:292747d5,fu:292747d5,self_loop,self_loop,0.49618300795555115,0.5064671039581299,0.48204582929611206,0.4956482946872711,0.5005707740783691
1,fu:a74f111b,fu:a74f111b,self_loop,self_loop,0.3320039212703705,0.33650195598602295,0.32466331124305725,0.33304548263549805,0.3338049650192261
1,fu:de327064,fu:de327064,self_loop,self_loop,0.06618477404117584,0.0668339878320694,0.06413949280977249,0.06687390804290771,0.06689170002937317
1,fu:3306f113,fu:3306f113,self_loop,self_loop,0.16478678584098816,0.16830648481845856,0.15816958248615265,0.1655140221118927,0.16715702414512634
1,fu:1296c511,fu:1296c511,self_loop,self_loop,0.33110424876213074,0.3389766216278076,0.3188017010688782,0.33243441581726074,0.3342042565345764
1,fu:618f9b57,fu:618f9b57,self_loop,self_loop,0.3314080536365509,0.3334355354309082,0.3212879002094269,0.3354715406894684,0.3354373276233673
1,fu:25ce285e,fu:25ce285e,self_loop,self_loop,0.33135396242141724,0.33465349674224854,0.32229748368263245,0.3344319462776184,0.33403289318084717
1,fu:a5ece49b,fu:a5ece49b,self_loop,self_loop,0.0351356565952301,0.03631262108683586,0.0331093966960907,0.03530216962099075,0.0358184315264225
1,fu:5010a05c,fu:5010a05c,self_loop,self_loop,0.03632931411266327,0.03744051232933998,0.033871691673994064,0.036875151097774506,0.03712989389896393
1,fu:cf682b35,fu:cf682b35,self_loop,self_loop,0.33125564455986023,0.3348788321018219,0.32313308119773865,0.3334733843803406,0.3335372507572174
1,fu:28d0b5d1,fu:28d0b5d1,self_loop,self_loop,0.3310698866844177,0.33581265807151794,0.3217713534832001,0.33335214853286743,0.33334341645240784
1,fu:e95555b8,fu:e95555b8,self_loop,self_loop,0.4954203963279724,0.5041137933731079,0.4781554937362671,0.4988915026187897,0.5005207657814026
1,fu:cf3a93c5,fu:cf3a93c5,self_loop,self_loop,0.33109694719314575,0.3360825777053833,0.3213861286640167,0.3331439197063446,0.3337751626968384
1,fu:d7926132,fu:d7926132,self_loop,self_loop,0.3312768340110779,0.3350500166416168,0.3239499032497406,0.3327283561229706,0.33337897062301636
1,fu:5ae2c9f2,fu:5ae2c9f2,self_loop,self_loop,0.2479170262813568,0.2526445686817169,0.23994718492031097,0.2485155612230301,0.25056079030036926
1,fu:665381ed,fu:665381ed,self_loop,self_loop,0.24792160093784332,0.2525816261768341,0.23766575753688812,0.25105494260787964,0.2503840923309326
1,fu:3d349895,fu:3d349895,self_loop,self_loop,0.24912016093730927,0.2516162693500519,0.2438371628522873,0.25059324502944946,0.2504339814186096
1,fu:ab399c96,fu:ab399c96,self_loop,self_loop,0.33163875341415405,0.33512845635414124,0.32506462931632996,0.3326032757759094,0.33375871181488037
1,fu:11606ae6,fu:11606ae6,self_loop,self_loop,0.3328059911727905,0.334715336561203,0.3273971974849701,0.3346138000488281,0.3344976007938385
1,fu:531a5e06,fu:531a5e06,self_loop,self_loop,0.3323475122451782,0.33436456322669983,0.3260878026485443,0.33448296785354614,0.33445465564727783
1,fu:fa58328a,fu:fa58328a,self_loop,self_loop,0.33200299739837646,0.33530205488204956,0.32459017634391785,0.3344578444957733,0.33366185426712036
1,fu:19f5b351,fu:19f5b351,self_loop,self_loop,0.24882256984710693,0.2514035403728485,0.24321122467517853,0.25057318806648254,0.25010231137275696
1,fu:ee039625,fu:ee039625,self_loop,self_loop,0.24853794276714325,0.25094175338745117,0.24277839064598083,0.2504061162471771,0.25002551078796387
1,fu:256c4bca,fu:256c4bca,self_loop,self_loop,0.3318944573402405,0.3364570140838623,0.3231775760650635,0.334316223859787,0.33362698554992676
1,fu:295bf12c,fu:295bf12c,self_loop,self_loop,0.1101391389966011,0.11205774545669556,0.10566882789134979,0.11147427558898926,0.11135568469762802
1,fu:944102db,fu:944102db,self_loop,self_loop,0.4971567392349243,0.5075253844261169,0.48116210103034973,0.49853700399398804,0.5014023184776306
1,fu:ebeb97f3,fu:ebeb97f3,self_loop,self_loop,0.12471243739128113,0.12521664798259735,0.12340683490037918,0.1251712292432785,0.1250550001859665
1,fu:8a4c69b0,fu:8a4c69b0,self_loop,self_loop,0.12469761073589325,0.12526172399520874,0.12332355231046677,0.12516024708747864,0.12504491209983826
1,fu:282f2b98,fu:282f2b98,self_loop,self_loop,0.10891108959913254,0.11218325048685074,0.10084828734397888,0.11126862466335297,0.11134418100118637
1,fu:0eea7c8b,fu:0eea7c8b,self_loop,self_loop,0.19716091454029083,0.20168346166610718,0.1860990971326828,0.20021213591098785,0.2006489783525467
1,fu:67e73720,fu:67e73720,self_loop,self_loop,0.4951951503753662,0.5066767334938049,0.47386041283607483,0.4997284412384033,0.5005149841308594
1,fu:7fdcbeec,fu:7fdcbeec,self_loop,self_loop,0.24778355658054352,0.25521937012672424,0.23634739220142365,0.24888040125370026,0.2506870627403259
1,fu:de878e1b,fu:de878e1b,self_loop,self_loop,0.2478673905134201,0.25489547848701477,0.23713676631450653,0.24874725937843323,0.2506900429725647
1,fu:d2a67a69,fu:d2a67a69,self_loop,self_loop,0.3322063684463501,0.3364630937576294,0.3254565894603729,0.3334040641784668,0.3335016965866089
1,fu:52a04670,fu:52a04670,self_loop,self_loop,0.24830582737922668,0.24986998736858368,0.2424808144569397,0.2505805194377899,0.25029194355010986
1,fu:ae916742,fu:ae916742,self_loop,self_loop,0.19942335784435272,0.20078212022781372,0.1969020813703537,0.19993489980697632,0.20007431507110596
1,fu:d9ef3265,fu:d9ef3265,self_loop,self_loop,0.16616490483283997,0.16720779240131378,0.16425587236881256,0.1664350926876068,0.1667608916759491
1,fu:4b9b7996,fu:4b9b7996,self_loop,self_loop,0.49254199862480164,0.5019840002059937,0.47234541177749634,0.4954493045806885,0.5003892183303833
1,fu:36a80391,fu:36a80391,self_loop,self_loop,0.5,0.5,0.5,0.5,0.5
1,fu:ddbbf138,fu:ddbbf138,self_loop,self_loop,0.32969793677330017,0.33662694692611694,0.3175819516181946,0.3306765854358673,0.33390629291534424
1,fu:fb8bcd03,fu:fb8bcd03,self_loop,self_loop,0.24741443991661072,0.252153217792511,0.23883068561553955,0.24859541654586792,0.250078409910202
1,fu:18665bcd,fu:18665bcd,self_loop,self_loop,0.3311941921710968,0.33482488989830017,0.32418903708457947,0.3320377469062805,0.33372506499290466
1,fu:3e5ba6c9,fu:3e5ba6c9,self_loop,self_loop,0.2492293119430542,0.2536754608154297,0.24251732230186462,0.25023579597473145,0.25048866868019104
1,fu:c78f0cde,fu:c78f0cde,self_loop,self_loop,0.4943605661392212,0.5043925642967224,0.4725697934627533,0.5005836486816406,0.4998963475227356
1,fu:04aa3206,fu:04aa3206,self_loop,self_loop,0.4972766041755676,0.5041753053665161,0.4841594994068146,0.49995025992393494,0.5008213520050049
1,fu:57402cbc,fu:57402cbc,self_loop,self_loop,0.19917991757392883,0.20090006291866302,0.19610705971717834,0.19954976439476013,0.20016273856163025
1,fu:e2184ef8,fu:e2184ef8,self_loop,self_loop,0.2471904754638672,0.25117790699005127,0.2346372753381729,0.2508854866027832,0.25206127762794495
1,fu:23393f96,fu:23393f96,self_loop,self_loop,0.1994578093290329,0.20073138177394867,0.1973067671060562,0.1996610164642334,0.20013205707073212
1,fu:83ff1a97,fu:83ff1a97,self_loop,self_loop,0.24909237027168274,0.25178262591362,0.24513950943946838,0.24928399920463562,0.25016331672668457
1,fu:c888309f,fu:c888309f,self_loop,self_loop,0.33108237385749817,0.3352164328098297,0.3228064477443695,0.3326789140701294,0.3336276710033417
1,fu:639267b9,fu:639267b9,self_loop,self_loop,0.33204925060272217,0.33499449491500854,0.32488805055618286,0.33421728014945984,0.33409711718559265
1,fu:1984f1f8,fu:1984f1f8,self_loop,self_loop,0.4921606481075287,0.5030763745307922,0.4636974632740021,0.5009046792984009,0.5009640455245972
1,fu:b909e99b,fu:b909e99b,self_loop,self_loop,0.2478603720664978,0.25254130363464355,0.2397986352443695,0.24874471127986908,0.25035688281059265
1,fu:249a5b6e,fu:249a5b6e,self_loop,self_loop,0.331699401140213,0.3351461589336395,0.3232528567314148,0.33427467942237854,0.33412396907806396
1,fu:c561a985,fu:c561a985,self_loop,self_loop,0.24838265776634216,0.25282102823257446,0.2414475977420807,0.24880756437778473,0.25045445561408997
1,fu:994f289b,fu:994f289b,self_loop,self_loop,0.3308899402618408,0.3345678150653839,0.32330650091171265,0.3319188952445984,0.33376654982566833
1,fu:e57e5d99,fu:e57e5d99,self_loop,self_loop,0.2464444935321808,0.2527698576450348,0.23193030059337616,0.2505669593811035,0.2505108714103699
1,fu:637bcc89,fu:637bcc89,self_loop,self_loop,0.3310381770133972,0.3376692533493042,0.3157207667827606,0.33562448620796204,0.3351381719112396
1,fu:888932e7,fu:888932e7,self_loop,self_loop,0.49389100074768066,0.49794092774391174,0.47353965044021606,0.5021116733551025,0.5019717812538147
1,fu:762cb2e5,fu:762cb2e5,self_loop,self_loop,0.3320569694042206,0.3362579643726349,0.3245098292827606,0.33367839455604553,0.33378174901008606
1,fu:cd108692,fu:cd108692,self_loop,self_loop,0.1964779943227768,0.19983817636966705,0.18307587504386902,0.20149953663349152,0.2014983743429184
1,fu:5d795275,fu:5d795275,self_loop,self_loop,0.19940781593322754,0.20237693190574646,0.19474320113658905,0.20014601945877075,0.20036515593528748
1,fu:ed3b49b2,fu:ed3b49b2,self_loop,self_loop,0.24829205870628357,0.25219231843948364,0.24200013279914856,0.24867364764213562,0.25030210614204407
1,fu:0d25146a,fu:0d25146a,self_loop,self_loop,0.3292856216430664,0.3385024666786194,0.3155859112739563,0.3298947513103485,0.3331593871116638
1,fu:7c9a7432,fu:7c9a7432,self_loop,self_loop,0.2482558935880661,0.25051936507225037,0.24359159171581268,0.2489551305770874,0.24995748698711395
1,fu:7224dcdb,fu:7224dcdb,self_loop,self_loop,0.12475218623876572,0.1252550631761551,0.12360966950654984,0.1251046359539032,0.12503936886787415
1,fu:c58de1d0,fu:c58de1d0,self_loop,self_loop,0.09052716195583344,0.09153365343809128,0.08860423415899277,0.09099045395851135,0.09098029136657715
1,fu:57055c4e,fu:57055c4e,self_loop,self_loop,0.19927385449409485,0.20070871710777283,0.195986807346344,0.2003384530544281,0.20006144046783447
1,fu:045e2574,fu:045e2574,self_loop,self_loop,0.198299378156662,0.201056107878685,0.1913377195596695,0.20067434012889862,0.20012935996055603
1,fu:9a241322,fu:9a241322,self_loop,self_loop,0.24787916243076324,0.25365760922431946,0.2369336634874344,0.25048086047172546,0.2504444718360901
1,fu:caaa3f23,fu:caaa3f23,self_loop,self_loop,0.49760884046554565,0.5070697665214539,0.482804536819458,0.49991708993911743,0.5006439685821533
1,fu:b00d576a,fu:b00d576a,self_loop,self_loop,0.16480590403079987,0.17071805894374847,0.15584024786949158,0.16542397439479828,0.16724134981632233
1,fu:8b469fd4,fu:8b469fd4,self_loop,self_loop,0.33041104674339294,0.33592474460601807,0.31726932525634766,0.33467355370521545,0.3337765634059906
1,fu:1f5670d1,fu:1f5670d1,self_loop,self_loop,0.24756023287773132,0.2522963583469391,0.23595358431339264,0.251441091299057,0.25054991245269775
1,fu:07c91aa5,fu:07c91aa5,self_loop,self_loop,0.24891601502895355,0.2509685158729553,0.24517063796520233,0.24939925968647003,0.2501256465911865
1,fu:44d632b3,fu:44d632b3,self_loop,self_loop,0.24879857897758484,0.2511107921600342,0.24423815310001373,0.24970375001430511,0.25014162063598633
1,fu:952968f0,fu:952968f0,self_loop,self_loop,0.1649254411458969,0.16871145367622375,0.15727229416370392,0.16629363596439362,0.16742439568042755
1,fu:a02813ab,fu:a02813ab,self_loop,self_loop,0.1663655936717987,0.1674601435661316,0.164910227060318,0.16629359126091003,0.166798397898674
1,fu:0e58f43d,fu:0e58f43d,self_loop,self_loop,0.3315854072570801,0.336568146944046,0.32301968336105347,0.3331029415130615,0.33365076780319214
1,fu:96f39533,fu:96f39533,self_loop,self_loop,0.11082516610622406,0.1112896278500557,0.1097860112786293,0.11114639788866043,0.11107861250638962
1,fu:524928b5,fu:524928b5,self_loop,self_loop,0.49614208936691284,0.5047798156738281,0.48117369413375854,0.49765506386756897,0.5009598135948181
1,fu:7d8f4352,fu:7d8f4352,self_loop,self_loop,0.3312138020992279,0.33445271849632263,0.3244267404079437,0.3324873447418213,0.3334883749485016
1,fu:8150bf29,fu:8150bf29,self_loop,self_loop,0.49724966287612915,0.5060350298881531,0.4833967089653015,0.49850091338157654,0.5010659694671631
1,fu:d0883595,fu:d0883595,self_loop,self_loop,0.3309650719165802,0.3357456624507904,0.3200598657131195,0.3345194160938263,0.3335352838039398
1,fu:491d26a2,fu:491d26a2,self_loop,self_loop,0.4957679510116577,0.5051336884498596,0.4779817461967468,0.4985990524291992,0.5013573169708252
1,fu:f2492ea9,fu:f2492ea9,self_loop,self_loop,0.49688059091567993,0.5070873498916626,0.4785252511501312,0.5017061233520508,0.500203549861908
1,fu:d34a15b8,fu:d34a15b8,self_loop,self_loop,0.24924299120903015,0.25110575556755066,0.24504952132701874,0.25063198804855347,0.2501847445964813
1,fu:d5bebf15,fu:d5bebf15,self_loop,self_loop,0.24853794276714325,0.25094175338745117,0.24277839064598083,0.2504061162471771,0.25002551078796387
1,fu:55fad545,fu:55fad545,self_loop,self_loop,0.24912016093730927,0.2516162693500519,0.2438371628522873,0.25059324502944946,0.2504339814186096
1,fu:a82b8eb0,fu:a82b8eb0,self_loop,self_loop,0.16526874899864197,0.16926230490207672,0.15882247686386108,0.1658596247434616,0.16713058948516846
1,fu:4198d6fe,fu:4198d6fe,self_loop,self_loop,0.24760779738426208,0.252704381942749,0.23733383417129517,0.2502114772796631,0.2501814663410187
1,fu:85082bcd,fu:85082bcd,self_loop,self_loop,0.01746523380279541,0.017758861184120178,0.01621660776436329,0.017912445589900017,0.017973018810153008
1,fu:47df25a3,fu:47df25a3,self_loop,self_loop,0.32972002029418945,0.3340018689632416,0.3170759081840515,0.33413609862327576,0.3336661756038666
1,fu:c1f44866,fu:c1f44866,self_loop,self_loop,0.33053454756736755,0.33398324251174927,0.3200339376926422,0.33437657356262207,0.3337444067001343
1,fu:76a1c54d,fu:76a1c54d,self_loop,self_loop,0.24776220321655273,0.2525593638420105,0.2384781837463379,0.24966590106487274,0.2503453493118286
1,fu:640a8809,fu:640a8809,self_loop,self_loop,0.33114781975746155,0.33547544479370117,0.322884202003479,0.3326391279697418,0.3335925340652466
1,fu:e6a13e0d,fu:e6a13e0d,self_loop,self_loop,0.4988470673561096,0.5031159520149231,0.48676154017448425,0.5028865933418274,0.5026242136955261
1,fu:2fb576e7,fu:2fb576e7,self_loop,self_loop,0.33007025718688965,0.3347153067588806,0.31805121898651123,0.3340907692909241,0.33342379331588745
1,fu:19936281,fu:19936281,self_loop,self_loop,0.25103384256362915,0.33699825406074524,0.0,0.3334297835826874,0.3337072730064392
2,MIMAT0000430,NFKB1,mir_to_gene,,0.4996250569820404,0.49987325072288513,0.5003144145011902,0.5009116530418396,0.4974008798599243
2,MIMAT0002809,TRAF6,mir_to_gene,,0.4996687173843384,0.499664306640625,0.5004252791404724,0.5010955333709717,0.49748972058296204
2,MIMAT0000461,FGF2,mir_to_gene,,0.2499900907278061,0.24995005130767822,0.24995823204517365,0.25008946657180786,0.24996262788772583
2,MIMAT0000461,TAOK1,mir_to_gene,,0.3332490921020508,0.3331112861633301,0.3334214687347412,0.33360031247138977,0.33286330103874207
2,MIMAT0000461,VEGFA,mir_to_gene,,0.3332180976867676,0.33287909626960754,0.3334681987762451,0.33351796865463257,0.3330070972442627
2,MIMAT0000461,MAP4K2,mir_to_gene,,0.4991406202316284,0.49866732954978943,0.5004656910896301,0.5006002187728882,0.49682924151420593
2,MIMAT0000232,FGF2,mir_to_gene,,0.2499350905418396,0.2499811351299286,0.2500414550304413,0.25005635619163513,0.24966144561767578
2,MIMAT0000232,MET,mir_to_gene,,0.33320289850234985,0.3332715332508087,0.33347517251968384,0.3335590958595276,0.33250564336776733
2,MIMAT0000232,MAPK9,mir_to_gene,,0.33328431844711304,0.33327579498291016,0.3334740996360779,0.33341363072395325,0.3329736590385437
2,MIMAT0000232,HGF,mir_to_gene,,0.5000548958778381,0.5001620054244995,0.5006062388420105,0.5018125176429749,0.49763891100883484
2,MIMAT0004563,FGF2,mir_to_gene,,0.2499350905418396,0.2499811351299286,0.2500414550304413,0.25005635619163513,0.24966144561767578
2,MIMAT0004563,MET,mir_to_gene,,0.33320289850234985,0.3332715332508087,0.33347517251968384,0.3335590958595276,0.33250564336776733
2,MIMAT0000263,KIT,mir_to_gene,,0.33337098360061646,0.33312687277793884,0.3334774971008301,0.33349117636680603,0.33338838815689087
2,MIMAT0000265,NTRK2,mir_to_gene,,0.49973729252815247,0.49959230422973633,0.5005542635917664,0.5015223026275635,0.4972802400588989
2,MIMAT0000265,BDNF,mir_to_gene,,0.49969714879989624,0.49832624197006226,0.4999915659427643,0.5003728270530701,0.500097930431366
2,MIMAT0000265,TGFBR1,mir_to_gene,,0.4995608329772949,0.4992034435272217,0.5004975199699402,0.5010282397270203,0.4975140690803528
2,MIMAT0000265,CACNG8,mir_to_gene,,0.4994708001613617,0.4996320307254791,0.5008057951927185,0.5001845359802246,0.49726080894470215
2,MIMAT0000265,CDC42,mir_to_gene,,0.4994702637195587,0.4978209137916565,0.49965283274650574,0.5004390478134155,0.4999682903289795
2,MIMAT0000265,PPP3R1,mir_to_gene,,0.4996725916862488,0.4996476471424103,0.5000977516174316,0.500464677810669,0.49848031997680664
2,MIMAT0001413,MAP3K2,mir_to_gene,,0.33333081007003784,0.3331886827945709,0.33347272872924805,0.333740770816803,0.33292099833488464
2,MIMAT0001413,IRAK4,mir_to_gene,,0.4998945891857147,0.49945032596588135,0.5000728964805603,0.5011870265007019,0.49886807799339294
2,MIMAT0001413,DUSP2,mir_to_gene,,0.49907800555229187,0.497367262840271,0.5006529688835144,0.500580370426178,0.4977114498615265
2,MIMAT0001413,MAPK9,mir_to_gene,,0.33332952857017517,0.3332045078277588,0.3332853615283966,0.33342352509498596,0.3334048092365265
2,MIMAT0001413,RPS6KA5,mir_to_gene,,0.4995386302471161,0.4993363916873932,0.5002312064170837,0.501340925693512,0.4972459077835083
2,MIMAT0000076,ATF2,mir_to_gene,,0.4995082914829254,0.49842557311058044,0.5000124573707581,0.5004226565361023,0.499172568321228
2,MIMAT0000271,FGFR1,mir_to_gene,,0.49944189190864563,0.4985877275466919,0.5003002882003784,0.5009332299232483,0.4979464113712311
2,MIMAT0000271,MAPK8,mir_to_gene,,0.499753475189209,0.4989546537399292,0.5001828670501709,0.5005806684494019,0.4992956519126892
2,MIMAT0000271,MEF2C,mir_to_gene,,0.49979668855667114,0.4999037981033325,0.5003889799118042,0.5005753636360168,0.4983186423778534
2,MIMAT0000271,RASA1,mir_to_gene,,0.333098828792572,0.3331986367702484,0.33354508876800537,0.3334479331970215,0.33220362663269043
2,MIMAT0000271,NRAS,mir_to_gene,,0.49993306398391724,0.4988509714603424,0.4998321235179901,0.5003248453140259,0.5007243752479553
2,MIMAT0000271,MAPK14,mir_to_gene,,0.4995648264884949,0.4988158643245697,0.500194251537323,0.5004416108131409,0.4988076090812683
2,MIMAT0000278,ERBB4,mir_to_gene,,0.49975359439849854,0.5000795125961304,0.5006214380264282,0.5014452338218689,0.4968681335449219
2,MIMAT0000278,MAPK10,mir_to_gene,,0.49971383810043335,0.4991828203201294,0.5000276565551758,0.5006492137908936,0.4989956319332123
2,MIMAT0000278,AKT3,mir_to_gene,,0.33303600549697876,0.33277180790901184,0.33337774872779846,0.333370566368103,0.3326239287853241
2,MIMAT0000278,MAP3K2,mir_to_gene,,0.33301520347595215,0.33338892459869385,0.33338984847068787,0.3332720398902893,0.33201003074645996
2,MIMAT0000278,KIT,mir_to_gene,,0.33304816484451294,0.3333361744880676,0.333380788564682,0.3335312008857727,0.33194440603256226
2,MIMAT0000278,STMN1,mir_to_gene,,0.4997589588165283,0.4984913766384125,0.49923884868621826,0.5008061528205872,0.5004994869232178
2,MIMAT0000279,AKT3,mir_to_gene,,0.3332943320274353,0.33343183994293213,0.33336639404296875,0.3336067199707031,0.3327724039554596
2,MIMAT0004501,EGFR,mir_to_gene,,0.3332301080226898,0.33345964550971985,0.3334461748600006,0.3333895802497864,0.33262503147125244
2,MIMAT0000089,RASA1,mir_to_gene,,0.3332115709781647,0.3332466781139374,0.3335045874118805,0.3333498239517212,0.332745224237442
2,MIMAT0000255,AKT1,mir_to_gene,,0.49950769543647766,0.49883514642715454,0.500251829624176,0.5007407069206238,0.4982031285762787
2,MIMAT0000255,VEGFA,mir_to_gene,,0.3333253562450409,0.333273708820343,0.3334827125072479,0.33336740732192993,0.33317771553993225
2,MIMAT0000255,PDGFRA,mir_to_gene,,0.4995410442352295,0.49879568815231323,0.500392496585846,0.5010117292404175,0.49796420335769653
2,MIMAT0000255,RRAS,mir_to_gene,,0.4992527365684509,0.49758756160736084,0.500149667263031,0.5003679394721985,0.4989057183265686
2,MIMAT0000255,TNF,mir_to_gene,,0.4993206262588501,0.4976562559604645,0.5002370476722717,0.5004444122314453,0.4989447593688965
2,MIMAT0000255,TGFBR2,mir_to_gene,,0.49962979555130005,0.49943259358406067,0.5004962086677551,0.5013959407806396,0.4971943497657776
2,MIMAT0003322,STK4,mir_to_gene,,0.49976056814193726,0.49940261244773865,0.5002131462097168,0.5008660554885864,0.49856036901474
2,MIMAT0003322,MRAS,mir_to_gene,,0.4996330142021179,0.4980311989784241,0.4996379017829895,0.5005302429199219,0.5003326535224915
2,MIMAT0000252,EGFR,mir_to_gene,,0.3331819772720337,0.333214670419693,0.3335171043872833,0.3336610496044159,0.33233508467674255
2,MIMAT0000252,PAK1,mir_to_gene,,0.4996933341026306,0.49922898411750793,0.5001271963119507,0.5009279847145081,0.4984890818595886
2,MIMAT0000252,GNA12,mir_to_gene,,0.4994475245475769,0.4988442063331604,0.5005045533180237,0.50051349401474,0.49792784452438354
2,MIMAT0000252,CACNG5,mir_to_gene,,0.49941256642341614,0.49832046031951904,0.5003173351287842,0.5004207491874695,0.4985917806625366
2,MIMAT0000441,TAOK1,mir_to_gene,,0.33320167660713196,0.33329617977142334,0.3334338068962097,0.33337700366973877,0.33269965648651123
2,RASGRF1,fu:94ced6e1,gene_to_fu,,0.2500954270362854,0.24988478422164917,0.2501128911972046,0.2498115599155426,0.2505725026130676
2,RASGRF2,fu:94ced6e1,gene_to_fu,,0.24998748302459717,0.24939271807670593,0.24989594519138336,0.24984557926654816,0.25081565976142883
2,DUSP10,fu:426ff04d,gene_to_fu,,0.09073968976736069,0.0903412252664566,0.09090523421764374,0.09087947756052017,0.09083282947540283
2,DUSP1,fu:426ff04d,gene_to_fu,,0.09085581451654434,0.09106598049402237,0.09093634784221649,0.0908585861325264,0.09056234359741211
2,DUSP2,fu:426ff04d,gene_to_fu,,0.09089401364326477,0.09125886112451553,0.09090525656938553,0.09096887707710266,0.09044308960437775
2,DUSP4,fu:426ff04d,gene_to_fu,,0.09087014198303223,0.09105915576219559,0.09087537974119186,0.0909300372004509,0.09061600267887115
2,DUSP5,fu:426ff04d,gene_to_fu,,0.09074465930461884,0.09111467003822327,0.09099667519330978,0.09096288681030273,0.08990439772605896
2,DUSP6,fu:426ff04d,gene_to_fu,,0.09085331857204437,0.09059109538793564,0.09086445719003677,0.09090128540992737,0.09105643630027771
2,DUSP7,fu:426ff04d,gene_to_fu,,0.0908224806189537,0.09085731208324432,0.09097197651863098,0.09091923385858536,0.09054138511419296
2,DUSP8,fu:426ff04d,gene_to_fu,,0.0912221297621727,0.09095238894224167,0.09085663408041,0.09086295962333679,0.09221652895212173
2,DUSP9,fu:426ff04d,gene_to_fu,,0.09101971983909607,0.0908915102481842,0.09071622788906097,0.09090172499418259,0.0915694385766983
2,DUSP16,fu:426ff04d,gene_to_fu,,0.0910593569278717,0.09089753031730652,0.09106142073869705,0.09089865535497665,0.09137982130050659
2,DUSP3,fu:eb0913c8,gene_to_fu,,0.1997571587562561,0.20073075592517853,0.20047245919704437,0.199870765209198,0.1979546695947647
2,PTPN7,fu:eb0913c8,gene_to_fu,,0.19954007863998413,0.19955778121948242,0.1999165415763855,0.20003286004066467,0.19865307211875916
2,PTPRR,fu:eb0913c8,gene_to_fu,,0.20006300508975983,0.19905239343643188,0.19981010258197784,0.19986657798290253,0.20152296125888824
2,PTPN5,fu:eb0913c8,gene_to_fu,,0.20065654814243317,0.20062093436717987,0.1997053027153015,0.20010820031166077,0.2021917849779129
2,PPM1B,fu:8f4928df,gene_to_fu,,0.5002118945121765,0.5003632307052612,0.4994949996471405,0.49969202280044556,0.5012972950935364
2,FASLG,fu:e31b7340,gene_to_fu,,0.5001415610313416,0.5003335475921631,0.4998900294303894,0.4995594322681427,0.5007832646369934
2,MAP4K4,fu:2800db3e,gene_to_fu,,0.5002435445785522,0.5000355839729309,0.4993256628513336,0.4994986057281494,0.5021142959594727
2,PLA2G4B,fu:ad28b956,gene_to_fu,,0.11074942350387573,0.11052139848470688,0.11140656471252441,0.11182626336812973,0.10924344509840012
2,PLA2G4E,fu:ad28b956,gene_to_fu,,0.11118261516094208,0.11100264638662338,0.1110989898443222,0.11094960570335388,0.11167921125888824
2,PLA2G4F,fu:ad28b956,gene_to_fu,,0.1111791729927063,0.11090964823961258,0.11088735610246658,0.11113245785236359,0.11178722232580185
2,PLA2G4D,fu:ad28b956,gene_to_fu,,0.11134748160839081,0.11141575127840042,0.11100312322378159,0.11101804673671722,0.11195303499698639
2,PLA2G4A,fu:ad28b956,gene_to_fu,,0.11109933257102966,0.11090994626283646,0.11113698035478592,0.11092934757471085,0.11142104864120483
2,PLA2G4C,fu:ad28b956,gene_to_fu,,0.11120959371328354,0.11133629828691483,0.11102060973644257,0.11087439209222794,0.11160706728696823
2,JMJD7-PLA2G4B,fu:ad28b956,gene_to_fu,,0.11143705993890762,0.11205583065748215,0.11097873747348785,0.11100021004676819,0.1117134764790535
2,STMN1,fu:d344b8ad,gene_to_fu,,0.3332458734512329,0.33416548371315,0.3337632417678833,0.33288639783859253,0.3321684002876282
2,MAPT,fu:3ee88785,gene_to_fu,,0.3339298963546753,0.33431383967399597,0.3333979547023773,0.3328257203102112,0.3351820111274719
2,NFKB1,fu:6a14651d,gene_to_fu,,0.1426871120929718,0.14256377518177032,0.14297239482402802,0.1429455727338791,0.14226669073104858
2,NFKB2,fu:6a14651d,gene_to_fu,,0.1429121494293213,0.14258038997650146,0.14271573722362518,0.14282865822315216,0.14352378249168396
2,RELA,fu:6a14651d,gene_to_fu,,0.14317795634269714,0.14359521865844727,0.14270783960819244,0.14261436462402344,0.143794447183609
2,RELB,fu:6a14651d,gene_to_fu,,0.14336124062538147,0.14329412579536438,0.14245489239692688,0.14273852109909058,0.14495743811130524
2,CHUK,fu:42758e63,gene_to_fu,,0.12539175152778625,0.12478218972682953,0.12469486147165298,0.12480150908231735,0.12728844583034515
2,IKBKB,fu:42758e63,gene_to_fu,,0.1252325028181076,0.12477315217256546,0.12457660585641861,0.12479184567928314,0.1267884075641632
2,IKBKG,fu:42758e63,gene_to_fu,,0.12476174533367157,0.12550503015518188,0.12524822354316711,0.12482665479183197,0.1234670951962471
2,MAP3K14,fu:cd063ff0,gene_to_fu,,0.24948392808437347,0.24939094483852386,0.24988321959972382,0.24915781617164612,0.2495037168264389
2,MAPK1,fu:7322350d,gene_to_fu,,0.1428738236427307,0.14275914430618286,0.14277483522891998,0.14256049692630768,0.14340084791183472
2,MAPK3,fu:7322350d,gene_to_fu,,0.14278385043144226,0.14277076721191406,0.14275053143501282,0.14267030358314514,0.14294381439685822
2,LAMTOR3,fu:cd963cb8,gene_to_fu,,0.33327972888946533,0.3333025276660919,0.33341479301452637,0.3334627151489258,0.33293890953063965
2,MAP2K2,fu:edebe3a1,gene_to_fu,,0.1250603348016739,0.12499464303255081,0.12465670704841614,0.12465362250804901,0.1259363889694214
2,MAP2K1,fu:6d8ebe0b,gene_to_fu,,0.12505197525024414,0.12494298070669174,0.12483541667461395,0.1246691569685936,0.12576036155223846
2,RAF1,fu:3e4de2c7,gene_to_fu,,0.2501620650291443,0.24968893826007843,0.24957074224948883,0.24963130056858063,0.2517572343349457
2,BRAF,fu:b344d97f,gene_to_fu,,0.250505656003952,0.24960553646087646,0.24932345747947693,0.24964073300361633,0.2534528970718384
2,RASA1,fu:4362baed,gene_to_fu,,0.49981504678726196,0.4998164474964142,0.5001650452613831,0.5000271797180176,0.49925151467323303
2,NF1,fu:7f8d78d3,gene_to_fu,,0.5003468990325928,0.49984726309776306,0.49976488947868347,0.4994136691093445,0.5023618340492249
2,PRKCA,fu:91b0acc6,gene_to_fu,,0.249862939119339,0.24976249039173126,0.2502467930316925,0.24979235231876373,0.24965015053749084
2,PRKCB,fu:91b0acc6,gene_to_fu,,0.24993106722831726,0.24993710219860077,0.25012239813804626,0.24978433549404144,0.24988043308258057
2,PRKCG,fu:91b0acc6,gene_to_fu,,0.25023335218429565,0.2501053214073181,0.24951951205730438,0.24992769956588745,0.25138092041015625
2,RAP1A,fu:8a875718,gene_to_fu,,0.24988317489624023,0.25042858719825745,0.25019127130508423,0.24986602365970612,0.24904681742191315
2,RAP1B,fu:8a875718,gene_to_fu,,0.24987061321735382,0.2506161332130432,0.25002846121788025,0.24990881979465485,0.24892906844615936
2,PRKACA,fu:67180032,gene_to_fu,,0.24998700618743896,0.2496567964553833,0.25003135204315186,0.24979960918426514,0.2504602372646332
2,PRKACB,fu:67180032,gene_to_fu,,0.24996840953826904,0.25052788853645325,0.2502087950706482,0.2500154972076416,0.24912141263484955
2,PRKACG,fu:67180032,gene_to_fu,,0.2500111758708954,0.24964159727096558,0.24973247945308685,0.24998584389686584,0.2506847679615021
2,RAPGEF2,fu:292747d5,gene_to_fu,,0.5004240274429321,0.5006015300750732,0.49956536293029785,0.49936386942863464,0.5021654367446899
2,RASA2,fu:a74f111b,gene_to_fu,,0.33386504650115967,0.3337360620498657,0.333085298538208,0.3331699073314667,0.33546891808509827
2,RRAS2,fu:de327064,gene_to_fu,,0.06663016229867935,0.06701233237981796,0.0667029395699501,0.06656045466661453,0.066244937479496
2,MRAS,fu:de327064,gene_to_fu,,0.06659087538719177,0.06680326163768768,0.0667685940861702,0.06663739681243896,0.06615424156188965
2,HRAS,fu:de327064,gene_to_fu,,0.06661593168973923,0.06720876693725586,0.06675386428833008,0.0666285902261734,0.06587250530719757
2,KRAS,fu:de327064,gene_to_fu,,0.06654692441225052,0.06714588403701782,0.0669310986995697,0.06658785045146942,0.06552285701036453
2,NRAS,fu:de327064,gene_to_fu,,0.06658332049846649,0.06672021001577377,0.06672742962837219,0.06670928001403809,0.06617636978626251
2,RRAS,fu:de327064,gene_to_fu,,0.06670249998569489,0.06681014597415924,0.06666159629821777,0.06667234748601913,0.06666593253612518
2,RASGRP1,fu:3306f113,gene_to_fu,,0.16662509739398956,0.1668371856212616,0.16692772507667542,0.16660581529140472,0.16612963378429413
2,RASGRP2,fu:3306f113,gene_to_fu,,0.16675837337970734,0.16674676537513733,0.1666073054075241,0.1666700541973114,0.1670094132423401
2,RASGRP4,fu:3306f113,gene_to_fu,,0.16687555611133575,0.16660331189632416,0.16631613671779633,0.1667383909225464,0.16784438490867615
2,RASGRP3,fu:3306f113,gene_to_fu,,0.16665495932102203,0.16631834208965302,0.16677972674369812,0.16653652489185333,0.16698525846004486
2,SOS1,fu:1296c511,gene_to_fu,,0.33334100246429443,0.33298400044441223,0.3332713544368744,0.333217054605484,0.3338916003704071
2,SOS2,fu:1296c511,gene_to_fu,,0.3335179388523102,0.33360815048217773,0.3332391381263733,0.3331567645072937,0.3340676724910736
2,GNA12,fu:618f9b57,gene_to_fu,,0.3330686092376709,0.332829087972641,0.332477867603302,0.3338640630245209,0.3331034779548645
2,GNG12,fu:618f9b57,gene_to_fu,,0.33360281586647034,0.3336937427520752,0.3343788981437683,0.3326343894004822,0.33370423316955566
2,GRB2,fu:25ce285e,gene_to_fu,,0.333503395318985,0.33525925874710083,0.3333960771560669,0.33268430829048157,0.33267390727996826
2,CSF1R,fu:a5ece49b,gene_to_fu,,0.03572941944003105,0.03578922152519226,0.035662755370140076,0.035684600472450256,0.035781096667051315
2,EGFR,fu:a5ece49b,gene_to_fu,,0.03565066307783127,0.03552420064806938,0.03578228875994682,0.03581790626049042,0.03547826036810875
2,EPHA2,fu:a5ece49b,gene_to_fu,,0.035750795155763626,0.03591463714838028,0.035721078515052795,0.03570006415247917,0.035667408257722855
2,ERBB2,fu:a5ece49b,gene_to_fu,,0.03573667258024216,0.03558097407221794,0.03564466908574104,0.03565350919961929,0.03606753051280975
2,ERBB3,fu:a5ece49b,gene_to_fu,,0.035699695348739624,0.03543159365653992,0.035607267171144485,0.035659272223711014,0.03610065206885338
2,ERBB4,fu:a5ece49b,gene_to_fu,,0.03565201908349991,0.0355612114071846,0.03573533147573471,0.035805944353342056,0.03550558537244797
2,FGFR1,fu:a5ece49b,gene_to_fu,,0.03571922704577446,0.035754770040512085,0.035789936780929565,0.03587081655859947,0.03546138480305672
2,FGFR3,fu:a5ece49b,gene_to_fu,,0.035785213112831116,0.03587387874722481,0.03567888215184212,0.0357174389064312,0.03587064892053604
2,FGFR2,fu:a5ece49b,gene_to_fu,,0.035702355206012726,0.03580887243151665,0.03574803099036217,0.035659849643707275,0.03559266775846481
2,FGFR4,fu:a5ece49b,gene_to_fu,,0.035804685205221176,0.03582042083144188,0.03564223647117615,0.03568863868713379,0.03606744110584259
2,FLT1,fu:a5ece49b,gene_to_fu,,0.035640981048345566,0.035529725253582,0.03576559200882912,0.03561924397945404,0.03564935550093651
2,FLT3,fu:a5ece49b,gene_to_fu,,0.03570280969142914,0.03569769114255905,0.03573502227663994,0.03563894331455231,0.03573957830667496
2,FLT4,fu:a5ece49b,gene_to_fu,,0.03575284779071808,0.03585316613316536,0.03567942604422569,0.03566482290625572,0.03581397235393524
2,IGF1R,fu:a5ece49b,gene_to_fu,,0.03567248210310936,0.03538360819220543,0.03563466668128967,0.03563546761870384,0.036036182194948196
2,INSR,fu:a5ece49b,gene_to_fu,,0.035720329731702805,0.03541426360607147,0.03563310578465462,0.03562309220433235,0.036210861057043076
2,KDR,fu:a5ece49b,gene_to_fu,,0.03567371144890785,0.03565484657883644,0.03573179244995117,0.03573257476091385,0.035575639456510544
2,KIT,fu:a5ece49b,gene_to_fu,,0.03567621484398842,0.03566981852054596,0.035798579454422,0.035885289311409,0.03535117208957672
2,MET,fu:a5ece49b,gene_to_fu,,0.035667069256305695,0.03563336655497551,0.035807717591524124,0.03585067391395569,0.03537651523947716
2,NGFR,fu:a5ece49b,gene_to_fu,,0.03570323437452316,0.036018967628479004,0.03577625751495361,0.035865772515535355,0.035151947289705276
2,NTRK1,fu:a5ece49b,gene_to_fu,,0.03579329699277878,0.035705722868442535,0.03558726981282234,0.035633545368909836,0.0362466424703598
2,NTRK2,fu:a5ece49b,gene_to_fu,,0.035675279796123505,0.035720862448215485,0.035759177058935165,0.03573017939925194,0.03549090772867203
2,PDGFRA,fu:a5ece49b,gene_to_fu,,0.03569914773106575,0.03575868159532547,0.03578687086701393,0.03578876703977585,0.03546226769685745
2,PDGFRB,fu:a5ece49b,gene_to_fu,,0.03580337390303612,0.03589264675974846,0.03563317283987999,0.035665418952703476,0.036022260785102844
2,RET,fu:a5ece49b,gene_to_fu,,0.03582904487848282,0.03601449355483055,0.03568658232688904,0.035688504576683044,0.03592659533023834
2,TEK,fu:a5ece49b,gene_to_fu,,0.03567449003458023,0.03551992401480675,0.03566211462020874,0.035627275705337524,0.03588864579796791
2,CACNG3,fu:5010a05c,gene_to_fu,,0.036977119743824005,0.03721095621585846,0.037088543176651,0.03698902204632759,0.036619968712329865
2,CACNG2,fu:5010a05c,gene_to_fu,,0.03692261502146721,0.03711070120334625,0.03712780401110649,0.03700484707951546,0.036447104066610336
2,CACNG5,fu:5010a05c,gene_to_fu,,0.03696984052658081,0.03703789785504341,0.037128202617168427,0.03708977252244949,0.03662348911166191
2,CACNG4,fu:5010a05c,gene_to_fu,,0.03695424646139145,0.03700012341141701,0.037035588175058365,0.03701654076576233,0.0367647260427475
2,CACNA2D3,fu:5010a05c,gene_to_fu,,0.037050213664770126,0.037098441272974014,0.03710092231631279,0.037043001502752304,0.0369584821164608
2,CACNG8,fu:5010a05c,gene_to_fu,,0.036992333829402924,0.03699414059519768,0.037060536444187164,0.03718455508351326,0.036730118095874786
2,CACNG7,fu:5010a05c,gene_to_fu,,0.037032827734947205,0.03739934042096138,0.037100307643413544,0.03703802078962326,0.03659363090991974
2,CACNG6,fu:5010a05c,gene_to_fu,,0.03706307336688042,0.037338800728321075,0.03703435882925987,0.03702696040272713,0.03685217723250389
2,CACNA1A,fu:5010a05c,gene_to_fu,,0.0370449423789978,0.03682205080986023,0.036963608115911484,0.037015218287706375,0.03737889602780342
2,CACNA1B,fu:5010a05c,gene_to_fu,,0.03708905726671219,0.036834895610809326,0.03693884611129761,0.03701263293623924,0.03756984695792198
2,CACNA1C,fu:5010a05c,gene_to_fu,,0.0370328426361084,0.03689974918961525,0.037000395357608795,0.03701197728514671,0.03721923753619194
2,CACNA1D,fu:5010a05c,gene_to_fu,,0.03702202066779137,0.03679478541016579,0.03698248788714409,0.037015799432992935,0.037295013666152954
2,CACNA1E,fu:5010a05c,gene_to_fu,,0.03705846518278122,0.036910392343997955,0.03695373982191086,0.0370098315179348,0.03735989332199097
2,CACNA1F,fu:5010a05c,gene_to_fu,,0.03711792454123497,0.036966875195503235,0.03694065287709236,0.03703997656702995,0.03752419725060463
2,CACNA1S,fu:5010a05c,gene_to_fu,,0.03711015358567238,0.03681735694408417,0.03693447262048721,0.03701399266719818,0.03767479211091995
2,CACNA2D1,fu:5010a05c,gene_to_fu,,0.03701591119170189,0.03698550909757614,0.03706391900777817,0.03706207498908043,0.03695213794708252
2,CACNB1,fu:5010a05c,gene_to_fu,,0.03704741597175598,0.03708100691437721,0.0371207520365715,0.037038370966911316,0.036949533969163895
2,CACNB2,fu:5010a05c,gene_to_fu,,0.03704521059989929,0.03722275048494339,0.037154268473386765,0.03703552857041359,0.03676830232143402
2,CACNB3,fu:5010a05c,gene_to_fu,,0.03703702986240387,0.03722868487238884,0.03709253668785095,0.03707829862833023,0.036748599261045456
2,CACNB4,fu:5010a05c,gene_to_fu,,0.03701966255903244,0.037068597972393036,0.03709327057003975,0.0370519645512104,0.036864809691905975
2,CACNG1,fu:5010a05c,gene_to_fu,,0.03704821690917015,0.03742970526218414,0.03717944398522377,0.036963604390621185,0.0366201214492321
2,CACNA1I,fu:5010a05c,gene_to_fu,,0.03707389906048775,0.0368233397603035,0.036964576691389084,0.037032533437013626,0.03747515380382538
2,CACNA1H,fu:5010a05c,gene_to_fu,,0.0370766818523407,0.036914318799972534,0.03688457980751991,0.03702874854207039,0.037479083985090256
2,CACNA1G,fu:5010a05c,gene_to_fu,,0.037121910601854324,0.03695441782474518,0.03691624850034714,0.03705244138836861,0.037564534693956375
2,CACNA2D2,fu:5010a05c,gene_to_fu,,0.03699970245361328,0.03701520338654518,0.03705189749598503,0.037063512951135635,0.03686819225549698
2,CACNA2D4,fu:5010a05c,gene_to_fu,,0.037038132548332214,0.03699477016925812,0.03705165162682533,0.037043921649456024,0.03706219792366028
2,NR4A1,fu:cf682b35,gene_to_fu,,0.3342211842536926,0.33375564217567444,0.33327871561050415,0.3329395353794098,0.33691078424453735
2,MAPK7,fu:28d0b5d1,gene_to_fu,,0.3342055082321167,0.334728479385376,0.33306366205215454,0.332700252532959,0.33632975816726685
2,MAP2K5,fu:e95555b8,gene_to_fu,,0.5000364780426025,0.49982619285583496,0.4994804263114929,0.49964118003845215,0.5011980533599854
2,NLK,fu:cf3a93c5,gene_to_fu,,0.33374282717704773,0.33428964018821716,0.33311840891838074,0.33261480927467346,0.33494845032691956
2,CDC25B,fu:d7926132,gene_to_fu,,0.3342576324939728,0.3343003988265991,0.3328467011451721,0.3328152298927307,0.33706820011138916
2,RPS6KA4,fu:5ae2c9f2,gene_to_fu,,0.2506980299949646,0.250571608543396,0.24930483102798462,0.24967707693576813,0.25323858857154846
2,RPS6KA5,fu:5ae2c9f2,gene_to_fu,,0.24978061020374298,0.24944986402988434,0.25021782517433167,0.25005531311035156,0.24939940869808197
2,MAPKAPK3,fu:665381ed,gene_to_fu,,0.24971827864646912,0.24915426969528198,0.24975505471229553,0.24987302720546722,0.2500907778739929
2,MAPKAPK2,fu:665381ed,gene_to_fu,,0.24982978403568268,0.24997112154960632,0.25003835558891296,0.2496027946472168,0.24970686435699463
2,ATF4,fu:3d349895,gene_to_fu,,0.2502225637435913,0.2502574026584625,0.25049135088920593,0.2496090531349182,0.2505324184894562
2,MEF2C,fu:ab399c96,gene_to_fu,,0.3333931267261505,0.3332362473011017,0.33310195803642273,0.3332633972167969,0.33397093415260315
2,MAX,fu:11606ae6,gene_to_fu,,0.33319661021232605,0.33518174290657043,0.33396628499031067,0.3326917290687561,0.3309467136859894
2,DDIT3,fu:531a5e06,gene_to_fu,,0.33348315954208374,0.33662939071655273,0.33358678221702576,0.33266884088516235,0.33104750514030457
2,ELK4,fu:fa58328a,gene_to_fu,,0.33372268080711365,0.33386993408203125,0.3334069550037384,0.33277642726898193,0.334837406873703
2,TP53,fu:19f5b351,gene_to_fu,,0.24997803568840027,0.2503102421760559,0.24984610080718994,0.24952811002731323,0.2502276599407196
2,ELK1,fu:ee039625,gene_to_fu,,0.2504470944404602,0.25078508257865906,0.2495926022529602,0.24965155124664307,0.2517591118812561
2,ATF2,fu:256c4bca,gene_to_fu,,0.33346542716026306,0.3335561752319336,0.33340030908584595,0.33319106698036194,0.333714097738266
2,MAPK14,fu:295bf12c,gene_to_fu,,0.11108998209238052,0.11109600961208344,0.11110227555036545,0.11114560067653656,0.11101606488227844
2,MAPK11,fu:295bf12c,gene_to_fu,,0.11116614937782288,0.11140595376491547,0.11098791658878326,0.11101586371660233,0.11125487834215164
2,MAPK13,fu:295bf12c,gene_to_fu,,0.11103779077529907,0.11095380783081055,0.11129511892795563,0.11095494031906128,0.11094729602336884
2,MAPK12,fu:295bf12c,gene_to_fu,,0.11118920147418976,0.1114373654127121,0.11119107902050018,0.11102162301540375,0.1111067458987236
2,PPP5C,fu:944102db,gene_to_fu,,0.5001552700996399,0.4998006820678711,0.49986734986305237,0.49961212277412415,0.5013409852981567
2,MAP2K6,fu:ebeb97f3,gene_to_fu,,0.1249246597290039,0.12494755536317825,0.12502755224704742,0.12463986873626709,0.12508365511894226
2,MAP2K3,fu:8a4c69b0,gene_to_fu,,0.12493166327476501,0.1250023990869522,0.12501412630081177,0.12464212626218796,0.12506800889968872
2,DUSP10,fu:282f2b98,gene_to_fu,,0.11088749766349792,0.11039139330387115,0.11110374331474304,0.11106587946414948,0.11098898202180862
2,DUSP2,fu:282f2b98,gene_to_fu,,0.11107609421014786,0.111512690782547,0.11110377311706543,0.11117513477802277,0.11051276326179504
2,DUSP4,fu:282f2b98,gene_to_fu,,0.11104691028594971,0.11126866191625595,0.1110672578215599,0.11112766712903976,0.1107240542769432
2,DUSP5,fu:282f2b98,gene_to_fu,,0.11089359223842621,0.11133649945259094,0.1112155020236969,0.11116781830787659,0.10985453426837921
2,DUSP7,fu:282f2b98,gene_to_fu,,0.11098866909742355,0.11102202534675598,0.11118531227111816,0.11111446470022202,0.11063287407159805
2,DUSP8,fu:282f2b98,gene_to_fu,,0.11147698760032654,0.11113820225000381,0.11104434728622437,0.11104568839073181,0.11267973482608795
2,DUSP9,fu:282f2b98,gene_to_fu,,0.11122967302799225,0.11106380820274353,0.11087273806333542,0.11109306663274765,0.1118890568614006
2,DUSP16,fu:282f2b98,gene_to_fu,,0.11127811670303345,0.1110711619257927,0.11129463464021683,0.1110893115401268,0.11165735870599747
2,DUSP3,fu:0eea7c8b,gene_to_fu,,0.1997571587562561,0.20073075592517853,0.20047245919704437,0.199870765209198,0.1979546695947647
2,PTPN7,fu:0eea7c8b,gene_to_fu,,0.19954007863998413,0.19955778121948242,0.1999165415763855,0.20003286004066467,0.19865307211875916
2,PTPRR,fu:0eea7c8b,gene_to_fu,,0.20006300508975983,0.19905239343643188,0.19981010258197784,0.19986657798290253,0.20152296125888824
2,PTPN5,fu:0eea7c8b,gene_to_fu,,0.20065654814243317,0.20062093436717987,0.1997053027153015,0.20010820031166077,0.2021917849779129
2,PPM1A,fu:67e73720,gene_to_fu,,0.4999281167984009,0.4999249279499054,0.49962058663368225,0.49963927268981934,0.500527560710907
2,AKT3,fu:7fdcbeec,gene_to_fu,,0.2497977316379547,0.24979592859745026,0.2501492500305176,0.25078147649765015,0.24846425652503967
2,AKT1,fu:7fdcbeec,gene_to_fu,,0.24986587464809418,0.2497105449438095,0.2501201927661896,0.2500686049461365,0.24956418573856354
2,AKT2,fu:7fdcbeec,gene_to_fu,,0.25029096007347107,0.2503872215747833,0.24973620474338531,0.2494734823703766,0.2515668570995331
2,TAOK3,fu:de878e1b,gene_to_fu,,0.250009149312973,0.24991242587566376,0.24993093311786652,0.24975968897342682,0.2504335641860962
2,TAOK1,fu:de878e1b,gene_to_fu,,0.24964392185211182,0.24933600425720215,0.25027772784233093,0.25039568543434143,0.24856626987457275
2,TAOK2,fu:de878e1b,gene_to_fu,,0.2503281235694885,0.2506914436817169,0.24977612495422363,0.24982258677482605,0.2510223686695099
2,MAP3K4,fu:d2a67a69,gene_to_fu,,0.33372265100479126,0.33243897557258606,0.3330695331096649,0.3329399824142456,0.33644217252731323
2,HSPB1,fu:52a04670,gene_to_fu,,0.2508465647697449,0.2537164092063904,0.2500118017196655,0.24940484762191772,0.2502531409263611
2,MAP3K7,fu:ae916742,gene_to_fu,,0.2002033293247223,0.19999690353870392,0.19976243376731873,0.1995878964662552,0.20146608352661133
2,MAP3K5,fu:d9ef3265,gene_to_fu,,0.16705511510372162,0.16667987406253815,0.166302889585495,0.16638384759426117,0.16885381937026978
2,MAP3K6,fu:4b9b7996,gene_to_fu,,0.5006946325302124,0.500551700592041,0.4993150234222412,0.499688059091568,0.503223717212677
2,MAP3K20,fu:36a80391,gene_to_fu,,0.5,0.5,0.5,0.5,0.5
2,MAP3K12,fu:ddbbf138,gene_to_fu,,0.3337746262550354,0.33320826292037964,0.33288735151290894,0.3332773745059967,0.33572548627853394
2,MAP3K13,fu:ddbbf138,gene_to_fu,,0.33313047885894775,0.3334226906299591,0.33349791169166565,0.33313390612602234,0.3324674665927887
2,MAP3K9,fu:fb8bcd03,gene_to_fu,,0.25031331181526184,0.2498909831047058,0.2495374083518982,0.24940921366214752,0.25241562724113464
2,MAP3K10,fu:fb8bcd03,gene_to_fu,,0.25054943561553955,0.2510404884815216,0.249439537525177,0.24952638149261475,0.2521912455558777
2,MAP3K21,fu:fb8bcd03,gene_to_fu,,0.24923035502433777,0.24895867705345154,0.2508716285228729,0.2510952651500702,0.24599586427211761
2,MAP4K2,fu:18665bcd,gene_to_fu,,0.3335297107696533,0.3334476351737976,0.3331695795059204,0.33317387104034424,0.33432772755622864
2,STK3,fu:3e5ba6c9,gene_to_fu,,0.2501058280467987,0.24982379376888275,0.2499297559261322,0.24951410293579102,0.25115567445755005
2,STK4,fu:3e5ba6c9,gene_to_fu,,0.2498769462108612,0.24964888393878937,0.24988135695457458,0.2501155734062195,0.24986198544502258
2,ECSIT,fu:c78f0cde,gene_to_fu,,0.5001296401023865,0.5004699230194092,0.4994826018810272,0.49958348274230957,0.5009824633598328
2,TAB2,fu:04aa3206,gene_to_fu,,0.49996912479400635,0.49982747435569763,0.49948549270629883,0.4995836317539215,0.5009799599647522
2,TAB1,fu:57402cbc,gene_to_fu,,0.20028255879878998,0.20026078820228577,0.19965960085391998,0.19981800019741058,0.20139180123806
2,GADD45G,fu:e2184ef8,gene_to_fu,,0.2502042055130005,0.24994421005249023,0.24976253509521484,0.24990159273147583,0.25120851397514343
2,GADD45A,fu:e2184ef8,gene_to_fu,,0.25014403462409973,0.25058990716934204,0.2500307559967041,0.24986882507801056,0.2500866949558258
2,GADD45B,fu:e2184ef8,gene_to_fu,,0.24972914159297943,0.2500388026237488,0.25012800097465515,0.2500517964363098,0.24869801104068756
2,TRAF6,fu:23393f96,gene_to_fu,,0.20008587837219238,0.1998775452375412,0.1999218761920929,0.19984805583953857,0.20069603621959686
2,DAXX,fu:83ff1a97,gene_to_fu,,0.250745564699173,0.2514632046222687,0.24970683455467224,0.24964743852615356,0.2521647810935974
2,TRAF2,fu:c888309f,gene_to_fu,,0.33383697271347046,0.33297765254974365,0.33292698860168457,0.3327927589416504,0.336650550365448
2,CASP3,fu:639267b9,gene_to_fu,,0.3333013951778412,0.33420851826667786,0.3334695100784302,0.3326680362224579,0.33285948634147644
2,CD14,fu:1984f1f8,gene_to_fu,,0.5002915859222412,0.5005109310150146,0.49959373474121094,0.49958592653274536,0.5014756917953491
2,TGFBR1,fu:b909e99b,gene_to_fu,,0.2500613033771515,0.2504473328590393,0.24997349083423615,0.25001242756843567,0.2498120218515396
2,TGFBR2,fu:b909e99b,gene_to_fu,,0.25003552436828613,0.24953679740428925,0.2500065267086029,0.24998410046100616,0.2506146728992462
2,FAS,fu:249a5b6e,gene_to_fu,,0.3331042528152466,0.33316484093666077,0.333003968000412,0.33265137672424316,0.3335968554019928
2,IL1R1,fu:c561a985,gene_to_fu,,0.24995872378349304,0.24886974692344666,0.24973227083683014,0.2497614622116089,0.2514714002609253
2,IL1RAP,fu:c561a985,gene_to_fu,,0.25039467215538025,0.2500461935997009,0.2494969666004181,0.2498360574245453,0.2521994411945343
2,TNFRSF1A,fu:994f289b,gene_to_fu,,0.333758682012558,0.332965224981308,0.33278587460517883,0.33307719230651855,0.33620643615722656
2,TGFB1,fu:e57e5d99,gene_to_fu,,0.2501654028892517,0.2500051259994507,0.2497294396162033,0.2499963790178299,0.25093066692352295
2,TGFB2,fu:e57e5d99,gene_to_fu,,0.24996884167194366,0.2504808008670807,0.2504441440105438,0.24991948902606964,0.2490309327840805
2,TGFB3,fu:e57e5d99,gene_to_fu,,0.24984338879585266,0.24944007396697998,0.2497159242630005,0.24992890655994415,0.2502886652946472
2,IL1A,fu:637bcc89,gene_to_fu,,0.3332727253437042,0.33416977524757385,0.33352339267730713,0.33313068747520447,0.33226707577705383
2,IL1B,fu:637bcc89,gene_to_fu,,0.3333858251571655,0.3330143988132477,0.3332865834236145,0.33321934938430786,0.33402299880981445
2,TNF,fu:888932e7,gene_to_fu,,0.4999648928642273,0.4998592138290405,0.5000022053718567,0.49992379546165466,0.5000744462013245
2,MAPKAPK5,fu:762cb2e5,gene_to_fu,,0.3334003984928131,0.3333343267440796,0.33306416869163513,0.33274611830711365,0.3344569206237793
2,RAC1,fu:cd108692,gene_to_fu,,0.19995824992656708,0.1998574584722519,0.1999739557504654,0.19984425604343414,0.20015732944011688
2,RAC2,fu:cd108692,gene_to_fu,,0.20000649988651276,0.2003660798072815,0.20008349418640137,0.19991444051265717,0.199661985039711
2,RAC3,fu:cd108692,gene_to_fu,,0.20009949803352356,0.2003203183412552,0.1998959630727768,0.1999274045228958,0.20025435090065002
2,CDC42,fu:cd108692,gene_to_fu,,0.19992166757583618,0.19951516389846802,0.20003636181354523,0.2002556174993515,0.19987952709197998
2,PAK1,fu:5d795275,gene_to_fu,,0.199834942817688,0.19919568300247192,0.1998712718486786,0.20007073879241943,0.20020213723182678
2,PAK2,fu:5d795275,gene_to_fu,,0.2003202736377716,0.199516162276268,0.19991794228553772,0.19969458878040314,0.20215243101119995
2,MAP3K2,fu:ed3b49b2,gene_to_fu,,0.24984975159168243,0.24993252754211426,0.25014519691467285,0.2501116394996643,0.24920964241027832
2,MAP3K3,fu:ed3b49b2,gene_to_fu,,0.2501532733440399,0.24973274767398834,0.2494678646326065,0.24977266788482666,0.25163981318473816
2,MAPK8IP2,fu:0d25146a,gene_to_fu,,0.3338206708431244,0.3340194523334503,0.33295637369155884,0.33319681882858276,0.335110068321228
2,MAPK8IP1,fu:0d25146a,gene_to_fu,,0.33327916264533997,0.3332330584526062,0.33342766761779785,0.33325910568237305,0.33319684863090515
2,MAP3K11,fu:7c9a7432,gene_to_fu,,0.2504194378852844,0.25007012486457825,0.24910379946231842,0.24962636828422546,0.25287753343582153
2,MAP2K7,fu:7224dcdb,gene_to_fu,,0.12494289875030518,0.12487334758043289,0.12500327825546265,0.1247372031211853,0.12515775859355927
2,MAPK8,fu:c58de1d0,gene_to_fu,,0.09082280099391937,0.09085299074649811,0.09093796461820602,0.09092190861701965,0.0905783399939537
2,MAPK9,fu:c58de1d0,gene_to_fu,,0.09078878909349442,0.09084007889032364,0.09099281579256058,0.09096963703632355,0.0903526172041893
2,MAPK10,fu:c58de1d0,gene_to_fu,,0.09079455584287643,0.09086815267801285,0.09097237884998322,0.0909283384680748,0.09040933847427368
2,MAP2K4,fu:57055c4e,gene_to_fu,,0.19995760917663574,0.19991153478622437,0.19988645613193512,0.19971922039985657,0.2003132402896881
2,CRK,fu:045e2574,gene_to_fu,,0.2001989781856537,0.20075540244579315,0.199459046125412,0.19974397122859955,0.20083746314048767
2,CRKL,fu:045e2574,gene_to_fu,,0.199956476688385,0.20076622068881989,0.1998928189277649,0.19956858456134796,0.19959834218025208
2,ARRB1,fu:9a241322,gene_to_fu,,0.2502098083496094,0.25072357058525085,0.24988575279712677,0.24970655143260956,0.2505233585834503
2,ARRB2,fu:9a241322,gene_to_fu,,0.2502683997154236,0.2509218752384186,0.25011706352233887,0.24980205297470093,0.2502326965332031
2,MECOM,fu:caaa3f23,gene_to_fu,,0.5002431869506836,0.499850869178772,0.49980005621910095,0.4994634985923767,0.5018582940101624
2,HSPA1A,fu:b00d576a,gene_to_fu,,0.16665923595428467,0.16659227013587952,0.16667747497558594,0.16663286089897156,0.16673432290554047
2,HSPA1B,fu:b00d576a,gene_to_fu,,0.166669100522995,0.16656914353370667,0.16664941608905792,0.16664114594459534,0.16681671142578125
2,HSPA1L,fu:b00d576a,gene_to_fu,,0.16663897037506104,0.16645967960357666,0.16660857200622559,0.166622593998909,0.16686508059501648
2,HSPA6,fu:b00d576a,gene_to_fu,,0.16679799556732178,0.1670268326997757,0.16662389039993286,0.1666957587003708,0.16684550046920776
2,HSPA8,fu:b00d576a,gene_to_fu,,0.16661109030246735,0.16664843261241913,0.16670723259449005,0.16665710508823395,0.16643159091472626
2,JUND,fu:8b469fd4,gene_to_fu,,0.3336288332939148,0.33433327078819275,0.33349668979644775,0.3325577676296234,0.33412760496139526
2,FOS,fu:1f5670d1,gene_to_fu,,0.2506944537162781,0.2522841989994049,0.25026735663414,0.24984197318553925,0.25038427114486694
2,JUN,fu:1f5670d1,gene_to_fu,,0.2493966519832611,0.24852578341960907,0.24982821941375732,0.24941064417362213,0.24982194602489471
2,NFATC3,fu:07c91aa5,gene_to_fu,,0.2506750822067261,0.25057393312454224,0.2497667521238327,0.24974322319030762,0.25261643528938293
2,NFATC1,fu:44d632b3,gene_to_fu,,0.25053921341896057,0.2509492337703705,0.2499193549156189,0.24979743361473083,0.25149086117744446
2,PPP3CA,fu:952968f0,gene_to_fu,,0.1667870134115219,0.16642270982265472,0.1665702909231186,0.1666402369737625,0.16751480102539062
2,PPP3CB,fu:952968f0,gene_to_fu,,0.16689804196357727,0.16662853956222534,0.16631901264190674,0.16656890511512756,0.16807574033737183
2,PPP3CC,fu:952968f0,gene_to_fu,,0.16674238443374634,0.16632555425167084,0.16647116839885712,0.16664503514766693,0.16752776503562927
2,PPP3R1,fu:952968f0,gene_to_fu,,0.16621819138526917,0.16655753552913666,0.1670050024986267,0.16688255965709686,0.16442765295505524
2,PPP3R2,fu:952968f0,gene_to_fu,,0.16673099994659424,0.16740834712982178,0.1669197827577591,0.1665504276752472,0.1660454124212265
2,MAPK8IP3,fu:a02813ab,gene_to_fu,,0.16696923971176147,0.16676411032676697,0.1663351207971573,0.16642168164253235,0.1683560609817505
2,FLNA,fu:0e58f43d,gene_to_fu,,0.33365097641944885,0.33384230732917786,0.33299416303634644,0.3328389525413513,0.334928423166275
2,MAP3K1,fu:96f39533,gene_to_fu,,0.11136016249656677,0.11117551475763321,0.11078003793954849,0.11085379123687744,0.11263133585453033
2,MAP3K8,fu:524928b5,gene_to_fu,,0.5002261400222778,0.5001506209373474,0.4996333122253418,0.49961382150650024,0.5015069246292114
2,MAP4K1,fu:7d8f4352,gene_to_fu,,0.33362245559692383,0.33253201842308044,0.3330315351486206,0.33285975456237793,0.33606642484664917
2,MAP4K3,fu:8150bf29,gene_to_fu,,0.500303328037262,0.49972444772720337,0.49971890449523926,0.4995134472846985,0.5022565126419067
2,FOS,fu:d0883595,gene_to_fu,,0.33348560333251953,0.33437058329582214,0.33374038338661194,0.3328746557235718,0.33295682072639465
2,SRF,fu:491d26a2,gene_to_fu,,0.5000829100608826,0.49996253848075867,0.499807745218277,0.49974289536476135,0.5008184909820557
2,MYC,fu:f2492ea9,gene_to_fu,,0.5002989768981934,0.5010775327682495,0.49991726875305176,0.499636173248291,0.5005650520324707
2,ELK4,fu:d34a15b8,gene_to_fu,,0.2503167986869812,0.25034692883491516,0.25012511014938354,0.24946309626102448,0.2513321042060852
2,ELK1,fu:d5bebf15,gene_to_fu,,0.25044381618499756,0.25089821219444275,0.24964484572410583,0.24964703619480133,0.2515852153301239
2,ATF4,fu:55fad545,gene_to_fu,,0.25010937452316284,0.25021401047706604,0.2504974603652954,0.24961821734905243,0.25010788440704346
2,RPS6KA6,fu:a82b8eb0,gene_to_fu,,0.16678324341773987,0.1665956825017929,0.1666167974472046,0.16647781431674957,0.16744264960289001
2,RPS6KA1,fu:a82b8eb0,gene_to_fu,,0.16684846580028534,0.16674761474132538,0.16660311818122864,0.1665358692407608,0.16750730574131012
2,RPS6KA2,fu:a82b8eb0,gene_to_fu,,0.16692019999027252,0.1669214814901352,0.16652250289916992,0.166483536362648,0.16775329411029816
2,RPS6KA3,fu:a82b8eb0,gene_to_fu,,0.1666448414325714,0.16658182442188263,0.16668765246868134,0.16644693911075592,0.16686297953128815
2,MKNK2,fu:4198d6fe,gene_to_fu,,0.2503645122051239,0.25053489208221436,0.24973425269126892,0.24977810680866241,0.2514107823371887
2,MKNK1,fu:4198d6fe,gene_to_fu,,0.24995514750480652,0.2502395510673523,0.24995195865631104,0.24979117512702942,0.24983784556388855
2,EFNA4-EFNA3,fu:85082bcd,gene_to_fu,,0.017804324626922607,0.017689943313598633,0.017891623079776764,0.017924968153238297,0.017710763961076736
2,CSF1,fu:85082bcd,gene_to_fu,,0.017901524901390076,0.01779327727854252,0.01782829873263836,0.017866788432002068,0.01811772957444191
2,EFNA1,fu:85082bcd,gene_to_fu,,0.017874564975500107,0.018023813143372536,0.017912445589900017,0.01783292181789875,0.017729084938764572
2,EFNA2,fu:85082bcd,gene_to_fu,,0.017908964306116104,0.017987631261348724,0.01784955896437168,0.01783701404929161,0.01796165108680725
2,EFNA3,fu:85082bcd,gene_to_fu,,0.017839381471276283,0.01784004084765911,0.017868252471089363,0.01785591058433056,0.01779332011938095
2,EFNA4,fu:85082bcd,gene_to_fu,,0.017942724749445915,0.017925340682268143,0.017806103453040123,0.017861252650618553,0.018178202211856842
2,EFNA5,fu:85082bcd,gene_to_fu,,0.017905909568071365,0.018043849617242813,0.017885347828269005,0.01785069890320301,0.017843741923570633
2,EGF,fu:85082bcd,gene_to_fu,,0.017873436212539673,0.017675094306468964,0.01780320703983307,0.01788346655666828,0.018131975084543228
2,EREG,fu:85082bcd,gene_to_fu,,0.01783241704106331,0.017829854041337967,0.01785525307059288,0.017870651558041573,0.017773909494280815
2,FGF1,fu:85082bcd,gene_to_fu,,0.01783035323023796,0.017706429585814476,0.01789170131087303,0.017847366631031036,0.017875920981168747
2,FGF2,fu:85082bcd,gene_to_fu,,0.01781567931175232,0.017703231424093246,0.01789083331823349,0.017901133745908737,0.017767516896128654
2,FGF3,fu:85082bcd,gene_to_fu,,0.01785779371857643,0.017878560349345207,0.017814811319112778,0.017860358580946922,0.017877446487545967
2,FGF4,fu:85082bcd,gene_to_fu,,0.017902962863445282,0.01795968785881996,0.01787012815475464,0.017833853140473366,0.017948182299733162
2,FGF5,fu:85082bcd,gene_to_fu,,0.0178251713514328,0.017824264243245125,0.017895899713039398,0.0178410392254591,0.01773948408663273
2,FGF6,fu:85082bcd,gene_to_fu,,0.017868146300315857,0.01780356466770172,0.01780381053686142,0.017851559445261955,0.018013644963502884
2,FGF7,fu:85082bcd,gene_to_fu,,0.017774801701307297,0.01774340309202671,0.017884308472275734,0.017821814864873886,0.017649682238698006
2,FGF8,fu:85082bcd,gene_to_fu,,0.01781649887561798,0.01782306469976902,0.017861664295196533,0.017850780859589577,0.017730489373207092
2,FGF9,fu:85082bcd,gene_to_fu,,0.01789245381951332,0.017896685749292374,0.01783549226820469,0.017862988635897636,0.017974644899368286
2,FGF10,fu:85082bcd,gene_to_fu,,0.01780879497528076,0.017770901322364807,0.017894666641950607,0.017834430560469627,0.017735183238983154
2,VEGFD,fu:85082bcd,gene_to_fu,,0.017804324626922607,0.017689943313598633,0.017891623079776764,0.017924968153238297,0.017710763961076736
2,FLT3LG,fu:85082bcd,gene_to_fu,,0.017897550016641617,0.017977800220251083,0.017870143055915833,0.017845844849944115,0.017896413803100586
2,FGF20,fu:85082bcd,gene_to_fu,,0.0178892370313406,0.0178493931889534,0.017821675166487694,0.017856642603874207,0.018029237166047096
2,FGF21,fu:85082bcd,gene_to_fu,,0.01792231760919094,0.017974479123950005,0.017875252291560173,0.01785922981798649,0.0179803054779768
2,GDNF,fu:85082bcd,gene_to_fu,,0.017888199537992477,0.01799945719540119,0.017871113494038582,0.01783105544745922,0.017851175740361214
2,FGF22,fu:85082bcd,gene_to_fu,,0.017895042896270752,0.017918724566698074,0.017739852890372276,0.017859745770692825,0.01806185021996498
2,ANGPT1,fu:85082bcd,gene_to_fu,,0.01779903657734394,0.017564481124281883,0.01782599277794361,0.017863817512989044,0.017941854894161224
2,ANGPT2,fu:85082bcd,gene_to_fu,,0.01778966374695301,0.017583390697836876,0.017852652817964554,0.017872188240289688,0.017850423231720924
2,HGF,fu:85082bcd,gene_to_fu,,0.01781497895717621,0.017654094845056534,0.017853394150733948,0.017891643568873405,0.017860783264040947
2,IGF1,fu:85082bcd,gene_to_fu,,0.01784691773355007,0.01775178872048855,0.017915617674589157,0.0178404338657856,0.01787983439862728
2,IGF2,fu:85082bcd,gene_to_fu,,0.01789606735110283,0.017975132912397385,0.017866620793938637,0.017834778875112534,0.017907731235027313
2,INS,fu:85082bcd,gene_to_fu,,0.017894279211759567,0.01761925034224987,0.017842479050159454,0.017861714586615562,0.018253665417432785
2,AREG,fu:85082bcd,gene_to_fu,,0.017813589423894882,0.01790263131260872,0.017915770411491394,0.017856331542134285,0.017579618841409683
2,KITLG,fu:85082bcd,gene_to_fu,,0.017865516245365143,0.017950566485524178,0.017892664298415184,0.017842208966612816,0.017776621505618095
2,NGF,fu:85082bcd,gene_to_fu,,0.017848055809736252,0.01805608533322811,0.01789211854338646,0.017834622412919998,0.01760939508676529
2,NRTN,fu:85082bcd,gene_to_fu,,0.017927095293998718,0.01812104694545269,0.01780032552778721,0.017836861312389374,0.01795014925301075
2,NTF3,fu:85082bcd,gene_to_fu,,0.01780327409505844,0.01786523498594761,0.01786503940820694,0.01786223240196705,0.017620589584112167
2,NTF4,fu:85082bcd,gene_to_fu,,0.01793690212070942,0.018079832196235657,0.01780294068157673,0.017849305644631386,0.018015531823039055
2,ANGPT4,fu:85082bcd,gene_to_fu,,0.017811566591262817,0.01761654205620289,0.017829257994890213,0.01787833869457245,0.01792212575674057
2,PDGFA,fu:85082bcd,gene_to_fu,,0.01787833496928215,0.018109990283846855,0.017876187339425087,0.01784084178507328,0.017686326056718826
2,PDGFB,fu:85082bcd,gene_to_fu,,0.01784658059477806,0.017928168177604675,0.01785970665514469,0.01783355139195919,0.017764898017048836
2,PGF,fu:85082bcd,gene_to_fu,,0.017883364111185074,0.017960138618946075,0.01781756430864334,0.017854923382401466,0.01790083572268486
2,PDGFC,fu:85082bcd,gene_to_fu,,0.017857372760772705,0.01773793436586857,0.017804622650146484,0.017864486202597618,0.018022445961833
2,PSPN,fu:85082bcd,gene_to_fu,,0.0178818441927433,0.01778726652264595,0.017796391621232033,0.017878204584121704,0.01806551404297352
2,BDNF,fu:85082bcd,gene_to_fu,,0.01782580092549324,0.017842795699834824,0.01788989268243313,0.017888285219669342,0.017682231962680817
2,TGFA,fu:85082bcd,gene_to_fu,,0.017850862815976143,0.01801920309662819,0.01789870299398899,0.017846934497356415,0.017638610675930977
2,VEGFA,fu:85082bcd,gene_to_fu,,0.017807945609092712,0.017705904319882393,0.017868302762508392,0.017900358885526657,0.017757220193743706
2,VEGFB,fu:85082bcd,gene_to_fu,,0.017854267731308937,0.018070150166749954,0.01792912371456623,0.017847683280706406,0.01757011190056801
2,VEGFC,fu:85082bcd,gene_to_fu,,0.01780262589454651,0.01773100346326828,0.01787620037794113,0.01786542870104313,0.017737874761223793
2,PDGFD,fu:85082bcd,gene_to_fu,,0.017822658643126488,0.017753249034285545,0.017841190099716187,0.01786465011537075,0.01783153973519802
2,FGF23,fu:85082bcd,gene_to_fu,,0.01785026490688324,0.01787516102194786,0.017831487581133842,0.017845774069428444,0.017848636955022812
2,FGF18,fu:85082bcd,gene_to_fu,,0.017827723175287247,0.017835931852459908,0.017912646755576134,0.017852311953902245,0.017710000276565552
2,FGF17,fu:85082bcd,gene_to_fu,,0.01778845116496086,0.017731383442878723,0.017870595678687096,0.017822476103901863,0.01772935315966606
2,FGF16,fu:85082bcd,gene_to_fu,,0.017901713028550148,0.017884761095046997,0.0178365558385849,0.017848018556833267,0.01803751476109028
2,ARTN,fu:85082bcd,gene_to_fu,,0.017931023612618446,0.018057633191347122,0.017810380086302757,0.01784105971455574,0.018015025183558464
2,FGF19,fu:85082bcd,gene_to_fu,,0.017909588292241096,0.018037311732769012,0.017856504768133163,0.017858458682894707,0.017886077985167503
2,TRADD,fu:47df25a3,gene_to_fu,,0.3337644338607788,0.3353517949581146,0.33280473947525024,0.33273690938949585,0.3341643810272217
2,MYD88,fu:c1f44866,gene_to_fu,,0.3336056172847748,0.3353782594203949,0.33335673809051514,0.33271318674087524,0.33297428488731384
2,IRAK1,fu:76a1c54d,gene_to_fu,,0.2507530748844147,0.25057026743888855,0.24935400485992432,0.2496124505996704,0.25347551703453064
2,IRAK4,fu:76a1c54d,gene_to_fu,,0.24960578978061676,0.24938976764678955,0.2502593994140625,0.2500990331172943,0.2486749142408371
2,ARAF,fu:640a8809,gene_to_fu,,0.3337603807449341,0.3329981863498688,0.33273762464523315,0.33297616243362427,0.33632954955101013
2,MAX,fu:e6a13e0d,gene_to_fu,,0.5000127553939819,0.5015853047370911,0.5003859400749207,0.4994536340236664,0.4986259937286377
2,MYC,fu:2fb576e7,gene_to_fu,,0.33309033513069153,0.3326464891433716,0.33288130164146423,0.3329436182975769,0.3338898718357086
2,MAX,fu:2fb576e7,gene_to_fu,,0.1670415699481964,0.33399727940559387,0.33416903018951416,0.0,0.0
2,SRF,fu:19936281,gene_to_fu,,0.16663816571235657,0.0,0.3331429660320282,0.33340972661972046,0.0
2,ELK4,fu:19936281,gene_to_fu,,0.2498888075351715,0.332446813583374,0.33374449610710144,0.0,0.3333638906478882
2,ELK1,fu:19936281,gene_to_fu,,0.24995526671409607,0.3327990472316742,0.0,0.33313611149787903,0.33388593792915344
2,fu:618f9b57,fu:a74f111b,protein_protein_interaction,activation,0.33312660455703735,0.3332386612892151,0.3335024416446686,0.3329682946205139,0.33279696106910706
2,fu:292747d5,fu:de327064,protein_protein_interaction,activation,0.06671828031539917,0.0665753185749054,0.06657708436250687,0.06672569364309311,0.0669950321316719
2,fu:94ced6e1,fu:de327064,protein_protein_interaction,activation,0.06668666005134583,0.06641779094934464,0.06660860031843185,0.06667262315750122,0.06704764068126678
2,fu:3306f113,fu:de327064,protein_protein_interaction,activation,0.06676667183637619,0.0664568766951561,0.06655238568782806,0.06665727496147156,0.06740015000104904
2,fu:8a875718,fu:b344d97f,protein_protein_interaction,activation,0.2496868520975113,0.25027644634246826,0.2503337562084198,0.2500247359275818,0.24811244010925293
2,fu:888932e7,fu:994f289b,protein_protein_interaction,activation,0.3332284390926361,0.3345080316066742,0.333656370639801,0.3332616090774536,0.3314878046512604
2,fu:637bcc89,fu:c561a985,protein_protein_interaction,activation,0.24970480799674988,0.2514965236186981,0.2507624924182892,0.24985000491142273,0.2467101663351059
2,fu:e31b7340,fu:249a5b6e,protein_protein_interaction,activation,0.33360546827316284,0.33353322744369507,0.33354273438453674,0.333638995885849,0.33370691537857056
2,fu:e57e5d99,fu:b909e99b,protein_protein_interaction,activation,0.2498396784067154,0.2500806152820587,0.2500225007534027,0.24993260204792023,0.24932299554347992
2,fu:249a5b6e,fu:83ff1a97,protein_protein_interaction,activation,0.24952873587608337,0.24940550327301025,0.2501986622810364,0.2500758171081543,0.24843493103981018
2,fu:b909e99b,fu:83ff1a97,protein_protein_interaction,activation,0.24993884563446045,0.24949629604816437,0.2498849630355835,0.2499994933605194,0.2503746449947357
2,fu:25ce285e,fu:a5ece49b,protein_protein_interaction,binding/association,0.035672444850206375,0.03581954166293144,0.035834286361932755,0.03580819442868233,0.03522776439785957
2,fu:1296c511,fu:25ce285e,protein_protein_interaction,binding/association,0.3334939181804657,0.33179163932800293,0.33308863639831543,0.33352020382881165,0.3355752229690552
2,fu:04aa3206,fu:23393f96,protein_protein_interaction,binding/association,0.19983983039855957,0.19982300698757172,0.19990916550159454,0.2000068724155426,0.19962024688720703
2,fu:c78f0cde,fu:23393f96,protein_protein_interaction,binding/association,0.19998647272586823,0.20021358132362366,0.1998932957649231,0.20000341534614563,0.1998356133699417
2,fu:491d26a2,fu:d5bebf15,protein_protein_interaction,binding/association,0.249872624874115,0.24965251982212067,0.2500891387462616,0.2501092255115509,0.2496396154165268
2,fu:491d26a2,fu:d34a15b8,protein_protein_interaction,binding/association,0.24992918968200684,0.24988147616386414,0.24986636638641357,0.2501899302005768,0.24977898597717285
2,fu:cd963cb8,fu:6d8ebe0b,protein_protein_interaction,binding/association,0.12490490078926086,0.12496908754110336,0.12511825561523438,0.12513673305511475,0.12439551949501038
2,fu:cd963cb8,fu:edebe3a1,protein_protein_interaction,binding/association,0.12490341812372208,0.12496042251586914,0.125147745013237,0.12513937056064606,0.12436613440513611
2,fu:7322350d,fu:cd963cb8,protein_protein_interaction,binding/association,0.33344054222106934,0.33339494466781616,0.33317047357559204,0.33307456970214844,0.3341221809387207
2,fu:0d25146a,fu:c58de1d0,protein_protein_interaction,binding/association,0.09122695028781891,0.0913972407579422,0.09078650921583176,0.09089630842208862,0.09182774275541306
2,fu:0d25146a,fu:7224dcdb,protein_protein_interaction,binding/association,0.12535083293914795,0.12551076710224152,0.1248791366815567,0.12496312707662582,0.12605027854442596
2,fu:0d25146a,fu:7c9a7432,protein_protein_interaction,binding/association,0.25044679641723633,0.2512159049510956,0.250097393989563,0.24998651444911957,0.2504872977733612
2,fu:0d25146a,fu:7d8f4352,protein_protein_interaction,binding/association,0.33374303579330444,0.33501163125038147,0.33323171734809875,0.33346378803253174,0.3332650661468506
2,fu:c58de1d0,fu:a02813ab,protein_protein_interaction,binding/association,0.16655561327934265,0.16667795181274414,0.1667841374874115,0.1666942685842514,0.16606612503528595
2,fu:57055c4e,fu:a02813ab,protein_protein_interaction,binding/association,0.16656342148780823,0.16662859916687012,0.16677740216255188,0.16671620309352875,0.16613151133060455
2,fu:7224dcdb,fu:a02813ab,protein_protein_interaction,binding/association,0.16655947268009186,0.16661202907562256,0.1668027639389038,0.16673903167247772,0.16608406603336334
2,fu:a02813ab,fu:96f39533,protein_protein_interaction,binding/association,0.11103042960166931,0.11091287434101105,0.11115764081478119,0.11127040535211563,0.11078079044818878
2,fu:7c9a7432,fu:a02813ab,protein_protein_interaction,binding/association,0.16673964262008667,0.16667293012142181,0.16654711961746216,0.16667455434799194,0.16706395149230957
2,fu:c58de1d0,fu:045e2574,protein_protein_interaction,binding/association,0.1999310404062271,0.19939099252223969,0.20029236376285553,0.20027583837509155,0.19976498186588287
2,fu:57055c4e,fu:045e2574,protein_protein_interaction,binding/association,0.19988150894641876,0.1990959346294403,0.20028427243232727,0.20030219852924347,0.1998436450958252
2,fu:57055c4e,fu:0e58f43d,protein_protein_interaction,binding/association,0.33305180072784424,0.33282262086868286,0.3335668742656708,0.33364346623420715,0.3321743607521057
2,fu:57055c4e,fu:9a241322,protein_protein_interaction,binding/association,0.24953533709049225,0.2484060525894165,0.2499709576368332,0.25037723779678345,0.24938708543777466
2,fu:67180032,fu:8a875718,protein_protein_interaction,phosphorylation,0.2502596378326416,0.2491595447063446,0.24976815283298492,0.24992632865905762,0.2521844506263733
2,fu:91b0acc6,fu:de327064,protein_protein_interaction,phosphorylation,0.06676702201366425,0.06641127169132233,0.06656806915998459,0.06664267182350159,0.06744609773159027
2,fu:91b0acc6,fu:3e4de2c7,protein_protein_interaction,phosphorylation,0.2503354549407959,0.2497052550315857,0.24984365701675415,0.24989062547683716,0.2519022524356842
2,fu:1296c511,fu:de327064,protein_protein_interaction,activation,0.06673043221235275,0.06643690913915634,0.06659980863332748,0.06664373725652695,0.06724127382040024
2,fu:de327064,fu:b344d97f,protein_protein_interaction,activation,0.249860942363739,0.25058117508888245,0.25034791231155396,0.25009140372276306,0.2484232485294342
2,fu:de327064,fu:3e4de2c7,protein_protein_interaction,activation,0.24974675476551056,0.2508868873119354,0.25045064091682434,0.25017470121383667,0.2474747896194458
2,fu:b344d97f,fu:6d8ebe0b,protein_protein_interaction,phosphorylation,0.1250281184911728,0.1250160038471222,0.12499437481164932,0.12503795325756073,0.12506411969661713
2,fu:b344d97f,fu:edebe3a1,protein_protein_interaction,phosphorylation,0.12502658367156982,0.12500734627246857,0.12502384185791016,0.12504059076309204,0.12503457069396973
2,fu:3e4de2c7,fu:6d8ebe0b,protein_protein_interaction,phosphorylation,0.12500141561031342,0.1249980702996254,0.1250130832195282,0.12502643465995789,0.12496808916330338
2,fu:3e4de2c7,fu:edebe3a1,protein_protein_interaction,phosphorylation,0.12499990314245224,0.12498939782381058,0.12504255771636963,0.1250290870666504,0.12493856996297836
2,fu:6d8ebe0b,fu:7322350d,protein_protein_interaction,phosphorylation,0.1427522450685501,0.14277493953704834,0.14304737746715546,0.14312568306922913,0.14206096529960632
2,fu:edebe3a1,fu:7322350d,protein_protein_interaction,phosphorylation,0.14275474846363068,0.1427851915359497,0.14301583170890808,0.14312227070331573,0.142095685005188
2,fu:7322350d,fu:3ee88785,protein_protein_interaction,phosphorylation,0.3328592777252197,0.3325173556804657,0.3331926465034485,0.3335770070552826,0.33215007185935974
2,fu:7322350d,fu:d344b8ad,protein_protein_interaction,phosphorylation,0.3334955871105194,0.33270931243896484,0.33268067240715027,0.3337554931640625,0.33483684062957764
2,fu:7322350d,fu:ad28b956,protein_protein_interaction,phosphorylation,0.11070208251476288,0.11067467927932739,0.11132492870092392,0.1111769825220108,0.10963170230388641
2,fu:7322350d,fu:4198d6fe,protein_protein_interaction,phosphorylation,0.24969103932380676,0.24919486045837402,0.25021204352378845,0.25025928020477295,0.24909797310829163
2,fu:7322350d,fu:a82b8eb0,protein_protein_interaction,phosphorylation,0.1662059873342514,0.16640837490558624,0.1668502390384674,0.16736836731433868,0.16419698297977448
2,fu:7322350d,fu:d5bebf15,protein_protein_interaction,phosphorylation,0.2497846484184265,0.2496216893196106,0.2501329779624939,0.2500673234462738,0.24931654334068298
2,fu:7322350d,fu:d34a15b8,protein_protein_interaction,phosphorylation,0.2498411387205124,0.24985063076019287,0.2499101608991623,0.2501480281352997,0.24945573508739471
2,fu:4198d6fe,fu:55fad545,protein_protein_interaction,phosphorylation,0.24979780614376068,0.24997876584529877,0.24972550570964813,0.25014057755470276,0.24934637546539307
2,fu:a82b8eb0,fu:55fad545,protein_protein_interaction,phosphorylation,0.2503443956375122,0.24991241097450256,0.24963997304439545,0.24994300305843353,0.2518822252750397
2,fu:7322350d,fu:2fb576e7,protein_protein_interaction,phosphorylation,0.16664086282253265,0.0,0.0,0.33349350094795227,0.33306995034217834
2,fu:cd108692,fu:96f39533,protein_protein_interaction,activation,0.11118311434984207,0.11201947927474976,0.11134394258260727,0.11094368249177933,0.11042536050081253
2,fu:cd108692,fu:5d795275,protein_protein_interaction,activation,0.20016857981681824,0.2018796056509018,0.2002505362033844,0.19983747601509094,0.1987067610025406
2,fu:639267b9,fu:3e5ba6c9,protein_protein_interaction,activation,0.24999821186065674,0.2506456673145294,0.25019317865371704,0.2502449154853821,0.24890907108783722
2,fu:c888309f,fu:18665bcd,protein_protein_interaction,activation,0.33317840099334717,0.33313560485839844,0.3334522247314453,0.333415150642395,0.3327105939388275
2,fu:c888309f,fu:d9ef3265,protein_protein_interaction,activation,0.1666187047958374,0.1666412651538849,0.1667153388261795,0.1667288839817047,0.1663893163204193
2,fu:c888309f,fu:96f39533,protein_protein_interaction,activation,0.11113689839839935,0.11093065142631531,0.11110047996044159,0.11117211729288101,0.1113443449139595
2,fu:83ff1a97,fu:d9ef3265,protein_protein_interaction,activation,0.1665419340133667,0.16669730842113495,0.16677124798297882,0.16680116951465607,0.16589799523353577
2,fu:e2184ef8,fu:d2a67a69,protein_protein_interaction,activation,0.33335447311401367,0.3358069062232971,0.3333839178085327,0.3332313001155853,0.3309958279132843
2,fu:5d795275,fu:ed3b49b2,protein_protein_interaction,phosphorylation,0.24994876980781555,0.2502388060092926,0.2503679692745209,0.25003501772880554,0.2491532862186432
2,fu:7d8f4352,fu:7c9a7432,protein_protein_interaction,phosphorylation,0.24961446225643158,0.2492998242378235,0.2504764497280121,0.25014591217041016,0.24853567779064178
2,fu:2800db3e,fu:96f39533,protein_protein_interaction,phosphorylation,0.11112748086452484,0.11093225330114365,0.11089503020048141,0.11109763383865356,0.11158501356840134
2,fu:8150bf29,fu:96f39533,protein_protein_interaction,phosphorylation,0.11117823421955109,0.11091063916683197,0.1110791265964508,0.11110115796327591,0.11162199079990387
2,fu:ddbbf138,fu:7224dcdb,protein_protein_interaction,phosphorylation,0.1251659393310547,0.12495951354503632,0.12487077713012695,0.1249135360121727,0.12591996788978577
2,fu:fb8bcd03,fu:7224dcdb,protein_protein_interaction,phosphorylation,0.1251039206981659,0.12499342858791351,0.12485536187887192,0.12494395673274994,0.12562289834022522
2,fu:36a80391,fu:7224dcdb,protein_protein_interaction,phosphorylation,0.12479943037033081,0.12487815320491791,0.1252148300409317,0.12519513070583344,0.123909592628479
2,fu:d9ef3265,fu:8a4c69b0,protein_protein_interaction,phosphorylation,0.12497226893901825,0.1249639168381691,0.12507537007331848,0.12513534724712372,0.1247144341468811
2,fu:d9ef3265,fu:ebeb97f3,protein_protein_interaction,phosphorylation,0.12497349083423615,0.12497313320636749,0.12507320940494537,0.12513570487499237,0.12471193075180054
2,fu:ae916742,fu:cd063ff0,protein_protein_interaction,phosphorylation,0.25018197298049927,0.2502283453941345,0.2500658929347992,0.25040915608406067,0.25002461671829224
2,fu:ae916742,fu:42758e63,protein_protein_interaction,phosphorylation,0.12490656226873398,0.12496557831764221,0.1251126378774643,0.1251640021800995,0.12438405305147171
2,fu:ae916742,fu:8a4c69b0,protein_protein_interaction,phosphorylation,0.12493371218442917,0.1249583512544632,0.12507696449756622,0.12511591613292694,0.12458362430334091
2,fu:ae916742,fu:ebeb97f3,protein_protein_interaction,phosphorylation,0.12493494898080826,0.12496757507324219,0.12507480382919312,0.1251162737607956,0.12458112090826035
2,fu:ae916742,fu:cf3a93c5,protein_protein_interaction,phosphorylation,0.3329971432685852,0.3324422240257263,0.33343005180358887,0.33381569385528564,0.33230060338974
2,fu:4b9b7996,fu:8a4c69b0,protein_protein_interaction,phosphorylation,0.1252465546131134,0.1250620037317276,0.12478629499673843,0.1250453144311905,0.1260925978422165
2,fu:4b9b7996,fu:ebeb97f3,protein_protein_interaction,phosphorylation,0.1252477765083313,0.1250712275505066,0.12478414177894592,0.12504567205905914,0.12609006464481354
2,fu:8a4c69b0,fu:295bf12c,protein_protein_interaction,phosphorylation,0.11097367852926254,0.11081542074680328,0.11120094358921051,0.11130492389202118,0.11057344079017639
2,fu:ebeb97f3,fu:295bf12c,protein_protein_interaction,phosphorylation,0.11096365004777908,0.11077220737934113,0.11120249330997467,0.11130472272634506,0.11057516187429428
2,fu:295bf12c,fu:256c4bca,protein_protein_interaction,phosphorylation,0.33325624465942383,0.33314841985702515,0.3332272171974182,0.33335617184638977,0.3332931697368622
2,fu:295bf12c,fu:ee039625,protein_protein_interaction,phosphorylation,0.24992112815380096,0.24993036687374115,0.25015369057655334,0.24998396635055542,0.24961650371551514
2,fu:295bf12c,fu:19f5b351,protein_protein_interaction,phosphorylation,0.2501279413700104,0.25010740756988525,0.2500368058681488,0.25003913044929504,0.2503284215927124
2,fu:295bf12c,fu:fa58328a,protein_protein_interaction,phosphorylation,0.3330956995487213,0.3330846130847931,0.33321771025657654,0.3335728347301483,0.3325076401233673
2,fu:295bf12c,fu:531a5e06,protein_protein_interaction,phosphorylation,0.3333529233932495,0.33108702301979065,0.333070307970047,0.3336660861968994,0.33558833599090576
2,fu:295bf12c,fu:11606ae6,protein_protein_interaction,phosphorylation,0.33361104130744934,0.33231523633003235,0.3327617347240448,0.3336455523967743,0.33572161197662354
2,fu:295bf12c,fu:ab399c96,protein_protein_interaction,phosphorylation,0.3333042860031128,0.3334959149360657,0.3335689902305603,0.33327430486679077,0.33287790417671204
2,fu:295bf12c,fu:762cb2e5,protein_protein_interaction,phosphorylation,0.33338531851768494,0.3336074948310852,0.3335001468658447,0.3335956633090973,0.33283793926239014
2,fu:295bf12c,fu:665381ed,protein_protein_interaction,phosphorylation,0.2504088282585144,0.2508382499217987,0.2501469850540161,0.2503087520599365,0.2503413259983063
2,fu:295bf12c,fu:5ae2c9f2,protein_protein_interaction,phosphorylation,0.24954888224601746,0.2500191628932953,0.25040900707244873,0.25016748905181885,0.24759985506534576
2,fu:295bf12c,fu:d7926132,protein_protein_interaction,phosphorylation,0.33268943428993225,0.33281591534614563,0.3336748480796814,0.33354294300079346,0.33072397112846375
2,fu:762cb2e5,fu:52a04670,protein_protein_interaction,phosphorylation,0.24969539046287537,0.24837349355220795,0.24996806681156158,0.2502342760562897,0.25020575523376465
2,fu:665381ed,fu:52a04670,protein_protein_interaction,phosphorylation,0.24953623116016388,0.24829630553722382,0.24992911517620087,0.25009405612945557,0.2498254030942917
2,fu:665381ed,fu:3d349895,protein_protein_interaction,phosphorylation,0.24963611364364624,0.24982815980911255,0.2498152107000351,0.2500380277633667,0.24886304140090942
2,fu:5ae2c9f2,fu:3d349895,protein_protein_interaction,phosphorylation,0.2502804100513458,0.2499762326478958,0.24956251680850983,0.2500639259815216,0.25151893496513367
2,fu:e95555b8,fu:28d0b5d1,protein_protein_interaction,phosphorylation,0.3326667547225952,0.3321763873100281,0.3332586884498596,0.3336532711982727,0.33157864212989807
2,fu:28d0b5d1,fu:cf682b35,protein_protein_interaction,phosphorylation,0.3328506648540497,0.3333573043346405,0.3332459628582001,0.333457350730896,0.33134207129478455
2,fu:524928b5,fu:cd063ff0,protein_protein_interaction,phosphorylation,0.25036078691482544,0.25034233927726746,0.249825581908226,0.2502097487449646,0.2510654926300049
2,fu:524928b5,fu:42758e63,protein_protein_interaction,phosphorylation,0.12505225837230682,0.125250443816185,0.12499241530895233,0.12506431341171265,0.12490187585353851
2,fu:524928b5,fu:6d8ebe0b,protein_protein_interaction,phosphorylation,0.12506063282489777,0.12505660951137543,0.12491945922374725,0.12494884431362152,0.12531764805316925
2,fu:524928b5,fu:edebe3a1,protein_protein_interaction,phosphorylation,0.1250590980052948,0.1250479370355606,0.1249489113688469,0.12495148926973343,0.12528805434703827
2,fu:96f39533,fu:42758e63,protein_protein_interaction,phosphorylation,0.12490731477737427,0.12499500066041946,0.12513205409049988,0.12519390881061554,0.12430829554796219
2,fu:96f39533,fu:57055c4e,protein_protein_interaction,phosphorylation,0.19994127750396729,0.19994306564331055,0.2001383900642395,0.20021717250347137,0.1994664967060089
2,fu:7c9a7432,fu:7224dcdb,protein_protein_interaction,phosphorylation,0.12496745586395264,0.12493926286697388,0.12499146908521652,0.12509043514728546,0.12484865635633469
2,fu:96f39533,fu:6d8ebe0b,protein_protein_interaction,phosphorylation,0.12496624886989594,0.1250055581331253,0.12505902349948883,0.12507832050323486,0.12472209334373474
2,fu:96f39533,fu:edebe3a1,protein_protein_interaction,phosphorylation,0.12496474385261536,0.12499689310789108,0.12508851289749146,0.12508095800876617,0.1246926337480545
2,fu:57055c4e,fu:c58de1d0,protein_protein_interaction,phosphorylation,0.09081728756427765,0.09081897884607315,0.09099381417036057,0.0910116508603096,0.09044471383094788
2,fu:7224dcdb,fu:c58de1d0,protein_protein_interaction,phosphorylation,0.09081514924764633,0.09080994874238968,0.09100765734910965,0.09102410823106766,0.09041888266801834
2,fu:c58de1d0,fu:1f5670d1,protein_protein_interaction,phosphorylation,0.24985624849796295,0.2492264062166214,0.24989062547683716,0.2505682110786438,0.24973975121974945
2,fu:c58de1d0,fu:8b469fd4,protein_protein_interaction,phosphorylation,0.33302411437034607,0.33246585726737976,0.3331568241119385,0.3338713049888611,0.3326024115085602
2,fu:c58de1d0,fu:ee039625,protein_protein_interaction,phosphorylation,0.24972987174987793,0.2495695799589157,0.2501731216907501,0.25018349289894104,0.24899329245090485
2,fu:c58de1d0,fu:19f5b351,protein_protein_interaction,phosphorylation,0.24994784593582153,0.24979305267333984,0.2500562369823456,0.25023868680000305,0.24970343708992004
2,fu:c58de1d0,fu:44d632b3,protein_protein_interaction,inhibition|phosphorylation,0.24949395656585693,0.24951687455177307,0.25018683075904846,0.2502894103527069,0.24798275530338287
2,fu:c58de1d0,fu:07c91aa5,protein_protein_interaction,inhibition|phosphorylation,0.2494247704744339,0.2496488094329834,0.2502569556236267,0.25031378865242004,0.24747948348522186
2,fu:952968f0,fu:44d632b3,protein_protein_interaction,dephosphorylation,0.2502709925174713,0.24996115267276764,0.2497125267982483,0.2496107816696167,0.2517995536327362
2,fu:7fdcbeec,fu:d9ef3265,protein_protein_interaction,inhibition|phosphorylation,0.16671407222747803,0.16674239933490753,0.16663992404937744,0.16654682159423828,0.16692715883255005
2,fu:7fdcbeec,fu:57055c4e,protein_protein_interaction,inhibition|phosphorylation,0.20029588043689728,0.2002132534980774,0.19993023574352264,0.19984346628189087,0.20119653642177582
2,fu:952968f0,fu:07c91aa5,protein_protein_interaction,dephosphorylation,0.2502026855945587,0.25010454654693604,0.2497825175523758,0.24963511526584625,0.2512885630130768
2,fu:a74f111b,fu:de327064,protein_protein_interaction,inhibition,0.06665420532226562,0.06644117087125778,0.06666512042284012,0.06674669682979584,0.06676384061574936
2,fu:7f8d78d3,fu:de327064,protein_protein_interaction,inhibition,0.0666985958814621,0.06643278151750565,0.06663385778665543,0.06665730476379395,0.06707044690847397
2,fu:4362baed,fu:de327064,protein_protein_interaction,inhibition,0.06670400500297546,0.06641867756843567,0.06651980429887772,0.06673956662416458,0.06713797152042389
2,fu:eb0913c8,fu:7322350d,protein_protein_interaction,inhibition|dephosphorylation,0.1429566740989685,0.14297623932361603,0.14273369312286377,0.14275440573692322,0.14336234331130981
2,fu:426ff04d,fu:7322350d,protein_protein_interaction,inhibition|dephosphorylation,0.14309877157211304,0.1431334912776947,0.14268870651721954,0.1427403688430786,0.1438325047492981
2,fu:282f2b98,fu:c58de1d0,protein_protein_interaction,inhibition|dephosphorylation,0.09103282541036606,0.09099487960338593,0.09077496826648712,0.09078540652990341,0.09157603234052658
2,fu:282f2b98,fu:295bf12c,protein_protein_interaction,inhibition|dephosphorylation,0.11130587756633759,0.11126922816038132,0.11090821027755737,0.1110261082649231,0.11201996356248856
2,fu:0eea7c8b,fu:c58de1d0,protein_protein_interaction,inhibition|dephosphorylation,0.09092959761619568,0.09086800366640091,0.09080140292644501,0.09078602492809296,0.09126292169094086
2,fu:0eea7c8b,fu:295bf12c,protein_protein_interaction,inhibition|dephosphorylation,0.11117896437644958,0.11111155897378922,0.11094050109386444,0.11102686077356339,0.11163695156574249
2,fu:67e73720,fu:8a4c69b0,protein_protein_interaction,inhibition|dephosphorylation,0.12490469962358475,0.12500153481960297,0.12494271248579025,0.12502694129943848,0.12464762479066849
2,fu:67e73720,fu:ebeb97f3,protein_protein_interaction,inhibition|dephosphorylation,0.12490592896938324,0.12501075863838196,0.12494055926799774,0.12502729892730713,0.12464512139558792
2,fu:67e73720,fu:7224dcdb,protein_protein_interaction,inhibition|dephosphorylation,0.12483648955821991,0.12495188415050507,0.12500181794166565,0.12501779198646545,0.12437445670366287
2,fu:67e73720,fu:57055c4e,protein_protein_interaction,inhibition|dephosphorylation,0.199903205037117,0.2000027447938919,0.1998925358057022,0.2000269591808319,0.19969059526920319
2,fu:944102db,fu:d9ef3265,protein_protein_interaction,inhibition|dephosphorylation,0.16656869649887085,0.16662949323654175,0.16678525507450104,0.16669496893882751,0.16616512835025787
2,fu:8f4928df,fu:ae916742,protein_protein_interaction,inhibition|dephosphorylation,0.20002681016921997,0.20012053847312927,0.1999114602804184,0.2000633031129837,0.2000119537115097
2,fu:caaa3f23,fu:c58de1d0,protein_protein_interaction,inhibition,0.09093362092971802,0.09083982557058334,0.0909503847360611,0.09087451547384262,0.09106975048780441
2,fu:b00d576a,fu:c58de1d0,protein_protein_interaction,inhibition,0.09102537482976913,0.09086403250694275,0.09078459441661835,0.0908023864030838,0.09165047854185104
2,fu:19936281,fu:d0883595,gene_expression_regulation,expression,0.3336871266365051,0.33388152718544006,0.3327699303627014,0.3334504961967468,0.3346464931964874
2,fu:1984f1f8,fu:57402cbc,protein_protein_interaction,indirect effect,0.20007607340812683,0.20022593438625336,0.1999528855085373,0.1998983770608902,0.20022708177566528
2,fu:cd063ff0,fu:6a14651d,protein_protein_interaction,indirect effect,0.14234714210033417,0.1422591507434845,0.1432102471590042,0.1429634690284729,0.14095568656921387
2,fu:42758e63,fu:6a14651d,protein_protein_interaction,indirect effect,0.14262722432613373,0.1427180916070938,0.1430482566356659,0.14298123121261597,0.14176128804683685
2,fu:5010a05c,fu:94ced6e1,protein_protein_interaction,compound,0.25015997886657715,0.25078466534614563,0.2496696412563324,0.2499788999557495,0.25020676851272583
2,fu:5010a05c,fu:3306f113,protein_protein_interaction,compound,0.16654571890830994,0.16684956848621368,0.1665375828742981,0.16661547124385834,0.16618026793003082
2,fu:639267b9,fu:5d795275,protein_protein_interaction,activation,0.19977039098739624,0.1999751627445221,0.20001450181007385,0.20020513236522675,0.19888676702976227
2,fu:639267b9,fu:96f39533,protein_protein_interaction,activation,0.11096855998039246,0.11098836362361908,0.11121269315481186,0.11114779114723206,0.11052539944648743
2,fu:cd063ff0,fu:42758e63,protein_protein_interaction,phosphorylation,0.12479099631309509,0.12482407689094543,0.12519241869449615,0.12507109344005585,0.12407638132572174
2,fu:57402cbc,fu:ae916742,protein_protein_interaction,activation,0.1999678760766983,0.2000267505645752,0.2002040147781372,0.20021496713161469,0.19942577183246613
2,fu:04aa3206,fu:ae916742,protein_protein_interaction,activation,0.19987180829048157,0.1998743861913681,0.19990424811840057,0.19997340440750122,0.1997351348400116
2,fu:994f289b,fu:47df25a3,protein_protein_interaction,,0.3330841660499573,0.3317183256149292,0.3336043953895569,0.3337040841579437,0.33330994844436646
2,fu:47df25a3,fu:c888309f,protein_protein_interaction,activation,0.33310556411743164,0.3342057466506958,0.33349740505218506,0.33358997106552124,0.3311290442943573
2,fu:47df25a3,fu:639267b9,protein_protein_interaction,activation|indirect effect,0.3335389196872711,0.33315613865852356,0.3330579400062561,0.3336888551712036,0.3342527151107788
2,fu:c561a985,fu:c1f44866,protein_protein_interaction,activation,0.33326849341392517,0.33159247040748596,0.3330955505371094,0.3336409032344818,0.33474504947662354
2,fu:c1f44866,fu:76a1c54d,protein_protein_interaction,activation,0.24971088767051697,0.2501915395259857,0.2503126561641693,0.2501855790615082,0.24815377593040466
2,fu:c888309f,fu:57402cbc,protein_protein_interaction,activation,0.19999215006828308,0.19986233115196228,0.20008695125579834,0.200015589594841,0.2000037580728531
2,fu:76a1c54d,fu:23393f96,protein_protein_interaction,activation|indirect effect,0.2001570761203766,0.2001814842224121,0.20008574426174164,0.19998013973236084,0.20038093626499176
2,fu:23393f96,fu:57402cbc,protein_protein_interaction,binding/association,0.19982199370861053,0.19979001581668854,0.20014072954654694,0.20009057223796844,0.19926667213439941
2,fu:85082bcd,fu:a5ece49b,protein_protein_interaction,activation,0.03569773957133293,0.03594387695193291,0.035772014409303665,0.03561908379197121,0.03545598313212395
2,fu:de327064,fu:640a8809,protein_protein_interaction,activation,0.3330727219581604,0.33431339263916016,0.3338819742202759,0.33342838287353516,0.3306671679019928
2,fu:640a8809,fu:6d8ebe0b,protein_protein_interaction,activation|phosphorylation,0.12504631280899048,0.125030055642128,0.12498284876346588,0.12502476572990417,0.12514758110046387
2,fu:640a8809,fu:edebe3a1,protein_protein_interaction,activation|phosphorylation,0.1250447779893875,0.12502138316631317,0.12501230835914612,0.12502741813659668,0.12511801719665527
2,fu:d2a67a69,fu:8a4c69b0,protein_protein_interaction,activation|phosphorylation,0.1250348687171936,0.1250014752149582,0.1250561773777008,0.12504415214061737,0.12503768503665924
2,fu:d2a67a69,fu:ebeb97f3,protein_protein_interaction,activation|phosphorylation,0.1250361055135727,0.12501069903373718,0.1250540167093277,0.12504450976848602,0.12503516674041748
2,fu:de878e1b,fu:8a4c69b0,protein_protein_interaction,activation|phosphorylation,0.1250818818807602,0.12505391240119934,0.12491471320390701,0.12485691159963608,0.12550197541713715
2,fu:de878e1b,fu:ebeb97f3,protein_protein_interaction,activation|phosphorylation,0.1250831037759781,0.12506313621997833,0.1249125525355339,0.12485726922750473,0.12549945712089539
2,fu:de327064,fu:96f39533,protein_protein_interaction,,0.11099565029144287,0.11122028529644012,0.11126526445150375,0.11115507036447525,0.11034200340509415
2,RASGRF1,RASGRF1,self_loop,self_loop,1.0,1.0,1.0,1.0,1.0
2,RASGRF2,RASGRF2,self_loop,self_loop,1.0,1.0,1.0,1.0,1.0
2,fu:f41186cd,fu:f41186cd,self_loop,self_loop,1.0,1.0,1.0,1.0,1.0
2,DUSP10,DUSP10,self_loop,self_loop,1.0,1.0,1.0,1.0,1.0
2,DUSP1,DUSP1,self_loop,self_loop,1.0,1.0,1.0,1.0,1.0
2,DUSP2,DUSP2,self_loop,self_loop,0.5009220242500305,0.502632737159729,0.4993470311164856,0.499419629573822,0.5022885203361511
2,DUSP4,DUSP4,self_loop,self_loop,1.0,1.0,1.0,1.0,1.0
2,DUSP5,DUSP5,self_loop,self_loop,1.0,1.0,1.0,1.0,1.0
2,DUSP6,DUSP6,self_loop,self_loop,1.0,1.0,1.0,1.0,1.0
2,DUSP7,DUSP7,self_loop,self_loop,1.0,1.0,1.0,1.0,1.0
2,DUSP8,DUSP8,self_loop,self_loop,1.0,1.0,1.0,1.0,1.0
2,DUSP9,DUSP9,self_loop,self_loop,1.0,1.0,1.0,1.0,1.0
2,DUSP16,DUSP16,self_loop,self_loop,1.0,1.0,1.0,1.0,1.0
2,fu:a2173750,fu:a2173750,self_loop,self_loop,1.0,1.0,1.0,1.0,1.0
2,DUSP3,DUSP3,self_loop,self_loop,1.0,1.0,1.0,1.0,1.0
2,PTPN7,PTPN7,self_loop,self_loop,1.0,1.0,1.0,1.0,1.0
2,PTPRR,PTPRR,self_loop,self_loop,1.0,1.0,1.0,1.0,1.0
2,PTPN5,PTPN5,self_loop,self_loop,1.0,1.0,1.0,1.0,1.0
2,fu:43bfbfa8,fu:43bfbfa8,self_loop,self_loop,1.0,1.0,1.0,1.0,1.0
2,PPM1B,PPM1B,self_loop,self_loop,1.0,1.0,1.0,1.0,1.0
2,fu:8e0bb827,fu:8e0bb827,self_loop,self_loop,1.0,1.0,1.0,1.0,1.0
2,FASLG,FASLG,self_loop,self_loop,1.0,1.0,1.0,1.0,1.0
2,fu:a5886722,fu:a5886722,self_loop,self_loop,1.0,1.0,1.0,1.0,1.0
2,MAP4K4,MAP4K4,self_loop,self_loop,1.0,1.0,1.0,1.0,1.0
2,fu:5fb7d112,fu:5fb7d112,self_loop,self_loop,1.0,1.0,1.0,1.0,1.0
2,PLA2G4B,PLA2G4B,self_loop,self_loop,1.0,1.0,1.0,1.0,1.0
2,PLA2G4E,PLA2G4E,self_loop,self_loop,1.0,1.0,1.0,1.0,1.0
2,PLA2G4F,PLA2G4F,self_loop,self_loop,1.0,1.0,1.0,1.0,1.0
2,PLA2G4D,PLA2G4D,self_loop,self_loop,1.0,1.0,1.0,1.0,1.0
2,PLA2G4A,PLA2G4A,self_loop,self_loop,1.0,1.0,1.0,1.0,1.0
2,PLA2G4C,PLA2G4C,self_loop,self_loop,1.0,1.0,1.0,1.0,1.0
2,JMJD7-PLA2G4B,JMJD7-PLA2G4B,self_loop,self_loop,1.0,1.0,1.0,1.0,1.0
2,fu:e15fa369,fu:e15fa369,self_loop,self_loop,1.0,1.0,1.0,1.0,1.0
2,STMN1,STMN1,self_loop,self_loop,0.5002410411834717,0.5015085935592651,0.500761091709137,0.49919384717941284,0.4995005130767822
2,fu:9be68ace,fu:9be68ace,self_loop,self_loop,1.0,1.0,1.0,1.0,1.0
2,MAPT,MAPT,self_loop,self_loop,1.0,1.0,1.0,1.0,1.0
2,fu:786f3e7e,fu:786f3e7e,self_loop,self_loop,1.0,1.0,1.0,1.0,1.0
2,NFKB1,NFKB1,self_loop,self_loop,0.5003749132156372,0.5001267790794373,0.4996855854988098,0.499088317155838,0.5025991201400757
2,NFKB2,NFKB2,self_loop,self_loop,1.0,1.0,1.0,1.0,1.0
2,RELA,RELA,self_loop,self_loop,1.0,1.0,1.0,1.0,1.0
2,RELB,RELB,self_loop,self_loop,1.0,1.0,1.0,1.0,1.0
2,fu:3561da41,fu:3561da41,self_loop,self_loop,1.0,1.0,1.0,1.0,1.0
2,CHUK,CHUK,self_loop,self_loop,1.0,1.0,1.0,1.0,1.0
2,IKBKB,IKBKB,self_loop,self_loop,1.0,1.0,1.0,1.0,1.0
2,IKBKG,IKBKG,self_loop,self_loop,1.0,1.0,1.0,1.0,1.0
2,fu:46a700ec,fu:46a700ec,self_loop,self_loop,1.0,1.0,1.0,1.0,1.0
2,MAP3K14,MAP3K14,self_loop,self_loop,1.0,1.0,1.0,1.0,1.0
2,fu:bfbfa62d,fu:bfbfa62d,self_loop,self_loop,1.0,1.0,1.0,1.0,1.0
2,MAPK1,MAPK1,self_loop,self_loop,1.0,1.0,1.0,1.0,1.0
2,MAPK3,MAPK3,self_loop,self_loop,1.0,1.0,1.0,1.0,1.0
2,fu:1505178d,fu:1505178d,self_loop,self_loop,1.0,1.0,1.0,1.0,1.0
2,LAMTOR3,LAMTOR3,self_loop,self_loop,1.0,1.0,1.0,1.0,1.0
2,fu:e5590abb,fu:e5590abb,self_loop,self_loop,1.0,1.0,1.0,1.0,1.0
2,MAP2K2,MAP2K2,self_loop,self_loop,1.0,1.0,1.0,1.0,1.0
2,fu:18c331db,fu:18c331db,self_loop,self_loop,1.0,1.0,1.0,1.0,1.0
2,MAP2K1,MAP2K1,self_loop,self_loop,1.0,1.0,1.0,1.0,1.0
2,fu:b5bd3161,fu:b5bd3161,self_loop,self_loop,1.0,1.0,1.0,1.0,1.0
2,RAF1,RAF1,self_loop,self_loop,1.0,1.0,1.0,1.0,1.0
2,fu:f4192c6f,fu:f4192c6f,self_loop,self_loop,1.0,1.0,1.0,1.0,1.0
2,BRAF,BRAF,self_loop,self_loop,1.0,1.0,1.0,1.0,1.0
2,fu:3075482b,fu:3075482b,self_loop,self_loop,1.0,1.0,1.0,1.0,1.0
2,RASA1,RASA1,self_loop,self_loop,0.3336896300315857,0.3335546851158142,0.3329503536224365,0.3332023024559021,0.33505111932754517
2,fu:8d87d9a5,fu:8d87d9a5,self_loop,self_loop,1.0,1.0,1.0,1.0,1.0
2,NF1,NF1,self_loop,self_loop,1.0,1.0,1.0,1.0,1.0
2,fu:f8a62ed6,fu:f8a62ed6,self_loop,self_loop,1.0,1.0,1.0,1.0,1.0
2,PRKCA,PRKCA,self_loop,self_loop,1.0,1.0,1.0,1.0,1.0
2,PRKCB,PRKCB,self_loop,self_loop,1.0,1.0,1.0,1.0,1.0
2,PRKCG,PRKCG,self_loop,self_loop,1.0,1.0,1.0,1.0,1.0
2,fu:8abc8b5d,fu:8abc8b5d,self_loop,self_loop,1.0,1.0,1.0,1.0,1.0
2,RAP1A,RAP1A,self_loop,self_loop,1.0,1.0,1.0,1.0,1.0
2,RAP1B,RAP1B,self_loop,self_loop,1.0,1.0,1.0,1.0,1.0
2,fu:48639269,fu:48639269,self_loop,self_loop,1.0,1.0,1.0,1.0,1.0
2,PRKACA,PRKACA,self_loop,self_loop,1.0,1.0,1.0,1.0,1.0
2,PRKACB,PRKACB,self_loop,self_loop,1.0,1.0,1.0,1.0,1.0
2,PRKACG,PRKACG,self_loop,self_loop,1.0,1.0,1.0,1.0,1.0
2,fu:ab04f1ef,fu:ab04f1ef,self_loop,self_loop,1.0,1.0,1.0,1.0,1.0
2,RAPGEF2,RAPGEF2,self_loop,self_loop,1.0,1.0,1.0,1.0,1.0
2,fu:fd9db1c2,fu:fd9db1c2,self_loop,self_loop,1.0,1.0,1.0,1.0,1.0
2,RASA2,RASA2,self_loop,self_loop,1.0,1.0,1.0,1.0,1.0
2,fu:3a2c7d68,fu:3a2c7d68,self_loop,self_loop,1.0,1.0,1.0,1.0,1.0
2,RRAS2,RRAS2,self_loop,self_loop,1.0,1.0,1.0,1.0,1.0
2,MRAS,MRAS,self_loop,self_loop,0.5003669857978821,0.5019688010215759,0.5003620982170105,0.4994697570800781,0.49966737627983093
2,HRAS,HRAS,self_loop,self_loop,1.0,1.0,1.0,1.0,1.0
2,KRAS,KRAS,self_loop,self_loop,1.0,1.0,1.0,1.0,1.0
2,NRAS,NRAS,self_loop,self_loop,0.5000669956207275,0.50114905834198,0.5001679062843323,0.4996751546859741,0.49927568435668945
2,RRAS,RRAS,self_loop,self_loop,0.5007472634315491,0.5024124383926392,0.4998503029346466,0.4996320605278015,0.5010942816734314
2,fu:9f338bd9,fu:9f338bd9,self_loop,self_loop,1.0,1.0,1.0,1.0,1.0
2,RASGRP1,RASGRP1,self_loop,self_loop,1.0,1.0,1.0,1.0,1.0
2,RASGRP2,RASGRP2,self_loop,self_loop,1.0,1.0,1.0,1.0,1.0
2,RASGRP4,RASGRP4,self_loop,self_loop,1.0,1.0,1.0,1.0,1.0
2,RASGRP3,RASGRP3,self_loop,self_loop,1.0,1.0,1.0,1.0,1.0
2,fu:efe09158,fu:efe09158,self_loop,self_loop,1.0,1.0,1.0,1.0,1.0
2,SOS1,SOS1,self_loop,self_loop,1.0,1.0,1.0,1.0,1.0
2,SOS2,SOS2,self_loop,self_loop,1.0,1.0,1.0,1.0,1.0
2,fu:04fa405b,fu:04fa405b,self_loop,self_loop,1.0,1.0,1.0,1.0,1.0
2,GNA12,GNA12,self_loop,self_loop,0.5005525350570679,0.5011557936668396,0.4994955062866211,0.4994865357875824,0.5020721554756165
2,GNG12,GNG12,self_loop,self_loop,1.0,1.0,1.0,1.0,1.0
2,fu:a285ab6b,fu:a285ab6b,self_loop,self_loop,1.0,1.0,1.0,1.0,1.0
2,GRB2,GRB2,self_loop,self_loop,1.0,1.0,1.0,1.0,1.0
2,fu:0c1f15f6,fu:0c1f15f6,self_loop,self_loop,1.0,1.0,1.0,1.0,1.0
2,CSF1R,CSF1R,self_loop,self_loop,1.0,1.0,1.0,1.0,1.0
2,EGFR,EGFR,self_loop,self_loop,0.3335878849029541,0.3333256244659424,0.33303672075271606,0.33294934034347534,0.335039883852005
2,EPHA2,EPHA2,self_loop,self_loop,1.0,1.0,1.0,1.0,1.0
2,ERBB2,ERBB2,self_loop,self_loop,1.0,1.0,1.0,1.0,1.0
2,ERBB3,ERBB3,self_loop,self_loop,1.0,1.0,1.0,1.0,1.0
2,ERBB4,ERBB4,self_loop,self_loop,0.5002464056015015,0.499920517206192,0.49937859177589417,0.4985547661781311,0.5031318664550781
2,FGFR1,FGFR1,self_loop,self_loop,0.5005581378936768,0.5014122724533081,0.4996996819972992,0.4990667998790741,0.5020536184310913
2,FGFR3,FGFR3,self_loop,self_loop,1.0,1.0,1.0,1.0,1.0
2,FGFR2,FGFR2,self_loop,self_loop,1.0,1.0,1.0,1.0,1.0
2,FGFR4,FGFR4,self_loop,self_loop,1.0,1.0,1.0,1.0,1.0
2,FLT1,FLT1,self_loop,self_loop,1.0,1.0,1.0,1.0,1.0
2,FLT3,FLT3,self_loop,self_loop,1.0,1.0,1.0,1.0,1.0
2,FLT4,FLT4,self_loop,self_loop,1.0,1.0,1.0,1.0,1.0
2,IGF1R,IGF1R,self_loop,self_loop,1.0,1.0,1.0,1.0,1.0
2,INSR,INSR,self_loop,self_loop,1.0,1.0,1.0,1.0,1.0
2,KDR,KDR,self_loop,self_loop,1.0,1.0,1.0,1.0,1.0
2,KIT,KIT,self_loop,self_loop,0.333580881357193,0.33353692293167114,0.3331417143344879,0.3329775929450989,0.33466723561286926
2,MET,MET,self_loop,self_loop,0.33359426259994507,0.33345696330070496,0.33304962515830994,0.33288174867630005,0.33498865365982056
2,NGFR,NGFR,self_loop,self_loop,1.0,1.0,1.0,1.0,1.0
2,NTRK1,NTRK1,self_loop,self_loop,1.0,1.0,1.0,1.0,1.0
2,NTRK2,NTRK2,self_loop,self_loop,0.5002627372741699,0.5004076957702637,0.49944573640823364,0.4984776973724365,0.5027197599411011
2,PDGFRA,PDGFRA,self_loop,self_loop,0.5004589557647705,0.5012043118476868,0.49960753321647644,0.4989882707595825,0.5020357370376587
2,PDGFRB,PDGFRB,self_loop,self_loop,1.0,1.0,1.0,1.0,1.0
2,RET,RET,self_loop,self_loop,1.0,1.0,1.0,1.0,1.0
2,TEK,TEK,self_loop,self_loop,1.0,1.0,1.0,1.0,1.0
2,fu:07f10241,fu:07f10241,self_loop,self_loop,1.0,1.0,1.0,1.0,1.0
2,CACNG3,CACNG3,self_loop,self_loop,1.0,1.0,1.0,1.0,1.0
2,CACNG2,CACNG2,self_loop,self_loop,1.0,1.0,1.0,1.0,1.0
2,CACNG5,CACNG5,self_loop,self_loop,0.5005874037742615,0.5016794800758362,0.4996826648712158,0.4995792806148529,0.5014081597328186
2,CACNG4,CACNG4,self_loop,self_loop,1.0,1.0,1.0,1.0,1.0
2,CACNA2D3,CACNA2D3,self_loop,self_loop,1.0,1.0,1.0,1.0,1.0
2,CACNG8,CACNG8,self_loop,self_loop,0.5005292296409607,0.5003679990768433,0.4991942346096039,0.4998154640197754,0.5027391910552979
2,CACNG7,CACNG7,self_loop,self_loop,1.0,1.0,1.0,1.0,1.0
2,CACNG6,CACNG6,self_loop,self_loop,1.0,1.0,1.0,1.0,1.0
2,CACNA1A,CACNA1A,self_loop,self_loop,1.0,1.0,1.0,1.0,1.0
2,CACNA1B,CACNA1B,self_loop,self_loop,1.0,1.0,1.0,1.0,1.0
2,CACNA1C,CACNA1C,self_loop,self_loop,1.0,1.0,1.0,1.0,1.0
2,CACNA1D,CACNA1D,self_loop,self_loop,1.0,1.0,1.0,1.0,1.0
2,CACNA1E,CACNA1E,self_loop,self_loop,1.0,1.0,1.0,1.0,1.0
2,CACNA1F,CACNA1F,self_loop,self_loop,1.0,1.0,1.0,1.0,1.0
2,CACNA1S,CACNA1S,self_loop,self_loop,1.0,1.0,1.0,1.0,1.0
2,CACNA2D1,CACNA2D1,self_loop,self_loop,1.0,1.0,1.0,1.0,1.0
2,CACNB1,CACNB1,self_loop,self_loop,1.0,1.0,1.0,1.0,1.0
2,CACNB2,CACNB2,self_loop,self_loop,1.0,1.0,1.0,1.0,1.0
2,CACNB3,CACNB3,self_loop,self_loop,1.0,1.0,1.0,1.0,1.0
2,CACNB4,CACNB4,self_loop,self_loop,1.0,1.0,1.0,1.0,1.0
2,CACNG1,CACNG1,self_loop,self_loop,1.0,1.0,1.0,1.0,1.0
2,CACNA1I,CACNA1I,self_loop,self_loop,1.0,1.0,1.0,1.0,1.0
2,CACNA1H,CACNA1H,self_loop,self_loop,1.0,1.0,1.0,1.0,1.0
2,CACNA1G,CACNA1G,self_loop,self_loop,1.0,1.0,1.0,1.0,1.0
2,CACNA2D2,CACNA2D2,self_loop,self_loop,1.0,1.0,1.0,1.0,1.0
2,CACNA2D4,CACNA2D4,self_loop,self_loop,1.0,1.0,1.0,1.0,1.0
2,fu:79aa0828,fu:79aa0828,self_loop,self_loop,1.0,1.0,1.0,1.0,1.0
2,NR4A1,NR4A1,self_loop,self_loop,1.0,1.0,1.0,1.0,1.0
2,fu:308b9824,fu:308b9824,self_loop,self_loop,1.0,1.0,1.0,1.0,1.0
2,MAPK7,MAPK7,self_loop,self_loop,1.0,1.0,1.0,1.0,1.0
2,fu:85c083df,fu:85c083df,self_loop,self_loop,1.0,1.0,1.0,1.0,1.0
2,MAP2K5,MAP2K5,self_loop,self_loop,1.0,1.0,1.0,1.0,1.0
2,fu:c8187255,fu:c8187255,self_loop,self_loop,1.0,1.0,1.0,1.0,1.0
2,NLK,NLK,self_loop,self_loop,1.0,1.0,1.0,1.0,1.0
2,fu:c7c0fdef,fu:c7c0fdef,self_loop,self_loop,1.0,1.0,1.0,1.0,1.0
2,CDC25B,CDC25B,self_loop,self_loop,1.0,1.0,1.0,1.0,1.0
2,fu:49a4f196,fu:49a4f196,self_loop,self_loop,1.0,1.0,1.0,1.0,1.0
2,RPS6KA4,RPS6KA4,self_loop,self_loop,1.0,1.0,1.0,1.0,1.0
2,RPS6KA5,RPS6KA5,self_loop,self_loop,0.5004613995552063,0.5006635785102844,0.49976882338523865,0.4986591041088104,0.5027540922164917
2,fu:a431ee1e,fu:a431ee1e,self_loop,self_loop,1.0,1.0,1.0,1.0,1.0
2,MAPKAPK3,MAPKAPK3,self_loop,self_loop,1.0,1.0,1.0,1.0,1.0
2,MAPKAPK2,MAPKAPK2,self_loop,self_loop,1.0,1.0,1.0,1.0,1.0
2,fu:0f7ef1db,fu:0f7ef1db,self_loop,self_loop,1.0,1.0,1.0,1.0,1.0
2,ATF4,ATF4,self_loop,self_loop,1.0,1.0,1.0,1.0,1.0
2,fu:d281a616,fu:d281a616,self_loop,self_loop,1.0,1.0,1.0,1.0,1.0
2,MEF2C,MEF2C,self_loop,self_loop,0.5002033114433289,0.5000961422920227,0.4996110498905182,0.49942463636398315,0.501681387424469
2,fu:cb21460e,fu:cb21460e,self_loop,self_loop,1.0,1.0,1.0,1.0,1.0
2,MAX,MAX,self_loop,self_loop,1.0,1.0,1.0,1.0,1.0
2,fu:999a6b2c,fu:999a6b2c,self_loop,self_loop,1.0,1.0,1.0,1.0,1.0
2,DDIT3,DDIT3,self_loop,self_loop,1.0,1.0,1.0,1.0,1.0
2,fu:f310c3f0,fu:f310c3f0,self_loop,self_loop,1.0,1.0,1.0,1.0,1.0
2,ELK4,ELK4,self_loop,self_loop,1.0,1.0,1.0,1.0,1.0
2,fu:0a8f8d1a,fu:0a8f8d1a,self_loop,self_loop,1.0,1.0,1.0,1.0,1.0
2,TP53,TP53,self_loop,self_loop,1.0,1.0,1.0,1.0,1.0
2,fu:c27b40af,fu:c27b40af,self_loop,self_loop,1.0,1.0,1.0,1.0,1.0
2,ELK1,ELK1,self_loop,self_loop,1.0,1.0,1.0,1.0,1.0
2,fu:92afe5fa,fu:92afe5fa,self_loop,self_loop,1.0,1.0,1.0,1.0,1.0
2,ATF2,ATF2,self_loop,self_loop,0.500491738319397,0.5015743970870972,0.49998757243156433,0.4995773434638977,0.500827431678772
2,fu:a9f7e612,fu:a9f7e612,self_loop,self_loop,1.0,1.0,1.0,1.0,1.0
2,MAPK14,MAPK14,self_loop,self_loop,0.5004352331161499,0.5011841654777527,0.4998057186603546,0.4995584189891815,0.5011924505233765
2,MAPK11,MAPK11,self_loop,self_loop,1.0,1.0,1.0,1.0,1.0
2,MAPK13,MAPK13,self_loop,self_loop,1.0,1.0,1.0,1.0,1.0
2,MAPK12,MAPK12,self_loop,self_loop,1.0,1.0,1.0,1.0,1.0
2,fu:fb0ffc0a,fu:fb0ffc0a,self_loop,self_loop,1.0,1.0,1.0,1.0,1.0
2,PPP5C,PPP5C,self_loop,self_loop,1.0,1.0,1.0,1.0,1.0
2,fu:76d31392,fu:76d31392,self_loop,self_loop,1.0,1.0,1.0,1.0,1.0
2,MAP2K6,MAP2K6,self_loop,self_loop,1.0,1.0,1.0,1.0,1.0
2,fu:5ecfb612,fu:5ecfb612,self_loop,self_loop,1.0,1.0,1.0,1.0,1.0
2,MAP2K3,MAP2K3,self_loop,self_loop,1.0,1.0,1.0,1.0,1.0
2,fu:28267487,fu:28267487,self_loop,self_loop,1.0,1.0,1.0,1.0,1.0
2,fu:ea10077a,fu:ea10077a,self_loop,self_loop,1.0,1.0,1.0,1.0,1.0
2,fu:6f96b9bd,fu:6f96b9bd,self_loop,self_loop,1.0,1.0,1.0,1.0,1.0
2,PPM1A,PPM1A,self_loop,self_loop,1.0,1.0,1.0,1.0,1.0
2,fu:fa029a2a,fu:fa029a2a,self_loop,self_loop,1.0,1.0,1.0,1.0,1.0
2,AKT3,AKT3,self_loop,self_loop,0.33366966247558594,0.3337963819503784,0.3332558572292328,0.33302274346351624,0.3346036672592163
2,AKT1,AKT1,self_loop,self_loop,0.5004922747612,0.5011648535728455,0.49974820017814636,0.49925923347473145,0.5017968416213989
2,AKT2,AKT2,self_loop,self_loop,1.0,1.0,1.0,1.0,1.0
2,fu:ca43e3d5,fu:ca43e3d5,self_loop,self_loop,1.0,1.0,1.0,1.0,1.0
2,TAOK3,TAOK3,self_loop,self_loop,1.0,1.0,1.0,1.0,1.0
2,TAOK1,TAOK1,self_loop,self_loop,0.33354923129081726,0.3335925340652466,0.3331446945667267,0.33302268385887146,0.3344370424747467
2,TAOK2,TAOK2,self_loop,self_loop,1.0,1.0,1.0,1.0,1.0
2,fu:3c4db4db,fu:3c4db4db,self_loop,self_loop,1.0,1.0,1.0,1.0,1.0
2,MAP3K4,MAP3K4,self_loop,self_loop,1.0,1.0,1.0,1.0,1.0
2,fu:b2ee27e6,fu:b2ee27e6,self_loop,self_loop,1.0,1.0,1.0,1.0,1.0
2,HSPB1,HSPB1,self_loop,self_loop,1.0,1.0,1.0,1.0,1.0
2,fu:f6f47285,fu:f6f47285,self_loop,self_loop,1.0,1.0,1.0,1.0,1.0
2,MAP3K7,MAP3K7,self_loop,self_loop,1.0,1.0,1.0,1.0,1.0
2,fu:0f5f26c8,fu:0f5f26c8,self_loop,self_loop,1.0,1.0,1.0,1.0,1.0
2,MAP3K5,MAP3K5,self_loop,self_loop,1.0,1.0,1.0,1.0,1.0
2,fu:1ef67363,fu:1ef67363,self_loop,self_loop,1.0,1.0,1.0,1.0,1.0
2,MAP3K6,MAP3K6,self_loop,self_loop,1.0,1.0,1.0,1.0,1.0
2,fu:84b68835,fu:84b68835,self_loop,self_loop,1.0,1.0,1.0,1.0,1.0
2,MAP3K20,MAP3K20,self_loop,self_loop,1.0,1.0,1.0,1.0,1.0
2,fu:c4028529,fu:c4028529,self_loop,self_loop,1.0,1.0,1.0,1.0,1.0
2,MAP3K12,MAP3K12,self_loop,self_loop,1.0,1.0,1.0,1.0,1.0
2,MAP3K13,MAP3K13,self_loop,self_loop,1.0,1.0,1.0,1.0,1.0
2,fu:2222601a,fu:2222601a,self_loop,self_loop,1.0,1.0,1.0,1.0,1.0
2,MAP3K9,MAP3K9,self_loop,self_loop,1.0,1.0,1.0,1.0,1.0
2,MAP3K10,MAP3K10,self_loop,self_loop,1.0,1.0,1.0,1.0,1.0
2,MAP3K21,MAP3K21,self_loop,self_loop,1.0,1.0,1.0,1.0,1.0
2,fu:16642170,fu:16642170,self_loop,self_loop,1.0,1.0,1.0,1.0,1.0
2,MAP4K2,MAP4K2,self_loop,self_loop,0.5008593797683716,0.5013326406478882,0.4995343089103699,0.4993997812271118,0.5031707286834717
2,fu:612b51ca,fu:612b51ca,self_loop,self_loop,1.0,1.0,1.0,1.0,1.0
2,STK3,STK3,self_loop,self_loop,1.0,1.0,1.0,1.0,1.0
2,STK4,STK4,self_loop,self_loop,0.5002394318580627,0.500597357749939,0.4997868537902832,0.49913397431373596,0.50143963098526
2,fu:e3597df2,fu:e3597df2,self_loop,self_loop,1.0,1.0,1.0,1.0,1.0
2,ECSIT,ECSIT,self_loop,self_loop,1.0,1.0,1.0,1.0,1.0
2,fu:c13294ac,fu:c13294ac,self_loop,self_loop,1.0,1.0,1.0,1.0,1.0
2,TAB2,TAB2,self_loop,self_loop,1.0,1.0,1.0,1.0,1.0
2,fu:145477f8,fu:145477f8,self_loop,self_loop,1.0,1.0,1.0,1.0,1.0
2,TAB1,TAB1,self_loop,self_loop,1.0,1.0,1.0,1.0,1.0
2,fu:5554761f,fu:5554761f,self_loop,self_loop,1.0,1.0,1.0,1.0,1.0
2,GADD45G,GADD45G,self_loop,self_loop,1.0,1.0,1.0,1.0,1.0
2,GADD45A,GADD45A,self_loop,self_loop,1.0,1.0,1.0,1.0,1.0
2,GADD45B,GADD45B,self_loop,self_loop,1.0,1.0,1.0,1.0,1.0
2,fu:a1789d75,fu:a1789d75,self_loop,self_loop,1.0,1.0,1.0,1.0,1.0
2,TRAF6,TRAF6,self_loop,self_loop,0.5003312826156616,0.500335693359375,0.4995746910572052,0.4989044666290283,0.5025102496147156
2,fu:54d8094c,fu:54d8094c,self_loop,self_loop,1.0,1.0,1.0,1.0,1.0
2,DAXX,DAXX,self_loop,self_loop,1.0,1.0,1.0,1.0,1.0
2,fu:dd653377,fu:dd653377,self_loop,self_loop,1.0,1.0,1.0,1.0,1.0
2,TRAF2,TRAF2,self_loop,self_loop,1.0,1.0,1.0,1.0,1.0
2,fu:a2ba9b69,fu:a2ba9b69,self_loop,self_loop,1.0,1.0,1.0,1.0,1.0
2,CASP3,CASP3,self_loop,self_loop,1.0,1.0,1.0,1.0,1.0
2,fu:9a2562d4,fu:9a2562d4,self_loop,self_loop,1.0,1.0,1.0,1.0,1.0
2,CD14,CD14,self_loop,self_loop,1.0,1.0,1.0,1.0,1.0
2,fu:8a3fce4b,fu:8a3fce4b,self_loop,self_loop,1.0,1.0,1.0,1.0,1.0
2,TGFBR1,TGFBR1,self_loop,self_loop,0.5004391670227051,0.5007965564727783,0.4995024800300598,0.49897173047065735,0.5024858713150024
2,TGFBR2,TGFBR2,self_loop,self_loop,0.5003702044487,0.5005673766136169,0.4995037317276001,0.49860405921936035,0.5028057098388672
2,fu:2bfeebbe,fu:2bfeebbe,self_loop,self_loop,1.0,1.0,1.0,1.0,1.0
2,FAS,FAS,self_loop,self_loop,1.0,1.0,1.0,1.0,1.0
2,fu:e8bd9966,fu:e8bd9966,self_loop,self_loop,1.0,1.0,1.0,1.0,1.0
2,IL1R1,IL1R1,self_loop,self_loop,1.0,1.0,1.0,1.0,1.0
2,IL1RAP,IL1RAP,self_loop,self_loop,1.0,1.0,1.0,1.0,1.0
2,fu:63a8ec8d,fu:63a8ec8d,self_loop,self_loop,1.0,1.0,1.0,1.0,1.0
2,TNFRSF1A,TNFRSF1A,self_loop,self_loop,1.0,1.0,1.0,1.0,1.0
2,fu:d00113b7,fu:d00113b7,self_loop,self_loop,1.0,1.0,1.0,1.0,1.0
2,TGFB1,TGFB1,self_loop,self_loop,1.0,1.0,1.0,1.0,1.0
2,TGFB2,TGFB2,self_loop,self_loop,1.0,1.0,1.0,1.0,1.0
2,TGFB3,TGFB3,self_loop,self_loop,1.0,1.0,1.0,1.0,1.0
2,fu:3ac47a61,fu:3ac47a61,self_loop,self_loop,1.0,1.0,1.0,1.0,1.0
2,IL1A,IL1A,self_loop,self_loop,1.0,1.0,1.0,1.0,1.0
2,IL1B,IL1B,self_loop,self_loop,1.0,1.0,1.0,1.0,1.0
2,fu:f8314df1,fu:f8314df1,self_loop,self_loop,1.0,1.0,1.0,1.0,1.0
2,TNF,TNF,self_loop,self_loop,0.5006793737411499,0.5023437142372131,0.49976298213005066,0.4995555877685547,0.5010552406311035
2,fu:e3a343fc,fu:e3a343fc,self_loop,self_loop,1.0,1.0,1.0,1.0,1.0
2,MAPKAPK5,MAPKAPK5,self_loop,self_loop,1.0,1.0,1.0,1.0,1.0
2,fu:d431c616,fu:d431c616,self_loop,self_loop,1.0,1.0,1.0,1.0,1.0
2,RAC1,RAC1,self_loop,self_loop,1.0,1.0,1.0,1.0,1.0
2,RAC2,RAC2,self_loop,self_loop,1.0,1.0,1.0,1.0,1.0
2,RAC3,RAC3,self_loop,self_loop,1.0,1.0,1.0,1.0,1.0
2,CDC42,CDC42,self_loop,self_loop,0.5005297064781189,0.5021790862083435,0.5003471374511719,0.4995608925819397,0.5000317096710205
2,fu:f0b822d7,fu:f0b822d7,self_loop,self_loop,1.0,1.0,1.0,1.0,1.0
2,PAK1,PAK1,self_loop,self_loop,0.5003067255020142,0.5007710456848145,0.4998728632926941,0.49907204508781433,0.5015109181404114
2,PAK2,PAK2,self_loop,self_loop,1.0,1.0,1.0,1.0,1.0
2,fu:4f6b96c7,fu:4f6b96c7,self_loop,self_loop,1.0,1.0,1.0,1.0,1.0
2,MAP3K2,MAP3K2,self_loop,self_loop,0.33365398645401,0.33342236280441284,0.3331374228000641,0.3329872190952301,0.335068941116333
2,MAP3K3,MAP3K3,self_loop,self_loop,1.0,1.0,1.0,1.0,1.0
2,fu:4e98767f,fu:4e98767f,self_loop,self_loop,1.0,1.0,1.0,1.0,1.0
2,MAPK8IP2,MAPK8IP2,self_loop,self_loop,1.0,1.0,1.0,1.0,1.0
2,MAPK8IP1,MAPK8IP1,self_loop,self_loop,1.0,1.0,1.0,1.0,1.0
2,fu:8138feb5,fu:8138feb5,self_loop,self_loop,1.0,1.0,1.0,1.0,1.0
2,MAP3K11,MAP3K11,self_loop,self_loop,1.0,1.0,1.0,1.0,1.0
2,fu:f749e35b,fu:f749e35b,self_loop,self_loop,1.0,1.0,1.0,1.0,1.0
2,MAP2K7,MAP2K7,self_loop,self_loop,1.0,1.0,1.0,1.0,1.0
2,fu:3f85832e,fu:3f85832e,self_loop,self_loop,1.0,1.0,1.0,1.0,1.0
2,MAPK8,MAPK8,self_loop,self_loop,0.500246524810791,0.5010453462600708,0.4998171627521515,0.49941930174827576,0.5007043480873108
2,MAPK9,MAPK9,self_loop,self_loop,0.3333861529827118,0.33351972699165344,0.3332405090332031,0.3331628739833832,0.3336215019226074
2,MAPK10,MAPK10,self_loop,self_loop,0.5002861618995667,0.5008171796798706,0.4999723732471466,0.49935081601142883,0.5010043382644653
2,fu:90621fac,fu:90621fac,self_loop,self_loop,1.0,1.0,1.0,1.0,1.0
2,MAP2K4,MAP2K4,self_loop,self_loop,1.0,1.0,1.0,1.0,1.0
2,fu:888ebb03,fu:888ebb03,self_loop,self_loop,1.0,1.0,1.0,1.0,1.0
2,CRK,CRK,self_loop,self_loop,1.0,1.0,1.0,1.0,1.0
2,CRKL,CRKL,self_loop,self_loop,1.0,1.0,1.0,1.0,1.0
2,fu:c43c3b20,fu:c43c3b20,self_loop,self_loop,1.0,1.0,1.0,1.0,1.0
2,ARRB1,ARRB1,self_loop,self_loop,1.0,1.0,1.0,1.0,1.0
2,ARRB2,ARRB2,self_loop,self_loop,1.0,1.0,1.0,1.0,1.0
2,fu:a786adef,fu:a786adef,self_loop,self_loop,1.0,1.0,1.0,1.0,1.0
2,MECOM,MECOM,self_loop,self_loop,1.0,1.0,1.0,1.0,1.0
2,fu:a024ec8e,fu:a024ec8e,self_loop,self_loop,1.0,1.0,1.0,1.0,1.0
2,HSPA1A,HSPA1A,self_loop,self_loop,1.0,1.0,1.0,1.0,1.0
2,HSPA1B,HSPA1B,self_loop,self_loop,1.0,1.0,1.0,1.0,1.0
2,HSPA1L,HSPA1L,self_loop,self_loop,1.0,1.0,1.0,1.0,1.0
2,HSPA6,HSPA6,self_loop,self_loop,1.0,1.0,1.0,1.0,1.0
2,HSPA8,HSPA8,self_loop,self_loop,1.0,1.0,1.0,1.0,1.0
2,fu:17761ac8,fu:17761ac8,self_loop,self_loop,1.0,1.0,1.0,1.0,1.0
2,JUND,JUND,self_loop,self_loop,1.0,1.0,1.0,1.0,1.0
2,fu:55616dfc,fu:55616dfc,self_loop,self_loop,1.0,1.0,1.0,1.0,1.0
2,FOS,FOS,self_loop,self_loop,1.0,1.0,1.0,1.0,1.0
2,JUN,JUN,self_loop,self_loop,1.0,1.0,1.0,1.0,1.0
2,fu:3a14d05c,fu:3a14d05c,self_loop,self_loop,1.0,1.0,1.0,1.0,1.0
2,NFATC3,NFATC3,self_loop,self_loop,1.0,1.0,1.0,1.0,1.0
2,fu:ae6c1734,fu:ae6c1734,self_loop,self_loop,1.0,1.0,1.0,1.0,1.0
2,NFATC1,NFATC1,self_loop,self_loop,1.0,1.0,1.0,1.0,1.0
2,fu:35f89305,fu:35f89305,self_loop,self_loop,1.0,1.0,1.0,1.0,1.0
2,PPP3CA,PPP3CA,self_loop,self_loop,1.0,1.0,1.0,1.0,1.0
2,PPP3CB,PPP3CB,self_loop,self_loop,1.0,1.0,1.0,1.0,1.0
2,PPP3CC,PPP3CC,self_loop,self_loop,1.0,1.0,1.0,1.0,1.0
2,PPP3R1,PPP3R1,self_loop,self_loop,0.5003274083137512,0.5003523826599121,0.49990224838256836,0.49953535199165344,0.5015196800231934
2,PPP3R2,PPP3R2,self_loop,self_loop,1.0,1.0,1.0,1.0,1.0
2,fu:2aa504e4,fu:2aa504e4,self_loop,self_loop,1.0,1.0,1.0,1.0,1.0
2,MAPK8IP3,MAPK8IP3,self_loop,self_loop,1.0,1.0,1.0,1.0,1.0
2,fu:c59b3006,fu:c59b3006,self_loop,self_loop,1.0,1.0,1.0,1.0,1.0
2,FLNA,FLNA,self_loop,self_loop,1.0,1.0,1.0,1.0,1.0
2,fu:8e279df3,fu:8e279df3,self_loop,self_loop,1.0,1.0,1.0,1.0,1.0
2,MAP3K1,MAP3K1,self_loop,self_loop,1.0,1.0,1.0,1.0,1.0
2,fu:eab480d8,fu:eab480d8,self_loop,self_loop,1.0,1.0,1.0,1.0,1.0
2,MAP3K8,MAP3K8,self_loop,self_loop,1.0,1.0,1.0,1.0,1.0
2,fu:452212fb,fu:452212fb,self_loop,self_loop,1.0,1.0,1.0,1.0,1.0
2,MAP4K1,MAP4K1,self_loop,self_loop,1.0,1.0,1.0,1.0,1.0
2,fu:d81aa238,fu:d81aa238,self_loop,self_loop,1.0,1.0,1.0,1.0,1.0
2,MAP4K3,MAP4K3,self_loop,self_loop,1.0,1.0,1.0,1.0,1.0
2,fu:ec81982e,fu:ec81982e,self_loop,self_loop,1.0,1.0,1.0,1.0,1.0
2,fu:3aaa93ec,fu:3aaa93ec,self_loop,self_loop,1.0,1.0,1.0,1.0,1.0
2,SRF,SRF,self_loop,self_loop,1.0,1.0,1.0,1.0,1.0
2,fu:3149eb92,fu:3149eb92,self_loop,self_loop,1.0,1.0,1.0,1.0,1.0
2,MYC,MYC,self_loop,self_loop,1.0,1.0,1.0,1.0,1.0
2,fu:e46b600b,fu:e46b600b,self_loop,self_loop,1.0,1.0,1.0,1.0,1.0
2,fu:d31aacfd,fu:d31aacfd,self_loop,self_loop,1.0,1.0,1.0,1.0,1.0
2,fu:250507e8,fu:250507e8,self_loop,self_loop,1.0,1.0,1.0,1.0,1.0
2,fu:1443a2f5,fu:1443a2f5,self_loop,self_loop,1.0,1.0,1.0,1.0,1.0
2,RPS6KA6,RPS6KA6,self_loop,self_loop,1.0,1.0,1.0,1.0,1.0
2,RPS6KA1,RPS6KA1,self_loop,self_loop,1.0,1.0,1.0,1.0,1.0
2,RPS6KA2,RPS6KA2,self_loop,self_loop,1.0,1.0,1.0,1.0,1.0
2,RPS6KA3,RPS6KA3,self_loop,self_loop,1.0,1.0,1.0,1.0,1.0
2,fu:63e41e6d,fu:63e41e6d,self_loop,self_loop,1.0,1.0,1.0,1.0,1.0
2,MKNK2,MKNK2,self_loop,self_loop,1.0,1.0,1.0,1.0,1.0
2,MKNK1,MKNK1,self_loop,self_loop,1.0,1.0,1.0,1.0,1.0
2,fu:6afc3023,fu:6afc3023,self_loop,self_loop,1.0,1.0,1.0,1.0,1.0
2,EFNA4-EFNA3,EFNA4-EFNA3,self_loop,self_loop,1.0,1.0,1.0,1.0,1.0
2,CSF1,CSF1,self_loop,self_loop,1.0,1.0,1.0,1.0,1.0
2,EFNA1,EFNA1,self_loop,self_loop,1.0,1.0,1.0,1.0,1.0
2,EFNA2,EFNA2,self_loop,self_loop,1.0,1.0,1.0,1.0,1.0
2,EFNA3,EFNA3,self_loop,self_loop,1.0,1.0,1.0,1.0,1.0
2,EFNA4,EFNA4,self_loop,self_loop,1.0,1.0,1.0,1.0,1.0
2,EFNA5,EFNA5,self_loop,self_loop,1.0,1.0,1.0,1.0,1.0
2,EGF,EGF,self_loop,self_loop,1.0,1.0,1.0,1.0,1.0
2,EREG,EREG,self_loop,self_loop,1.0,1.0,1.0,1.0,1.0
2,FGF1,FGF1,self_loop,self_loop,1.0,1.0,1.0,1.0,1.0
2,FGF2,FGF2,self_loop,self_loop,0.2501397132873535,0.250087708234787,0.24995890259742737,0.24979780614376068,0.2507144808769226
2,FGF3,FGF3,self_loop,self_loop,1.0,1.0,1.0,1.0,1.0
2,FGF4,FGF4,self_loop,self_loop,1.0,1.0,1.0,1.0,1.0
2,FGF5,FGF5,self_loop,self_loop,1.0,1.0,1.0,1.0,1.0
2,FGF6,FGF6,self_loop,self_loop,1.0,1.0,1.0,1.0,1.0
2,FGF7,FGF7,self_loop,self_loop,1.0,1.0,1.0,1.0,1.0
2,FGF8,FGF8,self_loop,self_loop,1.0,1.0,1.0,1.0,1.0
2,FGF9,FGF9,self_loop,self_loop,1.0,1.0,1.0,1.0,1.0
2,FGF10,FGF10,self_loop,self_loop,1.0,1.0,1.0,1.0,1.0
2,VEGFD,VEGFD,self_loop,self_loop,1.0,1.0,1.0,1.0,1.0
2,FLT3LG,FLT3LG,self_loop,self_loop,1.0,1.0,1.0,1.0,1.0
2,FGF20,FGF20,self_loop,self_loop,1.0,1.0,1.0,1.0,1.0
2,FGF21,FGF21,self_loop,self_loop,1.0,1.0,1.0,1.0,1.0
2,GDNF,GDNF,self_loop,self_loop,1.0,1.0,1.0,1.0,1.0
2,FGF22,FGF22,self_loop,self_loop,1.0,1.0,1.0,1.0,1.0
2,ANGPT1,ANGPT1,self_loop,self_loop,1.0,1.0,1.0,1.0,1.0
2,ANGPT2,ANGPT2,self_loop,self_loop,1.0,1.0,1.0,1.0,1.0
2,HGF,HGF,self_loop,self_loop,0.49994510412216187,0.4998380243778229,0.4993937611579895,0.49818751215934753,0.5023611187934875
2,IGF1,IGF1,self_loop,self_loop,1.0,1.0,1.0,1.0,1.0
2,IGF2,IGF2,self_loop,self_loop,1.0,1.0,1.0,1.0,1.0
2,INS,INS,self_loop,self_loop,1.0,1.0,1.0,1.0,1.0
2,AREG,AREG,self_loop,self_loop,1.0,1.0,1.0,1.0,1.0
2,KITLG,KITLG,self_loop,self_loop,1.0,1.0,1.0,1.0,1.0
2,NGF,NGF,self_loop,self_loop,1.0,1.0,1.0,1.0,1.0
2,NRTN,NRTN,self_loop,self_loop,1.0,1.0,1.0,1.0,1.0
2,NTF3,NTF3,self_loop,self_loop,1.0,1.0,1.0,1.0,1.0
2,NTF4,NTF4,self_loop,self_loop,1.0,1.0,1.0,1.0,1.0
2,ANGPT4,ANGPT4,self_loop,self_loop,1.0,1.0,1.0,1.0,1.0
2,PDGFA,PDGFA,self_loop,self_loop,1.0,1.0,1.0,1.0,1.0
2,PDGFB,PDGFB,self_loop,self_loop,1.0,1.0,1.0,1.0,1.0
2,PGF,PGF,self_loop,self_loop,1.0,1.0,1.0,1.0,1.0
2,PDGFC,PDGFC,self_loop,self_loop,1.0,1.0,1.0,1.0,1.0
2,PSPN,PSPN,self_loop,self_loop,1.0,1.0,1.0,1.0,1.0
2,BDNF,BDNF,self_loop,self_loop,0.5003028512001038,0.5016738176345825,0.5000084042549133,0.49962717294692993,0.49990203976631165
2,TGFA,TGFA,self_loop,self_loop,1.0,1.0,1.0,1.0,1.0
2,VEGFA,VEGFA,self_loop,self_loop,0.33345651626586914,0.33384716510772705,0.33304911851882935,0.3331145942211151,0.33381515741348267
2,VEGFB,VEGFB,self_loop,self_loop,1.0,1.0,1.0,1.0,1.0
2,VEGFC,VEGFC,self_loop,self_loop,1.0,1.0,1.0,1.0,1.0
2,PDGFD,PDGFD,self_loop,self_loop,1.0,1.0,1.0,1.0,1.0
2,FGF23,FGF23,self_loop,self_loop,1.0,1.0,1.0,1.0,1.0
2,FGF18,FGF18,self_loop,self_loop,1.0,1.0,1.0,1.0,1.0
2,FGF17,FGF17,self_loop,self_loop,1.0,1.0,1.0,1.0,1.0
2,FGF16,FGF16,self_loop,self_loop,1.0,1.0,1.0,1.0,1.0
2,ARTN,ARTN,self_loop,self_loop,1.0,1.0,1.0,1.0,1.0
2,FGF19,FGF19,self_loop,self_loop,1.0,1.0,1.0,1.0,1.0
2,fu:ca456d48,fu:ca456d48,self_loop,self_loop,1.0,1.0,1.0,1.0,1.0
2,TRADD,TRADD,self_loop,self_loop,1.0,1.0,1.0,1.0,1.0
2,fu:560b76a1,fu:560b76a1,self_loop,self_loop,1.0,1.0,1.0,1.0,1.0
2,MYD88,MYD88,self_loop,self_loop,1.0,1.0,1.0,1.0,1.0
2,fu:1c95c9e0,fu:1c95c9e0,self_loop,self_loop,1.0,1.0,1.0,1.0,1.0
2,IRAK1,IRAK1,self_loop,self_loop,1.0,1.0,1.0,1.0,1.0
2,IRAK4,IRAK4,self_loop,self_loop,0.5001053810119629,0.5005496740341187,0.4999271035194397,0.4988129436969757,0.5011318922042847
2,fu:4aa63fd2,fu:4aa63fd2,self_loop,self_loop,1.0,1.0,1.0,1.0,1.0
2,ARAF,ARAF,self_loop,self_loop,1.0,1.0,1.0,1.0,1.0
2,fu:2da85051,fu:2da85051,self_loop,self_loop,1.0,1.0,1.0,1.0,1.0
2,fu:baab4be4,fu:baab4be4,self_loop,self_loop,1.0,1.0,1.0,1.0,1.0
2,fu:81217b6d,fu:81217b6d,self_loop,self_loop,1.0,1.0,1.0,1.0,1.0
2,fu:0bbae522,fu:0bbae522,self_loop,self_loop,1.0,1.0,1.0,1.0,1.0
2,MIMAT0000430,MIMAT0000430,self_loop,self_loop,1.0,1.0,1.0,1.0,1.0
2,MIMAT0002809,MIMAT0002809,self_loop,self_loop,1.0,1.0,1.0,1.0,1.0
2,MIMAT0000461,MIMAT0000461,self_loop,self_loop,1.0,1.0,1.0,1.0,1.0
2,MIMAT0000232,MIMAT0000232,self_loop,self_loop,1.0,1.0,1.0,1.0,1.0
2,MIMAT0004563,MIMAT0004563,self_loop,self_loop,1.0,1.0,1.0,1.0,1.0
2,MIMAT0000263,MIMAT0000263,self_loop,self_loop,1.0,1.0,1.0,1.0,1.0
2,MIMAT0000265,MIMAT0000265,self_loop,self_loop,1.0,1.0,1.0,1.0,1.0
2,MIMAT0001413,MIMAT0001413,self_loop,self_loop,1.0,1.0,1.0,1.0,1.0
2,MIMAT0000076,MIMAT0000076,self_loop,self_loop,1.0,1.0,1.0,1.0,1.0
2,MIMAT0000271,MIMAT0000271,self_loop,self_loop,1.0,1.0,1.0,1.0,1.0
2,MIMAT0000278,MIMAT0000278,self_loop,self_loop,1.0,1.0,1.0,1.0,1.0
2,MIMAT0000279,MIMAT0000279,self_loop,self_loop,1.0,1.0,1.0,1.0,1.0
2,MIMAT0004501,MIMAT0004501,self_loop,self_loop,1.0,1.0,1.0,1.0,1.0
2,MIMAT0000089,MIMAT0000089,self_loop,self_loop,1.0,1.0,1.0,1.0,1.0
2,MIMAT0000255,MIMAT0000255,self_loop,self_loop,1.0,1.0,1.0,1.0,1.0
2,MIMAT0003322,MIMAT0003322,self_loop,self_loop,1.0,1.0,1.0,1.0,1.0
2,MIMAT0000252,MIMAT0000252,self_loop,self_loop,1.0,1.0,1.0,1.0,1.0
2,MIMAT0000441,MIMAT0000441,self_loop,self_loop,1.0,1.0,1.0,1.0,1.0
2,fu:94ced6e1,fu:94ced6e1,self_loop,self_loop,0.2497570663690567,0.24993781745433807,0.25032147765159607,0.25036394596099854,0.24840505421161652
2,fu:426ff04d,fu:426ff04d,self_loop,self_loop,0.0909186527132988,0.09097028523683548,0.09091038256883621,0.09091619402170181,0.09087774157524109
2,fu:eb0913c8,fu:eb0913c8,self_loop,self_loop,0.19998320937156677,0.20003816485404968,0.20009559392929077,0.20012156665325165,0.199677512049675
2,fu:8f4928df,fu:8f4928df,self_loop,self_loop,0.4997881054878235,0.499636709690094,0.5005050301551819,0.5003079771995544,0.4987027049064636
2,fu:e31b7340,fu:e31b7340,self_loop,self_loop,0.49985843896865845,0.4996664524078369,0.5001099705696106,0.5004405975341797,0.4992167353630066
2,fu:2800db3e,fu:2800db3e,self_loop,self_loop,0.49975648522377014,0.4999644458293915,0.5006743669509888,0.5005013942718506,0.49788567423820496
2,fu:ad28b956,fu:ad28b956,self_loop,self_loop,0.11109324544668198,0.11117380857467651,0.11114270240068436,0.111092709004879,0.11096376925706863
2,fu:d344b8ad,fu:d344b8ad,self_loop,self_loop,0.3332585096359253,0.33312517404556274,0.33355605602264404,0.33335810899734497,0.3329947590827942
2,fu:3ee88785,fu:3ee88785,self_loop,self_loop,0.333210825920105,0.3331688344478607,0.3334093987941742,0.3335972726345062,0.33266788721084595
2,fu:6a14651d,fu:6a14651d,self_loop,self_loop,0.1428871899843216,0.14298926293849945,0.14289067685604095,0.14292819797992706,0.1427406221628189
2,fu:42758e63,fu:42758e63,self_loop,self_loop,0.12495686858892441,0.12490450590848923,0.12505081295967102,0.12508663535118103,0.12478552013635635
2,fu:cd063ff0,fu:cd063ff0,self_loop,self_loop,0.24997328221797943,0.25003835558891296,0.25022533535957336,0.250223308801651,0.24940617382526398
2,fu:7322350d,fu:7322350d,self_loop,self_loop,0.1427798867225647,0.1428002119064331,0.14298903942108154,0.14302650094032288,0.14230382442474365
2,fu:cd963cb8,fu:cd963cb8,self_loop,self_loop,0.33327972888946533,0.3333025276660919,0.33341479301452637,0.3334627151489258,0.33293890953063965
2,fu:edebe3a1,fu:edebe3a1,self_loop,self_loop,0.12494108825922012,0.12498191744089127,0.1250794529914856,0.12507741153240204,0.12462560087442398
2,fu:6d8ebe0b,fu:6d8ebe0b,self_loop,self_loop,0.12494037300348282,0.1249816045165062,0.12507756054401398,0.1250777542591095,0.1246245801448822
2,fu:3e4de2c7,fu:3e4de2c7,self_loop,self_loop,0.24975574016571045,0.24971891939640045,0.2501349151134491,0.25030338764190674,0.24886570870876312
2,fu:b344d97f,fu:b344d97f,self_loop,self_loop,0.24994656443595886,0.24953685700893402,0.2499949038028717,0.25024309754371643,0.2500114440917969
2,fu:4362baed,fu:4362baed,self_loop,self_loop,0.500184953212738,0.5001835227012634,0.49983492493629456,0.4999728500843048,0.5007485151290894
2,fu:7f8d78d3,fu:7f8d78d3,self_loop,self_loop,0.4996531009674072,0.5001527667045593,0.5002351403236389,0.5005863308906555,0.49763816595077515
2,fu:91b0acc6,fu:91b0acc6,self_loop,self_loop,0.2499726116657257,0.25019511580467224,0.25011128187179565,0.2504956126213074,0.24908849596977234
2,fu:8a875718,fu:8a875718,self_loop,self_loop,0.24998658895492554,0.24979576468467712,0.250012069940567,0.2502988278865814,0.249839648604393
2,fu:67180032,fu:67180032,self_loop,self_loop,0.2500334084033966,0.2501737177371979,0.2500273287296295,0.25019901990890503,0.2497335970401764
2,fu:292747d5,fu:292747d5,self_loop,self_loop,0.4995759427547455,0.49939846992492676,0.5004346370697021,0.5006361603736877,0.49783456325531006
2,fu:a74f111b,fu:a74f111b,self_loop,self_loop,0.333008348941803,0.3330252766609192,0.333412230014801,0.333861768245697,0.3317341208457947
2,fu:de327064,fu:de327064,self_loop,self_loop,0.0666043683886528,0.06670859456062317,0.06672979146242142,0.06671842932701111,0.06626065820455551
2,fu:3306f113,fu:3306f113,self_loop,self_loop,0.1665402501821518,0.16664476692676544,0.16683147847652435,0.16683369874954224,0.16585105657577515
2,fu:1296c511,fu:1296c511,self_loop,self_loop,0.3331410586833954,0.33340781927108765,0.3334895372390747,0.3336262106895447,0.3320406973361969
2,fu:618f9b57,fu:618f9b57,self_loop,self_loop,0.33332860469818115,0.3334771990776062,0.3331432640552521,0.33350157737731934,0.3331923186779022
2,fu:25ce285e,fu:25ce285e,self_loop,self_loop,0.33300265669822693,0.33294904232025146,0.3335152566432953,0.3337954580783844,0.33175089955329895
2,fu:a5ece49b,fu:a5ece49b,self_loop,self_loop,0.035714730620384216,0.03570903092622757,0.0357038676738739,0.03566500544548035,0.035781022161245346
2,fu:5010a05c,fu:5010a05c,self_loop,self_loop,0.037038542330265045,0.0370451882481575,0.037036411464214325,0.03703688457608223,0.03703569620847702
2,fu:cf682b35,fu:cf682b35,self_loop,self_loop,0.3329281210899353,0.3328869938850403,0.3334752917289734,0.3336030840873718,0.3317471444606781
2,fu:28d0b5d1,fu:28d0b5d1,self_loop,self_loop,0.3331276774406433,0.33309516310691833,0.33367758989334106,0.3336464464664459,0.3320915997028351
2,fu:e95555b8,fu:e95555b8,self_loop,self_loop,0.49996352195739746,0.500173807144165,0.5005195736885071,0.5003587603569031,0.49880191683769226
2,fu:cf3a93c5,fu:cf3a93c5,self_loop,self_loop,0.33326002955436707,0.3332681655883789,0.3334515392780304,0.33356955647468567,0.33275091648101807
2,fu:d7926132,fu:d7926132,self_loop,self_loop,0.33305296301841736,0.33288371562957764,0.33347848057746887,0.3336418569087982,0.3322077691555023
2,fu:5ae2c9f2,fu:5ae2c9f2,self_loop,self_loop,0.24997249245643616,0.24995934963226318,0.2500683665275574,0.25010010600090027,0.2497621774673462
2,fu:665381ed,fu:665381ed,self_loop,self_loop,0.2500430941581726,0.250036358833313,0.2500596344470978,0.25021541118621826,0.24986104667186737
2,fu:3d349895,fu:3d349895,self_loop,self_loop,0.24986092746257782,0.24993816018104553,0.25013095140457153,0.2502889633178711,0.24908559024333954
2,fu:ab399c96,fu:ab399c96,self_loop,self_loop,0.3333026170730591,0.3332678973674774,0.3333289921283722,0.33346232771873474,0.3331511616706848
2,fu:11606ae6,fu:11606ae6,self_loop,self_loop,0.3331923484802246,0.3325030207633972,0.33327195048332214,0.3336627185344696,0.3333316743373871
2,fu:531a5e06,fu:531a5e06,self_loop,self_loop,0.33316391706466675,0.33228355646133423,0.333342969417572,0.33366504311561584,0.33336418867111206
2,fu:fa58328a,fu:fa58328a,self_loop,self_loop,0.3331816494464874,0.3330453932285309,0.33337539434432983,0.3336507976055145,0.3326549530029297
2,fu:19f5b351,fu:19f5b351,self_loop,self_loop,0.24994617700576782,0.249789297580719,0.2500608563423157,0.25019413232803345,0.24974043667316437
2,fu:ee039625,fu:ee039625,self_loop,self_loop,0.2499019056558609,0.2497149407863617,0.2500806450843811,0.2501809298992157,0.2496311068534851
2,fu:256c4bca,fu:256c4bca,self_loop,self_loop,0.3332783579826355,0.3332953453063965,0.33337247371673584,0.3334527909755707,0.3329927623271942
2,fu:295bf12c,fu:295bf12c,self_loop,self_loop,0.11109466105699539,0.11113844811916351,0.11117143929004669,0.11119940131902695,0.11086935549974442
2,fu:944102db,fu:944102db,self_loop,self_loop,0.4998447000980377,0.5001993179321289,0.50013267993927,0.5003878474235535,0.4986589848995209
2,fu:ebeb97f3,fu:ebeb97f3,self_loop,self_loop,0.12489399313926697,0.12495587021112442,0.1251332312822342,0.12513336539268494,0.12435349076986313
2,fu:8a4c69b0,fu:8a4c69b0,self_loop,self_loop,0.12489433586597443,0.1249563992023468,0.12513364851474762,0.12513324618339539,0.1243540495634079
2,fu:282f2b98,fu:282f2b98,self_loop,self_loop,0.11112243682146072,0.11119551211595535,0.11111269891262054,0.11112091690301895,0.11106062680482864
2,fu:0eea7c8b,fu:0eea7c8b,self_loop,self_loop,0.19998320937156677,0.20003816485404968,0.20009559392929077,0.20012156665325165,0.199677512049675
2,fu:67e73720,fu:67e73720,self_loop,self_loop,0.5000719428062439,0.500075101852417,0.5003794431686401,0.5003607273101807,0.499472439289093
2,fu:7fdcbeec,fu:7fdcbeec,self_loop,self_loop,0.25004541873931885,0.2501063346862793,0.24999429285526276,0.2496764212846756,0.2504046559333801
2,fu:de878e1b,fu:de878e1b,self_loop,self_loop,0.25001880526542664,0.25006014108657837,0.2500151991844177,0.2500220239162445,0.24997779726982117
2,fu:d2a67a69,fu:d2a67a69,self_loop,self_loop,0.33292287588119507,0.3317541182041168,0.33354654908180237,0.33382871747016907,0.33256202936172485
2,fu:52a04670,fu:52a04670,self_loop,self_loop,0.24992184340953827,0.24961379170417786,0.250091016292572,0.25026682019233704,0.24971576035022736
2,fu:ae916742,fu:ae916742,self_loop,self_loop,0.19993019104003906,0.1999814212322235,0.20021778345108032,0.2001604437828064,0.19936110079288483
2,fu:d9ef3265,fu:d9ef3265,self_loop,self_loop,0.1665014922618866,0.1666097342967987,0.1667853742837906,0.16684429347515106,0.16576650738716125
2,fu:4b9b7996,fu:4b9b7996,self_loop,self_loop,0.4993053376674652,0.499448299407959,0.5006849765777588,0.5003119111061096,0.4967762529850006
2,fu:36a80391,fu:36a80391,self_loop,self_loop,0.5,0.5,0.5,0.5,0.5
2,fu:ddbbf138,fu:ddbbf138,self_loop,self_loop,0.33309486508369446,0.33336904644966125,0.333614706993103,0.33358871936798096,0.331807017326355
2,fu:fb8bcd03,fu:fb8bcd03,self_loop,self_loop,0.24990692734718323,0.25010988116264343,0.2501514256000519,0.24996913969516754,0.24939726293087006
2,fu:18665bcd,fu:18665bcd,self_loop,self_loop,0.3332919180393219,0.33341678977012634,0.3333781659603119,0.33341097831726074,0.33296170830726624
2,fu:3e5ba6c9,fu:3e5ba6c9,self_loop,self_loop,0.25001901388168335,0.24988165497779846,0.24999570846557617,0.2501254081726074,0.25007331371307373
2,fu:c78f0cde,fu:c78f0cde,self_loop,self_loop,0.4998703598976135,0.49953004717826843,0.5005174279212952,0.5004165172576904,0.49901750683784485
2,fu:04aa3206,fu:04aa3206,self_loop,self_loop,0.5000308752059937,0.50017249584198,0.5005145072937012,0.5004163384437561,0.4990200102329254
2,fu:57402cbc,fu:57402cbc,self_loop,self_loop,0.19982723891735077,0.19986093044281006,0.20015983283519745,0.20017746090888977,0.1991107016801834
2,fu:e2184ef8,fu:e2184ef8,self_loop,self_loop,0.24992255866527557,0.24942705035209656,0.2500786781311035,0.2501777708530426,0.2500067353248596
2,fu:23393f96,fu:23393f96,self_loop,self_loop,0.19993074238300323,0.1999043971300125,0.20018984377384186,0.20016154646873474,0.19946718215942383
2,fu:83ff1a97,fu:83ff1a97,self_loop,self_loop,0.2497868537902832,0.2496349811553955,0.2502095401287079,0.25027725100517273,0.2490256130695343
2,fu:c888309f,fu:c888309f,self_loop,self_loop,0.3330574929714203,0.33281663060188293,0.33357563614845276,0.33361726999282837,0.3322204053401947
2,fu:639267b9,fu:639267b9,self_loop,self_loop,0.3331596851348877,0.3326353430747986,0.33347252011299133,0.3336431086063385,0.33288779854774475
2,fu:1984f1f8,fu:1984f1f8,self_loop,self_loop,0.4997084438800812,0.49948909878730774,0.5004062652587891,0.5004140734672546,0.4985243082046509
2,fu:b909e99b,fu:b909e99b,self_loop,self_loop,0.2500635087490082,0.24993526935577393,0.24999751150608063,0.2500708997249603,0.25025030970573425
2,fu:249a5b6e,fu:249a5b6e,self_loop,self_loop,0.3332902789115906,0.33330196142196655,0.33345329761505127,0.33370962738990784,0.33269622921943665
2,fu:c561a985,fu:c561a985,self_loop,self_loop,0.24994182586669922,0.2495875209569931,0.2500082850456238,0.2505524456501007,0.2496190369129181
2,fu:994f289b,fu:994f289b,self_loop,self_loop,0.3330128788948059,0.3325267434120178,0.33355778455734253,0.3336612284183502,0.33230575919151306
2,fu:e57e5d99,fu:e57e5d99,self_loop,self_loop,0.25002235174179077,0.25007399916648865,0.2501104772090912,0.2501552104949951,0.24974976480007172
2,fu:637bcc89,fu:637bcc89,self_loop,self_loop,0.33334144949913025,0.33281588554382324,0.33319008350372314,0.3336499333381653,0.3337099254131317
2,fu:888932e7,fu:888932e7,self_loop,self_loop,0.5000351071357727,0.5001407861709595,0.4999978244304657,0.500076174736023,0.4999255836009979
2,fu:762cb2e5,fu:762cb2e5,self_loop,self_loop,0.33321431279182434,0.3330581784248352,0.33343565464019775,0.33365821838378906,0.33270516991615295
2,fu:cd108692,fu:cd108692,self_loop,self_loop,0.20001405477523804,0.1999409943819046,0.20001016557216644,0.20005826652050018,0.20004679262638092
2,fu:5d795275,fu:5d795275,self_loop,self_loop,0.19990575313568115,0.199433371424675,0.19994570314884186,0.20019206404685974,0.20005188882350922
2,fu:ed3b49b2,fu:ed3b49b2,self_loop,self_loop,0.2500481903553009,0.250095933675766,0.25001898407936096,0.2500806450843811,0.24999724328517914
2,fu:0d25146a,fu:0d25146a,self_loop,self_loop,0.33290013670921326,0.3327474892139435,0.33361589908599854,0.33354413509368896,0.33169305324554443
2,fu:7c9a7432,fu:7c9a7432,self_loop,self_loop,0.24951928853988647,0.2494141012430191,0.2503223717212677,0.2502411901950836,0.2480994462966919
2,fu:7224dcdb,fu:7224dcdb,self_loop,self_loop,0.12483303248882294,0.12489361315965652,0.1251833289861679,0.12513883411884308,0.12411636859178543
2,fu:c58de1d0,fu:c58de1d0,self_loop,self_loop,0.090813048183918,0.09084588289260864,0.09099748730659485,0.09099967777729034,0.09040912240743637
2,fu:57055c4e,fu:57055c4e,self_loop,self_loop,0.1999020129442215,0.199929341673851,0.20015233755111694,0.20019319653511047,0.19933313131332397
2,fu:045e2574,fu:045e2574,self_loop,self_loop,0.20003199577331543,0.19999143481254578,0.2000715583562851,0.20010939240455627,0.19995559751987457
2,fu:9a241322,fu:9a241322,self_loop,self_loop,0.2499864548444748,0.24994853138923645,0.2500261962413788,0.25011420249938965,0.2498568892478943
2,fu:caaa3f23,fu:caaa3f23,self_loop,self_loop,0.4997568130493164,0.500149130821228,0.5001999139785767,0.5005365610122681,0.49814164638519287
2,fu:b00d576a,fu:b00d576a,self_loop,self_loop,0.1666235625743866,0.16670361161231995,0.16673336923122406,0.16675053536891937,0.16630671918392181
2,fu:8b469fd4,fu:8b469fd4,self_loop,self_loop,0.3333470821380615,0.3332009017467499,0.33334651589393616,0.3335709571838379,0.33326995372772217
2,fu:1f5670d1,fu:1f5670d1,self_loop,self_loop,0.25005266070365906,0.24996361136436462,0.2500138282775879,0.2501791715621948,0.2500540316104889
2,fu:07c91aa5,fu:07c91aa5,self_loop,self_loop,0.2496974617242813,0.24967272579669952,0.25019383430480957,0.2503078281879425,0.24861545860767365
2,fu:44d632b3,fu:44d632b3,self_loop,self_loop,0.24969582259655,0.2495727241039276,0.25018131732940674,0.25030240416526794,0.24872685968875885
2,fu:952968f0,fu:952968f0,self_loop,self_loop,0.16662336885929108,0.16665726900100708,0.16671474277973175,0.16671286523342133,0.16640858352184296
2,fu:a02813ab,fu:a02813ab,self_loop,self_loop,0.16661258041858673,0.16664442420005798,0.16675345599651337,0.16675418615341187,0.1662982553243637
2,fu:0e58f43d,fu:0e58f43d,self_loop,self_loop,0.3332971930503845,0.3333350121974945,0.3334389626979828,0.33351755142211914,0.33289724588394165
2,fu:96f39533,fu:96f39533,self_loop,self_loop,0.11101947724819183,0.11090995371341705,0.1111658439040184,0.11125839501619339,0.11074374616146088
2,fu:524928b5,fu:524928b5,self_loop,self_loop,0.4997738301753998,0.4998493492603302,0.5003666877746582,0.5003861784934998,0.4984930455684662
2,fu:7d8f4352,fu:7d8f4352,self_loop,self_loop,0.33263450860977173,0.3324563801288605,0.333736777305603,0.33367642760276794,0.33066847920417786
2,fu:8150bf29,fu:8150bf29,self_loop,self_loop,0.4996967017650604,0.5002755522727966,0.5002811551094055,0.5004865527153015,0.49774348735809326
2,fu:d0883595,fu:d0883595,self_loop,self_loop,0.33282727003097534,0.3317479193210602,0.33348968625068665,0.3336748480796814,0.3323966860771179
2,fu:491d26a2,fu:491d26a2,self_loop,self_loop,0.49991708993911743,0.5000374913215637,0.5001922249794006,0.500257134437561,0.49918147921562195
2,fu:f2492ea9,fu:f2492ea9,self_loop,self_loop,0.49970099329948425,0.4989224374294281,0.5000827312469482,0.500363826751709,0.4994349479675293
2,fu:d34a15b8,fu:d34a15b8,self_loop,self_loop,0.24991288781166077,0.24992099404335022,0.25009840726852417,0.25019893050193787,0.24943317472934723
2,fu:d5bebf15,fu:d5bebf15,self_loop,self_loop,0.24989891052246094,0.24982759356498718,0.2501329779624939,0.25017642974853516,0.2494586557149887
2,fu:55fad545,fu:55fad545,self_loop,self_loop,0.2497483789920807,0.24989482760429382,0.2501370310783386,0.2502981722354889,0.2486635148525238
2,fu:a82b8eb0,fu:a82b8eb0,self_loop,self_loop,0.1665971875190735,0.16674505174160004,0.16671958565711975,0.16668742895126343,0.1662367284297943
2,fu:4198d6fe,fu:4198d6fe,self_loop,self_loop,0.249989315867424,0.25003066658973694,0.250101774930954,0.250171422958374,0.2496534138917923
2,fu:85082bcd,fu:85082bcd,self_loop,self_loop,0.017860058695077896,0.017863493412733078,0.017856081947684288,0.017855599522590637,0.017865058034658432
2,fu:47df25a3,fu:47df25a3,self_loop,self_loop,0.3331514000892639,0.3329298794269562,0.33359092473983765,0.3335590362548828,0.33252567052841187
2,fu:c1f44866,fu:c1f44866,self_loop,self_loop,0.33312588930130005,0.33302927017211914,0.3335477411746979,0.33364593982696533,0.3322806656360626
2,fu:76a1c54d,fu:76a1c54d,self_loop,self_loop,0.24993029236793518,0.24984842538833618,0.25007396936416626,0.2501029968261719,0.2496957629919052
2,fu:640a8809,fu:640a8809,self_loop,self_loop,0.3331668972969055,0.3326883912086487,0.33338043093681335,0.3335954546928406,0.33300328254699707
2,fu:e6a13e0d,fu:e6a13e0d,self_loop,self_loop,0.49998727440834045,0.49841466546058655,0.49961403012275696,0.500546395778656,0.5013740062713623
2,fu:2fb576e7,fu:2fb576e7,self_loop,self_loop,0.3332272469997406,0.3333562910556793,0.33294957876205444,0.3335628807544708,0.3330402374267578
2,fu:19936281,fu:19936281,self_loop,self_loop,0.33351776003837585,0.33475419878959656,0.3331124782562256,0.3334541320800781,0.3327501714229584
3,MIMAT0000430,NFKB1,mir_to_gene,,0.5002819299697876,0.5008299350738525,0.4999794065952301,0.5007280111312866,0.49959033727645874
3,MIMAT0002809,TRAF6,mir_to_gene,,0.5002570748329163,0.500242292881012,0.5000242590904236,0.5010761618614197,0.4996855854988098
3,MIMAT0000461,FGF2,mir_to_gene,,0.24998264014720917,0.24998979270458221,0.2499280422925949,0.25010523200035095,0.2499074786901474
3,MIMAT0000461,TAOK1,mir_to_gene,,0.3334105610847473,0.3333585858345032,0.33336612582206726,0.3336716294288635,0.3332459628582001
3,MIMAT0000461,VEGFA,mir_to_gene,,0.3333010971546173,0.3333147466182709,0.3331669867038727,0.3335588872432709,0.33316370844841003
3,MIMAT0000461,MAP4K2,mir_to_gene,,0.5002334117889404,0.5004869699478149,0.4999816119670868,0.500935435295105,0.49952954053878784
3,MIMAT0000232,FGF2,mir_to_gene,,0.250027596950531,0.25000903010368347,0.2500012516975403,0.2500269412994385,0.2500731647014618
3,MIMAT0000232,MET,mir_to_gene,,0.33337539434432983,0.3333868086338043,0.3333548307418823,0.3335231840610504,0.33323678374290466
3,MIMAT0000232,MAPK9,mir_to_gene,,0.3334437906742096,0.3333864212036133,0.3334529995918274,0.3335203528404236,0.3334153890609741
3,MIMAT0000232,HGF,mir_to_gene,,0.5003289580345154,0.5007596611976624,0.5001651644706726,0.5008189082145691,0.49957212805747986
3,MIMAT0004563,FGF2,mir_to_gene,,0.250027596950531,0.25000903010368347,0.2500012516975403,0.2500269412994385,0.2500731647014618
3,MIMAT0004563,MET,mir_to_gene,,0.33337539434432983,0.3333868086338043,0.3333548307418823,0.3335231840610504,0.33323678374290466
3,MIMAT0000263,KIT,mir_to_gene,,0.3333178758621216,0.3332928717136383,0.3333098292350769,0.33346617221832275,0.33320266008377075
3,MIMAT0000265,NTRK2,mir_to_gene,,0.5002752542495728,0.500781238079071,0.49998390674591064,0.5008767247200012,0.49945929646492004
3,MIMAT0000265,BDNF,mir_to_gene,,0.5000114440917969,0.5004158020019531,0.4993848204612732,0.5005614757537842,0.49968355894088745
3,MIMAT0000265,TGFBR1,mir_to_gene,,0.5001992583274841,0.5006306171417236,0.49991926550865173,0.5008822083473206,0.4993648827075958
3,MIMAT0000265,CACNG8,mir_to_gene,,0.499957799911499,0.500812292098999,0.4988771378993988,0.5003480315208435,0.49979373812675476
3,MIMAT0000265,CDC42,mir_to_gene,,0.5001916289329529,0.5003691911697388,0.49983468651771545,0.5007175803184509,0.4998449385166168
3,MIMAT0000265,PPP3R1,mir_to_gene,,0.5001611709594727,0.5000807642936707,0.500017523765564,0.5005702376365662,0.4999760687351227
3,MIMAT0001413,MAP3K2,mir_to_gene,,0.3332754373550415,0.3333646059036255,0.33330512046813965,0.33344846963882446,0.3329835534095764
3,MIMAT0001413,IRAK4,mir_to_gene,,0.5001835227012634,0.5005910992622375,0.4999946355819702,0.5008326768875122,0.49931561946868896
3,MIMAT0001413,DUSP2,mir_to_gene,,0.4997515380382538,0.5002875924110413,0.49888819456100464,0.5003904700279236,0.4994398355484009
3,MIMAT0001413,MAPK9,mir_to_gene,,0.33328887820243835,0.33336183428764343,0.33320650458335876,0.3335440158843994,0.3330432176589966
3,MIMAT0001413,RPS6KA5,mir_to_gene,,0.5001713037490845,0.5004561543464661,0.5000374913215637,0.5008237361907959,0.49936777353286743
3,MIMAT0000076,ATF2,mir_to_gene,,0.500207781791687,0.5005466341972351,0.49987417459487915,0.5009631514549255,0.49944719672203064
3,MIMAT0000271,FGFR1,mir_to_gene,,0.5002017617225647,0.5007163286209106,0.4997502267360687,0.5007371306419373,0.499603271484375
3,MIMAT0000271,MAPK8,mir_to_gene,,0.5000523328781128,0.5006563067436218,0.49950122833251953,0.5005868077278137,0.49946504831314087
3,MIMAT0000271,MEF2C,mir_to_gene,,0.5001634359359741,0.5006659030914307,0.49963951110839844,0.5005828738212585,0.4997654855251312
3,MIMAT0000271,RASA1,mir_to_gene,,0.3333776593208313,0.3333838880062103,0.3333134055137634,0.3335162103176117,0.33329710364341736
3,MIMAT0000271,NRAS,mir_to_gene,,0.5000591278076172,0.5003446340560913,0.4995094835758209,0.5002910494804382,0.5000911951065063
3,MIMAT0000271,MAPK14,mir_to_gene,,0.4998995065689087,0.5006081461906433,0.49929720163345337,0.5003998875617981,0.4992928206920624
3,MIMAT0000278,ERBB4,mir_to_gene,,0.5003435611724854,0.5009846091270447,0.49994054436683655,0.5007502436637878,0.4996989071369171
3,MIMAT0000278,MAPK10,mir_to_gene,,0.5002777576446533,0.5009446144104004,0.4997369945049286,0.5008844137191772,0.4995449483394623
3,MIMAT0000278,AKT3,mir_to_gene,,0.3335040807723999,0.3333968222141266,0.3333514928817749,0.3337964415550232,0.3334715664386749
3,MIMAT0000278,MAP3K2,mir_to_gene,,0.33348798751831055,0.33339792490005493,0.3333774507045746,0.3336799442768097,0.333496630191803
3,MIMAT0000278,KIT,mir_to_gene,,0.33346056938171387,0.33353209495544434,0.3333534002304077,0.33367863297462463,0.3332781195640564
3,MIMAT0000278,STMN1,mir_to_gene,,0.5002825260162354,0.4999082684516907,0.5000439882278442,0.5011619329452515,0.5000160336494446
3,MIMAT0000279,AKT3,mir_to_gene,,0.3332947790622711,0.33336910605430603,0.3333381712436676,0.3334912955760956,0.3329804837703705
3,MIMAT0004501,EGFR,mir_to_gene,,0.33338552713394165,0.33328238129615784,0.3333289325237274,0.3335428833961487,0.3333878219127655
3,MIMAT0000089,RASA1,mir_to_gene,,0.33336877822875977,0.33335500955581665,0.33325642347335815,0.3335966169834137,0.3332671523094177
3,MIMAT0000255,AKT1,mir_to_gene,,0.5002899169921875,0.500735342502594,0.5000271797180176,0.5009014010429382,0.49949565529823303
3,MIMAT0000255,VEGFA,mir_to_gene,,0.3333328366279602,0.3333947956562042,0.33315637707710266,0.33342862129211426,0.33335158228874207
3,MIMAT0000255,PDGFRA,mir_to_gene,,0.5003528594970703,0.5008563995361328,0.500079870223999,0.5008237361907959,0.4996515214443207
3,MIMAT0000255,RRAS,mir_to_gene,,0.4998960793018341,0.5004879236221313,0.49889832735061646,0.5001952052116394,0.5000028610229492
3,MIMAT0000255,TNF,mir_to_gene,,0.49989962577819824,0.5005925297737122,0.4989752173423767,0.5001669526100159,0.499863862991333
3,MIMAT0000255,TGFBR2,mir_to_gene,,0.5003520250320435,0.5008559823036194,0.5001547932624817,0.5009111762046814,0.4994860887527466
3,MIMAT0003322,STK4,mir_to_gene,,0.5002425909042358,0.5006740689277649,0.5000928044319153,0.5009562969207764,0.4992472231388092
3,MIMAT0003322,MRAS,mir_to_gene,,0.5000812411308289,0.5006591081619263,0.49959856271743774,0.5005277991294861,0.49953940510749817
3,MIMAT0000252,EGFR,mir_to_gene,,0.33338528871536255,0.3335323631763458,0.3333452641963959,0.3335777521133423,0.33308571577072144
3,MIMAT0000252,PAK1,mir_to_gene,,0.5003179311752319,0.500701904296875,0.5000197291374207,0.5012564659118652,0.4992934465408325
3,MIMAT0000252,GNA12,mir_to_gene,,0.5000824332237244,0.5008352994918823,0.499680757522583,0.5007935762405396,0.4990200102329254
3,MIMAT0000252,CACNG5,mir_to_gene,,0.5001208186149597,0.5006877779960632,0.49921277165412903,0.5006294846534729,0.4999532997608185
3,MIMAT0000441,TAOK1,mir_to_gene,,0.33334335684776306,0.33337053656578064,0.3333278298377991,0.3334474265575409,0.33322760462760925
3,RASGRF1,fu:94ced6e1,gene_to_fu,,0.24985697865486145,0.24983945488929749,0.2492159754037857,0.2498926818370819,0.2504797875881195
3,RASGRF2,fu:94ced6e1,gene_to_fu,,0.24989153444766998,0.2500513195991516,0.24939945340156555,0.24989642202854156,0.25021892786026
3,DUSP10,fu:426ff04d,gene_to_fu,,0.0907449871301651,0.09074055403470993,0.09037543088197708,0.09084431082010269,0.09101967513561249
3,DUSP1,fu:426ff04d,gene_to_fu,,0.09107574075460434,0.09076636284589767,0.09154985100030899,0.09091414511203766,0.09107258170843124
3,DUSP2,fu:426ff04d,gene_to_fu,,0.09101524204015732,0.09206019341945648,0.09047897160053253,0.09111268073320389,0.09040913730859756
3,DUSP4,fu:426ff04d,gene_to_fu,,0.09101356565952301,0.09098432213068008,0.09147647768259048,0.09086895734071732,0.09072448313236237
3,DUSP5,fu:426ff04d,gene_to_fu,,0.09116621315479279,0.09096866846084595,0.09185737371444702,0.09088687598705292,0.09095191955566406
3,DUSP6,fu:426ff04d,gene_to_fu,,0.09079480916261673,0.09070618450641632,0.09055700898170471,0.09093024581670761,0.09098580479621887
3,DUSP7,fu:426ff04d,gene_to_fu,,0.0908144861459732,0.09072742611169815,0.09086751937866211,0.09083651751279831,0.09082648903131485
3,DUSP8,fu:426ff04d,gene_to_fu,,0.0908389762043953,0.0907006785273552,0.090635746717453,0.0908970907330513,0.09112238138914108
3,DUSP9,fu:426ff04d,gene_to_fu,,0.09103024005889893,0.09090496599674225,0.09136354923248291,0.0909535139799118,0.09089892357587814
3,DUSP16,fu:426ff04d,gene_to_fu,,0.09061399102210999,0.0906643345952034,0.08987827599048615,0.09084971994161606,0.09106363356113434
3,DUSP3,fu:eb0913c8,gene_to_fu,,0.19992952048778534,0.20069783926010132,0.20005345344543457,0.2000257819890976,0.19894097745418549
3,PTPN7,fu:eb0913c8,gene_to_fu,,0.2007954716682434,0.20043806731700897,0.20248544216156006,0.19998699426651,0.2002713531255722
3,PTPRR,fu:eb0913c8,gene_to_fu,,0.19980107247829437,0.1994173228740692,0.19851955771446228,0.2000412791967392,0.2012261003255844
3,PTPN5,fu:eb0913c8,gene_to_fu,,0.19952431321144104,0.19955770671367645,0.1990012526512146,0.19992810487747192,0.1996101588010788
3,PPM1B,fu:8f4928df,gene_to_fu,,0.49997609853744507,0.4994357228279114,0.5004141926765442,0.49977317452430725,0.5002812743186951
3,FASLG,fu:e31b7340,gene_to_fu,,0.5002176761627197,0.4995325207710266,0.5013443827629089,0.4998165965080261,0.500177264213562
3,MAP4K4,fu:2800db3e,gene_to_fu,,0.5000763535499573,0.4999210834503174,0.49994704127311707,0.4997604787349701,0.5006768107414246
3,PLA2G4B,fu:ad28b956,gene_to_fu,,0.1113152801990509,0.112294502556324,0.11088714003562927,0.11172819137573242,0.11035130172967911
3,PLA2G4E,fu:ad28b956,gene_to_fu,,0.11101052910089493,0.11091298609972,0.11074776202440262,0.11102700233459473,0.11135438829660416
3,PLA2G4F,fu:ad28b956,gene_to_fu,,0.11109480261802673,0.11090424656867981,0.111466184258461,0.11108298599720001,0.11092577874660492
3,PLA2G4D,fu:ad28b956,gene_to_fu,,0.11099975556135178,0.11089407652616501,0.1109490841627121,0.11099527031183243,0.11116060614585876
3,PLA2G4A,fu:ad28b956,gene_to_fu,,0.11092685908079147,0.11085491627454758,0.11065298318862915,0.11095217615365982,0.11124736070632935
3,PLA2G4C,fu:ad28b956,gene_to_fu,,0.11101613193750381,0.11086878925561905,0.11071009188890457,0.11094945669174194,0.1115361824631691
3,JMJD7-PLA2G4B,fu:ad28b956,gene_to_fu,,0.11129947751760483,0.11099214851856232,0.11191027611494064,0.11105557531118393,0.11123991757631302
3,STMN1,fu:d344b8ad,gene_to_fu,,0.3331150710582733,0.333612859249115,0.3325638771057129,0.33344823122024536,0.33283528685569763
3,MAPT,fu:3ee88785,gene_to_fu,,0.33330315351486206,0.33301404118537903,0.3334529995918274,0.3327570855617523,0.33398836851119995
3,NFKB1,fu:6a14651d,gene_to_fu,,0.14273396134376526,0.14290903508663177,0.14225691556930542,0.14309553802013397,0.14267432689666748
3,NFKB2,fu:6a14651d,gene_to_fu,,0.14286606013774872,0.1421632319688797,0.14327682554721832,0.1427309364080429,0.14329324662685394
3,RELA,fu:6a14651d,gene_to_fu,,0.14307743310928345,0.1422400325536728,0.14352892339229584,0.14275772869586945,0.14378301799297333
3,RELB,fu:6a14651d,gene_to_fu,,0.14289340376853943,0.14216285943984985,0.14330454170703888,0.14282479882240295,0.14328143000602722
3,CHUK,fu:42758e63,gene_to_fu,,0.12492097914218903,0.12449049949645996,0.12460454553365707,0.1249571442604065,0.12563173472881317
3,IKBKB,fu:42758e63,gene_to_fu,,0.12495511770248413,0.1245328038930893,0.12459969520568848,0.12498171627521515,0.1257062554359436
3,IKBKG,fu:42758e63,gene_to_fu,,0.12526661157608032,0.12482388317584991,0.1257321685552597,0.12478628754615784,0.12572409212589264
3,MAP3K14,fu:cd063ff0,gene_to_fu,,0.2515052556991577,0.25826266407966614,0.24970129132270813,0.24915586411952972,0.24890121817588806
3,MAPK1,fu:7322350d,gene_to_fu,,0.14309926331043243,0.1425875723361969,0.1433091014623642,0.14271651208400726,0.14378386735916138
3,MAPK3,fu:7322350d,gene_to_fu,,0.1430554986000061,0.14261525869369507,0.14343664050102234,0.14268480241298676,0.14348529279232025
3,LAMTOR3,fu:cd963cb8,gene_to_fu,,0.33308279514312744,0.3335658311843872,0.33260250091552734,0.333734929561615,0.3324279487133026
3,MAP2K2,fu:edebe3a1,gene_to_fu,,0.1253896802663803,0.12485336512327194,0.12619709968566895,0.1248098611831665,0.12569840252399445
3,MAP2K1,fu:6d8ebe0b,gene_to_fu,,0.1253206878900528,0.12478731572628021,0.12593764066696167,0.12480268627405167,0.12575508654117584
3,RAF1,fu:3e4de2c7,gene_to_fu,,0.25007346272468567,0.24966393411159515,0.25010740756988525,0.24992968142032623,0.25059279799461365
3,BRAF,fu:b344d97f,gene_to_fu,,0.25003182888031006,0.24960501492023468,0.24973270297050476,0.24989229440689087,0.25089728832244873
3,RASA1,fu:4362baed,gene_to_fu,,0.5001075267791748,0.5008817911148071,0.49940213561058044,0.5003558993339539,0.49979016184806824
3,NF1,fu:7f8d78d3,gene_to_fu,,0.500109076499939,0.4997313618659973,0.4999425709247589,0.49981027841567993,0.5009520053863525
3,PRKCA,fu:91b0acc6,gene_to_fu,,0.2499765008687973,0.24991172552108765,0.24960623681545258,0.24990592896938324,0.25048208236694336
3,PRKCB,fu:91b0acc6,gene_to_fu,,0.24995726346969604,0.24995577335357666,0.24967816472053528,0.24992141127586365,0.250273734331131
3,PRKCG,fu:91b0acc6,gene_to_fu,,0.2501349449157715,0.2500855326652527,0.25094059109687805,0.2501385509967804,0.2493751049041748
3,RAP1A,fu:8a875718,gene_to_fu,,0.24975897371768951,0.25019383430480957,0.2497599571943283,0.24988944828510284,0.24919265508651733
3,RAP1B,fu:8a875718,gene_to_fu,,0.24993012845516205,0.25028613209724426,0.25026923418045044,0.24997638165950775,0.24918870627880096
3,PRKACA,fu:67180032,gene_to_fu,,0.25008460879325867,0.24997137486934662,0.24997980892658234,0.24999253451824188,0.25039470195770264
3,PRKACB,fu:67180032,gene_to_fu,,0.24971094727516174,0.24990279972553253,0.24907353520393372,0.24984008073806763,0.2500273585319519
3,PRKACG,fu:67180032,gene_to_fu,,0.2502519190311432,0.25008219480514526,0.2510455250740051,0.2501293420791626,0.24975056946277618
3,RAPGEF2,fu:292747d5,gene_to_fu,,0.49994581937789917,0.49969717860221863,0.49991273880004883,0.499789297580719,0.5003841519355774
3,RASA2,fu:a74f111b,gene_to_fu,,0.3333854675292969,0.33239251375198364,0.3331884741783142,0.33314865827560425,0.3348122835159302
3,RRAS2,fu:de327064,gene_to_fu,,0.06676341593265533,0.06679441034793854,0.06712419539690018,0.06660345941781998,0.06653160601854324
3,MRAS,fu:de327064,gene_to_fu,,0.0667162537574768,0.06700949370861053,0.06664830446243286,0.06677991151809692,0.0664273127913475
3,HRAS,fu:de327064,gene_to_fu,,0.06667481362819672,0.06670015305280685,0.0671684518456459,0.06656589359045029,0.06626474857330322
3,KRAS,fu:de327064,gene_to_fu,,0.06660085916519165,0.06657961010932922,0.066820427775383,0.06650824099779129,0.0664951503276825
3,NRAS,fu:de327064,gene_to_fu,,0.06670045852661133,0.06692385673522949,0.06669696420431137,0.06677265465259552,0.06640833616256714
3,RRAS,fu:de327064,gene_to_fu,,0.06678703427314758,0.06702593713998795,0.0668877586722374,0.06679996103048325,0.06643446534872055
3,RASGRP1,fu:3306f113,gene_to_fu,,0.16655516624450684,0.1666039228439331,0.1660846322774887,0.16656425595283508,0.16696783900260925
3,RASGRP2,fu:3306f113,gene_to_fu,,0.16664628684520721,0.1666232794523239,0.1664973646402359,0.166700541973114,0.16676394641399384
3,RASGRP4,fu:3306f113,gene_to_fu,,0.16676512360572815,0.16681481897830963,0.16740049421787262,0.16678044199943542,0.1660647690296173
3,RASGRP3,fu:3306f113,gene_to_fu,,0.16648554801940918,0.16655351221561432,0.1658763736486435,0.16657860577106476,0.16693373024463654
3,SOS1,fu:1296c511,gene_to_fu,,0.3333921730518341,0.333254337310791,0.3333437144756317,0.33331072330474854,0.33365991711616516
3,SOS2,fu:1296c511,gene_to_fu,,0.33330267667770386,0.33333128690719604,0.3333011567592621,0.3332681357860565,0.3333101272583008
3,GNA12,fu:618f9b57,gene_to_fu,,0.3339214026927948,0.33322519063949585,0.33428895473480225,0.3340863585472107,0.334085077047348
3,GNG12,fu:618f9b57,gene_to_fu,,0.33268702030181885,0.33365628123283386,0.3324199914932251,0.33261650800704956,0.3320552110671997
3,GRB2,fu:25ce285e,gene_to_fu,,0.33366405963897705,0.3333909809589386,0.3348638117313385,0.3333613872528076,0.3330400586128235
3,CSF1R,fu:a5ece49b,gene_to_fu,,0.03573358803987503,0.03559950739145279,0.03591705113649368,0.03570571541786194,0.03571208193898201
3,EGFR,fu:a5ece49b,gene_to_fu,,0.035759709775447845,0.03605591133236885,0.03555040806531906,0.03583388030529022,0.03559862822294235
3,EPHA2,fu:a5ece49b,gene_to_fu,,0.03570765629410744,0.03560667484998703,0.03584238886833191,0.03566386550664902,0.03571769967675209
3,ERBB2,fu:a5ece49b,gene_to_fu,,0.03568582236766815,0.03560614213347435,0.03574461489915848,0.03570001944899559,0.03569251298904419
3,ERBB3,fu:a5ece49b,gene_to_fu,,0.03569566085934639,0.03560551628470421,0.035764820873737335,0.03571368753910065,0.035698626190423965
3,ERBB4,fu:a5ece49b,gene_to_fu,,0.035730041563510895,0.03595603257417679,0.0355636291205883,0.035770561546087265,0.03562995046377182
3,FGFR1,fu:a5ece49b,gene_to_fu,,0.03573007881641388,0.03592140972614288,0.03561442345380783,0.035760924220085144,0.03562356159090996
3,FGFR3,fu:a5ece49b,gene_to_fu,,0.0357523187994957,0.03560556843876839,0.03598754107952118,0.03569019213318825,0.03572598099708557
3,FGFR2,fu:a5ece49b,gene_to_fu,,0.035705551505088806,0.0355895459651947,0.035746458917856216,0.03565383329987526,0.03583237901329994
3,FGFR4,fu:a5ece49b,gene_to_fu,,0.035740599036216736,0.035597026348114014,0.035902440547943115,0.035705968737602234,0.035756953060626984
3,FLT1,fu:a5ece49b,gene_to_fu,,0.03566540777683258,0.03555469959974289,0.035486023873090744,0.035655803978443146,0.035965099930763245
3,FLT3,fu:a5ece49b,gene_to_fu,,0.03566603735089302,0.03558264300227165,0.035569190979003906,0.03567283973097801,0.035839471966028214
3,FLT4,fu:a5ece49b,gene_to_fu,,0.0356919951736927,0.03558706119656563,0.035711660981178284,0.03568769618868828,0.035781558603048325
3,IGF1R,fu:a5ece49b,gene_to_fu,,0.035640161484479904,0.03559369221329689,0.035513829439878464,0.03567594662308693,0.03577718138694763
3,INSR,fu:a5ece49b,gene_to_fu,,0.03565263748168945,0.03559570014476776,0.03552090749144554,0.03569113090634346,0.03580281883478165
3,KDR,fu:a5ece49b,gene_to_fu,,0.03568625822663307,0.03557909280061722,0.03571847826242447,0.03566713631153107,0.035780325531959534
3,KIT,fu:a5ece49b,gene_to_fu,,0.03575208783149719,0.03602222353219986,0.03554631397128105,0.03582701459527016,0.0356128104031086
3,MET,fu:a5ece49b,gene_to_fu,,0.03576909750699997,0.036052390933036804,0.03560125082731247,0.03581981360912323,0.03560294210910797
3,NGFR,fu:a5ece49b,gene_to_fu,,0.03575765714049339,0.035611674189567566,0.036129530519247055,0.03565283119678497,0.03563658893108368
3,NTRK1,fu:a5ece49b,gene_to_fu,,0.035718727856874466,0.03560449182987213,0.03581878915429115,0.0357297845184803,0.03572184965014458
3,NTRK2,fu:a5ece49b,gene_to_fu,,0.03570497781038284,0.0359313078224659,0.035526093095541,0.03576749935746193,0.035595010966062546
3,PDGFRA,fu:a5ece49b,gene_to_fu,,0.035729870200157166,0.03597484156489372,0.03557242825627327,0.03575408086180687,0.035618122667074203
3,PDGFRB,fu:a5ece49b,gene_to_fu,,0.035678546875715256,0.035619985312223434,0.035714101046323776,0.03569360822439194,0.035686492919921875
3,RET,fu:a5ece49b,gene_to_fu,,0.035738345235586166,0.0355939045548439,0.03585754334926605,0.03570549562573433,0.03579643741250038
3,TEK,fu:a5ece49b,gene_to_fu,,0.03568929061293602,0.03560996800661087,0.03569980710744858,0.03567992150783539,0.035767462104558945
3,CACNG3,fu:5010a05c,gene_to_fu,,0.0370979905128479,0.037004504352808,0.03730079531669617,0.03703054040670395,0.03705611824989319
3,CACNG2,fu:5010a05c,gene_to_fu,,0.037106141448020935,0.036963921040296555,0.03732162341475487,0.037014320492744446,0.037124697118997574
3,CACNG5,fu:5010a05c,gene_to_fu,,0.03708061948418617,0.03746655583381653,0.036954980343580246,0.037146542221307755,0.03675440326333046
3,CACNG4,fu:5010a05c,gene_to_fu,,0.03712465986609459,0.03701956197619438,0.037392936646938324,0.03703893721103668,0.03704720363020897
3,CACNA2D3,fu:5010a05c,gene_to_fu,,0.03698505461215973,0.036935318261384964,0.03676249459385872,0.037005309015512466,0.03723709285259247
3,CACNG8,fu:5010a05c,gene_to_fu,,0.03705310449004173,0.037385519593954086,0.03696710243821144,0.03711656108498573,0.03674323856830597
3,CACNG7,fu:5010a05c,gene_to_fu,,0.037096165120601654,0.03716502711176872,0.037443771958351135,0.03703119233250618,0.03674467280507088
3,CACNG6,fu:5010a05c,gene_to_fu,,0.03718815743923187,0.037129420787096024,0.03768089786171913,0.03705253824591637,0.03688976913690567
3,CACNA1A,fu:5010a05c,gene_to_fu,,0.037006672471761703,0.036972083151340485,0.036891140043735504,0.03702492639422417,0.03713853657245636
3,CACNA1B,fu:5010a05c,gene_to_fu,,0.03702336177229881,0.03697067126631737,0.03693603724241257,0.03703873232007027,0.037148017436265945
3,CACNA1C,fu:5010a05c,gene_to_fu,,0.037033118307590485,0.036961767822504044,0.03697826340794563,0.03702354431152344,0.03716890513896942
3,CACNA1D,fu:5010a05c,gene_to_fu,,0.03700409084558487,0.0369715616106987,0.03689241036772728,0.037037044763565063,0.03711535409092903
3,CACNA1E,fu:5010a05c,gene_to_fu,,0.03703942894935608,0.03696837276220322,0.036979105323553085,0.03703957051038742,0.03717067465186119
3,CACNA1F,fu:5010a05c,gene_to_fu,,0.03700076416134834,0.03698468208312988,0.03700336813926697,0.037049055099487305,0.036965951323509216
3,CACNA1S,fu:5010a05c,gene_to_fu,,0.03695915639400482,0.0369502492249012,0.03674916923046112,0.037053029984235764,0.0370841845870018
3,CACNA2D1,fu:5010a05c,gene_to_fu,,0.03699412941932678,0.036938104778528214,0.036829158663749695,0.037013906985521317,0.0371953547000885
3,CACNB1,fu:5010a05c,gene_to_fu,,0.03699043020606041,0.036948807537555695,0.036880336701869965,0.03700022026896477,0.03713235631585121
3,CACNB2,fu:5010a05c,gene_to_fu,,0.03700016438961029,0.03694363683462143,0.03688065707683563,0.03699633479118347,0.037180036306381226
3,CACNB3,fu:5010a05c,gene_to_fu,,0.03701151907444,0.03703951835632324,0.0370112881064415,0.0370110459625721,0.03698422387242317
3,CACNB4,fu:5010a05c,gene_to_fu,,0.03697102889418602,0.036952998489141464,0.03685130178928375,0.03700753673911095,0.03707226738333702
3,CACNG1,fu:5010a05c,gene_to_fu,,0.037041909992694855,0.03717639297246933,0.03715245798230171,0.037023644894361496,0.03681514412164688
3,CACNA1I,fu:5010a05c,gene_to_fu,,0.03701974079012871,0.03704706206917763,0.0369948111474514,0.037044722586870193,0.03699236735701561
3,CACNA1H,fu:5010a05c,gene_to_fu,,0.03709505498409271,0.03714790940284729,0.037165477871894836,0.037062615156173706,0.03700421378016472
3,CACNA1G,fu:5010a05c,gene_to_fu,,0.0370066799223423,0.037039268761873245,0.037024639546871185,0.03706834465265274,0.03689446300268173
3,CACNA2D2,fu:5010a05c,gene_to_fu,,0.037067949771881104,0.03697783127427101,0.037100378423929214,0.03701723739504814,0.037176359444856644
3,CACNA2D4,fu:5010a05c,gene_to_fu,,0.036974500864744186,0.036947861313819885,0.03680580109357834,0.03701905906200409,0.03712528571486473
3,NR4A1,fu:cf682b35,gene_to_fu,,0.33320096135139465,0.33268749713897705,0.33309343457221985,0.33308401703834534,0.33393895626068115
3,MAPK7,fu:28d0b5d1,gene_to_fu,,0.333588570356369,0.3331472873687744,0.3335331678390503,0.3330259919166565,0.3346478343009949
3,MAP2K5,fu:e95555b8,gene_to_fu,,0.5000938177108765,0.49947309494018555,0.500586748123169,0.49981364607810974,0.5005016326904297
3,NLK,fu:cf3a93c5,gene_to_fu,,0.33375683426856995,0.33297809958457947,0.3343490660190582,0.3330059051513672,0.3346942961215973
3,CDC25B,fu:d7926132,gene_to_fu,,0.33303508162498474,0.33306193351745605,0.33222705125808716,0.33305591344833374,0.3337954580783844
3,RPS6KA4,fu:5ae2c9f2,gene_to_fu,,0.2500453591346741,0.24962159991264343,0.2501204311847687,0.2497919499874115,0.2506473660469055
3,RPS6KA5,fu:5ae2c9f2,gene_to_fu,,0.24976980686187744,0.25068458914756775,0.24897879362106323,0.2502641975879669,0.24915161728858948
3,MAPKAPK3,fu:665381ed,gene_to_fu,,0.25014275312423706,0.24990886449813843,0.25067636370658875,0.2498978227376938,0.25008800625801086
3,MAPKAPK2,fu:665381ed,gene_to_fu,,0.25024500489234924,0.24990536272525787,0.250447154045105,0.24977266788482666,0.25085482001304626
3,ATF4,fu:3d349895,gene_to_fu,,0.2500867247581482,0.24959169328212738,0.2502652704715729,0.24964472651481628,0.25084516406059265
3,MEF2C,fu:ab399c96,gene_to_fu,,0.3331186771392822,0.33375319838523865,0.3324863910675049,0.333570271730423,0.3326648771762848
3,MAX,fu:11606ae6,gene_to_fu,,0.33279991149902344,0.333834707736969,0.3323299288749695,0.332826167345047,0.3322088122367859
3,DDIT3,fu:531a5e06,gene_to_fu,,0.33285003900527954,0.3343299925327301,0.3328825831413269,0.3326756954193115,0.33151185512542725
3,ELK4,fu:fa58328a,gene_to_fu,,0.3332118093967438,0.33276617527008057,0.33275413513183594,0.33299368619918823,0.33433324098587036
3,TP53,fu:19f5b351,gene_to_fu,,0.250377893447876,0.2498311698436737,0.2515273094177246,0.24966681003570557,0.2504862844944
3,ELK1,fu:ee039625,gene_to_fu,,0.2504674196243286,0.24976849555969238,0.2523239850997925,0.24971939623355865,0.25005775690078735
3,ATF2,fu:256c4bca,gene_to_fu,,0.3331155478954315,0.33355993032455444,0.33244356513023376,0.33356162905693054,0.33289703726768494
3,MAPK14,fu:295bf12c,gene_to_fu,,0.11103615164756775,0.11157792806625366,0.11057905852794647,0.1112995520234108,0.11068806797266006
3,MAPK11,fu:295bf12c,gene_to_fu,,0.1113433986902237,0.11097422987222672,0.11204062402248383,0.11102095246315002,0.11133778840303421
3,MAPK13,fu:295bf12c,gene_to_fu,,0.11119978874921799,0.11083357036113739,0.11117425560951233,0.11097243428230286,0.11181888729333878
3,MAPK12,fu:295bf12c,gene_to_fu,,0.11125056445598602,0.11087057739496231,0.11147670447826385,0.11098135262727737,0.11167361587285995
3,PPP5C,fu:944102db,gene_to_fu,,0.5000771284103394,0.4997793734073639,0.5000050067901611,0.4997366666793823,0.5007875561714172
3,MAP2K6,fu:ebeb97f3,gene_to_fu,,0.1253926306962967,0.12481667101383209,0.1259116232395172,0.12489134818315506,0.1259508579969406
3,MAP2K3,fu:8a4c69b0,gene_to_fu,,0.12539857625961304,0.12484126538038254,0.12598131597042084,0.12485460191965103,0.12591712176799774
3,DUSP10,fu:282f2b98,gene_to_fu,,0.11092402786016464,0.11087875068187714,0.11049873381853104,0.11103600263595581,0.11128261685371399
3,DUSP2,fu:282f2b98,gene_to_fu,,0.11124174296855927,0.11244145035743713,0.11062534153461456,0.11136402189731598,0.11053616553544998
3,DUSP4,fu:282f2b98,gene_to_fu,,0.11124004423618317,0.11112739145755768,0.11184494942426682,0.11106612533330917,0.110921710729599
3,DUSP5,fu:282f2b98,gene_to_fu,,0.11142668128013611,0.11110826581716537,0.11231065541505814,0.11108803004026413,0.11119978129863739
3,DUSP7,fu:282f2b98,gene_to_fu,,0.11100900173187256,0.11086270213127136,0.11110039800405502,0.11102647334337234,0.1110464334487915
3,DUSP8,fu:282f2b98,gene_to_fu,,0.111038938164711,0.11083002388477325,0.11081702262163162,0.11110051721334457,0.11140818893909454
3,DUSP9,fu:282f2b98,gene_to_fu,,0.11126045882701874,0.1110304743051529,0.11170687526464462,0.1111694797873497,0.11113499104976654
3,DUSP16,fu:282f2b98,gene_to_fu,,0.11076860129833221,0.11078561842441559,0.10990982502698898,0.11104261130094528,0.1113363653421402
3,DUSP3,fu:0eea7c8b,gene_to_fu,,0.19992952048778534,0.20069783926010132,0.20005345344543457,0.2000257819890976,0.19894097745418549
3,PTPN7,fu:0eea7c8b,gene_to_fu,,0.2007954716682434,0.20043806731700897,0.20248544216156006,0.19998699426651,0.2002713531255722
3,PTPRR,fu:0eea7c8b,gene_to_fu,,0.19980107247829437,0.1994173228740692,0.19851955771446228,0.2000412791967392,0.2012261003255844
3,PTPN5,fu:0eea7c8b,gene_to_fu,,0.19952431321144104,0.19955770671367645,0.1990012526512146,0.19992810487747192,0.1996101588010788
3,PPM1A,fu:67e73720,gene_to_fu,,0.5000790953636169,0.49927234649658203,0.5007573962211609,0.49981120228767395,0.5004754662513733
3,AKT3,fu:7fdcbeec,gene_to_fu,,0.2502676546573639,0.25111207365989685,0.24988307058811188,0.25092613697052,0.2491493672132492
3,AKT1,fu:7fdcbeec,gene_to_fu,,0.2500706613063812,0.2506697177886963,0.25007808208465576,0.2500697076320648,0.24946515262126923
3,AKT2,fu:7fdcbeec,gene_to_fu,,0.2498938888311386,0.24897073209285736,0.2501552104949951,0.24935026466846466,0.2510993480682373
3,TAOK3,fu:de878e1b,gene_to_fu,,0.24980023503303528,0.24941565096378326,0.24947082996368408,0.24957862496376038,0.25073590874671936
3,TAOK1,fu:de878e1b,gene_to_fu,,0.25035783648490906,0.25137290358543396,0.2501152753829956,0.25104108452796936,0.2489020973443985
3,TAOK2,fu:de878e1b,gene_to_fu,,0.24998489022254944,0.24957183003425598,0.2505156993865967,0.24958369135856628,0.2502683401107788
3,MAP3K4,fu:d2a67a69,gene_to_fu,,0.33326053619384766,0.33200645446777344,0.3319603204727173,0.33312860131263733,0.33594679832458496
3,HSPB1,fu:52a04670,gene_to_fu,,0.25014376640319824,0.25005438923835754,0.25161659717559814,0.24983595311641693,0.24906817078590393
3,MAP3K7,fu:ae916742,gene_to_fu,,0.20002028346061707,0.19973792135715485,0.19971217215061188,0.19971950352191925,0.20091155171394348
3,MAP3K5,fu:d9ef3265,gene_to_fu,,0.16669949889183044,0.16640442609786987,0.16670382022857666,0.1665637046098709,0.16712602972984314
3,MAP3K6,fu:4b9b7996,gene_to_fu,,0.500073254108429,0.49936002492904663,0.5005918145179749,0.4998704493045807,0.5004706978797913
3,MAP3K20,fu:36a80391,gene_to_fu,,0.5,0.5,0.5,0.5,0.5
3,MAP3K12,fu:ddbbf138,gene_to_fu,,0.3335080146789551,0.33334285020828247,0.3341786563396454,0.3334146738052368,0.33309584856033325
3,MAP3K13,fu:ddbbf138,gene_to_fu,,0.33317992091178894,0.3332415819168091,0.33252570033073425,0.33317333459854126,0.3337790369987488
3,MAP3K9,fu:fb8bcd03,gene_to_fu,,0.24983391165733337,0.2494305819272995,0.2495259940624237,0.249385803937912,0.2509932518005371
3,MAP3K10,fu:fb8bcd03,gene_to_fu,,0.2501559853553772,0.2495143860578537,0.25095701217651367,0.24946941435337067,0.25068312883377075
3,MAP3K21,fu:fb8bcd03,gene_to_fu,,0.2501680254936218,0.2513579726219177,0.2495303452014923,0.25140872597694397,0.2483750879764557
3,MAP4K2,fu:18665bcd,gene_to_fu,,0.3332439064979553,0.3334503471851349,0.3330239951610565,0.3335036337375641,0.33299770951271057
3,STK3,fu:3e5ba6c9,gene_to_fu,,0.2500242590904236,0.24947349727153778,0.24944943189620972,0.24947844445705414,0.2516956925392151
3,STK4,fu:3e5ba6c9,gene_to_fu,,0.24998246133327484,0.2507665753364563,0.2497134506702423,0.2504027485847473,0.24904704093933105
3,ECSIT,fu:c78f0cde,gene_to_fu,,0.50018310546875,0.499421626329422,0.5009424686431885,0.49981316924095154,0.5005552172660828
3,TAB2,fu:04aa3206,gene_to_fu,,0.5000854134559631,0.49961915612220764,0.5004973411560059,0.4998590052127838,0.5003661513328552
3,TAB1,fu:57402cbc,gene_to_fu,,0.1999591439962387,0.19967786967754364,0.20009107887744904,0.19974306225776672,0.20032460987567902
3,GADD45G,fu:e2184ef8,gene_to_fu,,0.24997565150260925,0.2500409185886383,0.25011083483695984,0.24999527633190155,0.24975556135177612
3,GADD45A,fu:e2184ef8,gene_to_fu,,0.249900683760643,0.24954359233379364,0.2496396005153656,0.25002482533454895,0.2503947615623474
3,GADD45B,fu:e2184ef8,gene_to_fu,,0.25013411045074463,0.2504403293132782,0.25034233927726746,0.24994060397148132,0.2498132586479187
3,TRAF6,fu:23393f96,gene_to_fu,,0.19983196258544922,0.20049253106117249,0.19892363250255585,0.20018543303012848,0.19972626864910126
3,DAXX,fu:83ff1a97,gene_to_fu,,0.24978119134902954,0.24988196790218353,0.2491723746061325,0.2495688498020172,0.2505016028881073
3,TRAF2,fu:c888309f,gene_to_fu,,0.33304527401924133,0.33279484510421753,0.33212804794311523,0.33293673396110535,0.3343214988708496
3,CASP3,fu:639267b9,gene_to_fu,,0.3329676389694214,0.3329239785671234,0.3326280117034912,0.33282339572906494,0.3334951400756836
3,CD14,fu:1984f1f8,gene_to_fu,,0.5003060698509216,0.49945852160453796,0.5012123584747314,0.4998747706413269,0.500678539276123
3,TGFBR1,fu:b909e99b,gene_to_fu,,0.24989306926727295,0.2506425976753235,0.24935682117938995,0.2502189874649048,0.24935387074947357
3,TGFBR2,fu:b909e99b,gene_to_fu,,0.24990658462047577,0.2506661117076874,0.24915483593940735,0.2502187192440033,0.24958665668964386
3,FAS,fu:249a5b6e,gene_to_fu,,0.33344167470932007,0.33296990394592285,0.3324788808822632,0.33307310938835144,0.3352448046207428
3,IL1R1,fu:c561a985,gene_to_fu,,0.2499178647994995,0.24982789158821106,0.2492169290781021,0.24991263449192047,0.2507140338420868
3,IL1RAP,fu:c561a985,gene_to_fu,,0.25001639127731323,0.2498762160539627,0.2499186396598816,0.2500090003013611,0.25026166439056396
3,TNFRSF1A,fu:994f289b,gene_to_fu,,0.33312171697616577,0.3325161933898926,0.3330456614494324,0.33293622732162476,0.3339887857437134
3,TGFB1,fu:e57e5d99,gene_to_fu,,0.2503628134727478,0.24999438226222992,0.2513279914855957,0.25012674927711487,0.25000208616256714
3,TGFB2,fu:e57e5d99,gene_to_fu,,0.2497444450855255,0.24961788952350616,0.24899809062480927,0.24983181059360504,0.2505300045013428
3,TGFB3,fu:e57e5d99,gene_to_fu,,0.24993014335632324,0.2503453493118286,0.24978910386562347,0.2500038743019104,0.24958224594593048
3,IL1A,fu:637bcc89,gene_to_fu,,0.33327531814575195,0.33317381143569946,0.33300137519836426,0.3331715762615204,0.33375459909439087
3,IL1B,fu:637bcc89,gene_to_fu,,0.3334246575832367,0.33342108130455017,0.3337906301021576,0.33340415358543396,0.33308276534080505
3,TNF,fu:888932e7,gene_to_fu,,0.49997031688690186,0.5006773471832275,0.4990246593952179,0.5001612305641174,0.5000180602073669
3,MAPKAPK5,fu:762cb2e5,gene_to_fu,,0.3332415521144867,0.3331168293952942,0.3326021730899811,0.33295488357543945,0.33429229259490967
3,RAC1,fu:cd108692,gene_to_fu,,0.20003089308738708,0.19955036044120789,0.20037351548671722,0.19985462725162506,0.20034508407115936
3,RAC2,fu:cd108692,gene_to_fu,,0.1999305635690689,0.19954316318035126,0.20020624995231628,0.19987328350543976,0.20009960234165192
3,RAC3,fu:cd108692,gene_to_fu,,0.20013025403022766,0.19976969063282013,0.20084816217422485,0.19990795850753784,0.19999518990516663
3,CDC42,fu:cd108692,gene_to_fu,,0.19992169737815857,0.2012433558702469,0.198491171002388,0.20040419697761536,0.19954808056354523
3,PAK1,fu:5d795275,gene_to_fu,,0.20000672340393066,0.20071782171726227,0.1993524432182312,0.2003318965435028,0.19962474703788757
3,PAK2,fu:5d795275,gene_to_fu,,0.1999436765909195,0.1994391232728958,0.19928109645843506,0.19963538646697998,0.20141912996768951
3,MAP3K2,fu:ed3b49b2,gene_to_fu,,0.2502288222312927,0.25121039152145386,0.24965377151966095,0.25080299377441406,0.24924811720848083
3,MAP3K3,fu:ed3b49b2,gene_to_fu,,0.24998345971107483,0.24941711127758026,0.25025680661201477,0.24962426722049713,0.25063571333885193
3,MAPK8IP2,fu:0d25146a,gene_to_fu,,0.33321985602378845,0.33335426449775696,0.33316877484321594,0.3332642614841461,0.33309206366539
3,MAPK8IP1,fu:0d25146a,gene_to_fu,,0.33344724774360657,0.33325067162513733,0.3335837721824646,0.33331215381622314,0.3336423933506012
3,MAP3K11,fu:7c9a7432,gene_to_fu,,0.25041109323501587,0.24993865191936493,0.2509861886501312,0.2499547302722931,0.2507648468017578
3,MAP2K7,fu:7224dcdb,gene_to_fu,,0.1251879185438156,0.12473202496767044,0.12535463273525238,0.12477076053619385,0.12589424848556519
3,MAPK8,fu:c58de1d0,gene_to_fu,,0.09092731773853302,0.09109941869974136,0.09084030240774155,0.09101147949695587,0.09075808525085449
3,MAPK9,fu:c58de1d0,gene_to_fu,,0.09094168245792389,0.09136028587818146,0.09068284183740616,0.0911126583814621,0.09061092138290405
3,MAPK10,fu:c58de1d0,gene_to_fu,,0.09091824293136597,0.09114579111337662,0.09073036164045334,0.0910167321562767,0.09078008681535721
3,MAP2K4,fu:57055c4e,gene_to_fu,,0.20032845437526703,0.19960035383701324,0.20115967094898224,0.19978949427604675,0.20076428353786469
3,CRK,fu:045e2574,gene_to_fu,,0.20044748485088348,0.19997891783714294,0.2019496113061905,0.1999567300081253,0.1999046802520752
3,CRKL,fu:045e2574,gene_to_fu,,0.2004939317703247,0.1999046802520752,0.20172849297523499,0.19979922473430634,0.2005433291196823
3,ARRB1,fu:9a241322,gene_to_fu,,0.25008904933929443,0.24962417781352997,0.25030219554901123,0.24972592294216156,0.25070393085479736
3,ARRB2,fu:9a241322,gene_to_fu,,0.2501305937767029,0.24948644638061523,0.2504097521305084,0.24991078674793243,0.25071531534194946
3,MECOM,fu:caaa3f23,gene_to_fu,,0.5000281929969788,0.4998109042644501,0.49997636675834656,0.49976393580436707,0.5005616545677185
3,HSPA1A,fu:b00d576a,gene_to_fu,,0.16665847599506378,0.16664321720600128,0.16652356088161469,0.1666683405637741,0.16679875552654266
3,HSPA1B,fu:b00d576a,gene_to_fu,,0.1666601300239563,0.1666463166475296,0.16658668220043182,0.16667255759239197,0.166734978556633
3,HSPA1L,fu:b00d576a,gene_to_fu,,0.16668346524238586,0.16666731238365173,0.1666811853647232,0.16666029393672943,0.1667250245809555
3,HSPA6,fu:b00d576a,gene_to_fu,,0.16671499609947205,0.1667061448097229,0.16701631247997284,0.16668455302715302,0.16645297408103943
3,HSPA8,fu:b00d576a,gene_to_fu,,0.16662384569644928,0.166653573513031,0.166527658700943,0.16663531959056854,0.16667883098125458
3,JUND,fu:8b469fd4,gene_to_fu,,0.33454081416130066,0.33298537135124207,0.33690348267555237,0.33293187618255615,0.33534252643585205
3,FOS,fu:1f5670d1,gene_to_fu,,0.24989986419677734,0.24970369040966034,0.2500320076942444,0.24971164762973785,0.2501520812511444
3,JUN,fu:1f5670d1,gene_to_fu,,0.25079095363616943,0.25003039836883545,0.25220006704330444,0.24993784725666046,0.2509954571723938
3,NFATC3,fu:07c91aa5,gene_to_fu,,0.2498628795146942,0.24968646466732025,0.25022101402282715,0.24979157745838165,0.2497524917125702
3,NFATC1,fu:44d632b3,gene_to_fu,,0.2501577138900757,0.2496672421693802,0.25128495693206787,0.24975554645061493,0.24992316961288452
3,PPP3CA,fu:952968f0,gene_to_fu,,0.16666585206985474,0.1661667823791504,0.16647754609584808,0.16651985049247742,0.16749921441078186
3,PPP3CB,fu:952968f0,gene_to_fu,,0.16691187024116516,0.16634146869182587,0.1674536168575287,0.1665809452533722,0.1672714799642563
3,PPP3CC,fu:952968f0,gene_to_fu,,0.16667671501636505,0.16619400680065155,0.16663268208503723,0.16656577587127686,0.16731442511081696
3,PPP3R1,fu:952968f0,gene_to_fu,,0.16683471202850342,0.167965367436409,0.166564479470253,0.1671299785375595,0.16567906737327576
3,PPP3R2,fu:952968f0,gene_to_fu,,0.16634173691272736,0.16694241762161255,0.16625076532363892,0.166582390666008,0.16559135913848877
3,MAPK8IP3,fu:a02813ab,gene_to_fu,,0.16650904715061188,0.16650541126728058,0.16618473827838898,0.16635745763778687,0.16698859632015228
3,FLNA,fu:0e58f43d,gene_to_fu,,0.33361688256263733,0.33295655250549316,0.3338625729084015,0.3329157531261444,0.33473262190818787
3,MAP3K1,fu:96f39533,gene_to_fu,,0.11133499443531036,0.11102048307657242,0.11177121102809906,0.11101346462965012,0.11153481155633926
3,MAP3K8,fu:524928b5,gene_to_fu,,0.5000528693199158,0.49980467557907104,0.5001493692398071,0.49976781010627747,0.5004896521568298
3,MAP4K1,fu:7d8f4352,gene_to_fu,,0.3335365056991577,0.3329237699508667,0.3329024314880371,0.3332632780075073,0.33505648374557495
3,MAP4K3,fu:8150bf29,gene_to_fu,,0.5000340342521667,0.4997853636741638,0.49990570545196533,0.4997828006744385,0.5006623864173889
3,FOS,fu:d0883595,gene_to_fu,,0.33345267176628113,0.3332579433917999,0.333857923746109,0.3330661952495575,0.33362865447998047
3,SRF,fu:491d26a2,gene_to_fu,,0.500139594078064,0.49974921345710754,0.50062495470047,0.49977555871009827,0.5004087686538696
3,MYC,fu:f2492ea9,gene_to_fu,,0.5000806450843811,0.49978914856910706,0.5002385377883911,0.49976447224617004,0.5005305409431458
3,ELK4,fu:d34a15b8,gene_to_fu,,0.2499740570783615,0.2495216280221939,0.24944189190864563,0.249723419547081,0.2512092590332031
3,ELK1,fu:d5bebf15,gene_to_fu,,0.2504662871360779,0.24985001981258392,0.2520788013935089,0.2497740387916565,0.2501623034477234
3,ATF4,fu:55fad545,gene_to_fu,,0.2502083480358124,0.24968889355659485,0.2507111132144928,0.24969211220741272,0.25074124336242676
3,RPS6KA6,fu:a82b8eb0,gene_to_fu,,0.16659927368164062,0.16652680933475494,0.166404128074646,0.1665874570608139,0.16687870025634766
3,RPS6KA1,fu:a82b8eb0,gene_to_fu,,0.1666129231452942,0.166484534740448,0.16651955246925354,0.1666395515203476,0.1668080985546112
3,RPS6KA2,fu:a82b8eb0,gene_to_fu,,0.1665782630443573,0.16650676727294922,0.16636119782924652,0.16665157675743103,0.16679346561431885
3,RPS6KA3,fu:a82b8eb0,gene_to_fu,,0.16658683121204376,0.16651877760887146,0.1663409173488617,0.16654524207115173,0.16694237291812897
3,MKNK2,fu:4198d6fe,gene_to_fu,,0.249934583902359,0.2498873770236969,0.24991752207279205,0.24987143278121948,0.250061959028244
3,MKNK1,fu:4198d6fe,gene_to_fu,,0.25015726685523987,0.24976468086242676,0.25044679641723633,0.24980083107948303,0.25061675906181335
3,EFNA4-EFNA3,fu:85082bcd,gene_to_fu,,0.017827892675995827,0.017957128584384918,0.01763714849948883,0.017901873216032982,0.017815416678786278
3,CSF1,fu:85082bcd,gene_to_fu,,0.017810344696044922,0.017756162211298943,0.017709879204630852,0.017847159877419472,0.017928175628185272
3,EFNA1,fu:85082bcd,gene_to_fu,,0.017833970487117767,0.017843473702669144,0.017783211544156075,0.017843762412667274,0.017865430563688278
3,EFNA2,fu:85082bcd,gene_to_fu,,0.01789131574332714,0.01787586137652397,0.0179830901324749,0.01785416528582573,0.017852148041129112
3,EFNA3,fu:85082bcd,gene_to_fu,,0.017877716571092606,0.017784923315048218,0.018022477626800537,0.017855286598205566,0.0178481824696064
3,EFNA4,fu:85082bcd,gene_to_fu,,0.017830640077590942,0.01782798394560814,0.017884911969304085,0.01787666603922844,0.017732998356223106
3,EFNA5,fu:85082bcd,gene_to_fu,,0.01783038303256035,0.017775412648916245,0.017819365486502647,0.017858820036053658,0.017867935821413994
3,EGF,fu:85082bcd,gene_to_fu,,0.017791662365198135,0.01774953119456768,0.017656968906521797,0.017857972532510757,0.017902180552482605
3,EREG,fu:85082bcd,gene_to_fu,,0.017836472019553185,0.01794731430709362,0.017859438434243202,0.017843162640929222,0.017695968970656395
3,FGF1,fu:85082bcd,gene_to_fu,,0.017769502475857735,0.0178823322057724,0.01764768548309803,0.01782306097447872,0.017724933102726936
3,FGF2,fu:85082bcd,gene_to_fu,,0.017838254570961,0.017954787239432335,0.01765981689095497,0.017898039892315865,0.01784038171172142
3,FGF3,fu:85082bcd,gene_to_fu,,0.01791526935994625,0.01786341331899166,0.01806756854057312,0.01786569319665432,0.017864396795630455
3,FGF4,fu:85082bcd,gene_to_fu,,0.017875589430332184,0.017785031348466873,0.017941763624548912,0.017854755744338036,0.017920805141329765
3,FGF5,fu:85082bcd,gene_to_fu,,0.01785491406917572,0.01776278391480446,0.01789138838648796,0.01784774288535118,0.017917737364768982
3,FGF6,fu:85082bcd,gene_to_fu,,0.017865264788269997,0.017827531322836876,0.017939221113920212,0.017872385680675507,0.017821921035647392
3,FGF7,fu:85082bcd,gene_to_fu,,0.017831452190876007,0.01785760000348091,0.017745619639754295,0.01782580092549324,0.01789679192006588
3,FGF8,fu:85082bcd,gene_to_fu,,0.017883773893117905,0.017794275656342506,0.01796063967049122,0.017854927107691765,0.017925256863236427
3,FGF9,fu:85082bcd,gene_to_fu,,0.01783493161201477,0.017811089754104614,0.017860950902104378,0.017862526699900627,0.017805160954594612
3,FGF10,fu:85082bcd,gene_to_fu,,0.017832400277256966,0.017773941159248352,0.017818106338381767,0.01785535179078579,0.017882196232676506
3,VEGFD,fu:85082bcd,gene_to_fu,,0.017827892675995827,0.017957128584384918,0.01763714849948883,0.017901873216032982,0.017815416678786278
3,FLT3LG,fu:85082bcd,gene_to_fu,,0.017856771126389503,0.01777007430791855,0.017895203083753586,0.017865022644400597,0.017896784469485283
3,FGF20,fu:85082bcd,gene_to_fu,,0.01785390079021454,0.017860913649201393,0.017896804958581924,0.0178650114685297,0.017792876809835434
3,FGF21,fu:85082bcd,gene_to_fu,,0.017843108624219894,0.017817258834838867,0.01791183464229107,0.017859648913145065,0.017783690243959427
3,GDNF,fu:85082bcd,gene_to_fu,,0.01786479353904724,0.017807476222515106,0.01782875694334507,0.01785295456647873,0.017969992011785507
3,FGF22,fu:85082bcd,gene_to_fu,,0.017933601513504982,0.018066132441163063,0.018057316541671753,0.017885832116007805,0.017725123092532158
3,ANGPT1,fu:85082bcd,gene_to_fu,,0.01779543049633503,0.017759431153535843,0.01759408973157406,0.01783445104956627,0.017993753775954247
3,ANGPT2,fu:85082bcd,gene_to_fu,,0.017796119675040245,0.01774807646870613,0.01759008690714836,0.01783238723874092,0.018013929948210716
3,HGF,fu:85082bcd,gene_to_fu,,0.01782417669892311,0.017888478934764862,0.017643339931964874,0.01788487657904625,0.017880015075206757
3,IGF1,fu:85082bcd,gene_to_fu,,0.01779291220009327,0.017889354377985,0.0177142396569252,0.017835577949881554,0.01773247681558132
3,IGF2,fu:85082bcd,gene_to_fu,,0.017862264066934586,0.01792408525943756,0.0178610160946846,0.017846448346972466,0.017817504703998566
3,INS,fu:85082bcd,gene_to_fu,,0.01783072017133236,0.01801694743335247,0.01782899536192417,0.01784956455230713,0.017627373337745667
3,AREG,fu:85082bcd,gene_to_fu,,0.01785147376358509,0.01780422031879425,0.01789899356663227,0.017823418602347374,0.017879264429211617
3,KITLG,fu:85082bcd,gene_to_fu,,0.01783490553498268,0.01775914803147316,0.017775120213627815,0.01784217730164528,0.017963172867894173
3,NGF,fu:85082bcd,gene_to_fu,,0.017884109169244766,0.017772698774933815,0.017935268580913544,0.01784692332148552,0.017981545999646187
3,NRTN,fu:85082bcd,gene_to_fu,,0.017974302172660828,0.0180599894374609,0.01810251548886299,0.01786651648581028,0.01786818727850914
3,NTF3,fu:85082bcd,gene_to_fu,,0.0178748220205307,0.017789864912629128,0.017936237156391144,0.017840273678302765,0.017932914197444916
3,NTF4,fu:85082bcd,gene_to_fu,,0.017914671450853348,0.01788606308400631,0.018059130758047104,0.017872359603643417,0.01784113235771656
3,ANGPT4,fu:85082bcd,gene_to_fu,,0.017827361822128296,0.017758499830961227,0.01769603230059147,0.017854109406471252,0.018000800162553787
3,PDGFA,fu:85082bcd,gene_to_fu,,0.01787756383419037,0.017945758998394012,0.017904158681631088,0.017839476466178894,0.01782085932791233
3,PDGFB,fu:85082bcd,gene_to_fu,,0.017885392531752586,0.017848622053861618,0.017917843535542488,0.017844129353761673,0.017930973321199417
3,PGF,fu:85082bcd,gene_to_fu,,0.017902445048093796,0.01808278262615204,0.01797238178551197,0.017859721556305885,0.01769489422440529
3,PDGFC,fu:85082bcd,gene_to_fu,,0.01786663942039013,0.01776520535349846,0.01789318211376667,0.01786319725215435,0.017944971099495888
3,PSPN,fu:85082bcd,gene_to_fu,,0.01787564344704151,0.0179898738861084,0.017980612814426422,0.017870796844363213,0.017661288380622864
3,BDNF,fu:85082bcd,gene_to_fu,,0.017828214913606644,0.01790120266377926,0.01768181473016739,0.017884882166981697,0.01784495823085308
3,TGFA,fu:85082bcd,gene_to_fu,,0.017892412841320038,0.017983747646212578,0.01797778531908989,0.017846349626779556,0.01776176691055298
3,VEGFA,fu:85082bcd,gene_to_fu,,0.01784501224756241,0.01794739067554474,0.01768270507454872,0.017895150929689407,0.017854798585176468
3,VEGFB,fu:85082bcd,gene_to_fu,,0.01792581006884575,0.017897363752126694,0.018099335953593254,0.017842523753643036,0.01786402054131031
3,VEGFC,fu:85082bcd,gene_to_fu,,0.01784149557352066,0.01776365004479885,0.01780037395656109,0.01783173717558384,0.017970222979784012
3,PDGFD,fu:85082bcd,gene_to_fu,,0.017859775573015213,0.017758870497345924,0.017811603844165802,0.01784694194793701,0.018021684139966965
3,FGF23,fu:85082bcd,gene_to_fu,,0.01790146343410015,0.017849372699856758,0.018041441217064857,0.01786177046597004,0.0178532674908638
3,FGF18,fu:85082bcd,gene_to_fu,,0.01784045435488224,0.0177898071706295,0.017823273316025734,0.01784203015267849,0.017906703054904938
3,FGF17,fu:85082bcd,gene_to_fu,,0.01788310892879963,0.017865361645817757,0.017853043973445892,0.01785440556704998,0.017959624528884888
3,FGF16,fu:85082bcd,gene_to_fu,,0.017816172912716866,0.017823277041316032,0.017784183844923973,0.017864268273115158,0.0177929624915123
3,ARTN,fu:85082bcd,gene_to_fu,,0.017966406419873238,0.017913950607180595,0.018216857686638832,0.01787605509161949,0.01785876229405403
3,FGF19,fu:85082bcd,gene_to_fu,,0.017864087596535683,0.017871227115392685,0.017948361113667488,0.01786220073699951,0.017774559557437897
3,TRADD,fu:47df25a3,gene_to_fu,,0.33445656299591064,0.33329370617866516,0.33667269349098206,0.33319538831710815,0.3346644937992096
3,MYD88,fu:c1f44866,gene_to_fu,,0.3340357542037964,0.3333302438259125,0.33578020334243774,0.33314457535743713,0.3338880240917206
3,IRAK1,fu:76a1c54d,gene_to_fu,,0.25031226873397827,0.2495451122522354,0.25108107924461365,0.24979498982429504,0.2508278489112854
3,IRAK4,fu:76a1c54d,gene_to_fu,,0.2497503161430359,0.25070980191230774,0.24877837300300598,0.2502375543117523,0.24927553534507751
3,ARAF,fu:640a8809,gene_to_fu,,0.33356377482414246,0.3326927721500397,0.33400633931159973,0.3331812620162964,0.33437472581863403
3,MAX,fu:e6a13e0d,gene_to_fu,,0.499924898147583,0.49999159574508667,0.5000068545341492,0.499717652797699,0.4999835789203644
3,MYC,fu:2fb576e7,gene_to_fu,,0.250040739774704,0.0,0.33322378993034363,0.3330226540565491,0.3339165449142456
3,MAX,fu:2fb576e7,gene_to_fu,,0.08364376425743103,0.3345750570297241,0.0,0.0,0.0
3,SRF,fu:19936281,gene_to_fu,,0.2494238168001175,0.33302420377731323,0.332324743270874,0.0,0.3323463201522827
3,ELK4,fu:19936281,gene_to_fu,,0.16688719391822815,0.0,0.0,0.33322980999946594,0.33431896567344666
3,ELK1,fu:19936281,gene_to_fu,,0.25056153535842896,0.33377885818481445,0.33513665199279785,0.3333306312561035,0.0
3,fu:618f9b57,fu:a74f111b,protein_protein_interaction,activation,0.3333559036254883,0.33456918597221375,0.3333958089351654,0.3333500623703003,0.3321085274219513
3,fu:292747d5,fu:de327064,protein_protein_interaction,activation,0.06657088547945023,0.06658865511417389,0.06645400077104568,0.06665699183940887,0.06658388674259186
3,fu:94ced6e1,fu:de327064,protein_protein_interaction,activation,0.06664727628231049,0.066526859998703,0.066444031894207,0.06663565337657928,0.06698253750801086
3,fu:3306f113,fu:de327064,protein_protein_interaction,activation,0.06665170192718506,0.06650034338235855,0.06655847281217575,0.06665520370006561,0.06689278781414032
3,fu:8a875718,fu:b344d97f,protein_protein_interaction,activation,0.25014743208885193,0.25010836124420166,0.25071215629577637,0.24988645315170288,0.2498827576637268
3,fu:888932e7,fu:994f289b,protein_protein_interaction,activation,0.3337354362010956,0.3344306945800781,0.3339998126029968,0.33365076780319214,0.3328604996204376
3,fu:637bcc89,fu:c561a985,protein_protein_interaction,activation,0.25012490153312683,0.2501993179321289,0.25105538964271545,0.24996256828308105,0.2492823600769043
3,fu:e31b7340,fu:249a5b6e,protein_protein_interaction,activation,0.33351007103919983,0.33356234431266785,0.3353450298309326,0.3334205448627472,0.3317123353481293
3,fu:e57e5d99,fu:b909e99b,protein_protein_interaction,activation,0.25037524104118347,0.24921147525310516,0.2516944706439972,0.24962909519672394,0.25096598267555237
3,fu:249a5b6e,fu:83ff1a97,protein_protein_interaction,activation,0.2503964900970459,0.2500019073486328,0.25145184993743896,0.2501530051231384,0.24997925758361816
3,fu:b909e99b,fu:83ff1a97,protein_protein_interaction,activation,0.24998904764652252,0.2500092089176178,0.2499128133058548,0.25015634298324585,0.24987782537937164
3,fu:25ce285e,fu:a5ece49b,protein_protein_interaction,binding/association,0.035727743059396744,0.035843849182128906,0.03564254939556122,0.035717494785785675,0.035707082599401474
3,fu:1296c511,fu:25ce285e,protein_protein_interaction,binding/association,0.33308538794517517,0.33305624127388,0.3319120705127716,0.3330926299095154,0.3342805802822113
3,fu:04aa3206,fu:23393f96,protein_protein_interaction,binding/association,0.19997213780879974,0.19976477324962616,0.2002854347229004,0.19996891915798187,0.19986940920352936
3,fu:c78f0cde,fu:23393f96,protein_protein_interaction,binding/association,0.20039905607700348,0.19994424283504486,0.2014298290014267,0.19986461102962494,0.2003575563430786
3,fu:491d26a2,fu:d5bebf15,protein_protein_interaction,binding/association,0.24973051249980927,0.2498314529657364,0.24933968484401703,0.2499157190322876,0.24983519315719604
3,fu:491d26a2,fu:d34a15b8,protein_protein_interaction,binding/association,0.24997152388095856,0.2499922811985016,0.2506341338157654,0.2499406635761261,0.24931903183460236
3,fu:cd963cb8,fu:6d8ebe0b,protein_protein_interaction,binding/association,0.12498075515031815,0.12537384033203125,0.12474189698696136,0.1252162605524063,0.12459101527929306
3,fu:cd963cb8,fu:edebe3a1,protein_protein_interaction,binding/association,0.12496983259916306,0.12535306811332703,0.12469889968633652,0.12522685527801514,0.12460049986839294
3,fu:7322350d,fu:cd963cb8,protein_protein_interaction,binding/association,0.33378973603248596,0.3329657018184662,0.3346221446990967,0.332851380109787,0.33471962809562683
3,fu:0d25146a,fu:c58de1d0,protein_protein_interaction,binding/association,0.09076406806707382,0.09080978482961655,0.09091383218765259,0.09077988564968109,0.09055277705192566
3,fu:0d25146a,fu:7224dcdb,protein_protein_interaction,binding/association,0.12482047826051712,0.1248985230922699,0.12499497085809708,0.12480770796537399,0.12458071857690811
3,fu:0d25146a,fu:7c9a7432,protein_protein_interaction,binding/association,0.24972951412200928,0.24998201429843903,0.2498759925365448,0.24978360533714294,0.24927642941474915
3,fu:0d25146a,fu:7d8f4352,protein_protein_interaction,binding/association,0.33313605189323425,0.3335737884044647,0.33393537998199463,0.333179235458374,0.33185574412345886
3,fu:c58de1d0,fu:a02813ab,protein_protein_interaction,binding/association,0.16673608124256134,0.16666272282600403,0.16682428121566772,0.16670529544353485,0.16675204038619995
3,fu:57055c4e,fu:a02813ab,protein_protein_interaction,binding/association,0.16677603125572205,0.16664841771125793,0.16699059307575226,0.16669504344463348,0.1667700558900833
3,fu:7224dcdb,fu:a02813ab,protein_protein_interaction,binding/association,0.1666872501373291,0.1667128950357437,0.16672195494174957,0.16673435270786285,0.16657979786396027
3,fu:a02813ab,fu:96f39533,protein_protein_interaction,binding/association,0.11100247502326965,0.11117427796125412,0.11078327149152756,0.11123434454202652,0.11081799119710922
3,fu:7c9a7432,fu:a02813ab,protein_protein_interaction,binding/association,0.16669444739818573,0.16669441759586334,0.16683436930179596,0.166707381606102,0.16654163599014282
3,fu:c58de1d0,fu:045e2574,protein_protein_interaction,binding/association,0.1995076984167099,0.1999087631702423,0.19815649092197418,0.20007842779159546,0.19988711178302765
3,fu:57055c4e,fu:045e2574,protein_protein_interaction,binding/association,0.19955511391162872,0.199891597032547,0.19835403561592102,0.20006611943244934,0.19990868866443634
3,fu:57055c4e,fu:0e58f43d,protein_protein_interaction,binding/association,0.33317384123802185,0.33353421092033386,0.33313316106796265,0.33355164527893066,0.3324763774871826
3,fu:57055c4e,fu:9a241322,protein_protein_interaction,binding/association,0.24990203976631165,0.25101181864738464,0.24946697056293488,0.25025466084480286,0.248874694108963
3,fu:67180032,fu:8a875718,protein_protein_interaction,phosphorylation,0.25041916966438293,0.24944251775741577,0.25021445751190186,0.25002947449684143,0.2519901692867279
3,fu:91b0acc6,fu:de327064,protein_protein_interaction,phosphorylation,0.06663471460342407,0.0664721354842186,0.06644445657730103,0.06663830578327179,0.06698396056890488
3,fu:91b0acc6,fu:3e4de2c7,protein_protein_interaction,phosphorylation,0.2499276101589203,0.24967855215072632,0.24943380057811737,0.24987609684467316,0.2507219612598419
3,fu:1296c511,fu:de327064,protein_protein_interaction,activation,0.06664326786994934,0.06652964651584625,0.06641688942909241,0.06661143898963928,0.06701508164405823
3,fu:de327064,fu:b344d97f,protein_protein_interaction,activation,0.2498951107263565,0.2501397132873535,0.24972818791866302,0.250043660402298,0.2496688812971115
3,fu:de327064,fu:3e4de2c7,protein_protein_interaction,activation,0.25004690885543823,0.2505742013454437,0.2504042387008667,0.2500421106815338,0.24916711449623108
3,fu:b344d97f,fu:6d8ebe0b,protein_protein_interaction,phosphorylation,0.12494052201509476,0.12498889863491058,0.12491800636053085,0.1250065118074417,0.12484869360923767
3,fu:b344d97f,fu:edebe3a1,protein_protein_interaction,phosphorylation,0.12492900341749191,0.12497953325510025,0.12487494945526123,0.12500333786010742,0.12485819309949875
3,fu:3e4de2c7,fu:6d8ebe0b,protein_protein_interaction,phosphorylation,0.1249227449297905,0.124918632209301,0.12469424307346344,0.12499453872442245,0.1250835657119751
3,fu:3e4de2c7,fu:edebe3a1,protein_protein_interaction,phosphorylation,0.12491124868392944,0.12490928173065186,0.12465126812458038,0.12499136477708817,0.12509308755397797
3,fu:6d8ebe0b,fu:7322350d,protein_protein_interaction,phosphorylation,0.1426522135734558,0.14330193400382996,0.14210407435894012,0.14304304122924805,0.14215980470180511
3,fu:edebe3a1,fu:7322350d,protein_protein_interaction,phosphorylation,0.14267729222774506,0.14336411654949188,0.14215171337127686,0.14304466545581818,0.1421486735343933
3,fu:7322350d,fu:3ee88785,protein_protein_interaction,phosphorylation,0.3335619866847992,0.33347827196121216,0.3337767720222473,0.3337114155292511,0.3332815170288086
3,fu:7322350d,fu:d344b8ad,protein_protein_interaction,phosphorylation,0.3338416814804077,0.33286798000335693,0.3347932696342468,0.33333438634872437,0.33437106013298035
3,fu:7322350d,fu:ad28b956,protein_protein_interaction,phosphorylation,0.11128630489110947,0.11128799617290497,0.11161830276250839,0.11112689971923828,0.11111203581094742
3,fu:7322350d,fu:4198d6fe,protein_protein_interaction,phosphorylation,0.2500291168689728,0.25029921531677246,0.2499508112668991,0.2502288520336151,0.24963760375976562
3,fu:7322350d,fu:a82b8eb0,protein_protein_interaction,phosphorylation,0.16704553365707397,0.16732953488826752,0.16793592274188995,0.1668708622455597,0.16604577004909515
3,fu:7322350d,fu:d5bebf15,protein_protein_interaction,phosphorylation,0.24995824694633484,0.2501404881477356,0.2491375058889389,0.2501348555088043,0.25042012333869934
3,fu:7322350d,fu:d34a15b8,protein_protein_interaction,phosphorylation,0.25019875168800354,0.2503015398979187,0.2504309117794037,0.2501598298549652,0.24990275502204895
3,fu:4198d6fe,fu:55fad545,protein_protein_interaction,phosphorylation,0.25011593103408813,0.2502292990684509,0.25055792927742004,0.2501350939273834,0.24954146146774292
3,fu:a82b8eb0,fu:55fad545,protein_protein_interaction,phosphorylation,0.24979427456855774,0.24992583692073822,0.24900919198989868,0.2500167489051819,0.2502252757549286
3,fu:7322350d,fu:2fb576e7,protein_protein_interaction,phosphorylation,0.33345866203308105,0.3326275646686554,0.33415141701698303,0.33365198969841003,0.33340373635292053
3,fu:cd108692,fu:96f39533,protein_protein_interaction,activation,0.11117821931838989,0.11105416715145111,0.11172912269830704,0.11102204024791718,0.11090756207704544
3,fu:cd108692,fu:5d795275,protein_protein_interaction,activation,0.20011498034000397,0.19984565675258636,0.20125454664230347,0.19989970326423645,0.1994599550962448
3,fu:639267b9,fu:3e5ba6c9,protein_protein_interaction,activation,0.25012779235839844,0.24993009865283966,0.2512187361717224,0.2501351237297058,0.24922719597816467
3,fu:c888309f,fu:18665bcd,protein_protein_interaction,activation,0.3335672616958618,0.33322614431381226,0.33401310443878174,0.3331814110279083,0.33384835720062256
3,fu:c888309f,fu:d9ef3265,protein_protein_interaction,activation,0.16680385172367096,0.16678136587142944,0.16718655824661255,0.16679000854492188,0.16645745933055878
3,fu:c888309f,fu:96f39533,protein_protein_interaction,activation,0.11114486306905746,0.11111055314540863,0.11112265288829803,0.11117829382419586,0.11116793751716614
3,fu:83ff1a97,fu:d9ef3265,protein_protein_interaction,activation,0.1666133999824524,0.16679883003234863,0.16658245027065277,0.16673670709133148,0.16633561253547668
3,fu:e2184ef8,fu:d2a67a69,protein_protein_interaction,activation,0.33362433314323425,0.335338830947876,0.3351276218891144,0.33331769704818726,0.3307131230831146
3,fu:5d795275,fu:ed3b49b2,protein_protein_interaction,phosphorylation,0.24994346499443054,0.24967099726200104,0.2502724826335907,0.24969053268432617,0.25013983249664307
3,fu:7d8f4352,fu:7c9a7432,protein_protein_interaction,phosphorylation,0.24987375736236572,0.24992859363555908,0.24929745495319366,0.25006720423698425,0.25020185112953186
3,fu:2800db3e,fu:96f39533,protein_protein_interaction,phosphorylation,0.11108855158090591,0.11124297231435776,0.11067761480808258,0.11103871464729309,0.11139491945505142
3,fu:8150bf29,fu:96f39533,protein_protein_interaction,phosphorylation,0.11103085428476334,0.11099855601787567,0.11068309843540192,0.11106640845537186,0.1113753691315651
3,fu:ddbbf138,fu:7224dcdb,protein_protein_interaction,phosphorylation,0.12486174702644348,0.12480248510837555,0.12453779578208923,0.12486039102077484,0.1252463012933731
3,fu:fb8bcd03,fu:7224dcdb,protein_protein_interaction,phosphorylation,0.12499009072780609,0.1249706819653511,0.12485116720199585,0.12497452646493912,0.1251639872789383
3,fu:36a80391,fu:7224dcdb,protein_protein_interaction,phosphorylation,0.1250724494457245,0.1256929486989975,0.12462325394153595,0.1255975216627121,0.1243760883808136
3,fu:d9ef3265,fu:8a4c69b0,protein_protein_interaction,phosphorylation,0.12484019994735718,0.12501633167266846,0.12443268299102783,0.1250477135181427,0.12486406415700912
3,fu:d9ef3265,fu:ebeb97f3,protein_protein_interaction,phosphorylation,0.12484106421470642,0.12502044439315796,0.12444376200437546,0.12504160404205322,0.12485842406749725
3,fu:ae916742,fu:cd063ff0,protein_protein_interaction,phosphorylation,0.24951240420341492,0.2467269003391266,0.2503092586994171,0.25049862265586853,0.25051483511924744
3,fu:ae916742,fu:42758e63,protein_protein_interaction,phosphorylation,0.12495317310094833,0.12477714568376541,0.12511971592903137,0.12513214349746704,0.1247837021946907
3,fu:ae916742,fu:8a4c69b0,protein_protein_interaction,phosphorylation,0.12488129734992981,0.12505342066287994,0.12473787367343903,0.1250808835029602,0.12465302646160126
3,fu:ae916742,fu:ebeb97f3,protein_protein_interaction,phosphorylation,0.12488316744565964,0.12505754828453064,0.1247529610991478,0.12507477402687073,0.12464738637208939
3,fu:ae916742,fu:cf3a93c5,protein_protein_interaction,phosphorylation,0.33299335837364197,0.33352503180503845,0.3326147794723511,0.33349788188934326,0.3323357403278351
3,fu:4b9b7996,fu:8a4c69b0,protein_protein_interaction,phosphorylation,0.12509354948997498,0.12497919052839279,0.12537521123886108,0.12508027255535126,0.12493951618671417
3,fu:4b9b7996,fu:ebeb97f3,protein_protein_interaction,phosphorylation,0.1250954270362854,0.12498331815004349,0.12539038062095642,0.12507416307926178,0.1249338686466217
3,fu:8a4c69b0,fu:295bf12c,protein_protein_interaction,phosphorylation,0.110966257750988,0.11139486730098724,0.11057048290967941,0.1112142950296402,0.11068537831306458
3,fu:ebeb97f3,fu:295bf12c,protein_protein_interaction,phosphorylation,0.11096161603927612,0.11137624830007553,0.11055993288755417,0.11121977120637894,0.11069051921367645
3,fu:295bf12c,fu:256c4bca,protein_protein_interaction,phosphorylation,0.333684504032135,0.3331291377544403,0.3345361053943634,0.3331124484539032,0.33396023511886597
3,fu:295bf12c,fu:ee039625,protein_protein_interaction,phosphorylation,0.2500450015068054,0.2499948889017105,0.24961408972740173,0.25002625584602356,0.25054478645324707
3,fu:295bf12c,fu:19f5b351,protein_protein_interaction,phosphorylation,0.25008952617645264,0.24996374547481537,0.2500067949295044,0.2500517964363098,0.2503357529640198
3,fu:295bf12c,fu:fa58328a,protein_protein_interaction,phosphorylation,0.33362773060798645,0.3337208330631256,0.33438730239868164,0.33350375294685364,0.3328990936279297
3,fu:295bf12c,fu:531a5e06,protein_protein_interaction,phosphorylation,0.33402958512306213,0.3325079679489136,0.33426108956336975,0.3338032066822052,0.3355461061000824
3,fu:295bf12c,fu:11606ae6,protein_protein_interaction,phosphorylation,0.33403831720352173,0.33282414078712463,0.334779292345047,0.33366191387176514,0.3348880410194397
3,fu:295bf12c,fu:ab399c96,protein_protein_interaction,phosphorylation,0.333729088306427,0.3330266773700714,0.33445218205451965,0.3330787122249603,0.33435875177383423
3,fu:295bf12c,fu:762cb2e5,protein_protein_interaction,phosphorylation,0.33360737562179565,0.33339154720306396,0.3345361351966858,0.333541601896286,0.33296024799346924
3,fu:295bf12c,fu:665381ed,protein_protein_interaction,phosphorylation,0.249726802110672,0.2501068711280823,0.24919532239437103,0.25023946166038513,0.24936559796333313
3,fu:295bf12c,fu:5ae2c9f2,protein_protein_interaction,phosphorylation,0.25032681226730347,0.24984055757522583,0.2512446939945221,0.2499552071094513,0.25026679039001465
3,fu:295bf12c,fu:d7926132,protein_protein_interaction,phosphorylation,0.33379849791526794,0.33344197273254395,0.33488696813583374,0.333447128534317,0.3334178924560547
3,fu:762cb2e5,fu:52a04670,protein_protein_interaction,phosphorylation,0.24975426495075226,0.24991832673549652,0.24855093657970428,0.25005489587783813,0.2504928708076477
3,fu:665381ed,fu:52a04670,protein_protein_interaction,phosphorylation,0.2502601742744446,0.2498377114534378,0.2502882480621338,0.24993407726287842,0.2509807348251343
3,fu:665381ed,fu:3d349895,protein_protein_interaction,phosphorylation,0.25035062432289124,0.2501315474510193,0.2511025667190552,0.2500142455101013,0.2501541078090668
3,fu:5ae2c9f2,fu:3d349895,protein_protein_interaction,phosphorylation,0.24971798062324524,0.2501498758792877,0.24902941286563873,0.2501971125602722,0.24949553608894348
3,fu:e95555b8,fu:28d0b5d1,protein_protein_interaction,phosphorylation,0.33324193954467773,0.3333286643028259,0.33364883065223694,0.33345508575439453,0.3325352072715759
3,fu:28d0b5d1,fu:cf682b35,protein_protein_interaction,phosphorylation,0.3336130976676941,0.3338564932346344,0.3339330852031708,0.3333984315395355,0.3332643508911133
3,fu:524928b5,fu:cd063ff0,protein_protein_interaction,phosphorylation,0.24936649203300476,0.24650557339191437,0.25016921758651733,0.2501682937145233,0.25062286853790283
3,fu:524928b5,fu:42758e63,protein_protein_interaction,phosphorylation,0.12493377923965454,0.12466522306203842,0.12504971027374268,0.12496713548898697,0.1250530332326889
3,fu:524928b5,fu:6d8ebe0b,protein_protein_interaction,phosphorylation,0.12492147088050842,0.12488818913698196,0.12482067942619324,0.1248568445444107,0.1251201629638672
3,fu:524928b5,fu:edebe3a1,protein_protein_interaction,phosphorylation,0.12490996718406677,0.12487883865833282,0.124777652323246,0.12485367059707642,0.12512968480587006
3,fu:96f39533,fu:42758e63,protein_protein_interaction,phosphorylation,0.12496788799762726,0.12482170015573502,0.12514498829841614,0.12512658536434174,0.12477825582027435
3,fu:96f39533,fu:57055c4e,protein_protein_interaction,phosphorylation,0.19989410042762756,0.20054106414318085,0.19946040213108063,0.20014844834804535,0.19942650198936462
3,fu:7c9a7432,fu:7224dcdb,protein_protein_interaction,phosphorylation,0.12494843453168869,0.1249827966094017,0.12497714906930923,0.12501299381256104,0.12482079863548279
3,fu:96f39533,fu:6d8ebe0b,protein_protein_interaction,phosphorylation,0.12495553493499756,0.12504495680332184,0.12491578608751297,0.12501615285873413,0.1248452365398407
3,fu:96f39533,fu:edebe3a1,protein_protein_interaction,phosphorylation,0.12494401633739471,0.1250355988740921,0.12487272173166275,0.12501297891139984,0.12485474348068237
3,fu:57055c4e,fu:c58de1d0,protein_protein_interaction,phosphorylation,0.09090153872966766,0.0908459797501564,0.0909859836101532,0.09092247486114502,0.09085171669721603
3,fu:7224dcdb,fu:c58de1d0,protein_protein_interaction,phosphorylation,0.0908656120300293,0.09093081206083298,0.09083962440490723,0.09094391763210297,0.09074807167053223
3,fu:c58de1d0,fu:1f5670d1,protein_protein_interaction,phosphorylation,0.24937939643859863,0.2502005696296692,0.24796628952026367,0.2502610683441162,0.24908962845802307
3,fu:c58de1d0,fu:8b469fd4,protein_protein_interaction,phosphorylation,0.3322761058807373,0.3335340917110443,0.33019474148750305,0.3335668742656708,0.3318086862564087
3,fu:c58de1d0,fu:ee039625,protein_protein_interaction,phosphorylation,0.24961590766906738,0.2501075863838196,0.24843475222587585,0.25011545419692993,0.2498057782649994
3,fu:c58de1d0,fu:19f5b351,protein_protein_interaction,phosphorylation,0.24966008961200714,0.25007641315460205,0.2488255649805069,0.2501409947872162,0.24959735572338104
3,fu:c58de1d0,fu:44d632b3,protein_protein_interaction,inhibition|phosphorylation,0.25009649991989136,0.2502511143684387,0.2499229907989502,0.2501927614212036,0.2500191926956177
3,fu:c58de1d0,fu:07c91aa5,protein_protein_interaction,inhibition|phosphorylation,0.25023752450942993,0.25019723176956177,0.25047317147254944,0.2501752972602844,0.2501043677330017
3,fu:952968f0,fu:44d632b3,protein_protein_interaction,dephosphorylation,0.24979618191719055,0.24997936189174652,0.2488943189382553,0.24992528557777405,0.25038573145866394
3,fu:7fdcbeec,fu:d9ef3265,protein_protein_interaction,inhibition|phosphorylation,0.1666099727153778,0.16667650640010834,0.1664423644542694,0.16662481427192688,0.16669625043869019
3,fu:7fdcbeec,fu:57055c4e,protein_protein_interaction,inhibition|phosphorylation,0.19971975684165955,0.19990776479244232,0.1988479048013687,0.199938103556633,0.20018525421619415
3,fu:952968f0,fu:07c91aa5,protein_protein_interaction,dephosphorylation,0.24993585050106049,0.24999575316905975,0.24936871230602264,0.24990785121917725,0.2504710555076599
3,fu:a74f111b,fu:de327064,protein_protein_interaction,inhibition,0.06663238257169724,0.06656848639249802,0.06646568328142166,0.06668118387460709,0.06681418418884277
3,fu:7f8d78d3,fu:de327064,protein_protein_interaction,inhibition,0.06667119264602661,0.06650496274232864,0.0664249062538147,0.06667350232601166,0.06708139181137085
3,fu:4362baed,fu:de327064,protein_protein_interaction,inhibition,0.06666624546051025,0.06666002422571182,0.06675399094820023,0.06673496961593628,0.06651600450277328
3,fu:eb0913c8,fu:7322350d,protein_protein_interaction,inhibition|dephosphorylation,0.1428099274635315,0.14274166524410248,0.1429901421070099,0.14277847111225128,0.1427294909954071
3,fu:426ff04d,fu:7322350d,protein_protein_interaction,inhibition|dephosphorylation,0.14291538298130035,0.14259937405586243,0.14326421916484833,0.14281925559043884,0.14297868311405182
3,fu:282f2b98,fu:c58de1d0,protein_protein_interaction,inhibition|dephosphorylation,0.0910741537809372,0.09072493016719818,0.0915512666106224,0.09085169434547424,0.09116874635219574
3,fu:282f2b98,fu:295bf12c,protein_protein_interaction,inhibition|dephosphorylation,0.11111889779567719,0.11092228442430496,0.1113525927066803,0.1110883578658104,0.11111234873533249
3,fu:0eea7c8b,fu:c58de1d0,protein_protein_interaction,inhibition|dephosphorylation,0.09101752936840057,0.09080531448125839,0.09139840304851532,0.09082943946123123,0.09103696793317795
3,fu:0eea7c8b,fu:295bf12c,protein_protein_interaction,inhibition|dephosphorylation,0.11105003952980042,0.11102057248353958,0.11116667091846466,0.11106116324663162,0.1109517440199852
3,fu:67e73720,fu:8a4c69b0,protein_protein_interaction,inhibition|dephosphorylation,0.12512856721878052,0.124993234872818,0.12560345232486725,0.12499082088470459,0.12492673099040985
3,fu:67e73720,fu:ebeb97f3,protein_protein_interaction,inhibition|dephosphorylation,0.12513044476509094,0.12499735504388809,0.12561866641044617,0.12498471140861511,0.12492108345031738
3,fu:67e73720,fu:7224dcdb,protein_protein_interaction,inhibition|dephosphorylation,0.1251758337020874,0.12492392212152481,0.1257680505514145,0.12494286894798279,0.12506848573684692
3,fu:67e73720,fu:57055c4e,protein_protein_interaction,inhibition|dephosphorylation,0.20016156136989594,0.19995589554309845,0.2008039653301239,0.20001323521137238,0.19987313449382782
3,fu:944102db,fu:d9ef3265,protein_protein_interaction,inhibition|dephosphorylation,0.16666948795318604,0.16659143567085266,0.16653314232826233,0.16652147471904755,0.16703185439109802
3,fu:8f4928df,fu:ae916742,protein_protein_interaction,inhibition|dephosphorylation,0.19993819296360016,0.2000720351934433,0.2001921385526657,0.19987203180789948,0.19961656630039215
3,fu:caaa3f23,fu:c58de1d0,protein_protein_interaction,inhibition,0.09079045057296753,0.09080099314451218,0.09055831283330917,0.0908222571015358,0.09098023176193237
3,fu:b00d576a,fu:c58de1d0,protein_protein_interaction,inhibition,0.09091959148645401,0.09062280505895615,0.09060366451740265,0.09078145772218704,0.091670460999012
3,fu:19936281,fu:d0883595,gene_expression_regulation,expression,0.3334784209728241,0.333213746547699,0.3336760401725769,0.3333792984485626,0.33364465832710266
3,fu:1984f1f8,fu:57402cbc,protein_protein_interaction,indirect effect,0.20058591663837433,0.19988247752189636,0.20181505382061005,0.20005978643894196,0.20058637857437134
3,fu:cd063ff0,fu:6a14651d,protein_protein_interaction,indirect effect,0.14295724034309387,0.14546085894107819,0.14239397644996643,0.14279504120349884,0.14117908477783203
3,fu:42758e63,fu:6a14651d,protein_protein_interaction,indirect effect,0.14271970093250275,0.14267346262931824,0.14239250123500824,0.14291590452194214,0.14289696514606476
3,fu:5010a05c,fu:94ced6e1,protein_protein_interaction,compound,0.2503722012042999,0.2500351369380951,0.2517554461956024,0.25014469027519226,0.2495536059141159
3,fu:5010a05c,fu:3306f113,protein_protein_interaction,compound,0.16691577434539795,0.16672244668006897,0.16756907105445862,0.16668979823589325,0.16668179631233215
3,fu:639267b9,fu:5d795275,protein_protein_interaction,activation,0.20005613565444946,0.20015116035938263,0.2004433274269104,0.2001207172870636,0.199509397149086
3,fu:639267b9,fu:96f39533,protein_protein_interaction,activation,0.11112236231565475,0.11113084852695465,0.11127876490354538,0.1111447811126709,0.11093506217002869
3,fu:cd063ff0,fu:42758e63,protein_protein_interaction,phosphorylation,0.1250828504562378,0.1270739585161209,0.12487524747848511,0.12497158348560333,0.12341061979532242
3,fu:57402cbc,fu:ae916742,protein_protein_interaction,activation,0.20003512501716614,0.2001122087240219,0.19998593628406525,0.2001887559890747,0.1998535841703415
3,fu:04aa3206,fu:ae916742,protein_protein_interaction,activation,0.20009326934814453,0.19996395707130432,0.20042745769023895,0.2000964879989624,0.19988520443439484
3,fu:994f289b,fu:47df25a3,protein_protein_interaction,,0.33236122131347656,0.3331265151500702,0.33069658279418945,0.33331507444381714,0.33230674266815186
3,fu:47df25a3,fu:c888309f,protein_protein_interaction,activation,0.33386486768722534,0.3338949680328369,0.33519142866134644,0.3335929214954376,0.332780122756958
3,fu:47df25a3,fu:639267b9,protein_protein_interaction,activation|indirect effect,0.3339160084724426,0.3337151110172272,0.3347063362598419,0.3336998522281647,0.3335426449775696
3,fu:c561a985,fu:c1f44866,protein_protein_interaction,activation,0.33273667097091675,0.33312591910362244,0.3311580717563629,0.3332986533641815,0.3333640694618225
3,fu:c1f44866,fu:76a1c54d,protein_protein_interaction,activation,0.2500509023666382,0.24990059435367584,0.25037866830825806,0.24996884167194366,0.24995557963848114
3,fu:c888309f,fu:57402cbc,protein_protein_interaction,activation,0.19986465573310852,0.200058251619339,0.19943824410438538,0.20001192390918732,0.1999502182006836
3,fu:76a1c54d,fu:23393f96,protein_protein_interaction,activation|indirect effect,0.19996213912963867,0.19981583952903748,0.19981649518013,0.19993163645267487,0.20028460025787354
3,fu:23393f96,fu:57402cbc,protein_protein_interaction,binding/association,0.19977572560310364,0.200306236743927,0.1991782784461975,0.20008675754070282,0.19953162968158722
3,fu:85082bcd,fu:a5ece49b,protein_protein_interaction,activation,0.03579600900411606,0.035868700593709946,0.03602152317762375,0.035700805485248566,0.03559301793575287
3,fu:de327064,fu:640a8809,protein_protein_interaction,activation,0.33316051959991455,0.33388715982437134,0.332688570022583,0.33331426978111267,0.3327520787715912
3,fu:640a8809,fu:6d8ebe0b,protein_protein_interaction,activation|phosphorylation,0.12500357627868652,0.12495030462741852,0.1251000016927719,0.1250108927488327,0.12495306134223938
3,fu:640a8809,fu:edebe3a1,protein_protein_interaction,activation|phosphorylation,0.12499202787876129,0.12494094669818878,0.12505687773227692,0.1250077188014984,0.12496257573366165
3,fu:d2a67a69,fu:8a4c69b0,protein_protein_interaction,activation|phosphorylation,0.1248612329363823,0.1250675767660141,0.12462855875492096,0.12494437396526337,0.12480441480875015
3,fu:d2a67a69,fu:ebeb97f3,protein_protein_interaction,activation|phosphorylation,0.12486309558153152,0.1250716894865036,0.12464363873004913,0.12493827193975449,0.12479876726865768
3,fu:de878e1b,fu:8a4c69b0,protein_protein_interaction,activation|phosphorylation,0.12484818696975708,0.12497971206903458,0.12441720068454742,0.12490524351596832,0.1250906139612198
3,fu:de878e1b,fu:ebeb97f3,protein_protein_interaction,activation|phosphorylation,0.1248449981212616,0.12498383224010468,0.12441205978393555,0.12489914149045944,0.12508495151996613
3,fu:de327064,fu:96f39533,protein_protein_interaction,,0.11103539168834686,0.11110755056142807,0.11095619946718216,0.1111169382929802,0.11096085608005524
3,RASGRF1,RASGRF1,self_loop,self_loop,1.0,1.0,1.0,1.0,1.0
3,RASGRF2,RASGRF2,self_loop,self_loop,1.0,1.0,1.0,1.0,1.0
3,fu:f41186cd,fu:f41186cd,self_loop,self_loop,1.0,1.0,1.0,1.0,1.0
3,DUSP10,DUSP10,self_loop,self_loop,1.0,1.0,1.0,1.0,1.0
3,DUSP1,DUSP1,self_loop,self_loop,1.0,1.0,1.0,1.0,1.0
3,DUSP2,DUSP2,self_loop,self_loop,0.5002484917640686,0.49971240758895874,0.5011117458343506,0.4996095597743988,0.5005601644515991
3,DUSP4,DUSP4,self_loop,self_loop,1.0,1.0,1.0,1.0,1.0
3,DUSP5,DUSP5,self_loop,self_loop,1.0,1.0,1.0,1.0,1.0
3,DUSP6,DUSP6,self_loop,self_loop,1.0,1.0,1.0,1.0,1.0
3,DUSP7,DUSP7,self_loop,self_loop,1.0,1.0,1.0,1.0,1.0
3,DUSP8,DUSP8,self_loop,self_loop,1.0,1.0,1.0,1.0,1.0
3,DUSP9,DUSP9,self_loop,self_loop,1.0,1.0,1.0,1.0,1.0
3,DUSP16,DUSP16,self_loop,self_loop,1.0,1.0,1.0,1.0,1.0
3,fu:a2173750,fu:a2173750,self_loop,self_loop,1.0,1.0,1.0,1.0,1.0
3,DUSP3,DUSP3,self_loop,self_loop,1.0,1.0,1.0,1.0,1.0
3,PTPN7,PTPN7,self_loop,self_loop,1.0,1.0,1.0,1.0,1.0
3,PTPRR,PTPRR,self_loop,self_loop,1.0,1.0,1.0,1.0,1.0
3,PTPN5,PTPN5,self_loop,self_loop,1.0,1.0,1.0,1.0,1.0
3,fu:43bfbfa8,fu:43bfbfa8,self_loop,self_loop,1.0,1.0,1.0,1.0,1.0
3,PPM1B,PPM1B,self_loop,self_loop,1.0,1.0,1.0,1.0,1.0
3,fu:8e0bb827,fu:8e0bb827,self_loop,self_loop,1.0,1.0,1.0,1.0,1.0
3,FASLG,FASLG,self_loop,self_loop,1.0,1.0,1.0,1.0,1.0
3,fu:a5886722,fu:a5886722,self_loop,self_loop,1.0,1.0,1.0,1.0,1.0
3,MAP4K4,MAP4K4,self_loop,self_loop,1.0,1.0,1.0,1.0,1.0
3,fu:5fb7d112,fu:5fb7d112,self_loop,self_loop,1.0,1.0,1.0,1.0,1.0
3,PLA2G4B,PLA2G4B,self_loop,self_loop,1.0,1.0,1.0,1.0,1.0
3,PLA2G4E,PLA2G4E,self_loop,self_loop,1.0,1.0,1.0,1.0,1.0
3,PLA2G4F,PLA2G4F,self_loop,self_loop,1.0,1.0,1.0,1.0,1.0
3,PLA2G4D,PLA2G4D,self_loop,self_loop,1.0,1.0,1.0,1.0,1.0
3,PLA2G4A,PLA2G4A,self_loop,self_loop,1.0,1.0,1.0,1.0,1.0
3,PLA2G4C,PLA2G4C,self_loop,self_loop,1.0,1.0,1.0,1.0,1.0
3,JMJD7-PLA2G4B,JMJD7-PLA2G4B,self_loop,self_loop,1.0,1.0,1.0,1.0,1.0
3,fu:e15fa369,fu:e15fa369,self_loop,self_loop,1.0,1.0,1.0,1.0,1.0
3,STMN1,STMN1,self_loop,self_loop,0.4997174143791199,0.5000917315483093,0.49995601177215576,0.49883803725242615,0.49998393654823303
3,fu:9be68ace,fu:9be68ace,self_loop,self_loop,1.0,1.0,1.0,1.0,1.0
3,MAPT,MAPT,self_loop,self_loop,1.0,1.0,1.0,1.0,1.0
3,fu:786f3e7e,fu:786f3e7e,self_loop,self_loop,1.0,1.0,1.0,1.0,1.0
3,NFKB1,NFKB1,self_loop,self_loop,0.4997180700302124,0.49917009472846985,0.5000205636024475,0.499271959066391,0.5004096627235413
3,NFKB2,NFKB2,self_loop,self_loop,1.0,1.0,1.0,1.0,1.0
3,RELA,RELA,self_loop,self_loop,1.0,1.0,1.0,1.0,1.0
3,RELB,RELB,self_loop,self_loop,1.0,1.0,1.0,1.0,1.0
3,fu:3561da41,fu:3561da41,self_loop,self_loop,1.0,1.0,1.0,1.0,1.0
3,CHUK,CHUK,self_loop,self_loop,1.0,1.0,1.0,1.0,1.0
3,IKBKB,IKBKB,self_loop,self_loop,1.0,1.0,1.0,1.0,1.0
3,IKBKG,IKBKG,self_loop,self_loop,1.0,1.0,1.0,1.0,1.0
3,fu:46a700ec,fu:46a700ec,self_loop,self_loop,1.0,1.0,1.0,1.0,1.0
3,MAP3K14,MAP3K14,self_loop,self_loop,1.0,1.0,1.0,1.0,1.0
3,fu:bfbfa62d,fu:bfbfa62d,self_loop,self_loop,1.0,1.0,1.0,1.0,1.0
3,MAPK1,MAPK1,self_loop,self_loop,1.0,1.0,1.0,1.0,1.0
3,MAPK3,MAPK3,self_loop,self_loop,1.0,1.0,1.0,1.0,1.0
3,fu:1505178d,fu:1505178d,self_loop,self_loop,1.0,1.0,1.0,1.0,1.0
3,LAMTOR3,LAMTOR3,self_loop,self_loop,1.0,1.0,1.0,1.0,1.0
3,fu:e5590abb,fu:e5590abb,self_loop,self_loop,1.0,1.0,1.0,1.0,1.0
3,MAP2K2,MAP2K2,self_loop,self_loop,1.0,1.0,1.0,1.0,1.0
3,fu:18c331db,fu:18c331db,self_loop,self_loop,1.0,1.0,1.0,1.0,1.0
3,MAP2K1,MAP2K1,self_loop,self_loop,1.0,1.0,1.0,1.0,1.0
3,fu:b5bd3161,fu:b5bd3161,self_loop,self_loop,1.0,1.0,1.0,1.0,1.0
3,RAF1,RAF1,self_loop,self_loop,1.0,1.0,1.0,1.0,1.0
3,fu:f4192c6f,fu:f4192c6f,self_loop,self_loop,1.0,1.0,1.0,1.0,1.0
3,BRAF,BRAF,self_loop,self_loop,1.0,1.0,1.0,1.0,1.0
3,fu:3075482b,fu:3075482b,self_loop,self_loop,1.0,1.0,1.0,1.0,1.0
3,RASA1,RASA1,self_loop,self_loop,0.33325350284576416,0.33326107263565063,0.33343014121055603,0.3328871726989746,0.33343571424484253
3,fu:8d87d9a5,fu:8d87d9a5,self_loop,self_loop,1.0,1.0,1.0,1.0,1.0
3,NF1,NF1,self_loop,self_loop,1.0,1.0,1.0,1.0,1.0
3,fu:f8a62ed6,fu:f8a62ed6,self_loop,self_loop,1.0,1.0,1.0,1.0,1.0
3,PRKCA,PRKCA,self_loop,self_loop,1.0,1.0,1.0,1.0,1.0
3,PRKCB,PRKCB,self_loop,self_loop,1.0,1.0,1.0,1.0,1.0
3,PRKCG,PRKCG,self_loop,self_loop,1.0,1.0,1.0,1.0,1.0
3,fu:8abc8b5d,fu:8abc8b5d,self_loop,self_loop,1.0,1.0,1.0,1.0,1.0
3,RAP1A,RAP1A,self_loop,self_loop,1.0,1.0,1.0,1.0,1.0
3,RAP1B,RAP1B,self_loop,self_loop,1.0,1.0,1.0,1.0,1.0
3,fu:48639269,fu:48639269,self_loop,self_loop,1.0,1.0,1.0,1.0,1.0
3,PRKACA,PRKACA,self_loop,self_loop,1.0,1.0,1.0,1.0,1.0
3,PRKACB,PRKACB,self_loop,self_loop,1.0,1.0,1.0,1.0,1.0
3,PRKACG,PRKACG,self_loop,self_loop,1.0,1.0,1.0,1.0,1.0
3,fu:ab04f1ef,fu:ab04f1ef,self_loop,self_loop,1.0,1.0,1.0,1.0,1.0
3,RAPGEF2,RAPGEF2,self_loop,self_loop,1.0,1.0,1.0,1.0,1.0
3,fu:fd9db1c2,fu:fd9db1c2,self_loop,self_loop,1.0,1.0,1.0,1.0,1.0
3,RASA2,RASA2,self_loop,self_loop,1.0,1.0,1.0,1.0,1.0
3,fu:3a2c7d68,fu:3a2c7d68,self_loop,self_loop,1.0,1.0,1.0,1.0,1.0
3,RRAS2,RRAS2,self_loop,self_loop,1.0,1.0,1.0,1.0,1.0
3,MRAS,MRAS,self_loop,self_loop,0.49991875886917114,0.49934089183807373,0.5004013776779175,0.4994722008705139,0.5004606246948242
3,HRAS,HRAS,self_loop,self_loop,1.0,1.0,1.0,1.0,1.0
3,KRAS,KRAS,self_loop,self_loop,1.0,1.0,1.0,1.0,1.0
3,NRAS,NRAS,self_loop,self_loop,0.4999409019947052,0.4996553659439087,0.5004904866218567,0.49970895051956177,0.49990880489349365
3,RRAS,RRAS,self_loop,self_loop,0.5001038908958435,0.49951210618019104,0.5011017322540283,0.4998047649860382,0.4999971091747284
3,fu:9f338bd9,fu:9f338bd9,self_loop,self_loop,1.0,1.0,1.0,1.0,1.0
3,RASGRP1,RASGRP1,self_loop,self_loop,1.0,1.0,1.0,1.0,1.0
3,RASGRP2,RASGRP2,self_loop,self_loop,1.0,1.0,1.0,1.0,1.0
3,RASGRP4,RASGRP4,self_loop,self_loop,1.0,1.0,1.0,1.0,1.0
3,RASGRP3,RASGRP3,self_loop,self_loop,1.0,1.0,1.0,1.0,1.0
3,fu:efe09158,fu:efe09158,self_loop,self_loop,1.0,1.0,1.0,1.0,1.0
3,SOS1,SOS1,self_loop,self_loop,1.0,1.0,1.0,1.0,1.0
3,SOS2,SOS2,self_loop,self_loop,1.0,1.0,1.0,1.0,1.0
3,fu:04fa405b,fu:04fa405b,self_loop,self_loop,1.0,1.0,1.0,1.0,1.0
3,GNA12,GNA12,self_loop,self_loop,0.499917596578598,0.4991647005081177,0.500319242477417,0.49920645356178284,0.500980019569397
3,GNG12,GNG12,self_loop,self_loop,1.0,1.0,1.0,1.0,1.0
3,fu:a285ab6b,fu:a285ab6b,self_loop,self_loop,1.0,1.0,1.0,1.0,1.0
3,GRB2,GRB2,self_loop,self_loop,1.0,1.0,1.0,1.0,1.0
3,fu:0c1f15f6,fu:0c1f15f6,self_loop,self_loop,1.0,1.0,1.0,1.0,1.0
3,CSF1R,CSF1R,self_loop,self_loop,1.0,1.0,1.0,1.0,1.0
3,EGFR,EGFR,self_loop,self_loop,0.3332292437553406,0.33318525552749634,0.3333258628845215,0.33287936449050903,0.33352649211883545
3,EPHA2,EPHA2,self_loop,self_loop,1.0,1.0,1.0,1.0,1.0
3,ERBB2,ERBB2,self_loop,self_loop,1.0,1.0,1.0,1.0,1.0
3,ERBB3,ERBB3,self_loop,self_loop,1.0,1.0,1.0,1.0,1.0
3,ERBB4,ERBB4,self_loop,self_loop,0.49965643882751465,0.4990153908729553,0.5000594854354858,0.49924972653388977,0.5003010630607605
3,FGFR1,FGFR1,self_loop,self_loop,0.4997982978820801,0.49928370118141174,0.5002498030662537,0.49926289916038513,0.500396728515625
3,FGFR3,FGFR3,self_loop,self_loop,1.0,1.0,1.0,1.0,1.0
3,FGFR2,FGFR2,self_loop,self_loop,1.0,1.0,1.0,1.0,1.0
3,FGFR4,FGFR4,self_loop,self_loop,1.0,1.0,1.0,1.0,1.0
3,FLT1,FLT1,self_loop,self_loop,1.0,1.0,1.0,1.0,1.0
3,FLT3,FLT3,self_loop,self_loop,1.0,1.0,1.0,1.0,1.0
3,FLT4,FLT4,self_loop,self_loop,1.0,1.0,1.0,1.0,1.0
3,IGF1R,IGF1R,self_loop,self_loop,1.0,1.0,1.0,1.0,1.0
3,INSR,INSR,self_loop,self_loop,1.0,1.0,1.0,1.0,1.0
3,KDR,KDR,self_loop,self_loop,1.0,1.0,1.0,1.0,1.0
3,KIT,KIT,self_loop,self_loop,0.33322152495384216,0.33317500352859497,0.3333367705345154,0.3328551650047302,0.33351919054985046
3,MET,MET,self_loop,self_loop,0.33324918150901794,0.33322644233703613,0.33329033851623535,0.3329536020755768,0.3335264027118683
3,NGFR,NGFR,self_loop,self_loop,1.0,1.0,1.0,1.0,1.0
3,NTRK1,NTRK1,self_loop,self_loop,1.0,1.0,1.0,1.0,1.0
3,NTRK2,NTRK2,self_loop,self_loop,0.49972471594810486,0.49921876192092896,0.5000160932540894,0.4991232752799988,0.5005407333374023
3,PDGFRA,PDGFRA,self_loop,self_loop,0.49964720010757446,0.49914366006851196,0.49992015957832336,0.4991763234138489,0.5003485083580017
3,PDGFRB,PDGFRB,self_loop,self_loop,1.0,1.0,1.0,1.0,1.0
3,RET,RET,self_loop,self_loop,1.0,1.0,1.0,1.0,1.0
3,TEK,TEK,self_loop,self_loop,1.0,1.0,1.0,1.0,1.0
3,fu:07f10241,fu:07f10241,self_loop,self_loop,1.0,1.0,1.0,1.0,1.0
3,CACNG3,CACNG3,self_loop,self_loop,1.0,1.0,1.0,1.0,1.0
3,CACNG2,CACNG2,self_loop,self_loop,1.0,1.0,1.0,1.0,1.0
3,CACNG5,CACNG5,self_loop,self_loop,0.4998791515827179,0.49931225180625916,0.5007871985435486,0.4993704855442047,0.5000467300415039
3,CACNG4,CACNG4,self_loop,self_loop,1.0,1.0,1.0,1.0,1.0
3,CACNA2D3,CACNA2D3,self_loop,self_loop,1.0,1.0,1.0,1.0,1.0
3,CACNG8,CACNG8,self_loop,self_loop,0.500042200088501,0.4991876780986786,0.5011228919029236,0.4996519386768341,0.5002062320709229
3,CACNG7,CACNG7,self_loop,self_loop,1.0,1.0,1.0,1.0,1.0
3,CACNG6,CACNG6,self_loop,self_loop,1.0,1.0,1.0,1.0,1.0
3,CACNA1A,CACNA1A,self_loop,self_loop,1.0,1.0,1.0,1.0,1.0
3,CACNA1B,CACNA1B,self_loop,self_loop,1.0,1.0,1.0,1.0,1.0
3,CACNA1C,CACNA1C,self_loop,self_loop,1.0,1.0,1.0,1.0,1.0
3,CACNA1D,CACNA1D,self_loop,self_loop,1.0,1.0,1.0,1.0,1.0
3,CACNA1E,CACNA1E,self_loop,self_loop,1.0,1.0,1.0,1.0,1.0
3,CACNA1F,CACNA1F,self_loop,self_loop,1.0,1.0,1.0,1.0,1.0
3,CACNA1S,CACNA1S,self_loop,self_loop,1.0,1.0,1.0,1.0,1.0
3,CACNA2D1,CACNA2D1,self_loop,self_loop,1.0,1.0,1.0,1.0,1.0
3,CACNB1,CACNB1,self_loop,self_loop,1.0,1.0,1.0,1.0,1.0
3,CACNB2,CACNB2,self_loop,self_loop,1.0,1.0,1.0,1.0,1.0
3,CACNB3,CACNB3,self_loop,self_loop,1.0,1.0,1.0,1.0,1.0
3,CACNB4,CACNB4,self_loop,self_loop,1.0,1.0,1.0,1.0,1.0
3,CACNG1,CACNG1,self_loop,self_loop,1.0,1.0,1.0,1.0,1.0
3,CACNA1I,CACNA1I,self_loop,self_loop,1.0,1.0,1.0,1.0,1.0
3,CACNA1H,CACNA1H,self_loop,self_loop,1.0,1.0,1.0,1.0,1.0
3,CACNA1G,CACNA1G,self_loop,self_loop,1.0,1.0,1.0,1.0,1.0
3,CACNA2D2,CACNA2D2,self_loop,self_loop,1.0,1.0,1.0,1.0,1.0
3,CACNA2D4,CACNA2D4,self_loop,self_loop,1.0,1.0,1.0,1.0,1.0
3,fu:79aa0828,fu:79aa0828,self_loop,self_loop,1.0,1.0,1.0,1.0,1.0
3,NR4A1,NR4A1,self_loop,self_loop,1.0,1.0,1.0,1.0,1.0
3,fu:308b9824,fu:308b9824,self_loop,self_loop,1.0,1.0,1.0,1.0,1.0
3,MAPK7,MAPK7,self_loop,self_loop,1.0,1.0,1.0,1.0,1.0
3,fu:85c083df,fu:85c083df,self_loop,self_loop,1.0,1.0,1.0,1.0,1.0
3,MAP2K5,MAP2K5,self_loop,self_loop,1.0,1.0,1.0,1.0,1.0
3,fu:c8187255,fu:c8187255,self_loop,self_loop,1.0,1.0,1.0,1.0,1.0
3,NLK,NLK,self_loop,self_loop,1.0,1.0,1.0,1.0,1.0
3,fu:c7c0fdef,fu:c7c0fdef,self_loop,self_loop,1.0,1.0,1.0,1.0,1.0
3,CDC25B,CDC25B,self_loop,self_loop,1.0,1.0,1.0,1.0,1.0
3,fu:49a4f196,fu:49a4f196,self_loop,self_loop,1.0,1.0,1.0,1.0,1.0
3,RPS6KA4,RPS6KA4,self_loop,self_loop,1.0,1.0,1.0,1.0,1.0
3,RPS6KA5,RPS6KA5,self_loop,self_loop,0.4998286962509155,0.49954381585121155,0.4999625086784363,0.4991762936115265,0.5006322264671326
3,fu:a431ee1e,fu:a431ee1e,self_loop,self_loop,1.0,1.0,1.0,1.0,1.0
3,MAPKAPK3,MAPKAPK3,self_loop,self_loop,1.0,1.0,1.0,1.0,1.0
3,MAPKAPK2,MAPKAPK2,self_loop,self_loop,1.0,1.0,1.0,1.0,1.0
3,fu:0f7ef1db,fu:0f7ef1db,self_loop,self_loop,1.0,1.0,1.0,1.0,1.0
3,ATF4,ATF4,self_loop,self_loop,1.0,1.0,1.0,1.0,1.0
3,fu:d281a616,fu:d281a616,self_loop,self_loop,1.0,1.0,1.0,1.0,1.0
3,MEF2C,MEF2C,self_loop,self_loop,0.4998365342617035,0.4993341267108917,0.5003604888916016,0.49941712617874146,0.5002344846725464
3,fu:cb21460e,fu:cb21460e,self_loop,self_loop,1.0,1.0,1.0,1.0,1.0
3,MAX,MAX,self_loop,self_loop,1.0,1.0,1.0,1.0,1.0
3,fu:999a6b2c,fu:999a6b2c,self_loop,self_loop,1.0,1.0,1.0,1.0,1.0
3,DDIT3,DDIT3,self_loop,self_loop,1.0,1.0,1.0,1.0,1.0
3,fu:f310c3f0,fu:f310c3f0,self_loop,self_loop,1.0,1.0,1.0,1.0,1.0
3,ELK4,ELK4,self_loop,self_loop,1.0,1.0,1.0,1.0,1.0
3,fu:0a8f8d1a,fu:0a8f8d1a,self_loop,self_loop,1.0,1.0,1.0,1.0,1.0
3,TP53,TP53,self_loop,self_loop,1.0,1.0,1.0,1.0,1.0
3,fu:c27b40af,fu:c27b40af,self_loop,self_loop,1.0,1.0,1.0,1.0,1.0
3,ELK1,ELK1,self_loop,self_loop,1.0,1.0,1.0,1.0,1.0
3,fu:92afe5fa,fu:92afe5fa,self_loop,self_loop,1.0,1.0,1.0,1.0,1.0
3,ATF2,ATF2,self_loop,self_loop,0.499792218208313,0.4994533956050873,0.5001258254051208,0.49903684854507446,0.5005528330802917
3,fu:a9f7e612,fu:a9f7e612,self_loop,self_loop,1.0,1.0,1.0,1.0,1.0
3,MAPK14,MAPK14,self_loop,self_loop,0.5001004934310913,0.4993918240070343,0.5007027983665466,0.4996000826358795,0.5007071495056152
3,MAPK11,MAPK11,self_loop,self_loop,1.0,1.0,1.0,1.0,1.0
3,MAPK13,MAPK13,self_loop,self_loop,1.0,1.0,1.0,1.0,1.0
3,MAPK12,MAPK12,self_loop,self_loop,1.0,1.0,1.0,1.0,1.0
3,fu:fb0ffc0a,fu:fb0ffc0a,self_loop,self_loop,1.0,1.0,1.0,1.0,1.0
3,PPP5C,PPP5C,self_loop,self_loop,1.0,1.0,1.0,1.0,1.0
3,fu:76d31392,fu:76d31392,self_loop,self_loop,1.0,1.0,1.0,1.0,1.0
3,MAP2K6,MAP2K6,self_loop,self_loop,1.0,1.0,1.0,1.0,1.0
3,fu:5ecfb612,fu:5ecfb612,self_loop,self_loop,1.0,1.0,1.0,1.0,1.0
3,MAP2K3,MAP2K3,self_loop,self_loop,1.0,1.0,1.0,1.0,1.0
3,fu:28267487,fu:28267487,self_loop,self_loop,1.0,1.0,1.0,1.0,1.0
3,fu:ea10077a,fu:ea10077a,self_loop,self_loop,1.0,1.0,1.0,1.0,1.0
3,fu:6f96b9bd,fu:6f96b9bd,self_loop,self_loop,1.0,1.0,1.0,1.0,1.0
3,PPM1A,PPM1A,self_loop,self_loop,1.0,1.0,1.0,1.0,1.0
3,fu:fa029a2a,fu:fa029a2a,self_loop,self_loop,1.0,1.0,1.0,1.0,1.0
3,AKT3,AKT3,self_loop,self_loop,0.333201140165329,0.333234041929245,0.3333103358745575,0.33271223306655884,0.3335479497909546
3,AKT1,AKT1,self_loop,self_loop,0.4997101128101349,0.4992646276950836,0.4999728202819824,0.49909862875938416,0.5005043745040894
3,AKT2,AKT2,self_loop,self_loop,1.0,1.0,1.0,1.0,1.0
3,fu:ca43e3d5,fu:ca43e3d5,self_loop,self_loop,1.0,1.0,1.0,1.0,1.0
3,TAOK3,TAOK3,self_loop,self_loop,1.0,1.0,1.0,1.0,1.0
3,TAOK1,TAOK1,self_loop,self_loop,0.33324605226516724,0.3332708477973938,0.33330604434013367,0.3328809440135956,0.3335264325141907
3,TAOK2,TAOK2,self_loop,self_loop,1.0,1.0,1.0,1.0,1.0
3,fu:3c4db4db,fu:3c4db4db,self_loop,self_loop,1.0,1.0,1.0,1.0,1.0
3,MAP3K4,MAP3K4,self_loop,self_loop,1.0,1.0,1.0,1.0,1.0
3,fu:b2ee27e6,fu:b2ee27e6,self_loop,self_loop,1.0,1.0,1.0,1.0,1.0
3,HSPB1,HSPB1,self_loop,self_loop,1.0,1.0,1.0,1.0,1.0
3,fu:f6f47285,fu:f6f47285,self_loop,self_loop,1.0,1.0,1.0,1.0,1.0
3,MAP3K7,MAP3K7,self_loop,self_loop,1.0,1.0,1.0,1.0,1.0
3,fu:0f5f26c8,fu:0f5f26c8,self_loop,self_loop,1.0,1.0,1.0,1.0,1.0
3,MAP3K5,MAP3K5,self_loop,self_loop,1.0,1.0,1.0,1.0,1.0
3,fu:1ef67363,fu:1ef67363,self_loop,self_loop,1.0,1.0,1.0,1.0,1.0
3,MAP3K6,MAP3K6,self_loop,self_loop,1.0,1.0,1.0,1.0,1.0
3,fu:84b68835,fu:84b68835,self_loop,self_loop,1.0,1.0,1.0,1.0,1.0
3,MAP3K20,MAP3K20,self_loop,self_loop,1.0,1.0,1.0,1.0,1.0
3,fu:c4028529,fu:c4028529,self_loop,self_loop,1.0,1.0,1.0,1.0,1.0
3,MAP3K12,MAP3K12,self_loop,self_loop,1.0,1.0,1.0,1.0,1.0
3,MAP3K13,MAP3K13,self_loop,self_loop,1.0,1.0,1.0,1.0,1.0
3,fu:2222601a,fu:2222601a,self_loop,self_loop,1.0,1.0,1.0,1.0,1.0
3,MAP3K9,MAP3K9,self_loop,self_loop,1.0,1.0,1.0,1.0,1.0
3,MAP3K10,MAP3K10,self_loop,self_loop,1.0,1.0,1.0,1.0,1.0
3,MAP3K21,MAP3K21,self_loop,self_loop,1.0,1.0,1.0,1.0,1.0
3,fu:16642170,fu:16642170,self_loop,self_loop,1.0,1.0,1.0,1.0,1.0
3,MAP4K2,MAP4K2,self_loop,self_loop,0.49976658821105957,0.49951300024986267,0.5000184178352356,0.49906450510025024,0.5004704594612122
3,fu:612b51ca,fu:612b51ca,self_loop,self_loop,1.0,1.0,1.0,1.0,1.0
3,STK3,STK3,self_loop,self_loop,1.0,1.0,1.0,1.0,1.0
3,STK4,STK4,self_loop,self_loop,0.49975740909576416,0.4993259608745575,0.4999071955680847,0.4990437626838684,0.5007527470588684
3,fu:e3597df2,fu:e3597df2,self_loop,self_loop,1.0,1.0,1.0,1.0,1.0
3,ECSIT,ECSIT,self_loop,self_loop,1.0,1.0,1.0,1.0,1.0
3,fu:c13294ac,fu:c13294ac,self_loop,self_loop,1.0,1.0,1.0,1.0,1.0
3,TAB2,TAB2,self_loop,self_loop,1.0,1.0,1.0,1.0,1.0
3,fu:145477f8,fu:145477f8,self_loop,self_loop,1.0,1.0,1.0,1.0,1.0
3,TAB1,TAB1,self_loop,self_loop,1.0,1.0,1.0,1.0,1.0
3,fu:5554761f,fu:5554761f,self_loop,self_loop,1.0,1.0,1.0,1.0,1.0
3,GADD45G,GADD45G,self_loop,self_loop,1.0,1.0,1.0,1.0,1.0
3,GADD45A,GADD45A,self_loop,self_loop,1.0,1.0,1.0,1.0,1.0
3,GADD45B,GADD45B,self_loop,self_loop,1.0,1.0,1.0,1.0,1.0
3,fu:a1789d75,fu:a1789d75,self_loop,self_loop,1.0,1.0,1.0,1.0,1.0
3,TRAF6,TRAF6,self_loop,self_loop,0.49974292516708374,0.49975770711898804,0.49997571110725403,0.49892380833625793,0.5003144145011902
3,fu:54d8094c,fu:54d8094c,self_loop,self_loop,1.0,1.0,1.0,1.0,1.0
3,DAXX,DAXX,self_loop,self_loop,1.0,1.0,1.0,1.0,1.0
3,fu:dd653377,fu:dd653377,self_loop,self_loop,1.0,1.0,1.0,1.0,1.0
3,TRAF2,TRAF2,self_loop,self_loop,1.0,1.0,1.0,1.0,1.0
3,fu:a2ba9b69,fu:a2ba9b69,self_loop,self_loop,1.0,1.0,1.0,1.0,1.0
3,CASP3,CASP3,self_loop,self_loop,1.0,1.0,1.0,1.0,1.0
3,fu:9a2562d4,fu:9a2562d4,self_loop,self_loop,1.0,1.0,1.0,1.0,1.0
3,CD14,CD14,self_loop,self_loop,1.0,1.0,1.0,1.0,1.0
3,fu:8a3fce4b,fu:8a3fce4b,self_loop,self_loop,1.0,1.0,1.0,1.0,1.0
3,TGFBR1,TGFBR1,self_loop,self_loop,0.49980077147483826,0.49936938285827637,0.5000807642936707,0.49911782145500183,0.5006351470947266
3,TGFBR2,TGFBR2,self_loop,self_loop,0.49964797496795654,0.4991440176963806,0.4998452365398407,0.4990887939929962,0.5005139112472534
3,fu:2bfeebbe,fu:2bfeebbe,self_loop,self_loop,1.0,1.0,1.0,1.0,1.0
3,FAS,FAS,self_loop,self_loop,1.0,1.0,1.0,1.0,1.0
3,fu:e8bd9966,fu:e8bd9966,self_loop,self_loop,1.0,1.0,1.0,1.0,1.0
3,IL1R1,IL1R1,self_loop,self_loop,1.0,1.0,1.0,1.0,1.0
3,IL1RAP,IL1RAP,self_loop,self_loop,1.0,1.0,1.0,1.0,1.0
3,fu:63a8ec8d,fu:63a8ec8d,self_loop,self_loop,1.0,1.0,1.0,1.0,1.0
3,TNFRSF1A,TNFRSF1A,self_loop,self_loop,1.0,1.0,1.0,1.0,1.0
3,fu:d00113b7,fu:d00113b7,self_loop,self_loop,1.0,1.0,1.0,1.0,1.0
3,TGFB1,TGFB1,self_loop,self_loop,1.0,1.0,1.0,1.0,1.0
3,TGFB2,TGFB2,self_loop,self_loop,1.0,1.0,1.0,1.0,1.0
3,TGFB3,TGFB3,self_loop,self_loop,1.0,1.0,1.0,1.0,1.0
3,fu:3ac47a61,fu:3ac47a61,self_loop,self_loop,1.0,1.0,1.0,1.0,1.0
3,IL1A,IL1A,self_loop,self_loop,1.0,1.0,1.0,1.0,1.0
3,IL1B,IL1B,self_loop,self_loop,1.0,1.0,1.0,1.0,1.0
3,fu:f8314df1,fu:f8314df1,self_loop,self_loop,1.0,1.0,1.0,1.0,1.0
3,TNF,TNF,self_loop,self_loop,0.5001003742218018,0.49940744042396545,0.5010247826576233,0.4998330771923065,0.500136137008667
3,fu:e3a343fc,fu:e3a343fc,self_loop,self_loop,1.0,1.0,1.0,1.0,1.0
3,MAPKAPK5,MAPKAPK5,self_loop,self_loop,1.0,1.0,1.0,1.0,1.0
3,fu:d431c616,fu:d431c616,self_loop,self_loop,1.0,1.0,1.0,1.0,1.0
3,RAC1,RAC1,self_loop,self_loop,1.0,1.0,1.0,1.0,1.0
3,RAC2,RAC2,self_loop,self_loop,1.0,1.0,1.0,1.0,1.0
3,RAC3,RAC3,self_loop,self_loop,1.0,1.0,1.0,1.0,1.0
3,CDC42,CDC42,self_loop,self_loop,0.4998083710670471,0.49963080883026123,0.5001652836799622,0.4992823600769043,0.5001550316810608
3,fu:f0b822d7,fu:f0b822d7,self_loop,self_loop,1.0,1.0,1.0,1.0,1.0
3,PAK1,PAK1,self_loop,self_loop,0.49968212842941284,0.499298095703125,0.49998024106025696,0.4987435042858124,0.5007066130638123
3,PAK2,PAK2,self_loop,self_loop,1.0,1.0,1.0,1.0,1.0
3,fu:4f6b96c7,fu:4f6b96c7,self_loop,self_loop,1.0,1.0,1.0,1.0,1.0
3,MAP3K2,MAP3K2,self_loop,self_loop,0.33323657512664795,0.3332374691963196,0.33331742882728577,0.33287158608436584,0.3335197865962982
3,MAP3K3,MAP3K3,self_loop,self_loop,1.0,1.0,1.0,1.0,1.0
3,fu:4e98767f,fu:4e98767f,self_loop,self_loop,1.0,1.0,1.0,1.0,1.0
3,MAPK8IP2,MAPK8IP2,self_loop,self_loop,1.0,1.0,1.0,1.0,1.0
3,MAPK8IP1,MAPK8IP1,self_loop,self_loop,1.0,1.0,1.0,1.0,1.0
3,fu:8138feb5,fu:8138feb5,self_loop,self_loop,1.0,1.0,1.0,1.0,1.0
3,MAP3K11,MAP3K11,self_loop,self_loop,1.0,1.0,1.0,1.0,1.0
3,fu:f749e35b,fu:f749e35b,self_loop,self_loop,1.0,1.0,1.0,1.0,1.0
3,MAP2K7,MAP2K7,self_loop,self_loop,1.0,1.0,1.0,1.0,1.0
3,fu:3f85832e,fu:3f85832e,self_loop,self_loop,1.0,1.0,1.0,1.0,1.0
3,MAPK8,MAPK8,self_loop,self_loop,0.4999476671218872,0.4993436932563782,0.5004987716674805,0.49941325187683105,0.5005349516868591
3,MAPK9,MAPK9,self_loop,self_loop,0.33326733112335205,0.3332517147064209,0.33334052562713623,0.332935631275177,0.3335414230823517
3,MAPK10,MAPK10,self_loop,self_loop,0.4997222423553467,0.4990553557872772,0.500262975692749,0.49911561608314514,0.5004550814628601
3,fu:90621fac,fu:90621fac,self_loop,self_loop,1.0,1.0,1.0,1.0,1.0
3,MAP2K4,MAP2K4,self_loop,self_loop,1.0,1.0,1.0,1.0,1.0
3,fu:888ebb03,fu:888ebb03,self_loop,self_loop,1.0,1.0,1.0,1.0,1.0
3,CRK,CRK,self_loop,self_loop,1.0,1.0,1.0,1.0,1.0
3,CRKL,CRKL,self_loop,self_loop,1.0,1.0,1.0,1.0,1.0
3,fu:c43c3b20,fu:c43c3b20,self_loop,self_loop,1.0,1.0,1.0,1.0,1.0
3,ARRB1,ARRB1,self_loop,self_loop,1.0,1.0,1.0,1.0,1.0
3,ARRB2,ARRB2,self_loop,self_loop,1.0,1.0,1.0,1.0,1.0
3,fu:a786adef,fu:a786adef,self_loop,self_loop,1.0,1.0,1.0,1.0,1.0
3,MECOM,MECOM,self_loop,self_loop,1.0,1.0,1.0,1.0,1.0
3,fu:a024ec8e,fu:a024ec8e,self_loop,self_loop,1.0,1.0,1.0,1.0,1.0
3,HSPA1A,HSPA1A,self_loop,self_loop,1.0,1.0,1.0,1.0,1.0
3,HSPA1B,HSPA1B,self_loop,self_loop,1.0,1.0,1.0,1.0,1.0
3,HSPA1L,HSPA1L,self_loop,self_loop,1.0,1.0,1.0,1.0,1.0
3,HSPA6,HSPA6,self_loop,self_loop,1.0,1.0,1.0,1.0,1.0
3,HSPA8,HSPA8,self_loop,self_loop,1.0,1.0,1.0,1.0,1.0
3,fu:17761ac8,fu:17761ac8,self_loop,self_loop,1.0,1.0,1.0,1.0,1.0
3,JUND,JUND,self_loop,self_loop,1.0,1.0,1.0,1.0,1.0
3,fu:55616dfc,fu:55616dfc,self_loop,self_loop,1.0,1.0,1.0,1.0,1.0
3,FOS,FOS,self_loop,self_loop,1.0,1.0,1.0,1.0,1.0
3,JUN,JUN,self_loop,self_loop,1.0,1.0,1.0,1.0,1.0
3,fu:3a14d05c,fu:3a14d05c,self_loop,self_loop,1.0,1.0,1.0,1.0,1.0
3,NFATC3,NFATC3,self_loop,self_loop,1.0,1.0,1.0,1.0,1.0
3,fu:ae6c1734,fu:ae6c1734,self_loop,self_loop,1.0,1.0,1.0,1.0,1.0
3,NFATC1,NFATC1,self_loop,self_loop,1.0,1.0,1.0,1.0,1.0
3,fu:35f89305,fu:35f89305,self_loop,self_loop,1.0,1.0,1.0,1.0,1.0
3,PPP3CA,PPP3CA,self_loop,self_loop,1.0,1.0,1.0,1.0,1.0
3,PPP3CB,PPP3CB,self_loop,self_loop,1.0,1.0,1.0,1.0,1.0
3,PPP3CC,PPP3CC,self_loop,self_loop,1.0,1.0,1.0,1.0,1.0
3,PPP3R1,PPP3R1,self_loop,self_loop,0.49983882904052734,0.49991920590400696,0.49998244643211365,0.49942973256111145,0.5000239610671997
3,PPP3R2,PPP3R2,self_loop,self_loop,1.0,1.0,1.0,1.0,1.0
3,fu:2aa504e4,fu:2aa504e4,self_loop,self_loop,1.0,1.0,1.0,1.0,1.0
3,MAPK8IP3,MAPK8IP3,self_loop,self_loop,1.0,1.0,1.0,1.0,1.0
3,fu:c59b3006,fu:c59b3006,self_loop,self_loop,1.0,1.0,1.0,1.0,1.0
3,FLNA,FLNA,self_loop,self_loop,1.0,1.0,1.0,1.0,1.0
3,fu:8e279df3,fu:8e279df3,self_loop,self_loop,1.0,1.0,1.0,1.0,1.0
3,MAP3K1,MAP3K1,self_loop,self_loop,1.0,1.0,1.0,1.0,1.0
3,fu:eab480d8,fu:eab480d8,self_loop,self_loop,1.0,1.0,1.0,1.0,1.0
3,MAP3K8,MAP3K8,self_loop,self_loop,1.0,1.0,1.0,1.0,1.0
3,fu:452212fb,fu:452212fb,self_loop,self_loop,1.0,1.0,1.0,1.0,1.0
3,MAP4K1,MAP4K1,self_loop,self_loop,1.0,1.0,1.0,1.0,1.0
3,fu:d81aa238,fu:d81aa238,self_loop,self_loop,1.0,1.0,1.0,1.0,1.0
3,MAP4K3,MAP4K3,self_loop,self_loop,1.0,1.0,1.0,1.0,1.0
3,fu:ec81982e,fu:ec81982e,self_loop,self_loop,1.0,1.0,1.0,1.0,1.0
3,fu:3aaa93ec,fu:3aaa93ec,self_loop,self_loop,1.0,1.0,1.0,1.0,1.0
3,SRF,SRF,self_loop,self_loop,1.0,1.0,1.0,1.0,1.0
3,fu:3149eb92,fu:3149eb92,self_loop,self_loop,1.0,1.0,1.0,1.0,1.0
3,MYC,MYC,self_loop,self_loop,1.0,1.0,1.0,1.0,1.0
3,fu:e46b600b,fu:e46b600b,self_loop,self_loop,1.0,1.0,1.0,1.0,1.0
3,fu:d31aacfd,fu:d31aacfd,self_loop,self_loop,1.0,1.0,1.0,1.0,1.0
3,fu:250507e8,fu:250507e8,self_loop,self_loop,1.0,1.0,1.0,1.0,1.0
3,fu:1443a2f5,fu:1443a2f5,self_loop,self_loop,1.0,1.0,1.0,1.0,1.0
3,RPS6KA6,RPS6KA6,self_loop,self_loop,1.0,1.0,1.0,1.0,1.0
3,RPS6KA1,RPS6KA1,self_loop,self_loop,1.0,1.0,1.0,1.0,1.0
3,RPS6KA2,RPS6KA2,self_loop,self_loop,1.0,1.0,1.0,1.0,1.0
3,RPS6KA3,RPS6KA3,self_loop,self_loop,1.0,1.0,1.0,1.0,1.0
3,fu:63e41e6d,fu:63e41e6d,self_loop,self_loop,1.0,1.0,1.0,1.0,1.0
3,MKNK2,MKNK2,self_loop,self_loop,1.0,1.0,1.0,1.0,1.0
3,MKNK1,MKNK1,self_loop,self_loop,1.0,1.0,1.0,1.0,1.0
3,fu:6afc3023,fu:6afc3023,self_loop,self_loop,1.0,1.0,1.0,1.0,1.0
3,EFNA4-EFNA3,EFNA4-EFNA3,self_loop,self_loop,1.0,1.0,1.0,1.0,1.0
3,CSF1,CSF1,self_loop,self_loop,1.0,1.0,1.0,1.0,1.0
3,EFNA1,EFNA1,self_loop,self_loop,1.0,1.0,1.0,1.0,1.0
3,EFNA2,EFNA2,self_loop,self_loop,1.0,1.0,1.0,1.0,1.0
3,EFNA3,EFNA3,self_loop,self_loop,1.0,1.0,1.0,1.0,1.0
3,EFNA4,EFNA4,self_loop,self_loop,1.0,1.0,1.0,1.0,1.0
3,EFNA5,EFNA5,self_loop,self_loop,1.0,1.0,1.0,1.0,1.0
3,EGF,EGF,self_loop,self_loop,1.0,1.0,1.0,1.0,1.0
3,EREG,EREG,self_loop,self_loop,1.0,1.0,1.0,1.0,1.0
3,FGF1,FGF1,self_loop,self_loop,1.0,1.0,1.0,1.0,1.0
3,FGF2,FGF2,self_loop,self_loop,0.24996218085289001,0.24999213218688965,0.2500694990158081,0.24984082579612732,0.2499462366104126
3,FGF3,FGF3,self_loop,self_loop,1.0,1.0,1.0,1.0,1.0
3,FGF4,FGF4,self_loop,self_loop,1.0,1.0,1.0,1.0,1.0
3,FGF5,FGF5,self_loop,self_loop,1.0,1.0,1.0,1.0,1.0
3,FGF6,FGF6,self_loop,self_loop,1.0,1.0,1.0,1.0,1.0
3,FGF7,FGF7,self_loop,self_loop,1.0,1.0,1.0,1.0,1.0
3,FGF8,FGF8,self_loop,self_loop,1.0,1.0,1.0,1.0,1.0
3,FGF9,FGF9,self_loop,self_loop,1.0,1.0,1.0,1.0,1.0
3,FGF10,FGF10,self_loop,self_loop,1.0,1.0,1.0,1.0,1.0
3,VEGFD,VEGFD,self_loop,self_loop,1.0,1.0,1.0,1.0,1.0
3,FLT3LG,FLT3LG,self_loop,self_loop,1.0,1.0,1.0,1.0,1.0
3,FGF20,FGF20,self_loop,self_loop,1.0,1.0,1.0,1.0,1.0
3,FGF21,FGF21,self_loop,self_loop,1.0,1.0,1.0,1.0,1.0
3,GDNF,GDNF,self_loop,self_loop,1.0,1.0,1.0,1.0,1.0
3,FGF22,FGF22,self_loop,self_loop,1.0,1.0,1.0,1.0,1.0
3,ANGPT1,ANGPT1,self_loop,self_loop,1.0,1.0,1.0,1.0,1.0
3,ANGPT2,ANGPT2,self_loop,self_loop,1.0,1.0,1.0,1.0,1.0
3,HGF,HGF,self_loop,self_loop,0.4996710419654846,0.49924033880233765,0.4998348355293274,0.4991810917854309,0.5004279017448425
3,IGF1,IGF1,self_loop,self_loop,1.0,1.0,1.0,1.0,1.0
3,IGF2,IGF2,self_loop,self_loop,1.0,1.0,1.0,1.0,1.0
3,INS,INS,self_loop,self_loop,1.0,1.0,1.0,1.0,1.0
3,AREG,AREG,self_loop,self_loop,1.0,1.0,1.0,1.0,1.0
3,KITLG,KITLG,self_loop,self_loop,1.0,1.0,1.0,1.0,1.0
3,NGF,NGF,self_loop,self_loop,1.0,1.0,1.0,1.0,1.0
3,NRTN,NRTN,self_loop,self_loop,1.0,1.0,1.0,1.0,1.0
3,NTF3,NTF3,self_loop,self_loop,1.0,1.0,1.0,1.0,1.0
3,NTF4,NTF4,self_loop,self_loop,1.0,1.0,1.0,1.0,1.0
3,ANGPT4,ANGPT4,self_loop,self_loop,1.0,1.0,1.0,1.0,1.0
3,PDGFA,PDGFA,self_loop,self_loop,1.0,1.0,1.0,1.0,1.0
3,PDGFB,PDGFB,self_loop,self_loop,1.0,1.0,1.0,1.0,1.0
3,PGF,PGF,self_loop,self_loop,1.0,1.0,1.0,1.0,1.0
3,PDGFC,PDGFC,self_loop,self_loop,1.0,1.0,1.0,1.0,1.0
3,PSPN,PSPN,self_loop,self_loop,1.0,1.0,1.0,1.0,1.0
3,BDNF,BDNF,self_loop,self_loop,0.4999886155128479,0.49958422780036926,0.5006151795387268,0.4994385540485382,0.5003164410591125
3,TGFA,TGFA,self_loop,self_loop,1.0,1.0,1.0,1.0,1.0
3,VEGFA,VEGFA,self_loop,self_loop,0.3333660662174225,0.3332904279232025,0.33367669582366943,0.3330124616622925,0.3334846794605255
3,VEGFB,VEGFB,self_loop,self_loop,1.0,1.0,1.0,1.0,1.0
3,VEGFC,VEGFC,self_loop,self_loop,1.0,1.0,1.0,1.0,1.0
3,PDGFD,PDGFD,self_loop,self_loop,1.0,1.0,1.0,1.0,1.0
3,FGF23,FGF23,self_loop,self_loop,1.0,1.0,1.0,1.0,1.0
3,FGF18,FGF18,self_loop,self_loop,1.0,1.0,1.0,1.0,1.0
3,FGF17,FGF17,self_loop,self_loop,1.0,1.0,1.0,1.0,1.0
3,FGF16,FGF16,self_loop,self_loop,1.0,1.0,1.0,1.0,1.0
3,ARTN,ARTN,self_loop,self_loop,1.0,1.0,1.0,1.0,1.0
3,FGF19,FGF19,self_loop,self_loop,1.0,1.0,1.0,1.0,1.0
3,fu:ca456d48,fu:ca456d48,self_loop,self_loop,1.0,1.0,1.0,1.0,1.0
3,TRADD,TRADD,self_loop,self_loop,1.0,1.0,1.0,1.0,1.0
3,fu:560b76a1,fu:560b76a1,self_loop,self_loop,1.0,1.0,1.0,1.0,1.0
3,MYD88,MYD88,self_loop,self_loop,1.0,1.0,1.0,1.0,1.0
3,fu:1c95c9e0,fu:1c95c9e0,self_loop,self_loop,1.0,1.0,1.0,1.0,1.0
3,IRAK1,IRAK1,self_loop,self_loop,1.0,1.0,1.0,1.0,1.0
3,IRAK4,IRAK4,self_loop,self_loop,0.49981650710105896,0.49940893054008484,0.5000053644180298,0.4991673529148102,0.500684380531311
3,fu:4aa63fd2,fu:4aa63fd2,self_loop,self_loop,1.0,1.0,1.0,1.0,1.0
3,ARAF,ARAF,self_loop,self_loop,1.0,1.0,1.0,1.0,1.0
3,fu:2da85051,fu:2da85051,self_loop,self_loop,1.0,1.0,1.0,1.0,1.0
3,fu:baab4be4,fu:baab4be4,self_loop,self_loop,1.0,1.0,1.0,1.0,1.0
3,fu:81217b6d,fu:81217b6d,self_loop,self_loop,1.0,1.0,1.0,1.0,1.0
3,fu:0bbae522,fu:0bbae522,self_loop,self_loop,1.0,1.0,1.0,1.0,1.0
3,MIMAT0000430,MIMAT0000430,self_loop,self_loop,1.0,1.0,1.0,1.0,1.0
3,MIMAT0002809,MIMAT0002809,self_loop,self_loop,1.0,1.0,1.0,1.0,1.0
3,MIMAT0000461,MIMAT0000461,self_loop,self_loop,1.0,1.0,1.0,1.0,1.0
3,MIMAT0000232,MIMAT0000232,self_loop,self_loop,1.0,1.0,1.0,1.0,1.0
3,MIMAT0004563,MIMAT0004563,self_loop,self_loop,1.0,1.0,1.0,1.0,1.0
3,MIMAT0000263,MIMAT0000263,self_loop,self_loop,1.0,1.0,1.0,1.0,1.0
3,MIMAT0000265,MIMAT0000265,self_loop,self_loop,1.0,1.0,1.0,1.0,1.0
3,MIMAT0001413,MIMAT0001413,self_loop,self_loop,1.0,1.0,1.0,1.0,1.0
3,MIMAT0000076,MIMAT0000076,self_loop,self_loop,1.0,1.0,1.0,1.0,1.0
3,MIMAT0000271,MIMAT0000271,self_loop,self_loop,1.0,1.0,1.0,1.0,1.0
3,MIMAT0000278,MIMAT0000278,self_loop,self_loop,1.0,1.0,1.0,1.0,1.0
3,MIMAT0000279,MIMAT0000279,self_loop,self_loop,1.0,1.0,1.0,1.0,1.0
3,MIMAT0004501,MIMAT0004501,self_loop,self_loop,1.0,1.0,1.0,1.0,1.0
3,MIMAT0000089,MIMAT0000089,self_loop,self_loop,1.0,1.0,1.0,1.0,1.0
3,MIMAT0000255,MIMAT0000255,self_loop,self_loop,1.0,1.0,1.0,1.0,1.0
3,MIMAT0003322,MIMAT0003322,self_loop,self_loop,1.0,1.0,1.0,1.0,1.0
3,MIMAT0000252,MIMAT0000252,self_loop,self_loop,1.0,1.0,1.0,1.0,1.0
3,MIMAT0000441,MIMAT0000441,self_loop,self_loop,1.0,1.0,1.0,1.0,1.0
3,fu:94ced6e1,fu:94ced6e1,self_loop,self_loop,0.24987928569316864,0.2500741183757782,0.24962912499904633,0.25006622076034546,0.24974767863750458
3,fu:426ff04d,fu:426ff04d,self_loop,self_loop,0.0908917784690857,0.09077636897563934,0.09095983952283859,0.09090592712163925,0.09092498570680618
3,fu:eb0913c8,fu:eb0913c8,self_loop,self_loop,0.19994962215423584,0.19988903403282166,0.1999402791261673,0.2000177949666977,0.1999513804912567
3,fu:8f4928df,fu:8f4928df,self_loop,self_loop,0.5000239014625549,0.5005643367767334,0.4995857775211334,0.5002268552780151,0.49971872568130493
3,fu:e31b7340,fu:e31b7340,self_loop,self_loop,0.4997822940349579,0.5004674792289734,0.4986555576324463,0.5001834034919739,0.4998227655887604
3,fu:2800db3e,fu:2800db3e,self_loop,self_loop,0.4999236464500427,0.5000789165496826,0.5000529885292053,0.5002394914627075,0.49932318925857544
3,fu:ad28b956,fu:ad28b956,self_loop,self_loop,0.11105087399482727,0.11099033057689667,0.11105822026729584,0.11108245700597763,0.11107246577739716
3,fu:d344b8ad,fu:d344b8ad,self_loop,self_loop,0.33304327726364136,0.33351919054985046,0.33264291286468506,0.3332173228263855,0.332793653011322
3,fu:3ee88785,fu:3ee88785,self_loop,self_loop,0.3331349194049835,0.3335077464580536,0.3327702283859253,0.3335314989089966,0.33273014426231384
3,fu:6a14651d,fu:6a14651d,self_loop,self_loop,0.14275220036506653,0.14239053428173065,0.14284630119800568,0.14288008213043213,0.14289189875125885
3,fu:42758e63,fu:42758e63,self_loop,self_loop,0.1249195858836174,0.12481476366519928,0.12487394362688065,0.12507735192775726,0.12491229921579361
3,fu:cd063ff0,fu:cd063ff0,self_loop,self_loop,0.2496158331632614,0.2485048621892929,0.24982018768787384,0.25017720460891724,0.24996107816696167
3,fu:7322350d,fu:7322350d,self_loop,self_loop,0.14279043674468994,0.1427900493144989,0.14274412393569946,0.1429133117198944,0.142714262008667
3,fu:cd963cb8,fu:cd963cb8,self_loop,self_loop,0.333127498626709,0.333468496799469,0.332775354385376,0.333413690328598,0.33285242319107056
3,fu:edebe3a1,fu:edebe3a1,self_loop,self_loop,0.12495427578687668,0.1250493824481964,0.12487054616212845,0.12509429454803467,0.12480287998914719
3,fu:6d8ebe0b,fu:6d8ebe0b,self_loop,self_loop,0.1249547228217125,0.12504790723323822,0.12487174570560455,0.12509606778621674,0.12480316311120987
3,fu:3e4de2c7,fu:3e4de2c7,self_loop,self_loop,0.2499520480632782,0.250083327293396,0.25005459785461426,0.2501520812511444,0.24951812624931335
3,fu:b344d97f,fu:b344d97f,self_loop,self_loop,0.2499256581068039,0.25014692544937134,0.24982698261737823,0.2501775920391083,0.24955113232135773
3,fu:4362baed,fu:4362baed,self_loop,self_loop,0.4998925030231476,0.49911820888519287,0.5005978345870972,0.49964413046836853,0.5002098083496094
3,fu:7f8d78d3,fu:7f8d78d3,self_loop,self_loop,0.49989092350006104,0.5002686381340027,0.5000573992729187,0.5001897215843201,0.4990479648113251
3,fu:91b0acc6,fu:91b0acc6,self_loop,self_loop,0.24993129074573517,0.250046968460083,0.2497750222682953,0.2500341534614563,0.24986906349658966
3,fu:8a875718,fu:8a875718,self_loop,self_loop,0.2498917430639267,0.250077486038208,0.2497563362121582,0.2501046657562256,0.24962849915027618
3,fu:67180032,fu:67180032,self_loop,self_loop,0.2499525547027588,0.2500436305999756,0.24990114569664001,0.2500380277633667,0.24982735514640808
3,fu:292747d5,fu:292747d5,self_loop,self_loop,0.500054121017456,0.5003028512001038,0.5000872611999512,0.5002106428146362,0.4996158182621002
3,fu:a74f111b,fu:a74f111b,self_loop,self_loop,0.33325865864753723,0.333038330078125,0.3334157168865204,0.33350127935409546,0.3330792486667633
3,fu:de327064,fu:de327064,self_loop,self_loop,0.0666394978761673,0.06661543250083923,0.06669141352176666,0.06668257713317871,0.06656856089830399
3,fu:3306f113,fu:3306f113,self_loop,self_loop,0.1666320562362671,0.16668196022510529,0.16657203435897827,0.16668637096881866,0.1665879189968109
3,fu:1296c511,fu:1296c511,self_loop,self_loop,0.33330515027046204,0.33341437578201294,0.3333550989627838,0.33342114090919495,0.33302998542785645
3,fu:618f9b57,fu:618f9b57,self_loop,self_loop,0.33339157700538635,0.3331184983253479,0.33329102396965027,0.33329710364341736,0.33385971188545227
3,fu:25ce285e,fu:25ce285e,self_loop,self_loop,0.3332505226135254,0.3335528075695038,0.3332240879535675,0.333545982837677,0.3326793313026428
3,fu:a5ece49b,fu:a5ece49b,self_loop,self_loop,0.03569408133625984,0.035630449652671814,0.03571617975831032,0.03570246323943138,0.03572723641991615
3,fu:5010a05c,fu:5010a05c,self_loop,self_loop,0.037028394639492035,0.03699134662747383,0.037049584090709686,0.03703354299068451,0.03703910484910011
3,fu:cf682b35,fu:cf682b35,self_loop,self_loop,0.33318594098091125,0.33345597982406616,0.3329734802246094,0.3335176110267639,0.33279669284820557
3,fu:28d0b5d1,fu:28d0b5d1,self_loop,self_loop,0.33316951990127563,0.33352407813072205,0.33281803131103516,0.333518922328949,0.3328169882297516
3,fu:e95555b8,fu:e95555b8,self_loop,self_loop,0.4999062418937683,0.5005269050598145,0.49941325187683105,0.5001863837242126,0.4994983673095703
3,fu:cf3a93c5,fu:cf3a93c5,self_loop,self_loop,0.3332497775554657,0.3334968686103821,0.3330361247062683,0.3334961533546448,0.33296999335289
3,fu:d7926132,fu:d7926132,self_loop,self_loop,0.3331664204597473,0.3334961235523224,0.3328859806060791,0.33349695801734924,0.3327866196632385
3,fu:5ae2c9f2,fu:5ae2c9f2,self_loop,self_loop,0.2498580664396286,0.249853253364563,0.24965612590312958,0.2499886304140091,0.24993424117565155
3,fu:665381ed,fu:665381ed,self_loop,self_loop,0.2498854100704193,0.25007888674736023,0.24968113005161285,0.25009000301361084,0.24969160556793213
3,fu:3d349895,fu:3d349895,self_loop,self_loop,0.2498447149991989,0.2501268982887268,0.2496027797460556,0.2501439154148102,0.2495052069425583
3,fu:ab399c96,fu:ab399c96,self_loop,self_loop,0.3331522047519684,0.33322009444236755,0.3330613970756531,0.3333509862422943,0.332976371049881
3,fu:11606ae6,fu:11606ae6,self_loop,self_loop,0.33316177129745483,0.33334118127822876,0.3328908085823059,0.33351191878318787,0.3329031765460968
3,fu:531a5e06,fu:531a5e06,self_loop,self_loop,0.3331203758716583,0.33316200971603394,0.33285629749298096,0.33352112770080566,0.33294203877449036
3,fu:fa58328a,fu:fa58328a,self_loop,self_loop,0.3331604301929474,0.33351296186447144,0.33285853266716003,0.3335025906562805,0.33276769518852234
3,fu:19f5b351,fu:19f5b351,self_loop,self_loop,0.24987250566482544,0.2501286566257477,0.2496403008699417,0.2501404285430908,0.24958063662052155
3,fu:ee039625,fu:ee039625,self_loop,self_loop,0.24987168610095978,0.25012901425361633,0.24962718784809113,0.25013887882232666,0.2495916485786438
3,fu:256c4bca,fu:256c4bca,self_loop,self_loop,0.33320000767707825,0.33331093192100525,0.3330203890800476,0.33332595229148865,0.3331427276134491
3,fu:295bf12c,fu:295bf12c,self_loop,self_loop,0.11107327044010162,0.11102977395057678,0.11107966303825378,0.11114209145307541,0.11104154586791992
3,fu:944102db,fu:944102db,self_loop,self_loop,0.49992287158966064,0.5002206563949585,0.4999949634075165,0.5002632737159729,0.49921247363090515
3,fu:ebeb97f3,fu:ebeb97f3,self_loop,self_loop,0.12494920194149017,0.12506912648677826,0.12482690066099167,0.12509608268737793,0.12480471283197403
3,fu:8a4c69b0,fu:8a4c69b0,self_loop,self_loop,0.12494836747646332,0.12506918609142303,0.12482370436191559,0.12509603798389435,0.12480457127094269
3,fu:282f2b98,fu:282f2b98,self_loop,self_loop,0.11109049618244171,0.11093530058860779,0.11118616163730621,0.11110678315162659,0.11113373935222626
3,fu:0eea7c8b,fu:0eea7c8b,self_loop,self_loop,0.19994962215423584,0.19988903403282166,0.1999402791261673,0.2000177949666977,0.1999513804912567
3,fu:67e73720,fu:67e73720,self_loop,self_loop,0.49992090463638306,0.500727653503418,0.4992426037788391,0.5001887679100037,0.4995245337486267
3,fu:7fdcbeec,fu:7fdcbeec,self_loop,self_loop,0.24976778030395508,0.2492474764585495,0.24988360702991486,0.2496538609266281,0.25028613209724426
3,fu:de878e1b,fu:de878e1b,self_loop,self_loop,0.24985703825950623,0.2496396154165268,0.2498982548713684,0.2497965693473816,0.2500936686992645
3,fu:d2a67a69,fu:d2a67a69,self_loop,self_loop,0.3331151306629181,0.3326547145843506,0.33291205763816833,0.333553671836853,0.3333400785923004
3,fu:52a04670,fu:52a04670,self_loop,self_loop,0.24984179437160492,0.2501896023750305,0.24954426288604736,0.2501750886440277,0.24945826828479767
3,fu:ae916742,fu:ae916742,self_loop,self_loop,0.1999131143093109,0.20011387765407562,0.1996823251247406,0.20012319087982178,0.19973307847976685
3,fu:d9ef3265,fu:d9ef3265,self_loop,self_loop,0.16660380363464355,0.16674743592739105,0.1665516495704651,0.1667633056640625,0.16635283827781677
3,fu:4b9b7996,fu:4b9b7996,self_loop,self_loop,0.4999268054962158,0.5006400346755981,0.4994082450866699,0.5001295804977417,0.49952930212020874
3,fu:36a80391,fu:36a80391,self_loop,self_loop,0.5,0.5,0.5,0.5,0.5
3,fu:ddbbf138,fu:ddbbf138,self_loop,self_loop,0.33331209421157837,0.33341556787490845,0.333295613527298,0.3334119915962219,0.33312517404556274
3,fu:fb8bcd03,fu:fb8bcd03,self_loop,self_loop,0.2498420774936676,0.2496970295906067,0.2499866932630539,0.24973605573177338,0.24994848668575287
3,fu:18665bcd,fu:18665bcd,self_loop,self_loop,0.3331887722015381,0.3333234488964081,0.33296287059783936,0.3333149254322052,0.3331538736820221
3,fu:3e5ba6c9,fu:3e5ba6c9,self_loop,self_loop,0.24986551702022552,0.24982988834381104,0.24961839616298676,0.24998365342617035,0.2500301003456116
3,fu:c78f0cde,fu:c78f0cde,self_loop,self_loop,0.49981689453125,0.5005784034729004,0.4990575313568115,0.5001868605613708,0.49944472312927246
3,fu:04aa3206,fu:04aa3206,self_loop,self_loop,0.49991458654403687,0.5003808736801147,0.49950265884399414,0.5001410245895386,0.4996337890625
3,fu:57402cbc,fu:57402cbc,self_loop,self_loop,0.199814572930336,0.20007522404193878,0.1994773894548416,0.20009848475456238,0.19960717856884003
3,fu:e2184ef8,fu:e2184ef8,self_loop,self_loop,0.24998950958251953,0.24997520446777344,0.24990719556808472,0.25003930926322937,0.2500363886356354
3,fu:23393f96,fu:23393f96,self_loop,self_loop,0.1998346894979477,0.19998259842395782,0.19954457879066467,0.20004940032958984,0.19976215064525604
3,fu:83ff1a97,fu:83ff1a97,self_loop,self_loop,0.24983327090740204,0.2501069903373718,0.24946294724941254,0.2501218318939209,0.2496412992477417
3,fu:c888309f,fu:c888309f,self_loop,self_loop,0.3330898582935333,0.33331015706062317,0.33268049359321594,0.3334703743457794,0.3328983783721924
3,fu:639267b9,fu:639267b9,self_loop,self_loop,0.33311641216278076,0.3333609402179718,0.33266571164131165,0.333476722240448,0.3329622149467468
3,fu:1984f1f8,fu:1984f1f8,self_loop,self_loop,0.49969395995140076,0.5005414485931396,0.49878767132759094,0.5001252889633179,0.49932146072387695
3,fu:b909e99b,fu:b909e99b,self_loop,self_loop,0.24982509016990662,0.24947981536388397,0.24979384243488312,0.24993321299552917,0.2500934600830078
3,fu:249a5b6e,fu:249a5b6e,self_loop,self_loop,0.3330482542514801,0.3334677517414093,0.3321760594844818,0.33350634574890137,0.33304283022880554
3,fu:c561a985,fu:c561a985,self_loop,self_loop,0.24994082748889923,0.2500965893268585,0.24980901181697845,0.2501157820224762,0.24974195659160614
3,fu:994f289b,fu:994f289b,self_loop,self_loop,0.33314281702041626,0.3330531120300293,0.3329545557498932,0.3334130346775055,0.3331506848335266
3,fu:e57e5d99,fu:e57e5d99,self_loop,self_loop,0.24996259808540344,0.2500424087047577,0.24988482892513275,0.2500375509262085,0.24988563358783722
3,fu:637bcc89,fu:637bcc89,self_loop,self_loop,0.33330002427101135,0.33340516686439514,0.33320796489715576,0.33342427015304565,0.33316266536712646
3,fu:888932e7,fu:888932e7,self_loop,self_loop,0.5000296235084534,0.4993226230144501,0.5009753108024597,0.49983876943588257,0.49998190999031067
3,fu:762cb2e5,fu:762cb2e5,self_loop,self_loop,0.33315110206604004,0.33349165320396423,0.3328617215156555,0.3335035443305969,0.3327474892139435
3,fu:cd108692,fu:cd108692,self_loop,self_loop,0.19998659193515778,0.19989344477653503,0.2000809609889984,0.19995993375778198,0.20001204311847687
3,fu:5d795275,fu:5d795275,self_loop,self_loop,0.19987846910953522,0.1998462975025177,0.1996685415506363,0.2000122219324112,0.1999868005514145
3,fu:ed3b49b2,fu:ed3b49b2,self_loop,self_loop,0.2498442381620407,0.24970151484012604,0.24981693923473358,0.24988217651844025,0.24997633695602417
3,fu:0d25146a,fu:0d25146a,self_loop,self_loop,0.3333328664302826,0.3333950340747833,0.33324745297431946,0.33342358469963074,0.3332654535770416
3,fu:7c9a7432,fu:7c9a7432,self_loop,self_loop,0.24998557567596436,0.2501507103443146,0.2498403638601303,0.2501944601535797,0.2497568130493164
3,fu:7224dcdb,fu:7224dcdb,self_loop,self_loop,0.12494306266307831,0.12499666213989258,0.1248929426074028,0.12503322958946228,0.12484940141439438
3,fu:c58de1d0,fu:c58de1d0,self_loop,self_loop,0.09087979048490524,0.09085378795862198,0.09089537709951401,0.09092806279659271,0.09084191173315048
3,fu:57055c4e,fu:57055c4e,self_loop,self_loop,0.19989615678787231,0.19999493658542633,0.19972804188728333,0.20011070370674133,0.1997509002685547
3,fu:045e2574,fu:045e2574,self_loop,self_loop,0.1999957412481308,0.20031596720218658,0.1998114138841629,0.20009945333003998,0.19975614547729492
3,fu:9a241322,fu:9a241322,self_loop,self_loop,0.24987831711769104,0.24987757205963135,0.24982108175754547,0.25010859966278076,0.24970600008964539
3,fu:caaa3f23,fu:caaa3f23,self_loop,self_loop,0.49997180700302124,0.5001891255378723,0.5000236630439758,0.5002360939979553,0.4994383454322815
3,fu:b00d576a,fu:b00d576a,self_loop,self_loop,0.16665910184383392,0.1666833758354187,0.16666461527347565,0.16667895019054413,0.1666094809770584
3,fu:8b469fd4,fu:8b469fd4,self_loop,self_loop,0.33318307995796204,0.333480566740036,0.3329017460346222,0.33350124955177307,0.33284881711006165
3,fu:1f5670d1,fu:1f5670d1,self_loop,self_loop,0.24992980062961578,0.25006532669067383,0.2498016059398651,0.2500894367694855,0.24976283311843872
3,fu:07c91aa5,fu:07c91aa5,self_loop,self_loop,0.24996376037597656,0.2501205801963806,0.24993711709976196,0.2501252293586731,0.2496720850467682
3,fu:44d632b3,fu:44d632b3,self_loop,self_loop,0.24994957447052002,0.25010231137275696,0.24989771842956543,0.2501263916492462,0.24967190623283386
3,fu:952968f0,fu:952968f0,self_loop,self_loop,0.16656909883022308,0.16638995707035065,0.1666209101676941,0.16662105917930603,0.16664448380470276
3,fu:a02813ab,fu:a02813ab,self_loop,self_loop,0.1665971279144287,0.1667761653661728,0.16644401848316193,0.16680043935775757,0.16636791825294495
3,fu:0e58f43d,fu:0e58f43d,self_loop,self_loop,0.33320924639701843,0.333509236574173,0.33300426602363586,0.33353257179260254,0.33279097080230713
3,fu:96f39533,fu:96f39533,self_loop,self_loop,0.11106230318546295,0.11116059869527817,0.11099812388420105,0.11118502914905548,0.11090546101331711
3,fu:524928b5,fu:524928b5,self_loop,self_loop,0.49994713068008423,0.500195324420929,0.49985069036483765,0.5002321600914001,0.4995103180408478
3,fu:7d8f4352,fu:7d8f4352,self_loop,self_loop,0.3333274722099304,0.33350247144699097,0.33316218852996826,0.33355748653411865,0.3330877423286438
3,fu:8150bf29,fu:8150bf29,self_loop,self_loop,0.49996596574783325,0.500214695930481,0.5000942349433899,0.5002171993255615,0.49933764338493347
3,fu:d0883595,fu:d0883595,self_loop,self_loop,0.3330688774585724,0.3335282802581787,0.3324660360813141,0.3335545063018799,0.33272668719291687
3,fu:491d26a2,fu:491d26a2,self_loop,self_loop,0.49986037611961365,0.5002507567405701,0.49937501549720764,0.5002244710922241,0.49959126114845276
3,fu:f2492ea9,fu:f2492ea9,self_loop,self_loop,0.4999192953109741,0.5002108216285706,0.4997614622116089,0.5002354979515076,0.49946945905685425
3,fu:d34a15b8,fu:d34a15b8,self_loop,self_loop,0.2498556524515152,0.2501845061779022,0.2494930624961853,0.2501761019229889,0.24956893920898438
3,fu:d5bebf15,fu:d5bebf15,self_loop,self_loop,0.24984493851661682,0.2501779794692993,0.24944399297237396,0.2501753866672516,0.24958239495754242
3,fu:55fad545,fu:55fad545,self_loop,self_loop,0.24988146126270294,0.2501559555530548,0.24972179532051086,0.250156044960022,0.24949206411838531
3,fu:a82b8eb0,fu:a82b8eb0,self_loop,self_loop,0.16657716035842896,0.16663353145122528,0.16643832623958588,0.16670529544353485,0.166531503200531
3,fu:4198d6fe,fu:4198d6fe,self_loop,self_loop,0.24987903237342834,0.2500486969947815,0.24968484044075012,0.25009891390800476,0.249683678150177
3,fu:85082bcd,fu:85082bcd,self_loop,self_loop,0.017852896824479103,0.01783612370491028,0.017859695479273796,0.017855791375041008,0.01785997301340103
3,fu:47df25a3,fu:47df25a3,self_loop,self_loop,0.3331822156906128,0.33357977867126465,0.3326307237148285,0.33348947763442993,0.33302879333496094
3,fu:c1f44866,fu:c1f44866,self_loop,self_loop,0.33322757482528687,0.3335438668727875,0.33306175470352173,0.33355680108070374,0.3327479064464569
3,fu:76a1c54d,fu:76a1c54d,self_loop,self_loop,0.24988648295402527,0.249844491481781,0.2497618943452835,0.24999859929084778,0.24994102120399475
3,fu:640a8809,fu:640a8809,self_loop,self_loop,0.333275705575943,0.3334200978279114,0.33330509066581726,0.33350449800491333,0.3328731954097748
3,fu:e6a13e0d,fu:e6a13e0d,self_loop,self_loop,0.500075101852417,0.5000084042549133,0.4999931752681732,0.5002824068069458,0.500016450881958
3,fu:2fb576e7,fu:2fb576e7,self_loop,self_loop,0.33285680413246155,0.33279740810394287,0.33262479305267334,0.3333253264427185,0.3326796591281891
3,fu:19936281,fu:19936281,self_loop,self_loop,0.3331274092197418,0.3331969082355499,0.3325386047363281,0.33343949913978577,0.33333465456962585
